booking_id,user_id,show_id,booking_date,total_tickets,seat_numbers,total_amount,payment_status,transaction_ref
BK_1,US_543,SH_6385,2025-07-26 19:40:18,2,,810.88,completed,
BK_2,US_2440,SH_217,2024-05-31 11:52:49,1,,0.0,failed,
BK_3,US_4022,SH_431,2025-06-05 22:58:22,2,,846.3,completed,
BK_4,US_393,SH_6573,2024-05-11 03:39:48,1,,189.86,completed,
BK_5,US_8593,SH_4680,2024-09-21 04:57:45,1,,327.8,completed,
BK_7,US_9127,SH_8457,2024-09-30 23:31:54,4,,922.4,completed,
BK_8,US_5127,SH_6467,2024-03-05 10:28:18,2,,949.14,completed,
BK_9,US_5951,SH_365,2025-08-20 12:17:27,4,,0.0,failed,
BK_10,US_2851,SH_2314,2025-12-28 13:57:17,1,,486.87,completed,
BK_11,US_2505,SH_3671,2025-12-28 06:16:26,4,,0.0,refunded,
BK_12,US_7550,SH_361,2025-07-23 10:01:53,4,,0.0,failed,
BK_13,US_737,SH_69,2024-03-22 03:47:29,4,,1579.64,completed,
BK_14,US_1212,SH_934,2025-04-29 17:29:36,2,,765.96,completed,
BK_15,US_8432,SH_4698,2024-08-04 04:52:44,1,,166.74,completed,
BK_16,US_6809,SH_6881,2025-01-26 08:35:18,3,,0.0,failed,
BK_18,US_9226,SH_7940,2024-08-03 14:45:46,2,,820.08,completed,
BK_19,US_9018,SH_8416,2025-02-22 06:28:14,1,,499.89,completed,
BK_20,US_4929,SH_4449,2025-11-10 21:33:50,3,,1056.9,completed,
BK_21,US_6584,SH_2846,2025-09-02 14:28:49,4,,1471.36,completed,
BK_22,US_7920,SH_350,2024-07-18 06:24:31,3,,691.08,completed,
BK_23,US_3765,SH_3797,2024-10-15 17:30:58,2,,750.14,completed,
BK_24,US_8324,SH_1071,2024-03-19 00:29:20,3,,0.0,refunded,
BK_25,US_3831,SH_2988,2025-11-29 07:02:45,2,,601.92,completed,
BK_26,US_2881,SH_6188,2025-04-23 09:36:57,1,,458.11,completed,
BK_27,US_9456,SH_3130,2025-01-08 22:07:25,4,,0.0,refunded,
BK_28,US_5773,SH_1611,2025-10-01 06:54:55,2,,0.0,failed,
BK_29,US_1688,SH_3570,2025-05-04 21:36:35,1,,291.17,completed,
BK_30,US_138,SH_368,2025-02-23 07:19:42,3,,638.3100000000001,completed,
BK_31,US_6341,SH_2235,2024-11-02 23:01:30,3,,0.0,refunded,
BK_32,US_9990,SH_7841,2024-01-15 12:53:18,2,,588.04,completed,
BK_33,US_1923,SH_2985,2025-09-19 18:58:11,3,,639.27,completed,
BK_34,US_3871,SH_926,2024-01-13 11:15:49,4,,1563.44,completed,
BK_35,US_3611,SH_8697,2024-01-03 19:24:36,1,,376.8,completed,
BK_36,US_8242,SH_4759,2024-06-15 16:46:58,3,,603.6899999999999,completed,
BK_37,US_4057,SH_3851,2025-05-03 10:43:40,1,,310.65,completed,
BK_38,US_1861,SH_4184,2024-04-09 08:11:06,4,,655.68,completed,
BK_39,US_6755,SH_6946,2024-09-02 01:20:09,3,,564.99,completed,
BK_41,US_5592,SH_3230,2024-01-27 06:10:10,1,,388.05,completed,
BK_44,US_950,SH_7138,2024-09-17 00:37:29,3,,1168.1100000000001,completed,
BK_45,US_7217,SH_474,2024-04-19 20:16:45,2,,669.98,completed,
BK_46,US_6807,SH_3864,2024-11-04 03:35:48,3,,758.34,completed,
BK_47,US_3114,SH_5178,2024-09-05 21:37:15,4,,950.76,completed,
BK_49,US_462,SH_5098,2025-09-07 17:01:13,2,,638.08,completed,
BK_52,US_5891,SH_6551,2024-11-13 11:21:09,2,,745.0,completed,
BK_54,US_7727,SH_2907,2024-11-02 00:00:46,2,,0.0,refunded,
BK_55,US_3570,SH_6123,2024-02-01 05:02:38,2,,0.0,failed,
BK_56,US_6170,SH_9298,2024-04-04 23:07:04,4,,650.44,completed,
BK_57,US_6021,SH_8474,2025-04-07 19:40:11,2,,914.78,completed,
BK_59,US_6551,SH_1623,2025-10-22 02:54:43,3,,1436.04,completed,
BK_60,US_883,SH_7385,2025-09-21 14:56:13,2,,913.76,completed,
BK_61,US_8894,SH_6127,2025-12-09 02:26:06,3,,1074.75,completed,
BK_62,US_2663,SH_1854,2025-10-28 09:36:28,1,,498.21,completed,
BK_63,US_8180,SH_147,2025-03-19 11:26:55,1,,224.85,completed,
BK_64,US_6345,SH_7493,2025-09-06 15:57:49,3,,0.0,failed,
BK_65,US_97,SH_4445,2025-09-30 12:00:29,1,,276.05,completed,
BK_66,US_8992,SH_2843,2024-04-30 06:21:04,4,,950.32,completed,
BK_67,US_9830,SH_1257,2024-11-09 03:13:56,4,,1730.44,completed,
BK_68,US_965,SH_3797,2024-07-13 05:32:10,2,,750.14,completed,
BK_69,US_1397,SH_7808,2025-12-09 09:27:31,2,,0.0,refunded,
BK_70,US_9456,SH_8926,2024-08-10 22:58:18,4,,709.6,completed,
BK_71,US_7126,SH_6819,2025-03-05 18:48:00,3,,0.0,refunded,
BK_72,US_3394,SH_8444,2024-02-07 10:35:25,1,,327.25,completed,
BK_73,US_3368,SH_8193,2025-03-15 21:31:02,1,,415.84,completed,
BK_74,US_5784,SH_728,2024-01-13 03:45:45,3,,1189.0500000000002,completed,
BK_75,US_487,SH_9582,2024-03-02 19:42:36,1,,491.79,completed,
BK_77,US_5133,SH_4267,2024-05-05 12:19:32,3,,717.84,completed,
BK_78,US_5003,SH_5463,2024-11-12 11:54:19,1,,454.5,completed,
BK_79,US_7869,SH_1482,2025-11-22 10:49:55,3,,0.0,failed,
BK_80,US_279,SH_4706,2025-10-13 22:52:00,4,,0.0,failed,
BK_81,US_8287,SH_9533,2024-08-24 09:28:32,1,,193.09,completed,
BK_82,US_9512,SH_4165,2025-05-02 13:32:56,4,,1397.8,completed,
BK_83,US_693,SH_5090,2025-02-08 04:56:55,4,,1790.32,completed,
BK_84,US_4554,SH_1078,2024-04-17 16:37:21,1,,300.17,completed,
BK_85,US_7110,SH_6067,2025-11-18 09:09:56,1,,277.38,completed,
BK_86,US_6237,SH_4705,2025-05-13 04:01:25,3,,610.74,completed,
BK_87,US_2338,SH_10000,2025-02-06 23:34:24,3,,0.0,failed,
BK_88,US_2694,SH_3805,2024-10-02 16:48:09,1,,0.0,refunded,
BK_89,US_1452,SH_1216,2025-05-07 12:22:54,4,,1814.12,completed,
BK_90,US_2992,SH_2696,2024-09-25 23:17:39,1,,461.79,completed,
BK_91,US_8220,SH_7834,2025-02-27 04:17:02,3,,0.0,refunded,
BK_92,US_2863,SH_6205,2024-04-23 13:21:35,1,,151.48,completed,
BK_93,US_6642,SH_5139,2025-08-13 20:48:02,2,,0.0,failed,
BK_94,US_84,SH_6460,2025-02-24 22:48:29,3,,620.16,completed,
BK_95,US_6447,SH_7269,2025-03-09 12:09:29,4,,1559.12,completed,
BK_96,US_3943,SH_6049,2024-12-10 22:28:48,3,,483.41999999999996,completed,
BK_97,US_7144,SH_1068,2025-01-17 03:18:34,1,,311.26,completed,
BK_98,US_8140,SH_6696,2025-09-12 06:27:05,3,,1239.54,completed,
BK_99,US_3859,SH_1673,2024-03-21 02:16:05,4,,0.0,failed,
BK_100,US_8701,SH_3176,2025-12-20 15:05:03,1,,431.46,completed,
BK_101,US_7789,SH_1179,2024-09-15 21:10:12,1,,462.51,completed,
BK_103,US_2121,SH_3878,2024-11-01 07:14:55,4,,986.4,completed,
BK_104,US_4851,SH_7437,2024-04-10 04:55:15,4,,774.68,completed,
BK_106,US_6278,SH_9411,2024-01-15 14:01:50,3,,517.59,completed,
BK_107,US_2937,SH_9702,2025-06-17 10:05:09,1,,472.52,completed,
BK_108,US_3313,SH_7645,2024-03-07 13:07:24,4,,1905.72,completed,
BK_109,US_3553,SH_9924,2025-04-01 18:28:30,1,,0.0,refunded,
BK_110,US_2302,SH_7393,2024-07-26 16:24:21,1,,226.51,completed,
BK_111,US_4040,SH_2134,2025-01-11 05:14:25,2,,387.86,completed,
BK_112,US_6184,SH_8348,2025-05-05 14:38:37,2,,847.36,completed,
BK_113,US_7758,SH_6458,2025-01-29 01:23:02,1,,0.0,failed,
BK_114,US_2880,SH_4195,2024-10-30 02:44:04,1,,294.74,completed,
BK_115,US_5904,SH_4394,2025-11-07 12:30:35,1,,475.3,completed,
BK_118,US_7565,SH_9856,2024-10-07 23:22:48,2,,574.4,completed,
BK_119,US_7766,SH_4582,2025-01-16 04:23:51,3,,852.0899999999999,completed,
BK_120,US_6637,SH_8318,2025-11-06 07:55:51,4,,1518.36,completed,
BK_121,US_8503,SH_6828,2025-04-11 04:15:38,1,,358.08,completed,
BK_122,US_7734,SH_7615,2024-04-23 19:39:42,1,,0.0,refunded,
BK_123,US_882,SH_9326,2024-06-12 02:45:29,3,,0.0,failed,
BK_126,US_2720,SH_7072,2024-11-07 17:50:00,4,,925.88,completed,
BK_127,US_5405,SH_6238,2024-06-18 19:58:48,1,,214.59,completed,
BK_129,US_4863,SH_1224,2025-08-21 18:56:37,3,,1060.9499999999998,completed,
BK_130,US_3079,SH_5011,2024-09-22 05:02:42,1,,297.47,completed,
BK_131,US_3779,SH_7290,2025-10-02 10:49:23,3,,827.8199999999999,completed,
BK_132,US_7436,SH_4956,2024-07-07 21:41:40,2,,0.0,refunded,
BK_133,US_9398,SH_4567,2025-10-20 02:28:40,4,,1098.08,completed,
BK_137,US_1769,SH_7693,2024-07-14 00:13:33,4,,0.0,failed,
BK_138,US_7532,SH_7273,2024-12-10 21:40:28,4,,0.0,failed,
BK_139,US_4950,SH_217,2025-08-11 23:58:41,4,,0.0,refunded,
BK_140,US_2978,SH_9591,2025-12-18 06:11:53,1,,459.05,completed,
BK_141,US_8241,SH_5641,2025-01-11 16:21:22,2,,676.52,completed,
BK_142,US_6052,SH_299,2025-07-19 15:18:06,2,,724.46,completed,
BK_143,US_3252,SH_1211,2025-02-13 08:59:38,2,,0.0,failed,
BK_144,US_3256,SH_7181,2025-05-24 14:43:40,3,,618.84,completed,
BK_146,US_3599,SH_6355,2024-12-09 12:14:22,4,,870.4,completed,
BK_147,US_4850,SH_6955,2025-08-23 23:53:55,4,,1163.12,completed,
BK_148,US_9605,SH_8323,2025-03-27 07:54:46,4,,1305.2,completed,
BK_149,US_9716,SH_2428,2024-02-09 14:26:08,4,,737.64,completed,
BK_150,US_1161,SH_6816,2025-04-20 04:10:38,1,,470.04,completed,
BK_151,US_8518,SH_5840,2024-04-20 05:20:19,2,,0.0,failed,
BK_152,US_2825,SH_2797,2024-09-04 21:14:46,4,,1492.6,completed,
BK_153,US_6214,SH_3200,2024-10-25 16:43:15,1,,307.86,completed,
BK_154,US_7386,SH_9796,2024-04-12 03:15:16,2,,709.98,completed,
BK_157,US_9640,SH_6336,2024-04-07 07:00:21,1,,367.55,completed,
BK_158,US_1012,SH_2931,2024-10-24 21:14:10,4,,628.28,completed,
BK_159,US_3874,SH_8330,2025-10-11 14:05:46,2,,0.0,failed,
BK_160,US_6759,SH_1054,2025-10-25 18:47:03,4,,1912.44,completed,
BK_161,US_4481,SH_6612,2025-04-01 15:26:33,4,,779.0,completed,
BK_162,US_2664,SH_114,2024-11-04 06:32:43,4,,924.84,completed,
BK_166,US_3391,SH_9754,2025-10-29 00:12:58,1,,395.4,completed,
BK_167,US_7287,SH_8849,2025-10-10 08:00:35,2,,991.86,completed,
BK_168,US_9789,SH_538,2025-05-08 20:41:44,4,,1950.84,completed,
BK_169,US_9114,SH_6459,2024-01-22 00:10:59,2,,491.44,completed,
BK_170,US_4114,SH_3209,2024-09-29 13:48:05,3,,488.88,completed,
BK_171,US_3658,SH_7831,2025-07-11 06:16:23,2,,940.92,completed,
BK_172,US_649,SH_5832,2024-11-08 09:43:36,1,,263.22,completed,
BK_173,US_4328,SH_26,2024-07-29 06:45:34,1,,0.0,refunded,
BK_174,US_6475,SH_412,2024-08-25 09:27:33,3,,729.42,completed,
BK_176,US_1541,SH_5409,2025-09-05 02:48:18,1,,248.13,completed,
BK_177,US_2353,SH_9855,2024-05-05 03:12:20,4,,656.76,completed,
BK_178,US_674,SH_7372,2024-05-08 00:14:58,3,,665.52,completed,
BK_179,US_8127,SH_3158,2024-02-16 00:28:12,1,,481.89,completed,
BK_180,US_6563,SH_7420,2024-05-07 03:09:20,2,,665.28,completed,
BK_181,US_6059,SH_6096,2024-02-06 11:52:43,4,,1565.92,completed,
BK_182,US_2970,SH_3415,2024-09-09 17:46:42,2,,368.42,completed,
BK_183,US_314,SH_4231,2025-01-15 18:51:21,4,,947.12,completed,
BK_184,US_5073,SH_7508,2024-02-16 05:08:49,4,,776.08,completed,
BK_185,US_3813,SH_4830,2025-08-31 17:12:38,1,,454.52,completed,
BK_186,US_3220,SH_3863,2025-05-27 02:12:58,1,,411.76,completed,
BK_188,US_3536,SH_6286,2024-09-12 17:41:07,2,,0.0,refunded,
BK_189,US_5092,SH_7834,2025-05-27 17:16:58,3,,1325.43,completed,
BK_190,US_3761,SH_9724,2025-04-21 01:11:34,1,,0.0,failed,
BK_191,US_2128,SH_9649,2025-10-28 00:18:46,3,,808.86,completed,
BK_192,US_1898,SH_3648,2025-11-06 01:46:42,3,,1442.91,completed,
BK_193,US_1113,SH_5965,2024-11-09 09:16:01,3,,1387.77,completed,
BK_194,US_9983,SH_9903,2025-08-17 03:03:57,4,,0.0,failed,
BK_195,US_3334,SH_9203,2025-09-01 20:22:15,4,,0.0,failed,
BK_196,US_6548,SH_7750,2025-03-14 16:18:28,1,,0.0,failed,
BK_197,US_4890,SH_9529,2024-09-30 17:28:52,1,,424.48,completed,
BK_199,US_7868,SH_805,2024-09-15 12:32:44,3,,0.0,failed,
BK_200,US_7554,SH_8290,2024-07-26 04:06:03,1,,334.89,completed,
BK_202,US_8882,SH_3243,2024-10-12 15:24:23,4,,937.64,completed,
BK_203,US_1566,SH_341,2024-01-25 06:59:27,2,,669.7,completed,
BK_204,US_4208,SH_5656,2025-08-14 00:08:16,1,,0.0,failed,
BK_205,US_9924,SH_2918,2024-05-23 04:20:54,1,,266.5,completed,
BK_206,US_735,SH_4455,2024-05-03 07:17:31,2,,819.66,completed,
BK_207,US_962,SH_1378,2025-04-08 20:37:15,1,,0.0,failed,
BK_209,US_2980,SH_3892,2025-06-01 13:33:17,2,,413.74,completed,
BK_213,US_1800,SH_2349,2024-10-02 18:06:07,4,,1049.4,completed,
BK_214,US_1161,SH_3505,2024-08-20 00:52:39,2,,516.02,completed,
BK_216,US_9389,SH_1571,2024-10-24 19:33:22,1,,351.94,completed,
BK_217,US_287,SH_7450,2024-01-02 16:46:15,4,,1062.88,completed,
BK_218,US_8025,SH_4246,2025-04-08 14:28:56,4,,1975.72,completed,
BK_221,US_5449,SH_2284,2024-10-29 10:19:36,4,,1567.68,completed,
BK_222,US_505,SH_6311,2025-02-01 22:49:04,1,,0.0,failed,
BK_223,US_3657,SH_4140,2025-09-26 10:16:47,2,,749.14,completed,
BK_224,US_233,SH_8830,2024-08-31 05:10:49,1,,325.83,completed,
BK_225,US_1862,SH_8713,2024-02-25 12:05:39,1,,0.0,failed,
BK_226,US_196,SH_1641,2024-07-29 09:27:59,4,,1105.72,completed,
BK_227,US_5210,SH_4008,2024-03-17 10:58:52,3,,1195.1999999999998,completed,
BK_229,US_146,SH_9545,2025-02-25 13:37:25,1,,452.98,completed,
BK_230,US_986,SH_988,2024-02-02 01:15:51,1,,171.03,completed,
BK_231,US_8763,SH_9652,2024-11-06 13:43:17,2,,0.0,refunded,
BK_232,US_8143,SH_7737,2025-09-04 14:25:54,1,,200.7,completed,
BK_233,US_9311,SH_555,2024-02-03 05:23:41,2,,0.0,failed,
BK_234,US_3273,SH_2527,2025-06-30 05:58:53,1,,189.83,completed,
BK_235,US_160,SH_5791,2024-07-30 01:30:43,1,,255.7,completed,
BK_236,US_3889,SH_3567,2024-04-02 18:08:38,2,,984.5,completed,
BK_237,US_9000,SH_8670,2025-06-16 18:25:45,4,,910.0,completed,
BK_238,US_7940,SH_2541,2024-03-08 23:57:33,4,,1953.88,completed,
BK_239,US_7586,SH_9536,2025-08-19 18:48:59,1,,447.39,completed,
BK_240,US_1979,SH_9806,2025-09-25 05:56:10,2,,582.64,completed,
BK_241,US_7350,SH_3405,2024-09-02 04:15:27,3,,1133.97,completed,
BK_242,US_5486,SH_6960,2024-07-24 18:28:21,2,,561.3,completed,
BK_243,US_2095,SH_4203,2024-11-22 00:02:22,4,,1068.04,completed,
BK_245,US_8953,SH_7782,2024-02-03 13:51:20,3,,679.17,completed,
BK_246,US_6282,SH_1289,2024-09-25 11:12:23,2,,954.86,completed,
BK_247,US_301,SH_8679,2025-02-21 20:33:10,3,,1343.97,completed,
BK_248,US_4178,SH_7616,2024-05-01 03:20:03,3,,675.1800000000001,completed,
BK_249,US_1590,SH_5092,2024-10-27 19:03:02,4,,1130.0,completed,
BK_250,US_3937,SH_7920,2024-11-26 14:50:35,3,,1224.75,completed,
BK_252,US_9333,SH_7387,2024-03-03 22:34:17,1,,274.09,completed,
BK_253,US_4526,SH_5128,2024-01-23 04:08:12,2,,0.0,refunded,
BK_255,US_8889,SH_6678,2025-06-06 09:07:00,1,,367.39,completed,
BK_256,US_2938,SH_9468,2025-08-16 18:42:46,2,,682.7,completed,
BK_257,US_6195,SH_258,2025-09-21 16:24:45,4,,1313.6,completed,
BK_258,US_3061,SH_5376,2025-01-13 19:39:32,3,,1452.27,completed,
BK_259,US_2284,SH_2062,2025-06-27 03:28:12,2,,785.94,completed,
BK_260,US_1357,SH_455,2025-01-07 23:18:04,4,,0.0,refunded,
BK_261,US_6212,SH_3544,2025-01-30 15:31:34,4,,1320.28,completed,
BK_262,US_9088,SH_4563,2024-02-13 13:38:47,2,,713.86,completed,
BK_263,US_3706,SH_7012,2025-09-13 18:15:50,4,,845.16,completed,
BK_264,US_9634,SH_9169,2025-07-01 01:12:34,3,,763.3499999999999,completed,
BK_265,US_2582,SH_1825,2024-02-18 05:11:37,1,,312.56,completed,
BK_266,US_190,SH_2989,2024-10-08 18:27:04,1,,321.89,completed,
BK_267,US_1423,SH_6522,2024-08-18 18:22:57,1,,418.56,completed,
BK_269,US_7567,SH_8542,2025-04-18 03:51:41,3,,0.0,refunded,
BK_270,US_5823,SH_2054,2025-01-01 20:18:09,4,,0.0,refunded,
BK_271,US_2219,SH_5449,2024-07-16 13:13:05,2,,617.1,completed,
BK_272,US_204,SH_1681,2024-12-14 17:26:46,1,,493.14,completed,
BK_273,US_2414,SH_3530,2025-06-23 02:09:28,1,,456.35,completed,
BK_274,US_3662,SH_730,2024-12-15 12:52:57,4,,1882.16,completed,
BK_275,US_5959,SH_6484,2024-03-28 14:36:11,3,,1327.56,completed,
BK_276,US_9401,SH_5314,2024-11-21 22:25:44,2,,685.78,completed,
BK_277,US_5424,SH_3008,2025-01-16 09:07:42,2,,586.02,completed,
BK_278,US_5766,SH_7568,2024-06-25 10:35:35,2,,852.8,completed,
BK_279,US_2150,SH_8361,2024-08-28 04:29:27,1,,373.22,completed,
BK_281,US_2800,SH_6707,2025-10-28 12:31:06,2,,389.76,completed,
BK_284,US_3364,SH_9360,2024-12-29 16:32:34,3,,1315.17,completed,
BK_285,US_2310,SH_7871,2024-07-31 21:51:46,2,,626.16,completed,
BK_286,US_7841,SH_9889,2024-06-29 12:33:04,3,,807.4499999999999,completed,
BK_287,US_2624,SH_5676,2025-11-15 01:13:28,1,,361.94,completed,
BK_288,US_3585,SH_2336,2025-06-03 11:27:35,1,,175.79,completed,
BK_290,US_3031,SH_1412,2024-07-06 12:12:32,3,,1030.41,completed,
BK_291,US_7244,SH_2846,2024-04-25 10:21:17,3,,0.0,failed,
BK_293,US_2278,SH_2826,2025-04-04 23:11:02,3,,1003.29,completed,
BK_294,US_2139,SH_4624,2025-03-29 18:31:06,2,,998.72,completed,
BK_296,US_350,SH_6645,2025-01-07 07:21:44,1,,200.65,completed,
BK_298,US_9220,SH_2832,2025-07-02 19:48:51,1,,163.73,completed,
BK_301,US_435,SH_116,2025-01-10 16:32:46,3,,1396.98,completed,
BK_302,US_8917,SH_81,2025-03-16 09:59:51,3,,1450.71,completed,
BK_306,US_9278,SH_7056,2024-02-29 13:42:41,4,,1055.0,completed,
BK_307,US_5585,SH_1275,2025-04-01 18:41:36,4,,1682.24,completed,
BK_308,US_2403,SH_6056,2024-12-07 21:01:40,4,,1631.0,completed,
BK_309,US_6876,SH_3089,2025-03-09 20:43:48,3,,0.0,failed,
BK_310,US_9677,SH_7774,2025-03-07 14:04:16,2,,888.88,completed,
BK_311,US_9994,SH_3281,2025-07-29 07:49:37,1,,277.55,completed,
BK_312,US_8564,SH_3129,2024-11-08 15:07:13,3,,778.86,completed,
BK_313,US_107,SH_183,2024-09-09 08:45:02,1,,367.71,completed,
BK_314,US_5638,SH_2709,2025-11-30 02:42:07,2,,0.0,refunded,
BK_315,US_8932,SH_3464,2024-08-08 13:20:16,1,,272.03,completed,
BK_316,US_4761,SH_6742,2025-11-17 06:55:46,2,,705.32,completed,
BK_317,US_5856,SH_8780,2024-08-23 19:03:29,3,,0.0,refunded,
BK_318,US_1458,SH_1702,2024-01-05 11:21:30,1,,417.44,completed,
BK_319,US_1785,SH_3206,2024-10-28 06:41:08,4,,1320.04,completed,
BK_320,US_2881,SH_6839,2025-06-05 16:25:02,1,,177.5,completed,
BK_321,US_1637,SH_50,2024-12-30 14:51:48,1,,454.09,completed,
BK_322,US_807,SH_2436,2025-12-25 21:21:59,2,,477.48,completed,
BK_323,US_7454,SH_6902,2025-04-10 04:20:14,3,,943.02,completed,
BK_324,US_4772,SH_5945,2025-04-19 00:31:12,4,,1794.24,completed,
BK_325,US_1724,SH_3776,2025-05-11 07:32:29,3,,508.16999999999996,completed,
BK_326,US_5523,SH_1538,2025-09-28 12:57:51,3,,998.64,completed,
BK_327,US_8911,SH_3470,2024-05-30 17:22:52,3,,1297.08,completed,
BK_328,US_1137,SH_6332,2025-11-08 17:07:06,2,,911.24,completed,
BK_329,US_5321,SH_8628,2025-11-15 23:56:06,1,,194.99,completed,
BK_330,US_7494,SH_8180,2024-11-05 07:06:00,3,,629.9399999999999,completed,
BK_331,US_3269,SH_51,2024-01-19 07:13:35,2,,355.76,completed,
BK_332,US_6645,SH_1899,2025-12-02 17:09:41,4,,943.36,completed,
BK_333,US_8898,SH_5663,2024-10-28 03:57:41,2,,773.72,completed,
BK_334,US_6552,SH_6872,2025-01-05 05:14:52,4,,1951.32,completed,
BK_335,US_2832,SH_4812,2025-07-19 09:30:13,4,,1328.44,completed,
BK_336,US_7702,SH_3647,2024-11-30 03:24:20,1,,374.57,completed,
BK_337,US_1620,SH_4120,2025-05-23 17:41:22,3,,857.8199999999999,completed,
BK_338,US_5361,SH_1322,2025-09-29 04:18:16,4,,0.0,refunded,
BK_339,US_7652,SH_3948,2025-12-12 06:41:22,3,,902.97,completed,
BK_340,US_2036,SH_171,2025-01-04 00:03:55,2,,474.26,completed,
BK_342,US_4425,SH_9236,2024-08-12 00:34:24,1,,471.71,completed,
BK_343,US_712,SH_6017,2024-12-04 03:36:31,2,,922.02,completed,
BK_344,US_4713,SH_682,2025-02-18 08:08:54,4,,1612.48,completed,
BK_345,US_6388,SH_3429,2025-03-01 11:10:32,3,,1419.1200000000001,completed,
BK_346,US_9692,SH_3678,2024-03-21 02:11:30,4,,758.6,completed,
BK_349,US_8992,SH_7145,2024-03-12 04:17:06,1,,166.05,completed,
BK_350,US_8088,SH_6538,2025-09-24 07:20:13,3,,1481.52,completed,
BK_351,US_2548,SH_1630,2025-04-26 04:29:08,4,,1835.52,completed,
BK_352,US_2162,SH_4690,2025-05-06 18:15:21,4,,847.72,completed,
BK_353,US_2583,SH_2196,2024-02-20 20:17:26,2,,319.08,completed,
BK_354,US_1777,SH_2177,2025-06-06 01:57:34,2,,526.1,completed,
BK_356,US_1612,SH_1912,2024-10-31 14:58:30,3,,600.6899999999999,completed,
BK_357,US_943,SH_8201,2025-02-13 01:56:13,3,,910.6800000000001,completed,
BK_358,US_8598,SH_6137,2024-03-17 23:09:46,1,,173.36,completed,
BK_359,US_4562,SH_5470,2024-11-03 03:38:35,1,,0.0,refunded,
BK_360,US_41,SH_4723,2025-10-15 19:23:42,4,,628.64,completed,
BK_361,US_4852,SH_8685,2024-11-22 00:04:51,4,,807.12,completed,
BK_362,US_8432,SH_5827,2025-01-29 20:31:36,2,,558.76,completed,
BK_363,US_5334,SH_6362,2025-11-02 10:14:48,1,,476.47,completed,
BK_365,US_2711,SH_142,2025-07-05 00:28:56,2,,868.46,completed,
BK_366,US_6314,SH_5344,2024-06-02 04:17:36,4,,712.8,completed,
BK_367,US_3455,SH_8367,2024-07-28 21:32:35,4,,0.0,failed,
BK_369,US_3410,SH_8785,2024-03-12 09:23:55,3,,1482.9,completed,
BK_370,US_9600,SH_6370,2025-12-25 13:17:20,2,,720.92,completed,
BK_371,US_4081,SH_9805,2025-04-08 14:46:34,4,,0.0,refunded,
BK_373,US_3442,SH_1204,2025-05-25 06:27:13,1,,337.86,completed,
BK_374,US_4056,SH_4782,2024-11-20 16:19:30,2,,662.28,completed,
BK_376,US_5786,SH_3459,2025-07-21 04:13:07,3,,1307.94,completed,
BK_378,US_9271,SH_8650,2024-10-20 09:05:32,2,,604.98,completed,
BK_379,US_784,SH_7607,2025-10-07 03:25:50,2,,871.86,completed,
BK_380,US_517,SH_2993,2025-03-04 15:13:45,2,,0.0,failed,
BK_381,US_9660,SH_4733,2025-09-28 11:08:50,4,,1784.16,completed,
BK_382,US_5900,SH_9987,2025-03-07 13:23:46,1,,339.79,completed,
BK_383,US_1632,SH_8238,2024-01-17 01:25:07,4,,920.2,completed,
BK_384,US_8627,SH_3364,2024-12-14 20:30:29,4,,1738.64,completed,
BK_385,US_6275,SH_1438,2024-04-21 00:18:54,3,,1269.96,completed,
BK_386,US_4858,SH_5610,2025-07-14 02:26:47,4,,621.64,completed,
BK_387,US_1169,SH_6370,2025-06-19 13:44:42,4,,1441.84,completed,
BK_388,US_4101,SH_5531,2024-07-08 08:18:51,1,,396.51,completed,
BK_389,US_9858,SH_8472,2025-08-18 15:35:30,3,,1115.1299999999999,completed,
BK_391,US_196,SH_8322,2025-11-14 11:20:36,1,,440.51,completed,
BK_392,US_5673,SH_357,2025-11-24 08:12:26,4,,1658.32,completed,
BK_393,US_3291,SH_6724,2025-06-11 09:19:03,4,,1886.48,completed,
BK_394,US_5385,SH_3395,2024-10-19 22:51:47,4,,1335.64,completed,
BK_395,US_1036,SH_5975,2025-01-26 13:04:33,3,,534.96,completed,
BK_396,US_2298,SH_2890,2025-11-08 08:07:48,4,,1422.08,completed,
BK_397,US_124,SH_1071,2025-06-28 12:08:38,4,,936.16,completed,
BK_398,US_8500,SH_7647,2024-05-17 02:52:12,4,,1590.36,completed,
BK_399,US_8585,SH_167,2024-01-13 15:51:29,1,,274.81,completed,
BK_400,US_3100,SH_4380,2024-11-01 22:50:06,4,,1401.88,completed,
BK_402,US_1935,SH_3064,2024-02-25 01:05:52,4,,904.08,completed,
BK_403,US_8926,SH_4117,2025-01-26 05:32:44,3,,1258.1100000000001,completed,
BK_404,US_3788,SH_9925,2025-09-08 06:42:05,3,,1486.3799999999999,completed,
BK_405,US_497,SH_110,2024-03-06 06:16:39,3,,1412.5500000000002,completed,
BK_406,US_3894,SH_8820,2024-01-01 19:42:19,4,,0.0,failed,
BK_407,US_6341,SH_3155,2024-09-24 12:08:11,3,,1154.07,completed,
BK_408,US_8001,SH_5621,2025-08-02 04:53:07,2,,0.0,failed,
BK_409,US_1246,SH_2092,2025-04-20 18:27:05,3,,525.12,completed,
BK_410,US_3055,SH_8025,2024-01-16 12:30:33,2,,344.5,completed,
BK_411,US_2689,SH_4221,2025-04-20 18:04:12,2,,311.12,completed,
BK_413,US_5743,SH_5362,2025-01-30 04:58:56,4,,813.96,completed,
BK_414,US_3003,SH_4677,2024-05-07 22:17:06,4,,1439.08,completed,
BK_415,US_9426,SH_4597,2025-08-24 02:36:22,1,,446.18,completed,
BK_416,US_450,SH_8579,2024-03-18 09:10:50,3,,0.0,refunded,
BK_417,US_5371,SH_3122,2024-06-21 07:04:06,2,,878.76,completed,
BK_418,US_6458,SH_6469,2025-10-02 13:09:42,3,,814.08,completed,
BK_419,US_2127,SH_1380,2024-01-11 00:44:41,4,,0.0,failed,
BK_420,US_3270,SH_736,2024-03-28 11:37:25,1,,209.26,completed,
BK_421,US_7135,SH_1246,2025-10-21 03:14:40,2,,737.78,completed,
BK_422,US_7535,SH_4973,2025-10-02 22:42:31,3,,539.13,completed,
BK_423,US_9740,SH_1945,2024-04-13 19:04:03,3,,1470.84,completed,
BK_424,US_8935,SH_6434,2024-06-01 03:53:45,2,,587.24,completed,
BK_425,US_7380,SH_7696,2025-09-26 20:59:29,4,,737.96,completed,
BK_426,US_7735,SH_6054,2024-06-28 14:58:13,3,,0.0,refunded,
BK_427,US_1848,SH_9026,2024-11-16 14:20:37,1,,260.53,completed,
BK_428,US_288,SH_9298,2024-10-06 22:43:47,3,,487.83000000000004,completed,
BK_429,US_7502,SH_2301,2025-09-10 18:40:42,1,,253.29,completed,
BK_430,US_2917,SH_4555,2025-08-04 21:14:48,1,,0.0,failed,
BK_431,US_9426,SH_6431,2024-06-15 17:15:08,2,,346.62,completed,
BK_432,US_9823,SH_2209,2025-10-01 00:29:22,4,,1431.8,completed,
BK_433,US_7635,SH_3790,2024-03-18 07:07:08,4,,1307.04,completed,
BK_434,US_8126,SH_8197,2024-06-08 15:45:52,1,,452.69,completed,
BK_435,US_7548,SH_6806,2024-09-16 09:29:59,1,,331.46,completed,
BK_436,US_532,SH_4769,2024-06-30 08:12:50,1,,419.95,completed,
BK_438,US_8101,SH_3210,2024-03-16 08:09:10,2,,609.24,completed,
BK_439,US_8549,SH_2991,2024-11-28 23:32:49,4,,1927.44,completed,
BK_441,US_1481,SH_4754,2025-10-17 03:52:16,2,,687.98,completed,
BK_442,US_7697,SH_9519,2024-02-06 07:40:59,1,,0.0,refunded,
BK_443,US_117,SH_6861,2025-03-17 20:10:31,3,,976.4100000000001,completed,
BK_444,US_7651,SH_524,2025-02-24 15:24:28,2,,417.0,completed,
BK_445,US_871,SH_1426,2024-07-12 03:52:54,3,,0.0,failed,
BK_448,US_7293,SH_4999,2025-01-22 04:50:31,1,,329.34,completed,
BK_450,US_2991,SH_8224,2024-10-18 14:23:03,3,,0.0,failed,
BK_451,US_9460,SH_8795,2025-09-10 11:50:31,1,,469.68,completed,
BK_455,US_9841,SH_8462,2025-10-21 17:34:05,2,,874.76,completed,
BK_456,US_5711,SH_4409,2025-08-18 00:06:55,4,,757.44,completed,
BK_457,US_2762,SH_365,2024-12-06 00:12:33,4,,1453.76,completed,
BK_458,US_8093,SH_5248,2025-09-29 18:54:18,2,,323.18,completed,
BK_459,US_7907,SH_4833,2025-02-22 15:25:18,2,,0.0,failed,
BK_460,US_671,SH_117,2025-10-30 02:50:06,4,,1373.8,completed,
BK_462,US_629,SH_7521,2024-05-14 02:31:20,3,,607.14,completed,
BK_463,US_3339,SH_1501,2025-08-19 13:18:44,3,,670.38,completed,
BK_464,US_9960,SH_2835,2025-05-25 02:00:35,1,,408.85,completed,
BK_466,US_4273,SH_1176,2025-07-19 00:12:58,3,,975.81,completed,
BK_467,US_1714,SH_1409,2025-05-04 08:53:33,3,,0.0,failed,
BK_468,US_8212,SH_5561,2025-03-10 05:44:02,1,,431.51,completed,
BK_469,US_7746,SH_4920,2025-05-23 04:53:39,3,,584.64,completed,
BK_470,US_3368,SH_1472,2024-03-22 08:54:59,4,,616.96,completed,
BK_471,US_9049,SH_3085,2024-07-10 14:38:12,3,,0.0,refunded,
BK_472,US_4032,SH_9194,2025-02-11 00:28:31,1,,0.0,refunded,
BK_473,US_5621,SH_1697,2024-07-10 00:35:50,4,,0.0,failed,
BK_475,US_735,SH_115,2024-09-18 22:00:36,2,,931.82,completed,
BK_476,US_3638,SH_3521,2025-05-30 02:52:35,1,,412.65,completed,
BK_478,US_9007,SH_2678,2024-10-15 09:42:56,1,,275.14,completed,
BK_479,US_8964,SH_2668,2024-08-09 08:40:26,4,,671.8,completed,
BK_480,US_2525,SH_2682,2025-08-26 18:41:56,1,,277.97,completed,
BK_481,US_2733,SH_8279,2025-04-25 10:05:20,3,,1408.6200000000001,completed,
BK_482,US_2035,SH_9250,2025-12-08 20:09:55,3,,1141.77,completed,
BK_483,US_818,SH_9184,2024-11-04 12:54:09,2,,0.0,failed,
BK_484,US_4921,SH_8051,2025-08-02 20:04:56,2,,583.62,completed,
BK_486,US_4350,SH_139,2024-02-17 19:13:37,2,,833.4,completed,
BK_487,US_1289,SH_9223,2024-06-03 02:33:34,4,,1090.08,completed,
BK_489,US_9134,SH_3766,2025-11-10 16:40:42,4,,1043.24,completed,
BK_490,US_3699,SH_5712,2024-12-31 20:40:44,4,,980.68,completed,
BK_492,US_4418,SH_278,2025-08-19 05:59:56,1,,282.87,completed,
BK_493,US_3036,SH_8874,2024-08-24 15:29:39,3,,1406.73,completed,
BK_494,US_6051,SH_3659,2024-04-19 04:03:31,4,,870.64,completed,
BK_495,US_9713,SH_7587,2024-04-15 17:15:28,4,,1316.56,completed,
BK_496,US_4118,SH_4069,2025-03-05 12:02:45,2,,935.5,completed,
BK_497,US_2778,SH_9501,2024-12-02 13:16:34,2,,543.46,completed,
BK_498,US_184,SH_8730,2025-07-01 04:55:34,3,,1249.56,completed,
BK_500,US_741,SH_851,2025-06-23 10:31:18,1,,420.44,completed,
BK_501,US_3797,SH_4007,2025-09-18 10:32:42,2,,0.0,failed,
BK_502,US_7230,SH_3045,2024-02-02 07:17:20,1,,271.89,completed,
BK_503,US_4214,SH_6469,2025-01-14 06:56:38,2,,542.72,completed,
BK_504,US_5312,SH_8186,2024-04-06 15:25:24,4,,1130.24,completed,
BK_505,US_2618,SH_4192,2024-03-23 22:16:34,2,,534.52,completed,
BK_506,US_7948,SH_4044,2024-12-17 13:03:23,2,,566.76,completed,
BK_508,US_8883,SH_1781,2025-11-27 13:36:35,4,,1508.96,completed,
BK_509,US_4215,SH_5521,2025-01-11 19:40:20,2,,849.88,completed,
BK_510,US_565,SH_2353,2024-09-03 11:23:46,3,,596.49,completed,
BK_511,US_2365,SH_9388,2025-11-28 04:43:41,1,,347.54,completed,
BK_512,US_6115,SH_3743,2024-10-10 11:00:22,2,,730.88,completed,
BK_513,US_7214,SH_1669,2024-09-05 21:47:58,1,,362.1,completed,
BK_514,US_1172,SH_4054,2024-07-19 14:48:25,4,,816.72,completed,
BK_517,US_3551,SH_5026,2025-12-21 03:23:14,2,,0.0,failed,
BK_518,US_5408,SH_5262,2025-08-25 17:21:45,3,,1477.5,completed,
BK_519,US_1945,SH_2321,2025-06-14 06:32:05,3,,1041.33,completed,
BK_520,US_8564,SH_8989,2025-06-12 04:28:14,4,,1196.6,completed,
BK_521,US_6019,SH_5555,2025-05-29 17:13:02,2,,995.88,completed,
BK_522,US_4607,SH_7757,2025-05-07 08:38:27,1,,0.0,failed,
BK_524,US_1589,SH_4136,2024-10-28 16:10:05,1,,151.01,completed,
BK_525,US_5273,SH_6055,2024-01-06 14:29:58,1,,309.92,completed,
BK_526,US_9245,SH_6820,2024-09-25 20:54:23,4,,1362.44,completed,
BK_527,US_4556,SH_4103,2025-08-13 21:19:05,1,,0.0,failed,
BK_528,US_6646,SH_9897,2025-12-08 19:22:11,1,,204.28,completed,
BK_529,US_7334,SH_587,2024-09-19 20:58:22,2,,499.34,completed,
BK_530,US_5903,SH_2012,2024-09-07 23:11:18,3,,0.0,failed,
BK_531,US_4846,SH_1334,2024-08-26 06:46:18,3,,1132.29,completed,
BK_532,US_832,SH_8001,2025-08-03 13:42:32,1,,423.97,completed,
BK_533,US_3629,SH_5391,2024-04-02 04:51:25,2,,399.06,completed,
BK_534,US_3511,SH_1406,2025-07-12 13:12:30,4,,668.8,completed,
BK_535,US_8193,SH_1490,2025-08-04 17:42:08,4,,1797.28,completed,
BK_536,US_1953,SH_6466,2024-09-06 13:28:31,4,,1974.68,completed,
BK_537,US_6643,SH_2204,2024-04-11 07:45:26,3,,615.6899999999999,completed,
BK_538,US_5409,SH_1593,2024-04-11 07:51:13,3,,1132.1399999999999,completed,
BK_539,US_7675,SH_6129,2024-07-30 22:09:36,1,,360.62,completed,
BK_540,US_990,SH_3417,2024-03-08 08:37:06,1,,388.97,completed,
BK_542,US_7471,SH_9889,2024-12-10 09:05:03,1,,269.15,completed,
BK_543,US_2741,SH_2417,2025-09-28 17:01:40,4,,1680.4,completed,
BK_544,US_990,SH_2208,2024-03-18 09:15:04,1,,421.67,completed,
BK_545,US_5577,SH_500,2024-10-28 10:56:12,1,,370.6,completed,
BK_546,US_2612,SH_2116,2025-02-28 16:38:41,1,,376.75,completed,
BK_548,US_1099,SH_3527,2025-08-01 12:29:46,1,,459.72,completed,
BK_549,US_1456,SH_7387,2024-06-03 05:44:28,4,,1096.36,completed,
BK_551,US_504,SH_9430,2025-06-25 12:44:41,2,,333.62,completed,
BK_552,US_1430,SH_853,2024-12-20 20:04:45,2,,880.76,completed,
BK_553,US_2218,SH_4498,2025-11-13 05:04:13,3,,0.0,refunded,
BK_554,US_1536,SH_9169,2025-11-09 21:35:10,3,,763.3499999999999,completed,
BK_558,US_344,SH_114,2025-06-21 02:01:41,4,,924.84,completed,
BK_559,US_6303,SH_4057,2025-01-15 13:26:50,3,,1462.77,completed,
BK_560,US_2667,SH_69,2024-07-01 04:53:13,1,,0.0,failed,
BK_561,US_8156,SH_601,2025-11-13 19:15:26,3,,0.0,failed,
BK_562,US_4514,SH_3441,2025-03-20 23:03:33,4,,0.0,failed,
BK_563,US_6510,SH_5419,2024-09-04 10:51:26,3,,1155.15,completed,
BK_564,US_4145,SH_5133,2024-07-11 18:11:50,2,,538.46,completed,
BK_565,US_7987,SH_8878,2024-01-14 10:50:24,3,,1161.84,completed,
BK_566,US_3918,SH_8733,2024-06-10 07:20:21,3,,781.3499999999999,completed,
BK_568,US_4958,SH_8276,2024-10-27 02:52:21,4,,1098.36,completed,
BK_569,US_4050,SH_7725,2025-06-22 09:57:19,3,,1048.8600000000001,completed,
BK_570,US_1621,SH_3804,2025-08-15 10:23:05,2,,659.04,completed,
BK_571,US_8152,SH_7849,2025-02-14 15:38:57,4,,928.44,completed,
BK_572,US_9392,SH_738,2024-05-15 10:42:07,1,,442.62,completed,
BK_573,US_566,SH_4746,2024-04-07 17:51:09,1,,0.0,failed,
BK_574,US_706,SH_4544,2024-06-28 16:04:55,2,,558.04,completed,
BK_575,US_4797,SH_5695,2024-01-05 17:47:52,1,,0.0,failed,
BK_577,US_1948,SH_9662,2025-12-13 15:40:28,1,,290.77,completed,
BK_578,US_3555,SH_6463,2024-04-21 20:11:38,1,,0.0,failed,
BK_580,US_4375,SH_7032,2024-10-30 15:25:50,4,,0.0,failed,
BK_581,US_6792,SH_903,2024-03-06 14:22:18,4,,1684.32,completed,
BK_582,US_7755,SH_9691,2024-07-23 15:52:46,4,,1805.08,completed,
BK_583,US_4251,SH_1999,2024-08-18 13:32:23,2,,808.96,completed,
BK_584,US_6464,SH_8698,2025-06-26 17:59:37,2,,867.46,completed,
BK_585,US_2121,SH_2945,2024-01-07 21:40:08,2,,626.16,completed,
BK_586,US_1763,SH_1697,2025-03-27 03:42:38,4,,1071.92,completed,
BK_587,US_8515,SH_8507,2024-05-12 14:52:01,2,,339.74,completed,
BK_588,US_9607,SH_6245,2024-08-27 05:00:25,3,,0.0,failed,
BK_589,US_1936,SH_7659,2024-11-29 02:43:34,1,,347.49,completed,
BK_590,US_6333,SH_8290,2024-02-09 12:49:45,2,,0.0,refunded,
BK_591,US_8037,SH_6989,2024-12-06 19:35:21,2,,875.44,completed,
BK_593,US_8489,SH_8156,2025-07-08 16:08:54,3,,954.0899999999999,completed,
BK_594,US_1088,SH_1673,2024-11-14 08:12:39,4,,1478.44,completed,
BK_595,US_2808,SH_4903,2024-09-13 05:46:08,3,,765.9300000000001,completed,
BK_596,US_635,SH_1209,2025-11-24 08:06:55,3,,1253.3700000000001,completed,
BK_597,US_3211,SH_3756,2025-01-23 11:18:34,2,,646.0,completed,
BK_598,US_8826,SH_8231,2025-08-15 04:22:25,3,,643.26,completed,
BK_599,US_1024,SH_4802,2025-07-09 14:45:15,2,,726.18,completed,
BK_600,US_4997,SH_4037,2024-03-04 06:02:54,3,,1106.67,completed,
BK_602,US_1720,SH_1109,2024-04-02 15:48:39,1,,337.63,completed,
BK_603,US_7989,SH_3098,2025-07-23 15:49:00,3,,1437.33,completed,
BK_605,US_1417,SH_3273,2024-03-09 19:52:50,1,,417.33,completed,
BK_606,US_5056,SH_7710,2024-09-05 01:02:47,3,,1365.03,completed,
BK_608,US_1713,SH_5563,2025-11-20 21:03:12,3,,1486.8600000000001,completed,
BK_609,US_83,SH_9463,2024-08-13 10:23:05,1,,0.0,refunded,
BK_610,US_2564,SH_6129,2024-06-10 17:01:29,1,,360.62,completed,
BK_611,US_8724,SH_7366,2025-04-22 12:49:23,4,,1941.88,completed,
BK_612,US_1231,SH_3484,2024-07-09 14:04:37,2,,616.06,completed,
BK_613,US_6776,SH_344,2024-01-21 08:18:43,4,,1824.8,completed,
BK_614,US_2325,SH_3218,2025-01-08 12:50:20,1,,378.86,completed,
BK_616,US_4878,SH_3438,2024-05-22 18:27:26,3,,456.0,completed,
BK_617,US_7475,SH_9314,2024-01-02 22:04:55,1,,0.0,refunded,
BK_618,US_3347,SH_6312,2025-04-13 16:46:54,2,,737.38,completed,
BK_619,US_4495,SH_9491,2025-02-21 02:19:33,2,,347.98,completed,
BK_620,US_1420,SH_303,2024-12-16 14:43:08,2,,667.12,completed,
BK_621,US_6756,SH_7523,2025-02-04 09:50:57,3,,1358.25,completed,
BK_624,US_9772,SH_2664,2025-08-23 16:16:35,2,,951.2,completed,
BK_626,US_5276,SH_3808,2025-03-30 01:45:28,2,,773.52,completed,
BK_627,US_6956,SH_4553,2024-07-26 01:16:52,1,,448.91,completed,
BK_628,US_6224,SH_4453,2025-01-09 21:25:50,2,,0.0,failed,
BK_629,US_4393,SH_60,2025-07-20 01:17:13,4,,1020.0,completed,
BK_631,US_4734,SH_8885,2025-12-25 18:50:47,2,,0.0,failed,
BK_632,US_7972,SH_2887,2025-09-25 21:47:24,3,,824.4300000000001,completed,
BK_633,US_6899,SH_5193,2024-09-29 08:39:33,4,,0.0,failed,
BK_634,US_7773,SH_8289,2024-04-22 10:56:49,3,,658.95,completed,
BK_635,US_4325,SH_3904,2024-10-21 06:28:03,3,,682.8,completed,
BK_636,US_6286,SH_9361,2025-10-21 02:07:36,2,,642.02,completed,
BK_637,US_7274,SH_7413,2025-01-16 03:56:51,3,,1053.9,completed,
BK_639,US_6632,SH_8270,2025-10-24 19:11:22,2,,524.86,completed,
BK_640,US_807,SH_1285,2024-08-08 17:33:08,4,,0.0,refunded,
BK_641,US_8748,SH_6188,2024-05-03 14:54:47,4,,1832.44,completed,
BK_642,US_3961,SH_941,2025-04-09 14:27:25,2,,365.68,completed,
BK_643,US_6998,SH_1800,2025-12-13 09:54:27,3,,758.04,completed,
BK_644,US_6268,SH_3196,2025-06-25 15:17:04,4,,885.16,completed,
BK_645,US_2800,SH_9240,2025-10-02 06:22:31,4,,0.0,failed,
BK_646,US_8277,SH_3334,2024-06-29 23:33:31,2,,312.9,completed,
BK_648,US_1234,SH_8297,2024-02-19 17:33:13,2,,586.64,completed,
BK_650,US_6048,SH_1395,2024-07-02 11:31:24,3,,1450.8899999999999,completed,
BK_651,US_5308,SH_7342,2025-03-01 16:32:37,3,,1287.24,completed,
BK_652,US_6628,SH_7091,2025-06-30 20:50:18,2,,0.0,failed,
BK_653,US_6897,SH_3615,2025-02-20 13:09:25,3,,653.46,completed,
BK_654,US_9301,SH_2117,2024-05-16 14:39:16,4,,0.0,failed,
BK_655,US_3059,SH_7186,2025-05-31 22:56:04,3,,0.0,failed,
BK_656,US_9063,SH_1226,2024-10-02 20:49:15,1,,467.11,completed,
BK_657,US_3846,SH_1408,2024-11-17 06:51:42,2,,942.02,completed,
BK_659,US_5519,SH_6010,2025-01-01 15:41:12,2,,914.5,completed,
BK_660,US_7900,SH_1373,2024-02-29 00:30:13,1,,477.48,completed,
BK_661,US_5702,SH_2411,2025-09-17 17:31:32,2,,787.98,completed,
BK_662,US_3108,SH_5446,2024-01-02 16:57:30,2,,743.44,completed,
BK_664,US_2746,SH_3044,2024-07-20 06:23:09,3,,883.1999999999999,completed,
BK_665,US_3482,SH_8186,2024-09-23 00:27:12,1,,282.56,completed,
BK_666,US_5842,SH_384,2024-08-11 18:30:31,2,,704.84,completed,
BK_667,US_9500,SH_3418,2024-06-06 07:30:52,2,,316.62,completed,
BK_668,US_6995,SH_2420,2025-01-19 15:52:16,4,,1202.8,completed,
BK_669,US_989,SH_6720,2025-07-24 04:52:36,1,,394.84,completed,
BK_671,US_8276,SH_9642,2024-02-09 18:27:08,2,,517.92,completed,
BK_672,US_6189,SH_5425,2025-11-05 18:43:09,4,,0.0,failed,
BK_673,US_6870,SH_2890,2025-10-15 23:14:48,4,,1422.08,completed,
BK_674,US_5569,SH_5787,2024-07-29 19:28:06,4,,982.56,completed,
BK_675,US_958,SH_3512,2024-11-11 11:32:54,4,,1750.88,completed,
BK_676,US_6405,SH_9415,2025-01-10 03:48:44,1,,313.32,completed,
BK_677,US_9353,SH_8827,2025-07-24 06:37:05,4,,0.0,failed,
BK_680,US_9500,SH_6734,2025-03-16 18:36:13,4,,934.88,completed,
BK_681,US_9514,SH_8258,2024-01-10 22:14:10,1,,176.24,completed,
BK_682,US_3995,SH_7533,2025-06-28 11:53:52,4,,1361.36,completed,
BK_684,US_5354,SH_9208,2025-10-28 00:32:31,4,,981.44,completed,
BK_686,US_539,SH_2495,2024-08-11 08:18:40,4,,1613.96,completed,
BK_687,US_1024,SH_1801,2025-04-28 08:37:00,2,,0.0,refunded,
BK_688,US_8638,SH_228,2024-01-09 11:23:03,2,,772.84,completed,
BK_689,US_9716,SH_6063,2024-02-26 18:04:05,4,,1679.76,completed,
BK_690,US_5026,SH_4302,2025-03-09 11:57:14,3,,1489.53,completed,
BK_691,US_9030,SH_8521,2024-09-01 15:23:40,1,,397.62,completed,
BK_693,US_3753,SH_2505,2024-02-19 22:33:01,1,,360.61,completed,
BK_694,US_6540,SH_6885,2024-11-19 12:19:00,4,,1059.2,completed,
BK_695,US_2963,SH_7121,2025-07-06 07:23:10,2,,489.04,completed,
BK_696,US_7729,SH_8190,2024-01-24 00:18:00,3,,512.1899999999999,completed,
BK_697,US_814,SH_1671,2024-03-31 16:42:03,2,,756.64,completed,
BK_698,US_9695,SH_2466,2024-11-15 15:58:10,1,,493.12,completed,
BK_699,US_7557,SH_6386,2024-08-23 06:30:50,1,,339.95,completed,
BK_700,US_1959,SH_4823,2024-11-16 02:53:18,2,,0.0,refunded,
BK_702,US_424,SH_3745,2024-11-17 02:01:06,3,,1473.84,completed,
BK_703,US_9772,SH_2045,2024-02-18 02:38:36,2,,352.42,completed,
BK_704,US_2983,SH_194,2025-02-19 23:57:09,4,,1762.48,completed,
BK_705,US_6183,SH_7576,2024-11-10 00:19:43,3,,1407.75,completed,
BK_706,US_2497,SH_3890,2024-10-30 19:08:23,4,,952.88,completed,
BK_707,US_9969,SH_4436,2024-04-26 19:39:32,2,,0.0,failed,
BK_709,US_5898,SH_3253,2025-11-01 05:06:56,4,,688.04,completed,
BK_710,US_7736,SH_4422,2024-01-27 21:21:47,1,,486.01,completed,
BK_711,US_422,SH_2979,2024-02-13 00:20:25,1,,318.66,completed,
BK_712,US_6416,SH_6670,2024-03-25 07:34:58,4,,1589.04,completed,
BK_713,US_3161,SH_4343,2025-11-12 11:27:23,3,,1189.44,completed,
BK_714,US_9035,SH_2783,2025-06-28 05:58:23,4,,839.8,completed,
BK_715,US_9858,SH_3152,2024-02-27 04:00:07,1,,220.24,completed,
BK_716,US_4179,SH_7186,2024-08-08 03:08:07,3,,742.5,completed,
BK_717,US_2641,SH_4073,2025-04-30 04:28:21,4,,1589.04,completed,
BK_718,US_8883,SH_9579,2024-09-22 18:00:35,1,,496.37,completed,
BK_719,US_8277,SH_4525,2025-12-29 14:26:16,2,,982.4,completed,
BK_720,US_6981,SH_4103,2024-02-16 18:48:56,2,,597.22,completed,
BK_721,US_8409,SH_6493,2024-11-05 00:51:20,2,,706.64,completed,
BK_722,US_5616,SH_6472,2024-03-08 00:37:15,2,,485.2,completed,
BK_723,US_2379,SH_9738,2024-05-06 03:40:39,1,,339.98,completed,
BK_725,US_1028,SH_1883,2024-07-02 05:27:58,2,,0.0,failed,
BK_726,US_2905,SH_5539,2024-06-16 02:39:46,4,,964.68,completed,
BK_728,US_4536,SH_8203,2024-08-27 21:24:26,1,,484.99,completed,
BK_729,US_8733,SH_567,2025-11-11 14:03:19,4,,1896.68,completed,
BK_730,US_4375,SH_3352,2024-10-07 07:47:04,3,,980.52,completed,
BK_731,US_2950,SH_869,2024-09-25 18:52:15,2,,0.0,failed,
BK_732,US_7125,SH_3694,2024-09-07 00:43:05,3,,868.17,completed,
BK_733,US_1677,SH_6791,2024-07-21 21:48:40,2,,786.24,completed,
BK_734,US_378,SH_9288,2024-05-23 22:04:56,2,,0.0,refunded,
BK_735,US_4530,SH_1382,2025-02-11 15:06:27,2,,554.26,completed,
BK_736,US_508,SH_3229,2025-07-14 18:57:25,3,,595.83,completed,
BK_737,US_5550,SH_4499,2025-02-24 02:15:46,3,,522.51,completed,
BK_738,US_5709,SH_4990,2024-01-25 01:08:00,2,,726.14,completed,
BK_739,US_5509,SH_9699,2025-05-29 08:56:17,4,,1837.0,completed,
BK_740,US_2408,SH_5077,2025-04-14 22:39:45,4,,1789.12,completed,
BK_741,US_3652,SH_9760,2024-09-28 15:43:49,2,,500.72,completed,
BK_742,US_1137,SH_5014,2024-06-06 11:57:40,2,,868.76,completed,
BK_744,US_317,SH_674,2025-03-12 04:19:52,2,,342.42,completed,
BK_745,US_5728,SH_190,2024-07-13 06:45:38,4,,0.0,failed,
BK_746,US_80,SH_2261,2025-12-10 13:00:53,2,,997.68,completed,
BK_748,US_4175,SH_1258,2024-09-09 03:26:21,1,,0.0,refunded,
BK_751,US_6659,SH_6075,2025-08-07 07:11:31,3,,0.0,failed,
BK_752,US_4173,SH_8307,2025-09-10 21:23:50,4,,1067.8,completed,
BK_754,US_9876,SH_335,2025-06-18 06:21:04,3,,507.63,completed,
BK_755,US_5196,SH_8142,2024-02-14 02:55:21,1,,0.0,failed,
BK_756,US_854,SH_7300,2024-08-11 22:06:17,1,,247.15,completed,
BK_759,US_8815,SH_2268,2024-11-10 04:51:06,3,,889.11,completed,
BK_760,US_4092,SH_9516,2025-03-09 10:18:29,3,,1169.28,completed,
BK_762,US_119,SH_7602,2025-01-29 05:21:07,2,,565.16,completed,
BK_763,US_3542,SH_8119,2024-10-22 07:03:54,4,,0.0,failed,
BK_764,US_4366,SH_243,2024-01-22 22:45:25,1,,0.0,failed,
BK_766,US_8670,SH_2157,2025-10-28 21:12:25,2,,814.98,completed,
BK_768,US_5046,SH_1314,2025-01-02 01:50:20,1,,355.74,completed,
BK_769,US_8453,SH_6534,2025-01-31 07:42:20,3,,515.16,completed,
BK_770,US_892,SH_1247,2024-10-16 18:37:39,2,,395.82,completed,
BK_771,US_1896,SH_4801,2025-05-31 02:00:42,4,,778.4,completed,
BK_772,US_1962,SH_6756,2025-06-22 16:02:47,4,,0.0,refunded,
BK_773,US_8940,SH_3631,2025-05-01 19:32:48,2,,975.7,completed,
BK_774,US_5539,SH_3680,2024-08-08 13:31:45,1,,343.75,completed,
BK_775,US_8857,SH_3472,2024-06-19 10:15:55,1,,201.81,completed,
BK_776,US_1021,SH_6318,2024-03-20 15:59:16,2,,607.82,completed,
BK_777,US_7440,SH_6792,2024-06-10 23:15:45,2,,929.9,completed,
BK_778,US_2644,SH_4075,2024-05-26 18:11:58,2,,375.96,completed,
BK_779,US_5571,SH_5448,2025-08-02 01:52:21,3,,959.76,completed,
BK_780,US_5369,SH_2687,2024-07-15 03:33:24,1,,0.0,refunded,
BK_781,US_8342,SH_5510,2024-01-23 20:25:38,1,,217.82,completed,
BK_782,US_1106,SH_6994,2024-01-05 08:54:21,1,,314.99,completed,
BK_784,US_6751,SH_279,2025-07-05 05:23:20,4,,1497.2,completed,
BK_785,US_2608,SH_363,2025-04-27 20:45:02,4,,1786.16,completed,
BK_787,US_3883,SH_9602,2025-04-06 19:43:25,1,,497.26,completed,
BK_788,US_1876,SH_1386,2025-08-21 16:47:04,3,,1295.97,completed,
BK_789,US_8432,SH_2635,2024-03-01 09:39:02,4,,925.16,completed,
BK_790,US_5514,SH_125,2025-02-08 18:22:37,4,,1646.24,completed,
BK_791,US_1416,SH_6028,2025-04-20 12:31:16,2,,920.82,completed,
BK_793,US_6496,SH_8175,2024-11-25 06:23:12,3,,0.0,failed,
BK_794,US_7070,SH_4092,2024-12-29 22:24:40,1,,259.19,completed,
BK_795,US_9074,SH_1537,2025-04-24 03:17:49,3,,1465.1100000000001,completed,
BK_796,US_9929,SH_8288,2024-11-16 15:33:45,3,,710.88,completed,
BK_797,US_8000,SH_4418,2024-09-07 06:34:22,2,,853.42,completed,
BK_798,US_6166,SH_354,2024-09-20 17:13:55,4,,649.6,completed,
BK_799,US_1162,SH_4457,2024-10-11 18:54:31,2,,671.7,completed,
BK_800,US_6268,SH_2512,2025-10-15 00:17:57,2,,0.0,failed,
BK_801,US_1080,SH_3926,2024-02-05 16:19:04,2,,0.0,failed,
BK_802,US_3837,SH_2296,2024-11-29 12:14:31,3,,451.43999999999994,completed,
BK_803,US_8668,SH_846,2025-04-17 02:46:34,4,,0.0,failed,
BK_804,US_6012,SH_662,2025-04-14 16:15:01,2,,752.18,completed,
BK_805,US_5446,SH_4811,2024-04-01 20:14:53,3,,980.67,completed,
BK_807,US_5154,SH_7499,2025-02-15 08:10:08,3,,700.92,completed,
BK_808,US_636,SH_2298,2024-03-13 08:49:36,4,,1762.2,completed,
BK_809,US_6514,SH_8415,2025-09-04 07:16:53,1,,0.0,failed,
BK_810,US_6413,SH_8183,2025-04-30 17:08:35,2,,905.12,completed,
BK_811,US_8859,SH_6290,2025-10-15 22:09:38,4,,1640.44,completed,
BK_812,US_6318,SH_2142,2024-08-07 13:36:57,2,,870.16,completed,
BK_814,US_9710,SH_3161,2025-06-11 19:56:47,2,,0.0,refunded,
BK_815,US_5539,SH_2869,2025-01-23 14:17:26,3,,794.4300000000001,completed,
BK_817,US_1720,SH_7244,2025-09-06 03:31:13,1,,347.32,completed,
BK_819,US_8468,SH_8129,2025-03-09 13:56:24,2,,0.0,failed,
BK_820,US_3358,SH_4221,2025-04-01 15:08:50,1,,155.56,completed,
BK_822,US_8553,SH_8327,2024-05-02 04:04:00,1,,153.27,completed,
BK_823,US_9949,SH_7276,2024-12-18 15:50:06,4,,1899.44,completed,
BK_824,US_9458,SH_9876,2025-09-17 11:05:34,3,,1238.6399999999999,completed,
BK_825,US_5629,SH_8173,2024-03-26 19:20:15,4,,0.0,refunded,
BK_826,US_8632,SH_5474,2024-01-15 18:31:44,3,,971.97,completed,
BK_827,US_8894,SH_1328,2025-09-30 14:04:50,1,,0.0,failed,
BK_828,US_2571,SH_6159,2025-11-28 02:59:37,2,,0.0,failed,
BK_829,US_7608,SH_2605,2024-05-06 22:23:37,4,,1511.92,completed,
BK_830,US_90,SH_7493,2025-01-06 18:32:49,3,,0.0,failed,
BK_831,US_8683,SH_7426,2025-12-03 09:41:32,3,,707.58,completed,
BK_832,US_1982,SH_9701,2025-07-13 01:49:19,2,,892.64,completed,
BK_833,US_9740,SH_1512,2025-09-23 12:23:42,3,,725.13,completed,
BK_834,US_8028,SH_3959,2024-10-20 13:27:11,2,,0.0,failed,
BK_835,US_8685,SH_4799,2024-07-08 23:11:14,3,,0.0,refunded,
BK_836,US_8369,SH_8146,2025-02-02 19:20:33,4,,0.0,failed,
BK_837,US_1230,SH_2358,2025-09-04 08:20:43,4,,1085.8,completed,
BK_838,US_9306,SH_7640,2024-09-17 17:37:43,4,,668.36,completed,
BK_839,US_562,SH_8100,2024-09-29 10:21:19,1,,192.26,completed,
BK_840,US_5526,SH_8190,2025-07-04 22:50:42,3,,512.1899999999999,completed,
BK_841,US_5704,SH_9753,2025-04-25 06:08:45,4,,1288.48,completed,
BK_842,US_9380,SH_7906,2024-06-11 04:49:38,1,,469.52,completed,
BK_843,US_1910,SH_8436,2025-02-10 17:58:41,1,,219.97,completed,
BK_844,US_6925,SH_7487,2024-12-29 14:42:09,4,,914.96,completed,
BK_845,US_2438,SH_3177,2025-02-10 00:34:39,1,,380.25,completed,
BK_846,US_1486,SH_2020,2024-06-02 02:22:59,4,,1976.84,completed,
BK_847,US_4483,SH_9389,2025-11-16 11:26:15,3,,972.51,completed,
BK_848,US_2317,SH_1338,2024-06-10 14:26:37,3,,947.49,completed,
BK_849,US_8998,SH_3077,2024-08-18 14:29:45,3,,939.9300000000001,completed,
BK_850,US_1001,SH_4959,2025-02-19 19:38:47,2,,413.88,completed,
BK_851,US_1091,SH_391,2025-05-27 11:30:50,4,,1714.12,completed,
BK_852,US_5386,SH_6625,2025-09-12 19:59:37,4,,0.0,failed,
BK_853,US_7797,SH_6633,2025-03-18 10:04:11,3,,1014.8700000000001,completed,
BK_854,US_5894,SH_1034,2025-06-09 21:00:47,3,,0.0,refunded,
BK_856,US_5990,SH_2744,2025-11-21 11:15:31,4,,1350.12,completed,
BK_857,US_2647,SH_1775,2024-04-12 08:36:15,2,,328.06,completed,
BK_858,US_821,SH_1776,2025-08-17 08:42:45,1,,405.81,completed,
BK_859,US_1835,SH_5958,2024-07-08 06:02:28,2,,658.4,completed,
BK_860,US_6888,SH_1973,2025-09-30 15:44:30,2,,574.78,completed,
BK_861,US_8173,SH_779,2024-09-09 08:10:14,2,,725.7,completed,
BK_862,US_5206,SH_2280,2024-08-10 06:14:22,4,,735.92,completed,
BK_863,US_562,SH_5413,2024-06-29 20:20:48,3,,1303.98,completed,
BK_864,US_5511,SH_350,2024-11-29 15:37:06,2,,460.72,completed,
BK_865,US_8430,SH_8008,2024-06-03 00:43:12,3,,0.0,failed,
BK_866,US_823,SH_4695,2025-02-13 08:15:29,2,,804.02,completed,
BK_867,US_2861,SH_9292,2024-02-07 16:44:43,2,,352.78,completed,
BK_868,US_1002,SH_7276,2025-12-05 20:16:59,2,,949.72,completed,
BK_869,US_7425,SH_3412,2024-12-14 06:32:43,4,,1257.72,completed,
BK_871,US_6145,SH_9629,2024-07-27 10:08:39,2,,910.84,completed,
BK_872,US_3058,SH_2347,2024-03-23 14:54:15,2,,530.34,completed,
BK_873,US_5207,SH_6534,2024-05-24 12:52:48,2,,343.44,completed,
BK_874,US_4415,SH_9671,2024-04-12 03:09:31,2,,943.74,completed,
BK_875,US_7552,SH_121,2025-11-16 08:05:04,4,,920.76,completed,
BK_877,US_5040,SH_1700,2024-01-10 17:04:23,1,,0.0,failed,
BK_879,US_4960,SH_1067,2024-10-22 20:34:14,4,,1481.68,completed,
BK_880,US_5603,SH_3547,2024-06-15 23:30:48,4,,1468.08,completed,
BK_881,US_833,SH_6730,2024-02-03 04:20:46,1,,276.33,completed,
BK_882,US_5198,SH_5137,2024-10-01 19:22:35,4,,1018.6,completed,
BK_883,US_4287,SH_252,2025-03-21 09:20:23,1,,261.88,completed,
BK_884,US_5550,SH_4069,2024-09-09 08:44:39,3,,1403.25,completed,
BK_885,US_6101,SH_5914,2025-08-22 19:07:13,3,,1023.78,completed,
BK_886,US_1401,SH_699,2024-01-26 12:38:01,4,,1537.84,completed,
BK_887,US_6312,SH_3651,2025-07-29 16:01:24,2,,641.84,completed,
BK_889,US_5139,SH_9639,2025-05-12 07:44:33,1,,342.66,completed,
BK_890,US_2400,SH_1570,2025-09-25 07:53:52,2,,990.4,completed,
BK_891,US_9037,SH_4704,2025-07-25 17:33:19,1,,211.11,completed,
BK_893,US_3872,SH_5115,2024-05-12 20:18:22,1,,450.05,completed,
BK_894,US_6580,SH_5313,2025-03-23 07:19:52,4,,1814.2,completed,
BK_895,US_9844,SH_5748,2024-07-21 02:12:48,3,,508.91999999999996,completed,
BK_898,US_2251,SH_3416,2024-12-03 08:02:50,1,,373.3,completed,
BK_899,US_6207,SH_6844,2024-08-19 00:05:49,2,,364.2,completed,
BK_900,US_4948,SH_9906,2025-12-28 15:33:32,3,,0.0,refunded,
BK_901,US_1699,SH_3417,2025-09-23 02:33:15,2,,0.0,refunded,
BK_903,US_2666,SH_5394,2024-05-11 13:12:03,1,,305.09,completed,
BK_905,US_8782,SH_2537,2025-05-28 00:21:08,2,,575.98,completed,
BK_906,US_9497,SH_5651,2025-06-23 03:04:17,2,,442.78,completed,
BK_907,US_3055,SH_8227,2025-07-13 19:12:16,1,,492.2,completed,
BK_908,US_278,SH_8946,2025-12-24 12:20:22,3,,0.0,failed,
BK_910,US_5784,SH_6105,2025-04-15 21:01:06,1,,191.46,completed,
BK_912,US_5174,SH_2874,2024-11-27 03:35:04,3,,692.01,completed,
BK_914,US_4266,SH_5689,2025-01-02 15:28:41,1,,206.63,completed,
BK_915,US_7865,SH_9805,2024-08-15 00:27:05,3,,1307.07,completed,
BK_916,US_2497,SH_1431,2024-12-28 00:32:40,4,,0.0,failed,
BK_918,US_8789,SH_4533,2025-02-11 19:12:41,2,,677.74,completed,
BK_920,US_4290,SH_5328,2025-07-08 22:48:28,3,,890.8799999999999,completed,
BK_921,US_3559,SH_8369,2024-02-06 08:57:47,2,,477.22,completed,
BK_922,US_5988,SH_2659,2025-08-02 15:30:55,1,,163.13,completed,
BK_923,US_2582,SH_3615,2025-12-14 02:46:53,2,,435.64,completed,
BK_924,US_6371,SH_9228,2025-05-31 05:49:27,3,,598.53,completed,
BK_926,US_8682,SH_2803,2025-05-16 01:40:00,3,,488.31000000000006,completed,
BK_927,US_8231,SH_3141,2025-11-11 03:14:28,2,,705.54,completed,
BK_928,US_3691,SH_6842,2024-11-24 10:14:38,3,,997.6200000000001,completed,
BK_929,US_2386,SH_5142,2025-03-25 11:19:38,3,,545.25,completed,
BK_930,US_9381,SH_9706,2025-10-16 04:45:36,3,,747.87,completed,
BK_931,US_7877,SH_7598,2025-08-07 02:56:15,1,,172.98,completed,
BK_932,US_2050,SH_3891,2024-01-08 20:06:47,3,,1061.3700000000001,completed,
BK_933,US_3459,SH_8543,2025-11-06 19:53:15,2,,795.84,completed,
BK_934,US_1275,SH_5866,2024-08-31 05:54:11,2,,911.44,completed,
BK_935,US_2090,SH_251,2024-11-01 03:30:40,4,,1460.92,completed,
BK_938,US_5370,SH_2425,2024-08-07 15:31:10,2,,580.58,completed,
BK_939,US_1692,SH_3781,2025-05-31 12:12:11,4,,867.88,completed,
BK_940,US_1963,SH_2569,2025-07-08 13:55:12,2,,623.6,completed,
BK_942,US_6632,SH_4133,2024-07-18 02:12:08,1,,254.52,completed,
BK_944,US_3459,SH_4919,2025-07-16 06:32:32,3,,1464.93,completed,
BK_945,US_1399,SH_9601,2025-05-12 01:50:59,3,,0.0,refunded,
BK_947,US_5042,SH_6471,2025-06-12 13:57:41,2,,618.04,completed,
BK_948,US_5456,SH_7605,2024-05-14 23:18:57,1,,435.55,completed,
BK_950,US_1814,SH_9869,2024-01-01 00:42:50,1,,345.32,completed,
BK_951,US_9682,SH_5680,2025-12-10 22:45:03,2,,755.16,completed,
BK_952,US_7018,SH_875,2025-03-05 19:26:36,4,,856.0,completed,
BK_953,US_9303,SH_4067,2024-11-10 08:42:19,2,,0.0,refunded,
BK_954,US_8768,SH_2664,2025-02-10 01:33:14,1,,475.6,completed,
BK_956,US_6891,SH_3860,2025-08-24 20:04:16,2,,464.48,completed,
BK_957,US_1532,SH_7185,2025-05-31 11:38:56,1,,470.21,completed,
BK_958,US_6147,SH_5061,2024-01-17 16:51:31,2,,0.0,refunded,
BK_959,US_4619,SH_3672,2024-03-14 06:12:53,3,,1001.52,completed,
BK_960,US_9075,SH_1627,2025-12-28 23:03:07,2,,393.3,completed,
BK_961,US_8579,SH_7101,2025-11-26 02:33:17,3,,1146.6299999999999,completed,
BK_962,US_6643,SH_5825,2024-05-18 20:19:50,2,,374.44,completed,
BK_963,US_5827,SH_8976,2025-08-21 10:59:28,3,,845.67,completed,
BK_964,US_4081,SH_9620,2024-11-17 16:59:58,2,,555.44,completed,
BK_965,US_4864,SH_5395,2024-06-03 02:14:09,2,,337.62,completed,
BK_966,US_2678,SH_2195,2025-10-23 21:35:32,4,,1063.24,completed,
BK_968,US_1988,SH_1135,2025-11-02 10:22:01,4,,1775.4,completed,
BK_969,US_2214,SH_3178,2025-05-01 04:10:18,4,,0.0,failed,
BK_971,US_5160,SH_1025,2025-07-19 20:34:00,1,,351.81,completed,
BK_972,US_5886,SH_6033,2025-04-30 16:36:25,2,,737.52,completed,
BK_973,US_3189,SH_2446,2025-08-18 03:56:00,1,,495.22,completed,
BK_974,US_1164,SH_4333,2025-05-26 00:33:12,4,,1472.72,completed,
BK_975,US_888,SH_5017,2025-08-18 01:48:48,4,,1448.08,completed,
BK_976,US_4969,SH_4556,2024-06-27 21:01:03,4,,1742.84,completed,
BK_977,US_3368,SH_6782,2024-06-19 09:02:27,1,,219.56,completed,
BK_978,US_7586,SH_2248,2024-01-17 03:29:03,2,,969.6,completed,
BK_979,US_5194,SH_5379,2024-03-19 15:07:21,2,,455.1,completed,
BK_980,US_1112,SH_2456,2025-11-29 11:06:47,4,,1687.68,completed,
BK_981,US_3917,SH_3021,2024-12-26 23:36:51,3,,1416.27,completed,
BK_982,US_1053,SH_5034,2025-04-26 00:21:52,1,,239.95,completed,
BK_983,US_9282,SH_4346,2025-12-11 12:26:32,1,,0.0,refunded,
BK_985,US_4884,SH_1577,2025-07-26 19:05:03,3,,699.72,completed,
BK_986,US_4214,SH_3420,2025-10-16 12:14:36,1,,397.03,completed,
BK_988,US_1367,SH_7722,2024-05-10 12:26:27,2,,856.32,completed,
BK_990,US_5399,SH_3405,2025-11-21 03:33:06,2,,755.98,completed,
BK_991,US_2942,SH_8962,2024-08-14 05:28:00,1,,338.89,completed,
BK_992,US_8627,SH_1391,2025-01-22 16:23:54,3,,1319.94,completed,
BK_993,US_1036,SH_9854,2024-02-25 11:34:10,2,,873.22,completed,
BK_994,US_9619,SH_7282,2024-02-26 22:29:00,3,,776.58,completed,
BK_995,US_9927,SH_3971,2024-04-01 22:27:33,3,,682.53,completed,
BK_997,US_433,SH_8545,2025-02-16 21:06:44,4,,924.16,completed,
BK_998,US_7704,SH_3487,2025-09-11 22:02:51,3,,0.0,failed,
BK_999,US_4718,SH_1481,2025-02-25 18:59:52,4,,1480.4,completed,
BK_1000,US_781,SH_6305,2025-01-08 02:54:08,4,,1179.84,completed,
BK_1001,US_617,SH_6568,2025-02-04 14:33:39,3,,1421.49,completed,
BK_1002,US_9076,SH_2251,2025-03-30 23:33:12,2,,589.98,completed,
BK_1003,US_7708,SH_1683,2024-02-09 14:03:16,1,,160.66,completed,
BK_1004,US_5917,SH_9277,2025-07-06 16:57:11,4,,615.04,completed,
BK_1005,US_3549,SH_3126,2025-07-23 23:01:57,2,,0.0,refunded,
BK_1006,US_449,SH_7934,2024-05-19 16:12:49,3,,1428.78,completed,
BK_1007,US_8344,SH_4141,2024-04-16 00:28:46,1,,0.0,refunded,
BK_1008,US_6053,SH_8958,2025-11-29 11:18:23,3,,548.73,completed,
BK_1010,US_5915,SH_5236,2025-03-13 06:53:28,2,,418.64,completed,
BK_1012,US_356,SH_4741,2025-06-28 23:45:52,3,,458.31000000000006,completed,
BK_1013,US_6634,SH_1755,2025-09-03 22:47:21,3,,773.4300000000001,completed,
BK_1014,US_1377,SH_3096,2024-12-30 22:35:13,1,,482.32,completed,
BK_1015,US_1761,SH_2669,2025-02-12 10:01:05,3,,1459.17,completed,
BK_1016,US_7221,SH_9509,2024-01-18 21:08:02,2,,506.44,completed,
BK_1017,US_7798,SH_8812,2024-08-09 01:26:08,1,,456.27,completed,
BK_1018,US_3222,SH_3815,2024-01-27 11:50:16,3,,804.6299999999999,completed,
BK_1019,US_7063,SH_9622,2025-08-15 15:47:19,1,,205.71,completed,
BK_1020,US_6060,SH_2536,2025-02-19 17:00:15,2,,362.58,completed,
BK_1021,US_9333,SH_8887,2025-03-16 20:00:24,4,,608.88,completed,
BK_1022,US_482,SH_589,2024-12-29 10:16:00,3,,717.87,completed,
BK_1025,US_3021,SH_4788,2025-03-01 11:22:12,3,,1059.81,completed,
BK_1026,US_9235,SH_3547,2024-02-28 17:38:14,1,,367.02,completed,
BK_1027,US_6990,SH_4362,2025-06-18 06:28:02,3,,1082.94,completed,
BK_1028,US_5377,SH_6623,2025-06-28 11:46:19,4,,1347.72,completed,
BK_1029,US_7063,SH_2517,2025-05-22 00:53:24,4,,1708.0,completed,
BK_1030,US_1888,SH_7184,2024-04-02 08:14:23,1,,204.42,completed,
BK_1031,US_1872,SH_7611,2024-10-13 04:15:15,2,,377.06,completed,
BK_1032,US_1793,SH_5955,2024-06-08 10:48:13,3,,0.0,failed,
BK_1033,US_9974,SH_3629,2025-05-15 12:58:16,1,,341.45,completed,
BK_1034,US_5703,SH_7965,2025-10-24 23:47:16,2,,793.4,completed,
BK_1035,US_7193,SH_9984,2024-04-19 12:28:06,3,,915.48,completed,
BK_1036,US_1435,SH_6139,2024-01-18 06:31:51,2,,486.32,completed,
BK_1039,US_8741,SH_7684,2025-02-08 06:13:09,4,,812.8,completed,
BK_1040,US_9247,SH_9035,2024-11-17 07:52:10,3,,1433.94,completed,
BK_1041,US_6482,SH_2877,2025-09-13 00:36:04,1,,458.33,completed,
BK_1042,US_8579,SH_5667,2024-11-23 18:46:46,3,,468.63,completed,
BK_1043,US_6641,SH_3979,2024-03-05 07:44:07,2,,957.08,completed,
BK_1045,US_2342,SH_2150,2024-02-13 19:11:26,1,,475.8,completed,
BK_1046,US_2470,SH_8156,2025-04-19 11:05:29,3,,0.0,failed,
BK_1047,US_1696,SH_1275,2024-09-01 09:00:45,4,,1682.24,completed,
BK_1048,US_839,SH_2040,2024-07-14 00:22:17,3,,1430.01,completed,
BK_1049,US_1809,SH_2353,2025-09-01 11:12:46,1,,198.83,completed,
BK_1050,US_8067,SH_8848,2025-12-24 02:41:18,2,,419.8,completed,
BK_1051,US_2622,SH_3006,2024-05-27 08:34:03,3,,915.0,completed,
BK_1052,US_6848,SH_5044,2025-09-11 21:32:18,3,,0.0,failed,
BK_1053,US_8501,SH_8878,2025-02-19 12:44:32,2,,774.56,completed,
BK_1054,US_1643,SH_2182,2024-06-03 16:26:07,1,,391.87,completed,
BK_1055,US_3536,SH_4191,2025-12-08 07:47:29,4,,975.64,completed,
BK_1056,US_1835,SH_21,2024-11-25 21:41:38,2,,432.6,completed,
BK_1057,US_7902,SH_9317,2025-07-12 10:11:52,2,,643.38,completed,
BK_1058,US_472,SH_3963,2024-05-15 04:45:42,2,,614.4,completed,
BK_1059,US_8031,SH_6215,2025-06-18 02:50:07,3,,0.0,failed,
BK_1061,US_5055,SH_7762,2024-09-01 04:47:22,1,,169.12,completed,
BK_1062,US_3117,SH_9877,2025-02-14 12:55:32,4,,1197.8,completed,
BK_1063,US_477,SH_1096,2025-06-25 21:12:54,1,,434.8,completed,
BK_1064,US_334,SH_8466,2024-08-13 22:33:42,1,,475.39,completed,
BK_1065,US_1677,SH_9837,2025-12-02 14:04:38,2,,764.56,completed,
BK_1066,US_4414,SH_9454,2024-02-13 16:15:59,2,,600.7,completed,
BK_1068,US_7220,SH_4961,2024-05-24 19:27:35,2,,367.34,completed,
BK_1069,US_3629,SH_1166,2024-07-08 16:41:56,2,,759.08,completed,
BK_1070,US_6203,SH_6554,2024-03-05 03:00:05,1,,0.0,refunded,
BK_1071,US_2476,SH_3358,2024-10-12 22:05:04,2,,883.3,completed,
BK_1072,US_3981,SH_8316,2025-10-04 17:09:23,1,,387.37,completed,
BK_1074,US_4106,SH_9613,2025-07-12 02:43:25,1,,438.85,completed,
BK_1075,US_9400,SH_2355,2024-05-25 12:14:24,1,,0.0,failed,
BK_1076,US_884,SH_7849,2024-01-11 00:48:15,3,,696.33,completed,
BK_1077,US_585,SH_3013,2025-10-11 00:36:44,2,,0.0,failed,
BK_1078,US_7865,SH_4722,2025-02-23 07:25:55,4,,1212.44,completed,
BK_1079,US_8819,SH_2946,2024-08-06 05:13:23,1,,289.43,completed,
BK_1080,US_9153,SH_8703,2024-09-10 01:37:16,3,,994.4100000000001,completed,
BK_1082,US_3304,SH_6756,2025-12-25 06:50:52,4,,730.24,completed,
BK_1083,US_4797,SH_2784,2024-03-29 01:07:47,2,,0.0,refunded,
BK_1084,US_9750,SH_7152,2025-07-13 13:24:41,3,,1062.09,completed,
BK_1085,US_7577,SH_4158,2025-12-13 13:54:27,2,,325.76,completed,
BK_1086,US_4154,SH_5592,2024-03-23 03:53:09,4,,0.0,failed,
BK_1087,US_8239,SH_6581,2024-07-08 04:21:15,4,,631.24,completed,
BK_1088,US_1344,SH_1535,2024-11-26 23:42:31,3,,1105.6200000000001,completed,
BK_1089,US_284,SH_8951,2024-11-03 20:06:37,2,,0.0,failed,
BK_1090,US_3234,SH_7924,2024-03-10 20:26:21,3,,622.62,completed,
BK_1091,US_5147,SH_6999,2025-08-11 04:51:58,4,,1858.96,completed,
BK_1092,US_26,SH_2821,2024-10-07 01:35:07,1,,476.95,completed,
BK_1093,US_2160,SH_1498,2025-09-02 23:24:07,3,,794.52,completed,
BK_1094,US_2368,SH_5312,2025-12-18 18:44:19,4,,1179.76,completed,
BK_1095,US_4664,SH_4078,2025-04-12 05:29:34,1,,330.43,completed,
BK_1097,US_9171,SH_1349,2025-11-22 18:08:57,2,,546.88,completed,
BK_1098,US_8883,SH_6343,2024-08-24 06:27:03,4,,1187.2,completed,
BK_1100,US_8342,SH_1412,2025-04-02 02:23:02,2,,686.94,completed,
BK_1102,US_4504,SH_4776,2025-05-11 12:11:39,1,,241.31,completed,
BK_1103,US_6851,SH_9860,2024-12-30 15:03:43,3,,1361.6399999999999,completed,
BK_1104,US_1636,SH_5697,2025-10-16 18:42:35,4,,1466.52,completed,
BK_1108,US_5914,SH_7587,2025-11-04 23:04:36,3,,987.42,completed,
BK_1110,US_9110,SH_7592,2024-09-22 09:01:49,2,,972.14,completed,
BK_1111,US_6345,SH_3233,2025-11-01 09:21:46,1,,0.0,refunded,
BK_1112,US_3355,SH_4246,2025-07-16 22:37:57,2,,987.86,completed,
BK_1113,US_5934,SH_2163,2025-08-23 08:32:28,1,,183.38,completed,
BK_1114,US_3904,SH_7254,2025-04-16 01:59:37,4,,1069.0,completed,
BK_1115,US_8935,SH_7906,2024-09-24 03:55:02,2,,0.0,failed,
BK_1116,US_4760,SH_1883,2024-04-06 21:11:09,3,,0.0,refunded,
BK_1118,US_7162,SH_2257,2025-08-19 05:53:38,2,,0.0,failed,
BK_1119,US_6264,SH_9614,2025-05-19 20:03:19,4,,1503.92,completed,
BK_1120,US_9644,SH_2162,2024-02-05 11:00:03,2,,763.92,completed,
BK_1121,US_3600,SH_3865,2024-09-09 10:19:03,1,,403.18,completed,
BK_1123,US_9593,SH_500,2025-06-16 11:35:16,2,,741.2,completed,
BK_1125,US_8266,SH_2212,2024-05-31 21:10:12,4,,0.0,failed,
BK_1127,US_3856,SH_8746,2024-12-09 20:03:39,1,,227.5,completed,
BK_1128,US_9982,SH_1738,2025-04-03 08:24:00,1,,460.88,completed,
BK_1130,US_3131,SH_3169,2025-08-25 01:15:03,2,,979.68,completed,
BK_1131,US_7730,SH_9010,2025-11-22 22:20:43,1,,271.91,completed,
BK_1132,US_6197,SH_8228,2024-03-28 15:17:43,4,,1797.88,completed,
BK_1133,US_4173,SH_2562,2024-09-09 00:38:21,4,,0.0,refunded,
BK_1134,US_8373,SH_533,2024-12-12 00:18:55,2,,642.12,completed,
BK_1136,US_9106,SH_6489,2024-10-17 00:19:34,1,,426.94,completed,
BK_1137,US_7829,SH_232,2025-07-06 20:59:50,4,,1553.72,completed,
BK_1138,US_6511,SH_9194,2024-12-10 08:02:47,1,,312.67,completed,
BK_1139,US_7285,SH_3677,2024-07-26 16:01:37,3,,796.53,completed,
BK_1140,US_2159,SH_5872,2024-08-25 04:55:41,3,,1124.4,completed,
BK_1141,US_2789,SH_1823,2025-09-14 21:17:31,1,,463.06,completed,
BK_1142,US_2145,SH_5499,2024-06-29 23:37:20,3,,1205.4,completed,
BK_1143,US_4541,SH_7261,2024-04-25 08:28:09,1,,0.0,failed,
BK_1144,US_6314,SH_4366,2025-03-10 11:42:50,1,,388.42,completed,
BK_1145,US_2053,SH_2083,2025-08-05 19:40:10,4,,1170.72,completed,
BK_1146,US_2297,SH_2221,2024-01-12 05:47:08,4,,1361.92,completed,
BK_1147,US_2344,SH_5761,2025-05-05 07:04:33,2,,526.02,completed,
BK_1148,US_6798,SH_5676,2024-09-05 20:50:07,3,,1085.82,completed,
BK_1150,US_2656,SH_9475,2025-07-19 00:23:44,4,,0.0,failed,
BK_1151,US_5365,SH_7964,2024-07-29 09:19:19,2,,0.0,failed,
BK_1152,US_8911,SH_859,2025-08-26 16:58:12,3,,969.27,completed,
BK_1153,US_8773,SH_7812,2024-04-18 23:24:09,3,,672.54,completed,
BK_1154,US_2264,SH_6717,2024-12-07 15:17:37,2,,899.7,completed,
BK_1155,US_1580,SH_9875,2024-03-29 21:19:37,2,,0.0,refunded,
BK_1156,US_6669,SH_9187,2024-11-01 15:53:33,2,,799.6,completed,
BK_1157,US_694,SH_1162,2024-06-20 12:07:51,3,,1198.08,completed,
BK_1158,US_1280,SH_6211,2024-09-25 07:39:35,3,,977.25,completed,
BK_1159,US_1483,SH_7604,2025-09-07 20:25:03,4,,0.0,failed,
BK_1160,US_1434,SH_8192,2025-08-21 18:24:18,1,,236.97,completed,
BK_1161,US_4001,SH_9361,2024-07-19 03:26:50,1,,321.01,completed,
BK_1162,US_4883,SH_4158,2024-12-08 23:58:37,3,,488.64,completed,
BK_1163,US_1878,SH_5904,2024-08-19 00:20:54,3,,1266.54,completed,
BK_1164,US_565,SH_6476,2024-11-07 07:14:28,2,,458.92,completed,
BK_1165,US_8199,SH_9110,2024-09-07 15:16:41,1,,341.86,completed,
BK_1166,US_980,SH_3190,2024-10-14 12:18:12,2,,979.44,completed,
BK_1168,US_1296,SH_1116,2025-12-19 15:05:07,2,,739.56,completed,
BK_1169,US_1503,SH_1404,2025-04-14 03:57:55,1,,153.19,completed,
BK_1170,US_7964,SH_3153,2024-03-17 23:45:29,2,,318.66,completed,
BK_1171,US_1137,SH_4841,2024-02-24 10:14:33,1,,0.0,failed,
BK_1172,US_9519,SH_2396,2024-02-29 06:46:40,2,,456.94,completed,
BK_1173,US_6577,SH_7454,2024-11-25 19:36:53,2,,832.22,completed,
BK_1175,US_695,SH_4814,2024-01-20 16:19:15,2,,0.0,refunded,
BK_1177,US_2368,SH_9739,2025-01-10 02:20:52,4,,1815.24,completed,
BK_1178,US_8726,SH_4337,2025-03-11 11:08:14,3,,1020.1800000000001,completed,
BK_1179,US_9764,SH_9432,2024-05-09 05:47:32,3,,1153.41,completed,
BK_1180,US_5862,SH_8855,2024-04-09 19:13:10,1,,495.09,completed,
BK_1181,US_9816,SH_2082,2025-09-23 11:05:33,1,,273.74,completed,
BK_1182,US_424,SH_7447,2025-09-21 08:21:20,2,,354.42,completed,
BK_1183,US_179,SH_9141,2024-10-21 07:55:32,3,,810.1500000000001,completed,
BK_1184,US_7521,SH_2608,2024-04-05 09:49:41,4,,1122.88,completed,
BK_1186,US_8438,SH_2149,2024-04-04 02:36:09,2,,729.42,completed,
BK_1187,US_828,SH_2922,2025-10-13 21:29:01,3,,1411.98,completed,
BK_1189,US_1883,SH_7934,2025-10-26 10:00:41,1,,476.26,completed,
BK_1190,US_1869,SH_1297,2024-01-03 17:34:52,3,,861.06,completed,
BK_1191,US_8095,SH_9525,2025-02-11 14:16:24,1,,254.06,completed,
BK_1192,US_5122,SH_9002,2024-10-11 17:44:47,3,,0.0,refunded,
BK_1193,US_4052,SH_3169,2024-08-03 02:11:27,3,,1469.52,completed,
BK_1195,US_1472,SH_5760,2025-08-08 21:12:37,4,,1815.92,completed,
BK_1196,US_9612,SH_5769,2025-06-05 07:02:47,4,,1442.2,completed,
BK_1197,US_1165,SH_4623,2024-09-11 03:57:29,3,,458.18999999999994,completed,
BK_1198,US_7385,SH_3213,2024-07-16 22:29:36,1,,441.09,completed,
BK_1199,US_7363,SH_8799,2025-07-22 10:51:44,1,,234.91,completed,
BK_1200,US_6569,SH_4748,2025-07-10 07:22:53,1,,386.71,completed,
BK_1201,US_5572,SH_5900,2024-09-25 14:26:29,1,,0.0,failed,
BK_1202,US_3397,SH_4148,2025-01-22 06:42:42,1,,0.0,failed,
BK_1203,US_2718,SH_7040,2025-07-12 10:48:42,1,,303.69,completed,
BK_1205,US_1404,SH_1581,2025-06-03 00:50:15,4,,1825.48,completed,
BK_1206,US_2795,SH_3274,2024-10-24 04:37:57,1,,375.59,completed,
BK_1207,US_1212,SH_4692,2025-02-02 16:49:47,1,,322.44,completed,
BK_1208,US_4674,SH_2464,2024-10-18 16:13:48,2,,0.0,refunded,
BK_1209,US_2380,SH_9724,2024-08-25 06:46:30,1,,478.04,completed,
BK_1210,US_6746,SH_2304,2024-05-24 09:42:24,3,,1102.1399999999999,completed,
BK_1213,US_6058,SH_76,2024-12-11 17:44:19,1,,0.0,failed,
BK_1214,US_7244,SH_9599,2025-01-06 22:23:03,1,,382.96,completed,
BK_1215,US_3552,SH_1026,2024-05-03 02:03:49,2,,0.0,refunded,
BK_1216,US_7600,SH_1837,2025-02-16 17:41:28,3,,1007.64,completed,
BK_1217,US_3534,SH_7242,2024-04-11 07:16:03,3,,936.51,completed,
BK_1218,US_9468,SH_1623,2025-03-26 09:51:26,3,,1436.04,completed,
BK_1219,US_9236,SH_1013,2024-08-10 17:25:52,4,,1720.56,completed,
BK_1220,US_3448,SH_1489,2025-03-15 07:11:20,3,,1054.59,completed,
BK_1221,US_4118,SH_2485,2025-08-12 12:13:07,4,,857.24,completed,
BK_1223,US_3224,SH_3609,2024-03-01 16:17:17,2,,427.82,completed,
BK_1224,US_5686,SH_3466,2025-11-06 17:20:56,3,,0.0,failed,
BK_1225,US_3165,SH_6433,2025-09-18 12:02:38,3,,1310.85,completed,
BK_1226,US_9963,SH_4754,2025-12-12 18:33:26,3,,1031.97,completed,
BK_1227,US_6377,SH_4467,2025-08-23 11:26:32,1,,325.32,completed,
BK_1229,US_3819,SH_489,2025-03-21 20:13:54,3,,1277.97,completed,
BK_1230,US_2933,SH_2929,2024-12-23 14:43:06,1,,214.21,completed,
BK_1231,US_2410,SH_4845,2024-08-27 08:46:02,4,,0.0,failed,
BK_1232,US_6659,SH_6441,2024-09-30 06:13:34,2,,315.14,completed,
BK_1233,US_1336,SH_6453,2024-03-07 04:34:16,1,,163.91,completed,
BK_1234,US_2911,SH_5790,2024-11-18 06:52:59,4,,1704.0,completed,
BK_1235,US_2782,SH_129,2025-12-29 01:07:34,4,,1944.72,completed,
BK_1237,US_8257,SH_9115,2024-03-12 21:30:01,4,,1683.84,completed,
BK_1238,US_1470,SH_3633,2024-07-21 15:23:08,4,,776.44,completed,
BK_1239,US_6285,SH_3226,2024-09-18 03:23:54,1,,194.91,completed,
BK_1241,US_6501,SH_2486,2024-07-14 11:23:15,3,,593.28,completed,
BK_1242,US_5341,SH_89,2025-01-29 20:22:43,1,,318.18,completed,
BK_1244,US_8154,SH_3450,2024-05-24 11:17:27,1,,0.0,refunded,
BK_1245,US_3010,SH_6419,2024-08-14 07:55:15,1,,299.83,completed,
BK_1246,US_9142,SH_660,2025-01-30 03:33:14,4,,1417.8,completed,
BK_1247,US_8722,SH_8776,2024-12-22 10:12:07,4,,0.0,failed,
BK_1248,US_4154,SH_4900,2024-09-07 08:18:05,2,,509.32,completed,
BK_1249,US_7393,SH_1289,2025-08-10 23:13:36,2,,0.0,failed,
BK_1250,US_5371,SH_2826,2024-02-25 07:09:25,2,,668.86,completed,
BK_1251,US_2643,SH_2317,2025-10-20 16:11:39,3,,1234.8600000000001,completed,
BK_1252,US_5345,SH_5551,2025-05-22 00:04:26,3,,616.71,completed,
BK_1254,US_6833,SH_7263,2024-02-22 12:35:35,3,,1037.85,completed,
BK_1255,US_2576,SH_2907,2024-02-13 01:19:02,4,,0.0,failed,
BK_1256,US_9976,SH_5504,2025-06-10 21:54:24,4,,873.16,completed,
BK_1257,US_334,SH_8571,2024-06-08 08:57:49,2,,729.34,completed,
BK_1258,US_4879,SH_3218,2025-09-24 02:58:45,1,,378.86,completed,
BK_1259,US_1691,SH_5604,2024-06-27 17:06:47,2,,553.26,completed,
BK_1260,US_4153,SH_9910,2025-05-30 15:30:01,2,,0.0,failed,
BK_1261,US_2846,SH_7660,2025-01-06 01:31:59,1,,350.13,completed,
BK_1262,US_1610,SH_1424,2024-07-13 14:27:58,3,,905.0999999999999,completed,
BK_1263,US_6345,SH_1118,2024-03-16 04:08:25,1,,0.0,failed,
BK_1265,US_5302,SH_1354,2024-01-08 13:33:15,4,,1395.6,completed,
BK_1266,US_9969,SH_7861,2024-01-11 21:00:18,4,,1299.6,completed,
BK_1267,US_524,SH_7327,2025-03-12 12:18:24,4,,1606.68,completed,
BK_1269,US_4837,SH_4385,2025-12-24 03:14:33,4,,1203.8,completed,
BK_1270,US_4745,SH_9973,2024-10-08 04:21:42,1,,166.43,completed,
BK_1271,US_466,SH_5494,2025-10-24 20:46:41,4,,0.0,failed,
BK_1272,US_7863,SH_6086,2024-04-18 02:42:04,2,,787.76,completed,
BK_1273,US_9309,SH_2363,2025-04-09 13:42:20,1,,316.12,completed,
BK_1274,US_5690,SH_8949,2024-09-03 00:58:10,2,,948.76,completed,
BK_1275,US_2413,SH_8844,2024-12-28 22:29:39,1,,251.47,completed,
BK_1276,US_437,SH_1905,2025-03-04 05:40:29,3,,793.1999999999999,completed,
BK_1277,US_9152,SH_6113,2025-01-10 21:58:46,2,,513.92,completed,
BK_1278,US_1418,SH_4391,2024-08-25 11:50:45,4,,993.44,completed,
BK_1279,US_4601,SH_2486,2024-02-19 07:27:05,4,,791.04,completed,
BK_1280,US_6851,SH_4122,2024-07-08 21:57:24,3,,545.4000000000001,completed,
BK_1281,US_4540,SH_3702,2025-02-11 00:38:30,4,,712.12,completed,
BK_1283,US_4543,SH_2061,2024-09-27 06:41:53,1,,274.7,completed,
BK_1284,US_7792,SH_1483,2024-01-14 11:04:31,1,,174.19,completed,
BK_1285,US_5438,SH_4990,2025-11-06 16:14:48,4,,1452.28,completed,
BK_1286,US_5417,SH_502,2024-01-28 16:16:30,1,,466.95,completed,
BK_1287,US_17,SH_1594,2025-06-03 10:01:21,4,,1569.52,completed,
BK_1288,US_1960,SH_6572,2024-02-26 08:56:14,1,,240.35,completed,
BK_1289,US_3174,SH_1620,2025-11-20 21:40:12,2,,861.18,completed,
BK_1290,US_7438,SH_8995,2025-12-21 17:04:01,3,,1292.8799999999999,completed,
BK_1291,US_9600,SH_4164,2024-05-05 13:13:39,4,,912.32,completed,
BK_1293,US_8490,SH_9110,2025-05-20 14:36:00,3,,1025.58,completed,
BK_1294,US_3371,SH_739,2025-02-10 12:07:02,3,,698.4300000000001,completed,
BK_1295,US_6977,SH_9892,2024-07-17 02:57:07,4,,1749.64,completed,
BK_1296,US_3388,SH_5387,2025-12-11 17:55:32,1,,237.63,completed,
BK_1297,US_8486,SH_935,2024-11-07 08:56:04,4,,1481.52,completed,
BK_1298,US_63,SH_4430,2025-05-13 16:49:28,2,,0.0,refunded,
BK_1299,US_1585,SH_3295,2025-05-19 10:27:44,3,,900.99,completed,
BK_1300,US_2949,SH_397,2025-06-04 00:46:47,3,,461.58000000000004,completed,
BK_1301,US_8354,SH_3246,2024-03-08 01:45:19,1,,217.57,completed,
BK_1302,US_5880,SH_5515,2025-03-18 22:20:56,2,,875.22,completed,
BK_1303,US_4393,SH_6686,2024-07-23 03:35:49,1,,267.82,completed,
BK_1305,US_4342,SH_4562,2025-07-22 02:20:23,2,,959.84,completed,
BK_1306,US_6699,SH_9303,2024-03-12 02:58:17,3,,873.9000000000001,completed,
BK_1307,US_4057,SH_9004,2025-08-18 05:48:52,2,,359.08,completed,
BK_1308,US_1921,SH_7592,2024-07-15 18:19:02,1,,486.07,completed,
BK_1309,US_2227,SH_1233,2024-07-04 12:55:28,1,,343.9,completed,
BK_1310,US_7918,SH_8943,2025-10-16 10:29:53,1,,322.37,completed,
BK_1311,US_6703,SH_739,2024-06-29 05:06:20,1,,0.0,failed,
BK_1312,US_3063,SH_3684,2025-10-26 03:44:04,4,,0.0,refunded,
BK_1313,US_9266,SH_6054,2024-07-08 15:43:03,1,,383.07,completed,
BK_1315,US_7895,SH_2062,2025-10-22 08:33:52,3,,0.0,failed,
BK_1316,US_7438,SH_5976,2025-04-28 01:53:23,2,,558.24,completed,
BK_1317,US_9285,SH_8701,2024-04-07 15:08:38,2,,497.18,completed,
BK_1318,US_3938,SH_3474,2025-10-26 22:33:16,1,,418.28,completed,
BK_1320,US_7539,SH_4410,2024-03-14 10:52:10,2,,875.62,completed,
BK_1321,US_2825,SH_7200,2025-03-06 06:35:43,4,,849.2,completed,
BK_1322,US_9135,SH_90,2024-06-10 15:07:01,3,,1172.43,completed,
BK_1324,US_6074,SH_8148,2025-09-01 09:49:08,2,,523.58,completed,
BK_1325,US_5983,SH_796,2024-06-14 15:58:30,3,,860.3700000000001,completed,
BK_1326,US_6041,SH_7423,2024-02-02 17:41:32,1,,477.94,completed,
BK_1327,US_2815,SH_2559,2024-12-30 08:29:27,4,,1502.92,completed,
BK_1329,US_6114,SH_4707,2025-01-24 05:41:02,1,,0.0,failed,
BK_1330,US_1045,SH_5863,2025-10-02 08:11:21,2,,955.92,completed,
BK_1331,US_2835,SH_7190,2025-05-02 15:27:54,3,,1111.9499999999998,completed,
BK_1332,US_4701,SH_9544,2024-12-18 17:18:24,2,,502.44,completed,
BK_1333,US_3001,SH_1775,2024-06-07 17:28:12,4,,656.12,completed,
BK_1334,US_5391,SH_6561,2025-04-21 15:57:24,1,,331.15,completed,
BK_1335,US_9617,SH_3122,2025-05-22 11:27:39,4,,1757.52,completed,
BK_1336,US_6980,SH_8152,2024-01-13 16:22:38,3,,1307.34,completed,
BK_1337,US_4055,SH_2533,2025-11-07 09:52:25,4,,1634.28,completed,
BK_1338,US_9209,SH_9618,2024-06-23 09:05:25,3,,833.64,completed,
BK_1341,US_3659,SH_5243,2025-11-08 04:55:27,2,,447.1,completed,
BK_1342,US_7420,SH_3420,2025-07-19 12:16:40,2,,794.06,completed,
BK_1343,US_8510,SH_6408,2024-12-26 16:13:23,1,,331.62,completed,
BK_1344,US_8372,SH_4851,2024-11-16 18:53:11,1,,247.57,completed,
BK_1345,US_2701,SH_7818,2025-10-22 05:33:45,2,,747.5,completed,
BK_1346,US_775,SH_5735,2025-04-07 00:17:42,4,,0.0,failed,
BK_1348,US_8729,SH_8124,2024-05-22 04:54:33,2,,434.3,completed,
BK_1349,US_3711,SH_8106,2025-05-12 20:26:57,4,,1676.96,completed,
BK_1350,US_9999,SH_7680,2024-03-05 00:09:20,4,,904.12,completed,
BK_1351,US_5359,SH_591,2025-03-17 13:49:40,1,,208.24,completed,
BK_1353,US_3905,SH_6022,2024-09-30 01:10:21,4,,1991.32,completed,
BK_1354,US_5612,SH_8538,2025-10-24 12:09:18,2,,482.44,completed,
BK_1355,US_8246,SH_9871,2025-12-18 10:23:00,2,,824.1,completed,
BK_1356,US_7206,SH_5956,2025-05-03 06:45:14,1,,0.0,failed,
BK_1357,US_268,SH_8335,2025-12-11 05:45:40,1,,340.11,completed,
BK_1359,US_3730,SH_4268,2024-08-08 21:22:50,1,,187.36,completed,
BK_1360,US_1327,SH_3084,2025-09-07 19:02:54,1,,232.44,completed,
BK_1361,US_3185,SH_4895,2025-04-02 15:20:25,3,,1376.52,completed,
BK_1363,US_2364,SH_3519,2024-04-13 19:05:10,2,,802.24,completed,
BK_1364,US_325,SH_9002,2024-11-29 18:51:34,2,,572.24,completed,
BK_1365,US_1996,SH_5780,2024-06-29 00:31:00,3,,1104.33,completed,
BK_1366,US_6031,SH_227,2024-10-27 13:31:31,2,,705.02,completed,
BK_1367,US_199,SH_1304,2025-07-01 03:55:40,2,,587.76,completed,
BK_1368,US_4371,SH_101,2024-07-12 17:26:05,3,,678.72,completed,
BK_1369,US_9250,SH_4562,2025-04-13 06:10:14,1,,479.92,completed,
BK_1370,US_3051,SH_6350,2024-11-23 08:08:50,1,,468.06,completed,
BK_1371,US_7784,SH_3401,2025-01-12 07:25:59,1,,480.88,completed,
BK_1372,US_404,SH_1870,2025-07-27 03:53:31,1,,481.78,completed,
BK_1373,US_5951,SH_8967,2024-12-03 06:26:45,1,,376.38,completed,
BK_1374,US_7383,SH_2099,2024-07-14 23:09:52,1,,368.25,completed,
BK_1375,US_8994,SH_7542,2024-07-04 16:50:16,4,,703.16,completed,
BK_1376,US_6961,SH_6924,2024-03-01 19:35:37,1,,0.0,failed,
BK_1377,US_2856,SH_854,2025-11-23 10:35:37,2,,676.2,completed,
BK_1378,US_7268,SH_1023,2025-12-01 18:03:57,4,,1194.28,completed,
BK_1379,US_966,SH_5268,2024-02-02 13:46:10,3,,625.29,completed,
BK_1380,US_6230,SH_8208,2025-10-01 16:40:51,1,,222.36,completed,
BK_1382,US_4299,SH_601,2025-02-16 09:19:33,1,,269.2,completed,
BK_1383,US_3415,SH_5801,2024-01-11 11:24:33,3,,1217.31,completed,
BK_1384,US_8746,SH_3191,2025-02-25 19:55:52,1,,313.45,completed,
BK_1386,US_5801,SH_3912,2024-05-15 10:33:51,1,,476.54,completed,
BK_1387,US_4574,SH_6810,2024-07-25 08:12:19,3,,1042.92,completed,
BK_1388,US_8059,SH_2627,2025-11-11 00:20:26,1,,0.0,refunded,
BK_1389,US_4184,SH_5899,2025-04-03 04:18:34,4,,602.8,completed,
BK_1390,US_4621,SH_3663,2024-12-20 02:12:10,4,,648.88,completed,
BK_1391,US_9616,SH_5000,2024-09-14 08:49:31,4,,710.36,completed,
BK_1392,US_9482,SH_2488,2025-02-20 08:58:17,1,,429.84,completed,
BK_1393,US_4372,SH_8698,2025-10-14 03:56:21,1,,433.73,completed,
BK_1394,US_8172,SH_2728,2025-11-10 19:23:08,4,,1876.4,completed,
BK_1395,US_2302,SH_4317,2024-10-18 23:27:06,3,,527.0699999999999,completed,
BK_1396,US_6360,SH_3087,2025-05-13 08:01:39,4,,0.0,refunded,
BK_1397,US_1478,SH_1553,2025-07-22 20:59:01,1,,187.92,completed,
BK_1398,US_5901,SH_6155,2025-04-19 01:45:20,3,,695.0999999999999,completed,
BK_1400,US_5723,SH_8377,2024-08-26 03:05:30,2,,0.0,failed,
BK_1401,US_8494,SH_142,2025-01-19 12:38:47,1,,434.23,completed,
BK_1402,US_3484,SH_8924,2024-08-05 01:48:59,3,,1301.52,completed,
BK_1403,US_3884,SH_6277,2024-07-26 16:05:56,4,,1259.68,completed,
BK_1404,US_6477,SH_9883,2024-05-18 11:27:48,3,,1363.8000000000002,completed,
BK_1406,US_3458,SH_105,2024-09-18 04:46:11,4,,1238.24,completed,
BK_1407,US_5716,SH_5862,2025-01-04 11:28:45,4,,1622.96,completed,
BK_1409,US_442,SH_6475,2024-03-23 09:41:36,3,,524.91,completed,
BK_1410,US_920,SH_8241,2025-02-01 18:56:40,4,,929.44,completed,
BK_1411,US_1396,SH_9944,2025-03-23 16:54:40,1,,304.5,completed,
BK_1412,US_1739,SH_5802,2025-10-11 01:15:49,2,,0.0,refunded,
BK_1413,US_1657,SH_1999,2024-02-14 07:44:22,2,,0.0,refunded,
BK_1414,US_2349,SH_2318,2024-05-09 14:25:22,2,,319.82,completed,
BK_1415,US_5418,SH_1668,2025-10-23 06:33:59,3,,0.0,failed,
BK_1416,US_5693,SH_8575,2025-01-10 21:57:56,3,,1275.69,completed,
BK_1417,US_6513,SH_4229,2025-11-22 18:54:11,3,,1170.18,completed,
BK_1418,US_4472,SH_5424,2025-01-11 11:21:53,4,,1470.04,completed,
BK_1419,US_855,SH_5812,2025-06-22 06:41:12,2,,876.86,completed,
BK_1420,US_6171,SH_1615,2024-10-13 17:42:37,1,,296.18,completed,
BK_1422,US_2268,SH_8999,2024-06-03 06:40:48,2,,699.06,completed,
BK_1423,US_1657,SH_1564,2024-12-25 12:51:12,2,,977.28,completed,
BK_1425,US_3122,SH_9985,2025-09-02 21:06:23,4,,1606.28,completed,
BK_1426,US_3848,SH_5201,2025-05-11 06:28:12,4,,1574.32,completed,
BK_1427,US_7516,SH_6973,2024-06-17 18:19:28,1,,496.37,completed,
BK_1428,US_8795,SH_9582,2025-03-06 20:19:43,2,,983.58,completed,
BK_1429,US_7759,SH_4752,2025-11-11 21:05:49,1,,456.31,completed,
BK_1431,US_2829,SH_7077,2024-10-03 12:53:30,3,,1143.4499999999998,completed,
BK_1433,US_3140,SH_6274,2024-02-05 16:25:04,3,,1007.5500000000001,completed,
BK_1435,US_2585,SH_4251,2025-01-31 15:33:09,2,,942.28,completed,
BK_1436,US_9921,SH_7223,2024-04-19 19:38:29,4,,1671.88,completed,
BK_1437,US_2916,SH_9344,2024-10-26 22:45:11,2,,0.0,refunded,
BK_1439,US_9842,SH_3833,2025-12-08 07:20:31,1,,426.9,completed,
BK_1441,US_4828,SH_5379,2025-07-17 21:28:41,2,,455.1,completed,
BK_1442,US_1661,SH_5770,2025-07-04 09:05:57,1,,474.17,completed,
BK_1443,US_4206,SH_3165,2025-07-18 17:20:04,2,,351.42,completed,
BK_1444,US_1405,SH_5015,2024-02-12 01:41:13,2,,557.66,completed,
BK_1445,US_7315,SH_323,2025-02-21 01:54:56,2,,819.78,completed,
BK_1446,US_2447,SH_4230,2025-12-14 08:09:57,4,,1563.52,completed,
BK_1447,US_8583,SH_8059,2024-08-16 11:44:21,1,,362.18,completed,
BK_1448,US_2798,SH_1967,2025-11-25 09:22:00,3,,641.4000000000001,completed,
BK_1449,US_9875,SH_3624,2024-02-21 11:17:14,3,,1480.1100000000001,completed,
BK_1450,US_4436,SH_3383,2024-03-13 10:52:33,1,,437.92,completed,
BK_1451,US_1872,SH_3935,2025-12-29 19:38:13,4,,1079.32,completed,
BK_1453,US_6579,SH_5479,2024-07-21 05:51:21,4,,0.0,failed,
BK_1454,US_2581,SH_3985,2025-06-15 11:51:42,4,,1174.84,completed,
BK_1455,US_3806,SH_984,2024-01-13 10:27:53,3,,817.6500000000001,completed,
BK_1456,US_3409,SH_1732,2024-01-30 16:55:24,1,,172.37,completed,
BK_1458,US_292,SH_3958,2024-05-15 22:35:03,1,,269.77,completed,
BK_1459,US_9066,SH_2014,2024-01-30 20:00:00,4,,0.0,failed,
BK_1460,US_5876,SH_1488,2025-03-09 11:58:20,2,,345.8,completed,
BK_1462,US_2834,SH_485,2025-10-28 06:59:58,2,,596.62,completed,
BK_1463,US_4333,SH_5801,2025-07-25 13:53:26,3,,1217.31,completed,
BK_1465,US_6060,SH_5805,2025-09-29 19:42:25,4,,0.0,failed,
BK_1466,US_4211,SH_3542,2024-10-03 02:05:38,3,,1136.22,completed,
BK_1467,US_6070,SH_5167,2024-02-14 19:19:14,4,,1555.04,completed,
BK_1468,US_1601,SH_9490,2025-10-22 02:34:46,4,,667.72,completed,
BK_1470,US_1288,SH_5036,2025-07-04 01:23:36,1,,248.22,completed,
BK_1471,US_2165,SH_7501,2024-08-06 05:39:57,4,,1933.84,completed,
BK_1472,US_1993,SH_4593,2025-06-28 02:23:02,3,,475.95000000000005,completed,
BK_1474,US_3500,SH_3782,2024-09-22 20:33:27,1,,476.17,completed,
BK_1475,US_8135,SH_9803,2024-11-17 05:42:18,4,,1443.4,completed,
BK_1476,US_1436,SH_6286,2025-03-29 17:28:27,3,,0.0,refunded,
BK_1477,US_8314,SH_6015,2024-12-21 22:23:59,4,,0.0,failed,
BK_1480,US_846,SH_9574,2024-07-21 10:28:03,4,,1102.76,completed,
BK_1481,US_2683,SH_2312,2024-05-09 17:43:12,1,,382.39,completed,
BK_1482,US_543,SH_5404,2025-01-27 02:52:25,4,,1285.44,completed,
BK_1484,US_5983,SH_9819,2025-09-04 11:59:54,4,,970.16,completed,
BK_1486,US_8644,SH_6976,2024-10-31 21:23:35,1,,178.66,completed,
BK_1487,US_495,SH_6040,2024-12-02 02:58:55,2,,504.52,completed,
BK_1488,US_6317,SH_2285,2025-04-19 18:47:54,3,,1497.6,completed,
BK_1490,US_1202,SH_2392,2024-06-09 03:02:07,2,,833.14,completed,
BK_1491,US_712,SH_8116,2025-08-29 17:11:04,2,,0.0,failed,
BK_1492,US_705,SH_7165,2025-03-26 16:54:03,3,,1366.47,completed,
BK_1493,US_8914,SH_1308,2025-08-24 11:50:50,4,,0.0,refunded,
BK_1494,US_9234,SH_9879,2024-11-23 17:03:04,2,,592.66,completed,
BK_1495,US_8631,SH_5539,2025-02-13 18:57:45,1,,241.17,completed,
BK_1497,US_9703,SH_1356,2025-12-11 05:29:29,4,,0.0,failed,
BK_1498,US_6913,SH_7887,2024-09-24 20:57:39,4,,0.0,refunded,
BK_1499,US_8249,SH_2494,2025-08-04 15:25:04,1,,209.06,completed,
BK_1500,US_1491,SH_3235,2025-01-14 10:35:52,4,,0.0,refunded,
BK_1501,US_2407,SH_7581,2024-09-02 15:44:01,1,,479.5,completed,
BK_1502,US_5995,SH_5093,2024-10-08 03:47:13,4,,1886.16,completed,
BK_1503,US_2000,SH_7544,2025-04-03 21:38:39,4,,1405.52,completed,
BK_1504,US_1341,SH_6455,2024-06-11 05:48:12,4,,1545.96,completed,
BK_1505,US_7149,SH_1056,2025-10-19 13:17:41,1,,289.66,completed,
BK_1506,US_4023,SH_319,2025-05-13 14:42:26,3,,696.48,completed,
BK_1507,US_9119,SH_6855,2025-08-14 14:23:10,2,,0.0,failed,
BK_1508,US_7643,SH_1711,2024-02-13 17:50:15,2,,0.0,failed,
BK_1509,US_811,SH_5357,2025-06-03 11:41:23,1,,353.42,completed,
BK_1510,US_9745,SH_866,2024-04-17 12:30:35,3,,1368.03,completed,
BK_1511,US_4074,SH_2057,2025-12-28 18:20:14,4,,1840.32,completed,
BK_1513,US_2863,SH_459,2024-12-14 04:01:02,3,,588.27,completed,
BK_1515,US_8098,SH_3783,2024-10-07 05:23:45,3,,489.03,completed,
BK_1516,US_9906,SH_5,2024-12-11 02:40:43,3,,1249.44,completed,
BK_1517,US_4117,SH_9565,2024-03-20 00:02:37,3,,0.0,failed,
BK_1518,US_6878,SH_8511,2024-01-08 04:24:16,4,,603.44,completed,
BK_1519,US_4710,SH_1658,2024-09-19 11:29:23,2,,0.0,failed,
BK_1520,US_2684,SH_6569,2025-12-28 07:06:30,3,,1023.81,completed,
BK_1521,US_8499,SH_5091,2024-09-24 07:05:32,2,,446.08,completed,
BK_1522,US_4928,SH_9047,2025-02-27 00:54:47,2,,355.36,completed,
BK_1523,US_6821,SH_7715,2025-04-04 15:50:10,4,,982.04,completed,
BK_1524,US_8944,SH_2680,2024-03-28 01:51:05,4,,0.0,failed,
BK_1525,US_3028,SH_2280,2025-07-01 16:10:23,2,,367.96,completed,
BK_1526,US_5515,SH_6357,2024-07-23 07:32:30,4,,0.0,failed,
BK_1527,US_239,SH_4784,2025-01-03 16:09:55,3,,1270.3799999999999,completed,
BK_1530,US_7709,SH_7534,2025-03-14 16:39:02,1,,211.1,completed,
BK_1531,US_1515,SH_1471,2025-11-02 22:38:23,4,,1447.76,completed,
BK_1532,US_2338,SH_2820,2025-04-18 02:58:23,4,,1704.6,completed,
BK_1533,US_1585,SH_3083,2025-11-17 04:08:11,3,,486.41999999999996,completed,
BK_1534,US_1338,SH_2050,2025-11-01 15:28:17,1,,168.54,completed,
BK_1535,US_1432,SH_6164,2024-12-23 05:15:15,1,,463.88,completed,
BK_1536,US_2222,SH_4961,2025-09-05 02:52:55,3,,551.01,completed,
BK_1537,US_5586,SH_8813,2025-05-12 09:00:22,1,,424.4,completed,
BK_1538,US_8815,SH_8857,2025-04-01 06:46:04,4,,795.24,completed,
BK_1539,US_5833,SH_2586,2025-11-24 07:41:19,2,,390.06,completed,
BK_1540,US_1754,SH_5502,2024-06-05 07:26:44,1,,0.0,refunded,
BK_1541,US_2348,SH_7463,2024-02-16 15:09:59,3,,1115.34,completed,
BK_1542,US_8688,SH_1053,2024-06-19 18:44:55,3,,530.73,completed,
BK_1543,US_7350,SH_3154,2025-10-08 16:06:35,1,,371.91,completed,
BK_1544,US_8263,SH_2616,2025-03-20 01:05:57,2,,677.56,completed,
BK_1545,US_3385,SH_6472,2025-08-09 14:02:59,4,,0.0,refunded,
BK_1546,US_7641,SH_4811,2025-12-12 01:06:37,2,,0.0,failed,
BK_1547,US_8383,SH_424,2025-12-02 09:32:46,4,,870.48,completed,
BK_1549,US_2946,SH_9076,2024-11-11 12:52:31,1,,314.92,completed,
BK_1550,US_4559,SH_5126,2024-03-25 21:22:24,2,,0.0,failed,
BK_1551,US_7223,SH_4544,2025-09-05 16:20:02,1,,279.02,completed,
BK_1552,US_7841,SH_2028,2024-01-03 15:36:28,2,,312.98,completed,
BK_1553,US_8932,SH_6482,2025-12-18 22:49:57,3,,1074.24,completed,
BK_1555,US_1467,SH_3665,2025-12-19 13:32:08,1,,438.33,completed,
BK_1556,US_7005,SH_9617,2024-04-05 00:02:12,2,,724.78,completed,
BK_1557,US_6245,SH_8889,2024-12-11 02:04:45,2,,928.06,completed,
BK_1558,US_7569,SH_7070,2025-12-17 04:44:44,3,,1109.6100000000001,completed,
BK_1560,US_6028,SH_6313,2025-09-18 08:06:51,1,,303.63,completed,
BK_1561,US_1887,SH_8694,2024-03-13 05:53:00,1,,311.48,completed,
BK_1562,US_41,SH_8299,2025-06-13 00:50:13,4,,1196.4,completed,
BK_1563,US_4725,SH_3455,2024-05-19 09:25:20,2,,792.98,completed,
BK_1564,US_9250,SH_1182,2024-12-08 01:29:56,4,,0.0,refunded,
BK_1565,US_277,SH_8768,2024-05-04 01:33:41,4,,1149.88,completed,
BK_1566,US_7073,SH_2797,2025-11-05 18:51:31,1,,373.15,completed,
BK_1567,US_1295,SH_4515,2025-03-18 14:00:13,1,,337.78,completed,
BK_1568,US_7669,SH_9624,2025-11-30 06:43:06,3,,0.0,refunded,
BK_1569,US_7284,SH_2434,2024-07-19 10:26:36,2,,709.38,completed,
BK_1570,US_2627,SH_5073,2024-07-27 06:43:45,2,,644.92,completed,
BK_1571,US_7217,SH_2374,2025-04-20 12:44:11,1,,176.44,completed,
BK_1572,US_5810,SH_6366,2024-01-22 13:33:47,2,,718.92,completed,
BK_1573,US_3136,SH_3720,2024-07-03 23:17:14,2,,0.0,failed,
BK_1574,US_7492,SH_2095,2024-03-19 21:19:01,1,,187.07,completed,
BK_1575,US_9647,SH_2900,2024-05-29 02:27:49,4,,1096.32,completed,
BK_1576,US_3249,SH_7234,2025-11-06 17:42:14,2,,804.56,completed,
BK_1577,US_2464,SH_2396,2025-12-24 22:40:59,3,,685.41,completed,
BK_1578,US_6660,SH_4465,2025-01-19 11:16:57,2,,345.92,completed,
BK_1579,US_5926,SH_2308,2025-02-24 17:34:36,2,,471.76,completed,
BK_1581,US_6181,SH_3174,2024-03-14 17:08:49,1,,287.82,completed,
BK_1582,US_5316,SH_2783,2025-11-30 05:12:01,1,,209.95,completed,
BK_1583,US_3757,SH_7692,2024-10-01 05:56:38,2,,609.88,completed,
BK_1584,US_9266,SH_4296,2024-02-04 08:51:23,3,,813.1200000000001,completed,
BK_1585,US_6879,SH_41,2024-01-14 17:47:46,1,,245.2,completed,
BK_1586,US_6057,SH_6676,2024-01-06 12:41:07,4,,1322.72,completed,
BK_1587,US_2164,SH_5959,2024-12-04 02:31:46,2,,440.34,completed,
BK_1588,US_1151,SH_796,2024-11-05 15:51:55,3,,860.3700000000001,completed,
BK_1589,US_6870,SH_1401,2024-02-27 08:07:52,2,,899.16,completed,
BK_1590,US_4639,SH_7177,2025-12-20 14:09:48,1,,311.22,completed,
BK_1592,US_3603,SH_1406,2025-05-26 09:57:27,1,,167.2,completed,
BK_1594,US_8136,SH_8657,2024-04-11 15:15:36,1,,411.82,completed,
BK_1595,US_5093,SH_2155,2024-06-20 23:20:41,4,,1413.8,completed,
BK_1596,US_4716,SH_5452,2025-02-02 22:54:20,3,,481.62,completed,
BK_1597,US_971,SH_9280,2024-12-22 15:21:14,2,,859.58,completed,
BK_1598,US_715,SH_9816,2025-10-05 22:52:02,1,,328.42,completed,
BK_1599,US_7145,SH_7719,2025-08-20 17:40:59,4,,1645.08,completed,
BK_1600,US_667,SH_677,2024-03-27 01:12:05,2,,0.0,failed,
BK_1601,US_1206,SH_3300,2024-10-24 00:35:47,3,,782.8799999999999,completed,
BK_1603,US_3545,SH_7649,2024-03-18 18:17:26,2,,716.1,completed,
BK_1604,US_5984,SH_6662,2025-09-21 07:24:43,1,,232.11,completed,
BK_1605,US_5221,SH_6,2024-01-16 18:19:51,4,,0.0,failed,
BK_1606,US_1849,SH_9969,2025-01-24 01:51:02,1,,0.0,refunded,
BK_1607,US_3224,SH_7026,2025-08-21 03:23:14,3,,1028.8799999999999,completed,
BK_1610,US_9546,SH_9390,2024-07-23 01:12:01,1,,294.24,completed,
BK_1611,US_3837,SH_5274,2025-09-12 11:07:43,4,,1666.48,completed,
BK_1612,US_8912,SH_8002,2025-03-24 05:28:46,1,,175.34,completed,
BK_1613,US_9164,SH_8844,2024-04-02 23:27:47,1,,251.47,completed,
BK_1614,US_866,SH_4483,2025-05-26 10:16:27,1,,366.04,completed,
BK_1616,US_9439,SH_1139,2024-08-26 05:49:01,4,,869.28,completed,
BK_1619,US_2834,SH_2967,2025-06-22 01:32:25,4,,999.8,completed,
BK_1620,US_1970,SH_5667,2024-09-30 06:45:39,3,,0.0,failed,
BK_1621,US_504,SH_9462,2025-11-29 15:03:33,2,,706.34,completed,
BK_1622,US_4924,SH_7685,2024-04-13 09:20:05,4,,813.68,completed,
BK_1624,US_3929,SH_7432,2025-09-09 00:55:03,1,,480.34,completed,
BK_1625,US_8572,SH_1453,2024-12-01 01:28:25,1,,154.0,completed,
BK_1626,US_3151,SH_8080,2025-08-14 07:50:27,1,,330.64,completed,
BK_1627,US_3654,SH_9921,2025-08-25 19:13:23,2,,796.02,completed,
BK_1628,US_649,SH_6261,2024-05-31 17:04:50,1,,0.0,failed,
BK_1629,US_1388,SH_423,2024-07-12 09:13:35,3,,811.17,completed,
BK_1630,US_5710,SH_4877,2024-06-05 07:54:21,1,,437.76,completed,
BK_1632,US_2035,SH_1849,2024-06-21 19:55:32,3,,644.61,completed,
BK_1633,US_6484,SH_2682,2025-12-13 04:43:32,4,,1111.88,completed,
BK_1634,US_722,SH_7175,2024-08-04 21:40:50,3,,972.6600000000001,completed,
BK_1635,US_179,SH_6249,2024-05-29 10:50:09,4,,942.8,completed,
BK_1638,US_480,SH_6595,2025-09-16 11:08:37,2,,470.34,completed,
BK_1640,US_9772,SH_7313,2025-09-07 11:54:26,2,,509.62,completed,
BK_1643,US_205,SH_3137,2024-05-25 14:05:47,4,,1014.56,completed,
BK_1644,US_1397,SH_2529,2024-03-07 08:55:24,4,,1069.0,completed,
BK_1646,US_3724,SH_9473,2024-02-19 21:55:46,2,,0.0,failed,
BK_1647,US_6474,SH_6927,2024-07-16 09:27:56,1,,470.36,completed,
BK_1649,US_811,SH_5431,2024-10-26 09:41:23,2,,585.64,completed,
BK_1651,US_9478,SH_9775,2024-09-30 22:12:47,3,,1005.8399999999999,completed,
BK_1652,US_5973,SH_5367,2024-08-22 00:53:34,2,,973.5,completed,
BK_1653,US_3727,SH_9410,2025-05-03 13:40:20,2,,0.0,failed,
BK_1654,US_7610,SH_5663,2025-10-23 01:43:53,3,,1160.58,completed,
BK_1655,US_7245,SH_5397,2024-06-08 23:24:39,3,,454.77,completed,
BK_1656,US_4631,SH_5314,2024-03-30 17:52:30,2,,0.0,failed,
BK_1657,US_721,SH_3683,2025-05-16 08:59:37,4,,888.04,completed,
BK_1658,US_8163,SH_3553,2025-01-02 14:02:44,2,,320.84,completed,
BK_1659,US_5692,SH_2590,2025-12-07 06:56:17,2,,626.42,completed,
BK_1660,US_6205,SH_8971,2025-02-07 02:29:26,1,,370.99,completed,
BK_1661,US_604,SH_2617,2024-12-05 23:00:27,1,,489.22,completed,
BK_1663,US_1933,SH_9312,2024-10-16 04:42:08,2,,457.44,completed,
BK_1664,US_1558,SH_3235,2024-01-19 22:56:10,1,,423.05,completed,
BK_1665,US_767,SH_1350,2025-07-11 01:30:21,3,,671.46,completed,
BK_1666,US_1139,SH_3363,2025-12-05 21:33:13,1,,280.1,completed,
BK_1667,US_8753,SH_1089,2025-12-12 03:57:40,3,,795.75,completed,
BK_1668,US_3368,SH_9753,2024-12-12 10:19:24,4,,1288.48,completed,
BK_1669,US_6949,SH_8768,2024-04-18 20:17:32,3,,862.4100000000001,completed,
BK_1670,US_8128,SH_4228,2024-12-15 05:04:46,4,,636.6,completed,
BK_1671,US_7714,SH_7710,2024-07-28 19:22:02,1,,455.01,completed,
BK_1672,US_9079,SH_8377,2024-08-16 00:13:01,2,,622.04,completed,
BK_1673,US_1126,SH_3112,2025-11-04 07:44:19,3,,1041.51,completed,
BK_1675,US_5749,SH_6399,2025-12-16 17:58:39,2,,734.44,completed,
BK_1676,US_3549,SH_9452,2024-06-14 08:58:34,3,,0.0,failed,
BK_1677,US_9142,SH_3116,2025-07-26 02:16:00,2,,597.02,completed,
BK_1678,US_1397,SH_1867,2024-03-04 03:02:26,4,,1211.52,completed,
BK_1681,US_4772,SH_2978,2025-08-04 20:17:07,2,,0.0,failed,
BK_1682,US_1668,SH_6682,2025-09-01 16:08:09,1,,413.5,completed,
BK_1683,US_597,SH_6619,2025-11-18 07:35:31,4,,1208.28,completed,
BK_1684,US_2080,SH_8530,2025-10-20 18:53:53,2,,331.72,completed,
BK_1685,US_5375,SH_4989,2025-04-16 14:44:00,2,,395.42,completed,
BK_1686,US_3718,SH_9994,2025-11-05 21:40:54,2,,693.66,completed,
BK_1687,US_5859,SH_1309,2025-09-02 03:53:55,4,,726.96,completed,
BK_1688,US_8985,SH_5869,2024-08-02 12:52:25,3,,538.17,completed,
BK_1689,US_5237,SH_6378,2025-04-20 09:11:13,2,,878.6,completed,
BK_1691,US_1667,SH_3754,2025-09-23 08:47:34,4,,723.8,completed,
BK_1692,US_212,SH_6878,2025-02-23 21:10:41,3,,517.83,completed,
BK_1693,US_9542,SH_1736,2024-11-30 06:56:22,4,,1003.72,completed,
BK_1694,US_6314,SH_2122,2025-10-03 14:05:21,2,,926.76,completed,
BK_1695,US_9709,SH_1990,2025-06-02 09:51:48,4,,1914.36,completed,
BK_1696,US_3544,SH_4566,2025-04-22 23:39:41,4,,1712.92,completed,
BK_1697,US_6474,SH_430,2025-03-17 13:51:21,2,,930.54,completed,
BK_1698,US_1411,SH_1346,2025-03-13 04:52:49,4,,0.0,failed,
BK_1699,US_3672,SH_2663,2024-02-04 18:47:19,3,,650.97,completed,
BK_1700,US_538,SH_2681,2024-04-18 05:42:21,4,,1397.64,completed,
BK_1701,US_2010,SH_7548,2025-08-02 13:07:34,1,,230.51,completed,
BK_1702,US_1879,SH_3128,2025-11-18 23:25:34,2,,546.52,completed,
BK_1703,US_6051,SH_9208,2024-07-04 16:27:41,1,,245.36,completed,
BK_1705,US_4674,SH_5331,2025-06-04 05:28:52,4,,1566.84,completed,
BK_1706,US_5441,SH_4661,2025-06-12 01:41:17,4,,659.2,completed,
BK_1708,US_1509,SH_9113,2025-11-01 10:51:49,1,,422.87,completed,
BK_1709,US_689,SH_5298,2024-11-17 17:53:07,1,,327.92,completed,
BK_1711,US_8351,SH_7833,2025-02-18 19:10:07,3,,845.01,completed,
BK_1712,US_8396,SH_5833,2025-12-21 00:37:09,4,,1548.36,completed,
BK_1713,US_4141,SH_8532,2025-12-05 09:56:27,2,,939.86,completed,
BK_1714,US_142,SH_8279,2024-12-18 10:15:39,1,,469.54,completed,
BK_1715,US_4019,SH_7323,2024-03-17 06:56:17,4,,796.48,completed,
BK_1716,US_5948,SH_409,2025-11-05 09:13:31,3,,698.28,completed,
BK_1717,US_534,SH_9560,2024-12-25 21:33:40,1,,496.21,completed,
BK_1718,US_1653,SH_2117,2025-11-18 15:35:17,2,,911.78,completed,
BK_1719,US_9967,SH_9274,2025-05-23 04:51:53,4,,1914.68,completed,
BK_1720,US_3580,SH_8431,2024-04-09 03:36:39,3,,1135.1100000000001,completed,
BK_1722,US_8713,SH_3982,2025-09-11 03:24:16,3,,463.5,completed,
BK_1723,US_3329,SH_3016,2025-03-14 07:42:01,2,,853.54,completed,
BK_1724,US_1545,SH_3418,2025-11-04 07:29:31,1,,158.31,completed,
BK_1727,US_872,SH_6470,2025-12-21 06:10:16,4,,723.36,completed,
BK_1728,US_2769,SH_7135,2025-11-07 20:53:13,3,,818.25,completed,
BK_1729,US_6560,SH_7848,2025-07-10 17:12:11,4,,945.04,completed,
BK_1730,US_9754,SH_4293,2024-09-03 21:59:37,4,,797.64,completed,
BK_1731,US_436,SH_1208,2025-07-16 11:41:38,3,,1065.0,completed,
BK_1732,US_1922,SH_6135,2024-02-17 19:25:53,3,,820.6200000000001,completed,
BK_1733,US_4730,SH_7520,2025-06-11 13:00:18,2,,695.32,completed,
BK_1735,US_3426,SH_2202,2024-05-17 13:08:58,2,,737.66,completed,
BK_1736,US_5076,SH_4093,2025-09-20 05:47:38,3,,1175.19,completed,
BK_1737,US_6290,SH_5670,2025-09-17 02:42:41,2,,455.5,completed,
BK_1738,US_3704,SH_5780,2024-07-19 05:15:24,4,,1472.44,completed,
BK_1739,US_1305,SH_8043,2024-07-27 03:49:19,1,,412.5,completed,
BK_1740,US_8754,SH_8134,2025-09-06 09:32:17,4,,1319.52,completed,
BK_1741,US_9155,SH_603,2025-03-08 21:08:00,1,,495.54,completed,
BK_1742,US_5585,SH_3837,2025-08-24 15:45:12,4,,652.96,completed,
BK_1743,US_1965,SH_7272,2025-07-25 00:30:12,3,,854.01,completed,
BK_1745,US_3111,SH_4980,2024-04-01 20:25:32,2,,523.3,completed,
BK_1746,US_5755,SH_9735,2025-08-12 23:15:34,1,,0.0,failed,
BK_1747,US_2436,SH_5177,2024-06-13 06:59:52,4,,777.4,completed,
BK_1748,US_1382,SH_4608,2024-09-19 22:02:19,3,,859.83,completed,
BK_1750,US_9924,SH_2530,2025-05-28 23:06:49,4,,1411.8,completed,
BK_1752,US_7775,SH_3830,2024-12-29 14:51:10,2,,0.0,failed,
BK_1753,US_2352,SH_9472,2024-07-16 01:46:59,2,,666.86,completed,
BK_1754,US_8793,SH_4873,2025-01-22 06:43:42,2,,0.0,failed,
BK_1755,US_795,SH_3971,2024-06-22 05:11:54,4,,910.04,completed,
BK_1756,US_8286,SH_9034,2024-02-19 15:37:54,4,,915.96,completed,
BK_1757,US_1558,SH_9275,2025-02-08 04:50:25,2,,626.8,completed,
BK_1758,US_2032,SH_6410,2025-01-12 11:02:51,4,,1607.56,completed,
BK_1759,US_4948,SH_3348,2024-03-12 06:45:46,4,,0.0,failed,
BK_1760,US_1769,SH_7017,2025-05-15 15:07:55,1,,472.27,completed,
BK_1761,US_2875,SH_7010,2025-06-16 13:10:41,3,,1283.82,completed,
BK_1762,US_9312,SH_7442,2025-10-19 04:01:53,2,,635.42,completed,
BK_1763,US_7157,SH_9460,2025-05-18 21:45:26,1,,0.0,failed,
BK_1764,US_4693,SH_5541,2025-12-10 21:43:02,2,,408.04,completed,
BK_1765,US_1059,SH_325,2024-01-26 12:51:58,1,,466.99,completed,
BK_1767,US_3243,SH_5577,2025-05-24 23:49:10,4,,1743.28,completed,
BK_1768,US_4128,SH_6642,2024-09-11 00:56:52,3,,1393.68,completed,
BK_1769,US_4622,SH_8332,2025-11-26 02:54:17,4,,1130.16,completed,
BK_1770,US_9515,SH_8264,2025-03-28 03:01:05,2,,453.5,completed,
BK_1771,US_6248,SH_341,2025-02-12 20:13:49,2,,0.0,failed,
BK_1772,US_404,SH_4241,2025-04-17 23:55:55,2,,711.44,completed,
BK_1773,US_5239,SH_3042,2025-01-13 23:49:52,1,,497.51,completed,
BK_1774,US_5312,SH_5241,2025-07-15 02:45:03,3,,0.0,failed,
BK_1775,US_3899,SH_4241,2024-11-09 07:54:27,2,,711.44,completed,
BK_1777,US_4793,SH_7954,2024-01-19 05:37:05,4,,1090.8,completed,
BK_1778,US_4691,SH_8530,2025-04-03 00:39:15,4,,0.0,failed,
BK_1779,US_3628,SH_9493,2025-08-16 17:50:59,1,,0.0,failed,
BK_1780,US_7585,SH_2606,2024-06-17 19:51:17,1,,186.82,completed,
BK_1781,US_118,SH_3464,2024-03-13 13:42:00,1,,0.0,refunded,
BK_1782,US_4619,SH_491,2025-06-30 02:18:51,3,,1490.85,completed,
BK_1783,US_7278,SH_9929,2024-12-13 10:34:14,4,,1877.16,completed,
BK_1784,US_9700,SH_8087,2024-05-05 12:04:05,1,,378.83,completed,
BK_1786,US_1749,SH_5427,2024-08-05 12:44:36,3,,1061.34,completed,
BK_1789,US_3003,SH_7487,2024-09-06 22:26:26,3,,686.22,completed,
BK_1790,US_2805,SH_9964,2024-08-23 02:47:25,3,,909.27,completed,
BK_1791,US_6649,SH_1246,2024-08-27 20:23:57,3,,1106.67,completed,
BK_1792,US_5200,SH_9087,2024-11-13 16:22:05,4,,1024.0,completed,
BK_1793,US_5404,SH_5977,2024-05-30 02:28:56,4,,1781.36,completed,
BK_1794,US_2913,SH_2565,2025-08-27 18:22:38,1,,0.0,failed,
BK_1795,US_6288,SH_3570,2024-12-13 03:34:41,4,,0.0,failed,
BK_1796,US_1807,SH_7551,2024-04-14 02:23:28,1,,446.61,completed,
BK_1798,US_22,SH_9089,2024-02-04 16:08:03,1,,435.84,completed,
BK_1799,US_6426,SH_8512,2024-10-31 15:20:11,3,,0.0,failed,
BK_1800,US_4583,SH_6805,2024-10-25 17:51:29,3,,1224.15,completed,
BK_1801,US_7747,SH_385,2025-09-06 05:21:12,1,,398.04,completed,
BK_1802,US_1528,SH_2432,2025-11-03 03:52:11,3,,681.63,completed,
BK_1804,US_8263,SH_7142,2024-08-19 18:26:17,3,,0.0,failed,
BK_1805,US_2528,SH_2859,2025-11-07 13:48:05,1,,183.75,completed,
BK_1806,US_3914,SH_4835,2024-06-25 23:58:40,3,,953.49,completed,
BK_1807,US_5424,SH_5636,2025-12-15 00:43:49,3,,1046.31,completed,
BK_1808,US_2894,SH_1606,2024-05-29 04:20:39,3,,861.9000000000001,completed,
BK_1810,US_6538,SH_2336,2025-12-18 03:34:26,4,,703.16,completed,
BK_1812,US_625,SH_2541,2024-01-30 10:38:53,3,,1465.41,completed,
BK_1814,US_2662,SH_2720,2025-06-17 11:09:16,2,,658.0,completed,
BK_1815,US_1106,SH_4875,2024-02-01 22:13:20,1,,0.0,failed,
BK_1816,US_8846,SH_6221,2025-08-03 18:05:19,4,,1397.0,completed,
BK_1817,US_1256,SH_6264,2025-03-21 14:02:59,2,,811.82,completed,
BK_1819,US_6551,SH_8687,2024-02-01 07:53:47,2,,435.62,completed,
BK_1820,US_2191,SH_588,2025-02-04 14:07:12,1,,474.64,completed,
BK_1821,US_5143,SH_4274,2025-08-17 04:35:29,2,,584.82,completed,
BK_1822,US_2655,SH_1964,2025-06-14 21:08:04,3,,615.9300000000001,completed,
BK_1823,US_529,SH_7244,2024-11-17 15:47:35,2,,0.0,failed,
BK_1825,US_2303,SH_9258,2024-07-22 15:59:14,4,,601.88,completed,
BK_1826,US_3016,SH_5424,2024-01-23 03:47:37,2,,735.02,completed,
BK_1827,US_494,SH_4769,2024-08-14 09:57:04,4,,1679.8,completed,
BK_1829,US_4376,SH_2220,2025-08-07 15:52:39,3,,461.84999999999997,completed,
BK_1830,US_4036,SH_1904,2024-12-05 04:17:03,1,,0.0,failed,
BK_1831,US_1571,SH_6806,2024-05-27 18:49:25,1,,331.46,completed,
BK_1832,US_1402,SH_5409,2025-03-20 15:43:38,4,,992.52,completed,
BK_1833,US_2200,SH_1866,2024-04-05 03:21:17,4,,1767.24,completed,
BK_1835,US_6152,SH_164,2025-09-19 03:20:39,4,,1125.8,completed,
BK_1836,US_1161,SH_5091,2024-08-04 22:50:42,4,,0.0,failed,
BK_1837,US_7388,SH_9132,2025-11-02 23:00:49,3,,1266.66,completed,
BK_1839,US_578,SH_7820,2024-12-20 02:26:06,3,,841.47,completed,
BK_1840,US_8739,SH_2738,2025-08-12 03:09:51,1,,419.39,completed,
BK_1841,US_1816,SH_4479,2025-01-21 21:18:18,2,,814.92,completed,
BK_1843,US_5534,SH_9366,2024-05-17 05:54:56,3,,1177.5,completed,
BK_1844,US_9148,SH_8419,2025-02-21 20:43:13,4,,1834.44,completed,
BK_1845,US_6931,SH_9554,2024-04-23 21:38:45,4,,1499.44,completed,
BK_1846,US_5436,SH_7757,2024-05-17 09:19:53,1,,314.49,completed,
BK_1847,US_9,SH_9319,2024-02-12 04:48:01,2,,317.64,completed,
BK_1848,US_4996,SH_2727,2024-04-05 04:14:16,1,,434.9,completed,
BK_1849,US_3581,SH_5357,2025-02-02 02:25:20,1,,353.42,completed,
BK_1851,US_1502,SH_3743,2024-10-05 16:31:42,4,,1461.76,completed,
BK_1852,US_304,SH_1259,2025-08-17 19:56:24,4,,1435.0,completed,
BK_1853,US_1098,SH_5715,2025-12-17 12:17:01,3,,461.73,completed,
BK_1854,US_8242,SH_6442,2024-12-18 10:39:01,4,,603.48,completed,
BK_1855,US_8902,SH_3998,2024-05-12 14:55:05,1,,339.46,completed,
BK_1856,US_613,SH_5399,2024-05-17 19:13:29,4,,1176.72,completed,
BK_1857,US_6195,SH_5564,2025-07-28 21:24:59,2,,0.0,failed,
BK_1858,US_6688,SH_1576,2024-06-06 18:42:15,1,,0.0,failed,
BK_1859,US_9169,SH_2893,2025-09-12 11:47:34,3,,453.06000000000006,completed,
BK_1861,US_3202,SH_8045,2024-09-28 16:34:03,4,,608.6,completed,
BK_1862,US_3584,SH_133,2025-09-12 06:46:09,1,,391.98,completed,
BK_1863,US_552,SH_7524,2025-09-12 20:57:51,3,,1116.6,completed,
BK_1864,US_2599,SH_6501,2024-11-08 23:46:11,3,,0.0,failed,
BK_1865,US_7909,SH_8279,2024-01-22 07:13:01,4,,1878.16,completed,
BK_1866,US_3323,SH_1504,2024-09-16 16:51:51,2,,0.0,failed,
BK_1867,US_6554,SH_7143,2024-08-07 14:30:59,4,,978.6,completed,
BK_1868,US_5297,SH_46,2024-08-19 03:37:16,1,,0.0,refunded,
BK_1869,US_1189,SH_3796,2025-08-15 03:58:11,3,,773.94,completed,
BK_1870,US_4489,SH_7212,2025-11-23 13:38:15,3,,1242.72,completed,
BK_1871,US_3630,SH_1241,2024-09-17 15:48:54,4,,1040.92,completed,
BK_1872,US_1549,SH_5102,2024-05-27 09:09:19,3,,0.0,failed,
BK_1873,US_1780,SH_5473,2025-11-16 15:27:10,3,,1155.42,completed,
BK_1875,US_6511,SH_1618,2024-02-25 08:39:36,1,,428.9,completed,
BK_1876,US_6250,SH_5128,2025-04-27 21:29:56,2,,0.0,refunded,
BK_1877,US_5826,SH_9797,2025-02-20 17:14:49,3,,1068.3899999999999,completed,
BK_1878,US_2905,SH_6505,2025-04-30 06:27:59,3,,1371.3600000000001,completed,
BK_1879,US_8010,SH_4201,2025-10-03 07:20:13,3,,0.0,failed,
BK_1880,US_9738,SH_4195,2025-10-13 16:49:59,3,,884.22,completed,
BK_1883,US_5099,SH_1394,2025-10-25 10:36:49,3,,1222.41,completed,
BK_1884,US_9504,SH_6757,2024-03-08 01:17:25,4,,1022.76,completed,
BK_1885,US_8307,SH_5458,2025-11-10 01:47:34,3,,0.0,failed,
BK_1886,US_2782,SH_4287,2024-10-26 09:24:57,2,,965.5,completed,
BK_1887,US_884,SH_5050,2024-06-09 07:12:52,1,,278.04,completed,
BK_1888,US_932,SH_6316,2025-03-22 02:04:48,4,,0.0,failed,
BK_1889,US_6565,SH_260,2024-07-30 12:18:45,4,,851.0,completed,
BK_1890,US_3042,SH_1791,2024-01-13 22:27:31,3,,583.29,completed,
BK_1891,US_2557,SH_4358,2024-02-20 05:48:04,3,,1367.97,completed,
BK_1892,US_9219,SH_3196,2024-04-24 23:48:16,1,,221.29,completed,
BK_1893,US_9605,SH_8007,2025-10-14 11:45:46,2,,358.08,completed,
BK_1894,US_604,SH_3375,2025-08-06 21:51:36,4,,1187.64,completed,
BK_1895,US_2223,SH_6282,2024-04-16 13:51:12,1,,405.25,completed,
BK_1897,US_7283,SH_416,2024-12-28 04:11:16,4,,1287.36,completed,
BK_1898,US_728,SH_748,2025-01-03 08:03:23,1,,413.09,completed,
BK_1899,US_7006,SH_298,2025-02-12 14:32:39,3,,0.0,failed,
BK_1900,US_2926,SH_7596,2024-03-26 04:37:31,4,,1333.04,completed,
BK_1901,US_6022,SH_2238,2024-08-22 23:18:34,3,,0.0,failed,
BK_1902,US_7245,SH_7812,2024-10-30 14:29:42,1,,224.18,completed,
BK_1903,US_6658,SH_3830,2025-10-24 05:08:50,2,,473.72,completed,
BK_1904,US_7747,SH_1002,2025-10-14 09:43:00,1,,455.49,completed,
BK_1905,US_3627,SH_7614,2024-11-16 13:50:20,1,,437.52,completed,
BK_1906,US_1113,SH_3952,2024-02-03 06:57:54,3,,1243.32,completed,
BK_1907,US_9076,SH_9603,2024-07-14 02:08:43,4,,1147.92,completed,
BK_1908,US_4713,SH_4769,2025-03-08 04:23:30,1,,419.95,completed,
BK_1909,US_1957,SH_8762,2025-11-10 17:02:44,3,,628.95,completed,
BK_1910,US_8834,SH_8270,2024-11-18 00:30:49,3,,787.29,completed,
BK_1911,US_7298,SH_4710,2024-05-10 08:29:15,3,,600.75,completed,
BK_1912,US_6913,SH_1583,2025-11-13 05:42:01,1,,177.22,completed,
BK_1914,US_6731,SH_943,2025-07-26 14:54:07,2,,498.7,completed,
BK_1915,US_9749,SH_3942,2025-08-02 09:54:16,2,,464.18,completed,
BK_1916,US_957,SH_3754,2024-08-30 02:15:28,1,,0.0,failed,
BK_1917,US_1895,SH_4803,2025-11-22 18:17:15,1,,152.09,completed,
BK_1918,US_8656,SH_5492,2024-11-10 23:36:43,1,,393.88,completed,
BK_1919,US_3703,SH_9850,2024-10-24 21:56:59,3,,543.96,completed,
BK_1920,US_9139,SH_1722,2025-09-30 19:41:08,4,,1584.32,completed,
BK_1921,US_6453,SH_1895,2024-05-30 06:12:58,3,,478.26,completed,
BK_1922,US_8561,SH_6340,2024-05-31 21:41:40,1,,245.93,completed,
BK_1923,US_7782,SH_6836,2025-01-18 05:52:45,3,,1291.23,completed,
BK_1924,US_7369,SH_5952,2025-11-02 06:22:15,2,,796.74,completed,
BK_1926,US_3910,SH_667,2025-09-18 18:21:52,3,,500.70000000000005,completed,
BK_1927,US_9519,SH_9592,2025-03-17 10:52:15,1,,0.0,failed,
BK_1929,US_2034,SH_4157,2025-03-10 22:56:20,3,,1226.82,completed,
BK_1932,US_2739,SH_4416,2025-05-29 19:00:44,1,,242.55,completed,
BK_1933,US_7867,SH_369,2025-06-10 12:11:23,1,,375.44,completed,
BK_1934,US_8949,SH_6418,2025-07-25 03:34:00,4,,1061.28,completed,
BK_1935,US_1374,SH_7974,2025-11-02 08:45:44,2,,633.3,completed,
BK_1936,US_5545,SH_6503,2024-08-11 07:54:05,2,,0.0,failed,
BK_1937,US_4645,SH_6597,2024-07-18 08:11:09,3,,0.0,failed,
BK_1938,US_3461,SH_876,2024-07-10 10:19:11,1,,238.63,completed,
BK_1939,US_5436,SH_8651,2025-04-01 14:57:27,4,,1646.32,completed,
BK_1940,US_7911,SH_4703,2025-09-11 12:39:49,1,,0.0,failed,
BK_1941,US_905,SH_3293,2024-03-07 01:54:22,4,,1357.4,completed,
BK_1942,US_6024,SH_1226,2024-12-21 09:58:07,2,,0.0,failed,
BK_1944,US_4619,SH_5258,2024-08-26 01:15:50,3,,1482.93,completed,
BK_1945,US_9483,SH_6697,2025-05-31 22:06:24,1,,0.0,failed,
BK_1946,US_809,SH_9118,2024-01-25 01:32:32,3,,463.79999999999995,completed,
BK_1947,US_766,SH_7382,2024-05-01 15:49:46,4,,1626.32,completed,
BK_1948,US_1971,SH_1135,2024-04-08 19:16:33,1,,443.85,completed,
BK_1949,US_411,SH_3430,2025-01-28 17:20:00,1,,432.95,completed,
BK_1950,US_8725,SH_8878,2024-07-25 17:42:34,1,,387.28,completed,
BK_1951,US_2361,SH_4901,2024-02-05 08:23:22,4,,810.68,completed,
BK_1952,US_956,SH_9831,2024-12-21 06:07:50,4,,655.8,completed,
BK_1953,US_485,SH_4172,2024-08-01 21:00:14,1,,200.94,completed,
BK_1954,US_6190,SH_6510,2025-10-02 22:58:00,4,,1249.24,completed,
BK_1955,US_5681,SH_7102,2024-11-11 15:06:28,1,,309.88,completed,
BK_1957,US_1918,SH_3744,2025-02-01 06:00:38,3,,0.0,failed,
BK_1958,US_5052,SH_6371,2025-11-19 01:18:33,1,,233.23,completed,
BK_1959,US_797,SH_1271,2024-12-04 13:09:13,2,,0.0,refunded,
BK_1960,US_2722,SH_5607,2024-09-15 11:49:55,3,,1323.51,completed,
BK_1961,US_3478,SH_1327,2025-07-25 09:12:30,1,,329.71,completed,
BK_1962,US_9211,SH_7527,2024-02-18 12:43:31,1,,338.33,completed,
BK_1963,US_6444,SH_4825,2025-09-26 05:29:11,3,,826.0500000000001,completed,
BK_1964,US_2928,SH_2320,2024-06-19 13:28:07,2,,547.14,completed,
BK_1965,US_2567,SH_8659,2024-04-29 15:24:54,3,,0.0,failed,
BK_1966,US_4772,SH_6384,2025-10-17 22:41:15,4,,1920.8,completed,
BK_1967,US_9520,SH_8078,2024-12-06 08:26:09,2,,589.0,completed,
BK_1968,US_1546,SH_4966,2024-12-23 11:11:22,3,,1059.3899999999999,completed,
BK_1969,US_8443,SH_842,2025-04-21 11:17:17,4,,1450.6,completed,
BK_1970,US_7344,SH_368,2024-06-08 00:38:09,4,,0.0,failed,
BK_1971,US_5244,SH_931,2024-03-28 10:28:43,3,,1303.8899999999999,completed,
BK_1972,US_4357,SH_7054,2025-07-08 20:12:19,2,,507.26,completed,
BK_1973,US_1832,SH_7257,2025-01-16 02:17:42,2,,0.0,refunded,
BK_1977,US_2526,SH_8333,2024-09-21 13:53:00,3,,507.36,completed,
BK_1978,US_204,SH_4828,2024-10-16 05:28:32,1,,369.31,completed,
BK_1979,US_3906,SH_7892,2024-03-26 15:49:30,4,,1994.44,completed,
BK_1980,US_5902,SH_2727,2024-02-04 16:22:35,1,,0.0,failed,
BK_1981,US_8326,SH_3187,2024-01-02 11:17:54,2,,341.2,completed,
BK_1982,US_9293,SH_7507,2025-06-03 08:37:10,4,,733.76,completed,
BK_1983,US_7881,SH_6613,2024-11-24 21:53:27,2,,421.36,completed,
BK_1984,US_7647,SH_5512,2024-01-30 05:15:07,2,,0.0,refunded,
BK_1985,US_4034,SH_2430,2025-07-16 06:21:00,2,,910.96,completed,
BK_1986,US_4924,SH_2078,2025-07-09 15:54:37,3,,0.0,refunded,
BK_1987,US_2100,SH_1849,2025-01-13 19:14:28,4,,859.48,completed,
BK_1989,US_1585,SH_4369,2025-01-05 22:20:00,2,,543.98,completed,
BK_1990,US_6222,SH_4706,2024-01-19 19:25:35,3,,1252.41,completed,
BK_1991,US_16,SH_1457,2025-01-19 02:04:48,1,,0.0,failed,
BK_1992,US_4049,SH_3973,2025-07-20 12:04:42,4,,993.76,completed,
BK_1993,US_1744,SH_8122,2025-10-31 19:11:45,1,,173.28,completed,
BK_1994,US_8306,SH_1120,2025-11-06 03:31:30,2,,544.82,completed,
BK_1996,US_3710,SH_5540,2025-03-30 14:03:08,2,,932.64,completed,
BK_1997,US_9394,SH_5424,2024-10-15 23:44:27,3,,1102.53,completed,
BK_1998,US_3230,SH_4208,2024-06-07 17:31:34,1,,272.07,completed,
BK_1999,US_8996,SH_664,2024-09-29 08:00:09,3,,944.8199999999999,completed,
BK_2000,US_8590,SH_1773,2024-04-07 00:18:37,2,,533.32,completed,
BK_2001,US_1555,SH_2221,2025-04-16 05:31:40,4,,1361.92,completed,
BK_2002,US_4295,SH_7642,2024-04-26 20:14:11,3,,0.0,failed,
BK_2003,US_2070,SH_3464,2025-03-24 13:29:51,2,,544.06,completed,
BK_2004,US_5020,SH_7064,2025-01-30 01:17:26,4,,1052.48,completed,
BK_2005,US_1520,SH_362,2024-11-09 03:40:24,3,,0.0,failed,
BK_2006,US_1312,SH_9764,2025-01-20 02:47:08,3,,1114.29,completed,
BK_2008,US_3650,SH_1618,2025-06-11 05:17:55,4,,1715.6,completed,
BK_2009,US_1881,SH_8018,2024-12-22 23:57:51,1,,309.21,completed,
BK_2010,US_7507,SH_2761,2024-10-12 08:06:32,4,,1786.4,completed,
BK_2011,US_6036,SH_9335,2024-07-23 09:16:56,4,,1513.32,completed,
BK_2012,US_3893,SH_2012,2025-10-24 16:36:26,4,,1316.04,completed,
BK_2013,US_1122,SH_1539,2024-04-27 22:29:13,2,,0.0,failed,
BK_2014,US_3003,SH_6268,2024-11-24 01:05:41,2,,0.0,refunded,
BK_2015,US_2341,SH_651,2025-08-09 13:08:04,4,,1481.44,completed,
BK_2016,US_9644,SH_6877,2025-10-23 17:47:04,2,,801.12,completed,
BK_2017,US_550,SH_6293,2024-05-15 12:50:48,3,,1448.97,completed,
BK_2018,US_2148,SH_3388,2024-04-03 19:32:25,1,,276.45,completed,
BK_2020,US_893,SH_183,2025-09-14 21:38:45,2,,735.42,completed,
BK_2021,US_5812,SH_3848,2025-12-20 17:16:28,2,,973.08,completed,
BK_2022,US_4249,SH_197,2024-05-28 16:52:11,4,,941.36,completed,
BK_2023,US_7666,SH_382,2024-09-04 22:41:54,1,,435.33,completed,
BK_2024,US_3018,SH_9675,2024-09-08 02:24:08,3,,1082.1,completed,
BK_2025,US_5134,SH_9696,2024-05-11 00:01:53,2,,734.0,completed,
BK_2026,US_2383,SH_2321,2024-02-19 16:16:21,1,,347.11,completed,
BK_2027,US_4856,SH_9970,2024-03-03 08:40:46,1,,192.4,completed,
BK_2028,US_1968,SH_1453,2024-04-05 12:18:21,1,,154.0,completed,
BK_2030,US_2637,SH_2525,2025-08-29 11:46:03,4,,0.0,refunded,
BK_2031,US_2381,SH_6264,2024-01-05 23:43:54,4,,1623.64,completed,
BK_2033,US_3998,SH_6371,2024-06-29 07:30:13,3,,699.6899999999999,completed,
BK_2034,US_7016,SH_2740,2024-11-03 02:03:37,1,,165.72,completed,
BK_2035,US_5591,SH_6909,2024-11-08 11:28:34,3,,0.0,failed,
BK_2036,US_634,SH_7690,2025-02-17 19:19:34,2,,763.16,completed,
BK_2037,US_3909,SH_5510,2024-06-03 06:31:35,4,,871.28,completed,
BK_2038,US_3683,SH_3646,2024-07-19 07:07:45,2,,511.78,completed,
BK_2039,US_2897,SH_5215,2024-11-11 15:25:59,4,,1061.6,completed,
BK_2040,US_6743,SH_4610,2024-07-21 09:24:11,1,,193.61,completed,
BK_2044,US_8817,SH_4618,2024-10-07 18:13:02,3,,1247.07,completed,
BK_2045,US_7102,SH_9682,2024-01-05 21:27:18,1,,380.03,completed,
BK_2046,US_4981,SH_5994,2025-10-31 09:02:42,4,,0.0,refunded,
BK_2047,US_5994,SH_1354,2025-07-26 21:45:11,4,,1395.6,completed,
BK_2048,US_7244,SH_7515,2024-01-22 05:13:40,4,,1731.12,completed,
BK_2049,US_7925,SH_6731,2024-06-09 16:25:48,3,,465.81000000000006,completed,
BK_2050,US_608,SH_2099,2024-07-20 09:00:36,1,,368.25,completed,
BK_2051,US_4671,SH_3557,2025-09-27 17:33:58,4,,1041.28,completed,
BK_2052,US_3174,SH_4113,2025-02-24 06:59:36,1,,467.04,completed,
BK_2053,US_6953,SH_9254,2025-07-19 19:07:22,3,,1375.3799999999999,completed,
BK_2054,US_9889,SH_4919,2025-08-19 18:21:29,1,,488.31,completed,
BK_2056,US_3860,SH_3713,2025-12-16 23:11:38,2,,415.66,completed,
BK_2058,US_5479,SH_4470,2025-10-22 12:22:20,4,,1527.24,completed,
BK_2059,US_38,SH_8352,2024-05-12 23:24:07,3,,0.0,failed,
BK_2060,US_345,SH_5100,2024-05-27 15:02:31,3,,1053.54,completed,
BK_2062,US_4537,SH_2835,2025-09-22 01:45:53,1,,0.0,refunded,
BK_2063,US_980,SH_4584,2024-11-30 08:25:53,1,,358.58,completed,
BK_2064,US_9883,SH_4140,2024-07-12 02:23:47,3,,0.0,refunded,
BK_2066,US_1230,SH_4832,2024-01-13 22:24:41,1,,326.86,completed,
BK_2067,US_6051,SH_7234,2024-06-22 00:07:04,1,,0.0,refunded,
BK_2068,US_4431,SH_9088,2024-10-17 04:26:57,3,,1274.52,completed,
BK_2069,US_3767,SH_8636,2024-03-13 23:01:45,1,,0.0,failed,
BK_2070,US_7372,SH_6703,2025-07-17 23:58:26,1,,450.33,completed,
BK_2071,US_9420,SH_8690,2025-10-10 01:33:18,1,,168.56,completed,
BK_2072,US_4106,SH_8071,2024-09-20 00:09:21,2,,0.0,failed,
BK_2073,US_4017,SH_6229,2024-12-03 09:46:17,1,,339.43,completed,
BK_2074,US_4410,SH_7652,2025-01-12 00:46:20,1,,396.2,completed,
BK_2076,US_6134,SH_9315,2025-01-27 01:52:28,4,,1594.04,completed,
BK_2077,US_3419,SH_5839,2025-11-27 03:07:54,3,,1110.51,completed,
BK_2078,US_1965,SH_2813,2025-06-15 12:26:02,2,,795.56,completed,
BK_2079,US_7616,SH_6584,2025-09-12 18:43:01,4,,659.8,completed,
BK_2080,US_9310,SH_8939,2025-10-24 05:01:17,4,,1882.08,completed,
BK_2081,US_2801,SH_9381,2025-11-30 03:25:18,2,,0.0,failed,
BK_2082,US_7575,SH_4824,2025-11-12 12:37:45,4,,1544.0,completed,
BK_2083,US_5997,SH_1376,2024-11-11 12:05:34,1,,291.53,completed,
BK_2085,US_9135,SH_9176,2025-12-24 11:47:36,4,,0.0,failed,
BK_2086,US_5355,SH_9311,2025-02-17 21:16:46,4,,1414.32,completed,
BK_2087,US_7587,SH_4489,2024-01-31 09:54:44,2,,325.58,completed,
BK_2088,US_6423,SH_2070,2024-01-11 17:39:40,1,,250.27,completed,
BK_2089,US_2426,SH_6245,2024-08-24 01:41:01,1,,312.57,completed,
BK_2090,US_794,SH_2459,2024-05-20 06:54:15,2,,716.2,completed,
BK_2091,US_586,SH_8957,2024-01-31 02:29:42,4,,696.68,completed,
BK_2092,US_6422,SH_6404,2024-07-29 09:06:34,2,,451.86,completed,
BK_2093,US_5301,SH_2450,2025-03-17 09:20:54,1,,0.0,failed,
BK_2094,US_3439,SH_3129,2024-12-15 04:06:40,3,,778.86,completed,
BK_2095,US_8290,SH_6196,2025-04-20 15:05:11,1,,376.3,completed,
BK_2096,US_6735,SH_6823,2025-12-03 14:52:02,3,,1273.1399999999999,completed,
BK_2097,US_3604,SH_8072,2025-07-15 23:00:16,1,,412.11,completed,
BK_2099,US_1732,SH_6116,2025-11-10 09:21:34,3,,1000.14,completed,
BK_2100,US_8706,SH_9886,2024-02-17 20:40:03,4,,1781.0,completed,
BK_2101,US_5597,SH_9753,2024-03-27 15:16:20,4,,1288.48,completed,
BK_2102,US_6498,SH_3906,2025-11-03 05:58:06,4,,1304.36,completed,
BK_2103,US_1701,SH_469,2025-09-18 09:58:40,1,,316.05,completed,
BK_2105,US_5897,SH_3509,2025-12-19 19:45:48,1,,238.09,completed,
BK_2106,US_4279,SH_6415,2024-05-20 09:44:08,4,,1346.64,completed,
BK_2107,US_8160,SH_4513,2025-07-25 12:39:58,1,,357.8,completed,
BK_2108,US_4522,SH_5986,2024-05-25 22:23:53,4,,857.68,completed,
BK_2109,US_5736,SH_4168,2025-10-01 13:50:58,4,,1804.24,completed,
BK_2111,US_3797,SH_5187,2024-10-18 00:31:45,3,,0.0,failed,
BK_2112,US_5359,SH_2245,2025-11-19 09:08:16,2,,469.04,completed,
BK_2113,US_3672,SH_7486,2024-05-10 01:34:49,1,,0.0,failed,
BK_2114,US_7350,SH_9435,2024-05-04 04:59:26,2,,480.84,completed,
BK_2116,US_3363,SH_8233,2025-10-08 10:08:04,4,,1831.8,completed,
BK_2119,US_2726,SH_4733,2024-08-01 04:53:06,3,,1338.1200000000001,completed,
BK_2120,US_7885,SH_7212,2025-10-24 19:26:26,3,,1242.72,completed,
BK_2121,US_551,SH_6106,2024-05-29 16:12:06,4,,1601.68,completed,
BK_2122,US_3814,SH_3979,2025-12-19 13:34:42,2,,0.0,failed,
BK_2123,US_3367,SH_5724,2024-10-20 13:01:17,4,,1941.52,completed,
BK_2124,US_580,SH_8605,2024-09-24 18:36:07,4,,1548.88,completed,
BK_2125,US_6944,SH_7125,2024-12-24 06:50:36,4,,1919.24,completed,
BK_2126,US_5123,SH_2600,2025-05-27 23:00:36,4,,1837.96,completed,
BK_2127,US_5990,SH_7904,2025-05-27 17:58:26,3,,751.77,completed,
BK_2128,US_479,SH_3192,2025-11-20 20:36:51,2,,710.56,completed,
BK_2131,US_6237,SH_6593,2024-11-12 15:45:40,3,,686.55,completed,
BK_2132,US_3838,SH_9993,2024-01-03 03:30:02,1,,194.89,completed,
BK_2135,US_4594,SH_7139,2024-06-24 19:49:36,3,,1329.09,completed,
BK_2136,US_6717,SH_7467,2024-10-14 13:37:05,1,,303.65,completed,
BK_2137,US_4821,SH_1903,2025-08-13 20:23:11,4,,915.24,completed,
BK_2138,US_2179,SH_3979,2025-07-24 18:26:14,3,,1435.6200000000001,completed,
BK_2139,US_6479,SH_9816,2024-04-24 23:50:01,4,,1313.68,completed,
BK_2140,US_4012,SH_7200,2025-11-17 06:28:18,2,,424.6,completed,
BK_2141,US_4270,SH_5580,2025-07-08 07:18:50,1,,419.09,completed,
BK_2142,US_3040,SH_4551,2024-12-09 09:36:03,2,,0.0,refunded,
BK_2143,US_5102,SH_7942,2024-06-21 13:15:49,3,,0.0,failed,
BK_2144,US_8821,SH_6258,2024-04-16 12:51:28,4,,1107.0,completed,
BK_2145,US_3181,SH_5985,2025-06-10 10:54:36,2,,733.9,completed,
BK_2146,US_2925,SH_9707,2025-02-17 02:06:55,3,,1446.51,completed,
BK_2147,US_126,SH_8717,2025-06-22 05:43:06,2,,899.12,completed,
BK_2148,US_3528,SH_4647,2025-01-18 17:18:49,2,,366.08,completed,
BK_2149,US_6863,SH_922,2025-11-25 05:26:34,2,,681.28,completed,
BK_2150,US_6417,SH_8956,2025-07-19 01:10:37,1,,329.75,completed,
BK_2151,US_2605,SH_1775,2025-10-23 15:35:48,3,,0.0,refunded,
BK_2152,US_859,SH_4439,2025-10-03 07:37:07,4,,1134.0,completed,
BK_2154,US_9739,SH_6632,2025-09-02 12:53:35,3,,0.0,failed,
BK_2155,US_3153,SH_2238,2025-04-06 02:59:20,1,,367.49,completed,
BK_2158,US_2310,SH_3401,2025-06-07 03:02:16,4,,1923.52,completed,
BK_2159,US_777,SH_4537,2024-06-11 05:27:49,2,,477.64,completed,
BK_2160,US_936,SH_9845,2025-06-13 22:04:52,2,,568.54,completed,
BK_2162,US_7329,SH_9681,2025-04-05 09:23:01,2,,410.72,completed,
BK_2163,US_1040,SH_9966,2024-01-29 03:19:32,1,,377.05,completed,
BK_2164,US_548,SH_6364,2024-03-08 11:24:20,3,,0.0,failed,
BK_2167,US_1932,SH_9220,2025-07-06 03:36:24,4,,0.0,refunded,
BK_2169,US_7727,SH_8755,2024-07-05 10:38:47,2,,489.14,completed,
BK_2170,US_9137,SH_8590,2025-09-27 14:31:50,2,,965.0,completed,
BK_2171,US_9453,SH_9388,2025-01-08 19:44:19,3,,1042.6200000000001,completed,
BK_2172,US_1436,SH_881,2024-01-27 09:10:22,4,,0.0,failed,
BK_2175,US_6613,SH_7494,2025-11-06 02:08:16,1,,318.18,completed,
BK_2177,US_5097,SH_6829,2024-10-10 14:35:34,2,,0.0,failed,
BK_2178,US_2821,SH_1657,2024-01-07 13:18:18,3,,1166.43,completed,
BK_2180,US_6224,SH_8467,2024-09-14 11:54:35,3,,886.1999999999999,completed,
BK_2181,US_6182,SH_2025,2025-11-18 05:56:41,2,,950.76,completed,
BK_2182,US_2581,SH_6471,2024-10-09 00:23:52,4,,1236.08,completed,
BK_2183,US_3954,SH_8881,2025-05-25 18:00:10,3,,1039.5,completed,
BK_2185,US_7932,SH_5271,2024-05-02 12:48:42,4,,933.08,completed,
BK_2186,US_2942,SH_6041,2024-11-19 06:06:42,1,,244.55,completed,
BK_2188,US_58,SH_5711,2025-10-23 11:56:36,3,,0.0,refunded,
BK_2190,US_693,SH_5149,2025-07-29 18:19:16,2,,0.0,failed,
BK_2191,US_6797,SH_6870,2024-07-10 19:58:40,3,,1284.84,completed,
BK_2193,US_9171,SH_5863,2024-05-09 14:06:58,2,,955.92,completed,
BK_2194,US_9593,SH_6377,2025-01-27 16:12:19,3,,1293.18,completed,
BK_2195,US_9788,SH_916,2024-07-01 04:35:29,3,,548.88,completed,
BK_2196,US_6694,SH_6989,2024-12-27 07:13:10,4,,0.0,failed,
BK_2197,US_9656,SH_4346,2024-02-03 22:26:25,1,,456.56,completed,
BK_2198,US_1626,SH_6611,2025-07-17 07:54:39,3,,696.1500000000001,completed,
BK_2199,US_8521,SH_1120,2025-07-20 06:42:34,4,,1089.64,completed,
BK_2201,US_7890,SH_4885,2024-06-16 01:36:27,4,,959.4,completed,
BK_2202,US_309,SH_4545,2024-02-22 17:20:02,3,,1159.23,completed,
BK_2203,US_608,SH_4662,2025-06-22 21:27:10,2,,914.34,completed,
BK_2204,US_688,SH_8332,2024-08-25 07:59:25,1,,282.54,completed,
BK_2205,US_7178,SH_8308,2024-06-15 12:08:23,3,,0.0,failed,
BK_2206,US_2280,SH_3252,2024-10-23 05:56:08,2,,567.24,completed,
BK_2207,US_9085,SH_2067,2024-01-20 06:09:36,4,,1133.28,completed,
BK_2208,US_1693,SH_2658,2024-11-27 21:47:19,4,,716.24,completed,
BK_2209,US_1808,SH_7856,2025-05-31 11:24:27,3,,745.77,completed,
BK_2211,US_1771,SH_1402,2024-03-14 08:18:32,3,,788.46,completed,
BK_2212,US_366,SH_1297,2024-03-22 09:02:35,3,,861.06,completed,
BK_2213,US_3528,SH_9910,2024-10-18 13:56:40,4,,1422.08,completed,
BK_2214,US_1,SH_5945,2025-09-13 18:37:32,2,,897.12,completed,
BK_2215,US_2076,SH_7096,2024-03-10 23:57:21,4,,1407.64,completed,
BK_2216,US_5267,SH_3082,2025-05-06 22:15:43,1,,398.7,completed,
BK_2217,US_1694,SH_902,2025-04-23 14:39:35,2,,694.36,completed,
BK_2218,US_3732,SH_5976,2025-01-02 07:37:22,2,,558.24,completed,
BK_2219,US_3418,SH_9997,2025-09-16 18:48:51,2,,574.68,completed,
BK_2220,US_9606,SH_2246,2025-10-10 07:09:32,2,,510.64,completed,
BK_2221,US_1468,SH_6436,2024-03-23 07:58:59,4,,0.0,failed,
BK_2222,US_615,SH_2923,2024-05-29 06:47:56,3,,1186.59,completed,
BK_2223,US_488,SH_6090,2024-12-11 15:22:14,3,,780.0,completed,
BK_2225,US_3944,SH_6559,2025-07-27 06:20:12,4,,1590.04,completed,
BK_2226,US_9120,SH_2913,2024-03-31 00:36:26,2,,0.0,failed,
BK_2227,US_2125,SH_1031,2025-07-19 16:07:52,1,,340.62,completed,
BK_2228,US_4734,SH_3604,2025-10-02 08:55:31,1,,432.5,completed,
BK_2229,US_9258,SH_1794,2025-12-21 05:25:02,4,,1217.64,completed,
BK_2230,US_1886,SH_1562,2025-06-03 15:29:31,1,,225.35,completed,
BK_2231,US_5937,SH_9521,2025-08-28 17:18:55,3,,1143.21,completed,
BK_2232,US_7285,SH_1539,2025-05-06 23:43:25,2,,644.6,completed,
BK_2233,US_573,SH_6239,2025-04-09 13:25:35,2,,403.46,completed,
BK_2234,US_8394,SH_932,2025-01-22 14:50:40,2,,488.54,completed,
BK_2235,US_3840,SH_404,2025-08-02 02:07:38,1,,294.67,completed,
BK_2236,US_1328,SH_8836,2024-09-26 18:05:06,4,,1997.0,completed,
BK_2237,US_1224,SH_7973,2025-05-03 20:27:13,1,,391.13,completed,
BK_2238,US_5645,SH_1562,2024-08-28 10:49:21,1,,225.35,completed,
BK_2239,US_8462,SH_4106,2024-10-09 21:37:52,3,,743.88,completed,
BK_2240,US_2369,SH_3851,2025-07-16 21:32:41,1,,310.65,completed,
BK_2241,US_6177,SH_8007,2025-06-18 20:06:54,4,,716.16,completed,
BK_2242,US_6100,SH_7761,2025-08-14 03:28:06,2,,515.38,completed,
BK_2243,US_7442,SH_2164,2025-10-17 06:44:26,2,,0.0,failed,
BK_2244,US_2762,SH_2089,2025-12-14 12:35:06,1,,0.0,failed,
BK_2245,US_4272,SH_9247,2024-05-09 03:09:47,3,,0.0,failed,
BK_2246,US_6097,SH_6522,2024-12-02 15:54:27,2,,837.12,completed,
BK_2247,US_1260,SH_4400,2024-10-29 02:33:10,2,,0.0,failed,
BK_2249,US_5485,SH_880,2024-04-16 08:31:16,3,,703.5600000000001,completed,
BK_2250,US_2164,SH_2389,2025-05-23 22:26:27,3,,748.08,completed,
BK_2251,US_6917,SH_5819,2024-12-24 20:18:22,2,,627.44,completed,
BK_2252,US_6181,SH_9077,2024-07-26 16:08:11,3,,1128.15,completed,
BK_2253,US_8786,SH_8439,2024-08-10 11:53:20,2,,787.44,completed,
BK_2254,US_9510,SH_9072,2024-01-30 07:21:13,3,,972.9300000000001,completed,
BK_2256,US_9511,SH_6228,2024-03-28 00:19:53,1,,356.49,completed,
BK_2258,US_601,SH_456,2025-06-23 02:38:01,2,,918.92,completed,
BK_2259,US_825,SH_6146,2025-02-21 17:58:59,4,,904.44,completed,
BK_2260,US_2744,SH_3469,2024-04-10 13:02:26,3,,896.1600000000001,completed,
BK_2261,US_3228,SH_5323,2024-09-28 23:37:22,4,,1256.76,completed,
BK_2262,US_7240,SH_4436,2024-11-06 09:14:49,4,,1199.6,completed,
BK_2263,US_3123,SH_8436,2024-03-06 16:54:33,1,,219.97,completed,
BK_2264,US_6058,SH_2406,2024-12-23 20:03:16,1,,278.75,completed,
BK_2265,US_9555,SH_1756,2025-09-24 08:57:31,2,,415.46,completed,
BK_2266,US_2892,SH_4687,2025-01-30 19:14:39,2,,501.08,completed,
BK_2267,US_5412,SH_1935,2025-05-07 20:00:14,4,,609.88,completed,
BK_2268,US_4374,SH_298,2025-01-14 10:44:14,1,,471.25,completed,
BK_2269,US_5309,SH_4676,2024-05-28 02:20:41,1,,379.78,completed,
BK_2270,US_5264,SH_4306,2024-01-19 09:12:10,2,,687.92,completed,
BK_2271,US_422,SH_9592,2025-07-26 09:11:03,2,,0.0,failed,
BK_2272,US_5247,SH_5328,2024-11-24 08:43:47,2,,593.92,completed,
BK_2274,US_9816,SH_3037,2024-01-02 20:50:26,1,,438.78,completed,
BK_2275,US_1112,SH_9239,2024-09-25 21:40:27,4,,758.88,completed,
BK_2276,US_5459,SH_6864,2025-09-23 16:59:31,1,,202.28,completed,
BK_2278,US_4568,SH_5724,2024-04-29 09:24:18,4,,0.0,failed,
BK_2279,US_9171,SH_3918,2024-08-24 17:35:37,2,,735.22,completed,
BK_2280,US_9072,SH_3576,2024-08-15 19:44:03,1,,431.71,completed,
BK_2281,US_4955,SH_8047,2025-07-12 00:55:45,2,,572.68,completed,
BK_2282,US_7102,SH_1630,2025-01-16 23:56:09,3,,1376.6399999999999,completed,
BK_2284,US_4626,SH_6334,2025-11-29 09:39:10,4,,1502.6,completed,
BK_2285,US_214,SH_7590,2025-03-19 04:22:18,2,,308.58,completed,
BK_2286,US_7174,SH_7524,2024-09-12 17:44:11,3,,1116.6,completed,
BK_2287,US_6553,SH_2358,2024-04-18 10:52:34,3,,814.3499999999999,completed,
BK_2289,US_1034,SH_3830,2025-06-04 11:27:40,3,,710.58,completed,
BK_2290,US_6225,SH_1753,2024-12-17 05:42:27,4,,0.0,refunded,
BK_2291,US_4906,SH_7228,2025-12-11 22:35:38,2,,421.54,completed,
BK_2292,US_9338,SH_2549,2025-08-06 21:05:40,4,,0.0,refunded,
BK_2293,US_3177,SH_5218,2025-01-20 15:11:35,2,,583.54,completed,
BK_2294,US_2758,SH_7146,2025-12-26 22:32:32,4,,1035.8,completed,
BK_2295,US_9268,SH_9938,2025-04-24 00:30:54,1,,318.02,completed,
BK_2297,US_9387,SH_7637,2025-09-05 20:54:14,1,,298.34,completed,
BK_2298,US_5513,SH_8686,2025-04-30 15:54:04,3,,1325.28,completed,
BK_2299,US_4902,SH_6721,2024-12-28 03:17:45,4,,1949.28,completed,
BK_2300,US_3971,SH_9814,2025-03-02 06:33:05,4,,1870.56,completed,
BK_2301,US_3645,SH_8543,2025-04-16 04:48:05,1,,397.92,completed,
BK_2302,US_1640,SH_6545,2024-04-27 20:27:16,1,,0.0,failed,
BK_2303,US_941,SH_663,2024-07-27 04:43:14,4,,0.0,failed,
BK_2304,US_775,SH_568,2024-10-15 16:08:43,1,,211.28,completed,
BK_2305,US_6373,SH_5539,2024-12-21 14:32:49,1,,241.17,completed,
BK_2306,US_8591,SH_3094,2024-06-02 02:42:53,1,,174.14,completed,
BK_2307,US_4025,SH_686,2024-11-18 18:48:50,1,,377.26,completed,
BK_2308,US_4433,SH_575,2024-09-09 02:31:57,1,,308.72,completed,
BK_2309,US_9974,SH_8295,2024-08-07 19:26:30,1,,323.61,completed,
BK_2310,US_7478,SH_1236,2025-10-17 08:53:34,4,,1589.8,completed,
BK_2311,US_8389,SH_6738,2025-11-05 18:05:18,3,,0.0,failed,
BK_2312,US_6057,SH_5180,2025-08-18 02:48:46,1,,280.4,completed,
BK_2313,US_9604,SH_6805,2025-12-20 13:44:01,2,,816.1,completed,
BK_2314,US_6411,SH_661,2025-11-07 05:02:23,3,,816.39,completed,
BK_2315,US_3655,SH_2180,2025-01-25 16:27:42,1,,374.89,completed,
BK_2316,US_162,SH_9017,2025-10-13 07:30:46,2,,0.0,refunded,
BK_2317,US_3231,SH_4100,2024-02-08 03:32:29,4,,1107.2,completed,
BK_2318,US_4123,SH_9610,2024-04-06 08:47:24,2,,709.66,completed,
BK_2319,US_6915,SH_5696,2025-10-16 23:35:35,2,,818.96,completed,
BK_2321,US_9878,SH_9557,2024-03-20 18:44:18,1,,0.0,failed,
BK_2322,US_8927,SH_9348,2025-06-13 10:39:11,4,,1402.28,completed,
BK_2323,US_2656,SH_3863,2025-04-05 06:55:52,3,,1235.28,completed,
BK_2324,US_2010,SH_8255,2025-02-02 14:15:07,2,,803.04,completed,
BK_2325,US_5220,SH_2466,2024-11-19 14:18:32,2,,986.24,completed,
BK_2327,US_2554,SH_1378,2025-10-06 20:16:24,2,,877.86,completed,
BK_2328,US_6033,SH_5093,2025-05-02 10:55:07,3,,0.0,failed,
BK_2331,US_7231,SH_7765,2025-10-31 16:35:07,1,,378.08,completed,
BK_2332,US_808,SH_9838,2025-03-17 15:46:11,1,,265.99,completed,
BK_2334,US_6210,SH_7722,2024-09-26 04:09:10,4,,1712.64,completed,
BK_2335,US_4342,SH_4290,2024-02-29 19:18:48,2,,638.64,completed,
BK_2336,US_4240,SH_4707,2025-01-16 00:28:41,3,,1145.5500000000002,completed,
BK_2337,US_205,SH_9953,2024-10-19 14:14:04,1,,398.97,completed,
BK_2338,US_4783,SH_4059,2024-10-21 09:47:57,3,,1050.66,completed,
BK_2340,US_671,SH_5369,2024-01-10 01:28:50,4,,1378.36,completed,
BK_2341,US_9447,SH_8761,2024-06-21 20:33:04,1,,446.36,completed,
BK_2342,US_5761,SH_1080,2025-08-19 14:08:15,3,,555.42,completed,
BK_2343,US_5173,SH_6488,2024-12-09 23:31:55,2,,484.56,completed,
BK_2344,US_1989,SH_6785,2025-01-03 15:54:03,1,,470.04,completed,
BK_2346,US_8981,SH_873,2024-05-17 03:20:35,1,,0.0,refunded,
BK_2347,US_2069,SH_1577,2025-08-19 17:21:51,3,,699.72,completed,
BK_2348,US_2387,SH_7813,2024-09-14 10:32:53,3,,1040.6999999999998,completed,
BK_2349,US_8905,SH_2035,2024-08-30 21:16:29,2,,0.0,failed,
BK_2350,US_1368,SH_4196,2025-09-30 12:33:40,3,,1437.69,completed,
BK_2351,US_6797,SH_7535,2025-03-26 14:51:13,2,,989.24,completed,
BK_2352,US_1139,SH_3380,2025-08-11 22:58:51,2,,371.42,completed,
BK_2353,US_56,SH_6589,2025-03-26 17:42:18,2,,594.8,completed,
BK_2354,US_7669,SH_5046,2025-06-12 22:01:44,3,,0.0,refunded,
BK_2357,US_7511,SH_2391,2024-12-01 19:39:49,3,,0.0,failed,
BK_2358,US_1226,SH_1811,2025-03-03 12:22:30,2,,0.0,failed,
BK_2359,US_5754,SH_9727,2024-04-04 01:11:36,3,,0.0,failed,
BK_2360,US_3545,SH_4590,2025-03-29 19:31:23,2,,956.8,completed,
BK_2361,US_7418,SH_4941,2025-06-12 17:38:56,2,,869.8,completed,
BK_2362,US_7104,SH_5164,2025-02-07 00:27:06,2,,852.46,completed,
BK_2363,US_2680,SH_6146,2024-12-18 15:29:37,3,,0.0,failed,
BK_2364,US_9263,SH_9378,2024-10-30 05:47:21,3,,1290.57,completed,
BK_2365,US_747,SH_615,2024-10-05 21:45:16,2,,815.36,completed,
BK_2367,US_730,SH_1499,2024-07-26 22:55:06,3,,1200.84,completed,
BK_2368,US_8852,SH_4144,2025-07-21 18:02:57,3,,525.33,completed,
BK_2369,US_3861,SH_2702,2025-04-08 19:32:28,4,,896.84,completed,
BK_2370,US_8905,SH_816,2024-11-07 17:49:51,2,,345.5,completed,
BK_2371,US_3558,SH_2129,2024-01-04 15:32:58,1,,167.17,completed,
BK_2372,US_7270,SH_4784,2024-08-11 13:25:55,1,,423.46,completed,
BK_2373,US_16,SH_8996,2024-05-03 18:14:50,3,,1432.47,completed,
BK_2374,US_3706,SH_3745,2024-07-15 15:33:29,4,,1965.12,completed,
BK_2375,US_9907,SH_9409,2025-02-13 00:25:05,2,,587.46,completed,
BK_2376,US_8133,SH_4027,2025-06-27 04:36:57,2,,387.42,completed,
BK_2377,US_323,SH_2716,2025-02-17 12:07:13,4,,1797.2,completed,
BK_2378,US_7959,SH_6407,2024-08-11 11:36:18,1,,457.86,completed,
BK_2379,US_4959,SH_8415,2024-07-09 15:30:31,3,,1070.85,completed,
BK_2381,US_5693,SH_2100,2025-02-16 17:44:39,3,,604.17,completed,
BK_2382,US_1390,SH_5190,2024-03-27 06:52:13,3,,550.89,completed,
BK_2383,US_5131,SH_1292,2024-06-14 01:33:33,3,,0.0,failed,
BK_2384,US_3191,SH_2894,2024-11-09 23:07:29,4,,1622.88,completed,
BK_2386,US_8634,SH_1341,2025-01-15 21:40:09,4,,0.0,failed,
BK_2388,US_854,SH_7242,2025-09-14 23:16:28,4,,1248.68,completed,
BK_2389,US_8582,SH_9439,2025-08-16 15:23:41,2,,718.74,completed,
BK_2390,US_8639,SH_7643,2025-11-17 13:59:38,1,,0.0,refunded,
BK_2391,US_4325,SH_6357,2024-10-19 10:40:54,2,,708.28,completed,
BK_2392,US_9051,SH_5149,2024-05-26 01:46:37,3,,1435.17,completed,
BK_2394,US_6182,SH_4425,2025-02-17 08:00:22,2,,521.66,completed,
BK_2395,US_3807,SH_112,2024-07-04 00:34:00,1,,497.41,completed,
BK_2397,US_989,SH_1605,2024-05-04 05:30:54,2,,323.48,completed,
BK_2398,US_9209,SH_1896,2025-10-20 07:59:42,2,,345.74,completed,
BK_2399,US_7759,SH_3301,2024-03-17 14:17:47,3,,897.78,completed,
BK_2400,US_9518,SH_3898,2025-08-14 17:40:33,1,,0.0,failed,
BK_2401,US_7034,SH_76,2024-07-15 14:26:05,3,,839.94,completed,
BK_2402,US_8227,SH_5008,2024-10-03 01:06:46,1,,352.75,completed,
BK_2404,US_9234,SH_9924,2025-01-17 03:24:22,2,,0.0,refunded,
BK_2405,US_3762,SH_1140,2025-01-19 03:29:04,4,,1804.16,completed,
BK_2406,US_555,SH_1205,2025-09-13 05:20:48,1,,0.0,refunded,
BK_2407,US_3826,SH_4832,2025-07-04 23:55:15,2,,653.72,completed,
BK_2408,US_8871,SH_9,2024-01-26 23:02:43,2,,812.76,completed,
BK_2409,US_5829,SH_8921,2024-10-24 08:21:52,4,,0.0,refunded,
BK_2411,US_8525,SH_5810,2024-01-21 07:59:14,1,,277.06,completed,
BK_2413,US_5047,SH_6255,2024-03-24 00:21:06,4,,1879.2,completed,
BK_2414,US_7716,SH_3210,2024-07-03 14:38:40,4,,1218.48,completed,
BK_2415,US_8922,SH_9470,2024-12-16 23:50:36,3,,1258.56,completed,
BK_2417,US_3761,SH_9106,2025-05-13 21:56:22,4,,710.76,completed,
BK_2418,US_6210,SH_7733,2024-09-01 20:53:39,3,,0.0,failed,
BK_2419,US_5123,SH_3173,2024-10-29 15:37:17,1,,469.94,completed,
BK_2420,US_2642,SH_1205,2025-11-24 16:55:59,4,,759.36,completed,
BK_2421,US_6688,SH_1421,2025-10-11 09:04:42,4,,1119.52,completed,
BK_2422,US_2474,SH_8300,2024-04-28 00:41:48,2,,382.5,completed,
BK_2423,US_2323,SH_4961,2024-02-28 00:05:24,3,,0.0,refunded,
BK_2424,US_973,SH_1853,2024-06-18 18:37:45,3,,0.0,refunded,
BK_2425,US_2630,SH_1810,2025-01-28 12:46:25,2,,357.66,completed,
BK_2426,US_2257,SH_105,2025-02-22 19:09:11,3,,928.6800000000001,completed,
BK_2427,US_217,SH_7273,2025-05-28 11:53:06,2,,895.44,completed,
BK_2428,US_6615,SH_7141,2024-02-06 14:08:12,2,,587.96,completed,
BK_2429,US_7600,SH_5126,2025-09-12 21:57:57,2,,784.64,completed,
BK_2430,US_3217,SH_4553,2025-01-26 00:09:50,1,,448.91,completed,
BK_2431,US_8016,SH_8662,2024-05-25 07:10:18,2,,951.64,completed,
BK_2432,US_971,SH_6006,2025-02-28 03:09:16,4,,1840.92,completed,
BK_2433,US_1036,SH_4078,2025-02-17 01:03:31,4,,1321.72,completed,
BK_2434,US_5133,SH_8698,2025-01-09 22:36:04,1,,433.73,completed,
BK_2435,US_4294,SH_9172,2025-01-21 10:09:35,3,,1311.21,completed,
BK_2436,US_6477,SH_7380,2024-11-11 04:47:04,4,,951.32,completed,
BK_2437,US_3013,SH_3149,2025-12-12 14:57:20,3,,1235.6999999999998,completed,
BK_2438,US_9007,SH_8600,2024-08-09 06:59:51,1,,312.22,completed,
BK_2439,US_3371,SH_2365,2024-01-10 23:04:43,3,,1176.3000000000002,completed,
BK_2440,US_1267,SH_6947,2025-07-28 08:13:47,4,,1815.28,completed,
BK_2441,US_4967,SH_1861,2024-02-16 10:02:17,1,,265.94,completed,
BK_2442,US_9523,SH_907,2024-12-16 01:21:23,4,,1576.64,completed,
BK_2443,US_1841,SH_1039,2025-06-20 22:41:40,1,,0.0,failed,
BK_2444,US_6402,SH_7862,2025-06-05 06:06:41,4,,1364.68,completed,
BK_2445,US_5913,SH_5034,2024-08-27 18:07:52,2,,0.0,failed,
BK_2447,US_3998,SH_3774,2025-01-17 07:34:46,1,,350.27,completed,
BK_2448,US_3893,SH_8362,2024-06-08 21:44:28,2,,979.14,completed,
BK_2449,US_3521,SH_7139,2025-12-14 07:12:10,2,,886.06,completed,
BK_2450,US_6539,SH_2785,2024-04-02 17:13:32,4,,1735.24,completed,
BK_2451,US_474,SH_8505,2025-10-25 10:53:32,3,,1210.44,completed,
BK_2452,US_6725,SH_8128,2025-05-02 21:11:06,3,,1170.3899999999999,completed,
BK_2453,US_4159,SH_6048,2024-11-03 21:51:42,1,,377.48,completed,
BK_2454,US_5955,SH_6323,2025-04-05 20:53:10,3,,1175.1299999999999,completed,
BK_2455,US_2466,SH_1347,2024-04-18 11:54:47,1,,419.12,completed,
BK_2456,US_2879,SH_7998,2024-10-21 13:26:49,1,,469.67,completed,
BK_2457,US_1969,SH_841,2025-04-18 05:01:17,4,,1537.52,completed,
BK_2459,US_3915,SH_2769,2025-08-21 22:14:32,1,,468.11,completed,
BK_2461,US_9709,SH_5522,2024-03-07 03:55:34,2,,862.84,completed,
BK_2462,US_4875,SH_6015,2024-07-08 05:50:03,1,,340.83,completed,
BK_2463,US_2270,SH_7289,2024-08-21 05:34:39,2,,667.3,completed,
BK_2465,US_4635,SH_7165,2024-10-08 13:40:04,1,,455.49,completed,
BK_2466,US_9960,SH_2540,2024-03-17 14:20:35,4,,1360.8,completed,
BK_2467,US_151,SH_1379,2024-01-22 07:40:30,2,,853.98,completed,
BK_2469,US_303,SH_3223,2025-08-24 09:56:23,3,,1403.3700000000001,completed,
BK_2470,US_2322,SH_4341,2024-09-08 07:01:41,3,,1269.3600000000001,completed,
BK_2471,US_1247,SH_1738,2024-08-31 06:07:28,2,,921.76,completed,
BK_2472,US_7800,SH_9275,2025-08-29 15:42:03,3,,940.1999999999999,completed,
BK_2473,US_6573,SH_1713,2024-07-27 12:16:45,4,,0.0,refunded,
BK_2474,US_6886,SH_3067,2024-04-29 20:50:39,3,,1264.35,completed,
BK_2475,US_5298,SH_5095,2024-02-05 09:13:47,3,,904.08,completed,
BK_2477,US_8586,SH_8248,2025-04-24 19:15:24,3,,1000.71,completed,
BK_2478,US_6168,SH_4826,2025-05-03 10:50:33,3,,1367.3700000000001,completed,
BK_2479,US_4558,SH_6108,2025-06-04 11:44:49,1,,483.53,completed,
BK_2480,US_1633,SH_1714,2025-11-04 22:48:06,4,,1301.44,completed,
BK_2481,US_7709,SH_1103,2025-06-07 21:13:39,4,,1327.56,completed,
BK_2482,US_9453,SH_6199,2024-01-03 17:06:19,1,,269.52,completed,
BK_2483,US_7084,SH_150,2024-11-18 15:07:58,1,,401.29,completed,
BK_2484,US_4456,SH_3755,2025-11-22 01:23:43,4,,1945.68,completed,
BK_2486,US_336,SH_1046,2024-05-05 21:10:22,1,,251.98,completed,
BK_2487,US_9996,SH_9226,2024-09-02 04:48:43,4,,1069.28,completed,
BK_2488,US_2984,SH_3651,2024-04-01 07:44:54,2,,641.84,completed,
BK_2489,US_9206,SH_5097,2024-04-21 07:48:16,3,,570.3,completed,
BK_2491,US_3497,SH_7217,2024-09-21 16:57:12,3,,463.53,completed,
BK_2492,US_354,SH_9781,2025-08-16 07:37:22,1,,473.04,completed,
BK_2493,US_2319,SH_7738,2024-09-26 06:41:43,2,,0.0,failed,
BK_2494,US_5772,SH_6678,2025-01-29 21:18:06,2,,734.78,completed,
BK_2495,US_8826,SH_8926,2025-02-02 05:22:27,3,,532.2,completed,
BK_2496,US_1386,SH_6726,2025-05-12 05:24:48,2,,0.0,failed,
BK_2497,US_9612,SH_2837,2024-07-29 07:01:05,4,,921.8,completed,
BK_2498,US_6323,SH_4303,2025-07-17 15:21:51,2,,624.98,completed,
BK_2499,US_8622,SH_3795,2025-11-04 03:27:04,1,,153.12,completed,
BK_2500,US_4709,SH_422,2024-11-22 17:43:53,3,,1044.1200000000001,completed,
BK_2502,US_6146,SH_429,2024-08-02 21:30:20,4,,0.0,refunded,
BK_2503,US_6459,SH_4093,2025-04-22 12:19:01,2,,783.46,completed,
BK_2504,US_8443,SH_1295,2024-05-14 16:54:53,1,,481.29,completed,
BK_2505,US_7038,SH_3070,2024-08-14 01:05:35,1,,311.17,completed,
BK_2506,US_3802,SH_7821,2024-09-09 17:30:49,2,,792.32,completed,
BK_2507,US_3057,SH_6024,2024-09-19 07:08:45,1,,227.2,completed,
BK_2508,US_3959,SH_1737,2024-09-17 09:35:34,3,,1172.1299999999999,completed,
BK_2509,US_5717,SH_4021,2024-05-22 02:02:40,4,,1299.88,completed,
BK_2510,US_4128,SH_8935,2024-03-08 17:52:27,1,,156.84,completed,
BK_2511,US_1231,SH_7397,2024-09-12 02:10:57,2,,651.18,completed,
BK_2513,US_778,SH_1724,2025-06-06 15:55:39,4,,670.4,completed,
BK_2514,US_8659,SH_4513,2024-05-23 08:32:19,3,,1073.4,completed,
BK_2515,US_1920,SH_5569,2024-07-25 04:35:30,3,,835.08,completed,
BK_2516,US_348,SH_6368,2025-05-13 16:37:26,1,,343.23,completed,
BK_2517,US_3390,SH_6499,2025-10-19 20:42:25,2,,767.64,completed,
BK_2521,US_5621,SH_8240,2024-07-04 03:07:19,1,,343.4,completed,
BK_2523,US_7398,SH_4039,2025-09-05 19:41:58,3,,1056.3899999999999,completed,
BK_2524,US_4444,SH_5937,2024-07-20 07:04:10,4,,902.92,completed,
BK_2525,US_8944,SH_1255,2024-01-13 14:49:02,2,,681.56,completed,
BK_2526,US_2991,SH_2622,2025-08-05 13:14:51,1,,283.08,completed,
BK_2527,US_7366,SH_5444,2024-06-02 17:37:49,3,,930.51,completed,
BK_2528,US_5568,SH_3150,2024-09-03 04:58:41,4,,1683.84,completed,
BK_2529,US_747,SH_3003,2024-04-29 01:34:15,4,,1843.8,completed,
BK_2530,US_4911,SH_1167,2025-02-01 00:25:33,1,,357.04,completed,
BK_2531,US_2368,SH_5769,2024-06-02 10:13:06,3,,1081.65,completed,
BK_2532,US_7177,SH_2427,2025-02-19 22:59:05,3,,929.94,completed,
BK_2534,US_8085,SH_2908,2024-02-06 20:05:44,4,,0.0,refunded,
BK_2535,US_4800,SH_161,2024-01-11 14:00:20,2,,956.32,completed,
BK_2536,US_7041,SH_1098,2024-07-08 02:51:03,2,,0.0,refunded,
BK_2537,US_3974,SH_2663,2025-08-15 04:27:46,4,,867.96,completed,
BK_2538,US_3392,SH_6454,2025-07-23 21:38:31,1,,308.82,completed,
BK_2539,US_1663,SH_9614,2025-03-01 09:02:33,1,,375.98,completed,
BK_2541,US_2840,SH_7902,2024-06-14 03:38:36,4,,0.0,failed,
BK_2542,US_5036,SH_5942,2025-07-27 20:28:08,2,,862.38,completed,
BK_2543,US_8943,SH_2295,2025-06-18 07:15:30,4,,1457.52,completed,
BK_2544,US_4358,SH_1671,2024-04-22 08:49:08,3,,1134.96,completed,
BK_2545,US_2763,SH_2936,2024-05-16 17:12:25,2,,333.94,completed,
BK_2546,US_1820,SH_6674,2024-01-26 01:49:40,3,,798.6600000000001,completed,
BK_2547,US_5899,SH_254,2025-07-01 13:26:59,4,,1408.84,completed,
BK_2548,US_8578,SH_3122,2025-09-27 13:43:24,3,,1318.1399999999999,completed,
BK_2549,US_456,SH_9680,2025-06-17 18:01:30,2,,940.74,completed,
BK_2550,US_9576,SH_3109,2025-03-24 16:07:42,2,,938.46,completed,
BK_2551,US_1218,SH_1488,2024-01-08 22:05:22,1,,172.9,completed,
BK_2552,US_6615,SH_5130,2025-07-19 06:00:00,4,,1353.08,completed,
BK_2553,US_8820,SH_8926,2025-08-07 23:11:44,3,,532.2,completed,
BK_2554,US_2004,SH_3765,2025-01-19 06:33:20,4,,1254.6,completed,
BK_2555,US_7384,SH_4457,2025-04-09 02:13:52,3,,1007.5500000000001,completed,
BK_2556,US_321,SH_6169,2024-02-15 09:28:22,3,,1231.1100000000001,completed,
BK_2557,US_2508,SH_7611,2024-07-28 11:46:38,2,,0.0,refunded,
BK_2558,US_8744,SH_9502,2024-07-01 04:25:35,3,,1184.19,completed,
BK_2559,US_1170,SH_599,2025-01-14 07:43:00,3,,1472.04,completed,
BK_2560,US_2938,SH_2862,2025-12-13 22:56:13,3,,1381.1399999999999,completed,
BK_2561,US_287,SH_8828,2024-08-09 06:57:27,2,,0.0,failed,
BK_2562,US_8635,SH_956,2024-03-16 02:12:08,2,,875.08,completed,
BK_2564,US_8182,SH_9156,2024-12-19 04:53:39,3,,1077.9,completed,
BK_2565,US_3449,SH_4805,2024-03-16 00:23:14,4,,1502.64,completed,
BK_2566,US_3671,SH_6438,2025-08-04 00:50:36,4,,1405.24,completed,
BK_2567,US_9319,SH_906,2024-01-12 11:27:55,3,,0.0,failed,
BK_2568,US_4695,SH_4617,2025-12-26 11:26:25,1,,219.25,completed,
BK_2569,US_6077,SH_8703,2024-06-19 12:11:18,2,,662.94,completed,
BK_2570,US_7458,SH_8349,2025-12-27 22:02:17,1,,0.0,failed,
BK_2571,US_5614,SH_4925,2024-02-19 22:29:27,3,,1126.08,completed,
BK_2572,US_4568,SH_3972,2024-07-29 04:03:30,4,,1148.8,completed,
BK_2575,US_9221,SH_2427,2024-02-10 19:23:03,2,,619.96,completed,
BK_2577,US_1676,SH_1891,2025-07-29 14:02:17,1,,441.49,completed,
BK_2578,US_9728,SH_3579,2025-05-24 04:25:35,3,,836.28,completed,
BK_2579,US_7494,SH_8202,2024-11-02 02:30:00,4,,1197.0,completed,
BK_2580,US_6841,SH_1219,2024-01-01 03:54:46,3,,1440.0,completed,
BK_2581,US_9915,SH_8535,2024-02-09 23:51:29,2,,0.0,failed,
BK_2582,US_9956,SH_4646,2024-07-04 11:54:59,2,,707.62,completed,
BK_2583,US_5411,SH_9147,2024-03-04 01:31:14,2,,444.82,completed,
BK_2584,US_3306,SH_7889,2025-12-15 11:43:12,1,,442.84,completed,
BK_2585,US_1617,SH_2649,2025-06-28 05:30:29,4,,1281.64,completed,
BK_2587,US_6908,SH_7104,2024-01-30 17:23:39,1,,293.73,completed,
BK_2590,US_8816,SH_2927,2025-10-15 13:07:05,3,,489.15000000000003,completed,
BK_2591,US_4376,SH_4198,2024-09-18 10:47:11,2,,718.7,completed,
BK_2592,US_6676,SH_8894,2025-06-08 16:03:15,4,,1691.8,completed,
BK_2593,US_8740,SH_4312,2025-01-02 13:51:09,2,,953.12,completed,
BK_2594,US_4013,SH_8163,2024-03-02 01:18:57,3,,1043.01,completed,
BK_2595,US_1952,SH_1330,2024-07-30 08:48:49,1,,461.65,completed,
BK_2597,US_5891,SH_5117,2025-07-20 06:04:27,2,,908.4,completed,
BK_2598,US_7366,SH_9191,2025-03-01 00:18:23,3,,917.1299999999999,completed,
BK_2599,US_2061,SH_5919,2025-08-22 16:56:04,2,,506.96,completed,
BK_2603,US_605,SH_684,2024-04-03 18:48:05,1,,463.01,completed,
BK_2604,US_987,SH_5628,2024-09-24 10:45:19,4,,1921.12,completed,
BK_2606,US_9171,SH_8143,2024-07-21 04:35:29,3,,0.0,refunded,
BK_2607,US_6954,SH_967,2024-02-18 03:05:45,3,,624.0600000000001,completed,
BK_2608,US_3710,SH_588,2024-03-27 17:04:53,1,,474.64,completed,
BK_2609,US_9972,SH_9303,2024-08-05 22:49:19,4,,1165.2,completed,
BK_2610,US_225,SH_5175,2025-03-16 10:55:11,2,,651.94,completed,
BK_2612,US_6372,SH_7168,2024-06-13 23:22:55,3,,555.42,completed,
BK_2613,US_7399,SH_6453,2025-04-10 17:43:01,1,,163.91,completed,
BK_2614,US_2779,SH_2020,2025-03-15 17:36:01,3,,1482.6299999999999,completed,
BK_2615,US_5012,SH_4802,2024-09-06 04:30:34,4,,1452.36,completed,
BK_2616,US_5538,SH_6042,2025-12-16 06:02:44,1,,254.22,completed,
BK_2617,US_6602,SH_1503,2024-01-26 08:57:00,1,,330.03,completed,
BK_2618,US_2458,SH_1054,2025-07-29 11:41:31,2,,956.22,completed,
BK_2619,US_6815,SH_2365,2025-10-07 21:17:27,1,,392.1,completed,
BK_2620,US_1256,SH_4844,2025-10-11 10:04:43,1,,425.1,completed,
BK_2621,US_5874,SH_533,2025-05-06 09:59:19,3,,963.1800000000001,completed,
BK_2622,US_287,SH_7680,2025-12-29 21:57:54,1,,226.03,completed,
BK_2623,US_4311,SH_876,2024-09-26 16:06:32,2,,0.0,refunded,
BK_2624,US_265,SH_9539,2025-11-03 17:13:43,4,,1295.28,completed,
BK_2625,US_444,SH_481,2024-11-09 04:46:30,2,,786.4,completed,
BK_2626,US_7811,SH_1606,2024-03-31 23:29:33,1,,287.3,completed,
BK_2627,US_8554,SH_7794,2025-01-22 00:59:27,4,,974.28,completed,
BK_2628,US_4430,SH_6146,2024-05-09 03:06:31,2,,452.22,completed,
BK_2629,US_4483,SH_6033,2025-11-23 07:19:16,4,,1475.04,completed,
BK_2631,US_5779,SH_4502,2025-11-01 22:52:59,2,,597.26,completed,
BK_2632,US_1143,SH_1920,2024-05-17 12:04:39,3,,1395.27,completed,
BK_2634,US_5059,SH_1204,2024-09-09 17:57:49,3,,1013.58,completed,
BK_2635,US_5772,SH_3543,2025-01-26 10:39:16,1,,240.29,completed,
BK_2636,US_296,SH_5099,2024-07-10 20:08:33,1,,347.49,completed,
BK_2637,US_2014,SH_2104,2025-12-21 06:30:52,4,,1501.04,completed,
BK_2638,US_4461,SH_647,2025-09-04 17:20:04,2,,335.0,completed,
BK_2639,US_6706,SH_2265,2025-06-21 15:52:55,2,,967.26,completed,
BK_2641,US_53,SH_7303,2024-09-02 12:19:49,1,,420.16,completed,
BK_2642,US_4801,SH_844,2025-03-22 04:52:37,3,,1383.03,completed,
BK_2644,US_4220,SH_258,2024-05-14 11:50:25,1,,328.4,completed,
BK_2645,US_8228,SH_8577,2024-08-27 00:39:17,2,,556.46,completed,
BK_2646,US_4648,SH_4777,2024-04-16 22:46:47,1,,188.52,completed,
BK_2647,US_1146,SH_2031,2025-01-28 14:37:38,4,,1465.12,completed,
BK_2649,US_4079,SH_5919,2025-04-10 13:36:32,3,,760.4399999999999,completed,
BK_2650,US_9137,SH_239,2024-08-23 10:23:06,2,,0.0,refunded,
BK_2652,US_379,SH_172,2024-09-25 09:22:20,2,,378.68,completed,
BK_2653,US_5372,SH_7551,2025-08-27 12:49:01,4,,1786.44,completed,
BK_2654,US_3079,SH_3133,2025-12-22 19:24:01,4,,1578.68,completed,
BK_2655,US_2469,SH_3838,2024-10-17 16:16:50,2,,826.42,completed,
BK_2656,US_89,SH_9582,2025-05-21 15:52:03,3,,1475.3700000000001,completed,
BK_2657,US_8708,SH_8913,2024-10-28 11:07:45,3,,1436.52,completed,
BK_2659,US_6124,SH_4389,2024-08-23 10:20:47,3,,1100.6100000000001,completed,
BK_2660,US_2163,SH_6859,2024-08-23 18:09:25,3,,797.6999999999999,completed,
BK_2661,US_8190,SH_2397,2024-08-05 01:18:25,3,,814.02,completed,
BK_2663,US_7319,SH_2873,2025-11-21 05:28:43,3,,1081.44,completed,
BK_2664,US_1818,SH_5094,2024-05-02 09:08:19,2,,775.72,completed,
BK_2665,US_8666,SH_3099,2025-12-01 07:09:07,1,,260.69,completed,
BK_2666,US_3222,SH_5228,2024-08-28 21:35:27,3,,1350.57,completed,
BK_2667,US_4420,SH_9552,2025-05-20 20:05:10,3,,999.3000000000001,completed,
BK_2668,US_7207,SH_4779,2024-05-28 09:22:11,1,,429.96,completed,
BK_2669,US_9054,SH_9763,2025-02-06 15:31:35,4,,1027.92,completed,
BK_2670,US_1183,SH_8974,2025-07-28 07:31:52,4,,657.32,completed,
BK_2671,US_5307,SH_7764,2024-07-06 05:12:44,1,,399.24,completed,
BK_2672,US_2373,SH_3077,2024-07-04 17:58:44,4,,1253.24,completed,
BK_2673,US_5532,SH_6617,2025-03-14 19:10:59,1,,263.45,completed,
BK_2675,US_2361,SH_5393,2025-05-12 23:27:31,4,,788.88,completed,
BK_2676,US_3873,SH_732,2024-04-04 07:31:40,3,,1486.59,completed,
BK_2677,US_2702,SH_4900,2025-10-23 21:34:02,2,,509.32,completed,
BK_2678,US_5471,SH_7173,2024-05-25 22:01:23,3,,796.11,completed,
BK_2679,US_9974,SH_8290,2024-01-02 09:46:05,1,,334.89,completed,
BK_2680,US_5393,SH_3101,2025-05-28 21:49:56,3,,0.0,failed,
BK_2681,US_7229,SH_7082,2024-01-27 16:45:58,4,,1758.56,completed,
BK_2682,US_4956,SH_2616,2024-06-26 03:18:42,1,,338.78,completed,
BK_2683,US_5159,SH_144,2024-08-23 12:14:51,2,,625.54,completed,
BK_2684,US_8560,SH_2706,2025-06-18 19:15:22,3,,1247.49,completed,
BK_2687,US_1193,SH_2447,2025-02-23 14:15:43,4,,716.68,completed,
BK_2688,US_936,SH_878,2025-10-18 07:05:31,2,,767.9,completed,
BK_2689,US_7958,SH_3598,2025-07-17 11:20:57,1,,0.0,failed,
BK_2690,US_8673,SH_1987,2024-09-01 10:15:16,1,,273.87,completed,
BK_2691,US_53,SH_1988,2025-06-08 11:35:59,4,,1724.84,completed,
BK_2692,US_7009,SH_6703,2025-11-13 16:23:58,1,,450.33,completed,
BK_2693,US_7578,SH_1350,2024-12-23 16:38:44,3,,671.46,completed,
BK_2694,US_1151,SH_4285,2025-12-06 17:01:16,1,,0.0,refunded,
BK_2695,US_4821,SH_8863,2024-06-08 12:28:40,1,,399.74,completed,
BK_2696,US_5536,SH_2723,2025-08-24 09:22:10,1,,236.48,completed,
BK_2698,US_3333,SH_4870,2025-04-03 17:12:54,2,,677.6,completed,
BK_2699,US_4712,SH_4572,2024-06-11 20:40:57,2,,340.84,completed,
BK_2700,US_8468,SH_6893,2025-02-03 06:22:53,3,,1383.6299999999999,completed,
BK_2702,US_9816,SH_3433,2025-05-13 16:23:44,4,,1259.0,completed,
BK_2703,US_8326,SH_3045,2024-06-29 05:12:56,2,,543.78,completed,
BK_2705,US_6082,SH_3689,2024-01-24 02:14:46,2,,457.82,completed,
BK_2706,US_555,SH_9970,2024-10-21 14:03:46,4,,769.6,completed,
BK_2707,US_6301,SH_162,2024-11-16 21:08:01,4,,0.0,refunded,
BK_2709,US_7316,SH_6048,2025-03-20 10:32:44,1,,377.48,completed,
BK_2710,US_9495,SH_3319,2025-08-25 09:18:49,3,,0.0,failed,
BK_2712,US_2554,SH_5583,2025-03-06 03:47:04,3,,1076.73,completed,
BK_2713,US_4640,SH_2645,2024-01-27 15:16:49,1,,246.76,completed,
BK_2714,US_539,SH_6514,2025-05-27 09:41:54,3,,487.47,completed,
BK_2715,US_5121,SH_4382,2025-03-15 18:22:39,1,,156.32,completed,
BK_2716,US_3682,SH_9807,2024-03-21 06:44:44,2,,763.62,completed,
BK_2717,US_7745,SH_1430,2024-07-31 20:02:07,2,,610.44,completed,
BK_2718,US_3525,SH_8800,2025-09-15 10:06:29,1,,357.52,completed,
BK_2719,US_4594,SH_4978,2024-12-01 08:40:59,3,,1442.58,completed,
BK_2720,US_799,SH_4471,2024-03-10 00:14:44,3,,1361.91,completed,
BK_2721,US_1517,SH_5946,2024-11-12 06:19:55,1,,179.05,completed,
BK_2722,US_5978,SH_2699,2025-07-03 21:11:09,3,,1014.81,completed,
BK_2723,US_6651,SH_5026,2025-03-25 12:21:06,4,,878.44,completed,
BK_2724,US_8053,SH_1170,2025-05-03 05:42:09,1,,441.72,completed,
BK_2725,US_2477,SH_9994,2025-01-01 18:21:49,1,,0.0,refunded,
BK_2726,US_9590,SH_2738,2024-06-12 16:30:33,1,,419.39,completed,
BK_2727,US_9651,SH_5280,2025-08-16 19:43:57,2,,818.8,completed,
BK_2728,US_2921,SH_3738,2025-08-10 02:59:43,4,,1992.12,completed,
BK_2729,US_8563,SH_4341,2025-10-24 05:46:09,3,,1269.3600000000001,completed,
BK_2730,US_4800,SH_5196,2025-08-22 04:30:06,3,,1099.1399999999999,completed,
BK_2731,US_841,SH_2993,2025-03-24 00:13:47,1,,479.74,completed,
BK_2732,US_4722,SH_8111,2025-11-21 04:17:51,3,,1499.07,completed,
BK_2733,US_2122,SH_7241,2025-12-28 15:25:41,3,,0.0,refunded,
BK_2734,US_8233,SH_2741,2025-09-09 09:28:48,2,,382.88,completed,
BK_2735,US_4060,SH_6092,2024-06-24 03:36:15,2,,553.28,completed,
BK_2736,US_9514,SH_5742,2024-08-12 15:51:43,2,,361.68,completed,
BK_2737,US_5650,SH_5274,2025-06-05 13:18:19,2,,833.24,completed,
BK_2739,US_6290,SH_4869,2024-07-22 19:15:51,3,,1211.76,completed,
BK_2740,US_1440,SH_6760,2025-05-29 20:55:43,1,,309.24,completed,
BK_2741,US_5912,SH_1066,2024-10-15 01:25:33,4,,623.4,completed,
BK_2742,US_9403,SH_897,2025-04-29 21:18:12,3,,1487.22,completed,
BK_2743,US_4718,SH_2725,2025-01-12 03:38:12,3,,852.5699999999999,completed,
BK_2745,US_3536,SH_7906,2025-05-07 11:01:17,1,,469.52,completed,
BK_2746,US_5742,SH_6518,2025-03-02 09:55:09,4,,1459.68,completed,
BK_2747,US_2906,SH_8372,2025-08-12 10:03:58,4,,926.24,completed,
BK_2748,US_9146,SH_9180,2025-09-08 23:14:35,4,,704.44,completed,
BK_2750,US_6003,SH_2010,2025-12-14 01:30:17,1,,429.94,completed,
BK_2751,US_8320,SH_3274,2024-09-06 07:15:48,2,,751.18,completed,
BK_2752,US_4054,SH_9866,2024-12-13 20:18:20,4,,997.36,completed,
BK_2753,US_2561,SH_1697,2025-01-18 23:25:29,2,,0.0,failed,
BK_2754,US_992,SH_6193,2024-05-28 07:22:22,3,,1158.8700000000001,completed,
BK_2755,US_6589,SH_4103,2024-12-18 06:32:02,1,,298.61,completed,
BK_2756,US_4852,SH_4092,2024-09-09 10:06:24,2,,518.38,completed,
BK_2758,US_3374,SH_9651,2025-06-04 00:36:35,1,,467.59,completed,
BK_2759,US_2260,SH_2796,2024-11-10 16:29:06,4,,1697.36,completed,
BK_2760,US_8202,SH_2906,2025-09-15 16:20:10,3,,890.97,completed,
BK_2761,US_5800,SH_7826,2025-10-01 03:40:38,3,,810.1500000000001,completed,
BK_2762,US_2970,SH_405,2025-08-21 16:23:22,3,,640.89,completed,
BK_2763,US_8882,SH_1567,2024-05-07 11:47:31,1,,234.84,completed,
BK_2764,US_1454,SH_2495,2025-08-09 06:50:14,3,,1210.47,completed,
BK_2765,US_3184,SH_9246,2024-05-31 13:38:16,4,,1087.64,completed,
BK_2766,US_8030,SH_6500,2025-02-09 22:23:30,4,,1903.04,completed,
BK_2767,US_9487,SH_940,2025-03-26 22:47:43,4,,1867.48,completed,
BK_2768,US_655,SH_5667,2025-06-07 09:39:07,1,,156.21,completed,
BK_2769,US_713,SH_8201,2024-07-30 21:47:19,3,,910.6800000000001,completed,
BK_2770,US_7437,SH_7408,2025-10-26 06:14:35,2,,872.66,completed,
BK_2771,US_3511,SH_3503,2024-12-13 03:44:46,4,,664.2,completed,
BK_2772,US_5506,SH_8456,2025-02-12 14:51:51,4,,866.4,completed,
BK_2773,US_825,SH_8836,2024-11-10 07:31:20,3,,0.0,failed,
BK_2774,US_4864,SH_990,2025-05-23 01:07:43,2,,661.86,completed,
BK_2775,US_4945,SH_3205,2024-12-09 11:27:02,3,,1469.67,completed,
BK_2776,US_3135,SH_3810,2025-07-15 03:55:46,2,,0.0,failed,
BK_2777,US_5832,SH_372,2025-11-28 07:52:40,2,,803.68,completed,
BK_2778,US_2424,SH_7990,2024-11-13 20:51:38,2,,905.54,completed,
BK_2779,US_9869,SH_1374,2025-05-04 02:54:14,2,,474.46,completed,
BK_2781,US_1245,SH_8803,2025-01-30 10:37:14,4,,998.4,completed,
BK_2782,US_8318,SH_8116,2024-11-21 05:23:31,3,,1036.1399999999999,completed,
BK_2786,US_2162,SH_7884,2024-05-09 13:34:59,1,,0.0,failed,
BK_2787,US_9045,SH_7159,2024-08-13 22:51:47,1,,255.53,completed,
BK_2788,US_6194,SH_9954,2025-09-24 01:40:59,3,,1465.68,completed,
BK_2790,US_3558,SH_1357,2025-09-06 02:36:03,3,,0.0,refunded,
BK_2791,US_7202,SH_2932,2024-05-13 23:36:25,2,,912.38,completed,
BK_2793,US_2401,SH_2645,2025-10-31 16:23:28,3,,740.28,completed,
BK_2794,US_2129,SH_5542,2024-07-12 14:07:48,1,,219.93,completed,
BK_2795,US_1127,SH_208,2024-02-08 17:06:22,1,,173.48,completed,
BK_2796,US_8949,SH_700,2024-08-12 09:06:51,2,,905.88,completed,
BK_2797,US_6373,SH_8226,2024-08-27 19:28:54,3,,1482.9,completed,
BK_2798,US_8329,SH_7611,2024-05-17 12:16:21,2,,377.06,completed,
BK_2799,US_2456,SH_206,2024-11-20 08:17:33,1,,234.71,completed,
BK_2800,US_9858,SH_2279,2025-05-13 09:04:31,1,,422.97,completed,
BK_2801,US_8083,SH_8816,2024-05-24 16:37:21,3,,1048.26,completed,
BK_2802,US_8590,SH_4272,2025-12-06 13:30:49,3,,514.5600000000001,completed,
BK_2804,US_3836,SH_8474,2024-04-22 07:44:07,2,,914.78,completed,
BK_2805,US_1053,SH_1737,2024-05-15 07:53:01,4,,1562.84,completed,
BK_2806,US_4424,SH_1367,2024-02-02 10:42:59,4,,1190.44,completed,
BK_2807,US_5329,SH_780,2025-04-03 11:31:11,4,,1234.44,completed,
BK_2808,US_6470,SH_5241,2024-11-12 01:05:12,3,,1375.08,completed,
BK_2810,US_4884,SH_1671,2024-04-29 15:02:50,1,,378.32,completed,
BK_2811,US_4045,SH_675,2024-05-28 15:14:55,3,,661.3499999999999,completed,
BK_2812,US_4436,SH_2203,2024-03-14 22:28:29,2,,716.72,completed,
BK_2813,US_8613,SH_1701,2024-03-25 15:01:12,1,,0.0,failed,
BK_2814,US_9882,SH_4547,2024-03-09 04:51:12,1,,157.89,completed,
BK_2816,US_138,SH_6507,2024-05-13 03:04:52,4,,790.36,completed,
BK_2817,US_7886,SH_5489,2024-10-10 11:50:54,1,,339.6,completed,
BK_2819,US_5218,SH_2152,2025-03-24 01:37:51,2,,801.02,completed,
BK_2820,US_1199,SH_3427,2025-06-04 02:58:13,4,,1908.16,completed,
BK_2821,US_1024,SH_6715,2024-11-24 14:56:17,4,,1299.56,completed,
BK_2822,US_1191,SH_8135,2025-08-09 00:42:08,2,,991.88,completed,
BK_2823,US_2479,SH_8489,2024-04-13 14:59:38,2,,619.76,completed,
BK_2824,US_6756,SH_7339,2024-06-13 12:59:08,3,,537.99,completed,
BK_2825,US_9536,SH_4294,2025-10-17 09:39:05,2,,909.96,completed,
BK_2826,US_1577,SH_8780,2024-03-25 23:15:43,4,,1695.4,completed,
BK_2827,US_3067,SH_524,2025-05-10 07:21:30,1,,208.5,completed,
BK_2828,US_4660,SH_9666,2025-06-08 17:11:23,1,,336.25,completed,
BK_2829,US_2637,SH_7194,2025-06-19 18:15:45,2,,0.0,failed,
BK_2830,US_4563,SH_493,2024-12-08 01:03:43,3,,912.51,completed,
BK_2831,US_2519,SH_3502,2025-10-20 05:07:11,3,,1164.57,completed,
BK_2832,US_2671,SH_6565,2025-02-08 12:19:21,2,,597.68,completed,
BK_2833,US_9100,SH_8691,2025-11-08 07:26:45,3,,734.91,completed,
BK_2834,US_2920,SH_7316,2024-06-29 05:31:30,1,,416.45,completed,
BK_2835,US_6991,SH_4213,2025-03-22 15:35:08,1,,365.56,completed,
BK_2837,US_2558,SH_2539,2025-06-20 22:02:14,2,,309.68,completed,
BK_2838,US_8544,SH_798,2024-11-13 12:35:13,1,,445.32,completed,
BK_2839,US_4138,SH_6213,2025-01-25 12:42:21,3,,1227.3000000000002,completed,
BK_2840,US_18,SH_9717,2024-07-07 12:12:25,3,,0.0,refunded,
BK_2842,US_9071,SH_3129,2025-08-25 04:56:00,1,,0.0,failed,
BK_2843,US_2275,SH_1685,2024-09-26 17:54:44,1,,189.8,completed,
BK_2844,US_717,SH_6323,2025-05-18 06:38:37,2,,783.42,completed,
BK_2845,US_9243,SH_7527,2025-08-13 18:45:41,2,,676.66,completed,
BK_2846,US_2198,SH_6,2024-08-12 06:52:34,2,,777.18,completed,
BK_2848,US_5212,SH_3187,2024-02-24 07:33:48,3,,511.79999999999995,completed,
BK_2849,US_4043,SH_3131,2024-08-07 14:29:38,2,,891.82,completed,
BK_2850,US_1919,SH_4116,2025-07-29 19:34:37,4,,1313.88,completed,
BK_2852,US_5696,SH_1659,2024-10-30 16:52:17,1,,228.01,completed,
BK_2853,US_8809,SH_682,2024-06-03 13:23:31,2,,806.24,completed,
BK_2854,US_7634,SH_9769,2025-01-27 18:46:57,1,,422.65,completed,
BK_2855,US_8175,SH_5426,2024-10-12 03:56:40,3,,1097.07,completed,
BK_2856,US_2815,SH_3211,2024-03-13 10:46:28,2,,0.0,failed,
BK_2857,US_1551,SH_9814,2025-04-29 01:57:49,4,,1870.56,completed,
BK_2858,US_9563,SH_6436,2024-07-18 18:29:57,1,,0.0,refunded,
BK_2860,US_1962,SH_9901,2025-06-29 16:17:24,1,,254.18,completed,
BK_2861,US_8326,SH_3591,2024-02-17 20:23:47,4,,1683.64,completed,
BK_2862,US_6379,SH_6895,2024-05-20 05:44:53,2,,0.0,failed,
BK_2864,US_470,SH_5885,2024-03-31 11:16:53,3,,1274.58,completed,
BK_2866,US_4749,SH_773,2024-01-30 19:37:58,2,,399.38,completed,
BK_2867,US_9756,SH_3737,2024-08-26 06:44:48,4,,0.0,failed,
BK_2869,US_6995,SH_5780,2024-11-13 20:56:29,2,,736.22,completed,
BK_2870,US_7356,SH_3219,2025-09-20 14:32:12,1,,0.0,failed,
BK_2871,US_1252,SH_6985,2025-02-25 15:31:21,3,,824.52,completed,
BK_2873,US_510,SH_2134,2025-03-21 20:02:05,4,,775.72,completed,
BK_2875,US_4882,SH_9317,2024-07-30 23:17:04,2,,643.38,completed,
BK_2878,US_6763,SH_9929,2024-06-28 21:30:12,4,,1877.16,completed,
BK_2879,US_3868,SH_4658,2025-05-25 07:06:15,1,,476.11,completed,
BK_2880,US_1158,SH_1954,2024-11-26 15:08:40,4,,1997.68,completed,
BK_2881,US_4701,SH_2789,2024-04-18 17:37:00,3,,0.0,refunded,
BK_2882,US_5311,SH_9045,2025-10-31 18:07:53,3,,832.3199999999999,completed,
BK_2883,US_1537,SH_6603,2024-09-21 19:50:44,2,,385.98,completed,
BK_2884,US_2900,SH_1896,2025-07-26 08:34:48,2,,345.74,completed,
BK_2885,US_6891,SH_9899,2024-05-27 06:36:51,3,,977.31,completed,
BK_2886,US_1842,SH_9106,2025-07-21 05:33:04,1,,177.69,completed,
BK_2887,US_5355,SH_9163,2025-01-14 06:59:24,2,,0.0,refunded,
BK_2890,US_7878,SH_7647,2024-01-11 02:00:26,1,,397.59,completed,
BK_2891,US_3358,SH_8248,2024-02-11 03:53:58,4,,1334.28,completed,
BK_2892,US_3285,SH_6115,2025-07-30 09:24:05,4,,973.64,completed,
BK_2893,US_3598,SH_5620,2025-03-13 10:11:14,2,,380.0,completed,
BK_2895,US_9889,SH_2027,2025-05-16 00:03:56,2,,453.7,completed,
BK_2896,US_2697,SH_7118,2025-02-18 05:11:52,1,,286.16,completed,
BK_2897,US_7267,SH_8883,2025-03-03 19:24:11,2,,598.84,completed,
BK_2898,US_4510,SH_4268,2025-08-21 17:39:43,3,,562.08,completed,
BK_2899,US_926,SH_5552,2025-03-15 23:16:33,4,,1020.2,completed,
BK_2900,US_1682,SH_3821,2024-02-27 14:16:22,1,,480.97,completed,
BK_2901,US_4998,SH_13,2025-10-25 14:12:15,3,,1270.41,completed,
BK_2902,US_5362,SH_2219,2024-01-17 21:11:03,1,,465.52,completed,
BK_2903,US_1701,SH_5520,2024-10-08 07:13:15,3,,712.3199999999999,completed,
BK_2904,US_5417,SH_8871,2024-07-10 03:54:32,4,,0.0,failed,
BK_2905,US_2893,SH_5167,2024-06-06 01:27:14,1,,388.76,completed,
BK_2906,US_2517,SH_8086,2024-11-25 06:07:28,3,,857.22,completed,
BK_2907,US_8278,SH_906,2024-11-15 03:54:39,1,,0.0,failed,
BK_2908,US_5461,SH_8234,2025-04-03 18:49:16,1,,225.01,completed,
BK_2910,US_1828,SH_2248,2024-10-30 00:37:04,4,,1939.2,completed,
BK_2911,US_359,SH_883,2024-12-27 14:47:55,3,,1229.43,completed,
BK_2912,US_5053,SH_7237,2024-03-11 18:55:59,4,,1265.36,completed,
BK_2913,US_9608,SH_4349,2025-11-30 21:58:41,1,,299.8,completed,
BK_2914,US_3212,SH_8189,2025-05-31 06:55:04,3,,0.0,refunded,
BK_2916,US_2871,SH_8132,2025-04-17 08:08:18,4,,855.56,completed,
BK_2917,US_7225,SH_1744,2025-04-02 21:06:13,1,,272.33,completed,
BK_2918,US_9274,SH_3550,2025-11-27 04:19:19,1,,495.13,completed,
BK_2919,US_5998,SH_2253,2025-06-21 12:05:19,3,,476.13,completed,
BK_2920,US_3301,SH_9844,2025-12-01 23:37:00,1,,351.67,completed,
BK_2921,US_1461,SH_1547,2024-07-09 15:47:01,1,,0.0,failed,
BK_2922,US_7948,SH_558,2025-08-06 12:37:39,3,,937.74,completed,
BK_2923,US_9070,SH_5670,2025-04-09 00:44:32,3,,683.25,completed,
BK_2924,US_2239,SH_6176,2025-09-15 11:51:01,2,,412.72,completed,
BK_2925,US_4116,SH_8118,2024-10-08 07:41:53,2,,854.74,completed,
BK_2926,US_5037,SH_1453,2025-03-05 08:32:37,2,,308.0,completed,
BK_2927,US_1175,SH_1349,2024-09-04 05:08:09,3,,820.3199999999999,completed,
BK_2929,US_5716,SH_3816,2025-04-18 07:29:47,4,,1640.32,completed,
BK_2930,US_5,SH_6603,2024-03-23 13:34:54,4,,771.96,completed,
BK_2931,US_3629,SH_4984,2025-09-04 23:38:25,1,,381.51,completed,
BK_2932,US_8597,SH_2171,2024-11-16 04:02:21,1,,447.45,completed,
BK_2933,US_8828,SH_5848,2024-07-26 01:36:58,2,,735.2,completed,
BK_2936,US_434,SH_3116,2024-08-29 07:30:19,1,,298.51,completed,
BK_2937,US_4073,SH_779,2025-08-31 18:21:16,1,,362.85,completed,
BK_2939,US_9707,SH_625,2024-06-25 19:16:25,4,,1814.68,completed,
BK_2940,US_8347,SH_1262,2024-09-30 04:17:02,3,,0.0,failed,
BK_2941,US_2114,SH_5957,2024-09-22 23:35:03,2,,928.58,completed,
BK_2942,US_9465,SH_7308,2024-08-08 15:50:12,4,,1541.52,completed,
BK_2943,US_5697,SH_4439,2024-11-12 18:41:09,4,,1134.0,completed,
BK_2944,US_1844,SH_9574,2025-02-27 21:22:28,3,,827.0699999999999,completed,
BK_2945,US_5337,SH_7068,2025-04-17 22:17:52,3,,1328.19,completed,
BK_2946,US_2579,SH_1250,2024-06-21 03:52:01,2,,308.3,completed,
BK_2947,US_7562,SH_4348,2024-05-28 04:16:00,3,,965.4300000000001,completed,
BK_2948,US_1635,SH_6053,2024-03-12 10:22:42,2,,410.06,completed,
BK_2949,US_8028,SH_2255,2025-07-01 18:11:01,1,,451.53,completed,
BK_2950,US_1047,SH_7711,2025-09-04 12:24:07,3,,0.0,refunded,
BK_2951,US_1817,SH_30,2024-11-15 21:41:42,4,,1322.08,completed,
BK_2952,US_8268,SH_3491,2024-01-07 22:20:40,2,,402.9,completed,
BK_2953,US_3437,SH_7436,2025-12-22 15:13:16,1,,188.02,completed,
BK_2954,US_663,SH_8503,2024-04-30 21:05:17,4,,670.6,completed,
BK_2955,US_1464,SH_307,2025-10-02 04:13:33,1,,0.0,failed,
BK_2957,US_216,SH_421,2025-07-23 18:47:34,2,,676.64,completed,
BK_2958,US_9436,SH_3712,2024-09-18 11:57:55,2,,795.94,completed,
BK_2959,US_9366,SH_2351,2024-06-04 08:34:12,3,,1010.04,completed,
BK_2960,US_9720,SH_4427,2025-06-28 16:04:55,2,,0.0,refunded,
BK_2961,US_1716,SH_1298,2024-06-28 01:54:15,2,,454.52,completed,
BK_2963,US_3709,SH_2227,2024-02-20 08:20:44,3,,599.28,completed,
BK_2964,US_1271,SH_7893,2024-08-21 12:47:38,4,,1596.36,completed,
BK_2966,US_8708,SH_6199,2024-08-25 10:04:53,3,,808.56,completed,
BK_2967,US_6364,SH_1571,2025-10-24 00:01:46,1,,351.94,completed,
BK_2968,US_7054,SH_7236,2025-07-31 14:48:38,2,,946.46,completed,
BK_2969,US_5249,SH_7638,2025-09-02 17:39:35,4,,1993.52,completed,
BK_2970,US_1311,SH_4204,2024-06-22 19:23:03,2,,890.8,completed,
BK_2971,US_5811,SH_3219,2024-01-13 18:39:03,4,,1991.2,completed,
BK_2972,US_9074,SH_3609,2025-07-03 13:11:30,4,,855.64,completed,
BK_2973,US_6210,SH_7666,2025-08-23 17:38:25,4,,1941.04,completed,
BK_2975,US_7589,SH_8290,2025-05-30 18:44:37,1,,334.89,completed,
BK_2977,US_8388,SH_4599,2024-12-08 12:53:08,3,,1317.96,completed,
BK_2978,US_2867,SH_5826,2025-08-26 11:33:33,4,,1982.12,completed,
BK_2979,US_885,SH_4219,2024-01-18 00:41:30,1,,281.34,completed,
BK_2980,US_2621,SH_3791,2025-07-22 06:31:15,2,,488.52,completed,
BK_2981,US_8287,SH_310,2024-06-21 02:59:32,1,,372.69,completed,
BK_2982,US_762,SH_3746,2024-03-15 12:36:19,3,,1428.06,completed,
BK_2983,US_1013,SH_4162,2025-07-12 10:59:32,4,,1388.44,completed,
BK_2986,US_197,SH_3581,2024-08-14 06:12:26,1,,346.37,completed,
BK_2987,US_1870,SH_1621,2025-08-27 09:28:16,2,,356.94,completed,
BK_2988,US_7708,SH_6841,2024-08-19 13:27:28,1,,159.93,completed,
BK_2989,US_8434,SH_7530,2025-11-30 17:18:53,3,,479.93999999999994,completed,
BK_2990,US_5471,SH_2971,2024-02-13 19:27:52,1,,283.5,completed,
BK_2991,US_4077,SH_6036,2025-03-03 03:22:21,1,,0.0,failed,
BK_2992,US_2975,SH_3087,2024-06-20 19:42:40,1,,413.89,completed,
BK_2993,US_5349,SH_5276,2025-11-28 07:25:28,3,,1190.28,completed,
BK_2994,US_3582,SH_2926,2024-11-07 07:10:38,4,,1785.36,completed,
BK_2995,US_4896,SH_4668,2025-07-27 17:37:28,2,,752.6,completed,
BK_2998,US_9017,SH_4897,2025-04-12 03:38:02,1,,496.79,completed,
BK_3001,US_8292,SH_1238,2025-06-13 21:53:49,2,,0.0,failed,
BK_3002,US_5996,SH_337,2025-02-20 01:17:16,1,,435.2,completed,
BK_3003,US_4687,SH_7750,2025-10-09 22:55:02,4,,659.4,completed,
BK_3004,US_7598,SH_8713,2025-06-23 13:13:44,1,,359.39,completed,
BK_3005,US_2177,SH_7220,2024-10-19 20:27:59,3,,937.56,completed,
BK_3006,US_2774,SH_8064,2024-06-02 23:35:50,3,,0.0,refunded,
BK_3007,US_4648,SH_5459,2025-01-17 05:29:55,3,,1367.49,completed,
BK_3008,US_8102,SH_7059,2024-12-26 03:37:48,2,,506.46,completed,
BK_3009,US_7708,SH_5688,2025-11-17 18:29:48,4,,884.44,completed,
BK_3010,US_4789,SH_4515,2024-12-28 10:51:06,4,,1351.12,completed,
BK_3011,US_3399,SH_1732,2025-04-28 03:38:08,2,,344.74,completed,
BK_3012,US_8401,SH_536,2025-10-14 07:22:23,1,,321.81,completed,
BK_3013,US_248,SH_7562,2024-10-04 13:54:53,2,,725.4,completed,
BK_3015,US_1746,SH_990,2025-08-01 06:14:28,3,,992.79,completed,
BK_3016,US_5800,SH_7908,2024-12-21 15:16:37,4,,942.72,completed,
BK_3017,US_911,SH_4958,2025-05-23 20:18:14,2,,0.0,failed,
BK_3018,US_879,SH_5391,2024-02-18 22:17:06,4,,798.12,completed,
BK_3019,US_5102,SH_959,2024-06-18 14:44:16,4,,1807.44,completed,
BK_3020,US_9497,SH_748,2024-08-27 20:12:47,4,,1652.36,completed,
BK_3021,US_3114,SH_7625,2025-10-24 17:16:25,1,,263.55,completed,
BK_3022,US_6236,SH_9107,2025-09-09 13:27:42,3,,0.0,failed,
BK_3023,US_2673,SH_7061,2024-08-01 14:28:53,1,,488.37,completed,
BK_3024,US_7883,SH_1638,2024-12-09 18:58:50,3,,1374.24,completed,
BK_3025,US_2708,SH_3658,2024-12-03 19:20:22,2,,343.62,completed,
BK_3026,US_2375,SH_1685,2024-12-20 11:46:39,4,,759.2,completed,
BK_3027,US_187,SH_9117,2025-08-09 21:24:43,1,,380.72,completed,
BK_3028,US_2144,SH_9810,2024-12-20 18:38:47,3,,1495.65,completed,
BK_3029,US_9449,SH_3976,2025-02-01 00:24:06,1,,258.05,completed,
BK_3030,US_1480,SH_225,2024-05-23 04:10:03,3,,922.17,completed,
BK_3031,US_3464,SH_948,2024-05-10 07:47:34,2,,676.26,completed,
BK_3032,US_6738,SH_6449,2025-08-09 08:20:32,1,,407.89,completed,
BK_3033,US_8178,SH_9680,2024-01-15 02:29:23,2,,940.74,completed,
BK_3034,US_6466,SH_8229,2024-05-15 05:01:54,3,,0.0,failed,
BK_3036,US_1520,SH_4687,2024-10-20 07:56:48,1,,0.0,failed,
BK_3037,US_8962,SH_4809,2025-06-21 00:45:15,1,,233.04,completed,
BK_3038,US_2692,SH_3248,2024-06-18 02:41:12,4,,0.0,failed,
BK_3039,US_3880,SH_3878,2024-11-23 05:32:34,3,,0.0,failed,
BK_3041,US_5327,SH_9967,2024-10-29 15:03:17,1,,334.39,completed,
BK_3042,US_1468,SH_4283,2025-08-27 16:25:35,2,,716.16,completed,
BK_3043,US_6573,SH_9473,2025-04-18 00:46:25,1,,160.5,completed,
BK_3044,US_6192,SH_3244,2024-02-22 08:35:29,3,,477.18,completed,
BK_3045,US_7371,SH_2804,2025-01-24 07:22:58,1,,299.12,completed,
BK_3046,US_993,SH_5413,2025-08-24 12:50:56,1,,434.66,completed,
BK_3047,US_3661,SH_2987,2024-06-19 03:45:56,2,,944.88,completed,
BK_3048,US_381,SH_5595,2025-11-17 12:00:42,2,,0.0,refunded,
BK_3052,US_4017,SH_5555,2024-07-28 06:52:14,2,,995.88,completed,
BK_3054,US_9177,SH_9602,2025-08-16 06:24:16,1,,497.26,completed,
BK_3055,US_1906,SH_4882,2024-02-08 22:24:47,2,,661.38,completed,
BK_3056,US_8231,SH_9414,2025-12-06 19:32:32,3,,735.8100000000001,completed,
BK_3057,US_5671,SH_3505,2025-03-01 02:03:52,2,,0.0,failed,
BK_3058,US_7680,SH_4124,2024-04-14 01:54:06,2,,626.4,completed,
BK_3059,US_3143,SH_1930,2025-05-07 20:24:43,4,,0.0,failed,
BK_3060,US_8248,SH_6994,2024-07-04 01:44:37,4,,1259.96,completed,
BK_3061,US_941,SH_6921,2024-03-26 16:46:29,2,,959.02,completed,
BK_3062,US_9226,SH_7027,2024-01-13 14:36:57,1,,352.22,completed,
BK_3063,US_9937,SH_4943,2025-02-23 06:06:32,4,,1837.04,completed,
BK_3064,US_9853,SH_5907,2025-09-14 05:44:36,4,,1710.88,completed,
BK_3065,US_2370,SH_7490,2025-12-01 23:14:26,1,,436.75,completed,
BK_3067,US_8236,SH_6408,2025-05-04 00:39:53,3,,994.86,completed,
BK_3068,US_4147,SH_7664,2024-12-06 05:01:53,1,,462.31,completed,
BK_3069,US_2459,SH_7603,2024-09-09 13:18:28,4,,621.72,completed,
BK_3070,US_5061,SH_8338,2024-07-30 19:45:01,2,,937.92,completed,
BK_3071,US_7037,SH_4550,2025-05-12 18:54:36,4,,714.8,completed,
BK_3073,US_3071,SH_5497,2025-07-11 00:42:48,4,,662.2,completed,
BK_3074,US_2540,SH_9968,2025-06-08 03:18:21,1,,0.0,failed,
BK_3076,US_9693,SH_5079,2025-04-18 14:10:55,4,,1009.92,completed,
BK_3077,US_3477,SH_793,2024-01-14 01:13:37,4,,744.68,completed,
BK_3078,US_4699,SH_4325,2024-08-20 03:47:37,2,,489.0,completed,
BK_3079,US_7013,SH_9595,2024-07-01 00:39:57,1,,346.98,completed,
BK_3080,US_5833,SH_3056,2024-04-13 01:42:41,4,,0.0,failed,
BK_3081,US_5641,SH_3309,2025-02-03 10:01:10,1,,354.97,completed,
BK_3082,US_5680,SH_6389,2024-01-18 16:19:59,2,,349.14,completed,
BK_3083,US_1620,SH_8768,2024-11-08 18:15:29,3,,862.4100000000001,completed,
BK_3084,US_5214,SH_2374,2024-10-31 10:53:23,1,,176.44,completed,
BK_3085,US_9644,SH_2243,2024-06-10 08:52:22,2,,907.84,completed,
BK_3086,US_572,SH_6274,2024-12-23 04:27:00,3,,1007.5500000000001,completed,
BK_3088,US_6612,SH_950,2024-01-04 13:33:07,2,,973.16,completed,
BK_3089,US_7169,SH_9398,2025-07-03 09:16:01,1,,311.96,completed,
BK_3090,US_7808,SH_1639,2025-10-07 08:06:29,4,,773.84,completed,
BK_3091,US_4643,SH_6864,2024-11-09 13:59:53,1,,202.28,completed,
BK_3092,US_1097,SH_6611,2024-05-20 18:39:16,2,,464.1,completed,
BK_3093,US_777,SH_725,2025-04-01 01:28:47,3,,1248.81,completed,
BK_3094,US_7168,SH_3080,2025-05-04 05:10:48,4,,0.0,failed,
BK_3096,US_1877,SH_6342,2024-10-04 04:02:47,2,,0.0,failed,
BK_3097,US_6073,SH_7565,2025-08-30 14:10:38,1,,0.0,failed,
BK_3099,US_7097,SH_2110,2025-01-18 05:35:51,4,,1236.88,completed,
BK_3100,US_816,SH_6736,2025-09-29 01:57:27,2,,0.0,failed,
BK_3101,US_1360,SH_7472,2025-05-26 21:31:51,4,,1891.36,completed,
BK_3102,US_7510,SH_3942,2024-05-03 15:27:40,2,,464.18,completed,
BK_3103,US_6260,SH_8119,2024-07-22 00:01:46,1,,199.57,completed,
BK_3104,US_2304,SH_4808,2025-03-17 05:33:54,2,,801.24,completed,
BK_3105,US_6416,SH_869,2025-08-28 21:17:07,3,,1406.28,completed,
BK_3106,US_819,SH_3122,2025-05-30 02:19:48,4,,0.0,failed,
BK_3107,US_4052,SH_3454,2024-11-02 19:33:02,3,,1138.6200000000001,completed,
BK_3108,US_2643,SH_7544,2025-07-06 19:47:32,2,,702.76,completed,
BK_3109,US_3350,SH_3897,2024-06-10 22:21:19,3,,667.89,completed,
BK_3110,US_1910,SH_5548,2024-06-18 11:03:55,4,,1875.16,completed,
BK_3112,US_882,SH_877,2024-09-24 05:35:47,4,,1487.16,completed,
BK_3113,US_4009,SH_9004,2024-09-10 18:42:00,3,,0.0,failed,
BK_3114,US_6267,SH_5562,2024-11-21 20:03:09,3,,587.04,completed,
BK_3115,US_8175,SH_644,2025-07-27 19:57:59,1,,252.42,completed,
BK_3116,US_8432,SH_3085,2024-01-02 07:02:31,1,,325.42,completed,
BK_3117,US_1615,SH_5816,2024-10-28 06:15:23,2,,0.0,failed,
BK_3118,US_6882,SH_4086,2024-05-19 19:54:41,4,,1483.52,completed,
BK_3120,US_8000,SH_484,2024-11-19 23:32:06,2,,371.16,completed,
BK_3121,US_9233,SH_3999,2024-10-23 18:37:11,1,,187.49,completed,
BK_3122,US_8337,SH_126,2025-11-14 22:06:47,4,,1384.84,completed,
BK_3123,US_7938,SH_8861,2025-07-28 01:22:51,1,,180.48,completed,
BK_3124,US_3545,SH_9458,2024-10-26 23:25:24,3,,776.0699999999999,completed,
BK_3126,US_7217,SH_1993,2025-01-31 17:37:22,4,,1173.96,completed,
BK_3127,US_5244,SH_7974,2024-11-13 08:29:48,1,,316.65,completed,
BK_3128,US_8983,SH_9061,2025-07-20 06:15:12,1,,423.31,completed,
BK_3129,US_4321,SH_8535,2025-10-26 16:21:32,2,,733.44,completed,
BK_3130,US_1706,SH_6088,2025-02-15 22:40:46,4,,1192.56,completed,
BK_3131,US_6880,SH_537,2024-03-23 09:16:07,3,,561.96,completed,
BK_3132,US_9859,SH_7802,2025-07-14 13:07:10,1,,470.23,completed,
BK_3133,US_3928,SH_4160,2024-12-11 04:42:08,3,,818.8199999999999,completed,
BK_3135,US_4335,SH_147,2025-01-01 17:18:44,4,,0.0,refunded,
BK_3136,US_9935,SH_5374,2025-03-30 08:34:56,3,,987.51,completed,
BK_3137,US_4377,SH_4058,2024-10-09 07:18:46,1,,486.27,completed,
BK_3138,US_8250,SH_3589,2025-01-23 20:57:57,1,,371.91,completed,
BK_3139,US_3543,SH_9584,2025-01-10 00:39:35,4,,1656.36,completed,
BK_3141,US_1553,SH_5603,2024-02-05 10:25:25,4,,1051.84,completed,
BK_3143,US_9875,SH_3770,2025-06-12 02:23:39,4,,706.96,completed,
BK_3144,US_6205,SH_5049,2025-07-01 20:01:09,2,,0.0,refunded,
BK_3145,US_284,SH_6066,2024-06-10 09:37:31,2,,709.12,completed,
BK_3146,US_8471,SH_5825,2024-11-27 03:00:47,1,,187.22,completed,
BK_3147,US_4940,SH_6425,2024-11-19 16:06:09,3,,578.25,completed,
BK_3148,US_4819,SH_6568,2025-07-26 02:11:13,2,,947.66,completed,
BK_3149,US_8797,SH_3645,2024-09-12 12:25:36,2,,777.12,completed,
BK_3151,US_2513,SH_6277,2024-07-13 15:33:46,2,,629.84,completed,
BK_3152,US_6,SH_4428,2024-12-05 15:36:23,4,,1470.92,completed,
BK_3154,US_7380,SH_6040,2024-09-14 08:05:21,2,,504.52,completed,
BK_3155,US_3755,SH_4696,2025-10-11 21:52:09,1,,0.0,failed,
BK_3157,US_55,SH_3667,2024-01-14 05:22:07,2,,0.0,refunded,
BK_3159,US_8685,SH_5853,2024-10-23 03:27:20,2,,454.02,completed,
BK_3160,US_3105,SH_5290,2025-08-16 13:13:37,2,,0.0,refunded,
BK_3163,US_6013,SH_153,2025-12-04 05:43:49,3,,603.48,completed,
BK_3164,US_166,SH_1113,2024-11-11 00:54:42,2,,849.92,completed,
BK_3165,US_4650,SH_9389,2025-04-11 04:13:01,2,,648.34,completed,
BK_3166,US_110,SH_5667,2024-04-04 20:55:43,4,,624.84,completed,
BK_3168,US_5723,SH_6391,2024-06-06 14:51:46,4,,987.92,completed,
BK_3169,US_7786,SH_9347,2024-05-09 14:02:26,3,,0.0,refunded,
BK_3170,US_4740,SH_5931,2025-01-09 10:22:10,4,,0.0,refunded,
BK_3171,US_9003,SH_8888,2025-04-09 04:23:35,3,,576.9000000000001,completed,
BK_3174,US_3606,SH_5542,2025-04-17 02:17:56,2,,439.86,completed,
BK_3175,US_2902,SH_135,2024-05-04 09:41:14,4,,769.44,completed,
BK_3176,US_3951,SH_4650,2024-05-23 16:48:36,2,,894.12,completed,
BK_3177,US_9373,SH_1743,2025-12-02 08:30:19,4,,1654.56,completed,
BK_3178,US_103,SH_6046,2024-04-29 23:09:46,1,,378.47,completed,
BK_3179,US_8012,SH_186,2025-11-19 01:02:41,2,,549.86,completed,
BK_3180,US_9089,SH_2640,2024-10-07 06:07:59,1,,349.83,completed,
BK_3181,US_6894,SH_5034,2024-09-16 01:13:44,1,,239.95,completed,
BK_3182,US_3108,SH_7129,2024-09-21 17:43:36,3,,1175.01,completed,
BK_3183,US_2086,SH_8121,2025-03-31 03:53:28,2,,630.2,completed,
BK_3184,US_5572,SH_6271,2025-07-26 03:07:39,4,,653.88,completed,
BK_3185,US_5730,SH_9944,2024-03-31 19:35:21,1,,304.5,completed,
BK_3186,US_5454,SH_2323,2024-01-06 00:05:10,3,,1083.57,completed,
BK_3187,US_7516,SH_7949,2024-10-27 08:59:23,2,,608.36,completed,
BK_3188,US_5053,SH_3708,2024-11-07 21:25:33,1,,0.0,failed,
BK_3189,US_715,SH_7721,2024-01-08 10:39:53,4,,0.0,failed,
BK_3190,US_3580,SH_1686,2024-04-20 14:02:36,3,,0.0,failed,
BK_3191,US_137,SH_357,2025-11-06 18:01:05,2,,829.16,completed,
BK_3192,US_7088,SH_3011,2025-07-15 15:29:23,4,,1938.68,completed,
BK_3193,US_5172,SH_8254,2024-04-20 15:39:51,2,,837.58,completed,
BK_3195,US_9583,SH_8954,2024-11-02 17:57:13,2,,362.64,completed,
BK_3196,US_1948,SH_4172,2024-12-31 01:09:03,3,,0.0,failed,
BK_3198,US_3963,SH_6242,2025-02-08 04:12:00,4,,814.0,completed,
BK_3199,US_823,SH_5929,2024-04-30 14:48:17,2,,642.94,completed,
BK_3200,US_2937,SH_5002,2025-05-08 15:11:52,1,,392.32,completed,
BK_3201,US_3305,SH_9884,2024-08-22 05:45:03,1,,175.15,completed,
BK_3202,US_9888,SH_7340,2024-12-28 10:33:02,1,,423.29,completed,
BK_3204,US_1517,SH_2876,2024-07-30 04:18:25,1,,236.48,completed,
BK_3206,US_6516,SH_4878,2024-09-15 15:27:47,4,,622.56,completed,
BK_3207,US_4692,SH_6251,2024-03-19 13:59:24,2,,702.82,completed,
BK_3208,US_3898,SH_1973,2025-02-19 16:09:30,4,,0.0,failed,
BK_3209,US_8511,SH_7535,2024-01-09 01:00:52,1,,0.0,refunded,
BK_3211,US_4641,SH_7571,2024-07-25 13:09:12,1,,349.66,completed,
BK_3212,US_372,SH_3491,2024-07-26 11:44:20,4,,805.8,completed,
BK_3213,US_1696,SH_3000,2025-11-19 13:41:18,2,,770.36,completed,
BK_3215,US_5360,SH_3820,2024-05-15 17:32:01,2,,523.62,completed,
BK_3216,US_2947,SH_6793,2024-10-25 07:00:52,2,,749.52,completed,
BK_3217,US_2291,SH_5367,2025-09-11 01:43:15,4,,0.0,failed,
BK_3218,US_8309,SH_64,2025-08-02 20:40:52,2,,810.78,completed,
BK_3220,US_5931,SH_6023,2024-02-23 08:21:03,1,,408.84,completed,
BK_3221,US_5434,SH_2846,2025-05-30 06:47:15,2,,735.68,completed,
BK_3222,US_7188,SH_3912,2025-02-03 21:55:13,3,,1429.6200000000001,completed,
BK_3223,US_8363,SH_3620,2024-01-22 19:08:21,4,,1102.28,completed,
BK_3224,US_9385,SH_9814,2024-06-01 13:28:57,4,,1870.56,completed,
BK_3225,US_9043,SH_8195,2024-07-30 02:34:11,3,,1334.04,completed,
BK_3226,US_8741,SH_8549,2025-08-01 01:03:58,2,,931.96,completed,
BK_3227,US_5850,SH_8649,2025-05-14 16:21:11,4,,1636.84,completed,
BK_3228,US_323,SH_8564,2024-03-15 12:18:14,3,,1129.71,completed,
BK_3229,US_7575,SH_4134,2024-11-30 23:15:11,4,,818.28,completed,
BK_3230,US_5441,SH_8039,2025-03-22 16:51:44,2,,0.0,failed,
BK_3231,US_605,SH_9824,2025-12-10 09:44:12,2,,954.86,completed,
BK_3232,US_3669,SH_8888,2024-03-05 14:46:39,4,,769.2,completed,
BK_3233,US_2680,SH_7742,2025-07-07 19:04:49,3,,476.66999999999996,completed,
BK_3234,US_2850,SH_5129,2025-12-12 17:07:09,2,,445.76,completed,
BK_3235,US_1298,SH_1945,2024-02-02 23:12:45,2,,980.56,completed,
BK_3236,US_1007,SH_9566,2024-01-20 06:12:06,3,,0.0,failed,
BK_3237,US_2604,SH_3252,2025-12-15 20:34:40,4,,1134.48,completed,
BK_3239,US_6246,SH_9680,2024-07-03 23:26:44,1,,0.0,failed,
BK_3240,US_5069,SH_6793,2024-01-29 18:48:42,2,,749.52,completed,
BK_3241,US_8984,SH_7571,2024-10-02 15:16:33,4,,1398.64,completed,
BK_3244,US_7382,SH_8622,2025-07-29 23:38:08,3,,1114.1100000000001,completed,
BK_3245,US_7941,SH_2478,2025-05-09 22:32:15,3,,991.3199999999999,completed,
BK_3246,US_4535,SH_2550,2025-10-19 06:47:46,2,,0.0,refunded,
BK_3248,US_3439,SH_5200,2024-06-07 06:45:27,4,,1724.72,completed,
BK_3249,US_659,SH_6666,2024-11-07 14:46:56,2,,648.54,completed,
BK_3250,US_7424,SH_42,2024-12-19 19:52:46,2,,583.72,completed,
BK_3251,US_4854,SH_777,2024-10-01 15:11:48,1,,431.05,completed,
BK_3252,US_7167,SH_6664,2025-01-18 23:37:09,2,,385.88,completed,
BK_3253,US_4943,SH_4866,2025-01-01 09:57:57,4,,726.56,completed,
BK_3254,US_5450,SH_427,2024-07-04 12:40:18,3,,0.0,failed,
BK_3255,US_1105,SH_9057,2025-07-21 01:58:19,3,,0.0,refunded,
BK_3256,US_6089,SH_5014,2025-12-05 14:40:06,1,,0.0,failed,
BK_3257,US_6493,SH_4108,2025-12-12 19:24:57,4,,1644.92,completed,
BK_3259,US_5465,SH_9125,2025-11-18 05:36:10,4,,1727.52,completed,
BK_3260,US_1827,SH_2787,2024-01-04 10:17:47,3,,1156.77,completed,
BK_3261,US_1636,SH_1261,2025-11-07 22:50:12,1,,434.61,completed,
BK_3262,US_6412,SH_5744,2025-09-09 04:43:18,3,,555.3,completed,
BK_3263,US_682,SH_4424,2024-04-24 21:26:39,1,,426.48,completed,
BK_3265,US_1674,SH_1004,2025-08-11 17:40:31,4,,1355.12,completed,
BK_3267,US_301,SH_7278,2024-03-07 02:48:35,3,,1011.69,completed,
BK_3268,US_4533,SH_2766,2025-01-05 08:45:21,1,,388.86,completed,
BK_3269,US_5093,SH_2148,2025-07-03 23:18:35,2,,423.54,completed,
BK_3270,US_1045,SH_8484,2025-11-18 00:22:11,4,,1930.64,completed,
BK_3271,US_7995,SH_7407,2025-02-01 01:48:45,4,,1597.88,completed,
BK_3272,US_2501,SH_6702,2024-06-23 02:37:35,3,,660.36,completed,
BK_3273,US_106,SH_9939,2025-01-08 19:27:08,3,,0.0,failed,
BK_3274,US_7371,SH_217,2025-06-11 07:24:40,3,,1468.02,completed,
BK_3275,US_5940,SH_8718,2025-11-03 16:30:40,3,,1104.99,completed,
BK_3276,US_6529,SH_2060,2024-06-25 01:25:44,2,,454.52,completed,
BK_3277,US_2568,SH_415,2024-04-11 12:38:15,3,,1031.6100000000001,completed,
BK_3280,US_2280,SH_7739,2025-05-14 10:14:34,3,,0.0,refunded,
BK_3281,US_6794,SH_7725,2025-05-29 20:25:29,4,,0.0,failed,
BK_3282,US_6483,SH_8032,2025-01-25 19:23:58,2,,838.18,completed,
BK_3283,US_3420,SH_3688,2024-07-22 09:32:36,2,,0.0,refunded,
BK_3284,US_7595,SH_32,2025-02-21 05:38:06,2,,742.54,completed,
BK_3285,US_6390,SH_9925,2025-07-17 05:20:23,3,,1486.3799999999999,completed,
BK_3286,US_486,SH_4549,2025-11-03 21:31:29,3,,738.0,completed,
BK_3287,US_1792,SH_9507,2025-07-20 21:26:26,1,,390.56,completed,
BK_3288,US_8329,SH_2669,2025-01-12 07:22:38,2,,972.78,completed,
BK_3289,US_998,SH_3441,2024-03-18 18:12:38,4,,1481.96,completed,
BK_3290,US_9276,SH_8908,2025-05-24 22:43:10,4,,984.52,completed,
BK_3291,US_438,SH_8300,2024-08-16 20:06:23,4,,765.0,completed,
BK_3292,US_8186,SH_929,2024-01-06 16:54:39,4,,0.0,failed,
BK_3293,US_9286,SH_3297,2024-03-19 21:14:32,2,,856.9,completed,
BK_3294,US_6642,SH_9374,2025-04-01 02:05:59,3,,1493.1,completed,
BK_3296,US_2887,SH_2297,2025-04-08 23:15:11,3,,0.0,refunded,
BK_3297,US_5409,SH_652,2025-10-13 01:16:47,2,,401.9,completed,
BK_3298,US_331,SH_239,2025-07-11 17:35:20,1,,239.33,completed,
BK_3299,US_7468,SH_7412,2024-10-14 09:39:25,1,,493.49,completed,
BK_3300,US_7392,SH_1472,2025-12-25 08:45:25,2,,0.0,failed,
BK_3301,US_2691,SH_5104,2025-12-16 10:12:06,4,,1897.0,completed,
BK_3302,US_7882,SH_1101,2024-01-07 07:14:39,2,,784.88,completed,
BK_3303,US_8710,SH_8327,2024-03-16 18:42:40,3,,459.81000000000006,completed,
BK_3304,US_6848,SH_7354,2024-12-05 00:49:28,1,,0.0,failed,
BK_3306,US_2232,SH_7991,2025-03-04 21:31:58,4,,0.0,failed,
BK_3307,US_8216,SH_6007,2024-02-11 20:07:22,1,,362.91,completed,
BK_3308,US_7222,SH_6116,2025-05-27 20:35:31,4,,1333.52,completed,
BK_3309,US_5988,SH_5732,2025-11-02 20:40:14,4,,1835.4,completed,
BK_3311,US_1017,SH_5168,2024-04-13 20:06:31,2,,651.3,completed,
BK_3312,US_2393,SH_5453,2024-03-26 23:02:23,1,,365.04,completed,
BK_3313,US_5511,SH_4250,2024-12-16 15:51:55,2,,835.72,completed,
BK_3314,US_6567,SH_5050,2024-09-20 08:39:34,4,,1112.16,completed,
BK_3316,US_3262,SH_1319,2025-12-28 23:36:55,4,,0.0,refunded,
BK_3317,US_9363,SH_890,2024-07-28 05:31:31,3,,1166.31,completed,
BK_3318,US_3577,SH_291,2024-04-15 06:47:55,4,,1406.44,completed,
BK_3319,US_4245,SH_6367,2024-07-26 20:58:50,4,,1214.12,completed,
BK_3320,US_2904,SH_4297,2025-06-06 22:46:31,4,,1730.16,completed,
BK_3321,US_2983,SH_2950,2024-09-02 11:42:09,3,,1168.29,completed,
BK_3322,US_8915,SH_865,2024-08-22 20:10:37,4,,1489.28,completed,
BK_3323,US_2490,SH_325,2025-09-21 16:35:59,2,,0.0,refunded,
BK_3324,US_3158,SH_6662,2024-10-17 22:25:42,3,,696.33,completed,
BK_3325,US_7363,SH_8073,2025-02-25 08:55:19,3,,0.0,refunded,
BK_3326,US_3682,SH_4974,2024-08-15 03:53:52,3,,1306.77,completed,
BK_3327,US_9074,SH_841,2025-03-31 02:58:39,4,,1537.52,completed,
BK_3328,US_3324,SH_1886,2025-06-24 09:42:55,2,,0.0,failed,
BK_3329,US_4345,SH_3548,2025-04-10 16:09:18,4,,1121.52,completed,
BK_3330,US_200,SH_1990,2024-07-07 02:39:29,1,,478.59,completed,
BK_3331,US_5782,SH_135,2024-04-10 02:18:43,3,,577.08,completed,
BK_3332,US_8768,SH_1861,2025-05-04 03:41:13,1,,265.94,completed,
BK_3333,US_3031,SH_307,2024-02-02 21:53:02,1,,217.15,completed,
BK_3334,US_3967,SH_6735,2024-07-09 15:31:40,1,,374.28,completed,
BK_3335,US_9957,SH_7442,2024-11-10 17:23:36,3,,953.1299999999999,completed,
BK_3336,US_8978,SH_3250,2024-12-11 06:33:07,2,,0.0,failed,
BK_3337,US_5386,SH_9722,2024-09-05 23:39:39,1,,404.06,completed,
BK_3338,US_9088,SH_2043,2024-05-22 22:38:32,3,,989.1600000000001,completed,
BK_3339,US_3108,SH_5105,2024-12-28 20:14:56,2,,433.54,completed,
BK_3342,US_1593,SH_7021,2025-11-07 14:00:33,2,,931.56,completed,
BK_3343,US_3998,SH_1135,2024-01-08 10:46:11,3,,1331.5500000000002,completed,
BK_3344,US_5829,SH_3544,2024-12-17 06:05:52,2,,660.14,completed,
BK_3345,US_6133,SH_6391,2024-09-18 13:45:19,4,,987.92,completed,
BK_3346,US_7995,SH_6571,2024-09-09 23:56:12,2,,923.32,completed,
BK_3347,US_9076,SH_2227,2025-01-10 12:53:17,1,,0.0,failed,
BK_3348,US_3778,SH_6650,2025-07-18 05:02:14,1,,233.33,completed,
BK_3349,US_9600,SH_2211,2025-08-16 00:55:31,4,,853.2,completed,
BK_3351,US_6079,SH_8218,2024-05-18 00:11:07,4,,1608.08,completed,
BK_3353,US_6607,SH_961,2025-11-08 16:52:28,2,,0.0,failed,
BK_3355,US_4490,SH_1495,2024-06-30 16:56:14,3,,1359.81,completed,
BK_3356,US_1844,SH_3465,2025-09-11 14:49:38,4,,645.32,completed,
BK_3357,US_5007,SH_8988,2024-04-08 17:08:35,2,,639.32,completed,
BK_3358,US_7164,SH_9045,2024-08-15 14:23:32,3,,0.0,refunded,
BK_3359,US_5160,SH_4508,2025-01-31 17:52:46,2,,472.14,completed,
BK_3360,US_4372,SH_3597,2024-08-30 15:48:09,2,,384.14,completed,
BK_3361,US_1062,SH_4814,2025-11-19 06:01:11,2,,324.92,completed,
BK_3362,US_633,SH_5961,2025-06-03 02:45:51,4,,1781.88,completed,
BK_3363,US_5372,SH_8887,2025-03-15 20:29:41,1,,152.22,completed,
BK_3364,US_8962,SH_8834,2024-10-20 08:14:29,2,,0.0,failed,
BK_3365,US_4890,SH_4759,2025-10-26 05:16:31,1,,201.23,completed,
BK_3366,US_5995,SH_361,2025-08-30 20:41:09,4,,0.0,failed,
BK_3367,US_8024,SH_3224,2025-02-21 17:20:55,1,,460.98,completed,
BK_3370,US_1217,SH_5138,2025-05-14 15:14:37,1,,238.57,completed,
BK_3371,US_7259,SH_6281,2024-08-29 23:54:45,3,,1469.16,completed,
BK_3372,US_792,SH_961,2024-02-08 04:00:06,1,,320.01,completed,
BK_3373,US_2644,SH_4447,2024-11-07 22:03:03,4,,1206.84,completed,
BK_3374,US_294,SH_8892,2025-10-30 08:03:21,2,,313.02,completed,
BK_3375,US_2390,SH_8455,2025-07-01 08:54:21,3,,705.03,completed,
BK_3377,US_2404,SH_8655,2024-08-22 13:33:21,4,,1956.24,completed,
BK_3378,US_4535,SH_162,2025-01-21 12:14:19,4,,1617.96,completed,
BK_3380,US_3459,SH_7321,2024-05-01 01:54:41,1,,385.1,completed,
BK_3381,US_3763,SH_7095,2025-02-25 14:57:55,3,,1001.94,completed,
BK_3382,US_1588,SH_1529,2024-10-14 09:24:55,4,,1476.64,completed,
BK_3384,US_316,SH_4683,2025-03-18 13:38:53,4,,1322.0,completed,
BK_3385,US_4037,SH_7506,2025-05-26 13:08:15,1,,388.84,completed,
BK_3386,US_2864,SH_8222,2024-01-16 22:07:30,1,,245.39,completed,
BK_3387,US_1571,SH_383,2024-11-19 00:01:30,3,,1304.6999999999998,completed,
BK_3388,US_242,SH_5502,2024-06-26 07:27:02,2,,416.44,completed,
BK_3389,US_1409,SH_9544,2024-09-20 12:07:34,4,,1004.88,completed,
BK_3390,US_1887,SH_3375,2024-02-20 17:30:04,1,,296.91,completed,
BK_3391,US_9758,SH_4817,2024-05-08 06:41:26,3,,1075.77,completed,
BK_3392,US_96,SH_9612,2024-11-11 10:22:51,1,,200.83,completed,
BK_3393,US_9849,SH_9816,2025-04-14 10:40:00,4,,0.0,refunded,
BK_3394,US_5553,SH_5591,2024-08-18 20:18:12,3,,0.0,failed,
BK_3395,US_6041,SH_319,2025-04-04 19:31:31,3,,696.48,completed,
BK_3396,US_8594,SH_7925,2025-12-10 08:17:06,2,,316.92,completed,
BK_3397,US_8305,SH_2104,2024-11-22 16:51:00,3,,1125.78,completed,
BK_3399,US_6319,SH_8999,2024-05-06 08:42:48,4,,1398.12,completed,
BK_3400,US_8160,SH_6132,2024-11-01 02:08:44,4,,1725.68,completed,
BK_3402,US_8058,SH_6258,2024-12-29 16:27:44,4,,1107.0,completed,
BK_3403,US_681,SH_3605,2024-11-28 03:11:08,1,,177.66,completed,
BK_3405,US_1589,SH_5956,2024-07-05 22:13:02,3,,0.0,failed,
BK_3406,US_5990,SH_5024,2025-03-01 01:32:49,3,,1442.52,completed,
BK_3408,US_6331,SH_6660,2024-11-28 05:59:53,2,,0.0,refunded,
BK_3409,US_6840,SH_6204,2025-10-18 18:20:42,3,,1369.0500000000002,completed,
BK_3410,US_905,SH_4714,2025-06-07 22:59:26,3,,909.9300000000001,completed,
BK_3411,US_9584,SH_6862,2025-04-07 19:18:59,4,,1925.88,completed,
BK_3412,US_3531,SH_861,2024-01-14 20:56:12,1,,497.72,completed,
BK_3413,US_1546,SH_2188,2025-08-26 12:06:03,2,,702.86,completed,
BK_3414,US_3912,SH_1627,2025-08-17 08:44:01,4,,786.6,completed,
BK_3416,US_4301,SH_5418,2025-05-20 12:59:49,3,,0.0,refunded,
BK_3417,US_3923,SH_8656,2025-08-26 15:20:34,2,,0.0,failed,
BK_3418,US_6476,SH_5029,2024-05-19 19:05:12,2,,514.3,completed,
BK_3419,US_9380,SH_5988,2024-07-19 06:00:15,2,,422.22,completed,
BK_3420,US_5328,SH_8007,2025-10-22 17:02:28,2,,0.0,refunded,
BK_3421,US_450,SH_7747,2025-12-28 11:30:20,3,,560.55,completed,
BK_3422,US_1859,SH_4483,2024-01-29 13:07:22,1,,366.04,completed,
BK_3424,US_9345,SH_7277,2024-12-24 14:30:30,4,,1790.88,completed,
BK_3427,US_7711,SH_736,2024-05-26 23:57:08,2,,418.52,completed,
BK_3428,US_7773,SH_9254,2024-08-07 14:06:17,1,,458.46,completed,
BK_3429,US_835,SH_9726,2025-10-07 15:57:22,3,,814.6500000000001,completed,
BK_3431,US_6195,SH_2133,2024-06-09 05:09:52,4,,1138.52,completed,
BK_3432,US_3871,SH_7458,2024-01-05 10:41:41,2,,784.7,completed,
BK_3435,US_2720,SH_6758,2025-10-20 20:18:29,2,,446.78,completed,
BK_3436,US_9079,SH_4745,2025-04-20 11:57:43,2,,505.78,completed,
BK_3437,US_3494,SH_7057,2024-04-27 04:29:54,4,,991.12,completed,
BK_3439,US_2546,SH_51,2025-01-02 13:37:32,2,,0.0,failed,
BK_3440,US_1468,SH_6646,2025-09-20 00:51:55,2,,0.0,refunded,
BK_3441,US_1203,SH_7338,2025-07-19 19:45:45,2,,984.22,completed,
BK_3442,US_7551,SH_7297,2025-05-11 04:12:20,4,,1867.04,completed,
BK_3443,US_3166,SH_8064,2024-01-25 22:54:22,4,,970.12,completed,
BK_3445,US_4723,SH_196,2025-06-14 02:42:17,4,,1952.08,completed,
BK_3446,US_4695,SH_6865,2024-12-15 18:50:50,1,,270.82,completed,
BK_3447,US_1092,SH_139,2024-12-09 17:27:20,2,,833.4,completed,
BK_3448,US_5204,SH_725,2025-12-25 15:24:50,4,,0.0,failed,
BK_3449,US_7905,SH_8726,2024-12-04 16:24:26,1,,427.1,completed,
BK_3450,US_3094,SH_8248,2024-01-22 04:11:17,1,,333.57,completed,
BK_3451,US_1473,SH_6442,2024-12-25 12:02:10,3,,452.61,completed,
BK_3452,US_578,SH_4090,2025-09-25 19:23:27,2,,874.8,completed,
BK_3453,US_5738,SH_1097,2024-08-20 16:08:36,4,,1025.48,completed,
BK_3454,US_659,SH_5641,2024-08-09 06:37:09,2,,676.52,completed,
BK_3455,US_285,SH_8683,2025-07-14 07:35:41,2,,386.92,completed,
BK_3457,US_711,SH_371,2024-11-07 04:18:32,2,,402.72,completed,
BK_3458,US_2489,SH_5580,2025-08-06 17:22:42,4,,1676.36,completed,
BK_3459,US_8952,SH_6770,2024-07-01 08:19:11,4,,1450.84,completed,
BK_3460,US_4405,SH_3430,2025-11-21 03:50:22,2,,0.0,failed,
BK_3462,US_859,SH_7483,2025-10-11 08:03:15,4,,0.0,refunded,
BK_3463,US_6137,SH_3313,2024-07-01 11:43:09,2,,543.64,completed,
BK_3464,US_3394,SH_2889,2024-07-25 12:57:47,4,,0.0,failed,
BK_3465,US_6248,SH_1012,2024-07-01 02:26:17,4,,1225.28,completed,
BK_3466,US_6324,SH_8218,2025-03-12 03:38:46,3,,1206.06,completed,
BK_3467,US_7913,SH_4274,2025-12-29 03:17:55,1,,292.41,completed,
BK_3468,US_1563,SH_4808,2025-06-25 13:09:31,2,,801.24,completed,
BK_3469,US_9414,SH_1034,2025-03-15 05:46:14,1,,401.86,completed,
BK_3470,US_4995,SH_9819,2025-01-26 09:45:51,4,,970.16,completed,
BK_3472,US_6205,SH_4696,2024-10-08 18:40:43,2,,499.38,completed,
BK_3473,US_6115,SH_298,2025-09-28 19:14:18,4,,1885.0,completed,
BK_3474,US_9240,SH_2894,2025-11-17 17:35:52,4,,1622.88,completed,
BK_3475,US_5046,SH_9493,2024-04-27 18:39:42,4,,0.0,refunded,
BK_3476,US_3295,SH_8386,2025-05-30 11:42:05,1,,0.0,failed,
BK_3477,US_4820,SH_8557,2024-04-27 15:47:16,4,,659.28,completed,
BK_3478,US_1600,SH_1379,2025-04-24 13:28:27,1,,426.99,completed,
BK_3479,US_1395,SH_640,2025-08-13 08:31:48,3,,950.8199999999999,completed,
BK_3480,US_9956,SH_5373,2024-05-18 13:49:18,2,,748.2,completed,
BK_3481,US_9751,SH_6077,2024-04-25 00:38:18,1,,390.23,completed,
BK_3483,US_973,SH_6292,2025-02-01 14:52:56,4,,792.84,completed,
BK_3484,US_1925,SH_9850,2024-01-18 19:58:31,2,,362.64,completed,
BK_3486,US_9289,SH_5833,2025-03-06 07:34:04,2,,0.0,failed,
BK_3487,US_8087,SH_3,2024-09-07 21:58:03,1,,438.29,completed,
BK_3488,US_3641,SH_1347,2024-12-04 03:21:21,4,,1676.48,completed,
BK_3489,US_6189,SH_3033,2025-02-27 22:25:53,2,,676.04,completed,
BK_3490,US_5986,SH_555,2024-10-22 21:36:05,1,,487.07,completed,
BK_3491,US_1427,SH_8393,2025-01-05 19:04:45,2,,348.56,completed,
BK_3492,US_6214,SH_2667,2024-05-14 07:39:38,3,,1386.4499999999998,completed,
BK_3493,US_4005,SH_8475,2025-12-03 15:26:12,2,,736.36,completed,
BK_3494,US_7228,SH_9391,2024-03-06 02:36:40,4,,856.52,completed,
BK_3495,US_4899,SH_3019,2025-05-20 03:50:48,3,,0.0,failed,
BK_3496,US_5857,SH_3098,2025-01-23 03:17:25,1,,479.11,completed,
BK_3497,US_6736,SH_3530,2025-01-11 22:23:38,1,,456.35,completed,
BK_3500,US_6757,SH_1270,2025-10-24 07:52:57,1,,323.65,completed,
BK_3501,US_8601,SH_1095,2025-10-20 07:03:54,4,,1500.52,completed,
BK_3502,US_1043,SH_8749,2025-03-04 14:36:31,2,,0.0,failed,
BK_3503,US_2970,SH_1300,2025-03-15 00:17:09,1,,241.81,completed,
BK_3504,US_1379,SH_3258,2025-04-09 13:18:10,3,,0.0,refunded,
BK_3505,US_4080,SH_6683,2024-12-05 02:24:41,2,,922.98,completed,
BK_3506,US_5861,SH_1038,2024-07-02 13:30:16,3,,0.0,failed,
BK_3507,US_3084,SH_651,2025-09-02 08:51:39,4,,1481.44,completed,
BK_3510,US_9501,SH_8367,2024-05-07 10:26:09,1,,191.96,completed,
BK_3511,US_8973,SH_293,2025-06-14 00:57:40,4,,637.6,completed,
BK_3512,US_5918,SH_7949,2025-12-13 18:04:38,2,,0.0,refunded,
BK_3513,US_2662,SH_852,2024-01-30 19:12:37,4,,712.72,completed,
BK_3514,US_7886,SH_2036,2024-07-29 08:48:17,1,,419.38,completed,
BK_3515,US_8536,SH_459,2024-01-26 19:42:38,3,,588.27,completed,
BK_3516,US_7037,SH_4607,2024-07-03 13:30:30,1,,191.13,completed,
BK_3517,US_7738,SH_3710,2024-10-30 06:05:19,2,,0.0,refunded,
BK_3518,US_6940,SH_57,2024-11-17 10:18:34,3,,873.27,completed,
BK_3519,US_6729,SH_644,2025-03-02 23:57:04,2,,504.84,completed,
BK_3520,US_2567,SH_2536,2024-10-27 01:11:20,3,,543.87,completed,
BK_3521,US_1256,SH_727,2025-03-07 15:22:01,1,,399.62,completed,
BK_3522,US_4860,SH_6777,2025-12-15 23:58:10,4,,845.4,completed,
BK_3523,US_1602,SH_8833,2025-04-25 01:03:34,3,,0.0,failed,
BK_3524,US_2892,SH_1586,2025-03-31 01:46:33,4,,1895.6,completed,
BK_3526,US_7920,SH_6721,2024-03-15 08:09:34,1,,0.0,failed,
BK_3528,US_3562,SH_9577,2025-02-12 20:58:11,4,,973.68,completed,
BK_3529,US_1403,SH_572,2025-07-24 05:48:56,3,,1470.57,completed,
BK_3530,US_5960,SH_9925,2024-06-17 16:38:27,2,,990.92,completed,
BK_3531,US_325,SH_9862,2025-01-25 21:44:44,4,,1587.0,completed,
BK_3532,US_2033,SH_6165,2025-08-16 02:31:20,2,,436.06,completed,
BK_3533,US_6049,SH_3223,2025-07-07 08:54:59,2,,935.58,completed,
BK_3534,US_8726,SH_2117,2025-03-15 01:41:27,3,,1367.67,completed,
BK_3535,US_1698,SH_5389,2025-06-08 22:42:55,3,,1048.5,completed,
BK_3537,US_1593,SH_8185,2024-12-14 22:59:18,1,,322.16,completed,
BK_3538,US_1956,SH_6699,2024-03-22 04:54:43,3,,943.98,completed,
BK_3539,US_2210,SH_6692,2025-02-20 10:47:13,3,,919.0500000000001,completed,
BK_3540,US_430,SH_7895,2024-02-10 05:18:12,2,,381.34,completed,
BK_3541,US_6274,SH_4170,2025-12-28 06:48:42,2,,772.16,completed,
BK_3545,US_624,SH_4256,2025-05-28 15:35:42,1,,191.68,completed,
BK_3546,US_1711,SH_2519,2025-08-03 07:54:40,2,,0.0,failed,
BK_3547,US_7036,SH_8969,2024-08-02 14:44:24,1,,440.95,completed,
BK_3548,US_7868,SH_3057,2025-12-28 06:15:00,4,,892.76,completed,
BK_3549,US_2397,SH_7675,2025-11-09 00:33:40,3,,780.9000000000001,completed,
BK_3550,US_2309,SH_3122,2024-04-13 04:36:06,3,,1318.1399999999999,completed,
BK_3551,US_419,SH_1800,2025-07-14 02:08:21,2,,505.36,completed,
BK_3553,US_7596,SH_8970,2024-02-09 01:31:36,4,,654.64,completed,
BK_3554,US_9976,SH_8443,2024-07-31 17:38:26,4,,1827.12,completed,
BK_3555,US_5715,SH_3822,2024-12-21 07:40:29,2,,577.82,completed,
BK_3556,US_4325,SH_7430,2024-02-02 22:18:01,3,,699.36,completed,
BK_3558,US_6560,SH_7027,2025-10-25 21:14:51,4,,0.0,failed,
BK_3559,US_4758,SH_8083,2024-12-11 17:59:57,1,,368.93,completed,
BK_3561,US_2843,SH_9871,2025-01-31 21:40:21,2,,824.1,completed,
BK_3562,US_3364,SH_5406,2025-05-10 06:35:48,3,,860.76,completed,
BK_3564,US_6746,SH_4317,2024-06-17 20:56:06,2,,351.38,completed,
BK_3565,US_6133,SH_5749,2025-06-02 17:45:23,1,,0.0,refunded,
BK_3566,US_7546,SH_8226,2025-05-21 19:47:28,1,,494.3,completed,
BK_3568,US_2137,SH_9243,2024-09-16 22:51:16,3,,712.5,completed,
BK_3569,US_6553,SH_9361,2024-12-17 18:28:39,3,,963.03,completed,
BK_3570,US_7259,SH_8927,2024-04-16 05:06:18,4,,1873.2,completed,
BK_3571,US_8907,SH_8590,2024-09-20 09:11:05,1,,0.0,failed,
BK_3572,US_8522,SH_2394,2024-03-11 20:38:21,2,,657.66,completed,
BK_3573,US_874,SH_2208,2024-08-29 14:32:30,1,,421.67,completed,
BK_3576,US_2208,SH_4461,2024-03-26 20:22:16,3,,586.77,completed,
BK_3579,US_8803,SH_3696,2024-07-28 16:52:36,2,,617.16,completed,
BK_3580,US_151,SH_7858,2025-05-21 12:39:36,3,,1305.42,completed,
BK_3581,US_1914,SH_9871,2024-07-14 09:35:33,2,,824.1,completed,
BK_3582,US_8305,SH_5321,2024-02-09 01:55:02,4,,701.28,completed,
BK_3583,US_1776,SH_7754,2024-10-18 22:03:24,1,,0.0,refunded,
BK_3584,US_2910,SH_7985,2025-11-11 09:23:18,4,,1237.24,completed,
BK_3585,US_2812,SH_57,2024-03-27 03:51:00,3,,873.27,completed,
BK_3586,US_5661,SH_4386,2024-03-03 14:54:24,1,,460.98,completed,
BK_3587,US_2982,SH_7265,2024-03-01 11:08:08,4,,1873.88,completed,
BK_3589,US_3120,SH_3894,2024-03-19 04:02:09,2,,405.12,completed,
BK_3590,US_5975,SH_7932,2024-08-24 06:12:21,4,,1100.92,completed,
BK_3592,US_8689,SH_7228,2024-11-07 03:03:57,4,,843.08,completed,
BK_3593,US_4636,SH_296,2025-06-12 12:52:52,1,,0.0,refunded,
BK_3594,US_3660,SH_2319,2025-03-26 12:15:11,4,,967.12,completed,
BK_3595,US_5691,SH_7573,2025-07-18 19:47:52,2,,331.9,completed,
BK_3596,US_4442,SH_8282,2024-11-19 22:38:10,2,,579.28,completed,
BK_3597,US_5490,SH_5910,2024-06-11 23:11:01,4,,675.32,completed,
BK_3598,US_8916,SH_5569,2024-04-20 23:01:14,1,,278.36,completed,
BK_3599,US_267,SH_4769,2025-07-07 11:47:24,1,,419.95,completed,
BK_3602,US_2579,SH_127,2025-11-11 03:00:27,1,,179.38,completed,
BK_3604,US_4063,SH_9319,2025-01-06 15:21:19,1,,158.82,completed,
BK_3605,US_9174,SH_1001,2025-09-25 14:20:00,3,,1464.24,completed,
BK_3606,US_8454,SH_8080,2025-12-08 07:14:59,4,,1322.56,completed,
BK_3608,US_9912,SH_5826,2024-02-10 08:24:18,3,,1486.59,completed,
BK_3609,US_8763,SH_4838,2025-05-25 05:53:44,2,,756.48,completed,
BK_3610,US_6221,SH_7367,2024-03-02 23:28:27,3,,1216.6200000000001,completed,
BK_3611,US_1642,SH_1049,2025-08-26 05:17:48,2,,416.94,completed,
BK_3612,US_4048,SH_5600,2024-02-07 00:35:54,2,,0.0,refunded,
BK_3613,US_5000,SH_8134,2025-05-10 15:01:38,2,,659.76,completed,
BK_3616,US_9655,SH_8045,2025-03-08 02:06:33,1,,152.15,completed,
BK_3617,US_7914,SH_2658,2025-11-27 16:15:51,2,,0.0,failed,
BK_3618,US_9881,SH_1837,2025-06-26 01:47:28,1,,335.88,completed,
BK_3619,US_6251,SH_1437,2025-05-06 21:48:06,1,,319.42,completed,
BK_3620,US_2140,SH_7002,2024-08-30 11:41:37,3,,1255.0500000000002,completed,
BK_3621,US_321,SH_5146,2025-06-26 13:47:33,3,,862.02,completed,
BK_3622,US_3825,SH_8657,2025-06-16 09:05:46,4,,0.0,failed,
BK_3623,US_6637,SH_1328,2025-01-23 09:11:34,4,,653.16,completed,
BK_3624,US_354,SH_5718,2024-12-05 03:39:33,2,,861.24,completed,
BK_3625,US_9287,SH_5390,2024-04-15 15:51:38,2,,0.0,refunded,
BK_3627,US_5577,SH_198,2025-03-16 01:54:04,4,,1172.64,completed,
BK_3629,US_6153,SH_1701,2024-12-11 06:38:49,2,,338.76,completed,
BK_3630,US_8929,SH_1373,2025-05-22 13:23:57,3,,1432.44,completed,
BK_3631,US_1048,SH_9399,2025-06-01 21:12:28,4,,947.88,completed,
BK_3632,US_9452,SH_6656,2025-10-03 09:31:55,4,,944.24,completed,
BK_3633,US_6405,SH_2830,2025-03-04 05:43:55,2,,486.98,completed,
BK_3635,US_6296,SH_4874,2024-09-09 11:39:06,4,,963.92,completed,
BK_3637,US_9620,SH_8462,2025-11-10 12:19:01,1,,437.38,completed,
BK_3638,US_4874,SH_5828,2025-09-02 22:41:18,4,,1435.68,completed,
BK_3639,US_6680,SH_5495,2025-07-25 21:16:24,3,,1196.94,completed,
BK_3640,US_6749,SH_5052,2025-01-15 05:15:01,2,,520.58,completed,
BK_3641,US_7482,SH_5291,2024-12-14 14:26:24,3,,783.81,completed,
BK_3642,US_5536,SH_5167,2024-03-27 02:17:11,1,,388.76,completed,
BK_3643,US_9959,SH_1513,2025-11-02 05:08:58,2,,764.64,completed,
BK_3644,US_4732,SH_753,2025-12-09 17:27:15,4,,1725.76,completed,
BK_3645,US_5669,SH_5212,2025-05-18 21:50:21,4,,1274.32,completed,
BK_3646,US_8304,SH_843,2024-01-04 12:20:21,2,,300.5,completed,
BK_3647,US_59,SH_3999,2025-04-30 07:13:50,1,,0.0,failed,
BK_3648,US_5016,SH_4450,2025-04-22 00:52:34,1,,414.41,completed,
BK_3649,US_9976,SH_2364,2025-05-26 11:00:24,1,,454.46,completed,
BK_3650,US_8774,SH_8609,2024-07-24 11:33:04,4,,762.76,completed,
BK_3651,US_340,SH_3540,2025-12-10 04:37:09,4,,1826.52,completed,
BK_3652,US_8881,SH_8865,2024-08-12 08:10:30,2,,347.08,completed,
BK_3653,US_8099,SH_9752,2024-04-11 06:13:10,2,,878.48,completed,
BK_3655,US_8028,SH_3897,2025-07-28 08:33:58,2,,445.26,completed,
BK_3656,US_437,SH_4681,2024-01-07 00:23:32,1,,0.0,failed,
BK_3657,US_4214,SH_2076,2025-10-19 16:03:38,2,,773.96,completed,
BK_3659,US_1211,SH_7307,2024-12-13 12:33:47,1,,203.96,completed,
BK_3660,US_1689,SH_1063,2025-03-22 08:42:57,4,,693.72,completed,
BK_3661,US_9943,SH_679,2025-02-15 03:40:09,2,,801.58,completed,
BK_3662,US_6195,SH_3678,2024-09-05 05:32:36,4,,758.6,completed,
BK_3663,US_3069,SH_3549,2024-05-23 21:00:39,2,,476.56,completed,
BK_3664,US_1549,SH_2071,2025-04-15 02:28:23,3,,849.48,completed,
BK_3665,US_8900,SH_7194,2024-08-23 04:56:09,1,,0.0,failed,
BK_3666,US_757,SH_6950,2025-09-27 13:05:52,3,,944.0699999999999,completed,
BK_3667,US_2681,SH_3470,2025-08-23 18:44:03,2,,864.72,completed,
BK_3668,US_43,SH_2934,2025-11-30 02:34:34,1,,293.97,completed,
BK_3669,US_4222,SH_23,2025-09-06 19:35:27,4,,1792.28,completed,
BK_3670,US_5457,SH_3608,2024-07-17 21:35:57,2,,884.32,completed,
BK_3671,US_7639,SH_2627,2024-04-29 03:23:22,2,,917.4,completed,
BK_3672,US_6053,SH_8354,2025-08-23 09:09:50,4,,0.0,failed,
BK_3673,US_4553,SH_5285,2025-08-27 03:05:57,2,,855.68,completed,
BK_3674,US_5596,SH_9190,2025-03-25 02:06:12,1,,174.4,completed,
BK_3675,US_4532,SH_6015,2025-03-21 12:45:40,4,,1363.32,completed,
BK_3676,US_3442,SH_5140,2024-11-15 07:54:24,1,,350.43,completed,
BK_3679,US_4326,SH_30,2024-01-21 04:31:42,4,,1322.08,completed,
BK_3682,US_8522,SH_8938,2024-09-07 10:52:40,1,,475.56,completed,
BK_3683,US_5622,SH_4597,2025-02-20 19:07:00,3,,1338.54,completed,
BK_3684,US_8806,SH_5273,2024-03-29 08:18:10,1,,263.54,completed,
BK_3686,US_9721,SH_397,2024-06-09 10:52:34,2,,307.72,completed,
BK_3687,US_9526,SH_4182,2024-12-20 02:21:19,2,,0.0,refunded,
BK_3688,US_4112,SH_382,2024-01-14 02:14:24,4,,1741.32,completed,
BK_3690,US_7779,SH_6091,2024-06-27 13:38:32,4,,1143.28,completed,
BK_3691,US_6373,SH_9639,2024-03-30 06:31:39,1,,342.66,completed,
BK_3692,US_8084,SH_9947,2024-02-19 17:58:52,4,,1338.16,completed,
BK_3693,US_6703,SH_2214,2024-04-20 08:31:48,3,,1122.3000000000002,completed,
BK_3694,US_4039,SH_1584,2025-02-25 05:24:50,1,,371.38,completed,
BK_3695,US_985,SH_415,2024-11-04 02:29:37,4,,1375.48,completed,
BK_3698,US_7154,SH_6610,2025-10-08 08:48:11,4,,0.0,failed,
BK_3699,US_176,SH_10000,2024-11-23 19:17:30,1,,172.58,completed,
BK_3700,US_16,SH_3658,2024-02-03 12:17:43,4,,0.0,failed,
BK_3701,US_3909,SH_5134,2024-07-17 13:48:24,2,,538.88,completed,
BK_3702,US_9531,SH_4731,2025-06-03 13:21:39,4,,1204.68,completed,
BK_3703,US_6200,SH_7076,2024-03-05 16:45:23,2,,0.0,failed,
BK_3704,US_5599,SH_6871,2025-10-21 21:07:59,2,,467.8,completed,
BK_3705,US_4844,SH_2630,2024-08-08 00:23:31,3,,1008.9300000000001,completed,
BK_3706,US_9123,SH_2591,2024-06-29 09:18:52,3,,848.8799999999999,completed,
BK_3707,US_3916,SH_8424,2025-09-13 06:30:47,1,,284.41,completed,
BK_3708,US_8324,SH_8084,2025-03-10 07:34:56,2,,384.56,completed,
BK_3710,US_3523,SH_8948,2025-07-27 01:31:31,3,,0.0,failed,
BK_3711,US_24,SH_820,2025-01-21 16:27:49,3,,1161.3600000000001,completed,
BK_3713,US_5943,SH_9738,2024-04-11 23:17:26,1,,339.98,completed,
BK_3714,US_7840,SH_9834,2025-04-06 05:22:48,1,,444.11,completed,
BK_3715,US_5761,SH_8370,2024-08-15 13:25:15,4,,1347.8,completed,
BK_3716,US_3817,SH_8577,2025-06-18 15:00:37,2,,556.46,completed,
BK_3717,US_4674,SH_540,2024-02-19 11:00:04,2,,0.0,failed,
BK_3719,US_9477,SH_2791,2024-10-24 05:06:41,3,,518.0999999999999,completed,
BK_3720,US_9536,SH_3653,2025-02-15 08:53:10,1,,318.72,completed,
BK_3721,US_5262,SH_8941,2024-11-16 02:04:53,4,,1827.68,completed,
BK_3722,US_4137,SH_3982,2024-07-11 13:52:35,3,,463.5,completed,
BK_3725,US_1360,SH_5453,2025-04-14 02:47:04,1,,365.04,completed,
BK_3726,US_1123,SH_1966,2025-09-26 05:19:30,1,,0.0,failed,
BK_3727,US_4928,SH_1967,2025-06-16 06:08:43,2,,427.6,completed,
BK_3728,US_6298,SH_7389,2025-03-21 21:24:00,2,,0.0,refunded,
BK_3729,US_3741,SH_9629,2025-04-26 18:39:16,2,,910.84,completed,
BK_3730,US_585,SH_8083,2025-02-25 17:15:05,4,,1475.72,completed,
BK_3731,US_3562,SH_1228,2024-03-06 11:53:59,1,,0.0,failed,
BK_3732,US_869,SH_962,2025-01-04 16:06:20,2,,671.1,completed,
BK_3734,US_2471,SH_8512,2025-11-06 14:00:09,1,,395.88,completed,
BK_3735,US_2221,SH_1611,2024-01-06 14:39:42,1,,466.73,completed,
BK_3736,US_6745,SH_156,2024-07-15 09:47:20,1,,218.11,completed,
BK_3737,US_926,SH_7229,2025-12-13 16:32:58,2,,724.88,completed,
BK_3738,US_9236,SH_9369,2024-05-25 11:37:12,1,,0.0,refunded,
BK_3739,US_565,SH_7957,2025-09-25 12:13:49,2,,783.26,completed,
BK_3740,US_4703,SH_6518,2024-12-10 04:03:24,1,,364.92,completed,
BK_3742,US_4925,SH_216,2024-11-24 05:11:05,4,,1418.68,completed,
BK_3743,US_468,SH_2794,2024-06-28 11:33:07,4,,1638.84,completed,
BK_3744,US_8366,SH_6056,2025-05-13 12:29:13,1,,407.75,completed,
BK_3745,US_1184,SH_4319,2024-02-29 07:46:22,2,,505.2,completed,
BK_3746,US_2884,SH_6447,2025-07-14 23:39:46,2,,526.58,completed,
BK_3748,US_3880,SH_8534,2025-05-03 01:57:50,4,,1676.56,completed,
BK_3749,US_9477,SH_9033,2025-08-29 21:48:57,1,,345.96,completed,
BK_3750,US_6932,SH_2106,2024-09-28 12:29:36,3,,682.23,completed,
BK_3751,US_767,SH_4510,2024-07-22 14:41:53,4,,1994.2,completed,
BK_3752,US_4236,SH_4734,2025-08-15 04:34:06,4,,1104.08,completed,
BK_3753,US_1756,SH_3673,2024-07-13 00:46:13,2,,506.24,completed,
BK_3754,US_9255,SH_7566,2025-09-16 08:42:36,3,,1321.8000000000002,completed,
BK_3756,US_4665,SH_9595,2024-09-08 21:33:53,4,,1387.92,completed,
BK_3758,US_9022,SH_6864,2025-08-06 23:44:03,1,,202.28,completed,
BK_3759,US_2041,SH_7989,2024-12-17 05:37:50,3,,1153.56,completed,
BK_3760,US_854,SH_2257,2024-03-02 02:48:10,1,,379.29,completed,
BK_3761,US_9706,SH_3844,2024-07-08 20:30:25,3,,1287.03,completed,
BK_3762,US_282,SH_9477,2025-10-12 02:43:33,4,,840.36,completed,
BK_3763,US_4824,SH_9682,2025-06-04 18:41:55,2,,0.0,refunded,
BK_3765,US_5705,SH_5853,2025-06-20 06:07:18,1,,227.01,completed,
BK_3766,US_488,SH_8117,2025-12-11 03:00:28,4,,910.64,completed,
BK_3767,US_3156,SH_5735,2025-11-24 07:14:52,1,,0.0,failed,
BK_3768,US_8451,SH_2402,2025-07-21 18:28:13,3,,1419.99,completed,
BK_3769,US_3564,SH_1133,2025-04-24 20:55:57,1,,451.66,completed,
BK_3770,US_5262,SH_6473,2025-12-20 08:13:38,1,,178.6,completed,
BK_3771,US_8361,SH_5262,2025-12-10 19:33:08,4,,1970.0,completed,
BK_3773,US_5361,SH_4402,2024-04-18 03:12:40,4,,1811.96,completed,
BK_3774,US_1493,SH_7139,2025-03-20 19:50:29,3,,1329.09,completed,
BK_3775,US_5152,SH_9984,2025-08-19 10:38:47,4,,1220.64,completed,
BK_3776,US_4873,SH_2331,2025-01-04 15:28:27,3,,930.81,completed,
BK_3777,US_8836,SH_3784,2024-11-02 13:14:29,1,,445.93,completed,
BK_3778,US_3170,SH_2813,2024-12-27 20:29:28,2,,795.56,completed,
BK_3779,US_8452,SH_6595,2025-04-25 19:08:06,4,,940.68,completed,
BK_3780,US_4957,SH_8288,2025-09-11 00:51:25,3,,710.88,completed,
BK_3781,US_2138,SH_9628,2024-04-13 13:08:06,4,,0.0,failed,
BK_3782,US_1828,SH_8360,2025-11-13 14:27:05,3,,0.0,failed,
BK_3783,US_7237,SH_7679,2024-04-16 07:30:35,2,,978.52,completed,
BK_3784,US_7130,SH_7741,2024-02-25 13:14:39,1,,155.81,completed,
BK_3786,US_8304,SH_4599,2025-07-02 03:43:44,3,,0.0,failed,
BK_3787,US_2666,SH_9201,2025-06-16 12:56:56,2,,789.04,completed,
BK_3788,US_2119,SH_5040,2025-11-26 04:07:49,2,,325.06,completed,
BK_3791,US_5867,SH_7825,2025-07-14 19:11:10,1,,304.89,completed,
BK_3793,US_2094,SH_61,2025-08-31 00:16:50,3,,858.78,completed,
BK_3795,US_9697,SH_2690,2025-02-10 22:16:03,2,,563.96,completed,
BK_3796,US_190,SH_1852,2024-08-08 09:29:37,3,,0.0,failed,
BK_3797,US_4,SH_7546,2025-03-06 21:41:15,3,,549.0,completed,
BK_3798,US_3722,SH_6127,2025-07-17 13:49:35,3,,1074.75,completed,
BK_3799,US_5464,SH_9865,2024-10-27 19:11:39,1,,449.16,completed,
BK_3800,US_64,SH_7181,2025-05-07 22:56:21,2,,412.56,completed,
BK_3801,US_6686,SH_1940,2024-12-18 19:12:18,1,,0.0,refunded,
BK_3803,US_2769,SH_3643,2025-02-17 15:28:55,3,,767.34,completed,
BK_3804,US_6050,SH_3026,2025-12-19 19:56:23,1,,378.93,completed,
BK_3805,US_3062,SH_8414,2025-06-23 13:54:36,4,,802.08,completed,
BK_3806,US_3623,SH_5373,2025-02-20 19:42:47,4,,1496.4,completed,
BK_3807,US_8256,SH_5706,2025-01-10 09:07:11,1,,415.06,completed,
BK_3808,US_4035,SH_6690,2024-02-21 12:53:53,4,,1682.44,completed,
BK_3809,US_7711,SH_2519,2025-03-05 04:20:26,2,,753.74,completed,
BK_3810,US_3674,SH_9585,2024-09-15 01:29:44,3,,1359.06,completed,
BK_3811,US_9937,SH_6759,2024-08-04 13:24:47,2,,579.54,completed,
BK_3812,US_6740,SH_5521,2025-06-25 17:09:29,4,,1699.76,completed,
BK_3813,US_6032,SH_8027,2024-10-01 08:49:55,4,,703.36,completed,
BK_3814,US_530,SH_2691,2025-02-12 18:40:58,3,,661.71,completed,
BK_3815,US_740,SH_2814,2024-09-21 10:22:41,2,,565.62,completed,
BK_3816,US_9938,SH_2447,2025-08-06 18:56:43,3,,537.51,completed,
BK_3817,US_1056,SH_3691,2024-01-04 06:08:18,2,,937.02,completed,
BK_3820,US_3145,SH_5040,2025-01-24 14:36:14,1,,162.53,completed,
BK_3821,US_7149,SH_851,2024-02-04 18:42:02,1,,420.44,completed,
BK_3824,US_9324,SH_3869,2025-07-01 14:42:30,3,,647.13,completed,
BK_3825,US_2875,SH_9085,2024-09-04 11:29:01,1,,327.16,completed,
BK_3826,US_8263,SH_1666,2024-11-08 12:53:00,3,,500.58000000000004,completed,
BK_3828,US_8729,SH_4252,2024-03-24 12:27:43,4,,785.12,completed,
BK_3829,US_1467,SH_3637,2025-04-08 15:25:52,1,,364.2,completed,
BK_3830,US_5338,SH_2221,2025-05-24 23:08:29,1,,340.48,completed,
BK_3831,US_7918,SH_2649,2025-02-06 23:41:35,2,,640.82,completed,
BK_3832,US_9440,SH_7223,2024-07-23 02:16:11,1,,417.97,completed,
BK_3833,US_1100,SH_1663,2025-11-22 05:54:12,1,,174.4,completed,
BK_3834,US_5223,SH_7278,2024-10-22 13:29:44,4,,1348.92,completed,
BK_3835,US_8214,SH_7092,2025-05-11 20:15:03,4,,747.4,completed,
BK_3836,US_8867,SH_4728,2024-06-03 02:43:37,3,,654.66,completed,
BK_3837,US_2992,SH_1250,2025-08-31 14:36:45,3,,462.45000000000005,completed,
BK_3838,US_4749,SH_3396,2025-05-04 17:25:21,3,,0.0,failed,
BK_3839,US_5694,SH_4090,2024-04-28 06:07:40,3,,1312.1999999999998,completed,
BK_3840,US_4138,SH_5963,2025-12-17 15:33:49,4,,1563.32,completed,
BK_3841,US_5721,SH_9444,2025-06-30 06:49:37,1,,0.0,failed,
BK_3842,US_7706,SH_8612,2025-11-03 05:17:22,3,,797.94,completed,
BK_3843,US_1792,SH_8374,2025-10-30 13:18:11,2,,327.12,completed,
BK_3845,US_8330,SH_3607,2024-07-23 23:44:41,1,,338.05,completed,
BK_3847,US_1676,SH_9309,2024-09-30 19:56:31,3,,1259.25,completed,
BK_3848,US_1676,SH_8657,2025-08-07 20:43:23,4,,1647.28,completed,
BK_3849,US_2240,SH_1818,2025-04-13 14:07:04,4,,1484.24,completed,
BK_3850,US_5057,SH_6704,2024-08-22 03:43:13,2,,636.74,completed,
BK_3851,US_1289,SH_5281,2024-07-01 07:08:41,3,,556.86,completed,
BK_3852,US_8300,SH_1215,2025-01-31 12:40:50,4,,1731.76,completed,
BK_3853,US_7634,SH_9227,2025-11-12 08:31:10,1,,176.06,completed,
BK_3854,US_1221,SH_1387,2025-10-04 16:45:58,4,,933.68,completed,
BK_3855,US_2834,SH_4978,2024-06-30 03:27:23,2,,0.0,failed,
BK_3857,US_7853,SH_1017,2024-01-15 04:05:15,1,,151.53,completed,
BK_3858,US_3638,SH_7375,2025-12-05 21:36:12,1,,365.96,completed,
BK_3859,US_4980,SH_8795,2025-12-12 09:25:27,1,,469.68,completed,
BK_3860,US_4332,SH_4550,2024-12-25 02:22:46,1,,178.7,completed,
BK_3861,US_1463,SH_9289,2024-08-14 14:31:44,1,,167.71,completed,
BK_3863,US_8187,SH_2378,2024-02-19 00:12:14,3,,695.88,completed,
BK_3865,US_9683,SH_6446,2024-10-12 05:35:44,3,,607.02,completed,
BK_3867,US_2057,SH_9110,2025-02-23 04:26:19,1,,341.86,completed,
BK_3868,US_5955,SH_4100,2024-03-13 21:57:25,2,,553.6,completed,
BK_3869,US_3415,SH_8425,2025-11-13 15:37:19,2,,390.92,completed,
BK_3870,US_1845,SH_8218,2024-05-01 02:09:55,3,,1206.06,completed,
BK_3871,US_7152,SH_5540,2024-04-29 11:16:13,1,,466.32,completed,
BK_3872,US_5835,SH_5606,2025-08-08 14:40:14,1,,481.75,completed,
BK_3873,US_7142,SH_2491,2025-10-25 03:00:19,4,,685.96,completed,
BK_3874,US_3420,SH_223,2025-03-04 13:01:24,4,,1298.76,completed,
BK_3875,US_2283,SH_9427,2025-06-21 01:23:16,4,,1548.4,completed,
BK_3876,US_6619,SH_271,2024-11-07 01:31:23,1,,330.91,completed,
BK_3877,US_5971,SH_6955,2025-05-18 19:28:04,1,,290.78,completed,
BK_3878,US_7326,SH_5835,2024-01-25 12:38:00,4,,1016.2,completed,
BK_3879,US_7130,SH_5953,2025-10-28 01:12:43,3,,1350.72,completed,
BK_3880,US_7590,SH_7079,2025-04-07 01:52:13,3,,1060.29,completed,
BK_3881,US_280,SH_3922,2025-09-19 09:20:36,1,,0.0,refunded,
BK_3882,US_89,SH_7109,2025-01-17 11:55:07,3,,1255.8899999999999,completed,
BK_3883,US_5503,SH_4243,2025-04-03 13:41:42,4,,1950.88,completed,
BK_3884,US_4649,SH_9894,2025-05-28 23:17:53,2,,922.18,completed,
BK_3885,US_5348,SH_177,2024-06-03 00:50:48,2,,988.54,completed,
BK_3886,US_6818,SH_5375,2024-01-23 09:10:29,3,,1303.47,completed,
BK_3887,US_538,SH_4759,2024-03-31 16:20:18,3,,603.6899999999999,completed,
BK_3888,US_6327,SH_248,2024-08-12 23:22:37,1,,217.64,completed,
BK_3889,US_6042,SH_6988,2025-01-29 03:52:04,3,,1015.6800000000001,completed,
BK_3891,US_9304,SH_8566,2025-02-09 11:44:36,3,,562.77,completed,
BK_3892,US_3134,SH_5219,2025-07-22 15:41:46,1,,394.28,completed,
BK_3893,US_2901,SH_910,2025-06-26 04:45:49,1,,465.64,completed,
BK_3894,US_8548,SH_3095,2025-10-19 13:32:53,3,,936.39,completed,
BK_3895,US_6168,SH_3604,2025-05-20 07:24:51,2,,865.0,completed,
BK_3898,US_4579,SH_2802,2025-07-20 15:16:32,2,,430.46,completed,
BK_3899,US_7931,SH_6590,2024-07-04 13:20:57,4,,655.84,completed,
BK_3900,US_4532,SH_5709,2025-03-08 09:55:56,4,,1612.28,completed,
BK_3901,US_8456,SH_8941,2025-08-03 21:16:03,4,,1827.68,completed,
BK_3902,US_5507,SH_5377,2024-12-11 23:58:38,1,,186.73,completed,
BK_3904,US_180,SH_9191,2025-11-11 16:02:00,1,,305.71,completed,
BK_3905,US_3195,SH_2099,2025-05-30 09:10:20,2,,736.5,completed,
BK_3906,US_9610,SH_1970,2025-03-24 19:37:24,4,,1742.84,completed,
BK_3907,US_7939,SH_5027,2024-03-23 13:17:37,1,,499.53,completed,
BK_3908,US_3690,SH_8291,2024-02-24 13:42:23,2,,313.66,completed,
BK_3909,US_7007,SH_9269,2025-09-04 15:56:15,3,,845.22,completed,
BK_3910,US_8056,SH_6209,2025-05-21 22:39:51,2,,530.44,completed,
BK_3911,US_7849,SH_1192,2025-05-06 14:46:03,1,,409.61,completed,
BK_3912,US_4411,SH_7274,2024-10-31 18:56:08,4,,830.04,completed,
BK_3913,US_9317,SH_7955,2025-02-26 16:13:15,1,,0.0,failed,
BK_3914,US_9869,SH_3671,2025-02-03 04:44:48,1,,396.66,completed,
BK_3915,US_7795,SH_1821,2025-06-26 07:28:46,2,,658.0,completed,
BK_3916,US_6672,SH_8312,2025-10-02 16:32:12,4,,609.76,completed,
BK_3917,US_1747,SH_2576,2025-08-03 02:10:53,2,,675.66,completed,
BK_3919,US_2129,SH_159,2024-02-11 19:49:59,4,,1977.04,completed,
BK_3920,US_5635,SH_4101,2025-09-06 01:10:18,4,,636.68,completed,
BK_3921,US_4736,SH_7359,2025-12-11 17:39:17,3,,1369.17,completed,
BK_3922,US_3198,SH_5101,2024-08-16 08:49:31,3,,976.86,completed,
BK_3924,US_5490,SH_2329,2024-10-24 19:59:16,2,,825.92,completed,
BK_3925,US_480,SH_9160,2024-11-04 06:04:32,3,,1403.6399999999999,completed,
BK_3926,US_8848,SH_8491,2024-01-10 10:53:18,1,,242.64,completed,
BK_3927,US_8277,SH_9570,2025-09-20 10:48:25,1,,0.0,failed,
BK_3928,US_8270,SH_9362,2025-11-18 15:58:24,2,,875.36,completed,
BK_3932,US_4742,SH_1594,2025-03-24 19:10:33,3,,1177.1399999999999,completed,
BK_3933,US_3833,SH_837,2024-12-21 15:24:32,2,,374.72,completed,
BK_3934,US_6749,SH_8846,2024-11-27 23:56:40,1,,478.6,completed,
BK_3935,US_4606,SH_554,2025-09-01 18:43:45,2,,950.66,completed,
BK_3936,US_7729,SH_9233,2024-10-09 02:39:13,1,,250.1,completed,
BK_3937,US_5612,SH_2071,2024-09-21 15:34:55,3,,849.48,completed,
BK_3938,US_2876,SH_1997,2024-09-19 18:20:26,4,,1423.24,completed,
BK_3939,US_8412,SH_6392,2025-06-03 06:10:38,4,,742.84,completed,
BK_3940,US_3306,SH_2162,2024-06-16 22:33:16,2,,763.92,completed,
BK_3941,US_3689,SH_3068,2025-10-27 11:29:01,1,,285.0,completed,
BK_3942,US_1231,SH_2146,2025-12-12 21:53:02,2,,816.54,completed,
BK_3943,US_5566,SH_5177,2025-08-24 22:29:53,1,,194.35,completed,
BK_3944,US_6026,SH_1067,2024-03-29 02:05:35,3,,1111.26,completed,
BK_3946,US_3933,SH_6348,2024-01-16 03:09:32,4,,0.0,refunded,
BK_3948,US_1285,SH_7672,2025-10-04 06:17:31,3,,843.1200000000001,completed,
BK_3949,US_7828,SH_5947,2024-10-18 02:11:00,2,,479.2,completed,
BK_3950,US_3368,SH_8850,2025-07-31 15:14:42,2,,761.06,completed,
BK_3951,US_9692,SH_7396,2025-06-06 13:52:58,4,,807.72,completed,
BK_3952,US_9033,SH_6939,2025-12-21 02:34:47,3,,483.12,completed,
BK_3953,US_160,SH_6004,2025-03-30 09:34:33,3,,1196.31,completed,
BK_3954,US_9550,SH_9665,2025-12-23 22:18:44,2,,956.34,completed,
BK_3956,US_3266,SH_271,2024-10-01 14:37:18,1,,330.91,completed,
BK_3957,US_1343,SH_1839,2025-02-12 21:34:56,3,,0.0,refunded,
BK_3958,US_3253,SH_4241,2025-08-13 16:56:50,2,,711.44,completed,
BK_3959,US_7997,SH_4542,2024-06-08 22:46:21,4,,1054.0,completed,
BK_3960,US_1469,SH_8398,2024-08-06 01:32:59,4,,0.0,refunded,
BK_3961,US_9286,SH_1515,2024-02-17 18:24:29,3,,585.27,completed,
BK_3962,US_2826,SH_9015,2024-10-30 13:59:44,4,,1280.84,completed,
BK_3963,US_7670,SH_7916,2024-11-14 03:46:35,3,,1133.46,completed,
BK_3964,US_1630,SH_1961,2025-04-17 11:47:57,1,,403.85,completed,
BK_3965,US_7560,SH_7234,2025-06-17 23:24:37,1,,402.28,completed,
BK_3966,US_927,SH_1688,2024-08-11 02:43:39,1,,177.79,completed,
BK_3967,US_1010,SH_9823,2025-04-13 03:08:49,3,,0.0,refunded,
BK_3969,US_8365,SH_8507,2025-12-27 17:39:18,1,,169.87,completed,
BK_3970,US_7927,SH_9228,2025-07-05 07:07:18,1,,199.51,completed,
BK_3971,US_9546,SH_6729,2024-03-30 13:18:14,2,,825.04,completed,
BK_3972,US_9569,SH_2031,2025-02-20 12:20:31,1,,0.0,failed,
BK_3973,US_4915,SH_882,2025-06-06 07:46:12,1,,0.0,failed,
BK_3974,US_5365,SH_8163,2025-09-03 08:04:31,4,,1390.68,completed,
BK_3975,US_6127,SH_8281,2025-08-26 10:55:49,4,,880.52,completed,
BK_3977,US_5975,SH_5094,2025-11-06 23:14:20,1,,387.86,completed,
BK_3978,US_3992,SH_2458,2025-12-24 17:33:11,3,,715.6800000000001,completed,
BK_3979,US_5127,SH_3087,2025-04-08 07:49:16,3,,1241.67,completed,
BK_3980,US_5223,SH_2079,2025-04-22 11:19:17,3,,798.1800000000001,completed,
BK_3981,US_2013,SH_9350,2024-04-13 05:27:20,2,,0.0,refunded,
BK_3982,US_968,SH_3436,2024-02-21 22:39:29,2,,550.62,completed,
BK_3983,US_169,SH_6160,2025-01-19 07:49:43,3,,1012.86,completed,
BK_3984,US_8937,SH_7686,2025-04-23 17:36:03,1,,472.53,completed,
BK_3985,US_1532,SH_2286,2024-03-21 19:57:38,4,,607.24,completed,
BK_3986,US_2033,SH_7850,2025-10-17 20:52:34,3,,735.99,completed,
BK_3988,US_4325,SH_2997,2025-01-13 09:36:03,2,,491.5,completed,
BK_3989,US_3651,SH_1747,2025-10-29 13:30:47,1,,0.0,refunded,
BK_3992,US_4154,SH_1202,2024-10-26 22:17:21,2,,741.98,completed,
BK_3993,US_3246,SH_7099,2024-07-06 18:42:51,2,,0.0,refunded,
BK_3994,US_4795,SH_4732,2024-12-25 17:57:58,4,,0.0,refunded,
BK_3996,US_5806,SH_3976,2024-08-04 05:23:50,4,,1032.2,completed,
BK_3997,US_3097,SH_2041,2025-07-20 05:48:47,1,,465.83,completed,
BK_3998,US_5264,SH_4646,2025-05-11 04:26:06,4,,0.0,failed,
BK_3999,US_8887,SH_6277,2025-07-26 14:01:44,2,,629.84,completed,
BK_4000,US_2371,SH_327,2025-07-05 18:21:16,2,,837.26,completed,
BK_4001,US_8564,SH_1913,2024-05-29 15:54:57,2,,434.66,completed,
BK_4002,US_6004,SH_5429,2024-11-06 20:08:45,1,,298.61,completed,
BK_4003,US_836,SH_9781,2024-07-01 20:58:03,2,,946.08,completed,
BK_4004,US_6913,SH_9274,2024-02-18 02:52:12,2,,0.0,failed,
BK_4005,US_5132,SH_392,2025-07-31 21:08:06,2,,947.68,completed,
BK_4006,US_2394,SH_6716,2024-03-15 15:29:12,2,,553.14,completed,
BK_4007,US_187,SH_5088,2024-04-25 20:13:59,1,,0.0,failed,
BK_4008,US_8894,SH_6172,2025-02-16 23:27:10,1,,0.0,refunded,
BK_4009,US_4310,SH_8081,2024-03-27 17:11:59,3,,1460.04,completed,
BK_4010,US_2927,SH_3761,2025-10-03 23:26:04,3,,1190.6399999999999,completed,
BK_4011,US_7582,SH_719,2025-12-12 02:40:17,3,,1049.4,completed,
BK_4012,US_411,SH_1224,2025-02-06 06:55:14,1,,353.65,completed,
BK_4013,US_5411,SH_1064,2024-04-01 15:33:46,3,,970.83,completed,
BK_4014,US_510,SH_3339,2025-04-16 21:59:48,2,,533.04,completed,
BK_4015,US_3869,SH_5569,2025-01-24 09:08:20,4,,1113.44,completed,
BK_4016,US_1908,SH_6274,2025-01-23 11:43:54,1,,335.85,completed,
BK_4017,US_2631,SH_3540,2025-12-27 09:29:59,3,,1369.8899999999999,completed,
BK_4018,US_1530,SH_1937,2024-10-07 06:07:42,4,,652.24,completed,
BK_4019,US_8121,SH_3892,2024-03-13 19:16:28,1,,206.87,completed,
BK_4020,US_5736,SH_1702,2025-03-24 19:55:38,3,,1252.32,completed,
BK_4022,US_5203,SH_6423,2025-08-19 04:26:48,1,,454.25,completed,
BK_4023,US_9577,SH_1099,2025-08-14 22:37:30,2,,0.0,refunded,
BK_4024,US_1947,SH_26,2025-01-05 02:30:50,3,,549.87,completed,
BK_4025,US_751,SH_5856,2024-04-04 02:28:07,1,,203.65,completed,
BK_4027,US_4720,SH_5295,2025-09-23 04:51:40,4,,0.0,failed,
BK_4029,US_1339,SH_1343,2024-10-21 01:18:54,4,,0.0,failed,
BK_4030,US_8122,SH_8023,2024-02-04 02:40:53,1,,369.16,completed,
BK_4032,US_7121,SH_8984,2024-12-19 11:34:00,1,,418.77,completed,
BK_4033,US_5725,SH_9769,2025-08-23 02:33:30,1,,422.65,completed,
BK_4034,US_1173,SH_1528,2025-01-03 03:38:17,3,,971.58,completed,
BK_4035,US_4571,SH_942,2024-09-11 06:05:51,1,,224.56,completed,
BK_4037,US_5433,SH_9554,2024-01-06 06:47:23,1,,374.86,completed,
BK_4038,US_548,SH_1835,2024-06-11 23:48:04,3,,832.11,completed,
BK_4039,US_5544,SH_8121,2025-09-18 03:41:16,1,,315.1,completed,
BK_4040,US_3164,SH_4789,2024-12-27 05:55:03,4,,1494.76,completed,
BK_4041,US_7425,SH_9689,2025-08-09 22:46:14,2,,769.0,completed,
BK_4042,US_8011,SH_3294,2024-10-14 23:12:05,3,,1167.6,completed,
BK_4043,US_2617,SH_8281,2025-04-22 11:49:38,3,,0.0,failed,
BK_4044,US_2576,SH_9501,2024-02-12 03:43:20,2,,543.46,completed,
BK_4046,US_7630,SH_9810,2025-12-01 21:05:11,1,,498.55,completed,
BK_4047,US_8396,SH_3829,2025-04-25 07:49:34,3,,1256.34,completed,
BK_4048,US_8111,SH_7665,2024-10-20 22:53:37,1,,337.65,completed,
BK_4049,US_4206,SH_4499,2024-08-06 12:51:30,3,,522.51,completed,
BK_4050,US_6734,SH_3307,2025-06-10 12:01:13,4,,1402.92,completed,
BK_4051,US_3095,SH_5699,2024-08-31 06:26:01,4,,1345.6,completed,
BK_4053,US_9448,SH_3188,2025-08-17 23:11:28,2,,399.82,completed,
BK_4054,US_8774,SH_7189,2025-12-23 15:58:45,4,,797.28,completed,
BK_4055,US_921,SH_6891,2024-09-04 20:37:04,2,,732.66,completed,
BK_4057,US_2364,SH_2197,2025-01-18 06:16:14,2,,0.0,refunded,
BK_4058,US_8400,SH_4930,2025-01-16 14:23:19,2,,372.12,completed,
BK_4059,US_8865,SH_21,2024-04-12 14:50:49,2,,432.6,completed,
BK_4060,US_2031,SH_3045,2024-02-29 02:12:10,1,,271.89,completed,
BK_4061,US_4979,SH_5246,2025-11-24 16:13:57,3,,828.21,completed,
BK_4062,US_2734,SH_8434,2025-10-02 07:02:27,3,,0.0,refunded,
BK_4063,US_5771,SH_4542,2024-11-08 17:19:34,1,,0.0,refunded,
BK_4064,US_8553,SH_9304,2025-11-05 01:16:47,4,,600.52,completed,
BK_4066,US_1740,SH_7510,2024-03-07 04:08:33,2,,464.02,completed,
BK_4067,US_9889,SH_6949,2025-02-15 18:33:22,1,,198.0,completed,
BK_4068,US_2467,SH_7717,2024-04-03 11:39:16,3,,778.98,completed,
BK_4069,US_8748,SH_6411,2024-02-19 23:49:12,4,,1009.8,completed,
BK_4070,US_8271,SH_6979,2025-01-16 02:14:21,2,,949.48,completed,
BK_4071,US_7383,SH_3149,2025-08-21 10:24:45,2,,823.8,completed,
BK_4072,US_782,SH_3606,2025-08-14 01:55:13,4,,1791.44,completed,
BK_4073,US_5096,SH_488,2025-05-27 20:47:19,3,,1193.76,completed,
BK_4075,US_4630,SH_6334,2024-02-22 11:04:40,2,,751.3,completed,
BK_4076,US_5111,SH_1967,2025-06-26 22:23:21,1,,0.0,refunded,
BK_4077,US_8217,SH_4928,2024-10-14 10:17:35,2,,865.98,completed,
BK_4078,US_3677,SH_820,2025-02-10 18:04:36,2,,774.24,completed,
BK_4079,US_4165,SH_6515,2025-10-08 15:21:00,2,,707.06,completed,
BK_4081,US_3885,SH_6579,2024-12-26 18:10:33,4,,1266.24,completed,
BK_4083,US_2553,SH_4848,2024-04-21 14:45:47,3,,1292.6999999999998,completed,
BK_4084,US_5228,SH_8001,2025-05-17 14:09:02,3,,1271.91,completed,
BK_4085,US_6413,SH_6239,2025-07-13 17:15:46,1,,0.0,failed,
BK_4086,US_7202,SH_3433,2025-02-19 21:44:03,4,,1259.0,completed,
BK_4087,US_6479,SH_7943,2025-02-23 05:43:04,2,,804.9,completed,
BK_4088,US_3020,SH_9093,2024-04-05 18:17:29,3,,538.47,completed,
BK_4091,US_3781,SH_9122,2025-01-12 07:37:14,1,,223.16,completed,
BK_4092,US_6553,SH_1389,2025-01-31 04:45:20,3,,471.18,completed,
BK_4093,US_2710,SH_855,2025-01-20 13:26:38,2,,828.36,completed,
BK_4095,US_7561,SH_8600,2025-01-01 22:10:05,4,,1248.88,completed,
BK_4096,US_7780,SH_8688,2024-03-25 10:34:57,3,,452.37,completed,
BK_4097,US_5751,SH_6962,2024-06-10 16:23:57,3,,498.09000000000003,completed,
BK_4099,US_9482,SH_440,2025-04-26 05:36:26,3,,0.0,failed,
BK_4100,US_6127,SH_6235,2025-01-28 09:30:16,3,,0.0,failed,
BK_4101,US_4305,SH_919,2024-04-06 23:49:35,1,,0.0,refunded,
BK_4102,US_628,SH_3352,2025-06-19 20:16:37,1,,326.84,completed,
BK_4104,US_7610,SH_1806,2025-01-25 01:55:36,1,,217.36,completed,
BK_4105,US_4065,SH_3415,2024-11-28 14:35:08,1,,184.21,completed,
BK_4106,US_3006,SH_1078,2025-05-08 12:04:23,4,,1200.68,completed,
BK_4107,US_2748,SH_5342,2024-09-17 16:59:04,2,,865.68,completed,
BK_4108,US_1156,SH_7369,2024-05-28 07:31:48,4,,0.0,failed,
BK_4109,US_526,SH_611,2024-12-16 16:37:16,1,,279.01,completed,
BK_4110,US_8407,SH_6365,2024-05-24 07:36:13,3,,872.31,completed,
BK_4112,US_5410,SH_7757,2025-07-02 20:04:28,2,,628.98,completed,
BK_4115,US_1301,SH_225,2024-11-10 05:54:27,1,,307.39,completed,
BK_4116,US_6677,SH_7520,2025-01-16 08:31:23,3,,1042.98,completed,
BK_4117,US_5879,SH_1467,2024-09-13 01:32:28,1,,391.76,completed,
BK_4119,US_7537,SH_2339,2024-06-13 17:31:24,3,,504.29999999999995,completed,
BK_4120,US_9724,SH_1391,2024-12-10 20:06:16,1,,439.98,completed,
BK_4123,US_7818,SH_9393,2025-02-02 15:09:20,2,,615.84,completed,
BK_4124,US_8281,SH_6215,2025-07-28 18:16:27,3,,0.0,failed,
BK_4125,US_9704,SH_5456,2024-08-15 10:33:14,1,,426.78,completed,
BK_4126,US_3375,SH_9427,2025-02-06 14:38:08,1,,387.1,completed,
BK_4128,US_3588,SH_1700,2025-06-21 06:13:16,4,,1114.56,completed,
BK_4129,US_8064,SH_4184,2024-11-15 11:38:06,3,,491.76,completed,
BK_4131,US_9808,SH_5848,2025-07-28 04:36:08,4,,0.0,failed,
BK_4132,US_9595,SH_2658,2024-02-12 18:09:20,3,,537.1800000000001,completed,
BK_4133,US_108,SH_1335,2024-03-14 06:14:07,4,,1386.4,completed,
BK_4134,US_2727,SH_4533,2024-05-10 13:14:34,3,,0.0,refunded,
BK_4135,US_2513,SH_8517,2025-10-15 11:24:05,3,,0.0,failed,
BK_4136,US_133,SH_6448,2025-11-16 07:57:10,2,,583.9,completed,
BK_4137,US_6409,SH_9999,2025-10-18 00:16:09,4,,0.0,failed,
BK_4138,US_2764,SH_4992,2025-06-12 22:14:21,1,,233.99,completed,
BK_4139,US_2203,SH_5898,2025-04-19 13:27:35,2,,419.36,completed,
BK_4140,US_4846,SH_5474,2024-10-16 05:26:23,3,,971.97,completed,
BK_4141,US_8190,SH_6932,2025-09-01 18:33:28,3,,1272.69,completed,
BK_4142,US_5255,SH_3271,2024-01-30 10:44:34,3,,1318.77,completed,
BK_4143,US_3639,SH_8604,2025-07-22 08:33:29,4,,1856.88,completed,
BK_4144,US_5543,SH_8856,2024-12-15 16:09:47,4,,1512.76,completed,
BK_4145,US_8953,SH_1454,2024-05-30 18:00:04,2,,796.98,completed,
BK_4146,US_4331,SH_3865,2024-04-19 09:07:11,1,,403.18,completed,
BK_4148,US_9281,SH_1243,2025-08-18 16:43:22,3,,0.0,failed,
BK_4150,US_3170,SH_9257,2025-08-20 21:50:10,1,,371.55,completed,
BK_4151,US_6395,SH_5132,2024-05-15 21:01:16,1,,365.13,completed,
BK_4152,US_2687,SH_8680,2025-12-08 21:01:45,2,,909.66,completed,
BK_4153,US_1836,SH_9081,2025-09-13 03:33:25,1,,494.48,completed,
BK_4154,US_5523,SH_4014,2025-01-16 06:04:53,1,,446.55,completed,
BK_4155,US_2900,SH_8583,2024-05-11 15:12:43,1,,221.59,completed,
BK_4156,US_1363,SH_2296,2025-07-01 04:25:06,3,,451.43999999999994,completed,
BK_4157,US_6761,SH_7544,2025-03-15 17:08:42,4,,1405.52,completed,
BK_4158,US_2118,SH_9979,2024-01-12 15:36:25,2,,833.54,completed,
BK_4159,US_9501,SH_3072,2025-06-13 10:15:35,3,,1378.77,completed,
BK_4160,US_2279,SH_836,2024-10-12 16:27:46,4,,1509.2,completed,
BK_4161,US_2880,SH_1105,2025-03-16 17:26:56,3,,1412.01,completed,
BK_4162,US_5627,SH_5211,2025-05-14 04:32:27,2,,646.4,completed,
BK_4163,US_2835,SH_3102,2025-06-12 03:37:37,1,,0.0,refunded,
BK_4164,US_2992,SH_16,2024-02-18 13:08:13,3,,1084.32,completed,
BK_4166,US_6801,SH_3879,2025-05-13 09:02:16,4,,0.0,refunded,
BK_4167,US_7696,SH_7896,2024-10-24 16:07:57,2,,800.5,completed,
BK_4168,US_7132,SH_4306,2024-04-09 05:58:16,2,,687.92,completed,
BK_4169,US_2762,SH_1666,2024-04-21 20:17:08,1,,166.86,completed,
BK_4170,US_704,SH_2357,2024-08-27 01:51:22,1,,497.64,completed,
BK_4171,US_1609,SH_4644,2024-04-13 23:48:39,1,,317.02,completed,
BK_4172,US_9067,SH_6084,2024-10-31 19:54:40,3,,1356.57,completed,
BK_4173,US_7081,SH_2299,2025-11-29 00:46:15,2,,626.74,completed,
BK_4174,US_54,SH_8952,2025-07-30 10:02:48,1,,0.0,failed,
BK_4175,US_6475,SH_6087,2024-02-05 11:29:46,1,,0.0,failed,
BK_4176,US_8996,SH_1804,2025-11-09 16:41:49,1,,168.84,completed,
BK_4177,US_996,SH_7884,2024-08-25 04:45:13,2,,688.34,completed,
BK_4179,US_4621,SH_5586,2025-12-21 20:57:00,1,,466.72,completed,
BK_4180,US_2973,SH_4715,2024-05-05 10:38:57,2,,0.0,failed,
BK_4181,US_552,SH_317,2024-07-13 02:13:29,3,,1351.8899999999999,completed,
BK_4182,US_3368,SH_886,2024-02-11 00:04:03,4,,1049.64,completed,
BK_4183,US_9226,SH_6383,2024-07-23 00:58:12,2,,439.42,completed,
BK_4184,US_471,SH_8234,2025-08-12 12:23:32,1,,225.01,completed,
BK_4185,US_736,SH_3660,2024-07-15 13:28:08,1,,433.57,completed,
BK_4186,US_2335,SH_899,2025-08-06 18:32:18,2,,399.64,completed,
BK_4187,US_2732,SH_963,2025-03-29 19:55:42,3,,1337.58,completed,
BK_4189,US_1537,SH_5642,2025-06-17 01:07:21,4,,1069.52,completed,
BK_4190,US_285,SH_7236,2025-12-17 06:28:28,2,,946.46,completed,
BK_4191,US_890,SH_9312,2024-09-26 05:29:34,3,,686.16,completed,
BK_4192,US_4478,SH_8483,2025-01-07 20:52:03,4,,908.36,completed,
BK_4193,US_3604,SH_2458,2025-07-19 17:21:33,2,,477.12,completed,
BK_4194,US_3969,SH_596,2025-06-15 06:44:47,1,,452.61,completed,
BK_4195,US_2313,SH_6669,2024-04-12 18:16:43,3,,486.63,completed,
BK_4197,US_1693,SH_8297,2024-03-17 19:48:13,2,,586.64,completed,
BK_4198,US_5457,SH_3613,2025-09-15 20:45:57,4,,1359.4,completed,
BK_4199,US_6948,SH_5442,2025-05-03 08:17:40,4,,1304.44,completed,
BK_4200,US_9829,SH_7327,2025-11-25 23:43:53,4,,1606.68,completed,
BK_4201,US_5331,SH_9054,2024-02-12 09:43:55,1,,188.71,completed,
BK_4202,US_810,SH_7807,2025-10-31 11:46:28,1,,152.19,completed,
BK_4204,US_3808,SH_2766,2025-10-22 20:35:24,4,,1555.44,completed,
BK_4206,US_9094,SH_9742,2025-04-26 00:29:09,4,,1414.32,completed,
BK_4207,US_5102,SH_2164,2025-09-04 16:45:21,3,,902.8499999999999,completed,
BK_4208,US_9133,SH_4761,2025-09-17 12:29:35,2,,855.18,completed,
BK_4209,US_5228,SH_4644,2024-06-14 09:08:33,1,,317.02,completed,
BK_4212,US_2032,SH_3768,2024-11-16 19:13:14,2,,438.8,completed,
BK_4213,US_4022,SH_8645,2024-03-11 05:22:03,3,,545.79,completed,
BK_4214,US_1557,SH_8632,2024-09-28 15:41:31,4,,1610.2,completed,
BK_4216,US_6123,SH_7264,2025-04-21 05:37:06,2,,769.28,completed,
BK_4217,US_7442,SH_3716,2024-04-03 08:04:19,4,,1235.08,completed,
BK_4218,US_5534,SH_913,2024-10-28 09:43:39,1,,492.22,completed,
BK_4219,US_3668,SH_8278,2025-09-17 22:06:25,2,,533.16,completed,
BK_4220,US_2184,SH_6342,2025-04-25 15:02:25,4,,1764.76,completed,
BK_4221,US_5450,SH_9397,2025-07-07 03:44:49,3,,991.14,completed,
BK_4224,US_3911,SH_7522,2024-05-09 10:38:14,1,,372.78,completed,
BK_4225,US_4639,SH_9825,2025-02-17 08:04:07,3,,561.5699999999999,completed,
BK_4226,US_2290,SH_7850,2024-09-21 19:24:18,4,,981.32,completed,
BK_4227,US_2623,SH_3465,2025-08-31 11:07:17,2,,322.66,completed,
BK_4228,US_699,SH_3013,2024-07-14 09:01:54,3,,0.0,failed,
BK_4229,US_8443,SH_9146,2024-10-01 12:20:40,2,,586.02,completed,
BK_4230,US_4093,SH_6720,2024-08-20 18:18:30,4,,1579.36,completed,
BK_4231,US_4219,SH_989,2024-10-30 13:35:41,3,,0.0,refunded,
BK_4232,US_7316,SH_3359,2024-08-16 03:10:57,3,,1488.24,completed,
BK_4233,US_3198,SH_9777,2025-06-19 22:21:33,4,,1539.44,completed,
BK_4234,US_2354,SH_3659,2025-04-05 15:47:16,1,,0.0,failed,
BK_4235,US_4493,SH_5694,2024-01-02 22:45:43,1,,158.89,completed,
BK_4236,US_6594,SH_7566,2025-02-12 21:18:18,3,,0.0,failed,
BK_4238,US_2919,SH_9583,2024-04-13 02:30:41,1,,427.4,completed,
BK_4239,US_2384,SH_6027,2024-09-09 15:29:31,4,,781.4,completed,
BK_4240,US_6842,SH_4119,2024-05-03 14:13:44,1,,0.0,failed,
BK_4241,US_1968,SH_2454,2025-08-25 23:20:20,1,,0.0,refunded,
BK_4242,US_6393,SH_3916,2024-03-12 22:22:35,2,,386.7,completed,
BK_4243,US_1681,SH_6012,2024-05-22 03:35:21,1,,318.94,completed,
BK_4244,US_9108,SH_3976,2025-06-13 09:52:54,4,,0.0,refunded,
BK_4246,US_6782,SH_3571,2024-07-17 16:14:34,2,,831.04,completed,
BK_4247,US_2662,SH_7931,2025-02-21 04:15:33,1,,239.2,completed,
BK_4248,US_2989,SH_8005,2025-12-14 05:05:14,1,,0.0,failed,
BK_4252,US_4929,SH_9122,2025-10-06 07:58:26,4,,892.64,completed,
BK_4253,US_5883,SH_1811,2025-07-20 12:28:47,4,,957.48,completed,
BK_4254,US_347,SH_3603,2025-02-26 04:00:38,2,,762.14,completed,
BK_4256,US_1817,SH_3151,2025-08-08 22:50:26,2,,969.0,completed,
BK_4257,US_4490,SH_5469,2025-09-06 03:44:11,2,,426.06,completed,
BK_4258,US_8912,SH_2231,2024-12-18 23:18:35,2,,314.1,completed,
BK_4261,US_6047,SH_6824,2024-04-16 01:34:17,1,,280.79,completed,
BK_4262,US_1302,SH_4907,2024-03-29 11:09:42,4,,1645.88,completed,
BK_4264,US_7481,SH_7610,2025-10-19 19:18:39,2,,880.24,completed,
BK_4266,US_2045,SH_5551,2025-01-13 20:04:39,3,,616.71,completed,
BK_4267,US_8965,SH_823,2025-07-28 19:36:22,4,,839.2,completed,
BK_4268,US_2282,SH_6550,2024-08-05 07:41:57,1,,200.05,completed,
BK_4269,US_4156,SH_9105,2024-07-19 22:29:28,2,,845.28,completed,
BK_4270,US_4810,SH_3652,2024-09-08 04:19:30,4,,0.0,failed,
BK_4271,US_7922,SH_10,2024-12-17 03:41:27,3,,912.39,completed,
BK_4272,US_548,SH_336,2025-01-26 16:15:10,1,,377.87,completed,
BK_4273,US_1941,SH_281,2024-05-21 22:01:35,2,,782.1,completed,
BK_4274,US_3650,SH_2550,2024-01-18 23:53:55,4,,1452.16,completed,
BK_4275,US_203,SH_2913,2025-08-31 08:04:37,4,,1909.24,completed,
BK_4276,US_6879,SH_4796,2024-12-18 09:22:16,3,,0.0,failed,
BK_4279,US_7188,SH_177,2025-10-19 19:38:49,1,,494.27,completed,
BK_4282,US_7923,SH_5706,2024-08-25 19:45:32,1,,415.06,completed,
BK_4283,US_2183,SH_8760,2025-08-06 09:04:26,4,,0.0,failed,
BK_4284,US_7161,SH_8012,2025-08-18 19:36:32,2,,710.3,completed,
BK_4286,US_3821,SH_6727,2024-09-19 04:45:32,4,,657.52,completed,
BK_4287,US_7891,SH_4953,2024-10-08 18:53:40,4,,1691.28,completed,
BK_4289,US_1131,SH_8641,2025-02-19 03:56:19,1,,365.65,completed,
BK_4290,US_1119,SH_8574,2025-05-13 13:16:49,4,,0.0,failed,
BK_4292,US_1566,SH_4489,2025-03-17 08:27:44,3,,488.37,completed,
BK_4293,US_9373,SH_2027,2025-10-07 18:19:19,1,,226.85,completed,
BK_4294,US_5588,SH_1305,2024-04-26 09:45:04,2,,705.96,completed,
BK_4295,US_5206,SH_6366,2025-04-17 12:29:33,1,,359.46,completed,
BK_4296,US_3162,SH_825,2025-03-11 00:56:22,1,,441.69,completed,
BK_4297,US_7640,SH_5791,2025-05-18 13:50:07,1,,255.7,completed,
BK_4298,US_6610,SH_5746,2024-02-01 06:13:55,2,,426.0,completed,
BK_4299,US_6509,SH_4136,2024-09-15 17:27:54,4,,604.04,completed,
BK_4300,US_8136,SH_203,2025-02-02 09:53:48,4,,1650.44,completed,
BK_4301,US_5454,SH_6972,2025-05-27 22:02:47,1,,278.85,completed,
BK_4302,US_8851,SH_5815,2024-11-17 11:02:26,1,,480.84,completed,
BK_4303,US_8104,SH_2883,2024-06-01 11:23:41,4,,1947.32,completed,
BK_4304,US_7137,SH_9627,2024-07-01 08:44:51,1,,453.94,completed,
BK_4305,US_4772,SH_5062,2024-12-11 06:03:33,4,,895.36,completed,
BK_4306,US_824,SH_4015,2025-06-12 04:51:54,2,,0.0,failed,
BK_4307,US_8599,SH_449,2024-05-07 06:04:15,3,,1364.58,completed,
BK_4308,US_114,SH_4828,2025-04-19 20:56:09,3,,0.0,failed,
BK_4309,US_6965,SH_6677,2024-07-26 00:58:32,3,,497.04,completed,
BK_4310,US_5816,SH_38,2025-11-03 03:29:13,3,,1253.73,completed,
BK_4311,US_9440,SH_3573,2025-04-10 09:12:52,4,,1626.0,completed,
BK_4312,US_6499,SH_8008,2025-09-17 09:27:37,1,,494.77,completed,
BK_4313,US_6722,SH_9771,2025-02-20 02:29:40,1,,468.06,completed,
BK_4314,US_8532,SH_3063,2024-03-25 09:15:25,4,,702.84,completed,
BK_4315,US_8038,SH_6242,2025-08-11 06:50:45,4,,0.0,failed,
BK_4317,US_4120,SH_2732,2025-02-16 04:09:37,2,,324.32,completed,
BK_4318,US_559,SH_9792,2025-04-09 21:39:27,3,,1430.52,completed,
BK_4319,US_5440,SH_6939,2024-04-30 12:59:00,1,,161.04,completed,
BK_4320,US_2473,SH_166,2025-10-01 11:04:21,3,,1498.65,completed,
BK_4321,US_2286,SH_1343,2025-11-16 22:21:32,4,,1106.8,completed,
BK_4322,US_8275,SH_5731,2025-10-30 04:44:24,2,,568.14,completed,
BK_4323,US_6540,SH_547,2024-12-30 22:40:25,2,,378.62,completed,
BK_4324,US_4728,SH_6158,2025-12-20 20:55:54,4,,1116.76,completed,
BK_4326,US_1693,SH_6991,2024-03-01 19:27:11,1,,0.0,failed,
BK_4327,US_4113,SH_5502,2024-10-16 14:12:37,3,,624.66,completed,
BK_4328,US_6422,SH_1472,2024-09-23 10:06:45,4,,616.96,completed,
BK_4329,US_4907,SH_1070,2025-11-05 17:56:57,3,,1071.21,completed,
BK_4330,US_2849,SH_3215,2024-12-15 20:36:00,2,,648.34,completed,
BK_4331,US_2795,SH_9624,2025-02-19 11:22:11,2,,465.7,completed,
BK_4332,US_9628,SH_6974,2025-05-12 07:40:38,4,,727.84,completed,
BK_4333,US_8287,SH_3608,2024-09-27 11:03:25,1,,442.16,completed,
BK_4334,US_288,SH_4637,2025-10-27 04:14:57,3,,1107.51,completed,
BK_4335,US_9943,SH_7830,2025-10-08 15:26:26,2,,462.36,completed,
BK_4336,US_4128,SH_9853,2024-07-18 21:31:07,1,,257.09,completed,
BK_4337,US_4486,SH_4836,2025-10-16 06:06:18,3,,692.67,completed,
BK_4338,US_3876,SH_285,2024-10-11 01:10:46,1,,217.28,completed,
BK_4339,US_59,SH_3295,2025-09-17 15:29:56,4,,1201.32,completed,
BK_4340,US_3252,SH_4470,2024-09-13 23:27:18,4,,0.0,failed,
BK_4341,US_4689,SH_1490,2025-03-21 14:27:06,1,,449.32,completed,
BK_4342,US_1473,SH_5801,2024-09-30 00:59:35,1,,0.0,failed,
BK_4343,US_3565,SH_2433,2025-02-04 05:44:09,3,,0.0,failed,
BK_4344,US_2004,SH_2343,2025-08-06 18:38:14,2,,0.0,refunded,
BK_4347,US_8728,SH_5140,2024-01-04 21:45:06,2,,0.0,failed,
BK_4348,US_7940,SH_8747,2024-10-20 12:40:12,2,,412.8,completed,
BK_4349,US_8911,SH_209,2025-11-27 20:32:32,4,,1375.56,completed,
BK_4350,US_9226,SH_5676,2025-11-23 14:52:45,3,,1085.82,completed,
BK_4351,US_4799,SH_4,2024-04-02 00:19:57,4,,1837.56,completed,
BK_4352,US_5343,SH_2601,2024-03-14 23:43:29,3,,1223.58,completed,
BK_4353,US_3119,SH_7565,2024-01-27 19:10:34,2,,566.78,completed,
BK_4354,US_9686,SH_6957,2024-07-13 04:35:32,2,,0.0,refunded,
BK_4355,US_998,SH_2778,2024-11-11 20:31:13,2,,489.34,completed,
BK_4356,US_2113,SH_5065,2024-02-03 00:36:06,4,,614.96,completed,
BK_4357,US_4740,SH_9833,2025-07-03 00:03:08,3,,1019.73,completed,
BK_4358,US_1044,SH_5313,2024-09-16 03:49:49,2,,907.1,completed,
BK_4359,US_5417,SH_351,2024-05-20 14:17:19,1,,347.05,completed,
BK_4360,US_6978,SH_9488,2024-09-22 06:54:29,1,,308.02,completed,
BK_4361,US_2766,SH_7212,2025-04-12 10:49:21,2,,828.48,completed,
BK_4362,US_523,SH_9108,2024-02-07 20:26:31,4,,0.0,refunded,
BK_4363,US_4448,SH_2499,2025-12-23 06:25:08,4,,640.56,completed,
BK_4364,US_4018,SH_5384,2025-09-18 17:18:08,2,,626.0,completed,
BK_4365,US_6582,SH_8718,2025-10-02 15:08:16,2,,736.66,completed,
BK_4366,US_2679,SH_6404,2025-03-06 17:42:06,4,,0.0,failed,
BK_4367,US_5585,SH_2896,2025-03-21 07:58:04,3,,804.5999999999999,completed,
BK_4368,US_1190,SH_4784,2025-09-29 23:53:43,1,,423.46,completed,
BK_4369,US_5228,SH_879,2024-12-27 12:32:03,2,,592.94,completed,
BK_4370,US_4590,SH_1431,2025-04-07 08:23:50,2,,968.32,completed,
BK_4372,US_740,SH_122,2025-03-15 17:15:08,4,,998.2,completed,
BK_4373,US_9821,SH_2429,2024-12-15 10:35:12,4,,1465.48,completed,
BK_4374,US_2954,SH_160,2025-06-04 18:25:28,1,,481.14,completed,
BK_4376,US_9817,SH_3263,2024-02-10 05:01:20,1,,0.0,refunded,
BK_4377,US_229,SH_3634,2024-06-05 23:31:46,3,,1023.0,completed,
BK_4378,US_2798,SH_5374,2025-07-10 19:18:41,3,,987.51,completed,
BK_4379,US_9340,SH_4006,2025-01-18 16:17:05,2,,522.58,completed,
BK_4380,US_6176,SH_2505,2025-05-04 17:43:55,1,,0.0,failed,
BK_4381,US_6471,SH_9318,2024-10-21 03:25:20,1,,377.46,completed,
BK_4383,US_2502,SH_5542,2024-05-18 15:57:00,2,,439.86,completed,
BK_4384,US_604,SH_856,2024-03-01 00:48:10,4,,1254.96,completed,
BK_4385,US_4469,SH_3083,2024-01-18 17:09:00,2,,324.28,completed,
BK_4386,US_8565,SH_4298,2024-08-10 16:40:33,2,,629.52,completed,
BK_4387,US_4976,SH_4676,2024-10-31 14:07:44,4,,1519.12,completed,
BK_4388,US_3333,SH_3404,2025-03-05 19:01:50,2,,913.94,completed,
BK_4389,US_4544,SH_1542,2024-06-24 13:26:42,4,,0.0,failed,
BK_4390,US_210,SH_8324,2025-08-31 06:05:32,4,,1243.36,completed,
BK_4392,US_2083,SH_5778,2024-09-08 19:05:03,2,,984.68,completed,
BK_4393,US_1708,SH_7024,2025-10-01 01:06:00,1,,253.96,completed,
BK_4394,US_5611,SH_5384,2025-08-18 13:35:44,1,,313.0,completed,
BK_4395,US_1288,SH_8105,2025-12-09 00:20:15,3,,1207.6200000000001,completed,
BK_4396,US_5679,SH_470,2025-03-04 04:00:13,3,,621.6899999999999,completed,
BK_4399,US_1798,SH_4871,2024-03-15 15:37:37,3,,1418.04,completed,
BK_4400,US_6762,SH_9828,2025-06-03 14:55:21,3,,1477.74,completed,
BK_4401,US_8716,SH_5287,2025-12-20 06:22:20,2,,705.4,completed,
BK_4402,US_2999,SH_984,2024-02-27 15:33:25,3,,817.6500000000001,completed,
BK_4403,US_3933,SH_1137,2024-09-30 03:05:26,3,,1136.1299999999999,completed,
BK_4404,US_1448,SH_4438,2024-10-28 17:15:21,4,,701.0,completed,
BK_4406,US_1300,SH_5187,2025-11-09 01:59:28,4,,1391.16,completed,
BK_4407,US_615,SH_9533,2024-09-18 10:44:57,4,,772.36,completed,
BK_4409,US_450,SH_3697,2025-11-03 06:03:53,1,,358.19,completed,
BK_4410,US_1196,SH_9129,2025-11-04 03:17:03,3,,1292.4,completed,
BK_4411,US_8293,SH_3137,2025-06-08 14:25:18,2,,507.28,completed,
BK_4412,US_1235,SH_5923,2024-05-21 16:50:57,1,,420.59,completed,
BK_4413,US_9551,SH_1956,2024-04-10 23:21:39,1,,0.0,failed,
BK_4414,US_5010,SH_3661,2024-01-26 19:13:40,1,,335.45,completed,
BK_4415,US_7971,SH_5396,2025-01-23 03:35:10,1,,164.06,completed,
BK_4416,US_4999,SH_7215,2025-08-11 18:27:11,1,,282.03,completed,
BK_4417,US_6485,SH_7167,2024-12-23 00:32:15,4,,1820.92,completed,
BK_4418,US_7925,SH_813,2025-02-19 18:14:15,4,,1351.0,completed,
BK_4419,US_1732,SH_3302,2024-08-02 07:37:20,4,,0.0,failed,
BK_4420,US_6640,SH_665,2025-02-13 04:26:55,1,,0.0,failed,
BK_4421,US_5400,SH_7369,2024-07-01 00:37:56,1,,450.44,completed,
BK_4424,US_9915,SH_5398,2025-10-11 03:07:29,2,,603.24,completed,
BK_4425,US_8792,SH_3976,2024-06-16 07:45:57,2,,516.1,completed,
BK_4426,US_4314,SH_224,2024-12-22 13:37:49,2,,936.9,completed,
BK_4427,US_5753,SH_3182,2025-07-14 14:28:15,1,,190.7,completed,
BK_4428,US_4052,SH_6081,2025-08-20 13:06:52,1,,0.0,failed,
BK_4429,US_8620,SH_4888,2025-09-16 15:15:16,4,,1153.76,completed,
BK_4430,US_4334,SH_9304,2025-03-08 21:23:06,4,,600.52,completed,
BK_4431,US_574,SH_7529,2025-12-30 20:53:57,1,,221.09,completed,
BK_4433,US_4382,SH_2150,2024-06-22 00:23:22,2,,951.6,completed,
BK_4434,US_3107,SH_768,2024-05-07 04:02:05,3,,565.26,completed,
BK_4436,US_8281,SH_6736,2025-02-21 22:14:31,3,,0.0,failed,
BK_4437,US_663,SH_3508,2024-12-03 04:13:44,2,,0.0,refunded,
BK_4438,US_4628,SH_8284,2025-05-02 04:31:15,1,,241.77,completed,
BK_4439,US_4675,SH_2955,2025-01-02 06:18:17,3,,878.9100000000001,completed,
BK_4440,US_3226,SH_2655,2025-06-15 13:58:40,3,,1192.44,completed,
BK_4441,US_5725,SH_1238,2024-07-28 22:06:30,4,,894.12,completed,
BK_4442,US_8218,SH_73,2024-10-01 18:31:05,2,,658.72,completed,
BK_4443,US_7699,SH_2109,2025-06-25 18:13:21,2,,0.0,failed,
BK_4444,US_3369,SH_8266,2024-10-11 20:54:24,3,,1316.58,completed,
BK_4445,US_4934,SH_6999,2024-07-30 02:04:18,4,,1858.96,completed,
BK_4446,US_5621,SH_5172,2024-01-09 05:01:43,3,,1066.26,completed,
BK_4448,US_8434,SH_9,2024-09-09 11:40:30,3,,0.0,refunded,
BK_4449,US_6788,SH_625,2025-10-05 18:17:04,4,,1814.68,completed,
BK_4450,US_8890,SH_872,2024-06-27 04:21:52,2,,963.4,completed,
BK_4451,US_837,SH_8587,2024-10-10 05:15:07,3,,846.78,completed,
BK_4452,US_7588,SH_5366,2024-12-06 09:18:28,3,,1230.6,completed,
BK_4453,US_9616,SH_373,2024-09-15 03:10:23,2,,0.0,failed,
BK_4454,US_96,SH_6942,2024-01-14 01:52:29,3,,1153.5,completed,
BK_4455,US_1976,SH_9596,2025-06-23 05:37:41,2,,647.68,completed,
BK_4456,US_1765,SH_7212,2024-12-25 17:15:00,2,,828.48,completed,
BK_4457,US_5875,SH_1856,2024-03-04 17:14:21,4,,1512.12,completed,
BK_4458,US_6664,SH_3488,2024-06-03 23:53:03,1,,307.7,completed,
BK_4459,US_533,SH_5005,2024-02-05 11:47:06,4,,0.0,failed,
BK_4460,US_7396,SH_5362,2025-08-11 23:47:10,1,,203.49,completed,
BK_4461,US_9825,SH_3324,2024-09-20 16:42:08,3,,781.02,completed,
BK_4462,US_5120,SH_1659,2024-04-08 22:30:00,4,,0.0,refunded,
BK_4463,US_1969,SH_8625,2024-10-23 01:26:36,3,,0.0,failed,
BK_4465,US_1918,SH_1701,2024-03-29 08:26:35,4,,677.52,completed,
BK_4466,US_9543,SH_9905,2024-12-01 07:06:11,1,,336.78,completed,
BK_4468,US_3971,SH_7637,2024-01-10 18:08:43,3,,895.02,completed,
BK_4469,US_3208,SH_9862,2025-08-10 11:53:04,1,,396.75,completed,
BK_4471,US_5921,SH_4277,2025-09-28 06:30:10,2,,621.44,completed,
BK_4472,US_6033,SH_6723,2024-07-03 00:44:40,2,,373.46,completed,
BK_4473,US_955,SH_2061,2024-09-07 03:51:37,1,,274.7,completed,
BK_4474,US_1467,SH_3877,2024-10-22 02:23:27,1,,483.76,completed,
BK_4475,US_5943,SH_2607,2024-11-12 17:43:58,3,,642.75,completed,
BK_4476,US_2961,SH_841,2025-08-01 18:47:59,4,,1537.52,completed,
BK_4477,US_7194,SH_4598,2025-09-25 23:32:49,3,,1339.98,completed,
BK_4478,US_3085,SH_6152,2024-02-24 16:29:38,4,,1248.8,completed,
BK_4479,US_3139,SH_3364,2024-08-12 04:54:49,2,,869.32,completed,
BK_4480,US_1522,SH_8114,2024-03-25 11:20:58,3,,0.0,refunded,
BK_4482,US_8615,SH_789,2024-03-16 03:23:06,2,,731.02,completed,
BK_4484,US_1630,SH_4583,2024-01-11 11:16:01,2,,653.48,completed,
BK_4485,US_6133,SH_6582,2025-07-22 01:38:36,1,,0.0,failed,
BK_4486,US_5356,SH_2106,2025-08-21 02:08:47,2,,454.82,completed,
BK_4487,US_2760,SH_3108,2024-02-29 06:54:16,4,,1459.28,completed,
BK_4488,US_1383,SH_150,2024-02-13 22:53:36,4,,1605.16,completed,
BK_4490,US_4074,SH_2049,2025-02-20 01:44:42,1,,470.3,completed,
BK_4491,US_3646,SH_2970,2024-03-17 12:21:54,1,,329.98,completed,
BK_4492,US_980,SH_9497,2025-09-17 19:41:12,1,,0.0,refunded,
BK_4494,US_5934,SH_4924,2025-12-04 08:03:54,4,,1020.08,completed,
BK_4495,US_4221,SH_1645,2025-10-28 16:26:16,2,,0.0,failed,
BK_4497,US_7718,SH_6541,2024-12-31 13:49:07,1,,0.0,failed,
BK_4498,US_1317,SH_8390,2025-11-16 09:07:49,3,,915.1500000000001,completed,
BK_4499,US_3310,SH_5298,2025-11-13 07:21:03,1,,327.92,completed,
BK_4500,US_3969,SH_1763,2024-10-18 13:08:58,4,,1638.24,completed,
BK_4501,US_8392,SH_9476,2025-03-16 17:03:54,2,,0.0,failed,
BK_4502,US_6248,SH_4211,2024-12-15 21:02:13,3,,0.0,failed,
BK_4503,US_3663,SH_8135,2025-11-10 07:29:33,2,,991.88,completed,
BK_4504,US_2588,SH_9880,2025-01-16 17:09:33,4,,1616.44,completed,
BK_4505,US_5892,SH_2254,2024-11-10 20:21:47,1,,240.61,completed,
BK_4506,US_4767,SH_341,2024-12-30 17:47:27,2,,669.7,completed,
BK_4507,US_7286,SH_5805,2025-03-06 13:27:06,2,,975.46,completed,
BK_4508,US_6402,SH_7462,2024-04-25 17:42:00,3,,633.48,completed,
BK_4509,US_5639,SH_9894,2024-02-15 13:49:08,4,,1844.36,completed,
BK_4510,US_7347,SH_3484,2024-11-21 06:15:04,2,,616.06,completed,
BK_4511,US_1708,SH_2219,2025-04-08 13:36:07,4,,1862.08,completed,
BK_4512,US_3761,SH_1867,2025-01-07 16:01:24,3,,908.64,completed,
BK_4515,US_8524,SH_6615,2025-01-02 13:10:15,2,,991.74,completed,
BK_4516,US_2565,SH_3150,2025-05-12 19:30:24,3,,1262.8799999999999,completed,
BK_4517,US_2942,SH_1276,2025-09-06 14:54:51,1,,381.96,completed,
BK_4520,US_95,SH_2764,2024-01-16 15:55:40,2,,786.34,completed,
BK_4521,US_5504,SH_6035,2024-03-11 08:58:36,2,,855.44,completed,
BK_4522,US_6680,SH_6973,2025-02-15 06:11:02,3,,1489.1100000000001,completed,
BK_4525,US_855,SH_3114,2025-03-11 15:28:57,2,,662.24,completed,
BK_4527,US_2671,SH_739,2025-04-19 11:55:05,4,,931.24,completed,
BK_4529,US_880,SH_2668,2025-04-10 11:55:52,4,,671.8,completed,
BK_4531,US_6548,SH_8882,2025-09-25 04:35:34,3,,631.08,completed,
BK_4532,US_3980,SH_9805,2025-04-30 20:34:26,4,,0.0,failed,
BK_4534,US_7189,SH_8606,2024-06-04 20:26:31,3,,766.41,completed,
BK_4536,US_5271,SH_8795,2024-06-27 05:11:24,1,,469.68,completed,
BK_4537,US_1745,SH_3601,2024-01-09 09:09:35,3,,1009.3199999999999,completed,
BK_4538,US_9737,SH_900,2025-11-23 10:09:16,3,,745.29,completed,
BK_4539,US_4232,SH_2814,2024-12-09 12:03:55,2,,0.0,failed,
BK_4540,US_7940,SH_365,2024-02-10 06:33:40,3,,1090.32,completed,
BK_4541,US_4943,SH_3472,2025-12-29 17:55:02,3,,605.4300000000001,completed,
BK_4542,US_1253,SH_2590,2024-06-10 18:05:59,3,,939.6299999999999,completed,
BK_4543,US_3925,SH_1300,2025-05-21 16:58:12,4,,967.24,completed,
BK_4546,US_9840,SH_4599,2024-02-06 00:28:05,2,,878.64,completed,
BK_4548,US_3336,SH_489,2025-03-01 15:24:26,1,,425.99,completed,
BK_4549,US_7688,SH_101,2025-03-06 12:49:52,1,,226.24,completed,
BK_4551,US_1820,SH_9432,2025-12-26 18:03:29,3,,1153.41,completed,
BK_4552,US_8283,SH_6660,2024-01-23 12:54:07,2,,908.78,completed,
BK_4553,US_4341,SH_969,2025-03-17 19:00:10,3,,1134.24,completed,
BK_4554,US_3402,SH_1457,2024-12-21 17:38:05,3,,870.33,completed,
BK_4555,US_2247,SH_4884,2024-05-09 21:59:07,1,,162.8,completed,
BK_4556,US_4757,SH_6524,2025-08-29 10:31:03,4,,1705.52,completed,
BK_4557,US_570,SH_9070,2024-10-01 22:28:31,3,,0.0,failed,
BK_4559,US_6417,SH_3711,2025-02-10 06:34:33,3,,1396.32,completed,
BK_4560,US_9209,SH_7742,2024-08-04 21:12:06,2,,317.78,completed,
BK_4561,US_5425,SH_7021,2024-04-10 19:06:55,3,,1397.34,completed,
BK_4562,US_6721,SH_5132,2025-06-02 15:54:12,1,,365.13,completed,
BK_4563,US_7335,SH_4178,2024-07-10 04:08:30,1,,238.89,completed,
BK_4564,US_532,SH_3792,2024-05-04 16:14:48,4,,1421.92,completed,
BK_4565,US_3101,SH_145,2024-08-26 14:35:49,2,,760.1,completed,
BK_4566,US_5682,SH_1614,2024-01-05 12:28:15,2,,606.18,completed,
BK_4567,US_3939,SH_9781,2025-02-05 22:11:16,3,,1419.1200000000001,completed,
BK_4568,US_1542,SH_4890,2024-01-17 05:19:21,3,,489.48,completed,
BK_4569,US_584,SH_788,2025-02-16 01:45:10,1,,318.71,completed,
BK_4570,US_8053,SH_7577,2024-01-27 14:10:27,4,,1792.16,completed,
BK_4571,US_8219,SH_8889,2024-03-14 22:28:45,3,,1392.09,completed,
BK_4572,US_5301,SH_3874,2024-09-04 12:42:19,4,,1244.32,completed,
BK_4573,US_6271,SH_9292,2025-06-07 12:57:17,1,,176.39,completed,
BK_4574,US_8975,SH_6670,2024-02-26 16:44:08,2,,0.0,refunded,
BK_4575,US_8578,SH_9748,2024-10-07 13:22:24,3,,451.43999999999994,completed,
BK_4576,US_4284,SH_5471,2025-01-29 19:28:49,4,,1720.68,completed,
BK_4577,US_9384,SH_526,2024-04-11 04:00:57,1,,354.0,completed,
BK_4578,US_3052,SH_7773,2025-01-15 23:21:17,4,,1705.56,completed,
BK_4579,US_5536,SH_4383,2024-11-15 01:04:35,2,,0.0,failed,
BK_4580,US_8656,SH_2562,2025-03-03 18:12:45,2,,468.26,completed,
BK_4581,US_6764,SH_2541,2024-03-13 20:29:02,2,,976.94,completed,
BK_4582,US_7244,SH_2569,2025-08-22 02:36:01,2,,623.6,completed,
BK_4583,US_6694,SH_3449,2025-06-13 12:49:06,1,,373.21,completed,
BK_4584,US_2799,SH_835,2024-08-25 01:14:38,4,,0.0,failed,
BK_4586,US_862,SH_5742,2024-10-18 03:57:57,2,,361.68,completed,
BK_4587,US_9976,SH_2092,2024-12-24 02:48:06,1,,175.04,completed,
BK_4588,US_1864,SH_8321,2024-04-02 17:33:13,2,,0.0,failed,
BK_4590,US_1391,SH_6395,2024-05-24 04:45:18,1,,244.82,completed,
BK_4592,US_2547,SH_9828,2024-04-27 16:40:40,4,,1970.32,completed,
BK_4593,US_928,SH_9120,2025-12-22 02:51:45,2,,665.52,completed,
BK_4594,US_2931,SH_2710,2024-03-07 14:24:09,3,,542.9399999999999,completed,
BK_4596,US_1413,SH_4187,2025-02-28 18:07:25,1,,0.0,failed,
BK_4597,US_9860,SH_2922,2024-12-26 13:49:34,4,,1882.64,completed,
BK_4599,US_5577,SH_4115,2024-08-26 17:24:33,4,,0.0,refunded,
BK_4600,US_2897,SH_8796,2025-04-05 23:43:52,1,,401.4,completed,
BK_4601,US_3205,SH_6516,2025-05-25 20:31:29,2,,419.32,completed,
BK_4603,US_8531,SH_1608,2025-11-15 20:16:09,1,,317.84,completed,
BK_4604,US_3817,SH_3171,2024-08-20 12:00:54,3,,958.1999999999999,completed,
BK_4605,US_486,SH_4437,2025-04-10 11:53:43,3,,1400.34,completed,
BK_4606,US_4803,SH_922,2024-12-07 19:09:37,4,,1362.56,completed,
BK_4607,US_3755,SH_6815,2024-12-30 00:38:23,1,,406.63,completed,
BK_4608,US_520,SH_2737,2024-07-24 21:48:52,4,,1115.32,completed,
BK_4610,US_2311,SH_5013,2025-01-22 07:58:20,3,,759.78,completed,
BK_4612,US_3831,SH_3364,2024-06-17 07:48:20,4,,0.0,refunded,
BK_4614,US_5719,SH_498,2024-01-12 23:16:26,1,,389.01,completed,
BK_4615,US_3801,SH_8594,2025-04-29 04:05:13,4,,1204.28,completed,
BK_4617,US_7058,SH_7079,2024-04-26 08:11:32,3,,1060.29,completed,
BK_4618,US_7022,SH_4678,2024-07-03 17:06:14,4,,0.0,failed,
BK_4619,US_7419,SH_723,2024-12-18 13:35:32,4,,1436.52,completed,
BK_4620,US_6351,SH_9273,2025-04-07 01:26:20,3,,824.25,completed,
BK_4621,US_6603,SH_1238,2024-12-29 16:39:02,3,,0.0,refunded,
BK_4622,US_100,SH_4235,2024-10-12 10:47:06,2,,448.34,completed,
BK_4624,US_648,SH_9530,2024-10-31 00:36:57,2,,899.66,completed,
BK_4625,US_490,SH_7413,2024-08-02 18:59:56,1,,0.0,refunded,
BK_4626,US_8295,SH_6333,2024-12-01 07:59:35,2,,693.36,completed,
BK_4627,US_7680,SH_7003,2025-06-11 22:50:04,4,,1907.04,completed,
BK_4628,US_7638,SH_9953,2025-07-20 11:24:35,1,,398.97,completed,
BK_4630,US_4041,SH_7529,2025-12-27 04:36:52,1,,221.09,completed,
BK_4631,US_7278,SH_4857,2024-06-13 00:51:01,3,,1151.19,completed,
BK_4632,US_3593,SH_246,2025-04-04 01:05:23,3,,916.1999999999999,completed,
BK_4633,US_418,SH_6223,2025-01-07 13:05:34,4,,0.0,failed,
BK_4634,US_8639,SH_7449,2024-06-19 09:11:01,1,,0.0,failed,
BK_4635,US_7182,SH_9702,2025-01-21 11:51:32,2,,945.04,completed,
BK_4636,US_2917,SH_5133,2024-07-19 14:20:37,3,,807.69,completed,
BK_4637,US_152,SH_8782,2025-01-20 18:58:47,4,,894.84,completed,
BK_4638,US_7802,SH_7985,2024-11-07 03:09:08,3,,927.9300000000001,completed,
BK_4640,US_9646,SH_292,2025-11-27 08:25:24,3,,1032.8700000000001,completed,
BK_4641,US_6282,SH_9719,2025-10-13 02:51:38,4,,1531.4,completed,
BK_4644,US_9774,SH_1263,2024-07-19 09:08:33,4,,1534.32,completed,
BK_4645,US_3101,SH_1733,2025-07-24 17:47:25,4,,1855.64,completed,
BK_4647,US_2684,SH_6011,2024-11-27 14:16:17,3,,1358.07,completed,
BK_4648,US_3428,SH_8658,2024-02-01 14:30:18,1,,210.5,completed,
BK_4649,US_8438,SH_6735,2025-07-31 19:32:04,1,,374.28,completed,
BK_4650,US_3295,SH_2362,2025-12-22 01:33:36,3,,0.0,failed,
BK_4651,US_1290,SH_7946,2025-04-18 16:49:18,3,,1333.8000000000002,completed,
BK_4652,US_6873,SH_4279,2024-04-07 03:54:01,3,,510.03,completed,
BK_4653,US_8082,SH_9206,2025-01-17 05:39:40,3,,573.09,completed,
BK_4654,US_6466,SH_5273,2025-02-16 08:00:00,4,,1054.16,completed,
BK_4655,US_8077,SH_291,2024-10-27 02:26:48,2,,703.22,completed,
BK_4656,US_1425,SH_3658,2024-05-07 21:01:10,2,,343.62,completed,
BK_4657,US_8522,SH_7634,2024-12-26 02:12:00,1,,207.94,completed,
BK_4658,US_9621,SH_9427,2025-06-01 11:46:30,4,,1548.4,completed,
BK_4660,US_1257,SH_7535,2025-05-14 07:49:23,2,,989.24,completed,
BK_4661,US_9203,SH_8233,2024-12-15 13:39:00,3,,1373.85,completed,
BK_4662,US_2177,SH_7301,2025-08-15 08:19:55,4,,953.8,completed,
BK_4663,US_287,SH_5176,2025-04-27 10:01:26,3,,560.3100000000001,completed,
BK_4664,US_6134,SH_2596,2024-06-17 16:57:03,1,,391.77,completed,
BK_4665,US_2294,SH_3852,2024-01-30 01:16:33,1,,374.91,completed,
BK_4666,US_7137,SH_2964,2025-10-12 21:31:06,2,,937.64,completed,
BK_4668,US_3448,SH_3047,2025-03-22 11:07:26,3,,0.0,refunded,
BK_4669,US_8140,SH_6510,2025-12-02 00:02:18,4,,1249.24,completed,
BK_4670,US_7485,SH_920,2024-09-10 04:17:05,2,,0.0,failed,
BK_4671,US_1587,SH_4476,2024-06-16 12:13:43,2,,660.58,completed,
BK_4672,US_1622,SH_4889,2024-01-06 10:21:11,1,,0.0,refunded,
BK_4673,US_4325,SH_9473,2025-09-20 21:35:42,4,,642.0,completed,
BK_4674,US_2853,SH_8554,2024-12-26 18:58:38,3,,1327.98,completed,
BK_4675,US_4146,SH_1190,2025-11-26 17:19:36,2,,514.16,completed,
BK_4677,US_3954,SH_9007,2025-05-19 03:30:02,4,,1251.12,completed,
BK_4678,US_2385,SH_1332,2024-12-01 22:02:25,3,,0.0,failed,
BK_4680,US_3295,SH_3310,2025-12-02 23:41:41,1,,0.0,failed,
BK_4681,US_8140,SH_3113,2025-05-19 07:37:20,3,,1258.8000000000002,completed,
BK_4684,US_5913,SH_2164,2025-07-04 19:47:28,3,,902.8499999999999,completed,
BK_4685,US_5741,SH_7540,2024-09-02 19:29:18,4,,1423.48,completed,
BK_4686,US_1717,SH_8496,2025-05-10 01:57:13,1,,326.03,completed,
BK_4688,US_2173,SH_2481,2024-12-24 10:57:52,4,,1050.12,completed,
BK_4689,US_8033,SH_440,2024-08-14 11:23:11,4,,1814.76,completed,
BK_4690,US_7690,SH_4259,2025-01-19 10:28:17,2,,570.02,completed,
BK_4691,US_4878,SH_1063,2025-09-23 09:26:31,1,,173.43,completed,
BK_4692,US_3399,SH_5748,2025-01-12 22:30:08,4,,678.56,completed,
BK_4693,US_188,SH_8541,2025-11-11 21:48:18,1,,404.79,completed,
BK_4694,US_4058,SH_3538,2024-01-08 09:34:35,4,,1779.88,completed,
BK_4695,US_2034,SH_5654,2025-04-17 23:00:35,1,,403.33,completed,
BK_4697,US_4725,SH_3138,2024-05-19 15:15:12,2,,424.24,completed,
BK_4698,US_7017,SH_8576,2024-10-17 12:33:22,1,,459.65,completed,
BK_4699,US_9303,SH_9613,2024-12-10 21:16:18,1,,438.85,completed,
BK_4700,US_2860,SH_8966,2024-03-16 05:39:13,3,,755.3100000000001,completed,
BK_4702,US_3905,SH_6003,2024-01-27 01:33:49,3,,1226.6100000000001,completed,
BK_4703,US_500,SH_6712,2025-11-22 10:45:47,2,,0.0,failed,
BK_4704,US_4482,SH_4230,2024-02-03 00:14:04,3,,1172.6399999999999,completed,
BK_4705,US_9600,SH_5184,2025-09-01 09:20:34,2,,332.98,completed,
BK_4706,US_8821,SH_7633,2025-11-20 23:20:00,3,,505.02,completed,
BK_4709,US_5105,SH_8474,2024-03-31 15:32:22,2,,914.78,completed,
BK_4710,US_694,SH_8661,2025-03-31 14:51:32,1,,166.14,completed,
BK_4711,US_6736,SH_1943,2025-12-12 18:41:58,4,,1572.92,completed,
BK_4712,US_6114,SH_6409,2025-03-08 18:10:17,4,,670.52,completed,
BK_4715,US_7561,SH_9815,2024-02-16 08:05:09,4,,1498.36,completed,
BK_4717,US_2780,SH_9203,2024-07-05 17:28:31,2,,521.18,completed,
BK_4718,US_5491,SH_8271,2025-09-01 22:33:36,4,,0.0,failed,
BK_4719,US_4840,SH_4376,2024-05-16 15:19:23,1,,375.43,completed,
BK_4720,US_9660,SH_980,2025-10-04 15:08:06,3,,752.8199999999999,completed,
BK_4721,US_747,SH_4429,2025-08-04 04:52:41,2,,997.24,completed,
BK_4722,US_3715,SH_3529,2024-12-29 08:39:34,4,,1258.2,completed,
BK_4724,US_4761,SH_2372,2024-05-27 11:01:55,1,,471.29,completed,
BK_4725,US_7878,SH_5602,2024-02-27 21:58:55,3,,0.0,refunded,
BK_4726,US_564,SH_8586,2024-10-27 03:18:27,1,,408.39,completed,
BK_4727,US_6795,SH_5757,2024-01-17 14:35:27,3,,0.0,failed,
BK_4729,US_8240,SH_859,2024-12-15 04:55:38,1,,0.0,failed,
BK_4730,US_8968,SH_6059,2024-10-08 02:46:39,3,,1177.3799999999999,completed,
BK_4731,US_6333,SH_5446,2025-01-16 03:56:51,4,,1486.88,completed,
BK_4732,US_1971,SH_2624,2025-08-15 02:48:32,3,,964.44,completed,
BK_4734,US_1259,SH_13,2024-06-06 17:28:53,1,,423.47,completed,
BK_4735,US_3018,SH_334,2025-05-14 02:54:41,4,,1633.88,completed,
BK_4737,US_9053,SH_5151,2025-06-22 03:15:45,1,,0.0,failed,
BK_4738,US_9534,SH_2285,2025-01-01 14:27:31,4,,1996.8,completed,
BK_4739,US_2574,SH_9563,2025-11-19 18:17:44,2,,343.78,completed,
BK_4740,US_7111,SH_730,2024-12-01 07:44:30,1,,470.54,completed,
BK_4741,US_5399,SH_3823,2025-06-05 10:50:42,2,,436.96,completed,
BK_4742,US_2958,SH_6812,2024-01-31 15:18:02,4,,0.0,failed,
BK_4744,US_2160,SH_22,2025-03-25 07:33:37,2,,489.42,completed,
BK_4745,US_4525,SH_9393,2025-10-26 01:56:52,1,,307.92,completed,
BK_4746,US_6463,SH_9920,2024-07-17 07:18:04,4,,1402.44,completed,
BK_4747,US_1495,SH_1227,2024-12-03 07:15:35,4,,675.16,completed,
BK_4748,US_984,SH_2239,2024-01-21 03:42:32,2,,384.86,completed,
BK_4749,US_4905,SH_4644,2025-12-26 22:53:30,4,,1268.08,completed,
BK_4752,US_5249,SH_4994,2025-11-28 08:05:46,1,,410.17,completed,
BK_4753,US_9636,SH_2841,2025-11-28 12:14:20,1,,485.58,completed,
BK_4754,US_8294,SH_6588,2025-02-24 09:11:45,1,,154.79,completed,
BK_4755,US_1322,SH_4608,2024-03-07 03:41:05,4,,0.0,failed,
BK_4756,US_5967,SH_4415,2025-01-21 09:32:29,3,,1059.72,completed,
BK_4757,US_2035,SH_6843,2025-04-06 11:15:31,2,,927.44,completed,
BK_4758,US_649,SH_1867,2025-11-11 18:43:56,2,,605.76,completed,
BK_4760,US_5174,SH_7460,2024-01-02 21:17:33,4,,1757.2,completed,
BK_4761,US_5181,SH_1779,2024-06-23 06:47:50,1,,373.66,completed,
BK_4762,US_1103,SH_8779,2025-01-21 05:22:33,2,,812.28,completed,
BK_4764,US_5180,SH_8685,2025-03-11 16:08:27,2,,403.56,completed,
BK_4765,US_887,SH_1569,2024-06-29 15:31:59,4,,1976.56,completed,
BK_4766,US_9449,SH_8883,2024-03-24 09:55:33,4,,1197.68,completed,
BK_4767,US_1485,SH_1228,2024-08-20 07:35:24,4,,1697.72,completed,
BK_4768,US_9868,SH_286,2025-06-15 22:27:11,2,,904.26,completed,
BK_4772,US_4996,SH_7284,2025-08-31 14:33:52,2,,805.26,completed,
BK_4774,US_8219,SH_2767,2025-06-05 01:53:12,1,,471.05,completed,
BK_4775,US_30,SH_2425,2025-05-26 08:03:01,2,,0.0,failed,
BK_4777,US_2048,SH_5155,2025-03-25 07:51:14,4,,1412.56,completed,
BK_4779,US_6959,SH_1977,2024-12-15 05:02:51,4,,931.24,completed,
BK_4780,US_1198,SH_5414,2025-09-25 22:39:49,2,,537.62,completed,
BK_4781,US_850,SH_3364,2024-05-29 13:24:03,3,,1303.98,completed,
BK_4782,US_1936,SH_1525,2024-06-17 20:27:13,2,,519.04,completed,
BK_4784,US_514,SH_3853,2024-12-26 00:22:13,2,,386.98,completed,
BK_4785,US_6689,SH_5313,2025-03-07 05:22:43,1,,0.0,failed,
BK_4786,US_1143,SH_39,2024-06-03 23:34:32,4,,1673.0,completed,
BK_4787,US_5402,SH_261,2025-08-15 20:37:48,3,,1126.59,completed,
BK_4788,US_5434,SH_272,2025-03-29 20:59:48,4,,1698.4,completed,
BK_4789,US_3424,SH_6823,2024-12-26 16:10:49,1,,424.38,completed,
BK_4790,US_4503,SH_4566,2025-10-11 12:47:29,3,,1284.69,completed,
BK_4791,US_9070,SH_5937,2025-01-12 10:39:55,1,,225.73,completed,
BK_4792,US_3847,SH_762,2024-04-02 07:08:56,4,,627.16,completed,
BK_4795,US_3789,SH_5999,2024-05-29 21:58:55,3,,0.0,refunded,
BK_4796,US_260,SH_6746,2024-08-22 18:25:01,1,,477.61,completed,
BK_4797,US_9587,SH_42,2024-09-18 04:36:16,3,,875.58,completed,
BK_4798,US_303,SH_2987,2024-10-29 17:20:30,1,,472.44,completed,
BK_4799,US_2522,SH_1939,2025-05-21 11:14:53,4,,1984.12,completed,
BK_4800,US_6762,SH_4625,2024-01-14 01:31:43,3,,781.26,completed,
BK_4801,US_6258,SH_3537,2024-05-04 02:37:40,2,,303.68,completed,
BK_4802,US_5212,SH_6607,2024-03-11 07:10:43,3,,1141.8600000000001,completed,
BK_4803,US_2187,SH_4422,2025-11-09 08:22:14,1,,486.01,completed,
BK_4804,US_6996,SH_5385,2024-02-26 08:33:47,4,,0.0,failed,
BK_4805,US_5895,SH_6245,2024-02-15 11:18:43,3,,937.71,completed,
BK_4806,US_2863,SH_9149,2025-05-11 02:28:19,2,,409.3,completed,
BK_4808,US_7855,SH_3061,2024-01-28 08:09:39,2,,689.22,completed,
BK_4809,US_5629,SH_380,2025-05-22 02:39:09,2,,502.14,completed,
BK_4810,US_7148,SH_1268,2025-08-25 03:20:20,4,,1176.52,completed,
BK_4811,US_4450,SH_4002,2024-02-03 11:05:18,2,,971.74,completed,
BK_4812,US_2065,SH_2480,2025-03-03 10:10:52,3,,0.0,failed,
BK_4814,US_6317,SH_1013,2025-07-29 05:54:55,1,,430.14,completed,
BK_4815,US_9422,SH_1935,2025-06-04 01:13:42,1,,152.47,completed,
BK_4816,US_3318,SH_2882,2025-01-13 23:03:05,2,,766.66,completed,
BK_4817,US_2770,SH_8453,2025-10-21 00:28:35,4,,1675.84,completed,
BK_4819,US_2345,SH_8765,2025-04-01 11:18:52,4,,1559.8,completed,
BK_4820,US_9391,SH_6591,2024-03-02 12:04:56,3,,660.5699999999999,completed,
BK_4822,US_5430,SH_8248,2024-04-29 21:21:55,3,,1000.71,completed,
BK_4823,US_301,SH_2417,2025-04-21 17:24:10,1,,420.1,completed,
BK_4824,US_8566,SH_6903,2024-01-01 23:49:40,4,,0.0,refunded,
BK_4826,US_2622,SH_6172,2025-10-21 13:29:44,3,,0.0,failed,
BK_4827,US_4542,SH_9987,2025-11-17 14:48:35,2,,679.58,completed,
BK_4829,US_5625,SH_1929,2024-07-16 00:11:29,4,,1259.84,completed,
BK_4830,US_3980,SH_1004,2024-09-27 14:58:20,1,,338.78,completed,
BK_4831,US_6853,SH_4038,2025-09-15 13:53:55,4,,1054.36,completed,
BK_4832,US_6692,SH_3013,2025-02-17 01:03:53,2,,320.82,completed,
BK_4833,US_2178,SH_48,2025-11-05 21:49:32,1,,235.05,completed,
BK_4834,US_7855,SH_384,2024-08-07 05:30:58,2,,704.84,completed,
BK_4835,US_5864,SH_4308,2024-03-05 01:13:04,2,,816.28,completed,
BK_4836,US_7652,SH_9042,2025-03-11 13:28:45,4,,1289.76,completed,
BK_4837,US_5465,SH_624,2025-06-24 14:50:02,2,,0.0,failed,
BK_4838,US_4121,SH_2516,2024-04-29 20:24:04,3,,706.59,completed,
BK_4839,US_8062,SH_8217,2024-03-31 21:20:43,4,,713.28,completed,
BK_4840,US_8522,SH_5773,2025-09-08 03:57:59,4,,637.32,completed,
BK_4841,US_3140,SH_2331,2024-08-09 12:05:22,1,,0.0,failed,
BK_4843,US_3714,SH_8996,2025-04-13 00:33:08,2,,0.0,failed,
BK_4844,US_1951,SH_5946,2025-09-29 15:33:42,2,,358.1,completed,
BK_4845,US_9301,SH_8579,2025-06-22 02:35:42,1,,204.91,completed,
BK_4846,US_3198,SH_8260,2024-03-01 11:23:33,4,,909.6,completed,
BK_4847,US_4163,SH_6562,2024-05-08 21:53:12,1,,229.78,completed,
BK_4848,US_6790,SH_1693,2024-04-02 02:41:48,2,,378.6,completed,
BK_4849,US_9643,SH_7222,2024-10-22 10:41:41,1,,472.82,completed,
BK_4852,US_3901,SH_7147,2025-07-10 03:23:49,2,,709.72,completed,
BK_4853,US_7025,SH_7040,2025-05-14 17:11:42,3,,911.0699999999999,completed,
BK_4855,US_5190,SH_180,2024-06-15 18:05:42,2,,660.04,completed,
BK_4856,US_4170,SH_6486,2024-09-21 09:58:03,2,,0.0,refunded,
BK_4857,US_9088,SH_6807,2025-07-12 19:57:58,2,,304.26,completed,
BK_4858,US_5448,SH_8346,2024-12-23 19:13:38,1,,349.38,completed,
BK_4859,US_4642,SH_8664,2025-08-25 20:00:49,4,,667.64,completed,
BK_4860,US_4475,SH_2641,2024-11-13 20:48:43,1,,479.51,completed,
BK_4861,US_9315,SH_9381,2024-04-17 06:51:06,2,,509.38,completed,
BK_4862,US_898,SH_8114,2024-10-12 08:25:51,2,,768.08,completed,
BK_4865,US_7592,SH_7614,2024-10-27 00:53:09,2,,875.04,completed,
BK_4867,US_7306,SH_4432,2024-04-21 00:43:02,2,,0.0,refunded,
BK_4869,US_2190,SH_7644,2025-03-21 04:10:08,3,,1012.47,completed,
BK_4870,US_598,SH_8966,2025-06-12 01:24:59,1,,251.77,completed,
BK_4871,US_1969,SH_916,2025-02-01 16:36:22,1,,182.96,completed,
BK_4872,US_168,SH_9741,2025-11-28 15:59:32,3,,792.06,completed,
BK_4873,US_9387,SH_9092,2025-10-13 20:08:37,2,,0.0,refunded,
BK_4875,US_4794,SH_8612,2025-02-17 16:34:21,1,,265.98,completed,
BK_4876,US_9211,SH_9632,2024-04-27 12:54:00,4,,0.0,refunded,
BK_4877,US_5287,SH_4567,2024-06-04 22:50:00,4,,1098.08,completed,
BK_4878,US_948,SH_5701,2024-01-23 21:34:05,2,,751.56,completed,
BK_4882,US_6494,SH_668,2024-11-25 14:02:15,4,,1972.08,completed,
BK_4883,US_4632,SH_9265,2025-06-21 10:39:28,1,,308.84,completed,
BK_4884,US_9230,SH_5314,2025-03-20 10:05:49,3,,1028.67,completed,
BK_4885,US_2804,SH_8970,2025-09-22 06:40:16,2,,327.32,completed,
BK_4886,US_5803,SH_370,2025-06-11 10:02:27,4,,866.76,completed,
BK_4887,US_18,SH_8663,2025-05-22 18:35:33,4,,1046.0,completed,
BK_4888,US_9978,SH_2100,2024-02-20 14:13:44,1,,0.0,failed,
BK_4889,US_7845,SH_8080,2025-10-14 00:37:05,3,,991.92,completed,
BK_4890,US_9668,SH_6376,2024-02-04 00:34:15,3,,1020.3000000000001,completed,
BK_4891,US_8752,SH_3837,2024-01-22 17:17:18,4,,652.96,completed,
BK_4892,US_3607,SH_9556,2024-01-22 11:38:29,2,,958.52,completed,
BK_4895,US_2787,SH_3689,2025-04-21 09:06:09,2,,457.82,completed,
BK_4896,US_4882,SH_7672,2024-01-23 02:16:58,4,,0.0,refunded,
BK_4897,US_3374,SH_6808,2025-07-21 14:27:32,1,,317.61,completed,
BK_4898,US_3444,SH_3859,2025-05-04 04:12:50,2,,771.56,completed,
BK_4899,US_8029,SH_2604,2025-04-29 01:29:35,2,,975.66,completed,
BK_4900,US_6086,SH_2482,2024-02-03 02:44:14,4,,1201.52,completed,
BK_4901,US_694,SH_1629,2024-01-15 03:36:29,4,,607.04,completed,
BK_4902,US_6164,SH_4175,2025-11-07 10:39:17,3,,0.0,refunded,
BK_4904,US_4784,SH_6773,2025-12-17 21:42:52,1,,357.3,completed,
BK_4907,US_5727,SH_348,2024-04-04 05:54:27,2,,852.04,completed,
BK_4908,US_7593,SH_8978,2024-04-26 04:19:38,1,,441.5,completed,
BK_4909,US_4611,SH_9201,2025-04-15 07:27:14,2,,789.04,completed,
BK_4910,US_3824,SH_2707,2024-10-05 12:34:28,3,,1135.02,completed,
BK_4911,US_7176,SH_988,2025-10-05 07:53:03,3,,513.09,completed,
BK_4912,US_1891,SH_8605,2025-11-19 20:55:53,4,,1548.88,completed,
BK_4915,US_6542,SH_3751,2025-11-04 18:58:56,3,,1297.92,completed,
BK_4916,US_1090,SH_4689,2024-02-15 17:22:22,2,,763.68,completed,
BK_4917,US_9137,SH_4002,2024-11-07 16:10:07,2,,0.0,failed,
BK_4918,US_6840,SH_6340,2024-02-26 20:58:48,4,,983.72,completed,
BK_4920,US_9575,SH_483,2025-01-19 09:36:24,2,,481.38,completed,
BK_4921,US_2292,SH_7906,2025-04-23 11:02:06,4,,1878.08,completed,
BK_4923,US_448,SH_5757,2024-10-06 14:33:33,3,,957.3000000000001,completed,
BK_4924,US_2310,SH_8589,2025-04-15 02:22:19,4,,827.72,completed,
BK_4925,US_5867,SH_4239,2025-09-11 23:40:09,4,,1662.76,completed,
BK_4927,US_1066,SH_2857,2025-09-07 14:46:06,1,,407.97,completed,
BK_4928,US_2499,SH_3522,2024-03-20 07:01:15,1,,392.41,completed,
BK_4929,US_7873,SH_7439,2025-02-01 06:22:10,3,,1403.76,completed,
BK_4930,US_2754,SH_1368,2025-07-07 08:22:06,1,,346.48,completed,
BK_4931,US_2715,SH_1053,2024-07-18 09:05:37,3,,530.73,completed,
BK_4932,US_9905,SH_2486,2025-06-05 03:09:59,2,,395.52,completed,
BK_4933,US_4851,SH_9128,2024-10-10 17:41:00,3,,1425.06,completed,
BK_4934,US_2612,SH_8175,2025-11-08 05:24:07,2,,348.1,completed,
BK_4935,US_9716,SH_2765,2025-05-08 22:00:58,2,,857.12,completed,
BK_4936,US_950,SH_291,2024-04-17 08:03:15,4,,1406.44,completed,
BK_4937,US_5963,SH_1773,2025-06-25 10:49:56,2,,533.32,completed,
BK_4938,US_4858,SH_6069,2025-03-15 12:38:35,4,,1561.64,completed,
BK_4939,US_2118,SH_5453,2024-03-28 04:51:10,1,,365.04,completed,
BK_4940,US_8602,SH_8404,2025-11-28 22:32:38,4,,610.64,completed,
BK_4941,US_7909,SH_2293,2025-08-07 21:01:05,4,,1813.84,completed,
BK_4943,US_6587,SH_188,2025-04-09 05:32:15,4,,1135.48,completed,
BK_4944,US_914,SH_8956,2025-06-05 03:30:13,3,,989.25,completed,
BK_4946,US_3142,SH_4305,2024-10-01 06:44:57,1,,309.95,completed,
BK_4947,US_7549,SH_9324,2025-08-13 12:31:57,4,,1132.8,completed,
BK_4948,US_923,SH_8211,2025-05-20 20:29:19,2,,0.0,refunded,
BK_4949,US_2625,SH_864,2025-11-13 05:04:08,2,,430.34,completed,
BK_4950,US_5346,SH_925,2025-01-06 22:51:32,4,,1124.72,completed,
BK_4951,US_2799,SH_7465,2024-11-23 20:12:28,4,,0.0,refunded,
BK_4952,US_5984,SH_6837,2025-11-11 19:56:10,4,,926.36,completed,
BK_4953,US_9617,SH_742,2025-07-17 03:24:50,1,,0.0,refunded,
BK_4954,US_1465,SH_755,2025-10-09 07:14:50,2,,470.86,completed,
BK_4955,US_7854,SH_7992,2024-07-20 07:32:38,3,,1478.07,completed,
BK_4956,US_37,SH_9786,2024-08-04 17:52:58,4,,1833.68,completed,
BK_4958,US_9895,SH_50,2025-09-05 08:35:26,3,,1362.27,completed,
BK_4959,US_7289,SH_6962,2024-08-07 14:29:54,2,,332.06,completed,
BK_4960,US_9052,SH_4462,2024-07-01 19:48:01,1,,0.0,refunded,
BK_4961,US_8504,SH_6830,2025-01-25 23:28:11,1,,429.27,completed,
BK_4962,US_2662,SH_41,2025-02-07 15:23:12,4,,0.0,refunded,
BK_4963,US_2767,SH_7593,2025-01-12 02:13:51,2,,398.52,completed,
BK_4964,US_6829,SH_861,2025-09-17 21:30:13,4,,0.0,refunded,
BK_4965,US_5620,SH_7093,2024-03-31 09:15:54,1,,248.58,completed,
BK_4966,US_8110,SH_7328,2024-05-20 13:53:34,2,,487.82,completed,
BK_4967,US_1071,SH_7300,2024-10-21 01:14:47,4,,988.6,completed,
BK_4968,US_3387,SH_7582,2024-07-13 21:33:45,4,,1509.44,completed,
BK_4969,US_4245,SH_91,2024-01-25 18:30:04,2,,440.22,completed,
BK_4970,US_3033,SH_9335,2025-05-29 21:35:14,4,,1513.32,completed,
BK_4971,US_898,SH_7526,2024-11-09 04:37:58,3,,0.0,refunded,
BK_4972,US_7294,SH_4156,2024-04-23 06:45:31,2,,996.6,completed,
BK_4973,US_6863,SH_7600,2024-11-05 14:59:31,3,,1367.6999999999998,completed,
BK_4974,US_7613,SH_2612,2024-12-16 00:27:28,4,,1244.48,completed,
BK_4975,US_9490,SH_6487,2025-07-16 18:13:37,4,,682.28,completed,
BK_4976,US_1435,SH_1252,2025-04-30 08:00:22,2,,879.82,completed,
BK_4977,US_7812,SH_5764,2025-07-01 12:31:44,1,,222.54,completed,
BK_4981,US_7179,SH_1618,2024-10-26 22:14:46,2,,857.8,completed,
BK_4982,US_972,SH_3512,2024-01-08 09:22:44,1,,0.0,failed,
BK_4983,US_8705,SH_2077,2024-02-16 15:26:48,4,,717.56,completed,
BK_4984,US_7697,SH_7215,2024-10-09 01:26:49,3,,846.0899999999999,completed,
BK_4985,US_604,SH_5564,2025-06-19 19:43:18,4,,1525.24,completed,
BK_4988,US_827,SH_1136,2024-08-17 04:45:51,3,,539.58,completed,
BK_4990,US_386,SH_5666,2025-07-08 18:18:06,2,,397.24,completed,
BK_4991,US_9771,SH_986,2025-05-21 11:55:12,4,,692.12,completed,
BK_4993,US_1961,SH_9884,2025-01-03 08:14:07,2,,350.3,completed,
BK_4994,US_3865,SH_579,2025-02-02 22:37:42,3,,873.75,completed,
BK_4995,US_148,SH_2453,2025-10-07 08:28:55,2,,0.0,failed,
BK_4996,US_4487,SH_4207,2024-03-10 15:00:24,2,,993.16,completed,
BK_4998,US_1619,SH_9217,2025-09-29 13:23:21,3,,1011.69,completed,
BK_4999,US_7588,SH_568,2024-03-18 02:15:46,4,,845.12,completed,
BK_5000,US_695,SH_4968,2025-02-21 17:02:38,1,,0.0,failed,
BK_5001,US_3097,SH_3186,2024-06-19 12:18:12,4,,1813.6,completed,
BK_5002,US_9751,SH_3641,2024-04-01 01:22:56,1,,408.58,completed,
BK_5003,US_3253,SH_4588,2025-04-25 01:35:40,2,,748.12,completed,
BK_5006,US_4182,SH_3087,2024-01-29 20:49:05,1,,413.89,completed,
BK_5007,US_2750,SH_4834,2024-11-02 14:35:11,3,,653.73,completed,
BK_5009,US_6411,SH_4534,2025-03-06 14:51:23,2,,659.48,completed,
BK_5010,US_1929,SH_6751,2024-06-17 13:07:02,4,,1724.48,completed,
BK_5011,US_9137,SH_7765,2025-02-22 14:18:29,2,,756.16,completed,
BK_5012,US_5441,SH_2797,2025-03-29 09:24:09,4,,1492.6,completed,
BK_5015,US_6382,SH_3310,2025-03-18 04:51:30,3,,971.61,completed,
BK_5016,US_5832,SH_805,2024-07-06 19:29:12,3,,1125.15,completed,
BK_5018,US_6121,SH_9752,2025-06-26 18:23:21,4,,1756.96,completed,
BK_5019,US_7686,SH_1397,2024-10-24 06:06:08,2,,0.0,refunded,
BK_5020,US_6695,SH_4546,2024-09-17 07:58:12,3,,1464.48,completed,
BK_5021,US_5920,SH_609,2024-04-11 18:57:16,1,,447.48,completed,
BK_5025,US_6685,SH_669,2025-04-15 12:32:04,4,,1083.8,completed,
BK_5026,US_5105,SH_8394,2025-08-31 00:53:25,1,,483.89,completed,
BK_5027,US_4269,SH_4456,2024-12-31 05:33:47,3,,1214.22,completed,
BK_5028,US_351,SH_2244,2024-11-15 05:30:26,3,,1021.53,completed,
BK_5029,US_260,SH_1898,2024-07-17 19:17:13,3,,1447.68,completed,
BK_5030,US_188,SH_1923,2024-11-04 13:36:26,2,,480.62,completed,
BK_5031,US_3450,SH_7312,2025-02-08 21:00:20,1,,0.0,failed,
BK_5032,US_6703,SH_4639,2025-04-20 11:59:19,3,,630.99,completed,
BK_5033,US_44,SH_9337,2024-11-22 18:02:33,3,,567.8100000000001,completed,
BK_5034,US_3413,SH_6203,2025-01-09 19:58:31,4,,1344.84,completed,
BK_5035,US_4817,SH_6759,2024-07-12 01:49:34,1,,289.77,completed,
BK_5036,US_4254,SH_3683,2025-01-11 10:06:41,1,,222.01,completed,
BK_5038,US_1207,SH_1631,2025-08-12 16:01:40,1,,452.58,completed,
BK_5040,US_6411,SH_4945,2025-12-02 08:34:18,3,,894.81,completed,
BK_5041,US_3486,SH_3729,2025-03-08 06:32:07,2,,681.32,completed,
BK_5042,US_7501,SH_8886,2024-06-24 22:57:02,3,,0.0,refunded,
BK_5043,US_5688,SH_3008,2024-12-07 07:32:22,1,,293.01,completed,
BK_5044,US_8740,SH_1621,2025-12-19 16:28:14,3,,535.41,completed,
BK_5045,US_6372,SH_6519,2025-10-25 12:21:57,1,,358.75,completed,
BK_5046,US_7515,SH_6108,2024-11-23 21:55:57,3,,1450.59,completed,
BK_5047,US_3955,SH_6411,2024-01-27 12:36:27,4,,1009.8,completed,
BK_5048,US_5369,SH_763,2024-11-06 00:39:57,1,,0.0,failed,
BK_5049,US_5549,SH_4870,2024-04-03 10:51:55,1,,338.8,completed,
BK_5050,US_8085,SH_4519,2024-09-12 02:08:11,2,,567.76,completed,
BK_5052,US_9767,SH_8553,2025-12-15 06:07:58,4,,1331.44,completed,
BK_5053,US_8248,SH_9138,2025-04-05 01:27:43,3,,1400.52,completed,
BK_5054,US_7211,SH_5660,2024-07-29 10:56:35,1,,0.0,failed,
BK_5055,US_8095,SH_9172,2025-08-14 00:26:15,1,,0.0,failed,
BK_5056,US_4609,SH_3092,2025-07-06 12:23:25,1,,360.11,completed,
BK_5057,US_5841,SH_2856,2024-04-04 05:39:13,3,,675.9300000000001,completed,
BK_5060,US_3175,SH_3249,2024-10-15 18:36:25,1,,199.93,completed,
BK_5061,US_455,SH_4122,2024-06-10 09:20:39,2,,363.6,completed,
BK_5062,US_4071,SH_903,2024-09-15 12:12:32,4,,1684.32,completed,
BK_5063,US_2258,SH_2996,2024-02-02 19:11:35,2,,444.44,completed,
BK_5064,US_4245,SH_955,2024-03-09 05:23:35,3,,852.81,completed,
BK_5065,US_104,SH_7932,2025-11-10 20:45:59,4,,1100.92,completed,
BK_5066,US_5838,SH_281,2024-08-24 15:03:29,1,,391.05,completed,
BK_5067,US_943,SH_2856,2024-10-31 08:51:24,2,,0.0,refunded,
BK_5068,US_3034,SH_3109,2025-10-28 05:29:42,1,,0.0,failed,
BK_5069,US_8614,SH_2695,2025-03-11 05:52:27,4,,1196.72,completed,
BK_5071,US_9133,SH_3072,2025-05-13 15:15:20,4,,1838.36,completed,
BK_5072,US_3925,SH_2032,2025-02-13 17:34:31,1,,476.73,completed,
BK_5073,US_5308,SH_1023,2025-07-10 06:27:47,1,,298.57,completed,
BK_5074,US_7614,SH_3313,2024-03-27 13:21:58,3,,815.46,completed,
BK_5075,US_6839,SH_9985,2025-04-03 11:03:46,3,,1204.71,completed,
BK_5076,US_1175,SH_8522,2024-12-25 05:31:22,3,,1144.1999999999998,completed,
BK_5077,US_5886,SH_8767,2024-10-05 23:20:07,4,,1500.88,completed,
BK_5078,US_6230,SH_6246,2025-08-08 15:35:29,1,,396.09,completed,
BK_5079,US_6262,SH_6855,2025-02-27 20:27:00,3,,1089.42,completed,
BK_5080,US_903,SH_5285,2025-08-05 06:23:42,2,,855.68,completed,
BK_5081,US_8165,SH_6178,2024-06-13 06:55:19,3,,1024.53,completed,
BK_5082,US_7148,SH_3749,2024-02-20 22:24:48,2,,982.88,completed,
BK_5083,US_2982,SH_2796,2025-01-22 13:02:54,3,,1273.02,completed,
BK_5084,US_9821,SH_7483,2025-08-18 15:01:04,2,,493.76,completed,
BK_5085,US_6666,SH_9360,2025-11-25 17:29:57,3,,1315.17,completed,
BK_5087,US_4791,SH_6561,2024-01-17 23:40:24,1,,331.15,completed,
BK_5088,US_4148,SH_7316,2025-01-23 02:21:24,1,,0.0,failed,
BK_5089,US_2438,SH_8031,2024-03-07 20:54:03,3,,0.0,refunded,
BK_5090,US_9710,SH_7987,2024-11-22 05:16:18,1,,432.97,completed,
BK_5091,US_3107,SH_9459,2025-01-30 08:31:38,2,,952.8,completed,
BK_5092,US_3553,SH_949,2025-03-06 00:44:20,3,,483.27,completed,
BK_5093,US_2104,SH_7517,2024-02-07 00:41:47,3,,1201.8899999999999,completed,
BK_5094,US_8691,SH_719,2024-07-10 01:39:50,3,,1049.4,completed,
BK_5095,US_1568,SH_2305,2025-11-30 00:09:54,2,,741.74,completed,
BK_5096,US_7663,SH_5816,2025-01-30 13:28:53,1,,390.51,completed,
BK_5097,US_8310,SH_2935,2025-07-29 13:57:23,4,,1102.96,completed,
BK_5098,US_5771,SH_3027,2024-07-03 21:31:41,1,,370.75,completed,
BK_5099,US_7464,SH_4449,2025-07-14 20:00:20,2,,704.6,completed,
BK_5100,US_2619,SH_7616,2025-08-19 20:43:59,3,,675.1800000000001,completed,
BK_5101,US_9967,SH_7534,2025-08-28 15:32:04,2,,422.2,completed,
BK_5102,US_5193,SH_5516,2024-04-20 04:03:37,2,,700.98,completed,
BK_5103,US_7564,SH_2318,2025-09-11 13:11:41,3,,0.0,refunded,
BK_5104,US_988,SH_6458,2025-08-31 09:47:24,1,,459.22,completed,
BK_5106,US_7928,SH_9492,2025-02-12 18:38:16,1,,484.05,completed,
BK_5107,US_71,SH_6215,2024-04-02 02:30:07,2,,438.0,completed,
BK_5108,US_4853,SH_3742,2024-08-14 02:02:58,4,,1738.12,completed,
BK_5109,US_8597,SH_4615,2024-07-23 07:16:39,1,,0.0,failed,
BK_5110,US_1975,SH_2466,2025-05-28 21:21:06,4,,1972.48,completed,
BK_5111,US_9003,SH_7572,2025-12-08 15:43:25,3,,1111.59,completed,
BK_5112,US_7122,SH_6279,2025-02-10 20:21:45,1,,211.79,completed,
BK_5113,US_4414,SH_5953,2024-03-26 01:10:03,1,,450.24,completed,
BK_5114,US_8077,SH_8918,2024-02-06 05:04:52,3,,773.8199999999999,completed,
BK_5115,US_5879,SH_748,2025-07-02 13:08:08,3,,1239.27,completed,
BK_5116,US_3336,SH_3020,2025-04-19 17:06:52,2,,447.88,completed,
BK_5117,US_2588,SH_3852,2025-12-01 16:25:06,3,,1124.73,completed,
BK_5118,US_1951,SH_3209,2025-04-04 11:51:27,3,,488.88,completed,
BK_5119,US_5841,SH_3542,2024-11-22 14:42:26,1,,378.74,completed,
BK_5121,US_9818,SH_5892,2025-03-09 17:14:49,2,,0.0,refunded,
BK_5122,US_4515,SH_7974,2024-12-12 01:07:07,1,,0.0,refunded,
BK_5123,US_57,SH_6027,2025-02-02 09:27:19,1,,195.35,completed,
BK_5124,US_3039,SH_5914,2025-12-30 21:44:22,3,,1023.78,completed,
BK_5125,US_2087,SH_2791,2024-04-24 22:02:03,3,,518.0999999999999,completed,
BK_5126,US_5404,SH_991,2024-05-02 02:18:40,3,,667.92,completed,
BK_5127,US_7284,SH_3495,2025-05-01 07:56:14,3,,1192.23,completed,
BK_5129,US_2339,SH_3564,2025-02-01 16:40:47,1,,214.88,completed,
BK_5130,US_9264,SH_5884,2024-10-29 18:43:38,4,,0.0,refunded,
BK_5132,US_4317,SH_9582,2025-11-23 06:23:05,1,,0.0,failed,
BK_5133,US_6981,SH_8932,2024-04-10 05:41:54,4,,1311.56,completed,
BK_5134,US_6800,SH_2079,2025-08-18 12:12:57,3,,0.0,refunded,
BK_5136,US_1065,SH_916,2025-11-07 07:22:20,1,,182.96,completed,
BK_5137,US_7250,SH_4320,2024-10-12 00:13:50,4,,950.08,completed,
BK_5139,US_6960,SH_1564,2025-04-04 04:07:18,1,,488.64,completed,
BK_5140,US_1071,SH_688,2025-12-17 09:49:58,3,,926.9100000000001,completed,
BK_5142,US_4486,SH_2766,2024-10-14 06:41:01,1,,0.0,refunded,
BK_5144,US_8056,SH_6619,2024-03-17 01:25:12,2,,604.14,completed,
BK_5145,US_8062,SH_2693,2025-12-07 05:58:29,3,,520.89,completed,
BK_5146,US_744,SH_6715,2025-08-16 17:10:13,2,,649.78,completed,
BK_5147,US_4393,SH_7702,2024-12-03 20:24:21,2,,494.54,completed,
BK_5148,US_3716,SH_636,2024-05-02 22:05:27,4,,949.36,completed,
BK_5149,US_6961,SH_9490,2025-01-08 00:49:29,4,,667.72,completed,
BK_5150,US_2474,SH_8318,2025-12-15 01:39:30,3,,1138.77,completed,
BK_5152,US_5735,SH_3104,2024-03-28 21:53:29,3,,697.11,completed,
BK_5153,US_890,SH_3252,2025-10-18 14:46:06,4,,1134.48,completed,
BK_5154,US_8503,SH_1318,2025-09-01 22:41:59,2,,481.0,completed,
BK_5155,US_9113,SH_3586,2025-11-29 18:06:17,4,,0.0,failed,
BK_5156,US_4307,SH_4967,2024-08-16 12:07:01,1,,237.56,completed,
BK_5157,US_9128,SH_8881,2024-07-22 23:38:54,2,,693.0,completed,
BK_5158,US_6652,SH_7669,2024-06-30 05:57:06,2,,0.0,failed,
BK_5159,US_7182,SH_827,2025-04-22 19:14:36,1,,284.22,completed,
BK_5160,US_9675,SH_9806,2024-03-27 13:59:26,1,,291.32,completed,
BK_5161,US_7417,SH_7127,2025-08-04 09:24:12,4,,679.04,completed,
BK_5162,US_1383,SH_6364,2025-05-08 15:42:46,3,,866.19,completed,
BK_5163,US_4014,SH_2499,2025-10-05 21:03:15,4,,640.56,completed,
BK_5164,US_8773,SH_1325,2024-08-20 04:24:05,2,,760.58,completed,
BK_5165,US_5234,SH_2284,2025-11-08 03:22:57,2,,0.0,refunded,
BK_5166,US_2270,SH_3279,2025-04-20 01:34:45,1,,0.0,refunded,
BK_5167,US_4324,SH_8460,2024-01-23 21:41:05,3,,1068.1200000000001,completed,
BK_5168,US_5823,SH_3087,2024-10-02 19:59:47,3,,1241.67,completed,
BK_5169,US_5494,SH_4024,2024-06-08 01:32:06,4,,1213.28,completed,
BK_5170,US_3501,SH_1068,2025-01-07 01:59:13,3,,933.78,completed,
BK_5171,US_1520,SH_7282,2025-11-16 13:08:37,3,,776.58,completed,
BK_5172,US_1184,SH_2709,2024-05-04 06:49:40,3,,897.5999999999999,completed,
BK_5173,US_1516,SH_5368,2024-07-21 05:23:52,4,,895.4,completed,
BK_5174,US_2656,SH_954,2025-02-08 16:06:02,3,,1260.1200000000001,completed,
BK_5175,US_5648,SH_4918,2025-05-12 04:22:29,1,,158.71,completed,
BK_5176,US_5225,SH_8215,2024-02-03 20:31:32,4,,1527.2,completed,
BK_5177,US_3838,SH_2214,2025-04-27 00:59:01,3,,1122.3000000000002,completed,
BK_5178,US_4700,SH_3255,2025-10-26 00:08:08,4,,1191.0,completed,
BK_5179,US_4311,SH_1578,2025-04-18 23:16:55,4,,1127.08,completed,
BK_5180,US_3296,SH_4726,2024-12-01 02:27:54,4,,0.0,failed,
BK_5182,US_5727,SH_4564,2024-09-19 09:27:40,4,,1497.48,completed,
BK_5183,US_240,SH_1943,2025-02-05 15:45:58,4,,0.0,failed,
BK_5184,US_3148,SH_621,2025-08-27 18:41:21,2,,526.58,completed,
BK_5185,US_6434,SH_4327,2025-09-27 01:07:38,4,,0.0,failed,
BK_5186,US_4299,SH_1473,2025-11-30 13:31:18,1,,398.6,completed,
BK_5187,US_3683,SH_2123,2024-10-02 23:59:29,3,,678.39,completed,
BK_5188,US_3061,SH_460,2025-03-07 03:09:32,1,,423.82,completed,
BK_5189,US_3285,SH_5768,2025-11-22 10:39:01,2,,986.3,completed,
BK_5190,US_2736,SH_6616,2024-05-01 03:21:00,1,,181.51,completed,
BK_5192,US_6117,SH_7938,2025-08-31 07:03:43,4,,1292.28,completed,
BK_5193,US_6551,SH_4066,2025-09-24 04:52:22,4,,1210.28,completed,
BK_5194,US_3120,SH_9667,2024-06-24 11:51:30,3,,1032.6,completed,
BK_5195,US_2138,SH_243,2024-01-25 01:32:37,2,,988.56,completed,
BK_5196,US_6911,SH_7293,2024-05-31 19:28:51,4,,0.0,refunded,
BK_5197,US_5768,SH_882,2024-03-14 00:46:02,3,,793.3799999999999,completed,
BK_5198,US_396,SH_9274,2024-04-01 00:59:37,3,,1436.01,completed,
BK_5199,US_8713,SH_1531,2025-09-21 18:09:58,4,,886.16,completed,
BK_5200,US_3171,SH_3641,2025-06-04 19:30:22,2,,817.16,completed,
BK_5201,US_8229,SH_6656,2024-10-27 08:27:02,4,,944.24,completed,
BK_5202,US_9471,SH_1222,2024-07-17 12:20:31,2,,998.48,completed,
BK_5203,US_3652,SH_1406,2025-11-06 20:28:55,4,,0.0,refunded,
BK_5204,US_7878,SH_3459,2024-09-30 13:57:57,4,,1743.92,completed,
BK_5205,US_1585,SH_2104,2025-01-12 10:28:15,2,,750.52,completed,
BK_5206,US_2326,SH_6256,2024-02-27 05:39:05,4,,1551.92,completed,
BK_5207,US_4312,SH_2054,2024-08-28 18:07:57,4,,1875.76,completed,
BK_5208,US_2934,SH_9517,2024-04-17 01:57:48,4,,1329.56,completed,
BK_5209,US_5504,SH_4806,2025-07-02 03:29:04,4,,1626.04,completed,
BK_5210,US_6163,SH_3332,2024-11-12 06:19:30,1,,452.0,completed,
BK_5211,US_6915,SH_3984,2025-09-14 01:58:14,1,,261.2,completed,
BK_5212,US_9899,SH_4584,2025-02-04 12:09:22,3,,1075.74,completed,
BK_5213,US_5311,SH_6026,2024-12-20 08:40:46,4,,626.28,completed,
BK_5214,US_2135,SH_9858,2025-08-15 15:40:55,3,,1497.33,completed,
BK_5215,US_9897,SH_9502,2025-07-08 13:41:38,3,,1184.19,completed,
BK_5216,US_1900,SH_6539,2024-12-30 11:21:22,4,,1007.76,completed,
BK_5217,US_3142,SH_22,2025-03-07 13:29:06,2,,489.42,completed,
BK_5218,US_9013,SH_3210,2025-09-23 07:08:10,4,,1218.48,completed,
BK_5219,US_4991,SH_6593,2024-09-26 01:30:53,4,,915.4,completed,
BK_5220,US_342,SH_4304,2025-06-28 11:08:55,2,,548.52,completed,
BK_5221,US_6957,SH_4735,2024-09-17 12:13:19,1,,271.82,completed,
BK_5222,US_3857,SH_3327,2024-07-23 19:07:00,2,,376.74,completed,
BK_5223,US_4533,SH_3392,2024-09-28 06:30:33,2,,758.54,completed,
BK_5224,US_7760,SH_9161,2025-07-01 03:48:23,1,,337.96,completed,
BK_5225,US_608,SH_2233,2025-12-26 17:02:28,4,,1209.68,completed,
BK_5226,US_4166,SH_1594,2024-07-14 01:28:51,3,,1177.1399999999999,completed,
BK_5227,US_3706,SH_2233,2024-03-02 02:54:35,3,,907.26,completed,
BK_5228,US_2360,SH_689,2025-06-24 01:50:01,3,,744.99,completed,
BK_5230,US_8278,SH_3795,2024-07-28 06:35:37,3,,459.36,completed,
BK_5232,US_1747,SH_6479,2024-02-14 23:08:12,4,,0.0,refunded,
BK_5233,US_6796,SH_4904,2025-03-04 17:13:00,4,,1111.24,completed,
BK_5234,US_2127,SH_3848,2025-09-25 04:45:38,4,,0.0,refunded,
BK_5235,US_720,SH_8288,2025-12-21 20:15:58,3,,710.88,completed,
BK_5236,US_4566,SH_2973,2025-07-20 05:03:32,3,,715.92,completed,
BK_5237,US_5357,SH_9497,2025-09-30 16:01:47,4,,1324.4,completed,
BK_5238,US_2594,SH_664,2025-06-03 10:58:27,4,,1259.76,completed,
BK_5239,US_9546,SH_9065,2025-06-18 08:27:40,4,,0.0,failed,
BK_5241,US_2926,SH_7200,2024-08-04 02:24:28,2,,424.6,completed,
BK_5242,US_8186,SH_6985,2024-02-28 04:22:44,3,,824.52,completed,
BK_5243,US_2865,SH_3521,2025-06-08 21:14:06,4,,1650.6,completed,
BK_5244,US_2899,SH_5421,2025-10-16 02:01:48,3,,1498.1100000000001,completed,
BK_5245,US_4140,SH_8423,2024-07-25 06:53:03,3,,977.3700000000001,completed,
BK_5247,US_4257,SH_9937,2025-09-06 06:47:33,4,,1561.32,completed,
BK_5248,US_9351,SH_1081,2025-01-14 12:50:43,2,,919.16,completed,
BK_5249,US_6912,SH_799,2025-05-17 20:50:09,4,,1449.76,completed,
BK_5250,US_1779,SH_7673,2025-05-04 00:19:16,4,,1197.92,completed,
BK_5251,US_9232,SH_503,2025-08-10 05:52:37,3,,701.0699999999999,completed,
BK_5252,US_4213,SH_621,2024-05-23 12:14:26,2,,526.58,completed,
BK_5253,US_7166,SH_7574,2024-06-01 05:27:58,3,,0.0,refunded,
BK_5254,US_985,SH_2348,2024-04-19 16:06:52,2,,951.04,completed,
BK_5256,US_909,SH_581,2025-10-11 16:56:32,1,,322.85,completed,
BK_5258,US_3703,SH_7029,2025-03-03 04:17:59,1,,153.06,completed,
BK_5259,US_3323,SH_5221,2025-04-25 00:50:49,3,,951.6299999999999,completed,
BK_5261,US_6028,SH_6713,2024-01-04 11:46:59,1,,359.06,completed,
BK_5262,US_8632,SH_8914,2024-08-15 07:36:52,4,,752.0,completed,
BK_5263,US_1805,SH_9792,2024-11-20 23:02:07,4,,1907.36,completed,
BK_5264,US_9896,SH_7952,2024-01-22 09:33:57,2,,911.5,completed,
BK_5265,US_9303,SH_2130,2025-05-08 22:42:28,2,,763.46,completed,
BK_5266,US_7716,SH_1150,2025-12-03 22:07:09,1,,287.21,completed,
BK_5267,US_4180,SH_1975,2024-07-06 04:59:55,1,,0.0,refunded,
BK_5268,US_1023,SH_1992,2024-11-24 09:49:47,3,,923.46,completed,
BK_5270,US_612,SH_2976,2025-09-01 05:08:04,2,,868.86,completed,
BK_5271,US_3074,SH_6057,2024-08-13 09:31:41,3,,875.67,completed,
BK_5272,US_5973,SH_5168,2025-05-24 12:17:04,1,,325.65,completed,
BK_5273,US_3401,SH_8871,2025-02-25 22:24:02,3,,1247.22,completed,
BK_5274,US_2241,SH_9585,2025-05-12 18:52:18,3,,0.0,refunded,
BK_5275,US_2440,SH_6895,2024-03-29 11:36:48,2,,373.88,completed,
BK_5278,US_2767,SH_487,2025-12-22 10:10:25,2,,871.5,completed,
BK_5279,US_7376,SH_6046,2025-08-16 03:03:58,2,,756.94,completed,
BK_5280,US_7123,SH_9189,2025-12-22 14:31:44,1,,316.33,completed,
BK_5281,US_3349,SH_5295,2024-08-29 07:36:17,3,,717.39,completed,
BK_5283,US_1541,SH_1771,2025-09-05 06:00:31,4,,1768.24,completed,
BK_5284,US_4427,SH_6481,2025-03-01 14:18:42,3,,771.3000000000001,completed,
BK_5285,US_9981,SH_3226,2025-02-12 14:19:30,4,,0.0,refunded,
BK_5286,US_938,SH_1532,2024-05-05 15:15:46,2,,414.72,completed,
BK_5288,US_8009,SH_7456,2024-10-22 03:07:13,4,,1111.0,completed,
BK_5289,US_7327,SH_8466,2025-11-04 04:52:05,3,,1426.17,completed,
BK_5290,US_4805,SH_1269,2025-05-01 06:43:42,2,,667.08,completed,
BK_5291,US_7557,SH_5909,2025-01-26 20:54:31,1,,455.88,completed,
BK_5292,US_3038,SH_7550,2025-09-18 03:06:57,2,,432.12,completed,
BK_5293,US_4247,SH_9,2024-02-12 07:28:04,1,,406.38,completed,
BK_5294,US_2034,SH_3864,2025-03-07 07:51:51,1,,252.78,completed,
BK_5295,US_714,SH_8589,2024-09-10 09:51:33,4,,827.72,completed,
BK_5296,US_4494,SH_4854,2025-01-23 06:28:58,2,,891.22,completed,
BK_5297,US_9614,SH_2149,2025-01-25 00:17:21,3,,1094.1299999999999,completed,
BK_5299,US_7639,SH_3077,2025-07-09 05:08:46,2,,626.62,completed,
BK_5300,US_1701,SH_4918,2025-04-09 20:33:57,2,,317.42,completed,
BK_5301,US_557,SH_5539,2024-03-08 07:16:57,3,,723.51,completed,
BK_5302,US_1921,SH_6797,2025-09-28 03:19:07,2,,0.0,failed,
BK_5303,US_6525,SH_9443,2025-02-17 00:10:01,1,,473.78,completed,
BK_5305,US_206,SH_6780,2024-10-09 22:48:09,3,,960.78,completed,
BK_5306,US_7784,SH_7641,2025-03-24 22:08:12,4,,1412.76,completed,
BK_5307,US_7138,SH_957,2025-06-23 17:33:09,3,,1256.25,completed,
BK_5308,US_1930,SH_3482,2025-02-07 08:41:50,3,,0.0,refunded,
BK_5309,US_448,SH_9572,2025-11-17 10:02:25,1,,364.86,completed,
BK_5310,US_2659,SH_7787,2024-04-16 08:43:43,1,,290.52,completed,
BK_5311,US_1821,SH_303,2024-09-08 16:43:19,4,,0.0,failed,
BK_5313,US_302,SH_5659,2025-07-28 15:39:53,2,,0.0,failed,
BK_5314,US_8503,SH_1859,2025-08-14 09:47:05,3,,1444.8899999999999,completed,
BK_5315,US_8892,SH_768,2024-06-27 06:07:05,3,,565.26,completed,
BK_5316,US_3572,SH_7434,2025-10-07 23:47:58,4,,1189.0,completed,
BK_5317,US_1808,SH_5335,2025-04-24 11:19:54,2,,684.74,completed,
BK_5318,US_676,SH_5021,2025-12-24 10:49:21,4,,1349.12,completed,
BK_5319,US_3459,SH_1405,2025-10-06 13:32:38,1,,440.82,completed,
BK_5320,US_7765,SH_9084,2025-09-05 03:24:57,2,,986.54,completed,
BK_5321,US_3357,SH_529,2024-05-09 05:01:34,1,,215.2,completed,
BK_5324,US_7529,SH_4221,2025-12-01 01:08:36,3,,466.68,completed,
BK_5325,US_348,SH_1276,2024-06-30 14:02:53,1,,381.96,completed,
BK_5326,US_9923,SH_219,2025-05-15 16:45:49,3,,0.0,failed,
BK_5327,US_457,SH_7261,2025-02-13 01:20:41,3,,1070.25,completed,
BK_5328,US_9396,SH_8978,2025-11-27 13:15:15,1,,441.5,completed,
BK_5329,US_4721,SH_6690,2025-07-20 06:50:25,3,,1261.83,completed,
BK_5330,US_6860,SH_1365,2024-04-25 02:59:01,2,,0.0,failed,
BK_5331,US_9782,SH_9984,2025-09-24 00:03:18,1,,305.16,completed,
BK_5332,US_8082,SH_4347,2025-10-18 20:14:23,4,,1456.96,completed,
BK_5333,US_906,SH_258,2025-05-21 10:27:44,1,,328.4,completed,
BK_5334,US_1019,SH_696,2025-08-26 02:14:15,4,,1679.64,completed,
BK_5335,US_9342,SH_9011,2024-12-13 06:29:38,1,,185.55,completed,
BK_5336,US_9823,SH_3313,2025-10-23 10:33:04,2,,543.64,completed,
BK_5337,US_7734,SH_3846,2024-04-12 18:35:01,2,,718.84,completed,
BK_5338,US_9225,SH_3999,2025-03-21 05:39:24,2,,374.98,completed,
BK_5339,US_4136,SH_2666,2024-08-06 10:33:51,1,,338.84,completed,
BK_5340,US_5732,SH_56,2024-08-10 23:29:07,3,,0.0,failed,
BK_5341,US_6962,SH_8006,2025-11-09 00:48:27,3,,1125.54,completed,
BK_5342,US_1450,SH_6969,2025-01-03 03:33:53,2,,630.16,completed,
BK_5343,US_6199,SH_4629,2024-05-22 21:03:50,3,,1245.24,completed,
BK_5344,US_18,SH_2957,2024-03-08 01:38:36,2,,721.86,completed,
BK_5345,US_9694,SH_5381,2024-03-02 05:25:35,2,,315.76,completed,
BK_5346,US_4741,SH_5709,2024-03-24 08:43:34,1,,403.07,completed,
BK_5347,US_2786,SH_427,2025-11-19 17:00:05,4,,1020.84,completed,
BK_5348,US_9541,SH_722,2025-01-01 13:43:33,1,,472.71,completed,
BK_5349,US_3558,SH_1242,2024-07-30 22:16:37,4,,624.12,completed,
BK_5350,US_8308,SH_7596,2024-08-03 18:53:46,2,,666.52,completed,
BK_5351,US_4579,SH_4302,2024-03-26 21:37:15,4,,1986.04,completed,
BK_5353,US_7674,SH_8574,2025-04-24 11:45:26,3,,633.09,completed,
BK_5354,US_8411,SH_1781,2024-01-14 11:42:30,2,,754.48,completed,
BK_5355,US_1857,SH_8451,2024-03-08 16:48:58,1,,287.19,completed,
BK_5357,US_2406,SH_7320,2025-08-02 05:57:13,1,,224.65,completed,
BK_5359,US_3798,SH_8709,2024-08-12 11:33:45,1,,395.53,completed,
BK_5360,US_9313,SH_1512,2025-05-06 23:25:03,1,,241.71,completed,
BK_5361,US_2754,SH_7614,2024-04-07 12:19:22,2,,875.04,completed,
BK_5362,US_5856,SH_6505,2024-09-03 11:23:00,3,,1371.3600000000001,completed,
BK_5364,US_2003,SH_2900,2025-11-20 09:32:41,3,,822.24,completed,
BK_5367,US_1537,SH_4830,2024-10-23 11:12:27,3,,1363.56,completed,
BK_5368,US_391,SH_3050,2024-01-03 13:29:14,1,,363.51,completed,
BK_5369,US_4491,SH_4129,2025-10-08 08:57:54,3,,1413.33,completed,
BK_5371,US_4702,SH_7777,2025-10-25 12:36:42,3,,1060.92,completed,
BK_5372,US_4607,SH_3012,2024-04-08 04:07:12,4,,0.0,refunded,
BK_5374,US_3616,SH_6932,2024-04-10 18:53:55,4,,1696.92,completed,
BK_5375,US_7053,SH_640,2024-02-21 23:23:58,4,,1267.76,completed,
BK_5376,US_7477,SH_5759,2024-03-04 16:33:29,1,,290.58,completed,
BK_5377,US_1988,SH_4992,2024-06-13 06:54:14,1,,233.99,completed,
BK_5379,US_6861,SH_1910,2024-02-20 12:04:09,3,,0.0,failed,
BK_5380,US_8649,SH_3579,2025-02-12 13:56:34,1,,278.76,completed,
BK_5381,US_7371,SH_1828,2024-01-08 00:49:35,3,,1310.3700000000001,completed,
BK_5382,US_2670,SH_7405,2024-09-14 07:53:44,1,,0.0,failed,
BK_5383,US_9499,SH_9122,2025-12-21 09:16:42,3,,0.0,failed,
BK_5384,US_8771,SH_696,2024-09-12 12:50:16,3,,1259.73,completed,
BK_5385,US_6552,SH_7182,2024-12-07 07:19:47,4,,1478.56,completed,
BK_5386,US_6642,SH_4743,2024-04-24 03:59:41,3,,706.77,completed,
BK_5387,US_1529,SH_4536,2024-11-03 07:01:24,2,,702.06,completed,
BK_5388,US_5911,SH_4403,2025-05-29 10:17:04,3,,567.54,completed,
BK_5389,US_4002,SH_5781,2025-02-11 03:52:26,4,,1696.6,completed,
BK_5390,US_4860,SH_1039,2025-04-18 04:25:55,4,,1747.44,completed,
BK_5391,US_5229,SH_1216,2025-01-14 02:46:05,2,,907.06,completed,
BK_5392,US_8252,SH_1974,2024-05-30 19:41:12,1,,0.0,refunded,
BK_5393,US_9899,SH_1217,2024-04-16 09:57:49,1,,251.64,completed,
BK_5394,US_3658,SH_8422,2025-04-19 22:41:55,1,,172.55,completed,
BK_5395,US_8774,SH_4804,2025-01-25 08:53:10,3,,1424.6999999999998,completed,
BK_5396,US_6409,SH_4711,2024-08-23 12:01:07,2,,300.02,completed,
BK_5397,US_345,SH_933,2025-04-15 17:56:16,4,,1637.16,completed,
BK_5398,US_1741,SH_1292,2024-06-25 20:25:47,3,,1263.57,completed,
BK_5399,US_5048,SH_1013,2025-03-26 20:56:17,2,,0.0,failed,
BK_5400,US_3203,SH_9128,2024-09-23 23:01:02,3,,1425.06,completed,
BK_5403,US_164,SH_9095,2024-11-12 03:43:22,1,,340.65,completed,
BK_5404,US_4952,SH_8397,2024-12-29 21:11:01,3,,0.0,refunded,
BK_5406,US_9495,SH_1947,2024-10-08 14:41:53,3,,769.86,completed,
BK_5407,US_1258,SH_5535,2024-06-10 00:02:01,3,,523.3199999999999,completed,
BK_5408,US_1818,SH_2665,2025-03-17 02:25:36,1,,263.55,completed,
BK_5409,US_6779,SH_4286,2025-04-29 16:18:54,2,,412.84,completed,
BK_5410,US_447,SH_2711,2025-06-13 08:03:00,3,,793.0500000000001,completed,
BK_5411,US_8461,SH_8694,2024-06-16 17:46:35,1,,311.48,completed,
BK_5413,US_7049,SH_654,2025-06-24 13:53:30,2,,995.4,completed,
BK_5414,US_5691,SH_5347,2024-04-02 19:03:49,1,,0.0,failed,
BK_5417,US_433,SH_9193,2024-09-14 10:31:39,1,,191.86,completed,
BK_5418,US_4790,SH_9108,2025-10-27 17:19:13,2,,418.64,completed,
BK_5419,US_3901,SH_3148,2024-10-03 00:30:24,1,,273.18,completed,
BK_5420,US_3590,SH_8692,2025-01-19 16:31:25,1,,217.77,completed,
BK_5422,US_349,SH_6151,2025-11-20 03:00:48,3,,540.96,completed,
BK_5423,US_9440,SH_8521,2024-04-18 19:31:21,4,,1590.48,completed,
BK_5425,US_2366,SH_9536,2024-05-03 21:01:44,4,,1789.56,completed,
BK_5426,US_4611,SH_1332,2024-07-31 20:46:54,3,,771.75,completed,
BK_5427,US_2907,SH_9267,2024-05-07 16:33:48,3,,801.72,completed,
BK_5428,US_394,SH_11,2024-07-17 00:53:47,1,,234.85,completed,
BK_5429,US_9063,SH_1313,2024-11-14 12:03:29,2,,0.0,refunded,
BK_5430,US_8561,SH_7501,2024-08-24 08:44:24,1,,483.46,completed,
BK_5431,US_2549,SH_8698,2024-07-22 15:07:01,2,,0.0,failed,
BK_5432,US_8957,SH_1647,2025-06-26 04:44:40,3,,750.45,completed,
BK_5433,US_1476,SH_8948,2024-02-26 19:53:23,1,,489.59,completed,
BK_5435,US_105,SH_8889,2025-12-29 04:20:10,2,,928.06,completed,
BK_5437,US_4157,SH_9492,2024-03-28 01:13:53,3,,1452.15,completed,
BK_5438,US_2354,SH_5365,2025-08-01 11:40:21,4,,1783.52,completed,
BK_5440,US_2977,SH_9285,2024-11-04 20:14:47,1,,357.34,completed,
BK_5441,US_5192,SH_6618,2024-08-17 19:10:37,4,,658.88,completed,
BK_5442,US_9669,SH_3742,2025-09-05 16:03:08,2,,869.06,completed,
BK_5443,US_6870,SH_3934,2024-09-05 10:34:26,3,,634.17,completed,
BK_5444,US_6423,SH_3124,2024-06-17 07:27:41,1,,408.26,completed,
BK_5445,US_9127,SH_2871,2024-12-22 14:35:11,3,,1064.01,completed,
BK_5446,US_7761,SH_9372,2024-05-22 04:26:36,4,,1805.64,completed,
BK_5447,US_6409,SH_3653,2025-01-13 20:33:48,3,,956.1600000000001,completed,
BK_5448,US_4408,SH_6372,2024-04-23 21:59:26,2,,892.36,completed,
BK_5449,US_9656,SH_1059,2025-01-04 04:56:21,1,,0.0,refunded,
BK_5450,US_1839,SH_40,2024-10-08 13:56:39,1,,167.07,completed,
BK_5451,US_1560,SH_3590,2024-05-18 15:52:05,2,,795.48,completed,
BK_5453,US_2944,SH_7744,2024-03-31 14:54:57,1,,462.04,completed,
BK_5454,US_1008,SH_3280,2024-12-13 07:33:14,3,,523.53,completed,
BK_5456,US_2660,SH_6159,2025-04-28 07:50:33,1,,168.12,completed,
BK_5457,US_3481,SH_1341,2024-02-04 23:50:08,4,,1763.68,completed,
BK_5458,US_1284,SH_2792,2025-05-22 16:11:30,3,,910.4100000000001,completed,
BK_5461,US_3356,SH_8050,2024-08-25 02:55:38,2,,740.64,completed,
BK_5462,US_4437,SH_8014,2024-03-20 20:06:43,1,,308.39,completed,
BK_5463,US_5401,SH_7760,2024-07-06 16:09:40,1,,446.91,completed,
BK_5464,US_1188,SH_9963,2025-01-24 06:56:59,1,,382.72,completed,
BK_5465,US_3688,SH_3540,2025-03-16 13:45:52,3,,1369.8899999999999,completed,
BK_5466,US_5540,SH_688,2024-01-04 16:14:52,2,,617.94,completed,
BK_5467,US_855,SH_6980,2024-03-03 00:57:46,1,,496.44,completed,
BK_5469,US_8631,SH_8352,2025-09-14 11:51:37,4,,1504.08,completed,
BK_5470,US_1393,SH_8555,2024-12-02 18:31:24,3,,0.0,failed,
BK_5471,US_7325,SH_5465,2024-09-15 00:23:59,2,,0.0,failed,
BK_5472,US_3279,SH_8096,2024-08-28 00:57:20,4,,1000.88,completed,
BK_5473,US_6355,SH_9840,2025-06-23 09:02:20,1,,374.63,completed,
BK_5474,US_4800,SH_6514,2025-06-10 01:48:48,2,,324.98,completed,
BK_5475,US_6345,SH_5554,2025-11-28 23:47:45,3,,595.83,completed,
BK_5477,US_4405,SH_5916,2025-06-23 00:39:12,4,,1418.08,completed,
BK_5479,US_5462,SH_7206,2024-08-14 23:15:10,1,,355.38,completed,
BK_5480,US_3753,SH_8731,2024-02-16 08:51:56,3,,462.51,completed,
BK_5481,US_8419,SH_9116,2024-02-02 21:43:37,4,,778.0,completed,
BK_5482,US_2135,SH_3593,2025-05-21 22:58:25,4,,1416.64,completed,
BK_5484,US_8293,SH_2872,2024-02-27 19:48:11,1,,362.43,completed,
BK_5485,US_7735,SH_5631,2025-11-22 22:30:37,2,,0.0,failed,
BK_5486,US_6180,SH_3034,2025-03-10 03:31:13,4,,0.0,refunded,
BK_5487,US_9558,SH_6738,2024-07-26 11:32:28,2,,0.0,refunded,
BK_5488,US_1885,SH_5465,2025-09-13 17:57:13,4,,1917.16,completed,
BK_5490,US_9020,SH_4479,2025-04-14 23:41:15,3,,0.0,refunded,
BK_5491,US_6441,SH_2822,2024-07-28 02:37:36,1,,465.85,completed,
BK_5492,US_9088,SH_2682,2024-11-11 05:41:26,1,,0.0,refunded,
BK_5494,US_5718,SH_1063,2024-03-06 04:42:46,4,,693.72,completed,
BK_5496,US_9183,SH_535,2024-02-05 02:31:13,2,,649.72,completed,
BK_5497,US_2334,SH_5648,2024-10-12 10:25:24,3,,481.08000000000004,completed,
BK_5499,US_202,SH_2872,2025-07-31 16:22:12,3,,1087.29,completed,
BK_5500,US_642,SH_5264,2024-08-11 19:44:40,3,,1184.34,completed,
BK_5502,US_6864,SH_4417,2024-06-21 12:46:31,3,,971.8799999999999,completed,
BK_5503,US_1407,SH_9239,2025-12-29 09:06:37,4,,758.88,completed,
BK_5504,US_7517,SH_3718,2025-10-09 03:50:35,1,,0.0,refunded,
BK_5505,US_4250,SH_1129,2025-08-10 15:48:32,2,,912.32,completed,
BK_5506,US_681,SH_1250,2025-02-10 01:13:50,4,,616.6,completed,
BK_5507,US_1094,SH_8356,2024-04-27 17:20:13,2,,632.9,completed,
BK_5508,US_9371,SH_9406,2024-05-26 20:24:33,3,,1314.93,completed,
BK_5509,US_3679,SH_5311,2025-01-18 05:26:42,1,,0.0,refunded,
BK_5510,US_3216,SH_6347,2024-09-12 09:31:10,2,,774.82,completed,
BK_5511,US_278,SH_6469,2024-05-07 03:42:30,4,,1085.44,completed,
BK_5512,US_615,SH_3648,2025-05-12 00:38:24,1,,480.97,completed,
BK_5514,US_8443,SH_4949,2025-05-19 20:31:27,2,,869.98,completed,
BK_5515,US_1954,SH_5771,2024-11-12 09:16:13,3,,953.6999999999999,completed,
BK_5516,US_5736,SH_7262,2025-01-24 21:01:40,2,,904.74,completed,
BK_5518,US_1148,SH_5439,2025-12-02 04:59:46,4,,792.76,completed,
BK_5519,US_966,SH_7753,2024-05-09 16:01:01,3,,715.11,completed,
BK_5520,US_1694,SH_9267,2025-03-10 00:19:52,4,,1068.96,completed,
BK_5521,US_1356,SH_6403,2024-09-14 07:36:48,4,,1215.24,completed,
BK_5522,US_1358,SH_1218,2025-09-23 07:20:46,4,,1412.56,completed,
BK_5523,US_810,SH_2373,2025-12-24 06:49:56,2,,707.2,completed,
BK_5524,US_5945,SH_4881,2024-02-08 18:49:05,1,,0.0,failed,
BK_5525,US_2446,SH_4702,2024-11-07 19:01:26,4,,1251.0,completed,
BK_5526,US_5006,SH_5039,2024-08-16 15:28:19,1,,485.44,completed,
BK_5527,US_1096,SH_249,2024-02-02 17:28:06,3,,1208.22,completed,
BK_5528,US_1776,SH_8882,2024-05-19 20:57:37,1,,210.36,completed,
BK_5529,US_8396,SH_8163,2024-05-26 18:54:47,3,,0.0,refunded,
BK_5530,US_288,SH_2400,2024-05-23 15:48:15,2,,915.78,completed,
BK_5531,US_8612,SH_8184,2025-04-09 09:00:17,3,,1454.82,completed,
BK_5532,US_2395,SH_855,2025-03-26 13:44:20,2,,828.36,completed,
BK_5534,US_6013,SH_3033,2024-09-24 15:06:17,3,,1014.06,completed,
BK_5535,US_3868,SH_5390,2025-07-28 13:35:21,4,,1387.56,completed,
BK_5537,US_8971,SH_8993,2025-04-28 23:00:27,4,,0.0,failed,
BK_5538,US_6179,SH_3852,2025-11-24 01:42:52,4,,1499.64,completed,
BK_5539,US_2881,SH_6659,2025-10-28 05:11:58,2,,725.14,completed,
BK_5540,US_8493,SH_8885,2024-10-02 07:40:25,3,,1176.15,completed,
BK_5541,US_6550,SH_7119,2024-06-06 07:52:18,1,,278.1,completed,
BK_5542,US_1173,SH_8871,2024-09-22 00:25:16,3,,1247.22,completed,
BK_5543,US_6998,SH_6411,2024-06-09 14:10:59,3,,0.0,failed,
BK_5544,US_5682,SH_7734,2024-09-05 18:31:19,4,,0.0,failed,
BK_5545,US_2037,SH_5513,2024-04-06 09:29:37,2,,813.5,completed,
BK_5546,US_7111,SH_7639,2024-05-09 08:55:09,4,,891.72,completed,
BK_5547,US_6352,SH_3020,2024-06-26 11:47:40,1,,223.94,completed,
BK_5548,US_2881,SH_4745,2024-06-05 08:29:07,4,,1011.56,completed,
BK_5549,US_7150,SH_9896,2024-09-26 12:20:31,3,,0.0,refunded,
BK_5551,US_1240,SH_3904,2024-06-15 18:16:04,4,,910.4,completed,
BK_5552,US_1443,SH_8130,2024-09-27 16:48:42,2,,364.48,completed,
BK_5553,US_8182,SH_5473,2024-11-12 08:36:08,1,,385.14,completed,
BK_5555,US_2144,SH_9547,2024-06-01 16:02:03,3,,1084.02,completed,
BK_5556,US_4901,SH_9129,2025-04-29 21:42:44,1,,430.8,completed,
BK_5557,US_1807,SH_804,2024-11-10 06:56:37,4,,0.0,refunded,
BK_5558,US_9578,SH_6247,2024-03-30 05:48:49,1,,218.29,completed,
BK_5559,US_6448,SH_1434,2025-06-06 07:02:25,2,,0.0,failed,
BK_5560,US_7470,SH_3457,2024-07-14 00:13:10,1,,362.27,completed,
BK_5561,US_957,SH_6313,2024-07-09 15:23:04,4,,0.0,failed,
BK_5562,US_3766,SH_4321,2024-12-04 16:16:00,3,,553.4399999999999,completed,
BK_5563,US_3987,SH_7951,2025-11-15 01:26:10,4,,1265.48,completed,
BK_5564,US_461,SH_8123,2025-10-08 02:15:56,4,,0.0,refunded,
BK_5565,US_645,SH_8804,2024-10-08 17:21:14,4,,915.64,completed,
BK_5566,US_2046,SH_7620,2025-08-10 16:45:47,3,,0.0,refunded,
BK_5568,US_7673,SH_2758,2024-01-11 02:56:48,4,,773.84,completed,
BK_5570,US_6976,SH_3948,2024-11-23 08:23:51,4,,1203.96,completed,
BK_5571,US_2414,SH_3352,2024-05-02 04:24:53,1,,326.84,completed,
BK_5572,US_4122,SH_255,2024-06-04 22:44:15,4,,682.88,completed,
BK_5573,US_7621,SH_2579,2025-02-17 07:41:35,2,,986.3,completed,
BK_5574,US_812,SH_4238,2025-05-23 07:01:47,4,,1567.64,completed,
BK_5575,US_2310,SH_1472,2025-05-14 22:08:58,4,,616.96,completed,
BK_5576,US_8013,SH_2104,2024-11-26 00:14:30,3,,0.0,failed,
BK_5577,US_2123,SH_2690,2024-01-13 02:03:06,4,,1127.92,completed,
BK_5578,US_7014,SH_3797,2024-11-08 17:18:35,2,,750.14,completed,
BK_5579,US_6179,SH_3910,2025-11-23 02:12:58,2,,921.32,completed,
BK_5581,US_2882,SH_147,2025-05-02 06:46:12,3,,674.55,completed,
BK_5582,US_1115,SH_5309,2024-11-08 17:56:37,1,,410.13,completed,
BK_5583,US_9668,SH_2042,2024-04-24 18:53:50,1,,300.75,completed,
BK_5584,US_6864,SH_9235,2024-09-17 04:02:30,1,,368.2,completed,
BK_5585,US_4915,SH_4784,2025-12-22 19:16:53,3,,1270.3799999999999,completed,
BK_5586,US_8597,SH_2564,2025-08-06 14:53:12,1,,485.04,completed,
BK_5587,US_1118,SH_4264,2024-01-08 02:44:57,2,,927.62,completed,
BK_5588,US_408,SH_9688,2025-08-26 03:32:03,1,,366.78,completed,
BK_5589,US_2875,SH_8615,2025-09-30 10:48:36,4,,1348.68,completed,
BK_5590,US_3864,SH_2837,2025-11-10 08:37:52,4,,0.0,refunded,
BK_5591,US_4759,SH_6006,2024-10-18 08:05:00,2,,920.46,completed,
BK_5592,US_9835,SH_5281,2025-09-18 06:47:01,4,,742.48,completed,
BK_5594,US_567,SH_9594,2025-09-08 05:54:35,3,,0.0,failed,
BK_5595,US_8210,SH_798,2025-02-05 17:12:45,3,,0.0,refunded,
BK_5596,US_9844,SH_9624,2024-01-26 07:27:33,4,,931.4,completed,
BK_5597,US_7415,SH_8192,2025-01-13 18:04:22,3,,710.91,completed,
BK_5598,US_2510,SH_4885,2025-12-18 21:51:33,2,,479.7,completed,
BK_5599,US_1404,SH_8542,2025-02-10 11:03:41,1,,493.67,completed,
BK_5600,US_9968,SH_6278,2024-07-15 05:01:51,2,,427.36,completed,
BK_5601,US_9496,SH_8201,2025-10-04 14:07:44,4,,1214.24,completed,
BK_5602,US_5516,SH_4613,2025-01-25 03:19:13,3,,1374.1200000000001,completed,
BK_5603,US_7282,SH_5644,2024-12-02 00:45:33,1,,197.59,completed,
BK_5604,US_1132,SH_2616,2025-04-07 07:20:06,1,,338.78,completed,
BK_5605,US_3543,SH_1313,2025-08-06 21:18:19,2,,425.58,completed,
BK_5606,US_6197,SH_2544,2024-01-02 06:35:20,2,,697.78,completed,
BK_5607,US_4610,SH_4390,2025-11-20 22:25:50,4,,0.0,refunded,
BK_5609,US_6911,SH_3373,2025-02-21 01:59:09,4,,1064.76,completed,
BK_5610,US_5243,SH_1093,2025-12-12 00:41:04,3,,1232.94,completed,
BK_5611,US_5813,SH_8500,2025-06-17 15:40:38,4,,1963.72,completed,
BK_5612,US_5501,SH_8831,2025-08-25 10:13:50,3,,1497.81,completed,
BK_5613,US_1931,SH_837,2025-06-04 15:39:09,2,,374.72,completed,
BK_5614,US_6468,SH_3787,2025-05-05 06:06:48,3,,861.5999999999999,completed,
BK_5615,US_4436,SH_27,2024-06-03 12:28:04,4,,0.0,failed,
BK_5616,US_7582,SH_24,2025-04-30 11:59:55,3,,1414.77,completed,
BK_5617,US_6312,SH_9316,2024-07-22 23:13:22,2,,344.66,completed,
BK_5618,US_7862,SH_398,2025-02-06 12:26:32,4,,0.0,failed,
BK_5620,US_9432,SH_5385,2025-10-08 17:07:40,3,,842.52,completed,
BK_5621,US_306,SH_1066,2025-06-25 11:22:21,1,,155.85,completed,
BK_5622,US_7492,SH_1660,2025-07-08 21:02:35,1,,334.39,completed,
BK_5624,US_9075,SH_2601,2025-02-02 09:27:18,2,,0.0,failed,
BK_5625,US_1560,SH_6135,2025-01-30 22:38:51,3,,820.6200000000001,completed,
BK_5626,US_7198,SH_8780,2024-06-22 19:47:01,4,,1695.4,completed,
BK_5627,US_6622,SH_3274,2025-02-11 04:32:44,3,,0.0,failed,
BK_5628,US_1819,SH_9967,2024-06-03 12:52:54,3,,0.0,failed,
BK_5629,US_7418,SH_6147,2024-03-12 16:01:58,1,,227.09,completed,
BK_5630,US_9644,SH_3132,2024-02-12 01:23:45,3,,1014.9300000000001,completed,
BK_5631,US_3364,SH_7338,2025-12-28 10:30:17,2,,984.22,completed,
BK_5632,US_8380,SH_7108,2025-02-26 21:37:42,4,,1296.76,completed,
BK_5635,US_6657,SH_3906,2025-04-14 23:57:07,1,,0.0,failed,
BK_5636,US_2949,SH_2155,2025-03-31 23:22:27,4,,1413.8,completed,
BK_5637,US_278,SH_2025,2025-10-17 01:17:11,3,,1426.1399999999999,completed,
BK_5638,US_2166,SH_5209,2025-12-19 14:52:14,3,,783.75,completed,
BK_5639,US_7098,SH_5654,2024-08-21 14:10:36,4,,1613.32,completed,
BK_5640,US_7940,SH_1492,2025-06-24 11:15:06,2,,416.2,completed,
BK_5642,US_4897,SH_9276,2024-12-22 08:40:00,3,,550.5600000000001,completed,
BK_5643,US_1358,SH_1290,2025-05-29 08:27:35,3,,741.33,completed,
BK_5644,US_1136,SH_5825,2025-07-22 13:15:46,4,,748.88,completed,
BK_5645,US_2944,SH_4872,2024-08-19 00:11:46,4,,0.0,refunded,
BK_5647,US_7669,SH_1931,2025-07-07 23:03:48,1,,479.72,completed,
BK_5648,US_4350,SH_3788,2024-11-27 00:58:16,3,,536.73,completed,
BK_5649,US_6694,SH_1947,2024-02-26 20:26:48,1,,256.62,completed,
BK_5650,US_6337,SH_1391,2024-05-05 03:30:00,2,,879.96,completed,
BK_5651,US_7660,SH_2054,2024-02-25 18:40:42,3,,1406.82,completed,
BK_5652,US_8295,SH_689,2024-12-09 22:03:37,4,,0.0,failed,
BK_5653,US_9033,SH_1977,2024-06-20 06:55:33,4,,931.24,completed,
BK_5654,US_486,SH_9364,2025-12-11 03:08:18,4,,938.28,completed,
BK_5655,US_2248,SH_7792,2024-04-04 11:22:14,1,,488.0,completed,
BK_5656,US_5005,SH_4437,2025-02-02 08:25:19,1,,466.78,completed,
BK_5658,US_2040,SH_3205,2025-09-16 15:44:18,4,,1959.56,completed,
BK_5660,US_5436,SH_4881,2024-07-04 13:22:22,1,,436.53,completed,
BK_5661,US_16,SH_1486,2024-09-29 05:59:37,2,,313.92,completed,
BK_5662,US_4812,SH_8040,2024-11-12 02:05:28,2,,0.0,failed,
BK_5663,US_6125,SH_6571,2024-08-07 05:59:10,4,,1846.64,completed,
BK_5664,US_8185,SH_6501,2024-02-12 07:28:00,4,,979.36,completed,
BK_5665,US_9201,SH_6180,2025-12-29 18:34:32,3,,819.06,completed,
BK_5666,US_3853,SH_9305,2025-10-11 02:38:23,4,,934.96,completed,
BK_5667,US_2473,SH_8270,2024-11-07 23:54:09,1,,262.43,completed,
BK_5668,US_5669,SH_5217,2024-02-05 01:49:56,3,,1170.33,completed,
BK_5669,US_9414,SH_7380,2025-11-15 20:43:44,4,,951.32,completed,
BK_5670,US_6118,SH_9833,2025-04-14 19:50:32,1,,339.91,completed,
BK_5672,US_294,SH_4255,2025-04-28 05:27:44,3,,957.27,completed,
BK_5673,US_4040,SH_8153,2025-07-31 14:31:39,3,,1223.25,completed,
BK_5675,US_4130,SH_895,2024-09-16 07:25:42,4,,1639.16,completed,
BK_5676,US_3016,SH_8096,2025-01-13 23:34:02,1,,250.22,completed,
BK_5677,US_9066,SH_9015,2024-09-18 17:49:08,1,,320.21,completed,
BK_5678,US_7136,SH_850,2024-11-14 09:19:33,4,,0.0,failed,
BK_5679,US_7706,SH_3690,2025-02-28 04:58:04,3,,1106.46,completed,
BK_5680,US_2549,SH_9354,2025-05-18 05:58:39,4,,716.36,completed,
BK_5682,US_1699,SH_9556,2025-11-09 22:49:15,3,,1437.78,completed,
BK_5683,US_3647,SH_4222,2025-09-13 07:40:45,3,,862.89,completed,
BK_5684,US_9405,SH_336,2025-11-27 04:20:08,4,,1511.48,completed,
BK_5686,US_957,SH_1361,2024-08-04 12:34:33,3,,471.33000000000004,completed,
BK_5687,US_1528,SH_9977,2025-01-29 07:55:20,4,,1520.68,completed,
BK_5688,US_1214,SH_6200,2024-10-17 19:07:45,1,,219.83,completed,
BK_5689,US_8286,SH_1010,2025-01-11 07:57:48,1,,0.0,failed,
BK_5690,US_7138,SH_647,2024-05-31 20:07:11,1,,167.5,completed,
BK_5692,US_7923,SH_3389,2024-03-07 05:11:33,2,,882.42,completed,
BK_5693,US_7239,SH_3144,2024-02-23 23:13:52,3,,986.8799999999999,completed,
BK_5694,US_9614,SH_7406,2024-12-17 18:56:27,4,,1909.88,completed,
BK_5695,US_7648,SH_3022,2024-01-15 18:34:26,3,,0.0,failed,
BK_5697,US_7002,SH_7196,2025-07-27 12:33:44,4,,1322.88,completed,
BK_5698,US_1670,SH_5233,2024-04-26 23:43:23,2,,766.5,completed,
BK_5699,US_522,SH_5528,2025-03-28 13:11:10,2,,409.84,completed,
BK_5700,US_3989,SH_5866,2025-12-07 08:30:48,1,,455.72,completed,
BK_5702,US_5203,SH_9972,2024-11-08 00:44:05,2,,840.9,completed,
BK_5703,US_2367,SH_9620,2025-02-07 05:05:52,4,,0.0,failed,
BK_5705,US_7024,SH_9270,2024-05-20 07:37:07,4,,0.0,refunded,
BK_5707,US_1012,SH_9428,2024-01-23 22:21:56,4,,0.0,refunded,
BK_5708,US_1843,SH_8506,2024-10-14 04:24:45,1,,185.84,completed,
BK_5709,US_9336,SH_7652,2025-05-02 15:06:11,3,,1188.6,completed,
BK_5710,US_9259,SH_9311,2025-02-11 18:01:11,3,,1060.74,completed,
BK_5711,US_8741,SH_97,2025-08-07 14:02:33,3,,1468.83,completed,
BK_5712,US_5675,SH_2535,2024-07-25 00:59:47,4,,0.0,failed,
BK_5713,US_8019,SH_6309,2024-10-18 04:59:51,4,,1879.28,completed,
BK_5714,US_7168,SH_1057,2025-03-29 14:22:07,2,,733.94,completed,
BK_5715,US_3508,SH_1245,2024-02-20 17:00:44,2,,485.12,completed,
BK_5716,US_1679,SH_5580,2024-01-27 20:11:13,4,,1676.36,completed,
BK_5717,US_7030,SH_1650,2025-04-27 22:40:41,1,,189.98,completed,
BK_5718,US_432,SH_7205,2025-06-26 16:41:43,1,,239.19,completed,
BK_5719,US_3126,SH_8784,2024-09-23 15:03:01,3,,942.78,completed,
BK_5721,US_4229,SH_3829,2025-05-30 01:09:20,1,,418.78,completed,
BK_5722,US_3043,SH_8197,2024-02-29 08:19:41,2,,905.38,completed,
BK_5723,US_4009,SH_8897,2025-09-29 20:06:00,4,,673.52,completed,
BK_5725,US_2669,SH_4393,2024-03-09 04:46:33,3,,1008.96,completed,
BK_5727,US_2830,SH_7506,2024-02-25 19:10:43,1,,388.84,completed,
BK_5728,US_9639,SH_2100,2024-04-01 00:45:16,3,,604.17,completed,
BK_5730,US_1678,SH_9442,2024-03-11 22:32:28,2,,0.0,failed,
BK_5731,US_9361,SH_1726,2024-07-07 13:18:41,3,,1480.5,completed,
BK_5732,US_5655,SH_9678,2024-08-01 11:18:34,2,,0.0,failed,
BK_5733,US_2801,SH_5599,2025-07-30 05:59:29,1,,162.57,completed,
BK_5735,US_2002,SH_1668,2025-05-04 04:41:23,2,,983.28,completed,
BK_5737,US_7673,SH_5599,2025-10-23 18:03:21,1,,162.57,completed,
BK_5738,US_7590,SH_2176,2025-01-20 11:49:40,4,,1568.44,completed,
BK_5739,US_2170,SH_7911,2024-04-28 11:08:20,3,,0.0,refunded,
BK_5740,US_922,SH_8351,2024-04-25 12:46:34,4,,948.96,completed,
BK_5741,US_4301,SH_1076,2024-05-20 20:05:05,4,,1824.08,completed,
BK_5742,US_1776,SH_3496,2024-06-30 09:02:31,3,,537.21,completed,
BK_5743,US_8156,SH_5456,2024-09-08 01:25:25,2,,853.56,completed,
BK_5744,US_3423,SH_8047,2025-10-14 15:15:40,3,,859.02,completed,
BK_5745,US_1174,SH_4747,2024-12-28 08:57:54,1,,162.12,completed,
BK_5746,US_5925,SH_3744,2024-08-08 13:03:48,1,,385.23,completed,
BK_5747,US_4094,SH_1161,2024-12-22 11:14:08,4,,1506.72,completed,
BK_5748,US_1643,SH_8674,2024-04-11 05:46:01,1,,352.6,completed,
BK_5749,US_2023,SH_4715,2025-05-19 19:40:09,4,,1130.68,completed,
BK_5750,US_2985,SH_6631,2025-01-13 09:14:03,3,,528.99,completed,
BK_5751,US_7437,SH_134,2025-11-15 19:05:17,2,,502.16,completed,
BK_5755,US_3833,SH_319,2024-11-08 03:12:47,3,,696.48,completed,
BK_5756,US_8515,SH_6954,2024-09-28 23:03:56,4,,1572.08,completed,
BK_5757,US_3577,SH_7821,2024-04-11 20:09:47,4,,1584.64,completed,
BK_5758,US_7931,SH_8999,2024-05-29 02:59:18,1,,349.53,completed,
BK_5760,US_684,SH_1170,2024-07-24 14:33:24,1,,441.72,completed,
BK_5761,US_6076,SH_2604,2024-10-17 23:01:45,3,,1463.49,completed,
BK_5764,US_2560,SH_7260,2024-10-14 17:54:05,4,,1867.12,completed,
BK_5765,US_5225,SH_9530,2025-06-11 17:43:09,4,,1799.32,completed,
BK_5766,US_9298,SH_1901,2024-11-15 10:45:30,4,,1021.56,completed,
BK_5767,US_395,SH_2599,2025-10-19 17:28:17,2,,511.22,completed,
BK_5768,US_631,SH_851,2024-06-12 01:52:21,3,,1261.32,completed,
BK_5770,US_9424,SH_9327,2024-08-20 15:33:34,2,,676.8,completed,
BK_5771,US_274,SH_8530,2024-01-17 20:16:21,1,,165.86,completed,
BK_5772,US_3779,SH_4053,2024-10-03 15:31:31,4,,883.64,completed,
BK_5773,US_9953,SH_6119,2025-01-05 22:51:51,3,,569.55,completed,
BK_5774,US_2532,SH_1075,2025-07-15 11:17:55,1,,280.22,completed,
BK_5776,US_3098,SH_5016,2024-09-02 15:11:50,3,,1316.3700000000001,completed,
BK_5777,US_502,SH_7796,2025-06-30 22:11:15,3,,0.0,failed,
BK_5778,US_5723,SH_7172,2024-09-27 22:10:57,3,,1451.6100000000001,completed,
BK_5779,US_2066,SH_3131,2025-08-14 13:34:18,3,,1337.73,completed,
BK_5780,US_515,SH_1217,2025-11-11 17:52:51,1,,251.64,completed,
BK_5781,US_2325,SH_6467,2024-11-21 00:14:34,1,,0.0,failed,
BK_5782,US_3516,SH_6119,2025-05-01 22:49:07,2,,0.0,refunded,
BK_5783,US_2974,SH_1419,2025-06-12 06:47:07,3,,1148.6999999999998,completed,
BK_5784,US_950,SH_6500,2025-04-02 02:59:14,1,,475.76,completed,
BK_5786,US_1490,SH_962,2024-07-31 00:42:15,2,,671.1,completed,
BK_5787,US_9194,SH_2587,2025-04-01 22:50:21,1,,237.01,completed,
BK_5788,US_4276,SH_3634,2025-03-10 20:11:47,1,,341.0,completed,
BK_5790,US_8884,SH_9156,2025-09-22 21:30:44,3,,1077.9,completed,
BK_5792,US_8448,SH_793,2025-06-16 04:44:38,3,,558.51,completed,
BK_5793,US_1687,SH_3478,2025-06-08 13:28:35,2,,355.56,completed,
BK_5794,US_3420,SH_9287,2024-04-12 16:59:27,4,,1669.8,completed,
BK_5795,US_9728,SH_4604,2024-04-26 16:18:13,2,,496.78,completed,
BK_5796,US_9290,SH_5673,2024-01-01 22:07:32,2,,459.54,completed,
BK_5797,US_4595,SH_7121,2025-01-09 03:37:49,3,,733.5600000000001,completed,
BK_5798,US_6598,SH_2669,2024-03-25 14:07:25,3,,1459.17,completed,
BK_5799,US_8677,SH_4564,2024-10-25 13:42:32,3,,0.0,failed,
BK_5801,US_8195,SH_5269,2024-06-12 22:09:11,2,,679.74,completed,
BK_5802,US_9096,SH_6363,2024-02-23 01:11:33,3,,1147.74,completed,
BK_5804,US_818,SH_418,2024-03-31 18:33:51,3,,1266.75,completed,
BK_5805,US_9076,SH_1896,2025-03-09 21:05:51,2,,345.74,completed,
BK_5806,US_2772,SH_6201,2025-06-24 02:22:37,2,,593.26,completed,
BK_5808,US_5021,SH_252,2024-06-22 04:07:49,2,,523.76,completed,
BK_5810,US_6876,SH_5680,2024-09-02 21:08:01,4,,1510.32,completed,
BK_5811,US_900,SH_7194,2024-12-27 17:58:39,1,,422.47,completed,
BK_5813,US_1997,SH_8963,2024-09-08 01:54:48,3,,1140.99,completed,
BK_5815,US_5190,SH_6547,2025-05-04 08:17:54,1,,0.0,failed,
BK_5816,US_5570,SH_4217,2025-04-06 10:15:25,3,,944.0999999999999,completed,
BK_5817,US_4772,SH_2165,2024-06-10 01:23:47,2,,444.12,completed,
BK_5818,US_7977,SH_4823,2024-11-29 09:46:00,2,,712.06,completed,
BK_5819,US_6471,SH_4154,2024-04-20 21:03:42,2,,697.82,completed,
BK_5820,US_115,SH_9199,2024-07-06 02:02:28,2,,331.2,completed,
BK_5823,US_6696,SH_4131,2025-08-10 02:04:50,2,,390.62,completed,
BK_5824,US_640,SH_2496,2024-08-13 20:44:04,2,,561.1,completed,
BK_5825,US_309,SH_3973,2025-09-14 03:42:03,2,,0.0,refunded,
BK_5826,US_7972,SH_5620,2024-02-23 23:13:56,4,,760.0,completed,
BK_5827,US_9772,SH_9196,2024-08-13 03:11:55,2,,393.52,completed,
BK_5828,US_6741,SH_4090,2024-03-18 09:08:45,4,,0.0,refunded,
BK_5829,US_2301,SH_1385,2024-12-14 07:12:30,1,,463.85,completed,
BK_5830,US_5867,SH_95,2025-01-28 13:48:18,3,,538.02,completed,
BK_5831,US_2780,SH_7314,2025-06-14 23:42:36,4,,1335.4,completed,
BK_5832,US_8958,SH_7111,2025-01-17 15:56:52,2,,538.86,completed,
BK_5833,US_3437,SH_3702,2025-04-18 22:08:45,4,,712.12,completed,
BK_5834,US_1395,SH_7236,2024-12-27 04:23:15,3,,1419.69,completed,
BK_5836,US_5802,SH_6888,2025-08-26 14:10:07,3,,947.1600000000001,completed,
BK_5837,US_6406,SH_3127,2025-06-22 21:19:52,1,,0.0,failed,
BK_5839,US_4523,SH_8752,2024-12-17 23:22:30,1,,415.15,completed,
BK_5840,US_4779,SH_7651,2024-01-01 05:26:53,4,,1256.36,completed,
BK_5841,US_7081,SH_3201,2025-01-19 07:11:19,4,,1779.72,completed,
BK_5842,US_3806,SH_5047,2024-08-28 18:56:39,2,,515.12,completed,
BK_5843,US_2293,SH_3554,2025-08-02 21:52:48,4,,1288.16,completed,
BK_5844,US_6207,SH_4884,2024-04-04 09:12:12,1,,162.8,completed,
BK_5845,US_4510,SH_2051,2025-03-14 03:12:39,3,,828.0899999999999,completed,
BK_5846,US_8880,SH_2563,2025-09-14 05:57:25,3,,748.2,completed,
BK_5848,US_9099,SH_5443,2024-01-02 23:21:35,4,,1240.8,completed,
BK_5849,US_8729,SH_6596,2025-03-03 12:28:07,4,,1760.44,completed,
BK_5850,US_1818,SH_3430,2024-01-09 18:35:12,4,,1731.8,completed,
BK_5851,US_2392,SH_1172,2024-03-29 12:49:57,1,,485.79,completed,
BK_5852,US_7868,SH_7317,2025-03-24 15:01:53,1,,0.0,refunded,
BK_5853,US_1035,SH_6157,2025-11-10 02:29:33,3,,1070.3700000000001,completed,
BK_5854,US_5724,SH_6930,2025-07-09 07:42:40,4,,1121.16,completed,
BK_5855,US_6347,SH_2623,2024-12-22 07:49:42,4,,863.12,completed,
BK_5856,US_9161,SH_4986,2024-07-12 22:08:27,4,,874.84,completed,
BK_5857,US_4503,SH_4150,2024-06-23 19:00:56,3,,1447.1999999999998,completed,
BK_5858,US_2995,SH_1124,2024-05-05 21:20:19,3,,480.39,completed,
BK_5859,US_9450,SH_8812,2024-01-12 11:22:31,3,,1368.81,completed,
BK_5860,US_6254,SH_6249,2024-10-20 09:22:45,1,,0.0,failed,
BK_5861,US_8513,SH_5012,2024-06-09 17:19:26,2,,806.68,completed,
BK_5862,US_7441,SH_8521,2024-03-31 15:19:20,3,,1192.8600000000001,completed,
BK_5863,US_1479,SH_2382,2025-07-23 17:28:03,2,,841.34,completed,
BK_5864,US_6621,SH_6336,2025-09-16 14:45:51,3,,1102.65,completed,
BK_5865,US_565,SH_3555,2024-07-11 03:47:35,4,,0.0,refunded,
BK_5866,US_4970,SH_67,2024-09-17 14:19:35,3,,1285.6200000000001,completed,
BK_5867,US_894,SH_5892,2025-07-30 14:14:52,2,,822.2,completed,
BK_5868,US_1011,SH_7716,2024-11-17 10:08:51,1,,447.35,completed,
BK_5870,US_5753,SH_1372,2025-10-29 17:31:24,2,,574.74,completed,
BK_5871,US_7362,SH_5118,2024-12-08 22:07:43,1,,305.4,completed,
BK_5872,US_2652,SH_7911,2025-11-02 11:24:07,4,,784.76,completed,
BK_5873,US_4524,SH_7638,2024-01-10 03:24:04,1,,498.38,completed,
BK_5874,US_7852,SH_405,2025-03-15 02:43:21,4,,0.0,failed,
BK_5875,US_8462,SH_2971,2024-03-07 13:13:58,1,,283.5,completed,
BK_5876,US_5306,SH_3997,2025-05-02 06:27:52,4,,1672.4,completed,
BK_5877,US_3765,SH_1615,2025-10-14 02:18:53,1,,296.18,completed,
BK_5878,US_5745,SH_9361,2025-08-11 04:40:45,2,,0.0,failed,
BK_5879,US_2095,SH_3268,2024-07-11 07:56:02,3,,0.0,refunded,
BK_5880,US_3968,SH_6617,2025-01-29 05:45:46,2,,526.9,completed,
BK_5881,US_8087,SH_5937,2024-05-15 20:33:08,3,,677.1899999999999,completed,
BK_5882,US_7389,SH_227,2025-02-16 12:15:02,1,,352.51,completed,
BK_5883,US_2884,SH_1516,2024-06-03 08:57:41,3,,1378.98,completed,
BK_5884,US_4153,SH_4671,2024-01-21 16:35:48,3,,775.74,completed,
BK_5885,US_8682,SH_8689,2025-12-12 22:55:32,4,,930.2,completed,
BK_5886,US_2413,SH_8427,2025-01-05 13:00:56,2,,354.98,completed,
BK_5887,US_3151,SH_6291,2025-02-13 10:20:34,1,,261.79,completed,
BK_5888,US_3050,SH_1765,2024-06-16 21:18:15,2,,723.58,completed,
BK_5889,US_1357,SH_1812,2025-10-19 03:36:15,1,,235.11,completed,
BK_5890,US_9864,SH_7911,2024-02-25 07:51:02,4,,0.0,failed,
BK_5891,US_2426,SH_966,2024-01-23 20:54:59,3,,1368.09,completed,
BK_5892,US_6154,SH_5690,2025-01-04 20:44:57,4,,1853.72,completed,
BK_5894,US_9346,SH_5681,2024-03-16 00:53:11,3,,517.92,completed,
BK_5895,US_8797,SH_3050,2024-02-04 21:43:28,4,,1454.04,completed,
BK_5896,US_6212,SH_9966,2024-12-27 10:40:55,1,,377.05,completed,
BK_5897,US_2455,SH_1876,2025-01-19 05:01:33,3,,1314.96,completed,
BK_5899,US_9665,SH_3573,2025-02-17 16:17:30,3,,1219.5,completed,
BK_5901,US_4958,SH_2743,2024-05-25 12:14:51,1,,153.62,completed,
BK_5903,US_125,SH_4992,2025-06-21 06:30:58,2,,467.98,completed,
BK_5904,US_7089,SH_5584,2025-10-16 06:13:29,1,,453.16,completed,
BK_5907,US_3522,SH_141,2024-12-14 11:31:15,3,,1305.03,completed,
BK_5909,US_8707,SH_5992,2025-03-12 08:42:21,3,,722.22,completed,
BK_5910,US_4018,SH_6827,2024-09-20 19:38:24,4,,747.68,completed,
BK_5912,US_2163,SH_7395,2024-07-17 15:00:04,2,,946.04,completed,
BK_5913,US_6841,SH_7860,2025-03-22 06:51:57,4,,0.0,refunded,
BK_5914,US_6088,SH_4711,2025-11-23 00:02:43,1,,150.01,completed,
BK_5915,US_2055,SH_2658,2025-06-16 16:41:50,2,,0.0,failed,
BK_5916,US_6519,SH_8974,2024-10-30 10:19:16,1,,164.33,completed,
BK_5917,US_9091,SH_311,2024-03-29 13:47:28,4,,1966.36,completed,
BK_5918,US_2405,SH_6022,2025-11-07 08:30:50,2,,995.66,completed,
BK_5919,US_1999,SH_3623,2024-04-10 01:33:48,4,,1726.6,completed,
BK_5920,US_8348,SH_1004,2025-08-10 12:30:15,3,,1016.3399999999999,completed,
BK_5921,US_1088,SH_601,2025-07-08 11:08:11,3,,807.5999999999999,completed,
BK_5922,US_2433,SH_3940,2024-09-08 19:52:03,4,,1430.36,completed,
BK_5924,US_3578,SH_2072,2025-11-08 01:29:50,3,,580.89,completed,
BK_5925,US_3906,SH_478,2024-07-15 21:56:07,4,,743.16,completed,
BK_5928,US_7477,SH_6746,2025-11-10 17:52:45,2,,955.22,completed,
BK_5929,US_2176,SH_1390,2024-04-27 10:11:38,4,,906.32,completed,
BK_5930,US_3577,SH_6542,2024-12-24 17:02:49,3,,0.0,failed,
BK_5931,US_5327,SH_2861,2025-02-08 07:27:04,1,,352.02,completed,
BK_5932,US_8712,SH_8748,2024-05-04 09:18:54,3,,1207.8899999999999,completed,
BK_5933,US_6931,SH_7765,2024-08-09 05:18:20,2,,756.16,completed,
BK_5934,US_5024,SH_5342,2024-06-02 09:05:19,4,,1731.36,completed,
BK_5936,US_1494,SH_3122,2025-06-17 04:52:13,2,,0.0,failed,
BK_5937,US_30,SH_4207,2024-09-09 17:09:37,2,,993.16,completed,
BK_5938,US_2395,SH_7215,2024-04-28 00:00:02,4,,1128.12,completed,
BK_5939,US_6645,SH_652,2024-05-13 03:29:28,3,,602.8499999999999,completed,
BK_5941,US_4353,SH_5617,2025-02-08 20:46:09,1,,426.52,completed,
BK_5942,US_2857,SH_8439,2025-02-22 06:22:51,4,,0.0,refunded,
BK_5943,US_1528,SH_2313,2024-11-02 13:30:06,4,,1003.76,completed,
BK_5944,US_106,SH_2448,2024-02-07 07:28:27,3,,1109.67,completed,
BK_5945,US_9163,SH_2054,2025-02-12 18:13:09,4,,1875.76,completed,
BK_5946,US_2726,SH_7697,2025-04-26 03:36:16,2,,809.6,completed,
BK_5947,US_7956,SH_9930,2025-08-21 21:06:30,4,,1257.24,completed,
BK_5948,US_7554,SH_560,2025-07-04 09:08:23,1,,476.13,completed,
BK_5951,US_5771,SH_3117,2024-02-25 01:43:12,4,,1381.84,completed,
BK_5952,US_1033,SH_9997,2024-08-27 20:54:04,3,,862.02,completed,
BK_5953,US_69,SH_550,2025-06-20 09:44:41,4,,650.76,completed,
BK_5954,US_1003,SH_2876,2024-02-28 16:00:35,1,,236.48,completed,
BK_5955,US_7076,SH_8133,2024-12-28 14:11:43,1,,492.15,completed,
BK_5956,US_5242,SH_8184,2024-04-30 08:05:06,2,,969.88,completed,
BK_5957,US_6717,SH_7434,2025-12-30 19:30:13,4,,1189.0,completed,
BK_5958,US_3678,SH_2761,2025-06-27 10:19:38,3,,1339.8000000000002,completed,
BK_5959,US_6410,SH_7566,2024-01-15 08:24:39,3,,0.0,failed,
BK_5960,US_4624,SH_2862,2024-03-13 13:43:03,3,,1381.1399999999999,completed,
BK_5961,US_1911,SH_9023,2024-12-21 14:47:33,1,,232.13,completed,
BK_5962,US_5699,SH_4593,2025-03-10 18:37:47,2,,317.3,completed,
BK_5963,US_8589,SH_9124,2025-10-01 21:46:00,1,,435.03,completed,
BK_5964,US_6877,SH_914,2025-08-24 10:10:45,2,,707.88,completed,
BK_5965,US_9837,SH_1853,2024-03-06 16:12:34,1,,434.32,completed,
BK_5966,US_7521,SH_6744,2025-03-15 08:07:56,2,,599.62,completed,
BK_5967,US_3358,SH_6386,2024-11-02 19:07:54,1,,339.95,completed,
BK_5968,US_398,SH_3046,2025-11-04 12:55:43,1,,360.06,completed,
BK_5969,US_6724,SH_1895,2024-02-11 06:57:37,3,,478.26,completed,
BK_5971,US_5369,SH_2401,2024-11-24 12:36:51,2,,933.9,completed,
BK_5972,US_6639,SH_5747,2025-10-10 12:47:02,2,,644.76,completed,
BK_5973,US_8660,SH_7849,2025-09-20 20:13:30,2,,464.22,completed,
BK_5974,US_5614,SH_6400,2025-01-10 19:26:48,2,,0.0,failed,
BK_5975,US_5208,SH_2190,2025-09-26 08:17:27,1,,202.8,completed,
BK_5976,US_528,SH_3525,2025-06-16 22:23:02,3,,1227.3000000000002,completed,
BK_5978,US_9522,SH_9546,2024-03-17 02:09:51,2,,467.08,completed,
BK_5979,US_8892,SH_3827,2024-09-12 16:36:16,2,,471.24,completed,
BK_5980,US_7728,SH_1301,2024-10-11 02:56:00,3,,1211.34,completed,
BK_5981,US_6319,SH_591,2024-08-26 13:05:16,2,,416.48,completed,
BK_5982,US_275,SH_8588,2025-12-20 16:23:34,2,,883.06,completed,
BK_5983,US_7602,SH_415,2025-06-27 23:34:09,4,,0.0,failed,
BK_5985,US_9432,SH_2147,2025-10-19 14:45:41,3,,0.0,failed,
BK_5986,US_7927,SH_5811,2024-08-26 13:35:53,3,,728.73,completed,
BK_5987,US_7152,SH_2787,2025-08-22 13:07:27,4,,1542.36,completed,
BK_5988,US_1191,SH_2335,2025-06-07 08:25:01,1,,377.7,completed,
BK_5989,US_5362,SH_3659,2024-05-29 17:17:24,4,,870.64,completed,
BK_5990,US_2397,SH_3053,2024-04-08 20:11:41,4,,1699.88,completed,
BK_5991,US_4437,SH_3659,2024-08-21 19:39:03,3,,0.0,failed,
BK_5992,US_3236,SH_8559,2024-05-06 03:23:46,4,,0.0,failed,
BK_5993,US_9732,SH_6773,2025-03-11 07:28:25,2,,714.6,completed,
BK_5994,US_3353,SH_3418,2025-09-06 00:43:30,4,,633.24,completed,
BK_5995,US_723,SH_2710,2025-05-01 14:30:22,2,,361.96,completed,
BK_5997,US_5517,SH_1135,2024-06-04 04:46:21,2,,887.7,completed,
BK_5998,US_4326,SH_4098,2025-09-11 06:29:40,1,,241.18,completed,
BK_5999,US_2363,SH_9131,2025-01-08 14:49:29,2,,874.08,completed,
BK_6000,US_7855,SH_220,2025-10-30 14:45:14,2,,592.88,completed,
BK_6001,US_5446,SH_5818,2024-04-20 12:13:24,3,,1069.29,completed,
BK_6002,US_9987,SH_4799,2025-03-21 00:04:04,4,,1683.76,completed,
BK_6003,US_4683,SH_8161,2024-09-16 09:31:23,1,,487.52,completed,
BK_6005,US_545,SH_6825,2025-06-16 18:03:20,1,,482.01,completed,
BK_6006,US_480,SH_9074,2025-05-04 05:40:48,2,,471.36,completed,
BK_6007,US_3451,SH_6217,2025-02-26 23:09:02,1,,453.36,completed,
BK_6008,US_561,SH_8094,2024-07-21 11:27:53,1,,364.03,completed,
BK_6009,US_4534,SH_4143,2024-11-26 10:41:07,4,,914.12,completed,
BK_6010,US_6008,SH_6290,2025-08-28 12:44:29,2,,820.22,completed,
BK_6011,US_2073,SH_9404,2024-09-26 16:00:32,2,,869.18,completed,
BK_6012,US_8763,SH_5252,2025-08-25 06:16:41,4,,1549.52,completed,
BK_6015,US_7358,SH_4669,2024-06-01 21:38:41,1,,322.78,completed,
BK_6016,US_2710,SH_5997,2025-07-13 16:26:07,4,,1552.08,completed,
BK_6018,US_9749,SH_1369,2025-08-15 13:37:11,1,,496.04,completed,
BK_6019,US_5201,SH_225,2024-02-07 12:08:34,4,,1229.56,completed,
BK_6020,US_6788,SH_4747,2025-01-29 07:31:30,4,,648.48,completed,
BK_6021,US_9866,SH_9721,2025-08-23 22:53:37,3,,935.67,completed,
BK_6022,US_4690,SH_9120,2025-08-21 23:52:14,1,,332.76,completed,
BK_6023,US_3349,SH_1522,2024-10-10 08:28:16,2,,547.8,completed,
BK_6025,US_7539,SH_9160,2025-01-30 18:51:24,2,,0.0,refunded,
BK_6026,US_9871,SH_2403,2025-08-13 21:31:43,4,,1407.24,completed,
BK_6027,US_6937,SH_9752,2025-10-18 16:50:57,4,,0.0,failed,
BK_6028,US_6125,SH_8087,2025-09-11 01:53:47,4,,1515.32,completed,
BK_6029,US_3515,SH_3643,2025-02-02 03:28:02,3,,0.0,failed,
BK_6031,US_836,SH_1820,2025-06-28 07:34:38,3,,928.3499999999999,completed,
BK_6032,US_8872,SH_1422,2025-04-21 14:10:39,2,,962.3,completed,
BK_6033,US_4699,SH_2574,2025-03-05 21:36:20,2,,446.24,completed,
BK_6034,US_3080,SH_8232,2024-08-03 15:46:35,4,,0.0,failed,
BK_6035,US_1732,SH_8950,2024-04-15 13:25:08,1,,413.56,completed,
BK_6036,US_4063,SH_8304,2025-03-28 09:49:44,1,,261.22,completed,
BK_6037,US_1881,SH_896,2025-03-13 21:11:12,1,,323.3,completed,
BK_6038,US_3119,SH_9907,2024-09-20 05:44:49,3,,469.79999999999995,completed,
BK_6039,US_4495,SH_9902,2025-06-01 02:32:42,3,,511.74,completed,
BK_6040,US_6546,SH_8967,2024-08-03 16:16:49,4,,1505.52,completed,
BK_6041,US_6119,SH_6348,2025-05-20 03:16:45,3,,1231.08,completed,
BK_6042,US_2895,SH_4438,2025-08-01 04:57:39,3,,525.75,completed,
BK_6043,US_2390,SH_7902,2024-03-20 01:06:21,3,,715.95,completed,
BK_6044,US_2704,SH_4443,2025-04-01 19:39:59,4,,1884.88,completed,
BK_6045,US_7326,SH_4949,2025-07-08 11:14:28,1,,434.99,completed,
BK_6046,US_277,SH_1144,2024-02-27 10:46:35,3,,1142.52,completed,
BK_6047,US_2654,SH_8259,2025-07-16 08:19:53,3,,1033.71,completed,
BK_6048,US_8915,SH_6742,2024-12-28 02:25:32,2,,705.32,completed,
BK_6049,US_7755,SH_6751,2024-02-21 14:04:39,3,,1293.3600000000001,completed,
BK_6050,US_8020,SH_24,2025-09-10 01:39:54,4,,1886.36,completed,
BK_6051,US_2501,SH_8372,2025-12-27 18:16:16,3,,694.6800000000001,completed,
BK_6052,US_2043,SH_3963,2025-01-10 22:40:55,2,,614.4,completed,
BK_6053,US_833,SH_256,2024-04-07 04:23:24,1,,203.13,completed,
BK_6054,US_6114,SH_6292,2024-04-01 16:15:01,1,,198.21,completed,
BK_6055,US_8535,SH_7371,2025-10-25 01:06:14,2,,352.7,completed,
BK_6056,US_9711,SH_1046,2024-04-01 23:49:03,3,,755.9399999999999,completed,
BK_6057,US_4220,SH_7430,2024-09-01 13:26:24,3,,699.36,completed,
BK_6058,US_8874,SH_1939,2024-01-29 23:32:16,2,,992.06,completed,
BK_6059,US_7936,SH_4405,2024-01-12 08:01:10,4,,929.64,completed,
BK_6060,US_4796,SH_8443,2024-02-15 08:44:03,4,,1827.12,completed,
BK_6061,US_1179,SH_9115,2024-03-28 23:16:04,1,,420.96,completed,
BK_6063,US_4781,SH_3212,2025-09-02 12:51:19,2,,715.44,completed,
BK_6064,US_5963,SH_3127,2024-03-08 10:15:43,2,,646.6,completed,
BK_6065,US_2937,SH_4435,2024-04-14 02:14:59,4,,1064.32,completed,
BK_6066,US_3447,SH_7867,2024-12-17 13:46:22,4,,1674.28,completed,
BK_6067,US_3385,SH_5230,2025-10-05 07:19:25,3,,1071.4499999999998,completed,
BK_6068,US_5545,SH_4025,2024-03-01 03:23:17,1,,422.41,completed,
BK_6069,US_7178,SH_4415,2024-03-17 12:17:33,3,,1059.72,completed,
BK_6071,US_8921,SH_9118,2024-04-16 06:38:47,1,,0.0,refunded,
BK_6072,US_9243,SH_7030,2024-04-28 02:09:30,2,,433.08,completed,
BK_6074,US_4096,SH_2671,2024-05-19 11:42:03,3,,1362.66,completed,
BK_6075,US_7261,SH_8868,2025-06-27 18:57:02,2,,556.08,completed,
BK_6076,US_907,SH_7441,2025-03-02 00:05:14,2,,0.0,refunded,
BK_6077,US_9130,SH_1058,2024-03-26 06:34:32,1,,367.91,completed,
BK_6079,US_9886,SH_3381,2024-09-03 10:24:53,4,,1223.72,completed,
BK_6080,US_677,SH_6523,2025-06-16 03:58:44,2,,699.92,completed,
BK_6081,US_2298,SH_5466,2025-05-11 05:16:43,3,,1137.1200000000001,completed,
BK_6082,US_4665,SH_1073,2024-10-15 14:52:39,4,,1496.44,completed,
BK_6083,US_7736,SH_4113,2025-11-27 05:04:59,4,,1868.16,completed,
BK_6084,US_5509,SH_2970,2025-10-27 21:09:10,2,,0.0,failed,
BK_6085,US_5868,SH_2690,2025-01-21 08:17:24,2,,563.96,completed,
BK_6086,US_1552,SH_410,2025-02-17 18:42:54,2,,861.12,completed,
BK_6087,US_5025,SH_4500,2024-04-12 17:21:55,1,,329.43,completed,
BK_6089,US_871,SH_6048,2025-06-05 19:06:56,4,,1509.92,completed,
BK_6090,US_8303,SH_4454,2025-08-09 20:33:22,1,,396.38,completed,
BK_6091,US_6410,SH_3043,2025-01-16 15:49:56,4,,1173.88,completed,
BK_6092,US_897,SH_429,2025-05-18 11:31:33,1,,491.43,completed,
BK_6094,US_4588,SH_5069,2025-07-17 00:25:57,2,,677.78,completed,
BK_6095,US_8664,SH_3087,2024-01-30 17:28:52,3,,1241.67,completed,
BK_6096,US_7867,SH_8602,2024-03-07 08:07:01,4,,996.52,completed,
BK_6097,US_9295,SH_9184,2024-10-27 00:50:57,2,,0.0,failed,
BK_6098,US_2302,SH_4448,2024-05-25 22:25:21,2,,932.44,completed,
BK_6099,US_4455,SH_9643,2024-12-15 13:23:02,1,,398.22,completed,
BK_6102,US_7171,SH_2479,2024-05-17 23:47:22,4,,1996.88,completed,
BK_6103,US_9158,SH_8419,2025-01-17 19:50:56,3,,1375.83,completed,
BK_6104,US_6784,SH_3767,2024-05-12 16:57:06,1,,300.7,completed,
BK_6105,US_472,SH_1582,2025-02-02 02:35:37,1,,482.12,completed,
BK_6106,US_603,SH_4264,2025-05-24 02:41:18,4,,1855.24,completed,
BK_6107,US_8257,SH_9220,2025-07-11 13:12:18,2,,303.42,completed,
BK_6108,US_3046,SH_192,2025-08-27 20:37:04,1,,0.0,failed,
BK_6110,US_4836,SH_4519,2025-09-09 07:58:09,4,,1135.52,completed,
BK_6112,US_4633,SH_6350,2025-07-14 00:46:26,1,,468.06,completed,
BK_6113,US_111,SH_1162,2024-06-11 18:50:48,3,,1198.08,completed,
BK_6114,US_4629,SH_6756,2024-11-19 08:27:24,2,,365.12,completed,
BK_6115,US_1491,SH_383,2024-12-30 04:12:57,1,,0.0,failed,
BK_6116,US_805,SH_1070,2024-12-30 20:28:44,3,,1071.21,completed,
BK_6117,US_7282,SH_7015,2024-03-18 11:01:41,2,,743.78,completed,
BK_6118,US_4739,SH_9966,2025-07-08 01:52:06,3,,1131.15,completed,
BK_6119,US_7948,SH_4049,2025-11-30 15:42:57,4,,1575.84,completed,
BK_6121,US_8269,SH_7650,2024-08-23 21:57:21,2,,695.96,completed,
BK_6122,US_6826,SH_1002,2025-06-22 23:46:30,4,,1821.96,completed,
BK_6123,US_6017,SH_661,2024-05-18 18:14:39,1,,272.13,completed,
BK_6124,US_7920,SH_4673,2025-06-16 03:18:31,1,,467.87,completed,
BK_6125,US_4500,SH_916,2024-11-14 11:57:12,2,,365.92,completed,
BK_6126,US_5697,SH_6636,2025-01-09 00:19:15,1,,339.83,completed,
BK_6127,US_3089,SH_100,2024-06-10 11:04:38,2,,786.88,completed,
BK_6128,US_9494,SH_9216,2024-10-09 21:17:28,1,,0.0,failed,
BK_6129,US_560,SH_7332,2025-04-20 14:14:34,2,,540.98,completed,
BK_6130,US_1935,SH_4105,2024-10-09 15:51:16,4,,939.8,completed,
BK_6131,US_6799,SH_169,2025-07-15 02:56:15,3,,1363.92,completed,
BK_6132,US_9177,SH_6020,2025-06-13 22:54:27,1,,0.0,failed,
BK_6133,US_9001,SH_1505,2024-03-09 17:20:41,1,,426.03,completed,
BK_6134,US_5173,SH_2340,2025-02-08 17:52:45,3,,0.0,failed,
BK_6135,US_9762,SH_2049,2025-03-15 07:36:22,4,,1881.2,completed,
BK_6136,US_1319,SH_8692,2025-01-12 16:55:12,3,,653.3100000000001,completed,
BK_6137,US_9252,SH_2049,2024-01-24 07:59:05,3,,1410.9,completed,
BK_6138,US_6362,SH_3528,2024-09-07 20:59:18,2,,648.66,completed,
BK_6139,US_9255,SH_590,2025-10-25 01:15:47,2,,0.0,failed,
BK_6142,US_6296,SH_4204,2025-06-12 02:28:46,2,,890.8,completed,
BK_6143,US_1045,SH_6111,2024-03-19 18:10:12,1,,251.13,completed,
BK_6144,US_9042,SH_1355,2025-02-26 16:59:28,3,,1115.6399999999999,completed,
BK_6145,US_4918,SH_208,2024-02-28 14:35:41,3,,520.4399999999999,completed,
BK_6147,US_9178,SH_7732,2025-07-18 02:48:48,1,,0.0,failed,
BK_6149,US_9459,SH_7197,2025-03-14 01:23:00,1,,244.62,completed,
BK_6151,US_967,SH_5175,2024-10-12 15:02:43,4,,0.0,failed,
BK_6153,US_8781,SH_1241,2024-01-03 00:13:28,1,,260.23,completed,
BK_6154,US_2528,SH_4180,2024-02-18 13:17:06,4,,621.88,completed,
BK_6156,US_8447,SH_6900,2024-07-02 01:13:10,3,,1180.98,completed,
BK_6157,US_6442,SH_655,2024-10-31 01:07:26,3,,833.4000000000001,completed,
BK_6159,US_8938,SH_1555,2024-08-03 13:15:22,3,,1411.08,completed,
BK_6160,US_810,SH_8387,2024-12-11 19:53:50,3,,1137.3000000000002,completed,
BK_6161,US_1320,SH_3394,2024-05-23 05:45:13,1,,457.17,completed,
BK_6162,US_1900,SH_5559,2025-01-23 06:45:52,1,,332.32,completed,
BK_6163,US_8905,SH_375,2025-09-01 09:37:36,2,,518.72,completed,
BK_6164,US_3534,SH_5995,2024-04-29 04:30:15,3,,0.0,refunded,
BK_6165,US_6409,SH_682,2025-01-23 03:09:56,2,,806.24,completed,
BK_6166,US_864,SH_8544,2024-01-27 09:21:29,2,,769.82,completed,
BK_6167,US_7313,SH_5993,2025-11-07 06:36:12,3,,684.6899999999999,completed,
BK_6168,US_6738,SH_7585,2025-10-03 14:53:00,3,,1443.57,completed,
BK_6169,US_120,SH_4364,2024-03-05 09:33:24,4,,0.0,failed,
BK_6170,US_5948,SH_8062,2024-06-01 08:28:44,1,,362.86,completed,
BK_6172,US_8290,SH_9975,2025-10-04 04:17:25,3,,0.0,refunded,
BK_6174,US_9409,SH_9757,2024-10-21 20:41:54,1,,0.0,refunded,
BK_6175,US_8519,SH_8734,2025-07-24 01:28:03,3,,494.01,completed,
BK_6176,US_5477,SH_7318,2024-10-25 13:43:07,4,,676.84,completed,
BK_6177,US_36,SH_2418,2024-08-07 13:39:12,4,,1971.48,completed,
BK_6178,US_153,SH_634,2024-04-23 13:30:01,4,,1389.96,completed,
BK_6180,US_207,SH_9192,2025-05-02 18:09:09,2,,947.98,completed,
BK_6181,US_7162,SH_3789,2024-11-18 00:46:36,1,,391.11,completed,
BK_6182,US_1688,SH_7959,2025-09-26 18:35:47,3,,679.89,completed,
BK_6183,US_7122,SH_8552,2024-11-13 23:10:28,2,,619.86,completed,
BK_6184,US_4467,SH_7204,2024-10-17 09:38:01,4,,1877.76,completed,
BK_6185,US_8293,SH_9408,2025-04-24 17:02:53,4,,1185.04,completed,
BK_6186,US_9103,SH_6809,2024-12-27 08:05:20,4,,967.32,completed,
BK_6187,US_9750,SH_4575,2024-08-02 08:44:56,2,,679.46,completed,
BK_6188,US_6717,SH_613,2024-11-16 03:13:15,2,,914.64,completed,
BK_6189,US_1391,SH_7109,2024-03-22 15:20:22,4,,0.0,failed,
BK_6190,US_7450,SH_7824,2025-06-27 20:35:18,4,,961.08,completed,
BK_6192,US_7548,SH_2268,2025-04-20 01:28:34,4,,1185.48,completed,
BK_6193,US_1411,SH_9931,2025-02-05 04:40:16,1,,244.55,completed,
BK_6194,US_6756,SH_242,2024-07-25 03:56:30,1,,190.51,completed,
BK_6195,US_1852,SH_835,2024-07-04 07:02:51,3,,1190.58,completed,
BK_6196,US_2513,SH_5015,2025-10-09 03:15:09,3,,836.49,completed,
BK_6198,US_8670,SH_5813,2024-04-03 13:01:42,4,,0.0,failed,
BK_6199,US_2362,SH_7355,2024-11-17 05:54:29,4,,1330.8,completed,
BK_6200,US_3723,SH_1702,2024-05-13 20:48:19,3,,1252.32,completed,
BK_6201,US_1864,SH_2156,2024-04-22 22:30:27,4,,1462.72,completed,
BK_6202,US_8461,SH_1154,2024-02-12 15:59:38,1,,360.66,completed,
BK_6203,US_8430,SH_5615,2025-03-22 12:38:02,2,,815.04,completed,
BK_6204,US_9621,SH_8648,2024-07-28 19:58:07,4,,1822.24,completed,
BK_6208,US_5037,SH_9339,2024-05-11 11:00:21,3,,590.04,completed,
BK_6211,US_1173,SH_7834,2024-07-23 11:26:28,3,,1325.43,completed,
BK_6212,US_3962,SH_2784,2025-04-22 14:50:37,2,,305.0,completed,
BK_6213,US_306,SH_1504,2024-11-04 05:57:41,1,,492.39,completed,
BK_6214,US_8934,SH_2171,2024-09-20 09:12:48,3,,1342.35,completed,
BK_6215,US_3164,SH_6812,2025-06-26 10:34:13,1,,426.58,completed,
BK_6216,US_8318,SH_8173,2025-08-18 15:56:19,2,,0.0,refunded,
BK_6217,US_7272,SH_3541,2025-02-21 06:42:26,3,,1352.07,completed,
BK_6219,US_9925,SH_4326,2024-09-16 07:47:11,3,,1450.32,completed,
BK_6220,US_3008,SH_9063,2024-08-08 19:53:20,4,,1087.8,completed,
BK_6221,US_2432,SH_770,2025-02-18 20:00:09,4,,725.28,completed,
BK_6223,US_7575,SH_3374,2024-01-17 03:34:43,2,,0.0,failed,
BK_6224,US_7674,SH_715,2025-04-11 19:43:19,1,,189.18,completed,
BK_6225,US_4328,SH_1108,2025-05-06 16:07:48,2,,317.06,completed,
BK_6226,US_8539,SH_9689,2024-12-03 09:26:21,2,,769.0,completed,
BK_6227,US_1643,SH_8074,2024-07-26 16:25:15,3,,667.11,completed,
BK_6228,US_2554,SH_1943,2024-03-19 23:34:06,4,,0.0,refunded,
BK_6229,US_1446,SH_210,2024-07-04 07:57:31,4,,1504.24,completed,
BK_6230,US_3544,SH_8756,2025-03-06 14:14:14,3,,1300.59,completed,
BK_6231,US_3855,SH_9953,2025-07-18 19:38:50,2,,797.94,completed,
BK_6232,US_7736,SH_9572,2024-03-10 14:56:30,3,,1094.58,completed,
BK_6233,US_7998,SH_7483,2024-11-13 21:04:41,3,,740.64,completed,
BK_6234,US_1114,SH_9696,2025-01-05 15:57:30,2,,734.0,completed,
BK_6235,US_6281,SH_9100,2025-10-31 08:41:40,3,,1060.32,completed,
BK_6236,US_2065,SH_6660,2024-04-01 16:07:01,4,,1817.56,completed,
BK_6237,US_1535,SH_452,2025-11-05 23:48:44,4,,1669.4,completed,
BK_6239,US_9246,SH_2814,2025-11-18 16:06:47,2,,565.62,completed,
BK_6240,US_9014,SH_2038,2025-06-27 23:16:07,3,,0.0,failed,
BK_6241,US_8167,SH_815,2024-03-23 12:37:05,2,,0.0,failed,
BK_6242,US_3595,SH_8973,2025-04-10 19:58:49,1,,464.28,completed,
BK_6244,US_4796,SH_768,2025-10-31 19:10:18,1,,0.0,refunded,
BK_6245,US_3441,SH_9724,2025-11-09 10:29:14,1,,0.0,failed,
BK_6246,US_8899,SH_8070,2025-09-05 19:05:26,4,,942.52,completed,
BK_6247,US_9052,SH_6443,2024-05-24 03:59:11,1,,214.76,completed,
BK_6248,US_3817,SH_5798,2024-05-08 04:59:10,4,,802.28,completed,
BK_6249,US_2200,SH_1664,2025-01-17 16:52:10,1,,198.08,completed,
BK_6250,US_4796,SH_1206,2025-05-01 10:46:49,3,,0.0,failed,
BK_6251,US_7140,SH_811,2024-05-20 23:28:59,3,,0.0,refunded,
BK_6252,US_6888,SH_4474,2024-08-23 22:44:42,1,,189.01,completed,
BK_6253,US_6199,SH_5145,2024-07-30 00:06:44,1,,353.24,completed,
BK_6254,US_9867,SH_6625,2025-06-01 19:09:01,2,,628.44,completed,
BK_6255,US_8292,SH_2912,2024-10-29 11:14:02,1,,243.01,completed,
BK_6256,US_3101,SH_8322,2024-05-06 18:15:29,2,,881.02,completed,
BK_6257,US_5744,SH_3097,2025-03-16 13:27:21,1,,245.36,completed,
BK_6258,US_5879,SH_5614,2024-12-20 07:16:05,1,,289.98,completed,
BK_6259,US_947,SH_5082,2024-02-07 01:12:55,2,,748.66,completed,
BK_6260,US_420,SH_8734,2024-05-09 05:39:15,2,,0.0,failed,
BK_6261,US_5060,SH_3598,2024-10-06 00:38:58,2,,506.58,completed,
BK_6262,US_9368,SH_202,2025-04-24 20:02:46,4,,1254.72,completed,
BK_6263,US_1144,SH_2310,2025-04-16 13:59:10,4,,680.12,completed,
BK_6264,US_7866,SH_3453,2025-03-09 17:17:08,3,,509.58000000000004,completed,
BK_6265,US_3707,SH_4793,2024-11-04 15:36:16,3,,756.36,completed,
BK_6266,US_69,SH_5660,2025-05-27 21:47:45,2,,886.26,completed,
BK_6267,US_4930,SH_4920,2024-05-05 22:27:42,3,,584.64,completed,
BK_6268,US_9467,SH_4036,2024-08-04 08:32:23,1,,498.7,completed,
BK_6269,US_2623,SH_3217,2024-06-29 16:07:30,2,,960.72,completed,
BK_6270,US_5108,SH_4833,2025-11-18 21:50:53,4,,1820.0,completed,
BK_6271,US_8529,SH_6436,2024-12-06 17:58:20,2,,694.96,completed,
BK_6272,US_96,SH_9664,2024-02-01 14:30:26,1,,0.0,refunded,
BK_6273,US_867,SH_7595,2024-10-18 16:05:33,4,,1762.12,completed,
BK_6274,US_857,SH_7439,2025-10-06 09:35:49,3,,1403.76,completed,
BK_6275,US_9006,SH_2012,2025-05-14 21:45:05,4,,1316.04,completed,
BK_6276,US_1047,SH_234,2025-05-26 18:37:00,1,,479.31,completed,
BK_6277,US_5244,SH_3735,2024-10-26 01:37:38,3,,938.04,completed,
BK_6278,US_7501,SH_6539,2024-11-17 12:27:02,1,,251.94,completed,
BK_6279,US_1332,SH_2321,2025-10-05 11:45:56,3,,1041.33,completed,
BK_6281,US_9426,SH_1159,2025-02-23 03:50:52,1,,0.0,failed,
BK_6282,US_7114,SH_2991,2024-01-01 04:37:48,3,,1445.58,completed,
BK_6283,US_1616,SH_3974,2025-09-10 19:45:13,2,,963.34,completed,
BK_6284,US_2219,SH_9372,2025-11-07 16:02:45,2,,902.82,completed,
BK_6286,US_3192,SH_9769,2025-01-07 07:08:34,4,,1690.6,completed,
BK_6287,US_4685,SH_8152,2025-02-23 22:09:39,3,,1307.34,completed,
BK_6288,US_2128,SH_1449,2025-11-30 21:42:03,2,,678.78,completed,
BK_6289,US_6889,SH_2142,2024-10-08 04:40:20,1,,435.08,completed,
BK_6290,US_1138,SH_8348,2024-04-21 02:58:42,2,,847.36,completed,
BK_6291,US_9088,SH_1863,2024-06-30 23:42:03,2,,0.0,refunded,
BK_6292,US_6013,SH_3269,2025-03-31 21:02:09,3,,803.49,completed,
BK_6294,US_7961,SH_9085,2025-04-13 08:24:10,4,,1308.64,completed,
BK_6295,US_4813,SH_4475,2025-12-28 19:10:31,1,,327.82,completed,
BK_6297,US_3188,SH_8942,2025-04-01 11:23:51,2,,699.94,completed,
BK_6298,US_6642,SH_2537,2025-09-28 16:56:28,1,,287.99,completed,
BK_6299,US_5315,SH_6283,2024-06-05 10:05:58,1,,204.93,completed,
BK_6300,US_6461,SH_1003,2024-05-12 09:06:48,3,,908.25,completed,
BK_6301,US_8518,SH_5376,2025-12-07 03:17:16,4,,1936.36,completed,
BK_6302,US_8082,SH_8658,2025-07-07 14:56:00,1,,210.5,completed,
BK_6303,US_36,SH_1298,2025-11-16 13:07:18,3,,681.78,completed,
BK_6305,US_8949,SH_479,2025-05-15 16:32:39,4,,1256.36,completed,
BK_6306,US_5034,SH_3207,2024-04-16 16:09:35,2,,889.74,completed,
BK_6307,US_334,SH_623,2024-01-19 08:25:24,1,,177.75,completed,
BK_6308,US_5532,SH_1102,2025-02-11 01:23:07,1,,255.88,completed,
BK_6310,US_2696,SH_9145,2025-05-24 10:28:46,3,,1246.68,completed,
BK_6311,US_5136,SH_9233,2024-03-22 04:28:41,4,,1000.4,completed,
BK_6313,US_1624,SH_1466,2024-11-08 15:35:47,3,,1261.1100000000001,completed,
BK_6315,US_8934,SH_9191,2024-08-06 15:08:04,4,,1222.84,completed,
BK_6316,US_810,SH_4980,2025-10-01 15:45:53,1,,261.65,completed,
BK_6319,US_3746,SH_1952,2025-11-11 20:01:46,3,,1051.65,completed,
BK_6320,US_2758,SH_7646,2024-10-29 05:34:50,3,,1265.43,completed,
BK_6321,US_1335,SH_6173,2024-08-21 00:59:53,1,,404.08,completed,
BK_6322,US_3539,SH_1095,2025-11-12 10:57:41,1,,0.0,failed,
BK_6323,US_4555,SH_7867,2024-04-16 04:04:31,4,,1674.28,completed,
BK_6324,US_9002,SH_2551,2024-11-22 16:28:21,3,,1279.1399999999999,completed,
BK_6325,US_2152,SH_6280,2024-06-23 07:44:34,4,,924.56,completed,
BK_6326,US_5101,SH_9530,2025-07-08 20:35:50,2,,899.66,completed,
BK_6327,US_1923,SH_8129,2025-03-02 10:41:27,1,,300.21,completed,
BK_6328,US_6917,SH_3332,2024-10-12 20:37:39,1,,452.0,completed,
BK_6329,US_3091,SH_5585,2024-06-03 10:44:34,1,,179.13,completed,
BK_6330,US_8151,SH_7789,2024-05-03 17:28:41,4,,716.96,completed,
BK_6331,US_2817,SH_4480,2024-07-26 03:29:48,3,,1210.08,completed,
BK_6332,US_411,SH_3974,2024-04-15 13:04:46,3,,0.0,refunded,
BK_6333,US_8538,SH_100,2025-02-06 13:17:38,1,,393.44,completed,
BK_6334,US_8459,SH_2077,2024-08-06 21:17:23,3,,0.0,failed,
BK_6337,US_5108,SH_4704,2024-12-06 22:28:28,3,,633.33,completed,
BK_6338,US_5077,SH_903,2024-02-05 13:23:12,3,,1263.24,completed,
BK_6339,US_6714,SH_7680,2024-02-03 16:10:09,1,,226.03,completed,
BK_6340,US_4351,SH_6808,2025-07-18 13:54:34,1,,317.61,completed,
BK_6341,US_2411,SH_3604,2024-10-24 11:59:16,3,,1297.5,completed,
BK_6342,US_3969,SH_4738,2024-03-06 22:57:53,1,,163.92,completed,
BK_6344,US_1585,SH_3090,2024-07-14 19:14:50,1,,168.09,completed,
BK_6345,US_8435,SH_4869,2024-04-30 14:53:46,1,,403.92,completed,
BK_6346,US_1644,SH_7577,2024-05-04 02:14:04,4,,1792.16,completed,
BK_6347,US_1273,SH_3054,2025-09-06 19:18:00,3,,0.0,failed,
BK_6348,US_1288,SH_5603,2025-12-22 03:18:52,1,,262.96,completed,
BK_6349,US_777,SH_6734,2024-05-24 20:51:38,3,,701.16,completed,
BK_6350,US_4805,SH_4629,2024-10-19 03:20:24,3,,1245.24,completed,
BK_6351,US_4673,SH_8451,2024-10-06 20:41:47,4,,0.0,refunded,
BK_6353,US_1748,SH_7060,2024-04-19 09:39:08,3,,920.76,completed,
BK_6355,US_5298,SH_3443,2024-10-28 08:58:36,1,,201.82,completed,
BK_6356,US_9059,SH_805,2025-08-06 05:10:07,4,,1500.2,completed,
BK_6358,US_7859,SH_8518,2024-06-23 10:00:06,1,,212.8,completed,
BK_6359,US_1203,SH_2312,2024-03-03 11:50:35,1,,382.39,completed,
BK_6360,US_16,SH_4380,2024-06-23 08:31:57,1,,350.47,completed,
BK_6361,US_7936,SH_8528,2024-01-27 00:06:08,2,,654.76,completed,
BK_6362,US_7245,SH_125,2025-01-19 03:13:37,1,,411.56,completed,
BK_6364,US_4340,SH_5972,2024-08-03 12:30:26,2,,0.0,refunded,
BK_6365,US_2201,SH_4085,2024-09-23 13:48:07,4,,1106.08,completed,
BK_6366,US_5124,SH_2617,2025-10-20 03:10:20,2,,0.0,failed,
BK_6367,US_42,SH_841,2025-01-03 14:03:59,2,,768.76,completed,
BK_6369,US_7442,SH_1618,2024-05-13 00:41:39,4,,1715.6,completed,
BK_6370,US_7869,SH_6243,2025-09-21 05:31:49,1,,0.0,failed,
BK_6371,US_3377,SH_6493,2025-04-15 06:34:31,2,,706.64,completed,
BK_6372,US_525,SH_7467,2025-09-09 18:03:22,2,,607.3,completed,
BK_6374,US_6070,SH_3800,2024-06-21 09:20:53,1,,0.0,failed,
BK_6376,US_858,SH_3723,2025-11-18 07:12:07,3,,930.9000000000001,completed,
BK_6377,US_4394,SH_6377,2025-12-07 15:24:04,4,,1724.24,completed,
BK_6378,US_5718,SH_6329,2024-10-27 20:34:39,1,,421.07,completed,
BK_6379,US_4905,SH_6414,2024-10-23 22:33:20,3,,1493.8799999999999,completed,
BK_6380,US_9638,SH_2122,2024-07-26 02:15:38,3,,1390.1399999999999,completed,
BK_6381,US_9453,SH_9596,2024-07-02 05:19:53,3,,971.52,completed,
BK_6382,US_1739,SH_3047,2025-01-04 15:02:18,4,,715.12,completed,
BK_6383,US_5695,SH_9154,2025-11-19 23:47:08,2,,420.28,completed,
BK_6384,US_430,SH_3643,2024-06-12 22:26:46,2,,511.56,completed,
BK_6385,US_2290,SH_2780,2024-02-13 02:26:22,1,,393.15,completed,
BK_6386,US_8719,SH_3915,2024-08-12 19:42:56,2,,806.76,completed,
BK_6387,US_9091,SH_8885,2025-02-01 04:14:10,4,,1568.2,completed,
BK_6389,US_1467,SH_3126,2025-09-08 04:31:39,3,,0.0,refunded,
BK_6391,US_6343,SH_1520,2024-03-31 07:05:50,3,,0.0,failed,
BK_6394,US_9663,SH_7625,2024-10-19 11:45:19,2,,527.1,completed,
BK_6395,US_9464,SH_4847,2025-04-16 21:31:24,3,,490.62,completed,
BK_6396,US_8888,SH_1741,2025-12-18 22:24:44,1,,259.38,completed,
BK_6397,US_6286,SH_9820,2024-09-17 22:48:57,3,,713.79,completed,
BK_6398,US_7970,SH_5815,2024-06-19 02:29:00,2,,961.68,completed,
BK_6399,US_6484,SH_4315,2024-04-15 19:35:51,4,,1717.12,completed,
BK_6400,US_5512,SH_6826,2024-03-24 09:18:26,4,,909.32,completed,
BK_6401,US_4323,SH_4175,2024-05-16 22:59:50,3,,654.33,completed,
BK_6402,US_5319,SH_8696,2025-07-26 09:30:59,4,,1167.96,completed,
BK_6403,US_3890,SH_5878,2024-08-25 08:40:03,3,,488.22,completed,
BK_6404,US_3713,SH_7048,2025-12-27 14:44:58,4,,649.16,completed,
BK_6405,US_2101,SH_2355,2025-06-29 18:18:58,1,,463.96,completed,
BK_6406,US_8357,SH_6054,2025-09-13 10:03:21,3,,1149.21,completed,
BK_6407,US_3743,SH_2606,2025-08-10 03:08:20,3,,560.46,completed,
BK_6409,US_262,SH_447,2024-01-25 04:08:41,4,,0.0,failed,
BK_6412,US_2265,SH_2314,2024-06-21 18:52:10,3,,1460.6100000000001,completed,
BK_6413,US_8494,SH_7066,2024-11-22 19:26:18,2,,699.0,completed,
BK_6414,US_1159,SH_5043,2025-04-07 19:25:50,4,,0.0,refunded,
BK_6417,US_4309,SH_6932,2024-10-01 23:57:55,3,,1272.69,completed,
BK_6418,US_9483,SH_4476,2024-12-01 07:07:14,3,,990.8700000000001,completed,
BK_6419,US_2787,SH_7140,2024-09-21 00:16:00,2,,0.0,refunded,
BK_6421,US_1345,SH_1724,2025-11-24 22:43:49,4,,670.4,completed,
BK_6422,US_4792,SH_2148,2025-02-04 14:13:00,1,,211.77,completed,
BK_6423,US_6432,SH_2164,2024-10-05 19:42:14,3,,902.8499999999999,completed,
BK_6424,US_7101,SH_379,2025-03-19 12:38:28,3,,1080.57,completed,
BK_6425,US_7989,SH_470,2025-03-23 19:03:37,2,,414.46,completed,
BK_6426,US_8668,SH_3094,2025-05-14 06:36:59,3,,522.42,completed,
BK_6427,US_9803,SH_1370,2025-09-28 06:31:46,3,,1469.1299999999999,completed,
BK_6428,US_1157,SH_5135,2024-07-13 02:22:19,3,,1077.1200000000001,completed,
BK_6430,US_8055,SH_907,2024-02-10 01:14:19,3,,1182.48,completed,
BK_6433,US_102,SH_2677,2024-04-16 01:34:08,2,,424.74,completed,
BK_6434,US_3766,SH_3694,2024-02-28 09:51:04,3,,868.17,completed,
BK_6436,US_8496,SH_8672,2025-04-06 00:21:35,1,,461.09,completed,
BK_6438,US_1540,SH_2683,2025-01-26 08:03:09,2,,867.2,completed,
BK_6439,US_6881,SH_1946,2024-12-03 18:46:37,3,,1447.1100000000001,completed,
BK_6440,US_9077,SH_524,2024-07-15 22:59:42,3,,625.5,completed,
BK_6442,US_6873,SH_9147,2024-09-06 08:43:35,4,,889.64,completed,
BK_6443,US_6184,SH_1971,2024-11-15 20:16:20,1,,373.96,completed,
BK_6444,US_5172,SH_3478,2024-03-30 01:26:52,2,,0.0,failed,
BK_6446,US_7815,SH_8457,2024-08-07 13:58:32,2,,0.0,failed,
BK_6448,US_111,SH_1529,2024-05-25 02:27:45,1,,369.16,completed,
BK_6449,US_2085,SH_5298,2025-03-30 20:01:00,1,,327.92,completed,
BK_6450,US_6788,SH_2097,2025-05-05 19:27:12,1,,163.05,completed,
BK_6451,US_5569,SH_588,2025-01-24 06:51:28,1,,474.64,completed,
BK_6453,US_5243,SH_9581,2024-09-09 03:19:34,4,,1714.68,completed,
BK_6454,US_2182,SH_1617,2024-01-08 09:31:32,4,,753.36,completed,
BK_6455,US_5756,SH_2030,2024-10-13 16:54:33,2,,514.5,completed,
BK_6456,US_9312,SH_7134,2025-03-02 09:26:13,3,,1073.3700000000001,completed,
BK_6457,US_8755,SH_1219,2024-05-14 07:59:17,4,,1920.0,completed,
BK_6458,US_4943,SH_2958,2024-11-06 04:43:31,4,,0.0,failed,
BK_6460,US_7518,SH_7990,2024-07-29 14:44:51,4,,1811.08,completed,
BK_6461,US_3416,SH_7782,2024-06-23 09:54:18,2,,452.78,completed,
BK_6462,US_3379,SH_6618,2024-01-01 17:29:12,3,,494.15999999999997,completed,
BK_6464,US_5961,SH_6721,2025-12-22 02:32:19,1,,487.32,completed,
BK_6465,US_9095,SH_841,2025-03-27 20:53:43,4,,1537.52,completed,
BK_6466,US_3986,SH_7808,2024-10-31 21:13:12,1,,305.63,completed,
BK_6467,US_5276,SH_5555,2025-02-28 08:29:41,4,,1991.76,completed,
BK_6468,US_1428,SH_5803,2024-01-09 22:37:15,4,,806.2,completed,
BK_6469,US_6183,SH_8380,2024-05-23 11:35:02,3,,1092.27,completed,
BK_6470,US_3151,SH_6065,2025-10-23 10:33:07,2,,550.88,completed,
BK_6472,US_2950,SH_4918,2025-04-08 00:26:59,4,,634.84,completed,
BK_6473,US_6408,SH_6614,2025-05-04 06:10:30,1,,167.25,completed,
BK_6474,US_8675,SH_3380,2024-02-19 03:38:55,3,,557.13,completed,
BK_6475,US_1423,SH_6383,2025-02-16 03:49:56,2,,439.42,completed,
BK_6476,US_2943,SH_379,2024-01-08 23:49:30,1,,360.19,completed,
BK_6477,US_8591,SH_6137,2025-01-02 11:57:07,1,,173.36,completed,
BK_6478,US_3594,SH_1319,2025-09-21 18:01:07,4,,0.0,refunded,
BK_6479,US_7571,SH_9039,2024-10-17 20:15:46,3,,624.5699999999999,completed,
BK_6480,US_2716,SH_8506,2024-04-02 21:19:47,4,,743.36,completed,
BK_6481,US_2814,SH_8880,2024-02-28 03:49:25,1,,296.12,completed,
BK_6482,US_6634,SH_2571,2025-03-14 23:44:36,2,,0.0,failed,
BK_6483,US_4318,SH_5492,2025-05-08 14:08:59,3,,1181.6399999999999,completed,
BK_6484,US_5778,SH_7978,2024-12-13 04:22:09,1,,203.07,completed,
BK_6485,US_4249,SH_8576,2025-06-12 21:19:58,4,,0.0,failed,
BK_6486,US_2776,SH_9052,2024-12-14 21:18:15,2,,515.36,completed,
BK_6487,US_767,SH_2707,2025-03-11 01:20:05,1,,378.34,completed,
BK_6489,US_455,SH_9920,2025-07-23 19:22:21,3,,0.0,failed,
BK_6490,US_7608,SH_6358,2024-06-13 23:12:56,4,,1115.84,completed,
BK_6491,US_2895,SH_3748,2024-06-21 14:56:02,4,,970.84,completed,
BK_6492,US_2283,SH_1085,2025-10-05 08:47:04,3,,584.13,completed,
BK_6493,US_7395,SH_8981,2024-04-16 15:54:10,3,,1235.58,completed,
BK_6494,US_9319,SH_5812,2025-11-28 08:20:01,3,,1315.29,completed,
BK_6495,US_8310,SH_4982,2025-06-29 09:04:49,1,,0.0,refunded,
BK_6497,US_1254,SH_3101,2024-09-04 22:21:38,3,,708.63,completed,
BK_6499,US_414,SH_2004,2025-06-15 10:10:12,4,,890.2,completed,
BK_6501,US_5227,SH_4386,2024-12-10 13:42:33,4,,1843.92,completed,
BK_6502,US_7966,SH_9057,2025-04-16 18:00:44,4,,1733.84,completed,
BK_6503,US_8118,SH_9220,2024-09-02 23:26:37,1,,0.0,failed,
BK_6504,US_662,SH_7696,2025-07-27 04:53:29,4,,737.96,completed,
BK_6505,US_4714,SH_4764,2024-08-04 17:17:41,2,,696.12,completed,
BK_6506,US_4561,SH_1234,2025-02-27 03:32:13,2,,486.72,completed,
BK_6507,US_5944,SH_2738,2024-09-08 07:30:38,2,,838.78,completed,
BK_6508,US_1171,SH_6343,2024-11-02 14:31:22,3,,890.4000000000001,completed,
BK_6509,US_4183,SH_5953,2024-11-02 08:17:47,3,,0.0,failed,
BK_6511,US_552,SH_3716,2024-12-11 06:52:09,4,,1235.08,completed,
BK_6512,US_2777,SH_4150,2024-09-21 19:23:11,2,,964.8,completed,
BK_6513,US_6782,SH_4914,2024-10-18 06:33:26,1,,478.45,completed,
BK_6514,US_288,SH_7926,2024-12-06 08:16:07,2,,905.72,completed,
BK_6516,US_7020,SH_7761,2024-04-30 19:53:28,2,,515.38,completed,
BK_6517,US_6886,SH_3829,2024-07-29 06:07:08,2,,837.56,completed,
BK_6518,US_3251,SH_7327,2025-09-13 15:03:28,3,,1205.01,completed,
BK_6519,US_9370,SH_3807,2025-03-20 14:57:50,2,,805.4,completed,
BK_6520,US_6553,SH_7614,2025-11-13 16:21:30,3,,1312.56,completed,
BK_6522,US_7437,SH_9209,2024-07-28 04:30:56,3,,545.46,completed,
BK_6523,US_7213,SH_8970,2024-04-18 09:48:03,1,,163.66,completed,
BK_6524,US_8481,SH_6645,2024-09-28 17:21:59,4,,802.6,completed,
BK_6526,US_584,SH_4292,2024-09-13 16:53:27,2,,896.84,completed,
BK_6527,US_3401,SH_4648,2024-01-16 01:59:04,1,,324.82,completed,
BK_6528,US_3048,SH_6827,2024-08-31 18:59:06,4,,747.68,completed,
BK_6529,US_4777,SH_8214,2024-07-19 01:13:49,3,,873.4499999999999,completed,
BK_6530,US_616,SH_9693,2024-05-20 20:45:44,2,,722.02,completed,
BK_6531,US_4852,SH_7782,2024-09-11 04:27:41,3,,0.0,failed,
BK_6532,US_7618,SH_8697,2025-12-22 03:37:40,3,,1130.4,completed,
BK_6533,US_8111,SH_4240,2024-08-27 05:01:00,3,,790.23,completed,
BK_6534,US_8626,SH_4744,2025-04-19 20:41:42,4,,1542.88,completed,
BK_6535,US_8198,SH_3931,2024-06-21 21:22:15,2,,969.56,completed,
BK_6536,US_8135,SH_3984,2024-10-10 02:00:40,3,,783.5999999999999,completed,
BK_6537,US_7309,SH_8350,2024-11-13 02:54:42,2,,875.44,completed,
BK_6538,US_3934,SH_9269,2024-07-17 13:25:58,4,,1126.96,completed,
BK_6539,US_5716,SH_4874,2024-02-20 09:48:43,3,,722.9399999999999,completed,
BK_6540,US_7959,SH_7441,2025-03-02 10:34:19,2,,966.28,completed,
BK_6541,US_1094,SH_469,2024-11-20 12:47:59,1,,316.05,completed,
BK_6542,US_5477,SH_5866,2024-02-10 23:28:33,1,,455.72,completed,
BK_6544,US_9657,SH_1645,2024-02-18 04:51:30,2,,642.98,completed,
BK_6545,US_3366,SH_8914,2024-09-14 01:44:04,4,,0.0,failed,
BK_6546,US_367,SH_1717,2024-08-08 08:27:48,1,,319.81,completed,
BK_6548,US_8495,SH_8951,2024-06-09 18:09:33,3,,757.47,completed,
BK_6549,US_5939,SH_5443,2024-12-02 22:27:49,4,,1240.8,completed,
BK_6550,US_5603,SH_2441,2025-03-09 11:51:19,3,,0.0,failed,
BK_6553,US_6664,SH_2650,2025-12-03 15:45:10,2,,753.98,completed,
BK_6554,US_6265,SH_7227,2024-07-02 09:38:14,1,,328.74,completed,
BK_6555,US_4945,SH_8638,2024-12-19 12:39:41,2,,683.9,completed,
BK_6556,US_8694,SH_419,2024-01-14 17:34:41,1,,469.59,completed,
BK_6557,US_6797,SH_1534,2025-08-02 06:38:36,3,,1231.0500000000002,completed,
BK_6558,US_47,SH_5961,2025-04-26 00:57:15,3,,1336.41,completed,
BK_6559,US_5145,SH_2219,2025-05-15 14:25:21,3,,1396.56,completed,
BK_6560,US_7109,SH_7830,2024-08-29 00:37:19,3,,693.54,completed,
BK_6562,US_9993,SH_8530,2024-09-24 20:08:50,3,,497.58000000000004,completed,
BK_6563,US_6296,SH_7564,2024-10-01 04:02:52,1,,303.14,completed,
BK_6564,US_7447,SH_8590,2025-01-12 02:52:59,4,,1930.0,completed,
BK_6565,US_8103,SH_3659,2025-07-13 15:06:12,3,,652.98,completed,
BK_6566,US_3636,SH_9606,2024-04-27 00:46:32,3,,973.86,completed,
BK_6567,US_5856,SH_1767,2025-08-01 07:55:18,1,,235.73,completed,
BK_6569,US_6965,SH_2370,2025-12-02 14:27:54,3,,1289.85,completed,
BK_6570,US_6597,SH_9799,2024-09-30 12:30:03,2,,597.28,completed,
BK_6571,US_5938,SH_1661,2025-05-01 11:47:14,3,,1115.19,completed,
BK_6572,US_9200,SH_2979,2024-06-20 10:22:13,4,,1274.64,completed,
BK_6573,US_8838,SH_5824,2024-08-15 05:22:10,4,,1862.32,completed,
BK_6574,US_3499,SH_1078,2024-10-04 18:46:04,2,,600.34,completed,
BK_6575,US_8407,SH_3821,2025-06-23 23:35:32,1,,0.0,failed,
BK_6576,US_9243,SH_5062,2025-04-28 21:57:05,4,,895.36,completed,
BK_6577,US_7106,SH_1007,2025-02-02 23:15:15,3,,512.9399999999999,completed,
BK_6578,US_1559,SH_2190,2024-04-25 09:31:27,1,,202.8,completed,
BK_6579,US_9656,SH_6025,2024-06-06 11:19:27,1,,258.76,completed,
BK_6580,US_5115,SH_6740,2024-06-15 18:50:19,4,,1071.12,completed,
BK_6581,US_7225,SH_7027,2024-01-06 01:54:35,4,,1408.88,completed,
BK_6584,US_673,SH_6382,2025-04-01 10:36:59,4,,1658.24,completed,
BK_6586,US_4320,SH_2259,2025-04-21 19:31:31,4,,1891.2,completed,
BK_6588,US_1477,SH_3344,2025-03-01 14:17:53,1,,215.28,completed,
BK_6590,US_9109,SH_7979,2024-03-09 21:27:08,4,,815.88,completed,
BK_6591,US_536,SH_6732,2024-04-11 08:06:51,3,,781.08,completed,
BK_6592,US_4836,SH_3150,2024-04-23 08:09:43,4,,0.0,refunded,
BK_6593,US_2924,SH_2838,2024-08-03 01:54:47,2,,418.14,completed,
BK_6594,US_3412,SH_9623,2025-09-22 06:08:43,2,,563.32,completed,
BK_6595,US_563,SH_7567,2025-03-10 22:32:44,3,,658.8,completed,
BK_6596,US_426,SH_2164,2024-03-11 16:12:57,1,,300.95,completed,
BK_6597,US_6510,SH_5403,2024-07-19 22:54:00,1,,473.13,completed,
BK_6598,US_8351,SH_775,2025-04-22 22:31:42,1,,0.0,refunded,
BK_6599,US_2128,SH_5432,2025-02-24 05:34:01,2,,881.98,completed,
BK_6600,US_8249,SH_9385,2025-01-23 02:31:40,4,,1275.0,completed,
BK_6601,US_3705,SH_9728,2024-01-01 19:29:21,4,,1332.04,completed,
BK_6602,US_2753,SH_3791,2024-11-28 13:17:03,4,,977.04,completed,
BK_6603,US_5786,SH_6383,2025-01-12 00:27:54,4,,878.84,completed,
BK_6604,US_8630,SH_7896,2025-05-14 21:33:24,1,,400.25,completed,
BK_6605,US_5276,SH_4848,2024-01-26 12:14:59,1,,430.9,completed,
BK_6606,US_7355,SH_8524,2025-01-31 13:57:26,1,,0.0,failed,
BK_6607,US_6102,SH_5043,2025-06-08 21:49:03,2,,817.72,completed,
BK_6609,US_7030,SH_5911,2024-03-26 06:47:50,1,,407.43,completed,
BK_6610,US_7091,SH_2386,2025-08-16 01:34:27,4,,1741.88,completed,
BK_6612,US_8809,SH_6967,2025-06-05 01:07:16,1,,155.07,completed,
BK_6613,US_4011,SH_3050,2025-06-09 18:04:20,2,,0.0,refunded,
BK_6614,US_9744,SH_8692,2025-10-09 11:13:19,4,,871.08,completed,
BK_6615,US_4316,SH_7044,2024-10-11 01:59:46,4,,1251.4,completed,
BK_6616,US_2097,SH_3984,2025-12-25 07:21:35,1,,261.2,completed,
BK_6618,US_2342,SH_9476,2025-09-30 12:31:46,4,,1929.36,completed,
BK_6619,US_502,SH_8250,2025-06-20 18:11:01,4,,699.6,completed,
BK_6620,US_4547,SH_7029,2025-03-13 09:48:15,3,,459.18,completed,
BK_6621,US_4603,SH_7865,2025-07-27 04:26:50,3,,892.29,completed,
BK_6622,US_1276,SH_3778,2024-08-30 03:00:44,3,,726.5999999999999,completed,
BK_6623,US_3452,SH_1423,2024-03-02 11:00:30,4,,1040.56,completed,
BK_6624,US_4259,SH_7714,2024-08-05 02:59:55,1,,486.26,completed,
BK_6626,US_8297,SH_3151,2024-11-03 19:30:15,2,,969.0,completed,
BK_6627,US_5035,SH_7377,2025-10-05 04:44:15,1,,407.96,completed,
BK_6628,US_9658,SH_258,2025-03-24 16:29:47,4,,1313.6,completed,
BK_6629,US_1028,SH_2097,2024-11-09 19:05:40,2,,326.1,completed,
BK_6630,US_2188,SH_770,2025-10-20 06:21:37,3,,543.96,completed,
BK_6631,US_7921,SH_3647,2024-11-09 19:29:38,2,,749.14,completed,
BK_6632,US_7851,SH_7582,2024-07-23 13:21:51,3,,1132.08,completed,
BK_6633,US_7559,SH_1499,2025-07-31 20:57:11,3,,1200.84,completed,
BK_6634,US_1035,SH_6675,2025-04-03 02:26:52,1,,323.7,completed,
BK_6636,US_3626,SH_244,2024-12-13 16:20:08,4,,995.36,completed,
BK_6637,US_6110,SH_6497,2024-07-12 20:08:40,2,,362.24,completed,
BK_6638,US_7066,SH_336,2025-01-17 09:25:42,2,,755.74,completed,
BK_6640,US_5806,SH_5644,2025-06-20 19:22:01,1,,197.59,completed,
BK_6642,US_2486,SH_2446,2025-09-30 04:42:03,3,,0.0,failed,
BK_6643,US_9332,SH_3363,2024-06-26 17:49:36,1,,0.0,refunded,
BK_6644,US_3166,SH_8110,2025-06-25 15:11:27,2,,319.12,completed,
BK_6645,US_9162,SH_6019,2024-05-27 05:26:20,2,,716.66,completed,
BK_6646,US_752,SH_880,2025-09-09 12:17:20,1,,234.52,completed,
BK_6647,US_4789,SH_669,2025-10-21 17:32:06,4,,1083.8,completed,
BK_6648,US_1138,SH_368,2025-10-17 02:12:58,2,,425.54,completed,
BK_6650,US_2451,SH_1358,2024-10-15 01:01:02,4,,1584.24,completed,
BK_6651,US_1233,SH_4290,2025-06-21 04:16:36,3,,0.0,refunded,
BK_6652,US_2779,SH_8465,2024-06-20 16:15:58,4,,914.2,completed,
BK_6653,US_4419,SH_4147,2025-06-07 07:54:19,3,,1050.96,completed,
BK_6654,US_1871,SH_3597,2024-12-29 22:45:57,4,,768.28,completed,
BK_6655,US_7215,SH_1243,2025-07-09 14:54:03,4,,960.8,completed,
BK_6657,US_3804,SH_2877,2025-11-25 14:42:43,4,,1833.32,completed,
BK_6658,US_3788,SH_9806,2025-12-27 20:57:04,3,,873.96,completed,
BK_6659,US_1598,SH_5,2025-02-10 11:00:12,3,,1249.44,completed,
BK_6660,US_2034,SH_3646,2025-06-07 17:11:38,3,,767.67,completed,
BK_6661,US_2709,SH_7141,2024-03-29 18:05:30,2,,587.96,completed,
BK_6662,US_2096,SH_853,2025-02-02 23:57:25,1,,440.38,completed,
BK_6667,US_1622,SH_3607,2025-03-06 19:21:52,4,,1352.2,completed,
BK_6668,US_635,SH_4415,2025-08-27 06:20:54,4,,1412.96,completed,
BK_6669,US_5188,SH_4572,2025-12-19 09:27:12,2,,340.84,completed,
BK_6670,US_1191,SH_2434,2025-05-19 16:38:51,1,,354.69,completed,
BK_6671,US_4992,SH_8557,2025-07-31 19:21:07,2,,329.64,completed,
BK_6672,US_1419,SH_5990,2024-07-28 09:13:54,4,,1243.84,completed,
BK_6673,US_6324,SH_5099,2025-07-03 00:53:21,2,,694.98,completed,
BK_6674,US_1337,SH_5731,2024-09-05 03:19:52,3,,852.21,completed,
BK_6675,US_6485,SH_5975,2024-04-25 05:28:02,3,,534.96,completed,
BK_6676,US_5694,SH_9771,2025-06-17 04:47:52,2,,936.12,completed,
BK_6677,US_2163,SH_2389,2024-03-01 10:18:56,1,,249.36,completed,
BK_6678,US_8912,SH_8523,2024-07-25 22:04:26,4,,1741.0,completed,
BK_6680,US_7479,SH_3374,2024-12-01 06:06:57,3,,0.0,failed,
BK_6681,US_7302,SH_6803,2025-10-16 01:26:43,1,,0.0,refunded,
BK_6682,US_7088,SH_6389,2024-08-14 06:32:45,1,,174.57,completed,
BK_6684,US_1371,SH_96,2025-11-17 05:06:58,4,,0.0,failed,
BK_6687,US_5831,SH_9122,2024-11-07 03:38:15,2,,0.0,refunded,
BK_6688,US_190,SH_4179,2024-03-24 17:36:32,3,,1488.15,completed,
BK_6689,US_9332,SH_4804,2025-11-21 13:11:44,3,,1424.6999999999998,completed,
BK_6691,US_5691,SH_8246,2024-10-25 21:35:33,3,,524.79,completed,
BK_6692,US_6785,SH_5949,2025-12-30 05:46:47,4,,0.0,failed,
BK_6693,US_4979,SH_1703,2025-10-12 14:06:48,1,,313.79,completed,
BK_6696,US_3553,SH_5446,2025-05-10 08:14:51,4,,1486.88,completed,
BK_6697,US_8488,SH_3977,2025-05-07 20:30:51,4,,1270.4,completed,
BK_6699,US_1153,SH_1824,2024-11-19 14:43:25,3,,616.2,completed,
BK_6700,US_6842,SH_757,2025-04-10 14:35:43,3,,893.49,completed,
BK_6701,US_8911,SH_3226,2025-10-23 15:08:37,2,,0.0,failed,
BK_6704,US_871,SH_918,2025-01-19 11:32:35,2,,726.66,completed,
BK_6705,US_898,SH_5051,2025-11-06 14:28:10,3,,725.55,completed,
BK_6706,US_4760,SH_7276,2025-02-23 01:03:41,1,,474.86,completed,
BK_6709,US_4562,SH_9573,2025-07-23 06:36:49,3,,0.0,failed,
BK_6710,US_6182,SH_7039,2025-10-31 19:36:51,3,,1288.68,completed,
BK_6711,US_2083,SH_8118,2025-04-28 14:01:46,3,,1282.1100000000001,completed,
BK_6712,US_7110,SH_5031,2025-03-25 04:38:01,4,,1970.24,completed,
BK_6713,US_1486,SH_5354,2025-09-12 09:17:14,2,,710.14,completed,
BK_6714,US_7035,SH_505,2025-01-02 15:29:17,2,,608.04,completed,
BK_6715,US_1674,SH_1970,2025-11-03 01:13:58,2,,0.0,refunded,
BK_6716,US_8820,SH_6967,2025-03-13 02:17:03,1,,155.07,completed,
BK_6717,US_3773,SH_6279,2024-04-18 08:23:05,3,,635.37,completed,
BK_6718,US_314,SH_4297,2024-07-28 23:59:35,2,,0.0,refunded,
BK_6719,US_8134,SH_7771,2025-10-05 23:59:06,2,,585.58,completed,
BK_6722,US_4202,SH_6358,2024-10-28 12:57:46,1,,278.96,completed,
BK_6723,US_4223,SH_8003,2024-11-05 08:08:59,1,,223.33,completed,
BK_6724,US_1942,SH_2863,2024-02-12 10:08:57,2,,342.7,completed,
BK_6725,US_459,SH_6913,2025-11-21 21:24:19,3,,1406.73,completed,
BK_6726,US_3354,SH_3252,2024-07-25 21:52:04,2,,567.24,completed,
BK_6727,US_4044,SH_7172,2025-08-17 07:06:32,3,,1451.6100000000001,completed,
BK_6728,US_3244,SH_2232,2025-01-22 04:14:39,1,,322.95,completed,
BK_6729,US_3838,SH_9094,2025-07-11 22:43:48,4,,1246.36,completed,
BK_6730,US_3835,SH_140,2024-06-18 12:27:51,2,,717.5,completed,
BK_6731,US_9723,SH_508,2025-10-07 20:27:57,1,,457.32,completed,
BK_6732,US_3655,SH_5016,2025-06-26 00:41:25,1,,438.79,completed,
BK_6733,US_5586,SH_9236,2025-03-05 22:46:23,1,,471.71,completed,
BK_6734,US_7189,SH_5159,2025-06-27 03:33:55,2,,701.48,completed,
BK_6735,US_8074,SH_5407,2024-12-20 00:34:37,3,,568.77,completed,
BK_6736,US_8713,SH_7018,2024-04-02 04:59:14,2,,0.0,refunded,
BK_6737,US_9096,SH_5742,2025-09-19 02:52:51,2,,361.68,completed,
BK_6739,US_849,SH_271,2025-02-12 17:00:07,1,,330.91,completed,
BK_6740,US_656,SH_9838,2025-12-06 19:40:50,3,,797.97,completed,
BK_6741,US_8143,SH_147,2025-04-30 01:49:34,1,,224.85,completed,
BK_6742,US_8330,SH_3929,2024-08-21 21:58:19,2,,417.92,completed,
BK_6743,US_9427,SH_1667,2025-09-28 07:01:55,1,,389.75,completed,
BK_6744,US_6154,SH_2023,2024-12-13 08:44:41,2,,856.9,completed,
BK_6747,US_3974,SH_3283,2024-10-18 08:06:46,4,,648.92,completed,
BK_6749,US_6183,SH_2188,2024-03-05 17:41:23,3,,1054.29,completed,
BK_6751,US_634,SH_998,2025-10-12 16:41:29,3,,1373.16,completed,
BK_6752,US_6244,SH_3577,2024-04-08 05:45:00,2,,0.0,failed,
BK_6753,US_7665,SH_3294,2025-03-05 13:24:12,1,,389.2,completed,
BK_6754,US_9200,SH_1786,2025-02-28 11:52:51,1,,0.0,failed,
BK_6755,US_4010,SH_7255,2024-03-27 08:43:38,4,,1946.2,completed,
BK_6756,US_1016,SH_1156,2025-12-17 08:41:22,4,,1768.0,completed,
BK_6758,US_577,SH_4422,2024-07-03 18:35:21,1,,486.01,completed,
BK_6759,US_3287,SH_8105,2024-07-12 17:05:48,1,,402.54,completed,
BK_6760,US_9501,SH_6087,2024-01-01 13:51:31,3,,505.29,completed,
BK_6761,US_6622,SH_8677,2024-03-11 16:24:05,3,,0.0,failed,
BK_6762,US_4332,SH_5396,2025-09-21 14:37:44,4,,656.24,completed,
BK_6763,US_2342,SH_5993,2024-01-08 01:42:57,4,,0.0,failed,
BK_6764,US_3224,SH_9185,2024-04-27 04:38:59,4,,1471.48,completed,
BK_6766,US_8049,SH_3198,2024-07-10 19:41:25,1,,317.59,completed,
BK_6769,US_5938,SH_9871,2025-01-09 05:52:47,1,,412.05,completed,
BK_6770,US_2192,SH_6256,2025-02-28 22:02:47,2,,775.96,completed,
BK_6771,US_9118,SH_7039,2025-07-11 06:38:51,1,,429.56,completed,
BK_6772,US_931,SH_6935,2024-08-13 11:21:35,4,,786.56,completed,
BK_6773,US_3667,SH_2302,2024-11-08 13:11:33,2,,761.9,completed,
BK_6774,US_4444,SH_4698,2025-02-25 16:02:12,3,,500.22,completed,
BK_6775,US_6503,SH_1159,2024-01-08 15:53:42,4,,1243.32,completed,
BK_6776,US_6660,SH_1796,2025-09-25 22:53:05,2,,595.12,completed,
BK_6779,US_7345,SH_8362,2024-11-21 12:13:01,4,,0.0,refunded,
BK_6780,US_1198,SH_2606,2024-08-27 09:16:07,1,,0.0,refunded,
BK_6781,US_7903,SH_4249,2024-05-07 20:22:51,2,,507.16,completed,
BK_6782,US_93,SH_739,2025-06-17 08:05:11,4,,931.24,completed,
BK_6783,US_7055,SH_8923,2024-08-26 20:44:59,1,,464.09,completed,
BK_6784,US_761,SH_9040,2025-09-05 06:30:19,2,,801.94,completed,
BK_6785,US_8928,SH_9125,2024-01-16 05:40:12,1,,431.88,completed,
BK_6786,US_9583,SH_9854,2025-06-28 22:26:19,3,,0.0,refunded,
BK_6787,US_1040,SH_616,2024-08-27 11:03:36,3,,1134.78,completed,
BK_6788,US_7297,SH_7443,2024-07-31 01:26:28,4,,1011.44,completed,
BK_6792,US_3531,SH_1951,2024-01-28 13:17:20,4,,1052.8,completed,
BK_6793,US_9310,SH_968,2024-09-25 07:22:26,2,,910.4,completed,
BK_6794,US_7467,SH_1978,2024-03-11 18:32:23,2,,441.4,completed,
BK_6795,US_6242,SH_4488,2025-12-09 02:39:03,2,,499.6,completed,
BK_6796,US_4615,SH_2022,2025-05-10 09:57:25,3,,0.0,failed,
BK_6797,US_2010,SH_4909,2025-02-04 09:05:50,2,,432.42,completed,
BK_6798,US_384,SH_8659,2024-08-11 03:24:16,3,,895.1999999999999,completed,
BK_6799,US_715,SH_7807,2025-12-27 02:42:15,2,,304.38,completed,
BK_6800,US_8444,SH_3408,2024-12-27 01:57:57,4,,1485.56,completed,
BK_6801,US_9775,SH_8614,2025-03-11 10:15:38,4,,1510.96,completed,
BK_6802,US_8286,SH_2831,2025-07-10 16:55:31,1,,0.0,refunded,
BK_6803,US_4217,SH_1602,2024-09-05 03:30:14,2,,0.0,refunded,
BK_6804,US_865,SH_681,2025-05-30 16:13:31,1,,372.79,completed,
BK_6805,US_2753,SH_1436,2025-11-27 17:33:57,2,,449.22,completed,
BK_6807,US_993,SH_5549,2025-07-08 11:20:27,1,,383.47,completed,
BK_6808,US_6542,SH_1607,2025-12-08 21:16:23,3,,1172.31,completed,
BK_6809,US_53,SH_7605,2024-01-31 13:56:01,3,,1306.65,completed,
BK_6810,US_7482,SH_2213,2024-01-16 13:49:02,4,,684.36,completed,
BK_6811,US_3980,SH_8787,2024-03-25 19:25:35,2,,936.4,completed,
BK_6812,US_2960,SH_8918,2024-12-23 02:00:30,1,,257.94,completed,
BK_6813,US_9586,SH_5514,2024-11-24 15:03:51,2,,0.0,failed,
BK_6814,US_8640,SH_6998,2025-02-24 23:38:10,1,,206.26,completed,
BK_6815,US_5384,SH_3039,2024-05-20 17:29:17,3,,0.0,failed,
BK_6817,US_3580,SH_6033,2024-03-27 13:28:05,1,,0.0,failed,
BK_6819,US_7594,SH_1152,2025-07-31 03:57:18,4,,1054.36,completed,
BK_6822,US_414,SH_6565,2024-08-22 02:16:07,3,,896.52,completed,
BK_6823,US_6844,SH_6130,2024-08-18 09:56:42,2,,0.0,refunded,
BK_6824,US_8050,SH_2468,2024-07-13 14:51:05,2,,400.88,completed,
BK_6825,US_659,SH_755,2024-03-10 23:40:20,4,,0.0,refunded,
BK_6826,US_4537,SH_6109,2025-11-19 20:57:45,1,,386.82,completed,
BK_6827,US_165,SH_2030,2025-05-19 11:11:35,4,,1029.0,completed,
BK_6828,US_4746,SH_177,2025-01-26 15:24:04,3,,0.0,failed,
BK_6829,US_101,SH_7813,2024-09-04 16:39:00,3,,1040.6999999999998,completed,
BK_6830,US_4570,SH_5742,2025-07-05 18:52:13,4,,723.36,completed,
BK_6832,US_3077,SH_5486,2024-05-01 16:24:44,4,,684.48,completed,
BK_6834,US_7508,SH_3176,2025-07-12 21:34:20,1,,431.46,completed,
BK_6835,US_3660,SH_1705,2025-12-07 23:21:03,4,,1012.84,completed,
BK_6836,US_3111,SH_1686,2025-05-03 03:12:01,2,,0.0,refunded,
BK_6837,US_3212,SH_7771,2024-01-29 17:14:30,3,,878.3700000000001,completed,
BK_6838,US_6612,SH_2981,2024-01-22 02:58:48,2,,305.9,completed,
BK_6839,US_6287,SH_5504,2024-04-03 17:43:02,1,,218.29,completed,
BK_6840,US_2060,SH_7612,2024-05-16 11:17:33,1,,489.28,completed,
BK_6842,US_4743,SH_584,2025-03-17 20:53:26,1,,435.93,completed,
BK_6843,US_6139,SH_6310,2025-02-21 17:30:05,1,,427.24,completed,
BK_6844,US_1477,SH_7549,2025-02-23 16:33:58,3,,0.0,failed,
BK_6845,US_7655,SH_2907,2024-07-28 14:39:38,4,,835.72,completed,
BK_6846,US_140,SH_4747,2024-11-06 11:27:48,4,,648.48,completed,
BK_6847,US_6984,SH_28,2024-01-18 00:08:06,3,,0.0,failed,
BK_6848,US_7855,SH_5023,2025-09-18 06:20:18,4,,1311.96,completed,
BK_6849,US_4979,SH_500,2024-11-27 15:03:11,1,,370.6,completed,
BK_6850,US_3189,SH_5840,2025-12-05 04:27:42,1,,308.47,completed,
BK_6853,US_4024,SH_7786,2024-07-23 02:58:22,3,,452.93999999999994,completed,
BK_6855,US_9238,SH_6772,2025-10-09 08:45:26,3,,611.37,completed,
BK_6856,US_6815,SH_485,2025-01-06 17:31:53,1,,298.31,completed,
BK_6858,US_1110,SH_7005,2025-02-07 22:36:22,3,,0.0,refunded,
BK_6859,US_7775,SH_4722,2024-11-24 11:13:02,4,,1212.44,completed,
BK_6860,US_5476,SH_5037,2024-02-22 14:49:05,1,,461.56,completed,
BK_6861,US_2287,SH_2244,2025-03-03 12:03:41,1,,340.51,completed,
BK_6862,US_2332,SH_7074,2024-02-24 02:07:33,2,,492.02,completed,
BK_6863,US_8601,SH_75,2024-05-20 19:51:04,4,,0.0,refunded,
BK_6864,US_5680,SH_3030,2025-09-20 06:01:27,1,,404.12,completed,
BK_6865,US_7416,SH_5134,2025-05-17 20:27:33,3,,808.3199999999999,completed,
BK_6866,US_6549,SH_5555,2024-12-13 16:56:44,1,,0.0,failed,
BK_6867,US_587,SH_689,2024-10-08 17:50:57,4,,993.32,completed,
BK_6868,US_5028,SH_6991,2024-10-18 04:08:50,1,,228.16,completed,
BK_6871,US_9943,SH_9262,2025-10-24 12:57:09,4,,1417.28,completed,
BK_6872,US_8685,SH_6155,2024-01-13 08:10:47,4,,926.8,completed,
BK_6873,US_5686,SH_1412,2024-08-05 20:52:57,4,,1373.88,completed,
BK_6874,US_299,SH_2106,2024-07-05 23:37:23,3,,0.0,failed,
BK_6875,US_7970,SH_972,2024-01-10 16:20:01,3,,0.0,refunded,
BK_6877,US_6286,SH_1907,2024-06-14 19:05:14,2,,413.78,completed,
BK_6878,US_6975,SH_6990,2024-04-08 04:41:46,2,,419.1,completed,
BK_6879,US_2886,SH_4004,2024-12-31 18:07:01,4,,627.48,completed,
BK_6880,US_8794,SH_7207,2024-07-08 07:12:42,4,,760.84,completed,
BK_6881,US_294,SH_7186,2025-05-28 12:28:30,4,,990.0,completed,
BK_6882,US_5558,SH_2086,2025-03-10 17:56:36,4,,1835.44,completed,
BK_6883,US_862,SH_3797,2024-09-27 15:25:42,1,,375.07,completed,
BK_6884,US_7204,SH_5327,2025-09-03 15:06:43,3,,997.92,completed,
BK_6885,US_6426,SH_7095,2024-03-27 14:48:07,2,,667.96,completed,
BK_6886,US_4335,SH_6871,2025-02-01 09:48:37,2,,467.8,completed,
BK_6887,US_8539,SH_4366,2025-11-10 10:27:46,4,,1553.68,completed,
BK_6889,US_9592,SH_1097,2024-06-24 16:45:38,1,,256.37,completed,
BK_6890,US_6589,SH_1799,2024-06-08 12:49:02,1,,232.2,completed,
BK_6891,US_981,SH_1426,2025-09-16 07:13:53,1,,195.8,completed,
BK_6892,US_3801,SH_9892,2024-10-05 04:02:57,4,,1749.64,completed,
BK_6893,US_8784,SH_3481,2025-03-14 12:58:31,4,,1625.76,completed,
BK_6894,US_5169,SH_9554,2025-02-15 15:44:29,2,,749.72,completed,
BK_6895,US_120,SH_9333,2025-09-07 12:08:57,1,,0.0,failed,
BK_6896,US_5572,SH_3890,2025-05-25 22:35:09,2,,476.44,completed,
BK_6897,US_8808,SH_5790,2024-09-28 10:55:00,2,,852.0,completed,
BK_6898,US_2034,SH_4231,2024-09-22 02:28:31,1,,236.78,completed,
BK_6899,US_6088,SH_289,2025-07-19 15:42:07,4,,755.4,completed,
BK_6900,US_7582,SH_9019,2024-05-03 12:27:49,4,,1252.28,completed,
BK_6901,US_9728,SH_8574,2024-04-28 17:58:17,1,,211.03,completed,
BK_6902,US_4930,SH_1468,2024-01-25 05:32:44,4,,1675.44,completed,
BK_6903,US_3762,SH_8131,2024-09-15 13:45:08,4,,1634.52,completed,
BK_6904,US_6607,SH_6293,2024-01-21 13:27:32,4,,1931.96,completed,
BK_6905,US_7152,SH_3558,2025-12-10 17:18:30,3,,856.9499999999999,completed,
BK_6906,US_1447,SH_1085,2025-05-21 11:21:36,4,,778.84,completed,
BK_6907,US_7442,SH_1614,2024-10-05 08:55:27,1,,303.09,completed,
BK_6908,US_1164,SH_8707,2025-01-09 04:19:24,3,,1404.75,completed,
BK_6909,US_1849,SH_8041,2024-06-06 04:31:16,2,,892.12,completed,
BK_6910,US_8091,SH_9321,2025-08-14 16:48:14,4,,616.96,completed,
BK_6911,US_4059,SH_5928,2024-01-03 05:05:04,2,,999.2,completed,
BK_6913,US_9355,SH_1458,2024-03-12 13:17:44,1,,355.06,completed,
BK_6914,US_8877,SH_6165,2024-10-15 10:02:44,2,,436.06,completed,
BK_6915,US_8786,SH_9733,2025-03-17 11:48:10,1,,266.87,completed,
BK_6917,US_9825,SH_3740,2025-05-19 17:29:59,2,,387.5,completed,
BK_6918,US_9878,SH_4314,2024-11-12 20:09:39,1,,268.8,completed,
BK_6919,US_1549,SH_8050,2025-03-16 12:33:57,1,,370.32,completed,
BK_6920,US_1091,SH_8518,2024-03-25 10:40:04,3,,638.4000000000001,completed,
BK_6921,US_5439,SH_4205,2024-08-15 08:19:23,1,,451.03,completed,
BK_6922,US_789,SH_4939,2024-08-30 09:21:54,4,,1767.2,completed,
BK_6923,US_2896,SH_5590,2025-07-12 15:16:57,2,,775.64,completed,
BK_6924,US_9536,SH_7670,2025-07-10 04:57:44,2,,326.44,completed,
BK_6925,US_8170,SH_2259,2025-12-09 04:54:54,1,,472.8,completed,
BK_6926,US_7572,SH_6151,2025-04-07 22:47:59,2,,0.0,refunded,
BK_6927,US_1902,SH_1641,2025-10-24 08:16:16,4,,1105.72,completed,
BK_6928,US_37,SH_3356,2024-06-07 06:50:18,1,,380.27,completed,
BK_6929,US_9903,SH_4285,2024-02-26 15:55:03,3,,0.0,failed,
BK_6930,US_7852,SH_5175,2025-08-26 14:14:22,3,,977.9100000000001,completed,
BK_6931,US_4366,SH_1158,2025-04-03 09:58:45,2,,700.24,completed,
BK_6932,US_7154,SH_2812,2024-07-03 05:27:14,2,,488.48,completed,
BK_6933,US_6954,SH_9540,2024-10-28 21:42:05,3,,1423.5,completed,
BK_6934,US_7832,SH_8683,2024-10-23 07:28:48,1,,193.46,completed,
BK_6935,US_8937,SH_7446,2024-02-25 06:50:41,2,,313.72,completed,
BK_6936,US_1693,SH_9463,2025-12-05 01:39:38,4,,1530.16,completed,
BK_6937,US_2854,SH_3344,2025-05-18 08:10:24,3,,645.84,completed,
BK_6940,US_5873,SH_1567,2025-11-13 03:35:37,2,,469.68,completed,
BK_6941,US_9489,SH_8502,2024-08-04 01:02:02,1,,473.7,completed,
BK_6942,US_4353,SH_7326,2024-12-13 04:14:49,4,,1300.76,completed,
BK_6945,US_2294,SH_4578,2025-04-10 10:13:12,2,,709.22,completed,
BK_6946,US_8511,SH_3196,2025-02-08 19:39:02,1,,221.29,completed,
BK_6948,US_8148,SH_9945,2024-12-20 20:39:43,1,,211.04,completed,
BK_6949,US_4079,SH_7050,2025-06-18 06:13:27,3,,0.0,failed,
BK_6950,US_3186,SH_401,2024-05-05 05:49:22,2,,516.96,completed,
BK_6951,US_3288,SH_8636,2024-03-28 09:08:27,2,,598.32,completed,
BK_6956,US_32,SH_2569,2024-07-27 19:03:35,4,,1247.2,completed,
BK_6957,US_9668,SH_7062,2024-11-28 11:26:37,3,,966.5699999999999,completed,
BK_6958,US_6200,SH_1832,2024-03-23 14:26:02,2,,893.26,completed,
BK_6959,US_4971,SH_8651,2025-10-29 07:16:42,2,,823.16,completed,
BK_6960,US_8020,SH_7859,2025-07-09 23:19:12,1,,230.24,completed,
BK_6961,US_9805,SH_5573,2024-03-11 17:06:06,4,,1650.16,completed,
BK_6963,US_1590,SH_6733,2024-09-23 08:10:32,2,,837.78,completed,
BK_6964,US_7020,SH_4018,2025-11-11 07:10:59,1,,374.33,completed,
BK_6965,US_81,SH_4344,2024-02-09 07:23:00,3,,0.0,failed,
BK_6966,US_3986,SH_2195,2025-11-26 01:44:13,1,,265.81,completed,
BK_6967,US_5035,SH_6470,2025-12-20 10:09:41,1,,180.84,completed,
BK_6968,US_195,SH_6323,2025-01-04 05:20:29,4,,1566.84,completed,
BK_6970,US_1318,SH_2294,2025-10-22 16:35:16,2,,444.18,completed,
BK_6972,US_6183,SH_222,2024-11-08 17:43:52,4,,830.16,completed,
BK_6973,US_513,SH_2709,2025-02-23 01:51:26,2,,598.4,completed,
BK_6974,US_7386,SH_8489,2025-07-15 10:25:15,1,,309.88,completed,
BK_6975,US_3564,SH_7670,2025-07-31 20:54:29,1,,163.22,completed,
BK_6978,US_9549,SH_8166,2024-09-05 17:55:21,1,,399.58,completed,
BK_6980,US_2258,SH_5269,2024-12-29 14:35:58,1,,339.87,completed,
BK_6981,US_3807,SH_5548,2025-11-18 15:25:24,3,,1406.3700000000001,completed,
BK_6982,US_7508,SH_5423,2024-12-12 03:04:15,2,,586.6,completed,
BK_6983,US_5149,SH_707,2025-03-22 21:00:22,1,,399.86,completed,
BK_6985,US_7282,SH_1220,2025-07-12 06:29:10,3,,546.5999999999999,completed,
BK_6986,US_6305,SH_7293,2024-04-28 05:04:42,1,,158.48,completed,
BK_6987,US_4242,SH_3768,2025-03-27 18:03:02,3,,658.2,completed,
BK_6988,US_2770,SH_7465,2024-11-15 22:52:01,4,,0.0,failed,
BK_6989,US_7042,SH_5135,2025-04-27 15:45:21,3,,1077.1200000000001,completed,
BK_6990,US_8404,SH_8345,2025-10-09 05:19:08,4,,1107.52,completed,
BK_6991,US_9302,SH_987,2024-10-15 05:27:05,2,,427.76,completed,
BK_6992,US_9424,SH_6323,2024-12-02 09:54:06,2,,0.0,failed,
BK_6995,US_8106,SH_8084,2024-09-14 23:25:55,2,,0.0,refunded,
BK_6997,US_4527,SH_9131,2024-09-05 08:56:22,1,,437.04,completed,
BK_6998,US_7906,SH_9317,2025-05-28 07:13:54,4,,1286.76,completed,
BK_6999,US_1747,SH_5189,2024-09-10 11:55:31,3,,1465.68,completed,
BK_7001,US_3087,SH_8192,2025-07-22 06:20:29,2,,473.94,completed,
BK_7002,US_3109,SH_67,2025-02-27 21:40:49,2,,0.0,failed,
BK_7003,US_1451,SH_2900,2025-08-31 03:55:23,1,,274.08,completed,
BK_7004,US_7108,SH_8739,2024-05-05 11:34:32,4,,1378.0,completed,
BK_7005,US_4912,SH_3796,2024-08-07 15:28:59,1,,257.98,completed,
BK_7006,US_3558,SH_4710,2024-06-23 14:51:59,4,,801.0,completed,
BK_7007,US_4868,SH_2351,2024-07-25 21:16:06,3,,1010.04,completed,
BK_7008,US_367,SH_3292,2025-07-24 10:15:20,3,,1412.6399999999999,completed,
BK_7009,US_8974,SH_660,2024-06-07 11:44:34,1,,354.45,completed,
BK_7010,US_4062,SH_6872,2024-03-28 19:39:04,4,,0.0,failed,
BK_7011,US_2615,SH_1738,2025-11-18 23:32:49,4,,1843.52,completed,
BK_7012,US_6825,SH_7187,2024-05-17 12:52:52,2,,600.9,completed,
BK_7013,US_5374,SH_9321,2025-12-10 23:27:28,2,,308.48,completed,
BK_7014,US_622,SH_6872,2024-04-27 05:04:30,2,,975.66,completed,
BK_7015,US_9119,SH_1658,2024-07-12 00:49:36,3,,1071.06,completed,
BK_7016,US_8332,SH_6144,2025-09-25 11:23:41,1,,162.13,completed,
BK_7017,US_1000,SH_1798,2024-06-10 20:13:56,2,,632.74,completed,
BK_7018,US_2921,SH_1801,2025-06-22 04:51:44,2,,670.72,completed,
BK_7019,US_8733,SH_3312,2025-08-05 14:42:44,2,,896.1,completed,
BK_7020,US_2531,SH_1368,2025-05-25 14:09:00,1,,346.48,completed,
BK_7021,US_4276,SH_4726,2025-05-13 05:56:56,1,,378.49,completed,
BK_7022,US_6952,SH_2209,2025-12-27 16:14:10,1,,357.95,completed,
BK_7023,US_6845,SH_3826,2025-01-28 03:33:23,4,,1510.32,completed,
BK_7026,US_5145,SH_1724,2024-12-31 23:24:50,4,,670.4,completed,
BK_7027,US_924,SH_3668,2025-07-19 07:53:35,4,,0.0,refunded,
BK_7030,US_9079,SH_6260,2025-01-08 16:00:54,2,,972.74,completed,
BK_7031,US_9542,SH_5076,2024-08-24 10:38:58,3,,922.44,completed,
BK_7032,US_1350,SH_8894,2025-06-25 22:14:10,4,,1691.8,completed,
BK_7033,US_9363,SH_215,2024-01-09 08:11:35,4,,663.32,completed,
BK_7034,US_3599,SH_4730,2025-08-03 04:27:52,4,,1867.52,completed,
BK_7036,US_4811,SH_481,2025-02-10 22:49:04,3,,1179.6,completed,
BK_7037,US_4541,SH_3704,2025-10-22 09:18:10,4,,762.44,completed,
BK_7038,US_4621,SH_1318,2024-05-22 20:01:45,4,,962.0,completed,
BK_7040,US_9623,SH_4353,2024-03-21 11:23:40,3,,643.02,completed,
BK_7042,US_1641,SH_3746,2025-12-06 20:45:09,4,,1904.08,completed,
BK_7043,US_3270,SH_9582,2025-01-18 21:24:19,1,,491.79,completed,
BK_7044,US_5048,SH_3382,2025-02-20 03:42:51,2,,0.0,failed,
BK_7045,US_7217,SH_5555,2024-06-01 04:08:20,4,,1991.76,completed,
BK_7046,US_9797,SH_7055,2024-04-04 19:29:24,3,,526.8,completed,
BK_7047,US_4791,SH_5625,2024-07-08 03:14:54,2,,576.68,completed,
BK_7048,US_5654,SH_883,2025-11-02 11:07:51,1,,409.81,completed,
BK_7049,US_6381,SH_9774,2025-05-03 21:02:37,4,,1315.76,completed,
BK_7050,US_5798,SH_5374,2024-08-24 00:53:08,2,,658.34,completed,
BK_7051,US_5258,SH_3270,2025-09-08 00:19:16,4,,1629.52,completed,
BK_7052,US_7669,SH_2092,2024-03-09 01:39:00,3,,525.12,completed,
BK_7054,US_1966,SH_9706,2024-04-28 04:56:26,1,,249.29,completed,
BK_7055,US_2598,SH_8077,2025-01-26 12:31:23,3,,673.83,completed,
BK_7056,US_2308,SH_2974,2025-07-14 16:13:34,1,,341.55,completed,
BK_7057,US_3595,SH_4346,2024-02-23 06:04:45,2,,0.0,failed,
BK_7059,US_6782,SH_7383,2024-02-06 09:42:09,4,,731.24,completed,
BK_7060,US_2541,SH_3240,2025-10-25 05:55:21,1,,417.87,completed,
BK_7061,US_7269,SH_9262,2025-01-17 20:23:29,3,,1062.96,completed,
BK_7062,US_3324,SH_4463,2025-03-20 22:26:15,1,,470.61,completed,
BK_7063,US_5983,SH_1211,2024-08-15 05:03:41,4,,0.0,refunded,
BK_7064,US_5127,SH_8542,2025-10-27 20:39:14,2,,987.34,completed,
BK_7065,US_2788,SH_2718,2024-09-08 08:58:01,1,,0.0,failed,
BK_7066,US_9400,SH_8888,2025-09-18 09:23:05,3,,0.0,refunded,
BK_7068,US_5946,SH_2078,2025-11-11 03:25:30,4,,0.0,failed,
BK_7070,US_440,SH_9941,2025-02-28 07:11:42,1,,261.25,completed,
BK_7071,US_8893,SH_3081,2024-03-18 16:51:23,1,,397.01,completed,
BK_7072,US_5698,SH_5799,2025-02-04 08:09:18,2,,864.66,completed,
BK_7073,US_656,SH_7798,2025-06-14 06:09:13,1,,0.0,failed,
BK_7074,US_4267,SH_6443,2024-10-05 20:52:53,1,,214.76,completed,
BK_7075,US_8785,SH_8022,2025-05-13 09:12:44,1,,383.95,completed,
BK_7076,US_5586,SH_5312,2024-06-30 20:13:57,3,,884.8199999999999,completed,
BK_7077,US_8311,SH_1975,2025-02-11 21:41:37,1,,392.53,completed,
BK_7078,US_4948,SH_3901,2024-10-26 05:25:27,1,,242.48,completed,
BK_7079,US_4367,SH_3894,2024-07-08 23:19:42,1,,202.56,completed,
BK_7080,US_4821,SH_9052,2025-12-22 20:09:52,4,,1030.72,completed,
BK_7081,US_4835,SH_8878,2024-05-13 22:21:54,1,,387.28,completed,
BK_7082,US_8033,SH_4659,2024-06-29 21:23:21,1,,0.0,failed,
BK_7083,US_7704,SH_3189,2024-03-25 23:12:02,4,,650.28,completed,
BK_7085,US_7400,SH_6948,2024-05-19 08:43:10,1,,0.0,failed,
BK_7086,US_7409,SH_2703,2025-03-15 19:13:30,2,,412.02,completed,
BK_7088,US_857,SH_716,2024-04-14 09:00:53,4,,1819.92,completed,
BK_7089,US_2188,SH_6573,2025-03-21 03:46:52,4,,759.44,completed,
BK_7090,US_9460,SH_5406,2025-12-17 14:05:52,3,,860.76,completed,
BK_7091,US_1672,SH_4076,2024-04-09 06:14:55,4,,1998.08,completed,
BK_7092,US_521,SH_1488,2025-08-18 01:11:41,3,,0.0,refunded,
BK_7093,US_581,SH_8758,2025-06-24 23:06:59,4,,663.04,completed,
BK_7094,US_307,SH_7925,2025-03-09 09:27:08,2,,316.92,completed,
BK_7095,US_5427,SH_5443,2024-10-03 13:27:09,2,,620.4,completed,
BK_7096,US_5887,SH_2045,2025-04-04 09:55:17,4,,0.0,refunded,
BK_7097,US_3279,SH_26,2024-07-31 19:47:03,4,,733.16,completed,
BK_7098,US_6411,SH_2644,2024-01-23 05:18:20,2,,918.08,completed,
BK_7099,US_7958,SH_6161,2024-09-26 23:58:28,3,,1094.94,completed,
BK_7100,US_6964,SH_3648,2024-05-09 16:00:11,1,,480.97,completed,
BK_7101,US_5972,SH_4678,2024-08-06 08:16:20,4,,672.2,completed,
BK_7102,US_9847,SH_6769,2024-08-06 13:17:29,2,,502.18,completed,
BK_7103,US_2665,SH_1630,2025-05-13 11:37:42,3,,0.0,failed,
BK_7105,US_6082,SH_3652,2024-06-27 04:39:54,4,,1345.2,completed,
BK_7106,US_9369,SH_1597,2025-12-10 22:42:37,2,,348.98,completed,
BK_7107,US_5051,SH_7988,2025-10-11 15:57:23,1,,242.99,completed,
BK_7108,US_2325,SH_9682,2025-05-06 18:36:37,3,,1140.09,completed,
BK_7109,US_9828,SH_4142,2025-04-16 06:57:47,2,,558.08,completed,
BK_7110,US_6043,SH_1911,2025-09-29 08:25:11,2,,868.7,completed,
BK_7111,US_643,SH_6780,2025-02-06 22:07:30,3,,0.0,failed,
BK_7112,US_7857,SH_2552,2024-05-18 15:01:49,1,,467.75,completed,
BK_7114,US_5013,SH_8821,2025-08-27 01:14:35,1,,426.51,completed,
BK_7115,US_5133,SH_5046,2025-10-08 03:58:01,2,,522.34,completed,
BK_7116,US_845,SH_3615,2025-06-03 08:22:16,3,,653.46,completed,
BK_7117,US_5044,SH_9534,2025-04-09 21:55:38,2,,712.58,completed,
BK_7118,US_335,SH_2141,2024-04-15 17:06:28,4,,1640.2,completed,
BK_7119,US_9382,SH_6219,2024-09-23 12:54:49,3,,1014.24,completed,
BK_7122,US_804,SH_748,2024-08-19 22:26:43,2,,826.18,completed,
BK_7123,US_3681,SH_6023,2024-05-16 17:10:48,1,,408.84,completed,
BK_7124,US_7143,SH_3354,2024-12-31 02:38:19,3,,1389.66,completed,
BK_7125,US_9950,SH_773,2024-08-05 15:58:02,1,,199.69,completed,
BK_7126,US_5763,SH_1397,2024-08-01 22:55:03,4,,1444.68,completed,
BK_7128,US_8033,SH_6142,2025-04-13 19:31:50,4,,667.48,completed,
BK_7129,US_7190,SH_50,2024-03-25 08:49:09,3,,1362.27,completed,
BK_7130,US_8120,SH_164,2024-11-02 13:09:28,1,,0.0,failed,
BK_7131,US_1064,SH_3097,2024-10-19 12:53:13,2,,490.72,completed,
BK_7132,US_8329,SH_9647,2024-02-17 09:03:49,3,,722.1899999999999,completed,
BK_7133,US_6629,SH_3273,2025-11-18 04:10:48,1,,417.33,completed,
BK_7134,US_7274,SH_9474,2025-11-05 19:36:25,2,,347.42,completed,
BK_7135,US_2311,SH_100,2024-09-05 08:32:11,3,,0.0,failed,
BK_7136,US_7205,SH_1999,2024-05-04 05:49:43,4,,1617.92,completed,
BK_7138,US_6937,SH_1044,2024-09-23 15:32:41,3,,1026.84,completed,
BK_7139,US_7721,SH_4821,2025-01-13 20:13:24,1,,0.0,failed,
BK_7140,US_2383,SH_7741,2025-11-09 01:29:07,2,,0.0,refunded,
BK_7141,US_8515,SH_1876,2025-12-27 21:03:56,3,,1314.96,completed,
BK_7142,US_9780,SH_3861,2025-04-26 09:16:16,3,,1100.22,completed,
BK_7143,US_6284,SH_8841,2024-12-22 14:31:17,1,,296.73,completed,
BK_7144,US_5593,SH_8059,2025-06-11 01:52:21,4,,1448.72,completed,
BK_7146,US_1999,SH_6641,2025-12-25 11:15:20,3,,0.0,refunded,
BK_7147,US_2385,SH_656,2025-08-29 20:36:50,3,,1214.91,completed,
BK_7148,US_5900,SH_9334,2024-05-22 17:12:47,3,,1230.72,completed,
BK_7151,US_8329,SH_7715,2024-09-05 19:20:03,1,,245.51,completed,
BK_7152,US_7742,SH_6305,2024-04-13 04:03:03,4,,1179.84,completed,
BK_7155,US_228,SH_5542,2025-07-16 00:30:36,3,,659.79,completed,
BK_7156,US_8745,SH_5428,2024-08-18 15:48:30,3,,1031.01,completed,
BK_7157,US_983,SH_9021,2024-07-18 19:06:57,2,,355.78,completed,
BK_7159,US_1732,SH_2103,2024-06-10 14:07:06,4,,1282.36,completed,
BK_7160,US_1039,SH_8533,2024-10-02 18:51:05,1,,394.91,completed,
BK_7161,US_9163,SH_9352,2024-04-12 04:06:40,3,,1458.57,completed,
BK_7162,US_9038,SH_2396,2025-08-12 23:33:40,3,,685.41,completed,
BK_7163,US_8460,SH_5207,2025-02-07 19:37:36,2,,0.0,failed,
BK_7164,US_217,SH_257,2025-06-01 20:25:51,1,,417.44,completed,
BK_7165,US_8168,SH_5903,2025-05-03 14:42:24,4,,1441.96,completed,
BK_7166,US_3131,SH_609,2024-08-13 15:50:49,4,,1789.92,completed,
BK_7168,US_7264,SH_7619,2025-11-12 01:59:39,2,,690.04,completed,
BK_7169,US_8785,SH_6590,2025-12-19 07:02:36,2,,0.0,failed,
BK_7170,US_4303,SH_6965,2025-01-13 11:40:45,4,,965.68,completed,
BK_7171,US_484,SH_7910,2025-12-30 23:52:51,3,,1201.29,completed,
BK_7172,US_8373,SH_3309,2025-03-08 06:28:25,2,,709.94,completed,
BK_7174,US_5336,SH_2399,2024-07-09 22:19:42,2,,374.8,completed,
BK_7175,US_4760,SH_1605,2024-12-19 11:43:22,2,,323.48,completed,
BK_7176,US_9502,SH_987,2025-08-23 04:18:42,3,,641.64,completed,
BK_7177,US_4145,SH_41,2024-02-06 21:05:38,2,,490.4,completed,
BK_7178,US_7418,SH_8825,2024-07-11 22:16:58,1,,345.79,completed,
BK_7179,US_5040,SH_701,2025-02-02 22:23:03,3,,1327.68,completed,
BK_7180,US_8298,SH_2634,2024-02-22 06:01:10,2,,590.44,completed,
BK_7181,US_3731,SH_6950,2024-12-20 07:15:26,3,,944.0699999999999,completed,
BK_7182,US_1488,SH_6308,2025-02-07 18:33:50,3,,659.4000000000001,completed,
BK_7183,US_6970,SH_2021,2025-04-03 06:36:20,3,,493.08000000000004,completed,
BK_7184,US_6529,SH_657,2025-09-15 01:53:44,2,,796.18,completed,
BK_7185,US_7246,SH_6321,2025-04-12 23:29:23,4,,1343.52,completed,
BK_7186,US_958,SH_9418,2024-11-23 19:30:51,2,,0.0,failed,
BK_7187,US_2941,SH_5801,2024-08-08 15:28:37,3,,0.0,refunded,
BK_7188,US_5979,SH_3281,2025-10-04 05:31:14,4,,1110.2,completed,
BK_7189,US_608,SH_98,2024-07-30 03:04:18,4,,1987.88,completed,
BK_7190,US_4754,SH_5829,2024-01-02 11:16:52,1,,0.0,failed,
BK_7191,US_327,SH_345,2024-04-28 16:06:02,1,,338.35,completed,
BK_7192,US_3758,SH_2636,2024-08-23 06:20:26,3,,0.0,failed,
BK_7193,US_3612,SH_974,2024-01-11 10:32:05,4,,0.0,failed,
BK_7194,US_5851,SH_7496,2025-02-04 08:20:54,3,,489.41999999999996,completed,
BK_7195,US_1183,SH_7987,2024-09-26 18:27:34,1,,432.97,completed,
BK_7196,US_4019,SH_4101,2025-08-26 12:44:40,1,,159.17,completed,
BK_7197,US_3234,SH_35,2025-10-18 08:16:52,1,,431.93,completed,
BK_7198,US_292,SH_138,2024-07-09 14:39:22,4,,779.56,completed,
BK_7199,US_5230,SH_4871,2025-11-24 00:43:33,2,,945.36,completed,
BK_7200,US_6445,SH_9991,2025-04-10 14:15:07,2,,461.28,completed,
BK_7201,US_7828,SH_935,2025-02-21 01:16:21,1,,370.38,completed,
BK_7202,US_9345,SH_3530,2025-03-17 22:33:54,4,,1825.4,completed,
BK_7203,US_770,SH_1122,2024-03-15 17:30:42,1,,0.0,failed,
BK_7204,US_5471,SH_9296,2024-02-12 04:35:44,2,,334.28,completed,
BK_7205,US_4958,SH_6655,2025-03-03 22:07:20,4,,1890.64,completed,
BK_7206,US_4544,SH_4687,2024-06-16 14:25:53,1,,250.54,completed,
BK_7207,US_5146,SH_3865,2024-08-18 11:38:02,2,,806.36,completed,
BK_7208,US_22,SH_4397,2024-03-12 17:57:19,2,,867.86,completed,
BK_7209,US_7322,SH_7946,2025-05-11 21:25:05,3,,1333.8000000000002,completed,
BK_7210,US_8294,SH_946,2025-05-02 20:26:53,2,,459.38,completed,
BK_7211,US_4687,SH_3608,2024-04-13 10:55:01,4,,1768.64,completed,
BK_7212,US_5461,SH_6768,2024-09-10 09:36:08,1,,422.52,completed,
BK_7215,US_8821,SH_6987,2024-02-19 04:42:54,2,,908.0,completed,
BK_7216,US_5456,SH_3618,2024-06-01 08:52:19,1,,428.21,completed,
BK_7217,US_1356,SH_8379,2025-02-24 18:25:46,3,,1234.44,completed,
BK_7219,US_6670,SH_2095,2024-08-12 19:06:39,2,,374.14,completed,
BK_7221,US_480,SH_685,2024-02-02 09:38:36,2,,900.92,completed,
BK_7223,US_4477,SH_4130,2025-07-03 20:36:41,4,,1800.96,completed,
BK_7224,US_7919,SH_9330,2025-11-29 21:31:44,3,,0.0,refunded,
BK_7226,US_8643,SH_9828,2025-11-08 18:02:34,4,,1970.32,completed,
BK_7229,US_1074,SH_1358,2024-03-28 01:12:17,2,,792.12,completed,
BK_7230,US_8243,SH_7482,2024-11-06 18:56:38,1,,0.0,failed,
BK_7231,US_353,SH_2298,2024-12-23 17:00:05,1,,0.0,failed,
BK_7232,US_6334,SH_6367,2025-08-27 13:24:50,1,,303.53,completed,
BK_7233,US_7615,SH_129,2024-09-17 00:55:57,3,,1458.54,completed,
BK_7234,US_2280,SH_6375,2024-10-05 11:56:26,1,,436.5,completed,
BK_7235,US_2612,SH_1696,2024-08-30 02:05:04,3,,1342.3799999999999,completed,
BK_7236,US_5016,SH_5594,2024-09-08 14:20:38,4,,0.0,refunded,
BK_7237,US_6482,SH_1787,2025-05-12 00:12:15,3,,1021.56,completed,
BK_7239,US_8821,SH_3996,2025-02-22 08:34:09,4,,1732.92,completed,
BK_7240,US_9013,SH_6680,2024-02-17 11:14:10,1,,0.0,failed,
BK_7241,US_6141,SH_5855,2024-07-17 09:59:19,4,,1954.28,completed,
BK_7242,US_341,SH_358,2025-08-05 00:47:00,1,,416.69,completed,
BK_7243,US_6390,SH_7789,2025-04-20 22:54:24,2,,358.48,completed,
BK_7244,US_3630,SH_2954,2024-01-17 06:50:48,2,,688.64,completed,
BK_7245,US_2293,SH_5734,2024-08-08 22:55:12,2,,424.52,completed,
BK_7246,US_9343,SH_2694,2024-11-06 00:44:53,2,,805.9,completed,
BK_7247,US_3049,SH_7654,2024-05-21 06:36:05,4,,773.64,completed,
BK_7249,US_7691,SH_8886,2024-11-21 21:49:44,2,,752.9,completed,
BK_7251,US_3720,SH_2711,2025-07-21 18:17:32,4,,1057.4,completed,
BK_7252,US_2504,SH_221,2025-08-14 19:37:35,1,,277.67,completed,
BK_7253,US_2115,SH_8360,2025-11-27 00:20:58,4,,989.2,completed,
BK_7254,US_8199,SH_8216,2024-11-25 06:00:42,3,,636.0,completed,
BK_7255,US_8118,SH_686,2024-04-08 21:10:46,2,,754.52,completed,
BK_7256,US_193,SH_6693,2024-05-01 02:04:44,4,,706.88,completed,
BK_7257,US_8394,SH_38,2024-06-19 17:10:00,3,,1253.73,completed,
BK_7260,US_515,SH_8571,2024-09-14 20:44:21,1,,364.67,completed,
BK_7261,US_2263,SH_2778,2024-09-01 20:04:02,4,,978.68,completed,
BK_7262,US_7467,SH_2884,2024-10-30 23:55:00,1,,245.0,completed,
BK_7263,US_1280,SH_4934,2024-03-31 04:39:38,4,,1732.2,completed,
BK_7266,US_6214,SH_3815,2024-02-03 22:31:09,1,,268.21,completed,
BK_7267,US_553,SH_7448,2025-03-19 17:35:07,1,,0.0,refunded,
BK_7268,US_3894,SH_2855,2024-07-21 20:11:47,2,,842.84,completed,
BK_7269,US_3675,SH_7939,2025-11-28 02:30:27,3,,0.0,failed,
BK_7270,US_2785,SH_6955,2025-08-03 11:08:27,2,,581.56,completed,
BK_7271,US_6724,SH_5824,2024-04-26 11:33:16,4,,1862.32,completed,
BK_7273,US_5073,SH_9734,2024-03-25 08:15:56,1,,151.12,completed,
BK_7274,US_642,SH_6187,2025-10-31 14:49:41,4,,0.0,refunded,
BK_7275,US_4406,SH_494,2025-02-12 05:22:31,4,,1308.48,completed,
BK_7276,US_3392,SH_8057,2024-11-17 07:25:36,3,,0.0,failed,
BK_7277,US_3966,SH_7803,2024-02-10 06:13:52,1,,402.36,completed,
BK_7278,US_2965,SH_8539,2025-05-18 18:00:12,1,,324.53,completed,
BK_7279,US_5685,SH_7057,2025-05-17 20:29:15,4,,991.12,completed,
BK_7282,US_3142,SH_9321,2024-04-11 14:15:58,1,,154.24,completed,
BK_7283,US_1215,SH_3075,2024-02-02 22:08:40,1,,467.7,completed,
BK_7284,US_7335,SH_8053,2024-09-25 01:22:41,1,,240.67,completed,
BK_7286,US_1698,SH_1192,2024-11-01 03:03:56,4,,1638.44,completed,
BK_7287,US_5499,SH_5795,2025-10-29 03:04:12,3,,952.8000000000001,completed,
BK_7288,US_1832,SH_7719,2024-12-09 13:46:35,4,,1645.08,completed,
BK_7289,US_6725,SH_7932,2024-11-20 12:06:41,3,,825.69,completed,
BK_7290,US_9503,SH_4888,2025-10-14 09:40:48,2,,576.88,completed,
BK_7291,US_4756,SH_1908,2025-07-14 04:31:22,2,,421.18,completed,
BK_7292,US_6868,SH_6256,2024-11-03 16:56:20,4,,1551.92,completed,
BK_7293,US_5687,SH_5982,2024-12-17 08:03:11,1,,0.0,refunded,
BK_7294,US_3989,SH_8105,2025-01-05 04:48:37,2,,805.08,completed,
BK_7295,US_5336,SH_5736,2025-10-11 10:44:53,2,,569.72,completed,
BK_7297,US_1691,SH_6704,2025-03-07 08:35:45,3,,955.11,completed,
BK_7298,US_5756,SH_2974,2024-04-03 18:02:58,4,,1366.2,completed,
BK_7299,US_8035,SH_3274,2024-06-17 16:03:06,3,,1126.77,completed,
BK_7300,US_8330,SH_877,2024-04-26 01:38:20,4,,1487.16,completed,
BK_7301,US_8481,SH_2552,2024-11-27 07:21:44,1,,467.75,completed,
BK_7302,US_8412,SH_9108,2024-08-19 17:38:33,1,,209.32,completed,
BK_7303,US_5318,SH_355,2024-12-17 08:35:20,1,,422.47,completed,
BK_7304,US_5188,SH_2743,2024-04-20 21:30:35,3,,460.86,completed,
BK_7305,US_7268,SH_9397,2024-12-01 07:48:11,4,,1321.52,completed,
BK_7306,US_7692,SH_528,2024-07-06 01:04:00,4,,1181.96,completed,
BK_7307,US_5269,SH_7866,2025-01-07 23:15:33,4,,1410.44,completed,
BK_7308,US_983,SH_6025,2024-12-12 14:52:12,1,,258.76,completed,
BK_7309,US_901,SH_9291,2025-06-19 10:19:07,2,,501.9,completed,
BK_7310,US_9208,SH_5608,2024-08-12 15:58:36,3,,1169.97,completed,
BK_7311,US_7492,SH_4842,2025-02-06 05:36:25,4,,1257.0,completed,
BK_7312,US_6100,SH_6967,2025-12-04 09:34:44,4,,620.28,completed,
BK_7313,US_791,SH_146,2024-02-03 18:45:25,2,,661.14,completed,
BK_7314,US_522,SH_3682,2025-03-15 09:06:31,1,,169.67,completed,
BK_7315,US_4302,SH_5363,2025-03-25 10:03:56,3,,1144.5,completed,
BK_7316,US_6692,SH_4095,2025-02-04 01:14:39,1,,154.31,completed,
BK_7317,US_221,SH_3354,2024-01-19 09:13:53,4,,1852.88,completed,
BK_7318,US_1028,SH_7070,2024-03-28 09:20:55,1,,369.87,completed,
BK_7319,US_1595,SH_8040,2024-08-26 11:58:47,2,,330.88,completed,
BK_7320,US_6731,SH_8356,2025-11-30 06:26:59,3,,0.0,refunded,
BK_7322,US_6289,SH_3507,2025-11-09 19:11:11,4,,0.0,failed,
BK_7323,US_9992,SH_2675,2024-05-25 04:08:37,1,,264.19,completed,
BK_7324,US_6166,SH_4897,2024-01-26 14:33:42,3,,1490.3700000000001,completed,
BK_7327,US_3572,SH_5222,2024-05-18 00:32:01,1,,280.79,completed,
BK_7328,US_984,SH_8467,2025-11-30 20:15:05,4,,0.0,refunded,
BK_7329,US_7450,SH_4590,2025-10-05 19:58:31,4,,1913.6,completed,
BK_7330,US_2944,SH_6328,2024-12-06 07:57:18,4,,696.6,completed,
BK_7331,US_6060,SH_5797,2024-01-19 09:55:51,3,,1091.52,completed,
BK_7332,US_4306,SH_323,2025-10-19 08:02:09,4,,1639.56,completed,
BK_7333,US_2503,SH_125,2025-10-28 06:38:29,1,,411.56,completed,
BK_7334,US_9976,SH_3203,2025-04-21 21:15:11,2,,652.22,completed,
BK_7335,US_5272,SH_6416,2024-01-03 07:20:26,3,,1446.9,completed,
BK_7336,US_4628,SH_5110,2024-03-03 13:53:09,2,,694.84,completed,
BK_7337,US_3295,SH_3077,2024-01-15 22:04:05,1,,313.31,completed,
BK_7338,US_7942,SH_8137,2024-08-30 23:54:27,4,,1370.76,completed,
BK_7339,US_544,SH_4003,2024-11-27 06:43:18,3,,561.48,completed,
BK_7340,US_6844,SH_6482,2024-12-05 02:16:08,3,,1074.24,completed,
BK_7341,US_7398,SH_9865,2024-04-20 15:40:42,3,,1347.48,completed,
BK_7342,US_3670,SH_8479,2025-02-06 12:17:07,1,,320.12,completed,
BK_7343,US_1009,SH_266,2025-06-08 01:04:47,3,,822.0,completed,
BK_7344,US_5464,SH_1914,2024-12-13 18:45:22,3,,597.66,completed,
BK_7345,US_2234,SH_247,2024-01-02 23:11:00,3,,846.21,completed,
BK_7346,US_1965,SH_3544,2024-11-28 11:17:17,4,,1320.28,completed,
BK_7347,US_2141,SH_1495,2025-09-23 06:23:20,2,,906.54,completed,
BK_7348,US_7523,SH_9681,2024-03-15 07:24:18,3,,0.0,failed,
BK_7349,US_5478,SH_6440,2025-03-08 06:06:12,2,,759.98,completed,
BK_7351,US_85,SH_8326,2025-10-22 09:33:15,1,,418.91,completed,
BK_7352,US_8158,SH_2492,2025-04-16 20:07:00,4,,1996.28,completed,
BK_7353,US_936,SH_9094,2025-01-04 07:04:33,2,,623.18,completed,
BK_7354,US_7780,SH_436,2025-12-27 22:41:33,3,,757.77,completed,
BK_7355,US_9405,SH_1586,2024-10-07 11:52:20,1,,473.9,completed,
BK_7356,US_1007,SH_5504,2025-09-09 22:36:32,2,,0.0,failed,
BK_7357,US_7876,SH_120,2024-06-17 12:21:41,1,,0.0,failed,
BK_7358,US_3588,SH_45,2025-09-19 00:14:18,1,,408.44,completed,
BK_7359,US_2617,SH_6469,2025-05-16 01:22:48,2,,542.72,completed,
BK_7361,US_1559,SH_7160,2025-09-21 02:13:19,1,,432.81,completed,
BK_7362,US_1946,SH_8685,2025-10-21 00:18:38,4,,0.0,failed,
BK_7363,US_9200,SH_5638,2025-11-17 16:13:32,4,,1836.6,completed,
BK_7366,US_1392,SH_121,2024-09-15 07:18:08,4,,0.0,refunded,
BK_7367,US_1596,SH_3378,2025-03-22 03:30:46,3,,1032.9,completed,
BK_7369,US_5525,SH_3706,2024-11-16 10:55:45,1,,405.6,completed,
BK_7370,US_8628,SH_9080,2025-03-31 21:12:26,2,,382.88,completed,
BK_7371,US_1698,SH_6529,2024-01-20 07:32:33,4,,0.0,refunded,
BK_7373,US_3536,SH_4438,2025-01-29 21:41:07,1,,0.0,failed,
BK_7374,US_5771,SH_4082,2025-05-29 16:26:36,2,,531.36,completed,
BK_7375,US_8300,SH_5793,2024-03-21 19:42:36,3,,1024.65,completed,
BK_7376,US_8779,SH_9519,2024-03-13 19:27:36,2,,390.24,completed,
BK_7377,US_6797,SH_7650,2025-07-07 22:17:31,1,,347.98,completed,
BK_7378,US_278,SH_9916,2025-08-20 17:50:56,1,,0.0,failed,
BK_7379,US_2104,SH_418,2025-08-24 11:26:31,3,,1266.75,completed,
BK_7380,US_1774,SH_8538,2025-08-05 21:18:11,1,,241.22,completed,
BK_7381,US_26,SH_6997,2025-12-06 14:51:57,4,,0.0,refunded,
BK_7382,US_8071,SH_9275,2024-10-27 23:04:14,2,,626.8,completed,
BK_7383,US_8316,SH_8106,2024-08-02 18:08:53,1,,419.24,completed,
BK_7384,US_3303,SH_6262,2024-02-05 05:47:21,4,,1528.76,completed,
BK_7386,US_1365,SH_74,2024-04-04 19:41:41,3,,1209.24,completed,
BK_7387,US_2031,SH_9885,2025-08-16 21:01:49,1,,462.9,completed,
BK_7389,US_5047,SH_1798,2024-11-12 19:29:38,1,,316.37,completed,
BK_7390,US_804,SH_9811,2025-10-23 19:02:16,3,,982.71,completed,
BK_7392,US_4428,SH_2407,2025-04-19 07:14:28,4,,1333.84,completed,
BK_7393,US_5081,SH_9297,2024-01-21 09:48:44,4,,1976.44,completed,
BK_7394,US_4428,SH_4401,2025-04-03 04:12:38,3,,531.1500000000001,completed,
BK_7395,US_6211,SH_7225,2025-12-01 18:27:13,4,,1837.96,completed,
BK_7397,US_5695,SH_3429,2024-04-28 18:09:32,1,,473.04,completed,
BK_7399,US_9981,SH_3204,2024-08-04 15:56:44,1,,377.07,completed,
BK_7400,US_3478,SH_2794,2024-05-21 09:24:28,4,,0.0,failed,
BK_7401,US_899,SH_8797,2024-12-08 19:40:10,4,,1296.2,completed,
BK_7402,US_4852,SH_7361,2025-02-22 21:49:53,2,,301.62,completed,
BK_7403,US_3407,SH_8100,2025-08-15 22:17:27,2,,0.0,failed,
BK_7404,US_8149,SH_9081,2024-05-29 21:43:35,1,,494.48,completed,
BK_7405,US_1256,SH_9563,2024-03-04 04:07:14,3,,515.67,completed,
BK_7406,US_1058,SH_1624,2024-03-28 12:22:29,1,,484.92,completed,
BK_7407,US_2885,SH_335,2024-01-28 23:57:56,1,,169.21,completed,
BK_7408,US_4881,SH_7798,2024-05-27 22:16:43,4,,814.36,completed,
BK_7410,US_6695,SH_5781,2024-08-01 17:17:42,4,,1696.6,completed,
BK_7411,US_4541,SH_7005,2025-01-01 11:49:02,4,,1625.84,completed,
BK_7413,US_6737,SH_2325,2024-08-01 19:42:16,2,,0.0,failed,
BK_7414,US_1877,SH_558,2025-01-29 22:11:11,4,,0.0,failed,
BK_7415,US_2260,SH_1399,2024-02-22 16:48:52,2,,643.96,completed,
BK_7417,US_5707,SH_3019,2025-03-21 02:53:18,1,,189.04,completed,
BK_7418,US_490,SH_3174,2025-01-01 11:26:12,4,,1151.28,completed,
BK_7419,US_4789,SH_6294,2025-06-21 05:59:11,4,,1490.68,completed,
BK_7420,US_5765,SH_5352,2025-06-05 02:45:38,2,,965.78,completed,
BK_7422,US_5722,SH_71,2024-09-09 19:27:24,2,,0.0,failed,
BK_7423,US_1813,SH_9452,2024-01-05 04:07:45,2,,414.4,completed,
BK_7425,US_7299,SH_6659,2025-11-02 15:38:01,2,,725.14,completed,
BK_7426,US_7807,SH_9586,2024-04-13 07:17:13,2,,670.82,completed,
BK_7427,US_4503,SH_1916,2024-08-16 21:10:50,1,,162.08,completed,
BK_7428,US_1685,SH_8697,2024-11-24 22:11:02,3,,1130.4,completed,
BK_7429,US_4968,SH_99,2025-01-22 01:49:17,3,,1020.03,completed,
BK_7431,US_5479,SH_9701,2025-04-29 12:55:11,1,,446.32,completed,
BK_7432,US_4023,SH_105,2024-01-31 19:05:58,4,,1238.24,completed,
BK_7434,US_8089,SH_2705,2025-01-05 06:48:01,3,,799.08,completed,
BK_7435,US_8911,SH_9798,2024-04-10 11:52:54,4,,649.64,completed,
BK_7436,US_3820,SH_7807,2024-08-30 13:02:33,2,,304.38,completed,
BK_7437,US_8220,SH_4910,2024-05-06 20:18:37,3,,1251.75,completed,
BK_7438,US_6481,SH_458,2025-06-11 21:25:08,1,,456.84,completed,
BK_7440,US_8223,SH_1713,2025-07-06 20:01:59,3,,579.78,completed,
BK_7442,US_9688,SH_9177,2024-11-22 11:34:44,1,,155.32,completed,
BK_7444,US_3113,SH_5384,2025-05-07 02:07:11,4,,1252.0,completed,
BK_7447,US_6382,SH_9674,2024-05-11 21:32:34,4,,1375.96,completed,
BK_7448,US_716,SH_4293,2025-01-27 20:20:36,1,,0.0,refunded,
BK_7449,US_5850,SH_6496,2025-07-10 14:08:41,3,,849.1800000000001,completed,
BK_7450,US_9756,SH_8040,2025-07-01 14:59:20,3,,496.32,completed,
BK_7451,US_3502,SH_9220,2025-03-16 15:30:24,4,,606.84,completed,
BK_7452,US_8459,SH_3476,2024-10-29 03:55:37,3,,651.99,completed,
BK_7453,US_2250,SH_143,2024-01-28 17:08:20,2,,0.0,failed,
BK_7455,US_2778,SH_9273,2024-01-10 09:30:32,4,,1099.0,completed,
BK_7456,US_4417,SH_3438,2025-02-22 16:58:21,2,,304.0,completed,
BK_7457,US_8325,SH_9715,2025-08-02 07:46:09,1,,460.69,completed,
BK_7458,US_6368,SH_498,2025-05-13 02:30:30,3,,1167.03,completed,
BK_7459,US_557,SH_3210,2024-06-28 05:51:31,4,,1218.48,completed,
BK_7460,US_308,SH_9253,2025-05-03 23:15:21,2,,416.62,completed,
BK_7461,US_6614,SH_897,2024-05-01 06:22:53,3,,1487.22,completed,
BK_7462,US_8071,SH_1900,2024-02-18 17:38:06,1,,244.44,completed,
BK_7463,US_6464,SH_3614,2024-12-07 23:48:11,3,,0.0,refunded,
BK_7464,US_6663,SH_3600,2025-03-04 01:00:50,4,,1652.16,completed,
BK_7465,US_3910,SH_3134,2024-09-16 01:47:22,3,,1065.72,completed,
BK_7466,US_9510,SH_7665,2025-03-22 06:10:21,4,,1350.6,completed,
BK_7467,US_5585,SH_3260,2024-09-27 22:01:46,4,,1930.04,completed,
BK_7469,US_7302,SH_6097,2025-05-12 12:44:20,3,,550.62,completed,
BK_7470,US_3008,SH_9,2024-11-03 11:11:05,4,,1625.52,completed,
BK_7471,US_4658,SH_6613,2024-02-26 23:15:11,4,,842.72,completed,
BK_7472,US_7923,SH_6682,2025-06-22 13:45:52,1,,413.5,completed,
BK_7473,US_9159,SH_6669,2025-10-30 12:17:07,1,,162.21,completed,
BK_7474,US_896,SH_3433,2024-04-11 14:04:15,1,,314.75,completed,
BK_7475,US_568,SH_1212,2025-01-02 00:07:38,1,,177.44,completed,
BK_7476,US_7326,SH_2665,2025-11-23 16:25:35,3,,790.6500000000001,completed,
BK_7480,US_5539,SH_3972,2025-04-19 02:17:28,2,,574.4,completed,
BK_7481,US_6821,SH_9371,2025-06-26 19:48:38,4,,1127.6,completed,
BK_7482,US_4103,SH_4865,2024-01-31 11:46:09,4,,1318.96,completed,
BK_7483,US_5551,SH_5285,2024-07-16 01:34:42,1,,427.84,completed,
BK_7484,US_4472,SH_3936,2025-10-06 12:17:56,3,,461.43,completed,
BK_7486,US_3530,SH_9754,2024-06-26 08:49:23,2,,790.8,completed,
BK_7487,US_9008,SH_4865,2024-05-04 20:43:50,1,,329.74,completed,
BK_7489,US_2676,SH_7015,2024-08-10 22:29:46,3,,1115.67,completed,
BK_7490,US_6040,SH_7752,2024-07-08 09:37:54,4,,1800.52,completed,
BK_7491,US_2855,SH_8137,2024-02-28 00:02:20,1,,342.69,completed,
BK_7492,US_4338,SH_4287,2024-08-03 19:37:21,1,,0.0,failed,
BK_7493,US_9758,SH_4297,2025-02-04 14:58:46,4,,1730.16,completed,
BK_7494,US_1667,SH_8534,2024-03-04 09:05:24,1,,419.14,completed,
BK_7496,US_7162,SH_8227,2024-11-12 05:38:53,2,,984.4,completed,
BK_7497,US_8167,SH_9845,2024-12-05 23:52:07,4,,1137.08,completed,
BK_7498,US_2389,SH_7879,2025-03-22 13:35:46,2,,450.86,completed,
BK_7499,US_6535,SH_4394,2024-07-08 13:36:02,1,,475.3,completed,
BK_7500,US_9059,SH_9259,2024-09-19 08:42:49,2,,643.16,completed,
BK_7501,US_5727,SH_5574,2024-11-12 14:24:45,4,,1320.68,completed,
BK_7502,US_2654,SH_6133,2024-03-07 03:00:01,3,,1337.73,completed,
BK_7504,US_1613,SH_5623,2025-03-29 05:02:14,4,,750.64,completed,
BK_7507,US_6322,SH_8636,2024-07-30 23:16:11,4,,1196.64,completed,
BK_7508,US_2815,SH_8747,2024-04-20 10:33:04,4,,825.6,completed,
BK_7509,US_8438,SH_9801,2024-07-01 18:18:46,2,,0.0,failed,
BK_7510,US_1397,SH_4717,2024-11-04 21:27:40,2,,357.68,completed,
BK_7511,US_4896,SH_1036,2024-03-13 17:48:24,2,,921.32,completed,
BK_7513,US_8264,SH_7938,2025-07-14 15:12:21,1,,323.07,completed,
BK_7514,US_8025,SH_871,2024-09-21 02:40:30,4,,863.44,completed,
BK_7515,US_9437,SH_9317,2024-07-30 07:07:33,3,,965.0699999999999,completed,
BK_7516,US_3936,SH_998,2024-08-25 00:27:58,1,,457.72,completed,
BK_7517,US_8159,SH_608,2024-06-21 06:37:59,2,,881.3,completed,
BK_7519,US_9229,SH_1984,2025-09-13 22:26:50,2,,793.12,completed,
BK_7520,US_3562,SH_9501,2025-01-22 09:33:08,2,,0.0,failed,
BK_7521,US_3888,SH_6149,2025-09-10 18:41:50,4,,1547.6,completed,
BK_7522,US_4695,SH_1023,2025-10-22 21:42:13,4,,1194.28,completed,
BK_7524,US_3992,SH_5024,2025-08-22 01:08:20,2,,961.68,completed,
BK_7525,US_8931,SH_8478,2024-01-15 23:27:05,3,,547.23,completed,
BK_7527,US_3623,SH_2000,2025-07-14 13:01:31,3,,770.22,completed,
BK_7528,US_3002,SH_720,2025-03-29 05:51:58,3,,970.02,completed,
BK_7529,US_7099,SH_2643,2025-09-20 23:47:06,2,,670.08,completed,
BK_7530,US_2387,SH_9847,2025-05-28 04:11:27,1,,155.57,completed,
BK_7531,US_9501,SH_2115,2025-03-30 23:27:13,4,,0.0,refunded,
BK_7532,US_1836,SH_4083,2024-12-08 08:25:19,1,,448.74,completed,
BK_7533,US_5854,SH_6343,2024-10-06 22:09:38,1,,0.0,refunded,
BK_7535,US_1511,SH_2483,2024-06-25 20:43:24,1,,498.04,completed,
BK_7536,US_2977,SH_699,2024-10-18 19:33:26,2,,768.92,completed,
BK_7537,US_4058,SH_55,2024-04-21 03:40:07,1,,357.15,completed,
BK_7538,US_5615,SH_727,2024-02-29 09:37:19,2,,799.24,completed,
BK_7539,US_957,SH_5720,2024-01-09 06:17:16,3,,1114.53,completed,
BK_7540,US_6147,SH_3952,2025-11-18 03:08:16,1,,414.44,completed,
BK_7541,US_5392,SH_6706,2024-04-12 18:22:07,2,,979.22,completed,
BK_7542,US_93,SH_7320,2024-03-14 00:07:05,4,,898.6,completed,
BK_7543,US_7696,SH_5743,2024-11-05 07:25:31,2,,369.9,completed,
BK_7544,US_8770,SH_1453,2025-12-28 00:24:41,4,,616.0,completed,
BK_7545,US_7570,SH_7672,2025-04-05 16:17:58,3,,843.1200000000001,completed,
BK_7546,US_8639,SH_743,2024-11-21 10:34:02,3,,853.14,completed,
BK_7547,US_164,SH_8044,2024-10-26 00:36:19,1,,166.7,completed,
BK_7548,US_6390,SH_1303,2025-05-27 17:41:47,4,,1733.44,completed,
BK_7549,US_8447,SH_9002,2024-02-25 00:59:44,2,,0.0,failed,
BK_7550,US_5882,SH_7815,2025-02-04 05:09:08,4,,1413.92,completed,
BK_7551,US_2982,SH_4638,2025-10-20 22:26:07,3,,578.28,completed,
BK_7552,US_863,SH_9623,2025-08-15 07:56:17,1,,281.66,completed,
BK_7553,US_8703,SH_5400,2025-08-29 07:24:38,4,,0.0,failed,
BK_7558,US_7584,SH_3782,2025-04-06 20:01:03,4,,1904.68,completed,
BK_7559,US_8008,SH_9803,2025-02-17 00:21:28,4,,1443.4,completed,
BK_7560,US_7390,SH_1840,2025-04-25 09:26:51,1,,225.35,completed,
BK_7561,US_5846,SH_2670,2025-03-28 15:43:23,2,,686.12,completed,
BK_7563,US_1485,SH_4393,2025-08-04 12:37:49,4,,1345.28,completed,
BK_7564,US_797,SH_1181,2025-11-21 05:46:03,4,,0.0,failed,
BK_7566,US_657,SH_4537,2025-11-14 12:47:44,2,,477.64,completed,
BK_7567,US_2561,SH_6791,2024-08-21 14:15:10,3,,0.0,failed,
BK_7568,US_5002,SH_1707,2025-08-17 21:24:31,2,,411.9,completed,
BK_7569,US_3704,SH_7043,2025-06-21 19:35:39,1,,179.21,completed,
BK_7570,US_9544,SH_1500,2025-03-17 07:05:49,1,,205.02,completed,
BK_7571,US_9500,SH_2672,2024-12-14 23:37:37,4,,791.04,completed,
BK_7573,US_4424,SH_8086,2024-05-13 21:49:13,1,,285.74,completed,
BK_7574,US_1574,SH_2227,2025-01-17 11:14:43,3,,0.0,refunded,
BK_7575,US_609,SH_3336,2025-12-25 19:55:41,1,,367.09,completed,
BK_7576,US_9042,SH_8721,2025-11-22 13:28:40,4,,1034.12,completed,
BK_7577,US_1543,SH_8614,2024-11-23 19:48:46,2,,755.48,completed,
BK_7578,US_9620,SH_409,2024-07-06 03:40:23,2,,465.52,completed,
BK_7579,US_813,SH_1492,2025-12-24 19:21:28,4,,832.4,completed,
BK_7581,US_6505,SH_9036,2024-04-29 22:55:32,1,,482.22,completed,
BK_7583,US_6207,SH_5028,2025-08-31 09:59:05,2,,441.32,completed,
BK_7584,US_2567,SH_2522,2025-07-06 23:20:53,4,,787.56,completed,
BK_7585,US_7067,SH_7413,2025-07-09 09:22:30,2,,702.6,completed,
BK_7586,US_5091,SH_5463,2024-06-29 21:22:08,4,,1818.0,completed,
BK_7588,US_4849,SH_2927,2024-06-01 08:30:49,2,,326.1,completed,
BK_7589,US_5766,SH_9026,2025-04-09 23:48:46,4,,0.0,failed,
BK_7590,US_1706,SH_9169,2025-12-18 07:41:21,3,,763.3499999999999,completed,
BK_7591,US_9052,SH_5160,2025-10-13 19:06:55,2,,912.18,completed,
BK_7593,US_6912,SH_4597,2024-09-10 15:05:07,1,,446.18,completed,
BK_7594,US_9072,SH_3230,2025-04-02 11:36:20,2,,776.1,completed,
BK_7595,US_3755,SH_4647,2025-01-19 18:14:08,2,,0.0,refunded,
BK_7596,US_8350,SH_9555,2024-12-07 22:29:45,1,,304.78,completed,
BK_7597,US_8535,SH_5368,2025-07-24 04:48:30,1,,223.85,completed,
BK_7598,US_9098,SH_1052,2025-10-11 01:24:02,3,,535.17,completed,
BK_7599,US_496,SH_4513,2025-11-21 10:08:07,3,,0.0,refunded,
BK_7600,US_7730,SH_3346,2024-03-24 23:04:08,3,,1045.1999999999998,completed,
BK_7601,US_2961,SH_2305,2025-09-18 06:57:56,2,,741.74,completed,
BK_7602,US_9240,SH_483,2025-11-28 12:38:28,3,,722.0699999999999,completed,
BK_7603,US_1758,SH_8161,2024-09-15 09:54:09,3,,1462.56,completed,
BK_7605,US_1181,SH_2399,2025-05-08 04:38:22,2,,374.8,completed,
BK_7608,US_8965,SH_5977,2025-08-15 11:37:15,1,,445.34,completed,
BK_7609,US_637,SH_771,2024-01-15 08:59:32,1,,0.0,refunded,
BK_7610,US_1256,SH_2787,2025-11-25 00:09:36,1,,385.59,completed,
BK_7611,US_8242,SH_9759,2024-09-26 23:43:29,4,,1566.64,completed,
BK_7613,US_7188,SH_5650,2024-11-07 17:44:24,2,,0.0,failed,
BK_7616,US_6437,SH_6386,2024-02-16 11:21:22,4,,1359.8,completed,
BK_7617,US_1092,SH_2110,2025-06-19 23:51:03,3,,927.6600000000001,completed,
BK_7618,US_244,SH_9773,2025-12-09 03:16:34,4,,1753.84,completed,
BK_7619,US_6021,SH_3490,2024-03-31 22:33:20,4,,1163.92,completed,
BK_7621,US_7306,SH_1777,2025-09-29 00:43:32,1,,325.04,completed,
BK_7622,US_6225,SH_3189,2024-11-17 12:36:49,3,,487.71,completed,
BK_7623,US_4154,SH_5636,2025-03-04 16:33:55,2,,697.54,completed,
BK_7624,US_7407,SH_9192,2024-05-26 20:30:39,3,,1421.97,completed,
BK_7625,US_2053,SH_5605,2025-07-17 14:30:04,4,,1307.08,completed,
BK_7626,US_5351,SH_9690,2024-11-03 09:52:03,2,,987.64,completed,
BK_7627,US_7335,SH_227,2025-06-05 17:52:38,1,,352.51,completed,
BK_7628,US_1365,SH_9064,2025-08-14 14:40:56,4,,0.0,failed,
BK_7629,US_707,SH_3056,2024-06-07 10:00:30,3,,1002.1500000000001,completed,
BK_7630,US_509,SH_9638,2024-02-02 22:45:52,2,,387.94,completed,
BK_7631,US_8494,SH_9150,2024-06-10 18:06:33,3,,650.22,completed,
BK_7632,US_8968,SH_2865,2024-05-16 11:07:18,3,,1489.02,completed,
BK_7634,US_8563,SH_2346,2024-09-30 11:13:26,3,,801.78,completed,
BK_7635,US_4762,SH_8308,2024-06-13 04:13:26,2,,0.0,failed,
BK_7636,US_5035,SH_5322,2024-12-01 18:46:24,3,,1123.59,completed,
BK_7637,US_8187,SH_8697,2024-07-12 08:45:15,3,,1130.4,completed,
BK_7638,US_8047,SH_4104,2025-08-12 10:09:39,2,,390.92,completed,
BK_7639,US_810,SH_4462,2024-11-10 03:57:31,4,,1150.0,completed,
BK_7640,US_5281,SH_5643,2024-12-19 16:20:13,3,,1284.03,completed,
BK_7641,US_8571,SH_7449,2024-02-10 10:37:49,1,,0.0,refunded,
BK_7642,US_2766,SH_1482,2025-11-23 16:50:03,3,,0.0,refunded,
BK_7643,US_428,SH_7077,2025-10-15 03:07:55,2,,762.3,completed,
BK_7646,US_8717,SH_4491,2025-04-06 06:51:35,2,,735.94,completed,
BK_7647,US_1946,SH_5328,2025-07-09 03:40:05,2,,0.0,failed,
BK_7648,US_4242,SH_8911,2025-08-23 02:52:51,1,,0.0,failed,
BK_7649,US_6729,SH_9886,2024-04-13 04:58:14,4,,1781.0,completed,
BK_7651,US_2960,SH_3618,2024-01-31 11:12:01,4,,1712.84,completed,
BK_7652,US_828,SH_822,2024-07-30 13:19:42,3,,813.24,completed,
BK_7654,US_6615,SH_5485,2025-12-25 08:54:42,1,,372.58,completed,
BK_7655,US_6239,SH_4565,2024-07-15 15:22:01,2,,303.24,completed,
BK_7658,US_8121,SH_4170,2025-07-05 18:37:04,4,,1544.32,completed,
BK_7659,US_9387,SH_5840,2024-01-25 11:31:52,4,,1233.88,completed,
BK_7660,US_1750,SH_9808,2025-10-08 19:22:54,2,,524.26,completed,
BK_7661,US_2351,SH_8618,2025-04-07 14:34:30,4,,1419.12,completed,
BK_7662,US_5468,SH_9969,2024-06-29 19:16:08,1,,440.84,completed,
BK_7663,US_176,SH_4270,2024-03-19 20:32:15,3,,1294.41,completed,
BK_7664,US_2484,SH_9723,2025-08-11 05:00:15,2,,540.34,completed,
BK_7665,US_5948,SH_8311,2025-07-10 10:34:12,2,,924.16,completed,
BK_7666,US_1448,SH_3541,2025-06-13 01:06:31,2,,901.38,completed,
BK_7667,US_6963,SH_2842,2025-07-18 16:08:10,2,,935.66,completed,
BK_7668,US_1463,SH_3892,2025-07-18 20:26:31,4,,827.48,completed,
BK_7669,US_2550,SH_9594,2024-09-25 21:06:29,4,,1051.16,completed,
BK_7670,US_7171,SH_6803,2025-02-08 22:46:58,2,,0.0,failed,
BK_7673,US_9706,SH_1564,2025-06-21 03:49:17,2,,977.28,completed,
BK_7674,US_3851,SH_1772,2025-07-26 13:50:28,2,,0.0,failed,
BK_7675,US_5327,SH_3381,2024-05-14 12:28:20,3,,917.79,completed,
BK_7676,US_641,SH_9659,2024-09-28 04:03:54,4,,1182.76,completed,
BK_7677,US_6234,SH_2845,2025-04-14 17:46:38,3,,970.1999999999999,completed,
BK_7679,US_5407,SH_5572,2025-01-04 20:37:29,4,,1482.44,completed,
BK_7681,US_696,SH_1912,2024-10-21 09:03:25,2,,400.46,completed,
BK_7682,US_8834,SH_3829,2024-09-10 23:06:11,1,,418.78,completed,
BK_7684,US_8463,SH_9531,2024-11-02 14:12:03,2,,544.86,completed,
BK_7685,US_7697,SH_8405,2024-12-06 04:46:05,4,,1898.64,completed,
BK_7686,US_2517,SH_8366,2025-06-30 12:09:42,3,,1393.74,completed,
BK_7687,US_5246,SH_362,2024-01-17 12:28:33,4,,934.92,completed,
BK_7688,US_531,SH_6463,2024-09-23 10:26:53,4,,1484.0,completed,
BK_7689,US_6145,SH_5064,2024-06-20 07:16:42,3,,0.0,failed,
BK_7690,US_3280,SH_849,2024-05-03 22:36:11,3,,1003.5899999999999,completed,
BK_7691,US_4602,SH_7093,2025-04-16 01:45:54,3,,745.74,completed,
BK_7692,US_6397,SH_3366,2024-08-04 05:41:29,2,,541.74,completed,
BK_7693,US_8108,SH_1147,2024-06-17 22:52:44,3,,488.54999999999995,completed,
BK_7694,US_2902,SH_698,2024-12-12 22:13:14,3,,1381.44,completed,
BK_7695,US_4528,SH_4115,2024-12-05 15:49:22,4,,1830.68,completed,
BK_7696,US_7776,SH_1146,2024-06-16 21:59:37,2,,494.18,completed,
BK_7698,US_3531,SH_1782,2024-06-01 00:45:13,1,,219.17,completed,
BK_7700,US_3656,SH_9532,2024-09-10 01:18:20,3,,1400.22,completed,
BK_7701,US_324,SH_2775,2024-11-04 04:59:35,4,,1267.04,completed,
BK_7702,US_6109,SH_776,2025-09-29 01:32:29,4,,1347.56,completed,
BK_7703,US_8048,SH_3019,2024-07-21 23:00:42,3,,567.12,completed,
BK_7704,US_8459,SH_9933,2024-10-08 02:33:55,4,,775.76,completed,
BK_7705,US_2630,SH_1415,2024-01-27 10:59:04,1,,0.0,refunded,
BK_7706,US_8884,SH_8121,2024-09-24 00:50:17,2,,630.2,completed,
BK_7708,US_5631,SH_5277,2024-05-21 20:12:19,2,,0.0,refunded,
BK_7709,US_7351,SH_7457,2024-07-17 07:08:08,2,,471.96,completed,
BK_7710,US_2893,SH_7204,2024-04-01 10:36:05,3,,1408.32,completed,
BK_7711,US_9334,SH_1639,2025-12-09 03:13:11,4,,773.84,completed,
BK_7712,US_7346,SH_5054,2025-04-11 20:29:59,4,,1003.92,completed,
BK_7713,US_3434,SH_5792,2025-11-25 19:41:47,4,,1317.6,completed,
BK_7714,US_9687,SH_3211,2025-03-19 17:12:56,3,,1361.25,completed,
BK_7715,US_4849,SH_7297,2024-03-02 12:40:29,3,,1400.28,completed,
BK_7716,US_525,SH_5236,2024-07-11 16:36:23,3,,627.96,completed,
BK_7717,US_528,SH_8382,2024-02-12 10:30:44,4,,1977.96,completed,
BK_7718,US_3653,SH_6027,2025-07-10 00:46:09,4,,781.4,completed,
BK_7720,US_4009,SH_1503,2025-08-22 13:40:48,1,,330.03,completed,
BK_7721,US_8589,SH_4366,2025-09-18 05:47:38,3,,0.0,refunded,
BK_7722,US_6370,SH_291,2025-02-23 10:19:49,4,,1406.44,completed,
BK_7724,US_4329,SH_3623,2025-09-09 13:16:15,3,,1294.9499999999998,completed,
BK_7725,US_2416,SH_9192,2024-12-02 17:22:25,1,,473.99,completed,
BK_7726,US_8792,SH_1392,2024-02-10 01:29:52,3,,1222.1999999999998,completed,
BK_7727,US_4898,SH_2989,2025-04-26 12:03:16,4,,0.0,failed,
BK_7728,US_8805,SH_9734,2024-06-03 04:02:36,1,,151.12,completed,
BK_7730,US_7960,SH_2619,2024-04-11 17:50:53,2,,667.04,completed,
BK_7731,US_6519,SH_1120,2025-11-18 04:42:44,4,,1089.64,completed,
BK_7732,US_811,SH_910,2025-10-19 14:52:22,4,,0.0,failed,
BK_7733,US_7344,SH_1318,2024-12-08 21:21:48,3,,0.0,failed,
BK_7734,US_4318,SH_653,2025-07-16 23:27:03,1,,363.91,completed,
BK_7735,US_7926,SH_335,2025-03-19 07:17:20,4,,676.84,completed,
BK_7736,US_4646,SH_5520,2025-08-20 16:24:10,1,,237.44,completed,
BK_7737,US_6256,SH_7276,2025-09-06 01:23:57,4,,0.0,failed,
BK_7738,US_1446,SH_2530,2025-06-03 12:41:33,2,,705.9,completed,
BK_7739,US_5365,SH_7110,2025-12-24 05:34:08,3,,1242.1200000000001,completed,
BK_7743,US_6223,SH_7577,2025-09-21 15:55:12,4,,1792.16,completed,
BK_7745,US_8975,SH_9310,2025-05-01 13:23:12,4,,1923.84,completed,
BK_7746,US_9752,SH_1929,2025-11-06 10:42:36,1,,314.96,completed,
BK_7747,US_5347,SH_8152,2024-07-20 22:37:53,3,,1307.34,completed,
BK_7748,US_3130,SH_8749,2024-10-05 09:03:05,4,,793.84,completed,
BK_7749,US_7758,SH_2485,2024-04-18 02:58:16,1,,214.31,completed,
BK_7750,US_7723,SH_2364,2024-10-02 08:21:32,2,,908.92,completed,
BK_7751,US_4183,SH_4668,2024-10-15 02:25:35,3,,1128.9,completed,
BK_7752,US_9168,SH_3447,2025-12-22 08:46:58,2,,845.56,completed,
BK_7755,US_561,SH_6614,2025-02-12 18:22:23,2,,0.0,refunded,
BK_7757,US_4509,SH_9003,2024-09-20 09:49:00,1,,238.41,completed,
BK_7758,US_991,SH_4050,2024-07-10 11:41:54,2,,923.14,completed,
BK_7759,US_4403,SH_4357,2025-05-25 09:41:13,3,,1231.71,completed,
BK_7761,US_6831,SH_772,2024-09-01 12:45:36,1,,381.68,completed,
BK_7763,US_1992,SH_9113,2025-05-16 12:27:51,4,,1691.48,completed,
BK_7765,US_6008,SH_9761,2024-11-27 03:33:19,2,,942.3,completed,
BK_7766,US_103,SH_2401,2025-08-07 03:30:42,3,,1400.85,completed,
BK_7767,US_5388,SH_1057,2024-09-23 08:31:02,4,,1467.88,completed,
BK_7768,US_4912,SH_3686,2024-07-01 17:38:26,2,,432.02,completed,
BK_7769,US_4225,SH_2682,2024-03-03 00:09:24,2,,555.94,completed,
BK_7770,US_7929,SH_2038,2024-06-03 02:06:41,3,,820.11,completed,
BK_7771,US_516,SH_471,2024-12-22 12:33:24,2,,369.14,completed,
BK_7772,US_355,SH_9870,2024-02-28 05:42:14,2,,360.2,completed,
BK_7775,US_8382,SH_7290,2025-04-02 13:26:06,4,,0.0,failed,
BK_7776,US_1737,SH_2943,2025-02-25 23:08:03,1,,332.79,completed,
BK_7777,US_27,SH_2370,2025-11-30 05:10:41,1,,429.95,completed,
BK_7779,US_7672,SH_6012,2025-08-18 03:03:34,3,,956.8199999999999,completed,
BK_7780,US_3866,SH_2192,2024-11-28 06:12:29,3,,1379.07,completed,
BK_7781,US_6640,SH_6775,2024-07-07 00:12:51,2,,871.78,completed,
BK_7782,US_1830,SH_8272,2024-11-08 00:12:52,4,,1479.76,completed,
BK_7783,US_2971,SH_8863,2025-07-19 13:14:30,4,,1598.96,completed,
BK_7785,US_9108,SH_6011,2025-05-17 23:09:34,4,,1810.76,completed,
BK_7786,US_9975,SH_5157,2024-05-07 01:14:08,2,,0.0,refunded,
BK_7787,US_9282,SH_5160,2024-03-13 19:43:15,1,,456.09,completed,
BK_7788,US_9666,SH_3947,2025-11-13 10:39:23,4,,1390.52,completed,
BK_7789,US_5730,SH_7259,2024-01-15 13:18:39,1,,0.0,refunded,
BK_7790,US_6235,SH_8438,2024-04-03 07:51:17,1,,413.14,completed,
BK_7791,US_7376,SH_2999,2024-02-26 15:03:26,4,,1810.56,completed,
BK_7792,US_1822,SH_1448,2024-02-25 06:45:16,1,,279.19,completed,
BK_7793,US_4256,SH_4018,2024-09-27 04:01:56,2,,0.0,failed,
BK_7794,US_5291,SH_856,2025-08-23 19:02:18,1,,0.0,refunded,
BK_7795,US_5415,SH_3863,2024-01-28 16:10:20,1,,0.0,refunded,
BK_7796,US_5534,SH_7933,2024-02-19 11:03:26,1,,167.37,completed,
BK_7797,US_6509,SH_2909,2025-12-11 03:40:34,4,,739.32,completed,
BK_7798,US_3474,SH_819,2025-06-07 14:46:06,1,,204.59,completed,
BK_7799,US_4995,SH_1449,2025-07-13 19:20:37,4,,1357.56,completed,
BK_7800,US_6830,SH_8423,2024-07-16 09:08:51,4,,1303.16,completed,
BK_7801,US_1190,SH_9168,2025-09-02 14:38:39,3,,1365.6,completed,
BK_7802,US_234,SH_8652,2024-04-01 18:53:28,4,,1012.6,completed,
BK_7803,US_3229,SH_4238,2025-12-13 16:38:35,4,,1567.64,completed,
BK_7804,US_5763,SH_7187,2024-03-12 07:14:57,3,,901.3499999999999,completed,
BK_7806,US_9975,SH_6904,2024-12-03 21:30:55,4,,1542.76,completed,
BK_7807,US_5575,SH_9141,2025-03-05 04:06:07,1,,270.05,completed,
BK_7808,US_8511,SH_9713,2024-01-11 03:56:11,2,,0.0,failed,
BK_7809,US_1525,SH_2608,2025-02-20 23:03:19,3,,0.0,failed,
BK_7810,US_3530,SH_6856,2025-11-25 09:42:14,1,,462.77,completed,
BK_7811,US_7914,SH_6684,2025-03-05 07:14:08,3,,579.63,completed,
BK_7812,US_2498,SH_8931,2025-10-01 06:00:04,3,,1240.26,completed,
BK_7813,US_713,SH_8522,2024-03-09 04:10:02,3,,1144.1999999999998,completed,
BK_7814,US_2569,SH_9322,2024-07-27 05:34:29,3,,0.0,failed,
BK_7816,US_3274,SH_8323,2024-06-15 04:08:16,2,,652.6,completed,
BK_7817,US_5163,SH_8169,2024-09-12 04:15:33,4,,1613.68,completed,
BK_7818,US_9744,SH_464,2025-07-12 03:36:49,4,,1834.36,completed,
BK_7819,US_718,SH_8279,2024-03-03 13:52:27,3,,1408.6200000000001,completed,
BK_7820,US_606,SH_2353,2025-02-07 06:25:05,1,,198.83,completed,
BK_7821,US_6767,SH_992,2024-01-23 13:03:33,3,,1346.82,completed,
BK_7822,US_5363,SH_4551,2025-11-13 14:54:54,3,,1192.53,completed,
BK_7823,US_5193,SH_9007,2024-07-31 23:06:59,1,,312.78,completed,
BK_7824,US_6563,SH_7660,2025-01-12 11:09:25,3,,1050.3899999999999,completed,
BK_7825,US_428,SH_2801,2024-04-11 01:17:34,1,,202.71,completed,
BK_7826,US_2967,SH_143,2024-01-08 03:06:53,3,,1233.99,completed,
BK_7827,US_6132,SH_5839,2024-09-12 04:19:08,2,,740.34,completed,
BK_7828,US_3845,SH_8428,2025-07-26 10:53:28,4,,1697.88,completed,
BK_7829,US_8365,SH_5764,2024-08-30 15:28:47,4,,890.16,completed,
BK_7831,US_4809,SH_6267,2025-12-02 20:51:57,2,,0.0,refunded,
BK_7832,US_6293,SH_1979,2024-02-28 13:39:34,4,,1529.76,completed,
BK_7833,US_5799,SH_2959,2024-10-22 15:36:22,2,,584.36,completed,
BK_7834,US_1641,SH_8595,2024-04-04 03:10:06,1,,491.49,completed,
BK_7835,US_8315,SH_9066,2024-11-22 05:54:40,4,,1776.24,completed,
BK_7837,US_8079,SH_6030,2024-11-17 13:35:13,2,,458.94,completed,
BK_7839,US_7064,SH_4462,2025-05-08 03:28:16,4,,0.0,failed,
BK_7840,US_4922,SH_8454,2024-11-30 14:18:58,4,,1912.76,completed,
BK_7841,US_431,SH_6166,2025-06-27 11:50:42,3,,0.0,failed,
BK_7844,US_2535,SH_5053,2024-08-04 16:40:56,2,,697.08,completed,
BK_7845,US_1872,SH_6707,2024-09-19 11:39:50,4,,0.0,failed,
BK_7846,US_3699,SH_8604,2025-12-06 04:00:46,1,,0.0,failed,
BK_7847,US_1198,SH_5949,2025-05-04 20:39:06,4,,1398.84,completed,
BK_7848,US_8564,SH_5212,2024-07-05 21:59:26,2,,637.16,completed,
BK_7849,US_7421,SH_2018,2025-08-23 02:42:29,2,,0.0,failed,
BK_7850,US_3862,SH_587,2025-06-02 16:54:03,4,,998.68,completed,
BK_7851,US_4918,SH_879,2024-02-21 16:09:06,1,,296.47,completed,
BK_7853,US_3986,SH_4735,2025-04-27 19:37:18,2,,543.64,completed,
BK_7854,US_1909,SH_6254,2025-02-01 04:12:41,4,,1387.96,completed,
BK_7855,US_1257,SH_8984,2025-07-14 19:28:26,1,,418.77,completed,
BK_7856,US_1736,SH_2363,2025-03-21 17:43:42,4,,1264.48,completed,
BK_7857,US_5257,SH_6260,2025-04-20 20:22:17,3,,0.0,failed,
BK_7858,US_5396,SH_732,2025-08-15 00:03:22,4,,1982.12,completed,
BK_7859,US_2228,SH_8538,2024-10-08 19:17:19,4,,964.88,completed,
BK_7860,US_5714,SH_933,2025-01-02 18:41:36,4,,1637.16,completed,
BK_7861,US_9007,SH_8496,2024-11-13 19:26:08,3,,978.0899999999999,completed,
BK_7862,US_6035,SH_7520,2024-11-17 02:40:15,2,,695.32,completed,
BK_7863,US_7349,SH_6748,2024-12-29 14:43:16,1,,309.65,completed,
BK_7864,US_6306,SH_23,2025-10-07 12:54:23,4,,1792.28,completed,
BK_7865,US_9237,SH_6730,2025-12-14 07:31:18,2,,0.0,refunded,
BK_7866,US_470,SH_6377,2025-02-22 20:13:43,3,,1293.18,completed,
BK_7867,US_6824,SH_6125,2024-01-13 08:37:40,1,,266.78,completed,
BK_7869,US_3128,SH_2201,2025-03-10 11:43:50,3,,1127.16,completed,
BK_7870,US_4133,SH_7842,2025-09-09 10:26:42,2,,452.3,completed,
BK_7873,US_1470,SH_6610,2025-01-17 20:43:59,3,,1077.27,completed,
BK_7874,US_911,SH_2338,2024-05-24 08:08:41,2,,599.98,completed,
BK_7875,US_7415,SH_5614,2024-05-03 15:03:18,3,,869.94,completed,
BK_7876,US_6701,SH_9908,2025-03-07 07:35:07,4,,717.16,completed,
BK_7877,US_5016,SH_8809,2024-07-02 22:57:34,4,,714.16,completed,
BK_7878,US_5902,SH_882,2024-05-31 17:28:58,3,,793.3799999999999,completed,
BK_7879,US_2807,SH_1826,2024-07-15 23:08:51,2,,0.0,failed,
BK_7880,US_6696,SH_5878,2025-06-17 22:03:55,2,,325.48,completed,
BK_7881,US_4905,SH_896,2025-04-01 11:51:41,3,,969.9000000000001,completed,
BK_7882,US_7423,SH_2929,2025-04-07 19:01:37,2,,428.42,completed,
BK_7883,US_5330,SH_8390,2025-09-06 13:22:17,3,,915.1500000000001,completed,
BK_7884,US_3389,SH_2127,2025-10-25 21:34:23,3,,457.20000000000005,completed,
BK_7885,US_2723,SH_6374,2025-07-14 09:51:51,2,,560.58,completed,
BK_7886,US_5679,SH_5649,2024-11-22 01:31:56,2,,524.26,completed,
BK_7887,US_5658,SH_8011,2024-08-19 16:32:14,2,,320.14,completed,
BK_7888,US_3296,SH_4893,2025-05-21 13:43:16,2,,507.12,completed,
BK_7890,US_6957,SH_5135,2024-12-23 19:30:07,1,,359.04,completed,
BK_7891,US_9372,SH_4851,2024-05-30 20:04:23,3,,742.71,completed,
BK_7893,US_3979,SH_8456,2025-10-17 15:32:41,4,,866.4,completed,
BK_7895,US_9459,SH_3067,2024-12-22 19:29:16,2,,842.9,completed,
BK_7896,US_7563,SH_9160,2024-12-21 15:12:14,4,,1871.52,completed,
BK_7897,US_2711,SH_809,2025-04-02 15:14:04,3,,1207.41,completed,
BK_7898,US_617,SH_4569,2024-07-12 02:21:54,3,,1017.27,completed,
BK_7899,US_1392,SH_6560,2025-04-16 07:55:40,3,,1322.46,completed,
BK_7900,US_8839,SH_3395,2025-11-21 19:26:49,1,,0.0,failed,
BK_7901,US_7111,SH_6377,2024-02-16 13:50:29,2,,862.12,completed,
BK_7902,US_4182,SH_6150,2024-01-27 15:39:03,2,,446.14,completed,
BK_7903,US_9359,SH_8635,2025-04-05 19:52:58,4,,1158.72,completed,
BK_7905,US_2297,SH_3931,2025-09-05 11:07:39,2,,969.56,completed,
BK_7906,US_1725,SH_6703,2025-09-19 03:28:20,2,,900.66,completed,
BK_7908,US_5635,SH_3266,2025-03-11 08:02:01,3,,0.0,failed,
BK_7910,US_3321,SH_2904,2024-10-04 19:13:05,4,,1107.84,completed,
BK_7911,US_9547,SH_2148,2025-06-08 11:52:45,4,,847.08,completed,
BK_7913,US_620,SH_7877,2024-12-06 19:52:24,1,,166.74,completed,
BK_7914,US_314,SH_79,2025-12-18 20:01:52,4,,1943.36,completed,
BK_7915,US_6008,SH_1865,2025-08-04 12:26:31,4,,1731.36,completed,
BK_7916,US_1328,SH_7836,2024-06-21 05:58:21,2,,0.0,failed,
BK_7918,US_6222,SH_1411,2024-07-26 06:36:57,2,,0.0,failed,
BK_7919,US_6386,SH_8066,2024-08-25 16:32:50,1,,0.0,failed,
BK_7921,US_5465,SH_2086,2025-09-14 19:55:42,3,,1376.58,completed,
BK_7922,US_2476,SH_5763,2024-10-05 21:38:55,3,,1370.31,completed,
BK_7923,US_1355,SH_6473,2024-03-23 05:27:17,3,,535.8,completed,
BK_7924,US_8384,SH_9183,2025-05-10 07:06:37,4,,930.52,completed,
BK_7927,US_3221,SH_319,2024-02-15 14:48:37,3,,696.48,completed,
BK_7928,US_3027,SH_1947,2024-07-22 12:23:43,3,,769.86,completed,
BK_7929,US_8915,SH_5798,2024-05-01 09:04:40,2,,0.0,failed,
BK_7931,US_5099,SH_2089,2024-02-05 14:51:10,4,,1538.4,completed,
BK_7933,US_4270,SH_5848,2025-11-21 19:04:15,1,,367.6,completed,
BK_7935,US_2618,SH_2234,2024-01-16 11:00:05,4,,1243.64,completed,
BK_7936,US_7286,SH_3238,2024-03-16 17:45:23,1,,489.87,completed,
BK_7937,US_50,SH_2760,2025-10-14 23:09:22,3,,816.06,completed,
BK_7939,US_2232,SH_3079,2024-07-20 02:46:46,4,,707.28,completed,
BK_7940,US_4632,SH_2242,2025-07-20 07:40:35,2,,631.66,completed,
BK_7942,US_1135,SH_6422,2025-10-18 13:59:13,4,,664.92,completed,
BK_7943,US_9335,SH_257,2025-01-29 11:30:14,1,,417.44,completed,
BK_7944,US_8958,SH_1285,2025-04-25 20:22:26,1,,173.15,completed,
BK_7946,US_287,SH_756,2025-03-01 07:43:12,2,,916.72,completed,
BK_7947,US_7395,SH_909,2025-05-13 04:11:38,4,,1224.72,completed,
BK_7948,US_9433,SH_3062,2024-11-10 04:57:07,4,,602.52,completed,
BK_7949,US_6120,SH_1673,2024-05-09 13:36:55,1,,369.61,completed,
BK_7950,US_5692,SH_2164,2025-02-13 12:49:59,1,,300.95,completed,
BK_7952,US_8328,SH_8089,2025-09-05 15:51:09,2,,0.0,failed,
BK_7953,US_6780,SH_540,2024-03-10 19:04:00,2,,540.6,completed,
BK_7954,US_7296,SH_2057,2024-10-08 09:43:36,4,,1840.32,completed,
BK_7955,US_1997,SH_8682,2025-07-24 01:29:21,3,,0.0,failed,
BK_7956,US_727,SH_548,2024-02-25 04:27:20,4,,1119.08,completed,
BK_7957,US_5638,SH_2287,2025-03-02 04:12:19,1,,393.42,completed,
BK_7958,US_1663,SH_1866,2024-06-15 18:37:59,2,,883.62,completed,
BK_7959,US_2099,SH_7823,2024-02-15 09:47:50,4,,0.0,failed,
BK_7960,US_6042,SH_281,2024-12-18 08:06:00,4,,1564.2,completed,
BK_7961,US_6464,SH_3095,2024-02-22 01:51:57,4,,1248.52,completed,
BK_7962,US_8017,SH_5124,2025-09-15 22:09:06,2,,723.46,completed,
BK_7963,US_1458,SH_3289,2024-04-01 09:02:40,3,,628.5,completed,
BK_7965,US_8327,SH_7227,2024-12-07 00:26:44,1,,328.74,completed,
BK_7966,US_4101,SH_6168,2025-01-23 00:07:36,1,,374.03,completed,
BK_7967,US_7427,SH_5404,2025-11-13 20:09:38,1,,0.0,failed,
BK_7968,US_2971,SH_662,2024-01-10 00:55:33,4,,1504.36,completed,
BK_7969,US_1387,SH_998,2024-08-30 08:04:10,2,,915.44,completed,
BK_7970,US_2599,SH_1416,2025-06-24 17:43:25,4,,1198.4,completed,
BK_7972,US_7851,SH_3269,2025-04-05 19:32:20,2,,0.0,failed,
BK_7973,US_8879,SH_6983,2025-11-21 04:41:55,1,,435.66,completed,
BK_7974,US_139,SH_2925,2024-04-30 04:05:42,3,,643.86,completed,
BK_7975,US_1757,SH_2449,2025-04-09 16:34:48,2,,741.4,completed,
BK_7976,US_7214,SH_8163,2024-06-03 11:19:43,1,,347.67,completed,
BK_7977,US_9779,SH_456,2024-10-18 20:46:28,1,,459.46,completed,
BK_7978,US_8462,SH_7173,2024-12-20 05:11:09,1,,265.37,completed,
BK_7980,US_133,SH_7800,2024-03-17 08:28:41,2,,589.74,completed,
BK_7981,US_7170,SH_1144,2025-10-10 03:34:02,1,,380.84,completed,
BK_7983,US_6616,SH_1892,2025-11-05 17:37:46,3,,1362.72,completed,
BK_7984,US_1669,SH_7571,2025-06-30 14:37:36,4,,0.0,failed,
BK_7987,US_7784,SH_2835,2025-08-27 12:32:45,1,,408.85,completed,
BK_7988,US_6618,SH_6189,2025-10-03 00:13:55,2,,659.92,completed,
BK_7989,US_3708,SH_4245,2025-12-23 22:45:51,3,,988.92,completed,
BK_7990,US_6487,SH_2657,2024-06-27 05:45:19,3,,841.5899999999999,completed,
BK_7991,US_1192,SH_4004,2025-07-15 04:49:34,1,,156.87,completed,
BK_7992,US_3500,SH_422,2024-08-19 23:34:17,2,,696.08,completed,
BK_7993,US_5132,SH_3023,2025-07-31 06:57:54,4,,725.88,completed,
BK_7994,US_142,SH_1809,2025-12-07 17:07:37,2,,492.02,completed,
BK_7995,US_2662,SH_4453,2025-12-19 22:03:05,4,,1989.4,completed,
BK_7996,US_5606,SH_5235,2024-11-05 03:11:45,3,,658.77,completed,
BK_7997,US_9930,SH_757,2025-07-13 06:23:27,3,,893.49,completed,
BK_7998,US_264,SH_71,2024-06-29 09:57:59,1,,220.77,completed,
BK_8000,US_2151,SH_7653,2025-01-11 22:37:30,2,,787.16,completed,
BK_8001,US_6250,SH_2169,2024-12-25 08:14:57,2,,0.0,failed,
BK_8002,US_8780,SH_2948,2025-07-03 20:45:11,2,,0.0,failed,
BK_8003,US_3317,SH_2744,2024-12-31 04:49:49,4,,1350.12,completed,
BK_8004,US_2106,SH_7666,2025-10-25 06:18:43,2,,970.52,completed,
BK_8005,US_7390,SH_4804,2025-04-15 16:43:57,1,,474.9,completed,
BK_8006,US_9350,SH_4961,2025-01-06 15:23:17,4,,734.68,completed,
BK_8007,US_3648,SH_9994,2025-05-25 07:22:25,1,,346.83,completed,
BK_8008,US_1191,SH_4338,2024-04-24 12:36:34,4,,0.0,refunded,
BK_8009,US_5104,SH_4577,2024-05-03 19:11:04,3,,0.0,failed,
BK_8011,US_7774,SH_4782,2025-01-13 03:04:54,4,,1324.56,completed,
BK_8012,US_5309,SH_1935,2024-05-16 22:12:08,3,,457.40999999999997,completed,
BK_8013,US_1887,SH_183,2025-03-14 18:02:44,4,,1470.84,completed,
BK_8014,US_5383,SH_4600,2025-07-26 02:56:19,2,,780.86,completed,
BK_8016,US_3251,SH_750,2024-12-11 21:31:37,3,,652.59,completed,
BK_8017,US_2465,SH_8497,2025-03-18 03:11:17,4,,0.0,refunded,
BK_8019,US_1705,SH_9867,2025-07-13 01:20:35,2,,689.7,completed,
BK_8020,US_8595,SH_7502,2025-05-22 22:47:20,4,,1518.12,completed,
BK_8021,US_9744,SH_1370,2024-07-19 18:45:31,2,,979.42,completed,
BK_8022,US_2560,SH_7826,2024-06-08 06:38:19,2,,540.1,completed,
BK_8023,US_1306,SH_4315,2024-07-12 01:36:48,3,,1287.84,completed,
BK_8024,US_9121,SH_5075,2024-05-10 05:59:17,4,,0.0,refunded,
BK_8025,US_4878,SH_2238,2024-09-28 04:00:19,4,,1469.96,completed,
BK_8026,US_9294,SH_7155,2025-08-06 15:48:28,1,,269.66,completed,
BK_8027,US_9741,SH_4252,2024-09-19 23:34:49,3,,588.84,completed,
BK_8029,US_6374,SH_8819,2024-12-16 19:58:55,4,,1294.04,completed,
BK_8030,US_2868,SH_6262,2025-09-30 20:02:03,3,,1146.57,completed,
BK_8031,US_1660,SH_1903,2025-12-01 00:03:12,4,,915.24,completed,
BK_8032,US_5324,SH_8535,2025-01-26 15:10:34,2,,0.0,failed,
BK_8033,US_7616,SH_3554,2024-07-12 10:37:40,4,,1288.16,completed,
BK_8034,US_6739,SH_4680,2024-10-13 22:03:54,2,,655.6,completed,
BK_8035,US_4004,SH_3942,2025-03-16 04:18:33,3,,696.27,completed,
BK_8036,US_258,SH_130,2025-02-23 21:22:48,1,,0.0,refunded,
BK_8040,US_4797,SH_3968,2024-02-22 19:04:39,2,,0.0,failed,
BK_8041,US_4043,SH_414,2024-02-03 22:36:34,3,,857.3399999999999,completed,
BK_8042,US_5162,SH_5153,2025-09-15 01:46:23,2,,484.94,completed,
BK_8043,US_4231,SH_2060,2024-01-21 17:05:10,2,,454.52,completed,
BK_8044,US_5580,SH_4069,2024-01-27 10:23:11,4,,1871.0,completed,
BK_8045,US_7808,SH_8986,2024-06-30 05:37:58,2,,0.0,refunded,
BK_8047,US_525,SH_6108,2025-10-02 02:33:50,3,,1450.59,completed,
BK_8048,US_204,SH_2303,2024-12-15 03:56:39,4,,1628.6,completed,
BK_8049,US_52,SH_2867,2024-08-23 12:29:45,3,,454.86,completed,
BK_8050,US_826,SH_9137,2024-01-04 15:32:54,1,,237.86,completed,
BK_8051,US_2769,SH_5423,2025-08-12 02:30:22,3,,879.9000000000001,completed,
BK_8052,US_7573,SH_7373,2024-05-22 06:16:53,4,,720.76,completed,
BK_8053,US_5086,SH_9591,2024-05-24 17:03:47,3,,1377.15,completed,
BK_8054,US_6201,SH_1276,2025-02-13 10:05:42,4,,1527.84,completed,
BK_8055,US_2432,SH_3076,2025-07-23 23:57:34,4,,1403.96,completed,
BK_8056,US_7624,SH_6955,2024-03-23 07:33:26,4,,1163.12,completed,
BK_8058,US_5895,SH_386,2024-06-26 21:11:58,2,,738.56,completed,
BK_8059,US_5725,SH_7916,2025-10-28 03:28:13,4,,0.0,refunded,
BK_8060,US_3033,SH_5341,2025-08-22 04:24:00,4,,0.0,failed,
BK_8061,US_5776,SH_3989,2024-03-08 16:19:07,3,,0.0,refunded,
BK_8062,US_6056,SH_2901,2025-05-25 16:29:13,3,,1374.3000000000002,completed,
BK_8063,US_2493,SH_9352,2025-06-17 22:36:59,2,,972.38,completed,
BK_8064,US_8615,SH_9017,2024-04-03 00:20:48,2,,792.12,completed,
BK_8065,US_4947,SH_3811,2025-01-31 06:33:34,4,,1256.44,completed,
BK_8066,US_173,SH_3548,2025-12-27 15:37:06,3,,0.0,refunded,
BK_8067,US_4615,SH_2261,2025-02-20 02:42:59,4,,1995.36,completed,
BK_8070,US_3938,SH_8756,2025-04-06 18:42:03,1,,433.53,completed,
BK_8071,US_6238,SH_9118,2025-05-23 17:04:09,1,,154.6,completed,
BK_8072,US_897,SH_3105,2025-03-16 06:19:45,2,,318.54,completed,
BK_8073,US_9087,SH_1438,2024-01-13 08:23:37,4,,1693.28,completed,
BK_8074,US_1713,SH_4871,2025-08-19 05:57:58,1,,472.68,completed,
BK_8075,US_5526,SH_345,2024-04-03 00:41:19,4,,1353.4,completed,
BK_8077,US_5427,SH_3476,2025-08-04 08:20:37,4,,869.32,completed,
BK_8079,US_5949,SH_1858,2025-08-15 22:20:00,2,,828.44,completed,
BK_8080,US_6510,SH_1990,2025-04-25 18:04:37,3,,0.0,failed,
BK_8081,US_710,SH_1374,2024-02-27 22:05:37,1,,237.23,completed,
BK_8082,US_2655,SH_9872,2025-12-17 13:37:44,1,,496.51,completed,
BK_8083,US_9602,SH_4210,2025-05-28 23:11:10,1,,405.9,completed,
BK_8084,US_5387,SH_533,2025-09-16 11:54:20,4,,0.0,refunded,
BK_8085,US_5428,SH_4861,2025-10-23 13:48:33,3,,1455.99,completed,
BK_8086,US_6740,SH_7,2025-08-01 03:06:30,4,,1070.56,completed,
BK_8087,US_7746,SH_7684,2025-11-09 10:41:49,1,,203.2,completed,
BK_8088,US_3465,SH_7502,2024-07-15 14:49:09,1,,379.53,completed,
BK_8090,US_9496,SH_3211,2024-03-04 17:55:16,4,,1815.0,completed,
BK_8091,US_1178,SH_1908,2024-01-07 23:37:47,1,,210.59,completed,
BK_8092,US_4233,SH_8071,2025-05-29 00:15:38,1,,209.59,completed,
BK_8093,US_6602,SH_4709,2024-07-03 23:16:03,3,,1129.29,completed,
BK_8095,US_4793,SH_3450,2025-06-20 16:38:39,2,,695.62,completed,
BK_8096,US_1034,SH_696,2025-03-31 03:52:31,1,,0.0,failed,
BK_8097,US_5919,SH_780,2024-10-11 15:37:30,1,,308.61,completed,
BK_8098,US_1792,SH_2341,2025-12-27 01:47:59,2,,304.48,completed,
BK_8099,US_4428,SH_8380,2025-08-19 20:23:41,3,,1092.27,completed,
BK_8100,US_4247,SH_2926,2025-05-02 06:53:34,1,,446.34,completed,
BK_8101,US_7909,SH_1431,2025-09-28 18:22:28,2,,968.32,completed,
BK_8102,US_8521,SH_6213,2024-02-11 17:26:02,4,,1636.4,completed,
BK_8103,US_501,SH_6332,2025-10-05 02:06:39,1,,0.0,refunded,
BK_8106,US_8999,SH_4685,2025-03-16 21:13:38,2,,0.0,refunded,
BK_8107,US_4960,SH_1500,2024-08-08 20:06:43,3,,615.0600000000001,completed,
BK_8108,US_1429,SH_1402,2024-06-29 15:41:38,4,,1051.28,completed,
BK_8110,US_1211,SH_1619,2024-02-25 01:25:33,2,,841.9,completed,
BK_8112,US_1337,SH_2341,2024-11-14 04:37:00,2,,304.48,completed,
BK_8113,US_9274,SH_4150,2025-02-23 13:28:21,4,,1929.6,completed,
BK_8114,US_354,SH_7912,2024-12-07 15:45:50,3,,480.09000000000003,completed,
BK_8116,US_3261,SH_1801,2025-05-07 02:08:27,3,,1006.08,completed,
BK_8118,US_5993,SH_8805,2024-02-08 08:06:47,1,,195.55,completed,
BK_8119,US_287,SH_4220,2024-05-30 02:14:44,3,,1231.26,completed,
BK_8121,US_8873,SH_1548,2024-06-11 21:18:49,4,,1351.6,completed,
BK_8122,US_6211,SH_1657,2024-07-16 11:34:58,2,,777.62,completed,
BK_8124,US_7781,SH_2093,2024-10-03 11:27:47,3,,977.5500000000001,completed,
BK_8126,US_5535,SH_6393,2024-04-18 07:51:04,4,,0.0,refunded,
BK_8127,US_9734,SH_1450,2025-12-20 11:00:51,4,,737.56,completed,
BK_8128,US_6305,SH_7380,2024-01-16 23:51:02,3,,713.49,completed,
BK_8129,US_3261,SH_588,2024-12-31 03:12:17,1,,474.64,completed,
BK_8131,US_3920,SH_1976,2025-07-19 12:05:51,1,,207.4,completed,
BK_8132,US_7366,SH_6515,2024-09-06 05:00:17,1,,353.53,completed,
BK_8133,US_2203,SH_2506,2024-06-04 12:47:48,4,,1418.4,completed,
BK_8134,US_5847,SH_10,2024-12-05 01:19:57,4,,1216.52,completed,
BK_8135,US_4675,SH_4913,2025-12-02 14:54:29,1,,375.1,completed,
BK_8136,US_588,SH_1978,2025-05-29 08:59:54,3,,662.0999999999999,completed,
BK_8137,US_8679,SH_7856,2024-11-22 16:17:53,3,,745.77,completed,
BK_8138,US_6223,SH_505,2025-07-20 04:46:00,1,,304.02,completed,
BK_8139,US_130,SH_2825,2024-09-08 02:40:21,3,,0.0,failed,
BK_8140,US_3945,SH_4075,2024-11-26 13:58:26,1,,0.0,failed,
BK_8141,US_9623,SH_9863,2025-07-03 08:13:44,1,,369.2,completed,
BK_8143,US_9479,SH_5228,2025-08-30 21:56:18,3,,0.0,failed,
BK_8144,US_134,SH_3932,2024-09-14 08:50:33,2,,947.2,completed,
BK_8145,US_264,SH_9756,2025-08-17 16:23:34,4,,715.52,completed,
BK_8146,US_6318,SH_6478,2024-03-07 09:59:07,2,,565.68,completed,
BK_8147,US_8007,SH_8675,2024-04-25 05:03:10,1,,365.65,completed,
BK_8148,US_1166,SH_2068,2025-05-03 23:20:57,1,,164.21,completed,
BK_8150,US_8531,SH_4965,2025-06-25 10:10:16,2,,424.0,completed,
BK_8151,US_8864,SH_5086,2025-01-13 09:39:45,2,,463.38,completed,
BK_8152,US_6618,SH_7764,2024-05-08 13:13:12,4,,1596.96,completed,
BK_8153,US_4447,SH_5749,2025-10-01 15:31:23,3,,0.0,refunded,
BK_8154,US_440,SH_4797,2024-02-24 15:43:31,1,,0.0,failed,
BK_8155,US_7546,SH_5515,2025-03-13 08:42:31,4,,1750.44,completed,
BK_8156,US_1214,SH_7754,2025-03-09 22:34:50,1,,358.25,completed,
BK_8157,US_2568,SH_3745,2024-07-31 13:05:31,2,,982.56,completed,
BK_8158,US_6979,SH_5539,2025-08-12 20:50:30,2,,482.34,completed,
BK_8159,US_6586,SH_8918,2025-07-27 13:01:33,4,,1031.76,completed,
BK_8161,US_7927,SH_7117,2024-08-02 04:57:26,4,,643.84,completed,
BK_8162,US_3915,SH_6206,2025-12-06 14:54:29,4,,736.68,completed,
BK_8164,US_3187,SH_9105,2025-09-04 11:07:11,2,,845.28,completed,
BK_8165,US_5914,SH_1572,2025-09-18 21:00:56,4,,0.0,failed,
BK_8166,US_3159,SH_4346,2024-11-20 03:04:41,1,,456.56,completed,
BK_8167,US_9459,SH_7374,2024-09-02 14:21:52,4,,1577.36,completed,
BK_8168,US_5487,SH_8046,2024-03-22 12:11:20,4,,910.96,completed,
BK_8169,US_6700,SH_3723,2024-12-27 01:57:18,2,,0.0,failed,
BK_8171,US_261,SH_3533,2025-09-22 16:52:54,1,,363.01,completed,
BK_8172,US_8108,SH_4933,2024-06-03 08:37:49,2,,771.4,completed,
BK_8173,US_6137,SH_9839,2025-11-27 16:08:35,1,,0.0,failed,
BK_8175,US_8983,SH_8145,2025-02-23 05:08:51,1,,249.08,completed,
BK_8176,US_7801,SH_1619,2025-07-14 15:49:18,3,,1262.85,completed,
BK_8177,US_7110,SH_9541,2024-05-07 09:17:00,1,,234.8,completed,
BK_8178,US_8180,SH_8703,2024-12-01 17:46:25,2,,662.94,completed,
BK_8179,US_3925,SH_4830,2025-08-03 02:10:20,2,,909.04,completed,
BK_8180,US_295,SH_7006,2024-11-11 06:00:35,3,,483.12,completed,
BK_8182,US_7646,SH_7,2024-07-25 17:46:33,4,,1070.56,completed,
BK_8183,US_6109,SH_7692,2025-10-04 07:47:19,1,,0.0,refunded,
BK_8184,US_9650,SH_4317,2024-04-10 06:08:12,1,,175.69,completed,
BK_8185,US_9486,SH_7921,2025-10-23 02:27:47,3,,1144.41,completed,
BK_8186,US_1538,SH_6874,2024-05-12 10:18:27,2,,0.0,failed,
BK_8187,US_2654,SH_6126,2024-02-05 14:56:24,3,,966.54,completed,
BK_8188,US_1566,SH_8898,2024-05-14 08:38:00,3,,733.17,completed,
BK_8189,US_5779,SH_340,2024-11-02 11:19:24,3,,936.33,completed,
BK_8193,US_5608,SH_2155,2025-11-25 07:37:38,2,,706.9,completed,
BK_8194,US_1976,SH_3326,2024-01-08 15:33:00,3,,729.03,completed,
BK_8195,US_4311,SH_2981,2024-05-24 19:19:20,2,,305.9,completed,
BK_8196,US_7014,SH_8679,2024-02-20 15:57:26,3,,1343.97,completed,
BK_8197,US_5306,SH_6424,2024-01-16 04:32:22,3,,1245.33,completed,
BK_8198,US_4446,SH_7889,2025-12-11 05:02:02,4,,1771.36,completed,
BK_8199,US_7952,SH_40,2025-06-03 05:25:07,2,,334.14,completed,
BK_8201,US_1312,SH_3784,2025-09-28 02:49:14,2,,891.86,completed,
BK_8202,US_8838,SH_9780,2025-03-03 16:13:48,1,,0.0,failed,
BK_8203,US_7618,SH_4564,2025-11-13 22:06:50,3,,1123.1100000000001,completed,
BK_8205,US_4105,SH_1041,2025-09-09 08:14:43,4,,0.0,refunded,
BK_8206,US_3175,SH_9823,2024-04-08 02:48:06,1,,296.01,completed,
BK_8208,US_1579,SH_117,2025-09-05 19:22:43,3,,0.0,failed,
BK_8209,US_5857,SH_1948,2025-04-28 15:46:13,2,,444.14,completed,
BK_8210,US_8035,SH_8875,2025-02-02 04:12:52,3,,838.44,completed,
BK_8211,US_7255,SH_6971,2024-06-20 19:12:49,2,,804.96,completed,
BK_8213,US_9422,SH_7701,2025-04-16 00:13:04,4,,0.0,refunded,
BK_8214,US_9769,SH_2461,2025-05-11 20:45:06,2,,997.98,completed,
BK_8215,US_3616,SH_929,2024-05-29 22:43:00,2,,318.86,completed,
BK_8216,US_5353,SH_8650,2024-07-20 17:00:17,1,,302.49,completed,
BK_8217,US_2091,SH_921,2024-05-14 02:46:29,1,,459.14,completed,
BK_8218,US_4421,SH_3005,2025-03-22 21:14:39,1,,385.92,completed,
BK_8219,US_8765,SH_2201,2024-05-17 19:25:41,1,,375.72,completed,
BK_8220,US_8747,SH_9802,2025-05-27 02:52:49,2,,971.68,completed,
BK_8221,US_6910,SH_4668,2025-03-04 04:03:58,3,,1128.9,completed,
BK_8222,US_4426,SH_1171,2024-04-05 02:31:58,1,,152.56,completed,
BK_8223,US_3137,SH_6891,2024-04-27 18:09:33,3,,1098.99,completed,
BK_8224,US_4469,SH_3785,2024-06-15 17:19:05,2,,807.48,completed,
BK_8225,US_1227,SH_1179,2024-10-13 11:20:44,4,,0.0,refunded,
BK_8226,US_2144,SH_9268,2024-11-27 14:22:01,3,,790.11,completed,
BK_8227,US_7853,SH_7974,2025-11-11 03:22:39,1,,316.65,completed,
BK_8228,US_1371,SH_7835,2024-01-28 04:43:02,1,,0.0,failed,
BK_8229,US_4819,SH_1835,2025-05-24 16:28:56,3,,0.0,failed,
BK_8230,US_4225,SH_3028,2025-03-10 13:17:45,3,,689.16,completed,
BK_8231,US_5888,SH_2766,2024-10-23 06:43:45,3,,1166.58,completed,
BK_8232,US_6693,SH_6007,2024-04-30 20:35:16,4,,1451.64,completed,
BK_8233,US_3427,SH_234,2024-02-05 03:17:56,4,,1917.24,completed,
BK_8234,US_2236,SH_6356,2024-12-18 00:27:12,3,,783.0,completed,
BK_8235,US_8899,SH_3245,2024-05-16 12:32:19,3,,1022.5500000000001,completed,
BK_8236,US_6426,SH_7061,2024-05-21 06:00:34,2,,976.74,completed,
BK_8237,US_1636,SH_8709,2025-09-12 02:25:24,4,,1582.12,completed,
BK_8238,US_8532,SH_4297,2024-08-24 01:18:01,2,,865.08,completed,
BK_8239,US_3064,SH_2083,2025-07-20 22:24:59,2,,585.36,completed,
BK_8240,US_6946,SH_9695,2025-03-24 14:52:00,3,,1372.6200000000001,completed,
BK_8241,US_62,SH_1283,2025-03-22 14:22:37,4,,1242.16,completed,
BK_8243,US_3349,SH_7448,2024-09-03 08:58:17,2,,884.5,completed,
BK_8244,US_8544,SH_8231,2025-12-14 08:39:29,3,,643.26,completed,
BK_8245,US_8075,SH_9915,2025-10-20 21:59:34,2,,886.06,completed,
BK_8246,US_6035,SH_9698,2025-01-26 18:58:22,3,,1060.77,completed,
BK_8248,US_1781,SH_3240,2025-04-03 03:10:35,3,,0.0,failed,
BK_8250,US_2778,SH_603,2025-04-09 18:00:32,1,,495.54,completed,
BK_8251,US_5979,SH_3824,2024-05-30 13:08:04,2,,896.54,completed,
BK_8252,US_5328,SH_9819,2025-07-10 03:38:25,4,,970.16,completed,
BK_8254,US_9287,SH_6523,2024-11-11 13:41:52,2,,699.92,completed,
BK_8255,US_3064,SH_5998,2025-12-03 11:01:32,3,,1021.29,completed,
BK_8256,US_1733,SH_2944,2024-04-20 01:39:05,3,,0.0,failed,
BK_8257,US_4194,SH_9921,2024-06-04 19:18:43,1,,398.01,completed,
BK_8258,US_8563,SH_709,2025-11-19 14:49:49,1,,305.04,completed,
BK_8259,US_4156,SH_7448,2025-10-28 01:48:47,4,,0.0,failed,
BK_8260,US_2610,SH_2973,2024-04-28 19:19:39,3,,0.0,failed,
BK_8261,US_9118,SH_609,2024-11-08 21:10:37,4,,1789.92,completed,
BK_8262,US_4890,SH_9973,2025-06-28 09:06:36,1,,0.0,refunded,
BK_8263,US_1513,SH_6119,2025-09-24 13:13:17,2,,379.7,completed,
BK_8264,US_7116,SH_3248,2024-03-22 16:36:56,4,,766.68,completed,
BK_8265,US_4976,SH_6888,2025-06-22 13:36:57,3,,947.1600000000001,completed,
BK_8266,US_5809,SH_6708,2024-07-11 18:39:12,2,,604.7,completed,
BK_8267,US_8699,SH_2800,2024-05-14 12:25:50,1,,0.0,failed,
BK_8268,US_5330,SH_6190,2024-12-12 10:55:51,1,,165.92,completed,
BK_8269,US_4268,SH_6995,2025-10-29 01:30:31,2,,911.86,completed,
BK_8270,US_7109,SH_4594,2025-03-06 00:30:54,4,,0.0,refunded,
BK_8271,US_7369,SH_7994,2024-09-19 13:21:47,3,,686.13,completed,
BK_8272,US_9939,SH_2073,2025-11-06 14:04:27,2,,0.0,refunded,
BK_8273,US_9396,SH_4707,2025-02-07 20:09:16,2,,763.7,completed,
BK_8274,US_9363,SH_7736,2024-06-27 23:06:38,2,,660.76,completed,
BK_8275,US_9080,SH_9044,2024-12-07 01:01:16,4,,793.72,completed,
BK_8276,US_7431,SH_239,2024-11-07 03:18:32,3,,717.99,completed,
BK_8277,US_1055,SH_3453,2024-02-19 17:36:46,2,,339.72,completed,
BK_8278,US_3818,SH_5070,2025-07-13 21:00:24,2,,517.4,completed,
BK_8279,US_4108,SH_103,2025-03-27 13:11:04,2,,0.0,refunded,
BK_8280,US_519,SH_3235,2025-03-23 06:24:21,2,,0.0,refunded,
BK_8281,US_6725,SH_2846,2024-06-21 23:28:58,4,,1471.36,completed,
BK_8282,US_1171,SH_5277,2024-08-31 02:49:06,4,,0.0,failed,
BK_8283,US_8589,SH_4519,2025-10-06 08:53:54,1,,283.88,completed,
BK_8284,US_3785,SH_3194,2024-09-20 01:15:11,4,,1978.2,completed,
BK_8285,US_1626,SH_4198,2025-01-12 20:12:40,4,,1437.4,completed,
BK_8286,US_9216,SH_7901,2024-10-03 09:01:14,3,,1066.1999999999998,completed,
BK_8287,US_1818,SH_8374,2025-04-24 03:27:55,4,,654.24,completed,
BK_8288,US_8051,SH_6543,2025-11-20 04:56:03,4,,1881.12,completed,
BK_8289,US_6991,SH_4488,2024-12-18 11:23:57,2,,499.6,completed,
BK_8290,US_3315,SH_2947,2025-04-12 00:07:07,3,,0.0,failed,
BK_8291,US_772,SH_6674,2024-08-30 14:39:25,3,,798.6600000000001,completed,
BK_8292,US_6510,SH_1255,2024-10-25 23:30:45,2,,681.56,completed,
BK_8294,US_2825,SH_3837,2024-06-04 11:57:03,3,,489.72,completed,
BK_8296,US_7646,SH_202,2025-07-05 19:05:15,2,,627.36,completed,
BK_8297,US_5915,SH_1454,2025-12-15 06:01:54,4,,1593.96,completed,
BK_8298,US_2797,SH_640,2024-12-04 12:05:42,3,,950.8199999999999,completed,
BK_8299,US_1645,SH_4228,2025-10-18 06:51:54,4,,636.6,completed,
BK_8300,US_4209,SH_4589,2024-02-27 22:59:47,1,,204.9,completed,
BK_8302,US_7119,SH_7564,2025-10-19 02:43:04,1,,303.14,completed,
BK_8303,US_7647,SH_6733,2024-03-28 17:45:15,3,,0.0,failed,
BK_8307,US_5577,SH_6363,2024-01-13 18:27:39,4,,1530.32,completed,
BK_8309,US_6269,SH_3418,2024-08-10 14:26:45,2,,316.62,completed,
BK_8310,US_1433,SH_3564,2025-09-29 23:26:56,2,,429.76,completed,
BK_8311,US_2063,SH_5537,2024-08-06 01:51:55,1,,260.31,completed,
BK_8313,US_1629,SH_3448,2024-08-02 01:59:42,3,,0.0,failed,
BK_8314,US_2473,SH_1766,2024-11-17 13:09:04,4,,954.64,completed,
BK_8315,US_4734,SH_9221,2025-01-30 11:47:40,1,,355.78,completed,
BK_8317,US_9138,SH_5238,2025-10-20 11:22:24,1,,242.51,completed,
BK_8318,US_121,SH_7069,2024-12-06 04:19:25,3,,553.08,completed,
BK_8319,US_9304,SH_5664,2025-03-11 12:03:36,1,,177.12,completed,
BK_8320,US_5897,SH_8802,2024-01-23 20:27:16,1,,395.46,completed,
BK_8321,US_9615,SH_1663,2025-02-26 10:15:27,3,,523.2,completed,
BK_8322,US_6057,SH_4764,2024-02-28 11:05:02,3,,1044.18,completed,
BK_8323,US_4375,SH_5008,2025-12-01 08:31:01,4,,1411.0,completed,
BK_8324,US_8014,SH_3857,2024-11-12 15:18:50,3,,652.71,completed,
BK_8326,US_2903,SH_3520,2025-03-29 06:12:00,4,,664.28,completed,
BK_8327,US_5337,SH_4443,2024-07-17 14:58:43,2,,0.0,failed,
BK_8328,US_3851,SH_4704,2025-02-01 03:05:43,1,,211.11,completed,
BK_8329,US_1874,SH_2023,2024-04-10 09:33:55,1,,428.45,completed,
BK_8330,US_5229,SH_4063,2025-09-12 04:08:33,3,,0.0,refunded,
BK_8333,US_2951,SH_6212,2024-10-24 20:10:55,1,,0.0,refunded,
BK_8334,US_5924,SH_4125,2024-11-19 07:01:24,1,,0.0,failed,
BK_8336,US_3216,SH_4300,2025-04-10 23:52:56,1,,0.0,failed,
BK_8337,US_9857,SH_2146,2025-05-28 19:14:25,1,,0.0,failed,
BK_8338,US_5715,SH_3778,2024-05-08 16:11:35,2,,484.4,completed,
BK_8339,US_3369,SH_2913,2024-02-08 11:20:24,4,,1909.24,completed,
BK_8340,US_7561,SH_6030,2025-04-08 22:05:57,1,,229.47,completed,
BK_8341,US_7325,SH_9476,2024-12-19 19:17:39,2,,964.68,completed,
BK_8342,US_3246,SH_7950,2025-05-10 22:16:52,3,,1240.02,completed,
BK_8345,US_6275,SH_646,2024-07-12 19:23:52,1,,363.18,completed,
BK_8346,US_2935,SH_3025,2024-05-22 18:30:56,1,,176.89,completed,
BK_8347,US_1951,SH_5476,2024-10-04 18:50:51,4,,799.24,completed,
BK_8348,US_3464,SH_3318,2025-06-12 15:27:48,1,,364.15,completed,
BK_8349,US_6876,SH_880,2025-01-20 04:30:12,2,,469.04,completed,
BK_8350,US_473,SH_4621,2025-06-02 23:57:38,1,,405.19,completed,
BK_8352,US_2257,SH_6884,2025-12-13 16:29:08,2,,494.76,completed,
BK_8353,US_4314,SH_4329,2024-09-12 02:10:10,1,,209.72,completed,
BK_8354,US_5389,SH_931,2025-08-25 14:28:31,2,,869.26,completed,
BK_8355,US_7219,SH_7717,2024-02-09 18:41:33,2,,519.32,completed,
BK_8357,US_7493,SH_1380,2024-06-02 09:57:19,1,,410.29,completed,
BK_8358,US_2560,SH_411,2025-03-10 12:51:03,1,,216.55,completed,
BK_8359,US_4524,SH_6566,2025-10-23 17:40:35,3,,1227.15,completed,
BK_8360,US_9460,SH_3778,2024-04-03 13:37:45,2,,0.0,failed,
BK_8361,US_6516,SH_6203,2024-08-27 02:01:27,2,,672.42,completed,
BK_8362,US_9096,SH_9546,2024-11-16 14:13:40,1,,233.54,completed,
BK_8363,US_3539,SH_6910,2025-09-12 13:47:35,2,,605.56,completed,
BK_8364,US_6905,SH_4204,2025-12-30 15:06:39,3,,0.0,refunded,
BK_8365,US_1428,SH_6320,2025-11-07 00:38:37,1,,491.95,completed,
BK_8366,US_7883,SH_5272,2025-12-27 09:59:06,2,,625.62,completed,
BK_8367,US_8232,SH_7139,2024-04-20 11:11:10,3,,1329.09,completed,
BK_8368,US_7655,SH_3314,2024-11-08 17:11:25,3,,1289.97,completed,
BK_8369,US_2831,SH_4891,2024-01-22 08:33:20,3,,1342.6200000000001,completed,
BK_8370,US_4504,SH_7223,2025-01-27 09:07:51,3,,1253.91,completed,
BK_8371,US_4638,SH_9274,2024-04-28 04:54:50,4,,1914.68,completed,
BK_8372,US_9829,SH_2518,2025-09-28 11:35:22,4,,1721.84,completed,
BK_8373,US_2780,SH_7755,2024-04-14 14:37:18,4,,1074.52,completed,
BK_8374,US_4818,SH_7724,2025-03-29 05:01:03,1,,409.73,completed,
BK_8375,US_4989,SH_5333,2024-12-10 03:58:52,4,,0.0,failed,
BK_8376,US_2433,SH_8315,2024-10-16 04:44:27,4,,1214.68,completed,
BK_8377,US_443,SH_9432,2024-01-12 06:57:33,1,,0.0,failed,
BK_8378,US_2996,SH_1438,2024-05-18 11:54:16,4,,1693.28,completed,
BK_8379,US_5579,SH_1015,2025-08-12 17:11:18,2,,333.14,completed,
BK_8380,US_6598,SH_5586,2024-11-18 12:29:34,2,,933.44,completed,
BK_8381,US_5053,SH_1394,2024-11-07 02:18:20,3,,1222.41,completed,
BK_8382,US_6836,SH_5925,2025-01-15 04:26:40,1,,0.0,failed,
BK_8383,US_9706,SH_406,2024-02-17 12:10:00,3,,892.74,completed,
BK_8384,US_4958,SH_5536,2025-02-05 00:09:34,1,,472.41,completed,
BK_8386,US_6477,SH_7949,2025-07-20 22:25:17,1,,304.18,completed,
BK_8388,US_7370,SH_4083,2025-01-20 08:25:57,1,,448.74,completed,
BK_8389,US_4108,SH_159,2025-05-22 15:15:03,1,,494.26,completed,
BK_8390,US_3228,SH_4445,2024-03-27 09:49:05,2,,552.1,completed,
BK_8391,US_1756,SH_2132,2024-04-29 23:10:18,1,,476.96,completed,
BK_8392,US_6735,SH_3483,2024-02-01 03:26:30,3,,912.1500000000001,completed,
BK_8393,US_7164,SH_2178,2024-11-20 23:54:48,1,,295.48,completed,
BK_8394,US_7012,SH_7251,2024-02-20 11:36:45,4,,602.12,completed,
BK_8395,US_1013,SH_7077,2024-01-17 06:23:02,3,,1143.4499999999998,completed,
BK_8396,US_3610,SH_3334,2025-12-22 23:37:30,1,,0.0,refunded,
BK_8397,US_5535,SH_8253,2024-02-03 21:49:00,2,,723.14,completed,
BK_8398,US_808,SH_3872,2024-06-27 03:53:36,2,,908.12,completed,
BK_8399,US_9303,SH_775,2024-02-19 12:39:11,2,,980.46,completed,
BK_8400,US_2075,SH_7406,2024-09-01 09:38:07,4,,1909.88,completed,
BK_8402,US_4492,SH_1289,2024-12-30 03:20:05,3,,1432.29,completed,
BK_8403,US_4345,SH_510,2025-05-07 09:26:13,2,,0.0,refunded,
BK_8404,US_37,SH_8588,2024-11-08 03:46:03,2,,883.06,completed,
BK_8405,US_9779,SH_6659,2025-10-12 14:55:57,4,,1450.28,completed,
BK_8407,US_4159,SH_9295,2025-11-28 20:16:37,3,,1150.26,completed,
BK_8408,US_2403,SH_3218,2024-04-29 09:36:01,2,,757.72,completed,
BK_8409,US_7765,SH_5457,2024-07-20 07:47:49,1,,278.04,completed,
BK_8410,US_4278,SH_3244,2025-04-06 08:27:58,4,,636.24,completed,
BK_8411,US_5975,SH_5808,2025-08-12 06:50:47,2,,971.5,completed,
BK_8412,US_6295,SH_8596,2024-06-07 01:38:41,3,,1261.74,completed,
BK_8413,US_6127,SH_6455,2024-04-16 03:43:58,3,,0.0,refunded,
BK_8414,US_1985,SH_3697,2024-02-02 21:25:57,2,,716.38,completed,
BK_8416,US_7370,SH_8841,2024-10-15 11:37:53,2,,593.46,completed,
BK_8417,US_1338,SH_4148,2024-03-29 19:13:36,2,,999.16,completed,
BK_8418,US_8214,SH_8734,2025-10-30 22:57:33,1,,164.67,completed,
BK_8420,US_656,SH_4773,2024-05-07 11:54:30,2,,694.24,completed,
BK_8422,US_981,SH_4448,2024-01-20 05:14:14,4,,1864.88,completed,
BK_8423,US_9360,SH_7164,2025-05-19 09:45:27,2,,674.14,completed,
BK_8424,US_5596,SH_2052,2025-06-26 13:21:56,3,,1207.59,completed,
BK_8425,US_7183,SH_1602,2024-09-24 16:01:00,1,,206.52,completed,
BK_8426,US_2014,SH_4992,2025-09-27 03:18:41,2,,0.0,refunded,
BK_8427,US_4659,SH_9408,2025-09-28 03:00:21,2,,592.52,completed,
BK_8428,US_8721,SH_3113,2025-02-15 13:11:59,3,,1258.8000000000002,completed,
BK_8429,US_3894,SH_1629,2024-08-16 05:15:01,4,,607.04,completed,
BK_8430,US_3838,SH_8143,2024-07-16 20:31:16,4,,0.0,failed,
BK_8432,US_8060,SH_8930,2025-09-30 11:19:08,4,,1466.28,completed,
BK_8433,US_2658,SH_1476,2024-10-04 18:45:44,3,,1492.65,completed,
BK_8435,US_1862,SH_1988,2024-02-15 21:51:24,4,,1724.84,completed,
BK_8436,US_4888,SH_6947,2025-10-09 09:30:37,3,,1361.46,completed,
BK_8438,US_4708,SH_2093,2024-08-23 13:28:55,2,,651.7,completed,
BK_8439,US_1243,SH_7042,2024-12-17 13:47:22,1,,211.72,completed,
BK_8440,US_1529,SH_7896,2024-02-24 15:48:26,4,,1601.0,completed,
BK_8441,US_5267,SH_260,2025-07-08 00:57:26,2,,425.5,completed,
BK_8443,US_3169,SH_5990,2025-03-13 02:40:34,2,,621.92,completed,
BK_8444,US_8753,SH_7232,2024-01-05 20:28:23,2,,560.26,completed,
BK_8445,US_4330,SH_2416,2024-12-22 10:28:13,1,,307.58,completed,
BK_8446,US_2459,SH_2479,2025-11-13 22:44:57,3,,1497.66,completed,
BK_8448,US_8684,SH_5259,2024-06-28 06:32:15,3,,0.0,failed,
BK_8449,US_2123,SH_4661,2025-02-10 21:33:38,3,,494.40000000000003,completed,
BK_8452,US_262,SH_4753,2024-07-27 13:24:10,2,,0.0,refunded,
BK_8453,US_283,SH_3308,2024-06-07 06:27:27,2,,416.9,completed,
BK_8454,US_1010,SH_1471,2025-09-04 01:45:29,2,,723.88,completed,
BK_8455,US_8688,SH_6554,2024-03-13 09:46:28,3,,0.0,failed,
BK_8456,US_6185,SH_483,2025-11-17 00:18:05,1,,0.0,failed,
BK_8457,US_5961,SH_8102,2025-09-30 21:38:11,4,,1032.2,completed,
BK_8458,US_2858,SH_8183,2025-02-14 09:15:18,3,,1357.68,completed,
BK_8460,US_372,SH_2668,2025-06-13 19:33:57,3,,503.84999999999997,completed,
BK_8463,US_4600,SH_498,2025-05-28 12:17:56,4,,1556.04,completed,
BK_8465,US_6090,SH_4595,2025-12-06 20:32:29,1,,306.05,completed,
BK_8466,US_3184,SH_616,2025-03-24 01:45:08,3,,1134.78,completed,
BK_8469,US_3715,SH_4471,2025-12-20 11:29:59,1,,453.97,completed,
BK_8470,US_7540,SH_678,2024-03-10 12:04:58,3,,665.0999999999999,completed,
BK_8471,US_9261,SH_1234,2025-07-22 18:03:10,2,,0.0,refunded,
BK_8472,US_8877,SH_9247,2025-07-27 07:46:27,2,,304.54,completed,
BK_8473,US_2096,SH_7264,2025-03-30 19:16:30,3,,1153.92,completed,
BK_8474,US_5437,SH_6572,2024-01-09 09:02:53,4,,961.4,completed,
BK_8475,US_945,SH_5025,2024-03-04 22:55:47,3,,0.0,failed,
BK_8476,US_9025,SH_2200,2024-09-26 15:54:20,3,,689.8199999999999,completed,
BK_8477,US_3184,SH_7087,2025-06-10 07:50:09,2,,967.32,completed,
BK_8478,US_6620,SH_1835,2025-08-06 17:10:36,4,,1109.48,completed,
BK_8480,US_717,SH_6495,2025-05-06 12:39:13,3,,934.4100000000001,completed,
BK_8481,US_5360,SH_9730,2024-03-11 10:26:04,1,,288.82,completed,
BK_8482,US_5758,SH_3108,2024-06-10 15:16:43,4,,0.0,failed,
BK_8483,US_3516,SH_5371,2025-05-05 14:46:51,1,,356.87,completed,
BK_8484,US_5772,SH_6917,2024-03-19 09:19:02,1,,270.29,completed,
BK_8486,US_993,SH_4247,2024-04-18 22:55:15,4,,1176.0,completed,
BK_8487,US_7922,SH_6271,2024-11-19 03:22:20,1,,163.47,completed,
BK_8488,US_8239,SH_5149,2024-12-08 01:31:58,2,,956.78,completed,
BK_8489,US_9552,SH_5301,2024-07-02 14:00:29,4,,936.52,completed,
BK_8490,US_8891,SH_3023,2024-03-25 18:46:50,1,,181.47,completed,
BK_8491,US_197,SH_4982,2024-03-18 12:01:04,4,,864.64,completed,
BK_8493,US_2752,SH_7969,2024-01-15 11:28:04,1,,315.43,completed,
BK_8494,US_1425,SH_855,2025-06-18 08:55:29,2,,828.36,completed,
BK_8495,US_6503,SH_6135,2025-01-05 09:20:50,1,,273.54,completed,
BK_8496,US_5899,SH_4474,2024-12-20 07:57:06,4,,756.04,completed,
BK_8497,US_338,SH_6939,2024-01-14 21:05:55,4,,644.16,completed,
BK_8498,US_4129,SH_5804,2024-02-24 13:48:33,3,,0.0,refunded,
BK_8500,US_3581,SH_3896,2024-10-05 19:09:37,1,,0.0,failed,
BK_8501,US_2963,SH_4953,2024-03-01 10:34:29,4,,1691.28,completed,
BK_8502,US_8065,SH_1724,2024-01-17 11:55:36,4,,670.4,completed,
BK_8503,US_4065,SH_615,2025-04-16 13:51:51,4,,1630.72,completed,
BK_8504,US_2075,SH_8576,2024-07-03 00:54:53,1,,459.65,completed,
BK_8505,US_2654,SH_8789,2024-07-29 09:09:45,3,,468.18,completed,
BK_8506,US_7239,SH_6977,2024-09-27 02:35:00,1,,468.13,completed,
BK_8507,US_793,SH_9636,2025-10-18 17:33:52,4,,1800.8,completed,
BK_8508,US_6475,SH_6342,2025-10-26 02:29:50,2,,882.38,completed,
BK_8509,US_9136,SH_3999,2025-02-06 06:38:33,4,,749.96,completed,
BK_8511,US_989,SH_5352,2024-11-21 22:06:09,3,,0.0,refunded,
BK_8512,US_2788,SH_946,2024-05-13 15:35:40,3,,689.0699999999999,completed,
BK_8513,US_1265,SH_7194,2024-05-11 16:06:25,1,,422.47,completed,
BK_8514,US_4480,SH_428,2025-08-29 17:56:18,2,,0.0,refunded,
BK_8515,US_4605,SH_3048,2025-05-31 05:27:22,4,,1545.12,completed,
BK_8516,US_4895,SH_5306,2025-04-29 17:51:29,4,,1461.12,completed,
BK_8517,US_1077,SH_704,2024-09-17 22:30:53,2,,515.28,completed,
BK_8518,US_5394,SH_3080,2024-06-02 19:16:13,4,,1557.32,completed,
BK_8519,US_4106,SH_7157,2024-11-09 04:54:18,2,,379.02,completed,
BK_8520,US_3285,SH_9289,2025-04-12 13:11:53,3,,503.13,completed,
BK_8521,US_8799,SH_7517,2025-07-11 18:50:48,3,,1201.8899999999999,completed,
BK_8522,US_7608,SH_1842,2024-07-05 00:15:02,4,,1957.96,completed,
BK_8523,US_8030,SH_8404,2024-10-06 20:11:49,3,,457.98,completed,
BK_8524,US_4002,SH_8668,2024-05-28 03:48:20,3,,908.31,completed,
BK_8525,US_4540,SH_8367,2025-01-08 06:41:34,4,,767.84,completed,
BK_8527,US_7608,SH_5849,2024-04-10 09:14:06,1,,289.09,completed,
BK_8529,US_908,SH_8830,2025-02-04 09:12:03,1,,325.83,completed,
BK_8530,US_1020,SH_4388,2025-02-01 04:48:14,4,,0.0,failed,
BK_8531,US_9061,SH_6377,2024-10-01 23:50:48,2,,862.12,completed,
BK_8532,US_1578,SH_8907,2025-04-18 23:27:19,3,,1284.48,completed,
BK_8533,US_5119,SH_1965,2025-06-15 09:11:57,2,,629.58,completed,
BK_8534,US_8510,SH_9513,2025-05-05 04:52:32,3,,0.0,failed,
BK_8535,US_3225,SH_5290,2025-07-20 07:30:08,3,,0.0,failed,
BK_8538,US_147,SH_5542,2024-02-27 18:38:15,2,,439.86,completed,
BK_8539,US_455,SH_4953,2025-04-12 03:00:40,3,,0.0,failed,
BK_8540,US_2253,SH_4384,2024-06-19 07:21:42,3,,1457.1,completed,
BK_8541,US_9538,SH_7130,2025-05-10 21:37:37,1,,368.02,completed,
BK_8542,US_3307,SH_6617,2024-08-19 01:53:35,4,,1053.8,completed,
BK_8544,US_4616,SH_5257,2024-04-04 23:53:01,3,,922.83,completed,
BK_8545,US_6471,SH_4446,2024-08-24 16:16:03,4,,1462.24,completed,
BK_8546,US_2952,SH_4557,2025-10-27 13:42:54,1,,0.0,failed,
BK_8547,US_2876,SH_2391,2024-05-13 18:31:50,3,,854.67,completed,
BK_8549,US_8363,SH_2162,2024-07-21 15:03:58,4,,1527.84,completed,
BK_8550,US_6997,SH_1952,2024-06-15 07:44:31,1,,350.55,completed,
BK_8551,US_3680,SH_1953,2025-05-26 17:01:57,3,,941.67,completed,
BK_8553,US_3144,SH_6709,2025-10-27 17:44:26,3,,863.67,completed,
BK_8554,US_5203,SH_5339,2025-09-17 00:24:16,4,,1893.52,completed,
BK_8555,US_9112,SH_1807,2025-03-26 21:34:12,2,,564.7,completed,
BK_8556,US_9722,SH_6437,2024-04-08 18:10:38,2,,863.62,completed,
BK_8557,US_2785,SH_4840,2025-02-03 01:04:37,1,,283.23,completed,
BK_8558,US_3454,SH_1888,2024-05-12 16:28:13,3,,835.77,completed,
BK_8559,US_3211,SH_5461,2025-06-03 12:41:03,3,,1426.02,completed,
BK_8560,US_2774,SH_4886,2025-08-29 11:32:29,1,,0.0,failed,
BK_8561,US_4750,SH_9309,2024-05-12 17:23:51,4,,1679.0,completed,
BK_8562,US_8986,SH_9042,2025-08-18 05:35:47,4,,1289.76,completed,
BK_8563,US_7463,SH_9459,2024-02-21 14:13:11,1,,476.4,completed,
BK_8564,US_2538,SH_9884,2024-05-27 13:09:36,1,,175.15,completed,
BK_8567,US_1442,SH_3263,2025-04-27 13:40:42,4,,0.0,failed,
BK_8568,US_9320,SH_4588,2024-05-04 12:38:39,2,,0.0,failed,
BK_8569,US_8610,SH_8825,2025-07-13 04:59:57,1,,345.79,completed,
BK_8570,US_3810,SH_2815,2025-05-08 10:22:56,4,,1794.28,completed,
BK_8571,US_414,SH_2598,2024-09-06 06:40:27,4,,728.64,completed,
BK_8573,US_8876,SH_6022,2024-01-01 21:40:01,3,,1493.49,completed,
BK_8574,US_6654,SH_9198,2024-10-06 01:26:26,3,,1272.8700000000001,completed,
BK_8576,US_727,SH_3626,2025-07-03 03:17:55,2,,837.08,completed,
BK_8577,US_6779,SH_745,2024-08-06 10:36:21,2,,821.0,completed,
BK_8578,US_355,SH_5881,2024-02-07 02:22:24,1,,211.98,completed,
BK_8579,US_4069,SH_8598,2024-11-06 19:20:40,3,,871.86,completed,
BK_8581,US_7859,SH_1613,2025-09-09 13:41:47,4,,839.4,completed,
BK_8582,US_5612,SH_690,2025-07-25 12:34:44,4,,1170.08,completed,
BK_8583,US_9880,SH_7837,2025-09-07 04:55:49,2,,0.0,failed,
BK_8584,US_3141,SH_1141,2024-12-16 21:50:01,2,,440.66,completed,
BK_8585,US_4319,SH_5446,2025-02-18 22:37:13,3,,1115.16,completed,
BK_8588,US_1540,SH_2537,2024-03-25 04:04:07,1,,287.99,completed,
BK_8589,US_4131,SH_2447,2025-08-04 20:14:55,3,,537.51,completed,
BK_8591,US_7921,SH_5648,2024-02-06 15:09:33,1,,0.0,failed,
BK_8593,US_9908,SH_9284,2024-08-05 10:17:03,1,,227.72,completed,
BK_8594,US_5077,SH_9713,2024-09-22 21:28:12,1,,203.8,completed,
BK_8595,US_7602,SH_8438,2025-01-04 22:40:33,2,,826.28,completed,
BK_8596,US_7359,SH_4685,2025-02-05 16:20:10,2,,547.52,completed,
BK_8597,US_7779,SH_4850,2024-04-27 12:09:02,4,,0.0,refunded,
BK_8598,US_5026,SH_5950,2024-08-01 04:46:25,1,,302.35,completed,
BK_8599,US_4284,SH_3586,2024-10-22 09:24:52,1,,305.82,completed,
BK_8600,US_7925,SH_9063,2024-10-25 23:15:40,4,,1087.8,completed,
BK_8601,US_9142,SH_5861,2025-01-01 02:27:16,3,,764.52,completed,
BK_8602,US_111,SH_2712,2025-06-01 09:05:35,4,,920.4,completed,
BK_8603,US_6464,SH_1454,2024-03-12 15:16:49,3,,1195.47,completed,
BK_8604,US_4874,SH_3026,2025-03-18 21:34:35,4,,1515.72,completed,
BK_8606,US_1261,SH_5529,2025-04-28 06:59:22,4,,1312.04,completed,
BK_8607,US_7062,SH_3059,2024-12-25 17:33:19,3,,1437.27,completed,
BK_8608,US_2046,SH_2392,2024-06-25 12:22:15,3,,0.0,failed,
BK_8609,US_1722,SH_3749,2024-08-16 18:11:19,4,,1965.76,completed,
BK_8610,US_6574,SH_5759,2024-11-24 20:19:13,1,,290.58,completed,
BK_8611,US_5868,SH_6147,2025-11-19 10:03:16,2,,0.0,refunded,
BK_8612,US_8664,SH_3866,2024-04-23 07:47:34,3,,693.42,completed,
BK_8613,US_50,SH_4912,2024-04-08 16:03:49,3,,532.2,completed,
BK_8614,US_3151,SH_2044,2025-05-03 14:46:51,2,,446.4,completed,
BK_8615,US_5285,SH_3504,2025-08-16 16:15:03,1,,324.24,completed,
BK_8616,US_8686,SH_7979,2025-09-05 12:06:40,4,,0.0,failed,
BK_8617,US_2215,SH_8971,2024-03-24 19:35:26,3,,1112.97,completed,
BK_8618,US_9617,SH_5910,2024-10-31 21:02:51,4,,675.32,completed,
BK_8619,US_4655,SH_481,2024-11-08 00:25:59,3,,0.0,refunded,
BK_8620,US_7961,SH_1680,2024-03-15 20:52:39,3,,1036.35,completed,
BK_8621,US_803,SH_3555,2025-02-08 01:23:47,4,,0.0,refunded,
BK_8622,US_5943,SH_1079,2025-12-26 04:09:33,4,,1883.48,completed,
BK_8623,US_4778,SH_533,2024-11-05 03:28:58,2,,642.12,completed,
BK_8624,US_9025,SH_9366,2024-05-10 13:17:17,1,,392.5,completed,
BK_8625,US_810,SH_3387,2025-11-28 16:27:02,2,,525.76,completed,
BK_8626,US_9223,SH_8683,2024-07-21 14:24:29,2,,0.0,refunded,
BK_8627,US_6943,SH_4818,2025-07-31 11:46:17,4,,628.44,completed,
BK_8628,US_9007,SH_4591,2025-08-05 15:01:23,3,,852.1500000000001,completed,
BK_8629,US_3975,SH_2488,2024-11-24 05:17:41,3,,1289.52,completed,
BK_8630,US_9860,SH_1674,2025-02-11 00:06:29,3,,1448.34,completed,
BK_8631,US_8021,SH_8944,2025-11-26 11:01:14,1,,260.59,completed,
BK_8632,US_7418,SH_6961,2024-01-28 01:38:54,4,,1686.08,completed,
BK_8633,US_3479,SH_8103,2025-04-05 00:24:57,1,,0.0,failed,
BK_8634,US_2896,SH_2249,2024-05-29 21:16:26,3,,607.4399999999999,completed,
BK_8635,US_8328,SH_9263,2024-10-22 15:26:09,1,,174.66,completed,
BK_8636,US_1571,SH_8,2024-11-21 07:34:23,2,,992.86,completed,
BK_8638,US_1527,SH_8447,2024-10-17 12:44:58,3,,972.3000000000001,completed,
BK_8639,US_8893,SH_2076,2025-05-12 04:10:06,4,,1547.92,completed,
BK_8640,US_8033,SH_2842,2024-04-11 04:13:35,3,,1403.49,completed,
BK_8641,US_7128,SH_6453,2025-07-21 10:32:51,4,,655.64,completed,
BK_8643,US_799,SH_8398,2025-05-14 01:11:42,2,,969.2,completed,
BK_8644,US_7367,SH_5592,2025-04-22 22:44:41,3,,886.74,completed,
BK_8645,US_7866,SH_267,2024-11-21 15:34:04,1,,439.12,completed,
BK_8646,US_6590,SH_112,2025-07-25 08:58:24,3,,1492.23,completed,
BK_8647,US_7378,SH_6686,2025-06-28 11:48:32,3,,803.46,completed,
BK_8648,US_2009,SH_4406,2025-06-21 01:20:33,1,,0.0,failed,
BK_8650,US_483,SH_8331,2025-03-26 13:35:15,2,,745.68,completed,
BK_8651,US_516,SH_866,2024-12-19 11:01:03,1,,456.01,completed,
BK_8652,US_6982,SH_3133,2025-07-21 12:15:46,4,,1578.68,completed,
BK_8654,US_6863,SH_6552,2024-09-16 02:16:36,1,,182.32,completed,
BK_8655,US_8271,SH_9783,2024-08-21 06:43:26,4,,1186.4,completed,
BK_8656,US_5752,SH_8659,2025-01-04 08:13:27,3,,895.1999999999999,completed,
BK_8657,US_7043,SH_4457,2025-10-16 16:08:31,1,,335.85,completed,
BK_8658,US_8897,SH_5623,2024-10-21 23:30:17,1,,187.66,completed,
BK_8660,US_5542,SH_5249,2025-07-21 23:30:57,3,,0.0,failed,
BK_8661,US_1697,SH_2751,2024-05-04 21:50:06,4,,608.08,completed,
BK_8662,US_1034,SH_8645,2025-02-23 04:07:53,4,,727.72,completed,
BK_8663,US_4970,SH_8794,2024-09-09 18:05:18,2,,644.66,completed,
BK_8665,US_3960,SH_544,2024-11-12 14:09:04,3,,695.67,completed,
BK_8666,US_752,SH_112,2025-01-06 12:11:39,2,,994.82,completed,
BK_8667,US_7250,SH_542,2025-08-05 16:37:13,2,,926.8,completed,
BK_8669,US_8257,SH_1510,2024-07-22 20:29:50,4,,0.0,failed,
BK_8670,US_291,SH_5835,2025-07-01 12:51:40,4,,1016.2,completed,
BK_8671,US_3180,SH_2637,2024-12-13 00:01:20,4,,1313.92,completed,
BK_8672,US_9585,SH_2210,2024-05-16 19:28:24,1,,498.53,completed,
BK_8673,US_8158,SH_711,2025-08-15 06:49:16,3,,927.42,completed,
BK_8674,US_6946,SH_936,2025-11-10 03:52:24,4,,1807.2,completed,
BK_8675,US_1451,SH_4103,2025-05-22 15:17:59,1,,298.61,completed,
BK_8676,US_9076,SH_4286,2024-12-09 18:23:15,3,,619.26,completed,
BK_8677,US_8412,SH_8911,2024-05-31 22:53:20,2,,758.62,completed,
BK_8678,US_769,SH_6603,2024-10-09 06:12:07,4,,771.96,completed,
BK_8679,US_965,SH_1672,2024-06-02 15:27:12,2,,302.18,completed,
BK_8680,US_4158,SH_3652,2024-05-02 01:12:39,1,,336.3,completed,
BK_8683,US_235,SH_8773,2024-09-12 08:31:43,2,,741.78,completed,
BK_8684,US_4337,SH_5434,2024-09-11 17:50:52,1,,447.65,completed,
BK_8687,US_3133,SH_4633,2024-02-01 16:14:58,3,,710.73,completed,
BK_8688,US_7987,SH_8664,2025-02-10 00:50:51,3,,500.73,completed,
BK_8689,US_5325,SH_3183,2025-10-09 12:58:53,4,,0.0,failed,
BK_8690,US_8249,SH_4117,2025-06-20 23:33:15,1,,419.37,completed,
BK_8692,US_4639,SH_8022,2024-02-06 15:24:17,2,,0.0,refunded,
BK_8693,US_9642,SH_656,2024-05-26 06:19:14,3,,1214.91,completed,
BK_8694,US_6489,SH_3465,2024-10-24 19:13:06,3,,483.99,completed,
BK_8695,US_488,SH_2592,2025-05-02 16:04:23,2,,359.44,completed,
BK_8696,US_6855,SH_940,2024-07-15 18:30:55,3,,1400.6100000000001,completed,
BK_8697,US_8181,SH_9956,2025-04-27 06:07:32,2,,982.98,completed,
BK_8698,US_3399,SH_4884,2024-02-08 14:08:06,3,,488.40000000000003,completed,
BK_8700,US_9117,SH_604,2024-12-02 03:57:04,2,,470.78,completed,
BK_8701,US_9920,SH_7764,2024-12-17 15:16:10,1,,399.24,completed,
BK_8702,US_9162,SH_4685,2024-05-12 20:14:54,4,,1095.04,completed,
BK_8703,US_4706,SH_8905,2024-10-19 07:56:24,1,,359.52,completed,
BK_8704,US_2484,SH_7489,2024-08-25 07:07:08,2,,458.1,completed,
BK_8705,US_5606,SH_7954,2025-02-23 21:53:17,1,,0.0,failed,
BK_8706,US_1295,SH_5783,2024-02-13 03:43:55,4,,0.0,failed,
BK_8707,US_5354,SH_5080,2024-08-07 16:28:47,2,,754.18,completed,
BK_8708,US_489,SH_9720,2024-08-24 21:39:54,2,,974.78,completed,
BK_8709,US_633,SH_2396,2024-05-16 20:59:00,3,,685.41,completed,
BK_8710,US_683,SH_2089,2024-12-25 15:38:02,3,,1153.8000000000002,completed,
BK_8712,US_1582,SH_8479,2024-12-26 07:15:21,3,,960.36,completed,
BK_8713,US_2894,SH_7449,2024-06-15 20:27:47,3,,634.74,completed,
BK_8715,US_3075,SH_4014,2025-06-21 05:37:41,2,,893.1,completed,
BK_8716,US_7589,SH_7203,2025-04-08 05:50:25,2,,876.46,completed,
BK_8717,US_3376,SH_3100,2025-08-07 07:38:17,2,,740.82,completed,
BK_8718,US_6061,SH_6693,2025-08-13 00:46:36,4,,706.88,completed,
BK_8722,US_841,SH_5217,2025-04-30 23:50:08,3,,1170.33,completed,
BK_8725,US_2147,SH_3465,2024-09-14 23:43:48,3,,0.0,refunded,
BK_8727,US_4165,SH_8224,2025-09-20 03:27:56,3,,1190.19,completed,
BK_8728,US_9535,SH_8680,2024-04-30 06:25:04,4,,0.0,failed,
BK_8729,US_3679,SH_4203,2025-11-17 08:51:04,1,,267.01,completed,
BK_8730,US_6622,SH_2208,2024-10-15 11:43:10,4,,1686.68,completed,
BK_8733,US_9000,SH_3198,2024-03-01 11:54:57,1,,317.59,completed,
BK_8734,US_6705,SH_191,2025-11-25 16:22:27,2,,629.9,completed,
BK_8735,US_7190,SH_1061,2025-07-27 15:05:32,2,,419.44,completed,
BK_8737,US_4717,SH_1617,2024-12-08 05:45:10,1,,188.34,completed,
BK_8738,US_6291,SH_8668,2025-07-23 11:49:46,4,,1211.08,completed,
BK_8739,US_9750,SH_5103,2024-01-14 13:40:07,3,,1185.09,completed,
BK_8742,US_4251,SH_4728,2024-02-05 21:47:01,4,,872.88,completed,
BK_8743,US_1064,SH_8146,2024-12-02 23:01:55,1,,267.96,completed,
BK_8744,US_7194,SH_4156,2025-09-13 11:02:02,1,,0.0,failed,
BK_8745,US_5670,SH_752,2025-03-07 16:49:06,1,,332.76,completed,
BK_8746,US_5064,SH_9637,2024-02-13 08:08:30,3,,1196.22,completed,
BK_8747,US_1342,SH_1111,2024-09-03 20:40:41,4,,1591.16,completed,
BK_8748,US_5752,SH_9491,2025-12-24 12:24:51,1,,173.99,completed,
BK_8749,US_3453,SH_9864,2025-03-31 20:11:24,2,,909.84,completed,
BK_8750,US_858,SH_5159,2025-08-07 02:52:38,2,,0.0,failed,
BK_8751,US_997,SH_9982,2025-10-15 02:45:47,4,,834.8,completed,
BK_8752,US_3491,SH_344,2024-11-24 21:32:04,2,,912.4,completed,
BK_8753,US_5733,SH_3348,2025-02-17 01:37:18,3,,1227.78,completed,
BK_8754,US_6817,SH_6107,2024-09-09 20:31:21,2,,502.36,completed,
BK_8758,US_2548,SH_4543,2025-07-21 10:25:40,1,,279.5,completed,
BK_8759,US_5874,SH_5954,2025-12-27 01:51:54,1,,488.77,completed,
BK_8760,US_9699,SH_281,2024-05-22 18:48:40,3,,1173.15,completed,
BK_8762,US_2542,SH_5211,2025-04-03 01:06:46,2,,646.4,completed,
BK_8763,US_4477,SH_1929,2025-06-29 08:11:52,1,,314.96,completed,
BK_8765,US_4802,SH_7941,2024-10-20 20:45:59,2,,608.56,completed,
BK_8766,US_1001,SH_2699,2024-09-03 12:57:35,3,,1014.81,completed,
BK_8767,US_8641,SH_5015,2024-05-10 09:14:57,2,,0.0,refunded,
BK_8768,US_6060,SH_8063,2025-10-03 16:42:54,3,,1011.39,completed,
BK_8769,US_5211,SH_586,2025-12-11 06:08:56,3,,501.03,completed,
BK_8770,US_3086,SH_8370,2025-08-14 22:42:30,4,,1347.8,completed,
BK_8772,US_3887,SH_7166,2024-10-21 03:43:50,2,,0.0,refunded,
BK_8773,US_8388,SH_7561,2024-09-28 12:06:12,3,,572.0999999999999,completed,
BK_8774,US_884,SH_7261,2024-03-04 04:39:02,4,,1427.0,completed,
BK_8775,US_958,SH_3601,2024-01-18 01:33:01,2,,672.88,completed,
BK_8776,US_2836,SH_9496,2025-10-30 02:01:11,3,,0.0,refunded,
BK_8777,US_2495,SH_4582,2025-02-08 18:42:23,4,,1136.12,completed,
BK_8779,US_1439,SH_4195,2024-05-21 13:51:00,2,,589.48,completed,
BK_8780,US_6544,SH_3713,2025-06-01 08:41:59,1,,207.83,completed,
BK_8782,US_3079,SH_4332,2024-10-03 06:09:40,4,,1138.4,completed,
BK_8783,US_9857,SH_868,2024-01-09 16:13:41,1,,315.93,completed,
BK_8784,US_4057,SH_8798,2025-03-27 08:22:04,1,,437.76,completed,
BK_8787,US_1578,SH_4220,2024-08-10 01:08:56,1,,410.42,completed,
BK_8788,US_3987,SH_4685,2025-05-22 20:23:27,1,,273.76,completed,
BK_8790,US_8317,SH_789,2025-07-17 17:39:48,4,,1462.04,completed,
BK_8791,US_3016,SH_7096,2025-11-30 06:12:01,4,,1407.64,completed,
BK_8792,US_1111,SH_4289,2025-04-05 12:04:27,1,,499.76,completed,
BK_8793,US_4538,SH_1888,2024-06-12 14:31:42,1,,0.0,failed,
BK_8794,US_1704,SH_7774,2024-08-14 11:12:34,1,,444.44,completed,
BK_8796,US_1905,SH_2412,2024-01-05 15:54:27,3,,775.6200000000001,completed,
BK_8797,US_58,SH_7901,2024-08-28 23:24:10,4,,1421.6,completed,
BK_8798,US_2321,SH_6261,2025-02-28 05:16:44,1,,402.17,completed,
BK_8799,US_6821,SH_2815,2024-02-21 13:12:28,3,,1345.71,completed,
BK_8800,US_5848,SH_419,2024-07-05 06:58:59,3,,1408.77,completed,
BK_8801,US_1093,SH_338,2024-10-12 06:51:25,4,,0.0,failed,
BK_8802,US_1010,SH_6561,2025-04-17 06:13:30,4,,0.0,failed,
BK_8804,US_2094,SH_5217,2024-06-14 15:23:17,1,,0.0,failed,
BK_8805,US_3021,SH_9604,2025-07-31 18:40:53,4,,1404.84,completed,
BK_8806,US_929,SH_6510,2025-07-18 07:05:05,1,,312.31,completed,
BK_8807,US_715,SH_9781,2025-06-12 01:40:26,1,,473.04,completed,
BK_8808,US_5059,SH_1828,2025-07-23 13:33:19,2,,873.58,completed,
BK_8809,US_8612,SH_421,2025-08-09 23:42:10,1,,338.32,completed,
BK_8810,US_9993,SH_3242,2025-09-17 03:46:01,3,,1360.68,completed,
BK_8811,US_1433,SH_1113,2024-01-25 12:21:53,1,,424.96,completed,
BK_8814,US_2928,SH_7059,2024-08-07 14:41:15,4,,1012.92,completed,
BK_8815,US_5827,SH_5097,2025-09-18 23:29:27,3,,0.0,failed,
BK_8819,US_7322,SH_7820,2024-09-01 05:00:53,2,,560.98,completed,
BK_8820,US_9924,SH_6614,2024-01-12 04:41:54,3,,501.75,completed,
BK_8821,US_9657,SH_74,2025-08-24 10:55:21,1,,403.08,completed,
BK_8822,US_483,SH_4569,2024-11-13 01:48:30,1,,339.09,completed,
BK_8823,US_1952,SH_4356,2024-01-27 01:54:49,3,,0.0,failed,
BK_8824,US_4464,SH_8877,2025-09-09 02:00:20,1,,338.74,completed,
BK_8825,US_5538,SH_6614,2024-08-04 11:07:47,3,,501.75,completed,
BK_8826,US_6617,SH_3088,2025-08-21 20:00:25,2,,910.06,completed,
BK_8827,US_8066,SH_5024,2024-07-12 19:51:20,2,,961.68,completed,
BK_8828,US_7415,SH_8545,2025-01-26 15:55:52,4,,924.16,completed,
BK_8830,US_7229,SH_6735,2025-08-25 11:31:05,2,,748.56,completed,
BK_8831,US_4072,SH_4003,2024-01-10 22:33:19,3,,561.48,completed,
BK_8832,US_1632,SH_1309,2025-02-09 14:28:54,1,,181.74,completed,
BK_8833,US_8502,SH_7078,2025-07-31 20:41:26,1,,385.76,completed,
BK_8834,US_4338,SH_8764,2024-04-19 17:58:54,3,,1370.52,completed,
BK_8836,US_6779,SH_7688,2025-05-17 14:34:41,1,,496.36,completed,
BK_8837,US_3193,SH_5876,2025-11-05 15:59:21,3,,944.3399999999999,completed,
BK_8838,US_65,SH_334,2025-07-10 08:49:27,3,,1225.41,completed,
BK_8839,US_8037,SH_8156,2024-06-30 18:29:00,1,,0.0,failed,
BK_8841,US_6049,SH_2605,2025-10-01 22:20:42,3,,0.0,failed,
BK_8842,US_740,SH_2264,2025-09-18 09:11:49,1,,370.32,completed,
BK_8843,US_5324,SH_638,2024-08-05 14:11:17,2,,854.2,completed,
BK_8845,US_1465,SH_9047,2025-09-05 15:53:17,1,,177.68,completed,
BK_8846,US_3216,SH_736,2025-05-27 19:32:21,1,,209.26,completed,
BK_8847,US_5086,SH_4390,2025-02-26 16:00:58,2,,304.1,completed,
BK_8848,US_4302,SH_5708,2024-03-02 16:20:10,2,,0.0,refunded,
BK_8849,US_5552,SH_984,2025-09-17 08:23:58,3,,817.6500000000001,completed,
BK_8851,US_6773,SH_7940,2024-03-02 11:25:18,1,,410.04,completed,
BK_8852,US_5810,SH_715,2025-01-03 05:44:26,1,,189.18,completed,
BK_8853,US_6624,SH_1879,2024-11-23 09:26:46,1,,249.27,completed,
BK_8854,US_8938,SH_4541,2024-01-28 03:21:17,4,,833.68,completed,
BK_8855,US_1703,SH_2818,2025-06-30 09:50:09,4,,1284.12,completed,
BK_8856,US_8633,SH_9873,2025-11-09 06:24:13,1,,284.59,completed,
BK_8857,US_3695,SH_5557,2025-03-19 07:13:59,1,,249.6,completed,
BK_8858,US_647,SH_6533,2024-09-02 19:46:14,3,,1439.97,completed,
BK_8859,US_3699,SH_5712,2024-01-17 20:09:53,3,,735.51,completed,
BK_8860,US_9186,SH_4144,2024-12-25 22:33:24,1,,175.11,completed,
BK_8861,US_1380,SH_9484,2024-01-07 00:16:55,1,,421.3,completed,
BK_8862,US_4958,SH_2124,2024-07-13 10:35:12,3,,875.58,completed,
BK_8863,US_2518,SH_4697,2025-07-29 09:49:42,3,,1095.72,completed,
BK_8864,US_1317,SH_9451,2024-03-31 05:25:25,3,,1327.65,completed,
BK_8865,US_7926,SH_6548,2024-11-21 08:51:05,2,,0.0,refunded,
BK_8866,US_8032,SH_4751,2025-01-09 20:39:23,4,,1657.4,completed,
BK_8867,US_1576,SH_4085,2025-09-21 20:36:22,4,,0.0,failed,
BK_8868,US_2001,SH_3654,2025-08-18 04:48:00,3,,467.01,completed,
BK_8869,US_2373,SH_2698,2025-02-03 18:03:37,4,,1875.96,completed,
BK_8870,US_3500,SH_430,2025-02-27 04:47:36,2,,930.54,completed,
BK_8871,US_8274,SH_9925,2025-04-18 14:46:22,1,,495.46,completed,
BK_8872,US_6417,SH_9861,2025-04-19 16:54:18,2,,498.12,completed,
BK_8873,US_9682,SH_3318,2024-01-11 18:48:16,1,,364.15,completed,
BK_8874,US_6460,SH_373,2025-07-20 17:40:50,4,,696.44,completed,
BK_8875,US_7249,SH_2726,2024-12-18 06:50:52,1,,150.1,completed,
BK_8876,US_3185,SH_2190,2024-02-02 03:04:17,3,,608.4000000000001,completed,
BK_8877,US_47,SH_5029,2025-02-23 14:37:38,4,,1028.6,completed,
BK_8878,US_5590,SH_4300,2024-03-21 03:33:10,3,,1033.17,completed,
BK_8879,US_1184,SH_3242,2024-08-10 10:48:38,1,,453.56,completed,
BK_8881,US_9619,SH_9187,2024-06-02 00:04:03,4,,1599.2,completed,
BK_8882,US_3321,SH_9546,2025-04-24 05:22:57,1,,233.54,completed,
BK_8883,US_7563,SH_5183,2025-02-22 23:02:56,1,,438.79,completed,
BK_8884,US_6646,SH_865,2024-09-05 05:28:43,2,,0.0,failed,
BK_8885,US_9687,SH_6939,2024-06-13 05:13:27,3,,483.12,completed,
BK_8886,US_769,SH_9614,2024-01-04 14:41:57,2,,751.96,completed,
BK_8887,US_1650,SH_555,2025-07-08 09:59:06,1,,487.07,completed,
BK_8888,US_5418,SH_9017,2024-05-16 08:59:56,2,,792.12,completed,
BK_8889,US_7832,SH_617,2025-05-22 03:49:08,1,,288.89,completed,
BK_8890,US_2259,SH_6195,2024-06-07 15:01:31,2,,782.98,completed,
BK_8891,US_4196,SH_9081,2025-06-21 07:14:10,2,,988.96,completed,
BK_8892,US_2835,SH_1876,2025-01-30 11:51:36,1,,438.32,completed,
BK_8894,US_1234,SH_1038,2025-12-07 19:35:22,3,,741.0,completed,
BK_8895,US_8390,SH_6329,2025-08-16 02:52:12,1,,0.0,refunded,
BK_8896,US_4898,SH_3307,2024-02-06 13:02:06,1,,350.73,completed,
BK_8898,US_2070,SH_4935,2025-11-20 03:40:59,2,,943.98,completed,
BK_8899,US_5181,SH_157,2024-10-04 01:59:49,4,,1301.72,completed,
BK_8900,US_1139,SH_420,2024-11-06 19:59:26,2,,0.0,refunded,
BK_8901,US_4822,SH_6434,2024-05-17 07:19:04,4,,1174.48,completed,
BK_8903,US_6203,SH_3665,2025-10-02 03:14:31,3,,0.0,failed,
BK_8905,US_6590,SH_876,2024-03-21 10:23:11,4,,954.52,completed,
BK_8906,US_998,SH_7525,2025-06-02 21:50:14,4,,0.0,failed,
BK_8907,US_1806,SH_4932,2024-08-20 11:37:39,2,,0.0,failed,
BK_8908,US_1929,SH_4205,2025-03-15 07:48:52,4,,1804.12,completed,
BK_8909,US_2622,SH_7677,2025-02-20 16:51:55,4,,1650.16,completed,
BK_8910,US_3119,SH_142,2024-10-01 23:17:04,4,,1736.92,completed,
BK_8911,US_7323,SH_5173,2025-02-17 04:44:01,4,,1894.24,completed,
BK_8912,US_5634,SH_1962,2024-12-07 14:56:56,1,,326.4,completed,
BK_8915,US_3576,SH_5702,2025-10-13 22:53:15,4,,0.0,refunded,
BK_8917,US_1316,SH_7838,2025-05-31 04:12:54,3,,1491.1200000000001,completed,
BK_8918,US_4080,SH_8225,2024-09-06 12:20:40,4,,1699.44,completed,
BK_8919,US_6011,SH_1653,2024-10-15 22:27:41,3,,672.72,completed,
BK_8920,US_909,SH_5010,2024-01-28 23:41:20,4,,1581.96,completed,
BK_8921,US_9018,SH_9405,2024-11-02 23:41:53,2,,646.98,completed,
BK_8922,US_4117,SH_5262,2024-03-15 16:25:56,1,,492.5,completed,
BK_8923,US_8045,SH_7825,2024-10-10 08:06:39,1,,304.89,completed,
BK_8925,US_1461,SH_7436,2024-10-08 08:22:24,4,,752.08,completed,
BK_8927,US_3086,SH_257,2025-01-05 03:57:37,2,,834.88,completed,
BK_8929,US_5670,SH_4974,2024-09-27 18:31:04,1,,435.59,completed,
BK_8930,US_1538,SH_7060,2025-06-17 02:42:26,2,,613.84,completed,
BK_8931,US_7083,SH_797,2025-11-17 02:27:17,2,,0.0,refunded,
BK_8933,US_2714,SH_9914,2024-10-21 22:14:18,4,,1731.88,completed,
BK_8935,US_2487,SH_4384,2024-10-23 19:44:40,1,,485.7,completed,
BK_8936,US_5467,SH_303,2025-04-13 08:25:51,3,,1000.6800000000001,completed,
BK_8937,US_3187,SH_8611,2025-10-24 09:32:40,1,,210.35,completed,
BK_8939,US_9125,SH_6377,2025-03-29 19:16:52,4,,1724.24,completed,
BK_8940,US_5841,SH_8101,2025-10-02 19:29:06,4,,943.56,completed,
BK_8942,US_2713,SH_1380,2025-09-03 19:56:13,1,,410.29,completed,
BK_8944,US_4504,SH_1615,2024-07-04 07:00:32,3,,888.54,completed,
BK_8945,US_5831,SH_6745,2025-09-29 12:32:37,1,,388.93,completed,
BK_8946,US_9131,SH_4965,2024-05-08 13:37:35,2,,424.0,completed,
BK_8947,US_3648,SH_3951,2025-09-21 00:12:07,3,,846.69,completed,
BK_8948,US_2635,SH_5272,2024-08-27 15:36:22,4,,1251.24,completed,
BK_8949,US_2610,SH_9943,2025-03-28 15:09:16,1,,443.69,completed,
BK_8951,US_6171,SH_9285,2024-08-22 15:21:35,1,,357.34,completed,
BK_8952,US_2111,SH_2796,2024-12-06 09:48:13,2,,848.68,completed,
BK_8953,US_3059,SH_6188,2025-09-16 22:54:41,4,,1832.44,completed,
BK_8955,US_7998,SH_4105,2025-09-03 23:18:14,3,,704.8499999999999,completed,
BK_8956,US_8457,SH_8518,2025-04-09 22:53:46,1,,212.8,completed,
BK_8957,US_5866,SH_2469,2024-05-06 17:44:26,3,,1419.24,completed,
BK_8958,US_9123,SH_5506,2025-01-16 14:02:58,2,,872.74,completed,
BK_8959,US_5018,SH_5765,2024-02-13 08:27:16,2,,912.28,completed,
BK_8960,US_2749,SH_4987,2025-12-24 09:58:47,3,,691.2,completed,
BK_8961,US_3013,SH_4793,2025-04-08 06:22:40,2,,504.24,completed,
BK_8962,US_2785,SH_4119,2025-09-18 19:33:16,4,,1183.68,completed,
BK_8963,US_3677,SH_176,2024-10-20 02:58:46,2,,417.62,completed,
BK_8964,US_8957,SH_7314,2025-12-26 09:14:21,4,,1335.4,completed,
BK_8965,US_3227,SH_1200,2024-11-12 09:35:38,4,,1844.6,completed,
BK_8966,US_3386,SH_4443,2025-12-16 05:33:35,4,,1884.88,completed,
BK_8967,US_3115,SH_534,2024-05-05 03:45:01,2,,566.44,completed,
BK_8968,US_2280,SH_2945,2024-02-03 22:17:10,1,,0.0,failed,
BK_8969,US_5668,SH_3274,2024-10-13 11:17:24,3,,1126.77,completed,
BK_8970,US_3616,SH_2087,2025-05-24 04:27:35,2,,897.76,completed,
BK_8971,US_8214,SH_2425,2024-11-20 23:08:17,1,,290.29,completed,
BK_8972,US_5078,SH_9138,2025-01-13 21:01:42,3,,1400.52,completed,
BK_8973,US_1078,SH_6279,2024-09-27 02:22:30,3,,635.37,completed,
BK_8975,US_7929,SH_5913,2024-07-11 10:24:42,3,,1373.67,completed,
BK_8976,US_8410,SH_873,2025-10-03 16:20:06,4,,1625.44,completed,
BK_8977,US_6070,SH_166,2024-07-14 07:00:36,3,,1498.65,completed,
BK_8979,US_789,SH_2445,2025-08-14 16:29:39,3,,452.37,completed,
BK_8980,US_6595,SH_3999,2025-01-12 20:34:55,4,,0.0,failed,
BK_8981,US_6356,SH_4870,2024-12-14 17:11:14,4,,1355.2,completed,
BK_8982,US_6606,SH_7485,2025-04-01 10:11:04,2,,600.86,completed,
BK_8984,US_6367,SH_837,2025-06-01 11:48:20,2,,374.72,completed,
BK_8985,US_4311,SH_7366,2024-10-26 04:06:08,1,,485.47,completed,
BK_8986,US_1615,SH_6412,2024-12-22 13:51:12,4,,0.0,failed,
BK_8987,US_1649,SH_6687,2025-07-31 05:30:56,2,,394.22,completed,
BK_8988,US_5741,SH_7881,2024-10-10 02:45:24,4,,1070.72,completed,
BK_8989,US_8378,SH_3624,2025-08-09 01:18:26,3,,1480.1100000000001,completed,
BK_8991,US_7109,SH_8701,2025-07-17 12:48:13,1,,248.59,completed,
BK_8992,US_1025,SH_8000,2025-04-07 05:24:31,3,,1134.1200000000001,completed,
BK_8993,US_4635,SH_4811,2025-06-08 07:28:12,3,,980.67,completed,
BK_8995,US_2321,SH_1075,2024-07-13 17:17:07,4,,0.0,failed,
BK_8996,US_292,SH_8228,2024-03-28 10:16:40,4,,1797.88,completed,
BK_8997,US_804,SH_174,2024-04-08 11:00:46,4,,995.52,completed,
BK_8998,US_9436,SH_7255,2024-06-18 05:47:08,3,,0.0,failed,
BK_8999,US_9467,SH_6989,2024-01-18 23:26:17,3,,1313.16,completed,
BK_9000,US_1541,SH_9664,2024-01-06 14:51:52,3,,1113.6,completed,
BK_9001,US_9270,SH_6214,2025-10-30 01:33:09,3,,464.88,completed,
BK_9002,US_2003,SH_5068,2025-11-27 09:40:52,4,,1535.64,completed,
BK_9003,US_4923,SH_9567,2024-10-16 09:45:32,4,,1998.88,completed,
BK_9006,US_9693,SH_4573,2024-03-30 04:57:23,2,,573.76,completed,
BK_9007,US_6030,SH_767,2024-09-10 12:05:58,3,,957.8399999999999,completed,
BK_9008,US_3305,SH_5286,2025-12-30 16:35:01,1,,202.59,completed,
BK_9009,US_698,SH_3197,2024-05-20 17:46:48,3,,1484.31,completed,
BK_9010,US_4579,SH_3507,2025-04-20 10:58:41,1,,181.62,completed,
BK_9011,US_448,SH_1911,2024-04-10 22:38:05,4,,1737.4,completed,
BK_9012,US_6602,SH_5239,2025-11-16 10:50:53,1,,466.87,completed,
BK_9013,US_7020,SH_8930,2024-06-15 01:05:19,1,,366.57,completed,
BK_9014,US_8923,SH_7150,2024-10-18 17:37:32,1,,240.39,completed,
BK_9015,US_7281,SH_1835,2024-03-04 08:49:05,4,,0.0,failed,
BK_9016,US_9826,SH_1747,2025-07-19 10:36:15,1,,346.34,completed,
BK_9017,US_3912,SH_9061,2024-11-08 10:12:16,3,,1269.93,completed,
BK_9018,US_9125,SH_9424,2024-09-20 10:47:48,1,,237.89,completed,
BK_9019,US_8459,SH_8714,2024-11-28 16:33:35,3,,1329.99,completed,
BK_9020,US_44,SH_6970,2025-12-14 20:07:44,3,,1414.1999999999998,completed,
BK_9022,US_9020,SH_2511,2025-06-10 15:04:34,2,,608.86,completed,
BK_9023,US_48,SH_9303,2025-09-02 02:16:11,2,,0.0,failed,
BK_9024,US_589,SH_1634,2025-01-04 10:53:54,2,,799.68,completed,
BK_9025,US_9549,SH_7314,2024-12-20 12:17:41,4,,1335.4,completed,
BK_9026,US_7657,SH_8915,2024-06-23 05:47:27,4,,1376.48,completed,
BK_9027,US_3456,SH_5635,2024-08-15 02:17:34,3,,497.09999999999997,completed,
BK_9028,US_7276,SH_6524,2025-05-28 14:30:11,3,,1279.1399999999999,completed,
BK_9030,US_4514,SH_2804,2024-07-22 21:06:12,2,,598.24,completed,
BK_9031,US_7844,SH_5265,2025-03-12 15:57:55,3,,1156.71,completed,
BK_9032,US_950,SH_8238,2024-03-29 22:55:34,1,,230.05,completed,
BK_9033,US_1922,SH_2420,2025-12-14 06:43:02,2,,601.4,completed,
BK_9034,US_1131,SH_115,2025-12-04 13:15:42,1,,465.91,completed,
BK_9035,US_6737,SH_3259,2024-09-09 04:20:10,2,,477.28,completed,
BK_9036,US_9638,SH_5761,2024-01-08 11:36:19,2,,0.0,failed,
BK_9037,US_6803,SH_9223,2025-03-29 16:13:43,1,,272.52,completed,
BK_9038,US_106,SH_4558,2024-02-12 17:18:39,4,,1509.84,completed,
BK_9040,US_3753,SH_6752,2024-11-14 14:18:09,2,,657.78,completed,
BK_9041,US_5622,SH_5818,2024-09-30 05:49:52,2,,712.86,completed,
BK_9043,US_7905,SH_2620,2025-11-02 17:38:07,4,,653.24,completed,
BK_9044,US_519,SH_5352,2025-12-19 22:50:01,4,,1931.56,completed,
BK_9045,US_2210,SH_4949,2024-03-17 14:23:33,1,,434.99,completed,
BK_9046,US_380,SH_4925,2025-11-27 05:47:01,1,,375.36,completed,
BK_9047,US_3452,SH_9247,2024-10-11 02:38:44,2,,304.54,completed,
BK_9048,US_2859,SH_3224,2025-03-21 13:23:13,4,,1843.92,completed,
BK_9049,US_2821,SH_2406,2024-07-29 21:11:44,2,,557.5,completed,
BK_9050,US_2098,SH_1378,2025-02-15 01:51:27,2,,0.0,refunded,
BK_9051,US_4603,SH_1762,2024-04-02 00:01:16,4,,0.0,refunded,
BK_9052,US_9538,SH_9048,2024-08-19 13:16:22,4,,1872.0,completed,
BK_9053,US_3271,SH_6721,2024-03-09 19:49:52,3,,1461.96,completed,
BK_9054,US_4769,SH_9812,2024-07-27 09:26:34,4,,1743.28,completed,
BK_9055,US_2089,SH_8611,2025-10-16 04:13:01,1,,210.35,completed,
BK_9056,US_2404,SH_5728,2025-01-15 14:58:06,4,,1539.28,completed,
BK_9057,US_802,SH_3,2024-04-26 01:08:45,3,,1314.8700000000001,completed,
BK_9058,US_3449,SH_17,2024-08-26 22:36:04,3,,941.6999999999999,completed,
BK_9059,US_743,SH_9825,2025-09-20 04:02:29,1,,187.19,completed,
BK_9060,US_2504,SH_7650,2024-10-21 15:19:38,4,,1391.92,completed,
BK_9061,US_3541,SH_6799,2025-11-14 00:22:28,2,,708.58,completed,
BK_9062,US_4117,SH_1754,2024-05-25 23:49:24,4,,1665.16,completed,
BK_9063,US_5969,SH_9508,2025-10-01 04:14:06,4,,1887.52,completed,
BK_9064,US_970,SH_8073,2025-01-15 20:08:03,1,,163.9,completed,
BK_9065,US_989,SH_9236,2025-12-06 05:42:06,4,,1886.84,completed,
BK_9067,US_5333,SH_2544,2024-10-26 19:44:00,2,,697.78,completed,
BK_9068,US_9866,SH_4599,2025-03-06 20:09:09,2,,878.64,completed,
BK_9069,US_2595,SH_2173,2024-02-27 16:26:13,1,,0.0,failed,
BK_9070,US_3867,SH_513,2025-12-25 05:42:16,3,,554.91,completed,
BK_9071,US_449,SH_8662,2025-07-27 18:19:44,1,,475.82,completed,
BK_9072,US_5382,SH_683,2024-10-26 14:21:28,4,,1359.04,completed,
BK_9073,US_6663,SH_8501,2025-03-10 13:34:54,4,,0.0,failed,
BK_9074,US_3541,SH_4433,2025-07-29 05:41:22,3,,1371.81,completed,
BK_9075,US_3083,SH_1319,2025-09-11 13:35:38,4,,1835.92,completed,
BK_9077,US_2618,SH_9606,2024-03-15 15:23:36,4,,1298.48,completed,
BK_9078,US_5083,SH_2375,2025-03-01 05:44:51,1,,155.85,completed,
BK_9079,US_8948,SH_4292,2025-01-14 06:33:15,1,,448.42,completed,
BK_9081,US_10,SH_5190,2024-12-10 18:39:12,4,,0.0,failed,
BK_9082,US_1712,SH_3964,2025-05-27 04:35:16,1,,225.02,completed,
BK_9085,US_1554,SH_501,2025-10-23 20:59:22,1,,200.05,completed,
BK_9086,US_8780,SH_3142,2025-02-05 09:19:50,3,,0.0,refunded,
BK_9087,US_7466,SH_9008,2025-07-30 03:15:48,1,,161.26,completed,
BK_9088,US_5515,SH_7482,2025-11-13 05:37:07,3,,573.36,completed,
BK_9089,US_2570,SH_7768,2025-11-08 18:54:14,4,,1290.08,completed,
BK_9090,US_6584,SH_9721,2025-06-04 05:53:51,2,,623.78,completed,
BK_9091,US_8953,SH_2906,2024-08-22 03:00:48,4,,1187.96,completed,
BK_9092,US_2362,SH_3832,2024-05-02 20:41:22,3,,533.4000000000001,completed,
BK_9093,US_4772,SH_1369,2025-12-07 15:48:54,2,,992.08,completed,
BK_9094,US_7885,SH_700,2025-06-07 16:32:45,1,,452.94,completed,
BK_9095,US_6907,SH_7087,2025-09-27 09:31:39,4,,1934.64,completed,
BK_9096,US_5719,SH_9579,2025-01-20 01:48:33,3,,1489.1100000000001,completed,
BK_9097,US_7973,SH_5840,2025-02-04 20:52:34,3,,925.4100000000001,completed,
BK_9099,US_4643,SH_1608,2024-09-11 19:39:11,2,,635.68,completed,
BK_9100,US_8261,SH_817,2024-10-02 01:59:49,4,,1985.04,completed,
BK_9102,US_5733,SH_4262,2025-08-22 16:15:42,1,,188.37,completed,
BK_9103,US_6588,SH_9399,2025-01-04 19:47:46,3,,710.91,completed,
BK_9104,US_8063,SH_6901,2024-11-07 19:49:53,2,,431.58,completed,
BK_9105,US_711,SH_9026,2024-08-14 23:56:48,2,,521.06,completed,
BK_9106,US_6158,SH_487,2025-06-02 03:34:07,2,,871.5,completed,
BK_9107,US_2411,SH_1321,2025-06-27 09:42:48,2,,573.04,completed,
BK_9108,US_694,SH_2280,2025-08-19 13:02:41,3,,551.9399999999999,completed,
BK_9109,US_6645,SH_3169,2024-01-26 06:04:29,2,,979.68,completed,
BK_9110,US_1384,SH_9940,2025-02-27 16:20:31,1,,0.0,failed,
BK_9111,US_2387,SH_5862,2025-05-20 18:03:23,2,,811.48,completed,
BK_9113,US_6165,SH_8239,2024-10-25 02:11:01,3,,504.39,completed,
BK_9114,US_6846,SH_7103,2025-06-11 05:35:09,4,,1986.52,completed,
BK_9115,US_8717,SH_7420,2024-08-16 16:50:41,4,,1330.56,completed,
BK_9116,US_930,SH_1471,2025-07-25 06:47:54,4,,1447.76,completed,
BK_9117,US_9663,SH_7238,2025-10-22 12:36:23,1,,247.86,completed,
BK_9118,US_5017,SH_7371,2025-06-15 02:13:15,4,,705.4,completed,
BK_9119,US_6347,SH_2188,2025-05-29 05:02:30,2,,702.86,completed,
BK_9120,US_8275,SH_7744,2024-01-20 05:46:03,2,,924.08,completed,
BK_9121,US_6156,SH_9348,2025-11-17 04:07:07,1,,350.57,completed,
BK_9122,US_9105,SH_6524,2024-09-10 03:51:52,2,,852.76,completed,
BK_9123,US_6121,SH_6645,2025-10-07 19:44:57,1,,200.65,completed,
BK_9124,US_7607,SH_3933,2025-09-05 20:10:48,2,,322.62,completed,
BK_9125,US_5623,SH_9211,2025-03-23 21:14:20,1,,256.5,completed,
BK_9126,US_4870,SH_539,2025-07-14 02:29:55,1,,397.71,completed,
BK_9127,US_8697,SH_1822,2025-01-31 16:31:37,3,,0.0,failed,
BK_9128,US_523,SH_792,2025-07-21 23:24:04,1,,461.26,completed,
BK_9130,US_2781,SH_2057,2025-05-25 19:13:16,1,,460.08,completed,
BK_9131,US_8394,SH_9702,2024-09-10 13:40:17,1,,472.52,completed,
BK_9132,US_294,SH_9034,2024-12-31 00:08:02,2,,457.98,completed,
BK_9133,US_6979,SH_761,2025-11-20 03:21:48,3,,1409.76,completed,
BK_9134,US_4307,SH_1639,2024-09-20 12:37:24,1,,193.46,completed,
BK_9135,US_1940,SH_4370,2024-04-17 18:35:18,1,,269.37,completed,
BK_9136,US_3281,SH_6843,2024-05-01 17:28:29,2,,927.44,completed,
BK_9137,US_4818,SH_6183,2024-05-01 04:03:50,3,,1166.6999999999998,completed,
BK_9138,US_6536,SH_344,2024-06-06 05:27:54,2,,912.4,completed,
BK_9139,US_1778,SH_962,2025-08-06 23:49:25,3,,1006.6500000000001,completed,
BK_9140,US_5245,SH_2305,2025-09-26 04:06:47,3,,1112.6100000000001,completed,
BK_9141,US_6431,SH_1992,2024-07-06 03:39:19,1,,307.82,completed,
BK_9143,US_4464,SH_6584,2025-03-30 18:16:25,1,,164.95,completed,
BK_9144,US_16,SH_4027,2024-01-14 17:12:58,4,,774.84,completed,
BK_9145,US_9469,SH_5209,2024-02-02 09:29:26,4,,1045.0,completed,
BK_9146,US_1830,SH_3974,2025-11-30 15:45:18,3,,1445.01,completed,
BK_9147,US_9729,SH_5752,2025-08-14 18:13:27,2,,386.82,completed,
BK_9148,US_834,SH_5222,2025-04-22 20:26:46,2,,0.0,failed,
BK_9149,US_8411,SH_2188,2025-09-30 04:09:03,4,,1405.72,completed,
BK_9150,US_476,SH_3889,2024-06-15 19:34:54,2,,772.82,completed,
BK_9151,US_7270,SH_5160,2024-11-25 13:18:58,1,,0.0,refunded,
BK_9152,US_4041,SH_4232,2024-04-23 18:45:23,1,,354.53,completed,
BK_9153,US_8052,SH_4346,2024-12-07 17:21:27,3,,1369.68,completed,
BK_9154,US_395,SH_1308,2024-08-12 14:50:29,4,,1886.04,completed,
BK_9155,US_6291,SH_8594,2025-11-03 13:07:09,1,,301.07,completed,
BK_9156,US_8288,SH_2332,2025-11-14 23:31:19,4,,0.0,failed,
BK_9157,US_1673,SH_4911,2024-06-08 01:08:13,2,,719.72,completed,
BK_9159,US_1345,SH_8544,2024-11-22 14:39:41,1,,384.91,completed,
BK_9161,US_4191,SH_6537,2024-10-28 17:35:14,3,,917.8499999999999,completed,
BK_9162,US_8290,SH_2711,2024-08-12 01:32:35,3,,793.0500000000001,completed,
BK_9163,US_1492,SH_5676,2025-08-05 17:53:50,1,,0.0,refunded,
BK_9165,US_4483,SH_9409,2025-04-06 03:37:36,2,,587.46,completed,
BK_9166,US_8887,SH_3065,2024-07-22 09:54:26,3,,0.0,refunded,
BK_9167,US_4967,SH_4827,2025-10-08 04:50:16,3,,931.0500000000001,completed,
BK_9168,US_2323,SH_1459,2025-08-04 11:09:45,2,,890.2,completed,
BK_9169,US_7586,SH_8762,2024-11-28 17:10:21,4,,838.6,completed,
BK_9170,US_6446,SH_6438,2025-06-11 17:28:35,2,,702.62,completed,
BK_9171,US_7613,SH_4214,2024-02-28 14:33:24,1,,281.72,completed,
BK_9172,US_7331,SH_833,2024-02-08 15:40:37,4,,1300.8,completed,
BK_9173,US_5012,SH_3660,2025-04-05 08:17:34,1,,433.57,completed,
BK_9174,US_2760,SH_1970,2024-12-31 07:37:25,2,,0.0,failed,
BK_9175,US_3281,SH_2845,2024-02-29 14:40:35,3,,970.1999999999999,completed,
BK_9176,US_6908,SH_8823,2024-09-05 10:20:02,2,,0.0,failed,
BK_9177,US_3838,SH_79,2025-02-15 03:57:39,4,,1943.36,completed,
BK_9178,US_1879,SH_364,2025-11-21 20:44:16,2,,517.32,completed,
BK_9179,US_9102,SH_4862,2025-06-03 19:00:34,2,,721.04,completed,
BK_9180,US_2838,SH_7206,2024-04-15 10:12:40,3,,1066.1399999999999,completed,
BK_9181,US_2856,SH_4195,2025-04-02 21:09:59,4,,1178.96,completed,
BK_9182,US_8873,SH_7564,2024-05-09 14:34:05,3,,909.42,completed,
BK_9183,US_5902,SH_4984,2024-06-18 08:46:45,3,,1144.53,completed,
BK_9184,US_8915,SH_6252,2024-01-31 19:44:09,3,,1027.29,completed,
BK_9185,US_8018,SH_5385,2025-05-24 02:26:20,1,,280.84,completed,
BK_9186,US_5883,SH_6839,2025-02-10 22:06:12,1,,177.5,completed,
BK_9187,US_1837,SH_1898,2024-06-28 03:23:02,1,,482.56,completed,
BK_9188,US_7167,SH_3079,2025-07-17 09:58:32,1,,176.82,completed,
BK_9190,US_9502,SH_9007,2025-03-02 17:55:40,2,,625.56,completed,
BK_9191,US_8587,SH_1846,2024-10-15 05:48:29,4,,1678.08,completed,
BK_9192,US_392,SH_2658,2025-07-16 18:52:15,3,,537.1800000000001,completed,
BK_9193,US_1296,SH_396,2024-05-13 03:04:23,2,,747.26,completed,
BK_9194,US_3619,SH_9999,2025-02-11 19:00:15,4,,1136.56,completed,
BK_9195,US_2017,SH_7183,2024-11-05 07:27:48,1,,489.23,completed,
BK_9196,US_3063,SH_5866,2024-07-25 01:38:59,3,,1367.16,completed,
BK_9197,US_5545,SH_2035,2025-02-13 13:21:18,2,,451.08,completed,
BK_9198,US_8148,SH_5800,2024-01-01 23:30:41,4,,777.0,completed,
BK_9200,US_4949,SH_398,2024-08-17 11:26:24,2,,806.78,completed,
BK_9201,US_3098,SH_4546,2024-12-10 09:48:31,2,,976.32,completed,
BK_9202,US_679,SH_2266,2025-11-03 16:35:28,3,,1270.5,completed,
BK_9204,US_3814,SH_1489,2025-01-27 12:16:39,4,,1406.12,completed,
BK_9205,US_8244,SH_7481,2024-08-27 06:17:40,4,,1290.76,completed,
BK_9207,US_7613,SH_7741,2024-12-15 11:36:36,2,,311.62,completed,
BK_9209,US_7698,SH_2887,2025-08-23 15:47:42,2,,549.62,completed,
BK_9210,US_7708,SH_9543,2024-03-10 11:31:31,1,,194.72,completed,
BK_9211,US_5510,SH_2063,2025-02-20 01:09:28,2,,842.6,completed,
BK_9212,US_708,SH_7599,2025-09-24 09:24:11,4,,1558.12,completed,
BK_9213,US_3965,SH_671,2024-04-04 10:44:13,4,,610.48,completed,
BK_9214,US_2140,SH_3907,2025-12-11 13:07:51,4,,1841.4,completed,
BK_9215,US_814,SH_8577,2024-03-05 09:06:07,3,,834.69,completed,
BK_9218,US_236,SH_3364,2024-12-31 08:40:14,2,,869.32,completed,
BK_9219,US_7645,SH_3656,2025-10-22 09:11:35,2,,379.0,completed,
BK_9220,US_9027,SH_4651,2025-05-01 00:30:23,4,,1883.84,completed,
BK_9221,US_1825,SH_2691,2025-05-04 12:19:17,3,,661.71,completed,
BK_9222,US_4057,SH_3364,2024-08-27 10:05:41,2,,869.32,completed,
BK_9223,US_3313,SH_9549,2024-12-05 03:45:25,3,,0.0,failed,
BK_9224,US_3963,SH_4984,2025-09-24 10:20:59,4,,1526.04,completed,
BK_9225,US_2049,SH_930,2024-03-21 10:47:09,2,,956.3,completed,
BK_9226,US_9903,SH_8113,2025-08-17 00:07:27,4,,898.48,completed,
BK_9227,US_7846,SH_7917,2025-10-28 04:18:58,4,,726.96,completed,
BK_9228,US_7310,SH_4818,2025-06-22 01:02:33,1,,157.11,completed,
BK_9229,US_9237,SH_8912,2025-08-06 10:13:53,2,,859.82,completed,
BK_9230,US_1345,SH_4145,2025-01-16 19:25:49,4,,1863.56,completed,
BK_9231,US_3585,SH_7059,2025-03-08 04:03:57,4,,1012.92,completed,
BK_9233,US_8632,SH_8030,2025-01-02 01:15:21,3,,1250.6399999999999,completed,
BK_9234,US_9709,SH_2781,2025-03-28 03:57:47,3,,919.23,completed,
BK_9235,US_4888,SH_5795,2024-07-16 10:53:45,3,,952.8000000000001,completed,
BK_9237,US_8369,SH_2728,2025-08-31 14:56:31,2,,938.2,completed,
BK_9239,US_8845,SH_336,2025-06-02 09:35:07,1,,0.0,failed,
BK_9240,US_99,SH_7598,2025-07-07 13:18:33,2,,0.0,failed,
BK_9241,US_1193,SH_479,2025-04-23 15:41:57,3,,942.27,completed,
BK_9242,US_3351,SH_6964,2025-08-31 23:47:29,2,,917.34,completed,
BK_9243,US_2646,SH_3775,2024-05-10 21:38:39,2,,921.64,completed,
BK_9245,US_7635,SH_7175,2025-06-07 19:04:10,3,,0.0,failed,
BK_9246,US_3813,SH_7463,2024-06-25 03:48:30,3,,1115.34,completed,
BK_9247,US_3157,SH_3805,2024-10-16 08:12:08,2,,354.92,completed,
BK_9248,US_8283,SH_4864,2024-07-15 06:34:47,1,,264.92,completed,
BK_9249,US_7184,SH_1065,2024-01-15 04:07:47,2,,511.34,completed,
BK_9250,US_7877,SH_3636,2024-12-26 06:43:23,1,,411.95,completed,
BK_9251,US_5362,SH_4207,2025-12-26 02:32:41,2,,993.16,completed,
BK_9252,US_5966,SH_7659,2025-12-21 12:58:55,4,,0.0,refunded,
BK_9253,US_7620,SH_5453,2024-01-20 10:23:08,2,,0.0,failed,
BK_9254,US_9016,SH_8596,2024-05-04 14:12:39,3,,1261.74,completed,
BK_9255,US_6834,SH_7994,2024-01-12 23:17:03,2,,457.42,completed,
BK_9256,US_4457,SH_7135,2024-09-18 10:57:27,2,,545.5,completed,
BK_9257,US_8084,SH_1738,2025-08-17 14:40:54,2,,0.0,failed,
BK_9258,US_6363,SH_3591,2024-08-14 04:58:15,4,,1683.64,completed,
BK_9259,US_7485,SH_2500,2024-03-12 04:43:54,3,,1465.98,completed,
BK_9260,US_8680,SH_2898,2024-01-08 20:55:00,2,,575.5,completed,
BK_9261,US_9265,SH_9605,2025-08-23 11:26:19,4,,1718.92,completed,
BK_9262,US_4577,SH_4257,2025-07-18 02:16:31,1,,179.06,completed,
BK_9263,US_1352,SH_1193,2025-12-28 13:53:43,3,,762.27,completed,
BK_9266,US_7618,SH_3908,2024-03-30 07:50:11,1,,0.0,failed,
BK_9268,US_7708,SH_6562,2024-12-30 11:50:18,4,,919.12,completed,
BK_9269,US_9358,SH_8398,2024-07-16 04:00:19,2,,969.2,completed,
BK_9270,US_933,SH_9948,2024-05-26 06:08:00,2,,342.12,completed,
BK_9271,US_6296,SH_7059,2024-06-21 10:10:42,3,,759.6899999999999,completed,
BK_9272,US_9991,SH_7725,2025-07-11 05:24:14,1,,0.0,failed,
BK_9273,US_6385,SH_1377,2024-12-14 17:35:57,4,,0.0,refunded,
BK_9274,US_2395,SH_6705,2025-06-04 14:24:21,4,,772.6,completed,
BK_9275,US_4400,SH_967,2024-05-14 02:59:56,4,,832.08,completed,
BK_9276,US_4731,SH_6347,2024-06-01 21:51:07,2,,774.82,completed,
BK_9278,US_3105,SH_8746,2025-01-21 02:02:34,3,,682.5,completed,
BK_9280,US_414,SH_4622,2025-03-09 02:33:38,1,,0.0,refunded,
BK_9281,US_6689,SH_6874,2024-07-15 21:31:04,3,,641.79,completed,
BK_9282,US_4338,SH_6378,2025-10-24 22:38:25,2,,0.0,failed,
BK_9283,US_8676,SH_8185,2025-11-28 14:48:34,2,,644.32,completed,
BK_9286,US_7025,SH_3862,2024-09-28 13:55:25,4,,1199.0,completed,
BK_9287,US_1576,SH_1172,2025-04-24 13:28:43,3,,1457.3700000000001,completed,
BK_9288,US_9251,SH_5789,2024-03-07 02:21:28,2,,718.02,completed,
BK_9289,US_8029,SH_1016,2025-09-09 10:24:50,4,,0.0,failed,
BK_9290,US_3028,SH_771,2024-04-10 03:40:48,3,,707.55,completed,
BK_9291,US_2329,SH_1343,2025-08-21 13:15:29,3,,830.0999999999999,completed,
BK_9292,US_2214,SH_641,2025-01-27 05:07:42,4,,770.92,completed,
BK_9293,US_3445,SH_3568,2025-05-11 16:29:18,2,,346.36,completed,
BK_9294,US_9708,SH_1491,2024-10-11 23:25:36,1,,402.52,completed,
BK_9295,US_25,SH_7331,2025-10-06 17:00:28,2,,822.32,completed,
BK_9296,US_9653,SH_963,2024-07-23 21:28:12,1,,445.86,completed,
BK_9297,US_3002,SH_1681,2025-07-15 05:36:41,2,,986.28,completed,
BK_9298,US_4843,SH_8079,2024-09-09 21:49:39,3,,0.0,refunded,
BK_9299,US_8256,SH_9280,2025-07-06 01:40:05,4,,1719.16,completed,
BK_9300,US_7832,SH_2693,2025-09-09 08:13:07,3,,520.89,completed,
BK_9301,US_7915,SH_9392,2024-03-28 18:27:06,2,,466.78,completed,
BK_9302,US_5373,SH_2781,2025-10-12 19:18:16,2,,612.82,completed,
BK_9303,US_735,SH_1020,2024-09-14 02:36:11,3,,0.0,failed,
BK_9304,US_3067,SH_3324,2025-12-24 23:54:34,2,,520.68,completed,
BK_9305,US_1367,SH_2615,2024-07-05 01:15:16,1,,188.51,completed,
BK_9306,US_8666,SH_6537,2024-01-05 05:04:35,2,,611.9,completed,
BK_9307,US_2529,SH_8884,2025-11-04 17:43:25,1,,298.02,completed,
BK_9308,US_7359,SH_7745,2025-11-20 07:07:47,2,,509.66,completed,
BK_9309,US_5925,SH_458,2025-05-28 05:23:54,2,,913.68,completed,
BK_9310,US_4036,SH_8095,2025-03-13 13:26:13,3,,546.12,completed,
BK_9311,US_7657,SH_6886,2025-04-16 21:34:18,3,,0.0,failed,
BK_9313,US_6983,SH_2004,2025-06-21 20:21:34,1,,222.55,completed,
BK_9314,US_3950,SH_4267,2024-05-10 00:03:32,1,,239.28,completed,
BK_9315,US_3646,SH_9468,2024-08-04 20:05:00,4,,1365.4,completed,
BK_9316,US_865,SH_6348,2024-07-19 11:40:02,3,,0.0,failed,
BK_9317,US_3054,SH_4946,2025-04-11 18:35:06,3,,479.61,completed,
BK_9318,US_8620,SH_9179,2024-01-08 00:48:12,1,,336.25,completed,
BK_9319,US_6959,SH_6675,2025-07-26 23:30:51,3,,971.0999999999999,completed,
BK_9320,US_7418,SH_7250,2025-11-24 11:54:17,3,,1386.54,completed,
BK_9321,US_9694,SH_1836,2025-03-09 23:59:14,4,,0.0,refunded,
BK_9323,US_8743,SH_8678,2024-08-27 11:58:16,2,,460.06,completed,
BK_9324,US_8332,SH_4641,2024-11-02 02:41:08,1,,452.26,completed,
BK_9325,US_6146,SH_2230,2025-09-12 09:36:03,2,,436.46,completed,
BK_9327,US_4859,SH_5940,2025-10-23 17:41:12,2,,0.0,failed,
BK_9328,US_1646,SH_5505,2025-06-16 10:30:11,2,,927.36,completed,
BK_9329,US_3146,SH_5915,2025-04-24 19:50:03,2,,562.02,completed,
BK_9330,US_2118,SH_2889,2025-11-20 02:10:10,1,,188.87,completed,
BK_9331,US_9404,SH_8328,2024-10-26 17:16:38,1,,422.77,completed,
BK_9332,US_634,SH_3368,2025-06-11 18:28:03,1,,482.19,completed,
BK_9334,US_8,SH_7051,2024-07-05 09:36:31,2,,0.0,refunded,
BK_9337,US_2531,SH_4699,2024-12-03 11:52:11,1,,378.69,completed,
BK_9338,US_3820,SH_1362,2025-09-15 14:56:56,1,,338.17,completed,
BK_9340,US_6613,SH_3878,2024-10-26 14:19:28,4,,986.4,completed,
BK_9342,US_9566,SH_3079,2024-10-14 05:52:19,1,,176.82,completed,
BK_9343,US_6525,SH_3574,2025-01-17 23:23:33,4,,735.92,completed,
BK_9344,US_3845,SH_1482,2025-03-14 08:18:34,4,,0.0,failed,
BK_9345,US_608,SH_2174,2024-10-18 06:21:34,3,,1310.19,completed,
BK_9346,US_2911,SH_1524,2024-12-26 20:40:12,2,,767.98,completed,
BK_9347,US_4328,SH_6524,2025-05-14 17:22:32,1,,426.38,completed,
BK_9348,US_7579,SH_3383,2025-01-11 14:14:27,2,,875.84,completed,
BK_9349,US_8224,SH_6974,2024-12-28 07:27:54,4,,727.84,completed,
BK_9350,US_4341,SH_964,2024-12-02 23:25:52,4,,0.0,failed,
BK_9351,US_1822,SH_1542,2024-06-08 05:59:13,2,,475.56,completed,
BK_9352,US_4254,SH_5217,2025-08-10 08:22:49,2,,780.22,completed,
BK_9353,US_2573,SH_8287,2024-05-28 10:30:15,1,,328.57,completed,
BK_9354,US_4853,SH_9148,2025-08-05 07:33:59,2,,0.0,failed,
BK_9357,US_9326,SH_5444,2025-07-02 22:05:43,4,,1240.68,completed,
BK_9358,US_9596,SH_7604,2025-10-15 16:56:29,2,,0.0,failed,
BK_9359,US_7230,SH_7335,2025-11-09 15:00:58,3,,789.99,completed,
BK_9360,US_1381,SH_1232,2025-07-21 09:27:25,3,,0.0,refunded,
BK_9362,US_3995,SH_9193,2025-07-24 11:16:26,4,,767.44,completed,
BK_9363,US_2219,SH_637,2025-08-07 13:19:26,2,,689.28,completed,
BK_9364,US_313,SH_5909,2025-11-12 10:04:43,3,,0.0,failed,
BK_9365,US_7142,SH_9638,2024-12-02 00:29:17,2,,387.94,completed,
BK_9367,US_1917,SH_769,2025-07-02 04:44:54,1,,160.74,completed,
BK_9368,US_2506,SH_5826,2024-08-20 20:49:14,4,,0.0,failed,
BK_9369,US_5837,SH_3063,2024-06-15 18:30:16,1,,175.71,completed,
BK_9370,US_253,SH_8655,2025-09-22 09:29:32,1,,489.06,completed,
BK_9371,US_3272,SH_9024,2024-06-13 19:46:10,1,,279.37,completed,
BK_9373,US_4674,SH_3117,2024-12-26 15:04:46,3,,1036.3799999999999,completed,
BK_9374,US_6347,SH_4071,2025-05-21 23:30:02,1,,234.59,completed,
BK_9375,US_5635,SH_2068,2025-12-28 03:52:52,3,,492.63,completed,
BK_9376,US_196,SH_5609,2024-12-27 15:21:24,2,,787.66,completed,
BK_9378,US_1363,SH_6587,2024-04-19 21:43:48,2,,451.7,completed,
BK_9379,US_5485,SH_2447,2025-05-14 10:30:13,3,,537.51,completed,
BK_9381,US_9341,SH_8150,2024-11-21 12:48:47,2,,413.1,completed,
BK_9382,US_33,SH_2866,2025-02-13 20:29:05,1,,191.95,completed,
BK_9383,US_8972,SH_2109,2025-03-13 13:00:50,4,,1320.4,completed,
BK_9384,US_7996,SH_5184,2025-02-11 07:29:49,1,,166.49,completed,
BK_9385,US_1870,SH_4184,2025-12-04 05:19:33,3,,491.76,completed,
BK_9386,US_4177,SH_3056,2025-09-04 14:06:54,3,,1002.1500000000001,completed,
BK_9387,US_6059,SH_1653,2025-08-11 11:41:20,2,,448.48,completed,
BK_9388,US_9914,SH_655,2024-05-29 23:57:02,1,,277.8,completed,
BK_9389,US_8257,SH_730,2024-08-26 00:10:45,4,,1882.16,completed,
BK_9390,US_5715,SH_1617,2025-09-05 07:39:46,2,,376.68,completed,
BK_9391,US_6110,SH_2391,2025-01-18 20:54:32,3,,854.67,completed,
BK_9392,US_5979,SH_1435,2024-04-22 04:45:39,3,,583.59,completed,
BK_9393,US_983,SH_1878,2025-01-01 00:57:31,3,,1104.03,completed,
BK_9394,US_2966,SH_9211,2024-07-31 13:20:14,2,,513.0,completed,
BK_9395,US_3014,SH_1781,2024-03-04 03:01:14,3,,0.0,refunded,
BK_9396,US_2575,SH_7970,2024-12-09 11:15:18,2,,751.88,completed,
BK_9397,US_4550,SH_7093,2024-10-22 12:06:21,2,,0.0,failed,
BK_9398,US_4860,SH_6527,2025-01-22 10:15:33,3,,1220.1299999999999,completed,
BK_9399,US_9895,SH_308,2024-03-29 15:16:19,1,,304.61,completed,
BK_9400,US_8687,SH_2054,2025-01-18 10:02:19,2,,937.88,completed,
BK_9401,US_186,SH_2401,2025-05-10 14:22:46,1,,466.95,completed,
BK_9404,US_8479,SH_8134,2024-12-29 22:41:26,2,,659.76,completed,
BK_9405,US_1423,SH_9131,2025-06-02 13:24:49,3,,1311.1200000000001,completed,
BK_9406,US_1379,SH_9675,2025-02-22 05:27:30,3,,1082.1,completed,
BK_9408,US_9172,SH_7829,2024-08-24 13:54:24,3,,1292.04,completed,
BK_9409,US_8678,SH_6329,2024-12-21 23:49:50,2,,842.14,completed,
BK_9410,US_3266,SH_6548,2025-04-25 23:52:56,4,,1713.56,completed,
BK_9412,US_7976,SH_801,2025-08-18 16:19:06,2,,0.0,refunded,
BK_9413,US_4868,SH_3286,2024-08-03 19:34:51,2,,373.8,completed,
BK_9414,US_2738,SH_4978,2024-02-04 00:31:52,1,,480.86,completed,
BK_9415,US_1977,SH_337,2024-11-17 18:57:50,1,,435.2,completed,
BK_9416,US_5426,SH_5088,2024-05-27 00:00:38,3,,800.8499999999999,completed,
BK_9417,US_1852,SH_4629,2024-10-15 23:50:36,3,,0.0,failed,
BK_9418,US_4300,SH_661,2024-01-24 21:06:29,3,,816.39,completed,
BK_9419,US_3404,SH_3281,2024-11-19 12:10:17,1,,277.55,completed,
BK_9420,US_4028,SH_2726,2024-09-17 09:09:57,2,,300.2,completed,
BK_9421,US_6090,SH_2143,2024-08-13 07:06:00,2,,0.0,failed,
BK_9424,US_2738,SH_223,2024-01-01 09:09:36,2,,649.38,completed,
BK_9426,US_5644,SH_1368,2025-11-29 20:33:06,1,,346.48,completed,
BK_9427,US_9375,SH_864,2025-06-09 23:48:55,1,,215.17,completed,
BK_9428,US_1172,SH_3097,2025-10-16 09:16:56,1,,0.0,failed,
BK_9430,US_552,SH_3917,2024-09-05 06:33:15,3,,571.11,completed,
BK_9432,US_1772,SH_2792,2024-06-10 10:46:53,2,,0.0,failed,
BK_9433,US_3845,SH_64,2024-09-28 11:28:30,2,,0.0,refunded,
BK_9434,US_5050,SH_3485,2024-03-10 03:37:59,1,,228.93,completed,
BK_9435,US_51,SH_5254,2025-11-06 15:02:24,1,,409.04,completed,
BK_9436,US_7247,SH_9377,2024-01-17 17:58:47,3,,1234.44,completed,
BK_9437,US_7698,SH_2022,2024-12-23 02:04:21,1,,226.55,completed,
BK_9438,US_3932,SH_612,2025-07-03 10:36:14,4,,987.6,completed,
BK_9439,US_1156,SH_1312,2024-04-20 01:00:40,2,,519.96,completed,
BK_9440,US_3274,SH_1194,2024-12-14 01:49:26,2,,661.66,completed,
BK_9441,US_6620,SH_2906,2025-01-04 00:33:16,4,,1187.96,completed,
BK_9442,US_2918,SH_2165,2025-10-08 03:46:01,3,,0.0,failed,
BK_9443,US_3664,SH_9442,2024-07-02 06:15:19,4,,0.0,failed,
BK_9444,US_6977,SH_2876,2024-02-19 09:31:53,4,,945.92,completed,
BK_9445,US_6431,SH_853,2024-01-15 13:06:10,3,,1321.1399999999999,completed,
BK_9446,US_8505,SH_2201,2024-07-25 08:35:09,2,,751.44,completed,
BK_9448,US_2657,SH_1578,2024-08-08 09:37:14,1,,281.77,completed,
BK_9449,US_7588,SH_9781,2025-03-29 23:17:02,3,,1419.1200000000001,completed,
BK_9451,US_9640,SH_9438,2024-02-01 15:29:19,2,,749.72,completed,
BK_9453,US_2542,SH_1994,2024-06-02 15:25:33,1,,240.74,completed,
BK_9454,US_7079,SH_1397,2025-01-20 02:03:04,1,,361.17,completed,
BK_9455,US_2194,SH_3994,2024-07-25 11:35:31,4,,1114.16,completed,
BK_9456,US_5699,SH_8142,2025-11-20 07:40:21,3,,1268.01,completed,
BK_9457,US_5778,SH_8227,2025-07-14 12:35:19,4,,1968.8,completed,
BK_9458,US_1349,SH_3376,2025-08-04 17:54:15,2,,479.4,completed,
BK_9459,US_1050,SH_6216,2025-04-02 17:52:18,4,,1402.24,completed,
BK_9460,US_5762,SH_2493,2025-03-25 08:56:16,4,,1391.2,completed,
BK_9461,US_560,SH_4909,2024-09-28 04:54:29,1,,216.21,completed,
BK_9462,US_6325,SH_558,2025-11-22 08:54:16,2,,625.16,completed,
BK_9463,US_702,SH_8638,2024-11-27 12:25:34,1,,341.95,completed,
BK_9464,US_8918,SH_9558,2025-09-01 18:25:47,1,,333.69,completed,
BK_9465,US_4144,SH_2243,2024-01-13 14:06:35,3,,1361.76,completed,
BK_9466,US_1495,SH_115,2025-11-01 11:47:17,1,,465.91,completed,
BK_9467,US_3281,SH_67,2025-02-21 18:56:41,1,,428.54,completed,
BK_9468,US_579,SH_1014,2024-12-31 15:37:37,2,,874.26,completed,
BK_9469,US_2355,SH_7325,2025-02-13 17:07:59,3,,1267.56,completed,
BK_9470,US_9127,SH_2312,2024-01-29 18:58:06,1,,0.0,failed,
BK_9471,US_3277,SH_5968,2024-08-11 20:41:37,1,,151.19,completed,
BK_9472,US_6624,SH_8296,2025-01-05 00:33:57,3,,1230.1200000000001,completed,
BK_9473,US_2129,SH_1345,2024-09-14 03:59:35,4,,915.72,completed,
BK_9474,US_6692,SH_1246,2025-09-09 01:18:12,1,,368.89,completed,
BK_9475,US_2143,SH_3909,2024-04-27 18:48:37,1,,359.73,completed,
BK_9476,US_8855,SH_3873,2025-08-06 04:24:08,4,,807.2,completed,
BK_9477,US_8584,SH_5797,2025-07-14 04:08:09,4,,1455.36,completed,
BK_9478,US_323,SH_4754,2025-05-09 21:41:45,1,,343.99,completed,
BK_9479,US_415,SH_3580,2025-10-28 18:36:20,2,,322.58,completed,
BK_9481,US_4452,SH_1199,2025-11-19 17:52:27,3,,1133.04,completed,
BK_9482,US_8962,SH_5702,2025-09-02 01:57:02,1,,367.94,completed,
BK_9483,US_5285,SH_44,2025-04-22 22:48:51,2,,628.32,completed,
BK_9484,US_3512,SH_2444,2024-12-07 21:28:07,4,,0.0,failed,
BK_9485,US_4435,SH_3447,2025-07-09 16:56:47,2,,0.0,failed,
BK_9486,US_7039,SH_3183,2025-02-24 13:51:24,4,,1730.72,completed,
BK_9487,US_3202,SH_3940,2024-03-11 05:24:19,2,,715.18,completed,
BK_9488,US_1066,SH_2053,2025-12-15 18:27:15,4,,1306.6,completed,
BK_9489,US_4396,SH_8175,2024-12-19 01:46:40,4,,696.2,completed,
BK_9491,US_574,SH_8117,2024-03-03 01:45:54,2,,455.32,completed,
BK_9493,US_6651,SH_9170,2024-06-25 18:24:47,1,,417.76,completed,
BK_9494,US_194,SH_8293,2025-10-17 15:13:24,2,,971.82,completed,
BK_9497,US_2623,SH_4171,2025-07-20 07:11:55,2,,515.96,completed,
BK_9499,US_8711,SH_3963,2024-10-02 14:43:52,1,,307.2,completed,
BK_9500,US_3463,SH_3401,2025-12-20 18:35:41,1,,480.88,completed,
BK_9501,US_3284,SH_9466,2024-08-08 09:57:09,4,,975.84,completed,
BK_9502,US_8975,SH_9513,2025-01-23 02:27:28,1,,197.65,completed,
BK_9503,US_7470,SH_4534,2024-04-21 01:12:32,3,,989.22,completed,
BK_9504,US_5449,SH_9480,2024-05-22 08:08:01,3,,1073.01,completed,
BK_9507,US_4091,SH_7504,2025-05-12 14:10:45,4,,1860.6,completed,
BK_9508,US_8660,SH_6517,2025-01-04 05:16:32,1,,0.0,failed,
BK_9509,US_1531,SH_9432,2024-09-01 00:24:52,4,,1537.88,completed,
BK_9510,US_8183,SH_7407,2024-01-20 12:51:15,1,,399.47,completed,
BK_9511,US_2379,SH_394,2024-02-16 05:22:56,4,,0.0,failed,
BK_9513,US_8030,SH_3215,2025-04-13 01:20:50,2,,648.34,completed,
BK_9514,US_4231,SH_9414,2024-10-17 03:25:06,3,,735.8100000000001,completed,
BK_9515,US_4253,SH_5650,2025-03-10 09:57:51,2,,758.1,completed,
BK_9516,US_798,SH_8822,2024-12-28 10:14:53,1,,0.0,failed,
BK_9517,US_5228,SH_1848,2025-08-15 20:31:43,1,,407.67,completed,
BK_9520,US_2703,SH_7981,2024-12-31 09:41:40,2,,824.32,completed,
BK_9521,US_194,SH_9204,2025-07-12 10:34:56,1,,325.24,completed,
BK_9522,US_1803,SH_7247,2024-02-04 03:40:18,1,,311.21,completed,
BK_9523,US_9593,SH_1513,2025-05-06 05:40:35,4,,1529.28,completed,
BK_9524,US_3044,SH_5825,2024-02-10 07:56:26,2,,374.44,completed,
BK_9525,US_946,SH_4449,2024-09-05 14:48:28,2,,704.6,completed,
BK_9527,US_6211,SH_9116,2025-08-20 20:49:20,2,,389.0,completed,
BK_9528,US_2464,SH_430,2025-10-29 23:37:26,4,,1861.08,completed,
BK_9529,US_8368,SH_3134,2025-04-27 13:39:40,1,,0.0,refunded,
BK_9530,US_4573,SH_5612,2024-11-12 03:16:53,2,,459.02,completed,
BK_9531,US_4084,SH_2067,2025-08-23 00:26:07,3,,849.96,completed,
BK_9532,US_7157,SH_4165,2024-02-16 21:50:03,1,,349.45,completed,
BK_9533,US_8089,SH_7824,2025-06-12 11:16:56,2,,0.0,failed,
BK_9534,US_6000,SH_7574,2025-07-22 02:20:50,3,,1192.53,completed,
BK_9535,US_3009,SH_6713,2025-05-11 20:57:51,2,,718.12,completed,
BK_9536,US_2637,SH_4850,2025-07-05 01:24:10,3,,538.89,completed,
BK_9537,US_6322,SH_5970,2025-09-08 06:55:01,2,,0.0,refunded,
BK_9538,US_1292,SH_1772,2025-02-21 23:31:25,3,,1425.03,completed,
BK_9540,US_5055,SH_7368,2024-08-03 06:09:16,2,,488.06,completed,
BK_9541,US_7922,SH_691,2025-03-02 18:43:13,4,,0.0,failed,
BK_9542,US_3898,SH_8738,2025-06-05 01:27:22,1,,441.5,completed,
BK_9543,US_7195,SH_1516,2024-07-21 20:15:48,2,,919.32,completed,
BK_9544,US_2968,SH_9022,2025-05-14 19:55:08,2,,768.16,completed,
BK_9545,US_9333,SH_4745,2024-12-14 02:06:01,4,,1011.56,completed,
BK_9547,US_239,SH_5692,2024-11-14 12:58:52,3,,1204.83,completed,
BK_9548,US_2675,SH_536,2024-03-12 23:56:05,4,,1287.24,completed,
BK_9549,US_3300,SH_6224,2025-03-15 07:14:22,2,,600.62,completed,
BK_9550,US_3656,SH_7606,2025-05-10 04:34:19,2,,348.8,completed,
BK_9552,US_1616,SH_7824,2024-07-24 12:39:57,1,,240.27,completed,
BK_9553,US_5736,SH_9413,2025-12-14 03:55:26,4,,1054.24,completed,
BK_9554,US_8779,SH_4050,2024-03-24 17:15:04,1,,461.57,completed,
BK_9555,US_3862,SH_8405,2024-12-20 11:35:31,4,,1898.64,completed,
BK_9556,US_7577,SH_3880,2024-03-09 19:55:57,1,,0.0,failed,
BK_9557,US_2340,SH_4250,2024-05-27 22:00:56,3,,1253.58,completed,
BK_9558,US_4675,SH_716,2025-04-22 15:52:53,3,,1364.94,completed,
BK_9559,US_2401,SH_1894,2025-01-20 10:21:49,4,,1030.88,completed,
BK_9560,US_6427,SH_3249,2024-02-23 05:08:58,2,,399.86,completed,
BK_9561,US_4748,SH_906,2025-03-12 21:58:20,3,,0.0,refunded,
BK_9562,US_1574,SH_9023,2024-10-23 23:58:09,4,,928.52,completed,
BK_9563,US_7043,SH_6288,2024-10-04 03:41:21,1,,329.28,completed,
BK_9564,US_9350,SH_9406,2024-07-03 10:40:57,3,,1314.93,completed,
BK_9565,US_7654,SH_549,2024-05-01 05:32:45,1,,392.77,completed,
BK_9568,US_6176,SH_2337,2024-02-15 05:37:55,2,,509.64,completed,
BK_9569,US_1409,SH_138,2024-03-25 02:10:45,1,,0.0,refunded,
BK_9570,US_789,SH_8379,2025-05-27 09:08:42,2,,822.96,completed,
BK_9571,US_6548,SH_6509,2024-02-01 05:57:35,2,,0.0,failed,
BK_9572,US_8119,SH_3174,2024-02-26 06:35:48,4,,1151.28,completed,
BK_9573,US_2147,SH_470,2025-09-21 06:21:55,3,,621.6899999999999,completed,
BK_9574,US_2585,SH_5986,2025-08-13 23:24:58,3,,0.0,refunded,
BK_9575,US_9130,SH_870,2025-07-26 10:25:19,2,,340.38,completed,
BK_9576,US_5664,SH_1758,2024-05-13 07:42:46,4,,0.0,failed,
BK_9577,US_1976,SH_538,2024-09-19 20:49:13,2,,975.42,completed,
BK_9578,US_7609,SH_7775,2024-11-04 21:56:33,3,,775.56,completed,
BK_9579,US_3744,SH_4912,2025-11-19 20:11:19,3,,532.2,completed,
BK_9580,US_2107,SH_5955,2024-02-11 00:07:46,3,,0.0,failed,
BK_9581,US_4999,SH_7993,2025-08-12 17:32:21,4,,1688.96,completed,
BK_9582,US_9026,SH_8427,2024-12-13 22:05:56,4,,709.96,completed,
BK_9583,US_2297,SH_6275,2025-09-17 11:54:53,3,,600.63,completed,
BK_9584,US_4902,SH_4162,2024-03-06 18:19:10,3,,1041.33,completed,
BK_9585,US_5607,SH_3225,2025-06-09 14:16:12,2,,0.0,failed,
BK_9586,US_2887,SH_8081,2025-06-20 21:01:24,1,,486.68,completed,
BK_9589,US_1575,SH_6426,2025-03-27 16:16:08,4,,1580.92,completed,
BK_9590,US_855,SH_4531,2024-03-29 20:57:30,2,,594.44,completed,
BK_9591,US_6336,SH_2799,2025-01-08 13:51:37,2,,399.78,completed,
BK_9593,US_214,SH_9581,2025-07-14 07:09:06,4,,1714.68,completed,
BK_9594,US_3897,SH_3522,2024-01-12 00:36:58,4,,1569.64,completed,
BK_9595,US_3374,SH_4376,2025-02-17 04:32:10,4,,1501.72,completed,
BK_9596,US_8683,SH_8410,2024-05-16 23:31:19,1,,491.2,completed,
BK_9597,US_7814,SH_3844,2024-04-04 03:46:07,4,,1716.04,completed,
BK_9598,US_4083,SH_5972,2025-12-27 08:31:07,3,,1420.29,completed,
BK_9599,US_5120,SH_9651,2025-07-31 08:25:27,3,,1402.77,completed,
BK_9600,US_4705,SH_3557,2025-11-14 13:12:38,1,,260.32,completed,
BK_9601,US_2969,SH_215,2024-04-25 16:40:00,4,,663.32,completed,
BK_9602,US_7529,SH_3576,2024-11-16 14:47:45,2,,863.42,completed,
BK_9603,US_6422,SH_4550,2024-01-20 14:29:40,1,,178.7,completed,
BK_9604,US_6628,SH_111,2024-12-31 06:55:01,1,,169.17,completed,
BK_9606,US_1213,SH_474,2025-03-22 03:20:29,1,,334.99,completed,
BK_9607,US_8309,SH_4182,2024-08-19 05:14:02,2,,733.42,completed,
BK_9608,US_3579,SH_2467,2024-12-29 01:29:00,1,,454.97,completed,
BK_9611,US_2605,SH_5301,2024-06-27 08:07:53,3,,702.39,completed,
BK_9614,US_8803,SH_2838,2024-04-21 14:48:38,4,,0.0,failed,
BK_9615,US_2035,SH_3002,2024-08-10 00:18:52,1,,470.05,completed,
BK_9616,US_9491,SH_2203,2025-08-19 22:45:48,1,,358.36,completed,
BK_9618,US_6587,SH_6097,2024-02-29 12:29:16,3,,550.62,completed,
BK_9619,US_8631,SH_8012,2025-09-12 14:33:02,1,,355.15,completed,
BK_9620,US_3437,SH_8604,2025-01-21 20:00:20,3,,1392.66,completed,
BK_9621,US_7983,SH_8595,2025-11-11 17:38:22,2,,0.0,failed,
BK_9622,US_6171,SH_2209,2024-10-20 20:18:51,4,,0.0,failed,
BK_9623,US_7957,SH_2571,2025-01-01 23:43:16,4,,1559.12,completed,
BK_9624,US_8016,SH_7305,2025-01-14 05:12:32,3,,974.3399999999999,completed,
BK_9625,US_4218,SH_6054,2025-06-05 23:08:01,4,,0.0,failed,
BK_9626,US_5268,SH_3895,2025-02-12 19:46:53,3,,496.29,completed,
BK_9628,US_2979,SH_1872,2024-12-11 09:55:32,4,,1683.56,completed,
BK_9629,US_7061,SH_6893,2025-08-28 12:02:56,3,,1383.6299999999999,completed,
BK_9630,US_4498,SH_1070,2025-03-15 01:28:28,1,,357.07,completed,
BK_9631,US_8865,SH_6618,2025-10-31 01:40:15,1,,164.72,completed,
BK_9633,US_4557,SH_2695,2025-10-06 05:03:43,1,,299.18,completed,
BK_9635,US_6039,SH_7448,2024-10-27 12:10:08,2,,0.0,failed,
BK_9636,US_6869,SH_4857,2025-07-31 09:58:33,3,,0.0,refunded,
BK_9637,US_6387,SH_299,2024-01-08 15:48:13,4,,0.0,failed,
BK_9638,US_9895,SH_5896,2025-09-22 06:08:47,1,,0.0,failed,
BK_9639,US_248,SH_5896,2024-02-07 05:35:49,3,,1187.3700000000001,completed,
BK_9640,US_5178,SH_6590,2025-04-17 17:03:38,3,,491.88,completed,
BK_9641,US_3518,SH_7928,2025-03-13 14:20:04,1,,342.17,completed,
BK_9642,US_6559,SH_2219,2025-03-24 18:59:29,2,,931.04,completed,
BK_9643,US_3738,SH_4078,2025-04-10 17:10:39,3,,991.29,completed,
BK_9644,US_1038,SH_3541,2024-01-07 04:19:42,4,,1802.76,completed,
BK_9645,US_6223,SH_3951,2024-05-16 15:45:20,3,,846.69,completed,
BK_9646,US_2234,SH_5882,2025-07-03 21:52:40,3,,1357.41,completed,
BK_9647,US_9045,SH_629,2025-03-10 19:34:33,4,,1577.2,completed,
BK_9648,US_1923,SH_6138,2024-08-03 19:54:57,4,,1138.4,completed,
BK_9649,US_6697,SH_8689,2024-02-29 05:19:07,1,,232.55,completed,
BK_9650,US_1440,SH_716,2024-10-03 03:39:35,3,,1364.94,completed,
BK_9651,US_5535,SH_789,2024-04-13 02:09:01,2,,0.0,failed,
BK_9654,US_6678,SH_9871,2024-11-01 18:06:08,4,,1648.2,completed,
BK_9655,US_5833,SH_6678,2025-03-22 11:16:52,1,,367.39,completed,
BK_9656,US_9709,SH_3313,2024-09-10 07:03:24,2,,543.64,completed,
BK_9657,US_5118,SH_2177,2025-06-05 08:02:03,4,,1052.2,completed,
BK_9658,US_560,SH_5687,2025-02-01 00:51:19,2,,531.36,completed,
BK_9659,US_7800,SH_9194,2024-08-06 07:06:58,4,,1250.68,completed,
BK_9660,US_1911,SH_7689,2024-08-25 09:10:56,2,,438.5,completed,
BK_9661,US_3207,SH_8617,2025-06-22 12:13:32,1,,197.51,completed,
BK_9662,US_660,SH_7817,2024-12-11 03:56:48,2,,763.06,completed,
BK_9663,US_6279,SH_3681,2024-07-28 06:13:16,3,,1283.67,completed,
BK_9664,US_2581,SH_5540,2025-01-26 01:58:29,4,,1865.28,completed,
BK_9665,US_3606,SH_8738,2024-06-02 16:50:08,2,,883.0,completed,
BK_9666,US_8521,SH_9383,2024-09-01 02:30:02,1,,404.12,completed,
BK_9668,US_165,SH_5893,2025-01-20 06:12:18,3,,0.0,failed,
BK_9669,US_7629,SH_9608,2025-08-06 13:38:30,1,,488.59,completed,
BK_9670,US_9924,SH_1177,2025-07-20 00:45:28,3,,1093.53,completed,
BK_9671,US_9552,SH_1481,2025-12-07 00:51:34,3,,1110.3000000000002,completed,
BK_9672,US_9897,SH_8128,2024-05-25 22:52:28,4,,1560.52,completed,
BK_9673,US_8179,SH_3617,2024-03-10 00:04:20,4,,1115.44,completed,
BK_9674,US_2705,SH_1446,2024-01-18 08:24:38,2,,502.96,completed,
BK_9675,US_353,SH_5216,2024-01-22 17:10:32,2,,392.7,completed,
BK_9676,US_6142,SH_1367,2025-01-05 10:13:31,2,,595.22,completed,
BK_9677,US_4655,SH_5337,2024-08-13 00:09:51,2,,0.0,refunded,
BK_9678,US_5471,SH_9201,2024-07-07 10:42:52,4,,1578.08,completed,
BK_9679,US_195,SH_1314,2024-06-30 23:46:41,4,,1422.96,completed,
BK_9682,US_5854,SH_3741,2024-02-19 09:00:22,2,,366.08,completed,
BK_9683,US_3213,SH_8884,2024-12-29 13:28:54,2,,596.04,completed,
BK_9684,US_4293,SH_1062,2025-11-13 03:59:38,4,,1236.2,completed,
BK_9685,US_1967,SH_7871,2024-07-31 03:58:56,4,,1252.32,completed,
BK_9686,US_3722,SH_3920,2024-08-29 05:01:35,4,,1684.56,completed,
BK_9688,US_6100,SH_1385,2025-05-26 23:44:04,1,,463.85,completed,
BK_9689,US_8063,SH_3254,2025-11-17 12:46:51,1,,346.99,completed,
BK_9691,US_2228,SH_8215,2024-07-12 15:07:54,3,,1145.4,completed,
BK_9692,US_4501,SH_2250,2024-06-18 03:02:32,4,,801.88,completed,
BK_9693,US_8479,SH_3293,2025-07-12 18:19:32,4,,1357.4,completed,
BK_9694,US_4902,SH_9640,2025-06-20 02:25:09,2,,646.68,completed,
BK_9696,US_2407,SH_5654,2025-01-01 19:51:13,4,,1613.32,completed,
BK_9697,US_554,SH_5876,2025-02-02 17:11:25,2,,629.56,completed,
BK_9698,US_155,SH_5730,2024-06-10 04:07:29,4,,956.68,completed,
BK_9699,US_1379,SH_4348,2025-07-24 01:59:51,4,,0.0,failed,
BK_9700,US_4344,SH_1632,2024-02-11 03:35:00,4,,649.16,completed,
BK_9702,US_6577,SH_6643,2025-05-21 09:14:49,2,,808.24,completed,
BK_9703,US_3819,SH_8483,2024-06-30 01:56:29,2,,454.18,completed,
BK_9704,US_109,SH_9109,2025-10-08 18:18:36,3,,1196.31,completed,
BK_9705,US_7345,SH_9807,2025-10-25 23:41:23,3,,0.0,refunded,
BK_9706,US_3749,SH_8189,2025-11-15 15:20:39,2,,721.84,completed,
BK_9707,US_7030,SH_5289,2024-01-22 07:39:27,2,,661.06,completed,
BK_9708,US_8714,SH_8564,2024-09-19 08:19:46,3,,1129.71,completed,
BK_9709,US_6669,SH_5493,2025-05-28 06:01:00,3,,0.0,failed,
BK_9710,US_825,SH_8231,2024-07-27 04:59:10,2,,428.84,completed,
BK_9711,US_8835,SH_1425,2025-11-23 07:31:50,2,,0.0,failed,
BK_9712,US_2971,SH_2839,2024-03-07 13:59:12,2,,862.38,completed,
BK_9713,US_6316,SH_4682,2025-06-05 09:40:35,2,,681.14,completed,
BK_9714,US_2241,SH_7298,2025-12-27 04:08:49,4,,1478.92,completed,
BK_9715,US_8878,SH_7038,2025-09-25 06:56:18,2,,0.0,failed,
BK_9716,US_2249,SH_6671,2025-12-13 05:46:15,1,,162.22,completed,
BK_9717,US_8568,SH_9443,2025-10-28 09:25:47,4,,1895.12,completed,
BK_9718,US_8245,SH_9065,2025-10-01 21:42:41,3,,451.20000000000005,completed,
BK_9719,US_2351,SH_8651,2025-08-27 20:32:12,3,,1234.74,completed,
BK_9720,US_7512,SH_4158,2025-07-15 09:46:29,3,,488.64,completed,
BK_9722,US_485,SH_3878,2024-11-28 21:26:52,4,,0.0,failed,
BK_9723,US_3808,SH_1479,2024-06-20 01:18:08,1,,346.78,completed,
BK_9724,US_173,SH_1262,2025-06-12 18:02:33,1,,487.92,completed,
BK_9725,US_179,SH_934,2024-01-10 07:44:49,2,,0.0,failed,
BK_9726,US_5122,SH_3828,2024-09-24 11:29:22,3,,1011.0899999999999,completed,
BK_9727,US_3120,SH_7867,2024-06-08 04:49:18,3,,1255.71,completed,
BK_9728,US_2929,SH_6465,2024-05-11 20:07:19,4,,0.0,failed,
BK_9730,US_3294,SH_9202,2025-03-21 08:36:28,2,,636.06,completed,
BK_9731,US_4133,SH_9855,2024-01-09 04:11:55,3,,492.57,completed,
BK_9733,US_9539,SH_6092,2025-07-04 14:27:20,1,,0.0,failed,
BK_9734,US_2664,SH_495,2024-06-24 07:12:39,4,,832.44,completed,
BK_9736,US_9313,SH_9688,2024-12-25 02:40:41,3,,1100.34,completed,
BK_9737,US_126,SH_1152,2024-11-05 00:36:21,1,,263.59,completed,
BK_9738,US_5375,SH_4746,2024-08-24 02:20:18,1,,461.61,completed,
BK_9739,US_8859,SH_6405,2025-09-24 08:49:14,1,,313.22,completed,
BK_9740,US_9650,SH_4556,2024-10-06 00:01:46,3,,1307.1299999999999,completed,
BK_9741,US_2108,SH_7520,2024-05-20 07:32:23,3,,1042.98,completed,
BK_9742,US_9197,SH_7881,2024-12-10 07:57:57,1,,267.68,completed,
BK_9743,US_789,SH_5930,2025-12-10 11:47:50,3,,920.8799999999999,completed,
BK_9744,US_1295,SH_7261,2024-04-30 05:49:46,3,,1070.25,completed,
BK_9745,US_3313,SH_8126,2024-12-26 10:52:54,4,,647.84,completed,
BK_9746,US_8795,SH_815,2024-11-12 15:37:54,4,,1658.24,completed,
BK_9747,US_9233,SH_2894,2025-09-29 02:46:41,4,,1622.88,completed,
BK_9748,US_4532,SH_8547,2025-11-19 23:12:59,3,,701.34,completed,
BK_9749,US_367,SH_7944,2025-04-29 22:29:24,4,,1955.6,completed,
BK_9751,US_1096,SH_7473,2025-09-17 12:50:39,4,,1773.56,completed,
BK_9753,US_7271,SH_5153,2025-11-03 20:56:48,4,,969.88,completed,
BK_9754,US_5133,SH_6362,2024-08-21 00:23:17,4,,1905.88,completed,
BK_9755,US_283,SH_9531,2025-05-18 20:53:48,4,,1089.72,completed,
BK_9756,US_6616,SH_332,2025-05-02 06:32:05,3,,844.23,completed,
BK_9757,US_2277,SH_9018,2024-08-05 10:42:13,3,,0.0,failed,
BK_9758,US_2225,SH_7685,2025-11-14 17:29:29,2,,406.84,completed,
BK_9760,US_4728,SH_5171,2024-07-05 17:21:30,4,,1648.56,completed,
BK_9763,US_4385,SH_2534,2024-02-02 20:08:18,2,,629.7,completed,
BK_9764,US_3222,SH_7327,2024-03-06 10:05:02,2,,803.34,completed,
BK_9765,US_7870,SH_4686,2024-08-17 04:00:29,4,,1404.36,completed,
BK_9766,US_5039,SH_2884,2024-12-25 06:44:02,2,,490.0,completed,
BK_9767,US_4682,SH_5390,2024-03-21 02:55:32,4,,1387.56,completed,
BK_9768,US_2791,SH_9803,2024-11-18 19:42:25,3,,1082.5500000000002,completed,
BK_9769,US_6028,SH_2619,2024-11-03 15:37:22,1,,333.52,completed,
BK_9770,US_167,SH_7743,2025-10-12 15:26:11,4,,727.4,completed,
BK_9771,US_2361,SH_8430,2024-09-03 01:28:33,3,,1174.1100000000001,completed,
BK_9772,US_344,SH_7048,2024-08-12 10:06:29,4,,649.16,completed,
BK_9773,US_4060,SH_3622,2024-04-08 10:53:30,4,,1909.76,completed,
BK_9774,US_6902,SH_7200,2025-04-10 04:23:40,2,,424.6,completed,
BK_9775,US_5277,SH_66,2025-07-06 21:44:14,3,,0.0,refunded,
BK_9776,US_8525,SH_1012,2024-04-30 10:38:49,2,,0.0,refunded,
BK_9778,US_3651,SH_5271,2025-11-05 11:48:26,4,,933.08,completed,
BK_9779,US_1803,SH_9559,2025-03-05 02:48:52,2,,677.4,completed,
BK_9780,US_6549,SH_1477,2025-09-04 22:33:09,2,,682.02,completed,
BK_9781,US_7768,SH_2458,2025-03-28 06:25:06,2,,477.12,completed,
BK_9783,US_8971,SH_3064,2024-01-21 13:36:58,2,,0.0,failed,
BK_9784,US_4018,SH_2600,2024-05-03 03:06:39,3,,1378.47,completed,
BK_9785,US_2084,SH_3003,2025-10-14 21:25:15,3,,1382.85,completed,
BK_9786,US_2907,SH_9021,2025-01-23 13:47:31,2,,355.78,completed,
BK_9787,US_8524,SH_923,2025-02-04 16:54:28,1,,0.0,failed,
BK_9788,US_3126,SH_7845,2025-09-08 00:53:54,4,,1127.0,completed,
BK_9789,US_2692,SH_8771,2025-08-12 16:41:21,2,,968.62,completed,
BK_9790,US_6724,SH_2635,2025-01-11 08:50:15,4,,925.16,completed,
BK_9791,US_405,SH_714,2025-01-09 02:31:39,2,,484.14,completed,
BK_9792,US_3955,SH_4037,2024-09-21 09:48:34,4,,1475.56,completed,
BK_9794,US_1354,SH_9928,2025-04-21 09:35:33,4,,1123.8,completed,
BK_9795,US_7632,SH_9221,2025-01-13 03:59:19,4,,1423.12,completed,
BK_9796,US_5137,SH_1399,2024-03-27 04:28:18,2,,643.96,completed,
BK_9797,US_2835,SH_350,2024-12-25 15:51:01,3,,0.0,failed,
BK_9798,US_5581,SH_1265,2024-02-15 11:55:28,3,,966.3000000000001,completed,
BK_9799,US_1347,SH_6019,2024-03-03 08:39:55,1,,0.0,failed,
BK_9801,US_7299,SH_4263,2025-06-06 06:59:20,4,,0.0,refunded,
BK_9802,US_4135,SH_4055,2024-06-30 07:03:37,4,,900.2,completed,
BK_9804,US_5522,SH_1129,2025-04-17 11:28:53,3,,1368.48,completed,
BK_9805,US_344,SH_8267,2024-04-28 19:07:39,2,,651.54,completed,
BK_9806,US_4477,SH_8133,2025-02-24 00:32:00,1,,492.15,completed,
BK_9808,US_2664,SH_8626,2024-12-13 05:10:13,4,,0.0,failed,
BK_9809,US_6305,SH_9108,2024-09-21 00:06:53,1,,209.32,completed,
BK_9811,US_7838,SH_5086,2025-01-24 01:45:23,2,,463.38,completed,
BK_9812,US_281,SH_1990,2024-05-14 05:23:47,1,,478.59,completed,
BK_9813,US_8136,SH_1556,2025-08-24 07:53:33,1,,388.98,completed,
BK_9814,US_7258,SH_6204,2025-12-09 08:56:40,3,,1369.0500000000002,completed,
BK_9815,US_9787,SH_9699,2024-05-16 01:08:23,2,,918.5,completed,
BK_9817,US_1885,SH_6059,2025-12-03 09:19:11,4,,1569.84,completed,
BK_9818,US_6667,SH_9262,2025-04-16 01:30:44,4,,0.0,failed,
BK_9820,US_9837,SH_9639,2025-07-31 21:35:12,1,,0.0,refunded,
BK_9821,US_1439,SH_6046,2025-04-21 06:18:03,4,,1513.88,completed,
BK_9822,US_156,SH_9737,2024-09-22 07:42:32,4,,0.0,refunded,
BK_9823,US_1508,SH_1900,2025-10-03 17:34:24,4,,977.76,completed,
BK_9824,US_3245,SH_2912,2024-03-28 20:11:09,1,,0.0,failed,
BK_9825,US_9025,SH_2455,2025-09-19 18:51:23,3,,904.6200000000001,completed,
BK_9826,US_3896,SH_5246,2025-07-26 12:30:18,4,,1104.28,completed,
BK_9827,US_669,SH_1442,2024-03-04 06:55:54,3,,897.1200000000001,completed,
BK_9828,US_3224,SH_9815,2024-03-16 01:29:06,4,,0.0,refunded,
BK_9829,US_4621,SH_7818,2024-12-23 18:12:08,1,,373.75,completed,
BK_9831,US_2415,SH_6654,2024-07-28 22:00:15,1,,0.0,failed,
BK_9832,US_900,SH_7652,2024-12-24 14:12:07,3,,1188.6,completed,
BK_9833,US_1608,SH_3681,2024-10-14 16:24:54,4,,0.0,failed,
BK_9834,US_6306,SH_5826,2025-11-04 22:47:15,1,,495.53,completed,
BK_9835,US_2941,SH_6384,2024-06-29 17:27:11,2,,960.4,completed,
BK_9836,US_6038,SH_3648,2024-11-06 13:08:00,3,,0.0,refunded,
BK_9837,US_7620,SH_5716,2024-06-29 06:13:52,4,,1379.2,completed,
BK_9838,US_5802,SH_2778,2025-03-26 17:24:39,2,,489.34,completed,
BK_9839,US_8263,SH_7229,2025-02-10 07:03:28,2,,724.88,completed,
BK_9842,US_1440,SH_7169,2024-03-23 15:20:42,3,,1104.42,completed,
BK_9844,US_3662,SH_2019,2024-09-14 16:52:41,3,,1245.8700000000001,completed,
BK_9845,US_4829,SH_3723,2024-05-30 19:18:33,3,,930.9000000000001,completed,
BK_9846,US_7792,SH_9946,2024-09-23 20:09:31,1,,437.46,completed,
BK_9847,US_4521,SH_6789,2024-06-19 13:41:19,2,,0.0,failed,
BK_9849,US_9326,SH_8781,2024-03-05 23:27:33,2,,825.84,completed,
BK_9850,US_2502,SH_5026,2024-12-06 07:32:41,1,,219.61,completed,
BK_9851,US_5903,SH_8592,2024-07-22 12:14:06,3,,0.0,refunded,
BK_9852,US_9112,SH_6692,2024-01-25 12:11:47,1,,306.35,completed,
BK_9853,US_7761,SH_1475,2025-05-01 17:35:53,1,,252.81,completed,
BK_9854,US_4004,SH_7411,2024-03-03 14:04:37,1,,0.0,failed,
BK_9855,US_2627,SH_3605,2025-01-24 08:07:08,4,,710.64,completed,
BK_9856,US_489,SH_7424,2024-03-04 18:31:38,1,,196.38,completed,
BK_9857,US_5144,SH_5141,2025-03-12 00:28:05,2,,0.0,failed,
BK_9858,US_6511,SH_4944,2024-03-14 13:53:08,3,,1110.81,completed,
BK_9859,US_872,SH_9819,2024-01-21 02:48:19,4,,970.16,completed,
BK_9860,US_5224,SH_1626,2024-10-13 20:16:41,3,,660.39,completed,
BK_9861,US_6870,SH_9766,2025-07-15 20:27:30,3,,895.56,completed,
BK_9862,US_7400,SH_5725,2024-11-17 01:01:32,3,,616.95,completed,
BK_9863,US_3,SH_4568,2024-04-25 19:12:13,2,,376.2,completed,
BK_9864,US_2474,SH_8881,2024-04-17 05:44:49,4,,1386.0,completed,
BK_9865,US_3628,SH_6400,2025-11-02 03:56:45,2,,767.8,completed,
BK_9866,US_842,SH_1868,2025-02-23 01:00:35,4,,1461.76,completed,
BK_9867,US_7267,SH_6263,2025-11-10 21:27:29,2,,613.34,completed,
BK_9868,US_3343,SH_2722,2025-03-16 02:40:18,4,,1565.88,completed,
BK_9869,US_7474,SH_7614,2024-09-22 01:04:13,3,,1312.56,completed,
BK_9870,US_7396,SH_3500,2024-02-18 21:57:29,3,,1496.07,completed,
BK_9871,US_625,SH_4531,2025-07-11 13:32:55,3,,891.6600000000001,completed,
BK_9872,US_6655,SH_2232,2025-11-02 18:13:33,4,,1291.8,completed,
BK_9873,US_8128,SH_5510,2024-07-23 14:24:46,2,,435.64,completed,
BK_9874,US_6134,SH_7813,2024-09-29 20:53:30,1,,346.9,completed,
BK_9875,US_9219,SH_3490,2024-11-04 14:05:05,2,,581.96,completed,
BK_9876,US_3943,SH_3677,2024-05-22 19:32:57,4,,1062.04,completed,
BK_9877,US_782,SH_9804,2024-12-21 16:29:30,1,,267.7,completed,
BK_9878,US_1094,SH_8463,2024-06-26 17:55:34,1,,223.81,completed,
BK_9880,US_2450,SH_5386,2024-12-25 19:51:16,1,,380.28,completed,
BK_9881,US_7564,SH_2836,2024-04-07 01:31:41,1,,433.64,completed,
BK_9882,US_1656,SH_719,2024-02-08 19:11:49,3,,1049.4,completed,
BK_9883,US_6145,SH_7794,2024-10-30 02:01:01,2,,487.14,completed,
BK_9884,US_903,SH_9132,2025-04-21 16:26:49,3,,1266.66,completed,
BK_9885,US_4383,SH_5814,2025-03-15 02:37:43,1,,398.5,completed,
BK_9887,US_9700,SH_6653,2025-02-16 18:32:54,1,,160.65,completed,
BK_9889,US_3047,SH_9618,2024-01-20 17:25:25,3,,833.64,completed,
BK_9890,US_6535,SH_3713,2024-02-15 20:14:31,3,,623.49,completed,
BK_9891,US_2865,SH_1940,2025-06-22 21:53:51,1,,237.49,completed,
BK_9892,US_2798,SH_1669,2025-02-01 10:56:50,4,,1448.4,completed,
BK_9893,US_3061,SH_7985,2025-06-30 23:19:18,2,,618.62,completed,
BK_9894,US_4896,SH_6690,2024-12-20 02:00:53,3,,1261.83,completed,
BK_9895,US_5201,SH_3015,2024-04-14 11:44:06,3,,735.9300000000001,completed,
BK_9897,US_7911,SH_8022,2025-02-21 22:16:05,1,,0.0,refunded,
BK_9898,US_9710,SH_4024,2024-04-26 20:55:03,4,,1213.28,completed,
BK_9899,US_8309,SH_6451,2024-05-22 20:43:45,2,,334.06,completed,
BK_9900,US_8080,SH_6154,2024-01-21 12:53:00,2,,914.22,completed,
BK_9901,US_3885,SH_6191,2025-01-22 09:31:45,3,,820.53,completed,
BK_9902,US_5398,SH_3494,2025-03-06 19:54:21,1,,440.94,completed,
BK_9903,US_2058,SH_84,2025-06-11 11:07:22,2,,732.26,completed,
BK_9904,US_8069,SH_4474,2025-03-27 03:12:54,3,,567.03,completed,
BK_9905,US_2019,SH_4158,2025-08-22 05:29:32,1,,162.88,completed,
BK_9907,US_9172,SH_8591,2025-03-29 11:20:04,1,,262.8,completed,
BK_9910,US_8656,SH_2678,2024-09-03 01:26:05,2,,550.28,completed,
BK_9911,US_6935,SH_62,2025-10-04 08:46:54,3,,1391.58,completed,
BK_9912,US_2131,SH_1699,2025-04-18 19:47:03,4,,1423.48,completed,
BK_9913,US_6108,SH_2481,2024-08-05 08:22:55,2,,525.06,completed,
BK_9914,US_7978,SH_3489,2025-06-24 15:19:15,1,,0.0,failed,
BK_9915,US_6135,SH_4354,2024-09-17 20:13:43,1,,486.03,completed,
BK_9916,US_5490,SH_8553,2025-12-26 04:04:27,4,,1331.44,completed,
BK_9917,US_1425,SH_942,2024-11-12 06:08:38,1,,0.0,failed,
BK_9919,US_9009,SH_6195,2025-10-19 01:35:09,3,,1174.47,completed,
BK_9921,US_5751,SH_5482,2025-11-29 22:18:13,2,,334.26,completed,
BK_9922,US_1729,SH_3933,2024-08-18 19:09:31,3,,483.93,completed,
BK_9923,US_2369,SH_4164,2024-09-04 19:52:17,4,,912.32,completed,
BK_9924,US_8896,SH_5151,2025-01-29 12:06:55,4,,650.52,completed,
BK_9925,US_7309,SH_9657,2024-07-27 03:05:43,4,,0.0,refunded,
BK_9926,US_6169,SH_2165,2025-05-19 23:29:27,3,,666.1800000000001,completed,
BK_9927,US_342,SH_1700,2025-07-31 17:24:00,2,,557.28,completed,
BK_9929,US_9313,SH_8469,2025-06-24 01:35:48,1,,304.44,completed,
BK_9930,US_9857,SH_1006,2025-12-05 20:12:46,1,,446.69,completed,
BK_9931,US_2539,SH_7789,2025-03-01 22:45:04,3,,537.72,completed,
BK_9932,US_6746,SH_9267,2025-09-13 22:37:50,4,,0.0,refunded,
BK_9933,US_1909,SH_4025,2025-01-02 16:24:35,4,,1689.64,completed,
BK_9935,US_2307,SH_1997,2025-07-13 22:24:58,1,,355.81,completed,
BK_9936,US_9724,SH_6996,2024-11-15 05:18:12,4,,1612.8,completed,
BK_9937,US_6582,SH_5579,2025-06-03 14:17:13,1,,476.88,completed,
BK_9938,US_986,SH_9062,2024-07-17 13:58:08,4,,1750.8,completed,
BK_9939,US_9294,SH_1891,2024-05-10 04:29:13,2,,882.98,completed,
BK_9940,US_4844,SH_2653,2025-11-07 12:03:33,1,,362.31,completed,
BK_9941,US_8148,SH_3146,2024-11-18 13:39:05,1,,491.08,completed,
BK_9942,US_4061,SH_585,2025-11-14 09:21:46,4,,768.96,completed,
BK_9943,US_237,SH_7842,2024-07-20 12:58:39,2,,452.3,completed,
BK_9944,US_6476,SH_7433,2025-07-03 02:06:19,1,,361.79,completed,
BK_9945,US_5474,SH_6219,2024-05-07 21:08:25,2,,676.16,completed,
BK_9947,US_474,SH_3454,2025-08-18 19:24:47,3,,1138.6200000000001,completed,
BK_9948,US_1055,SH_6066,2024-09-22 17:08:12,4,,1418.24,completed,
BK_9950,US_9600,SH_6625,2024-09-29 08:30:03,1,,314.22,completed,
BK_9951,US_2025,SH_6961,2024-09-03 06:36:55,1,,421.52,completed,
BK_9952,US_3885,SH_6137,2025-08-14 02:49:39,2,,346.72,completed,
BK_9954,US_1040,SH_7795,2024-12-03 13:38:30,2,,604.38,completed,
BK_9956,US_50,SH_8683,2024-08-02 21:34:44,2,,386.92,completed,
BK_9957,US_4456,SH_3311,2025-03-22 04:20:51,3,,797.58,completed,
BK_9958,US_9799,SH_6814,2025-06-07 21:51:17,4,,1906.36,completed,
BK_9959,US_259,SH_6583,2024-05-27 12:47:44,1,,239.21,completed,
BK_9960,US_8271,SH_4570,2024-10-10 03:48:19,2,,857.72,completed,
BK_9963,US_2039,SH_1055,2025-11-16 01:40:32,3,,0.0,refunded,
BK_9965,US_1129,SH_6682,2024-11-30 11:33:27,2,,827.0,completed,
BK_9966,US_6430,SH_3649,2025-11-02 21:35:52,2,,309.0,completed,
BK_9967,US_521,SH_8120,2025-10-23 02:33:28,1,,222.29,completed,
BK_9969,US_4802,SH_106,2025-01-21 19:31:38,3,,959.01,completed,
BK_9970,US_2799,SH_9868,2024-02-03 21:37:00,2,,325.38,completed,
BK_9971,US_7841,SH_4771,2025-01-12 21:26:44,1,,419.08,completed,
BK_9973,US_7632,SH_8242,2025-08-03 11:28:28,1,,263.36,completed,
BK_9974,US_4744,SH_6600,2025-08-12 05:50:46,2,,534.52,completed,
BK_9975,US_6552,SH_8254,2025-12-24 11:58:58,2,,837.58,completed,
BK_9976,US_6248,SH_391,2024-06-05 19:17:07,3,,0.0,refunded,
BK_9977,US_729,SH_8108,2024-09-27 04:42:45,3,,1326.84,completed,
BK_9978,US_2476,SH_3750,2025-10-04 03:31:39,1,,191.94,completed,
BK_9979,US_2570,SH_2546,2024-06-02 12:50:08,1,,0.0,refunded,
BK_9980,US_1192,SH_8783,2025-11-07 12:34:53,1,,255.59,completed,
BK_9981,US_1756,SH_7336,2025-04-28 21:35:00,3,,975.48,completed,
BK_9983,US_4890,SH_6430,2024-03-25 08:41:50,2,,0.0,refunded,
BK_9984,US_4048,SH_3230,2024-10-06 10:58:45,4,,1552.2,completed,
BK_9985,US_3929,SH_5222,2025-05-31 01:12:45,2,,561.58,completed,
BK_9987,US_4915,SH_1759,2024-01-18 06:27:05,2,,626.12,completed,
BK_9988,US_2238,SH_6884,2025-06-15 04:58:46,2,,494.76,completed,
BK_9989,US_7123,SH_4139,2024-09-14 23:04:28,3,,743.04,completed,
BK_9990,US_9967,SH_6366,2025-04-20 04:17:56,4,,1437.84,completed,
BK_9991,US_365,SH_2390,2024-11-24 12:46:35,1,,341.74,completed,
BK_9993,US_6124,SH_505,2025-12-19 01:03:48,2,,0.0,failed,
BK_9994,US_9134,SH_1785,2025-05-13 01:28:12,4,,1622.64,completed,
BK_9995,US_219,SH_2947,2024-03-01 07:42:33,3,,1166.5500000000002,completed,
BK_9996,US_3712,SH_2752,2025-03-21 22:51:20,1,,0.0,failed,
BK_9998,US_4537,SH_4970,2025-09-06 17:28:53,1,,250.08,completed,
BK_10000,US_5835,SH_1559,2024-03-05 13:33:43,1,,0.0,refunded,
