user_id,name,email,phone_number,dob
US_1,Allison Hill,AllisonHill@gmail.com,8143513964,1978-10-06
US_2,Noah Rhodes,NoahRhodes@gmail.com,7685777775,1984-03-18
US_3,Angie Henderson,AngieHenderson@gmail.com,9661495954,1987-11-19
US_4,Daniel Wagner,DanielWagner@gmail.com,9377763055,1979-08-06
US_5,Cristian Santos,CristianSantos@gmail.com,7287422324,1968-11-01
US_6,Connie Lawrence,ConnieLawrence@gmail.com,8492142186,1989-08-12
US_7,Abigail Shaffer,AbigailShaffer@gmail.com,7948552741,1963-05-25
US_8,Gina Moore,GinaMoore@gmail.com,7580275116,1972-06-16
US_9,Gabrielle Davis,GabrielleDavis@gmail.com,8163948695,1999-01-11
US_10,Ryan Munoz,RyanMunoz@gmail.com,7718714954,1990-05-10
US_11,Monica Herrera,MonicaHerrera@gmail.com,9040149204,1989-02-20
US_12,Jamie Arnold,JamieArnold@gmail.com,8861145575,1959-05-29
US_13,Lisa Hensley,LisaHensley@gmail.com,9159038346,1973-02-05
US_14,Michele Williams,MicheleWilliams@gmail.com,8272820726,1991-06-16
US_15,Dylan Miller,DylanMiller@gmail.com,9450802487,1989-03-14
US_16,Brian Ramirez,BrianRamirez@gmail.com,9341522937,1989-09-03
US_17,Holly Wood,HollyWood@gmail.com,8343549331,1984-10-19
US_18,Derek Zuniga,DerekZuniga@gmail.com,7030838271,1977-12-15
US_19,Lisa Jackson,LisaJackson@gmail.com,7203520686,1965-12-03
US_20,Carla Gray,CarlaGray@gmail.com,9344412985,1967-06-30
US_21,Margaret Hawkins DDS,MargaretHawkins@gmail.com,8024040519,1975-12-05
US_22,Patty Perez,PattyPerez@gmail.com,9762187659,1964-02-18
US_23,Ethan Adams,EthanAdams@gmail.com,8409844631,1970-05-25
US_24,Tommy Walter,TommyWalter@gmail.com,7744507281,1991-09-17
US_25,Matthew Foster,MatthewFoster@gmail.com,9960693453,1990-05-26
US_26,Judy Baker,JudyBaker@gmail.com,8891538252,1959-04-06
US_27,Justin Baker,JustinBaker@gmail.com,9715219661,1958-04-23
US_28,Stephanie Ross,StephanieRoss@gmail.com,8049727987,1965-11-11
US_29,Zachary Hicks,ZacharyHicks@gmail.com,7068569146,1964-03-25
US_30,Anthony Rodriguez,AnthonyRodriguez@gmail.com,8630105047,2000-06-08
US_31,Rebecca Henderson,RebeccaHenderson@gmail.com,7890492777,1971-11-18
US_32,James Ferrell,JamesFerrell@gmail.com,9245275508,1990-11-05
US_33,Tricia Valencia,TriciaValencia@gmail.com,8890010048,1995-10-28
US_34,Nathan Maldonado,NathanMaldonado@gmail.com,7149148618,1980-09-30
US_35,Debra Davidson,DebraDavidson@gmail.com,7477996236,1980-07-11
US_36,Jeffrey Chavez,JeffreyChavez@gmail.com,9077424029,1958-01-05
US_37,Sherri Baker,SherriBaker@gmail.com,9041291791,1996-11-16
US_38,Cassandra Gaines,CassandraGaines@gmail.com,9368483585,1991-04-05
US_39,Elizabeth Fowler,ElizabethFowler@gmail.com,9731692490,1989-04-17
US_40,Brittany Farmer,BrittanyFarmer@gmail.com,8327644045,1964-11-28
US_41,Paula Moreno,PaulaMoreno@gmail.com,9006378474,1964-09-02
US_42,Fred Smith,FredSmith@gmail.com,7367192422,1965-05-04
US_43,Sherry Decker,SherryDecker@gmail.com,8172357099,1990-02-08
US_44,Anthony Humphrey,AnthonyHumphrey@gmail.com,7339868517,1990-10-15
US_45,Angelica Tucker,AngelicaTucker@gmail.com,9756000823,1998-07-26
US_46,Philip Cannon,PhilipCannon@gmail.com,7946308851,1963-10-17
US_47,John Pierce,JohnPierce@gmail.com,7047238755,2006-05-23
US_48,Shane Henderson,ShaneHenderson@gmail.com,9446507274,1985-05-22
US_49,Joshua Blair,JoshuaBlair@gmail.com,8387186491,1969-02-02
US_50,Eric Carney,EricCarney@gmail.com,7448447153,1997-06-29
US_51,Jessica Holmes,JessicaHolmes@gmail.com,7623217463,1954-03-14
US_52,Danny Morgan,DannyMorgan@gmail.com,7951977286,2006-07-21
US_53,Crystal Robinson,CrystalRobinson@gmail.com,9522006754,1961-02-27
US_54,Mark Perez,MarkPerez@gmail.com,9871519258,1972-05-13
US_55,Shannon Jones,ShannonJones@gmail.com,9145163229,2001-11-26
US_56,Michael Lewis,MichaelLewis@gmail.com,7536768892,1983-10-12
US_57,Timothy Duncan,TimothyDuncan@gmail.com,7044883357,1991-10-27
US_58,Richard Aguirre,RichardAguirre@gmail.com,8834197107,1966-12-27
US_59,Brent Jordan,BrentJordan@gmail.com,8716188352,1984-02-17
US_60,John Daniel,JohnDaniel@gmail.com,7488089019,1993-11-13
US_61,Victoria Garcia,VictoriaGarcia@gmail.com,9182727662,1965-01-03
US_62,Gerald Hensley,GeraldHensley@gmail.com,7221075911,1999-11-15
US_63,Connor West,ConnorWest@gmail.com,7345707633,1978-01-06
US_64,Donald Wright,DonaldWright@gmail.com,7707191738,1993-10-01
US_65,Jessica Callahan,JessicaCallahan@gmail.com,9090259462,2005-08-01
US_66,Amber Kidd,AmberKidd@gmail.com,7457446418,1972-04-12
US_67,Tracy House,TracyHouse@gmail.com,9667938608,1992-10-14
US_68,Carol Tucker,CarolTucker@gmail.com,9641034318,1986-09-11
US_69,James Brown,JamesBrown@gmail.com,8389358419,1983-09-07
US_70,William Baker,WilliamBaker@gmail.com,7188398459,1992-04-23
US_71,Jordan Henderson,JordanHenderson@gmail.com,7105817490,1986-07-13
US_72,Whitney Peters,WhitneyPeters@gmail.com,9726752568,2002-04-30
US_73,Brittney Phillips,BrittneyPhillips@gmail.com,7333103452,1967-09-19
US_74,Lauren Daniels,LaurenDaniels@gmail.com,9374832226,1955-09-18
US_75,Amy Silva,AmySilva@gmail.com,9218909654,1995-09-26
US_76,Sarah Moore,SarahMoore@gmail.com,9020572036,1956-09-06
US_77,Angela Lopez,AngelaLopez@gmail.com,7547419432,1994-12-13
US_78,Megan Young,MeganYoung@gmail.com,8086921341,1966-12-30
US_79,Steve Sanchez,SteveSanchez@gmail.com,9888646300,1997-12-16
US_80,Lisa Barnes,LisaBarnes@gmail.com,8221309654,1983-06-13
US_81,Kelly Donovan,KellyDonovan@gmail.com,7237695556,1968-04-07
US_82,Mike Allen,MikeAllen@gmail.com,9509960201,1973-07-28
US_83,Michael Evans,MichaelEvans@gmail.com,8603731001,1962-07-26
US_84,Paul Jones,PaulJones@gmail.com,7809489342,2006-09-15
US_85,Zachary Ferrell,ZacharyFerrell@gmail.com,8013596994,1984-11-14
US_86,Daniel Baker,DanielBaker@gmail.com,7839146190,1988-06-30
US_87,Shirley Suarez,ShirleySuarez@gmail.com,9841532365,1957-07-15
US_88,Christopher Bass,ChristopherBass@gmail.com,7257977685,1985-06-06
US_89,Lisa Archer,LisaArcher@gmail.com,7732906262,1965-11-18
US_90,Aimee Montoya,AimeeMontoya@gmail.com,9300759625,1985-08-13
US_91,Matthew Mcmillan,MatthewMcmillan@gmail.com,9944002925,1991-09-20
US_92,Brian Rodriguez,BrianRodriguez@gmail.com,9820762265,2003-10-12
US_93,Denise Jacobs,DeniseJacobs@gmail.com,8912366616,1955-08-04
US_94,Christina Walters,ChristinaWalters@gmail.com,7056925398,2001-05-04
US_95,John Whitehead,JohnWhitehead@gmail.com,8906494634,1990-07-17
US_96,Anna Henderson,AnnaHenderson@gmail.com,9250726720,1954-07-29
US_97,Aaron Wise,AaronWise@gmail.com,8978133474,1996-10-29
US_98,Deborah Figueroa,DeborahFigueroa@gmail.com,7907308081,1983-11-23
US_99,Jessica Smith,JessicaSmith@gmail.com,9172725584,1963-07-22
US_100,Stephen Mckee,StephenMckee@gmail.com,7684458507,2000-11-02
US_101,Sandra Aguilar,SandraAguilar@gmail.com,8070481556,1995-12-30
US_102,Cameron Parker,CameronParker@gmail.com,9316265549,1954-10-27
US_103,Rebecca Valencia,RebeccaValencia@gmail.com,8181352018,1995-11-16
US_104,Christine Wright,ChristineWright@gmail.com,8932069496,1978-08-02
US_105,Richard Henson,RichardHenson@gmail.com,8383271787,1977-07-22
US_106,Marc Moore,MarcMoore@gmail.com,9824227064,1960-07-20
US_107,Sharon Cherry,SharonCherry@gmail.com,9481506068,1998-05-17
US_108,Sierra Johnson,SierraJohnson@gmail.com,9600463973,1975-10-02
US_109,Evelyn Galvan,EvelynGalvan@gmail.com,7605004911,1987-06-16
US_110,Sharon Cochran,SharonCochran@gmail.com,7339085461,1960-04-07
US_111,Richard Rodriguez,RichardRodriguez@gmail.com,9960616947,2003-01-09
US_112,Shannon Walker,ShannonWalker@gmail.com,9282666040,1969-05-11
US_113,Julia Torres,JuliaTorres@gmail.com,7257327767,2002-06-22
US_114,Crystal Johnson,CrystalJohnson@gmail.com,8933725221,1968-01-21
US_115,Garrett Lin,GarrettLin@gmail.com,8520016898,1967-06-12
US_116,Diana May,DianaMay@gmail.com,8373128029,1969-07-11
US_117,William Herrera,WilliamHerrera@gmail.com,8799250433,1975-04-26
US_118,Ashley Waller,AshleyWaller@gmail.com,7848074333,1995-07-23
US_119,Victor Baker,VictorBaker@gmail.com,9308813679,1997-02-22
US_120,Jeffrey Chandler,JeffreyChandler@gmail.com,8452558195,2005-05-02
US_121,Larry Dixon,LarryDixon@gmail.com,7100902954,1995-04-29
US_122,Kenneth Scott,KennethScott@gmail.com,8051044295,1987-02-19
US_123,April Frost,AprilFrost@gmail.com,8605906508,2000-04-10
US_124,Michelle Harmon,MichelleHarmon@gmail.com,7688250930,1963-07-12
US_125,Helen Jones,HelenJones@gmail.com,8953853673,2000-04-03
US_126,Erin Edwards,ErinEdwards@gmail.com,7945066762,1986-03-17
US_127,Michelle Evans,MichelleEvans@gmail.com,9055406406,1974-10-18
US_128,Jason Powell,JasonPowell@gmail.com,8876437154,2002-08-20
US_129,Cameron Fisher,CameronFisher@gmail.com,8440579557,1961-12-01
US_130,Megan Orr,MeganOrr@gmail.com,8880647148,1992-08-28
US_131,Elizabeth Kelley,ElizabethKelley@gmail.com,8363759313,1976-11-26
US_132,Dustin Jordan,DustinJordan@gmail.com,7367190962,1965-06-11
US_133,Mary Marshall,MaryMarshall@gmail.com,7944067585,1967-12-25
US_134,Daniel Kennedy,DanielKennedy@gmail.com,7660569522,1997-06-03
US_135,Rebecca Jackson,RebeccaJackson@gmail.com,8343953609,1987-05-30
US_136,Jose Schultz,JoseSchultz@gmail.com,9481501007,1959-10-09
US_137,Robert Potter,RobertPotter@gmail.com,8355765144,1991-03-02
US_138,Courtney Gonzalez,CourtneyGonzalez@gmail.com,9363545878,1963-05-26
US_139,David Alvarez,DavidAlvarez@gmail.com,7322282888,1968-11-25
US_140,Angel Perry,AngelPerry@gmail.com,8269845160,1967-04-22
US_141,Cheyenne Horton,CheyenneHorton@gmail.com,8217025823,1958-04-08
US_142,David Douglas Jr.,DavidDouglas@gmail.com,8305571057,1972-09-10
US_143,Patricia Rodriguez,PatriciaRodriguez@gmail.com,7653987335,2002-10-16
US_144,Christopher Rubio,ChristopherRubio@gmail.com,8589076283,1963-06-15
US_145,Amber Wright,AmberWright@gmail.com,7696496691,1981-02-12
US_146,Joyce Solis,JoyceSolis@gmail.com,7804177279,1956-12-10
US_147,Victoria Larson,VictoriaLarson@gmail.com,7518171506,1993-10-24
US_148,Stephanie Salazar,StephanieSalazar@gmail.com,8308773531,1967-02-19
US_149,Kathy Rivas,KathyRivas@gmail.com,8943810045,1966-04-09
US_150,Stephanie Manning,StephanieManning@gmail.com,7304417368,1964-04-28
US_151,David Wright,DavidWright@gmail.com,8314509808,1959-03-03
US_152,Pamela Boyd,PamelaBoyd@gmail.com,9320637818,1965-02-10
US_153,Denise Jones,DeniseJones@gmail.com,8471338017,2000-11-08
US_154,Devon Flores,DevonFlores@gmail.com,7056948114,1991-02-27
US_155,Brenda Hall,BrendaHall@gmail.com,7589464777,1984-08-10
US_156,Michelle Brown,MichelleBrown@gmail.com,9653657768,1961-04-20
US_157,Joshua Perry,JoshuaPerry@gmail.com,7800158191,1974-05-15
US_158,Jason Stein,JasonStein@gmail.com,8492561699,1958-06-01
US_159,Melissa Gates,MelissaGates@gmail.com,7103569440,1962-04-22
US_160,Jamie Smith,JamieSmith@gmail.com,8160208496,1999-01-12
US_161,Paul Castaneda,PaulCastaneda@gmail.com,9443508807,1962-04-21
US_162,Jennifer Adkins,JenniferAdkins@gmail.com,7420420484,1969-12-01
US_163,Lindsey Walker,LindseyWalker@gmail.com,8840006913,1962-03-31
US_164,Jeffrey Johnson,JeffreyJohnson@gmail.com,7929235178,1989-05-24
US_165,Michael Powell,MichaelPowell@gmail.com,7221383171,1983-06-07
US_166,John Anderson,JohnAnderson@gmail.com,7488099986,1990-10-05
US_167,Alyssa Long,AlyssaLong@gmail.com,7374486988,1964-06-17
US_168,Alyssa Day,AlyssaDay@gmail.com,9785716590,1986-12-04
US_169,Joel Williams,JoelWilliams@gmail.com,8012754048,1973-04-19
US_170,Daniel Murphy,DanielMurphy@gmail.com,8263107420,1992-01-04
US_171,Jamie Walton,JamieWalton@gmail.com,8001025834,2006-08-05
US_172,Darlene Miller,DarleneMiller@gmail.com,7841958320,1987-06-03
US_173,Joshua Cooke,JoshuaCooke@gmail.com,8734035103,1977-02-15
US_174,Matthew Harrington,MatthewHarrington@gmail.com,7830905318,1983-06-22
US_175,Nicole Herring,NicoleHerring@gmail.com,8097130483,2000-05-19
US_176,Alex Hernandez,AlexHernandez@gmail.com,8378357561,1974-12-30
US_177,Michael Elliott,MichaelElliott@gmail.com,7756295908,1995-04-22
US_178,Michael Wang,MichaelWang@gmail.com,9066844293,1955-08-27
US_179,Lawrence Adkins,LawrenceAdkins@gmail.com,8619918981,1985-06-27
US_180,Robert Oconnell,RobertOconnell@gmail.com,7825379467,1978-07-31
US_181,Alexander Collins,AlexanderCollins@gmail.com,9037349842,1965-11-05
US_182,Tina Sanders,TinaSanders@gmail.com,7970089819,1963-07-13
US_183,Angela Vaughn,AngelaVaughn@gmail.com,7614029755,1991-10-03
US_184,Ashley Barton,AshleyBarton@gmail.com,9807030045,1998-04-28
US_185,Lindsay Martinez,LindsayMartinez@gmail.com,9601764945,1983-02-25
US_186,Dr. Hannah Patterson,PattersonHannah@gmail.com,7313121149,1959-10-01
US_187,Jonathan Peterson,JonathanPeterson@gmail.com,9336341486,1995-06-18
US_188,Samantha Garcia,SamanthaGarcia@gmail.com,8489995235,1995-12-17
US_189,Madison Poole,MadisonPoole@gmail.com,7881304378,2000-03-01
US_190,Jessica Gross,JessicaGross@gmail.com,8938019429,1990-09-22
US_191,Debra Morton,DebraMorton@gmail.com,8894624684,1976-09-30
US_192,Karen Graham,KarenGraham@gmail.com,9616709738,1996-10-22
US_193,Debra Christian,DebraChristian@gmail.com,7066926621,2004-09-14
US_194,Angelica Keith,AngelicaKeith@gmail.com,7757125778,1993-07-21
US_195,John Bishop,JohnBishop@gmail.com,8922748563,1992-09-25
US_196,Allen Rosales,AllenRosales@gmail.com,9712699770,1984-01-15
US_197,Daniel Salinas,DanielSalinas@gmail.com,7469653628,1990-06-12
US_198,Spencer Haynes,SpencerHaynes@gmail.com,7595374945,1961-09-21
US_199,Adam Vaughan,AdamVaughan@gmail.com,8421528025,1979-08-15
US_200,Nathan Freeman,NathanFreeman@gmail.com,8690946763,1958-10-13
US_201,Melissa Brewer,MelissaBrewer@gmail.com,8483784989,1971-08-18
US_202,Ricky Davis II,RickyDavis@gmail.com,9195210968,1956-07-31
US_203,Elizabeth Perkins,ElizabethPerkins@gmail.com,7956631968,1987-04-22
US_204,Joseph Coleman,JosephColeman@gmail.com,8943774288,1997-04-21
US_205,Erin Warner,ErinWarner@gmail.com,7587391539,1984-06-07
US_206,David Martinez,DavidMartinez@gmail.com,9557394802,1971-04-22
US_207,Bryan Herrera,BryanHerrera@gmail.com,7998802606,1957-07-24
US_208,Cathy Robinson,CathyRobinson@gmail.com,9210345837,1980-06-18
US_209,Dr. William Warren,WarrenWilliam@gmail.com,9470553063,1989-09-16
US_210,Brian Lee,BrianLee@gmail.com,8801153509,1988-02-05
US_211,Christopher Smith,ChristopherSmith@gmail.com,9981074178,1973-09-09
US_212,Denise Mccann,DeniseMccann@gmail.com,7910175462,1999-02-17
US_213,Melissa Martinez,MelissaMartinez@gmail.com,9943753368,1960-08-31
US_214,Katherine Salas,KatherineSalas@gmail.com,8409873570,1983-12-23
US_215,Julie Alexander,JulieAlexander@gmail.com,9194797570,1959-06-09
US_216,Anthony Everett,AnthonyEverett@gmail.com,7638851316,1956-08-28
US_217,Rodney Morales,RodneyMorales@gmail.com,7507597799,1990-05-09
US_218,Mark Brown,MarkBrown@gmail.com,9494881521,1968-05-24
US_219,Justin Torres,JustinTorres@gmail.com,9119412029,1979-01-09
US_220,Bailey Duran DDS,BaileyDuran@gmail.com,8722091494,1985-09-16
US_221,Courtney Mills,CourtneyMills@gmail.com,8491944014,1971-05-22
US_222,Jeremy Dalton,JeremyDalton@gmail.com,8007599384,2001-01-09
US_223,Elizabeth Oliver DDS,ElizabethOliver@gmail.com,9335184384,1954-04-30
US_224,Theresa Clark,TheresaClark@gmail.com,8169438550,1964-02-27
US_225,Matthew Moore,MatthewMoore@gmail.com,9167467630,1981-05-23
US_226,Benjamin Smith,BenjaminSmith@gmail.com,9929063899,1962-01-13
US_227,Kirk Carter,KirkCarter@gmail.com,7672528841,1984-04-20
US_228,Michael Warner,MichaelWarner@gmail.com,9451255569,1969-03-24
US_229,Michael Bradshaw,MichaelBradshaw@gmail.com,9406942357,2005-05-25
US_230,Lori Guerrero,LoriGuerrero@gmail.com,7026483592,1972-05-15
US_231,Jessica Stephens,JessicaStephens@gmail.com,8195162901,1971-04-14
US_232,Susan Serrano,SusanSerrano@gmail.com,7079304324,2002-01-22
US_233,Christopher Parker,ChristopherParker@gmail.com,8551025146,1957-03-03
US_234,Laura Roberts,LauraRoberts@gmail.com,7121351699,1969-07-17
US_235,Michael Lyons,MichaelLyons@gmail.com,9012599765,1959-12-16
US_236,Kathryn Snyder,KathrynSnyder@gmail.com,9136637708,2002-04-12
US_237,Andrew Reynolds,AndrewReynolds@gmail.com,9688641203,1959-08-28
US_238,David Davis,DavidDavis@gmail.com,8830305904,1963-02-24
US_239,Sara Johnston,SaraJohnston@gmail.com,7800992016,1959-09-16
US_240,Yvonne Chambers,YvonneChambers@gmail.com,7471204164,1977-10-27
US_241,Andrew Avila,AndrewAvila@gmail.com,9079865217,1970-10-13
US_242,Matthew Moon,MatthewMoon@gmail.com,7647659486,1976-09-04
US_243,Kevin Walters,KevinWalters@gmail.com,9303133506,1995-12-11
US_244,Brandon Bailey MD,BrandonBailey@gmail.com,8536695832,1977-08-07
US_245,Shannon Rivera,ShannonRivera@gmail.com,7378359419,1991-11-02
US_246,Donna Landry,DonnaLandry@gmail.com,7732064987,1985-12-06
US_247,Krista Gibson,KristaGibson@gmail.com,7876621233,1971-08-10
US_248,Frank Cordova,FrankCordova@gmail.com,7456972120,2004-07-09
US_249,Jose Travis,JoseTravis@gmail.com,8818469347,1958-11-17
US_250,Kimberly Gutierrez,KimberlyGutierrez@gmail.com,7123893112,1988-11-09
US_251,Isaiah Avila,IsaiahAvila@gmail.com,9405136143,1965-08-23
US_252,Olivia Harris,OliviaHarris@gmail.com,8186140067,1996-01-27
US_253,Tanya Kim,TanyaKim@gmail.com,9055798123,2001-08-21
US_254,Barbara Dudley,BarbaraDudley@gmail.com,7118283086,1990-06-15
US_255,Cynthia Moore,CynthiaMoore@gmail.com,8471730917,1977-01-28
US_256,Kristen Davis,KristenDavis@gmail.com,8960396647,1982-04-23
US_257,Susan Murray MD,SusanMurray@gmail.com,7294907277,1981-05-22
US_258,Kathleen Moran,KathleenMoran@gmail.com,7195520016,1964-02-15
US_259,Denise Davenport,DeniseDavenport@gmail.com,7577378856,1995-11-16
US_260,Mrs. Kristen Reyes,Mrs.Kristen@gmail.com,7163846397,1959-01-19
US_261,Katie Suarez,KatieSuarez@gmail.com,8593960791,1978-04-29
US_262,Desiree Tyler,DesireeTyler@gmail.com,8550696933,1957-05-12
US_263,Timothy Romero,TimothyRomero@gmail.com,9408974079,1993-07-05
US_264,Diane Evans,DianeEvans@gmail.com,8199716307,1966-02-28
US_265,Yvonne Burns,YvonneBurns@gmail.com,8475432276,2002-03-16
US_266,Joshua Reed,JoshuaReed@gmail.com,8611271752,1980-11-23
US_267,Kimberly Gibson,KimberlyGibson@gmail.com,7883393161,1986-04-02
US_268,Colin Terry,ColinTerry@gmail.com,7118269782,1958-11-19
US_269,Cynthia Rowe,CynthiaRowe@gmail.com,7288922726,1956-02-11
US_270,Patrick Thornton,PatrickThornton@gmail.com,8442083897,1973-06-29
US_271,Jasmin Alvarado,JasminAlvarado@gmail.com,9557069128,1975-05-03
US_272,Veronica Simpson,VeronicaSimpson@gmail.com,7396353412,1991-08-21
US_273,Jonathan Lawrence,JonathanLawrence@gmail.com,9922776535,1977-07-22
US_274,Shelly Alexander,ShellyAlexander@gmail.com,9025140167,1993-05-15
US_275,Joyce Bowen,JoyceBowen@gmail.com,8974157158,1999-11-06
US_277,Wayne Morgan,WayneMorgan@gmail.com,8050895469,1999-03-13
US_278,Marie Christian,MarieChristian@gmail.com,9643804542,2003-09-20
US_279,Shannon James,ShannonJames@gmail.com,8363911698,1974-01-28
US_280,Nathan Malone,NathanMalone@gmail.com,8371499569,1964-10-30
US_281,Amanda Jones,AmandaJones@gmail.com,7765598161,1966-11-04
US_282,Tammie Bright,TammieBright@gmail.com,8445810430,1965-09-07
US_283,Jessica Garcia,JessicaGarcia@gmail.com,7136590871,2006-06-04
US_284,Shelia Wallace,SheliaWallace@gmail.com,9778583867,1977-07-09
US_285,Stephanie Williams,StephanieWilliams@gmail.com,9132826197,1985-11-15
US_286,Elaine Brooks,ElaineBrooks@gmail.com,7882807026,1962-10-31
US_287,Joseph Knight,JosephKnight@gmail.com,8073591902,1968-10-06
US_288,Carolyn Miller,CarolynMiller@gmail.com,7997479784,2007-01-26
US_289,Lisa Allen,LisaAllen@gmail.com,8965701211,1962-12-28
US_290,Briana Murray,BrianaMurray@gmail.com,9184729176,2004-03-18
US_291,David Smith,DavidSmith@gmail.com,8089445169,1993-11-26
US_292,Stephanie Byrd,StephanieByrd@gmail.com,8330640846,1954-04-05
US_293,Jeremy Reed,JeremyReed@gmail.com,8431008873,1983-07-09
US_294,Margaret Coleman,MargaretColeman@gmail.com,9281881854,1990-10-14
US_295,Ryan Gonzalez,RyanGonzalez@gmail.com,7789372717,1959-09-13
US_296,John Young,JohnYoung@gmail.com,8179015130,1997-07-23
US_297,Laura Haney,LauraHaney@gmail.com,9333890362,1955-11-17
US_298,William Barrett,WilliamBarrett@gmail.com,9003203804,1989-09-08
US_299,Keith Jennings,KeithJennings@gmail.com,8221252826,1974-08-04
US_300,Amber Obrien,AmberObrien@gmail.com,9787562799,1972-03-22
US_301,Tanner Mitchell DDS,TannerMitchell@gmail.com,8105183229,1967-10-11
US_302,Heather Fields,HeatherFields@gmail.com,9062185100,2005-10-16
US_303,Megan Le,MeganLe@gmail.com,9681256985,1996-12-19
US_304,Sara Fuller,SaraFuller@gmail.com,7027886000,1996-05-24
US_305,Maria Parker,MariaParker@gmail.com,9921933525,1989-05-11
US_306,Kevin Oconnor,KevinOconnor@gmail.com,9810464714,1970-11-20
US_307,Edward Burgess,EdwardBurgess@gmail.com,9815097300,1980-11-08
US_308,Carlos Ryan,CarlosRyan@gmail.com,8142904871,1965-07-02
US_309,Kiara Mcintyre,KiaraMcintyre@gmail.com,7557701519,1970-09-20
US_310,Dawn Summers,DawnSummers@gmail.com,9922405796,1986-09-27
US_311,Dr. Paul Morgan,Dr.Paul@gmail.com,7446587452,2002-08-13
US_312,Victor Taylor,VictorTaylor@gmail.com,7405798765,1970-03-21
US_313,Shannon Ramsey,ShannonRamsey@gmail.com,7378611027,1969-06-17
US_314,Tracy Ballard,TracyBallard@gmail.com,9024429921,2003-11-19
US_315,Richard Smith,RichardSmith@gmail.com,9730521778,1998-03-02
US_316,Jordan Chambers,JordanChambers@gmail.com,7733912282,1962-06-05
US_317,Lauren Carson,LaurenCarson@gmail.com,7695180405,1987-09-04
US_318,Ashley Hall,AshleyHall@gmail.com,8938570853,1977-11-18
US_319,Stephen Hoffman,StephenHoffman@gmail.com,8337725577,1973-03-22
US_320,Connie Brown,ConnieBrown@gmail.com,7244112668,1988-05-01
US_321,Susan Turner,SusanTurner@gmail.com,7581216037,1996-05-06
US_322,Charles Shah,CharlesShah@gmail.com,9867031037,2000-08-26
US_323,Johnathan Davis,JohnathanDavis@gmail.com,7574680180,1978-06-12
US_324,Brandy Chavez,BrandyChavez@gmail.com,8965010039,1959-04-07
US_325,Natalie Bautista,NatalieBautista@gmail.com,8090357195,1994-09-17
US_326,Patrick Moore,PatrickMoore@gmail.com,7342484871,1979-09-28
US_327,Brett Burns,BrettBurns@gmail.com,9311661415,1971-04-10
US_328,Trevor Johnson,TrevorJohnson@gmail.com,9941623422,1961-02-04
US_329,Jeremy Sampson,JeremySampson@gmail.com,7484140842,1961-06-21
US_330,Ariana Jennings,ArianaJennings@gmail.com,7013448197,2000-02-14
US_331,Vanessa Howard,VanessaHoward@gmail.com,7951530227,1976-08-20
US_332,Colton Martinez,ColtonMartinez@gmail.com,7765503109,1963-09-26
US_333,Jordan Bates,JordanBates@gmail.com,9707215847,1962-10-06
US_334,Linda Smith,LindaSmith@gmail.com,8284225757,1979-09-08
US_335,Dana Martinez,DanaMartinez@gmail.com,9428806716,1968-10-15
US_336,Andrea Hubbard,AndreaHubbard@gmail.com,7816089914,1981-03-13
US_337,Daniel Kane,DanielKane@gmail.com,8413573732,1985-12-22
US_338,Charles Lester,CharlesLester@gmail.com,9059319052,1961-01-09
US_339,Scott Thomas,ScottThomas@gmail.com,7681751760,1969-03-27
US_340,David Thompson,DavidThompson@gmail.com,9604935042,1991-04-30
US_341,Allison Smith,AllisonSmith@gmail.com,8606237232,1977-05-09
US_342,Cynthia Morris,CynthiaMorris@gmail.com,8102170263,1955-05-06
US_343,Anthony Harmon,AnthonyHarmon@gmail.com,8356872893,1977-04-04
US_344,Nichole Alvarez,NicholeAlvarez@gmail.com,7271062499,2004-03-22
US_345,Kayla Rodriguez,KaylaRodriguez@gmail.com,7577670030,1999-06-06
US_346,Theresa Williams,TheresaWilliams@gmail.com,9660461914,1985-06-05
US_347,Sharon Boyd,SharonBoyd@gmail.com,8547673320,1973-12-03
US_348,Victor Brown,VictorBrown@gmail.com,8317705039,2003-10-22
US_349,James Parks,JamesParks@gmail.com,7394999076,1963-10-03
US_350,Theodore Jones Jr.,TheodoreJones@gmail.com,8464194687,1988-04-29
US_351,Ana Hill,AnaHill@gmail.com,9681335163,1978-05-31
US_352,Kimberly Nguyen,KimberlyNguyen@gmail.com,8299962988,1971-01-30
US_353,Kerry Chavez DDS,KerryChavez@gmail.com,9374095306,1995-06-26
US_354,Michael Farrell,MichaelFarrell@gmail.com,8301552449,1989-12-26
US_355,Patricia Le,PatriciaLe@gmail.com,9016386717,1977-03-27
US_356,Jesse Perez,JessePerez@gmail.com,7688984182,1982-05-18
US_357,Jesse Perry,JessePerry@gmail.com,9423367698,1984-01-01
US_358,Jeffery Ortega,JefferyOrtega@gmail.com,9206068454,1979-07-03
US_359,Christian Leblanc,ChristianLeblanc@gmail.com,8556609633,1986-01-05
US_360,Ronald Davis,RonaldDavis@gmail.com,8937544402,2005-11-28
US_361,Parker Cain,ParkerCain@gmail.com,9121721979,1962-03-14
US_362,Laurie Hoffman,LaurieHoffman@gmail.com,9300376980,1965-10-01
US_363,Bryan Gomez,BryanGomez@gmail.com,9083516830,1973-06-16
US_364,Nicole Parrish,NicoleParrish@gmail.com,9585479306,2004-04-14
US_365,Tracy Burke,TracyBurke@gmail.com,9444218993,2004-09-21
US_366,Kenneth Lewis,KennethLewis@gmail.com,9820136891,1954-09-07
US_367,Courtney Rodriguez,CourtneyRodriguez@gmail.com,7262065463,1983-04-16
US_368,Holly Farmer,HollyFarmer@gmail.com,8265072763,1968-03-17
US_369,Renee Bruce,ReneeBruce@gmail.com,7475645124,1979-03-12
US_370,Sabrina Austin,SabrinaAustin@gmail.com,7436511854,1987-07-22
US_371,Allison Hickman,AllisonHickman@gmail.com,8894263840,1970-07-09
US_372,Debra White,DebraWhite@gmail.com,9033479856,1956-01-03
US_373,Ellen Morgan,EllenMorgan@gmail.com,8764893715,1974-11-02
US_374,Sergio Knight,SergioKnight@gmail.com,9927602143,1961-08-28
US_375,Charles Schultz,CharlesSchultz@gmail.com,9853632040,1954-05-11
US_376,Paul Lewis,PaulLewis@gmail.com,9027991451,1993-08-06
US_377,Glen Wood,GlenWood@gmail.com,7158857367,1971-04-30
US_378,Paula Bradley,PaulaBradley@gmail.com,8407340245,1975-02-25
US_379,Anthony Moore,AnthonyMoore@gmail.com,8597626960,1983-12-07
US_380,Megan Nelson,MeganNelson@gmail.com,9301734352,1986-08-23
US_381,Karla Ramos,KarlaRamos@gmail.com,8281117276,1969-01-01
US_382,Paul Wilson,PaulWilson@gmail.com,7365328525,1991-01-19
US_383,Douglas Gregory,DouglasGregory@gmail.com,7307742077,1965-02-24
US_384,Mr. Andrew Foster,Mr.Andrew@gmail.com,8759285881,1967-12-05
US_385,Aimee Turner,AimeeTurner@gmail.com,7486505998,1994-09-12
US_386,Chad Scott,ChadScott@gmail.com,7434814371,2001-10-07
US_387,Adam Burgess,AdamBurgess@gmail.com,7631715867,1998-02-14
US_388,James Padilla,JamesPadilla@gmail.com,8221347144,1997-09-15
US_389,Sandra Drake,SandraDrake@gmail.com,9272174367,1989-11-19
US_390,Scott Williams,ScottWilliams@gmail.com,7418312205,2004-04-17
US_391,Thomas Atkins,ThomasAtkins@gmail.com,9390449310,1989-09-10
US_392,Laura Mckinney,LauraMckinney@gmail.com,9325036242,1980-11-20
US_393,Brian Smith,BrianSmith@gmail.com,9487785408,1954-10-05
US_394,Robert Montgomery,RobertMontgomery@gmail.com,8085649734,1960-03-03
US_395,Tamara Davis,TamaraDavis@gmail.com,9126870747,1996-01-03
US_396,Dana Chapman,DanaChapman@gmail.com,8873094072,1970-06-10
US_397,Jennifer Collins,JenniferCollins@gmail.com,9845791722,1975-09-16
US_398,Gary Jackson,GaryJackson@gmail.com,7063792023,1965-03-19
US_399,Ashley Hicks,AshleyHicks@gmail.com,8202453691,1977-07-21
US_400,Hannah Luna,HannahLuna@gmail.com,7839006483,1966-12-15
US_401,Robin Young,RobinYoung@gmail.com,8848927304,1994-10-05
US_402,Craig Morrison,CraigMorrison@gmail.com,8421015566,2001-10-19
US_403,Mary Thompson,MaryThompson@gmail.com,8295692955,1992-08-20
US_404,Kathleen Webster,KathleenWebster@gmail.com,9493691395,1977-04-28
US_405,Joann Glass,JoannGlass@gmail.com,9070538401,1982-04-15
US_406,Madison Weber,MadisonWeber@gmail.com,8323104716,1969-02-14
US_407,Lori Hernandez,LoriHernandez@gmail.com,9639990055,1968-02-21
US_408,Jeremy Turner,JeremyTurner@gmail.com,9817892291,1994-05-12
US_409,Anthony Romero,AnthonyRomero@gmail.com,8179227517,2003-11-08
US_410,Jesse Brown,JesseBrown@gmail.com,9882229929,1980-12-21
US_411,Angela Lin,AngelaLin@gmail.com,9982707416,1958-01-20
US_412,Lisa Hunter,LisaHunter@gmail.com,9916198296,1995-12-12
US_413,Julian Conner,JulianConner@gmail.com,7363727214,1962-04-16
US_414,Joanna Pacheco,JoannaPacheco@gmail.com,7172964311,2004-09-23
US_415,Erica Alvarez,EricaAlvarez@gmail.com,9615291433,1999-10-20
US_416,Antonio Garcia,AntonioGarcia@gmail.com,8759669199,1972-04-11
US_417,Gwendolyn Klein,GwendolynKlein@gmail.com,9114261014,1964-07-08
US_418,Carrie Wright,CarrieWright@gmail.com,7661290493,1970-03-17
US_419,Jeffrey Mills,JeffreyMills@gmail.com,9085417582,1971-01-10
US_420,Jake Campbell,JakeCampbell@gmail.com,9956561785,1999-01-07
US_421,George Harper,GeorgeHarper@gmail.com,9467009332,1966-06-02
US_422,Maria Jones,MariaJones@gmail.com,9406012290,1969-08-04
US_423,Michael Mitchell,MichaelMitchell@gmail.com,8379414125,1983-11-24
US_424,Mary Escobar,MaryEscobar@gmail.com,9537858277,1998-06-10
US_425,Felicia Aguilar,FeliciaAguilar@gmail.com,8736724905,1965-10-20
US_426,Gregory Ponce,GregoryPonce@gmail.com,8942744021,1959-05-06
US_427,Jenna Larson,JennaLarson@gmail.com,9529083228,1977-09-17
US_428,Emily Bennett,EmilyBennett@gmail.com,9520966354,1992-07-01
US_429,Robin Santiago,RobinSantiago@gmail.com,8808178533,1960-12-17
US_430,Nancy Jennings,NancyJennings@gmail.com,9828174862,1980-07-23
US_431,Maria Henderson,MariaHenderson@gmail.com,7371282328,1981-12-27
US_432,Jack White,JackWhite@gmail.com,8251669850,1994-08-08
US_433,Travis Tucker,TravisTucker@gmail.com,7991622068,1982-09-03
US_434,Chad Jones,ChadJones@gmail.com,9655910572,2006-08-24
US_435,Ashley Wise,AshleyWise@gmail.com,7349259311,1965-02-26
US_436,Sophia Johnson,SophiaJohnson@gmail.com,9660883248,2001-04-29
US_437,Ralph Anderson,RalphAnderson@gmail.com,8995526854,1954-10-05
US_438,Christopher Guerra,ChristopherGuerra@gmail.com,8874910149,1989-12-23
US_439,Rhonda Martin,RhondaMartin@gmail.com,7847959791,1997-09-09
US_440,Jason Rhodes,JasonRhodes@gmail.com,8037897181,1959-04-12
US_441,Jeremy Mitchell,JeremyMitchell@gmail.com,9743182337,1962-08-07
US_442,Joann Ferguson,JoannFerguson@gmail.com,8411212413,2002-06-30
US_443,Robert Harrison,RobertHarrison@gmail.com,9272411237,1970-10-22
US_444,Holly Valentine,HollyValentine@gmail.com,9570344703,1976-07-26
US_445,Mrs. Diane Reyes,Mrs.Diane@gmail.com,8507046448,1982-04-04
US_446,Tracy Montoya,TracyMontoya@gmail.com,7642071540,1962-04-16
US_447,Brenda Wright,BrendaWright@gmail.com,8940132565,2007-02-14
US_448,Shelly Spencer,ShellySpencer@gmail.com,8498886013,2006-02-12
US_449,Ryan Rosales,RyanRosales@gmail.com,9543438534,1955-04-06
US_450,Phillip Nelson,PhillipNelson@gmail.com,9905469726,1969-01-20
US_451,Brittany Kim,BrittanyKim@gmail.com,8406017591,1987-06-02
US_452,Courtney Hayes,CourtneyHayes@gmail.com,8900315047,1955-12-01
US_453,Alexander Brown,AlexanderBrown@gmail.com,7273212770,1999-09-28
US_454,Cynthia Vang,CynthiaVang@gmail.com,7506517991,1960-12-31
US_455,Alfred Galvan,AlfredGalvan@gmail.com,9167398598,1963-09-03
US_456,Marie Moody,MarieMoody@gmail.com,7641696350,1967-01-18
US_457,Dustin Gallegos,DustinGallegos@gmail.com,9602122166,1990-05-27
US_458,Brenda Thornton,BrendaThornton@gmail.com,7554754695,1983-11-19
US_459,Aaron Miller,AaronMiller@gmail.com,9608273351,1991-07-22
US_460,Ruben Dunn,RubenDunn@gmail.com,9342437325,1996-01-16
US_461,Kelsey Rodriguez,KelseyRodriguez@gmail.com,7298719202,1961-12-24
US_462,Eric Williams,EricWilliams@gmail.com,7401827223,2001-12-17
US_463,Riley Bryant,RileyBryant@gmail.com,8674141842,1983-03-22
US_464,Taylor Carlson,TaylorCarlson@gmail.com,7548707180,1984-07-09
US_465,Jose Allen,JoseAllen@gmail.com,9019835187,1965-03-03
US_466,Jeffrey Mendez,JeffreyMendez@gmail.com,9942613418,1970-05-23
US_467,Jason Beck,JasonBeck@gmail.com,9000227884,2006-08-18
US_468,William Jones,WilliamJones@gmail.com,7590080372,1959-08-22
US_469,Katie Mcneil,KatieMcneil@gmail.com,9862106459,1956-11-15
US_470,Jeanette Harrison,JeanetteHarrison@gmail.com,9510699775,1970-02-07
US_471,Veronica King,VeronicaKing@gmail.com,8623876148,1992-03-12
US_472,Richard Cooper,RichardCooper@gmail.com,9656607166,1976-08-24
US_473,Lori Ingram,LoriIngram@gmail.com,8350445683,1972-09-23
US_474,Evelyn Williams,EvelynWilliams@gmail.com,9568072270,1968-04-25
US_475,Robin Thompson,RobinThompson@gmail.com,9780033025,1966-06-09
US_476,Julie Dominguez,JulieDominguez@gmail.com,9020628005,1976-02-28
US_477,Robin Brown,RobinBrown@gmail.com,7957177409,1996-12-07
US_478,Judith Carter,JudithCarter@gmail.com,9764680225,2001-12-02
US_479,Curtis Williams,CurtisWilliams@gmail.com,7237966694,1956-03-25
US_480,Kaylee Hays,KayleeHays@gmail.com,9657727575,2002-10-10
US_481,Dawn Mullins,DawnMullins@gmail.com,9042424312,1969-03-11
US_482,Howard Norman,HowardNorman@gmail.com,8836832046,1962-04-04
US_483,Evelyn Martinez,EvelynMartinez@gmail.com,7788991278,1954-09-16
US_484,Steve Paul,StevePaul@gmail.com,7485216686,1977-04-14
US_485,Jasmine Beltran,JasmineBeltran@gmail.com,9128173512,1985-05-26
US_486,Jonathan Glass MD,JonathanGlass@gmail.com,9699903178,1992-01-24
US_487,Monica Miller,MonicaMiller@gmail.com,8518693114,1968-07-16
US_488,Samantha Gardner,SamanthaGardner@gmail.com,9433305365,1995-09-30
US_489,Bobby Guerrero,BobbyGuerrero@gmail.com,9586877010,1978-03-28
US_490,Lance Simmons,LanceSimmons@gmail.com,9498217386,1983-09-23
US_491,Heather Williams,HeatherWilliams@gmail.com,7618566146,1955-07-27
US_492,Heather Bolton,HeatherBolton@gmail.com,9862341918,1998-07-15
US_493,William Gould,WilliamGould@gmail.com,9094267884,1997-04-28
US_494,Mark Cox,MarkCox@gmail.com,9199785285,1984-11-14
US_495,Meghan Cisneros,MeghanCisneros@gmail.com,8126405861,2000-04-17
US_496,Lawrence Harrington,LawrenceHarrington@gmail.com,7713651717,1962-08-10
US_497,Austin Osborne,AustinOsborne@gmail.com,7183947536,1975-06-25
US_498,James Bradley,JamesBradley@gmail.com,8609972399,1964-11-15
US_499,Meghan Rush,MeghanRush@gmail.com,7951644431,1970-02-17
US_500,Phillip Berry,PhillipBerry@gmail.com,7702054193,1974-12-24
US_501,Jennifer Banks,JenniferBanks@gmail.com,8800810801,1957-03-19
US_502,Brian Fitzgerald,BrianFitzgerald@gmail.com,9397341815,2005-06-06
US_503,Mr. Justin Green III,Mr.Justin@gmail.com,8401329942,1991-03-06
US_504,Zachary Mitchell,ZacharyMitchell@gmail.com,9059285494,1999-06-10
US_505,Katherine Martinez,KatherineMartinez@gmail.com,7913005995,1980-01-29
US_506,Jodi Roach,JodiRoach@gmail.com,9431675348,1968-11-21
US_507,Brandon Fleming,BrandonFleming@gmail.com,7589829565,1989-07-15
US_508,Emma Reed,EmmaReed@gmail.com,9178605589,1997-08-04
US_509,Joshua Vance,JoshuaVance@gmail.com,7901894076,1997-09-03
US_510,Michelle Ho,MichelleHo@gmail.com,7648627972,2000-10-02
US_511,Rebecca Hicks,RebeccaHicks@gmail.com,8142105020,1962-01-05
US_512,Curtis Taylor,CurtisTaylor@gmail.com,8963180279,1965-02-08
US_513,Allison Spencer,AllisonSpencer@gmail.com,9774509717,2002-01-16
US_514,Robert Arnold,RobertArnold@gmail.com,7892457674,1980-05-11
US_515,Angelica Parker,AngelicaParker@gmail.com,9235695129,1977-09-25
US_516,Dr. Kelly Hammond DVM,Dr.Kelly@gmail.com,8139015404,1955-12-28
US_517,William Day,WilliamDay@gmail.com,7629032588,1989-12-02
US_518,Michael Cooper,MichaelCooper@gmail.com,8915243540,1956-03-28
US_519,Penny Bowman,PennyBowman@gmail.com,9193104291,1985-07-05
US_520,Vincent Reynolds,VincentReynolds@gmail.com,9152767168,1967-07-24
US_521,Amy Martinez,AmyMartinez@gmail.com,7959054483,1975-07-14
US_522,Christopher Morris,ChristopherMorris@gmail.com,8023574845,1973-09-27
US_523,Hannah Everett,HannahEverett@gmail.com,8115254555,1977-01-03
US_524,Sarah King,SarahKing@gmail.com,8970405165,1987-02-20
US_525,Krista Martinez,KristaMartinez@gmail.com,7531735611,1961-01-17
US_526,Joseph Shaw,JosephShaw@gmail.com,9168183658,1988-10-08
US_527,Todd Moore,ToddMoore@gmail.com,9449213571,1959-11-21
US_528,Michelle Jacobs,MichelleJacobs@gmail.com,7161152468,1955-08-05
US_529,Kristy Bryan,KristyBryan@gmail.com,9730128835,1998-06-05
US_530,Angel May,AngelMay@gmail.com,9087057880,1973-02-21
US_531,Marilyn Wang,MarilynWang@gmail.com,9575989751,1955-10-06
US_532,Mark Jimenez,MarkJimenez@gmail.com,9856576565,1962-11-28
US_533,Donna Frye,DonnaFrye@gmail.com,7352862882,1986-04-16
US_534,Dr. Michael Evans,Dr.Michael@gmail.com,7229685626,1975-03-24
US_535,Anthony Gonzales,AnthonyGonzales@gmail.com,8494581611,1982-10-29
US_536,Mr. Lawrence Edwards,Mr.Lawrence@gmail.com,9416718722,1996-01-01
US_537,Morgan Valencia,MorganValencia@gmail.com,8938000282,1982-06-19
US_538,Bianca Wood,BiancaWood@gmail.com,7216434680,1990-02-25
US_539,Emma Owens,EmmaOwens@gmail.com,9939163014,1970-11-10
US_541,James Gilbert,JamesGilbert@gmail.com,7998213798,1965-01-07
US_542,Sean Moore,SeanMoore@gmail.com,8177388911,1959-08-05
US_543,Kenneth Edwards,KennethEdwards@gmail.com,8327086789,1965-06-08
US_544,Kathleen Robertson,KathleenRobertson@gmail.com,7634995667,1962-11-20
US_545,Mr. Alexander Landry MD,Mr.Alexander@gmail.com,9335803979,2004-09-09
US_546,Cindy Gomez,CindyGomez@gmail.com,7964169602,1990-01-05
US_547,Johnny Khan,JohnnyKhan@gmail.com,8973823890,1970-06-25
US_548,Julie Herrera,JulieHerrera@gmail.com,7170973443,1963-08-07
US_549,Jessica Khan,JessicaKhan@gmail.com,9914139798,1984-09-06
US_550,Pamela Diaz,PamelaDiaz@gmail.com,8699565009,1979-08-11
US_551,Kelly Lee,KellyLee@gmail.com,9065103843,2006-11-25
US_552,Angel Gordon,AngelGordon@gmail.com,9852367898,1965-03-31
US_553,Diana Hays,DianaHays@gmail.com,8074392360,2007-01-04
US_554,Barbara Hester,BarbaraHester@gmail.com,9597906805,1955-04-23
US_555,Robert Morgan,RobertMorgan@gmail.com,8307432897,1997-04-16
US_556,Nicole Gonzalez,NicoleGonzalez@gmail.com,7215272819,1954-07-14
US_557,Kathryn Williams,KathrynWilliams@gmail.com,7895567894,1970-12-03
US_558,Gary Wells,GaryWells@gmail.com,8752541773,1969-07-04
US_559,Larry Robertson,LarryRobertson@gmail.com,7503886391,1995-05-21
US_560,Louis Martin,LouisMartin@gmail.com,9624079966,1958-02-07
US_561,Nancy Evans MD,NancyEvans@gmail.com,9635966176,1995-02-10
US_562,Kim Erickson,KimErickson@gmail.com,9097022257,1956-09-06
US_563,Robert Richardson,RobertRichardson@gmail.com,8277445443,1988-05-31
US_564,Veronica Silva,VeronicaSilva@gmail.com,8880519614,1964-06-30
US_565,Molly Watts,MollyWatts@gmail.com,7138309771,1985-10-03
US_566,John Coffey,JohnCoffey@gmail.com,8006590930,1970-07-13
US_567,Paula Lane,PaulaLane@gmail.com,9891950063,1974-03-30
US_568,Lauren Jackson,LaurenJackson@gmail.com,9466763325,1987-07-14
US_569,Lisa Randall,LisaRandall@gmail.com,9857097340,1990-10-03
US_570,Michael Johnson,MichaelJohnson@gmail.com,8811367122,1963-04-28
US_571,Ashley Smith,AshleySmith@gmail.com,9822746023,1965-01-29
US_572,Christian Vaughn,ChristianVaughn@gmail.com,9471310004,1954-04-20
US_573,Reginald Knapp,ReginaldKnapp@gmail.com,8443503724,1958-03-26
US_574,Nancy Brown,NancyBrown@gmail.com,7742225361,1975-03-12
US_575,Daniel Nguyen,DanielNguyen@gmail.com,8082850938,1970-02-25
US_576,Kelly Edwards,KellyEdwards@gmail.com,9518552494,1991-05-21
US_577,Thomas Peterson,ThomasPeterson@gmail.com,7840791185,1958-04-14
US_578,Raymond Le,RaymondLe@gmail.com,8283006086,1996-02-21
US_579,Melissa Bishop,MelissaBishop@gmail.com,9120937144,2003-11-03
US_580,David Grant,DavidGrant@gmail.com,9528349138,2005-08-09
US_581,William Evans,WilliamEvans@gmail.com,7039040459,2006-02-26
US_582,Daniel Bush,DanielBush@gmail.com,9230406981,1996-12-11
US_583,Gregory Peck,GregoryPeck@gmail.com,9275176458,1961-08-19
US_584,Denise Martinez,DeniseMartinez@gmail.com,7655944674,2004-07-08
US_585,Jamie Baird,JamieBaird@gmail.com,7548756813,1983-11-05
US_586,Tina Ballard,TinaBallard@gmail.com,9220074896,1976-07-18
US_587,Dwayne Klein,DwayneKlein@gmail.com,7282424512,1991-02-25
US_588,Jeremy Scott,JeremyScott@gmail.com,8316823485,1988-06-11
US_589,Dale Ryan,DaleRyan@gmail.com,7363259418,1989-06-20
US_590,Melissa Taylor,MelissaTaylor@gmail.com,7139442520,2003-02-08
US_591,Laurie Sanchez,LaurieSanchez@gmail.com,8631668789,1993-04-15
US_592,Kiara Little,KiaraLittle@gmail.com,8757291040,1982-04-13
US_593,Jason Love,JasonLove@gmail.com,7549447151,1995-12-21
US_594,Randy Smith,RandySmith@gmail.com,9067801135,1961-01-25
US_595,Tanya Russell,TanyaRussell@gmail.com,7315370355,1960-01-30
US_596,Sherry Woods,SherryWoods@gmail.com,9634422991,1963-04-12
US_597,Victor Morris,VictorMorris@gmail.com,7247703877,1989-07-14
US_598,Susan Davis,SusanDavis@gmail.com,8344047871,1961-02-19
US_599,Kimberly Sharp,KimberlySharp@gmail.com,9822735007,1973-12-06
US_600,Susan Thompson,SusanThompson@gmail.com,9967550222,1960-01-07
US_601,Casey Gillespie,CaseyGillespie@gmail.com,7707641349,1987-11-08
US_602,Jennifer Simpson DVM,JenniferSimpson@gmail.com,8826819905,1961-04-17
US_603,Tammy Mcdowell,TammyMcdowell@gmail.com,7145928575,1998-06-30
US_604,Keith Rodriguez,KeithRodriguez@gmail.com,8334641771,1957-09-28
US_605,Mrs. Virginia Daniels,Mrs.Virginia@gmail.com,7469161844,1967-05-02
US_606,Todd Rosales MD,ToddRosales@gmail.com,7693517577,1996-11-04
US_607,Brian Martin,BrianMartin@gmail.com,9749491068,1992-02-09
US_608,David Lopez,DavidLopez@gmail.com,7696189436,2002-10-28
US_609,Rachel Bradley,RachelBradley@gmail.com,7030020414,1966-04-11
US_610,Casey Chase,CaseyChase@gmail.com,7312159046,1956-12-19
US_611,Samantha Robertson,SamanthaRobertson@gmail.com,7762043215,1993-09-04
US_612,Michael Lopez,MichaelLopez@gmail.com,9216414045,1981-03-29
US_613,Franklin Wright,FranklinWright@gmail.com,7570901196,1967-04-18
US_614,David Molina,DavidMolina@gmail.com,8370133740,1958-06-22
US_615,Elizabeth Sharp,ElizabethSharp@gmail.com,9110231563,1971-11-19
US_616,Matthew Schwartz,MatthewSchwartz@gmail.com,9674779867,1986-01-27
US_617,Bryan Parker,BryanParker@gmail.com,7311560135,1976-04-05
US_618,Jonathan Jacobson,JonathanJacobson@gmail.com,9437712422,1988-02-12
US_619,Emily Wilson,EmilyWilson@gmail.com,9684901249,1993-06-02
US_620,Elizabeth Mendez,ElizabethMendez@gmail.com,9851541523,1997-09-23
US_621,Casey Hernandez,CaseyHernandez@gmail.com,9272531938,1957-10-10
US_622,Lisa Perry,LisaPerry@gmail.com,7140219508,1989-10-07
US_623,Kaitlin Medina,KaitlinMedina@gmail.com,9808868202,1997-07-24
US_624,Colleen Wright,ColleenWright@gmail.com,9903246786,1993-08-13
US_625,Shelley Miller,ShelleyMiller@gmail.com,8846192120,2004-12-15
US_626,Michael Miller,MichaelMiller@gmail.com,7968224547,1963-05-16
US_627,Amy Kelley,AmyKelley@gmail.com,8531392014,2003-03-08
US_628,Laura Hernandez,LauraHernandez@gmail.com,7340456220,1975-01-05
US_629,Joseph Wilson,JosephWilson@gmail.com,9417614472,1960-08-09
US_630,Kevin Davis,KevinDavis@gmail.com,9851578673,1994-08-20
US_631,Rhonda Chavez,RhondaChavez@gmail.com,9884734058,1965-12-14
US_632,Joyce Brown,JoyceBrown@gmail.com,8030119020,2000-10-29
US_633,Robert Cummings,RobertCummings@gmail.com,8605452979,2005-10-08
US_634,Robert Reese,RobertReese@gmail.com,9750234494,2000-05-11
US_635,Amber Cooper,AmberCooper@gmail.com,8779565013,1955-01-08
US_636,Zachary Michael,ZacharyMichael@gmail.com,8963616399,1981-10-06
US_637,Timothy Johnson,TimothyJohnson@gmail.com,9834998618,1984-04-25
US_638,Randy Cannon,RandyCannon@gmail.com,9137616912,2004-02-23
US_639,Maria Fisher,MariaFisher@gmail.com,9373942804,1958-08-16
US_640,Janet Kane DVM,JanetKane@gmail.com,8661183973,2003-12-08
US_641,Michael Stanley,MichaelStanley@gmail.com,7873201229,1987-09-14
US_642,Martha Bailey,MarthaBailey@gmail.com,9530588842,1958-09-19
US_643,Joshua Rice,JoshuaRice@gmail.com,9779509289,1970-05-16
US_644,Courtney Smith,CourtneySmith@gmail.com,8766936798,1980-02-28
US_645,Edwin Nunez,EdwinNunez@gmail.com,8955521631,1962-10-30
US_646,Kim Morrow,KimMorrow@gmail.com,8723989033,1958-10-13
US_647,Gregory Hill,GregoryHill@gmail.com,7184012952,1977-06-09
US_648,Molly Rodriguez,MollyRodriguez@gmail.com,7066278446,1996-08-29
US_649,Jennifer Miranda,JenniferMiranda@gmail.com,9260185619,1965-10-16
US_650,Alexis Harris,AlexisHarris@gmail.com,8477439414,1975-01-07
US_651,Andrew Harper,AndrewHarper@gmail.com,7926022191,2000-03-22
US_652,Amber Yang,AmberYang@gmail.com,9797339190,1979-01-13
US_653,David Robinson,DavidRobinson@gmail.com,8131148512,1990-01-31
US_654,Amy Gordon,AmyGordon@gmail.com,8849493646,1999-10-15
US_655,Robert Dennis,RobertDennis@gmail.com,9984582333,1984-10-20
US_656,Kyle Chambers,KyleChambers@gmail.com,8256390660,1997-07-28
US_657,Eric Thomas,EricThomas@gmail.com,9400689271,1983-09-18
US_658,Connie Turner,ConnieTurner@gmail.com,9193032836,1984-04-19
US_659,Travis Hobbs,TravisHobbs@gmail.com,8981775771,1981-09-23
US_660,Lori Simmons,LoriSimmons@gmail.com,9264680817,2001-09-16
US_661,William David DDS,WilliamDavid@gmail.com,8604224520,1996-01-17
US_662,Emma Butler,EmmaButler@gmail.com,7214922653,1977-06-07
US_663,James Webster,JamesWebster@gmail.com,9136706923,1997-10-17
US_664,Samuel Turner,SamuelTurner@gmail.com,9934598170,1989-10-21
US_665,Renee Melendez,ReneeMelendez@gmail.com,8547365775,1967-03-13
US_666,Tracy Grant,TracyGrant@gmail.com,9135169641,1976-03-28
US_667,David Harris,DavidHarris@gmail.com,8817235026,1954-03-18
US_668,Tammy Boone,TammyBoone@gmail.com,7497213988,1956-01-11
US_669,Nathaniel Lee,NathanielLee@gmail.com,8317033293,1973-01-02
US_670,Michael Morrison,MichaelMorrison@gmail.com,9240676783,1980-05-20
US_671,Chelsea Gill,ChelseaGill@gmail.com,9158530989,2002-12-09
US_672,Kristin Mendoza,KristinMendoza@gmail.com,7995707550,2003-09-14
US_673,Felicia Krueger,FeliciaKrueger@gmail.com,7558573841,1995-06-08
US_674,Timothy Hayden,TimothyHayden@gmail.com,9746595500,1982-09-21
US_675,Zachary Mendoza,ZacharyMendoza@gmail.com,9479815397,2003-08-15
US_676,Larry Harris,LarryHarris@gmail.com,7515433356,2000-01-14
US_677,Kristen Rowe,KristenRowe@gmail.com,9355139868,2007-01-02
US_678,Joseph Howard,JosephHoward@gmail.com,8384056107,2006-05-12
US_679,Jose Crawford,JoseCrawford@gmail.com,9489830597,1976-06-05
US_680,William Harrison,WilliamHarrison@gmail.com,8551468753,1987-07-09
US_681,Suzanne Wood,SuzanneWood@gmail.com,7089504185,1959-09-29
US_682,Justin Walker,JustinWalker@gmail.com,9661556061,1998-05-08
US_683,Dean Donovan,DeanDonovan@gmail.com,9097897166,1986-11-24
US_684,Jennifer Hernandez,JenniferHernandez@gmail.com,7852412884,1957-11-29
US_685,James Whitaker,JamesWhitaker@gmail.com,8898677038,1962-02-12
US_686,Mr. Michael Scott PhD,Mr.Michael@gmail.com,8788083468,1975-01-21
US_687,Maria Henry,MariaHenry@gmail.com,8017240422,1978-02-03
US_688,Robert Jackson,RobertJackson@gmail.com,8628399398,1986-05-27
US_689,Katherine Stark,KatherineStark@gmail.com,7647970937,1986-07-31
US_690,Maria Brown,MariaBrown@gmail.com,7817338927,1970-03-22
US_691,Ryan Landry,RyanLandry@gmail.com,7167981074,2005-06-10
US_692,Pamela Gutierrez,PamelaGutierrez@gmail.com,8777057045,1972-07-29
US_693,Crystal Mann,CrystalMann@gmail.com,9580477968,1975-01-19
US_694,Jonathan Brooks,JonathanBrooks@gmail.com,9585549811,2006-12-26
US_695,Mary Jensen,MaryJensen@gmail.com,8396359926,1979-04-19
US_696,Mr. Aaron Arnold,Mr.Aaron@gmail.com,7996951378,1983-10-14
US_697,Joseph Hill,JosephHill@gmail.com,8697676325,2000-02-18
US_698,Alicia Li,AliciaLi@gmail.com,8002558710,1954-06-29
US_699,Renee Browning,ReneeBrowning@gmail.com,8359459299,1988-08-26
US_700,Brent Hernandez,BrentHernandez@gmail.com,7026019556,1972-04-15
US_701,Joseph Ochoa,JosephOchoa@gmail.com,7796822105,1989-09-15
US_702,James Watson,JamesWatson@gmail.com,7780532792,1998-02-20
US_703,Karl Branch,KarlBranch@gmail.com,9180418236,2003-11-18
US_704,Michael Abbott,MichaelAbbott@gmail.com,7380455990,1992-07-17
US_705,Shannon Malone,ShannonMalone@gmail.com,7510630442,1988-09-29
US_706,James Tran,JamesTran@gmail.com,8651031226,1981-05-09
US_707,Adam Jackson,AdamJackson@gmail.com,9755806423,1958-10-15
US_708,Mr. Richard Knight PhD,Mr.Richard@gmail.com,7305975689,1975-07-30
US_709,Joseph Williams,JosephWilliams@gmail.com,7154037924,1985-05-26
US_710,Sean Clay,SeanClay@gmail.com,9145921455,1962-12-30
US_711,Anthony Jones,AnthonyJones@gmail.com,8895988923,1995-07-21
US_712,Stephanie Elliott,StephanieElliott@gmail.com,7443489006,1971-11-22
US_713,Timothy Edwards,TimothyEdwards@gmail.com,8664347710,1984-07-09
US_714,Laurie Goodwin,LaurieGoodwin@gmail.com,7524525076,2005-08-03
US_715,Jennifer Jones,JenniferJones@gmail.com,8524570154,2003-06-30
US_716,David Davenport,DavidDavenport@gmail.com,8505486081,1956-04-23
US_717,Steven Rivera,StevenRivera@gmail.com,8703136929,2005-03-26
US_718,Brenda Hinton,BrendaHinton@gmail.com,9368856420,2007-01-15
US_719,Kathryn Mccann,KathrynMccann@gmail.com,8910191238,1993-09-29
US_720,Jeffrey Roberson,JeffreyRoberson@gmail.com,8680284663,1993-06-08
US_721,Randy Friedman,RandyFriedman@gmail.com,8013975969,1972-06-18
US_722,Raymond Johnson,RaymondJohnson@gmail.com,7620077153,1965-01-27
US_723,Willie Henry,WillieHenry@gmail.com,8801348706,2004-02-18
US_724,Todd Reynolds,ToddReynolds@gmail.com,8072789133,1975-03-22
US_725,Mary Miller,MaryMiller@gmail.com,7857136542,1992-03-28
US_726,Rebecca Marquez,RebeccaMarquez@gmail.com,9660410895,1976-05-20
US_727,Christian Dawson,ChristianDawson@gmail.com,9242039463,1974-09-26
US_728,Nancy Stewart,NancyStewart@gmail.com,7062311145,1991-05-18
US_729,Aaron Parker,AaronParker@gmail.com,8753271713,1996-04-20
US_730,Derrick Anderson,DerrickAnderson@gmail.com,7286745541,1993-01-26
US_731,Jerry Peters,JerryPeters@gmail.com,7648531756,1964-01-21
US_732,Alexander Gomez,AlexanderGomez@gmail.com,8465161206,1994-03-20
US_733,Kyle Nguyen,KyleNguyen@gmail.com,9271762132,1969-11-09
US_734,Edgar Hughes,EdgarHughes@gmail.com,9156503261,1986-10-07
US_735,Steven Stein,StevenStein@gmail.com,8999609401,1994-09-03
US_736,Laura Jackson,LauraJackson@gmail.com,8779222505,1971-06-14
US_737,Charles Turner,CharlesTurner@gmail.com,8530329873,1982-11-15
US_738,Arthur Hamilton MD,ArthurHamilton@gmail.com,9637094983,1968-09-02
US_739,Mr. David Wright,Mr.David@gmail.com,8931158299,2006-05-30
US_740,Linda Gonzalez,LindaGonzalez@gmail.com,7133840083,2001-05-20
US_741,Eric Rush,EricRush@gmail.com,9755231832,2005-11-22
US_742,Manuel Brock,ManuelBrock@gmail.com,7099299144,2006-06-23
US_743,George Ochoa,GeorgeOchoa@gmail.com,8109723212,2006-06-04
US_744,Valerie Taylor,ValerieTaylor@gmail.com,7499040608,1975-12-11
US_745,Travis Harris,TravisHarris@gmail.com,7599989141,1991-09-05
US_746,Vincent Novak,VincentNovak@gmail.com,7578944919,2000-08-26
US_747,Michael Henry,MichaelHenry@gmail.com,8532401858,1986-11-22
US_748,Dana Bennett,DanaBennett@gmail.com,9316140918,1996-01-24
US_749,Jenna Wilson,JennaWilson@gmail.com,9834158513,1994-03-20
US_750,Leslie Gardner,LeslieGardner@gmail.com,9931860264,1980-01-04
US_751,Krista Benton,KristaBenton@gmail.com,9326434588,1984-01-06
US_752,Michael Gonzales,MichaelGonzales@gmail.com,9038915079,2007-01-11
US_753,Michael Fuentes,MichaelFuentes@gmail.com,8703469923,2000-03-20
US_754,Jennifer Porter,JenniferPorter@gmail.com,9129778499,1996-08-19
US_755,Dana Hopkins,DanaHopkins@gmail.com,7865113583,1977-12-03
US_756,Rachel Jones,RachelJones@gmail.com,7337219798,2000-07-21
US_757,Karen Morales DDS,KarenMorales@gmail.com,8320605381,1988-03-05
US_758,Melissa Stephens,MelissaStephens@gmail.com,7383514674,1981-05-03
US_759,Heather Woodard,HeatherWoodard@gmail.com,8814587674,1961-05-25
US_760,Margaret Miller,MargaretMiller@gmail.com,8109357016,1992-09-30
US_761,Mary Kelly,MaryKelly@gmail.com,7341754636,1960-02-24
US_762,Amanda Terrell,AmandaTerrell@gmail.com,8367886033,1999-02-18
US_763,Jennifer Goodwin,JenniferGoodwin@gmail.com,9548375056,1995-10-09
US_765,Jorge Stone,JorgeStone@gmail.com,9253034172,1958-07-01
US_766,Laura Griffin,LauraGriffin@gmail.com,9888736019,1961-02-09
US_767,Raymond Chapman,RaymondChapman@gmail.com,7918872725,2000-08-18
US_768,Haley Johnson,HaleyJohnson@gmail.com,7076134775,1987-12-10
US_769,Jason Nixon,JasonNixon@gmail.com,9810446493,1981-07-30
US_770,Todd Thomas,ToddThomas@gmail.com,7700359712,1961-10-09
US_771,Jesse Clark,JesseClark@gmail.com,7129061583,2005-01-30
US_772,Mr. Jeffrey Horton,Mr.Jeffrey@gmail.com,9621442764,1981-11-29
US_773,Eric Patrick,EricPatrick@gmail.com,8341389187,1985-04-27
US_774,Samuel Wong,SamuelWong@gmail.com,7494347635,1962-11-05
US_775,Carly Riggs,CarlyRiggs@gmail.com,9849837314,1984-05-23
US_776,Christopher Moore,ChristopherMoore@gmail.com,8958732294,1969-06-25
US_777,Tina Hall,TinaHall@gmail.com,7445457027,2000-09-17
US_778,Cody Davidson,CodyDavidson@gmail.com,8011204651,1958-08-10
US_779,Allen Mendez,AllenMendez@gmail.com,9152711984,1961-06-21
US_780,Kevin Price,KevinPrice@gmail.com,9282263535,1958-03-01
US_781,Christine Goodwin,ChristineGoodwin@gmail.com,9199578060,1970-12-22
US_782,Amy Garcia,AmyGarcia@gmail.com,7305165591,1983-04-01
US_783,Chelsea Nguyen,ChelseaNguyen@gmail.com,8260261567,1962-12-30
US_784,Dennis Huffman,DennisHuffman@gmail.com,7242571116,1962-05-24
US_785,Margaret Harper,MargaretHarper@gmail.com,9853272322,1987-01-29
US_786,Laurie Bailey,LaurieBailey@gmail.com,9095928200,1969-01-16
US_787,Lisa Cervantes,LisaCervantes@gmail.com,9725857145,1968-04-28
US_789,Cesar Wilson,CesarWilson@gmail.com,8985901253,1987-07-12
US_790,Clayton Steele,ClaytonSteele@gmail.com,9233796639,1960-08-29
US_791,Jennifer Taylor,JenniferTaylor@gmail.com,7397097088,1960-01-17
US_792,Cody Reid,CodyReid@gmail.com,7148049968,1974-12-09
US_793,Maria Cooke,MariaCooke@gmail.com,8913853226,1962-03-19
US_794,Katherine Taylor,KatherineTaylor@gmail.com,9076216965,1987-08-26
US_795,Jerry Brown,JerryBrown@gmail.com,7310866375,1975-08-31
US_796,Adam Taylor,AdamTaylor@gmail.com,9832209502,1970-08-02
US_797,Tracey Wagner,TraceyWagner@gmail.com,7650717573,1961-11-28
US_798,Michael Perry PhD,MichaelPerry@gmail.com,7246320463,1960-01-28
US_799,Bradley Johnson DDS,BradleyJohnson@gmail.com,8717002497,1958-03-27
US_800,Donald Medina,DonaldMedina@gmail.com,8966559830,1960-05-18
US_801,Jim Newton,JimNewton@gmail.com,7340762903,1997-11-16
US_802,Krista Wilson,KristaWilson@gmail.com,7189072478,1988-07-14
US_803,Reginald Morrow,ReginaldMorrow@gmail.com,7532645852,1973-12-11
US_804,Rodney Williams,RodneyWilliams@gmail.com,7244441464,1966-12-30
US_805,Kimberly Fritz,KimberlyFritz@gmail.com,9808681793,1987-01-01
US_806,Ronald Potter,RonaldPotter@gmail.com,9309763672,1980-01-23
US_807,Zachary Cole,ZacharyCole@gmail.com,9564085426,1954-04-30
US_808,Robert Gonzales,RobertGonzales@gmail.com,8597378084,1984-06-16
US_809,Patricia Young PhD,PatriciaYoung@gmail.com,8354139176,1970-06-08
US_810,Heather Page,HeatherPage@gmail.com,8020008013,1958-03-07
US_811,Carol Taylor,CarolTaylor@gmail.com,8987350374,1968-09-23
US_812,Daniel Brown,DanielBrown@gmail.com,7933416550,1955-10-20
US_813,Douglas Ryan,DouglasRyan@gmail.com,8258392984,1994-01-22
US_814,Michael Roberts,MichaelRoberts@gmail.com,7838092206,1992-01-23
US_815,Scott Duke,ScottDuke@gmail.com,7479482384,1998-01-20
US_816,Anna Estes,AnnaEstes@gmail.com,8819340910,1973-05-12
US_817,Tamara Riddle,TamaraRiddle@gmail.com,7594658713,1966-03-26
US_818,Beth Cline,BethCline@gmail.com,9490327038,1986-02-07
US_819,Michael Poole,MichaelPoole@gmail.com,7955926836,1997-05-29
US_820,Megan Burns,MeganBurns@gmail.com,8846874647,1974-11-21
US_821,Debra Perry,DebraPerry@gmail.com,8641251192,1976-03-10
US_822,Mark Beard,MarkBeard@gmail.com,7200584074,1979-09-12
US_823,Jose Ramirez,JoseRamirez@gmail.com,8856175410,1997-01-18
US_824,Jackie Clements,JackieClements@gmail.com,9839408629,1982-01-08
US_825,Aaron Schroeder,AaronSchroeder@gmail.com,9846590161,1957-01-29
US_826,Monica Ellis,MonicaEllis@gmail.com,8621265846,1989-10-17
US_827,Heather Brown,HeatherBrown@gmail.com,8867101547,1980-12-28
US_828,Claudia Jordan,ClaudiaJordan@gmail.com,9485327387,1974-06-07
US_829,Derrick Clayton,DerrickClayton@gmail.com,9197258514,1978-01-08
US_830,Kenneth Knight,KennethKnight@gmail.com,9202719464,1988-09-28
US_832,Richard Stevens,RichardStevens@gmail.com,7069947388,1990-09-28
US_833,Scott Alexander,ScottAlexander@gmail.com,9961233449,1970-07-14
US_834,Tyler Harris,TylerHarris@gmail.com,8409923110,1977-01-06
US_835,Bonnie Santos,BonnieSantos@gmail.com,8244541008,1990-11-07
US_836,Timothy Hill,TimothyHill@gmail.com,9548237315,2004-03-07
US_837,Danielle Watson,DanielleWatson@gmail.com,8050632748,1989-03-31
US_838,Carol Sanders,CarolSanders@gmail.com,9149591225,1988-03-10
US_839,Michael Young,MichaelYoung@gmail.com,9671280196,1965-09-07
US_840,Michele Smith,MicheleSmith@gmail.com,9838892070,1990-05-22
US_841,Casey Perez,CaseyPerez@gmail.com,8555746150,1984-03-19
US_842,Alexandra Dominguez,AlexandraDominguez@gmail.com,8158416988,2006-09-02
US_843,Virginia Henderson,VirginiaHenderson@gmail.com,8855641234,1998-06-24
US_844,Benjamin Reyes,BenjaminReyes@gmail.com,8873045055,1984-12-27
US_845,Ashley Edwards,AshleyEdwards@gmail.com,9274706109,1957-05-23
US_846,Breanna Ayala,BreannaAyala@gmail.com,9783909981,1956-05-16
US_847,Brandi Haney,BrandiHaney@gmail.com,9723273733,2006-02-27
US_848,Joseph Smith,JosephSmith@gmail.com,7820601646,1968-06-17
US_849,Jessica Bowen,JessicaBowen@gmail.com,8427081689,1979-01-28
US_850,Brittany Jenkins,BrittanyJenkins@gmail.com,8616904762,1992-05-05
US_851,Shannon Miller,ShannonMiller@gmail.com,8704533426,1957-12-16
US_852,Paul Lawrence,PaulLawrence@gmail.com,9297473080,1963-05-09
US_853,Victor Edwards,VictorEdwards@gmail.com,8139052759,1972-03-06
US_854,Donald Miller,DonaldMiller@gmail.com,8083109672,1996-03-05
US_855,Lindsay Lawson,LindsayLawson@gmail.com,7373853014,1995-05-10
US_856,Melissa Abbott,MelissaAbbott@gmail.com,8886244317,1963-11-10
US_857,Elizabeth Holmes,ElizabethHolmes@gmail.com,8981187025,2005-09-18
US_858,Nicole Phillips,NicolePhillips@gmail.com,7134518109,1982-08-05
US_859,Steven Blevins,StevenBlevins@gmail.com,8595652244,1995-10-07
US_860,Brian Porter MD,BrianPorter@gmail.com,7868231226,1963-02-25
US_861,Vanessa Hatfield,VanessaHatfield@gmail.com,7932224564,1974-09-28
US_862,Bonnie Valencia,BonnieValencia@gmail.com,9421259856,1962-09-26
US_863,Holly Vega,HollyVega@gmail.com,7546595633,1956-04-14
US_864,Tiffany Townsend,TiffanyTownsend@gmail.com,8525821625,1989-02-12
US_865,Austin Baker,AustinBaker@gmail.com,9168315479,1957-07-15
US_866,Antonio Mccormick,AntonioMccormick@gmail.com,7868998855,1982-01-21
US_867,Lori Mason,LoriMason@gmail.com,8343185271,1991-01-25
US_869,Lisa Ramirez,LisaRamirez@gmail.com,8007144921,1955-07-14
US_870,Jorge Harris,JorgeHarris@gmail.com,9215828138,1967-02-07
US_871,Kimberly Myers,KimberlyMyers@gmail.com,9944533624,1961-08-06
US_872,Sandra Becker,SandraBecker@gmail.com,8105582530,1963-07-29
US_873,Michael Blair,MichaelBlair@gmail.com,9998780928,2001-01-14
US_874,Amy Miller,AmyMiller@gmail.com,9301896915,1977-05-02
US_875,Jesse Lynch,JesseLynch@gmail.com,8928436872,1974-09-07
US_876,Patrick Yang,PatrickYang@gmail.com,7642516506,1966-09-09
US_877,Michael Miles,MichaelMiles@gmail.com,7936756227,1967-02-08
US_878,Troy Mills,TroyMills@gmail.com,9972281429,1996-07-07
US_879,Michelle Jackson,MichelleJackson@gmail.com,7872127971,2004-10-13
US_880,Richard Adams,RichardAdams@gmail.com,8001964664,1972-11-04
US_881,Patricia Johnson,PatriciaJohnson@gmail.com,8578804597,1981-02-17
US_882,Denise Brown,DeniseBrown@gmail.com,8678798851,1986-07-10
US_883,Laura Jones,LauraJones@gmail.com,8728065423,1959-08-19
US_884,Ian Porter,IanPorter@gmail.com,8382633786,2003-03-31
US_885,Holly Scott,HollyScott@gmail.com,8848506939,1968-03-09
US_886,Kenneth Sharp,KennethSharp@gmail.com,8059542631,1964-06-24
US_887,Jordan Williams,JordanWilliams@gmail.com,7744763010,1988-06-19
US_888,Dana Ruiz,DanaRuiz@gmail.com,8146557043,2002-05-24
US_889,Chris Velazquez,ChrisVelazquez@gmail.com,7778324001,1962-06-05
US_890,Kristen Sloan,KristenSloan@gmail.com,9038033279,1967-06-21
US_891,Jennifer Morris,JenniferMorris@gmail.com,7644384521,2001-12-15
US_892,Nathan Nelson,NathanNelson@gmail.com,7447756408,1983-05-22
US_893,Jake Shaw,JakeShaw@gmail.com,7640277612,1992-05-25
US_894,Cassie Brock,CassieBrock@gmail.com,7783402925,1964-08-30
US_895,Dr. Andrea Marshall,Dr.Andrea@gmail.com,8631393942,1968-04-17
US_896,Ryan Murphy,RyanMurphy@gmail.com,7399367523,1969-02-23
US_897,Aimee Gonzalez,AimeeGonzalez@gmail.com,7826569851,2006-06-26
US_898,Elizabeth Dean,ElizabethDean@gmail.com,8269483297,1954-04-09
US_899,Kevin Snyder,KevinSnyder@gmail.com,9059766253,1970-03-28
US_900,Christie Mccullough,ChristieMccullough@gmail.com,7791971802,1962-11-08
US_901,Danielle Smith,DanielleSmith@gmail.com,7308811171,1997-08-11
US_902,David Reed,DavidReed@gmail.com,7992931126,1963-11-02
US_903,Sherry Tapia,SherryTapia@gmail.com,7715228026,1991-06-24
US_904,Matthew Sweeney,MatthewSweeney@gmail.com,9063410916,1966-05-21
US_905,Ashley Moreno,AshleyMoreno@gmail.com,9701381065,1990-05-02
US_906,Johnathan Brown,JohnathanBrown@gmail.com,8277393005,1986-12-06
US_907,Michelle Davis DVM,MichelleDavis@gmail.com,8494626410,1957-09-03
US_908,Kelly Haynes,KellyHaynes@gmail.com,8302217540,2004-04-14
US_909,William Miller,WilliamMiller@gmail.com,9948440560,1960-09-13
US_910,Casey Wilkins,CaseyWilkins@gmail.com,8236072169,1978-12-05
US_911,Keith Graham,KeithGraham@gmail.com,7177350016,1986-01-17
US_912,Cynthia Green,CynthiaGreen@gmail.com,8387744011,1980-01-30
US_913,Robert Haynes,RobertHaynes@gmail.com,7950502723,1968-08-31
US_914,Emily Nelson,EmilyNelson@gmail.com,8401522996,1966-11-02
US_915,Dale Chan,DaleChan@gmail.com,9807769554,1998-06-18
US_916,Brittney Martin,BrittneyMartin@gmail.com,7179574337,1997-06-14
US_917,Jason Herrera,JasonHerrera@gmail.com,7582945578,1978-11-30
US_918,Christine Parker,ChristineParker@gmail.com,8596662798,1992-12-23
US_919,Bryan Moore,BryanMoore@gmail.com,8661580689,1984-01-18
US_920,Samantha Terry,SamanthaTerry@gmail.com,7654699515,1971-12-27
US_921,Russell Murphy,RussellMurphy@gmail.com,7710194679,2006-12-04
US_922,David Kelly,DavidKelly@gmail.com,8773388456,2007-01-26
US_923,Megan Green,MeganGreen@gmail.com,9560490205,1956-12-19
US_924,Amanda Sullivan MD,AmandaSullivan@gmail.com,9711887525,1976-05-03
US_925,Danielle Murray,DanielleMurray@gmail.com,9369687250,1966-07-23
US_926,Brenda Smith,BrendaSmith@gmail.com,8014430342,1967-11-26
US_927,Vickie Anderson,VickieAnderson@gmail.com,8429438664,1983-05-17
US_928,Jacqueline Mccoy,JacquelineMccoy@gmail.com,8900567655,1959-10-31
US_929,Lauren Green,LaurenGreen@gmail.com,9924959164,1994-07-09
US_930,Alison Brown,AlisonBrown@gmail.com,9198914068,1983-08-15
US_931,Jill Anderson,JillAnderson@gmail.com,7169197153,1977-01-15
US_932,Sandra Rivera,SandraRivera@gmail.com,7499811127,2000-06-04
US_933,Joel Jackson,JoelJackson@gmail.com,7224686643,1970-03-10
US_934,Samantha Foster,SamanthaFoster@gmail.com,9406942709,2006-07-31
US_935,Michael Thompson,MichaelThompson@gmail.com,9722524022,1991-04-29
US_936,Cody Ramirez,CodyRamirez@gmail.com,9335606965,1963-10-05
US_937,Amanda Harvey,AmandaHarvey@gmail.com,7133962867,1990-06-18
US_938,Edward Jenkins,EdwardJenkins@gmail.com,7865312190,1994-11-21
US_939,Amy Ramirez,AmyRamirez@gmail.com,9498538526,1968-10-07
US_940,Curtis Wilkerson,CurtisWilkerson@gmail.com,9107649804,1995-07-21
US_941,Lydia Pham,LydiaPham@gmail.com,8743624540,1998-10-13
US_942,Virginia Casey,VirginiaCasey@gmail.com,8197358999,1968-05-11
US_943,Joshua Washington,JoshuaWashington@gmail.com,9269499969,1991-06-28
US_944,Kathryn Price,KathrynPrice@gmail.com,7483766199,1982-02-01
US_945,Francis Robinson,FrancisRobinson@gmail.com,8717258582,1967-07-11
US_946,Paula Brown,PaulaBrown@gmail.com,7825725914,1956-11-18
US_947,Kendra Wang DVM,KendraWang@gmail.com,7692058717,1986-09-29
US_948,Ariel Sandoval,ArielSandoval@gmail.com,7827234940,2005-12-13
US_949,Robert Stark,RobertStark@gmail.com,8117058782,1998-09-13
US_950,Zachary Robinson,ZacharyRobinson@gmail.com,9597471823,2003-05-01
US_951,Rebecca Kelly,RebeccaKelly@gmail.com,9469802096,1962-10-20
US_952,Sarah Thompson,SarahThompson@gmail.com,7734296210,1980-08-17
US_953,Renee Wolfe,ReneeWolfe@gmail.com,9997877904,1958-08-19
US_954,Alyssa Haynes,AlyssaHaynes@gmail.com,8937508993,1982-03-05
US_955,Kristy Hart,KristyHart@gmail.com,8124606780,2000-12-28
US_956,William Keith,WilliamKeith@gmail.com,9605052510,1993-07-20
US_957,Eric Henry Jr.,EricHenry@gmail.com,9600319493,1997-10-04
US_958,Daniel Fox,DanielFox@gmail.com,8453135354,1955-04-21
US_959,Thomas Harris,ThomasHarris@gmail.com,7327152009,1983-01-05
US_960,Mitchell Sellers,MitchellSellers@gmail.com,8247134364,1960-07-07
US_961,Erica Johnson,EricaJohnson@gmail.com,9518046530,1971-07-19
US_962,Sylvia Schroeder,SylviaSchroeder@gmail.com,8958757257,1993-09-26
US_963,Shannon Yu,ShannonYu@gmail.com,9909390046,1994-07-17
US_964,Tom Foster,TomFoster@gmail.com,7741337516,2002-04-18
US_965,Eric Taylor,EricTaylor@gmail.com,9933599468,1965-09-22
US_966,Travis Conner,TravisConner@gmail.com,7634663749,1964-02-02
US_967,Marie Thompson,MarieThompson@gmail.com,9376962806,1969-11-14
US_968,Melissa Mcfarland,MelissaMcfarland@gmail.com,7795113123,1968-11-25
US_969,Courtney Chapman,CourtneyChapman@gmail.com,8541347596,1994-07-24
US_970,Eric Barker,EricBarker@gmail.com,8504585913,1990-03-27
US_971,Nicholas Rush,NicholasRush@gmail.com,8569588588,1977-02-08
US_972,Jenna Gamble,JennaGamble@gmail.com,9303020737,1973-07-18
US_973,Amanda Guzman,AmandaGuzman@gmail.com,8514898132,1956-06-09
US_974,Tracy Walker,TracyWalker@gmail.com,9561874496,1994-01-15
US_975,Taylor Taylor,TaylorTaylor@gmail.com,9520442524,1993-11-25
US_976,Cynthia Haas,CynthiaHaas@gmail.com,7771939297,1958-02-11
US_977,Stephen Davis,StephenDavis@gmail.com,8477653074,1980-01-10
US_978,Margaret Tanner,MargaretTanner@gmail.com,7472070587,1984-10-22
US_979,Derek Wright,DerekWright@gmail.com,7696377381,2003-09-22
US_980,David Rodriguez,DavidRodriguez@gmail.com,9805568969,1992-01-29
US_981,James Oconnor,JamesOconnor@gmail.com,8955162701,1999-11-20
US_982,Stacey Snyder,StaceySnyder@gmail.com,9029327479,1983-09-24
US_983,Joshua Garcia,JoshuaGarcia@gmail.com,8502551300,1972-09-24
US_984,Sean Curtis,SeanCurtis@gmail.com,9813522420,1993-04-08
US_985,Carla Jones,CarlaJones@gmail.com,8044084484,1967-06-09
US_986,Elizabeth Flores,ElizabethFlores@gmail.com,7297221285,1958-05-04
US_987,Angela Jackson,AngelaJackson@gmail.com,8636979416,1983-03-17
US_988,Nicholas Payne,NicholasPayne@gmail.com,8261718788,1977-12-02
US_989,Anna Wheeler,AnnaWheeler@gmail.com,7589442113,1963-12-12
US_990,Karen Johnson,KarenJohnson@gmail.com,8765363718,1962-06-15
US_991,Carmen Preston,CarmenPreston@gmail.com,8632978837,1988-09-29
US_992,Brian Harris,BrianHarris@gmail.com,7798968214,1987-03-06
US_993,Michael Bowen,MichaelBowen@gmail.com,8451536768,2002-09-24
US_994,Deborah Campbell,DeborahCampbell@gmail.com,9823535763,2002-09-15
US_995,Anthony Armstrong,AnthonyArmstrong@gmail.com,8338368994,1976-02-09
US_996,Brittany Ward,BrittanyWard@gmail.com,7897470620,1999-05-22
US_997,Edward Stanley,EdwardStanley@gmail.com,8968766043,1971-05-07
US_998,Christina Johnson,ChristinaJohnson@gmail.com,7885326847,1993-03-12
US_999,Edgar Miller,EdgarMiller@gmail.com,7962004210,1983-01-28
US_1000,Elizabeth Sanders,ElizabethSanders@gmail.com,7500457480,2002-04-10
US_1001,Matthew Davis MD,MatthewDavis@gmail.com,8738108435,1967-03-07
US_1002,Stephen Wood,StephenWood@gmail.com,9191689085,1981-04-09
US_1003,Dennis Marshall,DennisMarshall@gmail.com,8643247871,2005-06-18
US_1004,Derrick Brown,DerrickBrown@gmail.com,7960132258,1959-07-31
US_1006,Joshua Arellano,JoshuaArellano@gmail.com,7233952833,1977-12-22
US_1007,Kristen Randall,KristenRandall@gmail.com,9809275822,1993-01-21
US_1008,Jennifer Nichols,JenniferNichols@gmail.com,9003282487,1971-08-29
US_1009,Karen Keith,KarenKeith@gmail.com,9604640487,2004-08-13
US_1010,Blake Orr,BlakeOrr@gmail.com,7764584059,1991-02-21
US_1011,Kathryn Lester,KathrynLester@gmail.com,9495102476,1956-01-12
US_1012,Megan Oliver,MeganOliver@gmail.com,8798187372,1991-09-17
US_1013,Peter Thompson,PeterThompson@gmail.com,8642308475,1987-05-06
US_1014,Dr. Rhonda Martinez,Dr.Rhonda@gmail.com,8133992643,1993-02-22
US_1015,William Graham,WilliamGraham@gmail.com,9482376621,2001-04-05
US_1016,Lori Flowers MD,LoriFlowers@gmail.com,9303526881,1962-12-10
US_1017,Suzanne Jones,SuzanneJones@gmail.com,9606540033,1964-01-23
US_1018,James Nguyen,JamesNguyen@gmail.com,8808397731,1977-10-17
US_1019,Jimmy Marks,JimmyMarks@gmail.com,8792814563,1990-04-18
US_1020,Lisa Mills,LisaMills@gmail.com,8569947609,1992-09-13
US_1021,Jason Hernandez,JasonHernandez@gmail.com,8443381563,1988-06-14
US_1022,Olivia Ayers,OliviaAyers@gmail.com,7313502870,2002-12-07
US_1023,Kristine Garcia,KristineGarcia@gmail.com,9572091866,1971-11-03
US_1024,Joseph Cooper,JosephCooper@gmail.com,8809713615,1975-11-20
US_1025,James Washington,JamesWashington@gmail.com,9635101795,1955-05-26
US_1026,Amanda Hill,AmandaHill@gmail.com,9131412985,1975-06-24
US_1027,Lee Steele,LeeSteele@gmail.com,8572408296,1964-08-31
US_1028,Steve Rivera,SteveRivera@gmail.com,8837847505,1987-01-25
US_1029,Patrick Mccall,PatrickMccall@gmail.com,8995456110,1996-04-19
US_1030,Alicia Roth,AliciaRoth@gmail.com,9448033322,1981-04-27
US_1031,Douglas Vasquez,DouglasVasquez@gmail.com,7062963863,1961-04-03
US_1032,Annette Melton,AnnetteMelton@gmail.com,7299453809,1992-02-12
US_1033,William Ramos,WilliamRamos@gmail.com,7661347046,1961-01-21
US_1034,Debra Butler,DebraButler@gmail.com,9198544707,2004-06-29
US_1035,Chelsea Lewis,ChelseaLewis@gmail.com,7061709112,1993-09-11
US_1036,Natalie Malone,NatalieMalone@gmail.com,9176702905,2005-07-16
US_1038,Eric Hunter,EricHunter@gmail.com,9630145874,1977-08-18
US_1039,Samuel Suarez,SamuelSuarez@gmail.com,8284516595,1997-02-24
US_1040,Corey Whitaker,CoreyWhitaker@gmail.com,7914888384,1995-02-22
US_1041,Danielle Bryant,DanielleBryant@gmail.com,8075862235,1977-07-13
US_1042,Michele Hill,MicheleHill@gmail.com,9296273685,1968-12-25
US_1043,Kathy Reid,KathyReid@gmail.com,9476055688,1996-12-14
US_1044,Andre Watson,AndreWatson@gmail.com,7882669424,1970-08-15
US_1045,Cassandra Harrell,CassandraHarrell@gmail.com,8220319026,1976-08-30
US_1046,Hannah Martin,HannahMartin@gmail.com,7906525586,1977-03-08
US_1047,Nicole Barker,NicoleBarker@gmail.com,9474466327,1977-05-25
US_1048,James Martin,JamesMartin@gmail.com,7408996031,1988-09-25
US_1049,Traci Vincent,TraciVincent@gmail.com,8871619779,1987-06-17
US_1050,Megan Adams,MeganAdams@gmail.com,9173057712,1978-08-11
US_1051,Alejandro Deleon,AlejandroDeleon@gmail.com,9310864933,1999-01-01
US_1052,Alexa Buck,AlexaBuck@gmail.com,8319166006,1992-04-27
US_1053,Lindsay Smith,LindsaySmith@gmail.com,8873790019,1968-12-11
US_1054,Robert Torres,RobertTorres@gmail.com,8975465333,1998-05-19
US_1055,Maria Coleman,MariaColeman@gmail.com,9349787850,1998-07-13
US_1056,Gregory King,GregoryKing@gmail.com,8666520374,2006-06-25
US_1057,Michael Holloway,MichaelHolloway@gmail.com,7063370716,2002-11-30
US_1058,Brian Hunt,BrianHunt@gmail.com,8026306655,1993-12-16
US_1059,Sarah Brooks,SarahBrooks@gmail.com,9698131175,1966-11-17
US_1060,Lisa Evans,LisaEvans@gmail.com,7275533583,1993-11-16
US_1061,Arthur Mcneil,ArthurMcneil@gmail.com,8674905299,1977-07-04
US_1062,Shannon Green,ShannonGreen@gmail.com,8893378649,2000-05-27
US_1063,Stephanie Evans,StephanieEvans@gmail.com,8902696689,2003-09-16
US_1064,Ralph Yoder,RalphYoder@gmail.com,8003053775,2007-02-02
US_1065,Rebekah Greene,RebekahGreene@gmail.com,7809942936,2001-12-12
US_1066,Melanie Griffith,MelanieGriffith@gmail.com,8840039096,1986-01-23
US_1067,Yolanda Green,YolandaGreen@gmail.com,7883431635,1957-09-13
US_1068,James Johnson,JamesJohnson@gmail.com,7959200396,1996-03-13
US_1069,Laura Lee,LauraLee@gmail.com,9784345257,1958-02-11
US_1070,Courtney Nichols,CourtneyNichols@gmail.com,8263551520,1976-02-27
US_1071,Susan Powers,SusanPowers@gmail.com,8376078413,1990-04-15
US_1072,Sarah Pittman,SarahPittman@gmail.com,7269554980,1978-05-24
US_1073,Catherine Davis,CatherineDavis@gmail.com,9347678397,1971-12-27
US_1074,David Stokes,DavidStokes@gmail.com,9992475650,1981-06-05
US_1075,Catherine Frazier,CatherineFrazier@gmail.com,8769760794,1979-04-07
US_1076,Brandon Kelly,BrandonKelly@gmail.com,7913714870,1999-09-19
US_1077,Elizabeth French,ElizabethFrench@gmail.com,9954134176,1992-02-25
US_1078,David Carter,DavidCarter@gmail.com,7478344144,1979-03-24
US_1079,Julie Delacruz,JulieDelacruz@gmail.com,9670947417,1974-06-19
US_1080,Terry Jones,TerryJones@gmail.com,7474946491,1959-02-04
US_1081,Kathryn Dillon,KathrynDillon@gmail.com,9092021513,1979-06-04
US_1082,Edwin Brown,EdwinBrown@gmail.com,8088352625,1969-10-18
US_1083,Brenda Gonzalez,BrendaGonzalez@gmail.com,9151833216,1964-11-14
US_1084,Keith Knox,KeithKnox@gmail.com,9023776513,2004-06-20
US_1085,Eugene Baldwin,EugeneBaldwin@gmail.com,8677478746,1964-11-02
US_1086,Katherine Welch,KatherineWelch@gmail.com,8709111736,1995-10-01
US_1087,Mark Smith,MarkSmith@gmail.com,8317597350,1972-09-30
US_1088,Philip Jackson,PhilipJackson@gmail.com,7180033015,1962-03-06
US_1089,Katherine Gallagher,KatherineGallagher@gmail.com,8490770820,1988-03-19
US_1090,Lucas Schultz,LucasSchultz@gmail.com,7424540547,1988-01-01
US_1091,Vincent Reyes,VincentReyes@gmail.com,7922793225,1991-04-04
US_1092,Curtis Watson,CurtisWatson@gmail.com,7748609919,1978-05-13
US_1093,Frank Whitaker,FrankWhitaker@gmail.com,7126785463,2003-01-08
US_1094,Michael Sims,MichaelSims@gmail.com,7977144369,1992-03-27
US_1096,James Chapman,JamesChapman@gmail.com,7085624086,1992-02-27
US_1097,Rodney Evans,RodneyEvans@gmail.com,8408904183,2006-12-21
US_1098,Nicholas Carlson,NicholasCarlson@gmail.com,9896316368,1990-01-01
US_1099,Stephen Cowan,StephenCowan@gmail.com,9069278877,1975-03-18
US_1100,Steven Howard,StevenHoward@gmail.com,9918936610,2007-02-13
US_1101,Travis Hull,TravisHull@gmail.com,8745216903,1991-12-02
US_1102,Darryl Acosta,DarrylAcosta@gmail.com,9558887200,1992-03-22
US_1103,Nicholas Lawrence,NicholasLawrence@gmail.com,8426493347,1994-05-13
US_1104,Jacob Santos,JacobSantos@gmail.com,8867006743,1988-08-29
US_1105,Shawn Scott,ShawnScott@gmail.com,9923976067,1971-07-21
US_1106,Amber Vang,AmberVang@gmail.com,7424784384,1987-04-08
US_1107,Martha Smith,MarthaSmith@gmail.com,8209089054,1984-08-04
US_1108,Jennifer James,JenniferJames@gmail.com,8387341826,1992-09-29
US_1109,Kara Hernandez,KaraHernandez@gmail.com,9278958280,1993-02-10
US_1110,Lorraine Turner,LorraineTurner@gmail.com,7514693989,1970-06-20
US_1111,Mary Nelson,MaryNelson@gmail.com,7480606807,1997-02-08
US_1112,Breanna Rivas,BreannaRivas@gmail.com,9091360179,1955-06-27
US_1113,Nathan Wilson,NathanWilson@gmail.com,9328061704,1958-06-09
US_1114,Brian Gonzalez,BrianGonzalez@gmail.com,7643296951,1954-11-17
US_1115,Dennis Mills,DennisMills@gmail.com,7399455398,1989-02-11
US_1116,Michael Phillips,MichaelPhillips@gmail.com,7655760339,1996-02-27
US_1117,Jon Clark,JonClark@gmail.com,9512286101,1964-11-10
US_1118,Erin Smith,ErinSmith@gmail.com,8359511347,1974-11-09
US_1119,Susan Conley,SusanConley@gmail.com,9565120300,2003-06-29
US_1120,Brittany Davis,BrittanyDavis@gmail.com,7698709418,1979-02-28
US_1121,Misty Garcia,MistyGarcia@gmail.com,7249231549,1985-07-27
US_1122,David Hinton,DavidHinton@gmail.com,8686323914,1979-04-07
US_1123,John Garcia,JohnGarcia@gmail.com,9850464184,1981-08-10
US_1124,Andrew Roberts,AndrewRoberts@gmail.com,9205312125,1954-12-27
US_1125,Emily Rodgers,EmilyRodgers@gmail.com,8099064525,1960-12-31
US_1126,Peter Williams,PeterWilliams@gmail.com,9357487899,1967-10-17
US_1127,Mary Jackson,MaryJackson@gmail.com,7238399037,1960-05-14
US_1128,Jeffrey Howell,JeffreyHowell@gmail.com,9513209702,1976-02-06
US_1129,Anna Briggs,AnnaBriggs@gmail.com,9685816977,1980-12-19
US_1130,James Rivers,JamesRivers@gmail.com,8750059240,2005-09-24
US_1131,James Jefferson,JamesJefferson@gmail.com,7436773502,1970-11-24
US_1132,Mariah Robles,MariahRobles@gmail.com,7828639189,1994-12-14
US_1133,Michael Brown,MichaelBrown@gmail.com,7082992760,1963-02-14
US_1134,Caitlin Perry,CaitlinPerry@gmail.com,8029050032,1967-06-01
US_1135,Rebekah Gregory,RebekahGregory@gmail.com,7906485498,1993-03-28
US_1136,James Howard,JamesHoward@gmail.com,9278465418,1992-10-18
US_1137,Michael Roberson,MichaelRoberson@gmail.com,8403563512,1978-11-08
US_1138,Bianca Knapp,BiancaKnapp@gmail.com,9236967907,1962-08-24
US_1139,Jason Williams,JasonWilliams@gmail.com,8548451632,1972-06-23
US_1140,Ernest Bush,ErnestBush@gmail.com,8665499915,1958-10-23
US_1141,Patricia Ray,PatriciaRay@gmail.com,7477695401,1980-01-16
US_1142,Vanessa Santiago,VanessaSantiago@gmail.com,8044195177,2000-08-18
US_1143,Joseph Haynes,JosephHaynes@gmail.com,7709419299,1999-11-09
US_1144,Matthew Wright,MatthewWright@gmail.com,9470751235,1981-08-12
US_1145,Michael Cruz,MichaelCruz@gmail.com,9315560639,1961-01-12
US_1146,Kristin Huerta,KristinHuerta@gmail.com,7006340387,1973-06-03
US_1147,Mason Moore,MasonMoore@gmail.com,7776784293,1968-07-18
US_1148,Sarah Booth,SarahBooth@gmail.com,8239062778,2001-12-08
US_1149,John Allen,JohnAllen@gmail.com,7314746405,1967-01-11
US_1150,Amber Walker,AmberWalker@gmail.com,8524622568,1981-10-22
US_1151,Jennifer Young,JenniferYoung@gmail.com,9589405089,1970-06-15
US_1152,Robert West,RobertWest@gmail.com,7888398388,1984-03-15
US_1153,Jillian Wilson,JillianWilson@gmail.com,9746198211,1991-01-10
US_1154,Matthew Garcia MD,MatthewGarcia@gmail.com,7537109892,1971-03-22
US_1155,April Davis,AprilDavis@gmail.com,8073232021,2003-05-05
US_1156,Lisa Torres,LisaTorres@gmail.com,8129828522,2001-04-01
US_1157,Christine Powers,ChristinePowers@gmail.com,7510467740,1988-09-27
US_1158,Heidi Brown,HeidiBrown@gmail.com,7816983262,1999-11-27
US_1159,Jesse Castro,JesseCastro@gmail.com,9703335667,1984-04-13
US_1160,Kara Sandoval,KaraSandoval@gmail.com,7354736304,1956-01-28
US_1161,Ashley Malone,AshleyMalone@gmail.com,9948250913,1991-05-16
US_1162,Glenn Gallegos,GlennGallegos@gmail.com,7597229012,1985-01-11
US_1163,Dorothy Boyd,DorothyBoyd@gmail.com,7201548744,1969-02-25
US_1164,Amber Martin,AmberMartin@gmail.com,8638896105,1982-03-29
US_1165,Mitchell Griffith,MitchellGriffith@gmail.com,8361203770,1993-09-13
US_1166,Levi Lopez,LeviLopez@gmail.com,9678708567,1995-09-16
US_1167,Jenna Bryant,JennaBryant@gmail.com,9093880776,1976-08-31
US_1168,Michelle Rodriguez,MichelleRodriguez@gmail.com,9504058526,1994-07-03
US_1169,Timothy Monroe,TimothyMonroe@gmail.com,8337054577,1999-05-22
US_1170,Patricia Hayes,PatriciaHayes@gmail.com,7389482987,1977-10-01
US_1171,Tina Taylor,TinaTaylor@gmail.com,7082982513,1967-12-09
US_1172,Mr. Anthony Mcconnell PhD,Mr.Anthony@gmail.com,9567933779,1973-05-27
US_1173,Mr. Thomas Thompson,Mr.Thomas@gmail.com,7865538945,1959-04-19
US_1174,Monica Anderson,MonicaAnderson@gmail.com,7226708136,2006-04-15
US_1175,Kyle Andrade,KyleAndrade@gmail.com,7090975167,1982-02-17
US_1176,Janice Petty,JanicePetty@gmail.com,8715678503,1976-01-04
US_1177,Pamela Hill,PamelaHill@gmail.com,7180127106,1988-12-23
US_1178,Tracy Chavez,TracyChavez@gmail.com,8945088054,2003-10-04
US_1179,Jason Graves,JasonGraves@gmail.com,7883019295,1960-01-13
US_1180,Elizabeth Miles,ElizabethMiles@gmail.com,8357679621,1981-01-13
US_1181,Michelle Walls,MichelleWalls@gmail.com,9561423006,1969-08-08
US_1182,Christina Weber,ChristinaWeber@gmail.com,8181558968,1972-02-28
US_1183,Gregory Chambers,GregoryChambers@gmail.com,8038804365,1983-05-21
US_1184,Miss Tina Gordon,MissTina@gmail.com,8557918099,2005-07-13
US_1185,Erica Wilson,EricaWilson@gmail.com,7218191809,1962-04-01
US_1186,John Duncan,JohnDuncan@gmail.com,8977836400,1963-05-19
US_1188,Donna Boone,DonnaBoone@gmail.com,8181881431,2005-09-07
US_1189,Kelly Johnson,KellyJohnson@gmail.com,8561428371,1972-03-16
US_1190,Michael Gonzalez,MichaelGonzalez@gmail.com,8626284515,2002-06-28
US_1191,Candace Mitchell,CandaceMitchell@gmail.com,9926268120,1971-12-23
US_1192,Ryan Vaughn,RyanVaughn@gmail.com,9571518173,1983-01-06
US_1193,Paul Johnson,PaulJohnson@gmail.com,9299437059,1965-11-20
US_1194,Ashley Parrish,AshleyParrish@gmail.com,9677439327,1969-02-07
US_1195,Sharon Newton,SharonNewton@gmail.com,8809793952,1969-06-23
US_1196,Cynthia Mueller,CynthiaMueller@gmail.com,8962372668,2000-07-08
US_1197,Donna Beck,DonnaBeck@gmail.com,9167694610,1997-07-10
US_1198,Jasmine Frye,JasmineFrye@gmail.com,7110619732,1955-07-02
US_1199,Emily Arnold,EmilyArnold@gmail.com,9616961036,1987-04-12
US_1200,David Oliver,DavidOliver@gmail.com,7960852872,1954-12-27
US_1201,Sheila Greer,SheilaGreer@gmail.com,8964825708,1986-10-30
US_1202,Michele Holland,MicheleHolland@gmail.com,7822294522,1970-12-15
US_1203,Kimberly Morrison,KimberlyMorrison@gmail.com,8951641178,1986-07-30
US_1204,Tracey Phillips,TraceyPhillips@gmail.com,9345534775,2006-01-06
US_1206,Jose Bennett,JoseBennett@gmail.com,7686566662,1993-07-16
US_1207,Justin Anderson,JustinAnderson@gmail.com,8239192913,1957-02-13
US_1208,Dawn Rivera,DawnRivera@gmail.com,8175307015,1995-07-02
US_1209,Brittney Hernandez,BrittneyHernandez@gmail.com,9226788220,1995-03-11
US_1210,Anthony Randolph,AnthonyRandolph@gmail.com,8336491250,1996-11-07
US_1211,Mary Henry,MaryHenry@gmail.com,7013579622,1994-08-06
US_1212,Heather Bowers,HeatherBowers@gmail.com,8248655346,1955-12-21
US_1213,Daniel White,DanielWhite@gmail.com,8721795487,1965-04-15
US_1214,Jonathan Perry,JonathanPerry@gmail.com,7350987135,1956-05-30
US_1215,Anna Walker,AnnaWalker@gmail.com,8526195734,1980-08-28
US_1216,Gary Ward,GaryWard@gmail.com,8078404565,1994-12-31
US_1217,Paul Moreno,PaulMoreno@gmail.com,8585137206,1991-06-12
US_1218,Samantha Zavala MD,SamanthaZavala@gmail.com,9539759339,1984-06-18
US_1219,Jill Conway,JillConway@gmail.com,9236374020,1979-01-26
US_1220,Lisa Haley,LisaHaley@gmail.com,7858235159,1987-07-14
US_1221,Erica Moon,EricaMoon@gmail.com,9609292527,1965-05-29
US_1222,Janice Fernandez,JaniceFernandez@gmail.com,9202316645,1959-10-27
US_1223,Thomas Short,ThomasShort@gmail.com,9991951983,1958-12-19
US_1224,Robert Griffin,RobertGriffin@gmail.com,7434918435,1989-10-13
US_1225,Steven Lee,StevenLee@gmail.com,7661008252,1974-06-13
US_1226,Tiffany Jackson,TiffanyJackson@gmail.com,9994055733,1972-06-24
US_1227,Kimberly Smith,KimberlySmith@gmail.com,9804359798,2003-09-22
US_1228,Michael Ayala,MichaelAyala@gmail.com,8586103565,1964-03-04
US_1230,Michele Cherry,MicheleCherry@gmail.com,9009889193,1963-10-23
US_1231,Maria Case,MariaCase@gmail.com,8511916574,2004-03-30
US_1232,Brittany Stevens,BrittanyStevens@gmail.com,8920972991,1981-06-08
US_1233,Brandon Brown,BrandonBrown@gmail.com,9421297598,1956-08-28
US_1234,Kristin Andrews,KristinAndrews@gmail.com,9773219934,1973-09-19
US_1235,David Hughes,DavidHughes@gmail.com,7187194391,1955-01-01
US_1237,Kimberly May,KimberlyMay@gmail.com,9950232865,2001-03-18
US_1238,Nicole Richards,NicoleRichards@gmail.com,8234283159,1975-08-09
US_1239,Angel Reilly,AngelReilly@gmail.com,8665244973,2004-08-09
US_1240,Richard Turner,RichardTurner@gmail.com,9561231672,1996-10-17
US_1241,Preston Kim,PrestonKim@gmail.com,7928913204,1998-11-16
US_1242,Matthew Wells,MatthewWells@gmail.com,8065531752,1987-06-24
US_1243,Brandy Myers,BrandyMyers@gmail.com,9037459184,1981-05-24
US_1244,Kimberly Choi,KimberlyChoi@gmail.com,9056286483,1964-05-01
US_1245,Michael Sloan,MichaelSloan@gmail.com,8635450362,1982-12-11
US_1246,Monica Brooks,MonicaBrooks@gmail.com,8613672637,2003-01-16
US_1247,Kristen Peters,KristenPeters@gmail.com,9987960049,1959-12-24
US_1248,Aaron Carlson,AaronCarlson@gmail.com,9979872499,1956-06-29
US_1249,Theresa Torres,TheresaTorres@gmail.com,9235789273,1994-11-26
US_1250,Stephanie Cooper,StephanieCooper@gmail.com,7491397963,1966-02-15
US_1251,Matthew Hunt,MatthewHunt@gmail.com,8548923724,1965-07-02
US_1252,Daniel Davenport,DanielDavenport@gmail.com,8811214859,1986-03-13
US_1253,Christopher Marsh,ChristopherMarsh@gmail.com,7312769421,1978-06-07
US_1254,Sarah Randolph,SarahRandolph@gmail.com,9151274018,1958-05-21
US_1255,Julia Dunn MD,JuliaDunn@gmail.com,7554364479,1963-02-05
US_1256,Brett Swanson,BrettSwanson@gmail.com,7767918959,1987-06-17
US_1257,Mr. Carl Rios,Mr.Carl@gmail.com,7368474335,1960-03-28
US_1258,Manuel Mccullough,ManuelMccullough@gmail.com,7697356496,1994-03-31
US_1259,Jerry Jensen,JerryJensen@gmail.com,7376191346,1968-11-20
US_1260,Kevin Cunningham,KevinCunningham@gmail.com,8465579438,1992-06-16
US_1261,Eugene Patterson,EugenePatterson@gmail.com,8850173841,1992-11-18
US_1262,David Walker,DavidWalker@gmail.com,9873694237,1974-07-07
US_1263,Jessica Larsen,JessicaLarsen@gmail.com,8416902433,2004-04-13
US_1264,Nicholas Humphrey,NicholasHumphrey@gmail.com,8564726950,2006-02-04
US_1265,Ian Torres,IanTorres@gmail.com,9613342432,1998-05-08
US_1266,Casey Obrien,CaseyObrien@gmail.com,7706798808,1962-02-23
US_1267,Shannon Taylor,ShannonTaylor@gmail.com,8386147101,1975-02-17
US_1268,Deborah Mercado,DeborahMercado@gmail.com,8772805314,1995-10-20
US_1269,Bernard Smith,BernardSmith@gmail.com,9947021487,1991-06-04
US_1270,Amanda Perkins,AmandaPerkins@gmail.com,8751852288,2001-07-13
US_1271,Kevin Escobar,KevinEscobar@gmail.com,8597931484,2004-06-27
US_1272,Kimberly Lutz,KimberlyLutz@gmail.com,7630710782,1971-04-19
US_1273,Reginald Diaz,ReginaldDiaz@gmail.com,9125577411,2003-11-22
US_1274,Raymond Quinn,RaymondQuinn@gmail.com,7863699901,2001-06-24
US_1275,John Dixon,JohnDixon@gmail.com,7153040398,1963-03-09
US_1276,Jonathan Bates,JonathanBates@gmail.com,7233577533,1986-01-28
US_1277,Renee Mendez,ReneeMendez@gmail.com,9423627013,1967-06-04
US_1278,Jose Griffin,JoseGriffin@gmail.com,9269448688,1999-09-03
US_1279,Travis Hopkins,TravisHopkins@gmail.com,7758397463,2004-12-05
US_1280,Nancy Webb,NancyWebb@gmail.com,9048366382,1964-02-18
US_1281,Daniel Freeman,DanielFreeman@gmail.com,7875591077,1976-05-27
US_1282,Jacob Williams,JacobWilliams@gmail.com,9332275076,1999-08-10
US_1283,Terry Ward,TerryWard@gmail.com,8618166041,2007-02-17
US_1284,Jesse Williams,JesseWilliams@gmail.com,7349113081,1963-05-03
US_1285,Mrs. Michele Boyd,Mrs.Michele@gmail.com,9958343444,1974-09-18
US_1286,Sandy Baker,SandyBaker@gmail.com,7455428265,1985-07-12
US_1287,Carrie Valdez,CarrieValdez@gmail.com,7917016145,1960-11-13
US_1288,Matthew Houston,MatthewHouston@gmail.com,8303885754,1988-07-13
US_1289,Jamie Solomon,JamieSolomon@gmail.com,9736236716,1996-09-26
US_1290,Heather Parrish,HeatherParrish@gmail.com,8046148089,1974-11-26
US_1291,Mr. Larry Shaw,Mr.Larry@gmail.com,9877257235,1995-04-27
US_1292,Christopher Jones,ChristopherJones@gmail.com,7537320397,1971-10-19
US_1293,Christine Lopez,ChristineLopez@gmail.com,9569617366,1996-10-08
US_1294,Mitchell Wilson,MitchellWilson@gmail.com,9720452443,1971-04-01
US_1295,Robert Cortez,RobertCortez@gmail.com,9010425118,1988-03-30
US_1296,Mr. Daniel Martin,Mr.Daniel@gmail.com,8401844023,1998-09-04
US_1297,Alison Williams,AlisonWilliams@gmail.com,9144708298,1983-08-08
US_1298,Candace Soto,CandaceSoto@gmail.com,9646916812,1956-07-12
US_1299,Kenneth Brown,KennethBrown@gmail.com,9962883346,1991-07-11
US_1300,Christopher Mullen,ChristopherMullen@gmail.com,9599620420,1992-02-21
US_1301,Kristy Smith,KristySmith@gmail.com,9118942003,1987-09-10
US_1302,Mary Campbell,MaryCampbell@gmail.com,9122994128,1960-08-02
US_1303,Jerry Haney,JerryHaney@gmail.com,9313242364,1991-08-11
US_1304,Carolyn Greer,CarolynGreer@gmail.com,9939388343,1990-05-04
US_1305,Rebecca Hoover,RebeccaHoover@gmail.com,8540268736,1960-03-13
US_1306,Matthew Baker,MatthewBaker@gmail.com,7499219808,1969-03-19
US_1307,Grace Chavez,GraceChavez@gmail.com,8227457718,1967-01-25
US_1308,Crystal Cruz,CrystalCruz@gmail.com,7959901864,1971-10-28
US_1309,Dale Heath,DaleHeath@gmail.com,7439483859,1994-05-22
US_1311,John Mendez,JohnMendez@gmail.com,7777295075,1994-11-12
US_1312,Richard Gordon,RichardGordon@gmail.com,7617273570,1971-09-21
US_1314,Samantha Prince,SamanthaPrince@gmail.com,7711021595,1973-04-13
US_1315,Marie Boyd,MarieBoyd@gmail.com,8449643684,1985-06-15
US_1316,Andrew Moreno,AndrewMoreno@gmail.com,9064082838,2000-12-11
US_1317,Robert Clarke,RobertClarke@gmail.com,9867445865,1999-09-09
US_1318,Kevin Figueroa,KevinFigueroa@gmail.com,7935509600,1969-08-25
US_1319,Melissa Davis,MelissaDavis@gmail.com,7459941005,1996-07-25
US_1320,John Hall,JohnHall@gmail.com,9997776564,1958-11-22
US_1321,Diane Mcdowell,DianeMcdowell@gmail.com,8159048678,2000-04-13
US_1322,Colin Fletcher,ColinFletcher@gmail.com,9994440449,1991-03-21
US_1323,Laura Wilson,LauraWilson@gmail.com,9105817974,1990-09-08
US_1324,Matthew Watts,MatthewWatts@gmail.com,9110547256,1958-12-07
US_1325,Jack Moore,JackMoore@gmail.com,8301779566,2004-12-30
US_1326,Dawn Wyatt,DawnWyatt@gmail.com,8294990063,1976-07-05
US_1327,Jacob Hill,JacobHill@gmail.com,7661304005,1967-02-02
US_1328,Nicole Gutierrez,NicoleGutierrez@gmail.com,8847511917,1957-02-20
US_1329,Karen Wood,KarenWood@gmail.com,8358781987,1955-08-10
US_1330,Dawn Parker,DawnParker@gmail.com,8182851245,1979-02-08
US_1331,Michael Fitzgerald,MichaelFitzgerald@gmail.com,7350226269,1970-04-08
US_1332,Mary Adkins,MaryAdkins@gmail.com,7477329985,1983-02-08
US_1333,Michael Martin,MichaelMartin@gmail.com,7068348075,1972-05-26
US_1334,James Morgan,JamesMorgan@gmail.com,7887031644,2000-03-10
US_1335,Melissa Mann,MelissaMann@gmail.com,8503357238,1963-11-12
US_1336,Vincent Smith,VincentSmith@gmail.com,8206551141,1972-06-23
US_1337,Charles Frost,CharlesFrost@gmail.com,9959272789,2002-06-23
US_1338,Austin Walker,AustinWalker@gmail.com,7871647698,1954-09-04
US_1339,Andrew Cruz,AndrewCruz@gmail.com,8665078439,1978-02-07
US_1340,Miss Kelly Dawson,MissKelly@gmail.com,7402124844,1971-04-10
US_1341,Theresa Wilkins,TheresaWilkins@gmail.com,8142298686,1961-11-17
US_1342,Jessica Harris,JessicaHarris@gmail.com,7580671971,1963-09-29
US_1343,Regina Mitchell,ReginaMitchell@gmail.com,7981181710,1978-02-04
US_1344,Kyle Black,KyleBlack@gmail.com,8047237672,1991-08-02
US_1345,Christopher Johnson,ChristopherJohnson@gmail.com,7349429808,1967-12-10
US_1346,Aaron Moore,AaronMoore@gmail.com,8276641881,1982-04-12
US_1347,Penny Gomez MD,PennyGomez@gmail.com,9832300514,1974-09-19
US_1348,Kelly Mclaughlin,KellyMclaughlin@gmail.com,7526509638,1997-12-16
US_1349,Brandon Mitchell,BrandonMitchell@gmail.com,7768178902,1960-12-07
US_1350,Suzanne Bailey,SuzanneBailey@gmail.com,7955306261,1995-08-01
US_1351,Destiny Obrien,DestinyObrien@gmail.com,9978603902,1970-05-29
US_1352,Timothy Andrews,TimothyAndrews@gmail.com,7607980182,1999-01-09
US_1353,Jason Rodriguez,JasonRodriguez@gmail.com,8810913342,1973-04-26
US_1354,Edward Arroyo,EdwardArroyo@gmail.com,9687077568,1992-04-18
US_1355,Tina Walter,TinaWalter@gmail.com,9425840154,2002-09-12
US_1356,Laura Benson,LauraBenson@gmail.com,8336262026,1966-07-11
US_1357,Kristine Carrillo,KristineCarrillo@gmail.com,8077708717,1996-02-08
US_1358,Tonya Ellis,TonyaEllis@gmail.com,9313015382,1963-12-01
US_1359,Kevin Johnson,KevinJohnson@gmail.com,7396116182,1981-07-26
US_1360,Austin Schultz,AustinSchultz@gmail.com,8391768705,1982-08-12
US_1361,Megan Hall MD,MeganHall@gmail.com,8947512275,1965-01-10
US_1362,Kelli Smith,KelliSmith@gmail.com,9781160107,2005-07-30
US_1363,Danielle Davis,DanielleDavis@gmail.com,7337985841,1994-06-28
US_1364,Samantha Jones,SamanthaJones@gmail.com,7423423465,1998-02-07
US_1365,Karen Gomez,KarenGomez@gmail.com,7443156611,1999-08-26
US_1366,Debra Valentine,DebraValentine@gmail.com,7640915733,1989-11-16
US_1367,Susan Porter,SusanPorter@gmail.com,7108143668,1999-07-31
US_1368,Nicolas Salas,NicolasSalas@gmail.com,7253964373,1998-12-01
US_1369,Dale Wright,DaleWright@gmail.com,9692779368,1998-02-08
US_1370,Brittney Rodriguez,BrittneyRodriguez@gmail.com,7511368287,1965-10-07
US_1371,Megan Alvarado,MeganAlvarado@gmail.com,8795563288,1972-12-15
US_1372,Pamela Weaver,PamelaWeaver@gmail.com,7870151437,1963-12-13
US_1373,John Oliver,JohnOliver@gmail.com,7962310560,2007-01-04
US_1374,William Prince PhD,WilliamPrince@gmail.com,7687824931,1968-07-29
US_1375,William Moon IV,WilliamMoon@gmail.com,7471697484,1963-08-30
US_1377,Karen Fernandez,KarenFernandez@gmail.com,9478530374,1962-08-15
US_1378,Jennifer Parks,JenniferParks@gmail.com,8066759040,1970-04-27
US_1379,William Wolfe,WilliamWolfe@gmail.com,7201961031,1978-06-26
US_1380,Michael Smith,MichaelSmith@gmail.com,8741613577,1970-03-21
US_1381,Kevin Nguyen,KevinNguyen@gmail.com,7657041996,2004-10-25
US_1382,Debbie Dunn,DebbieDunn@gmail.com,7771449307,2003-04-20
US_1383,John Austin,JohnAustin@gmail.com,8919014560,1983-07-05
US_1384,Jonathan Clark,JonathanClark@gmail.com,7900035726,1990-01-31
US_1385,Jacqueline Dickerson,JacquelineDickerson@gmail.com,8024882020,1999-03-10
US_1386,Christopher Anderson,ChristopherAnderson@gmail.com,8836675638,1962-08-07
US_1387,Crystal Garcia,CrystalGarcia@gmail.com,9475480596,1996-06-16
US_1388,David Reynolds,DavidReynolds@gmail.com,9378195091,1985-06-27
US_1389,Charles Haley,CharlesHaley@gmail.com,8668693219,1965-02-24
US_1390,Robert Thompson,RobertThompson@gmail.com,7254108147,2005-11-02
US_1391,Dr. Samuel Holmes DDS,Dr.Samuel@gmail.com,8849981826,1997-10-27
US_1392,Elizabeth Hart,ElizabethHart@gmail.com,7374259960,1973-09-14
US_1393,Jennifer Vaughn,JenniferVaughn@gmail.com,7840219765,2005-02-09
US_1394,Robert Woods,RobertWoods@gmail.com,8460120702,1994-02-27
US_1395,Joanna Cook,JoannaCook@gmail.com,9948302000,2000-12-30
US_1396,Justin Frederick,JustinFrederick@gmail.com,7821510707,1960-02-23
US_1397,Alejandro Martinez,AlejandroMartinez@gmail.com,7392353673,1958-03-03
US_1398,Tracey Gonzalez,TraceyGonzalez@gmail.com,8766796955,1966-03-07
US_1399,Mariah Thompson,MariahThompson@gmail.com,8987339058,2000-08-10
US_1400,Heather Nunez,HeatherNunez@gmail.com,9644598594,1962-04-25
US_1401,Dr. Steve James,Dr.Steve@gmail.com,9044814703,1961-11-30
US_1402,Mark Thomas,MarkThomas@gmail.com,7054695268,1988-08-10
US_1403,Robert Rogers,RobertRogers@gmail.com,7661325354,1983-03-22
US_1404,Laura Sweeney,LauraSweeney@gmail.com,9070946405,1967-11-22
US_1405,Christopher Perez,ChristopherPerez@gmail.com,8636081429,1987-07-14
US_1406,Eddie Adams,EddieAdams@gmail.com,8540362789,1969-12-31
US_1407,Denise Wallace,DeniseWallace@gmail.com,9682879094,1979-01-16
US_1408,Heidi Matthews,HeidiMatthews@gmail.com,9127904047,1988-10-12
US_1409,Jennifer White,JenniferWhite@gmail.com,8654496620,1965-08-17
US_1410,Nicholas Stanley,NicholasStanley@gmail.com,7518767822,2003-05-11
US_1411,Mercedes Miller,MercedesMiller@gmail.com,9927402393,1968-05-09
US_1412,Brian Brown,BrianBrown@gmail.com,8102574044,1956-04-04
US_1413,Kimberly Johnson,KimberlyJohnson@gmail.com,9282598418,1980-09-16
US_1414,Phillip Miller,PhillipMiller@gmail.com,9848738850,1983-07-19
US_1415,Christopher Pena,ChristopherPena@gmail.com,9880216201,1962-01-20
US_1416,Ellen Wright,EllenWright@gmail.com,8907282279,1973-12-07
US_1417,Mark Anderson,MarkAnderson@gmail.com,7425671634,1975-10-24
US_1418,Alyssa Alvarado,AlyssaAlvarado@gmail.com,7641524443,2005-10-21
US_1419,Erika Alvarez,ErikaAlvarez@gmail.com,7970947810,1956-05-31
US_1420,Kimberly Nelson,KimberlyNelson@gmail.com,8838278459,2006-01-12
US_1421,Wayne Wolfe,WayneWolfe@gmail.com,7586742106,1975-06-15
US_1422,Kyle Welch,KyleWelch@gmail.com,7462454095,1990-06-16
US_1423,Kristy Mills,KristyMills@gmail.com,8472015062,1976-01-11
US_1424,Emily Reed,EmilyReed@gmail.com,9605053063,1976-04-16
US_1425,Regina Ramos,ReginaRamos@gmail.com,9401708983,1988-05-14
US_1426,David Torres,DavidTorres@gmail.com,8367930448,1958-10-02
US_1427,Robert Charles,RobertCharles@gmail.com,9355480647,1987-03-14
US_1428,John Smith,JohnSmith@gmail.com,7529328640,1996-06-23
US_1429,Theresa Woods,TheresaWoods@gmail.com,9571712376,1997-04-27
US_1430,Jeffrey Carter,JeffreyCarter@gmail.com,7799107727,1986-03-28
US_1431,Adam Brooks,AdamBrooks@gmail.com,7032549026,1985-11-21
US_1432,Justin Foster,JustinFoster@gmail.com,7785072189,1993-03-10
US_1433,Omar Price,OmarPrice@gmail.com,8159475779,1981-04-27
US_1434,Dennis Henderson,DennisHenderson@gmail.com,8616846127,1996-02-05
US_1435,Phillip Kent,PhillipKent@gmail.com,9981949420,1978-06-02
US_1436,Melinda Mitchell,MelindaMitchell@gmail.com,9815014881,1979-10-13
US_1437,Rhonda Gutierrez,RhondaGutierrez@gmail.com,8039315331,1994-01-26
US_1438,Catherine Roberts,CatherineRoberts@gmail.com,9958209946,1996-09-10
US_1439,Lisa Nelson,LisaNelson@gmail.com,9051359714,1974-07-14
US_1440,Chelsea Smith,ChelseaSmith@gmail.com,8200196084,1960-11-05
US_1441,Joseph Lopez,JosephLopez@gmail.com,7089554664,1975-03-18
US_1442,Derrick Espinoza,DerrickEspinoza@gmail.com,7067803300,1963-11-28
US_1443,Crystal Hernandez,CrystalHernandez@gmail.com,8873296234,1971-03-11
US_1444,Glenn Collins DDS,GlennCollins@gmail.com,8258345685,1975-10-06
US_1445,Mrs. Raven Rivera DVM,Mrs.Raven@gmail.com,9615203095,1964-10-18
US_1446,Amy Rowe,AmyRowe@gmail.com,7907463364,1991-08-07
US_1447,John Lee,JohnLee@gmail.com,9525744579,1979-08-19
US_1448,Ruth Clayton,RuthClayton@gmail.com,7870156610,1954-08-26
US_1449,Randy Wright,RandyWright@gmail.com,7306761772,2006-12-16
US_1450,Jessica Rojas,JessicaRojas@gmail.com,8377780270,1995-04-18
US_1451,Joel Wise,JoelWise@gmail.com,8601930682,1964-12-16
US_1452,Vickie Kennedy,VickieKennedy@gmail.com,8996225147,1961-03-15
US_1453,Emily Morris,EmilyMorris@gmail.com,8373997914,1974-05-06
US_1454,Amanda Pineda,AmandaPineda@gmail.com,7070098384,2006-05-28
US_1455,Dawn Little,DawnLittle@gmail.com,7913497078,1985-10-30
US_1456,Stephen Boyer,StephenBoyer@gmail.com,8114324911,1967-12-28
US_1457,Brian Chen,BrianChen@gmail.com,7906389074,1956-02-01
US_1458,Christopher Hill,ChristopherHill@gmail.com,9378159089,1958-02-18
US_1460,Richard Alvarez,RichardAlvarez@gmail.com,7878470805,1980-02-18
US_1461,Jacqueline Davis,JacquelineDavis@gmail.com,7342543609,1971-06-12
US_1462,Brandon Montgomery,BrandonMontgomery@gmail.com,9074636054,1993-10-24
US_1463,Yolanda Garrett,YolandaGarrett@gmail.com,8808751726,1980-11-03
US_1464,Matthew Miles,MatthewMiles@gmail.com,8265048787,1969-02-22
US_1465,Beth Hall,BethHall@gmail.com,7184674709,1979-06-20
US_1466,Dr. Nicole Trujillo,Dr.Nicole@gmail.com,8807274901,1997-05-07
US_1467,Corey Norris,CoreyNorris@gmail.com,7427383208,1999-08-12
US_1468,Chad Roach,ChadRoach@gmail.com,9186508335,1992-12-12
US_1469,Mr. Edward Terry,Mr.Edward@gmail.com,7814431402,1963-07-05
US_1470,Cody Bailey,CodyBailey@gmail.com,8108044595,1964-08-06
US_1471,Denise Guerra,DeniseGuerra@gmail.com,7475922703,1978-08-30
US_1472,Kristen Jones,KristenJones@gmail.com,7493722775,1977-06-17
US_1473,Edward Baker,EdwardBaker@gmail.com,8387786648,1999-01-08
US_1474,Aaron Little,AaronLittle@gmail.com,8058537973,1989-11-06
US_1475,Cody Smith,CodySmith@gmail.com,9786480464,1995-08-28
US_1476,Patty Allen,PattyAllen@gmail.com,9984213041,1969-03-20
US_1477,Mary Ryan,MaryRyan@gmail.com,8284457531,2003-12-03
US_1478,Joseph Jimenez,JosephJimenez@gmail.com,9765223137,1991-06-30
US_1479,Lisa Morris,LisaMorris@gmail.com,7586105407,1997-03-18
US_1480,Ashley Mills,AshleyMills@gmail.com,7905746611,1986-08-17
US_1481,Russell Anderson,RussellAnderson@gmail.com,7457093349,1974-05-22
US_1482,Christina Washington,ChristinaWashington@gmail.com,8508157130,1963-12-19
US_1483,Kenneth Huff,KennethHuff@gmail.com,8737526474,1997-05-23
US_1484,Kelly Miles,KellyMiles@gmail.com,7708801822,1955-08-09
US_1485,Jacob Obrien,JacobObrien@gmail.com,8206055536,1979-09-16
US_1486,Timothy Clark,TimothyClark@gmail.com,8136374658,1964-07-13
US_1487,Steve Miller PhD,SteveMiller@gmail.com,8906655414,2003-07-15
US_1488,Justin Hurley,JustinHurley@gmail.com,8502941144,1994-01-04
US_1489,Jacob Erickson,JacobErickson@gmail.com,8517133485,1967-03-06
US_1490,Deborah Williams,DeborahWilliams@gmail.com,8548464341,2001-01-23
US_1491,Eric Blackburn,EricBlackburn@gmail.com,9526025766,1962-03-10
US_1492,Anne Hardy,AnneHardy@gmail.com,8249804590,1975-11-20
US_1493,Chelsey Fox,ChelseyFox@gmail.com,9357437626,1989-04-06
US_1494,Mario White,MarioWhite@gmail.com,7457418772,1988-01-09
US_1495,Jennifer Garcia,JenniferGarcia@gmail.com,8520134665,1958-12-26
US_1496,Heather Ellis,HeatherEllis@gmail.com,7443593332,1974-10-26
US_1497,Sonya Jackson,SonyaJackson@gmail.com,7075778860,1971-08-12
US_1499,Zachary Ramos,ZacharyRamos@gmail.com,8277351678,1979-06-14
US_1500,Ethan Frey,EthanFrey@gmail.com,8082896134,1974-01-12
US_1501,Jacob Duran,JacobDuran@gmail.com,9634799726,1995-01-21
US_1502,Nicholas Franklin,NicholasFranklin@gmail.com,7724848675,1999-07-14
US_1503,Cindy Cannon,CindyCannon@gmail.com,7183553804,1996-10-18
US_1504,Dawn Nixon,DawnNixon@gmail.com,9002861270,1999-09-13
US_1505,James Barber,JamesBarber@gmail.com,7521985003,1995-07-23
US_1506,Ms. Kelly Holder,Ms.Kelly@gmail.com,8955342466,1986-08-12
US_1507,Eric Walker,EricWalker@gmail.com,7841205697,1960-07-18
US_1508,Alison Short,AlisonShort@gmail.com,7310569257,1988-05-16
US_1509,Desiree Spencer,DesireeSpencer@gmail.com,8309878291,2005-11-26
US_1510,Tammy Moore,TammyMoore@gmail.com,8186724836,1957-02-18
US_1511,Henry Taylor,HenryTaylor@gmail.com,8440470891,1983-07-08
US_1512,Kevin Hall,KevinHall@gmail.com,8993657764,1998-01-13
US_1513,Anna Ross,AnnaRoss@gmail.com,9184074103,1960-03-28
US_1514,Morgan Cummings,MorganCummings@gmail.com,7598232576,1965-11-23
US_1515,Carrie Petersen,CarriePetersen@gmail.com,7193523054,1992-01-07
US_1516,Laura Velez,LauraVelez@gmail.com,7662549888,1965-06-06
US_1517,Elizabeth Cross,ElizabethCross@gmail.com,7835735671,1963-06-22
US_1518,Angela Brown,AngelaBrown@gmail.com,7784676753,2006-02-10
US_1519,Hannah Montoya,HannahMontoya@gmail.com,7048218339,2006-02-07
US_1520,Sean Kane,SeanKane@gmail.com,8244935729,1998-05-13
US_1521,Matthew Guzman,MatthewGuzman@gmail.com,9487632438,1986-04-23
US_1522,Richard Reyes,RichardReyes@gmail.com,9856257026,1986-09-01
US_1523,Andrew Fernandez,AndrewFernandez@gmail.com,9763510468,1981-07-23
US_1524,Jonathan Walker,JonathanWalker@gmail.com,7054231610,1994-02-06
US_1525,Nicholas Long,NicholasLong@gmail.com,8836014071,2000-07-05
US_1526,Kurt Wagner,KurtWagner@gmail.com,7041120107,1960-07-21
US_1527,Dylan Foster,DylanFoster@gmail.com,7623336120,1980-06-26
US_1528,Bradley Duncan,BradleyDuncan@gmail.com,9937333854,1954-11-14
US_1529,James Miller,JamesMiller@gmail.com,9818500376,1997-03-23
US_1530,Patricia Anderson,PatriciaAnderson@gmail.com,7732217187,1980-08-06
US_1531,Justin Freeman,JustinFreeman@gmail.com,7522561333,1992-05-20
US_1532,Christina Gilbert,ChristinaGilbert@gmail.com,7612335354,1959-02-26
US_1533,Danielle Jones,DanielleJones@gmail.com,8881100225,1982-12-27
US_1534,Erica Glass,EricaGlass@gmail.com,7225834158,1979-05-25
US_1535,Michael Henderson,MichaelHenderson@gmail.com,8372653206,1966-08-12
US_1536,Frank Wheeler,FrankWheeler@gmail.com,8692585141,2001-08-27
US_1537,Eric Huerta,EricHuerta@gmail.com,7223464844,1966-12-21
US_1538,Wanda Ramos,WandaRamos@gmail.com,8353562511,1988-07-13
US_1539,Andrew Meyers,AndrewMeyers@gmail.com,9032284201,1966-08-12
US_1540,James Todd,JamesTodd@gmail.com,9269273151,1974-02-20
US_1541,Ashley Brown,AshleyBrown@gmail.com,7763246172,1971-06-21
US_1542,Tammy Melton,TammyMelton@gmail.com,8314915943,1982-10-08
US_1543,Alexis Benson,AlexisBenson@gmail.com,8166613618,1974-09-12
US_1544,Jerry Johnson,JerryJohnson@gmail.com,7173700867,1994-03-04
US_1545,Joshua Harris,JoshuaHarris@gmail.com,7555371690,2001-10-20
US_1546,Deanna Webb,DeannaWebb@gmail.com,9380165840,1986-12-15
US_1547,Brenda Hale,BrendaHale@gmail.com,7469164692,1973-07-05
US_1548,Kevin Alvarado,KevinAlvarado@gmail.com,9520688758,1966-01-17
US_1549,Christopher Campbell,ChristopherCampbell@gmail.com,9214652128,1988-07-14
US_1550,Lisa Brown,LisaBrown@gmail.com,9261166808,1987-10-02
US_1551,Alejandra Price,AlejandraPrice@gmail.com,8816691815,1997-08-18
US_1552,Samuel Keller,SamuelKeller@gmail.com,9878360975,1969-09-30
US_1553,Alicia Dillon,AliciaDillon@gmail.com,9026400340,1958-02-18
US_1554,Crystal James,CrystalJames@gmail.com,8903070527,1954-05-31
US_1555,Ariana Stewart,ArianaStewart@gmail.com,7819556717,1956-11-19
US_1556,Kim Lopez,KimLopez@gmail.com,7081382055,2005-09-02
US_1557,Judith House,JudithHouse@gmail.com,9601282426,2005-12-31
US_1558,David Moreno,DavidMoreno@gmail.com,7875203060,2003-05-31
US_1559,James Moore,JamesMoore@gmail.com,8857705447,1966-03-03
US_1560,Harold Garrett,HaroldGarrett@gmail.com,7558197260,1978-07-12
US_1561,William Mason,WilliamMason@gmail.com,8438882544,2005-10-25
US_1562,Lori Johns,LoriJohns@gmail.com,7756291336,1958-07-12
US_1563,Robin Johnson,RobinJohnson@gmail.com,9769410149,1981-09-25
US_1564,Diana Hernandez,DianaHernandez@gmail.com,7995536947,1985-09-19
US_1566,Tyler Salazar,TylerSalazar@gmail.com,7963801385,1965-06-18
US_1567,Crystal Allen,CrystalAllen@gmail.com,9537519607,2002-10-16
US_1568,Wesley Browning,WesleyBrowning@gmail.com,9112436178,1994-08-28
US_1569,Joshua Clark,JoshuaClark@gmail.com,7703444568,1974-12-29
US_1570,Joshua Mcbride,JoshuaMcbride@gmail.com,8719618021,1957-08-17
US_1571,Ellen Thornton,EllenThornton@gmail.com,7022420191,1992-06-21
US_1572,Brandy Forbes,BrandyForbes@gmail.com,8113114621,1956-10-14
US_1573,Brianna Fitzpatrick,BriannaFitzpatrick@gmail.com,9795626506,1956-09-07
US_1574,Emily Grant,EmilyGrant@gmail.com,7491432888,1973-07-15
US_1575,Bailey Stewart,BaileyStewart@gmail.com,9610221681,1965-08-31
US_1576,Monica Cannon,MonicaCannon@gmail.com,7219970031,1954-09-12
US_1577,Jennifer Jenkins,JenniferJenkins@gmail.com,9262577207,1970-09-30
US_1578,Timothy Shannon,TimothyShannon@gmail.com,9553828372,1981-06-05
US_1579,Denise Maxwell,DeniseMaxwell@gmail.com,8659704827,1986-06-07
US_1580,Cody Farmer,CodyFarmer@gmail.com,7307940046,1992-12-19
US_1581,Debra Bradley,DebraBradley@gmail.com,9203411800,1987-08-25
US_1582,David Mcdaniel,DavidMcdaniel@gmail.com,9869978073,1981-09-01
US_1583,Michael Woods,MichaelWoods@gmail.com,9954533698,1960-04-06
US_1584,Lisa Joseph,LisaJoseph@gmail.com,9920406311,1980-05-11
US_1585,Samuel Henry,SamuelHenry@gmail.com,9319071436,1960-10-14
US_1586,Corey Johnson,CoreyJohnson@gmail.com,8656071953,1982-09-09
US_1587,Alexis Nelson,AlexisNelson@gmail.com,8025805838,1976-10-31
US_1588,Patrick Mcneil,PatrickMcneil@gmail.com,8630220011,1987-09-22
US_1589,Andrea Ho,AndreaHo@gmail.com,7610905343,1992-11-16
US_1590,Dr. Katherine Nguyen,Dr.Katherine@gmail.com,8717815570,1975-07-10
US_1591,David Sullivan,DavidSullivan@gmail.com,8503366833,1988-09-30
US_1592,Nicolas James,NicolasJames@gmail.com,9148966950,2002-11-18
US_1593,Logan Newton,LoganNewton@gmail.com,8379060680,1989-12-30
US_1594,Kelly Liu,KellyLiu@gmail.com,7765734723,1966-08-16
US_1595,Kelly Hayes,KellyHayes@gmail.com,9592641338,1971-10-16
US_1596,Amanda Forbes,AmandaForbes@gmail.com,8346542838,1961-09-25
US_1597,Jennifer Moss,JenniferMoss@gmail.com,8203574172,1997-08-17
US_1598,Kelli Mccoy,KelliMccoy@gmail.com,7869051228,1968-09-05
US_1599,Eddie Sanders,EddieSanders@gmail.com,9833062847,1997-10-14
US_1600,Ronald Murray,RonaldMurray@gmail.com,7550716752,1979-01-04
US_1601,Louis Brown,LouisBrown@gmail.com,8291994955,1987-05-11
US_1602,Brenda Gallegos,BrendaGallegos@gmail.com,9913864792,1967-07-20
US_1604,Teresa Horton,TeresaHorton@gmail.com,7017471313,2002-09-17
US_1605,Jason Hayes,JasonHayes@gmail.com,7772313739,1983-06-04
US_1606,Kevin Marquez,KevinMarquez@gmail.com,8755355304,1962-08-22
US_1607,Jesse Wright,JesseWright@gmail.com,7425520589,2004-05-11
US_1608,Susan Hogan,SusanHogan@gmail.com,9646505022,2001-11-04
US_1609,Becky Wilson,BeckyWilson@gmail.com,8847104308,1997-10-09
US_1610,Jack Mills,JackMills@gmail.com,7772645905,1989-08-26
US_1611,Richard Hunt,RichardHunt@gmail.com,9619406270,1999-10-29
US_1612,Jamie James,JamieJames@gmail.com,8829438232,1983-09-28
US_1613,Susan Cunningham,SusanCunningham@gmail.com,9217718394,1967-01-19
US_1614,Brittany Melton,BrittanyMelton@gmail.com,7021481056,2003-06-14
US_1615,Michael Barnes,MichaelBarnes@gmail.com,8123703887,1985-11-21
US_1616,Randy Griffin,RandyGriffin@gmail.com,7301289142,1968-05-01
US_1617,Autumn Anderson,AutumnAnderson@gmail.com,9354353417,1973-12-07
US_1618,Marcus King,MarcusKing@gmail.com,9178744242,1999-04-12
US_1619,Scott Stephens,ScottStephens@gmail.com,8791831814,1964-05-29
US_1620,Stephen Young,StephenYoung@gmail.com,9768212867,1977-09-11
US_1621,Karen Ortiz,KarenOrtiz@gmail.com,9633591952,1984-11-17
US_1622,Kyle Sanchez,KyleSanchez@gmail.com,8680627588,1971-05-22
US_1623,Lisa Grant,LisaGrant@gmail.com,7074702113,1959-03-12
US_1624,Amber Hernandez,AmberHernandez@gmail.com,7302868201,1991-01-03
US_1625,Amanda Nash,AmandaNash@gmail.com,7005986827,1983-10-21
US_1626,Sara Evans,SaraEvans@gmail.com,9168893099,1961-10-31
US_1627,Amber Butler,AmberButler@gmail.com,8020434650,1997-05-15
US_1628,Michael Carr,MichaelCarr@gmail.com,8078388909,1964-11-04
US_1629,Linda Cobb,LindaCobb@gmail.com,9305514156,2005-11-01
US_1630,Jesse Riley,JesseRiley@gmail.com,8472939575,1986-01-04
US_1631,Anna Evans,AnnaEvans@gmail.com,7962946829,1978-07-20
US_1632,James Jones,JamesJones@gmail.com,8117110141,2003-07-04
US_1633,Joshua Carter,JoshuaCarter@gmail.com,9257034902,1960-11-20
US_1634,Michael Hill,MichaelHill@gmail.com,8785033565,1961-12-07
US_1635,Kelly Dominguez,KellyDominguez@gmail.com,9508529924,1994-02-24
US_1636,Ashley Blair,AshleyBlair@gmail.com,7530050295,1992-11-18
US_1637,Victoria Webb,VictoriaWebb@gmail.com,9239007973,1955-06-08
US_1638,Taylor Andersen,TaylorAndersen@gmail.com,9642970317,1955-08-30
US_1639,Lee Stewart,LeeStewart@gmail.com,7054233211,2001-03-13
US_1640,Whitney Gomez,WhitneyGomez@gmail.com,9531112540,1981-10-23
US_1641,Justin Stone,JustinStone@gmail.com,7759603734,1963-07-13
US_1642,Katherine White,KatherineWhite@gmail.com,7872610347,1975-04-23
US_1643,Michelle Krause,MichelleKrause@gmail.com,9348129425,1969-10-02
US_1644,Alexander Garrett,AlexanderGarrett@gmail.com,7049605057,1982-05-23
US_1645,Ryan Marsh,RyanMarsh@gmail.com,9006769232,1966-08-10
US_1646,Mrs. Felicia Castro DDS,Mrs.Felicia@gmail.com,9526250243,1983-11-04
US_1647,Curtis Campbell,CurtisCampbell@gmail.com,8264124199,1959-09-21
US_1648,Elizabeth Hunter,ElizabethHunter@gmail.com,8141567069,1960-01-24
US_1649,Aaron Jennings,AaronJennings@gmail.com,9794844098,1990-10-03
US_1650,Nathaniel Gilbert,NathanielGilbert@gmail.com,8934046738,1959-10-18
US_1651,Christopher Rivera,ChristopherRivera@gmail.com,8960821495,1957-03-04
US_1652,Michael Hendricks,MichaelHendricks@gmail.com,9698899629,1972-08-03
US_1653,Maria Olson,MariaOlson@gmail.com,9741393741,1980-07-26
US_1654,Stephanie Herrera,StephanieHerrera@gmail.com,8848921694,1998-09-02
US_1655,Richard Gutierrez,RichardGutierrez@gmail.com,8393045159,1959-03-17
US_1656,Sandy Evans,SandyEvans@gmail.com,8702759446,1983-03-29
US_1657,Emily Herrera,EmilyHerrera@gmail.com,8427196174,1967-11-15
US_1658,Michael Marsh,MichaelMarsh@gmail.com,8880534463,1999-05-06
US_1659,Heather Montes,HeatherMontes@gmail.com,9943758766,2000-03-23
US_1660,Andre Terrell,AndreTerrell@gmail.com,7911494222,1970-02-06
US_1661,Sarah Duncan,SarahDuncan@gmail.com,8409002826,1992-10-18
US_1662,Kurt Hancock,KurtHancock@gmail.com,7085774898,1981-09-14
US_1663,Michele Edwards,MicheleEdwards@gmail.com,8365070755,2005-04-20
US_1664,Jason Crawford,JasonCrawford@gmail.com,9482287096,1980-07-14
US_1665,Jesse Sampson,JesseSampson@gmail.com,8733451401,1977-07-14
US_1666,Eric Rodriguez,EricRodriguez@gmail.com,8740512001,1998-03-30
US_1667,Paula Gentry,PaulaGentry@gmail.com,7866715275,2000-08-09
US_1668,Alexander Webb,AlexanderWebb@gmail.com,9979884751,2003-05-13
US_1669,Cheryl Mclean,CherylMclean@gmail.com,9630021341,1959-11-20
US_1670,Kelly Rowe,KellyRowe@gmail.com,7178927238,1970-12-10
US_1671,Shane Short,ShaneShort@gmail.com,9686193676,1997-12-16
US_1672,Megan Anderson,MeganAnderson@gmail.com,7674589607,1977-06-12
US_1673,Julia Reeves,JuliaReeves@gmail.com,9725501330,1992-10-08
US_1674,April Randolph,AprilRandolph@gmail.com,7498275646,1959-01-06
US_1675,Linda Miller,LindaMiller@gmail.com,7073002819,1996-07-31
US_1676,Angel Meyer,AngelMeyer@gmail.com,8080394603,1964-09-17
US_1677,Emily Lane,EmilyLane@gmail.com,8610227401,1961-11-08
US_1678,Steven Flores,StevenFlores@gmail.com,9154581031,1973-08-29
US_1679,Donald Flores,DonaldFlores@gmail.com,9312921132,1994-05-31
US_1680,Bruce Hernandez,BruceHernandez@gmail.com,8374610019,1990-07-14
US_1681,Adrian Dean,AdrianDean@gmail.com,9368640146,2002-08-25
US_1682,Christine Bell,ChristineBell@gmail.com,7258799694,1971-09-07
US_1683,Charles Bush,CharlesBush@gmail.com,8830500991,1995-02-24
US_1684,David Jones,DavidJones@gmail.com,8778809324,1993-11-13
US_1685,Gina Wallace,GinaWallace@gmail.com,8984081194,1992-12-06
US_1686,John Lowe,JohnLowe@gmail.com,7124337785,1957-04-27
US_1687,Anthony Simmons,AnthonySimmons@gmail.com,9352558255,1993-02-22
US_1688,Kyle Watkins,KyleWatkins@gmail.com,8417648065,1955-07-07
US_1689,Melissa Jensen,MelissaJensen@gmail.com,9809054495,1975-03-25
US_1690,Robert Marquez,RobertMarquez@gmail.com,7597330021,1973-03-01
US_1691,Kim Beltran,KimBeltran@gmail.com,8462874884,1993-11-03
US_1692,Julie Anderson,JulieAnderson@gmail.com,8818308960,1964-01-09
US_1693,Tamara Mcdonald,TamaraMcdonald@gmail.com,7285991187,1961-07-22
US_1694,Michael Mckinney,MichaelMckinney@gmail.com,9989691651,1969-03-18
US_1696,Lisa Durham,LisaDurham@gmail.com,9987141260,1954-05-16
US_1697,Michael Ortega,MichaelOrtega@gmail.com,9822533056,1960-03-25
US_1698,Sonya Chavez,SonyaChavez@gmail.com,7096452863,1976-02-18
US_1699,John Bell,JohnBell@gmail.com,9100151469,1990-09-13
US_1700,Christopher Tate,ChristopherTate@gmail.com,9358610524,1957-12-19
US_1701,Bethany Garcia,BethanyGarcia@gmail.com,8034105684,1974-08-20
US_1702,Rebecca Nguyen,RebeccaNguyen@gmail.com,7142664146,1954-07-01
US_1703,Rebecca Patel,RebeccaPatel@gmail.com,9170332279,1983-07-07
US_1704,Jason Oliver,JasonOliver@gmail.com,9361216270,1960-09-14
US_1705,Valerie Reyes,ValerieReyes@gmail.com,9150313860,1969-08-27
US_1706,Robert Garza,RobertGarza@gmail.com,8265812673,2000-06-28
US_1707,Jessica Cobb,JessicaCobb@gmail.com,9030271260,1990-09-28
US_1708,Cynthia Bates,CynthiaBates@gmail.com,7544286154,2006-07-23
US_1710,Mr. Joel Peters,Mr.Joel@gmail.com,8910880959,1994-12-15
US_1711,Casey Blanchard,CaseyBlanchard@gmail.com,7787117919,1986-08-01
US_1712,Brian Cervantes,BrianCervantes@gmail.com,9971256998,2001-01-28
US_1713,Jamie Snyder,JamieSnyder@gmail.com,8055270305,2000-07-14
US_1714,Ann Montoya,AnnMontoya@gmail.com,7792981006,1965-08-04
US_1715,Stephanie Fields,StephanieFields@gmail.com,9167355178,1979-10-08
US_1716,Charles Hernandez,CharlesHernandez@gmail.com,9736155458,1981-04-22
US_1717,Jean Lane,JeanLane@gmail.com,8178521333,1968-06-21
US_1718,Michael Stewart,MichaelStewart@gmail.com,8736779886,1954-08-01
US_1719,Susan Torres,SusanTorres@gmail.com,8342644875,1989-04-20
US_1720,Jessica Haas,JessicaHaas@gmail.com,9251293167,1994-11-05
US_1721,Brandon Smith,BrandonSmith@gmail.com,9564715647,1981-06-02
US_1722,Mrs. Bethany Phillips,Mrs.Bethany@gmail.com,8886311069,1990-09-26
US_1723,Joshua Brown,JoshuaBrown@gmail.com,8078195427,1982-07-26
US_1724,Samantha Howard,SamanthaHoward@gmail.com,8367894119,1955-07-07
US_1725,Sharon Young,SharonYoung@gmail.com,9068136698,1977-08-22
US_1726,Jennifer Flores,JenniferFlores@gmail.com,7754005455,1965-09-05
US_1727,James Gardner,JamesGardner@gmail.com,8246631259,1958-10-23
US_1728,Karen Lopez,KarenLopez@gmail.com,9492131323,1970-05-10
US_1729,Tim Larsen,TimLarsen@gmail.com,7523588320,1994-10-23
US_1730,Zachary Santiago,ZacharySantiago@gmail.com,8325747065,1978-05-24
US_1732,Katelyn Kim,KatelynKim@gmail.com,9174237186,2003-12-12
US_1733,Angela May MD,AngelaMay@gmail.com,8371930011,1989-03-06
US_1734,Richard Munoz,RichardMunoz@gmail.com,8702029857,1961-12-29
US_1735,Christopher Hicks,ChristopherHicks@gmail.com,7963856108,1954-04-20
US_1736,Joanna Kelly,JoannaKelly@gmail.com,8745776681,1991-12-30
US_1737,Larry Lane,LarryLane@gmail.com,7266324294,1996-05-16
US_1738,Cynthia Shaw,CynthiaShaw@gmail.com,8910890739,1983-06-02
US_1739,Joshua Richardson,JoshuaRichardson@gmail.com,8680434689,1992-02-05
US_1740,Laura Bush,LauraBush@gmail.com,7590328170,2005-09-10
US_1741,John Vaughn,JohnVaughn@gmail.com,9158343048,1965-04-11
US_1742,Nicholas Terrell,NicholasTerrell@gmail.com,8591283284,1965-04-26
US_1743,Dr. Julie Miller,Dr.Julie@gmail.com,8706706019,2002-03-26
US_1744,Ann Kennedy,AnnKennedy@gmail.com,9484115795,2001-04-20
US_1745,Toni Miller,ToniMiller@gmail.com,7337481273,1970-07-14
US_1746,Rebecca Edwards,RebeccaEdwards@gmail.com,8336668026,2003-02-25
US_1747,Greg Osborne,GregOsborne@gmail.com,7294182407,1979-01-15
US_1748,Jose Harrison,JoseHarrison@gmail.com,8421709921,1983-11-04
US_1749,Jennifer Yu,JenniferYu@gmail.com,9794337305,1977-08-13
US_1750,Donna Johnson,DonnaJohnson@gmail.com,9352590761,1976-08-18
US_1751,Nicole Acosta,NicoleAcosta@gmail.com,8732423272,1989-04-03
US_1752,Amy Kennedy,AmyKennedy@gmail.com,9249723117,1967-09-01
US_1753,Anthony Mooney,AnthonyMooney@gmail.com,8143939399,1993-04-14
US_1754,Lori Mitchell,LoriMitchell@gmail.com,8456959392,2002-05-04
US_1755,Jonathan York,JonathanYork@gmail.com,7205340733,1979-06-07
US_1756,Casey Campbell,CaseyCampbell@gmail.com,8369843880,1960-07-25
US_1757,Alexis Rodriguez,AlexisRodriguez@gmail.com,9297853883,1980-10-10
US_1758,Kevin Hernandez,KevinHernandez@gmail.com,9783882540,1979-08-28
US_1759,Robert Green,RobertGreen@gmail.com,9369646759,1988-02-21
US_1760,Kari Lloyd,KariLloyd@gmail.com,9308402579,1980-04-16
US_1761,Grace Miller,GraceMiller@gmail.com,7321897445,1973-10-26
US_1762,Timothy Moore,TimothyMoore@gmail.com,9045571116,1954-04-11
US_1763,Wyatt Townsend II,WyattTownsend@gmail.com,7330089975,1983-07-29
US_1764,Mark Clark,MarkClark@gmail.com,7109253484,1954-12-25
US_1765,Haley May,HaleyMay@gmail.com,7999610051,1994-11-02
US_1766,Audrey Jackson,AudreyJackson@gmail.com,7788487853,1975-09-08
US_1767,Eric Reese,EricReese@gmail.com,8013255463,1975-01-08
US_1768,Kim James,KimJames@gmail.com,7286078313,1991-05-14
US_1769,Karen Thomas,KarenThomas@gmail.com,8010053433,2002-12-05
US_1770,Alexandra Ho,AlexandraHo@gmail.com,8174513176,1979-07-28
US_1771,Michael Nixon,MichaelNixon@gmail.com,7043142323,1983-04-01
US_1772,Amanda Hardin,AmandaHardin@gmail.com,8858848143,1964-11-27
US_1773,Tina Reynolds,TinaReynolds@gmail.com,8485646237,1963-02-16
US_1774,Shannon Rogers,ShannonRogers@gmail.com,7946546270,1978-11-03
US_1775,Brett Pena,BrettPena@gmail.com,8706144784,2005-04-16
US_1776,Raymond Curry,RaymondCurry@gmail.com,7199542468,1969-09-02
US_1777,Leah Lee,LeahLee@gmail.com,9120065538,1962-05-15
US_1778,Michael White,MichaelWhite@gmail.com,7046009871,2004-12-20
US_1779,Megan Decker,MeganDecker@gmail.com,8240148121,1993-12-25
US_1780,Brent Garcia,BrentGarcia@gmail.com,7644453899,1957-09-22
US_1781,Daniel Campbell,DanielCampbell@gmail.com,7305427652,1969-05-27
US_1782,Alexander Davis,AlexanderDavis@gmail.com,7017408000,1987-02-16
US_1783,Mary Houston,MaryHouston@gmail.com,8642991414,1990-01-07
US_1784,Margaret Erickson,MargaretErickson@gmail.com,9458476207,1969-08-05
US_1785,Scott Anderson,ScottAnderson@gmail.com,8306306748,1962-12-18
US_1786,Stephanie Knight,StephanieKnight@gmail.com,7416129750,1960-03-13
US_1787,Stephanie Dominguez,StephanieDominguez@gmail.com,7861442333,1991-05-29
US_1788,John Mayer,JohnMayer@gmail.com,7917222830,2003-06-20
US_1789,Tammy Hill,TammyHill@gmail.com,7682440703,1993-01-20
US_1790,Steven Carrillo,StevenCarrillo@gmail.com,9470912836,1965-02-22
US_1792,Janet Cook,JanetCook@gmail.com,8334557083,2005-11-14
US_1793,Tyler Baker,TylerBaker@gmail.com,7889312827,2002-05-29
US_1794,John Mcfarland,JohnMcfarland@gmail.com,8157888616,1956-12-19
US_1795,Cassandra Vasquez,CassandraVasquez@gmail.com,9606767311,1987-02-12
US_1796,Randy Robinson,RandyRobinson@gmail.com,8608614687,1965-11-04
US_1797,Susan Baldwin,SusanBaldwin@gmail.com,7840278076,1957-07-20
US_1798,Benjamin Duncan,BenjaminDuncan@gmail.com,8537573112,2003-09-23
US_1799,Jeremy Mosley,JeremyMosley@gmail.com,8372176638,1959-03-14
US_1800,Martin Fitzpatrick,MartinFitzpatrick@gmail.com,8572659556,1990-01-21
US_1801,Deborah Graves,DeborahGraves@gmail.com,8455729622,1956-04-22
US_1802,Laura Robertson,LauraRobertson@gmail.com,8498288278,1960-01-02
US_1803,Katherine Graham,KatherineGraham@gmail.com,7748209168,1964-02-09
US_1804,Priscilla Floyd,PriscillaFloyd@gmail.com,9166997423,1999-09-12
US_1805,April Finley,AprilFinley@gmail.com,7272169753,1968-03-03
US_1806,Karen Bradley,KarenBradley@gmail.com,8257547049,1954-03-19
US_1807,Heather Maldonado,HeatherMaldonado@gmail.com,9179620610,1970-10-04
US_1808,Mark Benjamin,MarkBenjamin@gmail.com,9688900344,1964-10-23
US_1809,Joseph Woodward,JosephWoodward@gmail.com,7529708962,1993-11-30
US_1810,Joe Miranda,JoeMiranda@gmail.com,8361541241,1967-08-10
US_1811,Cassandra Williams,CassandraWilliams@gmail.com,9987886703,1956-04-17
US_1812,Connor Dominguez,ConnorDominguez@gmail.com,9213216270,1989-03-16
US_1813,Lydia Howard,LydiaHoward@gmail.com,9676444649,1996-04-03
US_1814,Mark Moss,MarkMoss@gmail.com,8693215831,1974-05-18
US_1815,Corey Cortez,CoreyCortez@gmail.com,8044450787,1973-11-02
US_1816,Katherine Brown,KatherineBrown@gmail.com,9681745873,1980-08-12
US_1817,Elizabeth Ferguson,ElizabethFerguson@gmail.com,9422617101,1998-04-08
US_1818,Joann Forbes,JoannForbes@gmail.com,9232734428,1973-11-16
US_1819,Anthony French,AnthonyFrench@gmail.com,8542156630,2005-07-12
US_1820,Bruce Roman,BruceRoman@gmail.com,8685678436,1955-04-04
US_1821,Judy Gregory,JudyGregory@gmail.com,7700015875,2006-07-20
US_1822,Brittany Riley,BrittanyRiley@gmail.com,8037732556,1956-01-22
US_1823,Amanda Thomas,AmandaThomas@gmail.com,8488814378,2005-12-26
US_1824,Kaitlin Hardin,KaitlinHardin@gmail.com,8587959955,1967-01-10
US_1825,Michael Anderson,MichaelAnderson@gmail.com,7809912352,1985-06-09
US_1826,Anthony Parker,AnthonyParker@gmail.com,9720828782,1990-03-12
US_1827,Joy Jackson,JoyJackson@gmail.com,8356158127,2005-03-15
US_1828,Sabrina Rodriguez,SabrinaRodriguez@gmail.com,7415637079,1973-05-17
US_1829,Robert Walker PhD,RobertWalker@gmail.com,7393403765,1991-06-17
US_1830,Robert Hendrix,RobertHendrix@gmail.com,8384903053,1962-07-29
US_1831,Erika Daugherty,ErikaDaugherty@gmail.com,8981884300,1980-10-20
US_1832,Brenda Copeland,BrendaCopeland@gmail.com,8477230672,1989-08-13
US_1833,Pamela Watkins,PamelaWatkins@gmail.com,7208121503,1996-01-30
US_1834,Bryan Thomas,BryanThomas@gmail.com,9694196529,1996-11-30
US_1835,Michael Tran,MichaelTran@gmail.com,8717750343,1970-02-06
US_1836,Timothy Williams,TimothyWilliams@gmail.com,8900455061,1957-08-11
US_1837,Ryan Salazar,RyanSalazar@gmail.com,9933725100,1965-11-04
US_1838,Alexis Tucker,AlexisTucker@gmail.com,9928981356,1999-02-23
US_1839,Christopher Davis,ChristopherDavis@gmail.com,9229387777,2006-08-29
US_1840,Stacie Butler,StacieButler@gmail.com,9760201503,1974-10-04
US_1841,Patricia Schwartz,PatriciaSchwartz@gmail.com,8775586952,1960-03-10
US_1842,Mark Mills,MarkMills@gmail.com,7074700547,1971-09-08
US_1843,Todd Bishop,ToddBishop@gmail.com,8278773571,1960-05-10
US_1844,Christopher Porter,ChristopherPorter@gmail.com,9855421978,1999-09-19
US_1845,Lori Patton,LoriPatton@gmail.com,8523985275,1993-07-28
US_1846,Aaron Young,AaronYoung@gmail.com,9941139342,1958-11-22
US_1847,Joseph Davis,JosephDavis@gmail.com,7257329896,1987-02-16
US_1848,Philip Fernandez,PhilipFernandez@gmail.com,7230697690,1956-02-12
US_1849,Randy Hopkins,RandyHopkins@gmail.com,9532102604,1987-12-28
US_1850,Cory Hogan,CoryHogan@gmail.com,7856791926,1960-02-27
US_1851,Tracy Wells,TracyWells@gmail.com,7744822951,1988-07-15
US_1852,Michael Williams,MichaelWilliams@gmail.com,7382914039,1978-04-02
US_1853,Dominique Hamilton,DominiqueHamilton@gmail.com,8418663364,1999-04-23
US_1854,Robert Chang,RobertChang@gmail.com,9136591001,1955-10-10
US_1855,Patrick Buckley,PatrickBuckley@gmail.com,7281395438,1980-08-12
US_1856,Richard Washington,RichardWashington@gmail.com,7989351446,1975-03-19
US_1857,Steven Griffith,StevenGriffith@gmail.com,9517248444,1986-08-08
US_1858,Erika Gonzalez,ErikaGonzalez@gmail.com,8508922807,1976-07-16
US_1859,Erika Maxwell,ErikaMaxwell@gmail.com,8995259200,1979-11-12
US_1860,Brent Rojas,BrentRojas@gmail.com,9742259797,1989-10-12
US_1861,Jaime Walker,JaimeWalker@gmail.com,7099611652,1981-07-14
US_1862,John Zamora,JohnZamora@gmail.com,8454575694,1970-09-03
US_1863,Timothy Gibson,TimothyGibson@gmail.com,7733430800,2001-02-16
US_1864,Chad Cortez,ChadCortez@gmail.com,7350485161,2006-06-08
US_1865,Vanessa Harris,VanessaHarris@gmail.com,9415190940,1986-05-12
US_1867,Samuel Ellis,SamuelEllis@gmail.com,8326224804,1990-11-15
US_1868,Greg Tanner,GregTanner@gmail.com,7806525009,1977-05-22
US_1869,Rachel Little,RachelLittle@gmail.com,7386605210,1989-12-11
US_1870,Carolyn Cordova,CarolynCordova@gmail.com,7503545598,2000-08-15
US_1871,Angelica Vincent,AngelicaVincent@gmail.com,9285767119,1987-03-29
US_1872,Zachary Vargas PhD,ZacharyVargas@gmail.com,8859917480,1970-02-21
US_1873,Nicholas Fitzgerald,NicholasFitzgerald@gmail.com,8506918246,1986-02-25
US_1874,Garrett Riley,GarrettRiley@gmail.com,9513904557,1956-09-29
US_1875,Leslie Hernandez,LeslieHernandez@gmail.com,7959064447,1973-11-17
US_1876,Abigail Baird,AbigailBaird@gmail.com,9406758189,2000-11-29
US_1877,John Mack,JohnMack@gmail.com,8666442896,1984-03-26
US_1878,Joseph Mendoza,JosephMendoza@gmail.com,9512715509,1971-04-21
US_1879,Samantha Chavez,SamanthaChavez@gmail.com,7942542801,1987-05-11
US_1880,Justin Smith,JustinSmith@gmail.com,7838365321,1971-02-10
US_1881,Tiffany Anderson,TiffanyAnderson@gmail.com,9738932156,1996-07-03
US_1883,Eric Warner,EricWarner@gmail.com,9812338512,1956-08-05
US_1884,Nicole Johnson,NicoleJohnson@gmail.com,7296648923,1976-06-02
US_1885,Raymond Sawyer,RaymondSawyer@gmail.com,9738942688,1956-08-06
US_1886,Richard Wood,RichardWood@gmail.com,8363239747,1990-12-10
US_1887,Mark Dalton,MarkDalton@gmail.com,8727306247,1992-07-09
US_1888,Steven Cook,StevenCook@gmail.com,8927356021,1983-05-02
US_1889,Jeffery Nelson,JefferyNelson@gmail.com,8460102998,1973-04-10
US_1890,Kimberly Norton,KimberlyNorton@gmail.com,8596818309,1956-03-09
US_1891,Angela Gilmore,AngelaGilmore@gmail.com,9673819207,1991-08-03
US_1892,Amy Dougherty,AmyDougherty@gmail.com,7176657190,2002-02-05
US_1893,Stacy Rodriguez,StacyRodriguez@gmail.com,8245797986,1966-04-07
US_1894,Manuel Diaz,ManuelDiaz@gmail.com,9370228323,1962-07-21
US_1895,Justin Jones,JustinJones@gmail.com,7142236673,1983-02-14
US_1896,Christine Zavala,ChristineZavala@gmail.com,7938666109,1962-05-26
US_1897,Brian Mendoza,BrianMendoza@gmail.com,7236663137,2000-11-12
US_1898,Lauren Haley,LaurenHaley@gmail.com,7639288428,1977-07-27
US_1899,Patrick Perez,PatrickPerez@gmail.com,7527439040,1964-07-26
US_1900,Derek Frazier,DerekFrazier@gmail.com,8973720023,1993-02-18
US_1901,Arthur Reed,ArthurReed@gmail.com,9143429396,2001-11-21
US_1902,Mr. Bryan Mckinney,Mr.Bryan@gmail.com,9173645893,1960-01-07
US_1903,Kim Carter,KimCarter@gmail.com,8479264103,1998-08-08
US_1904,Rebecca Dougherty,RebeccaDougherty@gmail.com,7189193699,1969-04-12
US_1905,Teresa Jones,TeresaJones@gmail.com,8567111675,1962-10-01
US_1906,Judith Miller,JudithMiller@gmail.com,7104669302,1987-04-03
US_1908,Donald Terry,DonaldTerry@gmail.com,8419249446,1970-12-07
US_1909,Shaun Meyer DDS,ShaunMeyer@gmail.com,8713655855,1984-01-08
US_1910,Wayne Weaver,WayneWeaver@gmail.com,7566671809,1995-12-02
US_1911,Gregory Wallace,GregoryWallace@gmail.com,9471290623,1985-02-05
US_1912,Dorothy Brown,DorothyBrown@gmail.com,7233030712,1993-06-09
US_1913,Crystal Meza,CrystalMeza@gmail.com,7929498067,1965-04-16
US_1914,Jennifer Cooper,JenniferCooper@gmail.com,8985334892,1960-07-09
US_1915,Erin Watkins,ErinWatkins@gmail.com,7754254778,1982-11-24
US_1916,Sarah Wallace,SarahWallace@gmail.com,7888686744,1991-12-03
US_1917,Carlos Clarke,CarlosClarke@gmail.com,7263103884,1983-08-27
US_1918,David Washington,DavidWashington@gmail.com,9497421557,1990-12-31
US_1919,Patricia Williams,PatriciaWilliams@gmail.com,8822536727,1958-03-18
US_1920,Jesus Jackson,JesusJackson@gmail.com,8604586788,1979-05-04
US_1921,Michelle Mitchell,MichelleMitchell@gmail.com,7732653964,1995-05-17
US_1922,Sara Schwartz,SaraSchwartz@gmail.com,8884126297,1960-05-27
US_1923,Brittany Young,BrittanyYoung@gmail.com,9186024447,2005-02-14
US_1924,Eugene Martinez,EugeneMartinez@gmail.com,7070934672,1993-10-24
US_1925,Cody Hart,CodyHart@gmail.com,7843215162,1967-03-06
US_1926,Evan Cooper,EvanCooper@gmail.com,7871039798,2002-12-09
US_1927,Joshua Martin,JoshuaMartin@gmail.com,8684710904,1974-08-12
US_1928,Thomas Sullivan,ThomasSullivan@gmail.com,8591791751,1987-09-02
US_1929,Mr. Jimmy Flores Jr.,Mr.Jimmy@gmail.com,8620190359,1954-09-27
US_1930,Vanessa Rivera,VanessaRivera@gmail.com,9810609550,1973-12-10
US_1931,Kara Roberts,KaraRoberts@gmail.com,7684465015,2000-09-30
US_1932,Veronica Berry,VeronicaBerry@gmail.com,9734421921,1979-05-08
US_1933,Keith Meadows,KeithMeadows@gmail.com,7462416297,1955-06-06
US_1934,Michael Dennis,MichaelDennis@gmail.com,9089759921,1988-03-23
US_1935,Brenda Pierce,BrendaPierce@gmail.com,9706488473,2002-05-01
US_1936,James Randall,JamesRandall@gmail.com,7191517881,1994-08-02
US_1938,Lauren Walker,LaurenWalker@gmail.com,8984782488,1973-02-10
US_1939,Diana Johnson,DianaJohnson@gmail.com,8570725734,1981-01-27
US_1940,Jill Powers,JillPowers@gmail.com,9368616465,1992-03-11
US_1941,Jorge Lee,JorgeLee@gmail.com,9211313922,1955-12-02
US_1942,Larry Harding,LarryHarding@gmail.com,9278499425,1966-04-22
US_1943,Heather Hernandez,HeatherHernandez@gmail.com,8721467877,1965-11-25
US_1944,Jaclyn Watson,JaclynWatson@gmail.com,7375735258,2000-07-14
US_1945,Gregory Madden,GregoryMadden@gmail.com,8036198244,1968-05-01
US_1946,Anita Luna,AnitaLuna@gmail.com,7813233329,1980-03-29
US_1947,Willie Lara,WillieLara@gmail.com,7124417382,1992-02-13
US_1948,Robert Waller,RobertWaller@gmail.com,8236255598,1973-01-23
US_1949,Steven Taylor,StevenTaylor@gmail.com,9299524449,1974-02-06
US_1950,Angelica Clark,AngelicaClark@gmail.com,7638268005,1988-07-23
US_1951,Sean Hatfield,SeanHatfield@gmail.com,9340353954,1976-07-15
US_1952,Tyler Avila,TylerAvila@gmail.com,7220468541,1963-12-17
US_1953,Jason Rocha,JasonRocha@gmail.com,8280673984,1968-06-17
US_1954,Justin Page,JustinPage@gmail.com,9113340364,1964-12-27
US_1955,Breanna Lopez,BreannaLopez@gmail.com,7412803800,1974-06-18
US_1956,Julian Williams,JulianWilliams@gmail.com,7122070434,1962-05-16
US_1957,Sandra Torres,SandraTorres@gmail.com,9694523797,1978-04-23
US_1958,Julie Johnson,JulieJohnson@gmail.com,7375553518,2001-09-10
US_1959,Dennis Blanchard,DennisBlanchard@gmail.com,8202267198,1968-02-01
US_1960,Kaitlyn Valdez,KaitlynValdez@gmail.com,7606018762,2001-07-11
US_1961,Jennifer Vasquez,JenniferVasquez@gmail.com,8806744658,1997-02-15
US_1962,Danielle Wilson,DanielleWilson@gmail.com,8937892397,1998-03-19
US_1963,Zachary Jones,ZacharyJones@gmail.com,7777054043,1968-11-13
US_1964,Lauren Cunningham,LaurenCunningham@gmail.com,7457280439,1975-11-25
US_1965,Lori Alvarez,LoriAlvarez@gmail.com,8852579326,1977-05-17
US_1966,Barbara Hunt,BarbaraHunt@gmail.com,8465319102,1990-04-15
US_1967,Sarah Martin,SarahMartin@gmail.com,9255770449,1988-04-17
US_1968,Francisco Johns,FranciscoJohns@gmail.com,7155226307,1986-09-24
US_1969,Christopher Nelson,ChristopherNelson@gmail.com,7265751649,1985-12-23
US_1970,Thomas Kelly,ThomasKelly@gmail.com,9178279245,2003-01-18
US_1971,Joseph Mayer,JosephMayer@gmail.com,9527485201,1989-08-03
US_1972,Pamela White,PamelaWhite@gmail.com,9274533305,1973-06-21
US_1973,Paul Stephens,PaulStephens@gmail.com,7895240759,1959-05-19
US_1974,Samantha Cohen,SamanthaCohen@gmail.com,8004695705,2004-12-30
US_1975,Michael Barker,MichaelBarker@gmail.com,9688864877,1994-10-20
US_1976,Kevin Morrow,KevinMorrow@gmail.com,7569272396,1956-11-25
US_1977,Joseph Watson,JosephWatson@gmail.com,9565534312,2004-08-16
US_1979,Daniel Lopez,DanielLopez@gmail.com,9010099015,1963-08-23
US_1980,Lisa Guerra,LisaGuerra@gmail.com,8966550170,1976-05-02
US_1981,Kim Arnold,KimArnold@gmail.com,9220580951,1992-10-24
US_1982,Ashley Stevens,AshleyStevens@gmail.com,7470322979,1989-10-26
US_1983,Robert Mclean,RobertMclean@gmail.com,7120906868,1993-05-08
US_1984,Eric Cox,EricCox@gmail.com,8980434354,1991-08-21
US_1985,Stacy Harper,StacyHarper@gmail.com,9360926579,1966-01-31
US_1986,Gloria Mckinney,GloriaMckinney@gmail.com,8761353583,1983-10-26
US_1988,Brenda Perez,BrendaPerez@gmail.com,8735749203,1977-01-27
US_1989,Carlos Miller,CarlosMiller@gmail.com,9804527977,2007-01-15
US_1991,Nicole Williams,NicoleWilliams@gmail.com,8310927108,1966-08-19
US_1992,Ricky Palmer,RickyPalmer@gmail.com,9421416932,1969-06-04
US_1993,Bryan King,BryanKing@gmail.com,7245326767,1990-07-01
US_1994,Michael Webster,MichaelWebster@gmail.com,8535316932,1990-11-14
US_1995,Tamara Harris,TamaraHarris@gmail.com,9596682034,1985-03-16
US_1996,Cathy Bell,CathyBell@gmail.com,8770186507,1955-08-21
US_1997,Ryan Mcmahon,RyanMcmahon@gmail.com,9603856092,1962-01-15
US_1999,Monica Allen,MonicaAllen@gmail.com,8349374873,2000-12-27
US_2000,Annette Lane,AnnetteLane@gmail.com,9894395888,1962-07-22
US_2001,Daniel Lee,DanielLee@gmail.com,7611928247,1985-03-30
US_2002,Steven Medina,StevenMedina@gmail.com,9720372310,1975-01-26
US_2003,Annette Lewis,AnnetteLewis@gmail.com,7527474716,1960-12-28
US_2004,Michelle Richardson,MichelleRichardson@gmail.com,9541078286,1959-12-23
US_2005,Jessica Rosario,JessicaRosario@gmail.com,7091472085,2007-01-25
US_2006,Henry Gray,HenryGray@gmail.com,9772335894,2003-03-14
US_2007,Darren Rodriguez,DarrenRodriguez@gmail.com,9830020432,1990-03-02
US_2008,Mrs. Ashley Taylor,Mrs.Ashley@gmail.com,9362011809,1962-01-30
US_2009,Michele Hawkins,MicheleHawkins@gmail.com,7584394347,1963-05-09
US_2010,Garrett Wilson,GarrettWilson@gmail.com,9435664423,2003-10-15
US_2011,Kyle Collins,KyleCollins@gmail.com,7058341321,1959-02-17
US_2012,Jill Spencer,JillSpencer@gmail.com,9206579605,1973-02-25
US_2013,Scott Lopez,ScottLopez@gmail.com,9609919673,1976-12-27
US_2014,Ryan Alvarez,RyanAlvarez@gmail.com,9868982825,1975-11-06
US_2015,Cassie Lutz,CassieLutz@gmail.com,7076145822,1984-04-10
US_2016,Brian Kim DDS,BrianKim@gmail.com,9784507426,1962-08-20
US_2017,Charles Morales,CharlesMorales@gmail.com,8147814748,1982-05-26
US_2018,Ashley Schaefer,AshleySchaefer@gmail.com,8884722199,2005-12-30
US_2019,Amy Hester,AmyHester@gmail.com,8177909338,1955-09-06
US_2020,Kurt Ewing,KurtEwing@gmail.com,8861206429,1997-11-18
US_2021,Ryan Hardy,RyanHardy@gmail.com,9917792744,1987-05-22
US_2022,Micheal Perkins,MichealPerkins@gmail.com,7449699848,1963-10-13
US_2023,Richard Schneider,RichardSchneider@gmail.com,9157300564,2004-03-28
US_2024,John Morrison,JohnMorrison@gmail.com,9864952809,2003-06-15
US_2025,John Ramirez,JohnRamirez@gmail.com,7829349730,1978-10-16
US_2026,Ashley King,AshleyKing@gmail.com,7248986004,1958-01-07
US_2027,Mark Taylor Jr.,MarkTaylor@gmail.com,9906771712,1988-04-03
US_2028,Barry Gregory,BarryGregory@gmail.com,9758391915,1988-01-24
US_2029,Janet Shelton,JanetShelton@gmail.com,8122197107,1973-04-03
US_2030,Marco Davis,MarcoDavis@gmail.com,7924843492,1971-01-21
US_2031,Paul Saunders,PaulSaunders@gmail.com,9320556789,1963-07-22
US_2032,Christina Bates,ChristinaBates@gmail.com,9282039184,1959-02-09
US_2033,Dennis Cooper PhD,DennisCooper@gmail.com,7973278246,1959-02-03
US_2034,Tiffany Johnson,TiffanyJohnson@gmail.com,7080958455,1996-03-09
US_2035,Thomas Reyes,ThomasReyes@gmail.com,8296451949,1980-11-07
US_2036,James Stevens,JamesStevens@gmail.com,9144731649,2002-03-26
US_2037,Justin Dalton,JustinDalton@gmail.com,9158285959,1970-07-08
US_2039,Mike Freeman,MikeFreeman@gmail.com,9397193628,1992-03-26
US_2040,Michael Keller,MichaelKeller@gmail.com,9145940052,1986-10-20
US_2041,Laura Alvarez,LauraAlvarez@gmail.com,8755243189,1954-12-11
US_2042,Katie Myers,KatieMyers@gmail.com,9350313741,1970-10-06
US_2043,Wesley Jensen MD,WesleyJensen@gmail.com,7942007908,1993-03-28
US_2045,Russell Bailey,RussellBailey@gmail.com,7789047933,1994-08-14
US_2046,Alyssa Vance,AlyssaVance@gmail.com,7698793494,1981-02-16
US_2047,Brent Reed,BrentReed@gmail.com,9439566314,1973-11-11
US_2048,Gregory Stanley,GregoryStanley@gmail.com,7248055511,1968-03-17
US_2049,Matthew Watkins,MatthewWatkins@gmail.com,8883366145,1979-02-24
US_2050,Ana Torres,AnaTorres@gmail.com,9370706451,1967-03-20
US_2051,Alejandro Nguyen,AlejandroNguyen@gmail.com,8231184000,1985-05-19
US_2052,Scott Bradley,ScottBradley@gmail.com,7036951228,2000-03-25
US_2053,Deborah Dominguez,DeborahDominguez@gmail.com,9610898164,1985-06-30
US_2054,Victoria Gray,VictoriaGray@gmail.com,8718517400,1982-03-27
US_2055,Kenneth Stokes,KennethStokes@gmail.com,8735023949,1967-02-22
US_2056,Michael Rogers,MichaelRogers@gmail.com,8206783457,1988-11-03
US_2057,Pamela Morgan,PamelaMorgan@gmail.com,8731240585,1959-10-23
US_2058,Heidi Graham,HeidiGraham@gmail.com,9956205579,1996-05-03
US_2059,Ryan Cobb PhD,RyanCobb@gmail.com,7096631594,1979-07-06
US_2060,Donna Williams,DonnaWilliams@gmail.com,9782809890,1967-09-11
US_2061,Jennifer Perez PhD,JenniferPerez@gmail.com,8272574711,1989-06-08
US_2062,Ryan Davis,RyanDavis@gmail.com,8243230774,2006-06-15
US_2063,Austin Solis,AustinSolis@gmail.com,8677211052,1963-06-05
US_2064,Daniel Flynn,DanielFlynn@gmail.com,7376867618,1974-11-15
US_2065,Elizabeth Brock,ElizabethBrock@gmail.com,9114525967,1960-12-24
US_2066,Joshua Gonzalez,JoshuaGonzalez@gmail.com,8446989086,1979-06-23
US_2067,Mario Chavez,MarioChavez@gmail.com,9069396501,2006-07-01
US_2068,Catherine Smith,CatherineSmith@gmail.com,9874733355,1990-10-29
US_2069,Shari Ray,ShariRay@gmail.com,9551465843,1994-12-14
US_2070,Victor Harmon,VictorHarmon@gmail.com,9233804048,1995-12-11
US_2071,Timothy Patel,TimothyPatel@gmail.com,8366884101,1963-05-14
US_2072,Patricia Hamilton,PatriciaHamilton@gmail.com,9800746018,2001-12-25
US_2073,Lori Boyd,LoriBoyd@gmail.com,7621827083,1962-01-20
US_2075,Elizabeth Graham,ElizabethGraham@gmail.com,8957624247,1980-07-06
US_2076,Ronald Brown,RonaldBrown@gmail.com,7184048349,1983-11-18
US_2077,Jason Colon,JasonColon@gmail.com,7367538148,1988-01-19
US_2078,Dawn Burke,DawnBurke@gmail.com,8422949187,1983-06-24
US_2080,Ronald Marshall,RonaldMarshall@gmail.com,9314887088,1982-06-02
US_2081,Jessica Lucas,JessicaLucas@gmail.com,7710042162,1976-04-18
US_2082,Christopher Taylor,ChristopherTaylor@gmail.com,7441719074,1967-01-17
US_2083,Robert Hopkins,RobertHopkins@gmail.com,7416636909,2004-03-10
US_2084,Samuel Stuart,SamuelStuart@gmail.com,7709741717,2000-02-01
US_2085,Mr. Scott Miller,Mr.Scott@gmail.com,8353562360,1968-10-17
US_2086,Sharon Lester,SharonLester@gmail.com,7484104849,1993-11-26
US_2087,Jack Sandoval,JackSandoval@gmail.com,7343193538,1963-03-29
US_2088,Tony Ramsey,TonyRamsey@gmail.com,9928313173,1994-01-15
US_2089,Brian Navarro,BrianNavarro@gmail.com,9698953371,1976-10-01
US_2090,Kelly Calderon,KellyCalderon@gmail.com,9947443546,1980-11-03
US_2091,Tara King,TaraKing@gmail.com,9551094671,1972-07-30
US_2092,Cynthia Martinez,CynthiaMartinez@gmail.com,8863118507,1958-09-16
US_2093,Erin Silva,ErinSilva@gmail.com,7529709291,1980-12-24
US_2094,Paul Young,PaulYoung@gmail.com,8464735070,1978-09-09
US_2095,Charles Thompson,CharlesThompson@gmail.com,8755089861,1960-06-28
US_2096,Jessica King,JessicaKing@gmail.com,9793662939,1960-10-21
US_2097,Katherine Brooks,KatherineBrooks@gmail.com,9746770483,1966-01-18
US_2098,Emily Coleman,EmilyColeman@gmail.com,9423391107,1998-12-14
US_2099,Tracey Suarez,TraceySuarez@gmail.com,8193854247,1960-11-23
US_2100,Heidi Baldwin,HeidiBaldwin@gmail.com,8978770673,1991-01-13
US_2101,Alisha Rasmussen,AlishaRasmussen@gmail.com,9952362654,1982-10-09
US_2102,Sarah Bates,SarahBates@gmail.com,8389187086,2000-07-01
US_2103,Melissa Mccormick,MelissaMccormick@gmail.com,8280007344,1981-04-25
US_2104,Juan Parker,JuanParker@gmail.com,8091425451,1966-05-04
US_2105,Heidi Burnett,HeidiBurnett@gmail.com,8780687475,1999-10-15
US_2106,Sean Mathews,SeanMathews@gmail.com,7366180371,1954-12-25
US_2107,Theodore Long,TheodoreLong@gmail.com,9695975650,1984-05-15
US_2108,Dawn Davis,DawnDavis@gmail.com,7531235975,1993-08-29
US_2109,Cynthia Clark,CynthiaClark@gmail.com,8164116832,1979-11-05
US_2110,Sydney Welch,SydneyWelch@gmail.com,9213195361,1975-10-20
US_2111,Pamela Sullivan,PamelaSullivan@gmail.com,7151677486,1968-01-07
US_2112,Sean Morrow,SeanMorrow@gmail.com,8669934760,1992-10-05
US_2113,Kaitlin Gutierrez,KaitlinGutierrez@gmail.com,8823358533,1986-08-10
US_2114,Michelle Mcdowell,MichelleMcdowell@gmail.com,7564418805,1973-12-01
US_2115,Samantha Hale,SamanthaHale@gmail.com,8597015636,1964-09-16
US_2116,Heather Guzman,HeatherGuzman@gmail.com,7756854907,1992-09-05
US_2117,Nancy Chavez,NancyChavez@gmail.com,8300643043,1962-03-26
US_2118,Anthony May,AnthonyMay@gmail.com,9774619249,1988-10-08
US_2119,Rachel Taylor,RachelTaylor@gmail.com,9622384400,1971-09-22
US_2120,Mark Edwards,MarkEdwards@gmail.com,8765376514,1988-07-15
US_2121,Christopher Black,ChristopherBlack@gmail.com,9679112865,1977-06-04
US_2122,Sandra Hines,SandraHines@gmail.com,9644320647,1986-10-04
US_2123,Melissa Sparks,MelissaSparks@gmail.com,8822669888,1980-05-04
US_2124,John Moss,JohnMoss@gmail.com,7834228028,1959-04-11
US_2125,Michael Serrano,MichaelSerrano@gmail.com,9932110288,1972-04-12
US_2126,Christina Perry,ChristinaPerry@gmail.com,7511819372,1999-12-26
US_2127,Shawn Duffy,ShawnDuffy@gmail.com,7608212975,2006-10-24
US_2128,Courtney Vaughan,CourtneyVaughan@gmail.com,8510506717,1987-09-27
US_2129,Maria Sims,MariaSims@gmail.com,7764725051,1982-08-28
US_2130,Valerie Gonzalez,ValerieGonzalez@gmail.com,9416788177,1995-05-15
US_2131,Caroline Morales,CarolineMorales@gmail.com,8747130745,1960-02-05
US_2133,Travis Wilson,TravisWilson@gmail.com,7290554358,1971-10-05
US_2134,Jessica Mora,JessicaMora@gmail.com,8996589638,1959-07-31
US_2135,Michael Wilson,MichaelWilson@gmail.com,7370265999,1980-02-23
US_2136,Cheryl Atkins,CherylAtkins@gmail.com,9426449439,2003-06-11
US_2137,Donna Snyder,DonnaSnyder@gmail.com,8016934394,1994-05-10
US_2138,Scott Greene,ScottGreene@gmail.com,7540467173,1954-05-17
US_2139,Diane Byrd MD,DianeByrd@gmail.com,7283305391,2005-09-22
US_2140,Charles Roberts,CharlesRoberts@gmail.com,8089123132,1994-11-02
US_2141,Luke Solomon,LukeSolomon@gmail.com,9917892285,1983-12-24
US_2142,Michael Ellis,MichaelEllis@gmail.com,9917301103,1969-11-24
US_2143,Casey Morris,CaseyMorris@gmail.com,7181980300,1964-08-16
US_2144,Melissa Reeves,MelissaReeves@gmail.com,8881261423,2005-03-01
US_2145,Nancy Scott,NancyScott@gmail.com,7838650699,1992-03-23
US_2146,Anthony Cook,AnthonyCook@gmail.com,9394081575,2000-03-17
US_2147,Terry Barajas,TerryBarajas@gmail.com,8580329868,1977-11-28
US_2148,Tracy George,TracyGeorge@gmail.com,8062236318,1959-07-06
US_2149,Amber King,AmberKing@gmail.com,9882086511,1982-04-12
US_2150,Elizabeth Foster,ElizabethFoster@gmail.com,7214896551,2007-02-08
US_2151,Walter Hansen,WalterHansen@gmail.com,7357656883,1986-01-12
US_2152,Debbie Gordon,DebbieGordon@gmail.com,9714334255,1975-11-11
US_2153,Sherry Anderson,SherryAnderson@gmail.com,8008432256,1966-04-21
US_2154,Joseph Thomas,JosephThomas@gmail.com,8067391403,2001-06-27
US_2155,Andrew Anderson,AndrewAnderson@gmail.com,8617078459,1975-04-26
US_2156,Sandy Adkins,SandyAdkins@gmail.com,7094105785,1974-10-09
US_2158,Pam Baker,PamBaker@gmail.com,9767558399,1998-03-06
US_2159,Steven Stewart,StevenStewart@gmail.com,9959299082,1992-11-15
US_2160,Pamela Hernandez DVM,PamelaHernandez@gmail.com,7002345704,2002-02-20
US_2161,Rebecca Brown,RebeccaBrown@gmail.com,7895047966,1955-07-09
US_2162,David Johnson,DavidJohnson@gmail.com,8098711595,1985-08-30
US_2163,Michael Graham,MichaelGraham@gmail.com,7016401208,1995-05-25
US_2164,Tammy Williams MD,TammyWilliams@gmail.com,8249946813,1984-02-18
US_2165,Karina Vasquez,KarinaVasquez@gmail.com,7902101502,1975-07-15
US_2166,Sharon Martinez,SharonMartinez@gmail.com,7430368857,1957-04-20
US_2167,Sean White,SeanWhite@gmail.com,7629173350,1969-03-16
US_2168,Jordan Nelson,JordanNelson@gmail.com,8418053862,1970-11-10
US_2169,Laurie Silva,LaurieSilva@gmail.com,8798192515,1986-11-21
US_2170,Kelly Duncan,KellyDuncan@gmail.com,8936192670,1977-02-26
US_2171,Billy Tate,BillyTate@gmail.com,8834947086,1977-10-19
US_2172,Stacy Johnson,StacyJohnson@gmail.com,8874298041,1999-03-27
US_2173,Melanie Long,MelanieLong@gmail.com,8437767740,1988-10-14
US_2174,Tiffany Hood,TiffanyHood@gmail.com,9539885567,2002-04-30
US_2175,Brad Rivas,BradRivas@gmail.com,7110642359,1982-08-23
US_2176,Jordan Moses,JordanMoses@gmail.com,8354524120,1958-11-01
US_2177,Abigail Booker,AbigailBooker@gmail.com,8566340632,1959-04-15
US_2178,Tiffany Nguyen,TiffanyNguyen@gmail.com,9854600322,1993-07-02
US_2179,Morgan Bernard,MorganBernard@gmail.com,8235327427,1981-12-01
US_2180,Christine Williams,ChristineWilliams@gmail.com,9665373344,1975-08-30
US_2181,Erica Brown,EricaBrown@gmail.com,8346996804,2000-06-11
US_2182,Trevor James,TrevorJames@gmail.com,9832098164,2006-11-09
US_2183,Christopher Hanna,ChristopherHanna@gmail.com,8263140205,2000-11-23
US_2184,Ann Phelps,AnnPhelps@gmail.com,7746039898,1975-10-28
US_2185,Richard Mitchell,RichardMitchell@gmail.com,8269363466,1988-04-03
US_2186,Martha Martinez,MarthaMartinez@gmail.com,9549801585,1999-07-05
US_2187,Jeffrey Drake MD,JeffreyDrake@gmail.com,7491963299,1965-03-31
US_2188,Bonnie Wade,BonnieWade@gmail.com,9294742853,1990-08-18
US_2189,Kayla Burns,KaylaBurns@gmail.com,8654840186,1990-10-15
US_2190,Karen Hart,KarenHart@gmail.com,8779516578,1988-01-30
US_2191,Peter Shepherd,PeterShepherd@gmail.com,9998747079,1994-11-19
US_2192,Jessica Simmons,JessicaSimmons@gmail.com,7479065418,2004-02-21
US_2193,Glenn Ford,GlennFord@gmail.com,7535805841,1989-08-27
US_2194,Michael Moore,MichaelMoore@gmail.com,7190867122,1978-10-02
US_2195,Mark Warren IV,MarkWarren@gmail.com,9146053913,2001-03-09
US_2196,Terry Woods,TerryWoods@gmail.com,9067704708,1957-02-13
US_2197,Carl Leach,CarlLeach@gmail.com,9208051861,1965-04-05
US_2198,Kelly Phillips,KellyPhillips@gmail.com,9987462525,1976-09-21
US_2199,Billy Williams,BillyWilliams@gmail.com,8716297264,1998-09-02
US_2200,Jeffery Davis,JefferyDavis@gmail.com,8217487418,2003-09-21
US_2201,Laura King,LauraKing@gmail.com,8089677537,1955-11-19
US_2202,Brad Gordon,BradGordon@gmail.com,8753915906,1974-08-22
US_2203,Matthew White,MatthewWhite@gmail.com,9247229571,1980-08-19
US_2205,Elizabeth Matthews,ElizabethMatthews@gmail.com,9238825454,1997-03-03
US_2206,Michael Hanson,MichaelHanson@gmail.com,7391695049,1987-02-08
US_2207,Vincent Savage,VincentSavage@gmail.com,7577489325,2003-12-13
US_2208,Cody Burgess,CodyBurgess@gmail.com,9824974658,1959-08-10
US_2209,Shelby Rodriguez,ShelbyRodriguez@gmail.com,7635204243,1956-11-12
US_2210,Abigail Wilson,AbigailWilson@gmail.com,7087007653,1982-12-19
US_2211,John Holt,JohnHolt@gmail.com,7040269798,1992-07-29
US_2212,Tracy Guzman,TracyGuzman@gmail.com,7304512167,1994-04-20
US_2213,Mr. William Ward,Mr.William@gmail.com,9118115755,1997-11-18
US_2214,Melissa Foster,MelissaFoster@gmail.com,7645079399,1974-08-02
US_2215,Calvin Smith,CalvinSmith@gmail.com,9894308372,1955-11-12
US_2216,Alan Waller,AlanWaller@gmail.com,9070826722,1969-02-18
US_2217,Christine Wong,ChristineWong@gmail.com,9995333253,1991-04-30
US_2218,Jessica Garrett,JessicaGarrett@gmail.com,9315486283,1996-07-15
US_2219,Cheryl Turner,CherylTurner@gmail.com,7625941312,1993-04-02
US_2220,John Johnson,JohnJohnson@gmail.com,8868427788,1985-07-06
US_2221,Christian Park,ChristianPark@gmail.com,7029458591,1991-05-18
US_2222,Kaitlyn Heath,KaitlynHeath@gmail.com,7661537884,1982-10-02
US_2223,Christina Hudson,ChristinaHudson@gmail.com,8547124827,1960-04-01
US_2224,Amber Smith,AmberSmith@gmail.com,8688139730,1991-07-27
US_2225,Michelle Petty,MichellePetty@gmail.com,9482549050,1956-10-04
US_2226,Nancy Larson,NancyLarson@gmail.com,9976877039,1970-06-18
US_2227,Donna Freeman,DonnaFreeman@gmail.com,7548151938,1957-08-25
US_2228,Mr. Logan Gregory,Mr.Logan@gmail.com,9438759270,2002-01-28
US_2229,Katherine Klein,KatherineKlein@gmail.com,7323002141,1962-10-20
US_2230,Jennifer Stewart,JenniferStewart@gmail.com,7647706995,1962-05-19
US_2231,Steven Butler,StevenButler@gmail.com,7007229244,1977-02-14
US_2232,Johnny Mcmillan,JohnnyMcmillan@gmail.com,7283057132,1954-12-02
US_2234,Corey Cooper,CoreyCooper@gmail.com,9930147052,2003-02-08
US_2235,Daniel Stout,DanielStout@gmail.com,8839135100,1978-04-26
US_2236,Lance Kirby,LanceKirby@gmail.com,9724079010,1991-05-11
US_2237,Bonnie Carter,BonnieCarter@gmail.com,9799822280,2002-12-26
US_2238,Toni Whitaker,ToniWhitaker@gmail.com,7686221298,1986-05-16
US_2239,Morgan Flynn,MorganFlynn@gmail.com,8891682289,1992-01-20
US_2240,Sarah Howell,SarahHowell@gmail.com,8871688051,1961-11-20
US_2241,Paul Estrada,PaulEstrada@gmail.com,7087547860,1961-11-16
US_2242,Curtis Obrien,CurtisObrien@gmail.com,9565743821,1965-12-25
US_2243,Jason Chaney,JasonChaney@gmail.com,8762285487,2003-05-28
US_2244,Daniel Williams,DanielWilliams@gmail.com,8168771410,1984-11-26
US_2245,Stanley Kelly,StanleyKelly@gmail.com,8013219825,1970-10-07
US_2246,Ronald Kline,RonaldKline@gmail.com,7941452241,1979-12-18
US_2247,Arthur Jordan,ArthurJordan@gmail.com,8019275064,1961-02-06
US_2248,Barbara Walker,BarbaraWalker@gmail.com,7843958268,1966-07-01
US_2249,Gerald Kelly,GeraldKelly@gmail.com,9552796305,1965-03-13
US_2250,Shawn Adams,ShawnAdams@gmail.com,9783079221,1976-08-30
US_2251,Michael Robertson,MichaelRobertson@gmail.com,8503991960,1961-01-08
US_2252,Michelle House,MichelleHouse@gmail.com,8324354255,1993-09-25
US_2253,Jim Skinner,JimSkinner@gmail.com,7232815124,1983-02-23
US_2254,Brian Bishop,BrianBishop@gmail.com,9979619093,1995-11-06
US_2255,Theresa Colon,TheresaColon@gmail.com,8870354259,1995-12-27
US_2256,Brian Soto,BrianSoto@gmail.com,7384900414,1989-11-02
US_2257,Susan Moore,SusanMoore@gmail.com,7016769779,1978-05-31
US_2258,Jeremy Hunter,JeremyHunter@gmail.com,9175598889,1959-12-01
US_2259,Annette Holland,AnnetteHolland@gmail.com,9420594129,2001-04-12
US_2260,Chad Allison,ChadAllison@gmail.com,8490934335,1996-07-18
US_2261,Jason Mack,JasonMack@gmail.com,9769011189,1991-02-05
US_2262,Robert Peterson,RobertPeterson@gmail.com,9386215441,1975-05-19
US_2263,Angela Watson,AngelaWatson@gmail.com,7041997519,2001-12-17
US_2264,Heather Ortega,HeatherOrtega@gmail.com,8802879573,1995-04-04
US_2265,Paul Fisher,PaulFisher@gmail.com,9842775819,1970-01-13
US_2266,Robert Gutierrez,RobertGutierrez@gmail.com,7316124472,1999-07-30
US_2267,Jimmy Phelps,JimmyPhelps@gmail.com,9659234768,1984-01-08
US_2268,Heidi Johnson,HeidiJohnson@gmail.com,7012550520,2004-01-13
US_2269,Adam Drake,AdamDrake@gmail.com,9835258038,1958-10-19
US_2270,Angela Edwards,AngelaEdwards@gmail.com,8636818155,1989-06-21
US_2271,Mrs. Amy Malone,Mrs.Amy@gmail.com,7463111722,1996-08-20
US_2272,Margaret Orr,MargaretOrr@gmail.com,9306831010,1982-12-03
US_2273,Mark Reeves,MarkReeves@gmail.com,8237873816,1960-08-26
US_2275,Michael Spencer,MichaelSpencer@gmail.com,9528907229,1967-12-27
US_2276,Patrick Blankenship,PatrickBlankenship@gmail.com,7684419162,2002-05-06
US_2277,Douglas Rose,DouglasRose@gmail.com,8816990401,1956-07-21
US_2278,Melody Griffin,MelodyGriffin@gmail.com,9417751458,1966-03-14
US_2279,Joshua Kramer,JoshuaKramer@gmail.com,8318785037,1973-11-26
US_2280,Melissa Barron,MelissaBarron@gmail.com,7089003409,1995-08-24
US_2281,Jennifer Gonzalez,JenniferGonzalez@gmail.com,8997966267,1981-07-26
US_2282,Andrew Cook,AndrewCook@gmail.com,9161930587,2000-09-23
US_2283,Natalie Martinez,NatalieMartinez@gmail.com,9901884389,1961-05-13
US_2284,Diane Davis DDS,DianeDavis@gmail.com,8432960962,1994-02-21
US_2285,Nicole Moore,NicoleMoore@gmail.com,9111373886,2005-12-08
US_2286,Robert Vargas,RobertVargas@gmail.com,7458353799,1956-07-12
US_2287,Raymond Barber,RaymondBarber@gmail.com,8918683087,1984-06-08
US_2290,Belinda Evans,BelindaEvans@gmail.com,9573328604,1985-07-03
US_2291,Jody Bird,JodyBird@gmail.com,7493136391,2002-12-07
US_2292,Virginia Cunningham,VirginiaCunningham@gmail.com,8073206317,1989-12-15
US_2293,Lori Ferguson,LoriFerguson@gmail.com,9348017725,1990-03-09
US_2294,Hayley Mitchell,HayleyMitchell@gmail.com,8630539819,1975-05-13
US_2295,Michelle Chambers,MichelleChambers@gmail.com,7541687503,1965-12-11
US_2296,Kelly Wright,KellyWright@gmail.com,9754443411,1999-12-13
US_2297,Kevin Carson,KevinCarson@gmail.com,7286783643,1970-03-19
US_2298,Brent Dawson,BrentDawson@gmail.com,7999264971,1955-08-04
US_2300,Karen Griffin,KarenGriffin@gmail.com,8007764536,2002-06-23
US_2301,Joseph Chapman,JosephChapman@gmail.com,7726743436,1973-05-18
US_2302,Jennifer Baker,JenniferBaker@gmail.com,9180492442,1962-11-08
US_2303,Mr. Jeremiah Galvan MD,Mr.Jeremiah@gmail.com,7878819210,1998-04-01
US_2304,Samantha Thomas,SamanthaThomas@gmail.com,7115342809,1973-05-16
US_2306,Sharon Wilson,SharonWilson@gmail.com,9841566617,1976-07-26
US_2307,John Francis,JohnFrancis@gmail.com,7882196699,2003-02-27
US_2308,Jaclyn Crane,JaclynCrane@gmail.com,8233512975,1982-02-01
US_2309,Jennifer Martinez,JenniferMartinez@gmail.com,8646031279,1994-08-09
US_2310,Amanda Hernandez,AmandaHernandez@gmail.com,8541883394,1957-09-06
US_2311,William Turner,WilliamTurner@gmail.com,9488734980,1998-07-05
US_2312,Dr. Charles Lawrence,Dr.Charles@gmail.com,8228994106,1994-01-30
US_2313,Steven Small,StevenSmall@gmail.com,8999366740,1962-02-24
US_2314,Robert Burns,RobertBurns@gmail.com,8518448696,2002-08-11
US_2315,Gregory Harrell,GregoryHarrell@gmail.com,7587012021,1969-12-06
US_2317,Rachael Alvarez,RachaelAlvarez@gmail.com,9724639593,1994-08-19
US_2318,Lisa Gill,LisaGill@gmail.com,7825828115,1965-06-26
US_2319,Julia Cole,JuliaCole@gmail.com,8791197760,1956-07-12
US_2320,Sean Nguyen,SeanNguyen@gmail.com,9318673124,2004-01-17
US_2321,Mary Ortiz,MaryOrtiz@gmail.com,8374527094,1958-04-02
US_2322,James Weaver,JamesWeaver@gmail.com,9816513427,1998-06-19
US_2323,Stacy Fitzgerald,StacyFitzgerald@gmail.com,9455025378,1954-04-14
US_2324,Sharon Mann,SharonMann@gmail.com,7251802625,1983-12-14
US_2325,Rebecca Zimmerman,RebeccaZimmerman@gmail.com,9938647409,1981-04-27
US_2326,Becky Hansen,BeckyHansen@gmail.com,7533468633,1970-07-03
US_2327,Luke Ray,LukeRay@gmail.com,9259877242,2003-07-13
US_2328,Kelly Lopez,KellyLopez@gmail.com,9299318231,1990-07-27
US_2329,Steven Martinez,StevenMartinez@gmail.com,8550163798,1973-09-19
US_2331,Danielle Thornton,DanielleThornton@gmail.com,9868150799,1976-03-21
US_2332,Jill Roman,JillRoman@gmail.com,9631939477,1997-03-02
US_2333,Jennifer Williams,JenniferWilliams@gmail.com,7541363263,1998-10-03
US_2334,Allison Kim,AllisonKim@gmail.com,7036939979,2004-05-27
US_2335,Scott Stewart,ScottStewart@gmail.com,7517581573,1986-04-12
US_2336,Brian Garcia,BrianGarcia@gmail.com,7816717275,2002-10-12
US_2337,Charles Scott,CharlesScott@gmail.com,7676309453,1954-03-24
US_2338,Eric Russell,EricRussell@gmail.com,7120365229,2000-04-05
US_2339,Lucas Nguyen,LucasNguyen@gmail.com,9255167446,1983-07-09
US_2340,Anthony Price,AnthonyPrice@gmail.com,7641375782,1968-01-27
US_2341,Jason Nguyen,JasonNguyen@gmail.com,8629019759,1957-02-22
US_2342,Ronald Martinez,RonaldMartinez@gmail.com,7813133523,1998-03-18
US_2343,Paul Willis,PaulWillis@gmail.com,8871350374,1989-06-09
US_2344,Paul Cruz Jr.,PaulCruz@gmail.com,9738223266,1959-09-18
US_2345,John Russell,JohnRussell@gmail.com,7953930801,1999-03-27
US_2347,Victor Leonard,VictorLeonard@gmail.com,9861406790,1969-06-17
US_2348,Justin Glover,JustinGlover@gmail.com,7610942797,1956-09-28
US_2349,Jason Miller,JasonMiller@gmail.com,7734026144,1991-07-18
US_2350,Christina Faulkner,ChristinaFaulkner@gmail.com,7149201907,1999-01-08
US_2351,William Casey,WilliamCasey@gmail.com,9081174181,1973-07-21
US_2352,Jessica Buck,JessicaBuck@gmail.com,7081409210,1999-12-23
US_2353,Aaron Marshall,AaronMarshall@gmail.com,8143424400,1994-06-15
US_2354,Donna Stanton,DonnaStanton@gmail.com,7447783766,1990-06-01
US_2355,Timothy Olson,TimothyOlson@gmail.com,8392746742,1969-08-06
US_2356,Sara James,SaraJames@gmail.com,7438244923,1997-07-16
US_2357,Mark Richards,MarkRichards@gmail.com,7740868422,1967-06-11
US_2358,Amber Stevenson,AmberStevenson@gmail.com,7457887928,1957-11-25
US_2360,Charles Hawkins,CharlesHawkins@gmail.com,7338434577,1964-01-15
US_2361,Jeffrey Bishop,JeffreyBishop@gmail.com,8301727837,1973-05-14
US_2362,Emily Fleming,EmilyFleming@gmail.com,8540413005,1958-10-07
US_2363,Dean Mullins,DeanMullins@gmail.com,8821482731,1958-07-06
US_2364,David Bird,DavidBird@gmail.com,9017817556,1979-02-27
US_2365,Joe Greene,JoeGreene@gmail.com,7506718351,1992-12-03
US_2366,Michael Lucas,MichaelLucas@gmail.com,9344361901,1959-04-16
US_2367,John Valenzuela,JohnValenzuela@gmail.com,7123916903,1994-01-30
US_2368,Jennifer Woodard,JenniferWoodard@gmail.com,8686045727,1977-07-14
US_2369,Pamela Medina,PamelaMedina@gmail.com,7602880755,1959-01-11
US_2370,Mariah Jones,MariahJones@gmail.com,9834317153,1998-12-11
US_2371,Ronnie Powers,RonniePowers@gmail.com,9736364019,1987-05-17
US_2372,Heather Hess,HeatherHess@gmail.com,7684723741,2003-09-19
US_2373,Heather Thompson,HeatherThompson@gmail.com,7882220068,1997-12-05
US_2374,Melissa Smith,MelissaSmith@gmail.com,7993063628,1982-06-04
US_2375,Timothy Wallace,TimothyWallace@gmail.com,7267135025,1966-04-25
US_2376,Alejandro Campbell,AlejandroCampbell@gmail.com,7141006357,1960-12-31
US_2377,Heather Davis,HeatherDavis@gmail.com,9506243025,1982-10-10
US_2378,Elizabeth Robbins,ElizabethRobbins@gmail.com,7521581498,1987-10-31
US_2379,Johnny Cox,JohnnyCox@gmail.com,7465664226,1975-11-21
US_2380,Tanner Mann,TannerMann@gmail.com,7918457488,1965-12-26
US_2381,Craig Nicholson,CraigNicholson@gmail.com,8410370138,1972-09-07
US_2382,Sergio Carroll,SergioCarroll@gmail.com,8793015896,2005-01-21
US_2383,Juan Keller MD,JuanKeller@gmail.com,7915957609,1979-12-29
US_2384,Krystal Jones,KrystalJones@gmail.com,7524796319,2001-10-29
US_2385,Austin Green,AustinGreen@gmail.com,8103890382,1980-03-31
US_2386,Crystal Mills,CrystalMills@gmail.com,8245066613,1961-02-07
US_2387,Cheryl Gregory,CherylGregory@gmail.com,9562900620,1982-08-25
US_2388,Melissa Patel MD,MelissaPatel@gmail.com,7523083670,1978-11-15
US_2389,Jordan Pace,JordanPace@gmail.com,7097342758,1978-12-20
US_2390,Terri Williams,TerriWilliams@gmail.com,9795713729,1999-03-18
US_2391,Jessica Carney,JessicaCarney@gmail.com,9711588473,1966-06-09
US_2392,Michael Owens,MichaelOwens@gmail.com,8241656690,1966-02-20
US_2393,Peter Stephenson,PeterStephenson@gmail.com,9816315912,1979-04-08
US_2394,Donald Fisher,DonaldFisher@gmail.com,7817216358,1963-01-09
US_2395,Aaron Lee,AaronLee@gmail.com,7944475168,1995-02-21
US_2396,Kenneth Johnson,KennethJohnson@gmail.com,8597400687,1964-07-16
US_2397,Vanessa Coleman,VanessaColeman@gmail.com,9576570485,1989-11-30
US_2398,David Martin,DavidMartin@gmail.com,7817058216,1961-07-14
US_2399,Mark Davis,MarkDavis@gmail.com,7990657280,1958-09-11
US_2400,Robert Watkins,RobertWatkins@gmail.com,7034193543,2005-05-02
US_2401,Felicia Wright,FeliciaWright@gmail.com,8443136224,1975-07-31
US_2402,David Peterson,DavidPeterson@gmail.com,9369751321,1994-11-03
US_2403,Gavin Bauer,GavinBauer@gmail.com,8343529011,2005-02-27
US_2404,Patricia Harvey,PatriciaHarvey@gmail.com,9648196818,2005-01-24
US_2405,Lori Riley,LoriRiley@gmail.com,7489582180,1958-03-08
US_2406,Antonio Johnson,AntonioJohnson@gmail.com,7094915044,1983-09-10
US_2407,Ryan Brown,RyanBrown@gmail.com,7616240753,1983-02-04
US_2408,Thomas Ramos,ThomasRamos@gmail.com,9423713963,1986-05-09
US_2409,Mark Jones,MarkJones@gmail.com,8121282979,1972-11-28
US_2410,Kristin Phillips,KristinPhillips@gmail.com,7933323868,1989-04-17
US_2411,Brendan Walton,BrendanWalton@gmail.com,8896479139,2003-02-23
US_2412,Kyle Keller,KyleKeller@gmail.com,8984297636,1974-09-22
US_2413,James Pope,JamesPope@gmail.com,7774617055,1956-07-26
US_2414,Lisa Morgan,LisaMorgan@gmail.com,9663330455,1977-06-06
US_2415,Rachel Gibson,RachelGibson@gmail.com,8505655428,1974-04-03
US_2416,Corey Garcia,CoreyGarcia@gmail.com,7329057149,2005-04-26
US_2417,Andrea Clarke,AndreaClarke@gmail.com,7776203564,1974-06-25
US_2418,Kenneth Walsh,KennethWalsh@gmail.com,7779784606,1974-12-29
US_2419,Jason Hardy,JasonHardy@gmail.com,7794219816,1967-11-23
US_2420,David Robles,DavidRobles@gmail.com,7971912580,1959-04-08
US_2421,Eric Graham,EricGraham@gmail.com,9046277010,1973-12-29
US_2422,Nicole Collins,NicoleCollins@gmail.com,7331177879,1965-09-04
US_2423,Patricia Hernandez,PatriciaHernandez@gmail.com,9680235494,2002-02-13
US_2424,Grant Wood,GrantWood@gmail.com,8633191804,1958-07-17
US_2425,Kevin Gregory,KevinGregory@gmail.com,9936949726,1968-06-17
US_2426,Jonathon Conley,JonathonConley@gmail.com,9396466698,1981-09-29
US_2428,Terry Glover,TerryGlover@gmail.com,9229294216,2001-05-21
US_2429,Michael Neal,MichaelNeal@gmail.com,8973832804,1998-07-07
US_2430,Ms. Erin Lane,Ms.Erin@gmail.com,7709964567,1965-10-25
US_2432,Jesse Mccormick,JesseMccormick@gmail.com,8855950725,1981-04-18
US_2433,Daniel Smith,DanielSmith@gmail.com,9928936307,1995-03-01
US_2434,David Hanson,DavidHanson@gmail.com,7459734301,1959-07-01
US_2435,Nicholas Cisneros,NicholasCisneros@gmail.com,7748818673,1962-07-07
US_2436,Patrick Harris,PatrickHarris@gmail.com,9066119623,2000-05-22
US_2437,William Cox,WilliamCox@gmail.com,8567876375,1959-01-12
US_2438,Alvin Wilson,AlvinWilson@gmail.com,7951376656,2004-10-14
US_2439,Cory Willis,CoryWillis@gmail.com,8053699161,2006-07-04
US_2440,Amanda Johnson,AmandaJohnson@gmail.com,7230004701,1993-07-18
US_2441,Christopher Mcclure,ChristopherMcclure@gmail.com,9883189964,1993-06-26
US_2442,Gina Spencer,GinaSpencer@gmail.com,8263674158,1994-09-23
US_2443,Alex Cameron,AlexCameron@gmail.com,9784232391,1985-10-13
US_2444,Alisha Byrd,AlishaByrd@gmail.com,9537201295,1990-09-19
US_2446,Elizabeth Allen,ElizabethAllen@gmail.com,8816280215,2004-06-11
US_2447,Mary Pugh,MaryPugh@gmail.com,9350472079,1977-01-05
US_2448,Yolanda Keith,YolandaKeith@gmail.com,8693083675,1972-10-05
US_2449,Ana Thomas,AnaThomas@gmail.com,7954008190,1954-09-30
US_2450,Rebecca Lee,RebeccaLee@gmail.com,8415012584,1955-08-22
US_2451,James Greene,JamesGreene@gmail.com,9063720645,1960-01-12
US_2452,Dana Williams,DanaWilliams@gmail.com,8949024714,1973-12-28
US_2453,Chelsea Nichols,ChelseaNichols@gmail.com,7772093294,1987-05-14
US_2454,Erin Brown,ErinBrown@gmail.com,7823228140,1990-04-05
US_2455,Shelley York,ShelleyYork@gmail.com,7015537080,1984-09-12
US_2456,Stacey Clark,StaceyClark@gmail.com,7551994798,1996-03-12
US_2457,John Alvarado,JohnAlvarado@gmail.com,7224474068,2004-03-12
US_2458,Jordan Potter,JordanPotter@gmail.com,9125941122,1992-11-22
US_2459,Katrina Jimenez,KatrinaJimenez@gmail.com,7644821795,1993-09-08
US_2460,Frank Brooks,FrankBrooks@gmail.com,8052834409,1971-09-07
US_2461,Michelle Simpson,MichelleSimpson@gmail.com,7596453724,1993-02-11
US_2462,James Morse,JamesMorse@gmail.com,7861335192,1999-04-27
US_2463,Amanda Robinson,AmandaRobinson@gmail.com,8626292210,1986-03-14
US_2464,Scott Foster,ScottFoster@gmail.com,9138757990,1987-07-16
US_2465,Stephen Duncan,StephenDuncan@gmail.com,9590311709,1968-10-07
US_2466,Jacqueline Pierce,JacquelinePierce@gmail.com,8868893751,1971-09-06
US_2467,Bradley Wallace,BradleyWallace@gmail.com,8604916257,1961-10-30
US_2468,Kevin Marshall,KevinMarshall@gmail.com,9941677821,1965-09-03
US_2469,Jessica Mcdonald,JessicaMcdonald@gmail.com,9488004930,2002-03-04
US_2470,Robert Stewart,RobertStewart@gmail.com,8398956193,1980-06-13
US_2471,Christopher Hall,ChristopherHall@gmail.com,9728190434,1956-07-30
US_2472,Heather Miller,HeatherMiller@gmail.com,9025351367,1982-09-01
US_2473,Kayla Schneider,KaylaSchneider@gmail.com,8789181230,1961-06-12
US_2474,Tammy Garcia,TammyGarcia@gmail.com,8455957351,1954-04-14
US_2475,Andrew Gonzalez,AndrewGonzalez@gmail.com,7762934530,2002-03-28
US_2476,Gary Turner,GaryTurner@gmail.com,8000158507,1973-11-22
US_2477,Melinda Hill,MelindaHill@gmail.com,7521497211,1956-09-30
US_2478,Yolanda Murillo,YolandaMurillo@gmail.com,9269413736,1968-05-02
US_2479,Nancy Gaines,NancyGaines@gmail.com,7625424473,1958-01-25
US_2480,Elijah Short,ElijahShort@gmail.com,7764989859,1975-02-10
US_2481,Jennifer Sullivan,JenniferSullivan@gmail.com,8672527677,1995-12-30
US_2482,Mary Kennedy,MaryKennedy@gmail.com,7689912657,1993-10-27
US_2483,Paige Hernandez,PaigeHernandez@gmail.com,8831928513,1981-02-27
US_2484,Darrell Curry,DarrellCurry@gmail.com,8169773067,1965-07-10
US_2485,Jose Hartman,JoseHartman@gmail.com,9381650580,1968-01-25
US_2486,Miranda Murray,MirandaMurray@gmail.com,7312067702,2004-10-21
US_2487,Emily Lopez,EmilyLopez@gmail.com,9140630663,2003-05-10
US_2488,Melissa Clark,MelissaClark@gmail.com,9137827824,1959-03-19
US_2489,Justin Brooks,JustinBrooks@gmail.com,8876192488,1969-03-19
US_2490,Bethany Harding,BethanyHarding@gmail.com,8389553434,1995-10-31
US_2491,Robert Flowers,RobertFlowers@gmail.com,8350537348,1964-06-30
US_2492,Jason Jennings,JasonJennings@gmail.com,9033274091,1970-01-13
US_2493,Richard Medina,RichardMedina@gmail.com,7492771757,1957-10-17
US_2494,Alexander Floyd,AlexanderFloyd@gmail.com,9929740419,2001-08-14
US_2495,Brittany Cisneros,BrittanyCisneros@gmail.com,9867382476,1990-12-26
US_2496,Mark Morrison,MarkMorrison@gmail.com,8697032829,1986-08-31
US_2497,Sharon Baird,SharonBaird@gmail.com,8636502913,1979-07-07
US_2498,James Ferguson,JamesFerguson@gmail.com,7942862021,1965-02-25
US_2499,Brian Hudson,BrianHudson@gmail.com,9352571916,1961-06-29
US_2500,Steven Davis,StevenDavis@gmail.com,7070857845,2003-04-12
US_2501,Juan Johnson,JuanJohnson@gmail.com,9670268963,1961-03-26
US_2502,Katherine Lopez,KatherineLopez@gmail.com,9908958445,1990-10-11
US_2503,Victor Campbell,VictorCampbell@gmail.com,9441573321,1986-12-12
US_2504,Matthew Jones,MatthewJones@gmail.com,8921328814,1969-01-10
US_2505,Joseph Jackson,JosephJackson@gmail.com,7029422222,2001-09-11
US_2506,Jennifer Moore,JenniferMoore@gmail.com,9881032476,1995-08-15
US_2507,Joshua Mendoza,JoshuaMendoza@gmail.com,8886126957,1959-10-03
US_2508,Troy Glenn,TroyGlenn@gmail.com,7606904075,1957-06-21
US_2509,Daniel Reynolds,DanielReynolds@gmail.com,7981677286,1978-10-29
US_2510,Karen Munoz,KarenMunoz@gmail.com,9738483509,2004-01-29
US_2511,Laurie Shaw,LaurieShaw@gmail.com,8043515367,1957-07-28
US_2512,Desiree Smith,DesireeSmith@gmail.com,9915764119,1954-12-18
US_2513,Austin Ross,AustinRoss@gmail.com,8198033396,2005-01-04
US_2514,Kelly Kent,KellyKent@gmail.com,8804285592,1971-10-09
US_2515,Julia Johnston,JuliaJohnston@gmail.com,7702521989,1963-12-07
US_2516,Donna Ibarra,DonnaIbarra@gmail.com,8525998179,2000-08-04
US_2517,Michael Dawson,MichaelDawson@gmail.com,9388768070,1972-05-31
US_2518,Louis Patrick,LouisPatrick@gmail.com,8502950249,1955-05-09
US_2519,David Yoder,DavidYoder@gmail.com,8438859568,1988-05-30
US_2520,Judith Bartlett,JudithBartlett@gmail.com,9058018085,1992-12-25
US_2521,Keith Long,KeithLong@gmail.com,9713840941,1995-08-20
US_2522,Cynthia Harrell,CynthiaHarrell@gmail.com,9842216700,1975-08-12
US_2523,Mark Carter,MarkCarter@gmail.com,9980845616,1999-08-15
US_2524,Melissa Bowen,MelissaBowen@gmail.com,8347581812,1955-09-30
US_2525,Johnny Riddle,JohnnyRiddle@gmail.com,8215924936,1976-06-16
US_2526,Whitney Jones,WhitneyJones@gmail.com,8061046259,1981-02-12
US_2527,Randall Nguyen,RandallNguyen@gmail.com,7536318633,1982-12-04
US_2528,David Hunter,DavidHunter@gmail.com,7585379811,1990-12-27
US_2529,Benjamin Neal,BenjaminNeal@gmail.com,8914620834,1977-02-26
US_2530,Jane Reese,JaneReese@gmail.com,7359913950,1973-01-08
US_2531,Jennifer Smith,JenniferSmith@gmail.com,9919024933,1960-04-11
US_2532,Thomas Murphy,ThomasMurphy@gmail.com,8736068514,1991-04-26
US_2533,Kari Jones,KariJones@gmail.com,7853443673,1997-06-23
US_2534,Dana Dodson,DanaDodson@gmail.com,7128294750,1992-03-15
US_2535,Robert Skinner,RobertSkinner@gmail.com,7873103909,1999-05-25
US_2536,Albert Garcia,AlbertGarcia@gmail.com,7694549260,1963-12-04
US_2537,Joseph Myers,JosephMyers@gmail.com,9752039082,1994-12-20
US_2538,Phillip Byrd,PhillipByrd@gmail.com,8819571860,1965-11-04
US_2539,Hunter Robinson,HunterRobinson@gmail.com,9491478147,2001-02-04
US_2540,Michael Robinson,MichaelRobinson@gmail.com,9774723571,1961-03-18
US_2541,Sara Cain,SaraCain@gmail.com,7747634013,1994-01-29
US_2542,Michelle Prince,MichellePrince@gmail.com,9982144718,1976-11-09
US_2544,Raymond Wang,RaymondWang@gmail.com,8861894860,2000-04-19
US_2545,Jade Allen,JadeAllen@gmail.com,8378444723,1956-03-02
US_2546,Javier Hays,JavierHays@gmail.com,7768548499,1977-06-21
US_2547,Corey Caldwell,CoreyCaldwell@gmail.com,8567611258,1970-02-16
US_2548,Stephen Robles,StephenRobles@gmail.com,7533179325,1974-04-11
US_2549,Carol Jackson,CarolJackson@gmail.com,8972362957,1956-04-27
US_2550,Brian Murphy,BrianMurphy@gmail.com,9074964895,1955-12-17
US_2551,Chelsey Clark,ChelseyClark@gmail.com,8017050772,1978-08-16
US_2552,Teresa Martinez,TeresaMartinez@gmail.com,8898918869,1972-09-24
US_2553,Howard Thompson,HowardThompson@gmail.com,9524036671,1960-01-10
US_2554,Eugene Price,EugenePrice@gmail.com,7316969197,1982-03-08
US_2555,Austin Briggs,AustinBriggs@gmail.com,8425475620,2005-12-23
US_2556,Jackie Jones,JackieJones@gmail.com,7054584635,1998-01-18
US_2557,Eric George,EricGeorge@gmail.com,8755504041,1968-08-21
US_2558,Mrs. Kimberly Mooney,Mrs.Kimberly@gmail.com,7045240385,1994-10-04
US_2559,Carolyn Haley,CarolynHaley@gmail.com,7819084274,2002-12-14
US_2560,Vicki Horton,VickiHorton@gmail.com,7088209189,2001-09-11
US_2561,Valerie Benson,ValerieBenson@gmail.com,8843546291,1986-01-18
US_2562,Mark Henson,MarkHenson@gmail.com,8736004483,1980-03-08
US_2563,Samuel Olson,SamuelOlson@gmail.com,7888986616,2001-01-27
US_2564,Lee Richards,LeeRichards@gmail.com,9844600494,1971-02-11
US_2565,Martin Hall,MartinHall@gmail.com,9376831060,1988-06-03
US_2566,Virginia Hall,VirginiaHall@gmail.com,9836796829,1997-03-20
US_2567,Stephanie Parker,StephanieParker@gmail.com,8948620245,1980-10-07
US_2568,Nicole Harvey,NicoleHarvey@gmail.com,9488058792,1978-10-02
US_2569,James Phillips,JamesPhillips@gmail.com,8704819992,1996-01-08
US_2570,Dan Johnson,DanJohnson@gmail.com,8981518842,1998-10-10
US_2571,Linda Bautista,LindaBautista@gmail.com,8353238764,1997-05-15
US_2572,Erin Ramirez,ErinRamirez@gmail.com,9671721302,1985-03-11
US_2573,Paige Meyer,PaigeMeyer@gmail.com,7869952607,1978-12-10
US_2574,Maria Roberts,MariaRoberts@gmail.com,8068866078,1983-11-08
US_2575,Ryan Rivera,RyanRivera@gmail.com,9940939028,1954-05-02
US_2576,Joshua Knox,JoshuaKnox@gmail.com,7305522830,1981-04-21
US_2577,Danielle Mcdaniel,DanielleMcdaniel@gmail.com,7511034953,1961-03-19
US_2578,Lisa James,LisaJames@gmail.com,9031607826,1956-10-25
US_2579,Jeremy Smith,JeremySmith@gmail.com,9644136638,1988-06-05
US_2580,Andrea Lee,AndreaLee@gmail.com,7236024872,2004-02-21
US_2581,Brenda Harris,BrendaHarris@gmail.com,8090244960,1983-07-09
US_2582,Kevin Guerra,KevinGuerra@gmail.com,9779853657,1985-08-25
US_2583,Cynthia Miller,CynthiaMiller@gmail.com,8162658204,1979-06-22
US_2584,Emily Griffith,EmilyGriffith@gmail.com,9848665775,2007-02-02
US_2585,Christopher Wright,ChristopherWright@gmail.com,8988759004,1999-02-10
US_2586,Jerome Reid,JeromeReid@gmail.com,9400620355,1963-01-14
US_2587,Richard Miller,RichardMiller@gmail.com,8611191398,1954-09-20
US_2588,Jennifer Jackson,JenniferJackson@gmail.com,7272642687,2005-07-26
US_2589,Jonathan Moss,JonathanMoss@gmail.com,8242669475,1970-02-16
US_2590,Sally Leon,SallyLeon@gmail.com,9619148783,1982-08-24
US_2591,James Dickerson,JamesDickerson@gmail.com,9221742952,2006-05-21
US_2592,Tammy Larson,TammyLarson@gmail.com,8935887841,1980-12-10
US_2593,Nicholas Scott,NicholasScott@gmail.com,9289146492,1973-01-09
US_2594,Jesse Brooks,JesseBrooks@gmail.com,8628844977,1995-03-19
US_2595,Andrea Taylor,AndreaTaylor@gmail.com,9095671966,1987-09-14
US_2596,Christopher Lopez,ChristopherLopez@gmail.com,8758842331,1955-06-26
US_2597,Jonathan Swanson,JonathanSwanson@gmail.com,7361934535,1973-09-08
US_2598,Timothy Bentley DVM,TimothyBentley@gmail.com,9234434880,1968-07-20
US_2599,John Davidson,JohnDavidson@gmail.com,8526558940,1971-06-15
US_2601,Janice Cunningham,JaniceCunningham@gmail.com,9720593731,1986-07-29
US_2602,Jeffrey Scott,JeffreyScott@gmail.com,8511639292,1957-09-18
US_2603,Miranda Hicks,MirandaHicks@gmail.com,7605301200,1976-10-08
US_2604,Michael Horton DDS,MichaelHorton@gmail.com,9145247956,1966-12-22
US_2605,Nancy Allen,NancyAllen@gmail.com,8959534265,1963-06-23
US_2606,Robert Mccoy,RobertMccoy@gmail.com,8041487437,1993-09-27
US_2608,Jesus Becker,JesusBecker@gmail.com,8145713326,1971-08-25
US_2609,Lance Lynn,LanceLynn@gmail.com,7609237945,1985-11-18
US_2610,Alexandria Wise,AlexandriaWise@gmail.com,9831082382,1977-10-13
US_2611,Sydney Sanders,SydneySanders@gmail.com,7502978340,1966-03-15
US_2612,Stephanie Stone,StephanieStone@gmail.com,9499466182,1971-05-26
US_2613,Jay Gallegos,JayGallegos@gmail.com,8884922162,1960-03-20
US_2614,Eric Ponce,EricPonce@gmail.com,7126912285,2002-01-30
US_2615,Janet Parker,JanetParker@gmail.com,9747083737,1969-09-01
US_2616,Shawn Luna,ShawnLuna@gmail.com,7492594128,1994-05-11
US_2617,Mark Frank,MarkFrank@gmail.com,8685273833,2001-01-15
US_2618,Charles Goodman,CharlesGoodman@gmail.com,8072158992,1988-10-18
US_2619,Jennifer Parker,JenniferParker@gmail.com,7202445258,1991-01-21
US_2620,Dr. April Jones,Dr.April@gmail.com,9140732140,1979-12-03
US_2621,Kelly Pena,KellyPena@gmail.com,9401844859,1997-11-02
US_2622,Carolyn Brooks,CarolynBrooks@gmail.com,9921967275,1984-07-26
US_2623,Christina White,ChristinaWhite@gmail.com,9816079496,1990-11-07
US_2624,Joanne Olsen,JoanneOlsen@gmail.com,7910287784,1971-01-07
US_2625,Anthony White,AnthonyWhite@gmail.com,7760636042,1981-02-21
US_2626,Deanna Barrera,DeannaBarrera@gmail.com,7935129272,1987-05-30
US_2627,Mark Weber,MarkWeber@gmail.com,8778096230,1973-04-07
US_2628,Carol Carter,CarolCarter@gmail.com,9419818326,1983-10-04
US_2629,Donald Peterson,DonaldPeterson@gmail.com,8049187188,1976-07-30
US_2630,Karen Chambers,KarenChambers@gmail.com,7931507812,1996-08-17
US_2631,Antonio Walton,AntonioWalton@gmail.com,8791620728,2005-12-06
US_2632,Kevin Huerta,KevinHuerta@gmail.com,9831534804,1988-04-22
US_2634,Victoria Juarez,VictoriaJuarez@gmail.com,7542661214,1991-10-03
US_2635,Kara Rogers,KaraRogers@gmail.com,9596664901,2006-07-07
US_2636,Jacob Wu,JacobWu@gmail.com,9235680555,2002-06-30
US_2637,Dr. Teresa Ortega MD,Dr.Teresa@gmail.com,7845695155,1996-11-24
US_2638,Henry Rivera,HenryRivera@gmail.com,7183072211,2006-05-12
US_2639,Jesus Hale,JesusHale@gmail.com,8130817930,1994-11-21
US_2640,Stacy Taylor,StacyTaylor@gmail.com,9301972939,1983-05-21
US_2641,Sheila Ramirez,SheilaRamirez@gmail.com,8279869564,1957-09-13
US_2642,Robin Richardson,RobinRichardson@gmail.com,8995322122,1974-07-20
US_2643,Mary Alvarez,MaryAlvarez@gmail.com,9188487890,1976-03-29
US_2644,Cole Andersen,ColeAndersen@gmail.com,9615414883,1969-02-24
US_2645,Robin Smith,RobinSmith@gmail.com,9476833423,1958-11-11
US_2646,Angel Aguirre,AngelAguirre@gmail.com,9394575847,1997-04-03
US_2647,Jeremy Lawson,JeremyLawson@gmail.com,8534912115,2004-06-12
US_2648,Lonnie Miller,LonnieMiller@gmail.com,9932304194,1984-01-19
US_2649,Timothy Galvan,TimothyGalvan@gmail.com,7134700120,1973-06-04
US_2650,Dr. Susan Navarro,Dr.Susan@gmail.com,9082170623,1959-07-20
US_2651,Cory Thomas,CoryThomas@gmail.com,9563125708,1962-03-09
US_2652,Laura Vincent,LauraVincent@gmail.com,7648512192,2001-05-07
US_2653,Bethany Robles,BethanyRobles@gmail.com,9804452606,2002-11-19
US_2654,Michael Dunn,MichaelDunn@gmail.com,9766665569,1986-02-12
US_2655,Carol Griffin,CarolGriffin@gmail.com,8258670933,1970-07-07
US_2656,Matthew Allen,MatthewAllen@gmail.com,7455980372,1960-08-12
US_2657,Paul Keller,PaulKeller@gmail.com,9346256994,1986-03-12
US_2658,Jeffrey Baldwin,JeffreyBaldwin@gmail.com,9074829872,1997-04-27
US_2659,Timothy Orr,TimothyOrr@gmail.com,8738158139,1982-10-31
US_2660,Connie Scott,ConnieScott@gmail.com,7516538225,1955-04-20
US_2662,Joseph Swanson,JosephSwanson@gmail.com,9288871036,1958-02-04
US_2663,Michael Wiggins,MichaelWiggins@gmail.com,7352642147,1984-12-13
US_2664,Pamela Burke,PamelaBurke@gmail.com,8710144620,1988-02-15
US_2665,Jamie Love,JamieLove@gmail.com,9669127882,1966-01-21
US_2666,Jane May,JaneMay@gmail.com,9295024764,1991-01-24
US_2667,Savannah Stokes,SavannahStokes@gmail.com,9916137327,2000-07-10
US_2668,Brian Miller,BrianMiller@gmail.com,7974547437,1979-08-19
US_2669,Patrick Pineda,PatrickPineda@gmail.com,7612121420,1982-09-20
US_2670,Audrey Richardson,AudreyRichardson@gmail.com,8533975840,1962-05-03
US_2671,Tiffany Ray,TiffanyRay@gmail.com,8724491705,1978-11-04
US_2672,Antonio Nichols,AntonioNichols@gmail.com,7687414244,1988-05-17
US_2673,Veronica Flores,VeronicaFlores@gmail.com,7042883353,1965-02-12
US_2674,Michael Hogan,MichaelHogan@gmail.com,8604461643,1991-11-13
US_2675,Lindsay Walker,LindsayWalker@gmail.com,9380499293,1966-02-24
US_2676,Joshua Murray,JoshuaMurray@gmail.com,7993820988,1988-12-08
US_2677,Tommy Hood,TommyHood@gmail.com,7577642049,1957-03-24
US_2678,Mr. Kyle Thomas DDS,Mr.Kyle@gmail.com,8590982505,1962-03-22
US_2679,Michele George,MicheleGeorge@gmail.com,9262788396,1974-08-21
US_2680,William Martinez,WilliamMartinez@gmail.com,9597887513,1992-09-10
US_2681,Michelle Mendoza DVM,MichelleMendoza@gmail.com,8401974461,2002-05-02
US_2682,Michael Bennett DVM,MichaelBennett@gmail.com,8964598800,2001-03-24
US_2683,Ronald Clark,RonaldClark@gmail.com,9119868458,1976-02-09
US_2684,Rita Graves,RitaGraves@gmail.com,8101269701,2001-07-17
US_2687,Wendy Kelley,WendyKelley@gmail.com,7162390843,1991-12-14
US_2688,Michael Mooney,MichaelMooney@gmail.com,9889762155,1996-10-30
US_2689,Jeanne Rose,JeanneRose@gmail.com,7558793467,1966-11-21
US_2690,Michael Lee,MichaelLee@gmail.com,7168545894,1991-12-24
US_2691,Jennifer Anderson,JenniferAnderson@gmail.com,9404213945,1979-05-31
US_2692,Lauren Trujillo,LaurenTrujillo@gmail.com,8396166548,1979-04-14
US_2693,Michelle Ellis,MichelleEllis@gmail.com,7396453747,1959-02-09
US_2694,Chad Dominguez,ChadDominguez@gmail.com,8204004484,1966-10-17
US_2695,Charles Robinson,CharlesRobinson@gmail.com,9291590176,2000-11-02
US_2696,Nancy Smith,NancySmith@gmail.com,7291199623,2005-02-18
US_2697,Laura Gregory,LauraGregory@gmail.com,8402756065,1982-12-01
US_2698,Brittany Clements MD,BrittanyClements@gmail.com,7150456586,1984-10-07
US_2699,Tammy Davis,TammyDavis@gmail.com,9251896543,1957-05-25
US_2700,Catherine Williams,CatherineWilliams@gmail.com,8204149387,2002-01-20
US_2701,Miss Leslie Booker,MissLeslie@gmail.com,9192865323,1998-02-15
US_2702,Jennifer Johnson,JenniferJohnson@gmail.com,9619482681,1973-02-25
US_2703,John Watts,JohnWatts@gmail.com,9615733883,2006-05-15
US_2704,Marissa Bennett,MarissaBennett@gmail.com,7092427853,2005-06-15
US_2705,Rebecca Barrett,RebeccaBarrett@gmail.com,8844165436,2006-08-14
US_2706,Sharon Santos,SharonSantos@gmail.com,7373191798,1962-01-08
US_2707,Matthew Richardson,MatthewRichardson@gmail.com,7394537513,2006-09-13
US_2708,Bradley Burns,BradleyBurns@gmail.com,8217578523,1976-06-13
US_2709,Katrina Johnson,KatrinaJohnson@gmail.com,7084193422,2005-01-23
US_2710,Laura Hill,LauraHill@gmail.com,9686229683,1973-01-29
US_2711,Rebecca White,RebeccaWhite@gmail.com,7856673958,1963-08-01
US_2713,Arthur Stout,ArthurStout@gmail.com,8404957069,2004-05-02
US_2714,Cathy Hess,CathyHess@gmail.com,7669270874,1963-02-20
US_2715,Justin Herrera,JustinHerrera@gmail.com,9112534230,1995-07-07
US_2716,Katherine Stone,KatherineStone@gmail.com,8327052421,1961-07-14
US_2717,Michelle Tyler,MichelleTyler@gmail.com,9443581378,1975-07-10
US_2718,Paul Sheppard,PaulSheppard@gmail.com,8746915179,1976-11-18
US_2719,Catherine George,CatherineGeorge@gmail.com,7851358252,2006-04-24
US_2720,Justin Mcbride,JustinMcbride@gmail.com,7038982808,1978-07-02
US_2721,Carl Harris,CarlHarris@gmail.com,8277152269,1969-09-03
US_2722,Justin York,JustinYork@gmail.com,9995032947,1961-08-17
US_2723,William Hunter,WilliamHunter@gmail.com,7432314191,1969-07-16
US_2724,Joshua Henderson,JoshuaHenderson@gmail.com,7200886228,1960-05-09
US_2725,April Turner,AprilTurner@gmail.com,7236562631,1985-05-08
US_2726,Kelly Patton,KellyPatton@gmail.com,8614449463,2004-01-22
US_2727,Jill Ray,JillRay@gmail.com,7632733972,1966-09-11
US_2728,Kelly Andersen,KellyAndersen@gmail.com,9078365795,2000-05-01
US_2730,Robert Young,RobertYoung@gmail.com,9647929112,1998-10-29
US_2731,Elijah Wall,ElijahWall@gmail.com,8605606782,2005-04-17
US_2732,Lindsey Robinson,LindseyRobinson@gmail.com,8475369102,2005-01-06
US_2733,Carl Dean,CarlDean@gmail.com,8570828434,1999-09-21
US_2734,David James,DavidJames@gmail.com,7233867407,1992-12-17
US_2735,Jennifer Miller,JenniferMiller@gmail.com,9090992412,1991-03-06
US_2736,Jeffery Neal,JefferyNeal@gmail.com,9656992795,1971-07-29
US_2737,Andrea Oconnor,AndreaOconnor@gmail.com,9904984808,1965-12-04
US_2738,Melissa Lee MD,MelissaLee@gmail.com,9042370828,1997-07-10
US_2739,Samantha Jacobs,SamanthaJacobs@gmail.com,8450951400,1972-06-02
US_2740,Christian Riddle,ChristianRiddle@gmail.com,9220149244,2000-08-26
US_2741,Alexander Munoz,AlexanderMunoz@gmail.com,7320894780,1981-08-19
US_2742,Caleb Rodriguez,CalebRodriguez@gmail.com,9766846476,1995-03-03
US_2743,Andrea Bowman,AndreaBowman@gmail.com,7833664621,1962-05-12
US_2744,Gavin Nelson,GavinNelson@gmail.com,8592340953,1964-04-07
US_2746,Wayne Gray,WayneGray@gmail.com,8039429826,1976-05-17
US_2747,Timothy Thompson,TimothyThompson@gmail.com,8026859934,1957-08-23
US_2748,Elizabeth Nicholson,ElizabethNicholson@gmail.com,8272832855,2000-07-15
US_2749,Joseph Graves PhD,JosephGraves@gmail.com,7859947549,2002-10-04
US_2750,Lisa Mosley,LisaMosley@gmail.com,7680073886,2005-06-08
US_2751,Travis Price,TravisPrice@gmail.com,9808047220,1980-04-27
US_2752,Patrick Faulkner,PatrickFaulkner@gmail.com,7983614070,2001-08-17
US_2753,Linda Atkinson,LindaAtkinson@gmail.com,7260086655,1977-09-13
US_2754,Cameron Smith,CameronSmith@gmail.com,7259412718,1954-07-09
US_2755,Brittney Martinez,BrittneyMartinez@gmail.com,7814094038,1954-05-26
US_2756,Nicolas Brown,NicolasBrown@gmail.com,9325740516,1993-09-22
US_2757,Vanessa Zimmerman,VanessaZimmerman@gmail.com,8007419561,1958-04-27
US_2758,Lee Mann,LeeMann@gmail.com,7235532562,1956-02-15
US_2759,William Lindsey,WilliamLindsey@gmail.com,7192318314,1960-09-10
US_2760,Desiree Patterson,DesireePatterson@gmail.com,9509571900,1978-12-18
US_2761,Sierra Cervantes,SierraCervantes@gmail.com,7634002390,2005-05-29
US_2762,Scott Meza,ScottMeza@gmail.com,7164039070,1984-09-22
US_2763,Erik Davis,ErikDavis@gmail.com,7807451755,1997-10-17
US_2764,Nicholas Duffy,NicholasDuffy@gmail.com,9098262317,2003-05-06
US_2765,Anthony Paul,AnthonyPaul@gmail.com,8630813583,1960-05-03
US_2766,Katherine Baxter,KatherineBaxter@gmail.com,7434744514,2005-10-27
US_2767,Jessica Romero,JessicaRomero@gmail.com,9311068788,1966-04-14
US_2768,Karen Robertson,KarenRobertson@gmail.com,8666213188,1961-10-08
US_2769,Dr. Melissa Sullivan DDS,Dr.Melissa@gmail.com,9200790034,1968-01-17
US_2770,Nichole Klein,NicholeKlein@gmail.com,8036828108,1985-03-23
US_2771,Nicole Sanchez,NicoleSanchez@gmail.com,8754268788,1974-05-16
US_2772,Tiffany Morrow,TiffanyMorrow@gmail.com,9238735680,1988-07-06
US_2773,Kelsey Lynch,KelseyLynch@gmail.com,9168755808,2004-07-21
US_2774,Traci Craig,TraciCraig@gmail.com,7527180517,2006-09-24
US_2775,Kelly Walker,KellyWalker@gmail.com,7061312428,1973-01-26
US_2776,Ryan Palmer,RyanPalmer@gmail.com,7702658670,1985-12-03
US_2777,Jenny Gray,JennyGray@gmail.com,8091225239,1966-01-13
US_2778,Brian Sloan,BrianSloan@gmail.com,9261214886,1990-11-01
US_2779,Joshua Miranda,JoshuaMiranda@gmail.com,8069868424,1967-10-22
US_2780,Edwin Carter,EdwinCarter@gmail.com,7702706584,2004-08-11
US_2781,Oscar Carroll,OscarCarroll@gmail.com,8147725887,1997-04-06
US_2782,Eric Fitzpatrick,EricFitzpatrick@gmail.com,8059364053,1956-12-23
US_2783,Samantha Johnson,SamanthaJohnson@gmail.com,9386682626,1959-11-11
US_2784,Luke Freeman,LukeFreeman@gmail.com,8320632014,1981-11-03
US_2785,Luis Murphy,LuisMurphy@gmail.com,9269403407,1994-03-25
US_2786,Aaron Zamora,AaronZamora@gmail.com,8850429483,1958-11-12
US_2787,Henry Garcia,HenryGarcia@gmail.com,8323289764,1981-06-23
US_2788,Bradley Robertson Jr.,BradleyRobertson@gmail.com,8571868178,1980-10-17
US_2789,John Moore,JohnMoore@gmail.com,9936545414,1972-08-08
US_2790,Courtney Foster,CourtneyFoster@gmail.com,8948299272,1971-08-16
US_2791,Jeffrey White,JeffreyWhite@gmail.com,8926823679,1962-10-20
US_2792,Ashley Gonzales,AshleyGonzales@gmail.com,8791733312,1991-11-08
US_2793,Candice Gomez,CandiceGomez@gmail.com,9770999881,1988-07-18
US_2794,Ian Harrell,IanHarrell@gmail.com,8858187386,2002-02-07
US_2795,Colton Williams,ColtonWilliams@gmail.com,9696044467,2002-12-27
US_2796,Patrick Santana,PatrickSantana@gmail.com,9547700882,1955-08-18
US_2797,Cristian Mendoza,CristianMendoza@gmail.com,7808754534,1954-07-11
US_2798,Deborah Fisher,DeborahFisher@gmail.com,7392352407,1975-07-07
US_2799,Rebecca Klein,RebeccaKlein@gmail.com,9645655473,1975-06-19
US_2800,Phillip Macias,PhillipMacias@gmail.com,9838209364,1973-02-16
US_2801,Tammy Cameron,TammyCameron@gmail.com,8355824888,1964-04-04
US_2804,Cynthia Gregory,CynthiaGregory@gmail.com,8909121655,1956-09-26
US_2805,William Mclaughlin,WilliamMclaughlin@gmail.com,8178856378,1964-12-11
US_2806,Dylan Tucker,DylanTucker@gmail.com,9105303538,1996-11-08
US_2807,Danielle Hernandez,DanielleHernandez@gmail.com,7299055435,1954-11-26
US_2808,Danielle Wang,DanielleWang@gmail.com,7468430786,1966-09-09
US_2809,Wendy Wright,WendyWright@gmail.com,9609446654,1977-07-28
US_2810,Christina Mccarthy,ChristinaMccarthy@gmail.com,8368714708,1968-09-26
US_2811,Meredith Shaw,MeredithShaw@gmail.com,7370109369,1988-05-21
US_2812,Willie Garza,WillieGarza@gmail.com,8483782277,1967-12-16
US_2813,Crystal Anderson,CrystalAnderson@gmail.com,8568843420,1969-11-27
US_2814,William Hickman,WilliamHickman@gmail.com,8217059870,1967-11-10
US_2815,Luis Davis,LuisDavis@gmail.com,8214740589,1963-08-25
US_2816,Jason Torres,JasonTorres@gmail.com,9526257720,1972-02-04
US_2817,Crystal Rogers,CrystalRogers@gmail.com,9451981182,1960-03-14
US_2818,Jordan Schneider,JordanSchneider@gmail.com,7699144640,1957-12-27
US_2819,Derrick Ramirez,DerrickRamirez@gmail.com,8308091119,1980-04-13
US_2820,Jason Flores,JasonFlores@gmail.com,9014691810,1976-02-01
US_2821,Andrew Williams,AndrewWilliams@gmail.com,8030687928,1992-10-08
US_2822,Christy Kennedy,ChristyKennedy@gmail.com,8970014480,1990-06-26
US_2823,Ashlee Lopez,AshleeLopez@gmail.com,9083769127,1961-11-07
US_2824,Heidi Torres,HeidiTorres@gmail.com,7282685445,1964-05-22
US_2825,Adam Arnold,AdamArnold@gmail.com,7224333463,1998-02-10
US_2826,Erin Figueroa,ErinFigueroa@gmail.com,9800401764,1989-05-15
US_2827,Richard Rice,RichardRice@gmail.com,7370469872,2007-02-10
US_2828,Matthew Clark,MatthewClark@gmail.com,8777386498,1963-09-05
US_2829,Stephen Anderson,StephenAnderson@gmail.com,9334497202,1979-04-19
US_2830,Barbara Willis,BarbaraWillis@gmail.com,9021636282,1959-01-19
US_2831,Martha Lee,MarthaLee@gmail.com,9518103093,1984-07-31
US_2832,Tammy Jones,TammyJones@gmail.com,9364339129,2004-06-23
US_2833,Grace Swanson,GraceSwanson@gmail.com,9270401640,1958-01-17
US_2834,Christina Le MD,ChristinaLe@gmail.com,9958893155,1989-03-25
US_2835,Joshua King,JoshuaKing@gmail.com,8680164940,1967-06-22
US_2836,Sarah Meadows,SarahMeadows@gmail.com,8868508513,1967-12-30
US_2837,Stephanie West,StephanieWest@gmail.com,9941278497,1982-01-11
US_2838,Susan Jones,SusanJones@gmail.com,9918248619,1972-07-25
US_2839,Timothy Gordon,TimothyGordon@gmail.com,9009977712,1993-08-27
US_2840,Kyle Horton,KyleHorton@gmail.com,7613981002,1969-04-04
US_2841,Angel Knight,AngelKnight@gmail.com,9754815101,1986-12-04
US_2842,Melissa Yang,MelissaYang@gmail.com,9245374185,1980-09-02
US_2843,Michael Berg,MichaelBerg@gmail.com,9244613090,1992-08-01
US_2844,Carol Christensen,CarolChristensen@gmail.com,9956915069,2001-07-24
US_2845,Richard Morales,RichardMorales@gmail.com,8515226993,1973-11-18
US_2846,Clinton Moore,ClintonMoore@gmail.com,8110652698,1988-04-03
US_2847,Michael Suarez,MichaelSuarez@gmail.com,8285894975,1987-03-17
US_2848,Joy Zimmerman,JoyZimmerman@gmail.com,7890184318,1988-07-23
US_2849,Elizabeth Robinson,ElizabethRobinson@gmail.com,7533191065,1986-05-09
US_2850,Kristen Jackson,KristenJackson@gmail.com,9897708212,2004-08-29
US_2851,David Williams,DavidWilliams@gmail.com,7827168257,1971-09-01
US_2852,Stephen Ho,StephenHo@gmail.com,8868908361,1977-09-08
US_2853,Richard Day,RichardDay@gmail.com,9102267800,1993-01-01
US_2854,Rodney Nichols,RodneyNichols@gmail.com,8217440344,1982-11-29
US_2855,Gregory Jacobs,GregoryJacobs@gmail.com,9192935667,1978-09-02
US_2856,Bradley Thornton,BradleyThornton@gmail.com,8657492869,1976-05-14
US_2857,Miranda Ortiz,MirandaOrtiz@gmail.com,8968074529,1972-04-15
US_2858,Erika Brown,ErikaBrown@gmail.com,9810553162,1992-10-17
US_2859,Samantha Robinson,SamanthaRobinson@gmail.com,9062656187,1988-03-29
US_2860,Cassandra Bonilla,CassandraBonilla@gmail.com,8753313667,1969-11-01
US_2861,Veronica Osborne,VeronicaOsborne@gmail.com,7120035969,1985-12-14
US_2862,Ashley Reese,AshleyReese@gmail.com,7746736254,2006-03-21
US_2863,Matthew Berg,MatthewBerg@gmail.com,9256051967,1965-11-02
US_2864,Kristen Montoya,KristenMontoya@gmail.com,8707613169,1988-09-04
US_2865,Derrick Perkins,DerrickPerkins@gmail.com,9402675686,1978-06-07
US_2867,Nicholas Richardson,NicholasRichardson@gmail.com,8121967649,1982-08-30
US_2868,Anna White,AnnaWhite@gmail.com,8399408836,1956-08-27
US_2870,Nicholas Holland Jr.,NicholasHolland@gmail.com,9195817877,1966-08-02
US_2871,Christopher Long,ChristopherLong@gmail.com,7950600118,1985-08-30
US_2872,Andrea Jones,AndreaJones@gmail.com,8091843344,1964-07-04
US_2873,Terry Waller,TerryWaller@gmail.com,8231094140,1984-04-30
US_2874,Joseph Acosta,JosephAcosta@gmail.com,9217424012,1980-08-01
US_2875,Lindsey Gray,LindseyGray@gmail.com,9733678594,1968-11-17
US_2876,Ronald Hines,RonaldHines@gmail.com,8522191796,2003-09-07
US_2877,Amanda Wright,AmandaWright@gmail.com,7666144094,1984-07-23
US_2878,Charles Burton,CharlesBurton@gmail.com,7752124423,1976-05-11
US_2879,Vincent Rosario,VincentRosario@gmail.com,9965262885,1962-01-11
US_2880,Noah Morgan,NoahMorgan@gmail.com,8456503402,1979-09-05
US_2881,Christina Castillo,ChristinaCastillo@gmail.com,9211092008,1975-04-19
US_2882,Jill Martin,JillMartin@gmail.com,8176003358,1996-02-15
US_2883,Christopher Brown,ChristopherBrown@gmail.com,7110756804,1998-08-23
US_2884,Lori Martinez,LoriMartinez@gmail.com,7195320164,1976-03-25
US_2885,Ashley Phillips,AshleyPhillips@gmail.com,8889713334,1997-08-11
US_2886,Sara Thomas,SaraThomas@gmail.com,8966682931,1972-10-28
US_2887,Allison Simmons,AllisonSimmons@gmail.com,9197230752,1997-03-28
US_2888,Matthew Perez,MatthewPerez@gmail.com,9505956406,1954-06-06
US_2889,Janice Henson,JaniceHenson@gmail.com,8487349498,1990-01-08
US_2890,Ashley Jackson,AshleyJackson@gmail.com,8019024353,1998-12-21
US_2891,Brian Sosa,BrianSosa@gmail.com,9382067536,1996-10-27
US_2892,Luis Wilson,LuisWilson@gmail.com,7996546624,1954-11-03
US_2893,Tamara Huang,TamaraHuang@gmail.com,8110142409,1967-02-08
US_2894,Cassandra Moreno,CassandraMoreno@gmail.com,9566493675,1997-12-16
US_2895,Meghan Hernandez,MeghanHernandez@gmail.com,7231180572,1964-11-04
US_2896,Elizabeth Roth,ElizabethRoth@gmail.com,8247186452,1975-11-07
US_2897,Brian Hendricks,BrianHendricks@gmail.com,8585000506,2004-11-15
US_2898,Tasha Cochran,TashaCochran@gmail.com,8635317856,2003-03-30
US_2899,Angela Smith,AngelaSmith@gmail.com,8309298772,1962-11-16
US_2900,Brittany Rios,BrittanyRios@gmail.com,9561917034,1998-04-12
US_2901,James Griffith,JamesGriffith@gmail.com,8809575574,2006-04-10
US_2902,Karen Jones,KarenJones@gmail.com,9026890442,1997-09-05
US_2903,Tina Ramirez,TinaRamirez@gmail.com,7832350997,1971-03-14
US_2904,Zachary White,ZacharyWhite@gmail.com,8587494786,1988-07-10
US_2905,Francisco Coleman,FranciscoColeman@gmail.com,9113896399,1970-12-26
US_2906,Jennifer Leon,JenniferLeon@gmail.com,7991965241,1976-09-16
US_2907,Robert Valdez,RobertValdez@gmail.com,8767552796,1964-06-27
US_2909,Kim Underwood,KimUnderwood@gmail.com,8637942834,1961-12-31
US_2910,Kevin Fisher,KevinFisher@gmail.com,8267559168,1983-07-30
US_2911,Melissa Goodman,MelissaGoodman@gmail.com,8169949693,1957-05-06
US_2912,Cynthia Smith,CynthiaSmith@gmail.com,8642336623,2004-03-30
US_2913,Alicia Grant DVM,AliciaGrant@gmail.com,7126019392,1995-10-24
US_2914,Amy Bailey,AmyBailey@gmail.com,8279079802,1984-01-11
US_2915,Sharon Fuentes,SharonFuentes@gmail.com,9137231526,1991-08-30
US_2916,Charles Castaneda,CharlesCastaneda@gmail.com,9467610063,1979-06-16
US_2917,Susan Sanchez,SusanSanchez@gmail.com,7843412820,1963-10-29
US_2918,Amy Taylor,AmyTaylor@gmail.com,8906095326,1957-05-11
US_2919,Michele Bennett,MicheleBennett@gmail.com,9581741010,1967-04-05
US_2920,Vincent Watson,VincentWatson@gmail.com,9160666211,1971-02-14
US_2921,Mary Jones,MaryJones@gmail.com,7769605568,1987-12-01
US_2922,Sheila Johnson,SheilaJohnson@gmail.com,8803402030,1973-02-28
US_2923,Bob Jones,BobJones@gmail.com,7506138604,1960-04-28
US_2924,Robin Hernandez,RobinHernandez@gmail.com,9938472783,2002-04-30
US_2925,Patrick Adkins,PatrickAdkins@gmail.com,9248279371,2006-12-22
US_2926,Elizabeth Jenkins,ElizabethJenkins@gmail.com,7550836247,1968-06-13
US_2927,Richard Dominguez,RichardDominguez@gmail.com,7627371563,1973-04-14
US_2928,Christopher Ibarra,ChristopherIbarra@gmail.com,7418289541,1963-06-20
US_2929,Paul Gordon,PaulGordon@gmail.com,8861294801,1964-11-03
US_2930,Ronnie Frazier,RonnieFrazier@gmail.com,7514802264,1996-05-23
US_2931,Kristen Gallegos,KristenGallegos@gmail.com,8697840709,1984-02-26
US_2932,Kathryn Fletcher,KathrynFletcher@gmail.com,8210152244,1965-03-18
US_2933,Christopher Dudley,ChristopherDudley@gmail.com,8210923939,1974-11-01
US_2934,Vanessa Martinez,VanessaMartinez@gmail.com,7190686626,1986-07-24
US_2935,Manuel Robinson,ManuelRobinson@gmail.com,9827533645,2005-03-06
US_2936,Paul Hansen,PaulHansen@gmail.com,8567912450,1979-05-30
US_2937,Rose Mcdonald,RoseMcdonald@gmail.com,8262536756,1970-09-20
US_2938,Martin Wilcox,MartinWilcox@gmail.com,9696389606,1964-02-08
US_2939,Robert Lucas,RobertLucas@gmail.com,9485246542,2003-06-01
US_2941,Sarah Johnson,SarahJohnson@gmail.com,9057979969,1970-11-16
US_2942,Joshua Jones,JoshuaJones@gmail.com,7423486702,1999-07-05
US_2943,Nicole Parker,NicoleParker@gmail.com,9892428844,1965-08-08
US_2944,Margaret Johnson,MargaretJohnson@gmail.com,8974302114,1955-09-08
US_2945,William Cunningham,WilliamCunningham@gmail.com,9511004648,1994-09-02
US_2946,Rachel Williams,RachelWilliams@gmail.com,9447766180,1959-07-08
US_2947,Tony Smith,TonySmith@gmail.com,8413404534,1968-04-15
US_2948,Douglas Sanders,DouglasSanders@gmail.com,9196428050,1979-03-06
US_2949,Paul Swanson,PaulSwanson@gmail.com,9381531224,2005-03-16
US_2950,Michele Davis,MicheleDavis@gmail.com,9889012470,1966-04-17
US_2951,Patrick Garcia,PatrickGarcia@gmail.com,8081863270,1968-01-23
US_2952,Brittany Matthews,BrittanyMatthews@gmail.com,9240278446,1973-08-27
US_2953,Kevin Christian,KevinChristian@gmail.com,7921628238,2000-08-04
US_2954,Christian Ford,ChristianFord@gmail.com,8081080401,1993-10-22
US_2955,Anna Higgins,AnnaHiggins@gmail.com,7613201629,1961-03-05
US_2956,Rhonda Pena,RhondaPena@gmail.com,8490165249,1974-12-14
US_2957,Candace Stuart,CandaceStuart@gmail.com,8921477469,1995-02-21
US_2958,Monica Curtis,MonicaCurtis@gmail.com,9764246164,1958-09-13
US_2959,Gloria Floyd,GloriaFloyd@gmail.com,7014989917,1994-06-22
US_2960,Isaac Chase,IsaacChase@gmail.com,8411505545,1993-05-10
US_2961,Steven Schroeder,StevenSchroeder@gmail.com,8462115136,1972-02-15
US_2962,Daniel Bishop,DanielBishop@gmail.com,9598640400,2002-08-22
US_2963,Christian Burton,ChristianBurton@gmail.com,9022376443,1966-09-30
US_2964,Robert Thomas PhD,RobertThomas@gmail.com,7554657560,1996-01-07
US_2965,Tracy Harrington,TracyHarrington@gmail.com,8128971561,1967-04-14
US_2966,Brandon Edwards,BrandonEdwards@gmail.com,8743120692,1981-10-27
US_2967,Candice Ramirez,CandiceRamirez@gmail.com,8035444806,1969-11-19
US_2968,Brandon White,BrandonWhite@gmail.com,8913817370,1977-09-27
US_2969,Deanna Kennedy,DeannaKennedy@gmail.com,7676730997,1978-02-25
US_2970,Shawn Santos,ShawnSantos@gmail.com,8283362369,1990-12-05
US_2971,Caleb Carroll,CalebCarroll@gmail.com,7533990038,1997-04-09
US_2972,Scott Morales,ScottMorales@gmail.com,9915458421,1964-03-18
US_2973,Sylvia Anderson,SylviaAnderson@gmail.com,9685162440,1975-09-27
US_2974,Ryan Crane,RyanCrane@gmail.com,8054604621,1993-10-24
US_2975,Michael Hunter,MichaelHunter@gmail.com,9488682211,1971-01-08
US_2976,Shawn Fleming,ShawnFleming@gmail.com,8901195449,1996-01-09
US_2977,Maria Figueroa,MariaFigueroa@gmail.com,9683954065,2003-01-29
US_2978,Roberto Smith,RobertoSmith@gmail.com,9507839065,2000-12-20
US_2979,Donna Moore,DonnaMoore@gmail.com,7247550284,1955-10-06
US_2980,Benjamin Price,BenjaminPrice@gmail.com,7040631243,1983-02-23
US_2981,Brandon Owens,BrandonOwens@gmail.com,9422649437,1962-09-04
US_2982,Stephanie Marshall,StephanieMarshall@gmail.com,7595373473,2003-11-23
US_2983,Nicholas Lowery,NicholasLowery@gmail.com,8582827452,1955-09-04
US_2984,Patricia Gonzalez,PatriciaGonzalez@gmail.com,9917854044,1999-12-04
US_2985,Evan Davies,EvanDavies@gmail.com,8254470291,1983-08-23
US_2986,Dr. John Ramirez,Dr.John@gmail.com,7122314356,1996-02-12
US_2987,Christopher Harrison,ChristopherHarrison@gmail.com,8076747764,1957-01-06
US_2989,Jamie Mayer,JamieMayer@gmail.com,8635657002,1976-12-07
US_2990,Jeffrey Kennedy,JeffreyKennedy@gmail.com,9523898159,1981-08-13
US_2991,Sean Cisneros,SeanCisneros@gmail.com,9850653974,1994-07-20
US_2992,Debra Reid,DebraReid@gmail.com,8314268584,1976-09-26
US_2993,Benjamin Sullivan,BenjaminSullivan@gmail.com,8339872931,1976-01-02
US_2994,Michael Savage,MichaelSavage@gmail.com,7246043514,1998-04-12
US_2995,Mckenzie Green,MckenzieGreen@gmail.com,7259335329,1999-07-21
US_2996,Anna Valenzuela,AnnaValenzuela@gmail.com,7063171570,1991-11-26
US_2997,Paul Martin,PaulMartin@gmail.com,9057108533,1981-11-09
US_2998,Jason Alvarez,JasonAlvarez@gmail.com,9621911471,1983-08-06
US_2999,Caitlyn Horton,CaitlynHorton@gmail.com,7960370908,1996-10-03
US_3000,Michael Price,MichaelPrice@gmail.com,7733003117,1988-11-05
US_3001,Richard Harper,RichardHarper@gmail.com,9667475118,1964-10-31
US_3002,Michael Jensen,MichaelJensen@gmail.com,9387934079,1963-07-17
US_3003,William Mcmillan,WilliamMcmillan@gmail.com,9720639317,1964-01-24
US_3005,Jimmy Hernandez,JimmyHernandez@gmail.com,9404242213,1980-04-26
US_3006,Ashley Cordova,AshleyCordova@gmail.com,7543135416,1979-09-02
US_3008,Ronnie Martinez,RonnieMartinez@gmail.com,8697254514,1980-02-28
US_3009,Wayne Davis,WayneDavis@gmail.com,7681057507,1992-08-08
US_3010,William Fisher,WilliamFisher@gmail.com,7969136321,1977-09-28
US_3011,Carol Gray,CarolGray@gmail.com,8057889235,1994-09-11
US_3012,Tristan Bonilla,TristanBonilla@gmail.com,7211344366,2005-08-11
US_3013,Alexis Cervantes,AlexisCervantes@gmail.com,9131565175,1968-05-21
US_3014,Steven Shaw,StevenShaw@gmail.com,9820994840,2002-06-30
US_3015,Melissa Banks,MelissaBanks@gmail.com,8518268658,2006-12-15
US_3016,Jason Bell,JasonBell@gmail.com,9741472889,1990-12-19
US_3017,Kelly Hubbard,KellyHubbard@gmail.com,9781869362,1996-06-29
US_3018,Christopher Patterson,ChristopherPatterson@gmail.com,8713039650,1997-07-25
US_3019,Kurt Daniels,KurtDaniels@gmail.com,8468846598,1969-03-03
US_3020,Ryan Barker,RyanBarker@gmail.com,8988928702,1967-01-07
US_3021,Douglas Oliver,DouglasOliver@gmail.com,9828877714,2004-11-28
US_3022,Shannon Cowan,ShannonCowan@gmail.com,8073796956,1957-09-13
US_3023,Ashley Banks,AshleyBanks@gmail.com,9763987544,1972-02-09
US_3024,Jennifer Crawford,JenniferCrawford@gmail.com,8908875050,1987-09-14
US_3027,Jason Walker,JasonWalker@gmail.com,9480180759,1976-09-24
US_3028,James Gonzalez,JamesGonzalez@gmail.com,7589187179,1979-06-05
US_3029,Caleb Ponce,CalebPonce@gmail.com,7947565562,1955-12-01
US_3030,Jennifer Hoover,JenniferHoover@gmail.com,7822484826,2005-11-12
US_3031,Natalie Smith,NatalieSmith@gmail.com,7235724550,1977-05-20
US_3032,Danny Campbell,DannyCampbell@gmail.com,8836780481,1970-10-14
US_3033,Deborah Roberson,DeborahRoberson@gmail.com,9210620524,1957-09-06
US_3034,Jennifer Allen,JenniferAllen@gmail.com,9753748592,1993-08-14
US_3036,James Montoya,JamesMontoya@gmail.com,9317932770,1997-02-10
US_3037,Lindsay Rogers,LindsayRogers@gmail.com,9471855853,1999-01-28
US_3038,Wendy Allen,WendyAllen@gmail.com,7188365043,1985-05-05
US_3039,Cheryl Newman,CherylNewman@gmail.com,8968283591,1981-07-02
US_3040,Rebecca Lane,RebeccaLane@gmail.com,7629550129,1971-05-22
US_3041,Mark Madden,MarkMadden@gmail.com,9617000357,1977-09-06
US_3042,Tanner Holmes,TannerHolmes@gmail.com,8331478436,1981-07-24
US_3043,Brett Owen,BrettOwen@gmail.com,9316151841,1990-11-15
US_3044,Lynn Mueller,LynnMueller@gmail.com,7602298288,1999-09-05
US_3045,Lori Green,LoriGreen@gmail.com,7030806609,1961-01-03
US_3046,Tiffany Harris,TiffanyHarris@gmail.com,8055921588,1956-09-02
US_3047,Jeffrey Fuller,JeffreyFuller@gmail.com,8041579697,1994-03-09
US_3048,Alyssa Zimmerman,AlyssaZimmerman@gmail.com,9689765881,2004-07-11
US_3049,Angela Reyes,AngelaReyes@gmail.com,9866029382,1994-12-13
US_3050,Bianca Chavez,BiancaChavez@gmail.com,8851492000,1968-11-09
US_3051,Heather Allen,HeatherAllen@gmail.com,7334645837,1976-11-15
US_3052,Elizabeth Nichols,ElizabethNichols@gmail.com,8598836578,1989-02-27
US_3053,Richard Hartman,RichardHartman@gmail.com,8515018701,1995-03-09
US_3054,Mary Hill,MaryHill@gmail.com,7556088229,1979-05-08
US_3055,Lori Little,LoriLittle@gmail.com,7036294955,1998-02-12
US_3057,Ashley Campbell,AshleyCampbell@gmail.com,8095549376,1970-06-12
US_3058,Anna Snyder,AnnaSnyder@gmail.com,8175522262,1998-02-21
US_3059,Ryan Myers,RyanMyers@gmail.com,8698837339,1988-03-09
US_3060,Alex Jones DVM,AlexJones@gmail.com,7507941776,1978-04-10
US_3061,Michael Brooks,MichaelBrooks@gmail.com,9185350850,1976-06-01
US_3062,Terry Stokes,TerryStokes@gmail.com,7076246852,1976-10-30
US_3063,Adam White,AdamWhite@gmail.com,8053300457,1976-01-04
US_3064,Lisa Johnson,LisaJohnson@gmail.com,9992331789,1983-05-23
US_3065,Wendy Webb,WendyWebb@gmail.com,8109202362,1984-11-17
US_3066,Kimberly Moore,KimberlyMoore@gmail.com,8612894149,1969-12-09
US_3067,Tammy Lee,TammyLee@gmail.com,7440697646,1959-03-27
US_3068,Alexander Hunt,AlexanderHunt@gmail.com,9082230339,1959-08-29
US_3069,Sean Wilson,SeanWilson@gmail.com,8472492792,1971-10-03
US_3070,Garrett Robinson,GarrettRobinson@gmail.com,9087454711,1971-07-18
US_3071,Teresa Adams,TeresaAdams@gmail.com,9429204255,1970-06-05
US_3072,Dr. Gregory Arnold,Dr.Gregory@gmail.com,8087809003,1975-03-27
US_3073,Patrick Simpson,PatrickSimpson@gmail.com,9847440016,1982-10-20
US_3074,Jennifer Lee,JenniferLee@gmail.com,7577671649,1957-09-14
US_3075,Michael Clay,MichaelClay@gmail.com,7945544479,2005-02-11
US_3076,James Silva,JamesSilva@gmail.com,9057070482,1965-05-12
US_3077,Emily Bauer,EmilyBauer@gmail.com,7476174619,2002-03-10
US_3078,Katherine Andrade,KatherineAndrade@gmail.com,8013143029,1956-12-13
US_3079,Paul Cabrera,PaulCabrera@gmail.com,7906979150,1987-01-16
US_3080,Lisa Patterson,LisaPatterson@gmail.com,7382805979,1988-02-07
US_3081,Jacqueline Chen,JacquelineChen@gmail.com,9812796006,2004-08-30
US_3083,Laurie Carter,LaurieCarter@gmail.com,7351451239,1971-01-14
US_3084,Maria Sanford,MariaSanford@gmail.com,8746943139,1987-06-19
US_3085,Allen White,AllenWhite@gmail.com,7972723506,1969-01-14
US_3086,Richard Howard,RichardHoward@gmail.com,9610057417,1976-03-09
US_3087,Matthew Watson,MatthewWatson@gmail.com,9871098767,2000-09-06
US_3088,Barbara Flores,BarbaraFlores@gmail.com,9686400241,1998-08-24
US_3089,Gary Marshall,GaryMarshall@gmail.com,9878271270,1968-01-02
US_3090,Stephanie Hoffman,StephanieHoffman@gmail.com,7359481386,1999-11-14
US_3091,Lance Rose,LanceRose@gmail.com,7423261249,1997-10-05
US_3092,Donald Franklin,DonaldFranklin@gmail.com,7726422081,1967-11-05
US_3094,Jennifer Avila,JenniferAvila@gmail.com,9730397904,1974-01-14
US_3095,Francisco Gonzalez,FranciscoGonzalez@gmail.com,8375690882,1976-07-17
US_3096,Kathleen Mooney,KathleenMooney@gmail.com,9544393803,1965-10-25
US_3097,Caleb Jackson,CalebJackson@gmail.com,9747528136,1976-07-03
US_3098,James Ray,JamesRay@gmail.com,7414663500,1963-08-06
US_3099,Mason Chase,MasonChase@gmail.com,7685587909,1992-02-12
US_3100,Susan Mitchell DVM,SusanMitchell@gmail.com,8059350255,1979-06-09
US_3101,Steven Hull,StevenHull@gmail.com,9427665991,1987-11-22
US_3104,Paul Ross,PaulRoss@gmail.com,8034880155,1977-07-17
US_3105,Emily Salazar,EmilySalazar@gmail.com,8737067213,2004-03-05
US_3106,Michael Gibson,MichaelGibson@gmail.com,7193855543,1973-07-11
US_3107,Tracy Martinez,TracyMartinez@gmail.com,9186828567,1972-06-26
US_3108,Luke Johnson,LukeJohnson@gmail.com,9341205109,1976-03-16
US_3109,Adam Garcia,AdamGarcia@gmail.com,8726033451,2005-11-05
US_3111,Corey Barrera,CoreyBarrera@gmail.com,7965898441,1959-07-20
US_3112,Steven Mayo,StevenMayo@gmail.com,9115093446,1970-01-08
US_3113,Shawna Green,ShawnaGreen@gmail.com,9080495106,1961-10-09
US_3114,Ashley Valentine,AshleyValentine@gmail.com,7771436403,1959-08-06
US_3115,Gary Salazar,GarySalazar@gmail.com,9699132992,1995-12-28
US_3116,Debra Jackson,DebraJackson@gmail.com,8763715692,1955-06-10
US_3117,Joe Martinez,JoeMartinez@gmail.com,8705108673,1991-09-08
US_3118,Nicole Barron,NicoleBarron@gmail.com,9526497667,1957-11-03
US_3119,Jennifer Griffin,JenniferGriffin@gmail.com,7280651626,1969-07-27
US_3120,Joseph Lane,JosephLane@gmail.com,8971276610,1990-12-03
US_3121,Vanessa Morris,VanessaMorris@gmail.com,7989465178,1959-03-25
US_3122,Courtney Baker,CourtneyBaker@gmail.com,7944398212,1955-08-29
US_3123,Bradley Hansen,BradleyHansen@gmail.com,9927930491,1969-04-10
US_3124,Mary Moss,MaryMoss@gmail.com,9910233194,1975-07-08
US_3125,Blake Bonilla,BlakeBonilla@gmail.com,8588371833,1964-04-13
US_3126,Adam Robinson,AdamRobinson@gmail.com,9238269613,2002-09-07
US_3127,Chelsea Garcia,ChelseaGarcia@gmail.com,9415403537,1997-10-07
US_3128,Kevin Rose,KevinRose@gmail.com,7893242694,1969-01-23
US_3129,Paige Collins,PaigeCollins@gmail.com,9442149736,1993-03-28
US_3130,Christian Wagner,ChristianWagner@gmail.com,9067447538,1971-06-06
US_3131,Colleen Cox,ColleenCox@gmail.com,8478968411,1986-01-23
US_3132,Shawna Palmer,ShawnaPalmer@gmail.com,9658378119,2001-02-03
US_3133,Chelsea Ramirez,ChelseaRamirez@gmail.com,9424822209,1955-05-07
US_3134,Eric Kane,EricKane@gmail.com,7519787342,1993-04-15
US_3135,Bridget Walter,BridgetWalter@gmail.com,9541698754,1993-04-20
US_3136,Cynthia Shannon,CynthiaShannon@gmail.com,7001809789,1987-01-20
US_3137,Allen Stanley,AllenStanley@gmail.com,8593629871,1962-05-03
US_3138,Derek Mcintosh,DerekMcintosh@gmail.com,9340444363,1966-03-30
US_3139,Jeffrey Hernandez,JeffreyHernandez@gmail.com,9360333734,1975-12-29
US_3140,Katie Brown,KatieBrown@gmail.com,8898814314,1960-12-13
US_3141,Brent Wong,BrentWong@gmail.com,9600148634,2004-06-04
US_3142,Jenny Carter,JennyCarter@gmail.com,9428950785,1977-11-18
US_3143,Kirk Moreno,KirkMoreno@gmail.com,9497531952,1962-01-08
US_3144,Jeffrey Maldonado DDS,JeffreyMaldonado@gmail.com,8125437689,1963-10-23
US_3145,Colleen Brown,ColleenBrown@gmail.com,7401436465,1967-12-15
US_3146,Derek Jones,DerekJones@gmail.com,7143254166,1957-02-10
US_3147,Darrell Oliver,DarrellOliver@gmail.com,7825011963,1983-10-28
US_3148,Jenna Garcia,JennaGarcia@gmail.com,9815280936,2003-09-09
US_3149,Sherry Adams,SherryAdams@gmail.com,7290996181,1973-02-13
US_3150,Richard Bailey,RichardBailey@gmail.com,8377505410,1961-09-16
US_3151,Kyle Gross,KyleGross@gmail.com,8280417192,2006-11-29
US_3152,Jonathan Graves,JonathanGraves@gmail.com,7835462708,1961-12-20
US_3153,Eric Knox,EricKnox@gmail.com,9415008336,1972-02-20
US_3154,Ethan Jones,EthanJones@gmail.com,7825040988,1962-05-26
US_3155,Steven Thomas,StevenThomas@gmail.com,9456628886,1989-08-20
US_3156,John Cook,JohnCook@gmail.com,7326556628,1963-06-09
US_3157,Dennis Jones,DennisJones@gmail.com,7679234996,1984-01-01
US_3158,Sarah Wheeler,SarahWheeler@gmail.com,7280639847,1959-10-08
US_3159,Lauren Freeman,LaurenFreeman@gmail.com,9613269775,1958-05-02
US_3160,Brian Fuentes,BrianFuentes@gmail.com,8194131940,1980-11-25
US_3161,Wanda Conley,WandaConley@gmail.com,7590785131,1971-04-29
US_3162,Carol Thomas,CarolThomas@gmail.com,9726755642,1958-10-22
US_3163,Eric Fitzgerald,EricFitzgerald@gmail.com,9482589852,1977-10-18
US_3164,Nicholas Fritz,NicholasFritz@gmail.com,7292998135,1963-11-04
US_3165,John Diaz,JohnDiaz@gmail.com,8986910395,1980-06-12
US_3166,Harold Mckinney,HaroldMckinney@gmail.com,9407786285,1976-01-04
US_3167,Patricia Vincent,PatriciaVincent@gmail.com,9750874522,1956-02-18
US_3168,Linda Rodriguez,LindaRodriguez@gmail.com,7644943416,1995-05-03
US_3169,Monica Smith,MonicaSmith@gmail.com,9713842921,1997-02-22
US_3170,Selena Hopkins,SelenaHopkins@gmail.com,9645682362,1967-10-25
US_3171,Jonathan Sanchez,JonathanSanchez@gmail.com,8896576683,1966-01-30
US_3172,Valerie Howard,ValerieHoward@gmail.com,9083701200,1968-03-21
US_3173,Cheryl Blevins,CherylBlevins@gmail.com,7835543869,1974-11-24
US_3174,Tracie Wiley,TracieWiley@gmail.com,9087634851,1969-07-18
US_3175,Stephanie Cole,StephanieCole@gmail.com,9839411730,1977-11-20
US_3176,Kelsey Baker,KelseyBaker@gmail.com,9358264589,1989-06-07
US_3177,Stacy Myers,StacyMyers@gmail.com,7465331041,1997-09-19
US_3178,Xavier Parker,XavierParker@gmail.com,9902585987,1999-04-09
US_3180,Jessica Gibson,JessicaGibson@gmail.com,7255420128,1990-01-30
US_3181,Rebecca Roberts,RebeccaRoberts@gmail.com,9205570642,2000-02-10
US_3182,Kathryn Jennings,KathrynJennings@gmail.com,9884738514,1974-11-05
US_3183,Chris Levy,ChrisLevy@gmail.com,8311844969,1959-07-31
US_3184,Mary Torres,MaryTorres@gmail.com,8350792484,1997-09-04
US_3185,Robert Smith,RobertSmith@gmail.com,8011827830,1978-10-12
US_3186,Douglas Watkins,DouglasWatkins@gmail.com,8313171348,1963-02-14
US_3187,Eric Jordan,EricJordan@gmail.com,9039071671,1962-01-11
US_3188,April King,AprilKing@gmail.com,9898840971,1982-03-26
US_3189,Douglas Trevino,DouglasTrevino@gmail.com,8198983604,1983-10-31
US_3190,Patricia Moore,PatriciaMoore@gmail.com,8241439991,1974-02-20
US_3191,Devin Ferrell,DevinFerrell@gmail.com,7657485666,1958-02-26
US_3192,Kevin Miller,KevinMiller@gmail.com,7895280792,2001-02-25
US_3193,John Gomez,JohnGomez@gmail.com,7915909625,1981-11-03
US_3194,Mandy Henderson,MandyHenderson@gmail.com,9863632177,2004-11-13
US_3195,Annette Green,AnnetteGreen@gmail.com,9573109995,1977-08-30
US_3196,Eric Elliott,EricElliott@gmail.com,7952871488,1994-05-17
US_3197,Erica Lane,EricaLane@gmail.com,7796494951,1984-11-18
US_3198,Christina Taylor,ChristinaTaylor@gmail.com,7360855318,1989-05-21
US_3199,Elizabeth Miller,ElizabethMiller@gmail.com,7029713912,1991-04-09
US_3200,Lori Gardner,LoriGardner@gmail.com,8882587204,1998-02-27
US_3201,Shawn Kim,ShawnKim@gmail.com,9337425166,1957-08-03
US_3202,Jeremy Edwards,JeremyEdwards@gmail.com,7203669315,1980-01-15
US_3203,Michelle Mcdonald,MichelleMcdonald@gmail.com,8754260410,1991-10-30
US_3204,Jason Jenkins,JasonJenkins@gmail.com,7082145171,1994-02-13
US_3205,Justin Bernard,JustinBernard@gmail.com,9788182727,1960-05-03
US_3206,Peter Gilbert,PeterGilbert@gmail.com,9059809631,1968-01-24
US_3207,David Hunt,DavidHunt@gmail.com,9829114197,1970-04-02
US_3208,Joshua Cunningham,JoshuaCunningham@gmail.com,8631500752,1982-03-02
US_3209,Pedro Long,PedroLong@gmail.com,8223587204,1999-04-16
US_3210,Aaron Aguirre,AaronAguirre@gmail.com,8170785601,1976-08-28
US_3211,Julia Brown,JuliaBrown@gmail.com,8456592538,1974-07-13
US_3212,Ronald Santos,RonaldSantos@gmail.com,9565433496,1970-02-28
US_3213,Brent Roberts,BrentRoberts@gmail.com,9245050925,2006-09-07
US_3214,Mr. Antonio Yang,Mr.Antonio@gmail.com,9957757314,1980-12-11
US_3216,Charles Yang,CharlesYang@gmail.com,7356757467,1982-06-07
US_3217,Danny Lowe PhD,DannyLowe@gmail.com,8516685705,1970-07-10
US_3218,Eric Hays,EricHays@gmail.com,7899532993,1996-07-10
US_3220,Aaron Munoz,AaronMunoz@gmail.com,9859223162,1979-05-16
US_3221,Brent Harris,BrentHarris@gmail.com,7664571872,1995-09-21
US_3222,Ross Wallace,RossWallace@gmail.com,9113924623,1989-11-03
US_3223,Bryan Sullivan,BryanSullivan@gmail.com,9781493505,1957-05-15
US_3224,Dr. Sarah Payne,Dr.Sarah@gmail.com,8713712636,1973-12-15
US_3225,Melanie Villarreal,MelanieVillarreal@gmail.com,8896494240,1964-08-20
US_3226,Jessica Fields,JessicaFields@gmail.com,8160923699,1955-10-01
US_3227,Robert Sandoval,RobertSandoval@gmail.com,9547997300,1961-06-16
US_3228,Patrick Payne,PatrickPayne@gmail.com,9088853537,1996-01-10
US_3229,Dylan Contreras,DylanContreras@gmail.com,8395727829,1965-01-03
US_3230,Katherine Contreras,KatherineContreras@gmail.com,8877533565,1985-11-27
US_3231,Michael Rodriguez,MichaelRodriguez@gmail.com,8336031504,1995-02-07
US_3232,Jeffery Johnson,JefferyJohnson@gmail.com,7375354685,1961-11-08
US_3234,Matthew Barry,MatthewBarry@gmail.com,7692759451,1987-07-30
US_3235,Amanda Meadows,AmandaMeadows@gmail.com,9691393794,1991-11-21
US_3236,Julie Sharp,JulieSharp@gmail.com,9611530892,1989-10-26
US_3237,William Howard,WilliamHoward@gmail.com,9535754297,1957-06-03
US_3238,Kathy Bailey,KathyBailey@gmail.com,9556185495,1985-04-04
US_3239,Jeanette Brown,JeanetteBrown@gmail.com,8676784988,1986-10-04
US_3240,Heather Ball,HeatherBall@gmail.com,8378450003,1964-10-24
US_3241,Mike Buchanan,MikeBuchanan@gmail.com,9525202773,1994-12-29
US_3242,Phillip Turner,PhillipTurner@gmail.com,9359619450,1957-02-15
US_3243,Thomas Brewer,ThomasBrewer@gmail.com,8030600261,1968-06-06
US_3244,John Hopkins,JohnHopkins@gmail.com,7183139128,1962-09-26
US_3245,Tammy Rowe,TammyRowe@gmail.com,9905508843,1976-01-24
US_3246,Beverly Nguyen,BeverlyNguyen@gmail.com,8936982022,2005-06-21
US_3247,Hannah Williamson,HannahWilliamson@gmail.com,8085937614,2004-10-25
US_3248,Andrew Christian,AndrewChristian@gmail.com,9837424191,1975-10-27
US_3249,Brent Rodriguez,BrentRodriguez@gmail.com,9249863619,2005-08-02
US_3250,Karen Wolf,KarenWolf@gmail.com,7990889461,1955-06-29
US_3251,Dr. Morgan Young,Dr.Morgan@gmail.com,8915783055,1998-09-03
US_3252,Carrie Stafford,CarrieStafford@gmail.com,9993752711,1990-10-07
US_3253,Jennifer Brown,JenniferBrown@gmail.com,8995208933,1957-11-17
US_3254,Ashley Bradford,AshleyBradford@gmail.com,7912076057,1989-09-20
US_3255,Phillip Obrien,PhillipObrien@gmail.com,8998902210,1970-07-27
US_3256,Tammy Morris,TammyMorris@gmail.com,9076852914,1997-11-14
US_3257,Jamie Zhang,JamieZhang@gmail.com,8763605978,1978-08-27
US_3258,Christina King,ChristinaKing@gmail.com,8395550704,1995-07-17
US_3259,Dustin Harris,DustinHarris@gmail.com,8042384680,1989-11-07
US_3260,Robert Stokes,RobertStokes@gmail.com,9727225438,1976-01-30
US_3261,Kevin Soto,KevinSoto@gmail.com,8550504614,1962-06-02
US_3262,Christina Patrick,ChristinaPatrick@gmail.com,7455492694,2005-02-04
US_3263,Heather Russell,HeatherRussell@gmail.com,9865941693,1993-10-07
US_3264,Andrea Lopez,AndreaLopez@gmail.com,9993957389,1968-03-04
US_3265,Susan May,SusanMay@gmail.com,9225797350,1960-08-02
US_3266,Ronnie Hudson MD,RonnieHudson@gmail.com,9543119058,1999-02-13
US_3267,Luke Hansen,LukeHansen@gmail.com,9912168004,1990-05-24
US_3268,Austin Patterson,AustinPatterson@gmail.com,9792138543,2003-02-12
US_3269,Benjamin Miller,BenjaminMiller@gmail.com,8009797236,2002-05-28
US_3270,Elizabeth Wilson,ElizabethWilson@gmail.com,7260949578,1998-10-26
US_3271,Kyle Rivera,KyleRivera@gmail.com,7444161267,1988-12-04
US_3272,Todd Nielsen,ToddNielsen@gmail.com,9595436559,1997-08-05
US_3273,Michael Jones,MichaelJones@gmail.com,7371358996,1963-08-22
US_3274,Tracy Jones,TracyJones@gmail.com,8550571770,1978-10-14
US_3275,Sarah Frederick,SarahFrederick@gmail.com,7140036108,1976-11-27
US_3277,Ashley Ruiz,AshleyRuiz@gmail.com,8799193459,1970-06-08
US_3278,Deborah Johnson,DeborahJohnson@gmail.com,8729406633,1964-11-20
US_3279,Dean Cook,DeanCook@gmail.com,7720414747,2004-09-20
US_3280,Brenda Payne,BrendaPayne@gmail.com,8342158631,2002-11-28
US_3281,Tammy Alvarado,TammyAlvarado@gmail.com,7126567438,1984-06-25
US_3282,Cynthia Jones,CynthiaJones@gmail.com,8965047360,1967-02-23
US_3283,Sue Warner,SueWarner@gmail.com,8721863623,1969-01-10
US_3284,Amanda Zavala,AmandaZavala@gmail.com,8043644543,1969-10-23
US_3285,Linda Salazar,LindaSalazar@gmail.com,7409233762,1958-05-23
US_3286,Juan Potts,JuanPotts@gmail.com,9599020056,1962-09-26
US_3287,Andrew Johnson,AndrewJohnson@gmail.com,7385571664,1954-08-19
US_3288,Marie Reynolds,MarieReynolds@gmail.com,9112688798,1996-01-12
US_3289,Samuel Mata,SamuelMata@gmail.com,7240385158,1990-11-03
US_3290,Anthony Ayala,AnthonyAyala@gmail.com,9678018316,1977-01-23
US_3291,Kimberly Dalton,KimberlyDalton@gmail.com,9719515509,1983-11-06
US_3292,Nancy Tran,NancyTran@gmail.com,9283009390,1996-09-10
US_3293,Ralph Dominguez,RalphDominguez@gmail.com,8307091887,1978-03-31
US_3294,Jeffery Taylor,JefferyTaylor@gmail.com,9287812106,1963-07-22
US_3295,Steven Haas,StevenHaas@gmail.com,9431597539,1995-04-06
US_3296,Cory Kim,CoryKim@gmail.com,7306153094,2004-11-21
US_3297,David Chapman,DavidChapman@gmail.com,9393306827,2002-03-19
US_3298,Paul Beasley,PaulBeasley@gmail.com,8085767044,1995-03-07
US_3299,Laura Ritter,LauraRitter@gmail.com,8665418707,1963-07-10
US_3300,Nathan Hess,NathanHess@gmail.com,7439406824,1960-08-13
US_3301,Cameron White,CameronWhite@gmail.com,8622842332,2000-09-08
US_3302,Gregory Rios,GregoryRios@gmail.com,7933458985,1968-03-27
US_3303,Eduardo Obrien,EduardoObrien@gmail.com,7768986321,1978-09-02
US_3304,Bryan Jones,BryanJones@gmail.com,8332211183,1957-05-05
US_3305,Joshua Simpson,JoshuaSimpson@gmail.com,9637246118,2005-06-22
US_3306,Heather Herman,HeatherHerman@gmail.com,7016959223,1987-02-21
US_3307,Micheal Pugh,MichealPugh@gmail.com,9478511847,1992-09-06
US_3308,Eileen Valdez,EileenValdez@gmail.com,7851484693,1999-08-31
US_3309,Debra Wolfe,DebraWolfe@gmail.com,7518930690,1990-11-18
US_3310,Amy Mccullough,AmyMccullough@gmail.com,9051616100,2001-05-06
US_3312,Chad Daugherty,ChadDaugherty@gmail.com,8431178652,1977-06-07
US_3313,Patrick Clark,PatrickClark@gmail.com,8758169451,1996-05-01
US_3315,Melissa Santos,MelissaSantos@gmail.com,8523339462,1973-11-18
US_3317,Donald Cruz,DonaldCruz@gmail.com,7011958478,2001-05-27
US_3318,Angela Ramirez,AngelaRamirez@gmail.com,7911283822,1955-10-12
US_3319,Kathleen Roy,KathleenRoy@gmail.com,7808866128,1968-07-18
US_3320,Andrew Harris,AndrewHarris@gmail.com,8198313542,1994-01-17
US_3321,Jeffrey Williams,JeffreyWilliams@gmail.com,9358610863,1957-11-29
US_3322,Joshua Bailey,JoshuaBailey@gmail.com,8356477518,1984-11-04
US_3323,Lee Barry,LeeBarry@gmail.com,9525706985,1996-12-08
US_3324,Susan Patrick,SusanPatrick@gmail.com,8991621702,2001-12-24
US_3325,Nicole Peterson,NicolePeterson@gmail.com,8462639504,1973-07-22
US_3326,Jessica Patterson,JessicaPatterson@gmail.com,8176334412,2003-08-20
US_3329,Shannon Hurley,ShannonHurley@gmail.com,9001498399,1972-08-01
US_3330,Kenneth Carroll,KennethCarroll@gmail.com,7003943899,1976-02-28
US_3331,Carla James,CarlaJames@gmail.com,9962175420,1980-03-31
US_3332,Tammy Anderson,TammyAnderson@gmail.com,8711290205,2004-06-04
US_3333,Robert Tapia,RobertTapia@gmail.com,7237314731,1961-01-25
US_3334,David Daniels,DavidDaniels@gmail.com,7739399361,1968-08-11
US_3336,Matthew Patton,MatthewPatton@gmail.com,9244681034,1966-07-24
US_3337,Lisa Martinez,LisaMartinez@gmail.com,8991124944,2006-05-10
US_3338,Erica Baker,EricaBaker@gmail.com,7102224029,1960-01-22
US_3339,Joel Gonzales,JoelGonzales@gmail.com,8596931815,1958-12-06
US_3340,Vincent Castillo,VincentCastillo@gmail.com,8616747508,1955-02-02
US_3341,Claudia Brown,ClaudiaBrown@gmail.com,9462991301,2007-01-20
US_3342,Destiny Bishop,DestinyBishop@gmail.com,8818989888,1978-09-25
US_3343,Austin White,AustinWhite@gmail.com,8555597857,1975-03-16
US_3344,Desiree Booth,DesireeBooth@gmail.com,9668599379,1998-07-01
US_3346,Amber Wilson,AmberWilson@gmail.com,8255603219,1986-12-06
US_3347,Michael Valencia,MichaelValencia@gmail.com,8525913260,1995-10-23
US_3348,Amanda Love,AmandaLove@gmail.com,7403918500,1957-08-05
US_3349,Miguel Green,MiguelGreen@gmail.com,7652996830,1967-08-03
US_3350,Michael Mathews,MichaelMathews@gmail.com,7899306340,1980-03-16
US_3351,Nathan Burke,NathanBurke@gmail.com,7131834640,1965-10-04
US_3352,Billy Wallace,BillyWallace@gmail.com,9579951851,1961-03-24
US_3353,Cynthia Nguyen,CynthiaNguyen@gmail.com,7429418698,1958-01-30
US_3354,Rodney Perry,RodneyPerry@gmail.com,8056222442,1971-05-26
US_3355,Sherri Thomas,SherriThomas@gmail.com,7206718913,1977-08-05
US_3356,Richard Rogers,RichardRogers@gmail.com,9616986147,1954-09-28
US_3357,Matthew Ruiz,MatthewRuiz@gmail.com,8906514213,1998-07-28
US_3358,Lisa Martin,LisaMartin@gmail.com,7372355431,1999-02-23
US_3359,Timothy Buck,TimothyBuck@gmail.com,8420023961,2005-01-01
US_3360,Lee Morton,LeeMorton@gmail.com,8107274250,1983-03-16
US_3361,Priscilla Romero,PriscillaRomero@gmail.com,9922057834,1996-02-24
US_3362,Hailey Lewis,HaileyLewis@gmail.com,8841954178,1983-06-02
US_3363,Amanda Barber,AmandaBarber@gmail.com,7395026028,1975-06-20
US_3364,Zachary Miller,ZacharyMiller@gmail.com,7064377456,2000-11-24
US_3365,Timothy Walker,TimothyWalker@gmail.com,9280944885,2003-07-24
US_3366,Laura Kelley,LauraKelley@gmail.com,9306783871,1998-02-15
US_3367,Nicholas Abbott,NicholasAbbott@gmail.com,9102368196,1961-06-20
US_3368,Amber Kennedy,AmberKennedy@gmail.com,8345152881,1994-07-04
US_3369,Jessica Adams,JessicaAdams@gmail.com,8631546841,1989-04-15
US_3370,Eileen Sanchez,EileenSanchez@gmail.com,9464240017,1979-03-17
US_3371,Randall Cox,RandallCox@gmail.com,9488544620,1957-10-22
US_3373,Nicholas Beard,NicholasBeard@gmail.com,7323191210,1989-04-25
US_3374,Harold Wagner,HaroldWagner@gmail.com,9635490380,1967-04-15
US_3375,Martha Jacobs,MarthaJacobs@gmail.com,9659000074,1956-06-22
US_3376,Jason Hudson,JasonHudson@gmail.com,7372927783,1958-07-11
US_3377,Beth Medina,BethMedina@gmail.com,9953781455,1975-03-12
US_3378,Jennifer Richards,JenniferRichards@gmail.com,8940969808,1959-01-03
US_3379,David Mitchell,DavidMitchell@gmail.com,9802097801,1954-09-21
US_3380,Brad Fisher,BradFisher@gmail.com,9293949298,1983-11-09
US_3381,Ms. Mackenzie Barton,Ms.Mackenzie@gmail.com,8354143677,1977-11-18
US_3382,Sherri Smith,SherriSmith@gmail.com,7569551100,1962-01-08
US_3383,Dennis Spencer,DennisSpencer@gmail.com,9469406617,1999-05-24
US_3385,Jeffrey Vaughn,JeffreyVaughn@gmail.com,7318350937,1992-09-08
US_3386,Brandi Camacho DVM,BrandiCamacho@gmail.com,8324419872,1983-11-27
US_3387,Heather Morales,HeatherMorales@gmail.com,7518340876,1956-10-31
US_3388,Michelle Wilson,MichelleWilson@gmail.com,8545034232,1958-10-20
US_3389,Stephanie Vargas,StephanieVargas@gmail.com,7273654238,1991-11-01
US_3390,Wendy Williams,WendyWilliams@gmail.com,8545590916,1997-03-29
US_3391,Heather Cole,HeatherCole@gmail.com,9420249739,1974-12-08
US_3392,Jerry Davenport,JerryDavenport@gmail.com,7906083762,1979-01-29
US_3393,John Taylor,JohnTaylor@gmail.com,8241481957,1976-06-08
US_3394,Ralph Hendricks,RalphHendricks@gmail.com,9330283169,1981-12-20
US_3395,Angela Huang,AngelaHuang@gmail.com,7933608996,1980-10-26
US_3396,Jacqueline Banks,JacquelineBanks@gmail.com,8370011883,2004-01-22
US_3397,Jeffrey Romero,JeffreyRomero@gmail.com,8264971521,1998-03-30
US_3398,Theresa Davis,TheresaDavis@gmail.com,8647849934,1997-02-13
US_3399,Glenn Elliott,GlennElliott@gmail.com,9784482931,1971-12-09
US_3400,Lauren Anthony,LaurenAnthony@gmail.com,8482664193,2007-02-19
US_3401,Frank Flores,FrankFlores@gmail.com,8331705526,1963-05-27
US_3402,Charles Cervantes,CharlesCervantes@gmail.com,8086429053,1994-02-15
US_3403,Virginia Clark,VirginiaClark@gmail.com,7411791895,1974-09-27
US_3404,Laura Gilbert,LauraGilbert@gmail.com,7887419093,1957-08-18
US_3405,Dustin Wilson,DustinWilson@gmail.com,9805128010,1963-06-07
US_3406,Jeffrey Mcclure,JeffreyMcclure@gmail.com,7078142519,1980-09-11
US_3407,Thomas Zhang,ThomasZhang@gmail.com,7773373814,1977-02-08
US_3408,Tammy Estrada,TammyEstrada@gmail.com,9871572576,1987-01-19
US_3409,Daniel Roberson,DanielRoberson@gmail.com,7803584440,1983-02-11
US_3410,Alyssa Orr,AlyssaOrr@gmail.com,7946382574,1971-06-14
US_3411,Kimberly Lloyd,KimberlyLloyd@gmail.com,9719688099,1997-07-10
US_3412,Ronnie Johnson,RonnieJohnson@gmail.com,9867856981,1981-10-28
US_3413,Tom Duncan,TomDuncan@gmail.com,9294518291,1961-05-07
US_3414,Kelly Guerra,KellyGuerra@gmail.com,9348815766,1995-05-29
US_3415,Brian Mccarthy,BrianMccarthy@gmail.com,9149493171,1998-05-22
US_3416,Jill Reynolds,JillReynolds@gmail.com,9854933475,1994-03-12
US_3417,Sean Kaiser,SeanKaiser@gmail.com,8203573912,1963-07-13
US_3418,Audrey Gomez,AudreyGomez@gmail.com,9452113629,1972-04-28
US_3419,Ricky Luna,RickyLuna@gmail.com,9731854272,2004-07-23
US_3420,Jonathon Hill,JonathonHill@gmail.com,7238715578,1987-05-10
US_3421,Kayla Waters,KaylaWaters@gmail.com,9117718547,1984-09-05
US_3422,Emily Middleton,EmilyMiddleton@gmail.com,8885248091,1997-01-04
US_3423,Timothy Bauer,TimothyBauer@gmail.com,7467728616,2003-11-20
US_3424,Ryan Guerrero,RyanGuerrero@gmail.com,7024100555,1978-08-02
US_3425,Amanda Walters,AmandaWalters@gmail.com,8157715116,2003-01-24
US_3426,Chad Bennett,ChadBennett@gmail.com,7525753049,1954-10-08
US_3427,Megan Baker,MeganBaker@gmail.com,7678411006,1993-11-09
US_3428,Robert Gross,RobertGross@gmail.com,9641560944,2006-06-07
US_3429,Craig Liu,CraigLiu@gmail.com,9181287407,1974-03-22
US_3430,Shannon Curry,ShannonCurry@gmail.com,7789065382,2001-03-15
US_3431,Austin Grant,AustinGrant@gmail.com,9670717440,1985-01-21
US_3432,Christopher Barnes,ChristopherBarnes@gmail.com,8386867945,1978-05-28
US_3434,Kari Sandoval,KariSandoval@gmail.com,9292815520,1968-07-08
US_3435,Eric Hall,EricHall@gmail.com,8423776626,1976-04-09
US_3436,John Robles,JohnRobles@gmail.com,8587434347,1988-03-16
US_3437,Howard Castillo,HowardCastillo@gmail.com,8433113641,1959-01-30
US_3438,Brian Ibarra,BrianIbarra@gmail.com,8015007902,2005-02-25
US_3439,Donna Montes,DonnaMontes@gmail.com,7271467139,1961-10-15
US_3440,Matthew Wilson,MatthewWilson@gmail.com,8009999791,1965-04-05
US_3441,Francis Wilson,FrancisWilson@gmail.com,7570971673,1969-10-03
US_3442,Michele Ayala,MicheleAyala@gmail.com,8401204427,1987-01-05
US_3444,Earl Romero,EarlRomero@gmail.com,8292019687,1954-09-13
US_3445,Rachel Brown,RachelBrown@gmail.com,7062645438,2004-05-07
US_3446,Deborah Stewart,DeborahStewart@gmail.com,7329395379,1959-07-29
US_3447,Jeremy Ross,JeremyRoss@gmail.com,9708701235,2003-10-28
US_3448,Debra Chandler,DebraChandler@gmail.com,9852426936,1985-05-03
US_3449,Robert Parker,RobertParker@gmail.com,8605302632,1999-08-13
US_3450,Kenneth Jackson,KennethJackson@gmail.com,8116525018,1965-11-05
US_3451,Mario Gould,MarioGould@gmail.com,9535253542,1954-07-12
US_3452,Erin Jacobs,ErinJacobs@gmail.com,8101574165,1985-09-26
US_3453,Nathan Lang,NathanLang@gmail.com,9136335050,1959-08-11
US_3454,Michael Barr,MichaelBarr@gmail.com,8260879004,1997-02-05
US_3455,Kristen Pena,KristenPena@gmail.com,9377199258,1978-03-24
US_3456,Heidi Gonzalez,HeidiGonzalez@gmail.com,9617826387,1981-04-13
US_3457,Joseph Heath,JosephHeath@gmail.com,9717502552,1977-10-19
US_3458,Robert Lozano,RobertLozano@gmail.com,7947942108,1991-07-25
US_3459,Daniel Quinn,DanielQuinn@gmail.com,9055968198,1999-05-15
US_3460,Amanda Smith,AmandaSmith@gmail.com,9280325232,1989-12-19
US_3461,Ashley Sanders,AshleySanders@gmail.com,7099684806,1991-10-30
US_3462,Mr. Eric Hall,Mr.Eric@gmail.com,9357752205,1969-07-01
US_3463,Danielle Nelson,DanielleNelson@gmail.com,8466801858,1995-10-11
US_3464,Richard Rios,RichardRios@gmail.com,9595892861,1968-10-11
US_3465,Patrick Nelson,PatrickNelson@gmail.com,8935141393,1975-05-20
US_3466,Benjamin Bowen,BenjaminBowen@gmail.com,8364733941,1963-12-04
US_3468,Lisa Hernandez,LisaHernandez@gmail.com,8895997266,1969-03-02
US_3472,Dennis Douglas,DennisDouglas@gmail.com,8123054599,1956-01-27
US_3473,Eddie Davis,EddieDavis@gmail.com,8436341371,1989-09-19
US_3474,Kristina Webb,KristinaWebb@gmail.com,8217503567,2003-07-18
US_3475,Kim Sanchez,KimSanchez@gmail.com,7807170386,1962-09-07
US_3476,Jonathan Long,JonathanLong@gmail.com,7223322849,1961-05-27
US_3477,Joshua Rodriguez,JoshuaRodriguez@gmail.com,8872303100,1972-04-12
US_3478,William Sanders,WilliamSanders@gmail.com,9820230584,1975-03-12
US_3479,Jacob Hart,JacobHart@gmail.com,9145843698,1998-07-27
US_3480,Evelyn Pacheco,EvelynPacheco@gmail.com,9985413610,2004-12-12
US_3481,Anna Jackson,AnnaJackson@gmail.com,8651307920,2001-12-04
US_3482,Katherine Wright,KatherineWright@gmail.com,9932228599,1957-07-09
US_3483,Luis Wells,LuisWells@gmail.com,8100990079,1994-06-08
US_3484,Lacey Hall,LaceyHall@gmail.com,9797240432,1970-01-20
US_3485,Darlene Collins,DarleneCollins@gmail.com,9593008936,2004-02-16
US_3486,Chris Morris,ChrisMorris@gmail.com,8969214713,1985-11-30
US_3488,Nicole Norton,NicoleNorton@gmail.com,8832734049,1973-02-27
US_3489,Emily Pearson,EmilyPearson@gmail.com,9252882389,1999-05-29
US_3491,Wendy Miller,WendyMiller@gmail.com,7433454337,2003-06-25
US_3493,Carla Goodman,CarlaGoodman@gmail.com,8683352868,2001-12-05
US_3494,Jeffrey Stanton,JeffreyStanton@gmail.com,9765892215,1978-07-26
US_3495,Jeff Jackson,JeffJackson@gmail.com,8539412250,2005-08-21
US_3496,Katelyn Curry,KatelynCurry@gmail.com,8759096436,1996-07-04
US_3497,Jennifer Phillips,JenniferPhillips@gmail.com,9870337038,1994-06-12
US_3498,Edward Weeks,EdwardWeeks@gmail.com,7994407364,2000-03-10
US_3499,Kelly Gilbert,KellyGilbert@gmail.com,7979386850,1970-10-29
US_3500,Matthew Thomas,MatthewThomas@gmail.com,9931878603,1988-06-28
US_3501,Christine Mendez,ChristineMendez@gmail.com,8281855688,2006-07-13
US_3502,Kelly King,KellyKing@gmail.com,8783966283,2004-03-28
US_3503,Timothy Ho,TimothyHo@gmail.com,9012620012,1957-11-12
US_3504,Sarah Taylor,SarahTaylor@gmail.com,7022408523,1962-08-06
US_3505,Sandra Smith,SandraSmith@gmail.com,8870503000,1976-04-24
US_3506,Chris Jones,ChrisJones@gmail.com,7608490040,1961-11-25
US_3508,Kimberly Rivera,KimberlyRivera@gmail.com,8677272041,2000-03-08
US_3510,Justin Perez,JustinPerez@gmail.com,9830481213,1984-09-07
US_3511,Tanya Hill,TanyaHill@gmail.com,9211151152,2002-02-05
US_3512,Shawna Silva,ShawnaSilva@gmail.com,8925108128,1986-06-17
US_3513,Marcus Powell,MarcusPowell@gmail.com,9043571321,1968-01-26
US_3514,Joshua Hopkins,JoshuaHopkins@gmail.com,7196697665,2004-03-09
US_3515,Christian Cross,ChristianCross@gmail.com,8703931371,1978-09-07
US_3516,Dennis Garcia,DennisGarcia@gmail.com,9317644492,1991-08-27
US_3517,Laurie Miranda,LaurieMiranda@gmail.com,7421285304,1961-01-15
US_3518,Raymond Vargas,RaymondVargas@gmail.com,7386178022,1970-01-27
US_3519,Robert Savage,RobertSavage@gmail.com,7201143312,1996-05-22
US_3520,Kara Jackson,KaraJackson@gmail.com,8364655532,1989-06-25
US_3521,Virginia Davis,VirginiaDavis@gmail.com,8571284277,1984-10-09
US_3522,Brianna Martin,BriannaMartin@gmail.com,7951326011,1968-07-13
US_3523,Erica Huang,EricaHuang@gmail.com,9705308748,1991-07-28
US_3524,Jorge Gonzales,JorgeGonzales@gmail.com,8449841990,1965-11-20
US_3525,Erin Mason,ErinMason@gmail.com,7115814551,1991-08-05
US_3526,Justin Bennett,JustinBennett@gmail.com,7096894019,1955-06-23
US_3527,John Collins,JohnCollins@gmail.com,7276760976,1954-04-25
US_3528,Kerry Ware,KerryWare@gmail.com,9006059248,1991-01-15
US_3529,Tina Dougherty,TinaDougherty@gmail.com,8290245984,1978-12-10
US_3530,Michelle Larsen,MichelleLarsen@gmail.com,7514235216,1986-01-12
US_3531,Katherine Mccormick,KatherineMccormick@gmail.com,8899451957,1968-04-12
US_3532,Kristin Graham,KristinGraham@gmail.com,7644566159,1972-04-03
US_3533,Alexander Diaz,AlexanderDiaz@gmail.com,8361744488,2002-11-15
US_3534,Michael Chandler,MichaelChandler@gmail.com,8660863704,1997-07-22
US_3535,Justin Cuevas,JustinCuevas@gmail.com,8499279540,2006-10-29
US_3536,Janet White,JanetWhite@gmail.com,8598003427,1981-02-11
US_3537,Alexandra Ramos,AlexandraRamos@gmail.com,7063935570,1980-08-04
US_3538,Abigail Collins,AbigailCollins@gmail.com,7778571668,2006-12-18
US_3539,Jacob King,JacobKing@gmail.com,7105627839,1957-03-30
US_3541,John Williams,JohnWilliams@gmail.com,7257289384,1955-01-11
US_3542,Dawn Garrett,DawnGarrett@gmail.com,7164853755,1998-11-29
US_3543,Samantha Roy,SamanthaRoy@gmail.com,8868252662,1954-04-06
US_3544,Yolanda Chen,YolandaChen@gmail.com,9055730727,1959-08-10
US_3545,John Golden DDS,JohnGolden@gmail.com,9409500224,1959-07-15
US_3547,Brittany Fitzgerald,BrittanyFitzgerald@gmail.com,9918707395,1955-11-17
US_3548,Bonnie Barnes,BonnieBarnes@gmail.com,9897550406,1986-10-15
US_3549,Amy Walsh,AmyWalsh@gmail.com,8446938501,1998-06-27
US_3550,Brent Stephens,BrentStephens@gmail.com,7597475207,1971-02-14
US_3551,Mrs. Lisa Smith,Mrs.Lisa@gmail.com,9048777194,1989-03-26
US_3552,Sarah Stewart,SarahStewart@gmail.com,9607241087,1961-03-02
US_3553,Susan Matthews,SusanMatthews@gmail.com,7857145109,1965-06-22
US_3554,Kelli Shepard,KelliShepard@gmail.com,8801083655,1978-10-01
US_3555,Ryan Caldwell,RyanCaldwell@gmail.com,8412978601,1993-10-11
US_3556,Roger Mason,RogerMason@gmail.com,9405089691,1975-02-01
US_3557,Angela Ramos,AngelaRamos@gmail.com,7844877053,1979-04-25
US_3558,Craig Wagner,CraigWagner@gmail.com,9183645616,1961-01-22
US_3559,Paul Massey,PaulMassey@gmail.com,8750332788,1960-05-12
US_3560,Donald Bell,DonaldBell@gmail.com,9774055982,2004-07-15
US_3561,Keith Horton,KeithHorton@gmail.com,8870646866,1975-12-19
US_3562,Julie Wilson,JulieWilson@gmail.com,8973305713,1972-12-01
US_3563,Nicholas Lopez,NicholasLopez@gmail.com,7950994434,2000-06-20
US_3564,Tracy Wang,TracyWang@gmail.com,8289019373,1993-10-24
US_3565,Claudia Brooks,ClaudiaBrooks@gmail.com,9929071683,1965-10-01
US_3566,Nathaniel Wright,NathanielWright@gmail.com,9839587797,1994-05-16
US_3567,Maria Valenzuela,MariaValenzuela@gmail.com,9787469670,1998-10-29
US_3568,Peter Anderson,PeterAnderson@gmail.com,9672780836,1990-12-31
US_3570,Ethan Perez,EthanPerez@gmail.com,7792579977,1996-02-15
US_3571,Stephen Thompson,StephenThompson@gmail.com,9637002434,1978-06-27
US_3572,Michael Baker,MichaelBaker@gmail.com,9477032778,1966-02-02
US_3573,Kenneth Bailey DDS,KennethBailey@gmail.com,8012802964,1954-07-02
US_3574,Mark Decker,MarkDecker@gmail.com,7629878705,1967-05-11
US_3575,Ruben Cruz,RubenCruz@gmail.com,8327586835,2000-03-13
US_3576,Christine Park,ChristinePark@gmail.com,7361208320,1967-04-25
US_3577,Robert Hogan,RobertHogan@gmail.com,7026207027,1960-08-22
US_3578,Michael Gordon,MichaelGordon@gmail.com,7017129023,1967-09-18
US_3579,Rebecca Davis,RebeccaDavis@gmail.com,9080400522,2004-05-04
US_3580,Deanna Mcdonald,DeannaMcdonald@gmail.com,7466980363,1971-05-05
US_3581,Brian Barrett,BrianBarrett@gmail.com,8376992412,1998-07-24
US_3582,Charles Willis,CharlesWillis@gmail.com,8292056079,1981-06-20
US_3584,Michael Soto,MichaelSoto@gmail.com,9725133034,1982-04-20
US_3585,Aimee Fisher,AimeeFisher@gmail.com,8608578000,1990-09-03
US_3587,Elizabeth Owens,ElizabethOwens@gmail.com,8276062826,1980-10-10
US_3588,Alex Lamb,AlexLamb@gmail.com,8858980907,1992-03-23
US_3589,Kenneth Graham,KennethGraham@gmail.com,8124124303,1955-09-24
US_3590,Roy King,RoyKing@gmail.com,8035660631,1972-01-16
US_3591,George Gregory,GeorgeGregory@gmail.com,9381234944,1999-03-23
US_3592,Wesley Rich,WesleyRich@gmail.com,7448397752,1968-04-24
US_3593,Stephanie Hunter,StephanieHunter@gmail.com,9060554595,1961-03-15
US_3594,Raymond Finley,RaymondFinley@gmail.com,7227622862,1985-05-06
US_3595,Allen Hunt,AllenHunt@gmail.com,7111437019,1985-07-18
US_3596,Stacie Sanford,StacieSanford@gmail.com,7161800859,1973-12-13
US_3597,Christina Compton,ChristinaCompton@gmail.com,8834662017,1962-07-19
US_3598,Beverly Cook,BeverlyCook@gmail.com,7582146569,1985-10-02
US_3599,Tracy Parker,TracyParker@gmail.com,8956968067,1965-06-24
US_3600,Rebecca Ellis,RebeccaEllis@gmail.com,9527081870,1979-04-23
US_3601,Aaron Hernandez,AaronHernandez@gmail.com,7715605440,1965-11-17
US_3603,Dalton Davis,DaltonDavis@gmail.com,8223875094,1988-01-20
US_3604,Michael Singleton,MichaelSingleton@gmail.com,7391683592,1967-05-02
US_3605,John Cooper,JohnCooper@gmail.com,7356072468,1961-08-16
US_3606,Michael Hale,MichaelHale@gmail.com,8727708196,1995-12-15
US_3607,Mary Guerra,MaryGuerra@gmail.com,9938649544,1971-09-20
US_3608,Pamela Davis,PamelaDavis@gmail.com,8712781715,1955-03-02
US_3609,Phillip Anderson,PhillipAnderson@gmail.com,7032048256,1980-01-17
US_3610,Stephanie Weiss,StephanieWeiss@gmail.com,8409873039,1976-02-02
US_3611,Jessica Long,JessicaLong@gmail.com,7189628725,1971-08-30
US_3612,John Yang,JohnYang@gmail.com,8629272913,2002-02-13
US_3613,Connie Franklin,ConnieFranklin@gmail.com,7703192413,1959-09-16
US_3614,Jackie Morgan,JackieMorgan@gmail.com,8325167551,1965-02-10
US_3615,Lisa Walton,LisaWalton@gmail.com,8406267941,1959-03-11
US_3616,Maria Taylor,MariaTaylor@gmail.com,9131792587,1965-01-24
US_3617,Daniel Graham,DanielGraham@gmail.com,9302622159,1954-04-24
US_3618,Matthew Simmons,MatthewSimmons@gmail.com,7784392350,1999-08-14
US_3619,James Nicholson,JamesNicholson@gmail.com,9681897064,1955-12-05
US_3620,Tyler Fisher,TylerFisher@gmail.com,8536045328,1963-05-19
US_3621,Michael Flowers,MichaelFlowers@gmail.com,7846451761,1957-12-20
US_3622,Bradley Parks,BradleyParks@gmail.com,8543199651,1992-04-25
US_3623,Scott Lara,ScottLara@gmail.com,9204248354,1960-11-08
US_3624,Francis Andrews,FrancisAndrews@gmail.com,9230094569,1995-06-01
US_3625,Jesse Tucker,JesseTucker@gmail.com,8926040453,2004-07-29
US_3626,Jennifer Wise,JenniferWise@gmail.com,8370688705,1998-05-21
US_3627,David Walters,DavidWalters@gmail.com,8403139229,1986-02-20
US_3628,Rebekah Cole,RebekahCole@gmail.com,7280177228,1972-07-26
US_3629,John Rogers,JohnRogers@gmail.com,7198003004,1978-01-12
US_3630,Holly Floyd,HollyFloyd@gmail.com,8209757460,1978-11-13
US_3631,Ms. Janet Leonard,Ms.Janet@gmail.com,8277205010,2005-12-10
US_3632,George Villa,GeorgeVilla@gmail.com,7591663068,1961-12-25
US_3633,Christina Hess,ChristinaHess@gmail.com,7607122339,1981-08-03
US_3635,Bryan Burns,BryanBurns@gmail.com,7430490822,1961-10-22
US_3636,Stephen Parks,StephenParks@gmail.com,7253556689,1957-08-27
US_3637,George Phillips,GeorgePhillips@gmail.com,7800551914,1976-10-14
US_3638,Kimberly White,KimberlyWhite@gmail.com,8912717213,1987-11-10
US_3639,Alan Nguyen,AlanNguyen@gmail.com,8696913787,1976-11-10
US_3640,Linda Howard,LindaHoward@gmail.com,7258984578,1984-08-02
US_3641,Parker Wright,ParkerWright@gmail.com,7821571959,1954-12-22
US_3642,Brandon Acosta,BrandonAcosta@gmail.com,7062909797,1993-10-05
US_3643,Jessica Hill,JessicaHill@gmail.com,7839085089,1965-07-18
US_3644,Melissa Sanchez,MelissaSanchez@gmail.com,9162943530,1968-05-20
US_3645,Sandy Oconnor,SandyOconnor@gmail.com,8553121987,1957-07-08
US_3646,Judy Jones,JudyJones@gmail.com,7402772064,1981-04-20
US_3647,Charles Davila,CharlesDavila@gmail.com,7804952931,1962-09-21
US_3648,Sonia Reyes,SoniaReyes@gmail.com,8478146301,1981-03-26
US_3649,Mrs. Tammy Curry,Mrs.Tammy@gmail.com,7898320030,1983-09-04
US_3650,Alex Clements,AlexClements@gmail.com,9839420499,2006-03-10
US_3651,Matthew Andrade,MatthewAndrade@gmail.com,7709092458,1989-03-13
US_3652,Jessica Wilson,JessicaWilson@gmail.com,8496265948,1959-08-10
US_3653,Dean Turner,DeanTurner@gmail.com,8642131531,1999-03-22
US_3654,Sarah Sanchez,SarahSanchez@gmail.com,9469499428,1960-06-21
US_3655,Jacqueline Kennedy,JacquelineKennedy@gmail.com,9337864861,1961-05-22
US_3656,Jessica Burgess,JessicaBurgess@gmail.com,9529395494,1987-06-06
US_3657,Destiny Powers,DestinyPowers@gmail.com,9883610660,1956-09-19
US_3658,Susan Gregory,SusanGregory@gmail.com,8424302309,1955-07-30
US_3659,Jason Smith,JasonSmith@gmail.com,8307798446,2002-01-19
US_3660,Carlos Adams,CarlosAdams@gmail.com,9314575258,2004-11-08
US_3661,Vanessa Flores,VanessaFlores@gmail.com,9129575405,1961-01-25
US_3662,Albert Nguyen,AlbertNguyen@gmail.com,8951958961,1977-01-17
US_3663,Dwayne Joseph,DwayneJoseph@gmail.com,8727094142,1989-11-25
US_3664,Leah Walters,LeahWalters@gmail.com,7382514039,1984-02-08
US_3665,James Spears,JamesSpears@gmail.com,9163522604,1998-01-15
US_3666,Gilbert Reed,GilbertReed@gmail.com,8834188048,1962-12-24
US_3667,Joel Newton,JoelNewton@gmail.com,8007696797,1972-06-16
US_3668,Michael Chambers,MichaelChambers@gmail.com,8127571926,1988-11-10
US_3669,Andrew Phelps,AndrewPhelps@gmail.com,7739737070,1991-11-01
US_3670,Lynn Hoffman,LynnHoffman@gmail.com,8712214661,1987-08-17
US_3671,Daniel Mercer,DanielMercer@gmail.com,7484008985,1973-08-01
US_3672,Edgar Stewart,EdgarStewart@gmail.com,9947041392,1974-01-25
US_3673,Alyssa Weber,AlyssaWeber@gmail.com,8659413437,1979-05-09
US_3674,Guy Reynolds,GuyReynolds@gmail.com,9163034162,1980-09-11
US_3675,Allison Mcpherson DDS,AllisonMcpherson@gmail.com,7187573894,2004-09-08
US_3676,David Morse Jr.,DavidMorse@gmail.com,9264207448,1964-05-25
US_3677,Sarah Davis,SarahDavis@gmail.com,8199721373,1954-10-05
US_3678,Willie Duncan,WillieDuncan@gmail.com,9020441158,1981-10-12
US_3679,Christopher Waters,ChristopherWaters@gmail.com,9146731065,1962-12-24
US_3680,Jennifer Ortiz,JenniferOrtiz@gmail.com,8011451325,1981-11-24
US_3681,Jennifer Greene,JenniferGreene@gmail.com,7700049355,1999-04-22
US_3682,Jack Garcia,JackGarcia@gmail.com,7386851286,1996-04-03
US_3683,Toni Gill,ToniGill@gmail.com,8928037706,1973-10-08
US_3685,Kathleen Marshall,KathleenMarshall@gmail.com,9546491587,2004-09-15
US_3686,Joanna Bradshaw,JoannaBradshaw@gmail.com,9931847176,1954-06-24
US_3687,Dylan Patel,DylanPatel@gmail.com,9202038896,1975-01-27
US_3688,John Jackson,JohnJackson@gmail.com,9136489621,1983-02-10
US_3689,Janet Delgado,JanetDelgado@gmail.com,8794779755,1961-04-26
US_3690,Jennifer Fields,JenniferFields@gmail.com,7377486293,1993-11-25
US_3691,Brenda Harvey,BrendaHarvey@gmail.com,8756658102,1976-06-24
US_3692,Ms. Monique Dougherty MD,Ms.Monique@gmail.com,7660813146,1955-11-23
US_3693,Keith Kennedy,KeithKennedy@gmail.com,9285216340,1975-01-25
US_3694,Jacob Paul,JacobPaul@gmail.com,9331898181,1973-05-17
US_3695,Martha Arnold,MarthaArnold@gmail.com,7687718900,1986-09-14
US_3697,Shaun Thompson,ShaunThompson@gmail.com,9885892821,1965-02-27
US_3699,Steven Clark,StevenClark@gmail.com,8379000167,1987-06-22
US_3700,David Morrison,DavidMorrison@gmail.com,9737382774,1981-04-28
US_3701,Rebecca Kaufman DDS,RebeccaKaufman@gmail.com,7812531203,1968-07-22
US_3702,Larry Rivera,LarryRivera@gmail.com,8707816208,1971-10-11
US_3703,Caitlin Ford,CaitlinFord@gmail.com,7286417972,2001-10-25
US_3704,Adriana Johnson,AdrianaJohnson@gmail.com,8577818360,1978-04-19
US_3705,Sharon Cowan,SharonCowan@gmail.com,7228980743,1961-10-17
US_3706,Andrea Butler,AndreaButler@gmail.com,9148632673,2002-06-25
US_3707,Mike Martinez,MikeMartinez@gmail.com,9911828299,1997-05-06
US_3708,Maria Ferguson,MariaFerguson@gmail.com,7586978549,1997-06-23
US_3709,John Barber,JohnBarber@gmail.com,9674525181,1973-07-04
US_3710,James Short,JamesShort@gmail.com,8394761808,1957-06-01
US_3711,Heidi Moran,HeidiMoran@gmail.com,9080810204,2001-04-29
US_3712,Marie Patterson,MariePatterson@gmail.com,8209960145,2006-04-05
US_3713,Charles Baker,CharlesBaker@gmail.com,7794258941,1954-04-24
US_3714,Nicole Rodriguez,NicoleRodriguez@gmail.com,9583009431,2001-05-23
US_3715,Jason Morgan,JasonMorgan@gmail.com,7733262465,1958-08-23
US_3716,Rebecca Clark,RebeccaClark@gmail.com,7568943262,1992-08-31
US_3717,Martin Jones,MartinJones@gmail.com,9126831791,1955-05-23
US_3718,Katherine Sanchez,KatherineSanchez@gmail.com,9945326535,1981-07-05
US_3719,Edward Wallace,EdwardWallace@gmail.com,8652774397,2004-07-13
US_3720,Melissa Carroll,MelissaCarroll@gmail.com,7506213460,1960-02-06
US_3721,Pam Hernandez,PamHernandez@gmail.com,9454203326,2001-10-11
US_3722,Daniel Wood,DanielWood@gmail.com,7690365048,1992-08-03
US_3723,Eddie Duffy,EddieDuffy@gmail.com,7469933571,2004-09-02
US_3724,Mark Alvarez,MarkAlvarez@gmail.com,8262885962,1987-09-28
US_3725,Edward Manning,EdwardManning@gmail.com,8975901643,1960-12-27
US_3726,Bridget Carter,BridgetCarter@gmail.com,8595547874,1986-05-19
US_3727,Mark Johnson,MarkJohnson@gmail.com,9960111521,1965-03-07
US_3728,Eric Silva,EricSilva@gmail.com,9230898953,1958-06-06
US_3729,Nathan Mcgee,NathanMcgee@gmail.com,9288718433,1972-09-23
US_3730,Jennifer Montgomery MD,JenniferMontgomery@gmail.com,7300662250,1997-10-25
US_3731,Christopher Farrell,ChristopherFarrell@gmail.com,9741397725,1977-03-29
US_3732,James Grimes,JamesGrimes@gmail.com,8286679133,1971-05-19
US_3733,Mr. Joseph Thompson,Mr.Joseph@gmail.com,9840171591,2003-10-09
US_3734,Alexis Arroyo,AlexisArroyo@gmail.com,8173571022,1966-08-11
US_3736,Richard Mccormick,RichardMccormick@gmail.com,7500304728,1958-09-01
US_3737,Heather Stevens,HeatherStevens@gmail.com,7799453715,2006-11-13
US_3738,Susan Larsen,SusanLarsen@gmail.com,7034002132,1972-10-18
US_3739,Rachel Warren,RachelWarren@gmail.com,9853898587,1987-09-29
US_3740,Dale Beck,DaleBeck@gmail.com,7672451209,2004-04-01
US_3741,Brett Rivera,BrettRivera@gmail.com,7742720656,1977-03-05
US_3742,Juan Nichols,JuanNichols@gmail.com,8861716135,1998-04-24
US_3743,Shelia Waller,SheliaWaller@gmail.com,7446577658,1984-03-16
US_3744,Keith Wright,KeithWright@gmail.com,8623206855,1975-10-02
US_3745,Patrick Norris,PatrickNorris@gmail.com,7000112805,2003-11-18
US_3746,Danielle Norris,DanielleNorris@gmail.com,9232784409,1982-08-04
US_3747,Andrew Lynch,AndrewLynch@gmail.com,7151953470,1961-07-18
US_3748,Anna Lee,AnnaLee@gmail.com,8366309379,1966-08-27
US_3749,Amy Leach,AmyLeach@gmail.com,8833585683,1980-12-26
US_3750,Amy Perez,AmyPerez@gmail.com,8035163110,1971-09-22
US_3751,Lauren Marshall,LaurenMarshall@gmail.com,8778884150,1967-01-26
US_3752,Rachael Flores,RachaelFlores@gmail.com,8243032235,1962-08-08
US_3753,Christina Wilson,ChristinaWilson@gmail.com,9193905348,1954-08-17
US_3754,Craig Daniels,CraigDaniels@gmail.com,7883279352,1969-01-10
US_3755,John Hudson,JohnHudson@gmail.com,9561017541,1999-05-29
US_3756,Shannon Rodriguez,ShannonRodriguez@gmail.com,9953428702,2001-10-20
US_3757,Paula Lee,PaulaLee@gmail.com,7225205213,1966-02-19
US_3758,Lisa Bryant,LisaBryant@gmail.com,9466821346,1994-07-07
US_3759,Paul Guzman,PaulGuzman@gmail.com,8410330473,1978-12-25
US_3760,Christopher Hunter MD,ChristopherHunter@gmail.com,9094620559,2003-07-28
US_3761,Elizabeth Camacho,ElizabethCamacho@gmail.com,8474946558,1973-03-13
US_3762,Donald Hoffman,DonaldHoffman@gmail.com,9704687896,2004-06-24
US_3763,Jeremiah Rowland,JeremiahRowland@gmail.com,8038506603,1958-09-04
US_3764,Katherine Flores,KatherineFlores@gmail.com,9873729799,1972-03-03
US_3765,Julie Martin,JulieMartin@gmail.com,7362507755,1975-06-26
US_3766,Jeffrey Torres,JeffreyTorres@gmail.com,8318429077,1967-12-16
US_3767,Jessica Little,JessicaLittle@gmail.com,7066474411,1990-05-28
US_3768,Catherine Maxwell,CatherineMaxwell@gmail.com,9105759507,1982-08-22
US_3769,Cindy Shaw,CindyShaw@gmail.com,8528168664,1979-01-02
US_3770,Joseph Garcia,JosephGarcia@gmail.com,7956095134,1994-03-08
US_3771,Leon Duncan,LeonDuncan@gmail.com,7010315010,1961-10-04
US_3772,Christopher Miranda,ChristopherMiranda@gmail.com,9740246914,1983-08-22
US_3773,Sarah Bishop,SarahBishop@gmail.com,9764991756,1966-11-05
US_3774,Tyler Zavala,TylerZavala@gmail.com,8908835483,1963-07-23
US_3775,Rachel Chan,RachelChan@gmail.com,8242787026,1965-12-23
US_3776,Timothy Kennedy,TimothyKennedy@gmail.com,9137722266,1998-01-22
US_3777,Elizabeth Thomas,ElizabethThomas@gmail.com,8316534884,1991-07-07
US_3778,Hector Mcgee,HectorMcgee@gmail.com,9924885190,2004-03-31
US_3779,Jeffery Long,JefferyLong@gmail.com,9914346024,1974-11-26
US_3780,Philip Powell,PhilipPowell@gmail.com,9480436552,1961-12-28
US_3781,Heather Trujillo,HeatherTrujillo@gmail.com,8956132029,1965-11-29
US_3782,Pamela Smith,PamelaSmith@gmail.com,8786954479,1989-09-16
US_3783,Christine Moran,ChristineMoran@gmail.com,7614574842,1955-12-10
US_3784,James Morris,JamesMorris@gmail.com,7078363875,1998-08-24
US_3785,Erika Castro,ErikaCastro@gmail.com,9879905368,1961-12-11
US_3786,Daniel Shaw,DanielShaw@gmail.com,8536230139,1969-01-02
US_3787,Ashley Sanchez,AshleySanchez@gmail.com,8507083525,1989-09-20
US_3788,John Griffith,JohnGriffith@gmail.com,9772146787,1954-08-04
US_3789,Wesley Williams,WesleyWilliams@gmail.com,9801844890,1981-09-04
US_3790,Melissa Stout,MelissaStout@gmail.com,8462241534,2002-03-26
US_3792,Mark Hill,MarkHill@gmail.com,7414768979,1989-04-02
US_3793,Thomas Rodriguez,ThomasRodriguez@gmail.com,9452684436,1982-09-04
US_3794,Paul Nguyen,PaulNguyen@gmail.com,7571047014,1972-02-23
US_3796,Edwin Gonzalez,EdwinGonzalez@gmail.com,9378664800,1967-05-12
US_3797,David Armstrong,DavidArmstrong@gmail.com,7720747361,1989-08-27
US_3798,Debbie Schmidt,DebbieSchmidt@gmail.com,7732758724,1979-12-06
US_3799,Alex Barton,AlexBarton@gmail.com,9753156228,1958-09-13
US_3800,Richard Dawson,RichardDawson@gmail.com,9534942403,1955-02-11
US_3801,Scott Stein,ScottStein@gmail.com,9305595535,1985-05-26
US_3802,Stephen Lopez,StephenLopez@gmail.com,7143291392,1990-01-02
US_3803,Joel Cook,JoelCook@gmail.com,8831143559,1993-04-18
US_3804,Michele Scott,MicheleScott@gmail.com,9458679944,1964-03-30
US_3805,Allison Wilson,AllisonWilson@gmail.com,9670911730,1959-02-03
US_3806,James Tucker,JamesTucker@gmail.com,8340819189,2006-04-19
US_3807,Joseph Durham,JosephDurham@gmail.com,9713394943,1967-07-16
US_3808,Alexis Kim,AlexisKim@gmail.com,9543730322,1958-06-04
US_3809,Jonathan Yates,JonathanYates@gmail.com,8569909555,1960-04-16
US_3810,Katherine Andrews,KatherineAndrews@gmail.com,8338254842,1955-09-07
US_3811,Morgan Cunningham,MorganCunningham@gmail.com,9183231118,1972-08-25
US_3812,Phyllis Schmidt,PhyllisSchmidt@gmail.com,8961776416,1964-04-29
US_3813,Sarah Miller,SarahMiller@gmail.com,7177968911,1977-08-24
US_3814,Lisa Kaiser,LisaKaiser@gmail.com,7000806371,1969-10-21
US_3815,Pamela Jordan,PamelaJordan@gmail.com,8516101544,1983-04-09
US_3816,Jerry Gilmore,JerryGilmore@gmail.com,9197864647,1995-05-20
US_3817,Marie Jones,MarieJones@gmail.com,9031268423,2002-08-01
US_3818,Gina Rose,GinaRose@gmail.com,9911978550,1988-01-23
US_3819,Samantha Reynolds,SamanthaReynolds@gmail.com,8058529075,2002-11-12
US_3820,Kenneth Smith,KennethSmith@gmail.com,7231452003,1969-09-14
US_3821,Alicia Perez,AliciaPerez@gmail.com,9015887592,1963-04-02
US_3823,Erin Ellis,ErinEllis@gmail.com,8612769404,1989-07-11
US_3824,Patricia Andrews,PatriciaAndrews@gmail.com,8815118755,1965-08-25
US_3825,Spencer Camacho,SpencerCamacho@gmail.com,7767227858,2000-08-16
US_3826,Raymond Harris,RaymondHarris@gmail.com,8562282786,1965-01-29
US_3827,Alexander Guzman,AlexanderGuzman@gmail.com,7175167415,1994-02-27
US_3828,Penny Fernandez,PennyFernandez@gmail.com,7829086073,1982-07-31
US_3829,Erin Stewart,ErinStewart@gmail.com,7003629910,2000-11-01
US_3830,Daniel Turner,DanielTurner@gmail.com,8946339746,2006-12-28
US_3831,Devin Mayer,DevinMayer@gmail.com,8380934169,1957-05-16
US_3833,Jessica Flowers,JessicaFlowers@gmail.com,9944798597,1978-12-29
US_3834,Jeremy Manning,JeremyManning@gmail.com,8414322020,1989-09-22
US_3835,Jamie Griffin,JamieGriffin@gmail.com,7067316443,1975-01-25
US_3836,Daniel James,DanielJames@gmail.com,8869254944,1993-01-23
US_3837,Anna Thompson,AnnaThompson@gmail.com,8196693217,1981-04-27
US_3838,Misty Martinez,MistyMartinez@gmail.com,8785754664,1990-12-23
US_3839,Barbara Burns,BarbaraBurns@gmail.com,9782545763,1976-04-07
US_3840,Nicole Stewart,NicoleStewart@gmail.com,9617857237,1959-12-18
US_3841,William Marsh,WilliamMarsh@gmail.com,8968842391,1960-05-06
US_3843,Adam Lara,AdamLara@gmail.com,9650094091,1955-12-24
US_3844,Scott Gomez,ScottGomez@gmail.com,9768026547,1962-12-12
US_3845,Sara Hamilton,SaraHamilton@gmail.com,8255256513,1966-11-03
US_3846,Elizabeth Key,ElizabethKey@gmail.com,8309604562,1970-02-15
US_3847,Mason Price,MasonPrice@gmail.com,7555402849,1954-10-12
US_3848,Trevor Hill,TrevorHill@gmail.com,9931339701,1971-06-23
US_3849,Erica Taylor,EricaTaylor@gmail.com,9155658925,1961-07-09
US_3851,Michael Farmer,MichaelFarmer@gmail.com,7259544572,1996-01-25
US_3852,Robert Cline,RobertCline@gmail.com,9873572641,1984-10-25
US_3853,Jacqueline Perry,JacquelinePerry@gmail.com,9278547687,1970-09-30
US_3854,Christopher Mayer,ChristopherMayer@gmail.com,8994631682,1965-07-02
US_3855,Natalie Patrick,NataliePatrick@gmail.com,9730621179,1993-04-14
US_3856,Shawn Rodriguez,ShawnRodriguez@gmail.com,9935893643,1968-06-05
US_3857,Jonathan Torres,JonathanTorres@gmail.com,8671091680,1961-10-05
US_3858,Susan Baker,SusanBaker@gmail.com,8642824064,2001-12-22
US_3859,Richard Rivera,RichardRivera@gmail.com,9607851173,1995-08-11
US_3860,Amanda Wiggins,AmandaWiggins@gmail.com,7755638230,1975-06-11
US_3861,Amber Bennett,AmberBennett@gmail.com,7302654794,1971-06-14
US_3862,Kelly Moore,KellyMoore@gmail.com,7594848469,1978-05-02
US_3864,Ashley Alvarez DVM,AshleyAlvarez@gmail.com,7701195493,1988-09-25
US_3865,Kimberly Taylor,KimberlyTaylor@gmail.com,9938101744,1961-06-02
US_3866,Mallory Collins,MalloryCollins@gmail.com,7436601572,1966-08-29
US_3867,Steven Anderson,StevenAnderson@gmail.com,8659792984,1999-02-07
US_3868,Holly Austin,HollyAustin@gmail.com,7991459589,1989-02-28
US_3869,Karen Goodman,KarenGoodman@gmail.com,7370258093,1975-04-12
US_3870,Christina Robinson,ChristinaRobinson@gmail.com,8966678495,1987-06-09
US_3871,Tom Perez,TomPerez@gmail.com,8778142430,1999-10-24
US_3872,Brandon Powell,BrandonPowell@gmail.com,7153250405,1999-12-18
US_3873,Ashley Perez,AshleyPerez@gmail.com,9701784051,2004-12-17
US_3874,Matthew Murphy,MatthewMurphy@gmail.com,7604486418,1963-05-29
US_3875,Mary Meyer,MaryMeyer@gmail.com,9347726301,1979-02-26
US_3876,Sophia Wolf,SophiaWolf@gmail.com,9475326068,1957-08-27
US_3877,Javier Stanley,JavierStanley@gmail.com,9165987160,2005-01-24
US_3878,Taylor Johnson,TaylorJohnson@gmail.com,7239694411,1965-12-31
US_3879,Janice Williams,JaniceWilliams@gmail.com,8198908847,1955-06-19
US_3880,Christopher Thomas,ChristopherThomas@gmail.com,7229844878,1987-10-10
US_3881,Robert Martin,RobertMartin@gmail.com,9166296897,2000-08-26
US_3882,Kenneth Webb,KennethWebb@gmail.com,8097012285,1971-04-12
US_3883,Mark Montoya,MarkMontoya@gmail.com,9460228453,1993-01-01
US_3884,Jodi Lewis,JodiLewis@gmail.com,7004927667,2004-08-13
US_3885,Kimberly Wilson,KimberlyWilson@gmail.com,9678387351,2005-04-23
US_3886,Randy Bradshaw,RandyBradshaw@gmail.com,8823119302,1995-03-01
US_3887,Steven Scott,StevenScott@gmail.com,9571083739,2004-06-22
US_3888,Katherine Dunn,KatherineDunn@gmail.com,7793866698,2004-06-21
US_3889,Mary Peterson,MaryPeterson@gmail.com,8397230520,1998-08-20
US_3890,Amy Diaz,AmyDiaz@gmail.com,9682563053,1984-01-20
US_3891,Traci Martinez,TraciMartinez@gmail.com,9847299973,1983-12-11
US_3892,Jim Rodriguez,JimRodriguez@gmail.com,9098870378,1973-12-22
US_3893,Elizabeth Marks,ElizabethMarks@gmail.com,8779074097,1986-11-24
US_3894,Jeffrey Joyce,JeffreyJoyce@gmail.com,8730862917,1963-02-06
US_3895,Sean Wagner,SeanWagner@gmail.com,9305437175,1990-10-21
US_3896,Todd Lutz,ToddLutz@gmail.com,8110305147,1977-01-19
US_3897,Ryan Walker,RyanWalker@gmail.com,7016585303,1961-09-05
US_3898,Nicholas Gomez,NicholasGomez@gmail.com,7867342199,1970-08-26
US_3899,Brittany Heath,BrittanyHeath@gmail.com,8273110548,2000-03-30
US_3900,Rebecca Cox,RebeccaCox@gmail.com,9073245344,1972-09-21
US_3901,Travis Schmidt,TravisSchmidt@gmail.com,9106728294,1977-08-25
US_3902,Brett Martin,BrettMartin@gmail.com,7809194041,1958-12-29
US_3903,Lisa Bridges,LisaBridges@gmail.com,8198034526,1993-08-23
US_3904,Brittany Dunlap,BrittanyDunlap@gmail.com,8316614914,1997-04-21
US_3905,Shannon Ramirez,ShannonRamirez@gmail.com,7923879594,1971-08-23
US_3906,Tiffany Phillips,TiffanyPhillips@gmail.com,7025184455,1959-06-23
US_3907,Valerie English,ValerieEnglish@gmail.com,9674397585,1958-06-13
US_3908,Chad Hurley,ChadHurley@gmail.com,7582231619,1981-10-15
US_3909,David Peters,DavidPeters@gmail.com,7634813733,1958-07-05
US_3910,Thomas Austin,ThomasAustin@gmail.com,9662769011,2000-10-01
US_3911,Amy Jenkins,AmyJenkins@gmail.com,7587975057,1999-01-12
US_3912,Rodney Duran,RodneyDuran@gmail.com,9683632468,1956-10-21
US_3913,Tiffany Sanchez,TiffanySanchez@gmail.com,7717358614,1960-02-04
US_3914,Maria Myers,MariaMyers@gmail.com,8348995206,1965-10-09
US_3915,Ruben Jones,RubenJones@gmail.com,9135383585,1990-02-25
US_3916,Desiree Stafford,DesireeStafford@gmail.com,7363590658,1976-11-28
US_3917,Patrick Blackburn,PatrickBlackburn@gmail.com,7002301393,1996-03-07
US_3918,Jeremy Chambers,JeremyChambers@gmail.com,9638974678,1983-11-10
US_3919,Alexandra Wilson,AlexandraWilson@gmail.com,7232859705,1997-11-27
US_3920,Brian Fuller,BrianFuller@gmail.com,7979498324,1980-08-22
US_3921,Matthew Evans,MatthewEvans@gmail.com,7226159794,1988-04-04
US_3922,Patrick Gibson,PatrickGibson@gmail.com,8994147366,1954-05-16
US_3923,William Lozano,WilliamLozano@gmail.com,7822347565,1957-06-01
US_3924,Dillon Travis,DillonTravis@gmail.com,7616877139,2003-12-20
US_3925,Steven Rodriguez,StevenRodriguez@gmail.com,9888259265,1978-08-17
US_3926,Kevin Walter,KevinWalter@gmail.com,9317292750,1956-05-23
US_3927,Rebecca Blake,RebeccaBlake@gmail.com,7308215787,1990-07-12
US_3928,Brian Bright,BrianBright@gmail.com,7896945162,1988-06-04
US_3929,Linda Cox,LindaCox@gmail.com,7224325974,1967-11-30
US_3930,Mary Copeland,MaryCopeland@gmail.com,9976589926,1994-06-20
US_3931,Jennifer Little,JenniferLittle@gmail.com,9154746454,1971-11-10
US_3932,Diana Ramsey,DianaRamsey@gmail.com,8399376015,1954-08-17
US_3933,David Romero,DavidRomero@gmail.com,7185489216,1975-01-27
US_3934,Russell Bird,RussellBird@gmail.com,9071626099,1964-12-05
US_3935,Brian Shaffer,BrianShaffer@gmail.com,7078877622,1985-02-10
US_3936,Jon Garza,JonGarza@gmail.com,7039018506,1997-08-08
US_3937,Ashley Norman,AshleyNorman@gmail.com,9325775455,1994-10-16
US_3938,Kristina Monroe,KristinaMonroe@gmail.com,7182112718,1988-06-09
US_3939,Joseph Schaefer,JosephSchaefer@gmail.com,8546199143,1997-12-24
US_3940,Kyle Garza,KyleGarza@gmail.com,9615692331,1970-04-13
US_3941,Tiffany Johnston,TiffanyJohnston@gmail.com,7312458485,1970-05-02
US_3942,Phillip Ward,PhillipWard@gmail.com,7543686025,1988-09-25
US_3943,Stephanie Fisher,StephanieFisher@gmail.com,9872334007,1994-07-21
US_3944,Patrick Reed,PatrickReed@gmail.com,8989191489,1983-07-05
US_3945,Sarah Berry,SarahBerry@gmail.com,7191503700,1986-07-21
US_3946,Teresa Li,TeresaLi@gmail.com,7969983954,1988-04-08
US_3947,Paula Caldwell,PaulaCaldwell@gmail.com,7603596453,2002-03-27
US_3948,Keith Johnson,KeithJohnson@gmail.com,8599527399,1986-09-10
US_3949,Annette Knapp,AnnetteKnapp@gmail.com,8109855745,1958-08-25
US_3950,Monica Atkinson,MonicaAtkinson@gmail.com,8152887287,1993-01-19
US_3951,Robert Cooper,RobertCooper@gmail.com,8290848238,1979-08-18
US_3952,Danielle Griffin,DanielleGriffin@gmail.com,8216628154,1958-10-02
US_3953,Jimmy Ritter,JimmyRitter@gmail.com,8806739328,1975-03-02
US_3954,Riley Clark,RileyClark@gmail.com,9432669117,1954-04-19
US_3955,Kimberly Morris,KimberlyMorris@gmail.com,9896895195,1992-10-07
US_3956,Gregory Ochoa,GregoryOchoa@gmail.com,8370494444,1977-02-24
US_3957,Shannon Cook,ShannonCook@gmail.com,8695541751,1990-09-28
US_3958,Natalie Huff,NatalieHuff@gmail.com,7808937559,1986-05-29
US_3959,Ronald Garcia,RonaldGarcia@gmail.com,7062767352,1977-08-08
US_3960,Margaret Edwards,MargaretEdwards@gmail.com,7208616309,1983-03-16
US_3961,Cody Reyes III,CodyReyes@gmail.com,9153901909,1954-12-10
US_3962,Heather Shaffer,HeatherShaffer@gmail.com,9122076841,1954-10-08
US_3963,Nicole Chung,NicoleChung@gmail.com,8713839229,2001-06-23
US_3964,Brian Perkins,BrianPerkins@gmail.com,7396037209,1961-05-07
US_3965,Melody Castro,MelodyCastro@gmail.com,8964150759,1998-05-23
US_3966,Kimberly Sanders,KimberlySanders@gmail.com,7085846929,1960-08-10
US_3967,Christina Davis,ChristinaDavis@gmail.com,8117163449,1962-11-19
US_3968,Sherri Sullivan,SherriSullivan@gmail.com,7378130364,1963-02-10
US_3969,Mike Patel,MikePatel@gmail.com,7025912268,1995-07-27
US_3970,Thomas Garcia,ThomasGarcia@gmail.com,9858566839,1959-05-30
US_3971,Robin Clay,RobinClay@gmail.com,8921001828,1985-08-07
US_3972,Kelly Miller,KellyMiller@gmail.com,7358488149,1973-08-26
US_3973,Mrs. Amanda Kelley DDS,Mrs.Amanda@gmail.com,8778415968,2002-09-21
US_3974,Johnny Whitaker,JohnnyWhitaker@gmail.com,7884811249,1998-03-18
US_3975,Mrs. Courtney Wong,Mrs.Courtney@gmail.com,7897499658,1972-03-07
US_3976,Adam Sanchez,AdamSanchez@gmail.com,9305992077,1991-08-19
US_3977,Logan Massey,LoganMassey@gmail.com,9556588004,1960-07-08
US_3978,Juan Carroll,JuanCarroll@gmail.com,9871660247,1956-03-07
US_3979,Ryan Carpenter,RyanCarpenter@gmail.com,8737243906,2004-12-21
US_3980,Stacy Werner,StacyWerner@gmail.com,9202981121,1990-04-26
US_3981,Michelle Holden,MichelleHolden@gmail.com,9485183523,1965-03-18
US_3982,Deborah Wood,DeborahWood@gmail.com,7201637206,1993-03-31
US_3983,Taylor Flores,TaylorFlores@gmail.com,8204103938,1968-04-12
US_3984,Tyler Taylor,TylerTaylor@gmail.com,9032601671,1958-12-26
US_3985,Victoria Wright,VictoriaWright@gmail.com,9521502590,1982-08-03
US_3986,Betty Pollard,BettyPollard@gmail.com,7927217528,1956-10-28
US_3987,Katie Alvarez,KatieAlvarez@gmail.com,9880822642,1991-05-08
US_3988,Robert Munoz,RobertMunoz@gmail.com,8869073081,1957-09-11
US_3989,Michelle Newman,MichelleNewman@gmail.com,7747702011,1980-05-10
US_3990,Victoria Marshall,VictoriaMarshall@gmail.com,8626110076,1979-04-08
US_3991,Amy Montgomery,AmyMontgomery@gmail.com,8615241838,1991-09-16
US_3992,Jeffrey Benton Jr.,JeffreyBenton@gmail.com,8813653389,1973-08-23
US_3993,Kristin Brown,KristinBrown@gmail.com,8079748922,1995-12-22
US_3994,Sean Hernandez,SeanHernandez@gmail.com,8748605048,1962-09-03
US_3995,Ana Higgins,AnaHiggins@gmail.com,8773999117,1974-01-20
US_3996,Theresa Luna,TheresaLuna@gmail.com,7265448880,2002-08-16
US_3997,Katherine Padilla,KatherinePadilla@gmail.com,9424327357,1998-01-10
US_3998,Victoria Lewis,VictoriaLewis@gmail.com,7645672611,1983-09-13
US_3999,Joshua Leonard,JoshuaLeonard@gmail.com,8717530671,1959-01-07
US_4001,Brianna Ryan,BriannaRyan@gmail.com,9948794883,1960-03-02
US_4002,Emily Smith,EmilySmith@gmail.com,9282403262,2003-08-29
US_4003,Michelle Howard,MichelleHoward@gmail.com,7317960713,1983-09-15
US_4004,William Austin,WilliamAustin@gmail.com,7319475799,1997-06-27
US_4005,Monica Oconnor,MonicaOconnor@gmail.com,7885669153,1986-09-27
US_4006,Kyle Blake,KyleBlake@gmail.com,7138621670,1988-09-04
US_4007,Christopher Banks,ChristopherBanks@gmail.com,8602598781,1989-06-08
US_4008,Bryan Davis DVM,BryanDavis@gmail.com,8795708365,1994-09-14
US_4009,Tiffany Hughes,TiffanyHughes@gmail.com,7897698271,2001-05-14
US_4010,Michael Taylor,MichaelTaylor@gmail.com,8700443545,1960-08-29
US_4011,Brendan Kelly,BrendanKelly@gmail.com,7123538703,2005-06-05
US_4012,Sherry Porter,SherryPorter@gmail.com,8418911716,1962-06-02
US_4013,James Perez,JamesPerez@gmail.com,9841245234,1963-12-22
US_4014,Miss Gina Walton,MissGina@gmail.com,7736075143,1968-11-20
US_4015,Alicia Obrien,AliciaObrien@gmail.com,8230948402,1959-08-10
US_4016,Mrs. Jacqueline Jackson,Mrs.Jacqueline@gmail.com,8967670840,2003-02-17
US_4017,Kendra Smith,KendraSmith@gmail.com,7662411465,1993-07-15
US_4018,Alexander Stein,AlexanderStein@gmail.com,8375633893,1995-09-04
US_4019,Shannon Sosa,ShannonSosa@gmail.com,7308755998,2006-12-07
US_4020,Marc White,MarcWhite@gmail.com,7303225392,2000-10-13
US_4021,Gregory Wiggins,GregoryWiggins@gmail.com,9401686877,1974-11-08
US_4022,Linda Berry,LindaBerry@gmail.com,7330013150,1961-04-28
US_4023,Michelle Hobbs,MichelleHobbs@gmail.com,9708336002,1995-08-06
US_4024,Charles Fuentes,CharlesFuentes@gmail.com,8829134403,1993-09-27
US_4025,Andrew Medina,AndrewMedina@gmail.com,9605282384,1955-09-27
US_4026,Teresa Aguirre,TeresaAguirre@gmail.com,9291777436,1968-09-07
US_4027,Eddie Bailey,EddieBailey@gmail.com,9988969138,1954-11-15
US_4028,Joseph Mccullough,JosephMccullough@gmail.com,8204147674,1978-01-15
US_4029,Mr. Zachary Mora DVM,Mr.Zachary@gmail.com,7413998515,1968-06-06
US_4030,Kimberly Price,KimberlyPrice@gmail.com,9016683887,1971-12-07
US_4031,Bruce Spencer,BruceSpencer@gmail.com,8004618957,1981-09-30
US_4032,Jacob Allen,JacobAllen@gmail.com,9624807916,1958-08-22
US_4033,Chelsea Powell,ChelseaPowell@gmail.com,7792587149,1967-01-22
US_4034,Thomas Morse,ThomasMorse@gmail.com,7789742325,1994-11-11
US_4035,Susan Zimmerman,SusanZimmerman@gmail.com,7917199030,1982-10-24
US_4036,Annette Meyer,AnnetteMeyer@gmail.com,7910697241,2004-07-11
US_4037,Erica Rose,EricaRose@gmail.com,8904023253,1962-10-28
US_4038,Kim Long,KimLong@gmail.com,8560087085,1991-04-03
US_4039,Christina Flores,ChristinaFlores@gmail.com,9075446252,2000-02-06
US_4040,Craig Raymond,CraigRaymond@gmail.com,9400167375,1974-11-10
US_4041,Jeffrey Miller,JeffreyMiller@gmail.com,9284638279,1997-06-26
US_4042,Brian Hoffman,BrianHoffman@gmail.com,8302954010,2004-02-13
US_4043,Elizabeth Gay,ElizabethGay@gmail.com,8796650728,2000-01-17
US_4044,Patricia Hale,PatriciaHale@gmail.com,9053793267,2000-11-16
US_4045,Amanda Arroyo,AmandaArroyo@gmail.com,7730563096,1993-12-24
US_4046,Kevin Mccullough,KevinMccullough@gmail.com,9264189573,2001-04-06
US_4047,Margaret Stevenson,MargaretStevenson@gmail.com,9829734488,1961-05-10
US_4048,Amber Turner,AmberTurner@gmail.com,7209665332,1984-03-25
US_4049,Victor Williams,VictorWilliams@gmail.com,8859279415,1982-02-14
US_4050,Shelly Rodgers,ShellyRodgers@gmail.com,8658375237,1959-03-27
US_4051,Cassandra Wood,CassandraWood@gmail.com,7912301475,1972-06-04
US_4052,Susan Garcia,SusanGarcia@gmail.com,9564493786,1990-08-22
US_4053,Stephanie Joseph,StephanieJoseph@gmail.com,7564596640,1997-05-17
US_4054,Dalton Clark,DaltonClark@gmail.com,9429077314,1979-12-02
US_4055,Alexis Weeks,AlexisWeeks@gmail.com,8977420537,1971-04-06
US_4056,Michael Glass,MichaelGlass@gmail.com,7981183757,1963-12-07
US_4057,David Cervantes,DavidCervantes@gmail.com,8816251843,1957-04-20
US_4058,Victoria Benitez,VictoriaBenitez@gmail.com,9111194741,1976-05-24
US_4059,Jacqueline Monroe,JacquelineMonroe@gmail.com,8081437675,1989-05-29
US_4060,Charles Sanchez,CharlesSanchez@gmail.com,8748925594,1962-04-28
US_4061,Sonia Henderson,SoniaHenderson@gmail.com,8002540759,1981-04-02
US_4062,Sharon Sims,SharonSims@gmail.com,9171842661,1984-11-19
US_4063,Shawn Doyle,ShawnDoyle@gmail.com,8734883494,1993-02-15
US_4065,Donald Santana,DonaldSantana@gmail.com,9704043694,2003-05-12
US_4066,Katherine Greene,KatherineGreene@gmail.com,7957606643,1970-08-08
US_4067,Jennifer Dominguez,JenniferDominguez@gmail.com,7201773468,1957-11-20
US_4068,Matthew Walker,MatthewWalker@gmail.com,8306055069,1970-11-23
US_4069,Ashley Barrera,AshleyBarrera@gmail.com,9778224249,1963-06-23
US_4070,Clifford Murphy DVM,CliffordMurphy@gmail.com,7014056677,1956-04-03
US_4071,Michael Arias,MichaelArias@gmail.com,9813742434,1966-04-01
US_4072,Joshua Mitchell,JoshuaMitchell@gmail.com,7547016608,1968-09-17
US_4073,Ashley Wilson,AshleyWilson@gmail.com,8527584715,1986-10-31
US_4074,Stacey Clements,StaceyClements@gmail.com,9782439197,2005-03-23
US_4075,Kathleen Martinez,KathleenMartinez@gmail.com,9790930338,1964-07-05
US_4076,Julie Rodriguez MD,JulieRodriguez@gmail.com,9701218296,2005-10-11
US_4077,Cathy Farmer,CathyFarmer@gmail.com,8937596845,1979-07-24
US_4078,Dana Gilbert,DanaGilbert@gmail.com,7221327036,1965-09-03
US_4079,Charles Harper,CharlesHarper@gmail.com,7784287060,1999-09-19
US_4080,Timothy Wang,TimothyWang@gmail.com,8513083890,1997-08-14
US_4081,Daniel Stewart,DanielStewart@gmail.com,9092530709,1970-09-20
US_4082,Tiffany Peterson,TiffanyPeterson@gmail.com,8355971926,1956-06-26
US_4083,Tammy Bell,TammyBell@gmail.com,8517616094,2000-10-01
US_4084,Mathew Myers,MathewMyers@gmail.com,8746458855,1956-02-28
US_4085,Edgar Brown,EdgarBrown@gmail.com,8047842453,1996-12-16
US_4086,Cory Barrett,CoryBarrett@gmail.com,8133016224,1962-04-01
US_4087,Seth Jones,SethJones@gmail.com,8378944094,1977-07-01
US_4088,Joseph Hawkins,JosephHawkins@gmail.com,7401199003,1982-07-07
US_4090,Jennifer Ferguson,JenniferFerguson@gmail.com,7676537209,1976-01-24
US_4091,Carolyn Cantu,CarolynCantu@gmail.com,7210139089,1958-02-16
US_4092,Charles Garcia,CharlesGarcia@gmail.com,7140417753,1996-05-01
US_4093,James Hart,JamesHart@gmail.com,7077413809,1978-06-06
US_4094,Patricia Wilson,PatriciaWilson@gmail.com,9412776004,1962-12-28
US_4095,Mark Elliott,MarkElliott@gmail.com,9255108813,1979-04-25
US_4096,Matthew Bartlett,MatthewBartlett@gmail.com,9445801512,1968-07-17
US_4097,Maria Campbell,MariaCampbell@gmail.com,7655605574,1987-08-18
US_4098,Joanna Adkins,JoannaAdkins@gmail.com,7427830884,1974-06-13
US_4099,Lisa Reed,LisaReed@gmail.com,8187803823,1964-06-25
US_4100,Jordan Calhoun MD,JordanCalhoun@gmail.com,7745834307,2003-01-16
US_4101,Heather Thomas,HeatherThomas@gmail.com,7401718437,1962-12-31
US_4102,Carrie Coffey,CarrieCoffey@gmail.com,9164990150,2001-04-01
US_4103,Dr. Isabel Smith PhD,Dr.Isabel@gmail.com,7479520666,2003-07-13
US_4104,Joe Page,JoePage@gmail.com,8290905428,1954-05-05
US_4105,Crystal Morales,CrystalMorales@gmail.com,9702831425,1959-02-03
US_4106,Heather Mcmahon,HeatherMcmahon@gmail.com,9948344615,2006-01-07
US_4107,Jason Quinn,JasonQuinn@gmail.com,7261024837,1992-12-31
US_4108,James Cox,JamesCox@gmail.com,8490011006,1960-02-06
US_4109,James Cummings,JamesCummings@gmail.com,9633092146,1956-02-03
US_4111,Shane Hopkins,ShaneHopkins@gmail.com,7412305029,1976-03-29
US_4112,Stephanie Kelley,StephanieKelley@gmail.com,8898423096,1995-12-19
US_4113,Jennifer Schneider,JenniferSchneider@gmail.com,9517160315,1982-09-08
US_4114,Charles Rodriguez,CharlesRodriguez@gmail.com,8194439770,1979-07-18
US_4115,Elizabeth Wall,ElizabethWall@gmail.com,8613673509,1965-12-05
US_4116,Loretta Williams,LorettaWilliams@gmail.com,9415922311,1999-03-22
US_4117,Juan Moore,JuanMoore@gmail.com,8244470910,1983-03-31
US_4118,Joseph White,JosephWhite@gmail.com,9502903610,1981-05-27
US_4120,Denise Reese,DeniseReese@gmail.com,8869287571,1958-03-23
US_4121,Brittney Morales,BrittneyMorales@gmail.com,9769926749,1966-10-09
US_4122,Christina Jenkins,ChristinaJenkins@gmail.com,7743788896,2005-01-05
US_4123,Sean Anderson,SeanAnderson@gmail.com,7139604129,1967-07-31
US_4124,Emily Fitzpatrick,EmilyFitzpatrick@gmail.com,9593488445,1976-03-23
US_4125,Nancy Liu,NancyLiu@gmail.com,7310378256,1954-11-06
US_4126,Rachel Miller,RachelMiller@gmail.com,9377057611,1980-08-22
US_4127,Scott Brown,ScottBrown@gmail.com,8112370161,1967-02-22
US_4128,Emily Winters,EmilyWinters@gmail.com,8884667267,2002-06-23
US_4129,Chris Lewis,ChrisLewis@gmail.com,8464921734,1984-08-28
US_4130,Heidi Blankenship,HeidiBlankenship@gmail.com,7756420409,1984-02-22
US_4131,Sandra Alvarez,SandraAlvarez@gmail.com,8157887117,2001-02-22
US_4132,Donna Garcia,DonnaGarcia@gmail.com,9662929716,1956-05-20
US_4133,Stephanie Hernandez,StephanieHernandez@gmail.com,7504492784,2001-07-05
US_4134,Joseph Montgomery,JosephMontgomery@gmail.com,8152004943,1962-05-03
US_4135,Juan Harrison,JuanHarrison@gmail.com,7981089520,1960-07-07
US_4136,Miss Stephanie Cherry,MissStephanie@gmail.com,9964308870,1977-01-10
US_4137,Bridget Wallace,BridgetWallace@gmail.com,7549851420,1985-06-25
US_4138,Brandy James,BrandyJames@gmail.com,7117663679,1971-09-30
US_4140,Sabrina Galvan,SabrinaGalvan@gmail.com,7684391013,2002-12-25
US_4141,Catherine Shannon,CatherineShannon@gmail.com,9231301822,1978-05-24
US_4142,Theresa Knight,TheresaKnight@gmail.com,9656522204,1981-10-29
US_4143,Victoria Tanner,VictoriaTanner@gmail.com,7606603376,1975-08-25
US_4144,Chad Evans,ChadEvans@gmail.com,8589037973,1967-01-25
US_4145,Chase Haney,ChaseHaney@gmail.com,9200871458,1992-04-28
US_4146,Maureen Nixon,MaureenNixon@gmail.com,8220783373,1988-09-09
US_4147,Michael Rush,MichaelRush@gmail.com,7463878538,1961-08-23
US_4148,Larry Lloyd,LarryLloyd@gmail.com,7461024443,1959-07-05
US_4150,Samuel Lee,SamuelLee@gmail.com,9612883864,1964-09-13
US_4151,Joseph Moon,JosephMoon@gmail.com,7393862803,2002-11-06
US_4152,Taylor Williams II,TaylorWilliams@gmail.com,7426167902,1958-07-12
US_4153,Jerry Hamilton,JerryHamilton@gmail.com,9747083856,1999-09-12
US_4154,Paul Wolf,PaulWolf@gmail.com,7068467887,1986-05-11
US_4155,Bobby Arnold,BobbyArnold@gmail.com,7699346016,1955-09-09
US_4156,William Weber,WilliamWeber@gmail.com,8569059622,1983-04-23
US_4157,Alicia James,AliciaJames@gmail.com,7245540249,1963-04-23
US_4158,Jamie Johnson,JamieJohnson@gmail.com,9416572606,1962-01-28
US_4159,Melissa Rogers,MelissaRogers@gmail.com,9725176218,1973-06-11
US_4160,Sarah Mueller,SarahMueller@gmail.com,7076273711,1986-01-17
US_4161,Gordon Hahn,GordonHahn@gmail.com,7945648767,1999-02-25
US_4162,Kristen Burns,KristenBurns@gmail.com,7302940804,2005-02-26
US_4163,Thomas Sellers,ThomasSellers@gmail.com,7935086568,1977-05-02
US_4164,Melvin Flores,MelvinFlores@gmail.com,9253538489,2002-11-12
US_4165,Ashley Cochran,AshleyCochran@gmail.com,8547726445,1999-12-12
US_4166,Ashley Jones,AshleyJones@gmail.com,8813669167,1997-04-11
US_4167,Christian Solis,ChristianSolis@gmail.com,7041536899,2000-11-12
US_4168,Sharon Smith,SharonSmith@gmail.com,8102424873,1992-04-01
US_4169,Robert Berg,RobertBerg@gmail.com,9502696657,1990-08-02
US_4170,Brooke Sims,BrookeSims@gmail.com,7963983263,1959-09-13
US_4171,Julia Marks,JuliaMarks@gmail.com,7027017729,2000-11-17
US_4172,Ashley Martinez,AshleyMartinez@gmail.com,9054967123,1965-05-03
US_4173,Christina Reese,ChristinaReese@gmail.com,9604606721,1990-12-19
US_4174,Brandon Bean,BrandonBean@gmail.com,9975875810,2001-07-03
US_4175,Rickey Hall,RickeyHall@gmail.com,9997054539,1964-06-16
US_4176,Bobby Flores,BobbyFlores@gmail.com,7267107983,1991-09-16
US_4177,Karen Gonzalez,KarenGonzalez@gmail.com,9210752666,1992-08-26
US_4178,Lisa Lopez MD,LisaLopez@gmail.com,9581034629,1997-01-27
US_4179,Sharon Brown,SharonBrown@gmail.com,7885024301,1995-11-01
US_4180,Aaron Thompson,AaronThompson@gmail.com,7529545056,1975-11-07
US_4181,Charles Weaver,CharlesWeaver@gmail.com,9627698541,1994-12-15
US_4182,Melissa Warner,MelissaWarner@gmail.com,8104416716,1978-05-10
US_4183,Cody Morris,CodyMorris@gmail.com,8962726263,1958-11-07
US_4184,Carla Reid DDS,CarlaReid@gmail.com,9441496157,1955-08-13
US_4185,Katie Mitchell,KatieMitchell@gmail.com,8279423095,1983-04-05
US_4186,Roger Moss,RogerMoss@gmail.com,9049669961,2003-06-27
US_4187,Mary Donaldson,MaryDonaldson@gmail.com,8994132632,2002-12-26
US_4188,Paul Brown,PaulBrown@gmail.com,7011974890,1974-06-13
US_4189,Gregory Quinn,GregoryQuinn@gmail.com,9136548362,1954-05-22
US_4190,Sabrina Miller,SabrinaMiller@gmail.com,8562788785,1996-04-25
US_4191,Michelle Smith,MichelleSmith@gmail.com,8716166985,1994-06-23
US_4192,Anita Chapman,AnitaChapman@gmail.com,9764421421,1984-03-26
US_4193,Heather Becker,HeatherBecker@gmail.com,9660951089,1976-06-14
US_4194,Andrea Baker,AndreaBaker@gmail.com,7276227573,1993-09-05
US_4195,Joanne Harmon,JoanneHarmon@gmail.com,9062333634,1982-08-18
US_4196,Mr. Phillip Edwards,Mr.Phillip@gmail.com,8015248361,1980-05-09
US_4197,Mrs. Laurie Williams MD,Mrs.Laurie@gmail.com,8270624074,1973-02-04
US_4198,Joel Mclean,JoelMclean@gmail.com,8292294810,1978-03-14
US_4199,Valerie Ford,ValerieFord@gmail.com,8107593560,1985-10-18
US_4200,Jodi Thomas,JodiThomas@gmail.com,9262114845,1993-08-30
US_4202,Eugene Fritz,EugeneFritz@gmail.com,9670268494,2003-12-13
US_4206,Chris Rogers,ChrisRogers@gmail.com,7835112351,1956-06-16
US_4207,James Torres,JamesTorres@gmail.com,9631210689,1967-11-13
US_4208,Kirsten Perez,KirstenPerez@gmail.com,8558946734,1961-11-01
US_4209,Dr. Jeffrey Valentine,Dr.Jeffrey@gmail.com,7969818100,1957-06-27
US_4210,Wayne Brown,WayneBrown@gmail.com,7312102056,1963-06-20
US_4211,Andrea Morris,AndreaMorris@gmail.com,7729542477,1967-08-29
US_4212,Dylan Young,DylanYoung@gmail.com,8582493033,1974-02-26
US_4213,Regina Butler,ReginaButler@gmail.com,7156520580,2006-09-08
US_4214,Eric Moore,EricMoore@gmail.com,8939957407,1992-08-19
US_4215,Melinda Patterson,MelindaPatterson@gmail.com,8791709437,1982-07-26
US_4216,Carl Campbell,CarlCampbell@gmail.com,7019795388,1995-11-14
US_4217,Renee Shields,ReneeShields@gmail.com,7790855178,2004-01-12
US_4218,Wesley Brown,WesleyBrown@gmail.com,9875445294,1980-02-26
US_4219,Jason Clark,JasonClark@gmail.com,9191523966,1987-11-09
US_4220,David Wiggins,DavidWiggins@gmail.com,7046200086,1986-11-01
US_4221,Thomas Kaufman,ThomasKaufman@gmail.com,8007278618,1992-12-22
US_4222,Kristen Ray,KristenRay@gmail.com,8462531844,2000-05-08
US_4223,Cory Martinez,CoryMartinez@gmail.com,8206240374,1978-12-22
US_4224,Mark Maddox,MarkMaddox@gmail.com,8364516109,1957-11-15
US_4225,Kevin Young,KevinYoung@gmail.com,8229946908,1980-06-21
US_4226,Katherine Harrison,KatherineHarrison@gmail.com,7446848602,2006-06-05
US_4227,Jorge Davis,JorgeDavis@gmail.com,7633114057,1983-07-13
US_4228,Loretta Miller,LorettaMiller@gmail.com,8226350897,1981-09-26
US_4229,Lance Macdonald DVM,LanceMacdonald@gmail.com,8863515182,1961-10-06
US_4230,Jerry Waters,JerryWaters@gmail.com,7834264400,1974-10-14
US_4231,Desiree Thomas,DesireeThomas@gmail.com,9754211026,1960-07-05
US_4232,Amy Wright,AmyWright@gmail.com,7418970864,1982-04-23
US_4233,Erin Summers,ErinSummers@gmail.com,8833002045,1976-12-27
US_4234,Mr. Don Flores,Mr.Don@gmail.com,9848835500,1969-09-14
US_4235,Miss Kimberly Holloway,MissKimberly@gmail.com,9409102621,1998-11-06
US_4236,Tina Harper,TinaHarper@gmail.com,9486048273,1964-11-27
US_4237,Nicholas Moss,NicholasMoss@gmail.com,7894024551,1960-09-27
US_4238,Robert Campbell,RobertCampbell@gmail.com,8128833578,2006-07-10
US_4239,Jenny Cardenas,JennyCardenas@gmail.com,8588354187,1984-03-09
US_4240,Dean Thomas,DeanThomas@gmail.com,9215887465,1954-10-04
US_4241,Matthew Farmer,MatthewFarmer@gmail.com,7235182025,1975-04-15
US_4242,John Browning,JohnBrowning@gmail.com,7694180095,1988-04-10
US_4243,Mario Peters,MarioPeters@gmail.com,7306213585,1978-01-26
US_4244,Olivia Rodriguez,OliviaRodriguez@gmail.com,7458898961,1993-12-27
US_4245,Donald Mccarthy,DonaldMccarthy@gmail.com,9454764396,1981-01-18
US_4247,Becky Parrish,BeckyParrish@gmail.com,8720886532,1973-05-09
US_4248,Jackie Stewart,JackieStewart@gmail.com,8640449911,1990-04-28
US_4249,Krista Fuller,KristaFuller@gmail.com,7109717629,1986-12-26
US_4250,Jennifer Nguyen,JenniferNguyen@gmail.com,9907339171,1983-05-21
US_4251,Amanda Campbell,AmandaCampbell@gmail.com,9939192563,1962-02-26
US_4252,Laura Ware,LauraWare@gmail.com,8535036534,2004-05-19
US_4253,Mitchell Anderson,MitchellAnderson@gmail.com,7095520741,1990-11-16
US_4254,Barry Hernandez,BarryHernandez@gmail.com,9594614560,1998-03-06
US_4255,Teresa Young,TeresaYoung@gmail.com,8268096482,2006-10-16
US_4256,Valerie Morgan,ValerieMorgan@gmail.com,8527090219,1982-04-02
US_4257,Paul Vasquez,PaulVasquez@gmail.com,8774104173,1965-03-05
US_4258,Kelly May,KellyMay@gmail.com,7970466343,1966-05-08
US_4259,Christopher Carson,ChristopherCarson@gmail.com,9023325547,1999-06-03
US_4260,Joan Wilson,JoanWilson@gmail.com,9119528127,1970-08-22
US_4261,Debbie Allen,DebbieAllen@gmail.com,7607950197,2001-10-31
US_4262,Kristin Williams,KristinWilliams@gmail.com,9544306984,2002-09-01
US_4263,Courtney Williams,CourtneyWilliams@gmail.com,7818190192,1993-05-31
US_4264,David Hernandez,DavidHernandez@gmail.com,7005679051,2001-07-25
US_4265,Kathryn Morris,KathrynMorris@gmail.com,8616168424,1995-01-27
US_4266,Meagan Smith,MeaganSmith@gmail.com,8079151592,2007-01-27
US_4267,Katherine Caldwell,KatherineCaldwell@gmail.com,9781625823,1959-07-01
US_4268,Krista Williams,KristaWilliams@gmail.com,7479080891,1994-10-16
US_4269,Christine Aguilar,ChristineAguilar@gmail.com,8319611019,2004-12-22
US_4270,Michael Perkins,MichaelPerkins@gmail.com,8246169295,1998-11-17
US_4271,Steven Martin,StevenMartin@gmail.com,8961359241,1984-07-04
US_4272,Joshua Herman,JoshuaHerman@gmail.com,9534381598,1958-02-23
US_4273,Diana Hawkins,DianaHawkins@gmail.com,7740123975,1999-08-11
US_4274,Caitlin Harris,CaitlinHarris@gmail.com,9398358362,1968-07-14
US_4275,Felicia Murphy,FeliciaMurphy@gmail.com,9340008972,1966-10-03
US_4276,Bryan Mitchell,BryanMitchell@gmail.com,7278438232,1999-12-12
US_4277,Larry Curtis,LarryCurtis@gmail.com,9705902255,1958-01-25
US_4278,Jennifer Lopez,JenniferLopez@gmail.com,7086654976,1988-01-22
US_4279,Robert Newton,RobertNewton@gmail.com,7819115601,1990-11-21
US_4281,Sandra Craig,SandraCraig@gmail.com,7294193151,1964-07-30
US_4282,Sabrina Ward,SabrinaWard@gmail.com,9440354028,1996-09-07
US_4283,Mark Knight,MarkKnight@gmail.com,8621991467,1970-07-20
US_4284,Darlene Dixon,DarleneDixon@gmail.com,7882386832,1996-05-25
US_4286,Jonathan Cortez,JonathanCortez@gmail.com,9372387265,1963-06-07
US_4287,Judith Myers,JudithMyers@gmail.com,8634112674,1986-08-06
US_4288,Tammie Castillo,TammieCastillo@gmail.com,9552809403,1983-02-10
US_4289,Rebecca Estrada,RebeccaEstrada@gmail.com,7399944799,2005-02-27
US_4290,Angela Rodriguez,AngelaRodriguez@gmail.com,7228307879,1967-06-11
US_4291,Andre Williams,AndreWilliams@gmail.com,7352289826,1970-08-13
US_4292,Donald Smith,DonaldSmith@gmail.com,8336046240,1969-07-13
US_4293,Nicholas Ali,NicholasAli@gmail.com,7118091458,1957-08-28
US_4294,Jacob Brewer,JacobBrewer@gmail.com,7488506116,1955-12-01
US_4295,Natalie Watson,NatalieWatson@gmail.com,9223552234,1970-06-16
US_4298,Timothy Lucero,TimothyLucero@gmail.com,7280725253,1971-08-31
US_4299,Barbara Fields,BarbaraFields@gmail.com,8055240960,1956-05-06
US_4300,Rebecca Beard,RebeccaBeard@gmail.com,9743195329,1991-12-18
US_4301,Carrie Rodriguez,CarrieRodriguez@gmail.com,9950869902,2002-08-22
US_4302,Jordan Tanner,JordanTanner@gmail.com,8286173077,1971-03-27
US_4303,Denise Johnson,DeniseJohnson@gmail.com,8102694310,1980-11-06
US_4304,Amy Holt,AmyHolt@gmail.com,8944560623,1963-02-08
US_4305,James Bennett,JamesBennett@gmail.com,7480204746,2004-09-11
US_4306,Jeffrey Owens,JeffreyOwens@gmail.com,7944837786,2000-07-04
US_4307,Adam Merritt,AdamMerritt@gmail.com,9444987527,1997-10-20
US_4309,Michelle Harris,MichelleHarris@gmail.com,8189717068,1968-12-06
US_4310,Michael Richmond,MichaelRichmond@gmail.com,9006875286,1986-09-15
US_4311,Michael Patrick,MichaelPatrick@gmail.com,9753756514,1981-02-28
US_4312,Amanda Hart DVM,AmandaHart@gmail.com,7132599210,1999-05-22
US_4313,Michele Conner,MicheleConner@gmail.com,8410850290,1984-11-28
US_4314,Natalie Mitchell,NatalieMitchell@gmail.com,7807410956,1971-01-04
US_4315,Jacob Hoover,JacobHoover@gmail.com,7025202559,1991-10-09
US_4316,Jacqueline Winters,JacquelineWinters@gmail.com,7500985134,1980-08-18
US_4317,Kimberly Flores,KimberlyFlores@gmail.com,9284679074,1980-12-08
US_4318,Jennifer Carpenter,JenniferCarpenter@gmail.com,9274620485,1999-12-18
US_4319,William Saunders,WilliamSaunders@gmail.com,8606584144,1968-03-17
US_4320,Michael Preston,MichaelPreston@gmail.com,9043422052,1978-09-08
US_4321,Jennifer Ali,JenniferAli@gmail.com,8419000755,2002-07-27
US_4322,David Taylor,DavidTaylor@gmail.com,7797791854,1975-06-04
US_4323,Maria Hayes,MariaHayes@gmail.com,7358423529,1957-07-17
US_4324,Melanie Preston,MelaniePreston@gmail.com,9280630898,2003-08-17
US_4325,Thomas Mcgrath,ThomasMcgrath@gmail.com,8069254373,1977-02-24
US_4326,Glenn Chen,GlennChen@gmail.com,7174709742,1998-06-15
US_4328,Rebecca Summers,RebeccaSummers@gmail.com,9164980947,2002-02-01
US_4329,Rodney Gilmore,RodneyGilmore@gmail.com,8776863405,2001-02-22
US_4330,Kimberly Stone DDS,KimberlyStone@gmail.com,7917001762,2003-10-19
US_4331,Joshua Dunlap,JoshuaDunlap@gmail.com,8892118416,1977-10-09
US_4332,Melinda French,MelindaFrench@gmail.com,9582279647,1999-11-20
US_4333,Gabriel Copeland MD,GabrielCopeland@gmail.com,7258567649,1976-12-18
US_4334,Kelly Weiss,KellyWeiss@gmail.com,9138693094,1998-10-25
US_4335,Gregory Russell,GregoryRussell@gmail.com,9010340106,1958-01-31
US_4336,Ashley Bowman,AshleyBowman@gmail.com,9030482822,1964-03-03
US_4337,Ruben Woodard,RubenWoodard@gmail.com,9590437975,1961-01-26
US_4338,Aaron Leon,AaronLeon@gmail.com,8306820798,1988-04-17
US_4339,Ashley Thomas,AshleyThomas@gmail.com,7091494972,2000-01-23
US_4340,Travis Allen,TravisAllen@gmail.com,8127555415,1983-02-11
US_4341,Roger Weaver,RogerWeaver@gmail.com,8451001467,1974-02-22
US_4342,Robert Johnson,RobertJohnson@gmail.com,9889142229,1967-06-01
US_4343,Bryan Lopez,BryanLopez@gmail.com,9682604055,1995-04-06
US_4344,Andrea King,AndreaKing@gmail.com,7041427842,1955-04-29
US_4345,Jennifer Howard,JenniferHoward@gmail.com,8525452802,1965-01-21
US_4347,Daniel Patterson,DanielPatterson@gmail.com,9043060412,2002-09-25
US_4348,Karen Mendez,KarenMendez@gmail.com,7642829711,1959-04-05
US_4350,Andre Haynes,AndreHaynes@gmail.com,7671897081,1968-05-02
US_4351,Janet Ryan,JanetRyan@gmail.com,8682799920,1977-07-07
US_4352,Michael Oliver,MichaelOliver@gmail.com,7450731543,1959-02-07
US_4353,Wesley Henry,WesleyHenry@gmail.com,7137908229,1980-04-04
US_4354,Andrew Freeman,AndrewFreeman@gmail.com,8555225438,1966-07-14
US_4355,Karen Stephens,KarenStephens@gmail.com,8982310472,2001-10-27
US_4356,Nathaniel Baldwin,NathanielBaldwin@gmail.com,7437207245,1991-03-16
US_4357,Jordan Curry,JordanCurry@gmail.com,9416132600,2002-05-15
US_4358,William Johnson,WilliamJohnson@gmail.com,9060815863,1990-06-30
US_4359,Richard Bond,RichardBond@gmail.com,9338116230,1954-10-04
US_4361,Scott Norman,ScottNorman@gmail.com,9220702946,1983-07-02
US_4362,Jill Shaw,JillShaw@gmail.com,8149791830,1988-05-18
US_4364,Martha Williams,MarthaWilliams@gmail.com,9729867502,1971-09-14
US_4365,Melissa Henry,MelissaHenry@gmail.com,9209573607,1982-07-19
US_4366,Elaine Martin,ElaineMartin@gmail.com,9874546121,1965-12-22
US_4367,Gary Rodriguez,GaryRodriguez@gmail.com,8345223375,1971-01-06
US_4369,Mr. Reginald Roman,Mr.Reginald@gmail.com,9511441539,1997-04-23
US_4371,Gerald Vega,GeraldVega@gmail.com,7586170285,1963-12-02
US_4372,Crystal Wallace,CrystalWallace@gmail.com,7998801000,2002-09-19
US_4374,Patrick Potts,PatrickPotts@gmail.com,9404358037,1981-07-03
US_4375,Jessica Richardson,JessicaRichardson@gmail.com,8475131486,1993-01-08
US_4376,Alicia Warren,AliciaWarren@gmail.com,7308604348,1987-03-24
US_4377,Madison Rodriguez,MadisonRodriguez@gmail.com,7727726617,1968-11-20
US_4378,Douglas Grant,DouglasGrant@gmail.com,7938489547,1960-12-24
US_4381,Susan Hutchinson,SusanHutchinson@gmail.com,7471106920,1987-01-31
US_4382,Christopher Hudson,ChristopherHudson@gmail.com,9610952492,1959-09-26
US_4383,Jill Barajas,JillBarajas@gmail.com,8778209072,1980-05-15
US_4385,Charlene Gutierrez,CharleneGutierrez@gmail.com,8236433379,2007-02-05
US_4389,Lauren Smith,LaurenSmith@gmail.com,8938102031,1989-05-06
US_4390,Breanna Mccall,BreannaMccall@gmail.com,9007307017,1972-06-03
US_4391,Rebecca Lopez,RebeccaLopez@gmail.com,8807194911,1985-07-05
US_4393,Mark Weaver,MarkWeaver@gmail.com,8111551105,2005-12-31
US_4394,Brianna Martinez,BriannaMartinez@gmail.com,9057384855,2004-04-30
US_4396,Victoria Knight,VictoriaKnight@gmail.com,9325291788,1980-07-02
US_4397,Paul Franco,PaulFranco@gmail.com,7520218432,1956-09-23
US_4398,Darin Baker,DarinBaker@gmail.com,9067902624,1976-08-27
US_4399,Jeffrey Harrell,JeffreyHarrell@gmail.com,8666021501,1993-11-28
US_4400,Alyssa Powers,AlyssaPowers@gmail.com,8296517968,1958-09-14
US_4401,Jeanette Obrien,JeanetteObrien@gmail.com,8328826131,2001-12-09
US_4402,Nicole Anderson,NicoleAnderson@gmail.com,7443933784,1981-11-10
US_4403,Rachel Oneal,RachelOneal@gmail.com,9160729024,1994-06-13
US_4405,Donna Mejia,DonnaMejia@gmail.com,8671849849,1965-12-05
US_4406,Andre Jones,AndreJones@gmail.com,7434372634,1990-11-08
US_4408,Jaclyn Long,JaclynLong@gmail.com,8190216078,1994-12-29
US_4410,Joseph Murphy,JosephMurphy@gmail.com,7997817197,1989-02-01
US_4411,Travis Dixon,TravisDixon@gmail.com,8105953436,1965-11-02
US_4412,Seth Barker,SethBarker@gmail.com,8446241862,1997-05-05
US_4413,Tammy Jacobs,TammyJacobs@gmail.com,7625854422,1988-02-07
US_4414,Laura Harrison,LauraHarrison@gmail.com,7530716399,1987-10-14
US_4415,John Peterson,JohnPeterson@gmail.com,8902107185,1987-06-28
US_4416,Lynn King,LynnKing@gmail.com,9163601013,1987-03-14
US_4417,Devon Roberts,DevonRoberts@gmail.com,7538511062,1978-05-16
US_4418,Emily Bullock,EmilyBullock@gmail.com,9279471331,1979-05-31
US_4419,Kylie Bailey,KylieBailey@gmail.com,9549438741,1975-03-17
US_4420,Roger Holmes,RogerHolmes@gmail.com,9433966124,1998-04-22
US_4421,Dennis Coleman,DennisColeman@gmail.com,8353650965,2005-10-20
US_4422,Patricia Zamora,PatriciaZamora@gmail.com,7645017742,1990-05-09
US_4423,Randy Phillips,RandyPhillips@gmail.com,7256949734,1983-11-01
US_4424,Heather Daniels,HeatherDaniels@gmail.com,8337668822,1963-05-05
US_4425,Robert Perkins,RobertPerkins@gmail.com,7771599929,1958-07-22
US_4426,Nathaniel Walter,NathanielWalter@gmail.com,9018518819,1989-01-28
US_4427,Christine Tyler,ChristineTyler@gmail.com,7880939320,1955-11-08
US_4428,Catherine Holland,CatherineHolland@gmail.com,7314893038,1976-01-27
US_4430,Kimberly Thomas,KimberlyThomas@gmail.com,8126804515,1986-07-31
US_4431,Dawn Levy,DawnLevy@gmail.com,9551683393,2006-02-24
US_4432,Victoria Smith,VictoriaSmith@gmail.com,9083483057,1958-11-25
US_4433,Timothy Reilly,TimothyReilly@gmail.com,8836907678,1959-08-16
US_4434,William Silva,WilliamSilva@gmail.com,8784767934,1973-12-09
US_4435,Keith Gonzalez,KeithGonzalez@gmail.com,7762735163,1981-02-03
US_4436,Jeffrey Holden,JeffreyHolden@gmail.com,8229476874,1999-03-23
US_4437,Karen Hughes,KarenHughes@gmail.com,9286775225,1975-10-23
US_4438,Christopher Ward,ChristopherWard@gmail.com,8815569589,1982-07-13
US_4439,Amy Boone,AmyBoone@gmail.com,9366346162,1990-10-21
US_4440,Joshua Adams,JoshuaAdams@gmail.com,7678972199,1993-04-27
US_4441,Tammy Mcdaniel,TammyMcdaniel@gmail.com,7202824931,1988-04-06
US_4442,Steven Knight,StevenKnight@gmail.com,7016856895,1968-01-23
US_4443,George Weber,GeorgeWeber@gmail.com,7984316968,1993-03-02
US_4444,Jeffrey Hall,JeffreyHall@gmail.com,7998263644,1991-04-07
US_4445,Laura Adams,LauraAdams@gmail.com,8548135984,1959-12-16
US_4446,Sara Hernandez,SaraHernandez@gmail.com,9411422861,2006-11-18
US_4447,Emily Robinson,EmilyRobinson@gmail.com,7392741996,1963-08-12
US_4448,Samantha Harris,SamanthaHarris@gmail.com,8182064361,2001-12-09
US_4449,Tiffany Davis,TiffanyDavis@gmail.com,8345821402,1987-08-07
US_4450,Veronica Nelson,VeronicaNelson@gmail.com,9249895738,2001-12-02
US_4451,Mr. Ryan Walker,Mr.Ryan@gmail.com,7131439628,1998-04-21
US_4452,Christopher Thompson,ChristopherThompson@gmail.com,7531362616,2001-12-11
US_4453,Brian Allen,BrianAllen@gmail.com,7311686280,1987-08-27
US_4454,Kevin Greene,KevinGreene@gmail.com,8078322703,1977-04-21
US_4455,Daniel Garcia,DanielGarcia@gmail.com,9403787453,1955-05-10
US_4456,Micheal Ramos,MichealRamos@gmail.com,7113332954,1984-12-06
US_4457,Janice Gilbert,JaniceGilbert@gmail.com,8182948690,1978-10-14
US_4458,Joshua Nelson,JoshuaNelson@gmail.com,9187422675,2000-10-18
US_4459,Katherine Clarke,KatherineClarke@gmail.com,9802267677,1971-10-16
US_4460,Erica Porter,EricaPorter@gmail.com,8187870216,1988-05-04
US_4461,Sara Obrien,SaraObrien@gmail.com,7711750640,1996-06-07
US_4462,Michael Burke,MichaelBurke@gmail.com,8813292367,1976-05-19
US_4463,Jamie French,JamieFrench@gmail.com,8637946076,1954-12-18
US_4464,Ernest Sullivan,ErnestSullivan@gmail.com,8244269166,1965-09-08
US_4465,Earl Hall,EarlHall@gmail.com,8627341888,1982-11-02
US_4467,Dana Wolfe,DanaWolfe@gmail.com,8122325931,1980-10-07
US_4468,Robert Price,RobertPrice@gmail.com,7079072245,1978-10-07
US_4469,James Henry,JamesHenry@gmail.com,9661694834,1961-04-20
US_4471,Darryl Richardson,DarrylRichardson@gmail.com,7868199208,1982-07-04
US_4472,Karen Jackson DVM,KarenJackson@gmail.com,9720421852,2002-07-18
US_4473,Linda Patrick,LindaPatrick@gmail.com,9699921948,2004-03-23
US_4474,Veronica Diaz,VeronicaDiaz@gmail.com,9555102224,1985-11-18
US_4475,Ann Moon,AnnMoon@gmail.com,9682299900,1988-05-16
US_4477,Timothy Chavez,TimothyChavez@gmail.com,7399042141,1996-10-04
US_4478,Scott Ramirez,ScottRamirez@gmail.com,7894112225,1956-09-11
US_4479,Crystal Collins,CrystalCollins@gmail.com,8884928564,1962-01-07
US_4480,Crystal Davis,CrystalDavis@gmail.com,9475776652,2006-02-08
US_4481,Matthew Mueller,MatthewMueller@gmail.com,9208615330,1981-08-16
US_4482,Teresa Thompson,TeresaThompson@gmail.com,8529103294,1973-11-24
US_4483,Teresa Jacobson,TeresaJacobson@gmail.com,8342988186,2000-04-26
US_4484,Robert Gonzalez,RobertGonzalez@gmail.com,8566339215,1981-12-19
US_4485,Andrea Garcia,AndreaGarcia@gmail.com,8830322338,2004-12-16
US_4486,Cassandra Martinez,CassandraMartinez@gmail.com,9941825892,1999-01-13
US_4487,Philip Cummings,PhilipCummings@gmail.com,7414492200,1996-07-30
US_4488,Timothy Sanchez,TimothySanchez@gmail.com,7184257525,1981-10-26
US_4489,Scott Miranda,ScottMiranda@gmail.com,9709720906,1998-01-31
US_4490,Alicia Wagner,AliciaWagner@gmail.com,7301891587,1993-02-22
US_4491,Chad Williams,ChadWilliams@gmail.com,8790696621,1992-10-20
US_4492,Carlos Hensley,CarlosHensley@gmail.com,8111788477,1987-06-22
US_4493,Laura Ramirez,LauraRamirez@gmail.com,8108846795,1991-08-02
US_4494,Christopher Rodriguez,ChristopherRodriguez@gmail.com,7077506478,1956-07-05
US_4495,Mark Webster,MarkWebster@gmail.com,8345845668,1962-05-19
US_4496,James Smith,JamesSmith@gmail.com,9490671392,1990-06-16
US_4497,Robert Byrd,RobertByrd@gmail.com,9440946463,1985-01-10
US_4498,Joshua Powell,JoshuaPowell@gmail.com,8401830708,2003-05-11
US_4499,Tonya Harding,TonyaHarding@gmail.com,9797757878,1976-09-02
US_4500,Larry Higgins,LarryHiggins@gmail.com,8863022241,1986-07-17
US_4501,Nicole Mills,NicoleMills@gmail.com,7631134981,1998-08-28
US_4502,Jonathan Porter,JonathanPorter@gmail.com,9977327030,1998-03-08
US_4503,Christine Greene,ChristineGreene@gmail.com,7588543857,1968-04-05
US_4504,Edwin Munoz,EdwinMunoz@gmail.com,8949403953,1981-05-13
US_4505,James Brooks,JamesBrooks@gmail.com,9625457663,1991-06-10
US_4506,Craig Smith,CraigSmith@gmail.com,9334225591,1956-01-05
US_4508,Rachel Curry,RachelCurry@gmail.com,8207998412,1964-12-08
US_4509,Elizabeth Sanchez,ElizabethSanchez@gmail.com,7685898997,2003-10-11
US_4510,Darren Gonzales,DarrenGonzales@gmail.com,9705576839,1957-12-23
US_4511,Mr. John Khan,Mr.John@gmail.com,9380503129,2001-01-03
US_4513,Stephanie Livingston,StephanieLivingston@gmail.com,9438629358,1981-10-05
US_4514,Anthony Marshall,AnthonyMarshall@gmail.com,8010060562,1992-09-09
US_4515,Matthew Hamilton,MatthewHamilton@gmail.com,8753666917,1992-12-10
US_4516,Heather Hunt,HeatherHunt@gmail.com,9449370361,1990-08-05
US_4517,Timothy Melton,TimothyMelton@gmail.com,8526860783,1997-11-11
US_4518,Harold Lee,HaroldLee@gmail.com,9418309675,1989-08-05
US_4519,Carol Gay,CarolGay@gmail.com,9649682168,1954-06-29
US_4520,Michael Nelson,MichaelNelson@gmail.com,7021251142,1975-03-21
US_4521,Daniel Meyer,DanielMeyer@gmail.com,9745524444,1977-02-18
US_4522,Jamie Lindsey,JamieLindsey@gmail.com,7247963868,1977-03-03
US_4523,Marc Mitchell,MarcMitchell@gmail.com,7942412515,1970-04-05
US_4524,Jose Martinez,JoseMartinez@gmail.com,7266147225,1985-07-24
US_4525,John Gallagher,JohnGallagher@gmail.com,8091527279,1986-03-29
US_4526,Richard Chandler,RichardChandler@gmail.com,9861556316,1965-09-06
US_4527,Andrea Donaldson,AndreaDonaldson@gmail.com,9568555839,1980-12-20
US_4528,Jamie Guerrero,JamieGuerrero@gmail.com,7898472822,1974-08-05
US_4529,Nathan Adams,NathanAdams@gmail.com,7361635770,2003-08-15
US_4530,Thomas Davis,ThomasDavis@gmail.com,8732795380,1958-04-06
US_4531,James Williams,JamesWilliams@gmail.com,7789781754,1983-04-25
US_4532,Troy Lee,TroyLee@gmail.com,9403764657,1961-05-22
US_4533,Jennifer Mckenzie,JenniferMckenzie@gmail.com,7460265872,1980-05-19
US_4534,Joshua Scott,JoshuaScott@gmail.com,9642573469,1967-06-10
US_4535,April Jones,AprilJones@gmail.com,7681852099,1982-08-09
US_4536,Deborah Webb,DeborahWebb@gmail.com,7415901915,1981-03-21
US_4537,John Zavala,JohnZavala@gmail.com,8076029030,1968-12-06
US_4538,Katherine Miller,KatherineMiller@gmail.com,8972353582,1959-06-09
US_4539,Steven Jensen,StevenJensen@gmail.com,7948605566,1995-09-20
US_4540,Sarah Sosa,SarahSosa@gmail.com,8156907006,2007-02-12
US_4541,Justin Small,JustinSmall@gmail.com,8554581401,1999-08-04
US_4542,Erin Ortega,ErinOrtega@gmail.com,7119699679,1957-04-27
US_4543,Mary Conley,MaryConley@gmail.com,8562152631,1973-07-08
US_4544,Melanie Drake,MelanieDrake@gmail.com,7974744428,1998-11-06
US_4545,Danielle Briggs,DanielleBriggs@gmail.com,8886154410,1973-10-14
US_4546,Dillon Case,DillonCase@gmail.com,8107704371,1980-04-08
US_4547,William Esparza,WilliamEsparza@gmail.com,7757602688,1987-11-22
US_4548,Kevin Solis,KevinSolis@gmail.com,9848077365,1980-05-26
US_4549,Roger Peters,RogerPeters@gmail.com,7073967776,1980-07-25
US_4550,Colleen Blanchard,ColleenBlanchard@gmail.com,8093423923,1962-06-08
US_4551,Christian Garcia,ChristianGarcia@gmail.com,7471059318,1992-10-05
US_4552,Heidi Newton,HeidiNewton@gmail.com,8680798587,1972-07-03
US_4553,Gary Miller,GaryMiller@gmail.com,7582717541,1987-12-17
US_4554,John Hebert,JohnHebert@gmail.com,8251084297,1962-08-26
US_4555,Erik Small,ErikSmall@gmail.com,8796367455,1961-02-17
US_4556,Robert Moore,RobertMoore@gmail.com,9806925840,1954-11-26
US_4557,Andre Pace,AndrePace@gmail.com,7540779640,1999-08-02
US_4558,David Koch,DavidKoch@gmail.com,7662761392,2001-02-09
US_4559,Tyler Chapman MD,TylerChapman@gmail.com,7995511685,1964-04-23
US_4560,Donna Bishop,DonnaBishop@gmail.com,9081676487,1968-02-04
US_4561,Christopher Murphy,ChristopherMurphy@gmail.com,9673433945,1982-02-09
US_4562,Bradley Miller,BradleyMiller@gmail.com,8588011620,1977-08-31
US_4563,Alejandra Fernandez,AlejandraFernandez@gmail.com,7548295184,1974-05-13
US_4564,Brandon Cordova PhD,BrandonCordova@gmail.com,9561840269,1958-07-02
US_4565,Wendy Smith,WendySmith@gmail.com,9636418595,1970-02-15
US_4566,Casey Terrell,CaseyTerrell@gmail.com,8536045772,1973-05-20
US_4568,Kenneth Williams,KennethWilliams@gmail.com,8191359083,1964-08-14
US_4569,Erin Williams,ErinWilliams@gmail.com,7983289933,1959-01-29
US_4570,Virginia Mendez,VirginiaMendez@gmail.com,7337613905,1968-10-05
US_4571,Cheryl Jackson,CherylJackson@gmail.com,9325823500,2006-10-23
US_4572,Wyatt Rodriguez,WyattRodriguez@gmail.com,8412296284,2001-05-07
US_4573,Lisa Fox,LisaFox@gmail.com,9927180789,1959-02-12
US_4574,Diane Brown,DianeBrown@gmail.com,7739450641,1989-03-24
US_4575,Debbie Schneider,DebbieSchneider@gmail.com,9883864537,1993-06-10
US_4576,Anne Obrien,AnneObrien@gmail.com,7214491192,1956-11-06
US_4577,Amanda Phelps,AmandaPhelps@gmail.com,7579995302,1999-03-06
US_4578,Melissa Patrick,MelissaPatrick@gmail.com,8306153811,1960-03-28
US_4579,Jordan Carter,JordanCarter@gmail.com,9561180982,2005-02-12
US_4580,Jennifer Roman,JenniferRoman@gmail.com,9743520912,1963-07-20
US_4581,William Parker,WilliamParker@gmail.com,7698201568,1955-08-23
US_4583,Bobby Matthews,BobbyMatthews@gmail.com,7329988318,2002-10-29
US_4584,Brian Cole,BrianCole@gmail.com,7890688880,1965-11-13
US_4585,Benjamin Townsend,BenjaminTownsend@gmail.com,8589042220,1957-12-05
US_4586,Lauren Higgins,LaurenHiggins@gmail.com,9743158593,1967-06-06
US_4587,Bryan Newman,BryanNewman@gmail.com,9446221802,1979-04-24
US_4588,Kristen Matthews,KristenMatthews@gmail.com,8617257485,1956-06-22
US_4589,Christine Kennedy,ChristineKennedy@gmail.com,9887226512,1986-03-29
US_4590,Christopher Lee,ChristopherLee@gmail.com,7844859955,1971-12-11
US_4591,Andre Farrell,AndreFarrell@gmail.com,9253899435,1969-03-25
US_4592,Cody Jimenez,CodyJimenez@gmail.com,9300766980,1954-04-05
US_4593,Jennifer Fletcher,JenniferFletcher@gmail.com,7812880242,1967-07-13
US_4594,Casey Murphy,CaseyMurphy@gmail.com,9704544735,1967-07-29
US_4595,Jennifer Edwards,JenniferEdwards@gmail.com,8850111034,1955-12-25
US_4596,Lacey Graves,LaceyGraves@gmail.com,9803053937,1981-07-08
US_4597,Richard Best,RichardBest@gmail.com,9483073932,1960-04-01
US_4598,John Mcneil,JohnMcneil@gmail.com,7149198088,1991-05-07
US_4599,Stephen Allen,StephenAllen@gmail.com,9183911126,1998-09-25
US_4600,Tina Solomon,TinaSolomon@gmail.com,9993741277,1960-12-27
US_4601,Jennifer Townsend,JenniferTownsend@gmail.com,9699587186,1959-02-19
US_4602,Michelle Mcbride,MichelleMcbride@gmail.com,7276046165,1979-08-12
US_4603,Aaron Webb,AaronWebb@gmail.com,7907275681,2000-07-03
US_4604,Kathryn Clark,KathrynClark@gmail.com,9297184913,1971-08-16
US_4605,Matthew Doyle,MatthewDoyle@gmail.com,9871210205,1978-10-13
US_4606,Kiara Preston,KiaraPreston@gmail.com,9722398225,1960-04-05
US_4607,Lisa Salazar MD,LisaSalazar@gmail.com,9550353888,2002-11-04
US_4608,Rebecca Gibson,RebeccaGibson@gmail.com,9165125301,1962-01-27
US_4609,Kimberly Ryan,KimberlyRyan@gmail.com,8506230108,1968-07-13
US_4610,Amanda Cook,AmandaCook@gmail.com,7316437595,1997-03-14
US_4611,Mark Conner,MarkConner@gmail.com,9028659655,1993-05-08
US_4612,Shawn Hickman,ShawnHickman@gmail.com,7777689667,1984-08-14
US_4613,Lisa Hall,LisaHall@gmail.com,9187575577,1960-05-06
US_4614,Kevin Cole,KevinCole@gmail.com,8531130606,1985-01-30
US_4615,Matthew Williams,MatthewWilliams@gmail.com,9998161874,1971-04-29
US_4616,Tanner King,TannerKing@gmail.com,8413633801,1964-11-30
US_4618,Joann Sanders,JoannSanders@gmail.com,7281660817,1981-11-17
US_4619,Tyler Lang,TylerLang@gmail.com,7472859443,1983-02-19
US_4620,Robert Payne,RobertPayne@gmail.com,7132022685,1974-03-25
US_4621,Jonathan Cisneros,JonathanCisneros@gmail.com,7126229955,1974-10-21
US_4622,Margaret Torres,MargaretTorres@gmail.com,7341914357,1986-11-15
US_4623,Amber Zhang,AmberZhang@gmail.com,7909254242,1993-08-15
US_4624,Matthew Roberts,MatthewRoberts@gmail.com,9998980120,1991-11-25
US_4625,David Hays,DavidHays@gmail.com,7074793918,2002-12-09
US_4626,Erin Gardner,ErinGardner@gmail.com,7890675211,1982-03-24
US_4628,Theresa Smith,TheresaSmith@gmail.com,7249095690,1968-05-04
US_4629,Paul Scott,PaulScott@gmail.com,7603828751,1978-07-13
US_4630,Megan Perry,MeganPerry@gmail.com,7985294206,2000-07-25
US_4631,Christina Martin,ChristinaMartin@gmail.com,7032507706,1981-02-04
US_4632,Timothy Collins,TimothyCollins@gmail.com,8937084961,2000-01-24
US_4633,Kimberly Jones,KimberlyJones@gmail.com,8259865998,2003-09-30
US_4635,Richard Bauer,RichardBauer@gmail.com,7343022656,1993-07-15
US_4636,Traci Wilson,TraciWilson@gmail.com,9939094369,1986-07-19
US_4637,Bryan Miranda,BryanMiranda@gmail.com,9496570727,1957-11-14
US_4638,Julie Martinez,JulieMartinez@gmail.com,8791396870,1978-06-26
US_4639,Diana Miller,DianaMiller@gmail.com,8621675382,1991-07-03
US_4640,Heather Hughes,HeatherHughes@gmail.com,7960573711,2001-12-01
US_4641,Tony Swanson,TonySwanson@gmail.com,7752554209,2006-07-19
US_4642,Lisa Montes,LisaMontes@gmail.com,8126623529,1967-03-07
US_4643,Wendy Martin,WendyMartin@gmail.com,9308718288,1997-05-18
US_4644,Joseph Norris,JosephNorris@gmail.com,8667418336,1999-10-31
US_4645,William Todd,WilliamTodd@gmail.com,7192461695,1960-04-19
US_4646,Gerald Price,GeraldPrice@gmail.com,7685175342,2005-07-21
US_4647,Ashley Hunt,AshleyHunt@gmail.com,9043570924,1972-01-20
US_4648,Christy Lee,ChristyLee@gmail.com,7677174788,2003-06-02
US_4649,Patricia Adkins,PatriciaAdkins@gmail.com,8122786687,1967-06-30
US_4650,Willie Perez,WilliePerez@gmail.com,7183939069,1955-09-29
US_4651,Susan Snyder,SusanSnyder@gmail.com,7432581879,1961-08-15
US_4652,Jasmine Day,JasmineDay@gmail.com,9997266408,1981-07-06
US_4653,Andrew Chavez,AndrewChavez@gmail.com,7208074344,1998-10-28
US_4654,Henry Huerta,HenryHuerta@gmail.com,8501206744,1996-03-29
US_4655,Mariah Perry,MariahPerry@gmail.com,9050425455,1991-07-20
US_4656,Tracy Atkins,TracyAtkins@gmail.com,7836027274,1974-07-18
US_4657,Ryan Wheeler,RyanWheeler@gmail.com,9944284154,1957-10-28
US_4658,Audrey Taylor,AudreyTaylor@gmail.com,8829123050,2004-03-29
US_4659,Zachary Swanson MD,ZacharySwanson@gmail.com,7690332943,1987-09-13
US_4660,Amanda Conley,AmandaConley@gmail.com,8797758184,2006-12-04
US_4661,Eric Short,EricShort@gmail.com,7412647984,1980-04-18
US_4664,James Hernandez,JamesHernandez@gmail.com,9714492765,1988-06-02
US_4665,Jason Jones,JasonJones@gmail.com,9537829725,1998-02-12
US_4666,Angela Parker,AngelaParker@gmail.com,7226868214,1984-08-03
US_4667,Alexander Zavala,AlexanderZavala@gmail.com,8131121356,1975-06-19
US_4668,Michael Kane,MichaelKane@gmail.com,7595514425,1959-06-14
US_4669,Lindsey York,LindseyYork@gmail.com,9879330464,1974-08-08
US_4670,Brandon Baker,BrandonBaker@gmail.com,8869656061,1996-12-18
US_4671,Stephen White,StephenWhite@gmail.com,9861627127,1954-11-02
US_4672,Robert Hall,RobertHall@gmail.com,9051104140,1988-08-19
US_4673,Ryan Pierce,RyanPierce@gmail.com,9211120709,1973-07-06
US_4674,Shannon Cain,ShannonCain@gmail.com,7698031763,1954-09-14
US_4675,Laura Vaughn,LauraVaughn@gmail.com,7992090608,1954-04-23
US_4676,Juan Evans,JuanEvans@gmail.com,7962004398,2000-10-14
US_4678,Jennifer Barrett,JenniferBarrett@gmail.com,9487196053,1975-12-26
US_4680,Leah Rodriguez,LeahRodriguez@gmail.com,9486014732,1956-10-11
US_4681,John Ward,JohnWard@gmail.com,7515965985,1984-08-07
US_4682,Deborah Garza,DeborahGarza@gmail.com,9796267158,1959-10-06
US_4683,Rebecca Miller,RebeccaMiller@gmail.com,8265530313,1964-03-02
US_4684,Matthew Carroll,MatthewCarroll@gmail.com,7155346643,1960-11-23
US_4685,Lynn Smith,LynnSmith@gmail.com,9215503683,2004-07-20
US_4686,Michael Jackson,MichaelJackson@gmail.com,9731866292,2005-09-19
US_4687,Sharon Hicks,SharonHicks@gmail.com,9126154589,1971-12-22
US_4688,Abigail Mills MD,AbigailMills@gmail.com,9292407235,1979-08-27
US_4689,Paula Lopez,PaulaLopez@gmail.com,7270780829,1990-06-05
US_4690,Amy Clark,AmyClark@gmail.com,8330034532,1966-10-06
US_4691,Cheryl Rose,CherylRose@gmail.com,9839984451,1982-09-24
US_4692,Jared Garza,JaredGarza@gmail.com,8443293390,1962-09-02
US_4693,Donna Wright,DonnaWright@gmail.com,7443293752,1966-09-19
US_4694,Belinda Fisher,BelindaFisher@gmail.com,7007453252,2005-07-17
US_4695,Kathleen Levine,KathleenLevine@gmail.com,8097970773,1966-11-03
US_4696,Corey King,CoreyKing@gmail.com,7247775008,1994-04-11
US_4699,Zachary Mcgee,ZacharyMcgee@gmail.com,9617167377,1988-05-21
US_4700,Melinda Anderson,MelindaAnderson@gmail.com,8588572390,1954-04-18
US_4701,Tyler Andrews,TylerAndrews@gmail.com,9971973633,1965-06-22
US_4702,Michelle Greer,MichelleGreer@gmail.com,8848251735,1998-03-30
US_4703,Brian Clark,BrianClark@gmail.com,8990210636,1987-10-07
US_4704,Nathaniel Floyd,NathanielFloyd@gmail.com,7717976049,1989-10-12
US_4705,Erika Jenkins,ErikaJenkins@gmail.com,7216421968,1971-07-04
US_4706,Melanie Ramos,MelanieRamos@gmail.com,9727284817,2006-10-12
US_4708,Sergio Hodge,SergioHodge@gmail.com,8463998024,1982-07-25
US_4709,Katherine Avery,KatherineAvery@gmail.com,9806528603,1982-01-17
US_4710,David Hamilton,DavidHamilton@gmail.com,7508415249,1996-01-17
US_4711,Richard Bass,RichardBass@gmail.com,8033283792,1969-07-29
US_4712,Kelly Harris,KellyHarris@gmail.com,7052447865,1990-11-26
US_4713,Dustin Campbell,DustinCampbell@gmail.com,7766093725,1992-06-15
US_4714,Randy Kennedy,RandyKennedy@gmail.com,7073613906,1964-03-10
US_4715,Ana Gibson,AnaGibson@gmail.com,9769996681,1963-05-15
US_4716,Danny Harris,DannyHarris@gmail.com,7415705654,2000-01-20
US_4717,Sara Stuart,SaraStuart@gmail.com,7644827211,1990-06-02
US_4718,John Kim,JohnKim@gmail.com,7872380403,1982-08-16
US_4719,Richard Brewer,RichardBrewer@gmail.com,8532513390,1971-01-09
US_4720,William Arnold,WilliamArnold@gmail.com,9868436373,1982-12-06
US_4721,Brianna Adams,BriannaAdams@gmail.com,8748551841,1970-01-06
US_4722,David Garcia,DavidGarcia@gmail.com,7756429550,1988-11-02
US_4723,Kelli Collins,KelliCollins@gmail.com,7199765326,1995-06-10
US_4724,Arthur Krueger,ArthurKrueger@gmail.com,8331017007,1959-12-17
US_4725,Steven King,StevenKing@gmail.com,7185855406,1994-06-27
US_4726,Tyler Velazquez,TylerVelazquez@gmail.com,8601340497,1985-09-20
US_4727,Laura Middleton,LauraMiddleton@gmail.com,8364700513,1971-11-09
US_4728,Lori Madden,LoriMadden@gmail.com,9442073817,1965-10-09
US_4729,Tyler Murphy,TylerMurphy@gmail.com,8167494709,1954-07-20
US_4730,Kristen Bradley,KristenBradley@gmail.com,8526411964,1972-10-22
US_4731,Corey Rodriguez,CoreyRodriguez@gmail.com,7770225666,1979-03-10
US_4732,Phillip King,PhillipKing@gmail.com,7551659573,1992-07-07
US_4733,Laurie Fuller,LaurieFuller@gmail.com,9760116165,1980-04-05
US_4734,Toni Cunningham,ToniCunningham@gmail.com,9236142289,1963-01-07
US_4735,James Weber,JamesWeber@gmail.com,9324047087,2003-12-26
US_4736,Erika Hodge,ErikaHodge@gmail.com,8986875628,1962-08-09
US_4737,Peter Patel,PeterPatel@gmail.com,9121325013,2006-03-20
US_4738,Jeffrey Hart DDS,JeffreyHart@gmail.com,8370212512,1957-03-05
US_4739,Steven Hall,StevenHall@gmail.com,7461385229,1976-01-15
US_4740,Christine Gutierrez,ChristineGutierrez@gmail.com,7313961665,1995-05-16
US_4741,Angel Becker DVM,AngelBecker@gmail.com,7114208970,1987-09-08
US_4742,Chad Rojas,ChadRojas@gmail.com,7236480153,1968-02-08
US_4743,Brent Scott,BrentScott@gmail.com,9408666033,1964-10-27
US_4744,Jennifer Esparza,JenniferEsparza@gmail.com,7607910557,1990-12-16
US_4745,Stacy Orozco,StacyOrozco@gmail.com,7255200625,1991-10-01
US_4746,Thomas Carr,ThomasCarr@gmail.com,8449855111,1997-04-06
US_4747,David George,DavidGeorge@gmail.com,7270498525,1968-03-09
US_4748,Teresa Allen,TeresaAllen@gmail.com,9138227713,1978-03-01
US_4749,Donald Jackson,DonaldJackson@gmail.com,8044102734,2007-02-22
US_4750,Monica Howe,MonicaHowe@gmail.com,9247667673,1956-08-18
US_4751,Willie Flynn PhD,WillieFlynn@gmail.com,7789885289,1993-10-05
US_4752,Jonathan Perez,JonathanPerez@gmail.com,9234884297,2007-02-19
US_4753,April Horton,AprilHorton@gmail.com,9620161561,1990-02-07
US_4754,Nicole Hawkins,NicoleHawkins@gmail.com,7465647075,1998-09-30
US_4755,Patrick Hooper,PatrickHooper@gmail.com,7392994230,1994-02-01
US_4756,Mary Lee,MaryLee@gmail.com,7606004330,1965-11-16
US_4757,Cynthia Williams,CynthiaWilliams@gmail.com,9296095479,1994-05-30
US_4758,Ronald Gonzalez,RonaldGonzalez@gmail.com,7420209117,1989-01-10
US_4759,Antonio Cole,AntonioCole@gmail.com,9452587463,1990-03-11
US_4760,Amanda Swanson,AmandaSwanson@gmail.com,8272200439,1962-04-06
US_4761,Holly Sherman,HollySherman@gmail.com,9033844853,2005-04-13
US_4762,Sandy Reynolds,SandyReynolds@gmail.com,7556462320,2002-05-04
US_4763,Sandra Moore,SandraMoore@gmail.com,9330332451,1957-10-05
US_4765,Ryan Fisher,RyanFisher@gmail.com,9203257996,1955-03-05
US_4767,Jeffrey Lyons,JeffreyLyons@gmail.com,8263308286,1996-05-07
US_4768,Miguel Reeves,MiguelReeves@gmail.com,7363419032,1966-04-08
US_4769,Kiara Santana,KiaraSantana@gmail.com,8110961749,1954-10-24
US_4770,Tonya Richards,TonyaRichards@gmail.com,7889848592,2003-10-01
US_4771,Jesse Poole,JessePoole@gmail.com,9736552584,2001-06-19
US_4772,Mary Lewis,MaryLewis@gmail.com,8995974864,1988-12-11
US_4773,Christopher Copeland,ChristopherCopeland@gmail.com,9948177908,1992-08-11
US_4774,Ethan Obrien,EthanObrien@gmail.com,9985617043,2001-11-14
US_4775,Rebecca Houston,RebeccaHouston@gmail.com,7644219552,1999-02-15
US_4776,Edward Barton,EdwardBarton@gmail.com,7590628363,1993-02-10
US_4777,Brandon Perkins,BrandonPerkins@gmail.com,8209458323,1968-09-16
US_4778,Beth Brown,BethBrown@gmail.com,7802983789,1959-09-17
US_4779,Kim Vincent,KimVincent@gmail.com,9837747738,2001-10-27
US_4781,Ruth Brown,RuthBrown@gmail.com,9414168991,1954-06-08
US_4782,Shawn Lindsey,ShawnLindsey@gmail.com,7165403815,1958-03-26
US_4783,Anthony Garrison,AnthonyGarrison@gmail.com,8826236942,1959-05-09
US_4784,Angela Ryan,AngelaRyan@gmail.com,8229478557,1977-12-05
US_4786,Joshua Clayton,JoshuaClayton@gmail.com,8137269548,1970-12-15
US_4787,John Massey,JohnMassey@gmail.com,9397585004,1974-04-26
US_4788,Richard Hale,RichardHale@gmail.com,8343293351,1966-01-15
US_4789,Charles Ramos,CharlesRamos@gmail.com,9111874348,2004-08-16
US_4790,Mark Miller,MarkMiller@gmail.com,7411004077,1963-03-19
US_4791,Julia Maldonado,JuliaMaldonado@gmail.com,7485257866,1977-11-11
US_4792,Gail Johnson MD,GailJohnson@gmail.com,9542907727,2004-03-04
US_4793,Maurice Johnson,MauriceJohnson@gmail.com,8088151734,1973-04-07
US_4794,Amanda Morris,AmandaMorris@gmail.com,7492182933,1995-06-02
US_4795,Rhonda Willis,RhondaWillis@gmail.com,9625104776,2005-10-09
US_4796,Connor Benton,ConnorBenton@gmail.com,7684432879,1965-10-04
US_4797,Richard Ryan,RichardRyan@gmail.com,7139416356,1964-05-18
US_4798,Richard Goodman,RichardGoodman@gmail.com,9417382448,1965-03-02
US_4799,Michelle Mcneil,MichelleMcneil@gmail.com,9421825584,1992-02-01
US_4800,Michael Norton,MichaelNorton@gmail.com,7851739484,2000-06-01
US_4801,Donna Carter,DonnaCarter@gmail.com,8901376415,1995-05-11
US_4802,Joshua Hernandez,JoshuaHernandez@gmail.com,9872626547,1977-10-28
US_4803,Kimberly Mitchell,KimberlyMitchell@gmail.com,7672176581,1983-09-26
US_4805,Donna Howell,DonnaHowell@gmail.com,9788400599,1996-11-04
US_4807,Alexander Greene,AlexanderGreene@gmail.com,8939073707,1957-04-25
US_4808,Dean Sanchez,DeanSanchez@gmail.com,9118603542,1986-11-06
US_4809,Glenn Ward,GlennWard@gmail.com,8478220062,1985-08-13
US_4810,Kendra Sullivan,KendraSullivan@gmail.com,9140267980,1977-06-18
US_4811,Cynthia Hernandez,CynthiaHernandez@gmail.com,7971216550,1977-07-17
US_4812,Darren Morris,DarrenMorris@gmail.com,8486846404,1996-12-25
US_4813,Holly Underwood,HollyUnderwood@gmail.com,7711228414,1989-01-18
US_4814,Jaime Williams,JaimeWilliams@gmail.com,7689939757,1986-06-25
US_4815,Lori Brown,LoriBrown@gmail.com,8739149710,1970-07-05
US_4816,Jason Chase,JasonChase@gmail.com,9938306445,1972-06-18
US_4817,Lisa Buchanan,LisaBuchanan@gmail.com,7955188752,1963-07-15
US_4818,Marcus Fields,MarcusFields@gmail.com,7251237985,1963-08-09
US_4819,Tammy Lopez,TammyLopez@gmail.com,8212329839,1993-05-29
US_4820,Derek Williams,DerekWilliams@gmail.com,9674746334,1998-06-18
US_4821,James Davenport,JamesDavenport@gmail.com,7709278558,2005-01-23
US_4822,Justin Moreno,JustinMoreno@gmail.com,7404326663,1971-10-22
US_4823,Mario Green,MarioGreen@gmail.com,9035914385,2003-11-23
US_4824,Cassandra Fry,CassandraFry@gmail.com,8639647037,1979-11-09
US_4825,Dr. Jose Gray DDS,Dr.Jose@gmail.com,8615309474,1988-09-30
US_4826,Amy Adams,AmyAdams@gmail.com,9598508079,1958-12-15
US_4827,Austin Horton,AustinHorton@gmail.com,8551662724,1986-01-16
US_4828,Elizabeth Jackson,ElizabethJackson@gmail.com,9853442974,1987-08-31
US_4829,Maureen Cross,MaureenCross@gmail.com,9837944503,1960-07-29
US_4830,Christopher Sanchez,ChristopherSanchez@gmail.com,9571400496,2000-01-13
US_4831,Mitchell Richardson,MitchellRichardson@gmail.com,9521438075,1984-06-14
US_4832,Kelsey Lewis,KelseyLewis@gmail.com,8601605065,1978-11-17
US_4834,Samantha Carter,SamanthaCarter@gmail.com,8168276478,1962-11-29
US_4835,Mrs. Heather Christensen,Mrs.Heather@gmail.com,7878434959,1993-07-23
US_4836,Sharon Williams,SharonWilliams@gmail.com,9248667550,1964-11-16
US_4837,Daryl Lowe,DarylLowe@gmail.com,7443202369,1955-03-20
US_4838,Michael Carter,MichaelCarter@gmail.com,9484920557,1960-01-05
US_4839,Susan Johnson,SusanJohnson@gmail.com,8682106695,1976-10-28
US_4840,James Jenkins,JamesJenkins@gmail.com,9409791660,1974-08-12
US_4841,Dylan Johnston,DylanJohnston@gmail.com,7483160294,1992-06-23
US_4842,Kathy Hull,KathyHull@gmail.com,8715639344,2006-12-30
US_4843,Monica Richardson,MonicaRichardson@gmail.com,9660745054,1979-04-10
US_4844,Kathryn White,KathrynWhite@gmail.com,7067276433,1985-09-22
US_4845,Mrs. Valerie Owens,Mrs.Valerie@gmail.com,8461168160,1963-05-06
US_4846,Amy Watts,AmyWatts@gmail.com,7975802167,1961-12-18
US_4848,Cynthia Hendricks,CynthiaHendricks@gmail.com,7904340734,1992-01-12
US_4849,Phillip Kelly,PhillipKelly@gmail.com,9849927212,2005-12-21
US_4850,Deanna Edwards,DeannaEdwards@gmail.com,8252843606,1961-07-17
US_4851,Jennifer Walker,JenniferWalker@gmail.com,9779132382,1972-09-26
US_4852,Brian Davis,BrianDavis@gmail.com,9162805370,1969-08-21
US_4853,Kelsey Griffith,KelseyGriffith@gmail.com,9767940741,1998-09-02
US_4854,Kimberly Obrien,KimberlyObrien@gmail.com,7757747421,1954-03-02
US_4855,Kevin Mccoy,KevinMccoy@gmail.com,7011358880,1973-06-02
US_4856,Daniel Sullivan,DanielSullivan@gmail.com,8375465759,1983-10-15
US_4857,Darius Khan,DariusKhan@gmail.com,9779223123,1967-06-10
US_4858,Miranda Huber,MirandaHuber@gmail.com,7114337906,1960-03-10
US_4859,Lisa Wagner,LisaWagner@gmail.com,9377613848,1985-05-24
US_4860,Erin Price,ErinPrice@gmail.com,9344464857,1990-01-13
US_4861,Jonathan Russell,JonathanRussell@gmail.com,9842066170,1988-10-23
US_4862,Sharon Snow,SharonSnow@gmail.com,7401517134,1968-11-10
US_4863,Cody Hoover,CodyHoover@gmail.com,7273472940,1981-02-17
US_4864,Alyssa Rodriguez PhD,AlyssaRodriguez@gmail.com,7140511843,1981-10-30
US_4865,Carl Harper,CarlHarper@gmail.com,8118625343,1984-12-17
US_4868,William Wilson,WilliamWilson@gmail.com,9227449076,1985-09-30
US_4870,Cindy Richardson,CindyRichardson@gmail.com,8571601448,1995-03-10
US_4871,Brandi Brown,BrandiBrown@gmail.com,7050004548,1988-10-18
US_4872,Benjamin Martinez,BenjaminMartinez@gmail.com,8644015848,1996-11-30
US_4873,Patricia Mitchell,PatriciaMitchell@gmail.com,8586659126,1997-06-08
US_4874,Courtney Sanders,CourtneySanders@gmail.com,7204778193,1983-11-05
US_4875,Ryan Willis,RyanWillis@gmail.com,7954595268,1969-12-06
US_4877,Teresa Obrien,TeresaObrien@gmail.com,7666552209,1966-03-19
US_4878,Angel Hayes,AngelHayes@gmail.com,7172411980,1960-01-08
US_4879,Jason Davis,JasonDavis@gmail.com,9290663734,1972-08-10
US_4880,Melissa Mathews,MelissaMathews@gmail.com,7713368605,1984-10-19
US_4881,Joseph Russell,JosephRussell@gmail.com,8064263987,1985-12-20
US_4882,Sandra Mccoy,SandraMccoy@gmail.com,9955522396,1966-09-09
US_4883,Gail Vasquez,GailVasquez@gmail.com,9291104584,1958-05-19
US_4884,Jeffrey Gibbs,JeffreyGibbs@gmail.com,8678671819,1984-07-03
US_4887,Corey Mooney,CoreyMooney@gmail.com,9512757158,1987-12-23
US_4888,Christina Myers,ChristinaMyers@gmail.com,9655328787,1999-04-23
US_4889,Anita Pitts,AnitaPitts@gmail.com,8164921378,1969-11-17
US_4890,Christian Bryant,ChristianBryant@gmail.com,9456085208,1962-07-17
US_4892,Daniel Merritt,DanielMerritt@gmail.com,8192156871,1995-07-10
US_4893,Robert Hicks,RobertHicks@gmail.com,8038832002,1988-08-25
US_4894,Kenneth Washington,KennethWashington@gmail.com,8123505372,1998-08-05
US_4895,Jessica Hoffman,JessicaHoffman@gmail.com,7645781776,1981-01-26
US_4896,Lisa Riggs,LisaRiggs@gmail.com,8249969113,1975-12-19
US_4897,Donna Mccarty,DonnaMccarty@gmail.com,8597652808,1990-03-25
US_4898,Eric Spencer,EricSpencer@gmail.com,7670797109,1989-12-18
US_4899,Victoria Deleon,VictoriaDeleon@gmail.com,7255920197,1970-07-06
US_4900,David Roy,DavidRoy@gmail.com,7708493272,1955-06-30
US_4901,Nancy Rice,NancyRice@gmail.com,8323729572,1985-08-25
US_4902,Daniel Brewer,DanielBrewer@gmail.com,9881857999,1986-03-03
US_4903,Becky Garcia,BeckyGarcia@gmail.com,9230004524,1972-08-11
US_4905,Katie Kaiser,KatieKaiser@gmail.com,7097410366,1982-06-07
US_4906,Amy Roberts,AmyRoberts@gmail.com,7300724448,1987-03-04
US_4907,Taylor Espinoza,TaylorEspinoza@gmail.com,7060914151,1977-08-05
US_4908,David Aguirre,DavidAguirre@gmail.com,9604928831,1990-07-04
US_4909,Kyle Armstrong,KyleArmstrong@gmail.com,7029712543,1959-06-02
US_4910,Jennifer Weber,JenniferWeber@gmail.com,9261466625,1983-12-10
US_4911,Sheila Douglas,SheilaDouglas@gmail.com,9591770512,1993-09-09
US_4912,Maria Malone,MariaMalone@gmail.com,9592574657,1993-07-11
US_4913,Megan Juarez,MeganJuarez@gmail.com,7223616984,1988-01-08
US_4914,Ann Boyd,AnnBoyd@gmail.com,8872155998,1963-12-12
US_4915,Richard Riley,RichardRiley@gmail.com,9964830952,1966-01-24
US_4916,Laura Thomas,LauraThomas@gmail.com,9736342824,2006-09-30
US_4917,Elizabeth Barton,ElizabethBarton@gmail.com,8707319707,1975-07-04
US_4918,Laura Sparks,LauraSparks@gmail.com,8200792664,2000-09-10
US_4919,Tiffany Zamora,TiffanyZamora@gmail.com,8892878018,2001-08-25
US_4920,Ryan Roman,RyanRoman@gmail.com,7819983598,1962-12-12
US_4921,Richard Parsons,RichardParsons@gmail.com,9119645948,1998-10-04
US_4922,Justin Yu,JustinYu@gmail.com,7886989820,1968-07-05
US_4923,Marcus Johnson,MarcusJohnson@gmail.com,7539357093,1960-02-14
US_4924,Brittney Bowman,BrittneyBowman@gmail.com,7721841003,2006-01-16
US_4925,Jason Snow,JasonSnow@gmail.com,7767996388,2001-10-28
US_4926,Carrie Lewis,CarrieLewis@gmail.com,7279371414,1978-10-10
US_4927,Wendy Perez,WendyPerez@gmail.com,8432074363,1971-01-30
US_4928,Erika Bates,ErikaBates@gmail.com,8460544458,1964-06-09
US_4929,Marie Roach,MarieRoach@gmail.com,8162656402,1956-05-24
US_4930,Mary Hoffman,MaryHoffman@gmail.com,7776558504,1959-06-19
US_4931,Robert Mitchell,RobertMitchell@gmail.com,9415616885,1992-07-26
US_4933,Vicki Barrera,VickiBarrera@gmail.com,8412212801,1980-08-04
US_4934,Jessica Johnson,JessicaJohnson@gmail.com,9954846704,1968-02-14
US_4935,Rachel Sullivan,RachelSullivan@gmail.com,8128197861,1988-03-19
US_4937,Anna Pierce,AnnaPierce@gmail.com,8273127998,1996-07-19
US_4938,Haley Mccoy,HaleyMccoy@gmail.com,7861860878,1990-09-21
US_4939,Claire Hoffman,ClaireHoffman@gmail.com,8407052386,1978-08-01
US_4940,Annette Rivas,AnnetteRivas@gmail.com,7693872756,1991-05-05
US_4941,Pamela Aguirre,PamelaAguirre@gmail.com,8576819762,1988-01-29
US_4942,George Bradshaw,GeorgeBradshaw@gmail.com,9947329839,2006-05-20
US_4943,Ryan Waters,RyanWaters@gmail.com,7199498004,1993-11-19
US_4944,Chase Matthews,ChaseMatthews@gmail.com,9119324614,1996-06-03
US_4945,Sarah Nelson,SarahNelson@gmail.com,7685899100,1976-12-29
US_4946,Sarah Wall,SarahWall@gmail.com,8117183456,1971-11-13
US_4947,Paul Smith,PaulSmith@gmail.com,7575769497,1973-04-23
US_4948,Kayla Burke,KaylaBurke@gmail.com,7215329320,1969-09-12
US_4949,Jean Murillo,JeanMurillo@gmail.com,7079042711,1959-09-19
US_4950,William Hughes,WilliamHughes@gmail.com,9854673957,1992-05-20
US_4951,Brad Lee,BradLee@gmail.com,7353279933,1968-12-06
US_4952,Samantha Morrow,SamanthaMorrow@gmail.com,8453919920,1956-04-02
US_4953,Tony Brooks,TonyBrooks@gmail.com,9841200106,2003-03-30
US_4954,Matthew Miller,MatthewMiller@gmail.com,8152261994,1968-12-25
US_4955,Angel Rojas,AngelRojas@gmail.com,9529557461,1978-02-07
US_4956,Jason Thompson,JasonThompson@gmail.com,7461811740,1960-08-24
US_4957,Christina Aguilar,ChristinaAguilar@gmail.com,7818304382,1971-11-28
US_4958,Jason Thomas,JasonThomas@gmail.com,8894019196,1999-10-31
US_4959,Connie Ramirez,ConnieRamirez@gmail.com,8854988617,1964-09-26
US_4960,Jon Ramos,JonRamos@gmail.com,7452398000,2002-11-03
US_4961,Christopher Klein,ChristopherKlein@gmail.com,7892506260,2002-11-07
US_4962,Charles Powell,CharlesPowell@gmail.com,8543190306,1984-06-15
US_4963,Megan Carlson,MeganCarlson@gmail.com,9118077267,1960-09-06
US_4964,Justin Davis,JustinDavis@gmail.com,7979735449,1982-08-16
US_4965,Molly Mckenzie,MollyMckenzie@gmail.com,9592100883,1990-07-30
US_4966,Tammy Hendrix,TammyHendrix@gmail.com,9843309278,1976-06-11
US_4967,Tara Jones,TaraJones@gmail.com,9102739696,1995-01-02
US_4968,Alison Zuniga,AlisonZuniga@gmail.com,9379999512,1991-02-02
US_4969,Deborah Waller,DeborahWaller@gmail.com,7688073759,1973-10-12
US_4970,Jesse Davis,JesseDavis@gmail.com,7076397951,1966-07-30
US_4971,Timothy Howard,TimothyHoward@gmail.com,9265780808,1954-08-15
US_4972,Christina Moon,ChristinaMoon@gmail.com,8857801782,1995-05-04
US_4973,John Ho,JohnHo@gmail.com,9889249334,1987-04-24
US_4974,Daniel Ferrell,DanielFerrell@gmail.com,9064613221,1966-06-09
US_4975,Megan Miller,MeganMiller@gmail.com,9479060753,1974-07-28
US_4976,James Robinson,JamesRobinson@gmail.com,9664867826,1965-05-31
US_4977,Roger Petty,RogerPetty@gmail.com,9886058197,1994-02-11
US_4978,John Payne,JohnPayne@gmail.com,8146128128,1961-05-30
US_4979,Jamie Lee,JamieLee@gmail.com,7340897583,1981-07-29
US_4980,Steven Gardner,StevenGardner@gmail.com,8079087724,1996-09-07
US_4981,Kevin Barber,KevinBarber@gmail.com,9443303872,1999-11-27
US_4983,Elizabeth Williams,ElizabethWilliams@gmail.com,9735035180,1986-01-31
US_4984,Jessica Mitchell,JessicaMitchell@gmail.com,8321706652,1992-12-26
US_4985,Jesse Fleming,JesseFleming@gmail.com,7369383262,1978-11-13
US_4987,Susan Figueroa,SusanFigueroa@gmail.com,8348929598,1983-01-02
US_4989,Sherry Shannon,SherryShannon@gmail.com,8261611221,1964-12-05
US_4991,Joseph Beltran,JosephBeltran@gmail.com,9378543895,1986-10-13
US_4992,Joshua Navarro,JoshuaNavarro@gmail.com,7964738608,1961-12-15
US_4993,Nicholas Obrien II,NicholasObrien@gmail.com,9955013649,1963-12-06
US_4994,Ronald Baxter,RonaldBaxter@gmail.com,9939971293,1987-11-30
US_4995,Sherri Charles,SherriCharles@gmail.com,7343009839,1971-07-18
US_4996,Michael Flores,MichaelFlores@gmail.com,7741028214,2006-11-18
US_4997,Darryl Christensen,DarrylChristensen@gmail.com,9297483635,1986-06-01
US_4998,Allison Floyd,AllisonFloyd@gmail.com,9171712167,2000-11-13
US_4999,Michelle Patterson,MichellePatterson@gmail.com,9892937198,1971-10-13
US_5000,Wendy Chavez,WendyChavez@gmail.com,7409813599,1962-08-04
US_5001,Jennifer Hurley,JenniferHurley@gmail.com,9576322492,1974-12-25
US_5002,Jared Chan,JaredChan@gmail.com,8196884663,2000-04-28
US_5003,Ricky Diaz,RickyDiaz@gmail.com,8607736062,1994-05-28
US_5004,Joshua Miller,JoshuaMiller@gmail.com,7974878948,1988-10-23
US_5005,Catherine Soto,CatherineSoto@gmail.com,7789170956,1954-10-19
US_5006,Christopher Gay,ChristopherGay@gmail.com,8962531731,1994-12-19
US_5007,Mary Smith,MarySmith@gmail.com,7454510625,2000-11-20
US_5008,William Giles,WilliamGiles@gmail.com,8466737161,2005-07-11
US_5010,Matthew Giles,MatthewGiles@gmail.com,7870735981,1969-12-24
US_5011,Kenneth Murphy,KennethMurphy@gmail.com,9506193033,1988-10-19
US_5012,Jesus Wheeler,JesusWheeler@gmail.com,7682617287,1968-03-16
US_5013,Kevin Barton,KevinBarton@gmail.com,8065526361,1984-03-19
US_5014,Jeffrey Lynch,JeffreyLynch@gmail.com,8683753390,1974-02-10
US_5015,Joshua Smith,JoshuaSmith@gmail.com,9220653120,1996-09-13
US_5016,Steven Johnson,StevenJohnson@gmail.com,7099800551,1988-07-09
US_5017,Andrew Jacobs,AndrewJacobs@gmail.com,9995290572,1976-12-27
US_5018,Mary Daniels,MaryDaniels@gmail.com,7603261857,1965-10-06
US_5019,Linda Holt,LindaHolt@gmail.com,9504883425,1954-04-30
US_5020,Dorothy Anderson,DorothyAnderson@gmail.com,9114653839,1973-09-17
US_5021,Gail Moss,GailMoss@gmail.com,8552321498,1967-03-23
US_5022,Lori Holland,LoriHolland@gmail.com,7795290274,2005-05-21
US_5023,Jesse Gardner,JesseGardner@gmail.com,8950946222,2007-02-02
US_5024,Robert Durham,RobertDurham@gmail.com,8863086858,2004-05-20
US_5025,Jessica Kelly,JessicaKelly@gmail.com,9183086084,1987-08-01
US_5026,Steven Morales,StevenMorales@gmail.com,9868510006,1997-05-18
US_5027,Craig Hammond,CraigHammond@gmail.com,8210465394,1996-01-10
US_5028,Allison Gilbert,AllisonGilbert@gmail.com,9244937591,1961-11-14
US_5029,Richard Stuart,RichardStuart@gmail.com,7097307498,2004-07-02
US_5030,Mark Mcpherson,MarkMcpherson@gmail.com,7412527563,1995-10-09
US_5031,Joseph Cruz Jr.,JosephCruz@gmail.com,8870637681,1981-06-25
US_5032,Suzanne Wagner,SuzanneWagner@gmail.com,8193220651,2005-12-30
US_5033,Brittany Flowers,BrittanyFlowers@gmail.com,7280953839,1957-05-23
US_5034,Kenneth Snyder,KennethSnyder@gmail.com,7222623367,1959-11-03
US_5035,Rachel Patel,RachelPatel@gmail.com,7305753965,2000-02-05
US_5036,April Schneider,AprilSchneider@gmail.com,8955372538,1980-11-20
US_5037,Rebecca Wood,RebeccaWood@gmail.com,8519858810,1998-11-08
US_5038,Sonya Alvarado,SonyaAlvarado@gmail.com,8332441339,1979-04-01
US_5039,Nicole Price,NicolePrice@gmail.com,7825100265,1990-02-23
US_5040,Evelyn Bryant,EvelynBryant@gmail.com,7666006815,1977-10-24
US_5042,Casey Francis,CaseyFrancis@gmail.com,7809147973,1995-03-21
US_5044,Julia Long,JuliaLong@gmail.com,9772128713,1954-05-30
US_5045,Ronald Carr,RonaldCarr@gmail.com,8197043113,1998-12-21
US_5046,David Lynn,DavidLynn@gmail.com,9638346531,1965-11-10
US_5047,Nancy Bradford,NancyBradford@gmail.com,7074625034,1971-10-08
US_5048,Sandra Walker,SandraWalker@gmail.com,8685847559,1964-02-29
US_5049,Kimberly Valenzuela,KimberlyValenzuela@gmail.com,8286979839,1964-01-28
US_5050,Ashley Sullivan,AshleySullivan@gmail.com,7835477188,1954-04-03
US_5051,Michael Moon,MichaelMoon@gmail.com,9844667307,1969-07-19
US_5052,Philip Bowen,PhilipBowen@gmail.com,9052156907,1971-09-28
US_5053,Cassandra Landry,CassandraLandry@gmail.com,8804646195,1954-10-01
US_5054,Wayne Jackson,WayneJackson@gmail.com,9565404620,2003-04-17
US_5055,Connie Neal,ConnieNeal@gmail.com,9345277456,1966-08-06
US_5056,Lawrence Parks,LawrenceParks@gmail.com,8813017949,1954-06-27
US_5057,Scott Ayers,ScottAyers@gmail.com,8471182993,1967-07-30
US_5058,Michael Wood,MichaelWood@gmail.com,9765123323,1975-08-27
US_5059,Matthew Stone,MatthewStone@gmail.com,7864120309,1967-08-30
US_5060,Tiffany Hansen,TiffanyHansen@gmail.com,8002638496,1968-06-21
US_5061,Frank Freeman,FrankFreeman@gmail.com,7710218771,1987-03-03
US_5062,Samantha Walker,SamanthaWalker@gmail.com,8971353834,1999-07-08
US_5063,Mark Wilson,MarkWilson@gmail.com,7490975707,1973-01-13
US_5064,Kayla Ray,KaylaRay@gmail.com,7438427523,1985-10-13
US_5065,Ashley Olson,AshleyOlson@gmail.com,9486618353,1958-06-30
US_5067,Debra Johnson,DebraJohnson@gmail.com,9338588356,1978-05-07
US_5069,Jesse Murphy,JesseMurphy@gmail.com,7755935238,1958-01-23
US_5070,Brian Daniel,BrianDaniel@gmail.com,8092901880,1979-04-21
US_5071,Stephen Roth,StephenRoth@gmail.com,9496883136,1983-08-05
US_5072,Ryan Warren,RyanWarren@gmail.com,9406890039,1959-02-26
US_5073,Jeffery York,JefferyYork@gmail.com,9830467153,1963-10-20
US_5075,Melissa Schneider,MelissaSchneider@gmail.com,9868788588,1995-11-14
US_5076,Trevor Sparks,TrevorSparks@gmail.com,9839015807,1977-10-28
US_5077,Hector Bryant,HectorBryant@gmail.com,8051076600,2005-02-10
US_5078,Theresa Martinez,TheresaMartinez@gmail.com,7589904335,2002-09-13
US_5079,Kaitlyn Brown,KaitlynBrown@gmail.com,8817116484,2000-02-05
US_5080,Bonnie Woods,BonnieWoods@gmail.com,8927481288,1966-09-28
US_5081,Carlos Kirk,CarlosKirk@gmail.com,8566816362,2003-08-03
US_5082,Selena Bailey,SelenaBailey@gmail.com,9544354363,1957-12-12
US_5083,Chad Rivera,ChadRivera@gmail.com,8657062002,1956-02-14
US_5084,Rhonda Patterson,RhondaPatterson@gmail.com,9331572506,1973-01-10
US_5085,Frederick Mejia,FrederickMejia@gmail.com,7596838950,2001-11-26
US_5086,Rebecca Cole,RebeccaCole@gmail.com,9863502646,1955-08-09
US_5087,Edwin Jackson,EdwinJackson@gmail.com,8479841707,1965-10-06
US_5088,George Rogers DDS,GeorgeRogers@gmail.com,8222086834,1988-08-03
US_5089,Kimberly Morgan,KimberlyMorgan@gmail.com,8125058148,1983-11-29
US_5090,Tracey Hogan,TraceyHogan@gmail.com,9160804132,1961-08-16
US_5091,Micheal Austin,MichealAustin@gmail.com,9891592437,1965-11-06
US_5092,Carl Rubio,CarlRubio@gmail.com,9677479490,1956-12-01
US_5093,Tracy Burnett,TracyBurnett@gmail.com,9679992416,2003-09-17
US_5094,Gary Taylor,GaryTaylor@gmail.com,9744968970,1989-08-28
US_5095,Sonya Williams,SonyaWilliams@gmail.com,9137570477,1958-02-11
US_5096,Jacqueline Hall,JacquelineHall@gmail.com,9206908702,1967-05-19
US_5097,Crystal Mullen,CrystalMullen@gmail.com,9370018325,1976-04-01
US_5098,Shawn Ware,ShawnWare@gmail.com,8759200253,1993-09-28
US_5099,Rebecca Oneill,RebeccaOneill@gmail.com,9114908326,1984-11-14
US_5100,Aaron Morgan,AaronMorgan@gmail.com,8386970944,1956-07-06
US_5101,Damon Schultz,DamonSchultz@gmail.com,9275557936,1979-03-04
US_5102,Catherine Garcia,CatherineGarcia@gmail.com,9811003216,2005-12-21
US_5103,Samuel Warren,SamuelWarren@gmail.com,9266887567,1994-09-23
US_5104,Kevin Carney,KevinCarney@gmail.com,7107505957,1973-09-09
US_5105,Jonathan Jefferson DVM,JonathanJefferson@gmail.com,9205382517,1975-07-21
US_5106,Jerry Walsh,JerryWalsh@gmail.com,8561328320,2002-01-12
US_5107,Travis Day,TravisDay@gmail.com,8519009380,1982-01-25
US_5108,Aaron Diaz,AaronDiaz@gmail.com,8050636632,1980-10-26
US_5109,Nancy Jackson,NancyJackson@gmail.com,7181813259,1980-10-16
US_5110,Daniel Benjamin,DanielBenjamin@gmail.com,8575881282,1988-06-20
US_5111,Renee Thompson,ReneeThompson@gmail.com,8312884717,1974-03-01
US_5112,Rose Mclaughlin,RoseMclaughlin@gmail.com,7181888860,1996-10-03
US_5113,Arthur Gonzalez,ArthurGonzalez@gmail.com,8812204477,1957-05-25
US_5114,Ryan Smith,RyanSmith@gmail.com,8412901455,2006-02-22
US_5115,Brandon Bennett,BrandonBennett@gmail.com,9091749164,1987-04-30
US_5116,Brandon Sanchez,BrandonSanchez@gmail.com,9303590688,1971-01-19
US_5117,Christopher Robbins,ChristopherRobbins@gmail.com,7749858815,1981-09-05
US_5118,Alexander Martin,AlexanderMartin@gmail.com,8336778815,2003-03-20
US_5119,Joseph Miller,JosephMiller@gmail.com,8896864121,1984-03-15
US_5120,Richard Yoder,RichardYoder@gmail.com,8407471145,1999-07-10
US_5121,Frank Francis,FrankFrancis@gmail.com,8464565779,1991-11-16
US_5122,Mark Webb,MarkWebb@gmail.com,8462527765,1956-11-09
US_5123,Scott Mcmahon,ScottMcmahon@gmail.com,8701335799,2004-09-26
US_5124,Luke Dixon,LukeDixon@gmail.com,9341586873,1990-04-26
US_5125,Mckenzie Chavez,MckenzieChavez@gmail.com,9682142387,1993-10-08
US_5126,Kristen Blair,KristenBlair@gmail.com,8795321761,1955-04-23
US_5127,Joshua White,JoshuaWhite@gmail.com,8476855294,1999-12-28
US_5128,Bryan Harrison,BryanHarrison@gmail.com,8730313634,1992-02-02
US_5130,Monica Frost,MonicaFrost@gmail.com,7256112286,2005-01-06
US_5131,Tracy Frye,TracyFrye@gmail.com,8046570461,1998-12-06
US_5132,Erika Thompson,ErikaThompson@gmail.com,8362080351,1969-12-27
US_5133,Latasha Mendez,LatashaMendez@gmail.com,7750571865,1992-04-16
US_5134,Sierra Moses,SierraMoses@gmail.com,7979124042,1975-08-24
US_5135,Rebecca Sandoval,RebeccaSandoval@gmail.com,9685437948,1988-02-15
US_5136,Margaret Young,MargaretYoung@gmail.com,7463771338,1970-04-07
US_5137,Cynthia Jackson,CynthiaJackson@gmail.com,8054911928,1966-01-24
US_5138,Michaela Sanchez,MichaelaSanchez@gmail.com,7753146147,1971-04-26
US_5139,Stephanie Harris,StephanieHarris@gmail.com,7003388344,1981-02-08
US_5140,Elizabeth Butler,ElizabethButler@gmail.com,7220412404,1970-01-18
US_5141,Matthew Mclaughlin PhD,MatthewMclaughlin@gmail.com,8757695957,1979-01-21
US_5142,Robert Roberts,RobertRoberts@gmail.com,7496137512,1963-09-28
US_5143,Laura Green,LauraGreen@gmail.com,9149698066,1970-05-31
US_5144,Robert Hampton,RobertHampton@gmail.com,8261403988,1981-07-07
US_5145,Molly White,MollyWhite@gmail.com,7593595139,2003-09-28
US_5146,Roger Valencia,RogerValencia@gmail.com,7757566074,1983-03-28
US_5147,Cody Thompson,CodyThompson@gmail.com,9299082082,1995-04-23
US_5148,Anthony Wright,AnthonyWright@gmail.com,7323202000,1976-11-12
US_5149,Julie Rose,JulieRose@gmail.com,8476681225,2005-01-26
US_5151,Kristin Herman,KristinHerman@gmail.com,7665033135,1980-09-23
US_5152,Chase Burnett,ChaseBurnett@gmail.com,7556754424,1957-09-10
US_5153,Annette Mcguire,AnnetteMcguire@gmail.com,7758248892,1960-01-10
US_5154,Richard Roy,RichardRoy@gmail.com,7625665288,1965-11-02
US_5155,Carrie Ware,CarrieWare@gmail.com,9583601618,1970-09-05
US_5156,Julian Obrien,JulianObrien@gmail.com,8438753842,1993-03-16
US_5157,Stacey Stone,StaceyStone@gmail.com,7982828876,1990-03-10
US_5158,Laura Bailey,LauraBailey@gmail.com,7375265851,1967-10-21
US_5159,Patrick Bush,PatrickBush@gmail.com,8088937669,1989-01-12
US_5160,Jose Lopez,JoseLopez@gmail.com,8189708915,1978-06-26
US_5162,Nicole Bright,NicoleBright@gmail.com,7863200747,1993-08-09
US_5163,Christina Ramirez,ChristinaRamirez@gmail.com,8132585995,1954-03-31
US_5166,Austin Conley,AustinConley@gmail.com,7062502220,1986-10-02
US_5167,Daniel Luna,DanielLuna@gmail.com,9023094395,1992-09-08
US_5168,Sharon Johnson,SharonJohnson@gmail.com,8406593584,2001-09-17
US_5169,Kenneth Maxwell,KennethMaxwell@gmail.com,8781805778,1964-03-05
US_5171,Eric Woods,EricWoods@gmail.com,8533031496,1995-08-11
US_5172,Nancy Lee,NancyLee@gmail.com,7523359652,1954-09-17
US_5173,Christina Smith,ChristinaSmith@gmail.com,7570318162,2002-03-14
US_5174,John Clark,JohnClark@gmail.com,8029535072,1991-07-18
US_5175,Anna Ponce,AnnaPonce@gmail.com,9100868929,1963-01-06
US_5176,Anthony Hernandez,AnthonyHernandez@gmail.com,9743751938,1988-12-03
US_5177,Daniel Wilson,DanielWilson@gmail.com,8526664701,1976-03-07
US_5178,Melody Stevens,MelodyStevens@gmail.com,8136812070,1998-05-21
US_5179,Matthew Brown,MatthewBrown@gmail.com,8089169293,2005-05-18
US_5180,Nichole Davis,NicholeDavis@gmail.com,7546805806,1991-05-06
US_5181,James Anderson,JamesAnderson@gmail.com,9373807271,1992-09-02
US_5182,Bryan Griffith,BryanGriffith@gmail.com,9850039282,1995-10-04
US_5183,Nathan Stanley,NathanStanley@gmail.com,7383230874,1988-08-30
US_5184,Olivia Randolph,OliviaRandolph@gmail.com,8426288859,1998-03-28
US_5185,Marcus Blair,MarcusBlair@gmail.com,9975540216,1975-03-12
US_5186,Kenneth Reynolds,KennethReynolds@gmail.com,8629176810,1956-06-14
US_5187,Joshua Guerrero,JoshuaGuerrero@gmail.com,8435087042,1980-02-23
US_5188,Shawn Shepherd,ShawnShepherd@gmail.com,7478573671,1991-08-26
US_5189,Ashley Duran,AshleyDuran@gmail.com,8695677107,2005-06-04
US_5190,Brian Mitchell,BrianMitchell@gmail.com,7501853781,2001-06-16
US_5191,Melanie Garrett,MelanieGarrett@gmail.com,8546359455,1999-04-03
US_5192,George Smith,GeorgeSmith@gmail.com,9125885188,1997-08-07
US_5193,Vicki Hernandez,VickiHernandez@gmail.com,9633689724,1981-06-13
US_5194,Carl Larsen,CarlLarsen@gmail.com,9497877093,1972-09-13
US_5195,Mercedes Richardson,MercedesRichardson@gmail.com,7747259876,1988-06-17
US_5196,Mikayla Franco,MikaylaFranco@gmail.com,8587697274,1980-10-07
US_5197,Patrick Rios,PatrickRios@gmail.com,9674648880,1967-09-15
US_5198,Cindy Estrada,CindyEstrada@gmail.com,7011585724,1981-11-16
US_5199,Bethany Neal,BethanyNeal@gmail.com,9254374820,2005-07-12
US_5200,Alan Davis DVM,AlanDavis@gmail.com,7441089247,1956-06-21
US_5201,Donald Coleman,DonaldColeman@gmail.com,9009701414,2004-06-19
US_5202,Gabriel Richardson,GabrielRichardson@gmail.com,9556677443,2004-10-21
US_5203,Thomas Lewis,ThomasLewis@gmail.com,7166670429,1992-05-28
US_5204,Todd Beasley,ToddBeasley@gmail.com,9146484528,1959-11-25
US_5205,Allison Branch,AllisonBranch@gmail.com,9928483363,1989-11-09
US_5206,Jenny Cox,JennyCox@gmail.com,8505745399,1959-08-24
US_5207,David Simpson,DavidSimpson@gmail.com,9979136285,1961-11-21
US_5208,Kyle Brown,KyleBrown@gmail.com,7145792878,1988-10-13
US_5209,Tracey Reynolds,TraceyReynolds@gmail.com,7610571384,1961-03-18
US_5210,Alison Perez,AlisonPerez@gmail.com,9816424626,1988-09-05
US_5211,Douglas Santos,DouglasSantos@gmail.com,7086295062,1982-03-16
US_5212,Grace Green,GraceGreen@gmail.com,9428757014,1963-08-28
US_5214,Courtney Page,CourtneyPage@gmail.com,7432418667,1958-07-27
US_5216,Susan Sullivan,SusanSullivan@gmail.com,8084296118,1997-12-17
US_5217,Thomas Bowman MD,ThomasBowman@gmail.com,7685457290,1996-06-16
US_5218,Elizabeth Brown,ElizabethBrown@gmail.com,8933642414,1985-02-01
US_5219,Michael Bolton,MichaelBolton@gmail.com,9788787045,1969-11-10
US_5220,Jeffery Thompson,JefferyThompson@gmail.com,7639779271,1971-01-18
US_5221,John Rodriguez,JohnRodriguez@gmail.com,9316520830,1987-10-20
US_5222,Danielle Hamilton,DanielleHamilton@gmail.com,7200297760,1980-09-25
US_5223,Justin Hammond,JustinHammond@gmail.com,9216641105,1979-02-09
US_5224,Kayla Williams,KaylaWilliams@gmail.com,9643959369,1988-04-27
US_5225,Thomas Sparks,ThomasSparks@gmail.com,9099189787,1958-01-09
US_5226,Ashlee Ross,AshleeRoss@gmail.com,9153719953,1970-01-19
US_5227,Ann Martin,AnnMartin@gmail.com,7305434735,1956-07-23
US_5228,Kimberly Black,KimberlyBlack@gmail.com,8680077868,1996-05-08
US_5229,Meagan West,MeaganWest@gmail.com,9025801566,2005-08-02
US_5230,Andre Cortez,AndreCortez@gmail.com,9683905738,2005-03-06
US_5231,Michele Ford,MicheleFord@gmail.com,7675431455,1964-01-15
US_5233,Joel Perez,JoelPerez@gmail.com,8236923469,1999-11-09
US_5234,Anthony Berg,AnthonyBerg@gmail.com,8291809485,1963-07-23
US_5237,Allison Cunningham,AllisonCunningham@gmail.com,9476072732,1980-09-29
US_5238,Joseph Rice,JosephRice@gmail.com,9148354308,1961-07-24
US_5239,Jeffery Jordan,JefferyJordan@gmail.com,8756831034,1976-08-03
US_5240,Allen Martinez,AllenMartinez@gmail.com,8457397735,1994-01-30
US_5241,Cristian Lambert,CristianLambert@gmail.com,9655471042,1963-05-16
US_5242,Christina Powell,ChristinaPowell@gmail.com,8872581833,1963-04-26
US_5243,Tamara Gonzales,TamaraGonzales@gmail.com,9297786086,1987-07-22
US_5244,Jeffrey Long,JeffreyLong@gmail.com,9075736796,1968-01-27
US_5245,Angela Richards,AngelaRichards@gmail.com,7136416387,2001-06-26
US_5246,Sandra Lyons,SandraLyons@gmail.com,9094936069,1971-05-24
US_5247,Andrew Whitney,AndrewWhitney@gmail.com,8610448951,1967-08-16
US_5248,Jeffery Collins,JefferyCollins@gmail.com,9829413394,1963-03-13
US_5249,Kevin Fischer,KevinFischer@gmail.com,7782121205,2004-02-26
US_5250,Amber Chapman,AmberChapman@gmail.com,7701424482,2001-08-29
US_5251,Becky King,BeckyKing@gmail.com,8106521210,1971-12-01
US_5252,Matthew Richards,MatthewRichards@gmail.com,9951073855,1996-12-05
US_5254,Nicole Hodge,NicoleHodge@gmail.com,7744096404,1992-09-28
US_5255,Debra Smith,DebraSmith@gmail.com,9708385083,1968-06-11
US_5257,Amanda Bishop,AmandaBishop@gmail.com,8772140864,1965-11-26
US_5258,Rhonda Evans,RhondaEvans@gmail.com,9136363208,1984-12-15
US_5259,Samantha Noble,SamanthaNoble@gmail.com,9729946389,1998-11-05
US_5260,Larry Fritz,LarryFritz@gmail.com,8921362969,1989-03-29
US_5261,Maria Gonzalez,MariaGonzalez@gmail.com,8930198510,1980-09-19
US_5262,Melinda Cervantes,MelindaCervantes@gmail.com,9871857867,1969-06-19
US_5263,Justin Carter,JustinCarter@gmail.com,9362173947,1993-08-31
US_5264,James Garcia,JamesGarcia@gmail.com,8941185760,1990-12-24
US_5265,Dustin Williams,DustinWilliams@gmail.com,9018518148,1965-10-13
US_5266,Derek Hall,DerekHall@gmail.com,8474720640,1967-04-02
US_5267,Frank White,FrankWhite@gmail.com,9089012162,1991-05-16
US_5268,Tracy Santiago,TracySantiago@gmail.com,9517326995,1997-10-15
US_5269,Lauren Barr,LaurenBarr@gmail.com,9713335358,1971-07-04
US_5270,Jill Smith DDS,JillSmith@gmail.com,7404941693,2002-04-02
US_5271,Carmen Jordan,CarmenJordan@gmail.com,9382339759,1961-06-05
US_5272,Mary Johnson DDS,MaryJohnson@gmail.com,9066724109,1992-06-09
US_5273,Sally Fernandez,SallyFernandez@gmail.com,8160197989,1988-11-11
US_5276,Lori Davis,LoriDavis@gmail.com,7307311730,1990-04-05
US_5277,Taylor Acevedo,TaylorAcevedo@gmail.com,7183112957,1989-08-21
US_5278,Cynthia Cohen,CynthiaCohen@gmail.com,8130734985,1993-04-22
US_5279,Laura Larson,LauraLarson@gmail.com,8477098531,2004-11-13
US_5280,Penny West,PennyWest@gmail.com,9970127564,1964-01-07
US_5281,Brian Daugherty,BrianDaugherty@gmail.com,8588143738,2002-12-15
US_5282,Monica Medina,MonicaMedina@gmail.com,9371954904,1982-01-24
US_5283,Tracey Reilly,TraceyReilly@gmail.com,8860619347,1972-12-29
US_5284,Robin York,RobinYork@gmail.com,7398292315,1998-05-12
US_5285,Tanya Shannon,TanyaShannon@gmail.com,9011592693,2001-09-12
US_5286,Charles Chang,CharlesChang@gmail.com,8650525835,1998-07-24
US_5287,Spencer Kelly,SpencerKelly@gmail.com,7269317346,1972-09-15
US_5288,Tammy Duncan,TammyDuncan@gmail.com,7827812576,1968-04-27
US_5289,Jonathon Kim,JonathonKim@gmail.com,8822525441,1970-09-03
US_5290,Christopher Cain,ChristopherCain@gmail.com,8369672520,1957-06-15
US_5291,Anthony Wells,AnthonyWells@gmail.com,9112986410,1994-01-17
US_5292,Brandon Kirby,BrandonKirby@gmail.com,9616235581,1979-09-02
US_5293,Jamie Miller,JamieMiller@gmail.com,7593491782,2007-02-20
US_5294,Anna Wong,AnnaWong@gmail.com,9678420290,1971-10-16
US_5295,Christopher Macdonald,ChristopherMacdonald@gmail.com,8976741748,1985-09-07
US_5296,Leslie Moody,LeslieMoody@gmail.com,9773031581,1965-05-19
US_5297,Jessica Mckee,JessicaMckee@gmail.com,7811577497,1975-11-20
US_5298,Nicholas Myers,NicholasMyers@gmail.com,9039259251,2003-01-19
US_5299,Meagan Charles,MeaganCharles@gmail.com,9386891859,2002-09-29
US_5300,Amber Williams,AmberWilliams@gmail.com,8607620664,1975-07-23
US_5301,Micheal Green,MichealGreen@gmail.com,9018940731,1960-11-01
US_5302,Rachel Henderson,RachelHenderson@gmail.com,7610873000,1960-01-05
US_5303,Andrew Lam,AndrewLam@gmail.com,9191173695,1984-03-04
US_5304,Cassandra Mitchell,CassandraMitchell@gmail.com,9037382715,1958-02-15
US_5305,Melissa Grant,MelissaGrant@gmail.com,8392550274,1966-11-29
US_5306,James Rodriguez,JamesRodriguez@gmail.com,8952514789,1955-06-13
US_5307,Lauren Trevino,LaurenTrevino@gmail.com,9488657540,1986-11-16
US_5308,Margaret White,MargaretWhite@gmail.com,7093684664,1998-09-07
US_5309,Stacey Howe,StaceyHowe@gmail.com,9033548488,1969-07-11
US_5310,Diane Bishop,DianeBishop@gmail.com,8933727366,1986-10-30
US_5311,David Baker,DavidBaker@gmail.com,8965348541,1985-09-11
US_5312,Allison Chavez,AllisonChavez@gmail.com,9053003906,1970-10-19
US_5313,Austin Smith,AustinSmith@gmail.com,9473107560,1963-10-16
US_5315,Mrs. Olivia Petersen,Mrs.Olivia@gmail.com,9478129635,1955-08-11
US_5316,Joshua Martinez,JoshuaMartinez@gmail.com,8023549945,1972-05-28
US_5317,Laura Clarke,LauraClarke@gmail.com,9010467818,1956-10-20
US_5318,Joseph Patel,JosephPatel@gmail.com,9613021172,1985-12-07
US_5319,Lisa Beard,LisaBeard@gmail.com,9841185392,1978-04-24
US_5320,David Mendoza,DavidMendoza@gmail.com,8215520122,1972-12-10
US_5321,Nicole Wallace DDS,NicoleWallace@gmail.com,7578509638,1996-08-13
US_5322,Marcus Brown,MarcusBrown@gmail.com,8831796303,1966-05-31
US_5323,Daniel Gallegos,DanielGallegos@gmail.com,9842572565,1978-09-28
US_5324,Nicole Hardy,NicoleHardy@gmail.com,7660543888,1986-03-06
US_5325,Pedro Greene,PedroGreene@gmail.com,8089834401,1997-09-17
US_5326,Yvette Marks,YvetteMarks@gmail.com,9653114270,2004-06-15
US_5327,Ashley Lewis,AshleyLewis@gmail.com,9411138287,1994-10-08
US_5328,Stephanie Peterson,StephaniePeterson@gmail.com,8974250128,1956-02-16
US_5329,Mrs. Dawn Hawkins,Mrs.Dawn@gmail.com,9308817228,1989-06-20
US_5330,Gary Greer,GaryGreer@gmail.com,7985735377,1956-01-09
US_5331,Christopher Knox,ChristopherKnox@gmail.com,8896878839,1987-07-19
US_5333,Brent Stewart,BrentStewart@gmail.com,7863148235,1988-03-12
US_5334,Corey Roberts,CoreyRoberts@gmail.com,9364797089,1975-06-27
US_5335,Keith Morales,KeithMorales@gmail.com,7897381494,1978-07-31
US_5336,Perry Washington,PerryWashington@gmail.com,8253833339,1970-06-24
US_5337,Nicole Barton,NicoleBarton@gmail.com,8925048714,1995-11-30
US_5338,David Medina,DavidMedina@gmail.com,7867117019,1964-07-30
US_5339,Lydia Payne,LydiaPayne@gmail.com,9297945499,2001-12-10
US_5340,Monica Cline,MonicaCline@gmail.com,8053609286,1963-08-23
US_5341,Juan Davis,JuanDavis@gmail.com,8854550822,2006-07-27
US_5342,Devin Black,DevinBlack@gmail.com,9863134599,1995-11-22
US_5343,Rachel Franco DDS,RachelFranco@gmail.com,7721738668,1966-02-02
US_5344,Lori Valentine,LoriValentine@gmail.com,8302583519,1984-08-25
US_5345,Lisa Ryan,LisaRyan@gmail.com,9093409090,1998-12-07
US_5346,Danielle Hester,DanielleHester@gmail.com,7876649628,1993-02-23
US_5347,Luke Alexander,LukeAlexander@gmail.com,7531674934,1980-03-16
US_5348,Jane Edwards,JaneEdwards@gmail.com,8274570652,1987-09-05
US_5349,Ann Peterson,AnnPeterson@gmail.com,8064012199,1976-10-10
US_5350,Erik Keller,ErikKeller@gmail.com,7236648653,2002-02-01
US_5351,Louis Bowen,LouisBowen@gmail.com,8563424754,2001-04-29
US_5352,Amy Mcdaniel,AmyMcdaniel@gmail.com,9843959274,2002-01-16
US_5353,Isaiah Terry,IsaiahTerry@gmail.com,7847370540,1966-05-22
US_5354,Michael Bell,MichaelBell@gmail.com,7731312299,1981-12-11
US_5355,Blake Vega,BlakeVega@gmail.com,9212110742,2002-07-09
US_5356,Ronnie Medina,RonnieMedina@gmail.com,8019069842,1989-08-04
US_5357,Rhonda Clark,RhondaClark@gmail.com,7983132324,1956-10-04
US_5358,Jason Fletcher,JasonFletcher@gmail.com,9507132860,1978-12-16
US_5359,Jose Green,JoseGreen@gmail.com,7262207156,1978-06-01
US_5360,Anthony Washington,AnthonyWashington@gmail.com,8074168745,1969-11-08
US_5361,Kristopher Curtis,KristopherCurtis@gmail.com,8694918425,1976-10-08
US_5362,Chad Moreno,ChadMoreno@gmail.com,8785753504,1975-02-02
US_5363,Cassidy Carter,CassidyCarter@gmail.com,8815722241,1961-12-18
US_5365,Natalie Hawkins,NatalieHawkins@gmail.com,8592682582,2003-03-10
US_5366,Jonathan Williams,JonathanWilliams@gmail.com,7548612965,1970-10-05
US_5367,Deborah Smith,DeborahSmith@gmail.com,7157162729,1961-09-02
US_5368,Emily Henderson,EmilyHenderson@gmail.com,7129478257,2004-04-15
US_5369,Peter Morgan,PeterMorgan@gmail.com,9248121562,1969-11-26
US_5370,Laura Patton,LauraPatton@gmail.com,7865598555,1956-01-25
US_5371,Francis Walker,FrancisWalker@gmail.com,7303577468,1963-12-15
US_5372,Renee Johnson,ReneeJohnson@gmail.com,8498250007,1983-07-08
US_5373,Scott Wood,ScottWood@gmail.com,8350417671,2003-01-06
US_5374,Sherri Logan,SherriLogan@gmail.com,9257191992,1954-04-29
US_5375,Cathy Barnes,CathyBarnes@gmail.com,7042071502,1997-04-11
US_5376,Amy Sanders,AmySanders@gmail.com,7761553518,1964-06-02
US_5377,Lee Perez,LeePerez@gmail.com,7313955604,1998-06-30
US_5378,Michael Leonard,MichaelLeonard@gmail.com,7775459685,1983-06-08
US_5380,Victor Yates,VictorYates@gmail.com,7448936753,1969-11-26
US_5381,Stanley Benson,StanleyBenson@gmail.com,7003030771,1954-03-20
US_5382,James Gallagher,JamesGallagher@gmail.com,8887939005,1988-10-02
US_5383,Jeanette Garcia,JeanetteGarcia@gmail.com,9362257570,1986-09-23
US_5384,Michael Garcia,MichaelGarcia@gmail.com,7881557467,1983-03-18
US_5385,William Gordon,WilliamGordon@gmail.com,8102585658,1997-07-23
US_5386,Kim Holmes,KimHolmes@gmail.com,9143162440,1968-05-31
US_5387,Anthony Hodges,AnthonyHodges@gmail.com,7490665560,1966-10-12
US_5388,Alexis Wells,AlexisWells@gmail.com,7588443021,1986-09-20
US_5389,Jennifer Dawson,JenniferDawson@gmail.com,9875123786,1958-08-16
US_5390,Bethany Baxter MD,BethanyBaxter@gmail.com,9853343212,1957-02-10
US_5391,Teresa Wallace,TeresaWallace@gmail.com,8385097784,1999-01-10
US_5392,Alexis Pham,AlexisPham@gmail.com,8676740531,1954-05-25
US_5393,Zachary Ortiz,ZacharyOrtiz@gmail.com,7554189678,1980-10-09
US_5394,Christopher Burnett,ChristopherBurnett@gmail.com,8539123437,1975-10-31
US_5395,Nicholas Calhoun,NicholasCalhoun@gmail.com,9311670663,1995-04-08
US_5396,Joseph Perez,JosephPerez@gmail.com,7200907615,1960-01-09
US_5397,Karen Perez,KarenPerez@gmail.com,9134677968,1987-01-18
US_5398,Kevin Cruz,KevinCruz@gmail.com,8930371290,1967-11-30
US_5399,Amber Spencer,AmberSpencer@gmail.com,7829979377,2001-12-29
US_5400,Madison Richardson,MadisonRichardson@gmail.com,7110345687,1992-02-28
US_5401,Jose Collins,JoseCollins@gmail.com,7398675714,1989-05-08
US_5402,Justin Potter,JustinPotter@gmail.com,7397826291,1980-09-14
US_5403,Sherry Cox,SherryCox@gmail.com,8005912496,1992-08-23
US_5404,Tiffany Williams,TiffanyWilliams@gmail.com,8548221139,1999-02-04
US_5405,Jessica Torres,JessicaTorres@gmail.com,9421275376,1974-09-22
US_5406,Matthew Morgan,MatthewMorgan@gmail.com,8845184122,1981-04-02
US_5407,Craig Beard,CraigBeard@gmail.com,9152667718,1958-11-03
US_5408,Tony Moore,TonyMoore@gmail.com,7544141041,1971-11-10
US_5409,Jillian Carrillo,JillianCarrillo@gmail.com,8974718753,1966-04-15
US_5410,Nancy Rowland,NancyRowland@gmail.com,7158860344,1986-09-07
US_5411,Lisa Ochoa,LisaOchoa@gmail.com,7006766417,1984-07-04
US_5412,Jeffrey Ayala,JeffreyAyala@gmail.com,7765062200,1982-03-12
US_5413,Dana Carter,DanaCarter@gmail.com,7604322354,2005-02-20
US_5414,Natalie Burns,NatalieBurns@gmail.com,9540595263,2007-02-19
US_5415,Sean Peters,SeanPeters@gmail.com,7534805716,1988-10-10
US_5417,Miguel Pena,MiguelPena@gmail.com,9224751664,1986-12-05
US_5418,Ryan Lawson,RyanLawson@gmail.com,7586515880,1968-03-04
US_5421,Rebecca Perez,RebeccaPerez@gmail.com,7172177378,1978-02-12
US_5422,Kathryn Thomas,KathrynThomas@gmail.com,8607378777,2000-03-20
US_5423,Crystal Abbott,CrystalAbbott@gmail.com,8701077079,1974-07-13
US_5424,Alexandra Hodge,AlexandraHodge@gmail.com,9907857358,1975-08-14
US_5425,Rachel Yang,RachelYang@gmail.com,8928494655,1975-02-10
US_5426,Michelle Sanders,MichelleSanders@gmail.com,8684505043,1963-03-04
US_5427,Dustin Stein,DustinStein@gmail.com,8671983614,1962-11-04
US_5428,Haley Jackson,HaleyJackson@gmail.com,8022207531,1954-11-11
US_5429,Thomas Moses,ThomasMoses@gmail.com,9749591560,1967-06-24
US_5430,Jeffrey Petersen,JeffreyPetersen@gmail.com,7552760085,1984-10-12
US_5431,Joseph Ward,JosephWard@gmail.com,7423297704,1957-09-24
US_5432,Lance Robinson,LanceRobinson@gmail.com,8468160579,1960-05-04
US_5433,Kristen Smith,KristenSmith@gmail.com,9364096742,1993-08-09
US_5434,Nicole Mcbride,NicoleMcbride@gmail.com,8134182029,1955-09-22
US_5435,Daisy Larson,DaisyLarson@gmail.com,7428674344,1996-10-26
US_5436,Jesus Shaw,JesusShaw@gmail.com,8621205750,1967-11-01
US_5437,Shelly Moss,ShellyMoss@gmail.com,7112503196,1975-11-27
US_5438,Laura Coleman,LauraColeman@gmail.com,9674711579,1967-11-12
US_5439,Kayla Moore,KaylaMoore@gmail.com,9786884820,1980-01-04
US_5440,Melissa Brown,MelissaBrown@gmail.com,8632213043,1991-03-05
US_5441,Emily Riley MD,EmilyRiley@gmail.com,8559185587,1974-05-11
US_5442,Donald Cole,DonaldCole@gmail.com,7252727133,1964-05-30
US_5444,Nicholas George,NicholasGeorge@gmail.com,9615338087,1965-06-30
US_5445,Jane King,JaneKing@gmail.com,9753652619,1978-07-11
US_5446,Tanner Decker,TannerDecker@gmail.com,7392520781,1965-11-17
US_5447,Leslie Martin,LeslieMartin@gmail.com,9304506847,1983-10-02
US_5448,Keith Garcia,KeithGarcia@gmail.com,7373041675,1977-09-04
US_5449,Victoria Keller,VictoriaKeller@gmail.com,8962263832,1988-04-11
US_5450,Mr. Robert Acevedo MD,Mr.Robert@gmail.com,8105975023,1955-11-28
US_5451,Ms. Kayla Williams,Ms.Kayla@gmail.com,8979248121,1987-12-12
US_5452,Tammy Jackson,TammyJackson@gmail.com,7710655661,1997-01-08
US_5454,Stephen Smith,StephenSmith@gmail.com,9221860788,1968-04-07
US_5455,Jasmin Hamilton,JasminHamilton@gmail.com,8923163399,1975-12-10
US_5456,Thomas Romero,ThomasRomero@gmail.com,7001420403,1999-05-22
US_5457,Megan Grant,MeganGrant@gmail.com,8612565800,1965-09-16
US_5459,Bradley Phillips,BradleyPhillips@gmail.com,9302060981,1978-11-21
US_5461,Cynthia Tran,CynthiaTran@gmail.com,7337085255,1960-11-22
US_5462,Marie Davidson,MarieDavidson@gmail.com,8107052062,1980-06-25
US_5464,Mr. Paul Chase,Mr.Paul@gmail.com,9345407916,1958-12-22
US_5465,Chloe Parker,ChloeParker@gmail.com,7875510953,1969-08-12
US_5466,Leah Collier,LeahCollier@gmail.com,8021871861,1995-05-21
US_5467,Amanda Gonzalez,AmandaGonzalez@gmail.com,8579816773,1969-07-11
US_5468,Alice Conley,AliceConley@gmail.com,8151754153,2000-11-15
US_5469,Clarence Wood,ClarenceWood@gmail.com,9279731246,1989-07-09
US_5470,Terri Cisneros,TerriCisneros@gmail.com,8291971636,1961-05-25
US_5471,Jessica Jones,JessicaJones@gmail.com,8922881636,2004-06-09
US_5473,Mary Henderson,MaryHenderson@gmail.com,8691016144,1978-06-05
US_5474,Adam Holland,AdamHolland@gmail.com,8615198414,1964-08-04
US_5476,Ryan Kaiser,RyanKaiser@gmail.com,7689304343,2000-05-24
US_5477,Douglas Morton,DouglasMorton@gmail.com,9570164208,1975-04-20
US_5478,Ashlee Mendez,AshleeMendez@gmail.com,8689056053,1964-01-18
US_5479,Leslie Barton,LeslieBarton@gmail.com,8292422035,1995-02-19
US_5481,Paige Jordan,PaigeJordan@gmail.com,9437503295,1987-09-29
US_5482,Elizabeth Taylor,ElizabethTaylor@gmail.com,9693273386,1980-10-23
US_5483,Latoya Howell,LatoyaHowell@gmail.com,7893850622,1965-05-06
US_5484,Lawrence Glover,LawrenceGlover@gmail.com,9330682053,1962-11-27
US_5485,Kimberly Grant,KimberlyGrant@gmail.com,8923117385,1989-11-03
US_5486,Madison Wilson,MadisonWilson@gmail.com,9035242994,1998-07-26
US_5487,Melanie Davidson,MelanieDavidson@gmail.com,8500597908,1963-08-11
US_5488,Angel Johnson,AngelJohnson@gmail.com,8740379415,1981-12-01
US_5489,Jessica Cox,JessicaCox@gmail.com,8129071581,1957-12-01
US_5490,Laura Mosley,LauraMosley@gmail.com,9274917316,1970-07-13
US_5491,Kurt Martinez,KurtMartinez@gmail.com,9471678809,1968-07-13
US_5492,Brandi Ibarra,BrandiIbarra@gmail.com,8932477780,1954-03-27
US_5493,Heather Sweeney,HeatherSweeney@gmail.com,7761847422,2003-08-14
US_5494,Laura Guerra,LauraGuerra@gmail.com,7186715679,1990-03-21
US_5495,Adrian Levine,AdrianLevine@gmail.com,9216142481,1958-10-17
US_5496,Abigail Acevedo,AbigailAcevedo@gmail.com,8369567424,1990-12-09
US_5497,Isabella Taylor,IsabellaTaylor@gmail.com,9966052836,1978-11-12
US_5498,Joel Rogers,JoelRogers@gmail.com,8315949180,1978-11-02
US_5499,Tyler Murray,TylerMurray@gmail.com,7658750632,1993-12-09
US_5500,Michael Lambert,MichaelLambert@gmail.com,8729169502,2000-02-24
US_5501,Edward Guzman,EdwardGuzman@gmail.com,7816566516,1958-12-30
US_5502,Anne Chambers,AnneChambers@gmail.com,9700713298,1975-12-03
US_5503,Kristen Ramirez,KristenRamirez@gmail.com,9802117045,2002-01-06
US_5504,Leslie Case,LeslieCase@gmail.com,8048867872,1987-11-28
US_5506,Felicia Matthews,FeliciaMatthews@gmail.com,9098739859,1983-02-07
US_5507,Robert Keith,RobertKeith@gmail.com,7106140428,1989-01-13
US_5508,Deborah Simon,DeborahSimon@gmail.com,9003604421,1960-03-03
US_5509,Carlos Morrow,CarlosMorrow@gmail.com,9202518010,1976-11-06
US_5510,Edward Tucker,EdwardTucker@gmail.com,9985453465,1996-01-14
US_5511,Emma Chan,EmmaChan@gmail.com,9184728944,1980-03-12
US_5512,Ryan Thomas,RyanThomas@gmail.com,9569568822,1964-08-07
US_5513,Holly Rivas,HollyRivas@gmail.com,9736767933,1982-02-13
US_5514,Alicia Navarro,AliciaNavarro@gmail.com,7836748268,1959-12-09
US_5515,James Schaefer,JamesSchaefer@gmail.com,9758654800,1978-02-11
US_5516,Jennifer Sampson,JenniferSampson@gmail.com,7956294135,2006-09-18
US_5517,Daniel Taylor,DanielTaylor@gmail.com,8816106142,1992-09-14
US_5518,Julie Thompson,JulieThompson@gmail.com,9178632273,1990-02-16
US_5519,Justin Murphy,JustinMurphy@gmail.com,8390261613,1961-03-25
US_5520,Rachel Smith,RachelSmith@gmail.com,7725451227,2000-04-04
US_5521,Joseph Dougherty,JosephDougherty@gmail.com,7281141315,1999-05-28
US_5522,Catherine Barker,CatherineBarker@gmail.com,8594855800,1983-04-17
US_5523,Cynthia Taylor,CynthiaTaylor@gmail.com,8572639244,1972-11-08
US_5524,James Peck,JamesPeck@gmail.com,9589842362,1984-08-16
US_5525,Rebecca Brooks,RebeccaBrooks@gmail.com,7151817350,1990-02-28
US_5526,Mr. Gregory Hart,Mr.Gregory@gmail.com,9773057000,1969-08-17
US_5528,Vanessa Bishop,VanessaBishop@gmail.com,7045939330,2002-12-25
US_5529,Stacey Rodriguez,StaceyRodriguez@gmail.com,8776134694,1965-09-15
US_5530,Angelica Lopez,AngelicaLopez@gmail.com,9702002191,1970-08-27
US_5531,Spencer Manning,SpencerManning@gmail.com,7462471736,1973-11-19
US_5532,Robert Bauer,RobertBauer@gmail.com,9509115245,1993-07-17
US_5534,Benjamin Jordan,BenjaminJordan@gmail.com,7368977697,1975-03-27
US_5535,Adrian Krueger,AdrianKrueger@gmail.com,8328425538,1977-11-04
US_5536,Michael Travis,MichaelTravis@gmail.com,7920052454,1975-01-28
US_5537,Jonathan Glover,JonathanGlover@gmail.com,9231896838,1999-07-26
US_5538,Erin Carter,ErinCarter@gmail.com,9734738621,1958-05-22
US_5539,Brenda Bradley,BrendaBradley@gmail.com,9268443506,1971-01-01
US_5540,Kevin Berry,KevinBerry@gmail.com,8054392820,1967-11-11
US_5542,Tyler Miranda,TylerMiranda@gmail.com,8378289311,1974-03-25
US_5543,Nicholas Chung,NicholasChung@gmail.com,9508837908,1986-07-09
US_5544,Kayla Thomas,KaylaThomas@gmail.com,9412622132,1985-01-08
US_5545,Robert Shepherd,RobertShepherd@gmail.com,9288049431,1965-11-01
US_5546,Steven Swanson,StevenSwanson@gmail.com,8590881887,1954-03-03
US_5548,Justin Bishop,JustinBishop@gmail.com,9934327474,1989-03-10
US_5549,Clifford Mcdonald,CliffordMcdonald@gmail.com,8941405272,1959-10-01
US_5550,Wesley Bowers,WesleyBowers@gmail.com,7909328568,1982-02-24
US_5551,Jessica Warren,JessicaWarren@gmail.com,9402307131,1974-04-05
US_5552,Dana Savage,DanaSavage@gmail.com,9037580922,2004-12-24
US_5553,Joseph Sullivan,JosephSullivan@gmail.com,8622693596,2001-10-18
US_5554,Joshua Williams,JoshuaWilliams@gmail.com,9300189086,1983-10-05
US_5555,Cory Kelley,CoryKelley@gmail.com,7761605476,1961-08-01
US_5556,Whitney Macdonald DVM,WhitneyMacdonald@gmail.com,8572402049,1980-10-05
US_5557,Kimberly Ponce,KimberlyPonce@gmail.com,7486381056,1982-01-31
US_5558,Darren Morse,DarrenMorse@gmail.com,9315933935,2003-11-12
US_5559,Lydia Horn,LydiaHorn@gmail.com,7569748054,2005-02-15
US_5561,Jeremy Wallace,JeremyWallace@gmail.com,7808601038,1982-06-27
US_5562,Anthony Ward,AnthonyWard@gmail.com,7666458629,2002-03-13
US_5563,Heather Diaz,HeatherDiaz@gmail.com,7574160353,1959-10-18
US_5565,Linda Fernandez,LindaFernandez@gmail.com,7170744191,1988-04-20
US_5566,Ralph Rodriguez,RalphRodriguez@gmail.com,8537131710,1966-01-07
US_5567,Michael Cross DDS,MichaelCross@gmail.com,9754493686,2002-01-28
US_5568,Stacy Garcia,StacyGarcia@gmail.com,9575735279,2000-10-06
US_5569,Brett Maxwell,BrettMaxwell@gmail.com,9544704052,2006-12-19
US_5570,Anna Andersen,AnnaAndersen@gmail.com,8893673569,1968-09-11
US_5571,Gary Phillips,GaryPhillips@gmail.com,8982996131,2003-12-18
US_5572,Melanie Brown,MelanieBrown@gmail.com,7153245939,1981-04-16
US_5573,Carol Johnson,CarolJohnson@gmail.com,7486269508,1982-04-24
US_5575,Tara Hale,TaraHale@gmail.com,8766404443,1975-10-23
US_5577,Chad Kim,ChadKim@gmail.com,9600483037,1978-10-06
US_5578,Riley Knight,RileyKnight@gmail.com,9921058746,1987-04-13
US_5579,Amy Moore,AmyMoore@gmail.com,9517328837,1996-07-31
US_5580,Robert Ellison,RobertEllison@gmail.com,9458950184,2000-06-02
US_5581,Brian Lewis,BrianLewis@gmail.com,8673736576,1977-08-24
US_5582,Catherine Johns,CatherineJohns@gmail.com,7312704826,2006-10-30
US_5583,Mary Parks,MaryParks@gmail.com,8407769482,1976-07-05
US_5584,Mark Williamson,MarkWilliamson@gmail.com,7252935703,2006-12-20
US_5585,Douglas Blanchard,DouglasBlanchard@gmail.com,8019272134,1967-09-01
US_5586,Phillip Padilla PhD,PhillipPadilla@gmail.com,9872518807,1976-07-01
US_5587,Juan Galvan,JuanGalvan@gmail.com,8882554116,2004-12-30
US_5588,Leslie Diaz,LeslieDiaz@gmail.com,7136269451,2002-03-29
US_5589,David Potter,DavidPotter@gmail.com,9701212353,1955-02-06
US_5590,Adam Long,AdamLong@gmail.com,9517834605,1969-11-24
US_5591,Lisa Booker,LisaBooker@gmail.com,7479021862,1997-07-09
US_5592,Alexandria Vaughn,AlexandriaVaughn@gmail.com,7627983650,1996-10-15
US_5593,April Bailey,AprilBailey@gmail.com,7745429048,1968-12-24
US_5594,Sherry Patterson,SherryPatterson@gmail.com,8821190752,1965-11-26
US_5595,Melissa Wolf,MelissaWolf@gmail.com,9729062373,1987-10-24
US_5596,Joshua Sims,JoshuaSims@gmail.com,7385294083,1979-10-17
US_5597,Tina Mooney,TinaMooney@gmail.com,8483357031,1983-10-22
US_5598,Luis Mcclain,LuisMcclain@gmail.com,8443776025,1969-06-14
US_5599,Heather Wolf,HeatherWolf@gmail.com,8410725638,1970-05-01
US_5601,Isaiah Jones,IsaiahJones@gmail.com,7017941188,1963-02-06
US_5602,Victor Hudson,VictorHudson@gmail.com,8241457185,2003-09-20
US_5603,Maria Sanders,MariaSanders@gmail.com,9531537445,1991-04-07
US_5604,Thomas Holloway,ThomasHolloway@gmail.com,7749151520,1967-06-07
US_5605,Joshua Love,JoshuaLove@gmail.com,8766087671,1954-04-20
US_5606,Andrew Dominguez,AndrewDominguez@gmail.com,8186523236,2002-11-22
US_5607,John Adams,JohnAdams@gmail.com,9522548079,2002-02-10
US_5608,Michelle Huber,MichelleHuber@gmail.com,8760290975,1970-12-01
US_5610,Tracey Brooks,TraceyBrooks@gmail.com,8930434197,1996-02-09
US_5611,Aaron Henry,AaronHenry@gmail.com,7331657291,1976-02-10
US_5612,Ryan Moore,RyanMoore@gmail.com,9594545826,1985-03-25
US_5613,Daniel Chen,DanielChen@gmail.com,7906595805,2001-10-18
US_5614,Angel Lewis,AngelLewis@gmail.com,9209158319,1984-07-04
US_5615,David Nolan,DavidNolan@gmail.com,8711445668,2003-09-20
US_5616,Brian Medina,BrianMedina@gmail.com,8765271727,1980-07-22
US_5617,Antonio Lopez,AntonioLopez@gmail.com,8489931431,1986-07-24
US_5618,Michaela Hernandez,MichaelaHernandez@gmail.com,7484296882,1975-04-18
US_5619,Elizabeth Chase,ElizabethChase@gmail.com,7354984134,1987-12-24
US_5620,Omar Johnson,OmarJohnson@gmail.com,9394971579,2003-02-05
US_5621,Steven Fisher,StevenFisher@gmail.com,7237455251,2005-08-18
US_5622,Heather Smith,HeatherSmith@gmail.com,7854430836,2004-04-24
US_5623,Kimberly Mcintyre,KimberlyMcintyre@gmail.com,7653170584,1997-12-05
US_5624,Dana Hernandez,DanaHernandez@gmail.com,7970006636,2000-07-25
US_5625,Anita Long,AnitaLong@gmail.com,9268336070,2003-03-24
US_5626,Chad Pennington,ChadPennington@gmail.com,9871212306,1978-03-15
US_5627,Michael Rosario,MichaelRosario@gmail.com,9836338860,1990-06-28
US_5628,Joyce Webster,JoyceWebster@gmail.com,7420584736,1973-02-20
US_5629,Kristie Hendrix MD,KristieHendrix@gmail.com,8010783923,1986-04-17
US_5631,Linda Henderson,LindaHenderson@gmail.com,9765991066,1994-08-27
US_5632,Anthony Ashley,AnthonyAshley@gmail.com,7622948841,2001-06-24
US_5633,Michael Khan,MichaelKhan@gmail.com,8052972649,1959-02-16
US_5634,Stacey Thomas,StaceyThomas@gmail.com,9494549436,1966-11-08
US_5635,Joseph Jones,JosephJones@gmail.com,7792650585,1969-09-02
US_5637,April Wallace,AprilWallace@gmail.com,8714385612,1992-12-02
US_5638,Gregory Martin,GregoryMartin@gmail.com,8072654375,1987-03-02
US_5639,Krista White,KristaWhite@gmail.com,8759884928,1992-11-22
US_5640,Tyler Garcia,TylerGarcia@gmail.com,7393493549,1984-08-31
US_5641,Molly Jackson,MollyJackson@gmail.com,9521001888,1997-01-16
US_5642,Thomas Floyd,ThomasFloyd@gmail.com,9902172106,1988-02-06
US_5643,Susan Sharp,SusanSharp@gmail.com,8500914735,1966-08-19
US_5644,Krystal Hamilton,KrystalHamilton@gmail.com,7949025346,2005-05-15
US_5645,Kathy Lewis,KathyLewis@gmail.com,9143321793,2000-02-21
US_5647,Emily Brady,EmilyBrady@gmail.com,9143591479,1962-04-08
US_5648,Julie Padilla,JuliePadilla@gmail.com,8624887262,2004-03-10
US_5649,Justin Williams,JustinWilliams@gmail.com,8693109501,1996-07-28
US_5650,Willie Morgan,WillieMorgan@gmail.com,8405622627,1998-06-03
US_5651,Joseph Stokes,JosephStokes@gmail.com,7541324655,1968-01-22
US_5652,Cindy Kelley,CindyKelley@gmail.com,9138715666,1983-01-25
US_5653,Tommy Romero,TommyRomero@gmail.com,9369803819,1999-09-26
US_5654,Stephanie Lara,StephanieLara@gmail.com,7620270679,1999-09-20
US_5655,Tyrone Collins,TyroneCollins@gmail.com,9419848989,1990-12-07
US_5656,Brendan Palmer,BrendanPalmer@gmail.com,8290894684,1973-08-29
US_5658,Juan Gilbert,JuanGilbert@gmail.com,8958549248,1989-06-13
US_5659,Lori Roberson,LoriRoberson@gmail.com,7654222850,1983-06-03
US_5661,Donald Freeman,DonaldFreeman@gmail.com,7794104252,1979-04-16
US_5662,Daniel Anderson,DanielAnderson@gmail.com,7279038448,1955-11-22
US_5663,Kelly Rodriguez,KellyRodriguez@gmail.com,8710249365,1976-05-20
US_5664,Troy Ward,TroyWard@gmail.com,7350316087,2000-11-26
US_5668,Melissa Robinson,MelissaRobinson@gmail.com,8488638920,1971-07-28
US_5669,Mitchell Jimenez,MitchellJimenez@gmail.com,8306096826,1988-04-22
US_5670,Bethany Liu,BethanyLiu@gmail.com,7162599734,1996-08-31
US_5671,Mitchell Williams,MitchellWilliams@gmail.com,7582731808,1992-12-08
US_5672,Bianca Davis,BiancaDavis@gmail.com,7420568020,1974-10-06
US_5673,Anthony King,AnthonyKing@gmail.com,8750831985,2003-11-27
US_5674,Michael Summers,MichaelSummers@gmail.com,8849438656,1985-03-26
US_5675,Ricky Hall,RickyHall@gmail.com,9234884376,1980-08-09
US_5676,Joyce Kelly,JoyceKelly@gmail.com,8983005081,1970-03-25
US_5677,Anne Medina,AnneMedina@gmail.com,7558418071,2007-02-17
US_5678,Benjamin Johnson,BenjaminJohnson@gmail.com,8973670425,1999-10-12
US_5679,Kyle Perry,KylePerry@gmail.com,8580961407,1982-12-06
US_5680,Melissa Newton,MelissaNewton@gmail.com,8566189935,2005-07-20
US_5681,James Franklin,JamesFranklin@gmail.com,7743841781,1962-03-13
US_5682,Caitlin Curry,CaitlinCurry@gmail.com,8607895372,1977-08-01
US_5683,Barbara Glover,BarbaraGlover@gmail.com,9687490367,1994-07-28
US_5684,Ryan Harmon,RyanHarmon@gmail.com,9379296771,1989-09-12
US_5685,Andrea Hughes,AndreaHughes@gmail.com,7731699946,1964-12-15
US_5686,Keith Solis,KeithSolis@gmail.com,8395084126,2004-12-13
US_5687,Bryan Tucker,BryanTucker@gmail.com,9301933721,2006-01-06
US_5688,Holly Grant,HollyGrant@gmail.com,7874516034,1971-04-23
US_5689,Ryan Skinner,RyanSkinner@gmail.com,7526534458,1965-04-19
US_5690,Julia Mullins,JuliaMullins@gmail.com,8111758553,1993-05-03
US_5691,Janet Graves,JanetGraves@gmail.com,9301773315,1991-03-09
US_5692,Angela Hunt,AngelaHunt@gmail.com,8117883944,1973-11-09
US_5693,Isaiah Turner,IsaiahTurner@gmail.com,7741239835,1972-01-04
US_5694,Phillip Scott,PhillipScott@gmail.com,9431665578,1955-07-04
US_5695,Jessica Reynolds,JessicaReynolds@gmail.com,8251840778,1975-09-27
US_5696,Melinda Jacobs,MelindaJacobs@gmail.com,7746370410,2002-01-01
US_5697,Danny Butler,DannyButler@gmail.com,7129955364,1959-06-16
US_5698,Matthew Bennett,MatthewBennett@gmail.com,7079740537,1964-01-05
US_5699,Carl Jackson,CarlJackson@gmail.com,9393904135,1961-03-10
US_5700,Stephen Wilson,StephenWilson@gmail.com,7855467944,1994-05-10
US_5702,Chad Poole,ChadPoole@gmail.com,8749714897,1964-10-27
US_5703,Matthew Dominguez,MatthewDominguez@gmail.com,7055169614,2002-05-26
US_5704,Christian Shelton,ChristianShelton@gmail.com,9203091585,1965-05-15
US_5705,Makayla Friedman,MakaylaFriedman@gmail.com,7476056825,2005-07-03
US_5706,Katherine Downs,KatherineDowns@gmail.com,7585421800,1976-11-13
US_5707,Lisa Singh,LisaSingh@gmail.com,7311854091,1956-01-07
US_5708,Brittany Allen,BrittanyAllen@gmail.com,7341637063,1997-12-31
US_5709,Robert Miller,RobertMiller@gmail.com,8055313151,1984-03-11
US_5710,Melanie Baker,MelanieBaker@gmail.com,9380861190,1989-07-16
US_5711,Gerald Allen,GeraldAllen@gmail.com,9526834867,1965-12-03
US_5712,Vincent Hays,VincentHays@gmail.com,9473747739,1987-05-12
US_5713,Valerie Lopez,ValerieLopez@gmail.com,7316751092,1957-08-10
US_5714,Anthony Schmidt,AnthonySchmidt@gmail.com,7215038239,1985-08-13
US_5715,Dean Harris,DeanHarris@gmail.com,9799049981,1978-02-21
US_5716,Rhonda Allen,RhondaAllen@gmail.com,7351994323,1974-02-20
US_5717,Ruben Charles,RubenCharles@gmail.com,8791170731,2001-10-08
US_5718,Jennifer Brooks,JenniferBrooks@gmail.com,9092708670,1971-10-05
US_5719,Jacqueline Owens,JacquelineOwens@gmail.com,9722605547,2000-11-06
US_5720,Sydney Elliott,SydneyElliott@gmail.com,9320369125,1955-04-07
US_5721,Gary Chavez,GaryChavez@gmail.com,9447147969,1985-12-17
US_5722,Stephanie Salinas,StephanieSalinas@gmail.com,9780769700,1962-12-19
US_5723,Raymond Valenzuela,RaymondValenzuela@gmail.com,7338982337,1978-07-26
US_5724,Theresa Ward,TheresaWard@gmail.com,8917408079,1978-04-05
US_5725,Jacob Kennedy,JacobKennedy@gmail.com,9363916649,1956-01-23
US_5726,Jenna Velazquez,JennaVelazquez@gmail.com,8084987646,1978-02-03
US_5727,Kathryn Rivers,KathrynRivers@gmail.com,7336212290,1960-02-02
US_5728,Daniel Ramirez,DanielRamirez@gmail.com,9726363565,2004-11-14
US_5729,Greg Wood,GregWood@gmail.com,7489950618,1997-09-18
US_5730,Susan Armstrong,SusanArmstrong@gmail.com,9829343672,1992-04-04
US_5731,Taylor Stark,TaylorStark@gmail.com,9051380223,2003-05-02
US_5732,Brandon Peterson,BrandonPeterson@gmail.com,9358390753,1972-01-11
US_5733,Linda Morris,LindaMorris@gmail.com,7460165532,1965-06-01
US_5734,Laura Sanders,LauraSanders@gmail.com,7048912150,1981-08-12
US_5735,Catherine Castaneda,CatherineCastaneda@gmail.com,7370533458,1996-02-06
US_5736,Jesse Pollard,JessePollard@gmail.com,7512390233,1964-11-08
US_5737,Jacob Love,JacobLove@gmail.com,7527163353,1986-04-16
US_5738,Mrs. Janice Fitzpatrick,Mrs.Janice@gmail.com,7443340688,1983-01-03
US_5739,Zachary Mckay,ZacharyMckay@gmail.com,7725497142,1994-12-30
US_5740,Lauren Wright,LaurenWright@gmail.com,7826510232,1997-02-08
US_5741,Teresa Velasquez,TeresaVelasquez@gmail.com,9008454058,1965-11-02
US_5742,Eugene Parker,EugeneParker@gmail.com,7531647954,1979-08-06
US_5743,Amy Knight,AmyKnight@gmail.com,8854222988,1990-08-23
US_5744,Randy Perez,RandyPerez@gmail.com,7076963736,1985-08-21
US_5745,Melanie Smith,MelanieSmith@gmail.com,7529015415,1996-07-26
US_5747,Samantha Gillespie,SamanthaGillespie@gmail.com,7941138086,1989-05-01
US_5748,Bryan Richardson,BryanRichardson@gmail.com,9804457823,1963-10-26
US_5749,Anna Cantu,AnnaCantu@gmail.com,8420293916,1981-01-11
US_5750,Christopher Cox,ChristopherCox@gmail.com,8252174033,1993-12-15
US_5751,Diana Kemp,DianaKemp@gmail.com,9203924486,1990-07-04
US_5752,Taylor Salinas,TaylorSalinas@gmail.com,8682523519,2001-06-14
US_5753,Ryan Santos,RyanSantos@gmail.com,8618393812,1997-03-28
US_5754,Amber Crawford,AmberCrawford@gmail.com,7786687754,1983-10-08
US_5755,Carla Wong,CarlaWong@gmail.com,9487001981,1998-01-28
US_5756,Allison Rice,AllisonRice@gmail.com,9247184152,1972-02-11
US_5757,Sheri Hoover,SheriHoover@gmail.com,7819556739,2001-01-16
US_5758,Jeremy Chavez,JeremyChavez@gmail.com,8377493084,1955-09-02
US_5761,Maria Williams,MariaWilliams@gmail.com,8430535189,1970-01-14
US_5762,Melody Ochoa,MelodyOchoa@gmail.com,7126373936,2005-11-05
US_5763,Tara Brown,TaraBrown@gmail.com,9659697311,1954-06-14
US_5764,Holly Banks,HollyBanks@gmail.com,9592434043,1963-12-14
US_5765,Amber Johnson,AmberJohnson@gmail.com,7445048879,1984-01-10
US_5766,Scott Thompson,ScottThompson@gmail.com,8614654498,1974-05-05
US_5767,Eric Flores,EricFlores@gmail.com,8318610811,1955-07-08
US_5768,Theresa Wilson,TheresaWilson@gmail.com,7568543674,1964-11-01
US_5770,Becky Sellers,BeckySellers@gmail.com,7485345938,1965-05-25
US_5771,Kendra Burton,KendraBurton@gmail.com,9797953834,1998-03-28
US_5772,Wyatt Kerr,WyattKerr@gmail.com,7307736468,1965-01-14
US_5773,Craig Dean,CraigDean@gmail.com,7704532849,1969-12-15
US_5774,Christian Rowe,ChristianRowe@gmail.com,8681995368,1985-05-07
US_5776,Nicholas Chase,NicholasChase@gmail.com,9822690830,1993-09-28
US_5777,Hailey Ball,HaileyBall@gmail.com,7588418387,1974-08-09
US_5778,Heather Barry,HeatherBarry@gmail.com,7976504731,1979-04-28
US_5779,Cindy Young,CindyYoung@gmail.com,8731836504,1962-07-21
US_5780,Mark Townsend,MarkTownsend@gmail.com,7893063526,1971-08-01
US_5782,Lisa Smith,LisaSmith@gmail.com,7237484525,1973-11-23
US_5783,John Steele,JohnSteele@gmail.com,8116042158,1968-08-22
US_5784,Sandra Casey,SandraCasey@gmail.com,7084579560,2006-04-06
US_5785,Darrell Simmons,DarrellSimmons@gmail.com,8013859898,1988-07-06
US_5786,Valerie Harrison,ValerieHarrison@gmail.com,9598658962,1974-09-07
US_5787,Anthony Cherry,AnthonyCherry@gmail.com,9212647036,1979-09-10
US_5788,Cody Lawson,CodyLawson@gmail.com,9563544159,1994-03-02
US_5789,Barbara Wagner,BarbaraWagner@gmail.com,9353872248,1993-10-10
US_5790,Scott James,ScottJames@gmail.com,8079257767,2004-11-16
US_5792,Matthew Farley,MatthewFarley@gmail.com,8061526467,1977-01-25
US_5793,Mrs. Tonya Byrd,Mrs.Tonya@gmail.com,7248041508,1982-08-07
US_5795,Mary Wilkinson,MaryWilkinson@gmail.com,8294796217,1961-08-01
US_5797,Peggy Mendoza,PeggyMendoza@gmail.com,8117641015,1982-12-15
US_5798,Paul Anderson,PaulAnderson@gmail.com,9459654814,1978-05-08
US_5799,Wayne Robinson,WayneRobinson@gmail.com,9055034127,1958-12-09
US_5800,Brittany Farley,BrittanyFarley@gmail.com,8949141423,1988-09-12
US_5801,Katie Walters,KatieWalters@gmail.com,8337478312,1970-12-26
US_5802,Dorothy Osborn,DorothyOsborn@gmail.com,7307848497,1973-03-17
US_5803,William Hodge,WilliamHodge@gmail.com,9694036481,1999-07-24
US_5804,Michelle Ortega,MichelleOrtega@gmail.com,7896624952,1995-10-03
US_5805,Shannon White,ShannonWhite@gmail.com,8909021462,1986-08-12
US_5806,Jennifer Bennett,JenniferBennett@gmail.com,9429768388,1983-10-03
US_5808,Matthew Mccullough,MatthewMccullough@gmail.com,7888150792,2001-02-17
US_5809,Steven Tyler,StevenTyler@gmail.com,7022626699,1984-05-12
US_5810,Robert Jones,RobertJones@gmail.com,8598740904,1978-06-11
US_5811,Kim Nelson,KimNelson@gmail.com,8395722329,2003-11-13
US_5812,Katherine Garcia,KatherineGarcia@gmail.com,7036353268,1998-11-24
US_5813,John Stewart,JohnStewart@gmail.com,9855934574,2000-08-20
US_5814,Tiffany Barton,TiffanyBarton@gmail.com,7931102082,1994-12-02
US_5815,Erica Smith,EricaSmith@gmail.com,7622600212,1962-08-05
US_5816,Colleen Cruz,ColleenCruz@gmail.com,8612924196,1996-03-09
US_5817,Anthony Mueller,AnthonyMueller@gmail.com,9964099966,1993-11-16
US_5818,Crystal Clayton,CrystalClayton@gmail.com,9817352640,1977-06-13
US_5819,Jacob Brown,JacobBrown@gmail.com,7595817245,2006-08-25
US_5821,Keith Lloyd,KeithLloyd@gmail.com,7658092329,1956-06-25
US_5822,Mary Richardson,MaryRichardson@gmail.com,7138893792,1981-03-15
US_5823,Nathan Jones,NathanJones@gmail.com,7877129653,1954-08-06
US_5824,Tamara Peterson,TamaraPeterson@gmail.com,8438624497,1971-05-21
US_5825,Alan Mahoney,AlanMahoney@gmail.com,9204140770,1980-07-29
US_5826,Nathan Vargas,NathanVargas@gmail.com,9759765446,1967-01-25
US_5827,Frank Payne,FrankPayne@gmail.com,8342006864,1982-05-25
US_5828,Cody Woods,CodyWoods@gmail.com,8943853219,1968-09-10
US_5829,Chad King,ChadKing@gmail.com,9363656384,1996-02-03
US_5831,Marissa Davis,MarissaDavis@gmail.com,7860283714,1975-01-20
US_5832,Ann Parker,AnnParker@gmail.com,9471583325,1958-02-27
US_5833,Laura Walton,LauraWalton@gmail.com,9877088348,1955-08-03
US_5834,Travis Powell,TravisPowell@gmail.com,9561528413,1982-11-05
US_5835,Maria Sullivan,MariaSullivan@gmail.com,7166665588,1991-03-01
US_5836,Kelly Lewis,KellyLewis@gmail.com,9696836598,1994-02-17
US_5837,John Webb,JohnWebb@gmail.com,7461624559,1956-09-27
US_5838,Lance Townsend,LanceTownsend@gmail.com,8790944340,1963-01-20
US_5839,Matthew Leonard,MatthewLeonard@gmail.com,7484013759,1987-08-19
US_5840,Tyler Dominguez,TylerDominguez@gmail.com,8468312520,1990-06-30
US_5841,Kimberly Alvarez,KimberlyAlvarez@gmail.com,7795054112,1988-05-30
US_5842,Heather Pittman,HeatherPittman@gmail.com,9975704230,1958-09-26
US_5843,Teresa Cohen,TeresaCohen@gmail.com,7583233082,1956-11-17
US_5844,Melissa Parker,MelissaParker@gmail.com,7395944067,1978-09-18
US_5845,Brandon Carrillo,BrandonCarrillo@gmail.com,9240087865,1977-04-28
US_5846,Colin Mckay,ColinMckay@gmail.com,8085406936,1969-05-31
US_5847,Rachel Walsh,RachelWalsh@gmail.com,8698886470,1996-11-02
US_5848,Caleb Williams,CalebWilliams@gmail.com,8436435866,1984-05-04
US_5849,Benjamin Wilkinson,BenjaminWilkinson@gmail.com,8149313945,1977-11-15
US_5850,Katelyn Gray,KatelynGray@gmail.com,9368353375,1977-06-11
US_5851,Kristine Bryant DVM,KristineBryant@gmail.com,7712989645,1965-07-17
US_5854,Maurice Graham,MauriceGraham@gmail.com,7646024894,1998-01-03
US_5855,Kenneth Watkins,KennethWatkins@gmail.com,9025547249,1989-05-02
US_5856,Stacey Davis,StaceyDavis@gmail.com,8684198572,1986-09-12
US_5857,Janice Bailey,JaniceBailey@gmail.com,8210428826,1965-10-02
US_5858,Amanda Hodge,AmandaHodge@gmail.com,9370434286,1967-12-26
US_5859,Jason Gomez,JasonGomez@gmail.com,7922952198,2001-06-24
US_5861,Vanessa Cunningham,VanessaCunningham@gmail.com,9444454035,1980-02-01
US_5862,Tonya Alexander,TonyaAlexander@gmail.com,7444552417,1991-09-13
US_5863,Mark Santos,MarkSantos@gmail.com,7872550185,1984-01-09
US_5864,Michael Walker,MichaelWalker@gmail.com,8358042127,2002-07-20
US_5865,Michael Watkins,MichaelWatkins@gmail.com,7427884516,1995-02-12
US_5866,Cassidy Bailey,CassidyBailey@gmail.com,8689025238,1958-09-26
US_5867,Christopher Gutierrez,ChristopherGutierrez@gmail.com,9377589957,1974-12-26
US_5868,Elijah Archer,ElijahArcher@gmail.com,7754321588,1989-08-20
US_5869,Lisa Hendricks,LisaHendricks@gmail.com,9587072455,1992-12-15
US_5870,Kristin Hudson,KristinHudson@gmail.com,8734979663,1980-04-21
US_5871,James Livingston,JamesLivingston@gmail.com,9209702558,1956-11-03
US_5872,Jeffrey Evans,JeffreyEvans@gmail.com,7727762400,1972-09-23
US_5873,Dennis Santana,DennisSantana@gmail.com,7944250891,1959-08-12
US_5874,Nichole Parker,NicholeParker@gmail.com,8013445508,2003-08-29
US_5875,Benjamin Mosley,BenjaminMosley@gmail.com,8211865101,1972-01-31
US_5876,Jennifer Reilly,JenniferReilly@gmail.com,9012748609,1999-10-13
US_5878,Shannon Hill,ShannonHill@gmail.com,8434024991,1993-03-18
US_5879,Darrell Ibarra,DarrellIbarra@gmail.com,9177110917,1971-08-25
US_5880,Deborah Fox,DeborahFox@gmail.com,8485910586,1955-03-12
US_5882,Anthony Murphy,AnthonyMurphy@gmail.com,8783678276,1992-11-02
US_5883,Larry Woods,LarryWoods@gmail.com,9623016823,1965-09-21
US_5884,Virginia Caldwell,VirginiaCaldwell@gmail.com,8522669540,1994-03-22
US_5885,Patricia Boyd,PatriciaBoyd@gmail.com,9487231052,2005-02-11
US_5886,Debra Wright,DebraWright@gmail.com,8796367303,1965-01-21
US_5887,Adam Shannon,AdamShannon@gmail.com,9900874268,1995-01-11
US_5888,Betty Vazquez,BettyVazquez@gmail.com,7639313798,1960-09-17
US_5890,Steven Stone,StevenStone@gmail.com,9340924660,1958-09-24
US_5891,Mark Mueller,MarkMueller@gmail.com,8996445252,1992-05-07
US_5892,John Richards,JohnRichards@gmail.com,8718246734,1961-03-25
US_5893,Beth Sanchez,BethSanchez@gmail.com,9966049471,1977-07-13
US_5894,Donald Reynolds,DonaldReynolds@gmail.com,7810897907,1976-01-01
US_5895,Timothy Hernandez,TimothyHernandez@gmail.com,7527627096,1985-10-07
US_5896,Lacey Morrow,LaceyMorrow@gmail.com,7354962297,1955-05-04
US_5897,Omar Kelly,OmarKelly@gmail.com,9198382808,1982-10-31
US_5898,Brian Gross,BrianGross@gmail.com,9960530168,1965-02-01
US_5899,Scott Lin,ScottLin@gmail.com,8534399889,1997-06-18
US_5900,Linda Lee,LindaLee@gmail.com,9591310042,1985-09-28
US_5901,Lori Franco,LoriFranco@gmail.com,8923291278,1961-11-13
US_5902,Kristi Jordan,KristiJordan@gmail.com,8075367407,1972-05-29
US_5903,Tammy Lynch,TammyLynch@gmail.com,8373276951,1986-01-30
US_5904,Debbie Ward,DebbieWard@gmail.com,8689224089,1967-03-22
US_5905,David Murphy,DavidMurphy@gmail.com,8939936670,1984-08-22
US_5906,Bradley Walker,BradleyWalker@gmail.com,8192220443,1968-09-26
US_5907,Jacqueline Dyer,JacquelineDyer@gmail.com,7045112193,1983-07-08
US_5908,Clifford Poole,CliffordPoole@gmail.com,7465779026,1985-11-17
US_5910,Chloe Ellis,ChloeEllis@gmail.com,7274324287,1997-08-28
US_5911,Jason Douglas,JasonDouglas@gmail.com,9008369173,1973-06-04
US_5912,David Hayes,DavidHayes@gmail.com,8461029854,1991-02-07
US_5913,Kathy Steele,KathySteele@gmail.com,8366566058,1985-06-26
US_5914,Jennifer Underwood,JenniferUnderwood@gmail.com,7295055657,2005-11-23
US_5915,Amanda Moody,AmandaMoody@gmail.com,7515470015,1955-06-06
US_5916,Marilyn Page DVM,MarilynPage@gmail.com,8884526254,2004-05-25
US_5917,Diana Mullins,DianaMullins@gmail.com,9594717896,1980-08-31
US_5918,Brittany Ballard,BrittanyBallard@gmail.com,8731908289,1997-03-10
US_5919,Matthew Freeman,MatthewFreeman@gmail.com,8905489557,1999-06-16
US_5920,Amy Baker,AmyBaker@gmail.com,7998288652,1990-11-22
US_5921,Elizabeth Skinner MD,ElizabethSkinner@gmail.com,7275099146,1967-09-01
US_5922,Riley Davenport,RileyDavenport@gmail.com,7060050329,1962-03-06
US_5923,Carla Briggs,CarlaBriggs@gmail.com,7852575116,1996-11-03
US_5924,Diana Myers,DianaMyers@gmail.com,7018768181,1987-12-25
US_5925,Paul Blair,PaulBlair@gmail.com,8759020109,1965-12-20
US_5926,Olivia Gonzalez,OliviaGonzalez@gmail.com,9184651348,1999-10-14
US_5927,Xavier Hanson,XavierHanson@gmail.com,9096741689,1995-09-27
US_5928,Chad Taylor,ChadTaylor@gmail.com,7524063136,1969-01-02
US_5929,William Lewis,WilliamLewis@gmail.com,8824517236,1957-02-01
US_5931,John Jones,JohnJones@gmail.com,7736448368,1956-05-30
US_5932,Meagan Patterson,MeaganPatterson@gmail.com,8129444768,1997-04-14
US_5933,Timothy Smith,TimothySmith@gmail.com,9050126119,1961-12-15
US_5934,Brenda Mendoza,BrendaMendoza@gmail.com,8857347011,2004-06-11
US_5935,Nicole Edwards,NicoleEdwards@gmail.com,7615513892,1982-11-28
US_5937,Anthony David,AnthonyDavid@gmail.com,8603326395,1979-06-06
US_5938,David Perkins,DavidPerkins@gmail.com,7907339619,1991-08-29
US_5939,Rose Jackson,RoseJackson@gmail.com,7898083603,1995-09-09
US_5940,Devin Hardin,DevinHardin@gmail.com,9603596255,1991-08-05
US_5941,Amber Fernandez,AmberFernandez@gmail.com,8721517379,1962-01-02
US_5942,Travis Marsh,TravisMarsh@gmail.com,8796716578,1974-08-12
US_5943,Rebecca Lowery,RebeccaLowery@gmail.com,8930270337,1955-08-31
US_5944,Jesse Martin,JesseMartin@gmail.com,9712349774,1984-03-27
US_5945,Robert Carter,RobertCarter@gmail.com,7024747254,1999-07-29
US_5946,Amy Olsen,AmyOlsen@gmail.com,8527777047,1970-06-16
US_5947,Sydney Green,SydneyGreen@gmail.com,8059527045,1966-10-24
US_5948,Julia Parsons,JuliaParsons@gmail.com,9512481851,1964-10-18
US_5949,Thomas May,ThomasMay@gmail.com,7215167809,1971-01-23
US_5950,Erica Green,EricaGreen@gmail.com,8206991977,1957-07-21
US_5951,Richard Burke,RichardBurke@gmail.com,7338681851,1999-09-06
US_5953,Joshua Herrera,JoshuaHerrera@gmail.com,9216700765,1982-01-30
US_5954,Brittany Byrd,BrittanyByrd@gmail.com,9116874152,1960-10-17
US_5955,Gina Brennan,GinaBrennan@gmail.com,7100627265,1997-12-25
US_5956,Christopher George,ChristopherGeorge@gmail.com,9547487209,1986-02-09
US_5957,Lauren Watts,LaurenWatts@gmail.com,7886124463,1972-01-01
US_5958,Peter Campbell,PeterCampbell@gmail.com,7150514274,2001-10-30
US_5959,Jonathon Stevenson,JonathonStevenson@gmail.com,9221118583,1957-09-21
US_5960,Karla Burton,KarlaBurton@gmail.com,7818018731,1966-02-10
US_5961,Randy Jones,RandyJones@gmail.com,8720741168,1986-08-07
US_5963,Joseph Church,JosephChurch@gmail.com,7497330915,1972-07-28
US_5964,Michael Haas,MichaelHaas@gmail.com,9444803695,1997-12-24
US_5965,Renee Newton,ReneeNewton@gmail.com,8966666703,1964-07-23
US_5966,Thomas Daugherty,ThomasDaugherty@gmail.com,8469521111,1991-01-09
US_5967,Scott Roy,ScottRoy@gmail.com,8482159677,1967-04-26
US_5969,Heather Matthews,HeatherMatthews@gmail.com,7586499433,1962-10-29
US_5970,Darlene Kelly,DarleneKelly@gmail.com,8118856734,2000-09-26
US_5971,Nancy Merritt,NancyMerritt@gmail.com,9440444718,1977-11-01
US_5972,Brian Thompson,BrianThompson@gmail.com,7268528307,1973-03-23
US_5973,Theresa Goodman,TheresaGoodman@gmail.com,8195889191,1987-01-15
US_5974,Justin White,JustinWhite@gmail.com,8687270649,1992-01-25
US_5975,Scott Hernandez,ScottHernandez@gmail.com,9873830410,1995-04-15
US_5976,Christopher Shelton,ChristopherShelton@gmail.com,9772310133,1962-09-12
US_5977,Debbie Koch,DebbieKoch@gmail.com,9356783057,1985-11-24
US_5978,Tyler Stout,TylerStout@gmail.com,9621405631,1974-07-24
US_5979,April Ryan,AprilRyan@gmail.com,8223490716,1987-05-23
US_5980,William Phillips,WilliamPhillips@gmail.com,9101319703,1981-05-30
US_5981,Taylor Smith,TaylorSmith@gmail.com,8132360734,1961-01-20
US_5982,Kelly Romero,KellyRomero@gmail.com,8951283705,1988-05-24
US_5983,Erin Nelson,ErinNelson@gmail.com,8810810428,2005-01-16
US_5984,Christopher Dalton,ChristopherDalton@gmail.com,9747650678,1982-07-10
US_5985,Jamie Romero,JamieRomero@gmail.com,9493133228,1973-03-07
US_5986,Logan Golden,LoganGolden@gmail.com,8320260602,1963-09-21
US_5987,Michael Crawford,MichaelCrawford@gmail.com,8634339647,2006-10-26
US_5988,Stephanie Sanders,StephanieSanders@gmail.com,7269210822,1954-05-19
US_5989,Christine Meza,ChristineMeza@gmail.com,9104962886,1954-03-22
US_5990,Emily Hall,EmilyHall@gmail.com,9517266346,1979-01-04
US_5991,Thomas Wells,ThomasWells@gmail.com,7858805603,1960-11-02
US_5992,Caitlin Howard,CaitlinHoward@gmail.com,7592259581,1976-06-29
US_5993,Jason Blackwell,JasonBlackwell@gmail.com,9604977227,2006-06-29
US_5994,Bradley Pacheco,BradleyPacheco@gmail.com,9692065441,1967-05-16
US_5995,Matthew Armstrong,MatthewArmstrong@gmail.com,8332116430,1972-07-28
US_5996,Brittany Mitchell,BrittanyMitchell@gmail.com,7889611657,1954-11-27
US_5997,Thomas Friedman,ThomasFriedman@gmail.com,9873082976,1955-07-18
US_5998,Colleen Hernandez,ColleenHernandez@gmail.com,8413420993,1997-01-15
US_5999,Peter Haynes,PeterHaynes@gmail.com,8626309720,2005-02-07
US_6000,Jeffrey Ford,JeffreyFord@gmail.com,8327002834,1971-10-13
US_6001,Brittany Ortiz,BrittanyOrtiz@gmail.com,8922892984,2001-04-24
US_6002,Miranda Beck,MirandaBeck@gmail.com,7111145013,1983-10-06
US_6003,Amanda Bennett,AmandaBennett@gmail.com,8746477617,1981-08-23
US_6004,David Robertson,DavidRobertson@gmail.com,8370783030,2004-12-14
US_6006,Brian Pena,BrianPena@gmail.com,8277755206,1968-08-17
US_6007,Amanda Nelson,AmandaNelson@gmail.com,8564584977,1954-10-24
US_6008,Sarah Bush,SarahBush@gmail.com,8739804265,1967-06-07
US_6010,Anna Poole,AnnaPoole@gmail.com,9259679338,1957-03-05
US_6011,Jacqueline Phillips,JacquelinePhillips@gmail.com,8740556972,1971-07-10
US_6012,Sophia Dawson,SophiaDawson@gmail.com,8931821287,1955-01-07
US_6013,Sheila Stephens,SheilaStephens@gmail.com,8792571239,1997-07-19
US_6014,Wendy Evans,WendyEvans@gmail.com,7014613957,1991-10-23
US_6015,Phillip Rodriguez,PhillipRodriguez@gmail.com,7103680794,1963-06-09
US_6016,Justin Brown,JustinBrown@gmail.com,8983851303,1978-06-22
US_6017,Eric Anderson,EricAnderson@gmail.com,7470235552,1958-11-19
US_6018,April Norton,AprilNorton@gmail.com,7585340584,1979-03-15
US_6019,Timothy Sexton,TimothySexton@gmail.com,9830823667,1966-04-27
US_6021,Tina Little,TinaLittle@gmail.com,9498134241,2006-09-30
US_6022,Seth Curry,SethCurry@gmail.com,8276783701,1991-11-29
US_6023,Barbara Graham,BarbaraGraham@gmail.com,8504032790,1983-02-27
US_6024,Edward White,EdwardWhite@gmail.com,8651491431,2006-03-12
US_6025,Michelle Graham,MichelleGraham@gmail.com,8309905770,1969-09-26
US_6026,Benjamin White,BenjaminWhite@gmail.com,9107510439,1994-10-30
US_6027,Austin Mitchell,AustinMitchell@gmail.com,9627411821,1975-10-02
US_6028,Kim Flynn,KimFlynn@gmail.com,8180559999,1976-12-08
US_6029,Nicholas Pace,NicholasPace@gmail.com,7879405084,1963-11-27
US_6030,Laura Atkins,LauraAtkins@gmail.com,7052007220,2001-07-27
US_6031,Ann Huffman,AnnHuffman@gmail.com,8671751581,1988-09-22
US_6032,Roger Sullivan,RogerSullivan@gmail.com,9702941598,1954-10-08
US_6033,Vanessa Ramirez,VanessaRamirez@gmail.com,7669401910,1975-09-10
US_6034,Anne Martin,AnneMartin@gmail.com,7723882279,2002-03-20
US_6035,Ashley Dunn,AshleyDunn@gmail.com,8314605081,1993-08-20
US_6036,Shaun Henderson,ShaunHenderson@gmail.com,8482314812,1976-08-24
US_6038,Aaron Mayer,AaronMayer@gmail.com,8247857988,1980-08-13
US_6039,Kimberly Lee,KimberlyLee@gmail.com,9048582630,2006-11-05
US_6040,Shane Smith,ShaneSmith@gmail.com,9313629903,1977-11-23
US_6041,Erin White,ErinWhite@gmail.com,7969556196,1956-04-16
US_6042,Joseph Young,JosephYoung@gmail.com,8728381196,1996-03-26
US_6043,Taylor Tran,TaylorTran@gmail.com,9987172980,1977-09-05
US_6044,Jason Patrick,JasonPatrick@gmail.com,7704282661,1981-05-30
US_6045,Richard Saunders,RichardSaunders@gmail.com,8085235303,1982-01-01
US_6046,Jerry Ferguson,JerryFerguson@gmail.com,8747425696,1981-04-18
US_6047,Rodney Avila,RodneyAvila@gmail.com,7364843968,1968-10-24
US_6048,Shannon Thompson,ShannonThompson@gmail.com,9495918730,1980-06-11
US_6049,Stacy Macias,StacyMacias@gmail.com,7667186965,1998-05-10
US_6050,Stephanie Nunez,StephanieNunez@gmail.com,9683205959,2001-09-10
US_6051,Christina Olsen,ChristinaOlsen@gmail.com,9843155845,2004-02-17
US_6052,Paul Wagner,PaulWagner@gmail.com,7693156176,1973-02-05
US_6053,Sophia Richmond,SophiaRichmond@gmail.com,8208320444,1963-11-30
US_6054,Nicole Tate,NicoleTate@gmail.com,9040119990,1997-01-29
US_6056,Traci Rodriguez,TraciRodriguez@gmail.com,8842815437,1986-05-29
US_6057,Cheryl Beck,CherylBeck@gmail.com,8945907169,1956-12-09
US_6058,Christina Perez,ChristinaPerez@gmail.com,9513939245,1973-01-07
US_6059,Annette Fernandez,AnnetteFernandez@gmail.com,7068806393,1994-12-06
US_6060,Tricia Bailey,TriciaBailey@gmail.com,9160990745,1985-06-07
US_6061,Omar Chandler,OmarChandler@gmail.com,8616943193,2006-12-27
US_6062,John Erickson,JohnErickson@gmail.com,7638778095,2000-01-27
US_6063,Teresa Smith,TeresaSmith@gmail.com,9466454276,2002-11-21
US_6064,Karen Cruz,KarenCruz@gmail.com,9406262694,1970-07-10
US_6065,Jenny Soto,JennySoto@gmail.com,9577118758,1975-01-16
US_6066,Kevin Smith,KevinSmith@gmail.com,9689664022,2006-10-23
US_6067,Kimberly Garcia,KimberlyGarcia@gmail.com,9477578767,1961-06-25
US_6068,Deborah Townsend,DeborahTownsend@gmail.com,8596230619,1998-06-25
US_6069,Julie Wallace,JulieWallace@gmail.com,7778720549,1954-09-09
US_6070,Joe Gordon,JoeGordon@gmail.com,7925468534,1959-06-25
US_6071,Wayne Barnes,WayneBarnes@gmail.com,7131788587,1991-06-20
US_6072,Maria Weaver,MariaWeaver@gmail.com,7645402985,1966-08-27
US_6073,Matthew Thompson,MatthewThompson@gmail.com,9332142626,1972-12-26
US_6074,Wanda Short,WandaShort@gmail.com,8884919583,1981-09-07
US_6075,James Richardson,JamesRichardson@gmail.com,9117003666,1997-08-12
US_6076,Jennifer Cruz,JenniferCruz@gmail.com,7030111557,1966-07-22
US_6077,Sergio Andrews,SergioAndrews@gmail.com,7042303580,1980-03-05
US_6078,Franklin Harris,FranklinHarris@gmail.com,7335993096,1969-11-22
US_6079,Leslie Vance,LeslieVance@gmail.com,8100374525,1994-09-23
US_6080,Gabriel Guzman,GabrielGuzman@gmail.com,9611897365,1959-07-07
US_6081,Lori Smith,LoriSmith@gmail.com,7867061068,1963-02-12
US_6082,Edward Taylor,EdwardTaylor@gmail.com,7298643941,1967-05-05
US_6083,Alison Adams,AlisonAdams@gmail.com,9499049800,1966-01-24
US_6084,Phillip Jenkins,PhillipJenkins@gmail.com,9237927237,1991-10-24
US_6085,Yolanda Brown,YolandaBrown@gmail.com,9102998831,1967-08-04
US_6086,Malik Washington,MalikWashington@gmail.com,9553959995,2005-10-07
US_6087,Kristen Larson,KristenLarson@gmail.com,8943660844,1976-10-23
US_6088,Michael Scott,MichaelScott@gmail.com,7871634497,1994-06-13
US_6089,Luke Duncan,LukeDuncan@gmail.com,8024702853,1991-01-15
US_6090,Bernard Hicks,BernardHicks@gmail.com,8001262855,1983-05-30
US_6091,Rebecca Boone,RebeccaBoone@gmail.com,8611183239,1979-08-27
US_6092,Joel Roberts,JoelRoberts@gmail.com,7091240494,1998-12-21
US_6093,Tony Cooper,TonyCooper@gmail.com,9310673189,1979-06-30
US_6094,Kevin Stokes,KevinStokes@gmail.com,7354363605,1965-05-04
US_6095,James Frank,JamesFrank@gmail.com,8027252544,1968-09-27
US_6097,Carol Bowman,CarolBowman@gmail.com,8674351618,1992-08-21
US_6098,Sheri Murphy,SheriMurphy@gmail.com,9310272265,1959-03-22
US_6099,Russell Downs,RussellDowns@gmail.com,9532865057,1985-08-10
US_6100,Charles Ellis,CharlesEllis@gmail.com,8985169226,1988-09-21
US_6101,Dylan Guzman,DylanGuzman@gmail.com,7555662879,2005-07-07
US_6102,Ryan White,RyanWhite@gmail.com,8465246760,1978-08-11
US_6103,Dawn Meyer,DawnMeyer@gmail.com,8456845602,1987-08-20
US_6104,April Wiley,AprilWiley@gmail.com,9174147218,1955-04-12
US_6105,Cheryl Wade,CherylWade@gmail.com,9592506457,1977-06-15
US_6106,John Estrada,JohnEstrada@gmail.com,9993841970,1982-01-21
US_6107,Cynthia Larson,CynthiaLarson@gmail.com,8780593835,1970-02-18
US_6108,Roy Paul,RoyPaul@gmail.com,7054570613,1958-09-11
US_6109,Gregory Joyce,GregoryJoyce@gmail.com,8175328467,1957-11-29
US_6110,Chase Choi,ChaseChoi@gmail.com,7284621772,1985-06-27
US_6111,Suzanne Williams,SuzanneWilliams@gmail.com,8227519691,1983-05-30
US_6112,Michael Cortez,MichaelCortez@gmail.com,8583154950,1994-09-19
US_6113,Jennifer Vargas,JenniferVargas@gmail.com,7773215688,1983-09-25
US_6114,Linda Newman,LindaNewman@gmail.com,9314068059,1975-04-18
US_6115,Walter Howard,WalterHoward@gmail.com,9895250863,1997-11-01
US_6116,Justin Saunders,JustinSaunders@gmail.com,7271842740,1990-10-10
US_6117,Jeffrey Weaver,JeffreyWeaver@gmail.com,9347541159,1963-02-21
US_6118,Wanda Reynolds,WandaReynolds@gmail.com,8748431840,1997-09-22
US_6119,Kathryn Castillo,KathrynCastillo@gmail.com,9824630502,1975-03-03
US_6120,Alicia Wilson,AliciaWilson@gmail.com,8570875333,1990-09-05
US_6121,Jason Day,JasonDay@gmail.com,8205756661,2002-03-30
US_6122,Brian Christensen,BrianChristensen@gmail.com,7521020662,1985-08-07
US_6123,Stephen Martinez,StephenMartinez@gmail.com,9473858050,1980-05-20
US_6124,Thomas Turner,ThomasTurner@gmail.com,8226510682,1991-05-28
US_6125,Bonnie Larson,BonnieLarson@gmail.com,9947666733,1991-11-08
US_6126,John Ortega,JohnOrtega@gmail.com,9400604476,1977-09-18
US_6127,Kristin Hickman,KristinHickman@gmail.com,7114852114,1990-05-06
US_6128,Jacqueline Turner,JacquelineTurner@gmail.com,9764144171,1978-05-20
US_6129,Charles Strickland,CharlesStrickland@gmail.com,8168174630,1954-11-07
US_6132,Christopher Mcmillan,ChristopherMcmillan@gmail.com,8556941298,1994-04-16
US_6133,Lee Rivera,LeeRivera@gmail.com,8937758005,1957-09-30
US_6134,Mark Keller,MarkKeller@gmail.com,9611957082,1978-07-01
US_6135,Allen Porter,AllenPorter@gmail.com,9054161932,1954-05-03
US_6136,Mr. Joshua Cohen,Mr.Joshua@gmail.com,9750043575,2002-09-08
US_6137,Kyle Burke,KyleBurke@gmail.com,9509684619,1960-03-23
US_6138,Brent Holloway,BrentHolloway@gmail.com,7537238405,1996-10-22
US_6139,Danny Smith,DannySmith@gmail.com,9482126975,1962-10-16
US_6140,Tracy Roberts,TracyRoberts@gmail.com,8813564110,1954-09-18
US_6141,Colleen Martin,ColleenMartin@gmail.com,7527535377,1976-06-30
US_6142,Stephanie Brown,StephanieBrown@gmail.com,8478872289,2004-03-29
US_6145,Kaitlyn Leblanc,KaitlynLeblanc@gmail.com,9347310148,1975-07-20
US_6146,Madeline Ford,MadelineFord@gmail.com,7670249041,1996-09-24
US_6147,Raymond Herrera,RaymondHerrera@gmail.com,7750874672,2004-08-13
US_6148,Danielle Reed,DanielleReed@gmail.com,7023995495,1958-08-01
US_6150,Kevin Torres,KevinTorres@gmail.com,7259546684,1994-08-05
US_6151,Hannah Marquez,HannahMarquez@gmail.com,9648340465,2005-11-09
US_6152,Jared Madden,JaredMadden@gmail.com,7302634311,1995-04-03
US_6153,Jacob Miller,JacobMiller@gmail.com,7242422860,1981-07-13
US_6154,George Williams,GeorgeWilliams@gmail.com,9476193132,1958-03-14
US_6155,Amber Parker,AmberParker@gmail.com,7203202793,1999-03-18
US_6156,Jerome Parker,JeromeParker@gmail.com,7671093198,1996-06-28
US_6157,Phillip Fowler,PhillipFowler@gmail.com,8758809209,1969-10-12
US_6158,Charles Gonzales,CharlesGonzales@gmail.com,9100946211,1983-12-01
US_6159,Natalie Oconnor,NatalieOconnor@gmail.com,7987184000,1995-06-30
US_6160,Richard Murray,RichardMurray@gmail.com,9644186598,1963-01-22
US_6161,Eric Shaffer,EricShaffer@gmail.com,9078218431,1964-05-27
US_6162,Christina Roberts,ChristinaRoberts@gmail.com,7542703459,1983-12-14
US_6163,Christina Cook,ChristinaCook@gmail.com,8063063343,1978-10-29
US_6164,Joseph Walker Jr.,JosephWalker@gmail.com,7580139698,1958-11-24
US_6165,Bradley Cobb,BradleyCobb@gmail.com,9381325494,1968-03-07
US_6166,Cynthia Newman,CynthiaNewman@gmail.com,9078192206,2006-06-01
US_6167,Veronica Simmons,VeronicaSimmons@gmail.com,7942962471,1986-12-03
US_6168,John Nichols,JohnNichols@gmail.com,8488087669,1977-10-13
US_6169,Thomas Jones,ThomasJones@gmail.com,9662468711,1961-07-03
US_6170,Karen Alvarez,KarenAlvarez@gmail.com,9887161849,1975-12-06
US_6171,Ronald Graham,RonaldGraham@gmail.com,8925357430,1989-04-12
US_6172,Arthur White,ArthurWhite@gmail.com,8804056302,1985-02-21
US_6173,Eric Murphy,EricMurphy@gmail.com,9206614901,1996-07-21
US_6174,Tammy Daniel,TammyDaniel@gmail.com,9283671777,1966-07-03
US_6176,Ashley Coleman,AshleyColeman@gmail.com,8785647589,1973-07-31
US_6177,Eduardo Booth,EduardoBooth@gmail.com,8667551535,1964-04-18
US_6178,Nicholas Ramos MD,NicholasRamos@gmail.com,9223506520,1981-12-26
US_6179,Robert Chapman,RobertChapman@gmail.com,9222804684,1974-03-10
US_6180,Eric Clark,EricClark@gmail.com,8772928998,2000-09-06
US_6181,Kevin Johnston,KevinJohnston@gmail.com,9830722317,2002-04-19
US_6182,Lori Jordan,LoriJordan@gmail.com,8502067370,2003-11-06
US_6183,Gloria Lynch,GloriaLynch@gmail.com,8938116280,1975-05-07
US_6184,Rachel Norris,RachelNorris@gmail.com,9051723665,1996-06-09
US_6185,Joseph Spencer,JosephSpencer@gmail.com,7549209862,1986-09-19
US_6186,Kenneth Schmidt,KennethSchmidt@gmail.com,8092502713,1985-07-05
US_6187,Timothy Fletcher,TimothyFletcher@gmail.com,9539423241,1994-10-03
US_6188,Michael Fernandez,MichaelFernandez@gmail.com,7867862851,1993-08-21
US_6189,Joseph Conway,JosephConway@gmail.com,9830310903,1999-08-22
US_6190,Edward Hill,EdwardHill@gmail.com,7913523322,1981-04-09
US_6191,Paula Evans,PaulaEvans@gmail.com,7259037545,2002-02-22
US_6192,Stephanie Santiago,StephanieSantiago@gmail.com,9535348588,1981-01-15
US_6193,Lauren Kim,LaurenKim@gmail.com,7575625685,1976-12-06
US_6194,Sherri Colon,SherriColon@gmail.com,9151704146,1960-10-11
US_6195,Erin Mckinney,ErinMckinney@gmail.com,9008599685,1991-01-17
US_6197,Sarah Williams,SarahWilliams@gmail.com,8057792827,1974-05-11
US_6198,Jeremy Silva,JeremySilva@gmail.com,9264606262,1968-09-16
US_6199,Lisa Prince,LisaPrince@gmail.com,8807881026,1965-11-15
US_6200,Sara Wilkins,SaraWilkins@gmail.com,9111209398,1980-11-05
US_6201,Joshua Fowler,JoshuaFowler@gmail.com,8672209582,1978-06-27
US_6202,Jodi Miller,JodiMiller@gmail.com,9652333359,1998-11-04
US_6203,Garrett Carpenter,GarrettCarpenter@gmail.com,7961156611,1956-12-19
US_6204,Vincent Schaefer,VincentSchaefer@gmail.com,9747078205,1964-09-30
US_6205,Rachel Norton,RachelNorton@gmail.com,7309699396,1985-08-07
US_6206,Jon Russo,JonRusso@gmail.com,8377620758,1996-02-16
US_6207,Jeanne Mills,JeanneMills@gmail.com,9974096698,1964-11-12
US_6208,Nicholas Little,NicholasLittle@gmail.com,8702397391,1954-12-27
US_6209,Jonathan Walton,JonathanWalton@gmail.com,8156483774,1967-06-29
US_6210,Ashley Miller,AshleyMiller@gmail.com,9349895831,1987-03-12
US_6211,William Vasquez,WilliamVasquez@gmail.com,7349188866,1971-06-04
US_6212,Denise Hendricks,DeniseHendricks@gmail.com,8536371769,1987-08-08
US_6214,Mary Delacruz,MaryDelacruz@gmail.com,7157850222,1984-05-15
US_6215,Laura Singleton,LauraSingleton@gmail.com,8059917951,1997-04-30
US_6217,Charles Hensley,CharlesHensley@gmail.com,9783519950,1991-06-15
US_6219,Ann Calderon,AnnCalderon@gmail.com,8249147363,1981-10-23
US_6220,Jonathan Potter,JonathanPotter@gmail.com,8185175612,1954-12-16
US_6221,Julie Curry,JulieCurry@gmail.com,8533929714,1959-01-15
US_6222,Maureen Lee,MaureenLee@gmail.com,8600115903,2005-10-21
US_6223,Alicia Garner,AliciaGarner@gmail.com,9101275083,1989-08-29
US_6224,David Silva,DavidSilva@gmail.com,7593115122,1969-10-26
US_6225,Tyler Patel,TylerPatel@gmail.com,8079660272,1975-08-11
US_6226,Victoria Parker,VictoriaParker@gmail.com,8186890028,1979-02-11
US_6227,Emily Martinez,EmilyMartinez@gmail.com,8273780795,1954-03-22
US_6228,Amanda Brown,AmandaBrown@gmail.com,9404732424,1987-07-13
US_6229,Samantha Salinas,SamanthaSalinas@gmail.com,9406469053,1978-06-13
US_6230,Michelle Williams,MichelleWilliams@gmail.com,9405950604,1961-11-30
US_6231,Shawn Evans,ShawnEvans@gmail.com,9402235197,1982-04-28
US_6232,Christine Jones,ChristineJones@gmail.com,7333194563,2003-03-26
US_6233,Michael Buchanan,MichaelBuchanan@gmail.com,7324604010,1966-10-18
US_6234,James Morales DVM,JamesMorales@gmail.com,8880367672,1981-08-17
US_6235,Michael Hicks,MichaelHicks@gmail.com,9931882292,1961-01-31
US_6236,Laura Clark,LauraClark@gmail.com,7284373954,1960-02-29
US_6237,Luke Bush,LukeBush@gmail.com,8662777243,1982-01-04
US_6238,Kimberly Cantrell,KimberlyCantrell@gmail.com,7924916891,1980-02-12
US_6239,Sarah Jordan,SarahJordan@gmail.com,7521530009,1972-04-28
US_6240,Tyler Cole,TylerCole@gmail.com,8302458864,1988-10-11
US_6241,Matthew Valencia,MatthewValencia@gmail.com,9455463354,2005-09-05
US_6242,Cynthia Freeman,CynthiaFreeman@gmail.com,8721053746,1973-05-18
US_6243,Gregory Wiley,GregoryWiley@gmail.com,9317664468,1968-05-18
US_6244,Dylan Long,DylanLong@gmail.com,8519473841,1958-05-26
US_6245,Amanda Anderson,AmandaAnderson@gmail.com,8016627835,1989-01-12
US_6246,Cynthia Tucker,CynthiaTucker@gmail.com,9461494076,2006-06-26
US_6248,Ralph Gray,RalphGray@gmail.com,8250478383,1957-02-26
US_6249,Thomas Phillips,ThomasPhillips@gmail.com,9678689422,1971-04-06
US_6250,Jamie Scott,JamieScott@gmail.com,8179138538,1981-07-04
US_6251,Michael Gutierrez,MichaelGutierrez@gmail.com,8041602979,1958-07-07
US_6252,Brian Kidd,BrianKidd@gmail.com,7639695694,1964-03-15
US_6253,Travis Walters,TravisWalters@gmail.com,8166045101,1998-12-27
US_6254,Joseph Meyers,JosephMeyers@gmail.com,8955125584,2003-11-01
US_6256,Tracey Johnson,TraceyJohnson@gmail.com,8017780654,1956-06-19
US_6258,Alejandra Thomas,AlejandraThomas@gmail.com,8889157097,1974-08-26
US_6259,Jay Peck,JayPeck@gmail.com,8331808065,1997-09-07
US_6260,Ashley Schultz,AshleySchultz@gmail.com,9102768963,1979-09-14
US_6261,Jody Rice,JodyRice@gmail.com,9673246583,1965-06-01
US_6262,Leslie Bauer,LeslieBauer@gmail.com,9219282945,1966-04-21
US_6263,Laura Andrews,LauraAndrews@gmail.com,7185920890,1982-09-11
US_6264,Jon Green,JonGreen@gmail.com,8019551773,1994-01-11
US_6265,Sylvia Dalton,SylviaDalton@gmail.com,7955469134,1956-12-09
US_6267,Jonathan Gallagher,JonathanGallagher@gmail.com,8529890012,1983-11-21
US_6268,Louis Gibson,LouisGibson@gmail.com,7684934469,1991-10-11
US_6269,Francisco Woodward,FranciscoWoodward@gmail.com,9093819393,1965-10-11
US_6270,Michael Guerra,MichaelGuerra@gmail.com,8108544975,1985-09-01
US_6271,Kimberly Orozco,KimberlyOrozco@gmail.com,9853548098,1958-08-03
US_6272,John Chavez,JohnChavez@gmail.com,8043421360,1967-02-04
US_6273,Alison Faulkner,AlisonFaulkner@gmail.com,7547572027,1955-06-13
US_6274,Toni Galloway,ToniGalloway@gmail.com,8374044134,1972-08-04
US_6275,Nina Combs,NinaCombs@gmail.com,9025111270,1995-04-08
US_6276,Patricia Cannon,PatriciaCannon@gmail.com,8699813906,1959-11-14
US_6278,Kelly Brown,KellyBrown@gmail.com,7048498720,1985-10-10
US_6279,Joshua Ramos DDS,JoshuaRamos@gmail.com,9349240136,1970-07-11
US_6280,Courtney Young,CourtneyYoung@gmail.com,8725197983,1963-02-01
US_6281,Philip Cole,PhilipCole@gmail.com,9119300827,1961-07-14
US_6282,Anna Love,AnnaLove@gmail.com,8802054904,1964-02-24
US_6283,Lisa Rodriguez,LisaRodriguez@gmail.com,7953114451,1993-08-11
US_6284,Cheryl Petersen,CherylPetersen@gmail.com,8634266274,1962-12-18
US_6285,Tracy Lopez,TracyLopez@gmail.com,9523407212,2002-07-05
US_6286,Casey Baker,CaseyBaker@gmail.com,9370731818,1976-09-24
US_6287,Andrew Green,AndrewGreen@gmail.com,9158757929,1972-06-25
US_6288,Carolyn Kane,CarolynKane@gmail.com,8314260716,1959-07-06
US_6289,Lisa Ramsey,LisaRamsey@gmail.com,9738194993,1978-04-21
US_6290,Joel Smith,JoelSmith@gmail.com,8342892785,1969-09-01
US_6291,Andrea Brown,AndreaBrown@gmail.com,9393429381,2003-11-29
US_6292,Melissa Combs,MelissaCombs@gmail.com,8201811149,2001-05-24
US_6293,Karl Moore,KarlMoore@gmail.com,7379697814,1975-01-17
US_6294,Richard Larsen,RichardLarsen@gmail.com,8678045754,1957-02-08
US_6295,Amy Webb,AmyWebb@gmail.com,7992159805,1955-11-12
US_6296,Annette Walters,AnnetteWalters@gmail.com,7404203411,1996-09-04
US_6298,Kevin Moss,KevinMoss@gmail.com,7376559253,1996-01-04
US_6299,Patrick Bird,PatrickBird@gmail.com,9294926410,2004-01-15
US_6300,Laura Harris,LauraHarris@gmail.com,8386589222,1965-03-15
US_6301,Blake Crawford,BlakeCrawford@gmail.com,7466989891,1976-11-25
US_6303,Steve Brewer,SteveBrewer@gmail.com,9098649755,2005-07-22
US_6305,Amber Lee,AmberLee@gmail.com,9325109200,1995-01-09
US_6306,Jeffrey Watts,JeffreyWatts@gmail.com,9923060363,1955-10-19
US_6307,John Hernandez,JohnHernandez@gmail.com,8823223019,2003-02-11
US_6309,Brittany Johnson,BrittanyJohnson@gmail.com,9737574025,1975-10-17
US_6310,Peggy Young,PeggyYoung@gmail.com,8885823644,1968-10-06
US_6312,Christina Mullen,ChristinaMullen@gmail.com,7705612443,1968-09-16
US_6313,Alexandra Marshall,AlexandraMarshall@gmail.com,7299165145,1982-12-27
US_6314,Amanda Davis,AmandaDavis@gmail.com,8992757640,1973-08-17
US_6315,Gavin Yates,GavinYates@gmail.com,8270549251,1988-04-09
US_6316,Allison Murray,AllisonMurray@gmail.com,8901215794,2005-06-08
US_6317,Ann Goodwin,AnnGoodwin@gmail.com,8715398897,1984-01-22
US_6318,Jerry Martin,JerryMartin@gmail.com,8482195297,1997-06-01
US_6319,Joshua James,JoshuaJames@gmail.com,8610987929,1967-11-12
US_6320,Jordan Wilkerson,JordanWilkerson@gmail.com,8061799609,1988-02-25
US_6321,Kathleen Lopez,KathleenLopez@gmail.com,7031191274,1990-01-06
US_6322,Rodney Stewart,RodneyStewart@gmail.com,9079667677,1979-02-13
US_6323,Patricia Paul,PatriciaPaul@gmail.com,9666876909,2003-06-13
US_6324,Yvonne Rodriguez,YvonneRodriguez@gmail.com,7901147873,1958-12-03
US_6325,Robert Brandt,RobertBrandt@gmail.com,7721838067,1991-09-05
US_6326,Aaron Scott,AaronScott@gmail.com,9668005210,1991-08-31
US_6327,Anthony Good,AnthonyGood@gmail.com,8288183762,1984-03-16
US_6328,Olivia Carter,OliviaCarter@gmail.com,9838012769,1977-01-18
US_6329,Stephanie White,StephanieWhite@gmail.com,7470899510,1977-08-31
US_6330,Matthew Smith,MatthewSmith@gmail.com,9986816096,1969-08-30
US_6331,Daniel Matthews,DanielMatthews@gmail.com,7799288188,1986-07-15
US_6332,Brenda Oconnor,BrendaOconnor@gmail.com,7201748017,1967-07-03
US_6333,Monica Aguilar,MonicaAguilar@gmail.com,8446787985,1967-11-21
US_6334,Rodney Salinas,RodneySalinas@gmail.com,9754127327,1997-11-07
US_6335,Christopher Jensen,ChristopherJensen@gmail.com,8191485541,1984-07-27
US_6336,Clayton May,ClaytonMay@gmail.com,9542405720,1971-06-12
US_6337,Brandon Leblanc,BrandonLeblanc@gmail.com,9252181375,2004-04-19
US_6338,Blake Owens,BlakeOwens@gmail.com,9870899275,1983-01-17
US_6339,Michelle Johnson,MichelleJohnson@gmail.com,7758557944,1995-10-21
US_6340,Brandi Gould,BrandiGould@gmail.com,9254507859,1957-01-24
US_6341,Heather Fernandez,HeatherFernandez@gmail.com,8908244670,1954-12-02
US_6342,Andrew Rodriguez,AndrewRodriguez@gmail.com,8658979779,1956-01-30
US_6343,Ashley Friedman,AshleyFriedman@gmail.com,7584948897,1998-05-23
US_6345,Kimberly Sullivan,KimberlySullivan@gmail.com,8287367077,1965-10-31
US_6346,Donna Obrien,DonnaObrien@gmail.com,9500375538,2004-06-03
US_6347,Jennifer Mendoza,JenniferMendoza@gmail.com,7001142586,1986-10-02
US_6348,Shawn Hooper,ShawnHooper@gmail.com,9803930069,1996-05-15
US_6349,Beth Ford,BethFord@gmail.com,7699023180,1997-03-22
US_6350,Dr. Kathryn Adams DDS,Dr.Kathryn@gmail.com,7376098161,1965-10-11
US_6351,Paul Gonzales,PaulGonzales@gmail.com,9927021825,1997-11-10
US_6352,Vanessa Davila,VanessaDavila@gmail.com,7913763835,1982-09-09
US_6353,Andrew Carter,AndrewCarter@gmail.com,9886300365,1979-02-04
US_6354,Bianca Kim,BiancaKim@gmail.com,7192515766,1975-05-20
US_6355,Jamie Mclaughlin,JamieMclaughlin@gmail.com,8048843832,1971-02-07
US_6356,Taylor Mack,TaylorMack@gmail.com,7579921988,1972-10-02
US_6357,Christina Franklin,ChristinaFranklin@gmail.com,8235703734,1960-10-21
US_6358,Bethany Gonzalez,BethanyGonzalez@gmail.com,8690537507,1992-02-13
US_6359,David Fernandez,DavidFernandez@gmail.com,8659226616,1971-03-03
US_6360,Debra Blackburn,DebraBlackburn@gmail.com,8503217892,2003-11-14
US_6361,Christopher Walker,ChristopherWalker@gmail.com,8037850023,1984-10-30
US_6362,Jennifer Hill,JenniferHill@gmail.com,7546996926,1963-06-07
US_6363,Miguel Smith,MiguelSmith@gmail.com,8691418475,1981-08-09
US_6364,Christopher Paul,ChristopherPaul@gmail.com,8607286883,1998-05-31
US_6365,Todd Hernandez Jr.,ToddHernandez@gmail.com,9502523385,1989-09-27
US_6366,April Clark,AprilClark@gmail.com,9041457933,1993-01-27
US_6367,Antonio Smith,AntonioSmith@gmail.com,8913735409,1992-02-15
US_6368,Danielle Carter,DanielleCarter@gmail.com,8226304335,1958-07-02
US_6370,Aaron Black,AaronBlack@gmail.com,7420680785,1999-12-21
US_6371,Paula Kidd,PaulaKidd@gmail.com,8355518795,1990-10-13
US_6372,Bryan Yates,BryanYates@gmail.com,7519189922,1986-03-15
US_6373,Troy Jefferson,TroyJefferson@gmail.com,7153258338,1982-08-31
US_6374,Paul Burton,PaulBurton@gmail.com,8626576933,1980-07-11
US_6375,Brenda Simpson,BrendaSimpson@gmail.com,7485193126,2002-02-07
US_6376,Natalie Perkins,NataliePerkins@gmail.com,9273872708,1976-11-19
US_6377,Patricia Acosta,PatriciaAcosta@gmail.com,8869102203,1984-09-10
US_6378,Lisa Price,LisaPrice@gmail.com,9066518118,1956-03-27
US_6379,Morgan Evans,MorganEvans@gmail.com,7098675872,1989-07-21
US_6380,Tiffany Bender DVM,TiffanyBender@gmail.com,8675472094,1982-02-13
US_6381,Karen Scott,KarenScott@gmail.com,9546080550,1973-12-17
US_6382,Anthony Morse,AnthonyMorse@gmail.com,7731760606,2002-09-13
US_6383,Valerie Robertson,ValerieRobertson@gmail.com,7230515033,1973-11-09
US_6385,Ruben Benton,RubenBenton@gmail.com,8081137041,1987-04-25
US_6386,Brendan Khan,BrendanKhan@gmail.com,9284179074,1983-10-26
US_6387,Matthew Peters,MatthewPeters@gmail.com,7297100247,1996-05-27
US_6388,David Mason,DavidMason@gmail.com,9032931102,1986-01-12
US_6389,Tonya Parker,TonyaParker@gmail.com,7129673131,1973-04-24
US_6390,Chelsea Green,ChelseaGreen@gmail.com,7737513918,1977-10-19
US_6391,Alexandria Cox,AlexandriaCox@gmail.com,9215306018,1986-09-11
US_6392,David Gutierrez,DavidGutierrez@gmail.com,8771294042,1992-06-17
US_6393,Frank Harding,FrankHarding@gmail.com,7095123415,1979-06-19
US_6394,Danielle Perkins,DaniellePerkins@gmail.com,8923015437,1956-05-08
US_6395,Sharon Reynolds,SharonReynolds@gmail.com,9012997272,1992-11-30
US_6396,Anthony Brown,AnthonyBrown@gmail.com,9477968250,1958-08-16
US_6397,Stanley Le,StanleyLe@gmail.com,7495736051,1985-10-31
US_6398,Michelle Ryan,MichelleRyan@gmail.com,8021923397,1962-06-01
US_6399,Jonathon Knapp,JonathonKnapp@gmail.com,7300860070,1956-02-07
US_6400,Kayla Carlson,KaylaCarlson@gmail.com,7694164095,1985-04-14
US_6401,Tracy Hernandez,TracyHernandez@gmail.com,8834996616,1995-12-19
US_6402,Brenda Schmidt,BrendaSchmidt@gmail.com,9136120768,1977-07-08
US_6404,Chad Perez,ChadPerez@gmail.com,8039276278,1983-03-06
US_6405,Mandy Lee,MandyLee@gmail.com,7596856344,1972-10-14
US_6406,Trevor Walker,TrevorWalker@gmail.com,9827206275,1984-10-17
US_6407,Alicia Phillips MD,AliciaPhillips@gmail.com,7895712170,1988-09-29
US_6408,Raymond Clements,RaymondClements@gmail.com,8944335799,1994-08-06
US_6409,Evelyn Dunn,EvelynDunn@gmail.com,8660727239,1993-04-05
US_6410,Teresa Fuller,TeresaFuller@gmail.com,9619176389,1988-01-05
US_6411,Vanessa Reed,VanessaReed@gmail.com,7066356351,1970-06-29
US_6412,Max Mcclain,MaxMcclain@gmail.com,7889814197,1999-08-09
US_6413,Andres Marshall,AndresMarshall@gmail.com,8019816207,1958-11-29
US_6415,Bradley Hoffman,BradleyHoffman@gmail.com,8778183889,1978-10-10
US_6416,Judy Johnson,JudyJohnson@gmail.com,8173261217,1964-05-04
US_6417,Nichole Thompson,NicholeThompson@gmail.com,7638879563,1977-06-03
US_6418,Mrs. Nancy Schaefer,Mrs.Nancy@gmail.com,7138375094,1954-04-23
US_6419,Gregory Martinez,GregoryMartinez@gmail.com,7269390575,1972-01-23
US_6420,Deborah Patel,DeborahPatel@gmail.com,7003325698,1987-05-21
US_6421,Jonathan Jordan,JonathanJordan@gmail.com,7749320167,1993-03-12
US_6422,Courtney Briggs,CourtneyBriggs@gmail.com,8335950423,2001-09-03
US_6423,Susan Molina,SusanMolina@gmail.com,8232094773,1958-10-29
US_6424,Nicholas Arellano,NicholasArellano@gmail.com,8448851256,1956-10-23
US_6426,William Christian,WilliamChristian@gmail.com,8630032420,1985-09-08
US_6427,Roger Johnson,RogerJohnson@gmail.com,7057498121,1960-08-19
US_6428,Faith Smith,FaithSmith@gmail.com,9063782547,1964-07-25
US_6429,Dr. Mario Harris DDS,Dr.Mario@gmail.com,9000900376,1995-06-22
US_6430,Chase Young MD,ChaseYoung@gmail.com,7040128879,1982-06-12
US_6431,John Ortiz,JohnOrtiz@gmail.com,7041929080,1991-03-02
US_6432,Todd Sherman,ToddSherman@gmail.com,9115156059,2005-01-23
US_6433,Beth Ellis,BethEllis@gmail.com,7393344083,1986-07-26
US_6434,Jennifer Hatfield,JenniferHatfield@gmail.com,7747488519,1993-03-31
US_6435,Sarah Padilla,SarahPadilla@gmail.com,9889214578,1986-06-16
US_6436,Gregory Hale,GregoryHale@gmail.com,8523255531,1972-03-28
US_6437,Christian Anderson,ChristianAnderson@gmail.com,8879048826,2002-04-23
US_6438,Dr. Lisa Ramos,Dr.Lisa@gmail.com,8723690991,1988-11-25
US_6439,Dr. Jessica Chase MD,Dr.Jessica@gmail.com,7932714590,1959-02-10
US_6440,Kara Gallegos,KaraGallegos@gmail.com,7872737067,1971-04-04
US_6441,Laura Fowler,LauraFowler@gmail.com,9930670290,1968-07-29
US_6442,Andrew Proctor,AndrewProctor@gmail.com,8037325872,2003-11-02
US_6443,Jordan Mason,JordanMason@gmail.com,8241802064,1964-04-22
US_6444,Mr. Charles Young,Mr.Charles@gmail.com,9090526097,1984-01-23
US_6445,Robin Parker,RobinParker@gmail.com,7407774446,1974-03-14
US_6446,Jason Stevenson,JasonStevenson@gmail.com,7339130610,1963-10-28
US_6447,Christian Rodriguez,ChristianRodriguez@gmail.com,7903568589,1954-09-01
US_6448,Richard Reynolds,RichardReynolds@gmail.com,7243220152,1956-08-22
US_6449,Oscar Kelly,OscarKelly@gmail.com,9220451658,1988-09-10
US_6452,Robert Miranda,RobertMiranda@gmail.com,8560320254,1981-04-18
US_6453,Michael Snyder,MichaelSnyder@gmail.com,9145134081,2004-11-26
US_6454,Joshua Schmidt,JoshuaSchmidt@gmail.com,7076201114,1970-05-18
US_6455,Aaron Barnett,AaronBarnett@gmail.com,9257742201,2005-06-03
US_6456,Darin Byrd,DarinByrd@gmail.com,8914746433,1961-04-22
US_6457,Kathryn Shields,KathrynShields@gmail.com,8970206800,1970-12-25
US_6458,Misty Rice,MistyRice@gmail.com,9252715915,1992-08-30
US_6459,Robert Herrera,RobertHerrera@gmail.com,7593300291,1979-10-18
US_6460,Jennifer Cline MD,JenniferCline@gmail.com,8717402117,1968-10-29
US_6461,Rose Kaiser,RoseKaiser@gmail.com,7009850871,1997-06-21
US_6462,Christopher Humphrey,ChristopherHumphrey@gmail.com,8473225937,1980-07-19
US_6463,Matthew Ramirez,MatthewRamirez@gmail.com,7755003267,1958-03-02
US_6464,Charlotte Roy,CharlotteRoy@gmail.com,9213185849,2004-08-16
US_6465,James Collins,JamesCollins@gmail.com,8602321726,1979-08-25
US_6466,Kelsey Smith,KelseySmith@gmail.com,9032640768,1984-10-16
US_6467,Kathleen Garcia,KathleenGarcia@gmail.com,8100801319,1973-06-24
US_6468,Shelia Cruz,SheliaCruz@gmail.com,8959207947,1959-11-08
US_6470,Jeremy Clayton,JeremyClayton@gmail.com,8323390619,1958-09-15
US_6471,Susan Williams,SusanWilliams@gmail.com,7492008951,1994-09-25
US_6472,Donald Mays,DonaldMays@gmail.com,9058918969,1979-12-24
US_6474,Brian Vaughn,BrianVaughn@gmail.com,7632703380,2005-08-23
US_6475,Leah Owens,LeahOwens@gmail.com,9352992839,1958-11-14
US_6476,Jennifer Norman,JenniferNorman@gmail.com,8059892744,1992-09-06
US_6477,Mark Hughes,MarkHughes@gmail.com,8675609727,1994-12-16
US_6478,Paige Case,PaigeCase@gmail.com,9472885676,1957-01-11
US_6479,Lisa Potter,LisaPotter@gmail.com,7850688191,1978-07-18
US_6480,Jordan Garcia,JordanGarcia@gmail.com,8807879787,1988-03-13
US_6481,Sarah Fields,SarahFields@gmail.com,8714137946,1971-10-18
US_6482,Erin Diaz,ErinDiaz@gmail.com,7797731452,1971-07-22
US_6483,Bryan Harris,BryanHarris@gmail.com,9948715333,1993-11-12
US_6484,Danny Moreno,DannyMoreno@gmail.com,9496721605,1970-12-17
US_6485,Alison Livingston,AlisonLivingston@gmail.com,8878905176,1956-05-09
US_6486,Megan Hood,MeganHood@gmail.com,9456750847,1977-08-16
US_6487,April Taylor,AprilTaylor@gmail.com,9411095363,1960-12-05
US_6488,Philip Espinoza,PhilipEspinoza@gmail.com,7849534940,1987-07-08
US_6489,Tony Rodriguez,TonyRodriguez@gmail.com,8936566997,1970-12-02
US_6491,Vanessa Moore,VanessaMoore@gmail.com,7942730374,1957-03-03
US_6492,Megan Koch,MeganKoch@gmail.com,7126807306,1966-05-20
US_6493,Victoria King,VictoriaKing@gmail.com,7445915391,1989-05-31
US_6494,Bryan Gonzalez MD,BryanGonzalez@gmail.com,9248215711,2001-10-21
US_6495,Jermaine Barnes,JermaineBarnes@gmail.com,7555891955,1960-03-11
US_6496,Stephanie Smith,StephanieSmith@gmail.com,8875319468,1993-04-06
US_6497,Kimberly Nunez,KimberlyNunez@gmail.com,8381013787,1958-10-20
US_6498,Holly Bell,HollyBell@gmail.com,9900836947,1987-01-25
US_6499,Kathryn Smith,KathrynSmith@gmail.com,8453809347,1971-10-04
US_6500,Maureen Carter,MaureenCarter@gmail.com,7953326871,1994-09-12
US_6501,Brandy Walter,BrandyWalter@gmail.com,7696782727,1977-08-19
US_6502,Carla Holloway,CarlaHolloway@gmail.com,7658047577,1980-08-26
US_6503,Andrew Holder,AndrewHolder@gmail.com,9745740582,1979-03-10
US_6504,Pamela Arnold,PamelaArnold@gmail.com,9157003296,1987-12-29
US_6505,Debbie Estrada,DebbieEstrada@gmail.com,9453480604,1981-06-10
US_6506,Robert Fleming,RobertFleming@gmail.com,7745477536,1994-05-30
US_6508,Samuel Rocha,SamuelRocha@gmail.com,7242420426,1959-03-15
US_6509,Paul Rich,PaulRich@gmail.com,7067527607,1996-08-31
US_6510,Frank Fitzgerald,FrankFitzgerald@gmail.com,9832973602,1995-03-28
US_6511,Stephanie Colon,StephanieColon@gmail.com,9479243257,1964-01-09
US_6512,Aaron Pennington,AaronPennington@gmail.com,7484281070,1954-07-10
US_6513,Jack Krause,JackKrause@gmail.com,7236798546,1996-12-19
US_6514,Mariah Wang,MariahWang@gmail.com,7446360431,1960-03-29
US_6515,Brooke Allison,BrookeAllison@gmail.com,8201864767,1973-04-05
US_6516,Melissa Harvey,MelissaHarvey@gmail.com,9756293019,1956-04-27
US_6518,Kathy Robinson,KathyRobinson@gmail.com,8733545473,1998-12-05
US_6519,Thomas Rodgers,ThomasRodgers@gmail.com,8938497710,1958-04-26
US_6520,Rhonda Cervantes,RhondaCervantes@gmail.com,8903750027,1998-06-18
US_6521,Darryl Hernandez,DarrylHernandez@gmail.com,9449781865,1970-03-28
US_6522,Benjamin Alvarez,BenjaminAlvarez@gmail.com,7756466297,2004-09-17
US_6523,Robert Pierce,RobertPierce@gmail.com,8586587756,1987-02-10
US_6524,Earl Marquez,EarlMarquez@gmail.com,9422092477,1977-12-04
US_6525,Michael Walls,MichaelWalls@gmail.com,8021080925,2006-04-30
US_6526,Crystal Pierce,CrystalPierce@gmail.com,8353540193,1986-09-23
US_6527,Gabriel Wilkins,GabrielWilkins@gmail.com,8426172397,1996-05-14
US_6528,Desiree Jimenez,DesireeJimenez@gmail.com,8314028017,1956-01-03
US_6529,Wyatt Henry,WyattHenry@gmail.com,8967714362,1985-02-01
US_6530,Lauren Coleman,LaurenColeman@gmail.com,8574987705,1986-03-02
US_6531,Erica Wright,EricaWright@gmail.com,8729481370,1976-07-29
US_6532,Patrick Rocha,PatrickRocha@gmail.com,8103215192,1979-04-16
US_6534,Johnathan Aguirre,JohnathanAguirre@gmail.com,8807070217,1979-12-29
US_6535,Kevin Hubbard,KevinHubbard@gmail.com,7767947754,2005-04-16
US_6536,Mr. Jack Moore PhD,Mr.Jack@gmail.com,9494523223,1985-04-12
US_6537,Pamela Burnett,PamelaBurnett@gmail.com,8899242016,1967-01-25
US_6538,Darren Reyes,DarrenReyes@gmail.com,8377775589,1967-10-12
US_6539,Richard Graham,RichardGraham@gmail.com,9553048158,2006-02-26
US_6540,Wanda Ingram,WandaIngram@gmail.com,8307101128,2004-05-23
US_6541,Joel Thomas,JoelThomas@gmail.com,9660191248,1954-02-27
US_6542,Jeremy Johnson,JeremyJohnson@gmail.com,9598054254,1992-12-30
US_6544,Robert Fischer,RobertFischer@gmail.com,7416006385,1995-05-09
US_6546,Cindy Tucker,CindyTucker@gmail.com,9497435666,2002-12-08
US_6547,Darren Smith,DarrenSmith@gmail.com,9429002485,2005-09-02
US_6548,Jeremy Nicholson,JeremyNicholson@gmail.com,9930292599,1958-04-12
US_6549,Kathy Nguyen,KathyNguyen@gmail.com,9463465636,1968-03-13
US_6550,Christopher Williams,ChristopherWilliams@gmail.com,8463634401,1988-07-11
US_6551,Evelyn Townsend,EvelynTownsend@gmail.com,8469525908,2004-09-25
US_6552,Joseph Zavala,JosephZavala@gmail.com,9334961100,1975-02-24
US_6553,Charlene Black,CharleneBlack@gmail.com,9572778675,1958-11-02
US_6554,Angel Butler,AngelButler@gmail.com,9175855172,1963-06-07
US_6555,Adam Delgado,AdamDelgado@gmail.com,7199166560,1975-08-28
US_6556,Daniel Mendoza,DanielMendoza@gmail.com,8418865886,2005-08-17
US_6557,Ruben Clark,RubenClark@gmail.com,9389292846,1964-03-20
US_6558,Nicholas Rasmussen,NicholasRasmussen@gmail.com,9920432166,1983-03-31
US_6559,Jason Taylor,JasonTaylor@gmail.com,9946207078,1998-02-05
US_6560,Claudia Rice,ClaudiaRice@gmail.com,7778067805,1970-11-14
US_6561,Sara Lawson,SaraLawson@gmail.com,7340248996,1962-05-01
US_6563,Thomas Mills,ThomasMills@gmail.com,7005456477,1990-05-30
US_6565,Penny Waters,PennyWaters@gmail.com,9234094280,1975-07-09
US_6566,Gregory Johnson,GregoryJohnson@gmail.com,7558586079,2004-10-14
US_6567,Sandra Ingram,SandraIngram@gmail.com,9415611433,1998-03-14
US_6568,Kenneth Harmon,KennethHarmon@gmail.com,8633272285,1975-11-01
US_6569,Erin Nash,ErinNash@gmail.com,7739838546,1996-07-16
US_6571,Matthew Morris,MatthewMorris@gmail.com,9636643420,1981-01-23
US_6572,Norman Porter,NormanPorter@gmail.com,7340126316,1973-04-29
US_6573,Kathryn Morgan,KathrynMorgan@gmail.com,8763192940,1964-11-14
US_6574,Jeffrey Jones,JeffreyJones@gmail.com,9991142440,1973-11-20
US_6575,Alyssa Guerra,AlyssaGuerra@gmail.com,8594721724,1999-02-10
US_6576,Bridget White,BridgetWhite@gmail.com,9949821776,1993-04-10
US_6577,James Hood,JamesHood@gmail.com,8775029771,1974-07-20
US_6579,Tony Thomas,TonyThomas@gmail.com,8787176798,1971-03-26
US_6580,Philip Huff,PhilipHuff@gmail.com,9077865761,1985-04-05
US_6581,Marilyn Henry,MarilynHenry@gmail.com,8743452232,1998-09-12
US_6582,Tracy Rodriguez,TracyRodriguez@gmail.com,7970920516,1986-12-17
US_6583,Richard Moore,RichardMoore@gmail.com,9265816194,2004-12-22
US_6584,Jacqueline Roberts,JacquelineRoberts@gmail.com,8516015092,1964-05-14
US_6585,Jennifer Tran,JenniferTran@gmail.com,8823249252,2000-02-14
US_6586,Christopher Garcia,ChristopherGarcia@gmail.com,7806038128,1963-03-12
US_6587,Kenneth Clark,KennethClark@gmail.com,7359317786,2003-07-08
US_6588,Cassidy Johnson,CassidyJohnson@gmail.com,9523084677,1975-08-24
US_6589,Jason Woodward,JasonWoodward@gmail.com,8080394134,1994-10-12
US_6590,Krista Davis,KristaDavis@gmail.com,7991326175,1967-02-17
US_6591,Deborah Gregory,DeborahGregory@gmail.com,7098873339,1983-10-13
US_6593,Sheena Hayes,SheenaHayes@gmail.com,9378059940,1992-07-14
US_6594,Olivia Dorsey,OliviaDorsey@gmail.com,8170597097,1975-04-22
US_6595,Angela Bradshaw,AngelaBradshaw@gmail.com,7930939233,1963-11-19
US_6596,Richard Beasley,RichardBeasley@gmail.com,9192686373,1999-07-13
US_6597,Teresa Carter,TeresaCarter@gmail.com,9150636902,1983-05-24
US_6598,Cody Conley,CodyConley@gmail.com,8574707420,2006-01-29
US_6599,Thomas Bennett,ThomasBennett@gmail.com,7027513784,1983-10-24
US_6600,Brian Stokes,BrianStokes@gmail.com,8422826606,1973-05-06
US_6601,Donald Wallace,DonaldWallace@gmail.com,7038913807,1996-09-03
US_6602,Sydney Smith,SydneySmith@gmail.com,8535442207,1992-10-07
US_6603,Justin Figueroa,JustinFigueroa@gmail.com,9045648491,2006-12-03
US_6606,Mrs. Melissa Robinson,Mrs.Melissa@gmail.com,9932238586,2002-08-09
US_6607,Bethany Haynes,BethanyHaynes@gmail.com,8402827011,1984-01-31
US_6608,Katherine Weaver MD,KatherineWeaver@gmail.com,8789778001,1998-06-01
US_6609,Bailey Hughes,BaileyHughes@gmail.com,8476430624,1979-03-11
US_6610,Anthony Proctor,AnthonyProctor@gmail.com,7669665908,1971-05-06
US_6611,Jessica Martinez,JessicaMartinez@gmail.com,9196589165,1977-12-18
US_6612,Jason Foster,JasonFoster@gmail.com,9816584151,1991-12-25
US_6613,Christopher Roy,ChristopherRoy@gmail.com,8420988502,1958-12-18
US_6614,Elizabeth Rowland,ElizabethRowland@gmail.com,9125829443,1993-01-23
US_6615,Deborah Curry,DeborahCurry@gmail.com,9054221146,1993-03-23
US_6616,Allison Sharp,AllisonSharp@gmail.com,7344876216,1956-12-17
US_6617,Kimberly Turner,KimberlyTurner@gmail.com,7105596248,1955-03-21
US_6618,Paul Chaney,PaulChaney@gmail.com,8159896821,1959-10-24
US_6619,Sarah Smith,SarahSmith@gmail.com,9591825600,1993-02-12
US_6620,Adam Espinoza,AdamEspinoza@gmail.com,8589167488,1974-09-06
US_6621,Tyler Richard,TylerRichard@gmail.com,8402165682,1959-07-26
US_6622,Carol Ingram,CarolIngram@gmail.com,8440565323,2006-08-17
US_6623,Paula Blackburn,PaulaBlackburn@gmail.com,9955318081,1983-03-19
US_6624,Cynthia Johnson,CynthiaJohnson@gmail.com,9674798710,1984-01-11
US_6626,Steven Bailey,StevenBailey@gmail.com,9756947941,1997-11-16
US_6628,Hunter Williams,HunterWilliams@gmail.com,8696393185,1977-08-01
US_6629,Susan Trujillo,SusanTrujillo@gmail.com,9663511378,1987-12-09
US_6631,Courtney Morgan,CourtneyMorgan@gmail.com,9000250098,1968-08-30
US_6632,Mitchell Merritt,MitchellMerritt@gmail.com,7717960331,1960-07-23
US_6633,Jared Gordon,JaredGordon@gmail.com,9067912492,2002-05-07
US_6634,Kristina Neal,KristinaNeal@gmail.com,7408339153,1954-10-05
US_6635,Cory Parsons,CoryParsons@gmail.com,8088150809,1996-10-07
US_6636,Christopher Horn,ChristopherHorn@gmail.com,8005022229,1964-04-25
US_6637,Christopher Simmons,ChristopherSimmons@gmail.com,9765988436,1966-08-23
US_6639,Kimberly Brewer,KimberlyBrewer@gmail.com,7806718962,1975-10-14
US_6640,Ronald Kramer,RonaldKramer@gmail.com,8477515407,1963-07-27
US_6641,Ann Hobbs,AnnHobbs@gmail.com,8808482755,1959-06-04
US_6642,Richard Potter,RichardPotter@gmail.com,7175378966,1985-12-11
US_6643,Terry Carr,TerryCarr@gmail.com,9238175915,1988-11-17
US_6644,Tiffany Wilson,TiffanyWilson@gmail.com,8973401800,1965-04-07
US_6645,Jon Gonzalez,JonGonzalez@gmail.com,9559671348,1958-01-02
US_6646,Mr. Jacob Moore,Mr.Jacob@gmail.com,9096461023,1992-01-14
US_6647,Janet Larson,JanetLarson@gmail.com,8350154928,1965-01-21
US_6648,Margaret Knight,MargaretKnight@gmail.com,9404464206,1995-11-25
US_6649,Gloria Odom,GloriaOdom@gmail.com,7170066689,1974-11-26
US_6650,Casey Foster,CaseyFoster@gmail.com,9478579738,1957-02-21
US_6651,Daryl Olson,DarylOlson@gmail.com,8118076590,2000-03-15
US_6652,James Raymond,JamesRaymond@gmail.com,8406081929,1987-06-08
US_6653,Denise Flores,DeniseFlores@gmail.com,7493820907,1984-05-22
US_6654,Katie Hardin,KatieHardin@gmail.com,7232087828,2000-10-19
US_6655,Brian Bullock,BrianBullock@gmail.com,9828127038,1988-08-08
US_6656,Stefanie Simmons,StefanieSimmons@gmail.com,7286897091,2006-06-22
US_6657,Randall Johnson,RandallJohnson@gmail.com,7431764700,1968-10-23
US_6658,Brooke Harmon,BrookeHarmon@gmail.com,7492167524,1997-01-08
US_6659,Debra Baxter,DebraBaxter@gmail.com,8792557188,1987-11-20
US_6660,Corey Thornton,CoreyThornton@gmail.com,9520832442,1976-03-10
US_6661,Michael Dalton,MichaelDalton@gmail.com,7027235726,1957-02-19
US_6662,Evan Nelson,EvanNelson@gmail.com,7971103762,1962-12-22
US_6663,Brenda Perkins,BrendaPerkins@gmail.com,8935316652,1982-02-22
US_6664,David Skinner,DavidSkinner@gmail.com,7083399500,1986-01-13
US_6665,Jessica Lowery,JessicaLowery@gmail.com,8555814798,1985-12-25
US_6666,Charles Owens,CharlesOwens@gmail.com,8887273378,1996-03-06
US_6667,Jacqueline Figueroa,JacquelineFigueroa@gmail.com,9472890467,1994-02-03
US_6669,Michelle King,MichelleKing@gmail.com,9394091019,1993-04-14
US_6670,Erica Huynh,EricaHuynh@gmail.com,9812545277,1972-08-03
US_6671,Leslie Fitzgerald,LeslieFitzgerald@gmail.com,9664227014,1956-05-14
US_6672,Elizabeth Daniels,ElizabethDaniels@gmail.com,8622124156,1968-12-31
US_6673,Jeffrey Walters PhD,JeffreyWalters@gmail.com,8942543604,1971-10-19
US_6674,Daniel Young,DanielYoung@gmail.com,9959339699,1970-03-05
US_6675,Kevin Grant,KevinGrant@gmail.com,7112416954,1985-11-25
US_6676,Hunter Williamson,HunterWilliamson@gmail.com,9864850041,2006-02-12
US_6677,Gerald Moran,GeraldMoran@gmail.com,8896948935,1984-08-12
US_6678,Toni Hill,ToniHill@gmail.com,8390605922,1975-04-28
US_6679,Felicia Gordon,FeliciaGordon@gmail.com,8061343349,1997-01-08
US_6680,Nancy Moreno,NancyMoreno@gmail.com,8679490508,2006-04-28
US_6681,Kimberly Kaufman,KimberlyKaufman@gmail.com,7274303569,1998-06-19
US_6682,Jeffrey Leon,JeffreyLeon@gmail.com,9327394755,1977-10-09
US_6685,Carol Torres,CarolTorres@gmail.com,8384493810,1970-12-16
US_6686,Richard Golden,RichardGolden@gmail.com,8534686899,1977-12-06
US_6688,Christopher White,ChristopherWhite@gmail.com,7556510801,1971-08-09
US_6689,Paul Ferguson,PaulFerguson@gmail.com,8185678190,1989-06-26
US_6690,Robert Peck,RobertPeck@gmail.com,8381003249,1991-04-03
US_6691,Peter Zhang,PeterZhang@gmail.com,8985257714,1996-11-25
US_6692,Juan Lopez,JuanLopez@gmail.com,8911696408,2002-01-30
US_6693,Shirley Lucas,ShirleyLucas@gmail.com,8446553182,1995-02-13
US_6694,Tracy Mcguire,TracyMcguire@gmail.com,7402263092,2006-05-23
US_6695,Donald Roberts,DonaldRoberts@gmail.com,7924495429,1975-07-05
US_6696,Linda French,LindaFrench@gmail.com,9314700781,2004-06-07
US_6697,Mary Foster,MaryFoster@gmail.com,7549031404,1954-06-27
US_6698,Jill Taylor,JillTaylor@gmail.com,9380036777,1969-10-18
US_6699,Dennis Guerra,DennisGuerra@gmail.com,8988969898,2000-06-20
US_6700,Ryan Mccarty,RyanMccarty@gmail.com,7368677030,1962-12-12
US_6701,Cory Jones,CoryJones@gmail.com,9105668457,1996-06-10
US_6702,Maria Smith,MariaSmith@gmail.com,9069046601,1974-01-19
US_6703,Benjamin Mclaughlin,BenjaminMclaughlin@gmail.com,7861353511,2005-11-29
US_6705,Manuel Taylor,ManuelTaylor@gmail.com,7600555300,1995-04-25
US_6706,John Miller,JohnMiller@gmail.com,9643776825,1993-12-25
US_6707,Janet Smith,JanetSmith@gmail.com,7829934821,2002-12-09
US_6708,Vincent Huynh,VincentHuynh@gmail.com,8810479324,2001-11-14
US_6710,James Mclean,JamesMclean@gmail.com,8598657757,1982-02-14
US_6711,Sandra Brown,SandraBrown@gmail.com,9803159676,1954-10-08
US_6712,Sheila Myers,SheilaMyers@gmail.com,9813209526,1962-07-05
US_6713,Joseph Ayers,JosephAyers@gmail.com,9521273409,1992-10-16
US_6714,Kenneth Perez,KennethPerez@gmail.com,8477421783,1962-04-26
US_6715,Devon Davis,DevonDavis@gmail.com,7148803921,1957-03-24
US_6716,Mary Mathews,MaryMathews@gmail.com,7528573114,1981-11-18
US_6717,Christine Dillon,ChristineDillon@gmail.com,7961990919,1989-09-10
US_6719,Lisa Campbell,LisaCampbell@gmail.com,8287831659,1961-07-28
US_6720,Jeffrey Taylor,JeffreyTaylor@gmail.com,9661864756,1991-01-30
US_6721,Brett Bailey,BrettBailey@gmail.com,8089091240,1966-06-09
US_6722,Donna Sexton,DonnaSexton@gmail.com,7407702278,1973-09-16
US_6724,Kelly Woods,KellyWoods@gmail.com,8768943492,1957-02-03
US_6725,Thomas Johnson,ThomasJohnson@gmail.com,9242760651,1990-06-28
US_6726,Christine King,ChristineKing@gmail.com,7112347357,2004-03-30
US_6727,Marcus Williams,MarcusWilliams@gmail.com,7532078055,1967-07-26
US_6729,Gerald Hunt,GeraldHunt@gmail.com,7127495343,1979-01-20
US_6730,Zachary Huff,ZacharyHuff@gmail.com,9790286605,2001-10-07
US_6731,Luis Lopez V,LuisLopez@gmail.com,8242052133,1970-06-14
US_6732,Stephen Mitchell,StephenMitchell@gmail.com,9146625063,1997-04-23
US_6733,Eric Ingram,EricIngram@gmail.com,8113318228,1966-08-31
US_6734,Jon Robinson,JonRobinson@gmail.com,8354870920,1965-04-06
US_6735,Richard Flynn,RichardFlynn@gmail.com,9774535905,1974-12-29
US_6736,Jasmine Scott,JasmineScott@gmail.com,8589043678,1975-04-08
US_6737,Yolanda Martin,YolandaMartin@gmail.com,8852545477,1987-10-28
US_6738,Patricia Wood,PatriciaWood@gmail.com,7422674750,1954-12-25
US_6739,Ryan Taylor,RyanTaylor@gmail.com,9041492742,1954-07-25
US_6740,Amanda Watts,AmandaWatts@gmail.com,7191315929,2001-09-23
US_6741,Jose Gross,JoseGross@gmail.com,7345085249,1960-07-09
US_6742,Matthew Krause,MatthewKrause@gmail.com,7938593480,1994-11-24
US_6743,Gerald Mason,GeraldMason@gmail.com,9080558108,1981-04-02
US_6744,Stephen Olson,StephenOlson@gmail.com,7696655913,1993-06-16
US_6745,Carrie Myers,CarrieMyers@gmail.com,8097886164,1994-07-25
US_6746,Frank Lawrence,FrankLawrence@gmail.com,9160816529,1957-08-11
US_6748,Joseph Green,JosephGreen@gmail.com,7795078884,1996-07-26
US_6749,Eric Mathis,EricMathis@gmail.com,8110722014,1966-10-01
US_6750,Nancy Carter,NancyCarter@gmail.com,7362007273,2003-05-14
US_6751,Tyler Mills,TylerMills@gmail.com,8861574073,1960-01-12
US_6752,Jim Foster,JimFoster@gmail.com,7587716948,1973-01-15
US_6753,Joshua Hayes,JoshuaHayes@gmail.com,9228842738,1964-01-03
US_6754,Savannah Johns,SavannahJohns@gmail.com,8384656966,1984-07-30
US_6755,Jason Mcdonald,JasonMcdonald@gmail.com,9633564280,1957-01-14
US_6756,Jasmine Hall,JasmineHall@gmail.com,8920310855,1998-12-06
US_6757,Rhonda Oconnell,RhondaOconnell@gmail.com,8777762128,1999-08-31
US_6758,Matthew Khan,MatthewKhan@gmail.com,8361262313,1985-08-07
US_6759,Jake Holmes,JakeHolmes@gmail.com,8016933412,1997-03-31
US_6761,Tim Jackson,TimJackson@gmail.com,8827598419,1971-05-01
US_6762,Alexandra Holmes,AlexandraHolmes@gmail.com,7773353147,1964-04-13
US_6763,Michael Santos,MichaelSantos@gmail.com,7398607699,1970-09-23
US_6764,Janice Roberts,JaniceRoberts@gmail.com,8829283623,1976-09-30
US_6765,Jason Khan,JasonKhan@gmail.com,7097541285,2003-03-10
US_6766,Steven Perez,StevenPerez@gmail.com,7349169522,1999-05-17
US_6767,Derek Coleman,DerekColeman@gmail.com,7854245665,1958-02-03
US_6768,Christine Sanders,ChristineSanders@gmail.com,7758657370,1994-05-06
US_6771,Timothy White,TimothyWhite@gmail.com,9749997081,2003-04-14
US_6772,Jason Mathews,JasonMathews@gmail.com,8958029894,2001-06-30
US_6773,Maria Parsons,MariaParsons@gmail.com,9840604511,1990-09-28
US_6775,Jessica Robinson,JessicaRobinson@gmail.com,7658415802,1964-06-30
US_6776,Megan Stokes,MeganStokes@gmail.com,8456334523,1957-12-03
US_6777,John Harris,JohnHarris@gmail.com,9669262242,2004-07-19
US_6778,Eric Li,EricLi@gmail.com,8127095505,2000-08-29
US_6779,Melissa Oneill,MelissaOneill@gmail.com,8093062832,1987-12-17
US_6780,Karen Ross,KarenRoss@gmail.com,8363735760,1968-12-03
US_6781,Emily Gamble,EmilyGamble@gmail.com,8411694617,1994-12-13
US_6782,Alex Lambert,AlexLambert@gmail.com,7135220251,1971-08-01
US_6783,Charles Poole,CharlesPoole@gmail.com,9071140795,1962-03-16
US_6784,Amy Wong,AmyWong@gmail.com,8393088832,1956-08-30
US_6785,Pamela Hubbard,PamelaHubbard@gmail.com,9917245412,1968-07-14
US_6786,Jennifer Cummings,JenniferCummings@gmail.com,7180666846,1997-04-15
US_6787,James Lopez,JamesLopez@gmail.com,9948907004,2006-01-30
US_6788,Benjamin Hines,BenjaminHines@gmail.com,7953598242,1991-06-28
US_6789,Tonya Kemp,TonyaKemp@gmail.com,7804502792,1993-07-23
US_6790,Corey Pacheco,CoreyPacheco@gmail.com,7831425559,2002-07-19
US_6791,Pamela Hicks,PamelaHicks@gmail.com,8312599459,2001-07-07
US_6792,Megan Knight,MeganKnight@gmail.com,8195414823,1960-04-14
US_6793,Caitlin Wilson,CaitlinWilson@gmail.com,9790176565,2004-04-29
US_6794,Michael Church,MichaelChurch@gmail.com,8521406635,1983-09-20
US_6795,Patricia Hall,PatriciaHall@gmail.com,7371238367,1991-06-11
US_6796,Omar Weeks,OmarWeeks@gmail.com,9551220262,1972-09-07
US_6797,Samantha Parker,SamanthaParker@gmail.com,9484736601,1994-12-17
US_6798,Jared Carter,JaredCarter@gmail.com,7028268068,1955-07-27
US_6799,Mitchell Garza,MitchellGarza@gmail.com,9939790627,1954-06-08
US_6800,Mary Compton,MaryCompton@gmail.com,8139311117,1958-10-25
US_6801,Ray Rosario,RayRosario@gmail.com,7600841604,1961-11-18
US_6802,William Guzman,WilliamGuzman@gmail.com,8385749617,1999-12-01
US_6803,Douglas Hampton,DouglasHampton@gmail.com,7498359215,1982-10-21
US_6807,Lawrence Martin,LawrenceMartin@gmail.com,8593280564,1983-03-27
US_6808,Mrs. Susan Newton MD,Mrs.Susan@gmail.com,8496964874,1975-12-03
US_6809,Robin Terry,RobinTerry@gmail.com,8479118044,1958-04-08
US_6810,Melissa Short,MelissaShort@gmail.com,8008333352,1999-12-04
US_6811,Nathaniel Rodriguez,NathanielRodriguez@gmail.com,7244924645,1960-12-13
US_6812,Scott Smith,ScottSmith@gmail.com,7999266447,1970-08-31
US_6813,Tiffany Nelson,TiffanyNelson@gmail.com,7695939374,1995-04-14
US_6814,Brian Ware,BrianWare@gmail.com,8897021893,1983-10-19
US_6815,Sharon Blake,SharonBlake@gmail.com,8029847269,1978-07-03
US_6816,Ashley Santos,AshleySantos@gmail.com,8022798122,1958-10-22
US_6817,Raymond Mccall,RaymondMccall@gmail.com,8263435940,1986-06-29
US_6818,Stephanie Valdez,StephanieValdez@gmail.com,7711138279,1961-08-01
US_6819,Aaron Ayers,AaronAyers@gmail.com,7058518778,1963-12-08
US_6821,Brittney Mccoy,BrittneyMccoy@gmail.com,7569127431,1998-12-11
US_6822,Shawn Harris,ShawnHarris@gmail.com,9191725406,1958-02-10
US_6823,Kimberly Holmes,KimberlyHolmes@gmail.com,9653172429,1988-09-22
US_6824,Tonya Jones,TonyaJones@gmail.com,9715268442,1973-07-17
US_6825,Chris Martin,ChrisMartin@gmail.com,9920685499,1988-01-10
US_6826,Krista Curtis,KristaCurtis@gmail.com,9057683522,1975-01-26
US_6827,Sandra Kirby,SandraKirby@gmail.com,8635149064,1965-08-29
US_6828,Travis Guerrero,TravisGuerrero@gmail.com,8322945989,1992-11-05
US_6829,Charles Romero,CharlesRomero@gmail.com,8220198003,1998-05-02
US_6830,Gina Cunningham,GinaCunningham@gmail.com,9483225739,1989-07-05
US_6831,Julie Hill,JulieHill@gmail.com,8161648947,1974-10-06
US_6833,Ashley Greene,AshleyGreene@gmail.com,9576915162,1974-10-17
US_6834,Shannon Jackson,ShannonJackson@gmail.com,8163885428,1977-06-30
US_6836,Casey Smith,CaseySmith@gmail.com,9791964131,1963-04-06
US_6837,Joy Reid,JoyReid@gmail.com,8969196435,1974-11-11
US_6838,Wendy Fisher,WendyFisher@gmail.com,8336810933,1955-09-24
US_6839,Sonya Ramirez,SonyaRamirez@gmail.com,8331195073,2000-12-26
US_6840,Robert James,RobertJames@gmail.com,7106098306,1988-08-04
US_6841,Maria Cook,MariaCook@gmail.com,8402685538,1957-03-06
US_6842,Samantha Washington,SamanthaWashington@gmail.com,9860020848,1967-11-19
US_6843,Christopher Fitzgerald,ChristopherFitzgerald@gmail.com,9967104816,2000-12-26
US_6844,Matthew Barrett,MatthewBarrett@gmail.com,7988730155,1991-11-02
US_6845,Matthew Brooks,MatthewBrooks@gmail.com,7575616497,1957-04-22
US_6846,Albert Davis,AlbertDavis@gmail.com,9194555935,1980-04-19
US_6847,Tina Ellis,TinaEllis@gmail.com,8991394007,1999-09-24
US_6848,Clayton Blankenship,ClaytonBlankenship@gmail.com,9631202689,1997-06-22
US_6849,Jennifer Velasquez,JenniferVelasquez@gmail.com,7943509715,1975-03-20
US_6850,Danielle Bennett,DanielleBennett@gmail.com,7894328838,2006-06-28
US_6851,April Hull,AprilHull@gmail.com,7633174756,1993-03-11
US_6853,Melissa Williams,MelissaWilliams@gmail.com,7012091858,1974-01-30
US_6854,Michael Coleman,MichaelColeman@gmail.com,8174329373,2000-03-26
US_6855,Angela Patel,AngelaPatel@gmail.com,7167159811,1985-08-09
US_6856,Jacob David,JacobDavid@gmail.com,9487238627,2001-04-03
US_6857,Tricia Russo,TriciaRusso@gmail.com,9477231754,1999-02-21
US_6858,Denise Wiley,DeniseWiley@gmail.com,8497204152,1969-01-19
US_6859,Bridget Bell,BridgetBell@gmail.com,8712790876,1980-10-27
US_6860,Jodi Jimenez,JodiJimenez@gmail.com,9202256540,1980-01-07
US_6861,Destiny Joseph,DestinyJoseph@gmail.com,9810900357,2005-08-06
US_6862,Zachary Yu,ZacharyYu@gmail.com,7967182373,1996-04-08
US_6863,Andrew Powell,AndrewPowell@gmail.com,9426779255,1988-01-16
US_6864,Reginald Cordova,ReginaldCordova@gmail.com,7019777615,1983-05-19
US_6865,Kevin Anderson,KevinAnderson@gmail.com,9335052369,1977-06-01
US_6866,Latasha Washington,LatashaWashington@gmail.com,8734777077,1962-03-05
US_6867,Stacy Stein,StacyStein@gmail.com,8927978834,1988-11-15
US_6868,Anthony Scott,AnthonyScott@gmail.com,8480181106,1980-05-29
US_6869,Jasmine Martin,JasmineMartin@gmail.com,9245728194,1966-07-03
US_6870,Manuel Smith,ManuelSmith@gmail.com,8603784287,1983-11-09
US_6871,Benjamin Chavez,BenjaminChavez@gmail.com,7415937822,1967-03-12
US_6872,Lauren Thompson,LaurenThompson@gmail.com,7498262503,1970-02-08
US_6873,Jamie Galloway,JamieGalloway@gmail.com,9343687085,1996-03-19
US_6874,Theresa Sandoval,TheresaSandoval@gmail.com,9150784656,1999-02-11
US_6875,Thomas Morrison,ThomasMorrison@gmail.com,9013623031,1971-12-20
US_6876,Kimberly Lewis,KimberlyLewis@gmail.com,8159426777,2000-06-20
US_6877,Morgan Grimes,MorganGrimes@gmail.com,7291240597,1971-03-26
US_6878,Jose Mckinney,JoseMckinney@gmail.com,9155955939,1978-03-13
US_6879,Cody Hendricks,CodyHendricks@gmail.com,7440207938,1979-06-05
US_6880,Eric Wright,EricWright@gmail.com,8107292136,1966-05-25
US_6881,Amber Meza,AmberMeza@gmail.com,8810672998,1978-03-13
US_6882,Stephanie Li,StephanieLi@gmail.com,8404883948,2005-10-13
US_6883,Curtis Rice,CurtisRice@gmail.com,7552421269,1969-09-07
US_6886,Anthony Werner,AnthonyWerner@gmail.com,9113613203,2004-11-02
US_6887,Tara Thomas,TaraThomas@gmail.com,7048446653,1960-12-04
US_6888,Nicole Jones,NicoleJones@gmail.com,8892285934,1992-02-07
US_6889,Natalie Stanley,NatalieStanley@gmail.com,8119111474,1992-12-24
US_6890,Shelby Simon,ShelbySimon@gmail.com,7001656840,1999-03-05
US_6891,Claudia Wilson,ClaudiaWilson@gmail.com,9857411142,1994-07-23
US_6892,Robert Simpson,RobertSimpson@gmail.com,9286876353,1955-06-08
US_6893,Mark Stephens,MarkStephens@gmail.com,8171876479,2005-11-23
US_6894,Kevin Fernandez,KevinFernandez@gmail.com,9064555408,1963-10-22
US_6895,Sandra Reyes,SandraReyes@gmail.com,8346799605,1998-07-27
US_6896,Richard Case,RichardCase@gmail.com,7459125267,1976-04-14
US_6897,Terry Rivera,TerryRivera@gmail.com,9503238965,1956-06-01
US_6898,Mariah Brown,MariahBrown@gmail.com,9893461742,1959-02-04
US_6899,George Hall,GeorgeHall@gmail.com,8824455478,1992-12-16
US_6900,Kari Simmons,KariSimmons@gmail.com,7700323647,2006-04-02
US_6901,Rebecca Dean,RebeccaDean@gmail.com,8631106371,1956-07-24
US_6902,Taylor Morales,TaylorMorales@gmail.com,9916236892,1959-12-18
US_6903,Laura Davila,LauraDavila@gmail.com,7542999956,1988-06-21
US_6904,Tammy Werner,TammyWerner@gmail.com,8742363635,1962-07-30
US_6905,William Wood,WilliamWood@gmail.com,9738114532,1975-06-05
US_6906,Sherry Miller,SherryMiller@gmail.com,8745308644,1991-08-18
US_6907,Danielle Mcconnell,DanielleMcconnell@gmail.com,8710436451,1998-05-29
US_6908,Jason Garcia,JasonGarcia@gmail.com,9935597875,1956-01-17
US_6909,Laura Spence,LauraSpence@gmail.com,8040077602,1975-02-08
US_6910,Phillip Herman,PhillipHerman@gmail.com,7702288570,1987-05-20
US_6911,Patricia Atkinson,PatriciaAtkinson@gmail.com,8920180431,1966-02-13
US_6912,David Ayers,DavidAyers@gmail.com,7593802800,1997-05-02
US_6913,Bryan Martin II,BryanMartin@gmail.com,9121190883,1982-03-19
US_6914,Cory Guerrero,CoryGuerrero@gmail.com,9226989875,1987-10-18
US_6915,Jared Smith,JaredSmith@gmail.com,7433903052,1989-02-22
US_6916,Jon Day Jr.,JonDay@gmail.com,7550273070,1974-02-03
US_6917,Hannah Perez MD,HannahPerez@gmail.com,8915016986,1998-11-09
US_6918,Mary Church,MaryChurch@gmail.com,8987501167,1965-08-16
US_6919,Gavin Howell,GavinHowell@gmail.com,8699735349,1956-04-03
US_6920,Linda Jones,LindaJones@gmail.com,8259813117,1968-10-14
US_6923,Zachary Hill,ZacharyHill@gmail.com,8586513339,1970-02-14
US_6925,Jeffrey Wallace,JeffreyWallace@gmail.com,8236642771,1999-09-23
US_6927,William Leblanc,WilliamLeblanc@gmail.com,8577287924,1989-07-14
US_6928,Melissa Ruiz,MelissaRuiz@gmail.com,7882652174,1985-06-14
US_6929,Richard Franklin,RichardFranklin@gmail.com,7991424509,1967-09-04
US_6931,Sarah Proctor,SarahProctor@gmail.com,7207192623,1980-08-21
US_6932,Michael Woodward,MichaelWoodward@gmail.com,7481482236,2000-02-04
US_6934,James Bonilla,JamesBonilla@gmail.com,8816896762,1961-10-07
US_6935,Robert Grant,RobertGrant@gmail.com,9612731912,1999-01-29
US_6936,Aaron Reed,AaronReed@gmail.com,8521057468,1985-06-16
US_6937,Monica Morton,MonicaMorton@gmail.com,7783316477,1975-06-11
US_6938,Russell Green,RussellGreen@gmail.com,7783550869,2002-05-15
US_6939,Lisa Caldwell,LisaCaldwell@gmail.com,9948531876,1963-04-23
US_6940,Melvin Weeks,MelvinWeeks@gmail.com,8093893342,1972-11-24
US_6941,John Kennedy,JohnKennedy@gmail.com,8159337835,1999-02-19
US_6943,Alexandria Collins,AlexandriaCollins@gmail.com,7511735307,1958-09-18
US_6944,Autumn Hill,AutumnHill@gmail.com,8878713814,1962-06-15
US_6945,Philip Munoz,PhilipMunoz@gmail.com,9894946592,1993-03-28
US_6946,Kimberly Thompson,KimberlyThompson@gmail.com,8577725097,1997-09-11
US_6947,Allison Clark,AllisonClark@gmail.com,7080826155,1980-05-30
US_6948,Randy Wang,RandyWang@gmail.com,8515103162,1984-09-12
US_6949,Amanda Palmer,AmandaPalmer@gmail.com,7515725872,1979-06-01
US_6950,Kimberly Ross,KimberlyRoss@gmail.com,8686211828,1992-09-21
US_6951,Lori Steele,LoriSteele@gmail.com,8608869979,1975-06-08
US_6952,Jeremy Fernandez,JeremyFernandez@gmail.com,8952313023,1989-02-22
US_6953,Frank Franklin,FrankFranklin@gmail.com,9753576787,1974-03-02
US_6954,Wesley Reyes,WesleyReyes@gmail.com,9195940551,1960-07-06
US_6955,Michelle Clark,MichelleClark@gmail.com,7051572270,1980-08-20
US_6956,David Le,DavidLe@gmail.com,8007901433,1957-06-28
US_6957,Anthony Lee,AnthonyLee@gmail.com,9537065238,1979-06-20
US_6958,Mrs. Sarah Gordon,Mrs.Sarah@gmail.com,7120353474,2003-10-03
US_6959,Amy Mack,AmyMack@gmail.com,9350603965,1982-02-09
US_6960,Andrew Cortez,AndrewCortez@gmail.com,8827196856,1956-04-17
US_6961,Karen Novak,KarenNovak@gmail.com,7139833944,1973-05-19
US_6962,Amanda Shelton,AmandaShelton@gmail.com,7350131729,1954-07-12
US_6963,Michael Davis,MichaelDavis@gmail.com,7998495631,1962-12-01
US_6964,Samantha Soto,SamanthaSoto@gmail.com,7075503067,1988-08-25
US_6965,Sharon Miller,SharonMiller@gmail.com,8661265860,1954-08-10
US_6967,Brett Rogers,BrettRogers@gmail.com,9082469697,1994-10-19
US_6970,Kirk Powell,KirkPowell@gmail.com,9594963301,1964-07-25
US_6971,Jesse Sutton,JesseSutton@gmail.com,8002881159,1976-09-16
US_6972,Bridget Edwards DDS,BridgetEdwards@gmail.com,7082996166,1983-05-30
US_6973,Adam Woods,AdamWoods@gmail.com,9057941995,1960-05-05
US_6975,Tina Brown,TinaBrown@gmail.com,7463780350,1977-04-11
US_6976,Stephanie Barton,StephanieBarton@gmail.com,9582590248,1962-06-04
US_6977,Stephanie Miller,StephanieMiller@gmail.com,8103346878,1991-04-04
US_6978,Donna Reese,DonnaReese@gmail.com,9471553625,1980-05-09
US_6979,Laura Daniel,LauraDaniel@gmail.com,7234731704,1982-11-24
US_6980,Jennifer Sparks,JenniferSparks@gmail.com,8270911324,1973-09-27
US_6981,Yolanda Anderson,YolandaAnderson@gmail.com,8455089308,1956-07-12
US_6982,David Warner,DavidWarner@gmail.com,7478965528,2004-12-05
US_6983,Tammy Cox,TammyCox@gmail.com,8323879737,1968-05-31
US_6984,Brenda Cruz,BrendaCruz@gmail.com,8467584499,1986-06-23
US_6985,Elizabeth Anderson,ElizabethAnderson@gmail.com,7730479557,1990-11-17
US_6986,Mr. Jerry Robinson,Mr.Jerry@gmail.com,7019389576,1979-09-08
US_6987,James Rivera,JamesRivera@gmail.com,9202079748,1971-09-15
US_6989,Jeffrey Smith,JeffreySmith@gmail.com,9516524909,1974-05-16
US_6990,Nicholas Eaton,NicholasEaton@gmail.com,9048657452,1966-05-02
US_6991,Mark Adams,MarkAdams@gmail.com,7932689760,1965-09-08
US_6993,Laurie Vargas,LaurieVargas@gmail.com,9904536462,1974-10-30
US_6994,Amy Yang DDS,AmyYang@gmail.com,7976114030,1983-06-20
US_6995,Chad Franklin,ChadFranklin@gmail.com,8742329468,1980-03-18
US_6996,Michael Saunders,MichaelSaunders@gmail.com,7642778261,2003-10-28
US_6997,Jacob Mcdonald,JacobMcdonald@gmail.com,9067374018,1995-08-20
US_6998,Crystal Rodriguez,CrystalRodriguez@gmail.com,9786359535,1958-12-07
US_6999,Chelsea Long,ChelseaLong@gmail.com,8492421334,1985-01-09
US_7000,Mitchell Jordan,MitchellJordan@gmail.com,9369323130,1990-08-18
US_7001,Walter Bailey,WalterBailey@gmail.com,9942942101,1996-04-14
US_7002,Katherine Phillips,KatherinePhillips@gmail.com,8051078303,1978-11-28
US_7003,Robert Jarvis,RobertJarvis@gmail.com,8974524988,1998-05-09
US_7004,Breanna Flores,BreannaFlores@gmail.com,9377976662,2006-05-20
US_7005,Tonya Campbell,TonyaCampbell@gmail.com,9756774362,1989-12-17
US_7006,Gary Palmer,GaryPalmer@gmail.com,9123110037,1993-03-26
US_7007,Alan Hoffman,AlanHoffman@gmail.com,7557498334,1991-07-29
US_7008,Linda Bailey,LindaBailey@gmail.com,8990041212,1959-05-24
US_7009,Daniel Mercado,DanielMercado@gmail.com,7453613150,1979-05-01
US_7010,Pamela Sanders,PamelaSanders@gmail.com,8637543756,1964-10-01
US_7011,Sean Harper,SeanHarper@gmail.com,8031147960,1965-04-06
US_7012,Brittany Snyder,BrittanySnyder@gmail.com,9904248639,1956-05-12
US_7013,Ethan Russell Jr.,EthanRussell@gmail.com,7263391975,1982-08-23
US_7014,Jennifer Cochran,JenniferCochran@gmail.com,8751338155,2003-09-23
US_7016,Edward Shields,EdwardShields@gmail.com,9479505635,1957-06-02
US_7017,Javier Dorsey,JavierDorsey@gmail.com,7269257645,2000-11-25
US_7018,Craig Marsh,CraigMarsh@gmail.com,7006981287,1956-06-28
US_7019,Jonathan Johnson,JonathanJohnson@gmail.com,9376135781,1956-11-19
US_7020,Cristian Smith,CristianSmith@gmail.com,7698787715,1991-11-26
US_7021,Michael Walters,MichaelWalters@gmail.com,9908030438,2005-05-27
US_7022,Jonathan Davis,JonathanDavis@gmail.com,9211187205,1956-09-21
US_7023,Gregory Alexander,GregoryAlexander@gmail.com,9928160726,1978-03-30
US_7024,Carl Scott,CarlScott@gmail.com,8521460523,1969-05-13
US_7025,David Nguyen,DavidNguyen@gmail.com,9588509225,1995-09-13
US_7026,Derek Mckinney,DerekMckinney@gmail.com,8309224338,1995-01-16
US_7027,Monique Diaz,MoniqueDiaz@gmail.com,9950175204,1964-03-16
US_7028,Robert Benson,RobertBenson@gmail.com,9413219013,1988-02-11
US_7030,Timothy Miller,TimothyMiller@gmail.com,8438507658,1971-04-23
US_7031,Kelly Johnston,KellyJohnston@gmail.com,9819011058,1992-07-22
US_7032,Vincent Zuniga,VincentZuniga@gmail.com,7603740014,1958-05-11
US_7033,Jennifer Lewis,JenniferLewis@gmail.com,8651936781,1983-06-02
US_7034,Stephen Spencer,StephenSpencer@gmail.com,9473062090,1975-08-06
US_7035,Frank Lawson,FrankLawson@gmail.com,9203342994,2002-01-25
US_7036,Michael Stevens,MichaelStevens@gmail.com,8985093884,1956-07-30
US_7037,Adriana Parks,AdrianaParks@gmail.com,8858551782,1981-11-09
US_7038,Cody Sanchez,CodySanchez@gmail.com,7909108528,1997-05-10
US_7039,Karen Wells,KarenWells@gmail.com,9530630460,1990-05-16
US_7040,Kimberly Sanchez,KimberlySanchez@gmail.com,8444100946,1997-04-06
US_7041,Martin Elliott,MartinElliott@gmail.com,8329810936,2002-04-19
US_7042,Larry Reynolds,LarryReynolds@gmail.com,9707464485,1954-04-27
US_7043,Colton Roth,ColtonRoth@gmail.com,8316548589,1981-04-15
US_7044,Lindsey Mendoza,LindseyMendoza@gmail.com,9051754574,1966-01-25
US_7045,Brandi Cunningham,BrandiCunningham@gmail.com,9519128238,1965-06-09
US_7048,Robin Donovan,RobinDonovan@gmail.com,9909618940,1963-04-17
US_7049,Julia Williamson,JuliaWilliamson@gmail.com,9469062374,1980-11-29
US_7050,Chelsea Martin,ChelseaMartin@gmail.com,8937564478,1974-05-26
US_7051,David Fitzpatrick,DavidFitzpatrick@gmail.com,8205585330,1997-12-24
US_7052,Nathan Dillon,NathanDillon@gmail.com,9627296799,2003-05-15
US_7053,Amber Allen,AmberAllen@gmail.com,9796164521,1956-03-17
US_7054,Kenneth King,KennethKing@gmail.com,8654418338,1999-10-10
US_7055,Ana Jensen MD,AnaJensen@gmail.com,8756901978,1973-04-16
US_7056,Kelli Carter,KelliCarter@gmail.com,9895361963,1954-08-07
US_7057,Edward Keller,EdwardKeller@gmail.com,7880038546,1971-03-30
US_7058,Kelly Preston,KellyPreston@gmail.com,9068192953,1967-07-28
US_7059,Michael Rivera,MichaelRivera@gmail.com,7465008279,1990-05-14
US_7060,Bradley Cameron,BradleyCameron@gmail.com,9658355637,2000-12-02
US_7061,Beth Price,BethPrice@gmail.com,7045471498,1985-07-13
US_7062,Jessica Graham,JessicaGraham@gmail.com,9892372389,1980-12-21
US_7063,Lisa Harris,LisaHarris@gmail.com,9392935225,1966-03-18
US_7064,Becky Smith,BeckySmith@gmail.com,8177547868,1980-04-10
US_7065,Rachel Rollins,RachelRollins@gmail.com,9625425752,1962-12-13
US_7066,Christopher Ayala,ChristopherAyala@gmail.com,7903273717,2006-08-19
US_7067,Mario Maxwell,MarioMaxwell@gmail.com,9850650640,1976-11-12
US_7068,Katherine Mcdonald,KatherineMcdonald@gmail.com,9968698824,1995-05-17
US_7069,Todd Perry,ToddPerry@gmail.com,9870192009,1980-02-12
US_7070,Melissa Johnson,MelissaJohnson@gmail.com,7053828928,1985-09-04
US_7071,Timothy Blair,TimothyBlair@gmail.com,9349081752,1965-08-20
US_7073,Amy Gray,AmyGray@gmail.com,7851227955,1997-03-30
US_7074,Lucas Jackson,LucasJackson@gmail.com,7407602705,1986-05-18
US_7075,Elizabeth Mccoy,ElizabethMccoy@gmail.com,7715844498,1982-09-02
US_7076,Roger Bowman,RogerBowman@gmail.com,9734226645,1985-07-17
US_7078,Debra Leonard,DebraLeonard@gmail.com,9252372288,1993-08-22
US_7079,Kara Blake,KaraBlake@gmail.com,7581500031,1959-06-08
US_7080,Jessica Fisher,JessicaFisher@gmail.com,9564356404,2005-10-20
US_7081,Timothy Wilkinson,TimothyWilkinson@gmail.com,7056973379,2004-01-06
US_7082,Christopher Cameron,ChristopherCameron@gmail.com,7478291082,1978-11-03
US_7083,Jared Ballard,JaredBallard@gmail.com,7370507833,1997-04-22
US_7084,Heather Bradford,HeatherBradford@gmail.com,7033390199,2006-05-31
US_7085,Jennifer Moses,JenniferMoses@gmail.com,8364048818,2002-08-22
US_7087,Debra Larson,DebraLarson@gmail.com,8344059206,1962-02-24
US_7088,Christine Mills,ChristineMills@gmail.com,8123404611,1973-09-22
US_7089,Kevin Carrillo,KevinCarrillo@gmail.com,8863087405,1984-08-02
US_7090,Nicole Roberson,NicoleRoberson@gmail.com,9030856057,2002-08-08
US_7091,Sarah George,SarahGeorge@gmail.com,8342485923,1967-04-09
US_7092,Kyle Mccarthy,KyleMccarthy@gmail.com,9662191961,1964-09-13
US_7093,Kevin Oliver,KevinOliver@gmail.com,9283957825,1995-11-08
US_7094,Erik Delacruz,ErikDelacruz@gmail.com,9031936793,1976-02-25
US_7096,Patricia Kim,PatriciaKim@gmail.com,7932080446,1978-10-25
US_7097,Carlos Walker,CarlosWalker@gmail.com,8131472492,1979-05-06
US_7098,Stephanie Garcia,StephanieGarcia@gmail.com,9636615687,1956-07-25
US_7099,Nathan Willis,NathanWillis@gmail.com,8871927273,1990-08-08
US_7100,Kimberly Curtis,KimberlyCurtis@gmail.com,9592474368,1999-08-29
US_7101,Susan Rivera,SusanRivera@gmail.com,7047509085,1976-07-22
US_7102,Timothy Perez,TimothyPerez@gmail.com,7392492445,1999-07-09
US_7104,Patrick Huerta,PatrickHuerta@gmail.com,7130768822,1981-11-28
US_7105,Brenda Lee,BrendaLee@gmail.com,8036199782,1974-05-07
US_7106,Kiara Sexton,KiaraSexton@gmail.com,8219918519,1986-04-04
US_7107,Elizabeth Serrano,ElizabethSerrano@gmail.com,8976953102,1966-03-08
US_7108,Candice Sanders,CandiceSanders@gmail.com,9734461944,1993-03-31
US_7109,Jonathan Vasquez,JonathanVasquez@gmail.com,7634676039,1976-10-14
US_7110,Patricia Fox,PatriciaFox@gmail.com,8132777184,1985-02-26
US_7111,Betty Cole,BettyCole@gmail.com,7928452316,1974-05-01
US_7113,Valerie Roberts,ValerieRoberts@gmail.com,8977434635,1967-02-18
US_7114,Anthony Terry,AnthonyTerry@gmail.com,8246646447,1958-08-08
US_7115,Mrs. Miranda Johnston,Mrs.Miranda@gmail.com,7649413686,1988-03-27
US_7116,Eric Adkins,EricAdkins@gmail.com,8006428934,1956-04-24
US_7117,Kimberly Kane,KimberlyKane@gmail.com,8261788550,1961-08-20
US_7118,Alexander Shelton,AlexanderShelton@gmail.com,7365981675,1960-10-21
US_7119,Melissa Hanson,MelissaHanson@gmail.com,7762937146,1961-10-15
US_7121,Dana Smith,DanaSmith@gmail.com,9581883391,1996-12-10
US_7122,Tamara Moore,TamaraMoore@gmail.com,8111597842,1976-04-09
US_7123,Bryan Franco,BryanFranco@gmail.com,8843684974,1983-05-21
US_7124,Spencer Butler,SpencerButler@gmail.com,7292893416,2006-11-23
US_7125,Casey Garcia,CaseyGarcia@gmail.com,9682907960,1958-04-02
US_7126,Steven Oconnor,StevenOconnor@gmail.com,7119024825,1997-10-25
US_7127,Jennifer Ramirez,JenniferRamirez@gmail.com,9538144882,2004-11-23
US_7128,Dr. Travis Morris DDS,Dr.Travis@gmail.com,7505507289,1964-06-07
US_7129,Johnny Garcia,JohnnyGarcia@gmail.com,7593843732,2005-01-22
US_7130,Dawn Jordan,DawnJordan@gmail.com,9373382560,1972-07-28
US_7131,Anthony Mills,AnthonyMills@gmail.com,9048394285,1966-07-17
US_7132,Richard Perry,RichardPerry@gmail.com,8868411529,1980-03-28
US_7133,Brandi Vega,BrandiVega@gmail.com,8035939336,1986-08-28
US_7135,Christian Snow,ChristianSnow@gmail.com,9127665351,1960-12-08
US_7136,Debbie Carrillo,DebbieCarrillo@gmail.com,9240897769,1955-03-19
US_7137,Kaitlyn Phillips,KaitlynPhillips@gmail.com,8875694929,1989-09-07
US_7138,Ryan Harris,RyanHarris@gmail.com,9082832106,2003-09-16
US_7139,Susan Bolton,SusanBolton@gmail.com,9247462089,2006-10-19
US_7140,Reginald Copeland,ReginaldCopeland@gmail.com,9436877261,1995-01-22
US_7141,Sharon Cross,SharonCross@gmail.com,9003369743,1959-05-12
US_7142,Tyler Russell,TylerRussell@gmail.com,9243485574,1958-02-01
US_7143,Marcus Patrick,MarcusPatrick@gmail.com,7456868654,1984-05-19
US_7144,Thomas Hunt,ThomasHunt@gmail.com,8446341449,1996-09-12
US_7145,Christopher Salinas,ChristopherSalinas@gmail.com,8923901345,1961-12-06
US_7146,Anthony Carr,AnthonyCarr@gmail.com,7020290946,1977-10-02
US_7147,Amanda Franklin,AmandaFranklin@gmail.com,8406668221,1985-09-03
US_7148,Nicole Lewis,NicoleLewis@gmail.com,8174281098,1972-07-16
US_7149,Alexandria Carrillo,AlexandriaCarrillo@gmail.com,7146135723,1975-05-13
US_7150,Samantha Alvarez,SamanthaAlvarez@gmail.com,8584541923,1989-04-27
US_7151,Dr. Roberto Johnston,Dr.Roberto@gmail.com,9224733707,2000-03-30
US_7152,Dr. George Hernandez,Dr.George@gmail.com,9067623693,2006-06-09
US_7153,Daniel Price,DanielPrice@gmail.com,9081363651,1979-02-18
US_7154,Adam Stewart,AdamStewart@gmail.com,9241235045,2000-06-05
US_7155,Daniel Molina,DanielMolina@gmail.com,7636382987,1976-11-02
US_7157,Victoria Berry,VictoriaBerry@gmail.com,9842058424,2005-04-05
US_7159,Ronald Juarez,RonaldJuarez@gmail.com,9038577983,1977-12-02
US_7160,Matthew Reynolds,MatthewReynolds@gmail.com,7199405283,1984-02-13
US_7161,Luis Nelson,LuisNelson@gmail.com,8170826000,1960-09-06
US_7162,Rhonda Williams,RhondaWilliams@gmail.com,8331753994,1987-05-03
US_7163,Brandon Pruitt,BrandonPruitt@gmail.com,8889992565,1972-03-07
US_7164,Pamela Cook,PamelaCook@gmail.com,7422853904,1969-07-11
US_7166,Erik Williams,ErikWilliams@gmail.com,8779795256,1967-08-10
US_7167,Patrick Ortega,PatrickOrtega@gmail.com,7594543206,2002-08-24
US_7168,Joseph Stevens,JosephStevens@gmail.com,8451697902,1984-07-02
US_7169,Tina Wilson,TinaWilson@gmail.com,7436346057,1974-11-17
US_7170,Jose Coleman,JoseColeman@gmail.com,8672641910,2001-02-28
US_7171,Terry Mills,TerryMills@gmail.com,8240463163,2006-05-02
US_7172,Aaron Boyd,AaronBoyd@gmail.com,8389834568,1983-10-25
US_7173,Sara Flores,SaraFlores@gmail.com,7700564408,1958-09-17
US_7174,Shelly Horton,ShellyHorton@gmail.com,9494416830,1976-12-15
US_7175,Destiny Duncan,DestinyDuncan@gmail.com,8202419328,1974-06-07
US_7176,Matthew Robinson,MatthewRobinson@gmail.com,8827319983,2004-06-25
US_7177,Jessica Doyle,JessicaDoyle@gmail.com,9235096864,1995-05-06
US_7178,Joshua Moran,JoshuaMoran@gmail.com,7041450777,1957-08-02
US_7179,Carol Fisher,CarolFisher@gmail.com,7156280170,1968-02-22
US_7180,Dr. Daniel Sweeney,Dr.Daniel@gmail.com,8724085304,2006-01-28
US_7182,Kevin Sandoval,KevinSandoval@gmail.com,8372720322,1964-05-24
US_7183,Melanie Watson,MelanieWatson@gmail.com,8520017666,1959-08-08
US_7184,Ms. Stephanie Duran,Ms.Stephanie@gmail.com,8710568312,1970-10-12
US_7185,Jonathan Phillips,JonathanPhillips@gmail.com,8590450796,2007-01-14
US_7187,Erik Dean,ErikDean@gmail.com,9857025460,1967-08-17
US_7188,Allison Fisher,AllisonFisher@gmail.com,8670559443,1958-09-19
US_7189,Casey Hardy,CaseyHardy@gmail.com,9370729332,1992-09-23
US_7190,John Cole,JohnCole@gmail.com,7683233057,1954-03-24
US_7191,Lauren Hooper,LaurenHooper@gmail.com,7875724966,1997-08-30
US_7192,Crystal Shelton,CrystalShelton@gmail.com,8788874930,2003-08-25
US_7193,Amanda Hess,AmandaHess@gmail.com,7339557499,1996-05-28
US_7194,Jessica Holloway,JessicaHolloway@gmail.com,8276277460,1955-10-04
US_7195,Michelle Burton,MichelleBurton@gmail.com,9434113106,1979-03-23
US_7196,Michael Arnold,MichaelArnold@gmail.com,9998754643,1979-07-11
US_7197,Victoria Carpenter,VictoriaCarpenter@gmail.com,7865415817,2003-07-21
US_7198,Andrea Moody,AndreaMoody@gmail.com,9178294551,1958-06-25
US_7199,Erik Harris,ErikHarris@gmail.com,9502561981,1995-04-08
US_7200,Virginia Johns,VirginiaJohns@gmail.com,9430585400,2005-04-14
US_7201,Lori Williams,LoriWilliams@gmail.com,9139472075,2002-09-23
US_7202,Daniel Palmer,DanielPalmer@gmail.com,7692725285,1969-06-18
US_7203,Austin Snyder,AustinSnyder@gmail.com,9582090738,2006-02-17
US_7204,Kevin Wood,KevinWood@gmail.com,8267993720,1985-04-02
US_7205,Dr. Lori Jackson,Dr.Lori@gmail.com,7400673829,1964-10-29
US_7206,Christine Baker,ChristineBaker@gmail.com,7592926777,1997-03-10
US_7207,Jennifer Warren,JenniferWarren@gmail.com,9104034342,2000-06-04
US_7208,Tina Jennings,TinaJennings@gmail.com,8354810430,1967-10-13
US_7209,Chris Wheeler,ChrisWheeler@gmail.com,9545712912,1986-10-22
US_7210,Catherine Walls,CatherineWalls@gmail.com,7340044772,1983-04-15
US_7211,Lindsey Chen,LindseyChen@gmail.com,9905712040,2003-12-25
US_7212,Brandon Johns,BrandonJohns@gmail.com,7877759090,1998-10-24
US_7213,Brittney Bradley,BrittneyBradley@gmail.com,8934098662,1989-11-13
US_7214,Kelly Hughes,KellyHughes@gmail.com,9756590687,1985-04-23
US_7215,Pamela Dixon,PamelaDixon@gmail.com,8670022351,2003-04-19
US_7216,Robert Banks,RobertBanks@gmail.com,9220988878,1995-09-18
US_7217,Thomas Hughes DDS,ThomasHughes@gmail.com,9131806213,2002-07-21
US_7218,Amanda Wilson,AmandaWilson@gmail.com,9637864482,1998-05-23
US_7219,Carlos Castillo,CarlosCastillo@gmail.com,7824833272,1995-04-26
US_7220,Justin Hughes,JustinHughes@gmail.com,9869457037,1999-10-19
US_7221,Crystal Hill,CrystalHill@gmail.com,7307347299,1995-08-04
US_7222,Mary Atkinson,MaryAtkinson@gmail.com,9241707882,1971-01-05
US_7223,Lisa Gibson,LisaGibson@gmail.com,8846518544,1996-09-17
US_7224,Miguel Williams,MiguelWilliams@gmail.com,7144325597,2004-05-09
US_7225,Joe Mendez PhD,JoeMendez@gmail.com,9138327425,1955-06-30
US_7226,Sharon Barajas,SharonBarajas@gmail.com,9533585552,1991-12-23
US_7227,Hector Griffin,HectorGriffin@gmail.com,9656593262,2002-09-24
US_7228,Jessica Singh,JessicaSingh@gmail.com,7066019923,1987-10-21
US_7229,Sara Barrett,SaraBarrett@gmail.com,9998371444,1981-01-20
US_7230,Ariel Murphy,ArielMurphy@gmail.com,9500839093,1981-04-05
US_7231,Melanie Saunders,MelanieSaunders@gmail.com,8470163522,1979-05-23
US_7232,Taylor Howard,TaylorHoward@gmail.com,7201219087,1996-08-05
US_7233,Kelly Williamson,KellyWilliamson@gmail.com,9451505132,1989-03-05
US_7234,Nancy Black,NancyBlack@gmail.com,9181998539,1986-05-14
US_7235,Diana Williams,DianaWilliams@gmail.com,9040032249,1990-07-03
US_7236,Jordan Clark,JordanClark@gmail.com,9925476501,1992-02-08
US_7237,Emily Parker,EmilyParker@gmail.com,9977941100,1974-12-10
US_7239,Darrell Wong,DarrellWong@gmail.com,9908860955,1965-06-17
US_7240,Anthony Morales,AnthonyMorales@gmail.com,8276905674,2002-02-18
US_7241,Ashley Burton MD,AshleyBurton@gmail.com,7381823911,1968-03-12
US_7243,Mark Johns,MarkJohns@gmail.com,7217806425,1998-04-12
US_7244,Jeremy Brown,JeremyBrown@gmail.com,8664002194,1981-11-16
US_7245,Crystal Beltran,CrystalBeltran@gmail.com,7457806621,1980-04-09
US_7246,Lori Howard,LoriHoward@gmail.com,7552463931,1973-09-12
US_7247,Deborah Cherry,DeborahCherry@gmail.com,9855081950,1978-08-29
US_7248,Elaine Herman,ElaineHerman@gmail.com,8378193884,1968-09-16
US_7249,Sabrina Henderson DVM,SabrinaHenderson@gmail.com,9526402015,1981-04-02
US_7250,Robin Jones,RobinJones@gmail.com,7910672517,1978-09-28
US_7251,Chad Flores,ChadFlores@gmail.com,7671421756,1977-06-28
US_7252,Jonathan Stanley,JonathanStanley@gmail.com,7574902937,1983-05-30
US_7253,Heather Duffy,HeatherDuffy@gmail.com,9996205853,1965-10-24
US_7255,Maureen Bates,MaureenBates@gmail.com,7102685102,1973-12-31
US_7256,Jordan Nixon,JordanNixon@gmail.com,9465420598,1960-01-29
US_7257,Christine Johnson,ChristineJohnson@gmail.com,9444614931,1976-10-23
US_7258,Ann Hansen,AnnHansen@gmail.com,9282039624,1985-12-12
US_7259,Mary Day,MaryDay@gmail.com,9227142744,1979-07-30
US_7260,Cristina Thompson MD,CristinaThompson@gmail.com,7308728675,1994-11-24
US_7261,Nancy Jones,NancyJones@gmail.com,8220675243,1978-04-25
US_7262,Patrick Medina,PatrickMedina@gmail.com,7257199230,1986-08-05
US_7263,Rebecca Johnson,RebeccaJohnson@gmail.com,8028247323,2000-11-11
US_7264,Daniel Carter,DanielCarter@gmail.com,8795048996,1988-04-30
US_7265,John Scott,JohnScott@gmail.com,9215936756,2004-02-09
US_7266,Bryan Paul,BryanPaul@gmail.com,8044058531,1987-09-26
US_7267,Kimberly Santos,KimberlySantos@gmail.com,9187470672,1985-02-16
US_7268,Katelyn Yang,KatelynYang@gmail.com,8456104220,1995-12-29
US_7269,Lisa Coleman,LisaColeman@gmail.com,8948416841,1962-09-27
US_7270,George Vaughan,GeorgeVaughan@gmail.com,7365457115,1987-04-24
US_7271,Angela Beck,AngelaBeck@gmail.com,7717914701,2006-03-26
US_7272,Juan Brewer,JuanBrewer@gmail.com,7107769152,1986-09-03
US_7274,Elizabeth Hill,ElizabethHill@gmail.com,7159230625,1969-06-26
US_7276,Ruth Harris,RuthHarris@gmail.com,9367862223,1965-10-31
US_7278,Michelle Martinez,MichelleMartinez@gmail.com,9102860460,2006-01-10
US_7279,Matthew Shea,MatthewShea@gmail.com,7955858656,1976-12-04
US_7281,Vernon Walters,VernonWalters@gmail.com,9290798085,1983-11-13
US_7282,Nicole Andrews,NicoleAndrews@gmail.com,7272815014,1989-05-15
US_7283,Janice Fuentes,JaniceFuentes@gmail.com,7350353991,1993-04-08
US_7284,Steven Perry,StevenPerry@gmail.com,7806465279,2005-05-16
US_7285,Bryce Francis,BryceFrancis@gmail.com,7648111102,1984-08-16
US_7286,Jennifer Cisneros MD,JenniferCisneros@gmail.com,8912278164,1987-03-26
US_7287,Nicole Herman MD,NicoleHerman@gmail.com,9121529482,1978-09-26
US_7288,Tammy Taylor,TammyTaylor@gmail.com,8548473687,1957-12-21
US_7289,Bethany Frazier,BethanyFrazier@gmail.com,9245221192,1970-11-08
US_7290,Debra Chapman,DebraChapman@gmail.com,9615569998,1978-02-10
US_7292,Jay Walker,JayWalker@gmail.com,8167012644,2006-05-16
US_7293,Hunter Yang,HunterYang@gmail.com,7855734635,1992-11-02
US_7294,Sean Mendez,SeanMendez@gmail.com,7574704238,1955-07-23
US_7296,Donald Johnson,DonaldJohnson@gmail.com,9264501323,1963-12-21
US_7297,David Garrison,DavidGarrison@gmail.com,9806932585,1999-04-03
US_7298,Eric Foster,EricFoster@gmail.com,7934912869,1980-12-15
US_7299,Stephen Taylor,StephenTaylor@gmail.com,9752576834,1960-08-13
US_7300,Robin Rodriguez,RobinRodriguez@gmail.com,8394437649,1964-08-24
US_7302,Keith Casey,KeithCasey@gmail.com,9253312541,1972-06-07
US_7303,Tanner James,TannerJames@gmail.com,9786987576,1955-11-27
US_7304,Frances Aguilar,FrancesAguilar@gmail.com,8715636211,2006-11-29
US_7305,Clayton Jennings,ClaytonJennings@gmail.com,7592249263,1996-09-10
US_7306,Stanley Cain,StanleyCain@gmail.com,9801998363,1977-11-14
US_7307,Andrew Robinson,AndrewRobinson@gmail.com,7155689144,1972-01-06
US_7308,Rebecca Olsen,RebeccaOlsen@gmail.com,7711938009,1975-12-24
US_7309,William Paul,WilliamPaul@gmail.com,7432905450,2007-01-06
US_7310,Arthur Bowen,ArthurBowen@gmail.com,9744422449,2005-11-08
US_7311,Timothy Schmitt,TimothySchmitt@gmail.com,9284444526,2003-03-08
US_7312,Tammy Scott,TammyScott@gmail.com,8566289001,2006-01-10
US_7313,Karen White,KarenWhite@gmail.com,9466962410,1994-06-06
US_7314,Crystal Smith,CrystalSmith@gmail.com,8199025208,1991-08-18
US_7315,David Hall,DavidHall@gmail.com,9558266011,1970-07-19
US_7316,Isaiah Gray,IsaiahGray@gmail.com,8373620680,1983-12-20
US_7317,Angela Parks,AngelaParks@gmail.com,8224276112,1998-01-06
US_7318,Ronald Hernandez,RonaldHernandez@gmail.com,8512452176,1972-05-25
US_7319,Dean Harrington,DeanHarrington@gmail.com,7263747994,1975-07-20
US_7320,Jose Lawrence,JoseLawrence@gmail.com,9678561878,1986-06-21
US_7321,Arthur Golden,ArthurGolden@gmail.com,9128846929,1958-01-06
US_7322,Adrian Morris,AdrianMorris@gmail.com,7945370469,1991-08-21
US_7323,Jon Graham,JonGraham@gmail.com,8674574452,2001-07-22
US_7324,Cory Hale,CoryHale@gmail.com,7577865624,1991-04-10
US_7325,Kathryn Brown,KathrynBrown@gmail.com,8047304242,1975-09-27
US_7326,Kimberly Hanna,KimberlyHanna@gmail.com,7303888389,1977-11-27
US_7327,Daniel Miller,DanielMiller@gmail.com,9375420858,1992-09-01
US_7328,Austin Perez,AustinPerez@gmail.com,9086946135,1965-06-26
US_7329,Mr. Mark Landry,Mr.Mark@gmail.com,9071246892,1985-06-25
US_7331,Andrew Powers,AndrewPowers@gmail.com,8050568023,1986-09-01
US_7332,Erica Turner,EricaTurner@gmail.com,9902268570,1974-03-17
US_7334,Marissa Smith,MarissaSmith@gmail.com,9344739250,1997-05-16
US_7335,Samantha Douglas,SamanthaDouglas@gmail.com,9968605697,1999-10-12
US_7337,Cassidy Paul,CassidyPaul@gmail.com,8492363036,2006-02-16
US_7338,Andrew Lopez,AndrewLopez@gmail.com,9843429026,1973-12-20
US_7339,Tyler Reynolds,TylerReynolds@gmail.com,8738824577,1973-08-18
US_7340,Matthew Dunlap,MatthewDunlap@gmail.com,7436702856,2001-08-19
US_7341,Alicia Nguyen,AliciaNguyen@gmail.com,8718266768,1990-06-05
US_7342,Carol Yang,CarolYang@gmail.com,9115523240,1987-05-16
US_7343,Richard Johnson,RichardJohnson@gmail.com,7927139048,1979-01-12
US_7344,Andrew Edwards,AndrewEdwards@gmail.com,7703817295,1984-07-05
US_7345,Parker Knight,ParkerKnight@gmail.com,9319430411,1986-07-24
US_7346,William Morales,WilliamMorales@gmail.com,9540609639,1963-05-17
US_7347,Christine Singh,ChristineSingh@gmail.com,8969897295,1970-08-16
US_7349,William Hall,WilliamHall@gmail.com,8741120749,1973-10-04
US_7350,Bianca Ortega,BiancaOrtega@gmail.com,8213299000,1971-07-04
US_7351,James Pena,JamesPena@gmail.com,7825512720,1976-12-29
US_7352,Matthew Austin,MatthewAustin@gmail.com,7196545161,1986-08-19
US_7353,Bernard Chang,BernardChang@gmail.com,9066750654,1965-03-23
US_7355,Darren Thompson,DarrenThompson@gmail.com,8927178742,1969-11-03
US_7356,James Dudley,JamesDudley@gmail.com,7933730537,1962-10-12
US_7357,Brooke Quinn,BrookeQuinn@gmail.com,9362692202,1979-06-12
US_7358,Ronnie Jenkins,RonnieJenkins@gmail.com,8033643813,2000-08-29
US_7359,Cameron Torres,CameronTorres@gmail.com,8352876122,1984-10-04
US_7362,Jose Jordan,JoseJordan@gmail.com,8435254685,1976-09-09
US_7363,Patrick Blair,PatrickBlair@gmail.com,8449060997,1969-06-14
US_7364,Heather Kim,HeatherKim@gmail.com,7701657613,1974-04-30
US_7365,Michael Weber,MichaelWeber@gmail.com,8412958926,1972-05-17
US_7366,Dana Stanley,DanaStanley@gmail.com,7108422340,1986-11-30
US_7367,Lori Thompson,LoriThompson@gmail.com,9154110222,2005-08-20
US_7369,Felicia Thompson,FeliciaThompson@gmail.com,7097217511,2004-03-24
US_7370,Tyler Watson,TylerWatson@gmail.com,8301613447,1974-03-31
US_7371,Ryan Adams,RyanAdams@gmail.com,8252963301,1970-08-14
US_7372,Jeanette Moore,JeanetteMoore@gmail.com,7597151249,1967-04-20
US_7373,Shelia Dixon,SheliaDixon@gmail.com,7533346078,1989-04-11
US_7374,Jennifer Evans,JenniferEvans@gmail.com,9243112629,1972-07-04
US_7376,Samuel Wolfe,SamuelWolfe@gmail.com,9506862755,1972-12-27
US_7377,Shawn Waters,ShawnWaters@gmail.com,8694298204,1985-02-11
US_7378,Tammy Long,TammyLong@gmail.com,7908447689,1965-11-19
US_7379,Mary Morgan,MaryMorgan@gmail.com,9178023904,1980-09-07
US_7380,Melissa Lyons,MelissaLyons@gmail.com,7049213086,2006-10-07
US_7381,Philip Gilmore,PhilipGilmore@gmail.com,7404683535,1963-05-17
US_7382,Stacy Adkins,StacyAdkins@gmail.com,8097585912,1988-10-26
US_7383,Dale Bartlett,DaleBartlett@gmail.com,8141711630,1981-12-20
US_7384,Jasmine Bradshaw,JasmineBradshaw@gmail.com,8864304271,1958-06-05
US_7385,Brian Wells,BrianWells@gmail.com,7364661608,1957-07-31
US_7386,Jimmy Newman,JimmyNewman@gmail.com,7430729600,2003-05-20
US_7387,Tiffany Mcgee,TiffanyMcgee@gmail.com,8090183237,2000-05-24
US_7388,Courtney Nelson,CourtneyNelson@gmail.com,9004032099,1992-04-18
US_7389,Donna Dunn,DonnaDunn@gmail.com,8054800710,1984-08-23
US_7390,Jessica Barnett,JessicaBarnett@gmail.com,7444861647,1980-06-12
US_7391,Richard Long,RichardLong@gmail.com,8130632709,1984-03-18
US_7392,Elizabeth Ruiz,ElizabethRuiz@gmail.com,7265067375,1963-12-23
US_7393,Lisa Goodwin,LisaGoodwin@gmail.com,7662275683,1997-10-20
US_7395,Scott Nunez,ScottNunez@gmail.com,7275447584,1980-03-19
US_7396,Ashley Prince,AshleyPrince@gmail.com,7566417572,1985-11-08
US_7397,Christina Murray,ChristinaMurray@gmail.com,8407322609,1965-02-19
US_7398,Alexander Drake,AlexanderDrake@gmail.com,8916458604,2003-11-15
US_7399,James Ruiz,JamesRuiz@gmail.com,8934185897,1965-05-31
US_7400,Ronald Smith,RonaldSmith@gmail.com,9055953986,1970-12-20
US_7403,Nicholas Berry,NicholasBerry@gmail.com,7563377720,1954-10-14
US_7404,William Werner,WilliamWerner@gmail.com,8122383772,1977-09-27
US_7405,Craig Tate,CraigTate@gmail.com,8097081124,1969-09-26
US_7406,Jessica White,JessicaWhite@gmail.com,9982040916,1958-03-20
US_7407,Sara Goodman,SaraGoodman@gmail.com,8057119006,1978-09-25
US_7408,Mackenzie Price DDS,MackenziePrice@gmail.com,7394875441,2001-11-27
US_7409,Jared Stark,JaredStark@gmail.com,7793201490,1997-08-04
US_7410,Brian Taylor,BrianTaylor@gmail.com,9563543349,1978-10-14
US_7411,Shannon Chapman,ShannonChapman@gmail.com,7875608740,1991-04-20
US_7412,Alexandra Foster,AlexandraFoster@gmail.com,7019824043,1970-02-06
US_7413,Kathy Ortega,KathyOrtega@gmail.com,9664391785,1999-07-02
US_7414,Ashley May DDS,AshleyMay@gmail.com,7001400700,1987-08-15
US_7415,Edgar Stevens,EdgarStevens@gmail.com,8296306034,1987-04-19
US_7416,Jocelyn Chambers,JocelynChambers@gmail.com,9920533880,1988-12-12
US_7417,Stephen Walker,StephenWalker@gmail.com,7298005301,1984-09-05
US_7418,Kyle Johnson,KyleJohnson@gmail.com,7044880581,2005-03-11
US_7419,Ashley Bell,AshleyBell@gmail.com,7598482917,2002-03-30
US_7420,Alyssa Morales,AlyssaMorales@gmail.com,8906761208,1976-07-30
US_7421,Latoya Nelson,LatoyaNelson@gmail.com,7110545063,1981-07-15
US_7422,Pam Miller,PamMiller@gmail.com,7167110721,2004-02-18
US_7423,Dillon Nelson,DillonNelson@gmail.com,7460032001,1974-05-15
US_7424,Maxwell Whitaker,MaxwellWhitaker@gmail.com,8972286719,2005-08-20
US_7425,Christine Jennings,ChristineJennings@gmail.com,7387832819,1999-07-24
US_7426,Ashlee Williams,AshleeWilliams@gmail.com,8792678068,1982-05-16
US_7427,Rebecca Baker,RebeccaBaker@gmail.com,9279568885,1990-08-23
US_7428,Tina Hancock,TinaHancock@gmail.com,9999304762,2001-01-27
US_7429,Daniel Jones III,DanielJones@gmail.com,9433881264,1991-09-08
US_7431,Matthew Garza,MatthewGarza@gmail.com,7139005768,1991-01-03
US_7434,Brittany Hoffman,BrittanyHoffman@gmail.com,9586587026,1969-02-11
US_7435,Sarah Frost,SarahFrost@gmail.com,8963542535,1975-03-13
US_7436,Joshua Johnson,JoshuaJohnson@gmail.com,8233178467,1967-11-07
US_7437,Sherri Guzman,SherriGuzman@gmail.com,7181674361,1993-08-20
US_7438,Charles Blevins,CharlesBlevins@gmail.com,9880367468,1992-07-08
US_7439,Deanna Woodard,DeannaWoodard@gmail.com,7269891410,1963-09-17
US_7440,Elizabeth Green,ElizabethGreen@gmail.com,7179678475,1969-03-17
US_7441,Anthony Flores,AnthonyFlores@gmail.com,9873571610,1960-09-12
US_7442,Antonio Woods,AntonioWoods@gmail.com,7660282821,1998-11-18
US_7443,Mrs. Sara Hebert,Mrs.Sara@gmail.com,9662078555,1969-02-16
US_7445,Richard Garcia,RichardGarcia@gmail.com,8763697574,1972-04-12
US_7446,Angelica Simpson,AngelicaSimpson@gmail.com,8775140443,1982-09-29
US_7447,Chad Thornton,ChadThornton@gmail.com,7094913865,1957-03-23
US_7448,Emily Abbott,EmilyAbbott@gmail.com,8640214813,1988-07-03
US_7449,Chad Escobar,ChadEscobar@gmail.com,9297810789,1982-03-12
US_7450,April Arellano,AprilArellano@gmail.com,7352721193,1973-06-14
US_7451,Regina Davis,ReginaDavis@gmail.com,9467973312,1995-10-05
US_7452,Casey Ferguson,CaseyFerguson@gmail.com,8144958052,1994-08-06
US_7454,Mr. Raymond Lawson,Mr.Raymond@gmail.com,9389735453,1995-10-08
US_7455,Karen Hicks,KarenHicks@gmail.com,8871117229,2006-05-22
US_7456,Edward Patterson DDS,EdwardPatterson@gmail.com,7455982857,1976-11-15
US_7458,Kathryn Mendez,KathrynMendez@gmail.com,7400631562,1965-12-29
US_7462,David Mora,DavidMora@gmail.com,7280186159,1983-01-05
US_7463,Anthony Carlson,AnthonyCarlson@gmail.com,9733669593,1974-01-03
US_7464,Matthew Price,MatthewPrice@gmail.com,8212684409,1983-01-14
US_7465,David Cooper,DavidCooper@gmail.com,7751850540,1987-01-08
US_7466,Frank Todd,FrankTodd@gmail.com,7365849494,1963-08-03
US_7467,Eric Jones Jr.,EricJones@gmail.com,7971364882,1958-01-28
US_7468,John Stokes,JohnStokes@gmail.com,7932568444,1955-06-27
US_7469,Julie Daniels,JulieDaniels@gmail.com,9200985180,1990-10-22
US_7470,Desiree Fox,DesireeFox@gmail.com,8517090745,1964-05-15
US_7471,Jessica Munoz,JessicaMunoz@gmail.com,9927373922,2000-12-27
US_7472,Vicki Harper,VickiHarper@gmail.com,9088220392,1968-03-05
US_7474,Gina Hayes,GinaHayes@gmail.com,9553034684,1983-09-03
US_7475,Sylvia Clark,SylviaClark@gmail.com,8981655887,1986-06-10
US_7476,Jonathan Tanner,JonathanTanner@gmail.com,7098070972,2005-06-21
US_7477,Cathy Little,CathyLittle@gmail.com,7187078135,1964-12-04
US_7478,Christopher Powell,ChristopherPowell@gmail.com,7215718243,1993-07-18
US_7479,Heidi Richardson,HeidiRichardson@gmail.com,9113587426,1976-10-07
US_7480,Shane Alvarez,ShaneAlvarez@gmail.com,7195191210,1988-11-10
US_7481,Angela Trevino,AngelaTrevino@gmail.com,7677706780,1959-01-06
US_7482,Denise Combs,DeniseCombs@gmail.com,9503434744,1976-04-10
US_7485,Michael Wallace,MichaelWallace@gmail.com,7500891455,1966-08-07
US_7487,Robin Ortiz,RobinOrtiz@gmail.com,9955995673,1961-08-19
US_7488,Megan Mcneil,MeganMcneil@gmail.com,9598251767,1973-08-18
US_7489,Ariel Taylor,ArielTaylor@gmail.com,7858987617,1955-03-28
US_7492,Candace Perez,CandacePerez@gmail.com,9409824137,2007-01-03
US_7493,Catherine Hawkins,CatherineHawkins@gmail.com,9793223970,1996-06-01
US_7494,Joshua Ruiz,JoshuaRuiz@gmail.com,9051275399,2001-12-07
US_7495,Kelly Howard,KellyHoward@gmail.com,9402449662,1991-11-12
US_7496,Linda Johnson,LindaJohnson@gmail.com,7411708867,1982-01-05
US_7497,Andrew Potter,AndrewPotter@gmail.com,7275538438,1982-12-13
US_7498,Larry Wilson,LarryWilson@gmail.com,8176109625,1962-10-25
US_7499,Richard Bush,RichardBush@gmail.com,9465675273,1993-07-08
US_7500,Hannah Johnson,HannahJohnson@gmail.com,7947318498,1966-01-02
US_7501,Patricia Lee,PatriciaLee@gmail.com,7664655806,1991-07-08
US_7502,Terri Pennington,TerriPennington@gmail.com,8231729480,1959-04-23
US_7503,Marvin Vargas,MarvinVargas@gmail.com,9671470526,1974-10-23
US_7504,Adrienne Noble,AdrienneNoble@gmail.com,7965898078,1956-09-26
US_7505,Mark Boyle,MarkBoyle@gmail.com,9121839907,1978-11-13
US_7506,John Hooper,JohnHooper@gmail.com,8529440603,1978-02-23
US_7507,Julie Allen,JulieAllen@gmail.com,7887001059,2000-03-09
US_7508,Joshua York,JoshuaYork@gmail.com,9855004306,1974-06-20
US_7509,Eric Howell,EricHowell@gmail.com,8714303650,2004-09-28
US_7510,Michelle Rivera,MichelleRivera@gmail.com,8063215369,1985-11-04
US_7511,Louis Savage,LouisSavage@gmail.com,7714865667,1970-03-28
US_7512,Philip Hodges,PhilipHodges@gmail.com,7155928923,1964-01-30
US_7515,Betty Johnson,BettyJohnson@gmail.com,8970496372,1961-04-21
US_7516,Jordan Peters,JordanPeters@gmail.com,9863753712,1961-02-10
US_7517,Alison Walker,AlisonWalker@gmail.com,8120499924,1980-07-18
US_7518,William Hansen,WilliamHansen@gmail.com,8725576503,2003-12-09
US_7519,Allison Cowan,AllisonCowan@gmail.com,9682302431,1958-02-05
US_7520,Kevin Wilson,KevinWilson@gmail.com,7450116474,1969-01-04
US_7521,Daniel Guerrero,DanielGuerrero@gmail.com,9724814302,2000-08-19
US_7523,Cynthia Le,CynthiaLe@gmail.com,9351096731,1959-02-07
US_7524,Alexis Olsen,AlexisOlsen@gmail.com,8217185867,1992-01-06
US_7525,Tina Melendez,TinaMelendez@gmail.com,8638590422,1984-09-24
US_7526,Leslie Torres,LeslieTorres@gmail.com,9688707433,2006-07-08
US_7527,Kimberly Ramirez,KimberlyRamirez@gmail.com,9016229632,1961-07-31
US_7528,Nancy Flowers,NancyFlowers@gmail.com,7598003378,2003-03-01
US_7529,Jessica Walsh,JessicaWalsh@gmail.com,9397898040,2003-03-03
US_7532,Anthony Rivera,AnthonyRivera@gmail.com,7735586092,1955-04-20
US_7533,David Avila,DavidAvila@gmail.com,7642102797,1995-06-07
US_7534,Steven Miller,StevenMiller@gmail.com,9388874696,2000-04-23
US_7535,Jeremy Davis,JeremyDavis@gmail.com,7922499523,2003-03-22
US_7537,Kristen Taylor,KristenTaylor@gmail.com,7276270505,1963-05-25
US_7538,Alex Ramirez,AlexRamirez@gmail.com,8962003476,1993-09-26
US_7539,James Austin,JamesAustin@gmail.com,8489587555,1961-11-28
US_7540,Sarah Phillips,SarahPhillips@gmail.com,9846625953,1978-07-22
US_7541,Raymond Porter,RaymondPorter@gmail.com,9856842422,1977-07-13
US_7542,Erica Walter,EricaWalter@gmail.com,8795660742,1978-06-03
US_7543,Douglas Lopez,DouglasLopez@gmail.com,9706888435,1985-03-20
US_7544,Stephanie Thompson,StephanieThompson@gmail.com,7416149199,2001-03-05
US_7545,Aaron Johnson,AaronJohnson@gmail.com,7506871501,1976-12-05
US_7546,Michael Parker,MichaelParker@gmail.com,8539509019,1965-11-27
US_7547,Gloria Dunlap,GloriaDunlap@gmail.com,9056037075,1973-01-14
US_7548,Brian Nichols,BrianNichols@gmail.com,9485836983,2001-08-19
US_7549,Douglas Frye,DouglasFrye@gmail.com,9113842459,1996-05-08
US_7550,Janet Flowers,JanetFlowers@gmail.com,8065910728,1992-07-10
US_7551,Jamie Martin,JamieMartin@gmail.com,8967081802,1958-10-16
US_7552,Jesse Allen,JesseAllen@gmail.com,9693805558,1959-01-01
US_7553,Connie Thomas,ConnieThomas@gmail.com,7508463440,2004-07-13
US_7554,Megan Carter,MeganCarter@gmail.com,8644781575,1968-08-18
US_7557,Angel Smith,AngelSmith@gmail.com,7118306739,1973-12-18
US_7558,Lisa Long,LisaLong@gmail.com,8176230995,1965-10-06
US_7559,Melissa Greene,MelissaGreene@gmail.com,8962628851,1996-02-09
US_7560,Brett Phillips,BrettPhillips@gmail.com,9490020288,1978-03-26
US_7561,Charles Anderson,CharlesAnderson@gmail.com,8980129358,1991-09-24
US_7562,Jason Weaver,JasonWeaver@gmail.com,7549784163,1994-01-20
US_7563,Susan Howard,SusanHoward@gmail.com,7023784231,1963-05-11
US_7564,Christopher Sullivan,ChristopherSullivan@gmail.com,9278556389,1995-07-09
US_7565,Karen Mooney,KarenMooney@gmail.com,7470212173,2003-01-06
US_7566,Daniel Martinez,DanielMartinez@gmail.com,9356841994,1985-05-13
US_7567,Andrew Lewis,AndrewLewis@gmail.com,8909775591,1983-04-09
US_7568,Laurie Porter,LauriePorter@gmail.com,8545267060,1954-10-02
US_7569,Richard Nicholson,RichardNicholson@gmail.com,9471510482,1999-11-16
US_7570,Chris Butler,ChrisButler@gmail.com,9634096266,1997-09-30
US_7571,Amber Ray,AmberRay@gmail.com,9076035907,1974-02-12
US_7572,Christine Montgomery,ChristineMontgomery@gmail.com,7373201521,1975-03-17
US_7573,John Munoz Jr.,JohnMunoz@gmail.com,9984691343,2004-09-18
US_7574,Catherine Perkins,CatherinePerkins@gmail.com,8749376338,2006-07-07
US_7575,Brett Thomas,BrettThomas@gmail.com,7020620126,1977-10-04
US_7576,Jamie Robbins,JamieRobbins@gmail.com,8425379691,1956-01-18
US_7577,Johnathan Palmer,JohnathanPalmer@gmail.com,7521700908,1981-10-29
US_7578,Wayne Parker,WayneParker@gmail.com,8628648802,2004-12-19
US_7579,Lauren Howell,LaurenHowell@gmail.com,9825731956,1963-03-23
US_7580,Crystal Mitchell,CrystalMitchell@gmail.com,7474004225,1995-11-02
US_7581,Monica Madden,MonicaMadden@gmail.com,9570610341,1996-09-19
US_7582,David Rivers,DavidRivers@gmail.com,9241981874,1998-05-12
US_7583,Julie Moon,JulieMoon@gmail.com,7731184625,1975-11-02
US_7584,Angela Rivera,AngelaRivera@gmail.com,7628121865,1966-06-03
US_7585,Nicholas Massey,NicholasMassey@gmail.com,9693279118,2005-07-27
US_7586,Richard Wilson,RichardWilson@gmail.com,9085338217,1979-06-06
US_7587,Peter Gonzalez,PeterGonzalez@gmail.com,9703260909,2004-10-25
US_7588,Susan Mora,SusanMora@gmail.com,7093837305,2003-10-15
US_7589,Valerie Patterson,ValeriePatterson@gmail.com,9523552824,1974-05-11
US_7590,Jeffrey Brown,JeffreyBrown@gmail.com,9760899396,2006-06-19
US_7591,John Kemp,JohnKemp@gmail.com,9007596061,1984-07-23
US_7592,Calvin Bowers,CalvinBowers@gmail.com,7890931090,1965-02-02
US_7593,Brandon Graves,BrandonGraves@gmail.com,7629528121,1977-12-03
US_7594,Joshua Russell,JoshuaRussell@gmail.com,9627984257,1958-07-20
US_7595,Nathan Brown,NathanBrown@gmail.com,7394595282,1992-04-27
US_7596,Benjamin Wilson,BenjaminWilson@gmail.com,8847015207,1968-02-10
US_7597,Joshua Ho,JoshuaHo@gmail.com,8710336635,1966-04-30
US_7598,Mark Woods,MarkWoods@gmail.com,9592818520,1970-09-21
US_7599,George Taylor,GeorgeTaylor@gmail.com,7095482201,1972-05-22
US_7600,John Ryan,JohnRyan@gmail.com,7852889366,1980-09-03
US_7602,Kellie Mitchell,KellieMitchell@gmail.com,8928197584,1997-01-08
US_7603,Jennifer Buck,JenniferBuck@gmail.com,8609743942,1996-04-07
US_7604,Dustin Hernandez,DustinHernandez@gmail.com,9496955496,1968-02-15
US_7605,Alex Johnson,AlexJohnson@gmail.com,7957799679,1994-09-12
US_7606,Jody Rogers,JodyRogers@gmail.com,9329609550,1998-07-15
US_7607,Laura Medina,LauraMedina@gmail.com,8165519933,1993-08-30
US_7608,Brittany Sanchez,BrittanySanchez@gmail.com,7016981865,1977-09-22
US_7609,Christine Green,ChristineGreen@gmail.com,9450818432,1997-12-08
US_7610,Matthew Shaw,MatthewShaw@gmail.com,8662245853,1991-04-25
US_7611,Lonnie Martinez,LonnieMartinez@gmail.com,9507214397,1962-06-14
US_7612,Vincent Reeves,VincentReeves@gmail.com,7053735254,2002-05-29
US_7613,Matthew Harris,MatthewHarris@gmail.com,8207504987,1996-06-28
US_7614,Jennifer Hudson,JenniferHudson@gmail.com,7536456187,1967-10-26
US_7615,Gina Clark,GinaClark@gmail.com,8637913839,1995-09-11
US_7616,Amanda Garcia,AmandaGarcia@gmail.com,7498918706,1984-04-02
US_7617,Seth Olsen,SethOlsen@gmail.com,9736806579,1962-06-10
US_7618,Carla Patterson,CarlaPatterson@gmail.com,8854522112,2003-02-17
US_7619,Jeffrey Glenn,JeffreyGlenn@gmail.com,7570795055,1997-06-04
US_7620,Shelby Wood,ShelbyWood@gmail.com,9343319607,1961-12-04
US_7621,Katherine Holder,KatherineHolder@gmail.com,8250827972,2000-06-15
US_7622,Gregory Rivers,GregoryRivers@gmail.com,9910723399,1979-01-10
US_7623,Katherine Davenport,KatherineDavenport@gmail.com,8246522328,1981-01-24
US_7624,Emily Potter,EmilyPotter@gmail.com,8496002103,1954-06-11
US_7625,Vanessa Green,VanessaGreen@gmail.com,9256851785,1989-04-12
US_7626,Edward Simmons,EdwardSimmons@gmail.com,7023374370,1974-04-02
US_7627,Robert Lane,RobertLane@gmail.com,7995422348,1959-06-02
US_7629,Charles Smith,CharlesSmith@gmail.com,9486094183,1994-06-15
US_7630,Carl Bradley,CarlBradley@gmail.com,9641631451,1966-06-03
US_7631,Joseph Cook,JosephCook@gmail.com,8163155756,1974-04-14
US_7632,Robert Brown,RobertBrown@gmail.com,8027351732,1994-05-13
US_7633,Cameron West,CameronWest@gmail.com,8851231060,1968-03-29
US_7634,Johnathan Harper,JohnathanHarper@gmail.com,7274573576,1960-07-26
US_7635,Francisco Johnson,FranciscoJohnson@gmail.com,7372251971,1997-12-25
US_7636,Richard Scott,RichardScott@gmail.com,8001432022,1995-10-09
US_7637,Sharon Jones,SharonJones@gmail.com,8382093446,1986-01-13
US_7638,Elizabeth Melton,ElizabethMelton@gmail.com,9277618917,1970-09-17
US_7639,Stephanie Lopez,StephanieLopez@gmail.com,9914094302,1998-05-19
US_7640,Eileen Snyder,EileenSnyder@gmail.com,8102103978,1961-04-05
US_7641,Shannon Donovan,ShannonDonovan@gmail.com,9719784119,1983-03-30
US_7643,Valerie Sharp,ValerieSharp@gmail.com,8085893358,1969-12-15
US_7644,Shawn Brooks,ShawnBrooks@gmail.com,8920275911,1955-03-06
US_7645,Doris Rios,DorisRios@gmail.com,9860845320,1973-07-13
US_7646,Dalton Santos,DaltonSantos@gmail.com,7640534389,1970-10-29
US_7647,Anna Chavez,AnnaChavez@gmail.com,7366699766,1969-03-25
US_7648,Theresa Mercer,TheresaMercer@gmail.com,7312968439,1978-02-24
US_7649,David Wallace,DavidWallace@gmail.com,9258690913,1954-10-31
US_7650,Brittney Brown,BrittneyBrown@gmail.com,9722249860,1991-12-17
US_7651,Michele Stewart,MicheleStewart@gmail.com,8124797778,1976-07-16
US_7652,Jennifer Ross,JenniferRoss@gmail.com,9345927892,1981-07-25
US_7653,Alexandra Gonzalez,AlexandraGonzalez@gmail.com,8515251197,1964-04-15
US_7654,Megan Allison,MeganAllison@gmail.com,8327688464,1973-09-19
US_7655,Rhonda Simmons,RhondaSimmons@gmail.com,7568519524,1959-07-05
US_7656,Austin Taylor,AustinTaylor@gmail.com,9547510985,1965-09-10
US_7657,Brittany Underwood,BrittanyUnderwood@gmail.com,9663374735,1991-07-18
US_7658,Stephanie Cortez,StephanieCortez@gmail.com,8058557973,1983-04-16
US_7659,Kathy Adams,KathyAdams@gmail.com,8040742893,1959-08-14
US_7660,David Oconnell,DavidOconnell@gmail.com,7499018723,2003-04-15
US_7661,Christine Mullins,ChristineMullins@gmail.com,7767844757,1977-04-17
US_7662,Jerry Johnston,JerryJohnston@gmail.com,9806310071,1959-04-27
US_7663,Richard Jackson,RichardJackson@gmail.com,8113451170,1992-12-09
US_7665,Margaret Terry,MargaretTerry@gmail.com,8046163271,1973-12-05
US_7666,Samuel Bowman,SamuelBowman@gmail.com,7094406442,1992-12-10
US_7667,Thomas Macdonald,ThomasMacdonald@gmail.com,8926985762,1998-06-29
US_7669,Dr. Diana Espinoza,Dr.Diana@gmail.com,8711529235,1955-09-06
US_7670,Sean Thomas,SeanThomas@gmail.com,7970029200,1969-10-01
US_7672,Cindy Williams,CindyWilliams@gmail.com,9472583218,2005-12-01
US_7673,Stacy Smith,StacySmith@gmail.com,9174978962,1980-04-27
US_7674,Gary Myers,GaryMyers@gmail.com,8903604362,1977-06-06
US_7675,Richard Schmidt,RichardSchmidt@gmail.com,7420649819,1986-03-11
US_7677,Claire Warren,ClaireWarren@gmail.com,7028935663,1995-06-20
US_7678,Margaret Chandler,MargaretChandler@gmail.com,8404449380,1981-08-24
US_7680,Dillon Brown,DillonBrown@gmail.com,7863986899,1963-09-15
US_7681,Steven Morgan,StevenMorgan@gmail.com,8180702965,1955-10-11
US_7682,Sandra Lee,SandraLee@gmail.com,7848312859,1980-02-05
US_7683,Ashley Robertson,AshleyRobertson@gmail.com,7326832194,1968-07-11
US_7686,Thomas Black,ThomasBlack@gmail.com,8270021064,1997-10-07
US_7687,Douglas Rodriguez,DouglasRodriguez@gmail.com,9004206461,1986-11-22
US_7688,Joanne Baker,JoanneBaker@gmail.com,7684530272,2001-11-30
US_7690,Rachel Sandoval,RachelSandoval@gmail.com,9068490787,2004-03-30
US_7691,Larry Benson,LarryBenson@gmail.com,7149870038,1978-05-06
US_7692,Christina Miles,ChristinaMiles@gmail.com,8872591456,1978-02-23
US_7693,Brian Black,BrianBlack@gmail.com,7158507759,1955-06-13
US_7694,William Holmes,WilliamHolmes@gmail.com,8960752487,1973-04-02
US_7696,Janice Kelly,JaniceKelly@gmail.com,9888059947,1962-12-12
US_7697,Kelly Beck,KellyBeck@gmail.com,9781139983,1986-05-20
US_7698,Austin Kane,AustinKane@gmail.com,7718796769,2006-06-09
US_7699,Sharon Cook,SharonCook@gmail.com,9213425011,1975-09-25
US_7701,Joshua Chapman,JoshuaChapman@gmail.com,9229129736,1964-01-31
US_7702,Jeremiah Hernandez,JeremiahHernandez@gmail.com,8058220981,1989-01-06
US_7704,Matthew Townsend,MatthewTownsend@gmail.com,8209316261,1961-11-21
US_7705,Diane Hughes,DianeHughes@gmail.com,9860772480,1961-01-22
US_7706,Anna Whitehead,AnnaWhitehead@gmail.com,7958559986,1994-06-27
US_7707,Frances Williams,FrancesWilliams@gmail.com,7002340261,1999-04-01
US_7708,Kimberly Adams,KimberlyAdams@gmail.com,7538695987,2000-08-14
US_7709,Joshua Jacobs,JoshuaJacobs@gmail.com,9392640779,2001-02-27
US_7710,Robert Frank,RobertFrank@gmail.com,8632489484,1979-12-17
US_7711,Richard Peterson,RichardPeterson@gmail.com,8822929750,1977-02-18
US_7712,Roger White,RogerWhite@gmail.com,8053704474,2002-12-11
US_7713,Jessica Castro,JessicaCastro@gmail.com,8454578473,1963-02-11
US_7714,Dawn Jones,DawnJones@gmail.com,9802754448,2004-12-07
US_7715,Parker Brown,ParkerBrown@gmail.com,9872360852,1958-09-12
US_7716,Shaun Wood,ShaunWood@gmail.com,9207491388,2002-06-14
US_7718,Julie Lee,JulieLee@gmail.com,7542277431,1960-09-24
US_7719,Kimberly Elliott,KimberlyElliott@gmail.com,9546677971,1979-04-06
US_7720,Stephen Kirby,StephenKirby@gmail.com,9012763309,1972-01-26
US_7721,Pamela Walker,PamelaWalker@gmail.com,8945928721,2003-10-17
US_7722,Sarah Clements,SarahClements@gmail.com,7362112041,1993-02-14
US_7723,Julie Gillespie,JulieGillespie@gmail.com,8608788989,1995-11-01
US_7724,Audrey Koch,AudreyKoch@gmail.com,9884938855,1965-11-09
US_7725,Brenda Anderson,BrendaAnderson@gmail.com,9007050514,1968-04-03
US_7726,Marissa Dorsey,MarissaDorsey@gmail.com,7584470553,1963-11-14
US_7727,Richard Brown,RichardBrown@gmail.com,9823010517,1987-07-12
US_7728,Bradley Jones,BradleyJones@gmail.com,9077248344,1983-09-18
US_7729,Michelle Ramirez,MichelleRamirez@gmail.com,7125539989,2002-10-01
US_7730,Michael Burns,MichaelBurns@gmail.com,9793491842,1994-08-06
US_7731,Tracey Bailey,TraceyBailey@gmail.com,7083869241,1996-11-01
US_7732,Sarah Holt,SarahHolt@gmail.com,9706398105,1996-02-01
US_7733,John Todd,JohnTodd@gmail.com,9709050057,1964-07-10
US_7734,Rachel Berger,RachelBerger@gmail.com,9973453827,1975-10-25
US_7735,Megan Aguilar,MeganAguilar@gmail.com,7300895244,1962-03-03
US_7736,James Mckinney,JamesMckinney@gmail.com,8211085932,1984-07-29
US_7737,Raymond Powell,RaymondPowell@gmail.com,9058289695,1961-06-01
US_7738,Edward Lawson,EdwardLawson@gmail.com,7387806347,1991-09-11
US_7739,Jamie Bond,JamieBond@gmail.com,9906249934,1991-12-19
US_7741,Holly Martin,HollyMartin@gmail.com,9861688908,1979-03-10
US_7742,Diane Taylor,DianeTaylor@gmail.com,9326114129,1958-10-29
US_7743,Melanie Diaz,MelanieDiaz@gmail.com,8968212889,1985-08-16
US_7744,Lori Krueger,LoriKrueger@gmail.com,7059161003,1966-04-12
US_7745,Ryan Riley,RyanRiley@gmail.com,8219979440,1981-04-29
US_7746,Dana Hanson,DanaHanson@gmail.com,9417420869,2005-03-07
US_7747,Alex Steele,AlexSteele@gmail.com,7064848608,1995-03-17
US_7749,Johnathan Davidson,JohnathanDavidson@gmail.com,8054196460,1971-03-11
US_7750,Terry Murphy,TerryMurphy@gmail.com,7064806788,1988-05-26
US_7751,Anne Jones,AnneJones@gmail.com,7220378517,1969-01-28
US_7752,Susan Barnes,SusanBarnes@gmail.com,8287700802,1977-01-04
US_7753,Andrew Morales,AndrewMorales@gmail.com,9580747711,1988-05-29
US_7754,Michelle Caldwell,MichelleCaldwell@gmail.com,7553112575,1995-05-23
US_7755,Susan Harper,SusanHarper@gmail.com,9299724135,2003-09-15
US_7757,Jordan Reeves,JordanReeves@gmail.com,9560316905,1986-07-09
US_7758,Steven Greene,StevenGreene@gmail.com,7537085799,1954-09-27
US_7759,Kelly Kennedy,KellyKennedy@gmail.com,7951262329,1958-11-06
US_7760,David Sanchez,DavidSanchez@gmail.com,7065915974,1985-12-31
US_7761,Kathy Gutierrez,KathyGutierrez@gmail.com,7189327155,2005-04-28
US_7762,Sarah Shelton,SarahShelton@gmail.com,9407176143,1991-07-21
US_7763,Christopher Mcdowell,ChristopherMcdowell@gmail.com,9175752693,1959-04-13
US_7764,Zachary Simpson,ZacharySimpson@gmail.com,7849028711,1974-01-26
US_7765,Matthew Henderson,MatthewHenderson@gmail.com,8149250763,2004-07-07
US_7766,Joseph Collins,JosephCollins@gmail.com,7546876431,1958-01-05
US_7767,Deborah Small,DeborahSmall@gmail.com,9794331297,2002-05-04
US_7768,Virginia Jimenez,VirginiaJimenez@gmail.com,8755718148,1980-11-13
US_7769,Aaron Cochran,AaronCochran@gmail.com,8848369087,1958-06-01
US_7770,Morgan Barrett,MorganBarrett@gmail.com,7706656160,1991-07-01
US_7772,Paul Tyler,PaulTyler@gmail.com,7675917558,1973-10-10
US_7773,Kevin Hansen,KevinHansen@gmail.com,7707743748,1970-06-24
US_7774,Daniel Thomas,DanielThomas@gmail.com,7082886696,1965-10-27
US_7775,Jennifer Pearson,JenniferPearson@gmail.com,9223382859,1976-07-28
US_7776,Sherry Horton,SherryHorton@gmail.com,7408154679,1978-08-04
US_7777,David Roach,DavidRoach@gmail.com,8343612601,1984-04-24
US_7778,Susan James,SusanJames@gmail.com,9995695466,1956-02-24
US_7779,Sandra Gonzalez,SandraGonzalez@gmail.com,7163692590,1984-05-26
US_7780,Terry Brown,TerryBrown@gmail.com,7010590332,1966-02-13
US_7781,Anthony Hoover,AnthonyHoover@gmail.com,8284235080,1967-01-13
US_7782,Andrea Ramos,AndreaRamos@gmail.com,9827729560,1976-05-15
US_7783,Aaron Shepard,AaronShepard@gmail.com,9024719472,1975-04-12
US_7784,Kim Williams,KimWilliams@gmail.com,7937186090,1982-12-13
US_7785,Vickie Hall,VickieHall@gmail.com,8618907978,1974-10-19
US_7786,Diana Rogers,DianaRogers@gmail.com,7861540092,1982-07-14
US_7787,Lindsay White,LindsayWhite@gmail.com,7616408921,2001-06-11
US_7789,Michelle Schultz,MichelleSchultz@gmail.com,8342741327,1955-04-18
US_7790,Brandon Townsend,BrandonTownsend@gmail.com,9462167555,1993-07-17
US_7791,Joseph Day,JosephDay@gmail.com,8741002440,1973-06-21
US_7792,Rita Taylor,RitaTaylor@gmail.com,8435819805,1999-11-17
US_7793,Mark Meyer,MarkMeyer@gmail.com,7743023847,2003-11-02
US_7794,William Juarez,WilliamJuarez@gmail.com,8383196224,1982-08-01
US_7795,Jimmy Terry,JimmyTerry@gmail.com,8884717377,1976-10-27
US_7796,Jimmy Smith,JimmySmith@gmail.com,7243388970,1979-09-28
US_7797,Mitchell Jones,MitchellJones@gmail.com,9501485631,1994-12-09
US_7798,Yolanda Johnson,YolandaJohnson@gmail.com,8433849866,1998-06-30
US_7799,Joshua Lewis,JoshuaLewis@gmail.com,7929580271,1956-10-25
US_7800,Dana Atkins,DanaAtkins@gmail.com,9059983180,1993-04-06
US_7801,Timothy Jacobs,TimothyJacobs@gmail.com,8956507443,1983-04-06
US_7802,Donna Taylor,DonnaTaylor@gmail.com,8688865755,1971-04-17
US_7803,Victoria Burgess,VictoriaBurgess@gmail.com,7749770600,1976-12-26
US_7804,Jay Hall,JayHall@gmail.com,8666705356,1964-05-10
US_7805,Dr. Heather Johnson PhD,Dr.Heather@gmail.com,8316654905,1971-10-28
US_7806,John Mendoza,JohnMendoza@gmail.com,9350838702,1992-09-23
US_7807,Katrina Mendoza,KatrinaMendoza@gmail.com,9814917582,1961-05-04
US_7808,Beth Schmidt,BethSchmidt@gmail.com,8109455512,1958-10-03
US_7809,Claire Mcintosh,ClaireMcintosh@gmail.com,7485828556,2003-10-09
US_7810,Joseph Ortega,JosephOrtega@gmail.com,9865371203,1987-09-28
US_7811,Brandon Pena,BrandonPena@gmail.com,8546491480,1968-07-30
US_7812,Rachel Martin,RachelMartin@gmail.com,9035030456,1987-01-25
US_7813,Carolyn Moore,CarolynMoore@gmail.com,9676032259,1963-12-16
US_7814,Jeffrey Robertson,JeffreyRobertson@gmail.com,9930322625,1979-01-04
US_7815,Alexandra Lyons,AlexandraLyons@gmail.com,7115181612,1959-08-16
US_7816,Mason Miller,MasonMiller@gmail.com,7132933947,1972-04-17
US_7818,Margaret Lowe,MargaretLowe@gmail.com,8088259231,1983-07-08
US_7819,Tracy Smith,TracySmith@gmail.com,7088284136,1956-03-18
US_7821,Ashley Morris,AshleyMorris@gmail.com,8360863872,1978-12-01
US_7822,Karen Hernandez,KarenHernandez@gmail.com,8650006748,1982-06-08
US_7823,Larry Crawford,LarryCrawford@gmail.com,7449891242,2005-11-10
US_7824,Joshua Lopez,JoshuaLopez@gmail.com,9430709206,1970-11-06
US_7825,Tina Patel,TinaPatel@gmail.com,8982317425,1978-04-06
US_7828,Travis Hughes,TravisHughes@gmail.com,9995162473,1962-01-06
US_7829,Mr. Kenneth Ashley,Mr.Kenneth@gmail.com,9051153646,1995-07-26
US_7830,Tyler Roy,TylerRoy@gmail.com,9943751209,1988-12-25
US_7832,Angela Wilson,AngelaWilson@gmail.com,9283045312,1964-01-05
US_7833,Kelly Williams,KellyWilliams@gmail.com,7484545336,2004-02-11
US_7835,Catherine Nelson,CatherineNelson@gmail.com,8332094663,2006-09-11
US_7836,Catherine Gould,CatherineGould@gmail.com,7842813786,1968-08-30
US_7837,Stacy Bailey,StacyBailey@gmail.com,8523117737,1969-02-22
US_7838,Anthony Hall,AnthonyHall@gmail.com,9671600846,1975-11-30
US_7839,Charles Gonzalez,CharlesGonzalez@gmail.com,8399153087,1963-10-17
US_7840,Nicholas Hernandez,NicholasHernandez@gmail.com,9754939071,1977-04-07
US_7841,Amy Hunter,AmyHunter@gmail.com,8608257618,1995-09-07
US_7843,Tracy Morales,TracyMorales@gmail.com,7062374176,1995-01-19
US_7844,Haley Cowan,HaleyCowan@gmail.com,9063588248,1957-01-27
US_7845,Samuel Russell,SamuelRussell@gmail.com,7682614578,1977-06-02
US_7846,Bryan Castro,BryanCastro@gmail.com,9474201996,2000-04-30
US_7848,Margaret Smith,MargaretSmith@gmail.com,7578843704,1959-06-06
US_7849,Dennis Thompson,DennisThompson@gmail.com,8104590622,1991-09-06
US_7851,Laura Cox,LauraCox@gmail.com,8669354182,1981-10-17
US_7852,Ricky Reid,RickyReid@gmail.com,9190751945,1962-07-12
US_7853,Melissa Nguyen DVM,MelissaNguyen@gmail.com,9137531145,1973-03-04
US_7854,Renee Farmer,ReneeFarmer@gmail.com,9986746252,1961-05-31
US_7855,Tracy Woodward,TracyWoodward@gmail.com,7798829178,2003-12-06
US_7856,Jason Waters,JasonWaters@gmail.com,8368563013,2000-04-19
US_7857,Anthony James DVM,AnthonyJames@gmail.com,8409352054,2000-10-11
US_7859,Colleen Rivera,ColleenRivera@gmail.com,7877045044,2004-08-08
US_7860,James Patterson,JamesPatterson@gmail.com,7732798185,1973-10-09
US_7861,Kimberly Carson,KimberlyCarson@gmail.com,7360625166,1973-10-05
US_7862,Shane Gonzalez,ShaneGonzalez@gmail.com,8286944820,2004-02-24
US_7863,Debra Gonzalez,DebraGonzalez@gmail.com,7534577399,1972-04-19
US_7865,Heather Payne,HeatherPayne@gmail.com,8882984476,1990-03-04
US_7866,Christopher Butler,ChristopherButler@gmail.com,7824422829,1975-07-04
US_7867,Jeffrey Myers V,JeffreyMyers@gmail.com,7341529066,1993-01-11
US_7868,Christian Valencia,ChristianValencia@gmail.com,8450989109,1989-07-04
US_7869,Kaitlyn Warren,KaitlynWarren@gmail.com,9147229404,1979-11-04
US_7870,Jordan Lynch,JordanLynch@gmail.com,8582288735,1976-03-23
US_7871,Raymond Santos,RaymondSantos@gmail.com,9299864887,2002-07-07
US_7872,Lisa Robinson,LisaRobinson@gmail.com,9448046216,1982-11-21
US_7873,Darlene Sanchez,DarleneSanchez@gmail.com,8800917145,1960-09-19
US_7874,Jessica Harper,JessicaHarper@gmail.com,8418637350,1978-08-12
US_7875,Joseph Kelly,JosephKelly@gmail.com,7027226581,1980-05-31
US_7876,Rachel Flores,RachelFlores@gmail.com,9378594958,2001-01-25
US_7877,Zachary Johnson,ZacharyJohnson@gmail.com,8361127402,1969-02-03
US_7878,Derrick Ford,DerrickFord@gmail.com,9997049688,1972-02-03
US_7879,Alejandra Ellis,AlejandraEllis@gmail.com,8359103830,1987-04-12
US_7880,Thomas Chang,ThomasChang@gmail.com,8229850004,1956-04-29
US_7881,Latoya Terry,LatoyaTerry@gmail.com,9422404312,2004-08-20
US_7882,Thomas Burns,ThomasBurns@gmail.com,7117878555,1987-04-23
US_7883,William Edwards,WilliamEdwards@gmail.com,9271263432,1980-08-28
US_7885,Abigail Hart,AbigailHart@gmail.com,7380261262,2006-03-04
US_7886,Javier Rogers,JavierRogers@gmail.com,8867676870,1965-09-30
US_7887,Ashley Johnson MD,AshleyJohnson@gmail.com,9722994677,1986-10-12
US_7888,Abigail Riddle,AbigailRiddle@gmail.com,7599881809,1993-05-11
US_7890,Greg Dyer,GregDyer@gmail.com,9489365733,1966-12-07
US_7891,John Baker,JohnBaker@gmail.com,8219017788,1992-04-17
US_7893,John Garrison,JohnGarrison@gmail.com,7898515743,2001-04-05
US_7894,Chelsea Salinas,ChelseaSalinas@gmail.com,7407762148,2004-11-22
US_7895,Ashlee Thomas,AshleeThomas@gmail.com,8328810348,2005-12-29
US_7898,Dennis Arnold,DennisArnold@gmail.com,8981000531,1987-03-29
US_7899,Jamie White,JamieWhite@gmail.com,7301937761,1971-04-16
US_7900,Ashley Williams,AshleyWilliams@gmail.com,8131619629,1995-09-23
US_7901,Danny Lee,DannyLee@gmail.com,8138918587,2004-07-23
US_7902,Hayley Carter,HayleyCarter@gmail.com,7009533837,1977-09-30
US_7903,Debbie Sherman,DebbieSherman@gmail.com,7242540350,1977-08-20
US_7904,Rebecca Colon,RebeccaColon@gmail.com,9149944967,1959-01-22
US_7905,Lauren Nguyen,LaurenNguyen@gmail.com,7117408910,1981-01-25
US_7906,Max Leblanc,MaxLeblanc@gmail.com,9206325324,2005-03-31
US_7907,Hunter Campos,HunterCampos@gmail.com,8475091296,1981-10-30
US_7908,Jesse Johnson,JesseJohnson@gmail.com,8007199248,2006-03-02
US_7909,Brandy Lopez,BrandyLopez@gmail.com,8099440002,1995-03-18
US_7911,James Cuevas,JamesCuevas@gmail.com,8929524198,1985-01-18
US_7912,Brandon Stewart,BrandonStewart@gmail.com,8630208023,1959-10-18
US_7913,Victor Ball,VictorBall@gmail.com,8759842013,1972-11-29
US_7914,Nicole Juarez,NicoleJuarez@gmail.com,7848282952,1985-09-15
US_7915,Brian Mullins,BrianMullins@gmail.com,8765327415,1986-03-26
US_7916,David Wilson,DavidWilson@gmail.com,8040209646,1993-11-29
US_7917,Mary Myers,MaryMyers@gmail.com,9163766106,1985-11-08
US_7918,Marc Brown,MarcBrown@gmail.com,8583800074,1966-08-27
US_7919,Angela Collier,AngelaCollier@gmail.com,9575015348,1971-06-20
US_7920,Richard Young,RichardYoung@gmail.com,8789401497,1959-04-26
US_7921,Gabriella Jones,GabriellaJones@gmail.com,7511335424,1967-04-20
US_7922,Teresa Collins,TeresaCollins@gmail.com,9010445286,1955-09-18
US_7923,Gary Gilbert,GaryGilbert@gmail.com,7844950455,2002-02-12
US_7924,Brenda Nicholson,BrendaNicholson@gmail.com,9990348805,1994-08-22
US_7925,Michele Barnes,MicheleBarnes@gmail.com,9941751249,1986-08-01
US_7926,Robert Meza,RobertMeza@gmail.com,9866008451,1976-10-18
US_7927,Cindy Harrington,CindyHarrington@gmail.com,9144048478,1974-01-31
US_7928,Kiara Hawkins,KiaraHawkins@gmail.com,7064412166,1958-06-05
US_7929,Elizabeth Cooper,ElizabethCooper@gmail.com,9577958804,2005-07-23
US_7930,Mary Santos,MarySantos@gmail.com,9049563784,1990-03-12
US_7931,Jacob Cabrera,JacobCabrera@gmail.com,8134274651,1998-05-27
US_7932,Jacob Trevino,JacobTrevino@gmail.com,9122051123,1976-01-11
US_7933,Christopher Bowen,ChristopherBowen@gmail.com,8648813114,1994-09-17
US_7934,David Ruiz,DavidRuiz@gmail.com,8905329269,1984-12-06
US_7935,Jessica Owens,JessicaOwens@gmail.com,8744521797,2001-09-19
US_7936,Amy Higgins,AmyHiggins@gmail.com,9545764595,1996-06-26
US_7937,Alexander Mitchell,AlexanderMitchell@gmail.com,8037156139,2006-07-31
US_7938,Steven Boyd,StevenBoyd@gmail.com,9137033553,1962-08-16
US_7939,Maria Wright,MariaWright@gmail.com,7066987520,2004-02-19
US_7940,Jacqueline Herman,JacquelineHerman@gmail.com,7918869121,1964-08-20
US_7941,Andrew Delgado,AndrewDelgado@gmail.com,9666539669,1993-12-08
US_7942,William Webb,WilliamWebb@gmail.com,7455882189,1996-04-25
US_7943,Marvin Flores,MarvinFlores@gmail.com,7597376377,2004-04-10
US_7946,Toni Lamb,ToniLamb@gmail.com,7404577166,1962-11-22
US_7947,Cindy Martin,CindyMartin@gmail.com,8170984335,1981-10-18
US_7948,Jeffery Jennings,JefferyJennings@gmail.com,7464825177,1992-10-24
US_7949,Anthony Gordon,AnthonyGordon@gmail.com,8988244192,1993-07-23
US_7950,Luke Moore,LukeMoore@gmail.com,9341910352,1963-02-15
US_7951,Danielle Bradley,DanielleBradley@gmail.com,7682912756,2003-11-16
US_7952,Frank Robinson,FrankRobinson@gmail.com,7340034475,1961-03-31
US_7954,Chad Palmer,ChadPalmer@gmail.com,8795656284,1958-08-29
US_7955,Aaron Schneider,AaronSchneider@gmail.com,9732669976,1958-07-20
US_7956,Kurt Montgomery,KurtMontgomery@gmail.com,9779965464,2003-04-05
US_7957,Jacqueline Gonzalez,JacquelineGonzalez@gmail.com,7327257204,1998-03-24
US_7958,Evan Smith,EvanSmith@gmail.com,7350394269,2000-08-01
US_7959,Abigail Parsons MD,AbigailParsons@gmail.com,7245073867,1964-02-07
US_7960,Dana Snyder,DanaSnyder@gmail.com,7960881189,1988-01-12
US_7961,Stacy Garner,StacyGarner@gmail.com,8406280838,1971-10-30
US_7962,Gregory Brown,GregoryBrown@gmail.com,7026590288,2003-03-24
US_7963,Kathryn Chavez,KathrynChavez@gmail.com,9131737144,1975-12-10
US_7964,David Maxwell,DavidMaxwell@gmail.com,9927845626,1990-12-10
US_7966,Jason Norris,JasonNorris@gmail.com,7408418042,2001-05-06
US_7967,Elizabeth Jones,ElizabethJones@gmail.com,8044906505,2002-10-16
US_7968,Brianna Mccormick,BriannaMccormick@gmail.com,9268457618,2006-11-28
US_7970,Joshua Anderson,JoshuaAnderson@gmail.com,7737106977,1975-10-31
US_7971,Anthony Christensen,AnthonyChristensen@gmail.com,9348863363,1977-11-25
US_7972,David Brooks,DavidBrooks@gmail.com,7546824328,1984-10-03
US_7973,Eric Hernandez,EricHernandez@gmail.com,9184588934,1993-05-30
US_7974,Joseph Payne,JosephPayne@gmail.com,7012678244,2003-02-24
US_7976,Christina Simon,ChristinaSimon@gmail.com,9282832803,1986-09-25
US_7977,Megan Mills,MeganMills@gmail.com,8699910707,1970-02-08
US_7978,Mandy Walker,MandyWalker@gmail.com,9236936769,1959-01-04
US_7979,Cynthia Cunningham,CynthiaCunningham@gmail.com,7441803548,1980-01-22
US_7980,Angelica Mays,AngelicaMays@gmail.com,9774125162,1968-07-19
US_7982,Paul Watkins,PaulWatkins@gmail.com,9788031596,1961-11-12
US_7983,John Olson,JohnOlson@gmail.com,9036894794,1979-09-14
US_7984,Alexander Anderson,AlexanderAnderson@gmail.com,8311263780,1961-12-30
US_7985,Mitchell Deleon,MitchellDeleon@gmail.com,8894709628,2006-02-19
US_7986,Susan Bryant,SusanBryant@gmail.com,9466838362,1980-08-06
US_7987,Derrick Diaz,DerrickDiaz@gmail.com,9730968502,1995-06-22
US_7988,Rebecca Lambert,RebeccaLambert@gmail.com,8989652819,1964-11-15
US_7989,Erica White,EricaWhite@gmail.com,8122782583,1981-10-31
US_7991,Richard Molina,RichardMolina@gmail.com,8563255294,1963-02-07
US_7992,Rebecca Torres,RebeccaTorres@gmail.com,9671099250,1967-10-13
US_7993,Jack Jacobs,JackJacobs@gmail.com,8478946528,1995-01-21
US_7995,Lindsay Chavez,LindsayChavez@gmail.com,9755469313,1992-07-25
US_7996,Mr. Jeremy Cohen Jr.,Mr.Jeremy@gmail.com,8938197481,1991-10-24
US_7997,Kathryn Perry,KathrynPerry@gmail.com,9523605836,2000-02-05
US_7998,Jeffery Richards,JefferyRichards@gmail.com,9183829649,1982-04-11
US_7999,Chad Morales,ChadMorales@gmail.com,9742617443,1963-05-21
US_8000,Tammy Alexander,TammyAlexander@gmail.com,9622775680,1984-10-30
US_8001,Alexander Cox,AlexanderCox@gmail.com,9444046514,1982-07-17
US_8002,Brett Stephens,BrettStephens@gmail.com,9620235035,1954-10-19
US_8003,Karen Mitchell,KarenMitchell@gmail.com,7449280421,1975-09-05
US_8005,Pam Roberts,PamRoberts@gmail.com,9066323974,1960-07-27
US_8006,Benjamin Phillips,BenjaminPhillips@gmail.com,7406392478,2004-06-19
US_8007,James Snyder,JamesSnyder@gmail.com,8817072376,1984-09-22
US_8008,Daniel Phillips,DanielPhillips@gmail.com,7929496826,2004-03-29
US_8009,Andrea Bryant,AndreaBryant@gmail.com,9380933875,1961-02-24
US_8010,Melinda Thompson,MelindaThompson@gmail.com,8685916703,1974-01-24
US_8011,Jade Phillips,JadePhillips@gmail.com,9361727581,1974-09-18
US_8012,Kyle Mooney,KyleMooney@gmail.com,8169051450,2000-12-12
US_8013,Christine Leblanc,ChristineLeblanc@gmail.com,9747762581,1976-03-16
US_8014,Alexander Wright,AlexanderWright@gmail.com,9092474758,1961-07-04
US_8016,Stephanie Mcintosh,StephanieMcintosh@gmail.com,7689192863,1998-08-09
US_8017,Juan Chan,JuanChan@gmail.com,7691712005,1957-10-20
US_8018,Allen Weaver,AllenWeaver@gmail.com,9598188059,1958-12-04
US_8019,Mr. Martin Morales,Mr.Martin@gmail.com,8290771668,1991-04-21
US_8020,Ryan Cannon,RyanCannon@gmail.com,8817645951,1963-12-16
US_8021,Catherine Crane,CatherineCrane@gmail.com,8951467719,1997-03-18
US_8022,Michelle Gould,MichelleGould@gmail.com,7644119306,1961-07-01
US_8023,Mathew Olson,MathewOlson@gmail.com,8309333763,1982-11-22
US_8024,Gary Walker,GaryWalker@gmail.com,9476680894,1984-02-24
US_8025,Terry Williams,TerryWilliams@gmail.com,7716751671,1959-04-14
US_8026,Melissa Riley,MelissaRiley@gmail.com,8086186897,1960-12-04
US_8027,Jesse Anderson,JesseAnderson@gmail.com,9322601250,1974-03-12
US_8028,John Stone,JohnStone@gmail.com,8046788237,2000-03-10
US_8029,Joshua Griffin,JoshuaGriffin@gmail.com,9112766916,2002-07-27
US_8030,Virginia Morales,VirginiaMorales@gmail.com,9131536595,1981-03-07
US_8031,Ronald Cook,RonaldCook@gmail.com,7250804623,1995-03-19
US_8032,Louis Tyler,LouisTyler@gmail.com,7575072744,1973-07-14
US_8033,Mary Wall,MaryWall@gmail.com,9374956536,1988-02-02
US_8034,Dustin Mendez,DustinMendez@gmail.com,7812399621,2006-12-24
US_8035,Amy Martin,AmyMartin@gmail.com,9443027071,1977-09-28
US_8037,Scott Gibbs,ScottGibbs@gmail.com,9890853818,1994-11-07
US_8038,Heather Rojas DDS,HeatherRojas@gmail.com,7410717282,1977-02-24
US_8039,Ashley Shepard,AshleyShepard@gmail.com,8272298596,2006-04-29
US_8040,Jessica Vasquez,JessicaVasquez@gmail.com,7425570033,1996-09-15
US_8041,Melinda Rosario,MelindaRosario@gmail.com,8967733629,1969-07-02
US_8042,Jennifer Sanchez,JenniferSanchez@gmail.com,9659094708,1967-07-08
US_8045,Nicole Garcia,NicoleGarcia@gmail.com,7744867166,1980-10-17
US_8047,Katie Davis,KatieDavis@gmail.com,9690923986,1976-11-20
US_8048,Christine Farrell,ChristineFarrell@gmail.com,7902105081,1991-03-14
US_8049,Mariah Eaton,MariahEaton@gmail.com,9906646808,1995-06-15
US_8050,Joseph Gould,JosephGould@gmail.com,7416472402,2001-09-16
US_8051,Ashley Clark,AshleyClark@gmail.com,8060614451,1975-05-30
US_8052,Kathryn Simmons,KathrynSimmons@gmail.com,8532648859,1956-06-24
US_8053,Colin Vega Jr.,ColinVega@gmail.com,8774444396,1978-09-03
US_8054,Robert Vazquez,RobertVazquez@gmail.com,8330221844,1964-11-04
US_8055,Bryan Monroe,BryanMonroe@gmail.com,7631961774,2006-12-16
US_8056,Louis Rose,LouisRose@gmail.com,7023005471,2004-05-09
US_8057,Andrew Abbott,AndrewAbbott@gmail.com,8988262314,1984-08-13
US_8058,Lance Brown,LanceBrown@gmail.com,8615968696,1961-10-09
US_8059,Christopher Howard,ChristopherHoward@gmail.com,9453893139,1984-06-13
US_8060,Jose Cook,JoseCook@gmail.com,7690128750,1985-12-23
US_8061,Michael Mckee,MichaelMckee@gmail.com,7586712227,1967-04-25
US_8062,Cynthia Harper,CynthiaHarper@gmail.com,9985995970,1997-09-20
US_8063,Olivia Martinez,OliviaMartinez@gmail.com,7129907987,1990-10-26
US_8064,Mr. Nicholas Munoz,Mr.Nicholas@gmail.com,8373817635,2005-05-10
US_8065,Thomas Waters,ThomasWaters@gmail.com,7537274946,1964-10-28
US_8066,Ashley Stokes,AshleyStokes@gmail.com,7905886070,2002-05-05
US_8067,Kyle Singh,KyleSingh@gmail.com,8951096581,1962-04-26
US_8068,Spencer Jones,SpencerJones@gmail.com,9755274973,1982-06-12
US_8069,Vicki Fry,VickiFry@gmail.com,7797669598,1961-05-20
US_8070,Johnny Fisher,JohnnyFisher@gmail.com,7216542401,2000-11-30
US_8071,Timothy Fuentes,TimothyFuentes@gmail.com,9046136093,1999-04-23
US_8072,Michelle Sullivan MD,MichelleSullivan@gmail.com,9702968003,1995-03-12
US_8073,Jennifer Duncan,JenniferDuncan@gmail.com,8968135648,1973-03-18
US_8074,David Summers,DavidSummers@gmail.com,7347554798,1981-12-06
US_8075,Kristen Flores,KristenFlores@gmail.com,7818680882,1986-05-27
US_8076,James Parsons,JamesParsons@gmail.com,7996272769,1993-05-07
US_8077,Alexa Ingram,AlexaIngram@gmail.com,7872459767,1961-09-30
US_8078,James Stanley,JamesStanley@gmail.com,9664428816,1973-04-07
US_8079,Tyler Williams,TylerWilliams@gmail.com,8790017340,1970-10-20
US_8080,Melissa Torres,MelissaTorres@gmail.com,9635818897,2002-04-29
US_8082,Suzanne Johnson,SuzanneJohnson@gmail.com,8362428527,1970-05-09
US_8083,Miss Sharon Park,MissSharon@gmail.com,7266586992,1956-06-22
US_8084,Mark Mcclain,MarkMcclain@gmail.com,8892506111,1982-12-19
US_8085,Tracy Frost,TracyFrost@gmail.com,7090856828,1962-10-12
US_8086,Jordan Jones,JordanJones@gmail.com,8729191154,1979-11-29
US_8087,Victor Ruiz,VictorRuiz@gmail.com,9502292286,1978-07-01
US_8088,Jodi Mendoza,JodiMendoza@gmail.com,8892638415,1988-02-23
US_8089,John Perez,JohnPerez@gmail.com,7306346974,1989-11-12
US_8090,Adam Gillespie,AdamGillespie@gmail.com,8408847989,2000-05-02
US_8091,Matthew Lucas,MatthewLucas@gmail.com,9941002631,1990-10-04
US_8093,Sherry Franco,SherryFranco@gmail.com,8582481687,1973-10-02
US_8094,Robert Jenkins,RobertJenkins@gmail.com,8178289355,1985-07-26
US_8095,Cathy Young,CathyYoung@gmail.com,7480874161,1975-01-09
US_8097,Mariah Collins,MariahCollins@gmail.com,9348990434,1980-05-06
US_8098,Edward Stanton,EdwardStanton@gmail.com,9903965145,1981-10-13
US_8099,Debra Caldwell,DebraCaldwell@gmail.com,7829649006,1956-08-26
US_8100,Brooke Ramirez,BrookeRamirez@gmail.com,8029980565,1982-01-23
US_8101,Nicole Smith,NicoleSmith@gmail.com,7743507698,1997-01-22
US_8102,Jessica Bell,JessicaBell@gmail.com,8630644656,1991-10-26
US_8103,Ann Barnett,AnnBarnett@gmail.com,8333433698,2006-10-18
US_8104,Mary Whitney,MaryWhitney@gmail.com,9418507066,1983-01-28
US_8105,Donald Salazar,DonaldSalazar@gmail.com,7287408205,1956-12-02
US_8106,Ashley Simpson,AshleySimpson@gmail.com,7381779946,1992-03-17
US_8107,Joshua Mann,JoshuaMann@gmail.com,8356785049,1997-02-13
US_8108,Julie Flores,JulieFlores@gmail.com,9447813088,1967-09-05
US_8109,Brandi Roberson,BrandiRoberson@gmail.com,9401093060,1967-07-27
US_8110,Melinda Hanson DDS,MelindaHanson@gmail.com,9360481081,1958-05-20
US_8111,Janice Jones,JaniceJones@gmail.com,8667152787,1954-04-07
US_8112,Penny Johnson,PennyJohnson@gmail.com,8209389368,1979-02-17
US_8113,James Jensen,JamesJensen@gmail.com,9790995809,2002-03-31
US_8114,Kenneth Branch,KennethBranch@gmail.com,7729122382,1965-10-17
US_8115,Tyler Allen,TylerAllen@gmail.com,7537084855,1967-05-15
US_8116,James Aguilar,JamesAguilar@gmail.com,9776503864,2003-07-08
US_8117,Jessica Thompson,JessicaThompson@gmail.com,8045134510,2001-01-10
US_8118,Gregory Hall,GregoryHall@gmail.com,8539688258,1957-12-22
US_8119,Keith Davis,KeithDavis@gmail.com,9524693805,2001-04-15
US_8120,Rodney Patton,RodneyPatton@gmail.com,9692595442,1997-08-26
US_8121,Michael Houston,MichaelHouston@gmail.com,8890853040,1997-03-26
US_8122,Rachel Torres,RachelTorres@gmail.com,9236427329,1983-06-18
US_8123,Mark Hernandez,MarkHernandez@gmail.com,8390848356,1986-08-02
US_8124,Jeff Thompson,JeffThompson@gmail.com,7921401656,1987-07-21
US_8125,Debra Lee,DebraLee@gmail.com,9566647615,1971-04-07
US_8126,Megan Ryan,MeganRyan@gmail.com,9800584345,1995-11-25
US_8127,David Clark,DavidClark@gmail.com,9177618005,1974-11-15
US_8128,Todd Rojas,ToddRojas@gmail.com,9408664336,1995-08-08
US_8130,Jeffrey Stokes,JeffreyStokes@gmail.com,8073968924,1982-01-30
US_8131,Casey Wright,CaseyWright@gmail.com,7754285354,2002-11-12
US_8132,Janet Oliver,JanetOliver@gmail.com,9390529376,1972-06-23
US_8133,Gary Smith,GarySmith@gmail.com,7571739984,1986-10-03
US_8134,Gerald Wall,GeraldWall@gmail.com,9825163396,1988-05-29
US_8135,Hannah Dickson,HannahDickson@gmail.com,7822843413,1994-07-04
US_8136,Madeline Boyle,MadelineBoyle@gmail.com,7053363351,1969-11-04
US_8137,Virginia Lynch,VirginiaLynch@gmail.com,9135264863,1974-08-10
US_8138,Tammy Bridges,TammyBridges@gmail.com,8168386782,1993-12-29
US_8139,Danielle Simmons,DanielleSimmons@gmail.com,7636481775,1961-10-02
US_8140,Shelly Henderson,ShellyHenderson@gmail.com,9636747675,2006-05-05
US_8141,Frank Davis,FrankDavis@gmail.com,8864135070,1962-11-15
US_8143,Robert Mills,RobertMills@gmail.com,8640371887,1968-10-27
US_8144,Philip Yates,PhilipYates@gmail.com,9111447228,1971-10-30
US_8145,Chad Romero,ChadRomero@gmail.com,9847174270,1978-08-17
US_8146,Timothy Odom,TimothyOdom@gmail.com,8497261553,1999-03-28
US_8147,Lisa Morales,LisaMorales@gmail.com,8784687382,2006-07-03
US_8148,Victor Jordan,VictorJordan@gmail.com,9545970658,1962-01-21
US_8149,Lisa Scott,LisaScott@gmail.com,9800703990,1991-11-03
US_8151,Maria Brennan,MariaBrennan@gmail.com,9629026159,1956-10-04
US_8152,Jessica Williams,JessicaWilliams@gmail.com,7596178416,1984-06-07
US_8153,Lisa Odonnell,LisaOdonnell@gmail.com,7522337360,1990-05-02
US_8154,Victor Lewis,VictorLewis@gmail.com,9614489362,1985-02-19
US_8155,Rebecca Tapia,RebeccaTapia@gmail.com,8937334829,1989-02-19
US_8156,Joan Rogers,JoanRogers@gmail.com,7518486106,1986-09-20
US_8158,Angela Luna,AngelaLuna@gmail.com,7679669496,1990-06-24
US_8159,Alejandro Davis,AlejandroDavis@gmail.com,9280589769,1983-08-20
US_8160,Eduardo Hart DDS,EduardoHart@gmail.com,7570854003,1992-08-05
US_8161,Duane Clark,DuaneClark@gmail.com,9243384146,1959-10-12
US_8162,Lisa Bowman,LisaBowman@gmail.com,7450159132,1978-06-12
US_8163,Jose Smith,JoseSmith@gmail.com,8945042868,1998-07-30
US_8164,Tammy Nguyen,TammyNguyen@gmail.com,8104888701,1994-07-05
US_8165,Maria Harrington,MariaHarrington@gmail.com,7822489377,1979-02-12
US_8166,Michael Gibbs,MichaelGibbs@gmail.com,8707396210,1966-07-05
US_8167,Greg Williams,GregWilliams@gmail.com,8267881646,2003-04-23
US_8168,Nicole Baker,NicoleBaker@gmail.com,7015721437,1961-03-20
US_8170,Kimberly Jackson,KimberlyJackson@gmail.com,9320509581,1974-08-18
US_8172,Carlos Brown,CarlosBrown@gmail.com,9976708289,1954-10-20
US_8173,Shannon Ryan,ShannonRyan@gmail.com,9754175780,2006-02-18
US_8174,Yvonne Patterson,YvonnePatterson@gmail.com,7731245450,1980-12-09
US_8175,James Rivas,JamesRivas@gmail.com,9727562843,1994-04-28
US_8176,Rachel Soto,RachelSoto@gmail.com,7423783650,1966-04-18
US_8177,Danielle Lucas,DanielleLucas@gmail.com,7990145064,1990-01-18
US_8178,Olivia Russell,OliviaRussell@gmail.com,7440392371,1979-03-04
US_8179,Amber Cruz,AmberCruz@gmail.com,8735083921,2000-01-24
US_8180,Gregory Smith,GregorySmith@gmail.com,9282715338,1984-03-02
US_8181,Alison Miller,AlisonMiller@gmail.com,9392164340,1987-10-14
US_8182,Jessica Lane,JessicaLane@gmail.com,9119733927,1990-03-22
US_8183,Angela Drake,AngelaDrake@gmail.com,9770779181,1960-02-13
US_8184,April Carter,AprilCarter@gmail.com,9747189380,1972-09-12
US_8185,Shannon Hernandez,ShannonHernandez@gmail.com,7657966688,1972-06-23
US_8186,Michelle Stevens,MichelleStevens@gmail.com,8386361289,1956-07-13
US_8187,Olivia Williams,OliviaWilliams@gmail.com,7730813133,2000-07-23
US_8188,Garrett Thomas,GarrettThomas@gmail.com,9042796025,1967-07-01
US_8190,Douglas Fuller,DouglasFuller@gmail.com,8547416962,2005-06-18
US_8191,Jordan Harper,JordanHarper@gmail.com,8600018008,1969-12-14
US_8192,Michelle Hall,MichelleHall@gmail.com,7228936774,1988-10-10
US_8193,Megan Hernandez,MeganHernandez@gmail.com,7008456286,1962-02-09
US_8194,Jeremiah Fisher,JeremiahFisher@gmail.com,7222358709,1954-11-03
US_8195,Ryan Barrera,RyanBarrera@gmail.com,7050568091,1978-12-10
US_8197,Douglas Howard,DouglasHoward@gmail.com,9232525820,1958-05-25
US_8198,Jeffrey Leonard,JeffreyLeonard@gmail.com,9546307495,1964-01-21
US_8199,Jasmine Hahn,JasmineHahn@gmail.com,7891918179,1972-11-28
US_8201,Susan Melendez,SusanMelendez@gmail.com,8162994724,1993-12-30
US_8202,Robin Baker,RobinBaker@gmail.com,9624610537,1972-01-13
US_8203,Raymond Brooks III,RaymondBrooks@gmail.com,8264960169,1954-03-02
US_8206,Jill Stevens,JillStevens@gmail.com,8629030940,1983-05-02
US_8208,Cynthia Price,CynthiaPrice@gmail.com,9525091833,2002-02-25
US_8210,Alison Delacruz,AlisonDelacruz@gmail.com,9104509438,1962-01-13
US_8211,Henry Parker,HenryParker@gmail.com,7753464922,1964-10-21
US_8212,Curtis Davis,CurtisDavis@gmail.com,9778685750,2003-09-15
US_8214,Amy Chapman,AmyChapman@gmail.com,8245881650,1987-12-08
US_8216,Nancy Hogan,NancyHogan@gmail.com,7409112006,1988-06-19
US_8217,Howard Hunter,HowardHunter@gmail.com,8800979783,1961-02-13
US_8218,Dylan Baker,DylanBaker@gmail.com,9731729932,1955-02-22
US_8219,William Mcbride,WilliamMcbride@gmail.com,7333828739,1986-09-04
US_8220,Jenny Sanchez,JennySanchez@gmail.com,7392106533,2000-09-15
US_8221,Suzanne Hancock,SuzanneHancock@gmail.com,7261907634,2004-02-04
US_8222,Jason Riggs,JasonRiggs@gmail.com,7015178924,1977-01-09
US_8223,Suzanne Lambert,SuzanneLambert@gmail.com,9876334760,1978-08-29
US_8224,Tyler Green,TylerGreen@gmail.com,8772116520,1955-05-11
US_8225,Zachary Doyle,ZacharyDoyle@gmail.com,8084927927,1993-04-24
US_8226,Noah Briggs,NoahBriggs@gmail.com,9785631069,1997-10-27
US_8227,Nicole Ward,NicoleWard@gmail.com,8893707374,1978-09-22
US_8228,Blake Norris,BlakeNorris@gmail.com,7747040402,1965-09-01
US_8229,Latoya Fitzgerald,LatoyaFitzgerald@gmail.com,9777851478,1982-01-26
US_8231,Stephen Shaw,StephenShaw@gmail.com,9630964825,1980-12-25
US_8232,Jo Hickman,JoHickman@gmail.com,9649887737,1978-12-15
US_8233,Billy Cross,BillyCross@gmail.com,8930691693,1957-01-23
US_8235,Maria Dixon,MariaDixon@gmail.com,7798866327,1957-11-10
US_8236,Diana Murray,DianaMurray@gmail.com,8067989346,1961-01-17
US_8237,Jennifer Curtis,JenniferCurtis@gmail.com,7681094086,1973-11-16
US_8238,Janet Mcclure,JanetMcclure@gmail.com,9916262454,1957-04-26
US_8239,Alexis Watson,AlexisWatson@gmail.com,8565621927,2005-08-25
US_8240,Jared Spence,JaredSpence@gmail.com,8178240276,1963-07-30
US_8241,Alice May,AliceMay@gmail.com,8782267192,1965-12-29
US_8242,Nathan Miles,NathanMiles@gmail.com,8383576541,1968-05-06
US_8243,April White,AprilWhite@gmail.com,8637590903,1988-08-26
US_8244,Kathleen Odonnell,KathleenOdonnell@gmail.com,8454296108,1989-03-09
US_8245,Emily Massey,EmilyMassey@gmail.com,7823954716,1992-03-23
US_8246,Lisa Henderson,LisaHenderson@gmail.com,7802098466,1968-06-01
US_8248,Shawn Patel,ShawnPatel@gmail.com,7547277952,2003-06-01
US_8249,Eric Parker,EricParker@gmail.com,9290884170,1991-08-11
US_8250,Cindy Garza,CindyGarza@gmail.com,9669802739,1989-06-13
US_8251,Jesse Yang,JesseYang@gmail.com,7651872135,2003-06-03
US_8252,Dean Evans,DeanEvans@gmail.com,9181676811,1975-12-24
US_8253,Carl Lopez,CarlLopez@gmail.com,7518695847,1963-05-23
US_8254,Diane Smith,DianeSmith@gmail.com,9960649900,1997-01-15
US_8255,Shelly Jackson,ShellyJackson@gmail.com,7933313486,1967-03-05
US_8256,Rachel Castillo,RachelCastillo@gmail.com,7842118053,1976-04-11
US_8257,Hunter Miller,HunterMiller@gmail.com,7047933240,1986-06-15
US_8258,Melanie Fischer,MelanieFischer@gmail.com,8579706347,1959-01-22
US_8259,Eric Camacho,EricCamacho@gmail.com,7977110772,2004-08-10
US_8260,Eric Harris DVM,EricHarris@gmail.com,7088366696,1963-01-18
US_8261,Angela Craig,AngelaCraig@gmail.com,8318567846,1971-05-02
US_8262,Henry Brooks,HenryBrooks@gmail.com,7061603731,1961-09-19
US_8263,Tony Barnes,TonyBarnes@gmail.com,9048956174,2003-06-30
US_8264,Robert Bailey,RobertBailey@gmail.com,8199891315,1977-10-28
US_8265,Taylor Parsons,TaylorParsons@gmail.com,8692003310,1996-01-21
US_8266,Christopher Wilson,ChristopherWilson@gmail.com,8787006876,1975-06-26
US_8267,Erin Mcdowell,ErinMcdowell@gmail.com,8709578555,1963-01-25
US_8268,Amy Ray,AmyRay@gmail.com,8717703707,1990-07-24
US_8269,Stephen Leon,StephenLeon@gmail.com,7117959598,2000-11-25
US_8270,Christopher Bolton,ChristopherBolton@gmail.com,9224840844,1980-04-28
US_8271,Erin Aguirre,ErinAguirre@gmail.com,9410158666,1985-09-26
US_8272,Valerie Rodriguez,ValerieRodriguez@gmail.com,7911687197,1957-07-11
US_8274,Terri Davis,TerriDavis@gmail.com,8981942646,1960-06-21
US_8275,Joseph Blevins,JosephBlevins@gmail.com,9166907226,1961-01-14
US_8276,Steven Cannon,StevenCannon@gmail.com,7916306575,1982-12-09
US_8277,Wendy Horne,WendyHorne@gmail.com,8786760923,1985-01-25
US_8278,David Cruz,DavidCruz@gmail.com,8385304724,2001-11-18
US_8279,Michael Hendrix,MichaelHendrix@gmail.com,7908046529,1975-05-07
US_8281,Jacqueline Ford,JacquelineFord@gmail.com,8092204319,1987-08-23
US_8282,Vanessa Boone,VanessaBoone@gmail.com,7662078242,1964-07-07
US_8283,Nancy Garcia,NancyGarcia@gmail.com,9791719394,1957-09-15
US_8284,Ernest Kennedy,ErnestKennedy@gmail.com,9177906584,1969-06-20
US_8285,Brandon Miller,BrandonMiller@gmail.com,7248379380,1955-03-08
US_8286,Anita Wright,AnitaWright@gmail.com,9328341052,1973-03-16
US_8287,Martin Cox,MartinCox@gmail.com,7350765227,1972-07-01
US_8288,Tiffany Flores,TiffanyFlores@gmail.com,8991185059,1963-03-06
US_8290,Jeremy Miller,JeremyMiller@gmail.com,7644248597,1975-05-18
US_8291,Stephanie Jensen,StephanieJensen@gmail.com,9404330945,2006-03-16
US_8292,Jennifer Austin,JenniferAustin@gmail.com,7337757921,2005-08-27
US_8293,Randy Flores,RandyFlores@gmail.com,8012924797,1956-11-10
US_8294,Ryan Reynolds,RyanReynolds@gmail.com,9322388185,1994-07-24
US_8295,Elizabeth Travis,ElizabethTravis@gmail.com,7583299300,2004-12-25
US_8296,Richard Harmon,RichardHarmon@gmail.com,7973899292,2003-11-14
US_8297,Kevin Thomas,KevinThomas@gmail.com,8470179404,1970-03-27
US_8298,Shannon Harper,ShannonHarper@gmail.com,8052636555,1972-03-05
US_8300,Luke Gross,LukeGross@gmail.com,9651892067,1956-01-13
US_8302,Janet Davidson,JanetDavidson@gmail.com,8096489946,1984-04-17
US_8303,Anna Brown,AnnaBrown@gmail.com,8069711888,1983-11-29
US_8304,Sara Park,SaraPark@gmail.com,7261842927,1972-12-05
US_8305,Brandi Beck,BrandiBeck@gmail.com,7601035305,1995-08-15
US_8306,Patrick Sullivan,PatrickSullivan@gmail.com,9580039232,1976-12-22
US_8307,Roger Buckley,RogerBuckley@gmail.com,9962812882,1975-06-05
US_8308,Bradley Cochran,BradleyCochran@gmail.com,8987210633,1990-11-10
US_8309,Mark Jackson,MarkJackson@gmail.com,8585672456,1988-10-19
US_8310,Sara Carroll,SaraCarroll@gmail.com,8124418460,1998-09-10
US_8311,Charles Rice,CharlesRice@gmail.com,9439408355,1960-12-12
US_8312,Kathleen Marsh,KathleenMarsh@gmail.com,7565058579,1975-01-30
US_8313,Nichole Smith,NicholeSmith@gmail.com,8166275936,2001-01-31
US_8314,Brenda Marsh,BrendaMarsh@gmail.com,7980739509,1982-11-25
US_8315,Taylor Schultz,TaylorSchultz@gmail.com,8054040997,1986-08-06
US_8316,Peter Arnold MD,PeterArnold@gmail.com,8796357625,1990-07-23
US_8317,Brooke Johnson,BrookeJohnson@gmail.com,9047754429,1975-02-04
US_8318,Mary Durham,MaryDurham@gmail.com,7632341447,1968-01-09
US_8319,Gerald Snyder,GeraldSnyder@gmail.com,8858869101,1982-06-27
US_8320,Robert Hawkins,RobertHawkins@gmail.com,9572356357,1994-06-04
US_8321,Brianna Bailey,BriannaBailey@gmail.com,7225062466,1970-07-21
US_8322,Cody Love,CodyLove@gmail.com,8296126771,1988-11-26
US_8323,Michael Hunt,MichaelHunt@gmail.com,8752282650,1972-05-29
US_8324,Maria Mccarthy,MariaMccarthy@gmail.com,9705337161,1992-06-03
US_8325,Mark Black,MarkBlack@gmail.com,9392704664,1974-12-26
US_8326,James Roberts,JamesRoberts@gmail.com,7633857000,1986-11-25
US_8327,Rick Decker,RickDecker@gmail.com,7447558947,1992-12-21
US_8328,Jason Howard,JasonHoward@gmail.com,8546539601,1993-06-07
US_8329,John Hayes,JohnHayes@gmail.com,9113113509,1977-12-31
US_8330,Melissa Lawson,MelissaLawson@gmail.com,7210209063,1991-04-21
US_8331,Mitchell Johnson,MitchellJohnson@gmail.com,7263853272,1958-06-05
US_8332,Madison Stanton,MadisonStanton@gmail.com,8366186115,1998-04-20
US_8333,Erin Myers,ErinMyers@gmail.com,9482037176,1959-11-28
US_8335,Mark Gomez,MarkGomez@gmail.com,7660523602,1986-11-13
US_8336,Connie Hansen,ConnieHansen@gmail.com,7163553253,1978-09-19
US_8337,Tammy Ramos,TammyRamos@gmail.com,9020744248,1962-10-01
US_8338,Hannah Terry,HannahTerry@gmail.com,9124899312,1955-01-11
US_8339,Lisa Gallegos,LisaGallegos@gmail.com,9884489842,1980-11-25
US_8340,James Haley,JamesHaley@gmail.com,8447945656,1969-09-12
US_8341,Carl Pennington,CarlPennington@gmail.com,8961316130,1983-11-08
US_8342,Allison Davis,AllisonDavis@gmail.com,8293417261,1963-04-09
US_8343,Nicholas Lee,NicholasLee@gmail.com,8566284213,2000-05-28
US_8344,Thomas Olson,ThomasOlson@gmail.com,7754691152,1991-03-09
US_8345,Mary West,MaryWest@gmail.com,7165815613,1957-09-26
US_8346,Nicole Gilbert,NicoleGilbert@gmail.com,7949813629,1990-02-22
US_8347,Alan Murphy,AlanMurphy@gmail.com,7589643581,1982-02-09
US_8348,Monica Vincent,MonicaVincent@gmail.com,7646704177,2003-12-02
US_8349,Rebecca Hubbard,RebeccaHubbard@gmail.com,9604349479,1986-06-08
US_8350,Kristin Sampson,KristinSampson@gmail.com,8175287677,1967-12-28
US_8351,Elizabeth Lawrence,ElizabethLawrence@gmail.com,9575330380,1970-02-15
US_8352,Debbie Lamb,DebbieLamb@gmail.com,9829269202,1972-07-06
US_8354,Justin Chapman,JustinChapman@gmail.com,9845092275,1984-09-24
US_8355,Tina Ortiz,TinaOrtiz@gmail.com,7467457271,1987-03-18
US_8356,Anthony Elliott,AnthonyElliott@gmail.com,8717671964,1989-05-28
US_8357,Beth Cross,BethCross@gmail.com,9888068017,1998-03-05
US_8358,Robert Scott MD,RobertScott@gmail.com,8865294898,1967-04-02
US_8359,Robin Rice,RobinRice@gmail.com,7112263103,1955-06-16
US_8361,Brittany Macdonald,BrittanyMacdonald@gmail.com,9735519118,1989-06-05
US_8362,Matthew Bates,MatthewBates@gmail.com,8041299421,1963-10-19
US_8363,Shelia Moore,SheliaMoore@gmail.com,8594863060,1983-06-17
US_8364,Michelle Santana,MichelleSantana@gmail.com,7723385492,1979-02-03
US_8365,Ashley Robinson,AshleyRobinson@gmail.com,9401551279,2001-09-09
US_8366,Daniel Kim,DanielKim@gmail.com,9400715426,1989-05-07
US_8367,Grace Nichols,GraceNichols@gmail.com,8362798246,1984-08-23
US_8368,Tom Henderson,TomHenderson@gmail.com,9866050428,1974-06-12
US_8369,Margaret Shaw,MargaretShaw@gmail.com,7867883589,1971-11-11
US_8371,Karen Adams,KarenAdams@gmail.com,9215058041,1996-05-31
US_8372,Gabriel Andrews,GabrielAndrews@gmail.com,9961552579,1964-11-09
US_8373,Bobby Howard,BobbyHoward@gmail.com,7658327445,1993-08-07
US_8374,Timothy Morris,TimothyMorris@gmail.com,7155894105,2002-05-04
US_8376,Tammy Graves,TammyGraves@gmail.com,9596233313,1965-09-13
US_8377,Joshua Ellis III,JoshuaEllis@gmail.com,8206558231,2003-04-09
US_8378,Amy Fields,AmyFields@gmail.com,9462915480,1996-02-16
US_8379,Janice Clay,JaniceClay@gmail.com,8135572773,1985-03-25
US_8380,Jessica Morris,JessicaMorris@gmail.com,9720516907,1982-06-03
US_8382,Katherine Scott,KatherineScott@gmail.com,7061473145,1961-01-17
US_8383,Louis Kelly,LouisKelly@gmail.com,9130528203,1961-09-13
US_8384,Randall Osborne,RandallOsborne@gmail.com,8417688024,1994-12-01
US_8385,Stephen Carr,StephenCarr@gmail.com,7514861204,1996-10-18
US_8386,Kyle Young,KyleYoung@gmail.com,8930924318,1991-02-21
US_8388,Heather Gordon,HeatherGordon@gmail.com,9414596714,1959-12-15
US_8389,Russell Foster,RussellFoster@gmail.com,7530041281,1958-09-19
US_8390,Andrew Blake,AndrewBlake@gmail.com,9736235052,1971-07-04
US_8391,John Fowler,JohnFowler@gmail.com,8419052785,1997-07-14
US_8392,Douglas Martinez,DouglasMartinez@gmail.com,8930078924,1995-06-02
US_8393,Joshua Mcgee,JoshuaMcgee@gmail.com,7285771812,1955-08-02
US_8394,Matthew Jackson,MatthewJackson@gmail.com,9678705159,1965-06-28
US_8395,Juan Bradley,JuanBradley@gmail.com,9701652324,1987-05-10
US_8396,Dawn Pena,DawnPena@gmail.com,9088448089,1971-10-30
US_8397,Bradley Schultz,BradleySchultz@gmail.com,9425714591,1966-07-24
US_8399,Thomas Spencer,ThomasSpencer@gmail.com,8183855426,2004-03-20
US_8400,Scott Harrell,ScottHarrell@gmail.com,8282798707,1965-10-09
US_8401,David Norton,DavidNorton@gmail.com,8371647839,2004-10-01
US_8402,Jennifer Burgess,JenniferBurgess@gmail.com,8262680739,1988-11-11
US_8403,Gregory Green,GregoryGreen@gmail.com,9412145716,1962-09-25
US_8404,Alan Sanchez,AlanSanchez@gmail.com,9456288034,1999-04-16
US_8406,Scott Velazquez,ScottVelazquez@gmail.com,9066973921,1987-10-27
US_8407,Jennifer Graves,JenniferGraves@gmail.com,7396918678,1988-09-05
US_8409,Sarah Evans,SarahEvans@gmail.com,7957216089,1966-06-15
US_8410,Ashley Vazquez,AshleyVazquez@gmail.com,8953795613,1996-09-29
US_8411,Samantha Bailey,SamanthaBailey@gmail.com,9176815146,1983-11-30
US_8412,Mark Vega,MarkVega@gmail.com,8683765788,1968-12-04
US_8413,Holly Williams,HollyWilliams@gmail.com,7027474691,1956-10-19
US_8414,Dr. Tiffany Booker,Dr.Tiffany@gmail.com,7020877645,2001-12-11
US_8415,Sarah Banks,SarahBanks@gmail.com,9277251566,2002-12-20
US_8416,Kristin Valencia,KristinValencia@gmail.com,7032471531,2005-02-05
US_8417,Jordan Baxter,JordanBaxter@gmail.com,8136352919,1999-12-17
US_8418,Ann Moore,AnnMoore@gmail.com,9543912904,1957-03-06
US_8419,David Dunlap,DavidDunlap@gmail.com,7730865717,2006-04-28
US_8420,John Hunt,JohnHunt@gmail.com,7591023013,1969-07-17
US_8421,James Griffin,JamesGriffin@gmail.com,9594511224,1978-01-05
US_8422,Sandra Guerra,SandraGuerra@gmail.com,8371400987,1960-03-28
US_8423,Angela Harrington,AngelaHarrington@gmail.com,8232859002,1991-06-12
US_8424,Laura Garcia,LauraGarcia@gmail.com,9764177189,1978-07-14
US_8425,Joy Brooks,JoyBrooks@gmail.com,7046143652,1996-09-15
US_8426,Kenneth Watts,KennethWatts@gmail.com,8359370883,1962-07-03
US_8427,Ricky Munoz,RickyMunoz@gmail.com,9433151094,1987-04-30
US_8429,Lisa Thompson,LisaThompson@gmail.com,8986937130,1976-03-19
US_8430,Olivia Holmes,OliviaHolmes@gmail.com,7175093328,1956-10-19
US_8432,Jeffrey Gray,JeffreyGray@gmail.com,9654711605,2000-03-16
US_8433,Steven Olson,StevenOlson@gmail.com,7456730375,1993-08-27
US_8434,Eric Salazar,EricSalazar@gmail.com,9518717200,1988-11-07
US_8435,Michelle Fowler,MichelleFowler@gmail.com,9283525782,1968-04-09
US_8436,William Reynolds,WilliamReynolds@gmail.com,9290806656,2004-01-28
US_8437,Johnathan Rogers,JohnathanRogers@gmail.com,7873052441,1956-03-20
US_8438,Justin Sampson,JustinSampson@gmail.com,9723709791,1984-05-13
US_8439,Sandra Baker,SandraBaker@gmail.com,9890009417,2005-01-21
US_8440,Stephanie Tucker,StephanieTucker@gmail.com,8254409424,2000-08-04
US_8441,Melissa Evans,MelissaEvans@gmail.com,7641583092,1992-03-17
US_8442,Daniel Wheeler,DanielWheeler@gmail.com,8109349277,1985-02-20
US_8443,Zachary Beck,ZacharyBeck@gmail.com,8560365971,1999-07-11
US_8444,Travis Schneider,TravisSchneider@gmail.com,8287474628,1998-05-04
US_8446,Deborah Alvarado,DeborahAlvarado@gmail.com,7297537331,2001-08-26
US_8447,Mary Benson,MaryBenson@gmail.com,7812136344,1961-07-24
US_8448,Mr. Tommy Mcdonald,Mr.Tommy@gmail.com,9957624959,1958-06-01
US_8450,Matthew Simon,MatthewSimon@gmail.com,8989341835,1988-05-07
US_8451,Brandon Ferguson PhD,BrandonFerguson@gmail.com,8527458718,1969-11-05
US_8452,Daniel Ortega,DanielOrtega@gmail.com,7389408921,1993-01-13
US_8453,Scott Herrera,ScottHerrera@gmail.com,7213701241,1983-03-26
US_8454,Hannah Smith,HannahSmith@gmail.com,7640225889,1979-04-06
US_8455,Nicole Floyd,NicoleFloyd@gmail.com,7127043298,1987-08-30
US_8456,Katelyn Harper,KatelynHarper@gmail.com,8853727948,1999-07-29
US_8457,Heidi Mason,HeidiMason@gmail.com,8278473930,1971-08-11
US_8459,Kiara Stout,KiaraStout@gmail.com,9537976795,1992-12-24
US_8460,Autumn Lee,AutumnLee@gmail.com,7756095327,2002-08-28
US_8461,Daniel Fitzgerald,DanielFitzgerald@gmail.com,8419738147,1991-12-30
US_8462,Margaret Wallace,MargaretWallace@gmail.com,7176061859,1992-10-20
US_8463,John King,JohnKing@gmail.com,9906780163,1966-12-10
US_8464,Yolanda Wallace,YolandaWallace@gmail.com,9630044592,1988-02-18
US_8465,Dawn Werner,DawnWerner@gmail.com,9634674961,1974-12-10
US_8466,Katherine Pacheco,KatherinePacheco@gmail.com,7979302180,2001-05-17
US_8468,Michelle Armstrong,MichelleArmstrong@gmail.com,8530570342,1979-12-15
US_8469,Kelly Robinson DVM,KellyRobinson@gmail.com,7013419628,1980-02-15
US_8471,Connor Summers,ConnorSummers@gmail.com,7076273197,1969-01-20
US_8472,Blake Bailey,BlakeBailey@gmail.com,9909890902,1974-12-10
US_8473,Mary Williams,MaryWilliams@gmail.com,7715269175,1981-12-12
US_8474,Paul Bentley,PaulBentley@gmail.com,7779872803,1975-05-03
US_8475,Richard Nelson,RichardNelson@gmail.com,9486810745,1978-01-14
US_8476,Joshua Haynes,JoshuaHaynes@gmail.com,9447076344,1962-06-22
US_8477,Joseph Edwards,JosephEdwards@gmail.com,9035675076,1985-12-06
US_8478,Steven Moore,StevenMoore@gmail.com,8586971555,1967-04-15
US_8479,Holly Cochran,HollyCochran@gmail.com,8267286048,1960-12-25
US_8480,Joshua Moody,JoshuaMoody@gmail.com,8705753676,1981-02-21
US_8481,Jill Rhodes,JillRhodes@gmail.com,7371769746,1975-03-07
US_8482,Craig Patterson,CraigPatterson@gmail.com,7363982641,1970-06-14
US_8483,Mrs. Megan Kelly DDS,Mrs.Megan@gmail.com,7709693950,1997-09-24
US_8484,John Gibson,JohnGibson@gmail.com,7857337505,2005-06-18
US_8486,Daniel Owen,DanielOwen@gmail.com,9592260267,1993-02-12
US_8487,Nicole Salazar,NicoleSalazar@gmail.com,9620414345,1981-08-03
US_8488,Colton Munoz,ColtonMunoz@gmail.com,7628899180,1954-03-22
US_8489,Emily Vasquez,EmilyVasquez@gmail.com,9215101970,1965-09-29
US_8490,Lucas Reynolds,LucasReynolds@gmail.com,8266943024,1963-10-13
US_8491,Tammy Edwards,TammyEdwards@gmail.com,7344929647,1996-12-01
US_8492,Monica Gutierrez,MonicaGutierrez@gmail.com,9786853344,2001-06-20
US_8493,Stacey Sampson,StaceySampson@gmail.com,7652326482,1982-11-30
US_8494,Victor Gonzalez,VictorGonzalez@gmail.com,7100773962,2001-10-03
US_8495,Valerie Contreras,ValerieContreras@gmail.com,8580063908,1986-05-17
US_8496,Suzanne Nunez,SuzanneNunez@gmail.com,8027478266,1966-07-12
US_8497,Jackson Fuller,JacksonFuller@gmail.com,7110126913,1984-04-03
US_8498,Kristina Hernandez,KristinaHernandez@gmail.com,9185700340,1981-06-20
US_8499,Kayla Mccann,KaylaMccann@gmail.com,8712708963,1981-06-15
US_8500,Travis Caldwell,TravisCaldwell@gmail.com,8148416313,1998-06-08
US_8501,Nicholas Pacheco,NicholasPacheco@gmail.com,8952913559,1961-04-25
US_8502,Michelle Marsh,MichelleMarsh@gmail.com,7679431348,1959-02-19
US_8503,Jonathon Gallagher,JonathonGallagher@gmail.com,9811799587,1973-04-25
US_8504,Todd Garcia,ToddGarcia@gmail.com,9406558335,1983-07-07
US_8505,Megan Krueger,MeganKrueger@gmail.com,8170445051,1958-02-15
US_8506,Carol Baker,CarolBaker@gmail.com,8466178375,1982-01-04
US_8507,Erica Moore,EricaMoore@gmail.com,7443064822,1955-03-23
US_8508,Thomas Richards,ThomasRichards@gmail.com,7682381990,1961-02-09
US_8509,Kimberly Shaffer,KimberlyShaffer@gmail.com,7897112158,2002-03-04
US_8510,Gary Montgomery,GaryMontgomery@gmail.com,7486115021,1957-06-27
US_8511,William Blake,WilliamBlake@gmail.com,9044958645,1965-09-24
US_8512,Dennis Soto,DennisSoto@gmail.com,9999226933,1997-05-28
US_8513,Jaime Lewis,JaimeLewis@gmail.com,9823561908,1970-12-01
US_8514,Robert Ramirez,RobertRamirez@gmail.com,9970512926,1978-06-17
US_8515,Ashley Davis,AshleyDavis@gmail.com,7057530148,1993-10-11
US_8516,Kim Horn,KimHorn@gmail.com,9256268071,1964-12-14
US_8517,Grace Lewis,GraceLewis@gmail.com,8465979033,1989-12-10
US_8518,Chelsea Burch,ChelseaBurch@gmail.com,8637028063,1974-05-09
US_8519,Brianna Harris,BriannaHarris@gmail.com,7956568044,1979-06-11
US_8520,Maria Garcia,MariaGarcia@gmail.com,8833822761,2003-03-29
US_8521,Jill Bean,JillBean@gmail.com,9695300805,1968-02-19
US_8522,Eric Garcia,EricGarcia@gmail.com,9365268590,1963-09-08
US_8523,Diana Crawford,DianaCrawford@gmail.com,9393028316,1985-10-16
US_8524,James Taylor,JamesTaylor@gmail.com,8167813917,1967-11-21
US_8525,Benjamin Stanley,BenjaminStanley@gmail.com,9706936766,2006-04-23
US_8526,David Adams,DavidAdams@gmail.com,7831843344,1970-05-17
US_8527,Brent Lopez,BrentLopez@gmail.com,7718268756,1997-08-09
US_8529,Jordan Johns,JordanJohns@gmail.com,8124519065,1993-10-20
US_8530,Eddie Velez,EddieVelez@gmail.com,7699795549,2003-11-23
US_8531,Kenneth Esparza,KennethEsparza@gmail.com,9185807884,1992-01-25
US_8532,Karen Rodriguez,KarenRodriguez@gmail.com,9102660277,1984-06-01
US_8533,Patricia Bennett,PatriciaBennett@gmail.com,8319119166,2002-02-20
US_8534,Jacqueline Webb,JacquelineWebb@gmail.com,8061172369,1983-10-07
US_8535,Melissa Jones,MelissaJones@gmail.com,8954068509,1961-06-26
US_8536,Tyler Porter,TylerPorter@gmail.com,8995995321,1959-03-24
US_8537,Joshua Singleton,JoshuaSingleton@gmail.com,9392264629,1980-05-01
US_8538,Anthony Evans,AnthonyEvans@gmail.com,7213122762,1961-12-09
US_8539,Robin Walker,RobinWalker@gmail.com,7298556636,1975-04-17
US_8540,Ronald Martin,RonaldMartin@gmail.com,7377196784,1956-05-19
US_8541,Martha Flynn,MarthaFlynn@gmail.com,8279495639,1964-07-13
US_8543,Angela Johnson,AngelaJohnson@gmail.com,8797939813,1980-05-14
US_8544,Melinda Hall,MelindaHall@gmail.com,7438734240,1982-07-17
US_8545,Jasmine Buck,JasmineBuck@gmail.com,8954140812,1967-02-10
US_8546,Laura Sanford,LauraSanford@gmail.com,8318737892,1999-09-11
US_8547,Nicole Brewer,NicoleBrewer@gmail.com,7593078391,1996-03-16
US_8548,Carlos Olsen,CarlosOlsen@gmail.com,7387319706,2001-07-13
US_8549,Dr. Linda Fleming MD,Dr.Linda@gmail.com,7600971906,1985-02-13
US_8550,Scott Hansen,ScottHansen@gmail.com,7838615703,1999-03-18
US_8552,Julie Smith,JulieSmith@gmail.com,8520288758,1980-12-26
US_8553,Bruce Rivera,BruceRivera@gmail.com,7638066348,1987-11-27
US_8554,Kyle Walsh,KyleWalsh@gmail.com,8431475051,1958-09-19
US_8555,Charles Baxter,CharlesBaxter@gmail.com,7388685210,1981-10-31
US_8557,Jay Moss,JayMoss@gmail.com,7561783787,1985-03-11
US_8558,Krista Hicks,KristaHicks@gmail.com,7748347125,2000-12-18
US_8560,Tanya Hall,TanyaHall@gmail.com,9320317407,1986-02-23
US_8561,Isabel Hall,IsabelHall@gmail.com,8302627349,1993-07-28
US_8562,Elizabeth Fleming,ElizabethFleming@gmail.com,8571092216,1955-11-20
US_8563,Angela Russell,AngelaRussell@gmail.com,7764911346,1993-10-09
US_8564,Stephen Nguyen,StephenNguyen@gmail.com,8666878627,1983-07-13
US_8565,Eric Hull,EricHull@gmail.com,7990973364,1973-11-19
US_8566,Daniel Vaughn,DanielVaughn@gmail.com,9373843146,1981-01-17
US_8568,Anthony Morton,AnthonyMorton@gmail.com,7603865311,1999-10-06
US_8569,Thomas Sanchez,ThomasSanchez@gmail.com,8012121027,1971-07-02
US_8571,Michelle Knight,MichelleKnight@gmail.com,8791591207,2003-06-06
US_8572,Daniel Morton,DanielMorton@gmail.com,7655646897,1961-04-24
US_8573,Jordan Vasquez,JordanVasquez@gmail.com,7695802694,1981-04-26
US_8574,Scott Lyons Jr.,ScottLyons@gmail.com,7021550802,1984-12-02
US_8575,Jonathan Solomon,JonathanSolomon@gmail.com,7682107535,2001-10-06
US_8578,James Fernandez,JamesFernandez@gmail.com,7254952221,1954-07-21
US_8579,Mark Peters,MarkPeters@gmail.com,7089895725,1967-06-19
US_8581,Peter Chavez,PeterChavez@gmail.com,9879380213,1987-03-31
US_8582,Judith Glenn,JudithGlenn@gmail.com,8006227927,1964-08-03
US_8583,Antonio Hughes,AntonioHughes@gmail.com,9299869060,1987-05-04
US_8584,Frederick Finley,FrederickFinley@gmail.com,9384553359,1959-01-20
US_8585,Tara Lloyd,TaraLloyd@gmail.com,8639970351,1967-02-16
US_8586,Mark Wilkinson,MarkWilkinson@gmail.com,9810124161,1998-02-09
US_8587,Margaret Kennedy,MargaretKennedy@gmail.com,9284248766,2005-10-23
US_8589,Jennifer Poole,JenniferPoole@gmail.com,8291187384,1972-11-08
US_8590,Felicia Fischer,FeliciaFischer@gmail.com,9935929126,1965-05-26
US_8591,Dr. Zachary Peterson DDS,Dr.Zachary@gmail.com,7903128909,1977-05-31
US_8592,Douglas Ferguson,DouglasFerguson@gmail.com,9261128000,1996-04-18
US_8593,Eric Marks,EricMarks@gmail.com,9058562619,1978-03-24
US_8594,Robert Anthony,RobertAnthony@gmail.com,8806135160,1973-12-15
US_8595,Wanda Hughes,WandaHughes@gmail.com,9871087056,1975-02-21
US_8597,Kristopher Allison,KristopherAllison@gmail.com,7457461890,1955-07-02
US_8598,Heather Riley,HeatherRiley@gmail.com,8144323110,1966-10-13
US_8599,Rebekah Gutierrez,RebekahGutierrez@gmail.com,7342139907,1997-01-30
US_8600,Brian Webb,BrianWebb@gmail.com,8717459777,1958-09-24
US_8601,Kaitlyn Parker MD,KaitlynParker@gmail.com,9204789498,1987-11-01
US_8602,Patrick Barnes,PatrickBarnes@gmail.com,8172179492,1976-06-23
US_8603,Jorge Tyler,JorgeTyler@gmail.com,7892352410,1986-06-11
US_8605,George Harding,GeorgeHarding@gmail.com,8618994509,1996-02-18
US_8606,Olivia Carpenter,OliviaCarpenter@gmail.com,7175826681,1989-03-28
US_8607,Deanna Jennings,DeannaJennings@gmail.com,7098966559,1957-03-20
US_8608,Hannah Butler,HannahButler@gmail.com,8048985200,1996-07-17
US_8609,Jamie Lawrence,JamieLawrence@gmail.com,8107907167,1960-07-22
US_8610,Tammy Finley,TammyFinley@gmail.com,7680741904,1968-01-25
US_8611,Jennifer Robinson,JenniferRobinson@gmail.com,7944463500,2002-08-20
US_8612,Jason Kelley,JasonKelley@gmail.com,9586235536,2003-05-17
US_8613,Randall Ramos,RandallRamos@gmail.com,9570517850,1963-02-06
US_8614,Jesus Carlson,JesusCarlson@gmail.com,7474784914,2000-02-18
US_8615,Peter Harris,PeterHarris@gmail.com,8402439549,1979-07-17
US_8617,John White,JohnWhite@gmail.com,7775649677,1984-09-27
US_8618,Olivia Wallace,OliviaWallace@gmail.com,8386098275,1968-01-19
US_8619,Angela Potts,AngelaPotts@gmail.com,7473047738,1995-04-28
US_8620,Virginia Martinez,VirginiaMartinez@gmail.com,7242878890,1993-10-09
US_8622,Jennifer Rasmussen,JenniferRasmussen@gmail.com,8287303710,2006-09-17
US_8623,Carol Harris,CarolHarris@gmail.com,9950770453,1969-02-21
US_8624,Michael Parsons,MichaelParsons@gmail.com,7669576840,2001-08-08
US_8625,Charles Jensen,CharlesJensen@gmail.com,9530630864,1982-09-01
US_8626,Darlene Gray,DarleneGray@gmail.com,9892103364,1963-05-10
US_8627,Robin Preston,RobinPreston@gmail.com,9963418812,1998-07-23
US_8628,Tiffany Gray,TiffanyGray@gmail.com,9620381880,1970-06-14
US_8629,Mrs. Cristina Stark,Mrs.Cristina@gmail.com,8705898957,1992-05-02
US_8630,Gregg Anderson,GreggAnderson@gmail.com,8638432593,1960-12-15
US_8631,Joshua Myers,JoshuaMyers@gmail.com,7505154648,1976-03-07
US_8632,Linda Davis,LindaDavis@gmail.com,9093527578,1970-02-02
US_8633,Dana Baldwin,DanaBaldwin@gmail.com,7158046347,1989-07-21
US_8634,Richard Hensley,RichardHensley@gmail.com,9485403850,1968-04-25
US_8635,Joseph Clayton,JosephClayton@gmail.com,9257996260,1964-09-23
US_8636,Joseph Chan,JosephChan@gmail.com,9796156971,1957-05-04
US_8637,Brian Nixon,BrianNixon@gmail.com,7314747556,1986-01-25
US_8638,Pamela Meyer,PamelaMeyer@gmail.com,7270683380,1992-03-04
US_8639,Christopher Bell,ChristopherBell@gmail.com,9347966439,1995-11-04
US_8640,Charles Pham,CharlesPham@gmail.com,8871795140,1965-06-20
US_8641,William Ortiz,WilliamOrtiz@gmail.com,8023758131,1987-10-13
US_8642,Tracy Diaz PhD,TracyDiaz@gmail.com,7609547296,1982-09-01
US_8643,Scott Bean,ScottBean@gmail.com,7273575055,1969-11-29
US_8644,Marcia Griffin,MarciaGriffin@gmail.com,7460957870,2001-02-28
US_8647,Benjamin Castillo,BenjaminCastillo@gmail.com,8802966057,1997-11-14
US_8648,Anna Novak,AnnaNovak@gmail.com,8432384512,1968-10-03
US_8649,Kristin Brandt,KristinBrandt@gmail.com,9864193736,1954-10-17
US_8650,Tiffany Rowe,TiffanyRowe@gmail.com,8258742714,1961-11-26
US_8651,Kimberly Kennedy,KimberlyKennedy@gmail.com,7052324452,1990-07-27
US_8652,Karen Gillespie,KarenGillespie@gmail.com,7762106547,1993-05-19
US_8653,Christina Salinas,ChristinaSalinas@gmail.com,9428185762,1995-10-19
US_8654,Robert Shaffer,RobertShaffer@gmail.com,8015090906,1991-04-20
US_8655,Rebecca Thompson,RebeccaThompson@gmail.com,7097220558,1963-09-27
US_8656,Kara Estrada,KaraEstrada@gmail.com,7682192637,1981-07-29
US_8657,Eric Simmons,EricSimmons@gmail.com,7161419855,2001-09-05
US_8658,Philip Weaver,PhilipWeaver@gmail.com,7927883374,2006-04-13
US_8659,Kaitlin Smith,KaitlinSmith@gmail.com,8278449064,1980-11-09
US_8660,Andrew Rose,AndrewRose@gmail.com,8003423392,1963-03-09
US_8661,Michael Hernandez,MichaelHernandez@gmail.com,9927855062,1998-07-09
US_8663,April Cummings,AprilCummings@gmail.com,7554267117,1997-03-12
US_8664,Edward Valentine Jr.,EdwardValentine@gmail.com,8696617681,1983-11-04
US_8665,Jonathan Taylor,JonathanTaylor@gmail.com,8966959557,1992-08-06
US_8666,Andrea Oneill,AndreaOneill@gmail.com,7570414829,1967-06-30
US_8667,Jason Baxter,JasonBaxter@gmail.com,8568301603,1983-04-17
US_8668,Patrick Chan,PatrickChan@gmail.com,9041186270,1999-12-10
US_8669,Jared Becker,JaredBecker@gmail.com,8351970796,1976-09-25
US_8670,Donald Bryan,DonaldBryan@gmail.com,7785114463,1993-06-21
US_8672,Pamela Carter,PamelaCarter@gmail.com,9345755005,1982-09-19
US_8673,Teresa Lopez,TeresaLopez@gmail.com,7469622978,1995-12-11
US_8674,Walter Romero,WalterRomero@gmail.com,8469553296,1999-11-03
US_8675,Steven Barker II,StevenBarker@gmail.com,9976219219,2000-10-13
US_8676,Maria Simmons,MariaSimmons@gmail.com,9140887479,2005-10-30
US_8677,Sharon Rogers,SharonRogers@gmail.com,8125433689,2003-02-01
US_8678,Brittany Taylor,BrittanyTaylor@gmail.com,7660562240,1975-02-13
US_8679,Mr. Matthew Peterson,Mr.Matthew@gmail.com,7890308250,1984-06-28
US_8680,Lisa Stevens,LisaStevens@gmail.com,9994330580,2003-12-26
US_8682,Lee Boone,LeeBoone@gmail.com,8993907423,1959-05-15
US_8683,Mr. Luis Bell,Mr.Luis@gmail.com,8647292579,1991-08-26
US_8684,Amber Allison,AmberAllison@gmail.com,8001638960,1990-04-30
US_8685,Nathaniel Gomez,NathanielGomez@gmail.com,7279241547,1980-03-17
US_8686,Michael Montes,MichaelMontes@gmail.com,8307181939,1962-02-23
US_8687,Aaron Adams,AaronAdams@gmail.com,9738855038,1969-11-29
US_8688,Christina Woods,ChristinaWoods@gmail.com,9527042429,1963-09-09
US_8689,Christopher Blankenship,ChristopherBlankenship@gmail.com,9082935926,1971-04-02
US_8690,Vincent Welch,VincentWelch@gmail.com,9044962512,1996-05-24
US_8691,Frank Martinez,FrankMartinez@gmail.com,8109541611,1990-08-25
US_8692,Daniel Munoz,DanielMunoz@gmail.com,8830201405,1964-01-07
US_8693,Douglas Martin,DouglasMartin@gmail.com,9756559794,1998-01-21
US_8694,Richard Cook,RichardCook@gmail.com,9749396473,1976-08-03
US_8695,Elizabeth Villarreal,ElizabethVillarreal@gmail.com,9395563757,1998-04-25
US_8696,Tracey Melendez MD,TraceyMelendez@gmail.com,9142301306,1981-05-17
US_8697,Samantha Aguilar,SamanthaAguilar@gmail.com,8507681425,1993-03-08
US_8698,Carlos Burke,CarlosBurke@gmail.com,8352516417,1966-05-18
US_8699,Kimberly Steele,KimberlySteele@gmail.com,7784847820,1962-04-17
US_8701,Suzanne Luna,SuzanneLuna@gmail.com,8638441055,1985-10-07
US_8702,Thomas Hamilton,ThomasHamilton@gmail.com,9337174788,1972-08-12
US_8703,Karen Macias,KarenMacias@gmail.com,7058851899,1973-11-07
US_8704,Corey Torres,CoreyTorres@gmail.com,9223201604,1955-02-11
US_8705,Grace Torres,GraceTorres@gmail.com,8162026991,2004-09-19
US_8706,Kelly Martin,KellyMartin@gmail.com,8984563374,2001-04-12
US_8707,Jamie Woods,JamieWoods@gmail.com,7880999362,2006-05-14
US_8708,Jared Dawson,JaredDawson@gmail.com,7818995816,1976-12-28
US_8709,Steven Delacruz,StevenDelacruz@gmail.com,7965547739,1971-04-16
US_8710,Sandy Austin,SandyAustin@gmail.com,9646899962,1972-08-27
US_8711,Pamela Perez,PamelaPerez@gmail.com,7999982946,1960-06-26
US_8712,Maria Davidson,MariaDavidson@gmail.com,7879892136,1985-04-03
US_8713,John Lin,JohnLin@gmail.com,8388935427,1986-12-05
US_8714,Lori Le,LoriLe@gmail.com,7634139272,1988-02-22
US_8715,Alexandra Jones,AlexandraJones@gmail.com,9707605662,1963-02-04
US_8716,Karen Woods,KarenWoods@gmail.com,9279595857,1961-04-20
US_8717,Shawn Sullivan,ShawnSullivan@gmail.com,8331772903,1981-10-26
US_8718,Tracy Whitaker,TracyWhitaker@gmail.com,8689832867,1995-07-27
US_8719,Dennis Moore,DennisMoore@gmail.com,8820819771,1989-09-10
US_8720,Jason Greene,JasonGreene@gmail.com,7500034274,1961-01-26
US_8721,Philip Robbins,PhilipRobbins@gmail.com,8597442500,1954-05-23
US_8722,Ronald Villegas,RonaldVillegas@gmail.com,9921953049,2004-12-31
US_8724,Tony Wilson,TonyWilson@gmail.com,7245988691,2006-11-08
US_8725,Robert Foster,RobertFoster@gmail.com,9942688194,1961-10-12
US_8726,Deanna Choi,DeannaChoi@gmail.com,7587385997,1969-09-12
US_8727,Kenneth French,KennethFrench@gmail.com,7729337610,1992-01-08
US_8728,Madison Boyd,MadisonBoyd@gmail.com,8305093291,2000-05-22
US_8729,Leroy Walker,LeroyWalker@gmail.com,7577240388,1983-11-20
US_8730,Lisa Mercer,LisaMercer@gmail.com,8465917779,1974-06-13
US_8732,Marcia Flowers,MarciaFlowers@gmail.com,8943369761,1959-04-09
US_8733,Maria Morris,MariaMorris@gmail.com,9452997689,1958-03-10
US_8734,Jason Steele,JasonSteele@gmail.com,7250270748,1998-01-08
US_8737,Jeffrey Durham,JeffreyDurham@gmail.com,9759635212,1986-06-30
US_8738,Julie Chan,JulieChan@gmail.com,8100571926,1976-02-02
US_8739,Adam Cortez,AdamCortez@gmail.com,9886198444,2006-04-14
US_8740,Justin Andrews,JustinAndrews@gmail.com,8957679123,1955-11-30
US_8741,Makayla Reynolds,MakaylaReynolds@gmail.com,9435769288,1989-08-11
US_8742,Jennifer Hancock,JenniferHancock@gmail.com,7185318007,1964-02-22
US_8743,Elizabeth Hayes,ElizabethHayes@gmail.com,9593635317,1983-03-25
US_8744,Ryan Thornton MD,RyanThornton@gmail.com,8532214841,1962-10-17
US_8745,Amy Morse,AmyMorse@gmail.com,7799207373,1997-08-10
US_8746,David Morales,DavidMorales@gmail.com,8222879668,1988-03-12
US_8747,Charles Thornton Jr.,CharlesThornton@gmail.com,8789753617,1961-05-17
US_8748,Trevor Shepherd,TrevorShepherd@gmail.com,9726016872,1977-12-21
US_8749,Kenneth Howell,KennethHowell@gmail.com,8041557918,1958-11-21
US_8750,David Andrews,DavidAndrews@gmail.com,9162018678,1998-05-25
US_8751,Destiny Nash,DestinyNash@gmail.com,7073090500,1997-10-26
US_8752,Megan Grimes,MeganGrimes@gmail.com,7859751012,2001-06-10
US_8753,Melissa Thompson,MelissaThompson@gmail.com,9542913889,1965-07-14
US_8754,Michael Cook,MichaelCook@gmail.com,8157065000,2003-05-05
US_8755,Ronald Mckenzie,RonaldMckenzie@gmail.com,9996235064,1997-09-26
US_8758,Amber Odom,AmberOdom@gmail.com,8454015487,1987-10-04
US_8759,Brian White,BrianWhite@gmail.com,8245891170,1956-01-18
US_8762,Brooke Allen,BrookeAllen@gmail.com,9855833552,1992-06-25
US_8763,Frederick Jones,FrederickJones@gmail.com,8064452371,1996-10-01
US_8764,David Anderson,DavidAnderson@gmail.com,7483821716,1995-05-29
US_8765,Allen Erickson,AllenErickson@gmail.com,9463093545,1978-03-03
US_8766,Herbert Ferguson,HerbertFerguson@gmail.com,7243783181,1989-11-01
US_8767,Dr. Tyler Adams DVM,Dr.Tyler@gmail.com,7511024224,1999-06-15
US_8768,Christian Woodard,ChristianWoodard@gmail.com,8024727186,1975-01-07
US_8769,Megan Shah,MeganShah@gmail.com,8904631998,1986-02-09
US_8770,Benjamin Wheeler,BenjaminWheeler@gmail.com,8926931153,1991-03-18
US_8771,Robert Foley,RobertFoley@gmail.com,8197789828,2002-10-07
US_8772,David Owen,DavidOwen@gmail.com,8642177547,1982-10-02
US_8773,John Black,JohnBlack@gmail.com,8444626813,1961-11-19
US_8774,Sarah Short,SarahShort@gmail.com,9020510251,1965-06-14
US_8775,Stacey Berger,StaceyBerger@gmail.com,8182533644,1972-08-31
US_8776,Patrick Daniel,PatrickDaniel@gmail.com,8728438568,1994-11-25
US_8777,Tyler Huynh,TylerHuynh@gmail.com,9191922958,1969-10-15
US_8778,Lisa Baxter,LisaBaxter@gmail.com,8388462708,1977-04-18
US_8779,Michael Garrison,MichaelGarrison@gmail.com,9205491074,1965-09-23
US_8780,Jon Martinez,JonMartinez@gmail.com,9271698290,1957-05-03
US_8781,Jessica Hall,JessicaHall@gmail.com,9775409302,1956-10-04
US_8782,Lynn Anderson,LynnAnderson@gmail.com,7251934912,1988-07-08
US_8783,David Larsen,DavidLarsen@gmail.com,9818505287,1994-12-23
US_8784,Patrick Anderson,PatrickAnderson@gmail.com,9828671745,1968-02-22
US_8785,Megan Salas,MeganSalas@gmail.com,8740001879,1981-07-26
US_8786,Stephanie Moran,StephanieMoran@gmail.com,8045544580,2006-08-02
US_8787,Carlos Sawyer,CarlosSawyer@gmail.com,8105497629,1985-04-15
US_8789,Christian Edwards,ChristianEdwards@gmail.com,8306638614,1967-01-12
US_8790,Janice Stokes,JaniceStokes@gmail.com,8290991839,2001-06-09
US_8792,Elizabeth Jennings,ElizabethJennings@gmail.com,8308629780,2006-12-06
US_8793,Jenny Durham,JennyDurham@gmail.com,8224009696,1981-05-01
US_8794,Natasha Watkins,NatashaWatkins@gmail.com,8933975084,1961-03-18
US_8795,Blake Mitchell,BlakeMitchell@gmail.com,8018309459,1964-09-04
US_8796,Morgan Atkinson,MorganAtkinson@gmail.com,9558369446,1965-09-25
US_8797,Lindsay Washington,LindsayWashington@gmail.com,8273766545,1975-02-10
US_8798,Kathryn Garcia,KathrynGarcia@gmail.com,7665135154,1958-12-12
US_8799,Amanda Lloyd,AmandaLloyd@gmail.com,8267914023,1991-11-20
US_8800,Mary Cruz,MaryCruz@gmail.com,9966387540,1987-07-12
US_8802,Michelle Gross,MichelleGross@gmail.com,9803245596,1977-06-27
US_8803,Robert Gomez,RobertGomez@gmail.com,7712933766,1974-10-03
US_8804,Kyle Kaiser,KyleKaiser@gmail.com,7996414524,2004-07-12
US_8805,Mary Reyes,MaryReyes@gmail.com,8493641842,1987-04-18
US_8806,Olivia Herrera MD,OliviaHerrera@gmail.com,7283276530,1956-10-08
US_8808,Michelle Moore,MichelleMoore@gmail.com,7451897913,1962-02-11
US_8809,Mark Spencer,MarkSpencer@gmail.com,7722283044,1982-09-30
US_8810,Terri Roberts,TerriRoberts@gmail.com,9102920199,1994-05-29
US_8811,Corey Clark,CoreyClark@gmail.com,7165957564,1991-09-03
US_8812,Albert Black,AlbertBlack@gmail.com,7641365733,1970-06-17
US_8814,Amber Ross,AmberRoss@gmail.com,7073923018,1987-04-14
US_8815,Stephen Wolf,StephenWolf@gmail.com,8631164036,1974-11-13
US_8816,Virginia Watson,VirginiaWatson@gmail.com,9342411268,1965-10-24
US_8817,Hannah Campbell,HannahCampbell@gmail.com,8143459214,1993-11-06
US_8818,Jennifer Snow,JenniferSnow@gmail.com,9708006373,1993-06-15
US_8819,John Elliott,JohnElliott@gmail.com,8127453429,1962-08-22
US_8820,Jamie Robertson,JamieRobertson@gmail.com,7820628986,1967-06-24
US_8821,Jaime Oneill,JaimeOneill@gmail.com,8805009034,1983-05-15
US_8823,Hector Williams,HectorWilliams@gmail.com,7147351048,1963-08-13
US_8824,Rebecca Nicholson,RebeccaNicholson@gmail.com,9807306227,1984-11-12
US_8825,Eric Howe,EricHowe@gmail.com,8303681561,1983-08-27
US_8826,Anthony Garrett,AnthonyGarrett@gmail.com,8679477953,1987-05-08
US_8828,Brandy Moreno,BrandyMoreno@gmail.com,9287712161,1996-10-13
US_8829,Jessica Chang,JessicaChang@gmail.com,9836603876,1960-08-04
US_8830,Randy Warner,RandyWarner@gmail.com,9944562944,2003-08-20
US_8832,Justin Rodriguez DDS,JustinRodriguez@gmail.com,8979292253,2002-08-03
US_8834,Mr. Samuel Thomas,Mr.Samuel@gmail.com,8825563364,1963-08-10
US_8835,Brenda Brooks,BrendaBrooks@gmail.com,7193465845,1964-08-05
US_8836,Gabrielle Johnson,GabrielleJohnson@gmail.com,8096162153,1978-08-05
US_8837,Glenn Lawrence,GlennLawrence@gmail.com,8848939836,1958-11-11
US_8838,Wyatt Cortez,WyattCortez@gmail.com,8958473388,1977-08-05
US_8839,Laurie Pierce,LauriePierce@gmail.com,9005312279,1986-05-20
US_8840,Ryan Morales,RyanMorales@gmail.com,8832112435,1975-09-17
US_8842,Brent Lewis,BrentLewis@gmail.com,7126694308,1976-12-03
US_8843,Ricky Campbell,RickyCampbell@gmail.com,9001720587,1996-11-18
US_8844,Patricia Brown,PatriciaBrown@gmail.com,9963746366,1973-05-31
US_8845,Bobby Walker,BobbyWalker@gmail.com,8456375747,1980-06-13
US_8846,Eric Giles,EricGiles@gmail.com,8944627745,1976-04-04
US_8848,Keith Nixon,KeithNixon@gmail.com,9095126982,1976-07-07
US_8849,William Gutierrez,WilliamGutierrez@gmail.com,9089369684,1985-10-18
US_8851,Brett Obrien,BrettObrien@gmail.com,8366258498,1956-11-07
US_8852,Charles Moore,CharlesMoore@gmail.com,8922005566,1957-09-26
US_8853,Lynn Brown,LynnBrown@gmail.com,8611357154,1973-06-14
US_8855,Donna Watson,DonnaWatson@gmail.com,8219187543,1978-01-09
US_8856,Jocelyn Charles,JocelynCharles@gmail.com,8188038808,1966-01-05
US_8857,Cathy Miller,CathyMiller@gmail.com,7733880773,1975-05-16
US_8859,Thomas Rosales,ThomasRosales@gmail.com,7983955372,2004-01-19
US_8860,Scott Khan,ScottKhan@gmail.com,9386433481,1955-02-06
US_8861,Benjamin Powell,BenjaminPowell@gmail.com,7241146692,1996-01-14
US_8862,Joshua Wilson,JoshuaWilson@gmail.com,8599688726,1981-09-15
US_8863,Kent Freeman,KentFreeman@gmail.com,7453043940,1975-09-09
US_8864,Patricia Tucker,PatriciaTucker@gmail.com,8615810016,1978-06-26
US_8865,Lauren James,LaurenJames@gmail.com,8230413524,1959-03-29
US_8866,Bradley Taylor,BradleyTaylor@gmail.com,7529872853,2000-04-01
US_8867,Frank Arnold,FrankArnold@gmail.com,9783396204,1981-11-22
US_8868,Shannon Turner,ShannonTurner@gmail.com,8634889553,1997-07-02
US_8869,Charles Lloyd,CharlesLloyd@gmail.com,7159804138,1981-07-17
US_8870,Justin King,JustinKing@gmail.com,9836533631,1977-02-22
US_8871,Jenna Ramsey,JennaRamsey@gmail.com,9430099054,1998-04-02
US_8872,Joel Murray,JoelMurray@gmail.com,8490705141,1956-02-14
US_8873,Andrew Hahn,AndrewHahn@gmail.com,7935399949,1986-07-23
US_8874,Shelby Gentry,ShelbyGentry@gmail.com,8012701692,1955-03-26
US_8876,Robin Mora,RobinMora@gmail.com,7844870657,1992-01-07
US_8877,Lindsey Wright,LindseyWright@gmail.com,9997443318,1994-04-28
US_8878,Abigail Miller,AbigailMiller@gmail.com,9225206929,1958-08-22
US_8879,Timothy French,TimothyFrench@gmail.com,9944624932,1973-06-09
US_8880,Laura Garner,LauraGarner@gmail.com,9522276295,1993-06-17
US_8881,Robin Brock,RobinBrock@gmail.com,7227740542,1996-04-10
US_8882,Morgan Boone,MorganBoone@gmail.com,8380899235,1969-12-12
US_8883,Matthew Greene,MatthewGreene@gmail.com,8486522032,1997-04-26
US_8884,Molly Ortiz,MollyOrtiz@gmail.com,9089933452,1965-03-13
US_8885,Paula Roberts,PaulaRoberts@gmail.com,8442775733,1975-04-25
US_8886,Connie Miller,ConnieMiller@gmail.com,7022017933,1971-03-28
US_8887,Perry Black,PerryBlack@gmail.com,9388770374,1990-11-30
US_8888,Scott Bond,ScottBond@gmail.com,9643878778,1997-02-07
US_8889,Emily Rush,EmilyRush@gmail.com,7299659561,1990-05-30
US_8890,Brady Padilla,BradyPadilla@gmail.com,7089829892,2006-07-21
US_8891,Mark Wallace,MarkWallace@gmail.com,8726251811,1972-06-15
US_8892,April Collins,AprilCollins@gmail.com,9346611239,1990-03-03
US_8893,Isaac Smith,IsaacSmith@gmail.com,9607495443,1954-06-30
US_8894,Rebecca Roman,RebeccaRoman@gmail.com,9255754849,1954-05-20
US_8895,Jody Phillips,JodyPhillips@gmail.com,7054707032,1954-11-02
US_8896,Judy Lewis,JudyLewis@gmail.com,7104392245,1954-05-12
US_8897,Brian Pacheco,BrianPacheco@gmail.com,7870901094,1986-05-26
US_8898,Thomas Nelson,ThomasNelson@gmail.com,8047688155,1999-05-17
US_8899,Travis Hernandez,TravisHernandez@gmail.com,7793173165,1993-03-26
US_8900,William Greene,WilliamGreene@gmail.com,8143437355,1983-07-26
US_8901,Jordan Adams,JordanAdams@gmail.com,8764095240,1964-01-25
US_8902,Scott Pineda,ScottPineda@gmail.com,9369913070,1975-05-05
US_8903,Luke Carpenter,LukeCarpenter@gmail.com,8527570047,1976-03-23
US_8904,Kelly Smith,KellySmith@gmail.com,8016726603,1957-06-19
US_8905,Danielle Rodriguez,DanielleRodriguez@gmail.com,9266093930,1955-02-09
US_8906,Paul Duarte,PaulDuarte@gmail.com,9317875765,1995-12-12
US_8907,Cody Mccoy,CodyMccoy@gmail.com,9579049261,1971-08-21
US_8908,Andrea Bass,AndreaBass@gmail.com,9122705588,2003-03-28
US_8909,Christopher Blake,ChristopherBlake@gmail.com,8006407295,1980-06-13
US_8911,Amber Burns,AmberBurns@gmail.com,7262432449,1993-05-17
US_8912,Dana Jennings,DanaJennings@gmail.com,9830535612,1975-05-03
US_8913,Alexander Ferguson,AlexanderFerguson@gmail.com,7678414082,1978-12-30
US_8914,Gary Russell,GaryRussell@gmail.com,9087648099,1970-07-11
US_8915,Frank Foster,FrankFoster@gmail.com,7508858537,1971-11-07
US_8916,Dylan Brown,DylanBrown@gmail.com,8029406695,1972-07-03
US_8917,Trevor Ross,TrevorRoss@gmail.com,7717220612,1958-04-22
US_8918,Sherri Gray,SherriGray@gmail.com,7425755238,1961-09-19
US_8919,Lauren Stone,LaurenStone@gmail.com,9514153763,1973-10-30
US_8921,Matthew Sullivan,MatthewSullivan@gmail.com,9032570582,1986-12-15
US_8922,William Morse,WilliamMorse@gmail.com,8362208824,1994-08-26
US_8923,John Molina,JohnMolina@gmail.com,8194329652,1990-06-12
US_8924,Travis Hubbard,TravisHubbard@gmail.com,7351427783,1986-04-14
US_8925,John Andrews,JohnAndrews@gmail.com,7182063000,1957-02-20
US_8926,Craig Harris,CraigHarris@gmail.com,7544133465,1981-06-22
US_8927,Amanda Rose MD,AmandaRose@gmail.com,8457892745,1983-09-19
US_8928,Jessica Berry,JessicaBerry@gmail.com,9336007906,1977-11-07
US_8929,Sandra Haney,SandraHaney@gmail.com,9239152473,1976-07-06
US_8930,Alexander Weeks,AlexanderWeeks@gmail.com,7028364171,2007-01-27
US_8931,Edward Duffy,EdwardDuffy@gmail.com,9435549803,1999-07-15
US_8932,Felicia Vargas,FeliciaVargas@gmail.com,9822963255,1965-07-22
US_8933,Darren Hall,DarrenHall@gmail.com,8978594995,1991-07-07
US_8934,Elizabeth Cunningham,ElizabethCunningham@gmail.com,7030457864,1999-12-21
US_8935,Michael Peterson,MichaelPeterson@gmail.com,7338094876,1976-02-03
US_8936,Crystal Duke,CrystalDuke@gmail.com,8457021987,1965-12-02
US_8937,Michael Cardenas,MichaelCardenas@gmail.com,9986640286,1985-09-13
US_8938,Heather Meadows,HeatherMeadows@gmail.com,9900048655,1965-03-17
US_8940,Laurie White,LaurieWhite@gmail.com,8627315057,1992-03-28
US_8941,Veronica Lewis,VeronicaLewis@gmail.com,9749695112,1969-01-18
US_8942,Brian Singh,BrianSingh@gmail.com,8983210970,1964-06-28
US_8943,Ronald Young,RonaldYoung@gmail.com,9009908207,2006-04-22
US_8944,Cindy Bradley MD,CindyBradley@gmail.com,7786483052,1976-10-04
US_8946,Nathan Hickman Jr.,NathanHickman@gmail.com,7671235951,2005-08-04
US_8947,Kristin Bailey,KristinBailey@gmail.com,7579623595,1959-02-02
US_8948,Shannon Booker,ShannonBooker@gmail.com,9578219414,2006-11-01
US_8949,Marc Glenn,MarcGlenn@gmail.com,8528237632,1977-12-21
US_8950,Jasmine Chavez,JasmineChavez@gmail.com,7977351836,1967-11-26
US_8951,Michael Ritter,MichaelRitter@gmail.com,9149318808,1959-04-21
US_8952,Denise Gonzalez,DeniseGonzalez@gmail.com,7497089820,1975-11-03
US_8953,Phillip Lowery,PhillipLowery@gmail.com,8400226176,1954-06-16
US_8954,Timothy Jordan,TimothyJordan@gmail.com,9963701922,1995-08-27
US_8955,Justin Garcia,JustinGarcia@gmail.com,9094807721,1972-01-27
US_8956,Samantha Ford,SamanthaFord@gmail.com,9927497691,1998-10-31
US_8957,Stanley Martinez,StanleyMartinez@gmail.com,8438363607,2000-09-27
US_8958,Alexander Terry,AlexanderTerry@gmail.com,8168230625,1991-02-20
US_8959,Lisa Michael,LisaMichael@gmail.com,9823251486,1958-09-09
US_8960,Dennis Turner,DennisTurner@gmail.com,9688887626,1984-03-07
US_8961,Kevin Benson,KevinBenson@gmail.com,9559621191,1969-03-31
US_8962,Brian Phillips,BrianPhillips@gmail.com,8251827556,1993-10-01
US_8963,Maria Ward,MariaWard@gmail.com,7785204146,1967-11-21
US_8964,Shane Greene,ShaneGreene@gmail.com,7074127872,1960-03-23
US_8965,Matthew Alvarez,MatthewAlvarez@gmail.com,9412911669,1962-12-23
US_8966,Annette Weaver,AnnetteWeaver@gmail.com,8482650033,1962-06-04
US_8967,Troy Aguilar,TroyAguilar@gmail.com,7341033811,1954-06-11
US_8968,Frank Munoz,FrankMunoz@gmail.com,8718219106,1993-09-22
US_8969,Amy Johnson,AmyJohnson@gmail.com,9695191377,1957-12-21
US_8970,Jean Brown,JeanBrown@gmail.com,7027138154,1967-11-15
US_8971,Bobby Mullen,BobbyMullen@gmail.com,9347291092,1955-09-14
US_8972,Mary Brady,MaryBrady@gmail.com,9328079112,1971-07-03
US_8973,Gabriel Jones,GabrielJones@gmail.com,8768361215,2002-05-13
US_8974,Kevin Lee,KevinLee@gmail.com,9174397602,2002-11-09
US_8975,David Wise,DavidWise@gmail.com,7899420178,1995-07-16
US_8976,Kayla Taylor,KaylaTaylor@gmail.com,7123078012,1975-12-15
US_8978,Kayla Rios,KaylaRios@gmail.com,8598814676,1997-09-06
US_8979,Scott Wade,ScottWade@gmail.com,8239449919,1954-05-09
US_8981,Tiffany Gentry,TiffanyGentry@gmail.com,9691926778,1981-06-18
US_8982,Sarah Woods,SarahWoods@gmail.com,7411299278,1959-07-29
US_8983,Timothy Jones,TimothyJones@gmail.com,9467752781,1997-04-30
US_8984,Dennis Martinez,DennisMartinez@gmail.com,9409888707,1975-11-15
US_8985,Terry Owens,TerryOwens@gmail.com,7210030794,1964-06-09
US_8986,Lori Gutierrez,LoriGutierrez@gmail.com,9068074618,1975-09-17
US_8987,Heidi Stewart,HeidiStewart@gmail.com,9614740539,1984-08-05
US_8988,Larry Martinez,LarryMartinez@gmail.com,9498973814,1990-01-26
US_8989,William Payne,WilliamPayne@gmail.com,8004347071,1975-03-23
US_8990,Alisha Lewis,AlishaLewis@gmail.com,8098701568,1981-07-19
US_8991,Nicholas Sanders,NicholasSanders@gmail.com,8172576783,1977-08-05
US_8992,John Brown,JohnBrown@gmail.com,8475219022,1959-04-03
US_8993,Vanessa Walker,VanessaWalker@gmail.com,7718107513,1961-11-28
US_8994,Colton Green,ColtonGreen@gmail.com,7995118369,1999-02-28
US_8995,Mark Lawson,MarkLawson@gmail.com,8311074181,2006-02-07
US_8996,Collin Gentry,CollinGentry@gmail.com,9327527893,1954-05-24
US_8997,Andrea Abbott,AndreaAbbott@gmail.com,7402647796,1977-07-19
US_8998,Adrian Sanchez,AdrianSanchez@gmail.com,9090230887,1965-09-23
US_8999,Kenneth Jones,KennethJones@gmail.com,7071043187,1980-10-19
US_9000,Crystal White,CrystalWhite@gmail.com,9895484568,1979-12-14
US_9001,Richard Ferguson,RichardFerguson@gmail.com,7986549312,1990-01-14
US_9002,Madison Morales,MadisonMorales@gmail.com,9880670636,1996-07-16
US_9003,Brian James,BrianJames@gmail.com,8395517199,1963-10-15
US_9004,Julia Green,JuliaGreen@gmail.com,9133968447,1980-08-20
US_9005,Latoya Singleton,LatoyaSingleton@gmail.com,7231020315,1968-06-02
US_9006,Cody Lopez,CodyLopez@gmail.com,9129319010,1985-02-27
US_9007,Pamela Scott,PamelaScott@gmail.com,7148621796,1967-07-09
US_9008,Diana Ali,DianaAli@gmail.com,7914600542,1983-12-19
US_9009,Nicole Patterson,NicolePatterson@gmail.com,7821228832,1956-10-15
US_9010,Kimberly Hunter,KimberlyHunter@gmail.com,9755780546,1971-11-06
US_9011,Stacey Jones,StaceyJones@gmail.com,8707234743,1972-05-19
US_9013,Larry Stone,LarryStone@gmail.com,7057129055,1956-04-28
US_9014,Jonathan Miller,JonathanMiller@gmail.com,9563113955,1995-06-30
US_9015,Michael Wheeler,MichaelWheeler@gmail.com,8029812033,1965-09-22
US_9016,Melissa Wise,MelissaWise@gmail.com,7400049235,2001-01-12
US_9017,Melissa Jackson,MelissaJackson@gmail.com,8957857615,1980-09-17
US_9018,Mr. Leonard Jackson,Mr.Leonard@gmail.com,8448729944,1980-08-07
US_9020,Deborah Price,DeborahPrice@gmail.com,7535230516,1958-04-19
US_9022,Tracy Foster,TracyFoster@gmail.com,9928066326,1967-06-07
US_9023,Charles Nguyen,CharlesNguyen@gmail.com,8606027982,1976-09-21
US_9025,Haley Harvey,HaleyHarvey@gmail.com,7064281560,1996-08-22
US_9026,Katherine Hammond,KatherineHammond@gmail.com,9683890200,1956-09-14
US_9027,Tracy Hogan,TracyHogan@gmail.com,7434844986,1987-01-06
US_9028,Ronald Davila,RonaldDavila@gmail.com,8309930862,1971-04-10
US_9030,Maria Thomas,MariaThomas@gmail.com,9254757953,1991-07-26
US_9031,Debra Miller,DebraMiller@gmail.com,7415035920,1976-09-04
US_9032,Michael Huerta,MichaelHuerta@gmail.com,9593711316,1974-09-29
US_9033,Joy Robinson,JoyRobinson@gmail.com,7007698878,1976-04-09
US_9034,Brittany Kelly,BrittanyKelly@gmail.com,9758623413,1971-05-11
US_9035,Julie Jordan,JulieJordan@gmail.com,9498270483,1977-04-24
US_9036,Jacob Peters,JacobPeters@gmail.com,7392851103,1999-05-04
US_9037,Caitlyn Clark,CaitlynClark@gmail.com,8782243317,1998-10-08
US_9038,Kimberly Ward,KimberlyWard@gmail.com,9672925433,1972-08-08
US_9039,Amanda Gould,AmandaGould@gmail.com,9327100915,1990-12-07
US_9040,Laura Martin,LauraMartin@gmail.com,7356737945,2000-11-06
US_9042,Tyrone Roberson,TyroneRoberson@gmail.com,8490873458,1989-01-21
US_9043,Brian Barron,BrianBarron@gmail.com,8432833502,1962-02-24
US_9045,Jeremy Moran,JeremyMoran@gmail.com,7371662716,2004-02-21
US_9046,Dr. Donna Bailey,Dr.Donna@gmail.com,8084409037,1975-11-23
US_9048,Sarah Pierce,SarahPierce@gmail.com,7643367371,1963-07-02
US_9049,John Gallegos,JohnGallegos@gmail.com,8365071174,1972-04-01
US_9051,Jessica Barron,JessicaBarron@gmail.com,8173501662,2001-10-21
US_9052,Erika Moore,ErikaMoore@gmail.com,9912709034,1965-04-14
US_9053,Erin Rivera,ErinRivera@gmail.com,9881397795,1965-03-27
US_9054,Alicia Krueger,AliciaKrueger@gmail.com,7084470301,1983-04-10
US_9057,Jeffrey Thompson,JeffreyThompson@gmail.com,8169995703,1964-01-29
US_9058,Alexandria Barnes,AlexandriaBarnes@gmail.com,7922331356,1983-09-05
US_9059,Brandy Allen MD,BrandyAllen@gmail.com,9482523570,2005-05-22
US_9061,Mckenzie Vega,MckenzieVega@gmail.com,9706639994,1969-07-24
US_9062,Margaret Gonzalez,MargaretGonzalez@gmail.com,7743156749,1982-07-25
US_9063,Robert Andrews,RobertAndrews@gmail.com,9067957550,1994-11-24
US_9064,Dr. Brenda Frye,Dr.Brenda@gmail.com,9587454702,1999-02-27
US_9065,Larry Pitts,LarryPitts@gmail.com,7740588776,1964-04-15
US_9066,Connie Henderson,ConnieHenderson@gmail.com,9635430138,1999-04-17
US_9067,Jessica Cruz,JessicaCruz@gmail.com,8660951732,1960-05-19
US_9068,Monica Torres,MonicaTorres@gmail.com,8087261751,1984-06-28
US_9069,Scott King,ScottKing@gmail.com,8599700301,1970-08-01
US_9070,David Hahn,DavidHahn@gmail.com,7597044279,1960-08-16
US_9071,Jeffrey Baker,JeffreyBaker@gmail.com,7313769219,2002-12-24
US_9072,Andre Payne,AndrePayne@gmail.com,9850414120,1994-04-07
US_9073,Nicholas Tran,NicholasTran@gmail.com,9839919506,1963-04-27
US_9074,Nicholas Davis,NicholasDavis@gmail.com,8715594250,1966-09-08
US_9075,Charles Dougherty,CharlesDougherty@gmail.com,8281712782,2000-03-24
US_9076,Carolyn Smith,CarolynSmith@gmail.com,9779838318,2000-08-23
US_9077,Brendan Howard,BrendanHoward@gmail.com,9522666864,2001-07-23
US_9078,Albert Bishop,AlbertBishop@gmail.com,7748518706,1959-12-24
US_9079,Lisa Good,LisaGood@gmail.com,9542015867,1977-03-05
US_9080,Nicholas Mejia,NicholasMejia@gmail.com,9244892926,1969-06-16
US_9081,Russell Erickson,RussellErickson@gmail.com,7745341440,1991-04-07
US_9083,Ricky Tran,RickyTran@gmail.com,9714620417,1957-05-29
US_9084,Jonathan Kelley,JonathanKelley@gmail.com,7837291881,1989-03-22
US_9085,Miss Makayla Young,MissMakayla@gmail.com,7539436842,2001-01-05
US_9086,Natalie Blevins,NatalieBlevins@gmail.com,8708086544,1975-02-07
US_9087,Elizabeth Carney,ElizabethCarney@gmail.com,7595342409,1969-10-03
US_9088,Gerald Berg,GeraldBerg@gmail.com,7165679592,1960-01-21
US_9089,Jackson Ingram,JacksonIngram@gmail.com,9005854181,2006-01-07
US_9090,Thomas Parsons,ThomasParsons@gmail.com,9280499201,1989-10-30
US_9091,Emma Jennings,EmmaJennings@gmail.com,7315054601,1956-01-09
US_9094,Jeremy Schmidt,JeremySchmidt@gmail.com,9810521038,1977-05-01
US_9095,David Scott,DavidScott@gmail.com,8476712851,1963-01-06
US_9096,Rebekah Ferguson,RebekahFerguson@gmail.com,7342155541,2002-01-31
US_9097,Adriana Malone,AdrianaMalone@gmail.com,7301705453,1990-08-03
US_9098,Russell Reynolds,RussellReynolds@gmail.com,8528826297,1961-05-24
US_9099,Sarah Collins,SarahCollins@gmail.com,9914270875,1986-03-10
US_9100,Cassandra Frey,CassandraFrey@gmail.com,8016722825,1971-04-17
US_9102,Elizabeth Simon,ElizabethSimon@gmail.com,7470925144,1999-04-12
US_9103,Catherine Nguyen,CatherineNguyen@gmail.com,9372811815,1956-11-27
US_9104,Kristy Ramos,KristyRamos@gmail.com,7499241366,1963-10-18
US_9105,Kyle Haas,KyleHaas@gmail.com,8277904328,1978-02-07
US_9106,Michael Glover,MichaelGlover@gmail.com,7061416152,1960-06-05
US_9107,Rebecca Walker DDS,RebeccaWalker@gmail.com,7824278405,1979-01-10
US_9108,Julie Mata,JulieMata@gmail.com,8721132178,1975-09-28
US_9109,David Wang,DavidWang@gmail.com,7750760390,1971-03-08
US_9110,Anita Price,AnitaPrice@gmail.com,7289717372,2002-08-30
US_9111,Veronica Sweeney,VeronicaSweeney@gmail.com,7516727076,1982-11-29
US_9112,Laura Buck,LauraBuck@gmail.com,7034490789,1960-03-04
US_9113,Peter Humphrey,PeterHumphrey@gmail.com,8205170720,1977-09-27
US_9114,Tracey White,TraceyWhite@gmail.com,9092894378,1962-06-18
US_9115,Christina Fletcher,ChristinaFletcher@gmail.com,9488046765,1993-08-29
US_9117,Denise Reynolds,DeniseReynolds@gmail.com,8641320131,1963-11-07
US_9118,Beverly Romero,BeverlyRomero@gmail.com,9801827470,1974-08-19
US_9119,Kelli Williamson,KelliWilliamson@gmail.com,8201090525,1999-03-16
US_9120,Michael Mccall,MichaelMccall@gmail.com,8022054414,1968-07-11
US_9121,Steven Yang,StevenYang@gmail.com,9796456508,1968-03-22
US_9122,Monica Armstrong,MonicaArmstrong@gmail.com,7669761082,1967-03-05
US_9123,Karen Henson,KarenHenson@gmail.com,9861767176,1986-06-14
US_9124,Beth Garcia,BethGarcia@gmail.com,7533197155,1977-02-09
US_9125,Erin Long,ErinLong@gmail.com,9231326103,1956-06-15
US_9126,Richard Sweeney,RichardSweeney@gmail.com,8172487523,1985-10-26
US_9127,Michael Goodman,MichaelGoodman@gmail.com,9202984730,1957-07-13
US_9128,Megan Khan,MeganKhan@gmail.com,8907255554,1983-12-17
US_9129,Jacob Day,JacobDay@gmail.com,8041564594,1958-05-27
US_9130,Shannon Hunt,ShannonHunt@gmail.com,9808087726,1994-06-30
US_9131,Ashley Mejia,AshleyMejia@gmail.com,8023455993,1982-10-30
US_9132,David Johnston,DavidJohnston@gmail.com,9497357481,1979-10-08
US_9133,David Joseph,DavidJoseph@gmail.com,7556081833,1958-11-09
US_9134,Alexa Smith,AlexaSmith@gmail.com,7061782599,2004-08-12
US_9135,Kevin Gilbert,KevinGilbert@gmail.com,9799085557,1964-01-19
US_9136,Dr. Terri Valdez,Dr.Terri@gmail.com,7839815422,1997-04-18
US_9137,Donald Ford,DonaldFord@gmail.com,9272178792,2000-01-01
US_9138,Mary Kane,MaryKane@gmail.com,8440388364,1963-10-05
US_9139,Brian Mccarty,BrianMccarty@gmail.com,9666416239,1970-06-13
US_9140,Kevin Clayton,KevinClayton@gmail.com,8296710399,1985-07-31
US_9141,Brandy Bowman,BrandyBowman@gmail.com,7042145866,1956-11-23
US_9142,Dominique Hall,DominiqueHall@gmail.com,9153607839,1972-04-26
US_9143,Sandra Holder,SandraHolder@gmail.com,7037106096,1966-10-28
US_9144,James Zuniga,JamesZuniga@gmail.com,9492141963,1968-01-18
US_9145,Danielle Riley,DanielleRiley@gmail.com,8731995413,1963-12-30
US_9146,Christine Carr,ChristineCarr@gmail.com,7279848950,1990-06-28
US_9147,Mark Page,MarkPage@gmail.com,7000828618,1988-06-28
US_9148,Amy Burnett,AmyBurnett@gmail.com,7215356551,1997-05-01
US_9149,Laura Patterson,LauraPatterson@gmail.com,7078998894,1965-05-15
US_9150,Emily Romero,EmilyRomero@gmail.com,9453365387,1986-08-26
US_9152,Rebecca Jones,RebeccaJones@gmail.com,8564532094,1971-01-07
US_9153,Eric Colon,EricColon@gmail.com,9443515996,2003-05-05
US_9155,Zachary Pearson,ZacharyPearson@gmail.com,7024966928,1956-12-29
US_9157,Anna Morse,AnnaMorse@gmail.com,8661627475,1999-12-21
US_9158,Cheryl Sandoval,CherylSandoval@gmail.com,9746165582,1976-05-30
US_9159,April Romero,AprilRomero@gmail.com,9591285292,1989-08-04
US_9161,Michael Morris,MichaelMorris@gmail.com,7369740140,1970-02-13
US_9162,Tanner Ortiz,TannerOrtiz@gmail.com,9913325502,1957-09-20
US_9163,Gina Finley,GinaFinley@gmail.com,9897707326,1964-03-01
US_9164,Ralph Luna,RalphLuna@gmail.com,8497503012,1966-10-17
US_9165,Phillip Hayden,PhillipHayden@gmail.com,9537055411,1974-01-31
US_9166,Melinda Long,MelindaLong@gmail.com,8688076122,1958-09-07
US_9167,Jimmy Edwards,JimmyEdwards@gmail.com,8205641722,1982-05-23
US_9168,Erin Wilson,ErinWilson@gmail.com,7464903408,1990-11-01
US_9169,Brittney Wheeler,BrittneyWheeler@gmail.com,8532133176,1987-04-26
US_9171,John Carter,JohnCarter@gmail.com,7767407576,1980-07-23
US_9172,Erin Johnson,ErinJohnson@gmail.com,9482510276,1963-01-13
US_9173,Howard Richardson,HowardRichardson@gmail.com,8944384541,2003-04-27
US_9174,Victoria Williams,VictoriaWilliams@gmail.com,7339913484,2000-07-01
US_9175,Mrs. Jennifer Ruiz,Mrs.Jennifer@gmail.com,8119538164,1974-03-13
US_9176,Jason Parker,JasonParker@gmail.com,8835847903,1994-11-12
US_9177,Rebecca Elliott,RebeccaElliott@gmail.com,8422819002,1997-03-28
US_9178,Rebecca Rodriguez,RebeccaRodriguez@gmail.com,9604645665,1959-03-15
US_9179,Juan Wright,JuanWright@gmail.com,7360125294,1967-06-27
US_9180,Anna Reid,AnnaReid@gmail.com,8062192656,1982-11-04
US_9181,Nicholas Floyd,NicholasFloyd@gmail.com,7091458197,1975-07-13
US_9182,Erika Kim,ErikaKim@gmail.com,8410847185,1965-06-26
US_9183,Terrance Jackson,TerranceJackson@gmail.com,9073618304,1981-08-20
US_9184,William Banks,WilliamBanks@gmail.com,7261325313,1958-03-05
US_9185,Mackenzie Diaz,MackenzieDiaz@gmail.com,7250628999,1999-08-24
US_9186,Jason Neal,JasonNeal@gmail.com,7693606074,1976-07-25
US_9189,Cameron Russell,CameronRussell@gmail.com,7005025908,1997-04-03
US_9190,Jessica Porter,JessicaPorter@gmail.com,7518537336,1991-10-16
US_9192,Crystal Taylor,CrystalTaylor@gmail.com,9697288447,1968-07-24
US_9193,William Ray,WilliamRay@gmail.com,8687268898,1976-12-07
US_9194,Deborah Colon,DeborahColon@gmail.com,8065577269,1987-01-09
US_9195,Joseph Benson,JosephBenson@gmail.com,9576448594,1994-01-18
US_9197,Sally Thomas,SallyThomas@gmail.com,7226703750,1987-08-07
US_9198,Stacy Hart,StacyHart@gmail.com,7317234325,1985-10-16
US_9200,Jade Rogers,JadeRogers@gmail.com,9340749763,1979-09-15
US_9201,Brian Mejia,BrianMejia@gmail.com,9275319177,1999-04-06
US_9202,Mason Moon,MasonMoon@gmail.com,7222683650,1960-01-30
US_9203,Nathan Blanchard,NathanBlanchard@gmail.com,8680209466,1988-08-30
US_9204,Carrie Brown,CarrieBrown@gmail.com,7186346914,1978-09-23
US_9206,Jeffrey Alvarez,JeffreyAlvarez@gmail.com,7967718331,1986-10-08
US_9208,Matthew Jennings,MatthewJennings@gmail.com,7523205116,1959-11-18
US_9209,Sabrina Chapman,SabrinaChapman@gmail.com,9632511858,2002-08-28
US_9210,Sara Yang,SaraYang@gmail.com,7957662712,1965-11-16
US_9211,Thomas Logan,ThomasLogan@gmail.com,7160163484,1980-11-15
US_9212,Ashley Horn,AshleyHorn@gmail.com,9892132730,1962-06-29
US_9215,Stacey Dixon,StaceyDixon@gmail.com,8295558206,1960-02-28
US_9216,Jill Ramirez,JillRamirez@gmail.com,9286444668,1968-02-29
US_9217,Anthony Mitchell,AnthonyMitchell@gmail.com,8241098106,1966-01-20
US_9219,Rachel Macdonald,RachelMacdonald@gmail.com,8230783265,1966-01-06
US_9220,Amy Lee,AmyLee@gmail.com,8516981731,2001-12-31
US_9221,Matthew Rivas,MatthewRivas@gmail.com,8228381978,1981-03-20
US_9222,Allison Miller,AllisonMiller@gmail.com,9834383981,1981-03-04
US_9223,Jennifer Ray MD,JenniferRay@gmail.com,7706861824,2003-04-01
US_9224,Jason Barnes,JasonBarnes@gmail.com,8262738807,1992-11-03
US_9225,Erica Yang,EricaYang@gmail.com,7953142025,1991-04-20
US_9226,Jason Kirk,JasonKirk@gmail.com,7404972600,1972-02-13
US_9228,Ronald Baker,RonaldBaker@gmail.com,8935374736,1967-08-02
US_9229,Mark Rangel,MarkRangel@gmail.com,8943598430,1979-08-19
US_9230,Mrs. Julia Chavez DDS,Mrs.Julia@gmail.com,8033046544,1975-06-14
US_9231,Johnny Escobar,JohnnyEscobar@gmail.com,9104881608,2002-05-27
US_9232,Jeremy Cochran,JeremyCochran@gmail.com,7036119783,1972-12-12
US_9233,Denise Stewart,DeniseStewart@gmail.com,7274466208,1984-01-26
US_9234,Reginald Brown,ReginaldBrown@gmail.com,9472666176,1998-07-22
US_9235,Charles Mendez,CharlesMendez@gmail.com,8961324166,1986-02-12
US_9236,Jordan Morse,JordanMorse@gmail.com,9413160688,1961-08-04
US_9237,Brittney Boyd,BrittneyBoyd@gmail.com,7424714429,1997-11-28
US_9238,Brandy Hogan,BrandyHogan@gmail.com,9801423060,2000-04-30
US_9239,James Ball,JamesBall@gmail.com,9497375474,1973-12-31
US_9240,Nicole Scott,NicoleScott@gmail.com,8834593499,1996-06-29
US_9241,Aaron Gonzalez,AaronGonzalez@gmail.com,7589935058,1991-07-15
US_9242,Matthew David Jr.,MatthewDavid@gmail.com,8862476623,1995-09-25
US_9243,Mitchell Daniels,MitchellDaniels@gmail.com,9839341148,1980-06-13
US_9244,Dakota Vaughn,DakotaVaughn@gmail.com,9325525586,1960-02-03
US_9245,Jennifer Torres,JenniferTorres@gmail.com,7766193452,1959-07-12
US_9246,Sergio Massey,SergioMassey@gmail.com,9609239166,1987-03-26
US_9247,Brianna Aguilar,BriannaAguilar@gmail.com,8704032516,1971-08-02
US_9248,Bryce Thompson,BryceThompson@gmail.com,8249378898,1986-11-19
US_9249,Deborah Hawkins,DeborahHawkins@gmail.com,8952427071,2006-10-14
US_9250,William Chambers,WilliamChambers@gmail.com,9814872144,1972-03-06
US_9251,Ryan Conner,RyanConner@gmail.com,7585539652,1981-03-17
US_9252,Larry Rowland,LarryRowland@gmail.com,8438974432,1981-07-26
US_9254,Timothy Wilson,TimothyWilson@gmail.com,9478165188,1999-02-25
US_9255,Jose Ramsey,JoseRamsey@gmail.com,7010064864,1984-11-14
US_9256,Shane Garcia,ShaneGarcia@gmail.com,9459776938,1960-11-17
US_9257,John Banks,JohnBanks@gmail.com,7429365045,1976-07-29
US_9258,Amy Wilcox,AmyWilcox@gmail.com,8290112321,1992-12-24
US_9259,Darrell Coleman,DarrellColeman@gmail.com,7167716760,1980-04-17
US_9260,Jacqueline Ramos,JacquelineRamos@gmail.com,7195929495,1985-11-01
US_9261,Michael Wong,MichaelWong@gmail.com,9197334400,2006-09-16
US_9262,Bradley Brown,BradleyBrown@gmail.com,9185287882,1985-08-05
US_9263,Anna House,AnnaHouse@gmail.com,9850216092,1970-05-05
US_9264,April Rhodes,AprilRhodes@gmail.com,9247287451,1970-07-10
US_9265,Brian Peters,BrianPeters@gmail.com,7260185132,1981-09-18
US_9266,Nicholas Smith,NicholasSmith@gmail.com,8120498340,1997-03-21
US_9267,Gregory Roberts,GregoryRoberts@gmail.com,8977956409,2000-03-21
US_9268,Michael Conrad,MichaelConrad@gmail.com,7817313049,1964-12-09
US_9270,William Jackson,WilliamJackson@gmail.com,7508577341,2005-04-20
US_9271,Julie Conway,JulieConway@gmail.com,7085665334,1976-11-16
US_9272,Kara Wong,KaraWong@gmail.com,9784699692,1998-05-16
US_9273,Martha Dalton,MarthaDalton@gmail.com,7815434977,2000-04-23
US_9274,David Greene,DavidGreene@gmail.com,8048846764,1990-04-05
US_9275,Sean Huerta,SeanHuerta@gmail.com,9439733162,1984-03-01
US_9276,Dawn Wolf,DawnWolf@gmail.com,8610364577,1960-11-24
US_9277,James Gregory,JamesGregory@gmail.com,8675147348,1964-03-18
US_9278,Natalie Caldwell,NatalieCaldwell@gmail.com,8362342042,1969-06-25
US_9279,Douglas Sullivan,DouglasSullivan@gmail.com,7988972373,1956-09-04
US_9280,Richard Clark,RichardClark@gmail.com,7634456868,1986-09-11
US_9281,Todd Buchanan,ToddBuchanan@gmail.com,7333449674,1990-09-02
US_9282,Anna Villanueva,AnnaVillanueva@gmail.com,8144463340,1991-07-27
US_9283,Jimmy Norman,JimmyNorman@gmail.com,7911687724,1997-11-03
US_9285,Paul Figueroa,PaulFigueroa@gmail.com,7563372220,2004-11-23
US_9286,Melissa West,MelissaWest@gmail.com,7183123806,1956-08-21
US_9287,Natasha Lester,NatashaLester@gmail.com,9219410570,1991-04-01
US_9288,Abigail Moreno,AbigailMoreno@gmail.com,7452679169,1956-01-31
US_9289,Randall Stokes,RandallStokes@gmail.com,9759081365,1990-08-26
US_9290,Kyle Williams,KyleWilliams@gmail.com,9090037252,1955-01-26
US_9291,Edward Cummings,EdwardCummings@gmail.com,9018067145,1982-09-16
US_9292,Angela Nelson,AngelaNelson@gmail.com,9575593258,1982-09-05
US_9293,Kaylee Lewis,KayleeLewis@gmail.com,7786189891,1960-06-20
US_9294,Gail Morales,GailMorales@gmail.com,7131051381,1991-10-07
US_9295,Andrew Kelly,AndrewKelly@gmail.com,7450628678,1991-08-02
US_9296,Gary Cunningham,GaryCunningham@gmail.com,7865836686,1970-01-01
US_9298,David Thomas,DavidThomas@gmail.com,9345556726,1978-01-15
US_9301,Jacqueline Steele,JacquelineSteele@gmail.com,9178394954,1997-09-02
US_9302,Joseph Jenkins,JosephJenkins@gmail.com,7413781917,1997-10-21
US_9303,Jorge Spencer,JorgeSpencer@gmail.com,8914085520,1955-08-12
US_9304,Erica Walker MD,EricaWalker@gmail.com,9302703085,2000-04-22
US_9305,Ronald Jenkins,RonaldJenkins@gmail.com,8088240443,1988-12-16
US_9306,Christine Cardenas,ChristineCardenas@gmail.com,8439537849,1974-05-12
US_9307,Michael Curtis,MichaelCurtis@gmail.com,8257626076,1965-02-09
US_9309,Stacey Hernandez,StaceyHernandez@gmail.com,7815272526,2000-10-05
US_9310,Deborah Reed,DeborahReed@gmail.com,7447913898,1962-12-16
US_9311,Kathleen Randolph,KathleenRandolph@gmail.com,7542203138,1992-05-10
US_9312,Samuel Phillips,SamuelPhillips@gmail.com,9022903377,1994-12-03
US_9313,Samantha Holmes,SamanthaHolmes@gmail.com,7329048051,1968-05-04
US_9314,Kari Conner,KariConner@gmail.com,9609634075,1980-05-27
US_9315,Michelle Thomas,MichelleThomas@gmail.com,9128536994,1981-12-31
US_9317,Dawn Daniel,DawnDaniel@gmail.com,9732326469,1984-11-07
US_9318,Eric Smith,EricSmith@gmail.com,8642874114,2002-04-08
US_9319,David Bryant,DavidBryant@gmail.com,8804910908,1983-08-31
US_9320,Nathan Ellison,NathanEllison@gmail.com,7163382922,1992-08-27
US_9321,Victoria Hobbs,VictoriaHobbs@gmail.com,9370358168,2006-04-06
US_9322,Jeffrey Ellis,JeffreyEllis@gmail.com,9525802737,1965-09-12
US_9324,Catherine Griffin,CatherineGriffin@gmail.com,7628030685,1981-10-23
US_9325,Jessica Calhoun,JessicaCalhoun@gmail.com,9910860983,1998-11-27
US_9326,Lisa Lawrence,LisaLawrence@gmail.com,9060188144,2004-10-25
US_9327,Julia Ruiz,JuliaRuiz@gmail.com,9056121180,1985-07-18
US_9328,Gary Scott,GaryScott@gmail.com,7531804318,2003-11-26
US_9329,Edward Jones,EdwardJones@gmail.com,8594206623,2004-08-12
US_9331,Miranda Perkins DDS,MirandaPerkins@gmail.com,7013163246,1984-03-05
US_9332,Zachary Stark,ZacharyStark@gmail.com,8770473169,1988-05-02
US_9333,Tonya Graham,TonyaGraham@gmail.com,9779349225,1974-12-20
US_9334,Faith Ritter,FaithRitter@gmail.com,7967208466,1959-07-12
US_9335,Lauren King DVM,LaurenKing@gmail.com,8775608885,1995-03-07
US_9336,Alyssa Hernandez,AlyssaHernandez@gmail.com,8989998856,1976-02-28
US_9337,William Mitchell,WilliamMitchell@gmail.com,8406448860,1963-03-22
US_9338,Larry Henderson,LarryHenderson@gmail.com,9247507651,1959-10-29
US_9339,Hannah Wilson,HannahWilson@gmail.com,8875855885,1985-06-28
US_9340,Veronica Ortiz,VeronicaOrtiz@gmail.com,9226833567,1956-12-16
US_9341,Brandy Anderson,BrandyAnderson@gmail.com,7974575706,1967-01-23
US_9342,Shawna Brown,ShawnaBrown@gmail.com,8792335368,1978-08-26
US_9343,Julie Sandoval,JulieSandoval@gmail.com,8133187220,1997-11-15
US_9345,David Gray,DavidGray@gmail.com,7904751558,1972-05-09
US_9346,Carlos Reid,CarlosReid@gmail.com,8706943014,1998-03-07
US_9347,David Lewis,DavidLewis@gmail.com,9578505740,1971-02-08
US_9348,Michael Stokes,MichaelStokes@gmail.com,7651049822,1977-12-03
US_9349,Michelle Kerr,MichelleKerr@gmail.com,9935052609,1959-06-03
US_9350,Jason Wong,JasonWong@gmail.com,9974689940,1985-09-17
US_9351,Jesus Sawyer,JesusSawyer@gmail.com,8723215048,1968-06-30
US_9352,Scott Marsh,ScottMarsh@gmail.com,7768617796,1961-08-12
US_9353,Mario Clark,MarioClark@gmail.com,8520033790,1988-10-05
US_9354,Katherine Boone,KatherineBoone@gmail.com,8996985980,1961-07-20
US_9355,Katherine Chang,KatherineChang@gmail.com,7050038558,2001-03-05
US_9358,Kayla Bennett,KaylaBennett@gmail.com,9679052997,1979-03-21
US_9359,Gabriel Whitaker,GabrielWhitaker@gmail.com,8004057166,1999-06-27
US_9360,Timothy Martin,TimothyMartin@gmail.com,9631335262,1956-10-10
US_9361,Melanie Thompson,MelanieThompson@gmail.com,7100811185,1999-05-05
US_9362,Todd Melendez,ToddMelendez@gmail.com,8437468506,2006-07-10
US_9363,Kimberly Reynolds,KimberlyReynolds@gmail.com,8505974370,1974-09-05
US_9364,Timothy Flowers,TimothyFlowers@gmail.com,8282649104,1987-12-29
US_9365,Jeanette Nielsen,JeanetteNielsen@gmail.com,8906058311,2005-02-13
US_9366,Paige Thompson,PaigeThompson@gmail.com,8494560012,1971-12-18
US_9367,Brooke Schwartz,BrookeSchwartz@gmail.com,8096465865,1993-02-10
US_9368,Donna Stephenson,DonnaStephenson@gmail.com,9144873637,1981-08-07
US_9369,Andrew Miller,AndrewMiller@gmail.com,8112175115,1985-08-07
US_9370,Michael Olsen,MichaelOlsen@gmail.com,8119753109,1976-03-15
US_9371,Sharon Stevens,SharonStevens@gmail.com,8155014496,1963-08-11
US_9372,Nicole Jackson,NicoleJackson@gmail.com,9415675182,1988-03-02
US_9373,Tabitha Clark,TabithaClark@gmail.com,8811058894,1974-05-18
US_9374,James Kim,JamesKim@gmail.com,9358066995,1964-03-08
US_9375,Richard Noble,RichardNoble@gmail.com,9821752394,1961-07-20
US_9377,Michaela Strickland,MichaelaStrickland@gmail.com,7707587726,1974-03-27
US_9378,Charles Ford,CharlesFord@gmail.com,7052657933,1981-11-05
US_9379,Allen Sanchez,AllenSanchez@gmail.com,7384478391,2005-12-07
US_9380,Xavier Webb,XavierWebb@gmail.com,8789794928,1964-11-18
US_9381,Sandra Kim,SandraKim@gmail.com,8529670867,1980-10-18
US_9382,Patrick Russell,PatrickRussell@gmail.com,7208256307,1970-12-24
US_9383,Crystal Walker,CrystalWalker@gmail.com,8536267621,1968-08-26
US_9384,Hannah Berg,HannahBerg@gmail.com,9886064747,1969-01-20
US_9385,Tina Padilla,TinaPadilla@gmail.com,7459882271,1984-03-18
US_9386,Mr. Jeffery Lee,Mr.Jeffery@gmail.com,9200483109,1958-01-29
US_9387,Shannon York,ShannonYork@gmail.com,9232633908,1998-10-11
US_9388,Matthew Wang,MatthewWang@gmail.com,8454036111,1979-07-13
US_9389,Gary Morgan,GaryMorgan@gmail.com,8985841866,2001-11-15
US_9390,Kevin Robinson,KevinRobinson@gmail.com,9279289095,1974-08-20
US_9391,Patty Walker,PattyWalker@gmail.com,8833659215,1996-11-10
US_9392,Samantha Jackson,SamanthaJackson@gmail.com,8449148901,1961-02-20
US_9393,Tim West,TimWest@gmail.com,7458710562,1979-12-20
US_9394,Emily Martin,EmilyMartin@gmail.com,7687462420,1976-05-27
US_9395,Phillip Maddox,PhillipMaddox@gmail.com,7058565080,1955-05-12
US_9396,George Odonnell,GeorgeOdonnell@gmail.com,7925569881,1990-07-24
US_9397,Molly Graves,MollyGraves@gmail.com,9231275510,1978-06-05
US_9398,Kent Cole,KentCole@gmail.com,7362878739,1981-10-20
US_9399,Judith Johnson,JudithJohnson@gmail.com,8799517274,1994-09-12
US_9400,Jason Maddox,JasonMaddox@gmail.com,7317219822,2006-09-18
US_9401,Tiffany Ward,TiffanyWard@gmail.com,9845508831,1966-02-14
US_9402,Marcia Lin,MarciaLin@gmail.com,8477221804,1992-01-18
US_9403,Matthew Hall,MatthewHall@gmail.com,7598610291,1963-10-04
US_9404,Richard Russo,RichardRusso@gmail.com,8526453506,1959-04-09
US_9405,Adam Maynard,AdamMaynard@gmail.com,8163280447,1994-12-20
US_9406,Michael Hurst,MichaelHurst@gmail.com,7630743665,1994-12-18
US_9407,Jessica Reese,JessicaReese@gmail.com,9255876325,1969-12-04
US_9409,Michael Campbell,MichaelCampbell@gmail.com,9693768493,1976-05-21
US_9410,Heather Marshall,HeatherMarshall@gmail.com,8988603529,2004-11-27
US_9411,Alyssa Hopkins,AlyssaHopkins@gmail.com,9556830810,1973-07-23
US_9412,Christopher Byrd,ChristopherByrd@gmail.com,7753014006,1990-01-15
US_9413,Erik Pittman,ErikPittman@gmail.com,7017615551,1991-03-17
US_9414,Diana Moore,DianaMoore@gmail.com,7824730978,1993-03-08
US_9417,Nathan Perez,NathanPerez@gmail.com,9078227283,1986-02-09
US_9418,Laura Johnson,LauraJohnson@gmail.com,7479619574,1961-06-03
US_9419,Nathan Wagner,NathanWagner@gmail.com,8264733848,1973-01-29
US_9420,Peter Thomas,PeterThomas@gmail.com,9700840855,1995-02-05
US_9421,Henry Dunn,HenryDunn@gmail.com,7344591986,1970-09-17
US_9422,Steven Kelley,StevenKelley@gmail.com,7816714123,1999-12-17
US_9424,Jim Monroe,JimMonroe@gmail.com,8726399876,1962-01-17
US_9426,Joanna Martin,JoannaMartin@gmail.com,8235278796,1999-07-06
US_9427,Andrea Flores,AndreaFlores@gmail.com,8207486752,1964-05-26
US_9428,Lee Keller,LeeKeller@gmail.com,7010002519,1978-06-28
US_9430,Heather Simpson,HeatherSimpson@gmail.com,7571491569,1956-05-18
US_9431,Lisa Wood,LisaWood@gmail.com,9295450619,1962-01-27
US_9432,Steven Nguyen,StevenNguyen@gmail.com,7249357766,1992-01-18
US_9433,Melissa Hughes,MelissaHughes@gmail.com,7013763473,1961-12-12
US_9434,Lynn Ramos,LynnRamos@gmail.com,8998422751,1968-07-31
US_9436,Stephanie Hansen,StephanieHansen@gmail.com,9267155569,1956-02-06
US_9437,Teresa Norris,TeresaNorris@gmail.com,7620426540,1992-07-11
US_9438,Samuel Prince,SamuelPrince@gmail.com,7859366659,1972-05-05
US_9439,Timothy Dunlap,TimothyDunlap@gmail.com,9290897285,1986-06-19
US_9440,Patricia Brewer,PatriciaBrewer@gmail.com,9575515009,2006-03-03
US_9441,Patricia Jones,PatriciaJones@gmail.com,7885883622,1990-01-20
US_9443,Cathy Evans,CathyEvans@gmail.com,8487926934,2006-08-30
US_9444,Katherine Page,KatherinePage@gmail.com,8124106766,1985-08-23
US_9445,Anthony Harris,AnthonyHarris@gmail.com,7333803945,1957-01-15
US_9446,Mary Wells,MaryWells@gmail.com,7901786395,1991-11-20
US_9447,Marcus Baker,MarcusBaker@gmail.com,7432549282,1995-09-20
US_9448,Jose Hampton,JoseHampton@gmail.com,8337571032,1975-05-28
US_9449,Trevor Lopez,TrevorLopez@gmail.com,8654351551,1991-04-06
US_9450,Melinda Allen,MelindaAllen@gmail.com,8409553454,2003-01-19
US_9452,Sherry Mitchell PhD,SherryMitchell@gmail.com,7173801071,1976-09-30
US_9453,Curtis Mejia,CurtisMejia@gmail.com,7707914067,1985-11-03
US_9454,Mathew Bauer,MathewBauer@gmail.com,7056146610,1971-03-27
US_9456,Samantha Santana,SamanthaSantana@gmail.com,7457417715,1975-10-29
US_9458,Evan Carroll,EvanCarroll@gmail.com,8763093686,1955-08-16
US_9459,Diane Roth,DianeRoth@gmail.com,8842190247,1998-08-20
US_9460,Dawn Taylor,DawnTaylor@gmail.com,8991231750,1998-03-05
US_9462,Adam Spencer,AdamSpencer@gmail.com,8237033953,1964-04-24
US_9463,Tina Harrington,TinaHarrington@gmail.com,9927441543,1972-11-05
US_9464,Eric Richmond,EricRichmond@gmail.com,8458037567,2004-11-19
US_9465,Deborah Shaw,DeborahShaw@gmail.com,8231279089,1971-06-07
US_9466,Barry Lewis,BarryLewis@gmail.com,9702582031,1957-05-31
US_9467,Loretta Holt,LorettaHolt@gmail.com,9063410568,1987-11-09
US_9468,Jessica Perry,JessicaPerry@gmail.com,9615271662,1959-03-12
US_9469,David Weiss,DavidWeiss@gmail.com,7328790901,1997-07-19
US_9470,Bruce Johnson,BruceJohnson@gmail.com,7164711399,2003-07-19
US_9471,Brandon Dominguez,BrandonDominguez@gmail.com,7356505575,1999-09-13
US_9474,Luke Sampson,LukeSampson@gmail.com,7210468141,1980-07-26
US_9477,Brooke Wilson,BrookeWilson@gmail.com,7215003359,1986-04-20
US_9478,Megan Melton,MeganMelton@gmail.com,9016552409,1970-07-22
US_9479,Christian Lambert,ChristianLambert@gmail.com,8333396411,1985-09-26
US_9480,James Hoffman,JamesHoffman@gmail.com,7018887082,2006-07-25
US_9481,Christine Ramos,ChristineRamos@gmail.com,8933808155,1985-01-20
US_9482,Philip Ibarra,PhilipIbarra@gmail.com,7951358390,1974-02-10
US_9483,Katherine Frey,KatherineFrey@gmail.com,9407185900,2000-10-09
US_9484,Michelle Dominguez,MichelleDominguez@gmail.com,7447526391,1978-05-06
US_9486,Melissa Winters,MelissaWinters@gmail.com,7424979896,1994-02-16
US_9487,Brian Hunter,BrianHunter@gmail.com,9501632691,2005-04-15
US_9488,Donna Morris,DonnaMorris@gmail.com,7028606425,2004-06-26
US_9489,Ashley Bowen,AshleyBowen@gmail.com,8438633347,1985-02-01
US_9490,Allison Clay,AllisonClay@gmail.com,8243160712,1976-05-31
US_9491,Troy Baker,TroyBaker@gmail.com,9205599522,1971-06-14
US_9492,Alexis Snyder,AlexisSnyder@gmail.com,8278814287,1961-08-27
US_9493,Joseph Carrillo,JosephCarrillo@gmail.com,7311104782,1972-11-12
US_9494,Ronald Crawford,RonaldCrawford@gmail.com,9907535948,1995-07-22
US_9495,Michael Howard,MichaelHoward@gmail.com,8951780801,1964-09-16
US_9496,Judy Perez,JudyPerez@gmail.com,7171172743,2000-11-06
US_9497,Nicole Clark,NicoleClark@gmail.com,8463754189,1962-02-03
US_9498,Russell Bates,RussellBates@gmail.com,9600467279,1965-09-26
US_9499,Kathy Jones,KathyJones@gmail.com,8831862152,1956-05-11
US_9500,Sarah Garner,SarahGarner@gmail.com,9857997701,1981-12-24
US_9501,Emily Oneal,EmilyOneal@gmail.com,9841708010,1985-10-27
US_9502,Vanessa Maddox,VanessaMaddox@gmail.com,9002798052,2000-08-03
US_9503,Olivia Berry,OliviaBerry@gmail.com,7046015952,1954-12-23
US_9504,Raymond Brown,RaymondBrown@gmail.com,8708760469,1980-11-09
US_9506,Diana Sloan,DianaSloan@gmail.com,9197712289,1977-11-23
US_9507,Tracy Sanders,TracySanders@gmail.com,7968656937,1958-07-02
US_9509,Colleen Murray,ColleenMurray@gmail.com,8147519506,1982-11-02
US_9510,Brian Maldonado,BrianMaldonado@gmail.com,9217649692,1994-01-07
US_9511,Alexa Johnson,AlexaJohnson@gmail.com,7304936600,1977-04-05
US_9512,Thomas Hill Jr.,ThomasHill@gmail.com,9098607810,2002-03-19
US_9514,Andre Goodwin,AndreGoodwin@gmail.com,8575640985,1974-04-14
US_9515,Joseph Henry,JosephHenry@gmail.com,9955886399,2000-01-10
US_9516,Michael Steele,MichaelSteele@gmail.com,8191225845,1979-07-18
US_9517,Lisa Curtis,LisaCurtis@gmail.com,8620434491,1995-04-11
US_9518,George Oconnor,GeorgeOconnor@gmail.com,9082622020,1979-06-19
US_9519,Katherine Thomas,KatherineThomas@gmail.com,7597648099,1971-11-20
US_9520,Erika Weaver,ErikaWeaver@gmail.com,7710666367,1978-05-15
US_9521,Melissa Pierce,MelissaPierce@gmail.com,7588997235,1962-06-06
US_9522,Donald Stewart,DonaldStewart@gmail.com,7969525310,1977-03-21
US_9523,Christine Hammond,ChristineHammond@gmail.com,8781851645,1960-03-20
US_9525,Tamara Stone,TamaraStone@gmail.com,9714586092,1983-07-26
US_9526,Paul Patterson,PaulPatterson@gmail.com,8528088501,1987-06-06
US_9527,Susan Kelley,SusanKelley@gmail.com,7272443658,2006-02-15
US_9531,Eric Fisher,EricFisher@gmail.com,9769141428,1993-03-19
US_9532,Kelly Rojas,KellyRojas@gmail.com,9129395296,1963-05-25
US_9533,Deborah Long,DeborahLong@gmail.com,7079958096,1962-09-09
US_9534,Brandon Johnson II,BrandonJohnson@gmail.com,7655922050,1968-06-07
US_9535,Gregory Jackson,GregoryJackson@gmail.com,8230273054,1991-01-30
US_9536,James Martinez,JamesMartinez@gmail.com,7091400880,1997-09-30
US_9537,Eric Hunt,EricHunt@gmail.com,8583814575,1991-03-21
US_9538,Ricardo King,RicardoKing@gmail.com,9420609383,1995-06-01
US_9539,Jeffrey Stephens,JeffreyStephens@gmail.com,9404308174,1971-05-08
US_9540,Michelle Warner,MichelleWarner@gmail.com,7971541121,1960-11-11
US_9541,Angel Ryan,AngelRyan@gmail.com,9172003659,1958-02-01
US_9542,Eric Lowery,EricLowery@gmail.com,9849165767,1979-11-20
US_9543,Sherry Jones,SherryJones@gmail.com,9312836565,1996-12-02
US_9544,Carol Goodman,CarolGoodman@gmail.com,9807897035,1971-08-22
US_9546,Jamie Bell,JamieBell@gmail.com,7628060104,1954-07-31
US_9547,Patrick Mason,PatrickMason@gmail.com,7212863834,1957-08-23
US_9548,Jonathon Scott,JonathonScott@gmail.com,9396410287,2001-11-03
US_9549,Peggy Singleton,PeggySingleton@gmail.com,7471500246,1996-04-06
US_9550,Jesse Hinton,JesseHinton@gmail.com,8070713842,1954-07-22
US_9551,Christina Wiley,ChristinaWiley@gmail.com,9321432332,1967-09-06
US_9552,Lynn Edwards,LynnEdwards@gmail.com,8969373123,2002-12-28
US_9553,Sarah Gomez MD,SarahGomez@gmail.com,7488893295,1989-03-18
US_9554,Adam Riddle,AdamRiddle@gmail.com,8951466808,1960-12-09
US_9555,Anna Moses,AnnaMoses@gmail.com,9735681643,1996-05-02
US_9556,Brenda Crawford,BrendaCrawford@gmail.com,9768682265,1993-09-27
US_9557,Daniel Mills,DanielMills@gmail.com,8534630560,1957-12-06
US_9558,Kaitlyn Adams,KaitlynAdams@gmail.com,8083467885,1992-08-07
US_9559,Brett Vincent,BrettVincent@gmail.com,8747439335,1976-08-26
US_9560,Jill Brennan,JillBrennan@gmail.com,7124999154,1988-06-19
US_9563,Sara Mccoy,SaraMccoy@gmail.com,8852568618,1970-07-07
US_9564,Richard Lee,RichardLee@gmail.com,7035934561,1984-02-03
US_9565,Mike Berry,MikeBerry@gmail.com,7850741864,1997-06-25
US_9566,Thomas Ward,ThomasWard@gmail.com,7656567401,1954-06-30
US_9567,Andrea Jenkins,AndreaJenkins@gmail.com,8570724838,1996-11-15
US_9568,Debbie Snow,DebbieSnow@gmail.com,9693493318,1970-10-05
US_9569,Alicia Hill,AliciaHill@gmail.com,8761316202,1973-08-11
US_9570,Darlene Nelson,DarleneNelson@gmail.com,8134025965,1974-06-24
US_9571,Tonya Hess,TonyaHess@gmail.com,9898521166,1989-11-28
US_9573,Mr. Micheal Ray,Mr.Micheal@gmail.com,9393528637,1982-01-07
US_9574,Becky Shepherd,BeckyShepherd@gmail.com,9432399650,1981-03-12
US_9575,Heather Mitchell,HeatherMitchell@gmail.com,7996928939,1970-09-28
US_9576,Jessica Murphy,JessicaMurphy@gmail.com,7488187401,1959-12-01
US_9577,Bradley Harmon,BradleyHarmon@gmail.com,8630398324,1968-03-25
US_9578,Sarah Wolfe,SarahWolfe@gmail.com,8704586888,2002-07-09
US_9579,Jeffrey Wells,JeffreyWells@gmail.com,7802793238,1986-06-28
US_9580,Adam Smith,AdamSmith@gmail.com,7763548719,1984-06-07
US_9581,Timothy Small,TimothySmall@gmail.com,7948529678,1997-05-01
US_9582,Michelle Jones,MichelleJones@gmail.com,8087085480,1999-12-23
US_9583,Christine Torres DDS,ChristineTorres@gmail.com,7625182436,1996-07-24
US_9584,Melissa Flores,MelissaFlores@gmail.com,8876464808,1967-01-23
US_9585,Erik Wilson,ErikWilson@gmail.com,8511296534,1973-04-12
US_9586,Daniel Perez,DanielPerez@gmail.com,8041161831,2000-01-24
US_9587,Donald Oconnor,DonaldOconnor@gmail.com,9962207805,1992-02-19
US_9588,Michelle Mcdaniel,MichelleMcdaniel@gmail.com,8411945492,1982-06-11
US_9589,Amber Davis,AmberDavis@gmail.com,9733877097,1982-12-02
US_9590,Justin Bautista,JustinBautista@gmail.com,9890131446,1983-06-08
US_9592,Joan Crane,JoanCrane@gmail.com,9115265250,1967-07-15
US_9593,Cynthia Gates,CynthiaGates@gmail.com,7169517500,1981-04-22
US_9594,Paula Case,PaulaCase@gmail.com,8120360099,2005-06-27
US_9595,Douglas Hale,DouglasHale@gmail.com,8032158460,1981-10-15
US_9596,Carrie Thornton,CarrieThornton@gmail.com,9838511575,1986-10-07
US_9597,Stacy Sanchez,StacySanchez@gmail.com,8919851252,1968-02-23
US_9598,Patricia Cobb,PatriciaCobb@gmail.com,7555806688,1995-04-27
US_9600,Christopher Nichols,ChristopherNichols@gmail.com,9761844579,1998-07-30
US_9601,Ian Sullivan,IanSullivan@gmail.com,7947819855,1962-12-28
US_9602,Wyatt Martinez II,WyattMartinez@gmail.com,8160182625,1998-08-03
US_9604,Jesus Dawson,JesusDawson@gmail.com,7180275588,1995-06-27
US_9605,Bradley Holmes,BradleyHolmes@gmail.com,9187057948,1989-12-21
US_9606,Nicholas Rollins,NicholasRollins@gmail.com,7263822449,1979-04-14
US_9607,Sharon Choi,SharonChoi@gmail.com,9634808317,1958-10-28
US_9608,Megan Boyd,MeganBoyd@gmail.com,7529269149,1988-08-10
US_9609,Angel Griffith,AngelGriffith@gmail.com,7216520426,1987-05-18
US_9610,Nicholas Martinez,NicholasMartinez@gmail.com,7007500906,1987-09-15
US_9611,Barbara Turner MD,BarbaraTurner@gmail.com,8803500327,1990-11-05
US_9612,Micheal Miller,MichealMiller@gmail.com,7530238846,1986-01-28
US_9613,Kevin Wagner,KevinWagner@gmail.com,9671235317,1979-10-12
US_9614,Kenneth Cox,KennethCox@gmail.com,9059975953,1960-08-30
US_9615,Nicholas Turner,NicholasTurner@gmail.com,9354641275,1971-08-25
US_9616,Christy Dennis,ChristyDennis@gmail.com,8753184102,1991-04-10
US_9617,Kelli Payne,KelliPayne@gmail.com,9430070363,2006-01-09
US_9618,Gabrielle Page,GabriellePage@gmail.com,8779171506,2000-08-02
US_9619,Zachary Caldwell,ZacharyCaldwell@gmail.com,9758295623,1998-04-15
US_9620,Kristin Roberson,KristinRoberson@gmail.com,7824241588,1958-11-18
US_9621,Judy Brown,JudyBrown@gmail.com,8826882042,1984-06-02
US_9622,Stacy Chen,StacyChen@gmail.com,8573281858,1974-07-11
US_9623,Christopher Velazquez,ChristopherVelazquez@gmail.com,9022470104,2005-03-31
US_9624,Paul Acosta,PaulAcosta@gmail.com,9961067355,1960-04-10
US_9625,Amanda Novak,AmandaNovak@gmail.com,9337949526,1963-10-14
US_9626,Jennifer Armstrong,JenniferArmstrong@gmail.com,9437704743,1996-11-07
US_9627,Lisa Wade,LisaWade@gmail.com,9614928515,1955-07-16
US_9628,Alejandro Weaver,AlejandroWeaver@gmail.com,7426518959,1995-12-07
US_9629,Nathan Harris,NathanHarris@gmail.com,9665805765,1966-01-10
US_9630,Sandra Lucas MD,SandraLucas@gmail.com,9869157206,1964-08-30
US_9631,Eric Chang,EricChang@gmail.com,8744550937,1972-06-07
US_9632,Brandi Rodriguez,BrandiRodriguez@gmail.com,9338876308,1956-04-18
US_9633,Sandra Lopez,SandraLopez@gmail.com,9177719228,1998-03-30
US_9634,Kaitlyn Collier PhD,KaitlynCollier@gmail.com,9190819737,1977-01-09
US_9635,Alisha Williams,AlishaWilliams@gmail.com,9676704467,2003-01-17
US_9636,Joseph Brown,JosephBrown@gmail.com,8897913012,1991-04-03
US_9637,Nicole Butler,NicoleButler@gmail.com,8040782360,1957-07-27
US_9638,Pamela Walton,PamelaWalton@gmail.com,8601161869,1987-07-02
US_9639,Courtney Johnson,CourtneyJohnson@gmail.com,9438159563,1978-01-20
US_9640,Rebecca Mccarthy,RebeccaMccarthy@gmail.com,9201914298,1974-08-23
US_9641,Stacy Robertson,StacyRobertson@gmail.com,9718535580,1960-10-15
US_9642,Devon Moore,DevonMoore@gmail.com,8628714802,1996-12-30
US_9643,Jessica Sharp,JessicaSharp@gmail.com,7557689325,1984-06-27
US_9644,Sharon Peck,SharonPeck@gmail.com,8953890338,1962-03-09
US_9645,Jason Brown,JasonBrown@gmail.com,7503101635,1964-08-21
US_9646,Dustin Boyer,DustinBoyer@gmail.com,7271896196,1974-05-24
US_9647,Jennifer Alexander,JenniferAlexander@gmail.com,7549122298,1990-12-12
US_9648,James Rhodes,JamesRhodes@gmail.com,9343119091,1998-10-14
US_9649,Kyle Moore,KyleMoore@gmail.com,7026135853,1976-11-28
US_9650,Zachary Nelson,ZacharyNelson@gmail.com,8308373752,1968-06-11
US_9651,Gregory Villarreal,GregoryVillarreal@gmail.com,7720045326,1962-12-07
US_9652,Cheryl Cook,CherylCook@gmail.com,8515602095,1993-02-27
US_9653,Chase Lopez,ChaseLopez@gmail.com,9657054098,2003-04-05
US_9654,Jennifer Frey,JenniferFrey@gmail.com,9697495532,2003-11-08
US_9655,Daniel Bruce,DanielBruce@gmail.com,8103556918,1972-09-20
US_9656,Tristan Scott,TristanScott@gmail.com,9340489242,1969-03-20
US_9657,Timothy Farley,TimothyFarley@gmail.com,9927320596,1985-07-22
US_9658,Adam Lozano,AdamLozano@gmail.com,8435255782,1975-10-02
US_9659,Yvonne Murray,YvonneMurray@gmail.com,9357788711,1959-04-23
US_9660,Deanna Hodges,DeannaHodges@gmail.com,7528751227,1977-07-19
US_9661,Crystal Miller,CrystalMiller@gmail.com,7683696915,1986-07-17
US_9662,Bridget Hernandez,BridgetHernandez@gmail.com,8197230883,1974-08-05
US_9663,Patrick Richardson,PatrickRichardson@gmail.com,9971650553,1956-02-22
US_9665,Laura Lucero,LauraLucero@gmail.com,7403250511,1974-10-29
US_9666,Robert Pittman,RobertPittman@gmail.com,7554299714,2006-05-16
US_9667,Jennifer Glass,JenniferGlass@gmail.com,8418951615,1962-03-05
US_9668,Timothy Lee,TimothyLee@gmail.com,8086759635,1990-09-03
US_9669,David Haney Jr.,DavidHaney@gmail.com,9201594223,1964-01-21
US_9670,Heather Ross,HeatherRoss@gmail.com,7329709016,1994-03-09
US_9675,Michelle Summers,MichelleSummers@gmail.com,9402982685,1999-03-11
US_9677,Lauren Thomas,LaurenThomas@gmail.com,9759037928,1975-06-04
US_9680,Philip Vega,PhilipVega@gmail.com,8993770200,1984-03-27
US_9681,Kimberly Cochran,KimberlyCochran@gmail.com,9203495546,1992-09-12
US_9682,Douglas Ross,DouglasRoss@gmail.com,8312694765,1973-11-22
US_9683,Angela Ward,AngelaWard@gmail.com,7648820374,1988-10-19
US_9685,Brian Mills,BrianMills@gmail.com,7103289911,1964-04-28
US_9686,Lori Mullins,LoriMullins@gmail.com,8455168047,1998-12-01
US_9687,Ashley Herring,AshleyHerring@gmail.com,9400097148,2000-03-31
US_9688,Janice Smith,JaniceSmith@gmail.com,9225994821,1959-02-07
US_9689,Lori Phillips,LoriPhillips@gmail.com,7965836631,1973-12-02
US_9690,Heather Turner,HeatherTurner@gmail.com,8223265156,1967-05-15
US_9691,Brianna Richardson,BriannaRichardson@gmail.com,8041820839,1990-09-26
US_9692,Kimberly Walker,KimberlyWalker@gmail.com,9110462712,1999-07-04
US_9693,Brooke Roberts,BrookeRoberts@gmail.com,8521112855,1982-07-17
US_9694,Micheal Soto,MichealSoto@gmail.com,7854923925,1978-05-31
US_9695,Matthew Ewing,MatthewEwing@gmail.com,7366849166,2005-01-11
US_9696,Kelly Cox,KellyCox@gmail.com,8129163632,1988-10-07
US_9697,Nicholas Anderson,NicholasAnderson@gmail.com,8580424806,2002-04-12
US_9698,Cindy Lang MD,CindyLang@gmail.com,8500052115,1957-07-25
US_9699,Lisa Lawson,LisaLawson@gmail.com,8259712999,1999-08-14
US_9700,Megan Holmes,MeganHolmes@gmail.com,9918761159,1993-08-04
US_9701,Daniel Steele,DanielSteele@gmail.com,7949407837,2005-04-22
US_9702,Christopher Wheeler,ChristopherWheeler@gmail.com,9232864626,1954-11-15
US_9703,Kevin Craig,KevinCraig@gmail.com,8013290433,1997-12-27
US_9704,Rebecca Chan,RebeccaChan@gmail.com,9008028016,2001-02-26
US_9706,Jeffrey Mcdowell,JeffreyMcdowell@gmail.com,8178255162,1980-09-04
US_9707,Kelly Little,KellyLittle@gmail.com,9812057089,1973-08-31
US_9708,Jennifer Ellis,JenniferEllis@gmail.com,7988706386,1965-02-05
US_9709,Kathleen Ruiz DVM,KathleenRuiz@gmail.com,7011884107,1969-07-20
US_9710,Laura Patel,LauraPatel@gmail.com,9313568930,1959-11-11
US_9711,Justin Howard,JustinHoward@gmail.com,9326139073,1992-12-13
US_9713,Cathy Thomas,CathyThomas@gmail.com,8185655626,1964-04-02
US_9715,Peter Allen,PeterAllen@gmail.com,7311464293,1954-05-05
US_9716,Elizabeth Armstrong,ElizabethArmstrong@gmail.com,8094318760,1971-10-28
US_9717,Mrs. Lindsey Gilbert,Mrs.Lindsey@gmail.com,8109923378,1983-07-14
US_9718,Donna Harris,DonnaHarris@gmail.com,9813474667,1961-05-22
US_9719,Erica Manning,EricaManning@gmail.com,7196077578,1986-01-31
US_9720,Jeffrey Bates,JeffreyBates@gmail.com,8362077472,1958-05-18
US_9721,Benjamin Brown,BenjaminBrown@gmail.com,8106712048,1991-01-13
US_9722,Andre Hernandez PhD,AndreHernandez@gmail.com,8780703121,1971-04-29
US_9723,Charles Roman,CharlesRoman@gmail.com,8567786676,1958-10-08
US_9724,Damon Powers,DamonPowers@gmail.com,9855337524,1992-04-07
US_9725,Patrick Jackson,PatrickJackson@gmail.com,7346379038,1977-07-25
US_9726,Mary Murray,MaryMurray@gmail.com,7091770156,1998-12-10
US_9728,Dominique Wagner,DominiqueWagner@gmail.com,9766902626,1998-12-27
US_9729,Daniel Petty,DanielPetty@gmail.com,7063133120,1986-02-26
US_9730,James Robles,JamesRobles@gmail.com,9385732717,1998-03-07
US_9732,Jessica Cortez,JessicaCortez@gmail.com,8526766624,1999-07-27
US_9734,Brittany Collins,BrittanyCollins@gmail.com,7608147716,1965-03-07
US_9735,Jillian Mack,JillianMack@gmail.com,9829016769,1989-05-28
US_9736,Lori Gonzalez,LoriGonzalez@gmail.com,8411679397,1968-04-16
US_9737,Hunter Cox,HunterCox@gmail.com,8174834446,1963-05-28
US_9738,Anna Frey,AnnaFrey@gmail.com,7346382736,1973-03-28
US_9739,Rachel Jensen,RachelJensen@gmail.com,7025365095,1988-11-29
US_9740,Craig Davis,CraigDavis@gmail.com,7874018217,1955-10-11
US_9741,Thomas Wise,ThomasWise@gmail.com,7654539669,1997-05-19
US_9742,Holly Herring,HollyHerring@gmail.com,8310705773,1961-06-22
US_9743,Dustin Potter,DustinPotter@gmail.com,9665216311,1979-07-29
US_9744,Michelle Barnes,MichelleBarnes@gmail.com,8967899309,1989-08-29
US_9745,Sara Scott,SaraScott@gmail.com,9298540558,1988-11-26
US_9746,Daniel Horne II,DanielHorne@gmail.com,9557709000,1980-03-21
US_9748,Stephanie Dawson,StephanieDawson@gmail.com,8626301203,1964-02-26
US_9749,Tony Johnson,TonyJohnson@gmail.com,7945027791,1955-10-25
US_9750,Jeffrey Hull,JeffreyHull@gmail.com,7469714876,1980-05-19
US_9751,Corey Daniels,CoreyDaniels@gmail.com,7404983991,1956-05-03
US_9752,Natalie Ramos,NatalieRamos@gmail.com,7195560647,1954-12-03
US_9753,Tammy Fernandez,TammyFernandez@gmail.com,9616122306,1962-08-05
US_9754,Jeremy Sanchez,JeremySanchez@gmail.com,8409286158,2001-02-12
US_9755,Andrew Weiss,AndrewWeiss@gmail.com,7780142431,1993-07-30
US_9756,Lisa Gordon,LisaGordon@gmail.com,9890407860,1995-10-19
US_9758,Jorge Duncan,JorgeDuncan@gmail.com,8840253282,1971-02-11
US_9759,Megan Ramirez,MeganRamirez@gmail.com,8461333267,1998-12-25
US_9760,Tiffany Martin,TiffanyMartin@gmail.com,9965092896,2004-12-25
US_9761,Elizabeth Golden,ElizabethGolden@gmail.com,8594944545,1994-06-18
US_9762,Joseph Larson,JosephLarson@gmail.com,8164107746,1966-04-11
US_9763,Brian Wilkins,BrianWilkins@gmail.com,9033541087,1988-12-03
US_9764,Jasmine Carson,JasmineCarson@gmail.com,9299286730,1969-08-30
US_9765,Amy Boyd,AmyBoyd@gmail.com,9986195885,1982-07-08
US_9766,Gary Collins,GaryCollins@gmail.com,7684573129,1973-07-28
US_9767,Jane Smith,JaneSmith@gmail.com,8973018364,1996-01-19
US_9768,Robert Lewis,RobertLewis@gmail.com,8864838462,1992-07-17
US_9769,Jeremy Stevens,JeremyStevens@gmail.com,7508919934,2001-01-27
US_9770,Lauren Sandoval,LaurenSandoval@gmail.com,9167577309,2005-05-26
US_9771,Jessica Lopez,JessicaLopez@gmail.com,9393532240,2004-05-06
US_9772,George Mercer,GeorgeMercer@gmail.com,7560321805,1961-07-07
US_9773,Kenneth Becker,KennethBecker@gmail.com,8007517084,1992-06-16
US_9774,Veronica Arnold,VeronicaArnold@gmail.com,9040812895,1967-01-05
US_9775,Jonathan Howe,JonathanHowe@gmail.com,7251172008,1958-06-23
US_9776,Justin Fowler,JustinFowler@gmail.com,9655747602,1982-10-27
US_9778,Connie Robinson,ConnieRobinson@gmail.com,9531824979,1964-11-07
US_9779,Joshua Espinoza,JoshuaEspinoza@gmail.com,9844243587,2003-04-19
US_9780,April Briggs,AprilBriggs@gmail.com,9616412072,1974-05-26
US_9782,Carol Morgan,CarolMorgan@gmail.com,8662500904,2004-04-12
US_9783,Cheryl Stone,CherylStone@gmail.com,7774086017,1990-06-10
US_9784,Shawn Johnson,ShawnJohnson@gmail.com,7072397291,2001-07-10
US_9785,Edward Gomez,EdwardGomez@gmail.com,9315968089,1987-08-29
US_9786,Victor Davis,VictorDavis@gmail.com,7109351938,1985-04-04
US_9787,Anthony Adkins,AnthonyAdkins@gmail.com,7156376697,1990-09-04
US_9788,Ann Phillips,AnnPhillips@gmail.com,8141078829,1976-05-18
US_9789,Laura Lopez,LauraLopez@gmail.com,7699079596,1993-04-17
US_9790,Richard Brooks,RichardBrooks@gmail.com,8718631004,1965-03-14
US_9791,Gabriella Johnston,GabriellaJohnston@gmail.com,8899249492,1961-08-19
US_9792,Nancy Watkins,NancyWatkins@gmail.com,9184828581,1966-02-12
US_9794,Jeffrey Keller,JeffreyKeller@gmail.com,9344981877,1969-05-24
US_9796,Travis Harper,TravisHarper@gmail.com,9254898029,2001-07-01
US_9797,Christopher Houston,ChristopherHouston@gmail.com,8352092474,1998-08-23
US_9798,Kristin Baldwin,KristinBaldwin@gmail.com,9381111680,1990-03-18
US_9799,Taylor Diaz,TaylorDiaz@gmail.com,8639040457,1956-09-08
US_9801,Kevin Clark,KevinClark@gmail.com,9106178392,1967-04-15
US_9802,Phillip Ramirez,PhillipRamirez@gmail.com,8428299023,1983-03-06
US_9803,Vernon Williams,VernonWilliams@gmail.com,8617089138,1987-04-24
US_9804,Shannon Stokes,ShannonStokes@gmail.com,7366686218,1975-04-03
US_9805,Anthony Braun,AnthonyBraun@gmail.com,8427987958,1996-02-11
US_9806,Shane Jones,ShaneJones@gmail.com,8893907715,1958-02-24
US_9807,Kathleen Boyd,KathleenBoyd@gmail.com,9214196827,1987-04-18
US_9808,Christopher Cole,ChristopherCole@gmail.com,8266857163,2000-01-30
US_9809,Jasmine Rodriguez,JasmineRodriguez@gmail.com,8120781360,1997-07-06
US_9810,Stephanie Jarvis,StephanieJarvis@gmail.com,7991678651,1960-06-08
US_9812,Marie Rangel,MarieRangel@gmail.com,9290003505,1983-04-19
US_9813,Leslie Greer DVM,LeslieGreer@gmail.com,8301273052,1981-06-09
US_9814,John Davis,JohnDavis@gmail.com,9850034415,1999-07-18
US_9816,Kimberly Nolan,KimberlyNolan@gmail.com,8692191059,2006-04-13
US_9817,Bonnie Barnett,BonnieBarnett@gmail.com,7999512807,1975-07-13
US_9818,Crystal Frazier,CrystalFrazier@gmail.com,8444881381,1956-04-05
US_9819,Tammy Gonzalez,TammyGonzalez@gmail.com,9897797936,1979-01-03
US_9820,Howard Golden,HowardGolden@gmail.com,8839383869,1972-05-08
US_9821,Kathleen Le,KathleenLe@gmail.com,7915632502,1968-11-29
US_9823,Duane Bates,DuaneBates@gmail.com,7145944449,1989-01-08
US_9824,Kristen Watts,KristenWatts@gmail.com,8487197431,1993-01-05
US_9825,Whitney Ochoa,WhitneyOchoa@gmail.com,8717537128,1976-05-13
US_9826,Sierra Padilla,SierraPadilla@gmail.com,8526275743,1986-06-05
US_9827,Laura Sullivan,LauraSullivan@gmail.com,9957534596,2005-10-30
US_9828,Tracy Howard,TracyHoward@gmail.com,8534174022,1973-09-27
US_9829,Brandon Thomas,BrandonThomas@gmail.com,9246347969,2003-09-06
US_9830,Daniel Henderson,DanielHenderson@gmail.com,7809995012,1958-04-27
US_9832,Michael Hawkins,MichaelHawkins@gmail.com,9724203403,2005-09-23
US_9833,David Hogan,DavidHogan@gmail.com,8503000475,1965-04-22
US_9834,Andrew Weaver,AndrewWeaver@gmail.com,8058125016,1975-09-15
US_9835,Levi Meadows,LeviMeadows@gmail.com,7464010578,1980-11-25
US_9837,Jeffery Nguyen,JefferyNguyen@gmail.com,9787420685,1975-04-12
US_9838,Shaun Johnson,ShaunJohnson@gmail.com,8502965844,1992-04-18
US_9839,Kevin Cain,KevinCain@gmail.com,8306216045,1997-08-12
US_9840,Sandra Buck,SandraBuck@gmail.com,7505866396,1965-06-21
US_9841,Ronald Schwartz,RonaldSchwartz@gmail.com,8932247683,1979-05-01
US_9842,Gilbert Reynolds,GilbertReynolds@gmail.com,9017849866,1989-01-23
US_9843,Melinda Little,MelindaLittle@gmail.com,8575151510,1983-02-26
US_9844,Hannah Valdez,HannahValdez@gmail.com,7895123848,1963-12-31
US_9846,Luke Smith,LukeSmith@gmail.com,8858537950,1975-04-06
US_9847,Jordan Villarreal,JordanVillarreal@gmail.com,9623760947,1972-03-27
US_9848,Susan White,SusanWhite@gmail.com,7642818920,2002-07-31
US_9849,Megan Burton,MeganBurton@gmail.com,7423317730,1996-01-11
US_9850,Jared Myers,JaredMyers@gmail.com,9384283219,1980-09-10
US_9851,Kyle Reed,KyleReed@gmail.com,9556793898,1967-10-10
US_9852,James Gates,JamesGates@gmail.com,7734112786,1957-01-16
US_9853,Charles Baird,CharlesBaird@gmail.com,7716707219,2005-07-09
US_9855,Stefanie Flores,StefanieFlores@gmail.com,7774414228,1954-07-25
US_9856,Brandy Casey,BrandyCasey@gmail.com,9403947406,1996-07-02
US_9857,Beverly Roman,BeverlyRoman@gmail.com,9579610021,1955-01-11
US_9858,Angela Blake,AngelaBlake@gmail.com,8405097511,1962-08-17
US_9859,Randy Fernandez,RandyFernandez@gmail.com,7714997651,1989-08-14
US_9860,Randy Parker,RandyParker@gmail.com,8943057365,1999-07-30
US_9861,Debra Pugh,DebraPugh@gmail.com,8034874580,1987-09-01
US_9862,Linda Welch,LindaWelch@gmail.com,8128438559,2003-11-29
US_9863,Jennifer Santos,JenniferSantos@gmail.com,7710448631,2004-10-11
US_9864,Jacob Moore,JacobMoore@gmail.com,9592908032,1978-01-06
US_9866,Timothy Crane,TimothyCrane@gmail.com,7286106068,1994-02-14
US_9867,Mitchell Hernandez,MitchellHernandez@gmail.com,8161000899,1957-10-08
US_9868,Christopher Harris,ChristopherHarris@gmail.com,8151219654,1992-09-06
US_9869,Ronald Myers,RonaldMyers@gmail.com,8630602869,1991-03-18
US_9870,Joseph Mcgee,JosephMcgee@gmail.com,8566408475,1973-04-17
US_9871,Lisa Greene,LisaGreene@gmail.com,8498707010,1969-11-07
US_9872,Jodi Rodriguez,JodiRodriguez@gmail.com,9172835513,1997-04-12
US_9873,Amy Mejia,AmyMejia@gmail.com,8599754195,1966-11-18
US_9874,Ian Dennis,IanDennis@gmail.com,9143513680,1959-04-05
US_9875,Curtis Miller,CurtisMiller@gmail.com,7295123585,1970-07-11
US_9876,Kayla Watson,KaylaWatson@gmail.com,8256140679,1979-01-22
US_9877,Gary Yu,GaryYu@gmail.com,7400756090,2003-09-01
US_9878,Donna Hernandez,DonnaHernandez@gmail.com,7575331849,2006-04-26
US_9879,Nicholas Dawson,NicholasDawson@gmail.com,8250477691,1974-10-22
US_9880,Bradley Thomas,BradleyThomas@gmail.com,7978178927,1966-07-22
US_9881,Denise Scott,DeniseScott@gmail.com,8202406715,1956-04-24
US_9882,Molly Mcguire,MollyMcguire@gmail.com,8898848633,1965-03-06
US_9883,Michael Lindsey,MichaelLindsey@gmail.com,9924406764,2003-02-06
US_9884,Andre Berger,AndreBerger@gmail.com,7561496185,1959-07-12
US_9885,Karla Walker,KarlaWalker@gmail.com,7556892569,1990-09-27
US_9886,Rebecca Gonzalez,RebeccaGonzalez@gmail.com,7747966863,1983-06-01
US_9887,Julie Davenport,JulieDavenport@gmail.com,8794955919,1988-07-12
US_9888,Kimberly Norris,KimberlyNorris@gmail.com,8351035039,1982-11-10
US_9889,Peter Davis,PeterDavis@gmail.com,7410286361,2000-04-09
US_9890,Timothy Thomas,TimothyThomas@gmail.com,8977404459,1985-09-13
US_9891,Johnathan Bentley,JohnathanBentley@gmail.com,7999542503,1962-01-09
US_9892,Stephanie Holmes,StephanieHolmes@gmail.com,8613517469,1991-05-12
US_9893,Marissa Choi,MarissaChoi@gmail.com,7650431788,1961-03-17
US_9894,Latasha Hernandez,LatashaHernandez@gmail.com,9692994535,1998-09-30
US_9895,William Cooper,WilliamCooper@gmail.com,8130818944,1979-01-08
US_9896,Raymond Fischer,RaymondFischer@gmail.com,9273696127,1964-12-27
US_9897,Daniel Cook,DanielCook@gmail.com,8940411227,1983-03-31
US_9898,Jocelyn Campbell,JocelynCampbell@gmail.com,8837426955,1990-09-18
US_9899,Hannah Anderson,HannahAnderson@gmail.com,8960555990,1992-02-05
US_9900,Michael Shaw,MichaelShaw@gmail.com,9866405967,1976-09-02
US_9901,Briana Curry,BrianaCurry@gmail.com,7033863175,1963-10-27
US_9902,Samantha Hernandez MD,SamanthaHernandez@gmail.com,8479615203,1964-12-03
US_9903,Bethany Morris,BethanyMorris@gmail.com,9603354287,1975-08-20
US_9904,Austin Owens,AustinOwens@gmail.com,9051529264,1990-08-15
US_9905,Kristin Lopez,KristinLopez@gmail.com,9635390183,2005-12-11
US_9906,Angel Wright,AngelWright@gmail.com,8548076676,2000-07-16
US_9907,David Fitzgerald,DavidFitzgerald@gmail.com,7925818035,1986-11-26
US_9908,Victor Moore,VictorMoore@gmail.com,7589731882,2003-10-07
US_9909,Mrs. Kaitlyn James,Mrs.Kaitlyn@gmail.com,9882072229,1996-08-13
US_9911,Kathleen Flores,KathleenFlores@gmail.com,9492193370,1968-02-21
US_9912,Kathryn Miller,KathrynMiller@gmail.com,7978936969,2003-03-08
US_9914,Michael Underwood,MichaelUnderwood@gmail.com,9230909360,1996-03-15
US_9915,Jean Ward,JeanWard@gmail.com,9408537288,1995-07-28
US_9916,Jacob Brady,JacobBrady@gmail.com,8550526797,1958-07-18
US_9917,Carl Douglas,CarlDouglas@gmail.com,8799717201,1954-07-23
US_9918,Ryan Joseph,RyanJoseph@gmail.com,7441160764,1972-04-28
US_9919,Dawn Blevins,DawnBlevins@gmail.com,9551212972,2000-11-29
US_9920,Mark Martinez,MarkMartinez@gmail.com,7507734296,1985-04-06
US_9921,Angela Weeks,AngelaWeeks@gmail.com,9005940195,1961-08-03
US_9922,Kevin Camacho,KevinCamacho@gmail.com,8495202481,1963-08-03
US_9923,Eric Zimmerman,EricZimmerman@gmail.com,7050724384,1981-10-18
US_9924,Timothy Lewis,TimothyLewis@gmail.com,9663384843,1960-07-07
US_9925,Lisa Mendoza,LisaMendoza@gmail.com,8219969917,1961-07-06
US_9926,Melinda Cox,MelindaCox@gmail.com,8416606189,1981-08-02
US_9927,David Hill,DavidHill@gmail.com,9291708042,1976-08-16
US_9928,Joanne Dean,JoanneDean@gmail.com,8091645567,1973-03-31
US_9929,Julie Davis,JulieDavis@gmail.com,7060427019,1967-04-30
US_9930,Nicole Conner,NicoleConner@gmail.com,8337492366,1957-01-26
US_9931,Edward Greene,EdwardGreene@gmail.com,9439473796,1959-11-02
US_9932,Patrick Daniels MD,PatrickDaniels@gmail.com,7717132921,1957-07-20
US_9934,Katie Massey,KatieMassey@gmail.com,9591243822,1991-10-09
US_9935,Jamie Gould,JamieGould@gmail.com,8745028538,1976-03-20
US_9936,Rhonda Anderson MD,RhondaAnderson@gmail.com,7902136888,1962-12-09
US_9937,Kathryn Scott,KathrynScott@gmail.com,8644782189,1971-06-10
US_9938,William Robinson,WilliamRobinson@gmail.com,9427020942,1960-04-30
US_9939,Steven Aguilar,StevenAguilar@gmail.com,8082147677,1980-07-05
US_9941,Cody Pitts,CodyPitts@gmail.com,8581442992,1978-02-23
US_9942,Justin Noble,JustinNoble@gmail.com,9185000958,1989-10-08
US_9943,Dylan Clark,DylanClark@gmail.com,7182341288,1971-03-29
US_9944,Erik David,ErikDavid@gmail.com,9987174357,1998-06-11
US_9945,Stephanie Robinson,StephanieRobinson@gmail.com,9185896364,1998-05-15
US_9946,Joel Stevens,JoelStevens@gmail.com,9071467888,1959-02-15
US_9947,Kathleen Smith,KathleenSmith@gmail.com,9018542808,1989-12-28
US_9949,Dr. Jennifer Smith DVM,Dr.Jennifer@gmail.com,8093147597,1956-06-15
US_9950,Mitchell Martin,MitchellMartin@gmail.com,7086696043,2004-11-29
US_9951,Sarah Wilson DVM,SarahWilson@gmail.com,9626047564,1994-01-16
US_9952,Maria Martinez,MariaMartinez@gmail.com,9630375793,1991-03-26
US_9953,Tanya Trevino,TanyaTrevino@gmail.com,9936515168,1961-10-09
US_9954,Sharon Medina,SharonMedina@gmail.com,8054437073,1969-06-04
US_9955,Dr. Phillip Anderson,Dr.Phillip@gmail.com,7541523692,2003-03-24
US_9956,Richard George,RichardGeorge@gmail.com,9387462632,1993-07-15
US_9957,Adam Evans,AdamEvans@gmail.com,7594164315,1994-03-03
US_9958,Maria Murillo,MariaMurillo@gmail.com,8394561578,1968-11-08
US_9959,Christopher Hodges,ChristopherHodges@gmail.com,7113220596,1989-10-30
US_9960,Jennifer Levy,JenniferLevy@gmail.com,8621299466,1984-09-01
US_9961,Donald Gomez,DonaldGomez@gmail.com,9115263712,1987-04-22
US_9962,Christopher King,ChristopherKing@gmail.com,9624591240,1961-06-18
US_9963,Christine Peterson,ChristinePeterson@gmail.com,8853245811,1956-09-12
US_9964,Destiny Johns,DestinyJohns@gmail.com,8942226844,1998-09-16
US_9965,Ashley Meyer,AshleyMeyer@gmail.com,9254659318,1973-06-22
US_9966,Scott Hamilton,ScottHamilton@gmail.com,7739608413,1984-05-28
US_9967,Walter White,WalterWhite@gmail.com,7959612382,1964-06-26
US_9968,James Young,JamesYoung@gmail.com,8378182229,1982-11-15
US_9969,Anita Sherman,AnitaSherman@gmail.com,8077233489,2003-12-20
US_9970,Justin Swanson,JustinSwanson@gmail.com,9629456250,2003-03-01
US_9971,James Garrett,JamesGarrett@gmail.com,7941629517,2001-06-10
US_9972,Angela Jenkins,AngelaJenkins@gmail.com,9688126477,1987-01-24
US_9973,Gregory Ward,GregoryWard@gmail.com,8617265959,1988-02-07
US_9974,Ms. Lori Watson,Ms.Lori@gmail.com,7800686460,1972-07-19
US_9975,Carol Dean,CarolDean@gmail.com,9428741477,1990-08-29
US_9976,Dr. Thomas Clark PhD,Dr.Thomas@gmail.com,7666116131,1993-11-12
US_9978,John Murray MD,JohnMurray@gmail.com,7613431225,1963-10-01
US_9979,Jacob Clark,JacobClark@gmail.com,7132060621,1990-07-26
US_9980,Jessica Clark,JessicaClark@gmail.com,9275630561,1992-01-06
US_9981,Ann Scott,AnnScott@gmail.com,9516295836,1978-02-15
US_9982,Lauren Robinson,LaurenRobinson@gmail.com,9868540110,1992-11-01
US_9983,Kristi Choi,KristiChoi@gmail.com,8662510273,1988-04-07
US_9985,Sarah Lee,SarahLee@gmail.com,8146823469,1993-02-21
US_9986,Alexandria Shepherd,AlexandriaShepherd@gmail.com,8180700136,1988-01-19
US_9987,Ashley Glenn,AshleyGlenn@gmail.com,8929225968,1976-10-06
US_9988,Benjamin Walker,BenjaminWalker@gmail.com,8238410120,2003-09-23
US_9989,Eric Rasmussen,EricRasmussen@gmail.com,9424057603,1993-07-20
US_9990,Clifford Gonzalez,CliffordGonzalez@gmail.com,9771289335,1982-04-02
US_9991,Kathryn Moore,KathrynMoore@gmail.com,8450605357,1956-11-08
US_9992,Willie Munoz,WillieMunoz@gmail.com,8682134279,1982-06-12
US_9993,Sean Warren,SeanWarren@gmail.com,7413338072,2000-04-30
US_9994,Robert Cruz,RobertCruz@gmail.com,9552811007,1960-03-03
US_9995,Samantha Petersen,SamanthaPetersen@gmail.com,9945491069,1959-12-13
US_9996,Alicia Combs,AliciaCombs@gmail.com,7336775818,1969-12-14
US_9997,Miss Laura Davis,MissLaura@gmail.com,7991384953,1988-11-21
US_9998,Mrs. Kerri Weeks,Mrs.Kerri@gmail.com,9633173448,1967-04-11
US_9999,Louis Armstrong,LouisArmstrong@gmail.com,8412262461,1977-12-19
