payment_id,booking_id,user_id,amount,payment_method,payment_date,status,transaction_ref
PMT_1,BK_1,US_543,810.88,Credit Card,2025-07-26 19:40:18,completed,
PMT_2,BK_2,US_2440,0.0,Debit Card,2024-05-31 11:52:49,failed,
PMT_3,BK_3,US_4022,846.3,Wallet,2025-06-05 22:58:22,completed,
PMT_4,BK_4,US_393,189.86,Wallet,2024-05-11 03:39:48,completed,
PMT_5,BK_5,US_8593,327.8,Wallet,2024-09-21 04:57:45,completed,
PMT_7,BK_7,US_9127,922.4,Net Banking,2024-09-30 23:31:54,completed,
PMT_8,BK_8,US_5127,949.14,Net Banking,2024-03-05 10:28:18,completed,
PMT_9,BK_9,US_5951,0.0,Debit Card,2025-08-20 12:17:27,failed,
PMT_10,BK_10,US_2851,486.87,Wallet,2025-12-28 13:57:17,completed,
PMT_11,BK_11,US_2505,0.0,Net Banking,2025-12-28 06:16:26,refunded,
PMT_12,BK_12,US_7550,0.0,Debit Card,2025-07-23 10:01:53,failed,
PMT_13,BK_13,US_737,1579.64,Credit Card,2024-03-22 03:47:29,completed,
PMT_14,BK_14,US_1212,765.96,Credit Card,2025-04-29 17:29:36,completed,
PMT_15,BK_15,US_8432,166.74,Wallet,2024-08-04 04:52:44,completed,
PMT_16,BK_16,US_6809,0.0,Debit Card,2025-01-26 08:35:18,failed,
PMT_18,BK_18,US_9226,820.08,UPI,2024-08-03 14:45:46,completed,
PMT_19,BK_19,US_9018,499.89,Wallet,2025-02-22 06:28:14,completed,
PMT_20,BK_20,US_4929,1056.9,UPI,2025-11-10 21:33:50,completed,
PMT_21,BK_21,US_6584,1471.36,UPI,2025-09-02 14:28:49,completed,
PMT_22,BK_22,US_7920,691.08,Wallet,2024-07-18 06:24:31,completed,
PMT_23,BK_23,US_3765,750.14,Wallet,2024-10-15 17:30:58,completed,
PMT_24,BK_24,US_8324,0.0,Wallet,2024-03-19 00:29:20,refunded,
PMT_25,BK_25,US_3831,601.92,UPI,2025-11-29 07:02:45,completed,
PMT_26,BK_26,US_2881,458.11,Credit Card,2025-04-23 09:36:57,completed,
PMT_27,BK_27,US_9456,0.0,Wallet,2025-01-08 22:07:25,refunded,
PMT_28,BK_28,US_5773,0.0,UPI,2025-10-01 06:54:55,failed,
PMT_29,BK_29,US_1688,291.17,Wallet,2025-05-04 21:36:35,completed,
PMT_30,BK_30,US_138,638.3100000000001,Net Banking,2025-02-23 07:19:42,completed,
PMT_31,BK_31,US_6341,0.0,Debit Card,2024-11-02 23:01:30,refunded,
PMT_32,BK_32,US_9990,588.04,Net Banking,2024-01-15 12:53:18,completed,
PMT_33,BK_33,US_1923,639.27,Net Banking,2025-09-19 18:58:11,completed,
PMT_34,BK_34,US_3871,1563.44,UPI,2024-01-13 11:15:49,completed,
PMT_35,BK_35,US_3611,376.8,Credit Card,2024-01-03 19:24:36,completed,
PMT_36,BK_36,US_8242,603.6899999999999,Debit Card,2024-06-15 16:46:58,completed,
PMT_37,BK_37,US_4057,310.65,Debit Card,2025-05-03 10:43:40,completed,
PMT_38,BK_38,US_1861,655.68,UPI,2024-04-09 08:11:06,completed,
PMT_39,BK_39,US_6755,564.99,UPI,2024-09-02 01:20:09,completed,
PMT_41,BK_41,US_5592,388.05,Net Banking,2024-01-27 06:10:10,completed,
PMT_44,BK_44,US_950,1168.1100000000001,Wallet,2024-09-17 00:37:29,completed,
PMT_45,BK_45,US_7217,669.98,Credit Card,2024-04-19 20:16:45,completed,
PMT_46,BK_46,US_6807,758.34,Debit Card,2024-11-04 03:35:48,completed,
PMT_47,BK_47,US_3114,950.76,Credit Card,2024-09-05 21:37:15,completed,
PMT_49,BK_49,US_462,638.08,Wallet,2025-09-07 17:01:13,completed,
PMT_52,BK_52,US_5891,745.0,Credit Card,2024-11-13 11:21:09,completed,
PMT_54,BK_54,US_7727,0.0,UPI,2024-11-02 00:00:46,refunded,
PMT_55,BK_55,US_3570,0.0,Credit Card,2024-02-01 05:02:38,failed,
PMT_56,BK_56,US_6170,650.44,Credit Card,2024-04-04 23:07:04,completed,
PMT_57,BK_57,US_6021,914.78,Net Banking,2025-04-07 19:40:11,completed,
PMT_59,BK_59,US_6551,1436.04,Net Banking,2025-10-22 02:54:43,completed,
PMT_60,BK_60,US_883,913.76,Debit Card,2025-09-21 14:56:13,completed,
PMT_61,BK_61,US_8894,1074.75,Net Banking,2025-12-09 02:26:06,completed,
PMT_62,BK_62,US_2663,498.21,Wallet,2025-10-28 09:36:28,completed,
PMT_63,BK_63,US_8180,224.85,Credit Card,2025-03-19 11:26:55,completed,
PMT_64,BK_64,US_6345,0.0,Wallet,2025-09-06 15:57:49,failed,
PMT_65,BK_65,US_97,276.05,Net Banking,2025-09-30 12:00:29,completed,
PMT_66,BK_66,US_8992,950.32,Debit Card,2024-04-30 06:21:04,completed,
PMT_67,BK_67,US_9830,1730.44,Credit Card,2024-11-09 03:13:56,completed,
PMT_68,BK_68,US_965,750.14,UPI,2024-07-13 05:32:10,completed,
PMT_69,BK_69,US_1397,0.0,Credit Card,2025-12-09 09:27:31,refunded,
PMT_70,BK_70,US_9456,709.6,Wallet,2024-08-10 22:58:18,completed,
PMT_71,BK_71,US_7126,0.0,UPI,2025-03-05 18:48:00,refunded,
PMT_72,BK_72,US_3394,327.25,Debit Card,2024-02-07 10:35:25,completed,
PMT_73,BK_73,US_3368,415.84,Wallet,2025-03-15 21:31:02,completed,
PMT_74,BK_74,US_5784,1189.0500000000002,Debit Card,2024-01-13 03:45:45,completed,
PMT_75,BK_75,US_487,491.79,Wallet,2024-03-02 19:42:36,completed,
PMT_77,BK_77,US_5133,717.84,Debit Card,2024-05-05 12:19:32,completed,
PMT_78,BK_78,US_5003,454.5,Net Banking,2024-11-12 11:54:19,completed,
PMT_79,BK_79,US_7869,0.0,Credit Card,2025-11-22 10:49:55,failed,
PMT_80,BK_80,US_279,0.0,Debit Card,2025-10-13 22:52:00,failed,
PMT_81,BK_81,US_8287,193.09,UPI,2024-08-24 09:28:32,completed,
PMT_82,BK_82,US_9512,1397.8,Debit Card,2025-05-02 13:32:56,completed,
PMT_83,BK_83,US_693,1790.32,Wallet,2025-02-08 04:56:55,completed,
PMT_84,BK_84,US_4554,300.17,Debit Card,2024-04-17 16:37:21,completed,
PMT_85,BK_85,US_7110,277.38,Wallet,2025-11-18 09:09:56,completed,
PMT_86,BK_86,US_6237,610.74,Net Banking,2025-05-13 04:01:25,completed,
PMT_87,BK_87,US_2338,0.0,UPI,2025-02-06 23:34:24,failed,
PMT_88,BK_88,US_2694,0.0,Wallet,2024-10-02 16:48:09,refunded,
PMT_89,BK_89,US_1452,1814.12,UPI,2025-05-07 12:22:54,completed,
PMT_90,BK_90,US_2992,461.79,Wallet,2024-09-25 23:17:39,completed,
PMT_91,BK_91,US_8220,0.0,Net Banking,2025-02-27 04:17:02,refunded,
PMT_92,BK_92,US_2863,151.48,Credit Card,2024-04-23 13:21:35,completed,
PMT_93,BK_93,US_6642,0.0,UPI,2025-08-13 20:48:02,failed,
PMT_94,BK_94,US_84,620.16,UPI,2025-02-24 22:48:29,completed,
PMT_95,BK_95,US_6447,1559.12,UPI,2025-03-09 12:09:29,completed,
PMT_96,BK_96,US_3943,483.41999999999996,Debit Card,2024-12-10 22:28:48,completed,
PMT_97,BK_97,US_7144,311.26,Net Banking,2025-01-17 03:18:34,completed,
PMT_98,BK_98,US_8140,1239.54,Wallet,2025-09-12 06:27:05,completed,
PMT_99,BK_99,US_3859,0.0,Credit Card,2024-03-21 02:16:05,failed,
PMT_100,BK_100,US_8701,431.46,Credit Card,2025-12-20 15:05:03,completed,
PMT_101,BK_101,US_7789,462.51,UPI,2024-09-15 21:10:12,completed,
PMT_103,BK_103,US_2121,986.4,Wallet,2024-11-01 07:14:55,completed,
PMT_104,BK_104,US_4851,774.68,UPI,2024-04-10 04:55:15,completed,
PMT_106,BK_106,US_6278,517.59,Net Banking,2024-01-15 14:01:50,completed,
PMT_107,BK_107,US_2937,472.52,Debit Card,2025-06-17 10:05:09,completed,
PMT_108,BK_108,US_3313,1905.72,Debit Card,2024-03-07 13:07:24,completed,
PMT_109,BK_109,US_3553,0.0,Wallet,2025-04-01 18:28:30,refunded,
PMT_110,BK_110,US_2302,226.51,Credit Card,2024-07-26 16:24:21,completed,
PMT_111,BK_111,US_4040,387.86,Debit Card,2025-01-11 05:14:25,completed,
PMT_112,BK_112,US_6184,847.36,Credit Card,2025-05-05 14:38:37,completed,
PMT_113,BK_113,US_7758,0.0,Net Banking,2025-01-29 01:23:02,failed,
PMT_114,BK_114,US_2880,294.74,UPI,2024-10-30 02:44:04,completed,
PMT_115,BK_115,US_5904,475.3,Wallet,2025-11-07 12:30:35,completed,
PMT_118,BK_118,US_7565,574.4,Net Banking,2024-10-07 23:22:48,completed,
PMT_119,BK_119,US_7766,852.0899999999999,Wallet,2025-01-16 04:23:51,completed,
PMT_120,BK_120,US_6637,1518.36,UPI,2025-11-06 07:55:51,completed,
PMT_121,BK_121,US_8503,358.08,Net Banking,2025-04-11 04:15:38,completed,
PMT_122,BK_122,US_7734,0.0,UPI,2024-04-23 19:39:42,refunded,
PMT_123,BK_123,US_882,0.0,Wallet,2024-06-12 02:45:29,failed,
PMT_126,BK_126,US_2720,925.88,Credit Card,2024-11-07 17:50:00,completed,
PMT_127,BK_127,US_5405,214.59,Credit Card,2024-06-18 19:58:48,completed,
PMT_129,BK_129,US_4863,1060.9499999999998,Debit Card,2025-08-21 18:56:37,completed,
PMT_130,BK_130,US_3079,297.47,Debit Card,2024-09-22 05:02:42,completed,
PMT_131,BK_131,US_3779,827.8199999999999,Wallet,2025-10-02 10:49:23,completed,
PMT_132,BK_132,US_7436,0.0,Wallet,2024-07-07 21:41:40,refunded,
PMT_133,BK_133,US_9398,1098.08,Credit Card,2025-10-20 02:28:40,completed,
PMT_137,BK_137,US_1769,0.0,Debit Card,2024-07-14 00:13:33,failed,
PMT_138,BK_138,US_7532,0.0,Credit Card,2024-12-10 21:40:28,failed,
PMT_139,BK_139,US_4950,0.0,Wallet,2025-08-11 23:58:41,refunded,
PMT_140,BK_140,US_2978,459.05,UPI,2025-12-18 06:11:53,completed,
PMT_141,BK_141,US_8241,676.52,Credit Card,2025-01-11 16:21:22,completed,
PMT_142,BK_142,US_6052,724.46,Net Banking,2025-07-19 15:18:06,completed,
PMT_143,BK_143,US_3252,0.0,UPI,2025-02-13 08:59:38,failed,
PMT_144,BK_144,US_3256,618.84,Net Banking,2025-05-24 14:43:40,completed,
PMT_146,BK_146,US_3599,870.4,Wallet,2024-12-09 12:14:22,completed,
PMT_147,BK_147,US_4850,1163.12,UPI,2025-08-23 23:53:55,completed,
PMT_148,BK_148,US_9605,1305.2,Wallet,2025-03-27 07:54:46,completed,
PMT_149,BK_149,US_9716,737.64,Debit Card,2024-02-09 14:26:08,completed,
PMT_150,BK_150,US_1161,470.04,Debit Card,2025-04-20 04:10:38,completed,
PMT_151,BK_151,US_8518,0.0,Debit Card,2024-04-20 05:20:19,failed,
PMT_152,BK_152,US_2825,1492.6,Net Banking,2024-09-04 21:14:46,completed,
PMT_153,BK_153,US_6214,307.86,Wallet,2024-10-25 16:43:15,completed,
PMT_154,BK_154,US_7386,709.98,Wallet,2024-04-12 03:15:16,completed,
PMT_157,BK_157,US_9640,367.55,Net Banking,2024-04-07 07:00:21,completed,
PMT_158,BK_158,US_1012,628.28,Debit Card,2024-10-24 21:14:10,completed,
PMT_159,BK_159,US_3874,0.0,UPI,2025-10-11 14:05:46,failed,
PMT_160,BK_160,US_6759,1912.44,Net Banking,2025-10-25 18:47:03,completed,
PMT_161,BK_161,US_4481,779.0,Credit Card,2025-04-01 15:26:33,completed,
PMT_162,BK_162,US_2664,924.84,UPI,2024-11-04 06:32:43,completed,
PMT_166,BK_166,US_3391,395.4,Credit Card,2025-10-29 00:12:58,completed,
PMT_167,BK_167,US_7287,991.86,Credit Card,2025-10-10 08:00:35,completed,
PMT_168,BK_168,US_9789,1950.84,Debit Card,2025-05-08 20:41:44,completed,
PMT_169,BK_169,US_9114,491.44,Net Banking,2024-01-22 00:10:59,completed,
PMT_170,BK_170,US_4114,488.88,Debit Card,2024-09-29 13:48:05,completed,
PMT_171,BK_171,US_3658,940.92,Credit Card,2025-07-11 06:16:23,completed,
PMT_172,BK_172,US_649,263.22,Wallet,2024-11-08 09:43:36,completed,
PMT_173,BK_173,US_4328,0.0,Wallet,2024-07-29 06:45:34,refunded,
PMT_174,BK_174,US_6475,729.42,UPI,2024-08-25 09:27:33,completed,
PMT_176,BK_176,US_1541,248.13,Wallet,2025-09-05 02:48:18,completed,
PMT_177,BK_177,US_2353,656.76,Wallet,2024-05-05 03:12:20,completed,
PMT_178,BK_178,US_674,665.52,Credit Card,2024-05-08 00:14:58,completed,
PMT_179,BK_179,US_8127,481.89,Net Banking,2024-02-16 00:28:12,completed,
PMT_180,BK_180,US_6563,665.28,Debit Card,2024-05-07 03:09:20,completed,
PMT_181,BK_181,US_6059,1565.92,UPI,2024-02-06 11:52:43,completed,
PMT_182,BK_182,US_2970,368.42,UPI,2024-09-09 17:46:42,completed,
PMT_183,BK_183,US_314,947.12,Net Banking,2025-01-15 18:51:21,completed,
PMT_184,BK_184,US_5073,776.08,Net Banking,2024-02-16 05:08:49,completed,
PMT_185,BK_185,US_3813,454.52,Wallet,2025-08-31 17:12:38,completed,
PMT_186,BK_186,US_3220,411.76,Wallet,2025-05-27 02:12:58,completed,
PMT_188,BK_188,US_3536,0.0,UPI,2024-09-12 17:41:07,refunded,
PMT_189,BK_189,US_5092,1325.43,Credit Card,2025-05-27 17:16:58,completed,
PMT_190,BK_190,US_3761,0.0,Wallet,2025-04-21 01:11:34,failed,
PMT_191,BK_191,US_2128,808.86,UPI,2025-10-28 00:18:46,completed,
PMT_192,BK_192,US_1898,1442.91,UPI,2025-11-06 01:46:42,completed,
PMT_193,BK_193,US_1113,1387.77,Net Banking,2024-11-09 09:16:01,completed,
PMT_194,BK_194,US_9983,0.0,UPI,2025-08-17 03:03:57,failed,
PMT_195,BK_195,US_3334,0.0,Credit Card,2025-09-01 20:22:15,failed,
PMT_196,BK_196,US_6548,0.0,UPI,2025-03-14 16:18:28,failed,
PMT_197,BK_197,US_4890,424.48,Debit Card,2024-09-30 17:28:52,completed,
PMT_199,BK_199,US_7868,0.0,Debit Card,2024-09-15 12:32:44,failed,
PMT_200,BK_200,US_7554,334.89,Wallet,2024-07-26 04:06:03,completed,
PMT_202,BK_202,US_8882,937.64,UPI,2024-10-12 15:24:23,completed,
PMT_203,BK_203,US_1566,669.7,Credit Card,2024-01-25 06:59:27,completed,
PMT_204,BK_204,US_4208,0.0,UPI,2025-08-14 00:08:16,failed,
PMT_205,BK_205,US_9924,266.5,Wallet,2024-05-23 04:20:54,completed,
PMT_206,BK_206,US_735,819.66,Wallet,2024-05-03 07:17:31,completed,
PMT_207,BK_207,US_962,0.0,Credit Card,2025-04-08 20:37:15,failed,
PMT_209,BK_209,US_2980,413.74,Credit Card,2025-06-01 13:33:17,completed,
PMT_213,BK_213,US_1800,1049.4,Credit Card,2024-10-02 18:06:07,completed,
PMT_214,BK_214,US_1161,516.02,Net Banking,2024-08-20 00:52:39,completed,
PMT_216,BK_216,US_9389,351.94,Debit Card,2024-10-24 19:33:22,completed,
PMT_217,BK_217,US_287,1062.88,Net Banking,2024-01-02 16:46:15,completed,
PMT_218,BK_218,US_8025,1975.72,UPI,2025-04-08 14:28:56,completed,
PMT_221,BK_221,US_5449,1567.68,Credit Card,2024-10-29 10:19:36,completed,
PMT_222,BK_222,US_505,0.0,Debit Card,2025-02-01 22:49:04,failed,
PMT_223,BK_223,US_3657,749.14,Net Banking,2025-09-26 10:16:47,completed,
PMT_224,BK_224,US_233,325.83,Debit Card,2024-08-31 05:10:49,completed,
PMT_225,BK_225,US_1862,0.0,Net Banking,2024-02-25 12:05:39,failed,
PMT_226,BK_226,US_196,1105.72,Debit Card,2024-07-29 09:27:59,completed,
PMT_227,BK_227,US_5210,1195.1999999999998,Debit Card,2024-03-17 10:58:52,completed,
PMT_229,BK_229,US_146,452.98,Debit Card,2025-02-25 13:37:25,completed,
PMT_230,BK_230,US_986,171.03,Net Banking,2024-02-02 01:15:51,completed,
PMT_231,BK_231,US_8763,0.0,UPI,2024-11-06 13:43:17,refunded,
PMT_232,BK_232,US_8143,200.7,Net Banking,2025-09-04 14:25:54,completed,
PMT_233,BK_233,US_9311,0.0,Debit Card,2024-02-03 05:23:41,failed,
PMT_234,BK_234,US_3273,189.83,Debit Card,2025-06-30 05:58:53,completed,
PMT_235,BK_235,US_160,255.7,Debit Card,2024-07-30 01:30:43,completed,
PMT_236,BK_236,US_3889,984.5,Debit Card,2024-04-02 18:08:38,completed,
PMT_237,BK_237,US_9000,910.0,Credit Card,2025-06-16 18:25:45,completed,
PMT_238,BK_238,US_7940,1953.88,Debit Card,2024-03-08 23:57:33,completed,
PMT_239,BK_239,US_7586,447.39,UPI,2025-08-19 18:48:59,completed,
PMT_240,BK_240,US_1979,582.64,Wallet,2025-09-25 05:56:10,completed,
PMT_241,BK_241,US_7350,1133.97,Net Banking,2024-09-02 04:15:27,completed,
PMT_242,BK_242,US_5486,561.3,UPI,2024-07-24 18:28:21,completed,
PMT_243,BK_243,US_2095,1068.04,Credit Card,2024-11-22 00:02:22,completed,
PMT_245,BK_245,US_8953,679.17,Credit Card,2024-02-03 13:51:20,completed,
PMT_246,BK_246,US_6282,954.86,UPI,2024-09-25 11:12:23,completed,
PMT_247,BK_247,US_301,1343.97,UPI,2025-02-21 20:33:10,completed,
PMT_248,BK_248,US_4178,675.1800000000001,Wallet,2024-05-01 03:20:03,completed,
PMT_249,BK_249,US_1590,1130.0,Wallet,2024-10-27 19:03:02,completed,
PMT_250,BK_250,US_3937,1224.75,Wallet,2024-11-26 14:50:35,completed,
PMT_252,BK_252,US_9333,274.09,UPI,2024-03-03 22:34:17,completed,
PMT_253,BK_253,US_4526,0.0,Wallet,2024-01-23 04:08:12,refunded,
PMT_255,BK_255,US_8889,367.39,Net Banking,2025-06-06 09:07:00,completed,
PMT_256,BK_256,US_2938,682.7,Credit Card,2025-08-16 18:42:46,completed,
PMT_257,BK_257,US_6195,1313.6,Wallet,2025-09-21 16:24:45,completed,
PMT_258,BK_258,US_3061,1452.27,Net Banking,2025-01-13 19:39:32,completed,
PMT_259,BK_259,US_2284,785.94,Debit Card,2025-06-27 03:28:12,completed,
PMT_260,BK_260,US_1357,0.0,Debit Card,2025-01-07 23:18:04,refunded,
PMT_261,BK_261,US_6212,1320.28,Wallet,2025-01-30 15:31:34,completed,
PMT_262,BK_262,US_9088,713.86,Net Banking,2024-02-13 13:38:47,completed,
PMT_263,BK_263,US_3706,845.16,Wallet,2025-09-13 18:15:50,completed,
PMT_264,BK_264,US_9634,763.3499999999999,Net Banking,2025-07-01 01:12:34,completed,
PMT_265,BK_265,US_2582,312.56,Net Banking,2024-02-18 05:11:37,completed,
PMT_266,BK_266,US_190,321.89,UPI,2024-10-08 18:27:04,completed,
PMT_267,BK_267,US_1423,418.56,Net Banking,2024-08-18 18:22:57,completed,
PMT_269,BK_269,US_7567,0.0,UPI,2025-04-18 03:51:41,refunded,
PMT_270,BK_270,US_5823,0.0,Credit Card,2025-01-01 20:18:09,refunded,
PMT_271,BK_271,US_2219,617.1,Credit Card,2024-07-16 13:13:05,completed,
PMT_272,BK_272,US_204,493.14,Debit Card,2024-12-14 17:26:46,completed,
PMT_273,BK_273,US_2414,456.35,Wallet,2025-06-23 02:09:28,completed,
PMT_274,BK_274,US_3662,1882.16,UPI,2024-12-15 12:52:57,completed,
PMT_275,BK_275,US_5959,1327.56,Wallet,2024-03-28 14:36:11,completed,
PMT_276,BK_276,US_9401,685.78,UPI,2024-11-21 22:25:44,completed,
PMT_277,BK_277,US_5424,586.02,Net Banking,2025-01-16 09:07:42,completed,
PMT_278,BK_278,US_5766,852.8,Credit Card,2024-06-25 10:35:35,completed,
PMT_279,BK_279,US_2150,373.22,Wallet,2024-08-28 04:29:27,completed,
PMT_281,BK_281,US_2800,389.76,Debit Card,2025-10-28 12:31:06,completed,
PMT_284,BK_284,US_3364,1315.17,Wallet,2024-12-29 16:32:34,completed,
PMT_285,BK_285,US_2310,626.16,Credit Card,2024-07-31 21:51:46,completed,
PMT_286,BK_286,US_7841,807.4499999999999,UPI,2024-06-29 12:33:04,completed,
PMT_287,BK_287,US_2624,361.94,Wallet,2025-11-15 01:13:28,completed,
PMT_288,BK_288,US_3585,175.79,Net Banking,2025-06-03 11:27:35,completed,
PMT_290,BK_290,US_3031,1030.41,Debit Card,2024-07-06 12:12:32,completed,
PMT_291,BK_291,US_7244,0.0,Net Banking,2024-04-25 10:21:17,failed,
PMT_293,BK_293,US_2278,1003.29,Wallet,2025-04-04 23:11:02,completed,
PMT_294,BK_294,US_2139,998.72,Net Banking,2025-03-29 18:31:06,completed,
PMT_296,BK_296,US_350,200.65,UPI,2025-01-07 07:21:44,completed,
PMT_298,BK_298,US_9220,163.73,Credit Card,2025-07-02 19:48:51,completed,
PMT_301,BK_301,US_435,1396.98,Credit Card,2025-01-10 16:32:46,completed,
PMT_302,BK_302,US_8917,1450.71,Wallet,2025-03-16 09:59:51,completed,
PMT_306,BK_306,US_9278,1055.0,Net Banking,2024-02-29 13:42:41,completed,
PMT_307,BK_307,US_5585,1682.24,Credit Card,2025-04-01 18:41:36,completed,
PMT_308,BK_308,US_2403,1631.0,UPI,2024-12-07 21:01:40,completed,
PMT_309,BK_309,US_6876,0.0,Wallet,2025-03-09 20:43:48,failed,
PMT_310,BK_310,US_9677,888.88,Debit Card,2025-03-07 14:04:16,completed,
PMT_311,BK_311,US_9994,277.55,UPI,2025-07-29 07:49:37,completed,
PMT_312,BK_312,US_8564,778.86,Wallet,2024-11-08 15:07:13,completed,
PMT_313,BK_313,US_107,367.71,Wallet,2024-09-09 08:45:02,completed,
PMT_314,BK_314,US_5638,0.0,UPI,2025-11-30 02:42:07,refunded,
PMT_315,BK_315,US_8932,272.03,Credit Card,2024-08-08 13:20:16,completed,
PMT_316,BK_316,US_4761,705.32,Credit Card,2025-11-17 06:55:46,completed,
PMT_317,BK_317,US_5856,0.0,Debit Card,2024-08-23 19:03:29,refunded,
PMT_318,BK_318,US_1458,417.44,Wallet,2024-01-05 11:21:30,completed,
PMT_319,BK_319,US_1785,1320.04,Credit Card,2024-10-28 06:41:08,completed,
PMT_320,BK_320,US_2881,177.5,Net Banking,2025-06-05 16:25:02,completed,
PMT_321,BK_321,US_1637,454.09,Net Banking,2024-12-30 14:51:48,completed,
PMT_322,BK_322,US_807,477.48,Wallet,2025-12-25 21:21:59,completed,
PMT_323,BK_323,US_7454,943.02,Net Banking,2025-04-10 04:20:14,completed,
PMT_324,BK_324,US_4772,1794.24,Debit Card,2025-04-19 00:31:12,completed,
PMT_325,BK_325,US_1724,508.16999999999996,Credit Card,2025-05-11 07:32:29,completed,
PMT_326,BK_326,US_5523,998.64,Credit Card,2025-09-28 12:57:51,completed,
PMT_327,BK_327,US_8911,1297.08,Wallet,2024-05-30 17:22:52,completed,
PMT_328,BK_328,US_1137,911.24,UPI,2025-11-08 17:07:06,completed,
PMT_329,BK_329,US_5321,194.99,UPI,2025-11-15 23:56:06,completed,
PMT_330,BK_330,US_7494,629.9399999999999,Wallet,2024-11-05 07:06:00,completed,
PMT_331,BK_331,US_3269,355.76,Credit Card,2024-01-19 07:13:35,completed,
PMT_332,BK_332,US_6645,943.36,Net Banking,2025-12-02 17:09:41,completed,
PMT_333,BK_333,US_8898,773.72,Wallet,2024-10-28 03:57:41,completed,
PMT_334,BK_334,US_6552,1951.32,Debit Card,2025-01-05 05:14:52,completed,
PMT_335,BK_335,US_2832,1328.44,Net Banking,2025-07-19 09:30:13,completed,
PMT_336,BK_336,US_7702,374.57,Credit Card,2024-11-30 03:24:20,completed,
PMT_337,BK_337,US_1620,857.8199999999999,UPI,2025-05-23 17:41:22,completed,
PMT_338,BK_338,US_5361,0.0,Debit Card,2025-09-29 04:18:16,refunded,
PMT_339,BK_339,US_7652,902.97,Debit Card,2025-12-12 06:41:22,completed,
PMT_340,BK_340,US_2036,474.26,UPI,2025-01-04 00:03:55,completed,
PMT_342,BK_342,US_4425,471.71,Net Banking,2024-08-12 00:34:24,completed,
PMT_343,BK_343,US_712,922.02,Net Banking,2024-12-04 03:36:31,completed,
PMT_344,BK_344,US_4713,1612.48,Credit Card,2025-02-18 08:08:54,completed,
PMT_345,BK_345,US_6388,1419.1200000000001,Wallet,2025-03-01 11:10:32,completed,
PMT_346,BK_346,US_9692,758.6,Debit Card,2024-03-21 02:11:30,completed,
PMT_349,BK_349,US_8992,166.05,Wallet,2024-03-12 04:17:06,completed,
PMT_350,BK_350,US_8088,1481.52,Credit Card,2025-09-24 07:20:13,completed,
PMT_351,BK_351,US_2548,1835.52,UPI,2025-04-26 04:29:08,completed,
PMT_352,BK_352,US_2162,847.72,Credit Card,2025-05-06 18:15:21,completed,
PMT_353,BK_353,US_2583,319.08,Debit Card,2024-02-20 20:17:26,completed,
PMT_354,BK_354,US_1777,526.1,UPI,2025-06-06 01:57:34,completed,
PMT_356,BK_356,US_1612,600.6899999999999,Net Banking,2024-10-31 14:58:30,completed,
PMT_357,BK_357,US_943,910.6800000000001,Net Banking,2025-02-13 01:56:13,completed,
PMT_358,BK_358,US_8598,173.36,Debit Card,2024-03-17 23:09:46,completed,
PMT_359,BK_359,US_4562,0.0,Credit Card,2024-11-03 03:38:35,refunded,
PMT_360,BK_360,US_41,628.64,Wallet,2025-10-15 19:23:42,completed,
PMT_361,BK_361,US_4852,807.12,Net Banking,2024-11-22 00:04:51,completed,
PMT_362,BK_362,US_8432,558.76,Debit Card,2025-01-29 20:31:36,completed,
PMT_363,BK_363,US_5334,476.47,Wallet,2025-11-02 10:14:48,completed,
PMT_365,BK_365,US_2711,868.46,Wallet,2025-07-05 00:28:56,completed,
PMT_366,BK_366,US_6314,712.8,UPI,2024-06-02 04:17:36,completed,
PMT_367,BK_367,US_3455,0.0,Debit Card,2024-07-28 21:32:35,failed,
PMT_369,BK_369,US_3410,1482.9,Wallet,2024-03-12 09:23:55,completed,
PMT_370,BK_370,US_9600,720.92,Credit Card,2025-12-25 13:17:20,completed,
PMT_371,BK_371,US_4081,0.0,UPI,2025-04-08 14:46:34,refunded,
PMT_373,BK_373,US_3442,337.86,UPI,2025-05-25 06:27:13,completed,
PMT_374,BK_374,US_4056,662.28,Net Banking,2024-11-20 16:19:30,completed,
PMT_376,BK_376,US_5786,1307.94,UPI,2025-07-21 04:13:07,completed,
PMT_378,BK_378,US_9271,604.98,Debit Card,2024-10-20 09:05:32,completed,
PMT_379,BK_379,US_784,871.86,UPI,2025-10-07 03:25:50,completed,
PMT_380,BK_380,US_517,0.0,Wallet,2025-03-04 15:13:45,failed,
PMT_381,BK_381,US_9660,1784.16,UPI,2025-09-28 11:08:50,completed,
PMT_382,BK_382,US_5900,339.79,Net Banking,2025-03-07 13:23:46,completed,
PMT_383,BK_383,US_1632,920.2,UPI,2024-01-17 01:25:07,completed,
PMT_384,BK_384,US_8627,1738.64,Net Banking,2024-12-14 20:30:29,completed,
PMT_385,BK_385,US_6275,1269.96,Net Banking,2024-04-21 00:18:54,completed,
PMT_386,BK_386,US_4858,621.64,UPI,2025-07-14 02:26:47,completed,
PMT_387,BK_387,US_1169,1441.84,Debit Card,2025-06-19 13:44:42,completed,
PMT_388,BK_388,US_4101,396.51,Debit Card,2024-07-08 08:18:51,completed,
PMT_389,BK_389,US_9858,1115.1299999999999,Credit Card,2025-08-18 15:35:30,completed,
PMT_391,BK_391,US_196,440.51,Credit Card,2025-11-14 11:20:36,completed,
PMT_392,BK_392,US_5673,1658.32,Net Banking,2025-11-24 08:12:26,completed,
PMT_393,BK_393,US_3291,1886.48,Credit Card,2025-06-11 09:19:03,completed,
PMT_394,BK_394,US_5385,1335.64,Debit Card,2024-10-19 22:51:47,completed,
PMT_395,BK_395,US_1036,534.96,Wallet,2025-01-26 13:04:33,completed,
PMT_396,BK_396,US_2298,1422.08,UPI,2025-11-08 08:07:48,completed,
PMT_397,BK_397,US_124,936.16,Net Banking,2025-06-28 12:08:38,completed,
PMT_398,BK_398,US_8500,1590.36,UPI,2024-05-17 02:52:12,completed,
PMT_399,BK_399,US_8585,274.81,Credit Card,2024-01-13 15:51:29,completed,
PMT_400,BK_400,US_3100,1401.88,Net Banking,2024-11-01 22:50:06,completed,
PMT_402,BK_402,US_1935,904.08,Credit Card,2024-02-25 01:05:52,completed,
PMT_403,BK_403,US_8926,1258.1100000000001,Wallet,2025-01-26 05:32:44,completed,
PMT_404,BK_404,US_3788,1486.3799999999999,UPI,2025-09-08 06:42:05,completed,
PMT_405,BK_405,US_497,1412.5500000000002,Net Banking,2024-03-06 06:16:39,completed,
PMT_406,BK_406,US_3894,0.0,Wallet,2024-01-01 19:42:19,failed,
PMT_407,BK_407,US_6341,1154.07,Debit Card,2024-09-24 12:08:11,completed,
PMT_408,BK_408,US_8001,0.0,Net Banking,2025-08-02 04:53:07,failed,
PMT_409,BK_409,US_1246,525.12,UPI,2025-04-20 18:27:05,completed,
PMT_410,BK_410,US_3055,344.5,Credit Card,2024-01-16 12:30:33,completed,
PMT_411,BK_411,US_2689,311.12,Credit Card,2025-04-20 18:04:12,completed,
PMT_413,BK_413,US_5743,813.96,UPI,2025-01-30 04:58:56,completed,
PMT_414,BK_414,US_3003,1439.08,Debit Card,2024-05-07 22:17:06,completed,
PMT_415,BK_415,US_9426,446.18,Debit Card,2025-08-24 02:36:22,completed,
PMT_416,BK_416,US_450,0.0,Debit Card,2024-03-18 09:10:50,refunded,
PMT_417,BK_417,US_5371,878.76,Wallet,2024-06-21 07:04:06,completed,
PMT_418,BK_418,US_6458,814.08,Wallet,2025-10-02 13:09:42,completed,
PMT_419,BK_419,US_2127,0.0,Wallet,2024-01-11 00:44:41,failed,
PMT_420,BK_420,US_3270,209.26,Net Banking,2024-03-28 11:37:25,completed,
PMT_421,BK_421,US_7135,737.78,Wallet,2025-10-21 03:14:40,completed,
PMT_422,BK_422,US_7535,539.13,Credit Card,2025-10-02 22:42:31,completed,
PMT_423,BK_423,US_9740,1470.84,Wallet,2024-04-13 19:04:03,completed,
PMT_424,BK_424,US_8935,587.24,Credit Card,2024-06-01 03:53:45,completed,
PMT_425,BK_425,US_7380,737.96,UPI,2025-09-26 20:59:29,completed,
PMT_426,BK_426,US_7735,0.0,Wallet,2024-06-28 14:58:13,refunded,
PMT_427,BK_427,US_1848,260.53,Debit Card,2024-11-16 14:20:37,completed,
PMT_428,BK_428,US_288,487.83000000000004,Wallet,2024-10-06 22:43:47,completed,
PMT_429,BK_429,US_7502,253.29,Debit Card,2025-09-10 18:40:42,completed,
PMT_430,BK_430,US_2917,0.0,Wallet,2025-08-04 21:14:48,failed,
PMT_431,BK_431,US_9426,346.62,Net Banking,2024-06-15 17:15:08,completed,
PMT_432,BK_432,US_9823,1431.8,Wallet,2025-10-01 00:29:22,completed,
PMT_433,BK_433,US_7635,1307.04,Net Banking,2024-03-18 07:07:08,completed,
PMT_434,BK_434,US_8126,452.69,Net Banking,2024-06-08 15:45:52,completed,
PMT_435,BK_435,US_7548,331.46,Credit Card,2024-09-16 09:29:59,completed,
PMT_436,BK_436,US_532,419.95,Debit Card,2024-06-30 08:12:50,completed,
PMT_438,BK_438,US_8101,609.24,Credit Card,2024-03-16 08:09:10,completed,
PMT_439,BK_439,US_8549,1927.44,Net Banking,2024-11-28 23:32:49,completed,
PMT_441,BK_441,US_1481,687.98,UPI,2025-10-17 03:52:16,completed,
PMT_442,BK_442,US_7697,0.0,Wallet,2024-02-06 07:40:59,refunded,
PMT_443,BK_443,US_117,976.4100000000001,UPI,2025-03-17 20:10:31,completed,
PMT_444,BK_444,US_7651,417.0,UPI,2025-02-24 15:24:28,completed,
PMT_445,BK_445,US_871,0.0,Debit Card,2024-07-12 03:52:54,failed,
PMT_448,BK_448,US_7293,329.34,Debit Card,2025-01-22 04:50:31,completed,
PMT_450,BK_450,US_2991,0.0,Debit Card,2024-10-18 14:23:03,failed,
PMT_451,BK_451,US_9460,469.68,Debit Card,2025-09-10 11:50:31,completed,
PMT_455,BK_455,US_9841,874.76,Wallet,2025-10-21 17:34:05,completed,
PMT_456,BK_456,US_5711,757.44,UPI,2025-08-18 00:06:55,completed,
PMT_457,BK_457,US_2762,1453.76,Net Banking,2024-12-06 00:12:33,completed,
PMT_458,BK_458,US_8093,323.18,Net Banking,2025-09-29 18:54:18,completed,
PMT_459,BK_459,US_7907,0.0,Debit Card,2025-02-22 15:25:18,failed,
PMT_460,BK_460,US_671,1373.8,Debit Card,2025-10-30 02:50:06,completed,
PMT_462,BK_462,US_629,607.14,Wallet,2024-05-14 02:31:20,completed,
PMT_463,BK_463,US_3339,670.38,Wallet,2025-08-19 13:18:44,completed,
PMT_464,BK_464,US_9960,408.85,UPI,2025-05-25 02:00:35,completed,
PMT_466,BK_466,US_4273,975.81,Credit Card,2025-07-19 00:12:58,completed,
PMT_467,BK_467,US_1714,0.0,Credit Card,2025-05-04 08:53:33,failed,
PMT_468,BK_468,US_8212,431.51,Credit Card,2025-03-10 05:44:02,completed,
PMT_469,BK_469,US_7746,584.64,Wallet,2025-05-23 04:53:39,completed,
PMT_470,BK_470,US_3368,616.96,UPI,2024-03-22 08:54:59,completed,
PMT_471,BK_471,US_9049,0.0,Net Banking,2024-07-10 14:38:12,refunded,
PMT_472,BK_472,US_4032,0.0,Net Banking,2025-02-11 00:28:31,refunded,
PMT_473,BK_473,US_5621,0.0,UPI,2024-07-10 00:35:50,failed,
PMT_475,BK_475,US_735,931.82,Wallet,2024-09-18 22:00:36,completed,
PMT_476,BK_476,US_3638,412.65,Debit Card,2025-05-30 02:52:35,completed,
PMT_478,BK_478,US_9007,275.14,UPI,2024-10-15 09:42:56,completed,
PMT_479,BK_479,US_8964,671.8,Debit Card,2024-08-09 08:40:26,completed,
PMT_480,BK_480,US_2525,277.97,Credit Card,2025-08-26 18:41:56,completed,
PMT_481,BK_481,US_2733,1408.6200000000001,UPI,2025-04-25 10:05:20,completed,
PMT_482,BK_482,US_2035,1141.77,Credit Card,2025-12-08 20:09:55,completed,
PMT_483,BK_483,US_818,0.0,Wallet,2024-11-04 12:54:09,failed,
PMT_484,BK_484,US_4921,583.62,Wallet,2025-08-02 20:04:56,completed,
PMT_486,BK_486,US_4350,833.4,Wallet,2024-02-17 19:13:37,completed,
PMT_487,BK_487,US_1289,1090.08,Credit Card,2024-06-03 02:33:34,completed,
PMT_489,BK_489,US_9134,1043.24,Debit Card,2025-11-10 16:40:42,completed,
PMT_490,BK_490,US_3699,980.68,Net Banking,2024-12-31 20:40:44,completed,
PMT_492,BK_492,US_4418,282.87,Credit Card,2025-08-19 05:59:56,completed,
PMT_493,BK_493,US_3036,1406.73,Wallet,2024-08-24 15:29:39,completed,
PMT_494,BK_494,US_6051,870.64,Wallet,2024-04-19 04:03:31,completed,
PMT_495,BK_495,US_9713,1316.56,Debit Card,2024-04-15 17:15:28,completed,
PMT_496,BK_496,US_4118,935.5,Net Banking,2025-03-05 12:02:45,completed,
PMT_497,BK_497,US_2778,543.46,Debit Card,2024-12-02 13:16:34,completed,
PMT_498,BK_498,US_184,1249.56,Credit Card,2025-07-01 04:55:34,completed,
PMT_500,BK_500,US_741,420.44,Debit Card,2025-06-23 10:31:18,completed,
PMT_501,BK_501,US_3797,0.0,UPI,2025-09-18 10:32:42,failed,
PMT_502,BK_502,US_7230,271.89,Credit Card,2024-02-02 07:17:20,completed,
PMT_503,BK_503,US_4214,542.72,Wallet,2025-01-14 06:56:38,completed,
PMT_504,BK_504,US_5312,1130.24,Wallet,2024-04-06 15:25:24,completed,
PMT_505,BK_505,US_2618,534.52,Credit Card,2024-03-23 22:16:34,completed,
PMT_506,BK_506,US_7948,566.76,Net Banking,2024-12-17 13:03:23,completed,
PMT_508,BK_508,US_8883,1508.96,Debit Card,2025-11-27 13:36:35,completed,
PMT_509,BK_509,US_4215,849.88,Debit Card,2025-01-11 19:40:20,completed,
PMT_510,BK_510,US_565,596.49,Wallet,2024-09-03 11:23:46,completed,
PMT_511,BK_511,US_2365,347.54,Wallet,2025-11-28 04:43:41,completed,
PMT_512,BK_512,US_6115,730.88,Net Banking,2024-10-10 11:00:22,completed,
PMT_513,BK_513,US_7214,362.1,Debit Card,2024-09-05 21:47:58,completed,
PMT_514,BK_514,US_1172,816.72,Debit Card,2024-07-19 14:48:25,completed,
PMT_517,BK_517,US_3551,0.0,Wallet,2025-12-21 03:23:14,failed,
PMT_518,BK_518,US_5408,1477.5,Wallet,2025-08-25 17:21:45,completed,
PMT_519,BK_519,US_1945,1041.33,UPI,2025-06-14 06:32:05,completed,
PMT_520,BK_520,US_8564,1196.6,Debit Card,2025-06-12 04:28:14,completed,
PMT_521,BK_521,US_6019,995.88,UPI,2025-05-29 17:13:02,completed,
PMT_522,BK_522,US_4607,0.0,Debit Card,2025-05-07 08:38:27,failed,
PMT_524,BK_524,US_1589,151.01,UPI,2024-10-28 16:10:05,completed,
PMT_525,BK_525,US_5273,309.92,Credit Card,2024-01-06 14:29:58,completed,
PMT_526,BK_526,US_9245,1362.44,UPI,2024-09-25 20:54:23,completed,
PMT_527,BK_527,US_4556,0.0,Debit Card,2025-08-13 21:19:05,failed,
PMT_528,BK_528,US_6646,204.28,Credit Card,2025-12-08 19:22:11,completed,
PMT_529,BK_529,US_7334,499.34,Debit Card,2024-09-19 20:58:22,completed,
PMT_530,BK_530,US_5903,0.0,Credit Card,2024-09-07 23:11:18,failed,
PMT_531,BK_531,US_4846,1132.29,Debit Card,2024-08-26 06:46:18,completed,
PMT_532,BK_532,US_832,423.97,Wallet,2025-08-03 13:42:32,completed,
PMT_533,BK_533,US_3629,399.06,UPI,2024-04-02 04:51:25,completed,
PMT_534,BK_534,US_3511,668.8,Credit Card,2025-07-12 13:12:30,completed,
PMT_535,BK_535,US_8193,1797.28,UPI,2025-08-04 17:42:08,completed,
PMT_536,BK_536,US_1953,1974.68,UPI,2024-09-06 13:28:31,completed,
PMT_537,BK_537,US_6643,615.6899999999999,Net Banking,2024-04-11 07:45:26,completed,
PMT_538,BK_538,US_5409,1132.1399999999999,UPI,2024-04-11 07:51:13,completed,
PMT_539,BK_539,US_7675,360.62,UPI,2024-07-30 22:09:36,completed,
PMT_540,BK_540,US_990,388.97,Credit Card,2024-03-08 08:37:06,completed,
PMT_542,BK_542,US_7471,269.15,Debit Card,2024-12-10 09:05:03,completed,
PMT_543,BK_543,US_2741,1680.4,Credit Card,2025-09-28 17:01:40,completed,
PMT_544,BK_544,US_990,421.67,Credit Card,2024-03-18 09:15:04,completed,
PMT_545,BK_545,US_5577,370.6,UPI,2024-10-28 10:56:12,completed,
PMT_546,BK_546,US_2612,376.75,Net Banking,2025-02-28 16:38:41,completed,
PMT_548,BK_548,US_1099,459.72,UPI,2025-08-01 12:29:46,completed,
PMT_549,BK_549,US_1456,1096.36,Debit Card,2024-06-03 05:44:28,completed,
PMT_551,BK_551,US_504,333.62,Net Banking,2025-06-25 12:44:41,completed,
PMT_552,BK_552,US_1430,880.76,Debit Card,2024-12-20 20:04:45,completed,
PMT_553,BK_553,US_2218,0.0,Wallet,2025-11-13 05:04:13,refunded,
PMT_554,BK_554,US_1536,763.3499999999999,UPI,2025-11-09 21:35:10,completed,
PMT_558,BK_558,US_344,924.84,Net Banking,2025-06-21 02:01:41,completed,
PMT_559,BK_559,US_6303,1462.77,Net Banking,2025-01-15 13:26:50,completed,
PMT_560,BK_560,US_2667,0.0,Debit Card,2024-07-01 04:53:13,failed,
PMT_561,BK_561,US_8156,0.0,UPI,2025-11-13 19:15:26,failed,
PMT_562,BK_562,US_4514,0.0,UPI,2025-03-20 23:03:33,failed,
PMT_563,BK_563,US_6510,1155.15,UPI,2024-09-04 10:51:26,completed,
PMT_564,BK_564,US_4145,538.46,Net Banking,2024-07-11 18:11:50,completed,
PMT_565,BK_565,US_7987,1161.84,Credit Card,2024-01-14 10:50:24,completed,
PMT_566,BK_566,US_3918,781.3499999999999,Debit Card,2024-06-10 07:20:21,completed,
PMT_568,BK_568,US_4958,1098.36,Net Banking,2024-10-27 02:52:21,completed,
PMT_569,BK_569,US_4050,1048.8600000000001,Debit Card,2025-06-22 09:57:19,completed,
PMT_570,BK_570,US_1621,659.04,Credit Card,2025-08-15 10:23:05,completed,
PMT_571,BK_571,US_8152,928.44,UPI,2025-02-14 15:38:57,completed,
PMT_572,BK_572,US_9392,442.62,Wallet,2024-05-15 10:42:07,completed,
PMT_573,BK_573,US_566,0.0,UPI,2024-04-07 17:51:09,failed,
PMT_574,BK_574,US_706,558.04,Net Banking,2024-06-28 16:04:55,completed,
PMT_575,BK_575,US_4797,0.0,UPI,2024-01-05 17:47:52,failed,
PMT_577,BK_577,US_1948,290.77,Net Banking,2025-12-13 15:40:28,completed,
PMT_578,BK_578,US_3555,0.0,Wallet,2024-04-21 20:11:38,failed,
PMT_580,BK_580,US_4375,0.0,Wallet,2024-10-30 15:25:50,failed,
PMT_581,BK_581,US_6792,1684.32,UPI,2024-03-06 14:22:18,completed,
PMT_582,BK_582,US_7755,1805.08,UPI,2024-07-23 15:52:46,completed,
PMT_583,BK_583,US_4251,808.96,Debit Card,2024-08-18 13:32:23,completed,
PMT_584,BK_584,US_6464,867.46,Wallet,2025-06-26 17:59:37,completed,
PMT_585,BK_585,US_2121,626.16,UPI,2024-01-07 21:40:08,completed,
PMT_586,BK_586,US_1763,1071.92,Net Banking,2025-03-27 03:42:38,completed,
PMT_587,BK_587,US_8515,339.74,Credit Card,2024-05-12 14:52:01,completed,
PMT_588,BK_588,US_9607,0.0,UPI,2024-08-27 05:00:25,failed,
PMT_589,BK_589,US_1936,347.49,Credit Card,2024-11-29 02:43:34,completed,
PMT_590,BK_590,US_6333,0.0,Debit Card,2024-02-09 12:49:45,refunded,
PMT_591,BK_591,US_8037,875.44,Debit Card,2024-12-06 19:35:21,completed,
PMT_593,BK_593,US_8489,954.0899999999999,Credit Card,2025-07-08 16:08:54,completed,
PMT_594,BK_594,US_1088,1478.44,Wallet,2024-11-14 08:12:39,completed,
PMT_595,BK_595,US_2808,765.9300000000001,UPI,2024-09-13 05:46:08,completed,
PMT_596,BK_596,US_635,1253.3700000000001,Debit Card,2025-11-24 08:06:55,completed,
PMT_597,BK_597,US_3211,646.0,Debit Card,2025-01-23 11:18:34,completed,
PMT_598,BK_598,US_8826,643.26,UPI,2025-08-15 04:22:25,completed,
PMT_599,BK_599,US_1024,726.18,Net Banking,2025-07-09 14:45:15,completed,
PMT_600,BK_600,US_4997,1106.67,Credit Card,2024-03-04 06:02:54,completed,
PMT_602,BK_602,US_1720,337.63,Wallet,2024-04-02 15:48:39,completed,
PMT_603,BK_603,US_7989,1437.33,Wallet,2025-07-23 15:49:00,completed,
PMT_605,BK_605,US_1417,417.33,Debit Card,2024-03-09 19:52:50,completed,
PMT_606,BK_606,US_5056,1365.03,Wallet,2024-09-05 01:02:47,completed,
PMT_608,BK_608,US_1713,1486.8600000000001,Credit Card,2025-11-20 21:03:12,completed,
PMT_609,BK_609,US_83,0.0,Net Banking,2024-08-13 10:23:05,refunded,
PMT_610,BK_610,US_2564,360.62,Wallet,2024-06-10 17:01:29,completed,
PMT_611,BK_611,US_8724,1941.88,Credit Card,2025-04-22 12:49:23,completed,
PMT_612,BK_612,US_1231,616.06,Wallet,2024-07-09 14:04:37,completed,
PMT_613,BK_613,US_6776,1824.8,Credit Card,2024-01-21 08:18:43,completed,
PMT_614,BK_614,US_2325,378.86,Debit Card,2025-01-08 12:50:20,completed,
PMT_616,BK_616,US_4878,456.0,Debit Card,2024-05-22 18:27:26,completed,
PMT_617,BK_617,US_7475,0.0,Net Banking,2024-01-02 22:04:55,refunded,
PMT_618,BK_618,US_3347,737.38,Wallet,2025-04-13 16:46:54,completed,
PMT_619,BK_619,US_4495,347.98,UPI,2025-02-21 02:19:33,completed,
PMT_620,BK_620,US_1420,667.12,Wallet,2024-12-16 14:43:08,completed,
PMT_621,BK_621,US_6756,1358.25,Debit Card,2025-02-04 09:50:57,completed,
PMT_624,BK_624,US_9772,951.2,UPI,2025-08-23 16:16:35,completed,
PMT_626,BK_626,US_5276,773.52,Credit Card,2025-03-30 01:45:28,completed,
PMT_627,BK_627,US_6956,448.91,Debit Card,2024-07-26 01:16:52,completed,
PMT_628,BK_628,US_6224,0.0,UPI,2025-01-09 21:25:50,failed,
PMT_629,BK_629,US_4393,1020.0,Wallet,2025-07-20 01:17:13,completed,
PMT_631,BK_631,US_4734,0.0,Wallet,2025-12-25 18:50:47,failed,
PMT_632,BK_632,US_7972,824.4300000000001,Net Banking,2025-09-25 21:47:24,completed,
PMT_633,BK_633,US_6899,0.0,Debit Card,2024-09-29 08:39:33,failed,
PMT_634,BK_634,US_7773,658.95,Net Banking,2024-04-22 10:56:49,completed,
PMT_635,BK_635,US_4325,682.8,Wallet,2024-10-21 06:28:03,completed,
PMT_636,BK_636,US_6286,642.02,Debit Card,2025-10-21 02:07:36,completed,
PMT_637,BK_637,US_7274,1053.9,Net Banking,2025-01-16 03:56:51,completed,
PMT_639,BK_639,US_6632,524.86,Net Banking,2025-10-24 19:11:22,completed,
PMT_640,BK_640,US_807,0.0,Wallet,2024-08-08 17:33:08,refunded,
PMT_641,BK_641,US_8748,1832.44,Credit Card,2024-05-03 14:54:47,completed,
PMT_642,BK_642,US_3961,365.68,Credit Card,2025-04-09 14:27:25,completed,
PMT_643,BK_643,US_6998,758.04,Credit Card,2025-12-13 09:54:27,completed,
PMT_644,BK_644,US_6268,885.16,UPI,2025-06-25 15:17:04,completed,
PMT_645,BK_645,US_2800,0.0,Net Banking,2025-10-02 06:22:31,failed,
PMT_646,BK_646,US_8277,312.9,UPI,2024-06-29 23:33:31,completed,
PMT_648,BK_648,US_1234,586.64,Wallet,2024-02-19 17:33:13,completed,
PMT_650,BK_650,US_6048,1450.8899999999999,Credit Card,2024-07-02 11:31:24,completed,
PMT_651,BK_651,US_5308,1287.24,Wallet,2025-03-01 16:32:37,completed,
PMT_652,BK_652,US_6628,0.0,Debit Card,2025-06-30 20:50:18,failed,
PMT_653,BK_653,US_6897,653.46,Wallet,2025-02-20 13:09:25,completed,
PMT_654,BK_654,US_9301,0.0,Wallet,2024-05-16 14:39:16,failed,
PMT_655,BK_655,US_3059,0.0,UPI,2025-05-31 22:56:04,failed,
PMT_656,BK_656,US_9063,467.11,Credit Card,2024-10-02 20:49:15,completed,
PMT_657,BK_657,US_3846,942.02,Debit Card,2024-11-17 06:51:42,completed,
PMT_659,BK_659,US_5519,914.5,Wallet,2025-01-01 15:41:12,completed,
PMT_660,BK_660,US_7900,477.48,Wallet,2024-02-29 00:30:13,completed,
PMT_661,BK_661,US_5702,787.98,Credit Card,2025-09-17 17:31:32,completed,
PMT_662,BK_662,US_3108,743.44,Debit Card,2024-01-02 16:57:30,completed,
PMT_664,BK_664,US_2746,883.1999999999999,Debit Card,2024-07-20 06:23:09,completed,
PMT_665,BK_665,US_3482,282.56,Credit Card,2024-09-23 00:27:12,completed,
PMT_666,BK_666,US_5842,704.84,Credit Card,2024-08-11 18:30:31,completed,
PMT_667,BK_667,US_9500,316.62,Debit Card,2024-06-06 07:30:52,completed,
PMT_668,BK_668,US_6995,1202.8,Credit Card,2025-01-19 15:52:16,completed,
PMT_669,BK_669,US_989,394.84,UPI,2025-07-24 04:52:36,completed,
PMT_671,BK_671,US_8276,517.92,UPI,2024-02-09 18:27:08,completed,
PMT_672,BK_672,US_6189,0.0,Debit Card,2025-11-05 18:43:09,failed,
PMT_673,BK_673,US_6870,1422.08,UPI,2025-10-15 23:14:48,completed,
PMT_674,BK_674,US_5569,982.56,UPI,2024-07-29 19:28:06,completed,
PMT_675,BK_675,US_958,1750.88,UPI,2024-11-11 11:32:54,completed,
PMT_676,BK_676,US_6405,313.32,Wallet,2025-01-10 03:48:44,completed,
PMT_677,BK_677,US_9353,0.0,Debit Card,2025-07-24 06:37:05,failed,
PMT_680,BK_680,US_9500,934.88,Credit Card,2025-03-16 18:36:13,completed,
PMT_681,BK_681,US_9514,176.24,UPI,2024-01-10 22:14:10,completed,
PMT_682,BK_682,US_3995,1361.36,Net Banking,2025-06-28 11:53:52,completed,
PMT_684,BK_684,US_5354,981.44,UPI,2025-10-28 00:32:31,completed,
PMT_686,BK_686,US_539,1613.96,Credit Card,2024-08-11 08:18:40,completed,
PMT_687,BK_687,US_1024,0.0,UPI,2025-04-28 08:37:00,refunded,
PMT_688,BK_688,US_8638,772.84,Net Banking,2024-01-09 11:23:03,completed,
PMT_689,BK_689,US_9716,1679.76,Debit Card,2024-02-26 18:04:05,completed,
PMT_690,BK_690,US_5026,1489.53,Net Banking,2025-03-09 11:57:14,completed,
PMT_691,BK_691,US_9030,397.62,Credit Card,2024-09-01 15:23:40,completed,
PMT_693,BK_693,US_3753,360.61,Net Banking,2024-02-19 22:33:01,completed,
PMT_694,BK_694,US_6540,1059.2,Wallet,2024-11-19 12:19:00,completed,
PMT_695,BK_695,US_2963,489.04,UPI,2025-07-06 07:23:10,completed,
PMT_696,BK_696,US_7729,512.1899999999999,Credit Card,2024-01-24 00:18:00,completed,
PMT_697,BK_697,US_814,756.64,Net Banking,2024-03-31 16:42:03,completed,
PMT_698,BK_698,US_9695,493.12,Net Banking,2024-11-15 15:58:10,completed,
PMT_699,BK_699,US_7557,339.95,UPI,2024-08-23 06:30:50,completed,
PMT_700,BK_700,US_1959,0.0,Wallet,2024-11-16 02:53:18,refunded,
PMT_702,BK_702,US_424,1473.84,Net Banking,2024-11-17 02:01:06,completed,
PMT_703,BK_703,US_9772,352.42,UPI,2024-02-18 02:38:36,completed,
PMT_704,BK_704,US_2983,1762.48,Wallet,2025-02-19 23:57:09,completed,
PMT_705,BK_705,US_6183,1407.75,Credit Card,2024-11-10 00:19:43,completed,
PMT_706,BK_706,US_2497,952.88,Debit Card,2024-10-30 19:08:23,completed,
PMT_707,BK_707,US_9969,0.0,Debit Card,2024-04-26 19:39:32,failed,
PMT_709,BK_709,US_5898,688.04,Net Banking,2025-11-01 05:06:56,completed,
PMT_710,BK_710,US_7736,486.01,Debit Card,2024-01-27 21:21:47,completed,
PMT_711,BK_711,US_422,318.66,Debit Card,2024-02-13 00:20:25,completed,
PMT_712,BK_712,US_6416,1589.04,Credit Card,2024-03-25 07:34:58,completed,
PMT_713,BK_713,US_3161,1189.44,Wallet,2025-11-12 11:27:23,completed,
PMT_714,BK_714,US_9035,839.8,Net Banking,2025-06-28 05:58:23,completed,
PMT_715,BK_715,US_9858,220.24,Debit Card,2024-02-27 04:00:07,completed,
PMT_716,BK_716,US_4179,742.5,Credit Card,2024-08-08 03:08:07,completed,
PMT_717,BK_717,US_2641,1589.04,Wallet,2025-04-30 04:28:21,completed,
PMT_718,BK_718,US_8883,496.37,Credit Card,2024-09-22 18:00:35,completed,
PMT_719,BK_719,US_8277,982.4,Credit Card,2025-12-29 14:26:16,completed,
PMT_720,BK_720,US_6981,597.22,UPI,2024-02-16 18:48:56,completed,
PMT_721,BK_721,US_8409,706.64,Net Banking,2024-11-05 00:51:20,completed,
PMT_722,BK_722,US_5616,485.2,Wallet,2024-03-08 00:37:15,completed,
PMT_723,BK_723,US_2379,339.98,Debit Card,2024-05-06 03:40:39,completed,
PMT_725,BK_725,US_1028,0.0,Credit Card,2024-07-02 05:27:58,failed,
PMT_726,BK_726,US_2905,964.68,Credit Card,2024-06-16 02:39:46,completed,
PMT_728,BK_728,US_4536,484.99,Net Banking,2024-08-27 21:24:26,completed,
PMT_729,BK_729,US_8733,1896.68,UPI,2025-11-11 14:03:19,completed,
PMT_730,BK_730,US_4375,980.52,UPI,2024-10-07 07:47:04,completed,
PMT_731,BK_731,US_2950,0.0,UPI,2024-09-25 18:52:15,failed,
PMT_732,BK_732,US_7125,868.17,Credit Card,2024-09-07 00:43:05,completed,
PMT_733,BK_733,US_1677,786.24,Wallet,2024-07-21 21:48:40,completed,
PMT_734,BK_734,US_378,0.0,Net Banking,2024-05-23 22:04:56,refunded,
PMT_735,BK_735,US_4530,554.26,Debit Card,2025-02-11 15:06:27,completed,
PMT_736,BK_736,US_508,595.83,Net Banking,2025-07-14 18:57:25,completed,
PMT_737,BK_737,US_5550,522.51,Net Banking,2025-02-24 02:15:46,completed,
PMT_738,BK_738,US_5709,726.14,Debit Card,2024-01-25 01:08:00,completed,
PMT_739,BK_739,US_5509,1837.0,Wallet,2025-05-29 08:56:17,completed,
PMT_740,BK_740,US_2408,1789.12,Wallet,2025-04-14 22:39:45,completed,
PMT_741,BK_741,US_3652,500.72,Credit Card,2024-09-28 15:43:49,completed,
PMT_742,BK_742,US_1137,868.76,Wallet,2024-06-06 11:57:40,completed,
PMT_744,BK_744,US_317,342.42,Net Banking,2025-03-12 04:19:52,completed,
PMT_745,BK_745,US_5728,0.0,Credit Card,2024-07-13 06:45:38,failed,
PMT_746,BK_746,US_80,997.68,UPI,2025-12-10 13:00:53,completed,
PMT_748,BK_748,US_4175,0.0,Credit Card,2024-09-09 03:26:21,refunded,
PMT_751,BK_751,US_6659,0.0,Wallet,2025-08-07 07:11:31,failed,
PMT_752,BK_752,US_4173,1067.8,Net Banking,2025-09-10 21:23:50,completed,
PMT_754,BK_754,US_9876,507.63,Credit Card,2025-06-18 06:21:04,completed,
PMT_755,BK_755,US_5196,0.0,Wallet,2024-02-14 02:55:21,failed,
PMT_756,BK_756,US_854,247.15,Wallet,2024-08-11 22:06:17,completed,
PMT_759,BK_759,US_8815,889.11,Net Banking,2024-11-10 04:51:06,completed,
PMT_760,BK_760,US_4092,1169.28,Credit Card,2025-03-09 10:18:29,completed,
PMT_762,BK_762,US_119,565.16,Credit Card,2025-01-29 05:21:07,completed,
PMT_763,BK_763,US_3542,0.0,Debit Card,2024-10-22 07:03:54,failed,
PMT_764,BK_764,US_4366,0.0,Wallet,2024-01-22 22:45:25,failed,
PMT_766,BK_766,US_8670,814.98,UPI,2025-10-28 21:12:25,completed,
PMT_768,BK_768,US_5046,355.74,Debit Card,2025-01-02 01:50:20,completed,
PMT_769,BK_769,US_8453,515.16,Credit Card,2025-01-31 07:42:20,completed,
PMT_770,BK_770,US_892,395.82,Credit Card,2024-10-16 18:37:39,completed,
PMT_771,BK_771,US_1896,778.4,UPI,2025-05-31 02:00:42,completed,
PMT_772,BK_772,US_1962,0.0,Wallet,2025-06-22 16:02:47,refunded,
PMT_773,BK_773,US_8940,975.7,Credit Card,2025-05-01 19:32:48,completed,
PMT_774,BK_774,US_5539,343.75,Debit Card,2024-08-08 13:31:45,completed,
PMT_775,BK_775,US_8857,201.81,Net Banking,2024-06-19 10:15:55,completed,
PMT_776,BK_776,US_1021,607.82,Credit Card,2024-03-20 15:59:16,completed,
PMT_777,BK_777,US_7440,929.9,Debit Card,2024-06-10 23:15:45,completed,
PMT_778,BK_778,US_2644,375.96,UPI,2024-05-26 18:11:58,completed,
PMT_779,BK_779,US_5571,959.76,Net Banking,2025-08-02 01:52:21,completed,
PMT_780,BK_780,US_5369,0.0,Net Banking,2024-07-15 03:33:24,refunded,
PMT_781,BK_781,US_8342,217.82,Net Banking,2024-01-23 20:25:38,completed,
PMT_782,BK_782,US_1106,314.99,Credit Card,2024-01-05 08:54:21,completed,
PMT_784,BK_784,US_6751,1497.2,Net Banking,2025-07-05 05:23:20,completed,
PMT_785,BK_785,US_2608,1786.16,Wallet,2025-04-27 20:45:02,completed,
PMT_787,BK_787,US_3883,497.26,Wallet,2025-04-06 19:43:25,completed,
PMT_788,BK_788,US_1876,1295.97,Net Banking,2025-08-21 16:47:04,completed,
PMT_789,BK_789,US_8432,925.16,Wallet,2024-03-01 09:39:02,completed,
PMT_790,BK_790,US_5514,1646.24,Debit Card,2025-02-08 18:22:37,completed,
PMT_791,BK_791,US_1416,920.82,Net Banking,2025-04-20 12:31:16,completed,
PMT_793,BK_793,US_6496,0.0,UPI,2024-11-25 06:23:12,failed,
PMT_794,BK_794,US_7070,259.19,Debit Card,2024-12-29 22:24:40,completed,
PMT_795,BK_795,US_9074,1465.1100000000001,UPI,2025-04-24 03:17:49,completed,
PMT_796,BK_796,US_9929,710.88,Credit Card,2024-11-16 15:33:45,completed,
PMT_797,BK_797,US_8000,853.42,Debit Card,2024-09-07 06:34:22,completed,
PMT_798,BK_798,US_6166,649.6,Wallet,2024-09-20 17:13:55,completed,
PMT_799,BK_799,US_1162,671.7,Debit Card,2024-10-11 18:54:31,completed,
PMT_800,BK_800,US_6268,0.0,Net Banking,2025-10-15 00:17:57,failed,
PMT_801,BK_801,US_1080,0.0,Credit Card,2024-02-05 16:19:04,failed,
PMT_802,BK_802,US_3837,451.43999999999994,Credit Card,2024-11-29 12:14:31,completed,
PMT_803,BK_803,US_8668,0.0,Net Banking,2025-04-17 02:46:34,failed,
PMT_804,BK_804,US_6012,752.18,Wallet,2025-04-14 16:15:01,completed,
PMT_805,BK_805,US_5446,980.67,UPI,2024-04-01 20:14:53,completed,
PMT_807,BK_807,US_5154,700.92,Wallet,2025-02-15 08:10:08,completed,
PMT_808,BK_808,US_636,1762.2,Credit Card,2024-03-13 08:49:36,completed,
PMT_809,BK_809,US_6514,0.0,Credit Card,2025-09-04 07:16:53,failed,
PMT_810,BK_810,US_6413,905.12,Wallet,2025-04-30 17:08:35,completed,
PMT_811,BK_811,US_8859,1640.44,UPI,2025-10-15 22:09:38,completed,
PMT_812,BK_812,US_6318,870.16,Credit Card,2024-08-07 13:36:57,completed,
PMT_814,BK_814,US_9710,0.0,Debit Card,2025-06-11 19:56:47,refunded,
PMT_815,BK_815,US_5539,794.4300000000001,Debit Card,2025-01-23 14:17:26,completed,
PMT_817,BK_817,US_1720,347.32,UPI,2025-09-06 03:31:13,completed,
PMT_819,BK_819,US_8468,0.0,Wallet,2025-03-09 13:56:24,failed,
PMT_820,BK_820,US_3358,155.56,UPI,2025-04-01 15:08:50,completed,
PMT_822,BK_822,US_8553,153.27,Net Banking,2024-05-02 04:04:00,completed,
PMT_823,BK_823,US_9949,1899.44,Credit Card,2024-12-18 15:50:06,completed,
PMT_824,BK_824,US_9458,1238.6399999999999,Wallet,2025-09-17 11:05:34,completed,
PMT_825,BK_825,US_5629,0.0,Wallet,2024-03-26 19:20:15,refunded,
PMT_826,BK_826,US_8632,971.97,Debit Card,2024-01-15 18:31:44,completed,
PMT_827,BK_827,US_8894,0.0,Net Banking,2025-09-30 14:04:50,failed,
PMT_828,BK_828,US_2571,0.0,UPI,2025-11-28 02:59:37,failed,
PMT_829,BK_829,US_7608,1511.92,Debit Card,2024-05-06 22:23:37,completed,
PMT_830,BK_830,US_90,0.0,Debit Card,2025-01-06 18:32:49,failed,
PMT_831,BK_831,US_8683,707.58,Credit Card,2025-12-03 09:41:32,completed,
PMT_832,BK_832,US_1982,892.64,Net Banking,2025-07-13 01:49:19,completed,
PMT_833,BK_833,US_9740,725.13,Credit Card,2025-09-23 12:23:42,completed,
PMT_834,BK_834,US_8028,0.0,UPI,2024-10-20 13:27:11,failed,
PMT_835,BK_835,US_8685,0.0,Wallet,2024-07-08 23:11:14,refunded,
PMT_836,BK_836,US_8369,0.0,Net Banking,2025-02-02 19:20:33,failed,
PMT_837,BK_837,US_1230,1085.8,Wallet,2025-09-04 08:20:43,completed,
PMT_838,BK_838,US_9306,668.36,Debit Card,2024-09-17 17:37:43,completed,
PMT_839,BK_839,US_562,192.26,UPI,2024-09-29 10:21:19,completed,
PMT_840,BK_840,US_5526,512.1899999999999,Credit Card,2025-07-04 22:50:42,completed,
PMT_841,BK_841,US_5704,1288.48,Debit Card,2025-04-25 06:08:45,completed,
PMT_842,BK_842,US_9380,469.52,Credit Card,2024-06-11 04:49:38,completed,
PMT_843,BK_843,US_1910,219.97,Wallet,2025-02-10 17:58:41,completed,
PMT_844,BK_844,US_6925,914.96,UPI,2024-12-29 14:42:09,completed,
PMT_845,BK_845,US_2438,380.25,Net Banking,2025-02-10 00:34:39,completed,
PMT_846,BK_846,US_1486,1976.84,Wallet,2024-06-02 02:22:59,completed,
PMT_847,BK_847,US_4483,972.51,Wallet,2025-11-16 11:26:15,completed,
PMT_848,BK_848,US_2317,947.49,Credit Card,2024-06-10 14:26:37,completed,
PMT_849,BK_849,US_8998,939.9300000000001,UPI,2024-08-18 14:29:45,completed,
PMT_850,BK_850,US_1001,413.88,UPI,2025-02-19 19:38:47,completed,
PMT_851,BK_851,US_1091,1714.12,Net Banking,2025-05-27 11:30:50,completed,
PMT_852,BK_852,US_5386,0.0,Debit Card,2025-09-12 19:59:37,failed,
PMT_853,BK_853,US_7797,1014.8700000000001,UPI,2025-03-18 10:04:11,completed,
PMT_854,BK_854,US_5894,0.0,Net Banking,2025-06-09 21:00:47,refunded,
PMT_856,BK_856,US_5990,1350.12,UPI,2025-11-21 11:15:31,completed,
PMT_857,BK_857,US_2647,328.06,Debit Card,2024-04-12 08:36:15,completed,
PMT_858,BK_858,US_821,405.81,UPI,2025-08-17 08:42:45,completed,
PMT_859,BK_859,US_1835,658.4,Debit Card,2024-07-08 06:02:28,completed,
PMT_860,BK_860,US_6888,574.78,Net Banking,2025-09-30 15:44:30,completed,
PMT_861,BK_861,US_8173,725.7,UPI,2024-09-09 08:10:14,completed,
PMT_862,BK_862,US_5206,735.92,UPI,2024-08-10 06:14:22,completed,
PMT_863,BK_863,US_562,1303.98,UPI,2024-06-29 20:20:48,completed,
PMT_864,BK_864,US_5511,460.72,UPI,2024-11-29 15:37:06,completed,
PMT_865,BK_865,US_8430,0.0,Debit Card,2024-06-03 00:43:12,failed,
PMT_866,BK_866,US_823,804.02,Credit Card,2025-02-13 08:15:29,completed,
PMT_867,BK_867,US_2861,352.78,Credit Card,2024-02-07 16:44:43,completed,
PMT_868,BK_868,US_1002,949.72,Wallet,2025-12-05 20:16:59,completed,
PMT_869,BK_869,US_7425,1257.72,Net Banking,2024-12-14 06:32:43,completed,
PMT_871,BK_871,US_6145,910.84,Credit Card,2024-07-27 10:08:39,completed,
PMT_872,BK_872,US_3058,530.34,Debit Card,2024-03-23 14:54:15,completed,
PMT_873,BK_873,US_5207,343.44,UPI,2024-05-24 12:52:48,completed,
PMT_874,BK_874,US_4415,943.74,Credit Card,2024-04-12 03:09:31,completed,
PMT_875,BK_875,US_7552,920.76,Credit Card,2025-11-16 08:05:04,completed,
PMT_877,BK_877,US_5040,0.0,UPI,2024-01-10 17:04:23,failed,
PMT_879,BK_879,US_4960,1481.68,UPI,2024-10-22 20:34:14,completed,
PMT_880,BK_880,US_5603,1468.08,Credit Card,2024-06-15 23:30:48,completed,
PMT_881,BK_881,US_833,276.33,Debit Card,2024-02-03 04:20:46,completed,
PMT_882,BK_882,US_5198,1018.6,Wallet,2024-10-01 19:22:35,completed,
PMT_883,BK_883,US_4287,261.88,UPI,2025-03-21 09:20:23,completed,
PMT_884,BK_884,US_5550,1403.25,Credit Card,2024-09-09 08:44:39,completed,
PMT_885,BK_885,US_6101,1023.78,Wallet,2025-08-22 19:07:13,completed,
PMT_886,BK_886,US_1401,1537.84,Net Banking,2024-01-26 12:38:01,completed,
PMT_887,BK_887,US_6312,641.84,Debit Card,2025-07-29 16:01:24,completed,
PMT_889,BK_889,US_5139,342.66,Debit Card,2025-05-12 07:44:33,completed,
PMT_890,BK_890,US_2400,990.4,Debit Card,2025-09-25 07:53:52,completed,
PMT_891,BK_891,US_9037,211.11,Wallet,2025-07-25 17:33:19,completed,
PMT_893,BK_893,US_3872,450.05,Wallet,2024-05-12 20:18:22,completed,
PMT_894,BK_894,US_6580,1814.2,Credit Card,2025-03-23 07:19:52,completed,
PMT_895,BK_895,US_9844,508.91999999999996,UPI,2024-07-21 02:12:48,completed,
PMT_898,BK_898,US_2251,373.3,Debit Card,2024-12-03 08:02:50,completed,
PMT_899,BK_899,US_6207,364.2,Debit Card,2024-08-19 00:05:49,completed,
PMT_900,BK_900,US_4948,0.0,Credit Card,2025-12-28 15:33:32,refunded,
PMT_901,BK_901,US_1699,0.0,Net Banking,2025-09-23 02:33:15,refunded,
PMT_903,BK_903,US_2666,305.09,Credit Card,2024-05-11 13:12:03,completed,
PMT_905,BK_905,US_8782,575.98,Debit Card,2025-05-28 00:21:08,completed,
PMT_906,BK_906,US_9497,442.78,Credit Card,2025-06-23 03:04:17,completed,
PMT_907,BK_907,US_3055,492.2,Debit Card,2025-07-13 19:12:16,completed,
PMT_908,BK_908,US_278,0.0,UPI,2025-12-24 12:20:22,failed,
PMT_910,BK_910,US_5784,191.46,Net Banking,2025-04-15 21:01:06,completed,
PMT_912,BK_912,US_5174,692.01,Wallet,2024-11-27 03:35:04,completed,
PMT_914,BK_914,US_4266,206.63,UPI,2025-01-02 15:28:41,completed,
PMT_915,BK_915,US_7865,1307.07,Credit Card,2024-08-15 00:27:05,completed,
PMT_916,BK_916,US_2497,0.0,Net Banking,2024-12-28 00:32:40,failed,
PMT_918,BK_918,US_8789,677.74,Net Banking,2025-02-11 19:12:41,completed,
PMT_920,BK_920,US_4290,890.8799999999999,Wallet,2025-07-08 22:48:28,completed,
PMT_921,BK_921,US_3559,477.22,Credit Card,2024-02-06 08:57:47,completed,
PMT_922,BK_922,US_5988,163.13,Wallet,2025-08-02 15:30:55,completed,
PMT_923,BK_923,US_2582,435.64,Debit Card,2025-12-14 02:46:53,completed,
PMT_924,BK_924,US_6371,598.53,Credit Card,2025-05-31 05:49:27,completed,
PMT_926,BK_926,US_8682,488.31000000000006,UPI,2025-05-16 01:40:00,completed,
PMT_927,BK_927,US_8231,705.54,Credit Card,2025-11-11 03:14:28,completed,
PMT_928,BK_928,US_3691,997.6200000000001,Wallet,2024-11-24 10:14:38,completed,
PMT_929,BK_929,US_2386,545.25,Credit Card,2025-03-25 11:19:38,completed,
PMT_930,BK_930,US_9381,747.87,Wallet,2025-10-16 04:45:36,completed,
PMT_931,BK_931,US_7877,172.98,Debit Card,2025-08-07 02:56:15,completed,
PMT_932,BK_932,US_2050,1061.3700000000001,Credit Card,2024-01-08 20:06:47,completed,
PMT_933,BK_933,US_3459,795.84,Credit Card,2025-11-06 19:53:15,completed,
PMT_934,BK_934,US_1275,911.44,Credit Card,2024-08-31 05:54:11,completed,
PMT_935,BK_935,US_2090,1460.92,Credit Card,2024-11-01 03:30:40,completed,
PMT_938,BK_938,US_5370,580.58,Debit Card,2024-08-07 15:31:10,completed,
PMT_939,BK_939,US_1692,867.88,Credit Card,2025-05-31 12:12:11,completed,
PMT_940,BK_940,US_1963,623.6,Wallet,2025-07-08 13:55:12,completed,
PMT_942,BK_942,US_6632,254.52,Debit Card,2024-07-18 02:12:08,completed,
PMT_944,BK_944,US_3459,1464.93,Credit Card,2025-07-16 06:32:32,completed,
PMT_945,BK_945,US_1399,0.0,Credit Card,2025-05-12 01:50:59,refunded,
PMT_947,BK_947,US_5042,618.04,Credit Card,2025-06-12 13:57:41,completed,
PMT_948,BK_948,US_5456,435.55,Net Banking,2024-05-14 23:18:57,completed,
PMT_950,BK_950,US_1814,345.32,Net Banking,2024-01-01 00:42:50,completed,
PMT_951,BK_951,US_9682,755.16,Wallet,2025-12-10 22:45:03,completed,
PMT_952,BK_952,US_7018,856.0,Debit Card,2025-03-05 19:26:36,completed,
PMT_953,BK_953,US_9303,0.0,Debit Card,2024-11-10 08:42:19,refunded,
PMT_954,BK_954,US_8768,475.6,Credit Card,2025-02-10 01:33:14,completed,
PMT_956,BK_956,US_6891,464.48,Wallet,2025-08-24 20:04:16,completed,
PMT_957,BK_957,US_1532,470.21,Wallet,2025-05-31 11:38:56,completed,
PMT_958,BK_958,US_6147,0.0,Wallet,2024-01-17 16:51:31,refunded,
PMT_959,BK_959,US_4619,1001.52,Net Banking,2024-03-14 06:12:53,completed,
PMT_960,BK_960,US_9075,393.3,Wallet,2025-12-28 23:03:07,completed,
PMT_961,BK_961,US_8579,1146.6299999999999,Debit Card,2025-11-26 02:33:17,completed,
PMT_962,BK_962,US_6643,374.44,Debit Card,2024-05-18 20:19:50,completed,
PMT_963,BK_963,US_5827,845.67,Debit Card,2025-08-21 10:59:28,completed,
PMT_964,BK_964,US_4081,555.44,Debit Card,2024-11-17 16:59:58,completed,
PMT_965,BK_965,US_4864,337.62,Net Banking,2024-06-03 02:14:09,completed,
PMT_966,BK_966,US_2678,1063.24,UPI,2025-10-23 21:35:32,completed,
PMT_968,BK_968,US_1988,1775.4,Credit Card,2025-11-02 10:22:01,completed,
PMT_969,BK_969,US_2214,0.0,Debit Card,2025-05-01 04:10:18,failed,
PMT_971,BK_971,US_5160,351.81,Debit Card,2025-07-19 20:34:00,completed,
PMT_972,BK_972,US_5886,737.52,Net Banking,2025-04-30 16:36:25,completed,
PMT_973,BK_973,US_3189,495.22,Net Banking,2025-08-18 03:56:00,completed,
PMT_974,BK_974,US_1164,1472.72,Credit Card,2025-05-26 00:33:12,completed,
PMT_975,BK_975,US_888,1448.08,Net Banking,2025-08-18 01:48:48,completed,
PMT_976,BK_976,US_4969,1742.84,Wallet,2024-06-27 21:01:03,completed,
PMT_977,BK_977,US_3368,219.56,UPI,2024-06-19 09:02:27,completed,
PMT_978,BK_978,US_7586,969.6,Wallet,2024-01-17 03:29:03,completed,
PMT_979,BK_979,US_5194,455.1,Credit Card,2024-03-19 15:07:21,completed,
PMT_980,BK_980,US_1112,1687.68,Wallet,2025-11-29 11:06:47,completed,
PMT_981,BK_981,US_3917,1416.27,Wallet,2024-12-26 23:36:51,completed,
PMT_982,BK_982,US_1053,239.95,Debit Card,2025-04-26 00:21:52,completed,
PMT_983,BK_983,US_9282,0.0,UPI,2025-12-11 12:26:32,refunded,
PMT_985,BK_985,US_4884,699.72,UPI,2025-07-26 19:05:03,completed,
PMT_986,BK_986,US_4214,397.03,UPI,2025-10-16 12:14:36,completed,
PMT_988,BK_988,US_1367,856.32,Credit Card,2024-05-10 12:26:27,completed,
PMT_990,BK_990,US_5399,755.98,UPI,2025-11-21 03:33:06,completed,
PMT_991,BK_991,US_2942,338.89,Credit Card,2024-08-14 05:28:00,completed,
PMT_992,BK_992,US_8627,1319.94,UPI,2025-01-22 16:23:54,completed,
PMT_993,BK_993,US_1036,873.22,Net Banking,2024-02-25 11:34:10,completed,
PMT_994,BK_994,US_9619,776.58,Wallet,2024-02-26 22:29:00,completed,
PMT_995,BK_995,US_9927,682.53,Net Banking,2024-04-01 22:27:33,completed,
PMT_997,BK_997,US_433,924.16,Credit Card,2025-02-16 21:06:44,completed,
PMT_998,BK_998,US_7704,0.0,UPI,2025-09-11 22:02:51,failed,
PMT_999,BK_999,US_4718,1480.4,Credit Card,2025-02-25 18:59:52,completed,
PMT_1000,BK_1000,US_781,1179.84,Debit Card,2025-01-08 02:54:08,completed,
PMT_1001,BK_1001,US_617,1421.49,Wallet,2025-02-04 14:33:39,completed,
PMT_1002,BK_1002,US_9076,589.98,Net Banking,2025-03-30 23:33:12,completed,
PMT_1003,BK_1003,US_7708,160.66,Credit Card,2024-02-09 14:03:16,completed,
PMT_1004,BK_1004,US_5917,615.04,Wallet,2025-07-06 16:57:11,completed,
PMT_1005,BK_1005,US_3549,0.0,UPI,2025-07-23 23:01:57,refunded,
PMT_1006,BK_1006,US_449,1428.78,Credit Card,2024-05-19 16:12:49,completed,
PMT_1007,BK_1007,US_8344,0.0,Net Banking,2024-04-16 00:28:46,refunded,
PMT_1008,BK_1008,US_6053,548.73,Credit Card,2025-11-29 11:18:23,completed,
PMT_1010,BK_1010,US_5915,418.64,UPI,2025-03-13 06:53:28,completed,
PMT_1012,BK_1012,US_356,458.31000000000006,UPI,2025-06-28 23:45:52,completed,
PMT_1013,BK_1013,US_6634,773.4300000000001,UPI,2025-09-03 22:47:21,completed,
PMT_1014,BK_1014,US_1377,482.32,Net Banking,2024-12-30 22:35:13,completed,
PMT_1015,BK_1015,US_1761,1459.17,UPI,2025-02-12 10:01:05,completed,
PMT_1016,BK_1016,US_7221,506.44,Credit Card,2024-01-18 21:08:02,completed,
PMT_1017,BK_1017,US_7798,456.27,Net Banking,2024-08-09 01:26:08,completed,
PMT_1018,BK_1018,US_3222,804.6299999999999,Net Banking,2024-01-27 11:50:16,completed,
PMT_1019,BK_1019,US_7063,205.71,Net Banking,2025-08-15 15:47:19,completed,
PMT_1020,BK_1020,US_6060,362.58,Credit Card,2025-02-19 17:00:15,completed,
PMT_1021,BK_1021,US_9333,608.88,Wallet,2025-03-16 20:00:24,completed,
PMT_1022,BK_1022,US_482,717.87,Credit Card,2024-12-29 10:16:00,completed,
PMT_1025,BK_1025,US_3021,1059.81,Net Banking,2025-03-01 11:22:12,completed,
PMT_1026,BK_1026,US_9235,367.02,Credit Card,2024-02-28 17:38:14,completed,
PMT_1027,BK_1027,US_6990,1082.94,UPI,2025-06-18 06:28:02,completed,
PMT_1028,BK_1028,US_5377,1347.72,Debit Card,2025-06-28 11:46:19,completed,
PMT_1029,BK_1029,US_7063,1708.0,Net Banking,2025-05-22 00:53:24,completed,
PMT_1030,BK_1030,US_1888,204.42,Net Banking,2024-04-02 08:14:23,completed,
PMT_1031,BK_1031,US_1872,377.06,UPI,2024-10-13 04:15:15,completed,
PMT_1032,BK_1032,US_1793,0.0,Debit Card,2024-06-08 10:48:13,failed,
PMT_1033,BK_1033,US_9974,341.45,Credit Card,2025-05-15 12:58:16,completed,
PMT_1034,BK_1034,US_5703,793.4,Wallet,2025-10-24 23:47:16,completed,
PMT_1035,BK_1035,US_7193,915.48,Debit Card,2024-04-19 12:28:06,completed,
PMT_1036,BK_1036,US_1435,486.32,Net Banking,2024-01-18 06:31:51,completed,
PMT_1039,BK_1039,US_8741,812.8,Wallet,2025-02-08 06:13:09,completed,
PMT_1040,BK_1040,US_9247,1433.94,Wallet,2024-11-17 07:52:10,completed,
PMT_1041,BK_1041,US_6482,458.33,Net Banking,2025-09-13 00:36:04,completed,
PMT_1042,BK_1042,US_8579,468.63,Credit Card,2024-11-23 18:46:46,completed,
PMT_1043,BK_1043,US_6641,957.08,Net Banking,2024-03-05 07:44:07,completed,
PMT_1045,BK_1045,US_2342,475.8,Debit Card,2024-02-13 19:11:26,completed,
PMT_1046,BK_1046,US_2470,0.0,Credit Card,2025-04-19 11:05:29,failed,
PMT_1047,BK_1047,US_1696,1682.24,Wallet,2024-09-01 09:00:45,completed,
PMT_1048,BK_1048,US_839,1430.01,Wallet,2024-07-14 00:22:17,completed,
PMT_1049,BK_1049,US_1809,198.83,Debit Card,2025-09-01 11:12:46,completed,
PMT_1050,BK_1050,US_8067,419.8,Net Banking,2025-12-24 02:41:18,completed,
PMT_1051,BK_1051,US_2622,915.0,Debit Card,2024-05-27 08:34:03,completed,
PMT_1052,BK_1052,US_6848,0.0,Net Banking,2025-09-11 21:32:18,failed,
PMT_1053,BK_1053,US_8501,774.56,UPI,2025-02-19 12:44:32,completed,
PMT_1054,BK_1054,US_1643,391.87,UPI,2024-06-03 16:26:07,completed,
PMT_1055,BK_1055,US_3536,975.64,UPI,2025-12-08 07:47:29,completed,
PMT_1056,BK_1056,US_1835,432.6,Net Banking,2024-11-25 21:41:38,completed,
PMT_1057,BK_1057,US_7902,643.38,Debit Card,2025-07-12 10:11:52,completed,
PMT_1058,BK_1058,US_472,614.4,Wallet,2024-05-15 04:45:42,completed,
PMT_1059,BK_1059,US_8031,0.0,Wallet,2025-06-18 02:50:07,failed,
PMT_1061,BK_1061,US_5055,169.12,Debit Card,2024-09-01 04:47:22,completed,
PMT_1062,BK_1062,US_3117,1197.8,Wallet,2025-02-14 12:55:32,completed,
PMT_1063,BK_1063,US_477,434.8,Net Banking,2025-06-25 21:12:54,completed,
PMT_1064,BK_1064,US_334,475.39,Debit Card,2024-08-13 22:33:42,completed,
PMT_1065,BK_1065,US_1677,764.56,Net Banking,2025-12-02 14:04:38,completed,
PMT_1066,BK_1066,US_4414,600.7,Credit Card,2024-02-13 16:15:59,completed,
PMT_1068,BK_1068,US_7220,367.34,UPI,2024-05-24 19:27:35,completed,
PMT_1069,BK_1069,US_3629,759.08,Debit Card,2024-07-08 16:41:56,completed,
PMT_1070,BK_1070,US_6203,0.0,Net Banking,2024-03-05 03:00:05,refunded,
PMT_1071,BK_1071,US_2476,883.3,Wallet,2024-10-12 22:05:04,completed,
PMT_1072,BK_1072,US_3981,387.37,UPI,2025-10-04 17:09:23,completed,
PMT_1074,BK_1074,US_4106,438.85,Net Banking,2025-07-12 02:43:25,completed,
PMT_1075,BK_1075,US_9400,0.0,Credit Card,2024-05-25 12:14:24,failed,
PMT_1076,BK_1076,US_884,696.33,Credit Card,2024-01-11 00:48:15,completed,
PMT_1077,BK_1077,US_585,0.0,Wallet,2025-10-11 00:36:44,failed,
PMT_1078,BK_1078,US_7865,1212.44,UPI,2025-02-23 07:25:55,completed,
PMT_1079,BK_1079,US_8819,289.43,Debit Card,2024-08-06 05:13:23,completed,
PMT_1080,BK_1080,US_9153,994.4100000000001,Wallet,2024-09-10 01:37:16,completed,
PMT_1082,BK_1082,US_3304,730.24,UPI,2025-12-25 06:50:52,completed,
PMT_1083,BK_1083,US_4797,0.0,UPI,2024-03-29 01:07:47,refunded,
PMT_1084,BK_1084,US_9750,1062.09,Credit Card,2025-07-13 13:24:41,completed,
PMT_1085,BK_1085,US_7577,325.76,Credit Card,2025-12-13 13:54:27,completed,
PMT_1086,BK_1086,US_4154,0.0,UPI,2024-03-23 03:53:09,failed,
PMT_1087,BK_1087,US_8239,631.24,Debit Card,2024-07-08 04:21:15,completed,
PMT_1088,BK_1088,US_1344,1105.6200000000001,Debit Card,2024-11-26 23:42:31,completed,
PMT_1089,BK_1089,US_284,0.0,Wallet,2024-11-03 20:06:37,failed,
PMT_1090,BK_1090,US_3234,622.62,UPI,2024-03-10 20:26:21,completed,
PMT_1091,BK_1091,US_5147,1858.96,Net Banking,2025-08-11 04:51:58,completed,
PMT_1092,BK_1092,US_26,476.95,UPI,2024-10-07 01:35:07,completed,
PMT_1093,BK_1093,US_2160,794.52,Net Banking,2025-09-02 23:24:07,completed,
PMT_1094,BK_1094,US_2368,1179.76,Debit Card,2025-12-18 18:44:19,completed,
PMT_1095,BK_1095,US_4664,330.43,Wallet,2025-04-12 05:29:34,completed,
PMT_1097,BK_1097,US_9171,546.88,Net Banking,2025-11-22 18:08:57,completed,
PMT_1098,BK_1098,US_8883,1187.2,Credit Card,2024-08-24 06:27:03,completed,
PMT_1100,BK_1100,US_8342,686.94,Wallet,2025-04-02 02:23:02,completed,
PMT_1102,BK_1102,US_4504,241.31,Debit Card,2025-05-11 12:11:39,completed,
PMT_1103,BK_1103,US_6851,1361.6399999999999,Wallet,2024-12-30 15:03:43,completed,
PMT_1104,BK_1104,US_1636,1466.52,UPI,2025-10-16 18:42:35,completed,
PMT_1108,BK_1108,US_5914,987.42,UPI,2025-11-04 23:04:36,completed,
PMT_1110,BK_1110,US_9110,972.14,Net Banking,2024-09-22 09:01:49,completed,
PMT_1111,BK_1111,US_6345,0.0,Net Banking,2025-11-01 09:21:46,refunded,
PMT_1112,BK_1112,US_3355,987.86,Credit Card,2025-07-16 22:37:57,completed,
PMT_1113,BK_1113,US_5934,183.38,Wallet,2025-08-23 08:32:28,completed,
PMT_1114,BK_1114,US_3904,1069.0,Credit Card,2025-04-16 01:59:37,completed,
PMT_1115,BK_1115,US_8935,0.0,Credit Card,2024-09-24 03:55:02,failed,
PMT_1116,BK_1116,US_4760,0.0,Debit Card,2024-04-06 21:11:09,refunded,
PMT_1118,BK_1118,US_7162,0.0,UPI,2025-08-19 05:53:38,failed,
PMT_1119,BK_1119,US_6264,1503.92,Credit Card,2025-05-19 20:03:19,completed,
PMT_1120,BK_1120,US_9644,763.92,UPI,2024-02-05 11:00:03,completed,
PMT_1121,BK_1121,US_3600,403.18,Credit Card,2024-09-09 10:19:03,completed,
PMT_1123,BK_1123,US_9593,741.2,UPI,2025-06-16 11:35:16,completed,
PMT_1125,BK_1125,US_8266,0.0,Credit Card,2024-05-31 21:10:12,failed,
PMT_1127,BK_1127,US_3856,227.5,Credit Card,2024-12-09 20:03:39,completed,
PMT_1128,BK_1128,US_9982,460.88,Net Banking,2025-04-03 08:24:00,completed,
PMT_1130,BK_1130,US_3131,979.68,Wallet,2025-08-25 01:15:03,completed,
PMT_1131,BK_1131,US_7730,271.91,Debit Card,2025-11-22 22:20:43,completed,
PMT_1132,BK_1132,US_6197,1797.88,Debit Card,2024-03-28 15:17:43,completed,
PMT_1133,BK_1133,US_4173,0.0,Debit Card,2024-09-09 00:38:21,refunded,
PMT_1134,BK_1134,US_8373,642.12,UPI,2024-12-12 00:18:55,completed,
PMT_1136,BK_1136,US_9106,426.94,Wallet,2024-10-17 00:19:34,completed,
PMT_1137,BK_1137,US_7829,1553.72,Net Banking,2025-07-06 20:59:50,completed,
PMT_1138,BK_1138,US_6511,312.67,Net Banking,2024-12-10 08:02:47,completed,
PMT_1139,BK_1139,US_7285,796.53,Credit Card,2024-07-26 16:01:37,completed,
PMT_1140,BK_1140,US_2159,1124.4,Net Banking,2024-08-25 04:55:41,completed,
PMT_1141,BK_1141,US_2789,463.06,UPI,2025-09-14 21:17:31,completed,
PMT_1142,BK_1142,US_2145,1205.4,Wallet,2024-06-29 23:37:20,completed,
PMT_1143,BK_1143,US_4541,0.0,Debit Card,2024-04-25 08:28:09,failed,
PMT_1144,BK_1144,US_6314,388.42,Net Banking,2025-03-10 11:42:50,completed,
PMT_1145,BK_1145,US_2053,1170.72,Net Banking,2025-08-05 19:40:10,completed,
PMT_1146,BK_1146,US_2297,1361.92,Credit Card,2024-01-12 05:47:08,completed,
PMT_1147,BK_1147,US_2344,526.02,Net Banking,2025-05-05 07:04:33,completed,
PMT_1148,BK_1148,US_6798,1085.82,UPI,2024-09-05 20:50:07,completed,
PMT_1150,BK_1150,US_2656,0.0,Debit Card,2025-07-19 00:23:44,failed,
PMT_1151,BK_1151,US_5365,0.0,Credit Card,2024-07-29 09:19:19,failed,
PMT_1152,BK_1152,US_8911,969.27,Credit Card,2025-08-26 16:58:12,completed,
PMT_1153,BK_1153,US_8773,672.54,UPI,2024-04-18 23:24:09,completed,
PMT_1154,BK_1154,US_2264,899.7,Debit Card,2024-12-07 15:17:37,completed,
PMT_1155,BK_1155,US_1580,0.0,Wallet,2024-03-29 21:19:37,refunded,
PMT_1156,BK_1156,US_6669,799.6,Net Banking,2024-11-01 15:53:33,completed,
PMT_1157,BK_1157,US_694,1198.08,Net Banking,2024-06-20 12:07:51,completed,
PMT_1158,BK_1158,US_1280,977.25,Credit Card,2024-09-25 07:39:35,completed,
PMT_1159,BK_1159,US_1483,0.0,Credit Card,2025-09-07 20:25:03,failed,
PMT_1160,BK_1160,US_1434,236.97,Net Banking,2025-08-21 18:24:18,completed,
PMT_1161,BK_1161,US_4001,321.01,Net Banking,2024-07-19 03:26:50,completed,
PMT_1162,BK_1162,US_4883,488.64,UPI,2024-12-08 23:58:37,completed,
PMT_1163,BK_1163,US_1878,1266.54,Wallet,2024-08-19 00:20:54,completed,
PMT_1164,BK_1164,US_565,458.92,Wallet,2024-11-07 07:14:28,completed,
PMT_1165,BK_1165,US_8199,341.86,Wallet,2024-09-07 15:16:41,completed,
PMT_1166,BK_1166,US_980,979.44,Debit Card,2024-10-14 12:18:12,completed,
PMT_1168,BK_1168,US_1296,739.56,Wallet,2025-12-19 15:05:07,completed,
PMT_1169,BK_1169,US_1503,153.19,Credit Card,2025-04-14 03:57:55,completed,
PMT_1170,BK_1170,US_7964,318.66,UPI,2024-03-17 23:45:29,completed,
PMT_1171,BK_1171,US_1137,0.0,UPI,2024-02-24 10:14:33,failed,
PMT_1172,BK_1172,US_9519,456.94,UPI,2024-02-29 06:46:40,completed,
PMT_1173,BK_1173,US_6577,832.22,Credit Card,2024-11-25 19:36:53,completed,
PMT_1175,BK_1175,US_695,0.0,Wallet,2024-01-20 16:19:15,refunded,
PMT_1177,BK_1177,US_2368,1815.24,Credit Card,2025-01-10 02:20:52,completed,
PMT_1178,BK_1178,US_8726,1020.1800000000001,Debit Card,2025-03-11 11:08:14,completed,
PMT_1179,BK_1179,US_9764,1153.41,Wallet,2024-05-09 05:47:32,completed,
PMT_1180,BK_1180,US_5862,495.09,Wallet,2024-04-09 19:13:10,completed,
PMT_1181,BK_1181,US_9816,273.74,Wallet,2025-09-23 11:05:33,completed,
PMT_1182,BK_1182,US_424,354.42,Debit Card,2025-09-21 08:21:20,completed,
PMT_1183,BK_1183,US_179,810.1500000000001,Wallet,2024-10-21 07:55:32,completed,
PMT_1184,BK_1184,US_7521,1122.88,Wallet,2024-04-05 09:49:41,completed,
PMT_1186,BK_1186,US_8438,729.42,Net Banking,2024-04-04 02:36:09,completed,
PMT_1187,BK_1187,US_828,1411.98,Debit Card,2025-10-13 21:29:01,completed,
PMT_1189,BK_1189,US_1883,476.26,Debit Card,2025-10-26 10:00:41,completed,
PMT_1190,BK_1190,US_1869,861.06,Net Banking,2024-01-03 17:34:52,completed,
PMT_1191,BK_1191,US_8095,254.06,Wallet,2025-02-11 14:16:24,completed,
PMT_1192,BK_1192,US_5122,0.0,Net Banking,2024-10-11 17:44:47,refunded,
PMT_1193,BK_1193,US_4052,1469.52,UPI,2024-08-03 02:11:27,completed,
PMT_1195,BK_1195,US_1472,1815.92,Credit Card,2025-08-08 21:12:37,completed,
PMT_1196,BK_1196,US_9612,1442.2,Debit Card,2025-06-05 07:02:47,completed,
PMT_1197,BK_1197,US_1165,458.18999999999994,Credit Card,2024-09-11 03:57:29,completed,
PMT_1198,BK_1198,US_7385,441.09,Wallet,2024-07-16 22:29:36,completed,
PMT_1199,BK_1199,US_7363,234.91,Credit Card,2025-07-22 10:51:44,completed,
PMT_1200,BK_1200,US_6569,386.71,Net Banking,2025-07-10 07:22:53,completed,
PMT_1201,BK_1201,US_5572,0.0,Wallet,2024-09-25 14:26:29,failed,
PMT_1202,BK_1202,US_3397,0.0,UPI,2025-01-22 06:42:42,failed,
PMT_1203,BK_1203,US_2718,303.69,Debit Card,2025-07-12 10:48:42,completed,
PMT_1205,BK_1205,US_1404,1825.48,UPI,2025-06-03 00:50:15,completed,
PMT_1206,BK_1206,US_2795,375.59,UPI,2024-10-24 04:37:57,completed,
PMT_1207,BK_1207,US_1212,322.44,Debit Card,2025-02-02 16:49:47,completed,
PMT_1208,BK_1208,US_4674,0.0,UPI,2024-10-18 16:13:48,refunded,
PMT_1209,BK_1209,US_2380,478.04,UPI,2024-08-25 06:46:30,completed,
PMT_1210,BK_1210,US_6746,1102.1399999999999,Net Banking,2024-05-24 09:42:24,completed,
PMT_1213,BK_1213,US_6058,0.0,Net Banking,2024-12-11 17:44:19,failed,
PMT_1214,BK_1214,US_7244,382.96,Net Banking,2025-01-06 22:23:03,completed,
PMT_1215,BK_1215,US_3552,0.0,Debit Card,2024-05-03 02:03:49,refunded,
PMT_1216,BK_1216,US_7600,1007.64,Credit Card,2025-02-16 17:41:28,completed,
PMT_1217,BK_1217,US_3534,936.51,Debit Card,2024-04-11 07:16:03,completed,
PMT_1218,BK_1218,US_9468,1436.04,Credit Card,2025-03-26 09:51:26,completed,
PMT_1219,BK_1219,US_9236,1720.56,Debit Card,2024-08-10 17:25:52,completed,
PMT_1220,BK_1220,US_3448,1054.59,Credit Card,2025-03-15 07:11:20,completed,
PMT_1221,BK_1221,US_4118,857.24,Debit Card,2025-08-12 12:13:07,completed,
PMT_1223,BK_1223,US_3224,427.82,Wallet,2024-03-01 16:17:17,completed,
PMT_1224,BK_1224,US_5686,0.0,Wallet,2025-11-06 17:20:56,failed,
PMT_1225,BK_1225,US_3165,1310.85,Net Banking,2025-09-18 12:02:38,completed,
PMT_1226,BK_1226,US_9963,1031.97,Credit Card,2025-12-12 18:33:26,completed,
PMT_1227,BK_1227,US_6377,325.32,Wallet,2025-08-23 11:26:32,completed,
PMT_1229,BK_1229,US_3819,1277.97,UPI,2025-03-21 20:13:54,completed,
PMT_1230,BK_1230,US_2933,214.21,Net Banking,2024-12-23 14:43:06,completed,
PMT_1231,BK_1231,US_2410,0.0,Debit Card,2024-08-27 08:46:02,failed,
PMT_1232,BK_1232,US_6659,315.14,Debit Card,2024-09-30 06:13:34,completed,
PMT_1233,BK_1233,US_1336,163.91,Debit Card,2024-03-07 04:34:16,completed,
PMT_1234,BK_1234,US_2911,1704.0,UPI,2024-11-18 06:52:59,completed,
PMT_1235,BK_1235,US_2782,1944.72,Net Banking,2025-12-29 01:07:34,completed,
PMT_1237,BK_1237,US_8257,1683.84,Net Banking,2024-03-12 21:30:01,completed,
PMT_1238,BK_1238,US_1470,776.44,Credit Card,2024-07-21 15:23:08,completed,
PMT_1239,BK_1239,US_6285,194.91,Net Banking,2024-09-18 03:23:54,completed,
PMT_1241,BK_1241,US_6501,593.28,Wallet,2024-07-14 11:23:15,completed,
PMT_1242,BK_1242,US_5341,318.18,Debit Card,2025-01-29 20:22:43,completed,
PMT_1244,BK_1244,US_8154,0.0,UPI,2024-05-24 11:17:27,refunded,
PMT_1245,BK_1245,US_3010,299.83,Wallet,2024-08-14 07:55:15,completed,
PMT_1246,BK_1246,US_9142,1417.8,Credit Card,2025-01-30 03:33:14,completed,
PMT_1247,BK_1247,US_8722,0.0,Wallet,2024-12-22 10:12:07,failed,
PMT_1248,BK_1248,US_4154,509.32,Net Banking,2024-09-07 08:18:05,completed,
PMT_1249,BK_1249,US_7393,0.0,UPI,2025-08-10 23:13:36,failed,
PMT_1250,BK_1250,US_5371,668.86,Wallet,2024-02-25 07:09:25,completed,
PMT_1251,BK_1251,US_2643,1234.8600000000001,Wallet,2025-10-20 16:11:39,completed,
PMT_1252,BK_1252,US_5345,616.71,Net Banking,2025-05-22 00:04:26,completed,
PMT_1254,BK_1254,US_6833,1037.85,Credit Card,2024-02-22 12:35:35,completed,
PMT_1255,BK_1255,US_2576,0.0,UPI,2024-02-13 01:19:02,failed,
PMT_1256,BK_1256,US_9976,873.16,UPI,2025-06-10 21:54:24,completed,
PMT_1257,BK_1257,US_334,729.34,UPI,2024-06-08 08:57:49,completed,
PMT_1258,BK_1258,US_4879,378.86,Debit Card,2025-09-24 02:58:45,completed,
PMT_1259,BK_1259,US_1691,553.26,UPI,2024-06-27 17:06:47,completed,
PMT_1260,BK_1260,US_4153,0.0,UPI,2025-05-30 15:30:01,failed,
PMT_1261,BK_1261,US_2846,350.13,Debit Card,2025-01-06 01:31:59,completed,
PMT_1262,BK_1262,US_1610,905.0999999999999,Debit Card,2024-07-13 14:27:58,completed,
PMT_1263,BK_1263,US_6345,0.0,Net Banking,2024-03-16 04:08:25,failed,
PMT_1265,BK_1265,US_5302,1395.6,Net Banking,2024-01-08 13:33:15,completed,
PMT_1266,BK_1266,US_9969,1299.6,Net Banking,2024-01-11 21:00:18,completed,
PMT_1267,BK_1267,US_524,1606.68,UPI,2025-03-12 12:18:24,completed,
PMT_1269,BK_1269,US_4837,1203.8,Wallet,2025-12-24 03:14:33,completed,
PMT_1270,BK_1270,US_4745,166.43,Net Banking,2024-10-08 04:21:42,completed,
PMT_1271,BK_1271,US_466,0.0,Debit Card,2025-10-24 20:46:41,failed,
PMT_1272,BK_1272,US_7863,787.76,UPI,2024-04-18 02:42:04,completed,
PMT_1273,BK_1273,US_9309,316.12,Credit Card,2025-04-09 13:42:20,completed,
PMT_1274,BK_1274,US_5690,948.76,UPI,2024-09-03 00:58:10,completed,
PMT_1275,BK_1275,US_2413,251.47,UPI,2024-12-28 22:29:39,completed,
PMT_1276,BK_1276,US_437,793.1999999999999,Credit Card,2025-03-04 05:40:29,completed,
PMT_1277,BK_1277,US_9152,513.92,UPI,2025-01-10 21:58:46,completed,
PMT_1278,BK_1278,US_1418,993.44,UPI,2024-08-25 11:50:45,completed,
PMT_1279,BK_1279,US_4601,791.04,Net Banking,2024-02-19 07:27:05,completed,
PMT_1280,BK_1280,US_6851,545.4000000000001,Wallet,2024-07-08 21:57:24,completed,
PMT_1281,BK_1281,US_4540,712.12,Debit Card,2025-02-11 00:38:30,completed,
PMT_1283,BK_1283,US_4543,274.7,Credit Card,2024-09-27 06:41:53,completed,
PMT_1284,BK_1284,US_7792,174.19,Net Banking,2024-01-14 11:04:31,completed,
PMT_1285,BK_1285,US_5438,1452.28,Net Banking,2025-11-06 16:14:48,completed,
PMT_1286,BK_1286,US_5417,466.95,Wallet,2024-01-28 16:16:30,completed,
PMT_1287,BK_1287,US_17,1569.52,UPI,2025-06-03 10:01:21,completed,
PMT_1288,BK_1288,US_1960,240.35,Wallet,2024-02-26 08:56:14,completed,
PMT_1289,BK_1289,US_3174,861.18,Credit Card,2025-11-20 21:40:12,completed,
PMT_1290,BK_1290,US_7438,1292.8799999999999,Debit Card,2025-12-21 17:04:01,completed,
PMT_1291,BK_1291,US_9600,912.32,Credit Card,2024-05-05 13:13:39,completed,
PMT_1293,BK_1293,US_8490,1025.58,Debit Card,2025-05-20 14:36:00,completed,
PMT_1294,BK_1294,US_3371,698.4300000000001,Debit Card,2025-02-10 12:07:02,completed,
PMT_1295,BK_1295,US_6977,1749.64,Credit Card,2024-07-17 02:57:07,completed,
PMT_1296,BK_1296,US_3388,237.63,Wallet,2025-12-11 17:55:32,completed,
PMT_1297,BK_1297,US_8486,1481.52,Debit Card,2024-11-07 08:56:04,completed,
PMT_1298,BK_1298,US_63,0.0,Debit Card,2025-05-13 16:49:28,refunded,
PMT_1299,BK_1299,US_1585,900.99,UPI,2025-05-19 10:27:44,completed,
PMT_1300,BK_1300,US_2949,461.58000000000004,Credit Card,2025-06-04 00:46:47,completed,
PMT_1301,BK_1301,US_8354,217.57,UPI,2024-03-08 01:45:19,completed,
PMT_1302,BK_1302,US_5880,875.22,UPI,2025-03-18 22:20:56,completed,
PMT_1303,BK_1303,US_4393,267.82,Net Banking,2024-07-23 03:35:49,completed,
PMT_1305,BK_1305,US_4342,959.84,Net Banking,2025-07-22 02:20:23,completed,
PMT_1306,BK_1306,US_6699,873.9000000000001,Credit Card,2024-03-12 02:58:17,completed,
PMT_1307,BK_1307,US_4057,359.08,Debit Card,2025-08-18 05:48:52,completed,
PMT_1308,BK_1308,US_1921,486.07,Net Banking,2024-07-15 18:19:02,completed,
PMT_1309,BK_1309,US_2227,343.9,Net Banking,2024-07-04 12:55:28,completed,
PMT_1310,BK_1310,US_7918,322.37,Credit Card,2025-10-16 10:29:53,completed,
PMT_1311,BK_1311,US_6703,0.0,Credit Card,2024-06-29 05:06:20,failed,
PMT_1312,BK_1312,US_3063,0.0,UPI,2025-10-26 03:44:04,refunded,
PMT_1313,BK_1313,US_9266,383.07,Wallet,2024-07-08 15:43:03,completed,
PMT_1315,BK_1315,US_7895,0.0,UPI,2025-10-22 08:33:52,failed,
PMT_1316,BK_1316,US_7438,558.24,Net Banking,2025-04-28 01:53:23,completed,
PMT_1317,BK_1317,US_9285,497.18,Net Banking,2024-04-07 15:08:38,completed,
PMT_1318,BK_1318,US_3938,418.28,UPI,2025-10-26 22:33:16,completed,
PMT_1320,BK_1320,US_7539,875.62,Net Banking,2024-03-14 10:52:10,completed,
PMT_1321,BK_1321,US_2825,849.2,UPI,2025-03-06 06:35:43,completed,
PMT_1322,BK_1322,US_9135,1172.43,Credit Card,2024-06-10 15:07:01,completed,
PMT_1324,BK_1324,US_6074,523.58,Debit Card,2025-09-01 09:49:08,completed,
PMT_1325,BK_1325,US_5983,860.3700000000001,Wallet,2024-06-14 15:58:30,completed,
PMT_1326,BK_1326,US_6041,477.94,Debit Card,2024-02-02 17:41:32,completed,
PMT_1327,BK_1327,US_2815,1502.92,Debit Card,2024-12-30 08:29:27,completed,
PMT_1329,BK_1329,US_6114,0.0,Debit Card,2025-01-24 05:41:02,failed,
PMT_1330,BK_1330,US_1045,955.92,Debit Card,2025-10-02 08:11:21,completed,
PMT_1331,BK_1331,US_2835,1111.9499999999998,Net Banking,2025-05-02 15:27:54,completed,
PMT_1332,BK_1332,US_4701,502.44,Credit Card,2024-12-18 17:18:24,completed,
PMT_1333,BK_1333,US_3001,656.12,UPI,2024-06-07 17:28:12,completed,
PMT_1334,BK_1334,US_5391,331.15,Credit Card,2025-04-21 15:57:24,completed,
PMT_1335,BK_1335,US_9617,1757.52,Net Banking,2025-05-22 11:27:39,completed,
PMT_1336,BK_1336,US_6980,1307.34,Debit Card,2024-01-13 16:22:38,completed,
PMT_1337,BK_1337,US_4055,1634.28,UPI,2025-11-07 09:52:25,completed,
PMT_1338,BK_1338,US_9209,833.64,Wallet,2024-06-23 09:05:25,completed,
PMT_1341,BK_1341,US_3659,447.1,Net Banking,2025-11-08 04:55:27,completed,
PMT_1342,BK_1342,US_7420,794.06,UPI,2025-07-19 12:16:40,completed,
PMT_1343,BK_1343,US_8510,331.62,Wallet,2024-12-26 16:13:23,completed,
PMT_1344,BK_1344,US_8372,247.57,Net Banking,2024-11-16 18:53:11,completed,
PMT_1345,BK_1345,US_2701,747.5,UPI,2025-10-22 05:33:45,completed,
PMT_1346,BK_1346,US_775,0.0,Credit Card,2025-04-07 00:17:42,failed,
PMT_1348,BK_1348,US_8729,434.3,Credit Card,2024-05-22 04:54:33,completed,
PMT_1349,BK_1349,US_3711,1676.96,Debit Card,2025-05-12 20:26:57,completed,
PMT_1350,BK_1350,US_9999,904.12,Wallet,2024-03-05 00:09:20,completed,
PMT_1351,BK_1351,US_5359,208.24,Debit Card,2025-03-17 13:49:40,completed,
PMT_1353,BK_1353,US_3905,1991.32,Debit Card,2024-09-30 01:10:21,completed,
PMT_1354,BK_1354,US_5612,482.44,Net Banking,2025-10-24 12:09:18,completed,
PMT_1355,BK_1355,US_8246,824.1,Net Banking,2025-12-18 10:23:00,completed,
PMT_1356,BK_1356,US_7206,0.0,Wallet,2025-05-03 06:45:14,failed,
PMT_1357,BK_1357,US_268,340.11,Debit Card,2025-12-11 05:45:40,completed,
PMT_1359,BK_1359,US_3730,187.36,UPI,2024-08-08 21:22:50,completed,
PMT_1360,BK_1360,US_1327,232.44,Credit Card,2025-09-07 19:02:54,completed,
PMT_1361,BK_1361,US_3185,1376.52,Wallet,2025-04-02 15:20:25,completed,
PMT_1363,BK_1363,US_2364,802.24,UPI,2024-04-13 19:05:10,completed,
PMT_1364,BK_1364,US_325,572.24,Debit Card,2024-11-29 18:51:34,completed,
PMT_1365,BK_1365,US_1996,1104.33,Credit Card,2024-06-29 00:31:00,completed,
PMT_1366,BK_1366,US_6031,705.02,Wallet,2024-10-27 13:31:31,completed,
PMT_1367,BK_1367,US_199,587.76,UPI,2025-07-01 03:55:40,completed,
PMT_1368,BK_1368,US_4371,678.72,Wallet,2024-07-12 17:26:05,completed,
PMT_1369,BK_1369,US_9250,479.92,Debit Card,2025-04-13 06:10:14,completed,
PMT_1370,BK_1370,US_3051,468.06,Net Banking,2024-11-23 08:08:50,completed,
PMT_1371,BK_1371,US_7784,480.88,Net Banking,2025-01-12 07:25:59,completed,
PMT_1372,BK_1372,US_404,481.78,Wallet,2025-07-27 03:53:31,completed,
PMT_1373,BK_1373,US_5951,376.38,Credit Card,2024-12-03 06:26:45,completed,
PMT_1374,BK_1374,US_7383,368.25,Net Banking,2024-07-14 23:09:52,completed,
PMT_1375,BK_1375,US_8994,703.16,UPI,2024-07-04 16:50:16,completed,
PMT_1376,BK_1376,US_6961,0.0,Credit Card,2024-03-01 19:35:37,failed,
PMT_1377,BK_1377,US_2856,676.2,Net Banking,2025-11-23 10:35:37,completed,
PMT_1378,BK_1378,US_7268,1194.28,Credit Card,2025-12-01 18:03:57,completed,
PMT_1379,BK_1379,US_966,625.29,Wallet,2024-02-02 13:46:10,completed,
PMT_1380,BK_1380,US_6230,222.36,Wallet,2025-10-01 16:40:51,completed,
PMT_1382,BK_1382,US_4299,269.2,Net Banking,2025-02-16 09:19:33,completed,
PMT_1383,BK_1383,US_3415,1217.31,Debit Card,2024-01-11 11:24:33,completed,
PMT_1384,BK_1384,US_8746,313.45,Net Banking,2025-02-25 19:55:52,completed,
PMT_1386,BK_1386,US_5801,476.54,UPI,2024-05-15 10:33:51,completed,
PMT_1387,BK_1387,US_4574,1042.92,Net Banking,2024-07-25 08:12:19,completed,
PMT_1388,BK_1388,US_8059,0.0,Debit Card,2025-11-11 00:20:26,refunded,
PMT_1389,BK_1389,US_4184,602.8,Debit Card,2025-04-03 04:18:34,completed,
PMT_1390,BK_1390,US_4621,648.88,UPI,2024-12-20 02:12:10,completed,
PMT_1391,BK_1391,US_9616,710.36,UPI,2024-09-14 08:49:31,completed,
PMT_1392,BK_1392,US_9482,429.84,Debit Card,2025-02-20 08:58:17,completed,
PMT_1393,BK_1393,US_4372,433.73,Net Banking,2025-10-14 03:56:21,completed,
PMT_1394,BK_1394,US_8172,1876.4,Wallet,2025-11-10 19:23:08,completed,
PMT_1395,BK_1395,US_2302,527.0699999999999,Debit Card,2024-10-18 23:27:06,completed,
PMT_1396,BK_1396,US_6360,0.0,Wallet,2025-05-13 08:01:39,refunded,
PMT_1397,BK_1397,US_1478,187.92,Debit Card,2025-07-22 20:59:01,completed,
PMT_1398,BK_1398,US_5901,695.0999999999999,Wallet,2025-04-19 01:45:20,completed,
PMT_1400,BK_1400,US_5723,0.0,Credit Card,2024-08-26 03:05:30,failed,
PMT_1401,BK_1401,US_8494,434.23,Debit Card,2025-01-19 12:38:47,completed,
PMT_1402,BK_1402,US_3484,1301.52,Wallet,2024-08-05 01:48:59,completed,
PMT_1403,BK_1403,US_3884,1259.68,UPI,2024-07-26 16:05:56,completed,
PMT_1404,BK_1404,US_6477,1363.8000000000002,Wallet,2024-05-18 11:27:48,completed,
PMT_1406,BK_1406,US_3458,1238.24,Credit Card,2024-09-18 04:46:11,completed,
PMT_1407,BK_1407,US_5716,1622.96,Credit Card,2025-01-04 11:28:45,completed,
PMT_1409,BK_1409,US_442,524.91,Net Banking,2024-03-23 09:41:36,completed,
PMT_1410,BK_1410,US_920,929.44,Debit Card,2025-02-01 18:56:40,completed,
PMT_1411,BK_1411,US_1396,304.5,Debit Card,2025-03-23 16:54:40,completed,
PMT_1412,BK_1412,US_1739,0.0,UPI,2025-10-11 01:15:49,refunded,
PMT_1413,BK_1413,US_1657,0.0,Credit Card,2024-02-14 07:44:22,refunded,
PMT_1414,BK_1414,US_2349,319.82,Wallet,2024-05-09 14:25:22,completed,
PMT_1415,BK_1415,US_5418,0.0,Wallet,2025-10-23 06:33:59,failed,
PMT_1416,BK_1416,US_5693,1275.69,Net Banking,2025-01-10 21:57:56,completed,
PMT_1417,BK_1417,US_6513,1170.18,Credit Card,2025-11-22 18:54:11,completed,
PMT_1418,BK_1418,US_4472,1470.04,Wallet,2025-01-11 11:21:53,completed,
PMT_1419,BK_1419,US_855,876.86,UPI,2025-06-22 06:41:12,completed,
PMT_1420,BK_1420,US_6171,296.18,UPI,2024-10-13 17:42:37,completed,
PMT_1422,BK_1422,US_2268,699.06,UPI,2024-06-03 06:40:48,completed,
PMT_1423,BK_1423,US_1657,977.28,Credit Card,2024-12-25 12:51:12,completed,
PMT_1425,BK_1425,US_3122,1606.28,Debit Card,2025-09-02 21:06:23,completed,
PMT_1426,BK_1426,US_3848,1574.32,Net Banking,2025-05-11 06:28:12,completed,
PMT_1427,BK_1427,US_7516,496.37,Credit Card,2024-06-17 18:19:28,completed,
PMT_1428,BK_1428,US_8795,983.58,Credit Card,2025-03-06 20:19:43,completed,
PMT_1429,BK_1429,US_7759,456.31,UPI,2025-11-11 21:05:49,completed,
PMT_1431,BK_1431,US_2829,1143.4499999999998,Credit Card,2024-10-03 12:53:30,completed,
PMT_1433,BK_1433,US_3140,1007.5500000000001,Wallet,2024-02-05 16:25:04,completed,
PMT_1435,BK_1435,US_2585,942.28,Wallet,2025-01-31 15:33:09,completed,
PMT_1436,BK_1436,US_9921,1671.88,UPI,2024-04-19 19:38:29,completed,
PMT_1437,BK_1437,US_2916,0.0,Net Banking,2024-10-26 22:45:11,refunded,
PMT_1439,BK_1439,US_9842,426.9,Credit Card,2025-12-08 07:20:31,completed,
PMT_1441,BK_1441,US_4828,455.1,Net Banking,2025-07-17 21:28:41,completed,
PMT_1442,BK_1442,US_1661,474.17,Debit Card,2025-07-04 09:05:57,completed,
PMT_1443,BK_1443,US_4206,351.42,UPI,2025-07-18 17:20:04,completed,
PMT_1444,BK_1444,US_1405,557.66,UPI,2024-02-12 01:41:13,completed,
PMT_1445,BK_1445,US_7315,819.78,UPI,2025-02-21 01:54:56,completed,
PMT_1446,BK_1446,US_2447,1563.52,Debit Card,2025-12-14 08:09:57,completed,
PMT_1447,BK_1447,US_8583,362.18,Debit Card,2024-08-16 11:44:21,completed,
PMT_1448,BK_1448,US_2798,641.4000000000001,Debit Card,2025-11-25 09:22:00,completed,
PMT_1449,BK_1449,US_9875,1480.1100000000001,Credit Card,2024-02-21 11:17:14,completed,
PMT_1450,BK_1450,US_4436,437.92,UPI,2024-03-13 10:52:33,completed,
PMT_1451,BK_1451,US_1872,1079.32,Debit Card,2025-12-29 19:38:13,completed,
PMT_1453,BK_1453,US_6579,0.0,UPI,2024-07-21 05:51:21,failed,
PMT_1454,BK_1454,US_2581,1174.84,Credit Card,2025-06-15 11:51:42,completed,
PMT_1455,BK_1455,US_3806,817.6500000000001,Credit Card,2024-01-13 10:27:53,completed,
PMT_1456,BK_1456,US_3409,172.37,Net Banking,2024-01-30 16:55:24,completed,
PMT_1458,BK_1458,US_292,269.77,UPI,2024-05-15 22:35:03,completed,
PMT_1459,BK_1459,US_9066,0.0,Credit Card,2024-01-30 20:00:00,failed,
PMT_1460,BK_1460,US_5876,345.8,Credit Card,2025-03-09 11:58:20,completed,
PMT_1462,BK_1462,US_2834,596.62,Wallet,2025-10-28 06:59:58,completed,
PMT_1463,BK_1463,US_4333,1217.31,Debit Card,2025-07-25 13:53:26,completed,
PMT_1465,BK_1465,US_6060,0.0,Wallet,2025-09-29 19:42:25,failed,
PMT_1466,BK_1466,US_4211,1136.22,UPI,2024-10-03 02:05:38,completed,
PMT_1467,BK_1467,US_6070,1555.04,Wallet,2024-02-14 19:19:14,completed,
PMT_1468,BK_1468,US_1601,667.72,Debit Card,2025-10-22 02:34:46,completed,
PMT_1470,BK_1470,US_1288,248.22,Credit Card,2025-07-04 01:23:36,completed,
PMT_1471,BK_1471,US_2165,1933.84,Debit Card,2024-08-06 05:39:57,completed,
PMT_1472,BK_1472,US_1993,475.95000000000005,Net Banking,2025-06-28 02:23:02,completed,
PMT_1474,BK_1474,US_3500,476.17,Credit Card,2024-09-22 20:33:27,completed,
PMT_1475,BK_1475,US_8135,1443.4,Net Banking,2024-11-17 05:42:18,completed,
PMT_1476,BK_1476,US_1436,0.0,Debit Card,2025-03-29 17:28:27,refunded,
PMT_1477,BK_1477,US_8314,0.0,Debit Card,2024-12-21 22:23:59,failed,
PMT_1480,BK_1480,US_846,1102.76,Wallet,2024-07-21 10:28:03,completed,
PMT_1481,BK_1481,US_2683,382.39,Credit Card,2024-05-09 17:43:12,completed,
PMT_1482,BK_1482,US_543,1285.44,Wallet,2025-01-27 02:52:25,completed,
PMT_1484,BK_1484,US_5983,970.16,UPI,2025-09-04 11:59:54,completed,
PMT_1486,BK_1486,US_8644,178.66,Net Banking,2024-10-31 21:23:35,completed,
PMT_1487,BK_1487,US_495,504.52,Net Banking,2024-12-02 02:58:55,completed,
PMT_1488,BK_1488,US_6317,1497.6,Wallet,2025-04-19 18:47:54,completed,
PMT_1490,BK_1490,US_1202,833.14,Debit Card,2024-06-09 03:02:07,completed,
PMT_1491,BK_1491,US_712,0.0,UPI,2025-08-29 17:11:04,failed,
PMT_1492,BK_1492,US_705,1366.47,Debit Card,2025-03-26 16:54:03,completed,
PMT_1493,BK_1493,US_8914,0.0,Credit Card,2025-08-24 11:50:50,refunded,
PMT_1494,BK_1494,US_9234,592.66,Debit Card,2024-11-23 17:03:04,completed,
PMT_1495,BK_1495,US_8631,241.17,Credit Card,2025-02-13 18:57:45,completed,
PMT_1497,BK_1497,US_9703,0.0,Wallet,2025-12-11 05:29:29,failed,
PMT_1498,BK_1498,US_6913,0.0,Debit Card,2024-09-24 20:57:39,refunded,
PMT_1499,BK_1499,US_8249,209.06,UPI,2025-08-04 15:25:04,completed,
PMT_1500,BK_1500,US_1491,0.0,Debit Card,2025-01-14 10:35:52,refunded,
PMT_1501,BK_1501,US_2407,479.5,Credit Card,2024-09-02 15:44:01,completed,
PMT_1502,BK_1502,US_5995,1886.16,UPI,2024-10-08 03:47:13,completed,
PMT_1503,BK_1503,US_2000,1405.52,Net Banking,2025-04-03 21:38:39,completed,
PMT_1504,BK_1504,US_1341,1545.96,Debit Card,2024-06-11 05:48:12,completed,
PMT_1505,BK_1505,US_7149,289.66,Wallet,2025-10-19 13:17:41,completed,
PMT_1506,BK_1506,US_4023,696.48,Debit Card,2025-05-13 14:42:26,completed,
PMT_1507,BK_1507,US_9119,0.0,Credit Card,2025-08-14 14:23:10,failed,
PMT_1508,BK_1508,US_7643,0.0,Wallet,2024-02-13 17:50:15,failed,
PMT_1509,BK_1509,US_811,353.42,Debit Card,2025-06-03 11:41:23,completed,
PMT_1510,BK_1510,US_9745,1368.03,Wallet,2024-04-17 12:30:35,completed,
PMT_1511,BK_1511,US_4074,1840.32,Debit Card,2025-12-28 18:20:14,completed,
PMT_1513,BK_1513,US_2863,588.27,Wallet,2024-12-14 04:01:02,completed,
PMT_1515,BK_1515,US_8098,489.03,Wallet,2024-10-07 05:23:45,completed,
PMT_1516,BK_1516,US_9906,1249.44,Net Banking,2024-12-11 02:40:43,completed,
PMT_1517,BK_1517,US_4117,0.0,Debit Card,2024-03-20 00:02:37,failed,
PMT_1518,BK_1518,US_6878,603.44,Net Banking,2024-01-08 04:24:16,completed,
PMT_1519,BK_1519,US_4710,0.0,Debit Card,2024-09-19 11:29:23,failed,
PMT_1520,BK_1520,US_2684,1023.81,UPI,2025-12-28 07:06:30,completed,
PMT_1521,BK_1521,US_8499,446.08,Debit Card,2024-09-24 07:05:32,completed,
PMT_1522,BK_1522,US_4928,355.36,Wallet,2025-02-27 00:54:47,completed,
PMT_1523,BK_1523,US_6821,982.04,Net Banking,2025-04-04 15:50:10,completed,
PMT_1524,BK_1524,US_8944,0.0,Net Banking,2024-03-28 01:51:05,failed,
PMT_1525,BK_1525,US_3028,367.96,UPI,2025-07-01 16:10:23,completed,
PMT_1526,BK_1526,US_5515,0.0,Credit Card,2024-07-23 07:32:30,failed,
PMT_1527,BK_1527,US_239,1270.3799999999999,UPI,2025-01-03 16:09:55,completed,
PMT_1530,BK_1530,US_7709,211.1,UPI,2025-03-14 16:39:02,completed,
PMT_1531,BK_1531,US_1515,1447.76,Debit Card,2025-11-02 22:38:23,completed,
PMT_1532,BK_1532,US_2338,1704.6,Credit Card,2025-04-18 02:58:23,completed,
PMT_1533,BK_1533,US_1585,486.41999999999996,UPI,2025-11-17 04:08:11,completed,
PMT_1534,BK_1534,US_1338,168.54,UPI,2025-11-01 15:28:17,completed,
PMT_1535,BK_1535,US_1432,463.88,Credit Card,2024-12-23 05:15:15,completed,
PMT_1536,BK_1536,US_2222,551.01,Wallet,2025-09-05 02:52:55,completed,
PMT_1537,BK_1537,US_5586,424.4,Net Banking,2025-05-12 09:00:22,completed,
PMT_1538,BK_1538,US_8815,795.24,UPI,2025-04-01 06:46:04,completed,
PMT_1539,BK_1539,US_5833,390.06,Credit Card,2025-11-24 07:41:19,completed,
PMT_1540,BK_1540,US_1754,0.0,Credit Card,2024-06-05 07:26:44,refunded,
PMT_1541,BK_1541,US_2348,1115.34,Debit Card,2024-02-16 15:09:59,completed,
PMT_1542,BK_1542,US_8688,530.73,UPI,2024-06-19 18:44:55,completed,
PMT_1543,BK_1543,US_7350,371.91,UPI,2025-10-08 16:06:35,completed,
PMT_1544,BK_1544,US_8263,677.56,Wallet,2025-03-20 01:05:57,completed,
PMT_1545,BK_1545,US_3385,0.0,Credit Card,2025-08-09 14:02:59,refunded,
PMT_1546,BK_1546,US_7641,0.0,Debit Card,2025-12-12 01:06:37,failed,
PMT_1547,BK_1547,US_8383,870.48,Debit Card,2025-12-02 09:32:46,completed,
PMT_1549,BK_1549,US_2946,314.92,Debit Card,2024-11-11 12:52:31,completed,
PMT_1550,BK_1550,US_4559,0.0,Debit Card,2024-03-25 21:22:24,failed,
PMT_1551,BK_1551,US_7223,279.02,Net Banking,2025-09-05 16:20:02,completed,
PMT_1552,BK_1552,US_7841,312.98,Credit Card,2024-01-03 15:36:28,completed,
PMT_1553,BK_1553,US_8932,1074.24,Net Banking,2025-12-18 22:49:57,completed,
PMT_1555,BK_1555,US_1467,438.33,Wallet,2025-12-19 13:32:08,completed,
PMT_1556,BK_1556,US_7005,724.78,Credit Card,2024-04-05 00:02:12,completed,
PMT_1557,BK_1557,US_6245,928.06,Net Banking,2024-12-11 02:04:45,completed,
PMT_1558,BK_1558,US_7569,1109.6100000000001,Credit Card,2025-12-17 04:44:44,completed,
PMT_1560,BK_1560,US_6028,303.63,Net Banking,2025-09-18 08:06:51,completed,
PMT_1561,BK_1561,US_1887,311.48,Net Banking,2024-03-13 05:53:00,completed,
PMT_1562,BK_1562,US_41,1196.4,Debit Card,2025-06-13 00:50:13,completed,
PMT_1563,BK_1563,US_4725,792.98,Wallet,2024-05-19 09:25:20,completed,
PMT_1564,BK_1564,US_9250,0.0,Net Banking,2024-12-08 01:29:56,refunded,
PMT_1565,BK_1565,US_277,1149.88,Credit Card,2024-05-04 01:33:41,completed,
PMT_1566,BK_1566,US_7073,373.15,Debit Card,2025-11-05 18:51:31,completed,
PMT_1567,BK_1567,US_1295,337.78,Debit Card,2025-03-18 14:00:13,completed,
PMT_1568,BK_1568,US_7669,0.0,Wallet,2025-11-30 06:43:06,refunded,
PMT_1569,BK_1569,US_7284,709.38,Net Banking,2024-07-19 10:26:36,completed,
PMT_1570,BK_1570,US_2627,644.92,UPI,2024-07-27 06:43:45,completed,
PMT_1571,BK_1571,US_7217,176.44,Net Banking,2025-04-20 12:44:11,completed,
PMT_1572,BK_1572,US_5810,718.92,Debit Card,2024-01-22 13:33:47,completed,
PMT_1573,BK_1573,US_3136,0.0,Credit Card,2024-07-03 23:17:14,failed,
PMT_1574,BK_1574,US_7492,187.07,Credit Card,2024-03-19 21:19:01,completed,
PMT_1575,BK_1575,US_9647,1096.32,Credit Card,2024-05-29 02:27:49,completed,
PMT_1576,BK_1576,US_3249,804.56,Wallet,2025-11-06 17:42:14,completed,
PMT_1577,BK_1577,US_2464,685.41,Credit Card,2025-12-24 22:40:59,completed,
PMT_1578,BK_1578,US_6660,345.92,Debit Card,2025-01-19 11:16:57,completed,
PMT_1579,BK_1579,US_5926,471.76,UPI,2025-02-24 17:34:36,completed,
PMT_1581,BK_1581,US_6181,287.82,UPI,2024-03-14 17:08:49,completed,
PMT_1582,BK_1582,US_5316,209.95,Debit Card,2025-11-30 05:12:01,completed,
PMT_1583,BK_1583,US_3757,609.88,Debit Card,2024-10-01 05:56:38,completed,
PMT_1584,BK_1584,US_9266,813.1200000000001,UPI,2024-02-04 08:51:23,completed,
PMT_1585,BK_1585,US_6879,245.2,Net Banking,2024-01-14 17:47:46,completed,
PMT_1586,BK_1586,US_6057,1322.72,Wallet,2024-01-06 12:41:07,completed,
PMT_1587,BK_1587,US_2164,440.34,Debit Card,2024-12-04 02:31:46,completed,
PMT_1588,BK_1588,US_1151,860.3700000000001,UPI,2024-11-05 15:51:55,completed,
PMT_1589,BK_1589,US_6870,899.16,Wallet,2024-02-27 08:07:52,completed,
PMT_1590,BK_1590,US_4639,311.22,Net Banking,2025-12-20 14:09:48,completed,
PMT_1592,BK_1592,US_3603,167.2,UPI,2025-05-26 09:57:27,completed,
PMT_1594,BK_1594,US_8136,411.82,Credit Card,2024-04-11 15:15:36,completed,
PMT_1595,BK_1595,US_5093,1413.8,Wallet,2024-06-20 23:20:41,completed,
PMT_1596,BK_1596,US_4716,481.62,Wallet,2025-02-02 22:54:20,completed,
PMT_1597,BK_1597,US_971,859.58,Net Banking,2024-12-22 15:21:14,completed,
PMT_1598,BK_1598,US_715,328.42,Net Banking,2025-10-05 22:52:02,completed,
PMT_1599,BK_1599,US_7145,1645.08,Wallet,2025-08-20 17:40:59,completed,
PMT_1600,BK_1600,US_667,0.0,Credit Card,2024-03-27 01:12:05,failed,
PMT_1601,BK_1601,US_1206,782.8799999999999,UPI,2024-10-24 00:35:47,completed,
PMT_1603,BK_1603,US_3545,716.1,Credit Card,2024-03-18 18:17:26,completed,
PMT_1604,BK_1604,US_5984,232.11,Wallet,2025-09-21 07:24:43,completed,
PMT_1605,BK_1605,US_5221,0.0,Debit Card,2024-01-16 18:19:51,failed,
PMT_1606,BK_1606,US_1849,0.0,Net Banking,2025-01-24 01:51:02,refunded,
PMT_1607,BK_1607,US_3224,1028.8799999999999,Wallet,2025-08-21 03:23:14,completed,
PMT_1610,BK_1610,US_9546,294.24,Credit Card,2024-07-23 01:12:01,completed,
PMT_1611,BK_1611,US_3837,1666.48,Net Banking,2025-09-12 11:07:43,completed,
PMT_1612,BK_1612,US_8912,175.34,Debit Card,2025-03-24 05:28:46,completed,
PMT_1613,BK_1613,US_9164,251.47,Debit Card,2024-04-02 23:27:47,completed,
PMT_1614,BK_1614,US_866,366.04,Credit Card,2025-05-26 10:16:27,completed,
PMT_1616,BK_1616,US_9439,869.28,Credit Card,2024-08-26 05:49:01,completed,
PMT_1619,BK_1619,US_2834,999.8,Net Banking,2025-06-22 01:32:25,completed,
PMT_1620,BK_1620,US_1970,0.0,Credit Card,2024-09-30 06:45:39,failed,
PMT_1621,BK_1621,US_504,706.34,UPI,2025-11-29 15:03:33,completed,
PMT_1622,BK_1622,US_4924,813.68,UPI,2024-04-13 09:20:05,completed,
PMT_1624,BK_1624,US_3929,480.34,Debit Card,2025-09-09 00:55:03,completed,
PMT_1625,BK_1625,US_8572,154.0,Net Banking,2024-12-01 01:28:25,completed,
PMT_1626,BK_1626,US_3151,330.64,Debit Card,2025-08-14 07:50:27,completed,
PMT_1627,BK_1627,US_3654,796.02,Net Banking,2025-08-25 19:13:23,completed,
PMT_1628,BK_1628,US_649,0.0,Net Banking,2024-05-31 17:04:50,failed,
PMT_1629,BK_1629,US_1388,811.17,Net Banking,2024-07-12 09:13:35,completed,
PMT_1630,BK_1630,US_5710,437.76,Credit Card,2024-06-05 07:54:21,completed,
PMT_1632,BK_1632,US_2035,644.61,Net Banking,2024-06-21 19:55:32,completed,
PMT_1633,BK_1633,US_6484,1111.88,Net Banking,2025-12-13 04:43:32,completed,
PMT_1634,BK_1634,US_722,972.6600000000001,UPI,2024-08-04 21:40:50,completed,
PMT_1635,BK_1635,US_179,942.8,UPI,2024-05-29 10:50:09,completed,
PMT_1638,BK_1638,US_480,470.34,Net Banking,2025-09-16 11:08:37,completed,
PMT_1640,BK_1640,US_9772,509.62,Credit Card,2025-09-07 11:54:26,completed,
PMT_1643,BK_1643,US_205,1014.56,UPI,2024-05-25 14:05:47,completed,
PMT_1644,BK_1644,US_1397,1069.0,UPI,2024-03-07 08:55:24,completed,
PMT_1646,BK_1646,US_3724,0.0,Wallet,2024-02-19 21:55:46,failed,
PMT_1647,BK_1647,US_6474,470.36,Net Banking,2024-07-16 09:27:56,completed,
PMT_1649,BK_1649,US_811,585.64,UPI,2024-10-26 09:41:23,completed,
PMT_1651,BK_1651,US_9478,1005.8399999999999,Net Banking,2024-09-30 22:12:47,completed,
PMT_1652,BK_1652,US_5973,973.5,Wallet,2024-08-22 00:53:34,completed,
PMT_1653,BK_1653,US_3727,0.0,Credit Card,2025-05-03 13:40:20,failed,
PMT_1654,BK_1654,US_7610,1160.58,UPI,2025-10-23 01:43:53,completed,
PMT_1655,BK_1655,US_7245,454.77,Credit Card,2024-06-08 23:24:39,completed,
PMT_1656,BK_1656,US_4631,0.0,UPI,2024-03-30 17:52:30,failed,
PMT_1657,BK_1657,US_721,888.04,Debit Card,2025-05-16 08:59:37,completed,
PMT_1658,BK_1658,US_8163,320.84,Debit Card,2025-01-02 14:02:44,completed,
PMT_1659,BK_1659,US_5692,626.42,UPI,2025-12-07 06:56:17,completed,
PMT_1660,BK_1660,US_6205,370.99,Debit Card,2025-02-07 02:29:26,completed,
PMT_1661,BK_1661,US_604,489.22,Credit Card,2024-12-05 23:00:27,completed,
PMT_1663,BK_1663,US_1933,457.44,Wallet,2024-10-16 04:42:08,completed,
PMT_1664,BK_1664,US_1558,423.05,UPI,2024-01-19 22:56:10,completed,
PMT_1665,BK_1665,US_767,671.46,Debit Card,2025-07-11 01:30:21,completed,
PMT_1666,BK_1666,US_1139,280.1,Net Banking,2025-12-05 21:33:13,completed,
PMT_1667,BK_1667,US_8753,795.75,Credit Card,2025-12-12 03:57:40,completed,
PMT_1668,BK_1668,US_3368,1288.48,Credit Card,2024-12-12 10:19:24,completed,
PMT_1669,BK_1669,US_6949,862.4100000000001,Debit Card,2024-04-18 20:17:32,completed,
PMT_1670,BK_1670,US_8128,636.6,Debit Card,2024-12-15 05:04:46,completed,
PMT_1671,BK_1671,US_7714,455.01,Debit Card,2024-07-28 19:22:02,completed,
PMT_1672,BK_1672,US_9079,622.04,Wallet,2024-08-16 00:13:01,completed,
PMT_1673,BK_1673,US_1126,1041.51,Credit Card,2025-11-04 07:44:19,completed,
PMT_1675,BK_1675,US_5749,734.44,Wallet,2025-12-16 17:58:39,completed,
PMT_1676,BK_1676,US_3549,0.0,Net Banking,2024-06-14 08:58:34,failed,
PMT_1677,BK_1677,US_9142,597.02,Debit Card,2025-07-26 02:16:00,completed,
PMT_1678,BK_1678,US_1397,1211.52,UPI,2024-03-04 03:02:26,completed,
PMT_1681,BK_1681,US_4772,0.0,Debit Card,2025-08-04 20:17:07,failed,
PMT_1682,BK_1682,US_1668,413.5,Net Banking,2025-09-01 16:08:09,completed,
PMT_1683,BK_1683,US_597,1208.28,UPI,2025-11-18 07:35:31,completed,
PMT_1684,BK_1684,US_2080,331.72,Wallet,2025-10-20 18:53:53,completed,
PMT_1685,BK_1685,US_5375,395.42,Credit Card,2025-04-16 14:44:00,completed,
PMT_1686,BK_1686,US_3718,693.66,Net Banking,2025-11-05 21:40:54,completed,
PMT_1687,BK_1687,US_5859,726.96,UPI,2025-09-02 03:53:55,completed,
PMT_1688,BK_1688,US_8985,538.17,Debit Card,2024-08-02 12:52:25,completed,
PMT_1689,BK_1689,US_5237,878.6,Debit Card,2025-04-20 09:11:13,completed,
PMT_1691,BK_1691,US_1667,723.8,Net Banking,2025-09-23 08:47:34,completed,
PMT_1692,BK_1692,US_212,517.83,Wallet,2025-02-23 21:10:41,completed,
PMT_1693,BK_1693,US_9542,1003.72,Debit Card,2024-11-30 06:56:22,completed,
PMT_1694,BK_1694,US_6314,926.76,Net Banking,2025-10-03 14:05:21,completed,
PMT_1695,BK_1695,US_9709,1914.36,Net Banking,2025-06-02 09:51:48,completed,
PMT_1696,BK_1696,US_3544,1712.92,Debit Card,2025-04-22 23:39:41,completed,
PMT_1697,BK_1697,US_6474,930.54,Wallet,2025-03-17 13:51:21,completed,
PMT_1698,BK_1698,US_1411,0.0,Credit Card,2025-03-13 04:52:49,failed,
PMT_1699,BK_1699,US_3672,650.97,Debit Card,2024-02-04 18:47:19,completed,
PMT_1700,BK_1700,US_538,1397.64,Wallet,2024-04-18 05:42:21,completed,
PMT_1701,BK_1701,US_2010,230.51,Credit Card,2025-08-02 13:07:34,completed,
PMT_1702,BK_1702,US_1879,546.52,Debit Card,2025-11-18 23:25:34,completed,
PMT_1703,BK_1703,US_6051,245.36,Wallet,2024-07-04 16:27:41,completed,
PMT_1705,BK_1705,US_4674,1566.84,Net Banking,2025-06-04 05:28:52,completed,
PMT_1706,BK_1706,US_5441,659.2,Wallet,2025-06-12 01:41:17,completed,
PMT_1708,BK_1708,US_1509,422.87,Debit Card,2025-11-01 10:51:49,completed,
PMT_1709,BK_1709,US_689,327.92,Wallet,2024-11-17 17:53:07,completed,
PMT_1711,BK_1711,US_8351,845.01,Debit Card,2025-02-18 19:10:07,completed,
PMT_1712,BK_1712,US_8396,1548.36,UPI,2025-12-21 00:37:09,completed,
PMT_1713,BK_1713,US_4141,939.86,UPI,2025-12-05 09:56:27,completed,
PMT_1714,BK_1714,US_142,469.54,Net Banking,2024-12-18 10:15:39,completed,
PMT_1715,BK_1715,US_4019,796.48,Credit Card,2024-03-17 06:56:17,completed,
PMT_1716,BK_1716,US_5948,698.28,Credit Card,2025-11-05 09:13:31,completed,
PMT_1717,BK_1717,US_534,496.21,UPI,2024-12-25 21:33:40,completed,
PMT_1718,BK_1718,US_1653,911.78,UPI,2025-11-18 15:35:17,completed,
PMT_1719,BK_1719,US_9967,1914.68,Wallet,2025-05-23 04:51:53,completed,
PMT_1720,BK_1720,US_3580,1135.1100000000001,UPI,2024-04-09 03:36:39,completed,
PMT_1722,BK_1722,US_8713,463.5,UPI,2025-09-11 03:24:16,completed,
PMT_1723,BK_1723,US_3329,853.54,Wallet,2025-03-14 07:42:01,completed,
PMT_1724,BK_1724,US_1545,158.31,Wallet,2025-11-04 07:29:31,completed,
PMT_1727,BK_1727,US_872,723.36,UPI,2025-12-21 06:10:16,completed,
PMT_1728,BK_1728,US_2769,818.25,Wallet,2025-11-07 20:53:13,completed,
PMT_1729,BK_1729,US_6560,945.04,UPI,2025-07-10 17:12:11,completed,
PMT_1730,BK_1730,US_9754,797.64,Wallet,2024-09-03 21:59:37,completed,
PMT_1731,BK_1731,US_436,1065.0,Debit Card,2025-07-16 11:41:38,completed,
PMT_1732,BK_1732,US_1922,820.6200000000001,Credit Card,2024-02-17 19:25:53,completed,
PMT_1733,BK_1733,US_4730,695.32,Credit Card,2025-06-11 13:00:18,completed,
PMT_1735,BK_1735,US_3426,737.66,Debit Card,2024-05-17 13:08:58,completed,
PMT_1736,BK_1736,US_5076,1175.19,Net Banking,2025-09-20 05:47:38,completed,
PMT_1737,BK_1737,US_6290,455.5,Wallet,2025-09-17 02:42:41,completed,
PMT_1738,BK_1738,US_3704,1472.44,UPI,2024-07-19 05:15:24,completed,
PMT_1739,BK_1739,US_1305,412.5,Credit Card,2024-07-27 03:49:19,completed,
PMT_1740,BK_1740,US_8754,1319.52,Wallet,2025-09-06 09:32:17,completed,
PMT_1741,BK_1741,US_9155,495.54,Credit Card,2025-03-08 21:08:00,completed,
PMT_1742,BK_1742,US_5585,652.96,UPI,2025-08-24 15:45:12,completed,
PMT_1743,BK_1743,US_1965,854.01,Debit Card,2025-07-25 00:30:12,completed,
PMT_1745,BK_1745,US_3111,523.3,Wallet,2024-04-01 20:25:32,completed,
PMT_1746,BK_1746,US_5755,0.0,Net Banking,2025-08-12 23:15:34,failed,
PMT_1747,BK_1747,US_2436,777.4,Debit Card,2024-06-13 06:59:52,completed,
PMT_1748,BK_1748,US_1382,859.83,Wallet,2024-09-19 22:02:19,completed,
PMT_1750,BK_1750,US_9924,1411.8,UPI,2025-05-28 23:06:49,completed,
PMT_1752,BK_1752,US_7775,0.0,UPI,2024-12-29 14:51:10,failed,
PMT_1753,BK_1753,US_2352,666.86,Net Banking,2024-07-16 01:46:59,completed,
PMT_1754,BK_1754,US_8793,0.0,Credit Card,2025-01-22 06:43:42,failed,
PMT_1755,BK_1755,US_795,910.04,Net Banking,2024-06-22 05:11:54,completed,
PMT_1756,BK_1756,US_8286,915.96,Wallet,2024-02-19 15:37:54,completed,
PMT_1757,BK_1757,US_1558,626.8,Credit Card,2025-02-08 04:50:25,completed,
PMT_1758,BK_1758,US_2032,1607.56,Net Banking,2025-01-12 11:02:51,completed,
PMT_1759,BK_1759,US_4948,0.0,Credit Card,2024-03-12 06:45:46,failed,
PMT_1760,BK_1760,US_1769,472.27,Credit Card,2025-05-15 15:07:55,completed,
PMT_1761,BK_1761,US_2875,1283.82,Wallet,2025-06-16 13:10:41,completed,
PMT_1762,BK_1762,US_9312,635.42,Debit Card,2025-10-19 04:01:53,completed,
PMT_1763,BK_1763,US_7157,0.0,Debit Card,2025-05-18 21:45:26,failed,
PMT_1764,BK_1764,US_4693,408.04,Credit Card,2025-12-10 21:43:02,completed,
PMT_1765,BK_1765,US_1059,466.99,Net Banking,2024-01-26 12:51:58,completed,
PMT_1767,BK_1767,US_3243,1743.28,Net Banking,2025-05-24 23:49:10,completed,
PMT_1768,BK_1768,US_4128,1393.68,Credit Card,2024-09-11 00:56:52,completed,
PMT_1769,BK_1769,US_4622,1130.16,Net Banking,2025-11-26 02:54:17,completed,
PMT_1770,BK_1770,US_9515,453.5,Debit Card,2025-03-28 03:01:05,completed,
PMT_1771,BK_1771,US_6248,0.0,Debit Card,2025-02-12 20:13:49,failed,
PMT_1772,BK_1772,US_404,711.44,Credit Card,2025-04-17 23:55:55,completed,
PMT_1773,BK_1773,US_5239,497.51,Wallet,2025-01-13 23:49:52,completed,
PMT_1774,BK_1774,US_5312,0.0,Credit Card,2025-07-15 02:45:03,failed,
PMT_1775,BK_1775,US_3899,711.44,UPI,2024-11-09 07:54:27,completed,
PMT_1777,BK_1777,US_4793,1090.8,Debit Card,2024-01-19 05:37:05,completed,
PMT_1778,BK_1778,US_4691,0.0,Debit Card,2025-04-03 00:39:15,failed,
PMT_1779,BK_1779,US_3628,0.0,Credit Card,2025-08-16 17:50:59,failed,
PMT_1780,BK_1780,US_7585,186.82,Wallet,2024-06-17 19:51:17,completed,
PMT_1781,BK_1781,US_118,0.0,UPI,2024-03-13 13:42:00,refunded,
PMT_1782,BK_1782,US_4619,1490.85,Wallet,2025-06-30 02:18:51,completed,
PMT_1783,BK_1783,US_7278,1877.16,Credit Card,2024-12-13 10:34:14,completed,
PMT_1784,BK_1784,US_9700,378.83,UPI,2024-05-05 12:04:05,completed,
PMT_1786,BK_1786,US_1749,1061.34,Credit Card,2024-08-05 12:44:36,completed,
PMT_1789,BK_1789,US_3003,686.22,Net Banking,2024-09-06 22:26:26,completed,
PMT_1790,BK_1790,US_2805,909.27,Debit Card,2024-08-23 02:47:25,completed,
PMT_1791,BK_1791,US_6649,1106.67,Debit Card,2024-08-27 20:23:57,completed,
PMT_1792,BK_1792,US_5200,1024.0,Debit Card,2024-11-13 16:22:05,completed,
PMT_1793,BK_1793,US_5404,1781.36,Credit Card,2024-05-30 02:28:56,completed,
PMT_1794,BK_1794,US_2913,0.0,Debit Card,2025-08-27 18:22:38,failed,
PMT_1795,BK_1795,US_6288,0.0,UPI,2024-12-13 03:34:41,failed,
PMT_1796,BK_1796,US_1807,446.61,UPI,2024-04-14 02:23:28,completed,
PMT_1798,BK_1798,US_22,435.84,Credit Card,2024-02-04 16:08:03,completed,
PMT_1799,BK_1799,US_6426,0.0,Credit Card,2024-10-31 15:20:11,failed,
PMT_1800,BK_1800,US_4583,1224.15,UPI,2024-10-25 17:51:29,completed,
PMT_1801,BK_1801,US_7747,398.04,UPI,2025-09-06 05:21:12,completed,
PMT_1802,BK_1802,US_1528,681.63,Net Banking,2025-11-03 03:52:11,completed,
PMT_1804,BK_1804,US_8263,0.0,UPI,2024-08-19 18:26:17,failed,
PMT_1805,BK_1805,US_2528,183.75,Net Banking,2025-11-07 13:48:05,completed,
PMT_1806,BK_1806,US_3914,953.49,Credit Card,2024-06-25 23:58:40,completed,
PMT_1807,BK_1807,US_5424,1046.31,Credit Card,2025-12-15 00:43:49,completed,
PMT_1808,BK_1808,US_2894,861.9000000000001,Debit Card,2024-05-29 04:20:39,completed,
PMT_1810,BK_1810,US_6538,703.16,Net Banking,2025-12-18 03:34:26,completed,
PMT_1812,BK_1812,US_625,1465.41,Credit Card,2024-01-30 10:38:53,completed,
PMT_1814,BK_1814,US_2662,658.0,UPI,2025-06-17 11:09:16,completed,
PMT_1815,BK_1815,US_1106,0.0,Wallet,2024-02-01 22:13:20,failed,
PMT_1816,BK_1816,US_8846,1397.0,Wallet,2025-08-03 18:05:19,completed,
PMT_1817,BK_1817,US_1256,811.82,Debit Card,2025-03-21 14:02:59,completed,
PMT_1819,BK_1819,US_6551,435.62,Credit Card,2024-02-01 07:53:47,completed,
PMT_1820,BK_1820,US_2191,474.64,UPI,2025-02-04 14:07:12,completed,
PMT_1821,BK_1821,US_5143,584.82,Debit Card,2025-08-17 04:35:29,completed,
PMT_1822,BK_1822,US_2655,615.9300000000001,Credit Card,2025-06-14 21:08:04,completed,
PMT_1823,BK_1823,US_529,0.0,Wallet,2024-11-17 15:47:35,failed,
PMT_1825,BK_1825,US_2303,601.88,UPI,2024-07-22 15:59:14,completed,
PMT_1826,BK_1826,US_3016,735.02,Net Banking,2024-01-23 03:47:37,completed,
PMT_1827,BK_1827,US_494,1679.8,Credit Card,2024-08-14 09:57:04,completed,
PMT_1829,BK_1829,US_4376,461.84999999999997,Credit Card,2025-08-07 15:52:39,completed,
PMT_1830,BK_1830,US_4036,0.0,Wallet,2024-12-05 04:17:03,failed,
PMT_1831,BK_1831,US_1571,331.46,UPI,2024-05-27 18:49:25,completed,
PMT_1832,BK_1832,US_1402,992.52,Net Banking,2025-03-20 15:43:38,completed,
PMT_1833,BK_1833,US_2200,1767.24,UPI,2024-04-05 03:21:17,completed,
PMT_1835,BK_1835,US_6152,1125.8,Debit Card,2025-09-19 03:20:39,completed,
PMT_1836,BK_1836,US_1161,0.0,Wallet,2024-08-04 22:50:42,failed,
PMT_1837,BK_1837,US_7388,1266.66,Debit Card,2025-11-02 23:00:49,completed,
PMT_1839,BK_1839,US_578,841.47,UPI,2024-12-20 02:26:06,completed,
PMT_1840,BK_1840,US_8739,419.39,Net Banking,2025-08-12 03:09:51,completed,
PMT_1841,BK_1841,US_1816,814.92,UPI,2025-01-21 21:18:18,completed,
PMT_1843,BK_1843,US_5534,1177.5,UPI,2024-05-17 05:54:56,completed,
PMT_1844,BK_1844,US_9148,1834.44,Net Banking,2025-02-21 20:43:13,completed,
PMT_1845,BK_1845,US_6931,1499.44,Debit Card,2024-04-23 21:38:45,completed,
PMT_1846,BK_1846,US_5436,314.49,Wallet,2024-05-17 09:19:53,completed,
PMT_1847,BK_1847,US_9,317.64,Wallet,2024-02-12 04:48:01,completed,
PMT_1848,BK_1848,US_4996,434.9,Credit Card,2024-04-05 04:14:16,completed,
PMT_1849,BK_1849,US_3581,353.42,Credit Card,2025-02-02 02:25:20,completed,
PMT_1851,BK_1851,US_1502,1461.76,Net Banking,2024-10-05 16:31:42,completed,
PMT_1852,BK_1852,US_304,1435.0,Net Banking,2025-08-17 19:56:24,completed,
PMT_1853,BK_1853,US_1098,461.73,UPI,2025-12-17 12:17:01,completed,
PMT_1854,BK_1854,US_8242,603.48,Debit Card,2024-12-18 10:39:01,completed,
PMT_1855,BK_1855,US_8902,339.46,Credit Card,2024-05-12 14:55:05,completed,
PMT_1856,BK_1856,US_613,1176.72,Credit Card,2024-05-17 19:13:29,completed,
PMT_1857,BK_1857,US_6195,0.0,Credit Card,2025-07-28 21:24:59,failed,
PMT_1858,BK_1858,US_6688,0.0,Debit Card,2024-06-06 18:42:15,failed,
PMT_1859,BK_1859,US_9169,453.06000000000006,Credit Card,2025-09-12 11:47:34,completed,
PMT_1861,BK_1861,US_3202,608.6,UPI,2024-09-28 16:34:03,completed,
PMT_1862,BK_1862,US_3584,391.98,Wallet,2025-09-12 06:46:09,completed,
PMT_1863,BK_1863,US_552,1116.6,UPI,2025-09-12 20:57:51,completed,
PMT_1864,BK_1864,US_2599,0.0,UPI,2024-11-08 23:46:11,failed,
PMT_1865,BK_1865,US_7909,1878.16,UPI,2024-01-22 07:13:01,completed,
PMT_1866,BK_1866,US_3323,0.0,Wallet,2024-09-16 16:51:51,failed,
PMT_1867,BK_1867,US_6554,978.6,Net Banking,2024-08-07 14:30:59,completed,
PMT_1868,BK_1868,US_5297,0.0,Debit Card,2024-08-19 03:37:16,refunded,
PMT_1869,BK_1869,US_1189,773.94,Debit Card,2025-08-15 03:58:11,completed,
PMT_1870,BK_1870,US_4489,1242.72,Credit Card,2025-11-23 13:38:15,completed,
PMT_1871,BK_1871,US_3630,1040.92,UPI,2024-09-17 15:48:54,completed,
PMT_1872,BK_1872,US_1549,0.0,UPI,2024-05-27 09:09:19,failed,
PMT_1873,BK_1873,US_1780,1155.42,Wallet,2025-11-16 15:27:10,completed,
PMT_1875,BK_1875,US_6511,428.9,Wallet,2024-02-25 08:39:36,completed,
PMT_1876,BK_1876,US_6250,0.0,Credit Card,2025-04-27 21:29:56,refunded,
PMT_1877,BK_1877,US_5826,1068.3899999999999,Wallet,2025-02-20 17:14:49,completed,
PMT_1878,BK_1878,US_2905,1371.3600000000001,Credit Card,2025-04-30 06:27:59,completed,
PMT_1879,BK_1879,US_8010,0.0,Credit Card,2025-10-03 07:20:13,failed,
PMT_1880,BK_1880,US_9738,884.22,Debit Card,2025-10-13 16:49:59,completed,
PMT_1883,BK_1883,US_5099,1222.41,Debit Card,2025-10-25 10:36:49,completed,
PMT_1884,BK_1884,US_9504,1022.76,UPI,2024-03-08 01:17:25,completed,
PMT_1885,BK_1885,US_8307,0.0,Wallet,2025-11-10 01:47:34,failed,
PMT_1886,BK_1886,US_2782,965.5,Net Banking,2024-10-26 09:24:57,completed,
PMT_1887,BK_1887,US_884,278.04,Credit Card,2024-06-09 07:12:52,completed,
PMT_1888,BK_1888,US_932,0.0,Net Banking,2025-03-22 02:04:48,failed,
PMT_1889,BK_1889,US_6565,851.0,Debit Card,2024-07-30 12:18:45,completed,
PMT_1890,BK_1890,US_3042,583.29,Wallet,2024-01-13 22:27:31,completed,
PMT_1891,BK_1891,US_2557,1367.97,UPI,2024-02-20 05:48:04,completed,
PMT_1892,BK_1892,US_9219,221.29,UPI,2024-04-24 23:48:16,completed,
PMT_1893,BK_1893,US_9605,358.08,UPI,2025-10-14 11:45:46,completed,
PMT_1894,BK_1894,US_604,1187.64,Credit Card,2025-08-06 21:51:36,completed,
PMT_1895,BK_1895,US_2223,405.25,Wallet,2024-04-16 13:51:12,completed,
PMT_1897,BK_1897,US_7283,1287.36,Net Banking,2024-12-28 04:11:16,completed,
PMT_1898,BK_1898,US_728,413.09,Debit Card,2025-01-03 08:03:23,completed,
PMT_1899,BK_1899,US_7006,0.0,Debit Card,2025-02-12 14:32:39,failed,
PMT_1900,BK_1900,US_2926,1333.04,Net Banking,2024-03-26 04:37:31,completed,
PMT_1901,BK_1901,US_6022,0.0,Net Banking,2024-08-22 23:18:34,failed,
PMT_1902,BK_1902,US_7245,224.18,Net Banking,2024-10-30 14:29:42,completed,
PMT_1903,BK_1903,US_6658,473.72,Debit Card,2025-10-24 05:08:50,completed,
PMT_1904,BK_1904,US_7747,455.49,Net Banking,2025-10-14 09:43:00,completed,
PMT_1905,BK_1905,US_3627,437.52,Debit Card,2024-11-16 13:50:20,completed,
PMT_1906,BK_1906,US_1113,1243.32,Debit Card,2024-02-03 06:57:54,completed,
PMT_1907,BK_1907,US_9076,1147.92,Net Banking,2024-07-14 02:08:43,completed,
PMT_1908,BK_1908,US_4713,419.95,Debit Card,2025-03-08 04:23:30,completed,
PMT_1909,BK_1909,US_1957,628.95,Credit Card,2025-11-10 17:02:44,completed,
PMT_1910,BK_1910,US_8834,787.29,Net Banking,2024-11-18 00:30:49,completed,
PMT_1911,BK_1911,US_7298,600.75,UPI,2024-05-10 08:29:15,completed,
PMT_1912,BK_1912,US_6913,177.22,Debit Card,2025-11-13 05:42:01,completed,
PMT_1914,BK_1914,US_6731,498.7,Net Banking,2025-07-26 14:54:07,completed,
PMT_1915,BK_1915,US_9749,464.18,Wallet,2025-08-02 09:54:16,completed,
PMT_1916,BK_1916,US_957,0.0,Credit Card,2024-08-30 02:15:28,failed,
PMT_1917,BK_1917,US_1895,152.09,Credit Card,2025-11-22 18:17:15,completed,
PMT_1918,BK_1918,US_8656,393.88,Wallet,2024-11-10 23:36:43,completed,
PMT_1919,BK_1919,US_3703,543.96,UPI,2024-10-24 21:56:59,completed,
PMT_1920,BK_1920,US_9139,1584.32,UPI,2025-09-30 19:41:08,completed,
PMT_1921,BK_1921,US_6453,478.26,Net Banking,2024-05-30 06:12:58,completed,
PMT_1922,BK_1922,US_8561,245.93,Debit Card,2024-05-31 21:41:40,completed,
PMT_1923,BK_1923,US_7782,1291.23,UPI,2025-01-18 05:52:45,completed,
PMT_1924,BK_1924,US_7369,796.74,Debit Card,2025-11-02 06:22:15,completed,
PMT_1926,BK_1926,US_3910,500.70000000000005,UPI,2025-09-18 18:21:52,completed,
PMT_1927,BK_1927,US_9519,0.0,UPI,2025-03-17 10:52:15,failed,
PMT_1929,BK_1929,US_2034,1226.82,UPI,2025-03-10 22:56:20,completed,
PMT_1932,BK_1932,US_2739,242.55,Debit Card,2025-05-29 19:00:44,completed,
PMT_1933,BK_1933,US_7867,375.44,Credit Card,2025-06-10 12:11:23,completed,
PMT_1934,BK_1934,US_8949,1061.28,Wallet,2025-07-25 03:34:00,completed,
PMT_1935,BK_1935,US_1374,633.3,Credit Card,2025-11-02 08:45:44,completed,
PMT_1936,BK_1936,US_5545,0.0,Credit Card,2024-08-11 07:54:05,failed,
PMT_1937,BK_1937,US_4645,0.0,UPI,2024-07-18 08:11:09,failed,
PMT_1938,BK_1938,US_3461,238.63,UPI,2024-07-10 10:19:11,completed,
PMT_1939,BK_1939,US_5436,1646.32,Net Banking,2025-04-01 14:57:27,completed,
PMT_1940,BK_1940,US_7911,0.0,Debit Card,2025-09-11 12:39:49,failed,
PMT_1941,BK_1941,US_905,1357.4,UPI,2024-03-07 01:54:22,completed,
PMT_1942,BK_1942,US_6024,0.0,Wallet,2024-12-21 09:58:07,failed,
PMT_1944,BK_1944,US_4619,1482.93,Debit Card,2024-08-26 01:15:50,completed,
PMT_1945,BK_1945,US_9483,0.0,Credit Card,2025-05-31 22:06:24,failed,
PMT_1946,BK_1946,US_809,463.79999999999995,Credit Card,2024-01-25 01:32:32,completed,
PMT_1947,BK_1947,US_766,1626.32,UPI,2024-05-01 15:49:46,completed,
PMT_1948,BK_1948,US_1971,443.85,Debit Card,2024-04-08 19:16:33,completed,
PMT_1949,BK_1949,US_411,432.95,Net Banking,2025-01-28 17:20:00,completed,
PMT_1950,BK_1950,US_8725,387.28,Wallet,2024-07-25 17:42:34,completed,
PMT_1951,BK_1951,US_2361,810.68,Wallet,2024-02-05 08:23:22,completed,
PMT_1952,BK_1952,US_956,655.8,UPI,2024-12-21 06:07:50,completed,
PMT_1953,BK_1953,US_485,200.94,Net Banking,2024-08-01 21:00:14,completed,
PMT_1954,BK_1954,US_6190,1249.24,Wallet,2025-10-02 22:58:00,completed,
PMT_1955,BK_1955,US_5681,309.88,UPI,2024-11-11 15:06:28,completed,
PMT_1957,BK_1957,US_1918,0.0,UPI,2025-02-01 06:00:38,failed,
PMT_1958,BK_1958,US_5052,233.23,Wallet,2025-11-19 01:18:33,completed,
PMT_1959,BK_1959,US_797,0.0,Wallet,2024-12-04 13:09:13,refunded,
PMT_1960,BK_1960,US_2722,1323.51,Wallet,2024-09-15 11:49:55,completed,
PMT_1961,BK_1961,US_3478,329.71,Wallet,2025-07-25 09:12:30,completed,
PMT_1962,BK_1962,US_9211,338.33,Debit Card,2024-02-18 12:43:31,completed,
PMT_1963,BK_1963,US_6444,826.0500000000001,Debit Card,2025-09-26 05:29:11,completed,
PMT_1964,BK_1964,US_2928,547.14,Debit Card,2024-06-19 13:28:07,completed,
PMT_1965,BK_1965,US_2567,0.0,UPI,2024-04-29 15:24:54,failed,
PMT_1966,BK_1966,US_4772,1920.8,Credit Card,2025-10-17 22:41:15,completed,
PMT_1967,BK_1967,US_9520,589.0,Debit Card,2024-12-06 08:26:09,completed,
PMT_1968,BK_1968,US_1546,1059.3899999999999,Debit Card,2024-12-23 11:11:22,completed,
PMT_1969,BK_1969,US_8443,1450.6,Credit Card,2025-04-21 11:17:17,completed,
PMT_1970,BK_1970,US_7344,0.0,Wallet,2024-06-08 00:38:09,failed,
PMT_1971,BK_1971,US_5244,1303.8899999999999,Net Banking,2024-03-28 10:28:43,completed,
PMT_1972,BK_1972,US_4357,507.26,Credit Card,2025-07-08 20:12:19,completed,
PMT_1973,BK_1973,US_1832,0.0,Net Banking,2025-01-16 02:17:42,refunded,
PMT_1977,BK_1977,US_2526,507.36,UPI,2024-09-21 13:53:00,completed,
PMT_1978,BK_1978,US_204,369.31,Debit Card,2024-10-16 05:28:32,completed,
PMT_1979,BK_1979,US_3906,1994.44,UPI,2024-03-26 15:49:30,completed,
PMT_1980,BK_1980,US_5902,0.0,Credit Card,2024-02-04 16:22:35,failed,
PMT_1981,BK_1981,US_8326,341.2,UPI,2024-01-02 11:17:54,completed,
PMT_1982,BK_1982,US_9293,733.76,Credit Card,2025-06-03 08:37:10,completed,
PMT_1983,BK_1983,US_7881,421.36,Net Banking,2024-11-24 21:53:27,completed,
PMT_1984,BK_1984,US_7647,0.0,UPI,2024-01-30 05:15:07,refunded,
PMT_1985,BK_1985,US_4034,910.96,Wallet,2025-07-16 06:21:00,completed,
PMT_1986,BK_1986,US_4924,0.0,Net Banking,2025-07-09 15:54:37,refunded,
PMT_1987,BK_1987,US_2100,859.48,Credit Card,2025-01-13 19:14:28,completed,
PMT_1989,BK_1989,US_1585,543.98,Debit Card,2025-01-05 22:20:00,completed,
PMT_1990,BK_1990,US_6222,1252.41,UPI,2024-01-19 19:25:35,completed,
PMT_1991,BK_1991,US_16,0.0,Credit Card,2025-01-19 02:04:48,failed,
PMT_1992,BK_1992,US_4049,993.76,Net Banking,2025-07-20 12:04:42,completed,
PMT_1993,BK_1993,US_1744,173.28,Credit Card,2025-10-31 19:11:45,completed,
PMT_1994,BK_1994,US_8306,544.82,Net Banking,2025-11-06 03:31:30,completed,
PMT_1996,BK_1996,US_3710,932.64,Wallet,2025-03-30 14:03:08,completed,
PMT_1997,BK_1997,US_9394,1102.53,Credit Card,2024-10-15 23:44:27,completed,
PMT_1998,BK_1998,US_3230,272.07,Wallet,2024-06-07 17:31:34,completed,
PMT_1999,BK_1999,US_8996,944.8199999999999,Wallet,2024-09-29 08:00:09,completed,
PMT_2000,BK_2000,US_8590,533.32,UPI,2024-04-07 00:18:37,completed,
PMT_2001,BK_2001,US_1555,1361.92,Net Banking,2025-04-16 05:31:40,completed,
PMT_2002,BK_2002,US_4295,0.0,UPI,2024-04-26 20:14:11,failed,
PMT_2003,BK_2003,US_2070,544.06,Wallet,2025-03-24 13:29:51,completed,
PMT_2004,BK_2004,US_5020,1052.48,Wallet,2025-01-30 01:17:26,completed,
PMT_2005,BK_2005,US_1520,0.0,Wallet,2024-11-09 03:40:24,failed,
PMT_2006,BK_2006,US_1312,1114.29,Wallet,2025-01-20 02:47:08,completed,
PMT_2008,BK_2008,US_3650,1715.6,Net Banking,2025-06-11 05:17:55,completed,
PMT_2009,BK_2009,US_1881,309.21,Wallet,2024-12-22 23:57:51,completed,
PMT_2010,BK_2010,US_7507,1786.4,Credit Card,2024-10-12 08:06:32,completed,
PMT_2011,BK_2011,US_6036,1513.32,Wallet,2024-07-23 09:16:56,completed,
PMT_2012,BK_2012,US_3893,1316.04,Wallet,2025-10-24 16:36:26,completed,
PMT_2013,BK_2013,US_1122,0.0,Wallet,2024-04-27 22:29:13,failed,
PMT_2014,BK_2014,US_3003,0.0,Wallet,2024-11-24 01:05:41,refunded,
PMT_2015,BK_2015,US_2341,1481.44,Wallet,2025-08-09 13:08:04,completed,
PMT_2016,BK_2016,US_9644,801.12,Debit Card,2025-10-23 17:47:04,completed,
PMT_2017,BK_2017,US_550,1448.97,Credit Card,2024-05-15 12:50:48,completed,
PMT_2018,BK_2018,US_2148,276.45,Credit Card,2024-04-03 19:32:25,completed,
PMT_2020,BK_2020,US_893,735.42,Wallet,2025-09-14 21:38:45,completed,
PMT_2021,BK_2021,US_5812,973.08,Net Banking,2025-12-20 17:16:28,completed,
PMT_2022,BK_2022,US_4249,941.36,Debit Card,2024-05-28 16:52:11,completed,
PMT_2023,BK_2023,US_7666,435.33,Net Banking,2024-09-04 22:41:54,completed,
PMT_2024,BK_2024,US_3018,1082.1,Credit Card,2024-09-08 02:24:08,completed,
PMT_2025,BK_2025,US_5134,734.0,Credit Card,2024-05-11 00:01:53,completed,
PMT_2026,BK_2026,US_2383,347.11,Credit Card,2024-02-19 16:16:21,completed,
PMT_2027,BK_2027,US_4856,192.4,UPI,2024-03-03 08:40:46,completed,
PMT_2028,BK_2028,US_1968,154.0,Net Banking,2024-04-05 12:18:21,completed,
PMT_2030,BK_2030,US_2637,0.0,UPI,2025-08-29 11:46:03,refunded,
PMT_2031,BK_2031,US_2381,1623.64,Credit Card,2024-01-05 23:43:54,completed,
PMT_2033,BK_2033,US_3998,699.6899999999999,Credit Card,2024-06-29 07:30:13,completed,
PMT_2034,BK_2034,US_7016,165.72,Net Banking,2024-11-03 02:03:37,completed,
PMT_2035,BK_2035,US_5591,0.0,Net Banking,2024-11-08 11:28:34,failed,
PMT_2036,BK_2036,US_634,763.16,Credit Card,2025-02-17 19:19:34,completed,
PMT_2037,BK_2037,US_3909,871.28,Wallet,2024-06-03 06:31:35,completed,
PMT_2038,BK_2038,US_3683,511.78,Wallet,2024-07-19 07:07:45,completed,
PMT_2039,BK_2039,US_2897,1061.6,Credit Card,2024-11-11 15:25:59,completed,
PMT_2040,BK_2040,US_6743,193.61,Debit Card,2024-07-21 09:24:11,completed,
PMT_2044,BK_2044,US_8817,1247.07,Debit Card,2024-10-07 18:13:02,completed,
PMT_2045,BK_2045,US_7102,380.03,Net Banking,2024-01-05 21:27:18,completed,
PMT_2046,BK_2046,US_4981,0.0,UPI,2025-10-31 09:02:42,refunded,
PMT_2047,BK_2047,US_5994,1395.6,Debit Card,2025-07-26 21:45:11,completed,
PMT_2048,BK_2048,US_7244,1731.12,UPI,2024-01-22 05:13:40,completed,
PMT_2049,BK_2049,US_7925,465.81000000000006,Wallet,2024-06-09 16:25:48,completed,
PMT_2050,BK_2050,US_608,368.25,Debit Card,2024-07-20 09:00:36,completed,
PMT_2051,BK_2051,US_4671,1041.28,UPI,2025-09-27 17:33:58,completed,
PMT_2052,BK_2052,US_3174,467.04,Wallet,2025-02-24 06:59:36,completed,
PMT_2053,BK_2053,US_6953,1375.3799999999999,Debit Card,2025-07-19 19:07:22,completed,
PMT_2054,BK_2054,US_9889,488.31,Debit Card,2025-08-19 18:21:29,completed,
PMT_2056,BK_2056,US_3860,415.66,UPI,2025-12-16 23:11:38,completed,
PMT_2058,BK_2058,US_5479,1527.24,Credit Card,2025-10-22 12:22:20,completed,
PMT_2059,BK_2059,US_38,0.0,Wallet,2024-05-12 23:24:07,failed,
PMT_2060,BK_2060,US_345,1053.54,Debit Card,2024-05-27 15:02:31,completed,
PMT_2062,BK_2062,US_4537,0.0,Wallet,2025-09-22 01:45:53,refunded,
PMT_2063,BK_2063,US_980,358.58,Wallet,2024-11-30 08:25:53,completed,
PMT_2064,BK_2064,US_9883,0.0,Net Banking,2024-07-12 02:23:47,refunded,
PMT_2066,BK_2066,US_1230,326.86,Debit Card,2024-01-13 22:24:41,completed,
PMT_2067,BK_2067,US_6051,0.0,Credit Card,2024-06-22 00:07:04,refunded,
PMT_2068,BK_2068,US_4431,1274.52,UPI,2024-10-17 04:26:57,completed,
PMT_2069,BK_2069,US_3767,0.0,Credit Card,2024-03-13 23:01:45,failed,
PMT_2070,BK_2070,US_7372,450.33,Wallet,2025-07-17 23:58:26,completed,
PMT_2071,BK_2071,US_9420,168.56,Wallet,2025-10-10 01:33:18,completed,
PMT_2072,BK_2072,US_4106,0.0,Debit Card,2024-09-20 00:09:21,failed,
PMT_2073,BK_2073,US_4017,339.43,Debit Card,2024-12-03 09:46:17,completed,
PMT_2074,BK_2074,US_4410,396.2,Net Banking,2025-01-12 00:46:20,completed,
PMT_2076,BK_2076,US_6134,1594.04,Net Banking,2025-01-27 01:52:28,completed,
PMT_2077,BK_2077,US_3419,1110.51,UPI,2025-11-27 03:07:54,completed,
PMT_2078,BK_2078,US_1965,795.56,Wallet,2025-06-15 12:26:02,completed,
PMT_2079,BK_2079,US_7616,659.8,UPI,2025-09-12 18:43:01,completed,
PMT_2080,BK_2080,US_9310,1882.08,Wallet,2025-10-24 05:01:17,completed,
PMT_2081,BK_2081,US_2801,0.0,UPI,2025-11-30 03:25:18,failed,
PMT_2082,BK_2082,US_7575,1544.0,Wallet,2025-11-12 12:37:45,completed,
PMT_2083,BK_2083,US_5997,291.53,Wallet,2024-11-11 12:05:34,completed,
PMT_2085,BK_2085,US_9135,0.0,Credit Card,2025-12-24 11:47:36,failed,
PMT_2086,BK_2086,US_5355,1414.32,Credit Card,2025-02-17 21:16:46,completed,
PMT_2087,BK_2087,US_7587,325.58,Wallet,2024-01-31 09:54:44,completed,
PMT_2088,BK_2088,US_6423,250.27,Net Banking,2024-01-11 17:39:40,completed,
PMT_2089,BK_2089,US_2426,312.57,Credit Card,2024-08-24 01:41:01,completed,
PMT_2090,BK_2090,US_794,716.2,Wallet,2024-05-20 06:54:15,completed,
PMT_2091,BK_2091,US_586,696.68,Credit Card,2024-01-31 02:29:42,completed,
PMT_2092,BK_2092,US_6422,451.86,Wallet,2024-07-29 09:06:34,completed,
PMT_2093,BK_2093,US_5301,0.0,Credit Card,2025-03-17 09:20:54,failed,
PMT_2094,BK_2094,US_3439,778.86,Credit Card,2024-12-15 04:06:40,completed,
PMT_2095,BK_2095,US_8290,376.3,Net Banking,2025-04-20 15:05:11,completed,
PMT_2096,BK_2096,US_6735,1273.1399999999999,Wallet,2025-12-03 14:52:02,completed,
PMT_2097,BK_2097,US_3604,412.11,Credit Card,2025-07-15 23:00:16,completed,
PMT_2099,BK_2099,US_1732,1000.14,UPI,2025-11-10 09:21:34,completed,
PMT_2100,BK_2100,US_8706,1781.0,Wallet,2024-02-17 20:40:03,completed,
PMT_2101,BK_2101,US_5597,1288.48,Credit Card,2024-03-27 15:16:20,completed,
PMT_2102,BK_2102,US_6498,1304.36,Net Banking,2025-11-03 05:58:06,completed,
PMT_2103,BK_2103,US_1701,316.05,Wallet,2025-09-18 09:58:40,completed,
PMT_2105,BK_2105,US_5897,238.09,Credit Card,2025-12-19 19:45:48,completed,
PMT_2106,BK_2106,US_4279,1346.64,Debit Card,2024-05-20 09:44:08,completed,
PMT_2107,BK_2107,US_8160,357.8,Debit Card,2025-07-25 12:39:58,completed,
PMT_2108,BK_2108,US_4522,857.68,Credit Card,2024-05-25 22:23:53,completed,
PMT_2109,BK_2109,US_5736,1804.24,Credit Card,2025-10-01 13:50:58,completed,
PMT_2111,BK_2111,US_3797,0.0,UPI,2024-10-18 00:31:45,failed,
PMT_2112,BK_2112,US_5359,469.04,UPI,2025-11-19 09:08:16,completed,
PMT_2113,BK_2113,US_3672,0.0,Credit Card,2024-05-10 01:34:49,failed,
PMT_2114,BK_2114,US_7350,480.84,Net Banking,2024-05-04 04:59:26,completed,
PMT_2116,BK_2116,US_3363,1831.8,Debit Card,2025-10-08 10:08:04,completed,
PMT_2119,BK_2119,US_2726,1338.1200000000001,Net Banking,2024-08-01 04:53:06,completed,
PMT_2120,BK_2120,US_7885,1242.72,Debit Card,2025-10-24 19:26:26,completed,
PMT_2121,BK_2121,US_551,1601.68,Wallet,2024-05-29 16:12:06,completed,
PMT_2122,BK_2122,US_3814,0.0,Net Banking,2025-12-19 13:34:42,failed,
PMT_2123,BK_2123,US_3367,1941.52,Wallet,2024-10-20 13:01:17,completed,
PMT_2124,BK_2124,US_580,1548.88,Net Banking,2024-09-24 18:36:07,completed,
PMT_2125,BK_2125,US_6944,1919.24,Wallet,2024-12-24 06:50:36,completed,
PMT_2126,BK_2126,US_5123,1837.96,Debit Card,2025-05-27 23:00:36,completed,
PMT_2127,BK_2127,US_5990,751.77,Debit Card,2025-05-27 17:58:26,completed,
PMT_2128,BK_2128,US_479,710.56,Wallet,2025-11-20 20:36:51,completed,
PMT_2131,BK_2131,US_6237,686.55,Debit Card,2024-11-12 15:45:40,completed,
PMT_2132,BK_2132,US_3838,194.89,Credit Card,2024-01-03 03:30:02,completed,
PMT_2135,BK_2135,US_4594,1329.09,Credit Card,2024-06-24 19:49:36,completed,
PMT_2136,BK_2136,US_6717,303.65,Debit Card,2024-10-14 13:37:05,completed,
PMT_2137,BK_2137,US_4821,915.24,Credit Card,2025-08-13 20:23:11,completed,
PMT_2138,BK_2138,US_2179,1435.6200000000001,Credit Card,2025-07-24 18:26:14,completed,
PMT_2139,BK_2139,US_6479,1313.68,UPI,2024-04-24 23:50:01,completed,
PMT_2140,BK_2140,US_4012,424.6,Debit Card,2025-11-17 06:28:18,completed,
PMT_2141,BK_2141,US_4270,419.09,UPI,2025-07-08 07:18:50,completed,
PMT_2142,BK_2142,US_3040,0.0,Credit Card,2024-12-09 09:36:03,refunded,
PMT_2143,BK_2143,US_5102,0.0,Credit Card,2024-06-21 13:15:49,failed,
PMT_2144,BK_2144,US_8821,1107.0,UPI,2024-04-16 12:51:28,completed,
PMT_2145,BK_2145,US_3181,733.9,Wallet,2025-06-10 10:54:36,completed,
PMT_2146,BK_2146,US_2925,1446.51,Debit Card,2025-02-17 02:06:55,completed,
PMT_2147,BK_2147,US_126,899.12,Net Banking,2025-06-22 05:43:06,completed,
PMT_2148,BK_2148,US_3528,366.08,Debit Card,2025-01-18 17:18:49,completed,
PMT_2149,BK_2149,US_6863,681.28,Credit Card,2025-11-25 05:26:34,completed,
PMT_2150,BK_2150,US_6417,329.75,Debit Card,2025-07-19 01:10:37,completed,
PMT_2151,BK_2151,US_2605,0.0,Debit Card,2025-10-23 15:35:48,refunded,
PMT_2152,BK_2152,US_859,1134.0,Net Banking,2025-10-03 07:37:07,completed,
PMT_2154,BK_2154,US_9739,0.0,Debit Card,2025-09-02 12:53:35,failed,
PMT_2155,BK_2155,US_3153,367.49,UPI,2025-04-06 02:59:20,completed,
PMT_2158,BK_2158,US_2310,1923.52,UPI,2025-06-07 03:02:16,completed,
PMT_2159,BK_2159,US_777,477.64,Net Banking,2024-06-11 05:27:49,completed,
PMT_2160,BK_2160,US_936,568.54,Net Banking,2025-06-13 22:04:52,completed,
PMT_2162,BK_2162,US_7329,410.72,Net Banking,2025-04-05 09:23:01,completed,
PMT_2163,BK_2163,US_1040,377.05,Wallet,2024-01-29 03:19:32,completed,
PMT_2164,BK_2164,US_548,0.0,Wallet,2024-03-08 11:24:20,failed,
PMT_2167,BK_2167,US_1932,0.0,Debit Card,2025-07-06 03:36:24,refunded,
PMT_2169,BK_2169,US_7727,489.14,Debit Card,2024-07-05 10:38:47,completed,
PMT_2170,BK_2170,US_9137,965.0,Wallet,2025-09-27 14:31:50,completed,
PMT_2171,BK_2171,US_9453,1042.6200000000001,Wallet,2025-01-08 19:44:19,completed,
PMT_2172,BK_2172,US_1436,0.0,Credit Card,2024-01-27 09:10:22,failed,
PMT_2175,BK_2175,US_6613,318.18,Debit Card,2025-11-06 02:08:16,completed,
PMT_2177,BK_2177,US_5097,0.0,Net Banking,2024-10-10 14:35:34,failed,
PMT_2178,BK_2178,US_2821,1166.43,UPI,2024-01-07 13:18:18,completed,
PMT_2180,BK_2180,US_6224,886.1999999999999,UPI,2024-09-14 11:54:35,completed,
PMT_2181,BK_2181,US_6182,950.76,Credit Card,2025-11-18 05:56:41,completed,
PMT_2182,BK_2182,US_2581,1236.08,Net Banking,2024-10-09 00:23:52,completed,
PMT_2183,BK_2183,US_3954,1039.5,Credit Card,2025-05-25 18:00:10,completed,
PMT_2185,BK_2185,US_7932,933.08,UPI,2024-05-02 12:48:42,completed,
PMT_2186,BK_2186,US_2942,244.55,Credit Card,2024-11-19 06:06:42,completed,
PMT_2188,BK_2188,US_58,0.0,Debit Card,2025-10-23 11:56:36,refunded,
PMT_2190,BK_2190,US_693,0.0,UPI,2025-07-29 18:19:16,failed,
PMT_2191,BK_2191,US_6797,1284.84,Credit Card,2024-07-10 19:58:40,completed,
PMT_2193,BK_2193,US_9171,955.92,Wallet,2024-05-09 14:06:58,completed,
PMT_2194,BK_2194,US_9593,1293.18,Credit Card,2025-01-27 16:12:19,completed,
PMT_2195,BK_2195,US_9788,548.88,Wallet,2024-07-01 04:35:29,completed,
PMT_2196,BK_2196,US_6694,0.0,Credit Card,2024-12-27 07:13:10,failed,
PMT_2197,BK_2197,US_9656,456.56,Wallet,2024-02-03 22:26:25,completed,
PMT_2198,BK_2198,US_1626,696.1500000000001,Debit Card,2025-07-17 07:54:39,completed,
PMT_2199,BK_2199,US_8521,1089.64,Debit Card,2025-07-20 06:42:34,completed,
PMT_2201,BK_2201,US_7890,959.4,Net Banking,2024-06-16 01:36:27,completed,
PMT_2202,BK_2202,US_309,1159.23,UPI,2024-02-22 17:20:02,completed,
PMT_2203,BK_2203,US_608,914.34,Credit Card,2025-06-22 21:27:10,completed,
PMT_2204,BK_2204,US_688,282.54,Debit Card,2024-08-25 07:59:25,completed,
PMT_2205,BK_2205,US_7178,0.0,Wallet,2024-06-15 12:08:23,failed,
PMT_2206,BK_2206,US_2280,567.24,Debit Card,2024-10-23 05:56:08,completed,
PMT_2207,BK_2207,US_9085,1133.28,Net Banking,2024-01-20 06:09:36,completed,
PMT_2208,BK_2208,US_1693,716.24,Net Banking,2024-11-27 21:47:19,completed,
PMT_2209,BK_2209,US_1808,745.77,Wallet,2025-05-31 11:24:27,completed,
PMT_2211,BK_2211,US_1771,788.46,Credit Card,2024-03-14 08:18:32,completed,
PMT_2212,BK_2212,US_366,861.06,Net Banking,2024-03-22 09:02:35,completed,
PMT_2213,BK_2213,US_3528,1422.08,Net Banking,2024-10-18 13:56:40,completed,
PMT_2214,BK_2214,US_1,897.12,Wallet,2025-09-13 18:37:32,completed,
PMT_2215,BK_2215,US_2076,1407.64,Credit Card,2024-03-10 23:57:21,completed,
PMT_2216,BK_2216,US_5267,398.7,Wallet,2025-05-06 22:15:43,completed,
PMT_2217,BK_2217,US_1694,694.36,Credit Card,2025-04-23 14:39:35,completed,
PMT_2218,BK_2218,US_3732,558.24,UPI,2025-01-02 07:37:22,completed,
PMT_2219,BK_2219,US_3418,574.68,Net Banking,2025-09-16 18:48:51,completed,
PMT_2220,BK_2220,US_9606,510.64,Debit Card,2025-10-10 07:09:32,completed,
PMT_2221,BK_2221,US_1468,0.0,Debit Card,2024-03-23 07:58:59,failed,
PMT_2222,BK_2222,US_615,1186.59,Wallet,2024-05-29 06:47:56,completed,
PMT_2223,BK_2223,US_488,780.0,Debit Card,2024-12-11 15:22:14,completed,
PMT_2225,BK_2225,US_3944,1590.04,Debit Card,2025-07-27 06:20:12,completed,
PMT_2226,BK_2226,US_9120,0.0,Credit Card,2024-03-31 00:36:26,failed,
PMT_2227,BK_2227,US_2125,340.62,UPI,2025-07-19 16:07:52,completed,
PMT_2228,BK_2228,US_4734,432.5,Net Banking,2025-10-02 08:55:31,completed,
PMT_2229,BK_2229,US_9258,1217.64,Credit Card,2025-12-21 05:25:02,completed,
PMT_2230,BK_2230,US_1886,225.35,UPI,2025-06-03 15:29:31,completed,
PMT_2231,BK_2231,US_5937,1143.21,Debit Card,2025-08-28 17:18:55,completed,
PMT_2232,BK_2232,US_7285,644.6,Credit Card,2025-05-06 23:43:25,completed,
PMT_2233,BK_2233,US_573,403.46,Wallet,2025-04-09 13:25:35,completed,
PMT_2234,BK_2234,US_8394,488.54,UPI,2025-01-22 14:50:40,completed,
PMT_2235,BK_2235,US_3840,294.67,Net Banking,2025-08-02 02:07:38,completed,
PMT_2236,BK_2236,US_1328,1997.0,UPI,2024-09-26 18:05:06,completed,
PMT_2237,BK_2237,US_1224,391.13,Wallet,2025-05-03 20:27:13,completed,
PMT_2238,BK_2238,US_5645,225.35,Net Banking,2024-08-28 10:49:21,completed,
PMT_2239,BK_2239,US_8462,743.88,Debit Card,2024-10-09 21:37:52,completed,
PMT_2240,BK_2240,US_2369,310.65,Net Banking,2025-07-16 21:32:41,completed,
PMT_2241,BK_2241,US_6177,716.16,Credit Card,2025-06-18 20:06:54,completed,
PMT_2242,BK_2242,US_6100,515.38,Wallet,2025-08-14 03:28:06,completed,
PMT_2243,BK_2243,US_7442,0.0,Wallet,2025-10-17 06:44:26,failed,
PMT_2244,BK_2244,US_2762,0.0,UPI,2025-12-14 12:35:06,failed,
PMT_2245,BK_2245,US_4272,0.0,UPI,2024-05-09 03:09:47,failed,
PMT_2246,BK_2246,US_6097,837.12,Debit Card,2024-12-02 15:54:27,completed,
PMT_2247,BK_2247,US_1260,0.0,Wallet,2024-10-29 02:33:10,failed,
PMT_2249,BK_2249,US_5485,703.5600000000001,UPI,2024-04-16 08:31:16,completed,
PMT_2250,BK_2250,US_2164,748.08,Credit Card,2025-05-23 22:26:27,completed,
PMT_2251,BK_2251,US_6917,627.44,Credit Card,2024-12-24 20:18:22,completed,
PMT_2252,BK_2252,US_6181,1128.15,Debit Card,2024-07-26 16:08:11,completed,
PMT_2253,BK_2253,US_8786,787.44,Debit Card,2024-08-10 11:53:20,completed,
PMT_2254,BK_2254,US_9510,972.9300000000001,Wallet,2024-01-30 07:21:13,completed,
PMT_2256,BK_2256,US_9511,356.49,Debit Card,2024-03-28 00:19:53,completed,
PMT_2258,BK_2258,US_601,918.92,Net Banking,2025-06-23 02:38:01,completed,
PMT_2259,BK_2259,US_825,904.44,Net Banking,2025-02-21 17:58:59,completed,
PMT_2260,BK_2260,US_2744,896.1600000000001,Wallet,2024-04-10 13:02:26,completed,
PMT_2261,BK_2261,US_3228,1256.76,Debit Card,2024-09-28 23:37:22,completed,
PMT_2262,BK_2262,US_7240,1199.6,Net Banking,2024-11-06 09:14:49,completed,
PMT_2263,BK_2263,US_3123,219.97,UPI,2024-03-06 16:54:33,completed,
PMT_2264,BK_2264,US_6058,278.75,Wallet,2024-12-23 20:03:16,completed,
PMT_2265,BK_2265,US_9555,415.46,Credit Card,2025-09-24 08:57:31,completed,
PMT_2266,BK_2266,US_2892,501.08,Net Banking,2025-01-30 19:14:39,completed,
PMT_2267,BK_2267,US_5412,609.88,Net Banking,2025-05-07 20:00:14,completed,
PMT_2268,BK_2268,US_4374,471.25,Wallet,2025-01-14 10:44:14,completed,
PMT_2269,BK_2269,US_5309,379.78,Wallet,2024-05-28 02:20:41,completed,
PMT_2270,BK_2270,US_5264,687.92,Wallet,2024-01-19 09:12:10,completed,
PMT_2271,BK_2271,US_422,0.0,Wallet,2025-07-26 09:11:03,failed,
PMT_2272,BK_2272,US_5247,593.92,Wallet,2024-11-24 08:43:47,completed,
PMT_2274,BK_2274,US_9816,438.78,Debit Card,2024-01-02 20:50:26,completed,
PMT_2275,BK_2275,US_1112,758.88,Net Banking,2024-09-25 21:40:27,completed,
PMT_2276,BK_2276,US_5459,202.28,Debit Card,2025-09-23 16:59:31,completed,
PMT_2278,BK_2278,US_4568,0.0,Debit Card,2024-04-29 09:24:18,failed,
PMT_2279,BK_2279,US_9171,735.22,Credit Card,2024-08-24 17:35:37,completed,
PMT_2280,BK_2280,US_9072,431.71,Debit Card,2024-08-15 19:44:03,completed,
PMT_2281,BK_2281,US_4955,572.68,Debit Card,2025-07-12 00:55:45,completed,
PMT_2282,BK_2282,US_7102,1376.6399999999999,Net Banking,2025-01-16 23:56:09,completed,
PMT_2284,BK_2284,US_4626,1502.6,Wallet,2025-11-29 09:39:10,completed,
PMT_2285,BK_2285,US_214,308.58,Credit Card,2025-03-19 04:22:18,completed,
PMT_2286,BK_2286,US_7174,1116.6,Net Banking,2024-09-12 17:44:11,completed,
PMT_2287,BK_2287,US_6553,814.3499999999999,Credit Card,2024-04-18 10:52:34,completed,
PMT_2289,BK_2289,US_1034,710.58,Net Banking,2025-06-04 11:27:40,completed,
PMT_2290,BK_2290,US_6225,0.0,UPI,2024-12-17 05:42:27,refunded,
PMT_2291,BK_2291,US_4906,421.54,Debit Card,2025-12-11 22:35:38,completed,
PMT_2292,BK_2292,US_9338,0.0,Credit Card,2025-08-06 21:05:40,refunded,
PMT_2293,BK_2293,US_3177,583.54,UPI,2025-01-20 15:11:35,completed,
PMT_2294,BK_2294,US_2758,1035.8,Net Banking,2025-12-26 22:32:32,completed,
PMT_2295,BK_2295,US_9268,318.02,Credit Card,2025-04-24 00:30:54,completed,
PMT_2297,BK_2297,US_9387,298.34,Debit Card,2025-09-05 20:54:14,completed,
PMT_2298,BK_2298,US_5513,1325.28,Credit Card,2025-04-30 15:54:04,completed,
PMT_2299,BK_2299,US_4902,1949.28,Credit Card,2024-12-28 03:17:45,completed,
PMT_2300,BK_2300,US_3971,1870.56,Credit Card,2025-03-02 06:33:05,completed,
PMT_2301,BK_2301,US_3645,397.92,Net Banking,2025-04-16 04:48:05,completed,
PMT_2302,BK_2302,US_1640,0.0,UPI,2024-04-27 20:27:16,failed,
PMT_2303,BK_2303,US_941,0.0,Debit Card,2024-07-27 04:43:14,failed,
PMT_2304,BK_2304,US_775,211.28,Wallet,2024-10-15 16:08:43,completed,
PMT_2305,BK_2305,US_6373,241.17,Debit Card,2024-12-21 14:32:49,completed,
PMT_2306,BK_2306,US_8591,174.14,UPI,2024-06-02 02:42:53,completed,
PMT_2307,BK_2307,US_4025,377.26,Wallet,2024-11-18 18:48:50,completed,
PMT_2308,BK_2308,US_4433,308.72,Net Banking,2024-09-09 02:31:57,completed,
PMT_2309,BK_2309,US_9974,323.61,Credit Card,2024-08-07 19:26:30,completed,
PMT_2310,BK_2310,US_7478,1589.8,Credit Card,2025-10-17 08:53:34,completed,
PMT_2311,BK_2311,US_8389,0.0,Net Banking,2025-11-05 18:05:18,failed,
PMT_2312,BK_2312,US_6057,280.4,Debit Card,2025-08-18 02:48:46,completed,
PMT_2313,BK_2313,US_9604,816.1,Credit Card,2025-12-20 13:44:01,completed,
PMT_2314,BK_2314,US_6411,816.39,Wallet,2025-11-07 05:02:23,completed,
PMT_2315,BK_2315,US_3655,374.89,Credit Card,2025-01-25 16:27:42,completed,
PMT_2316,BK_2316,US_162,0.0,Wallet,2025-10-13 07:30:46,refunded,
PMT_2317,BK_2317,US_3231,1107.2,Net Banking,2024-02-08 03:32:29,completed,
PMT_2318,BK_2318,US_4123,709.66,Credit Card,2024-04-06 08:47:24,completed,
PMT_2319,BK_2319,US_6915,818.96,Credit Card,2025-10-16 23:35:35,completed,
PMT_2321,BK_2321,US_9878,0.0,Wallet,2024-03-20 18:44:18,failed,
PMT_2322,BK_2322,US_8927,1402.28,Wallet,2025-06-13 10:39:11,completed,
PMT_2323,BK_2323,US_2656,1235.28,Credit Card,2025-04-05 06:55:52,completed,
PMT_2324,BK_2324,US_2010,803.04,Net Banking,2025-02-02 14:15:07,completed,
PMT_2325,BK_2325,US_5220,986.24,Debit Card,2024-11-19 14:18:32,completed,
PMT_2327,BK_2327,US_2554,877.86,Debit Card,2025-10-06 20:16:24,completed,
PMT_2328,BK_2328,US_6033,0.0,Wallet,2025-05-02 10:55:07,failed,
PMT_2331,BK_2331,US_7231,378.08,UPI,2025-10-31 16:35:07,completed,
PMT_2332,BK_2332,US_808,265.99,Debit Card,2025-03-17 15:46:11,completed,
PMT_2334,BK_2334,US_6210,1712.64,UPI,2024-09-26 04:09:10,completed,
PMT_2335,BK_2335,US_4342,638.64,UPI,2024-02-29 19:18:48,completed,
PMT_2336,BK_2336,US_4240,1145.5500000000002,Net Banking,2025-01-16 00:28:41,completed,
PMT_2337,BK_2337,US_205,398.97,Net Banking,2024-10-19 14:14:04,completed,
PMT_2338,BK_2338,US_4783,1050.66,Debit Card,2024-10-21 09:47:57,completed,
PMT_2340,BK_2340,US_671,1378.36,Wallet,2024-01-10 01:28:50,completed,
PMT_2341,BK_2341,US_9447,446.36,UPI,2024-06-21 20:33:04,completed,
PMT_2342,BK_2342,US_5761,555.42,Net Banking,2025-08-19 14:08:15,completed,
PMT_2343,BK_2343,US_5173,484.56,UPI,2024-12-09 23:31:55,completed,
PMT_2344,BK_2344,US_1989,470.04,Net Banking,2025-01-03 15:54:03,completed,
PMT_2346,BK_2346,US_8981,0.0,UPI,2024-05-17 03:20:35,refunded,
PMT_2347,BK_2347,US_2069,699.72,Credit Card,2025-08-19 17:21:51,completed,
PMT_2348,BK_2348,US_2387,1040.6999999999998,UPI,2024-09-14 10:32:53,completed,
PMT_2349,BK_2349,US_8905,0.0,Wallet,2024-08-30 21:16:29,failed,
PMT_2350,BK_2350,US_1368,1437.69,Net Banking,2025-09-30 12:33:40,completed,
PMT_2351,BK_2351,US_6797,989.24,Wallet,2025-03-26 14:51:13,completed,
PMT_2352,BK_2352,US_1139,371.42,Debit Card,2025-08-11 22:58:51,completed,
PMT_2353,BK_2353,US_56,594.8,Wallet,2025-03-26 17:42:18,completed,
PMT_2354,BK_2354,US_7669,0.0,Credit Card,2025-06-12 22:01:44,refunded,
PMT_2357,BK_2357,US_7511,0.0,UPI,2024-12-01 19:39:49,failed,
PMT_2358,BK_2358,US_1226,0.0,Wallet,2025-03-03 12:22:30,failed,
PMT_2359,BK_2359,US_5754,0.0,Wallet,2024-04-04 01:11:36,failed,
PMT_2360,BK_2360,US_3545,956.8,Debit Card,2025-03-29 19:31:23,completed,
PMT_2361,BK_2361,US_7418,869.8,Net Banking,2025-06-12 17:38:56,completed,
PMT_2362,BK_2362,US_7104,852.46,Net Banking,2025-02-07 00:27:06,completed,
PMT_2363,BK_2363,US_2680,0.0,Debit Card,2024-12-18 15:29:37,failed,
PMT_2364,BK_2364,US_9263,1290.57,Net Banking,2024-10-30 05:47:21,completed,
PMT_2365,BK_2365,US_747,815.36,Debit Card,2024-10-05 21:45:16,completed,
PMT_2367,BK_2367,US_730,1200.84,Credit Card,2024-07-26 22:55:06,completed,
PMT_2368,BK_2368,US_8852,525.33,Wallet,2025-07-21 18:02:57,completed,
PMT_2369,BK_2369,US_3861,896.84,Credit Card,2025-04-08 19:32:28,completed,
PMT_2370,BK_2370,US_8905,345.5,Net Banking,2024-11-07 17:49:51,completed,
PMT_2371,BK_2371,US_3558,167.17,Net Banking,2024-01-04 15:32:58,completed,
PMT_2372,BK_2372,US_7270,423.46,Credit Card,2024-08-11 13:25:55,completed,
PMT_2373,BK_2373,US_16,1432.47,UPI,2024-05-03 18:14:50,completed,
PMT_2374,BK_2374,US_3706,1965.12,UPI,2024-07-15 15:33:29,completed,
PMT_2375,BK_2375,US_9907,587.46,Wallet,2025-02-13 00:25:05,completed,
PMT_2376,BK_2376,US_8133,387.42,Debit Card,2025-06-27 04:36:57,completed,
PMT_2377,BK_2377,US_323,1797.2,Net Banking,2025-02-17 12:07:13,completed,
PMT_2378,BK_2378,US_7959,457.86,Credit Card,2024-08-11 11:36:18,completed,
PMT_2379,BK_2379,US_4959,1070.85,Credit Card,2024-07-09 15:30:31,completed,
PMT_2381,BK_2381,US_5693,604.17,UPI,2025-02-16 17:44:39,completed,
PMT_2382,BK_2382,US_1390,550.89,UPI,2024-03-27 06:52:13,completed,
PMT_2383,BK_2383,US_5131,0.0,Credit Card,2024-06-14 01:33:33,failed,
PMT_2384,BK_2384,US_3191,1622.88,Net Banking,2024-11-09 23:07:29,completed,
PMT_2386,BK_2386,US_8634,0.0,Debit Card,2025-01-15 21:40:09,failed,
PMT_2388,BK_2388,US_854,1248.68,Debit Card,2025-09-14 23:16:28,completed,
PMT_2389,BK_2389,US_8582,718.74,Net Banking,2025-08-16 15:23:41,completed,
PMT_2390,BK_2390,US_8639,0.0,Debit Card,2025-11-17 13:59:38,refunded,
PMT_2391,BK_2391,US_4325,708.28,Credit Card,2024-10-19 10:40:54,completed,
PMT_2392,BK_2392,US_9051,1435.17,Debit Card,2024-05-26 01:46:37,completed,
PMT_2394,BK_2394,US_6182,521.66,Net Banking,2025-02-17 08:00:22,completed,
PMT_2395,BK_2395,US_3807,497.41,Debit Card,2024-07-04 00:34:00,completed,
PMT_2397,BK_2397,US_989,323.48,Net Banking,2024-05-04 05:30:54,completed,
PMT_2398,BK_2398,US_9209,345.74,UPI,2025-10-20 07:59:42,completed,
PMT_2399,BK_2399,US_7759,897.78,Credit Card,2024-03-17 14:17:47,completed,
PMT_2400,BK_2400,US_9518,0.0,Net Banking,2025-08-14 17:40:33,failed,
PMT_2401,BK_2401,US_7034,839.94,UPI,2024-07-15 14:26:05,completed,
PMT_2402,BK_2402,US_8227,352.75,UPI,2024-10-03 01:06:46,completed,
PMT_2404,BK_2404,US_9234,0.0,Credit Card,2025-01-17 03:24:22,refunded,
PMT_2405,BK_2405,US_3762,1804.16,Debit Card,2025-01-19 03:29:04,completed,
PMT_2406,BK_2406,US_555,0.0,Wallet,2025-09-13 05:20:48,refunded,
PMT_2407,BK_2407,US_3826,653.72,Credit Card,2025-07-04 23:55:15,completed,
PMT_2408,BK_2408,US_8871,812.76,Wallet,2024-01-26 23:02:43,completed,
PMT_2409,BK_2409,US_5829,0.0,UPI,2024-10-24 08:21:52,refunded,
PMT_2411,BK_2411,US_8525,277.06,Net Banking,2024-01-21 07:59:14,completed,
PMT_2413,BK_2413,US_5047,1879.2,UPI,2024-03-24 00:21:06,completed,
PMT_2414,BK_2414,US_7716,1218.48,Wallet,2024-07-03 14:38:40,completed,
PMT_2415,BK_2415,US_8922,1258.56,Credit Card,2024-12-16 23:50:36,completed,
PMT_2417,BK_2417,US_3761,710.76,Credit Card,2025-05-13 21:56:22,completed,
PMT_2418,BK_2418,US_6210,0.0,Credit Card,2024-09-01 20:53:39,failed,
PMT_2419,BK_2419,US_5123,469.94,Wallet,2024-10-29 15:37:17,completed,
PMT_2420,BK_2420,US_2642,759.36,UPI,2025-11-24 16:55:59,completed,
PMT_2421,BK_2421,US_6688,1119.52,Wallet,2025-10-11 09:04:42,completed,
PMT_2422,BK_2422,US_2474,382.5,Debit Card,2024-04-28 00:41:48,completed,
PMT_2423,BK_2423,US_2323,0.0,Wallet,2024-02-28 00:05:24,refunded,
PMT_2424,BK_2424,US_973,0.0,Net Banking,2024-06-18 18:37:45,refunded,
PMT_2425,BK_2425,US_2630,357.66,Wallet,2025-01-28 12:46:25,completed,
PMT_2426,BK_2426,US_2257,928.6800000000001,Debit Card,2025-02-22 19:09:11,completed,
PMT_2427,BK_2427,US_217,895.44,UPI,2025-05-28 11:53:06,completed,
PMT_2428,BK_2428,US_6615,587.96,Debit Card,2024-02-06 14:08:12,completed,
PMT_2429,BK_2429,US_7600,784.64,Wallet,2025-09-12 21:57:57,completed,
PMT_2430,BK_2430,US_3217,448.91,Wallet,2025-01-26 00:09:50,completed,
PMT_2431,BK_2431,US_8016,951.64,Credit Card,2024-05-25 07:10:18,completed,
PMT_2432,BK_2432,US_971,1840.92,Debit Card,2025-02-28 03:09:16,completed,
PMT_2433,BK_2433,US_1036,1321.72,Wallet,2025-02-17 01:03:31,completed,
PMT_2434,BK_2434,US_5133,433.73,Wallet,2025-01-09 22:36:04,completed,
PMT_2435,BK_2435,US_4294,1311.21,Net Banking,2025-01-21 10:09:35,completed,
PMT_2436,BK_2436,US_6477,951.32,Credit Card,2024-11-11 04:47:04,completed,
PMT_2437,BK_2437,US_3013,1235.6999999999998,Wallet,2025-12-12 14:57:20,completed,
PMT_2438,BK_2438,US_9007,312.22,UPI,2024-08-09 06:59:51,completed,
PMT_2439,BK_2439,US_3371,1176.3000000000002,UPI,2024-01-10 23:04:43,completed,
PMT_2440,BK_2440,US_1267,1815.28,Debit Card,2025-07-28 08:13:47,completed,
PMT_2441,BK_2441,US_4967,265.94,UPI,2024-02-16 10:02:17,completed,
PMT_2442,BK_2442,US_9523,1576.64,UPI,2024-12-16 01:21:23,completed,
PMT_2443,BK_2443,US_1841,0.0,Credit Card,2025-06-20 22:41:40,failed,
PMT_2444,BK_2444,US_6402,1364.68,UPI,2025-06-05 06:06:41,completed,
PMT_2445,BK_2445,US_5913,0.0,UPI,2024-08-27 18:07:52,failed,
PMT_2447,BK_2447,US_3998,350.27,Net Banking,2025-01-17 07:34:46,completed,
PMT_2448,BK_2448,US_3893,979.14,UPI,2024-06-08 21:44:28,completed,
PMT_2449,BK_2449,US_3521,886.06,UPI,2025-12-14 07:12:10,completed,
PMT_2450,BK_2450,US_6539,1735.24,UPI,2024-04-02 17:13:32,completed,
PMT_2451,BK_2451,US_474,1210.44,Wallet,2025-10-25 10:53:32,completed,
PMT_2452,BK_2452,US_6725,1170.3899999999999,UPI,2025-05-02 21:11:06,completed,
PMT_2453,BK_2453,US_4159,377.48,Net Banking,2024-11-03 21:51:42,completed,
PMT_2454,BK_2454,US_5955,1175.1299999999999,Debit Card,2025-04-05 20:53:10,completed,
PMT_2455,BK_2455,US_2466,419.12,UPI,2024-04-18 11:54:47,completed,
PMT_2456,BK_2456,US_2879,469.67,Net Banking,2024-10-21 13:26:49,completed,
PMT_2457,BK_2457,US_1969,1537.52,Credit Card,2025-04-18 05:01:17,completed,
PMT_2459,BK_2459,US_3915,468.11,UPI,2025-08-21 22:14:32,completed,
PMT_2461,BK_2461,US_9709,862.84,Wallet,2024-03-07 03:55:34,completed,
PMT_2462,BK_2462,US_4875,340.83,UPI,2024-07-08 05:50:03,completed,
PMT_2463,BK_2463,US_2270,667.3,Debit Card,2024-08-21 05:34:39,completed,
PMT_2465,BK_2465,US_4635,455.49,Net Banking,2024-10-08 13:40:04,completed,
PMT_2466,BK_2466,US_9960,1360.8,Credit Card,2024-03-17 14:20:35,completed,
PMT_2467,BK_2467,US_151,853.98,Debit Card,2024-01-22 07:40:30,completed,
PMT_2469,BK_2469,US_303,1403.3700000000001,Credit Card,2025-08-24 09:56:23,completed,
PMT_2470,BK_2470,US_2322,1269.3600000000001,Net Banking,2024-09-08 07:01:41,completed,
PMT_2471,BK_2471,US_1247,921.76,Wallet,2024-08-31 06:07:28,completed,
PMT_2472,BK_2472,US_7800,940.1999999999999,Net Banking,2025-08-29 15:42:03,completed,
PMT_2473,BK_2473,US_6573,0.0,Credit Card,2024-07-27 12:16:45,refunded,
PMT_2474,BK_2474,US_6886,1264.35,Net Banking,2024-04-29 20:50:39,completed,
PMT_2475,BK_2475,US_5298,904.08,Credit Card,2024-02-05 09:13:47,completed,
PMT_2477,BK_2477,US_8586,1000.71,Credit Card,2025-04-24 19:15:24,completed,
PMT_2478,BK_2478,US_6168,1367.3700000000001,Credit Card,2025-05-03 10:50:33,completed,
PMT_2479,BK_2479,US_4558,483.53,Net Banking,2025-06-04 11:44:49,completed,
PMT_2480,BK_2480,US_1633,1301.44,Debit Card,2025-11-04 22:48:06,completed,
PMT_2481,BK_2481,US_7709,1327.56,UPI,2025-06-07 21:13:39,completed,
PMT_2482,BK_2482,US_9453,269.52,Credit Card,2024-01-03 17:06:19,completed,
PMT_2483,BK_2483,US_7084,401.29,Wallet,2024-11-18 15:07:58,completed,
PMT_2484,BK_2484,US_4456,1945.68,Wallet,2025-11-22 01:23:43,completed,
PMT_2486,BK_2486,US_336,251.98,Credit Card,2024-05-05 21:10:22,completed,
PMT_2487,BK_2487,US_9996,1069.28,Wallet,2024-09-02 04:48:43,completed,
PMT_2488,BK_2488,US_2984,641.84,Net Banking,2024-04-01 07:44:54,completed,
PMT_2489,BK_2489,US_9206,570.3,Wallet,2024-04-21 07:48:16,completed,
PMT_2491,BK_2491,US_3497,463.53,Debit Card,2024-09-21 16:57:12,completed,
PMT_2492,BK_2492,US_354,473.04,Credit Card,2025-08-16 07:37:22,completed,
PMT_2493,BK_2493,US_2319,0.0,Net Banking,2024-09-26 06:41:43,failed,
PMT_2494,BK_2494,US_5772,734.78,Credit Card,2025-01-29 21:18:06,completed,
PMT_2495,BK_2495,US_8826,532.2,Net Banking,2025-02-02 05:22:27,completed,
PMT_2496,BK_2496,US_1386,0.0,Net Banking,2025-05-12 05:24:48,failed,
PMT_2497,BK_2497,US_9612,921.8,Debit Card,2024-07-29 07:01:05,completed,
PMT_2498,BK_2498,US_6323,624.98,Credit Card,2025-07-17 15:21:51,completed,
PMT_2499,BK_2499,US_8622,153.12,Net Banking,2025-11-04 03:27:04,completed,
PMT_2500,BK_2500,US_4709,1044.1200000000001,Net Banking,2024-11-22 17:43:53,completed,
PMT_2502,BK_2502,US_6146,0.0,Credit Card,2024-08-02 21:30:20,refunded,
PMT_2503,BK_2503,US_6459,783.46,UPI,2025-04-22 12:19:01,completed,
PMT_2504,BK_2504,US_8443,481.29,Net Banking,2024-05-14 16:54:53,completed,
PMT_2505,BK_2505,US_7038,311.17,Wallet,2024-08-14 01:05:35,completed,
PMT_2506,BK_2506,US_3802,792.32,Credit Card,2024-09-09 17:30:49,completed,
PMT_2507,BK_2507,US_3057,227.2,Net Banking,2024-09-19 07:08:45,completed,
PMT_2508,BK_2508,US_3959,1172.1299999999999,Credit Card,2024-09-17 09:35:34,completed,
PMT_2509,BK_2509,US_5717,1299.88,Wallet,2024-05-22 02:02:40,completed,
PMT_2510,BK_2510,US_4128,156.84,UPI,2024-03-08 17:52:27,completed,
PMT_2511,BK_2511,US_1231,651.18,UPI,2024-09-12 02:10:57,completed,
PMT_2513,BK_2513,US_778,670.4,Debit Card,2025-06-06 15:55:39,completed,
PMT_2514,BK_2514,US_8659,1073.4,Net Banking,2024-05-23 08:32:19,completed,
PMT_2515,BK_2515,US_1920,835.08,UPI,2024-07-25 04:35:30,completed,
PMT_2516,BK_2516,US_348,343.23,Credit Card,2025-05-13 16:37:26,completed,
PMT_2517,BK_2517,US_3390,767.64,Net Banking,2025-10-19 20:42:25,completed,
PMT_2521,BK_2521,US_5621,343.4,Credit Card,2024-07-04 03:07:19,completed,
PMT_2523,BK_2523,US_7398,1056.3899999999999,Credit Card,2025-09-05 19:41:58,completed,
PMT_2524,BK_2524,US_4444,902.92,Debit Card,2024-07-20 07:04:10,completed,
PMT_2525,BK_2525,US_8944,681.56,Wallet,2024-01-13 14:49:02,completed,
PMT_2526,BK_2526,US_2991,283.08,Wallet,2025-08-05 13:14:51,completed,
PMT_2527,BK_2527,US_7366,930.51,UPI,2024-06-02 17:37:49,completed,
PMT_2528,BK_2528,US_5568,1683.84,Net Banking,2024-09-03 04:58:41,completed,
PMT_2529,BK_2529,US_747,1843.8,Debit Card,2024-04-29 01:34:15,completed,
PMT_2530,BK_2530,US_4911,357.04,UPI,2025-02-01 00:25:33,completed,
PMT_2531,BK_2531,US_2368,1081.65,Net Banking,2024-06-02 10:13:06,completed,
PMT_2532,BK_2532,US_7177,929.94,Debit Card,2025-02-19 22:59:05,completed,
PMT_2534,BK_2534,US_8085,0.0,Wallet,2024-02-06 20:05:44,refunded,
PMT_2535,BK_2535,US_4800,956.32,Debit Card,2024-01-11 14:00:20,completed,
PMT_2536,BK_2536,US_7041,0.0,Wallet,2024-07-08 02:51:03,refunded,
PMT_2537,BK_2537,US_3974,867.96,Wallet,2025-08-15 04:27:46,completed,
PMT_2538,BK_2538,US_3392,308.82,Credit Card,2025-07-23 21:38:31,completed,
PMT_2539,BK_2539,US_1663,375.98,Net Banking,2025-03-01 09:02:33,completed,
PMT_2541,BK_2541,US_2840,0.0,Debit Card,2024-06-14 03:38:36,failed,
PMT_2542,BK_2542,US_5036,862.38,UPI,2025-07-27 20:28:08,completed,
PMT_2543,BK_2543,US_8943,1457.52,Wallet,2025-06-18 07:15:30,completed,
PMT_2544,BK_2544,US_4358,1134.96,Debit Card,2024-04-22 08:49:08,completed,
PMT_2545,BK_2545,US_2763,333.94,Debit Card,2024-05-16 17:12:25,completed,
PMT_2546,BK_2546,US_1820,798.6600000000001,Wallet,2024-01-26 01:49:40,completed,
PMT_2547,BK_2547,US_5899,1408.84,UPI,2025-07-01 13:26:59,completed,
PMT_2548,BK_2548,US_8578,1318.1399999999999,Net Banking,2025-09-27 13:43:24,completed,
PMT_2549,BK_2549,US_456,940.74,UPI,2025-06-17 18:01:30,completed,
PMT_2550,BK_2550,US_9576,938.46,Net Banking,2025-03-24 16:07:42,completed,
PMT_2551,BK_2551,US_1218,172.9,UPI,2024-01-08 22:05:22,completed,
PMT_2552,BK_2552,US_6615,1353.08,Net Banking,2025-07-19 06:00:00,completed,
PMT_2553,BK_2553,US_8820,532.2,Debit Card,2025-08-07 23:11:44,completed,
PMT_2554,BK_2554,US_2004,1254.6,Net Banking,2025-01-19 06:33:20,completed,
PMT_2555,BK_2555,US_7384,1007.5500000000001,Wallet,2025-04-09 02:13:52,completed,
PMT_2556,BK_2556,US_321,1231.1100000000001,Wallet,2024-02-15 09:28:22,completed,
PMT_2557,BK_2557,US_2508,0.0,Wallet,2024-07-28 11:46:38,refunded,
PMT_2558,BK_2558,US_8744,1184.19,Net Banking,2024-07-01 04:25:35,completed,
PMT_2559,BK_2559,US_1170,1472.04,Debit Card,2025-01-14 07:43:00,completed,
PMT_2560,BK_2560,US_2938,1381.1399999999999,Net Banking,2025-12-13 22:56:13,completed,
PMT_2561,BK_2561,US_287,0.0,Net Banking,2024-08-09 06:57:27,failed,
PMT_2562,BK_2562,US_8635,875.08,Net Banking,2024-03-16 02:12:08,completed,
PMT_2564,BK_2564,US_8182,1077.9,UPI,2024-12-19 04:53:39,completed,
PMT_2565,BK_2565,US_3449,1502.64,Credit Card,2024-03-16 00:23:14,completed,
PMT_2566,BK_2566,US_3671,1405.24,Wallet,2025-08-04 00:50:36,completed,
PMT_2567,BK_2567,US_9319,0.0,UPI,2024-01-12 11:27:55,failed,
PMT_2568,BK_2568,US_4695,219.25,Wallet,2025-12-26 11:26:25,completed,
PMT_2569,BK_2569,US_6077,662.94,Wallet,2024-06-19 12:11:18,completed,
PMT_2570,BK_2570,US_7458,0.0,Net Banking,2025-12-27 22:02:17,failed,
PMT_2571,BK_2571,US_5614,1126.08,Net Banking,2024-02-19 22:29:27,completed,
PMT_2572,BK_2572,US_4568,1148.8,UPI,2024-07-29 04:03:30,completed,
PMT_2575,BK_2575,US_9221,619.96,Debit Card,2024-02-10 19:23:03,completed,
PMT_2577,BK_2577,US_1676,441.49,Debit Card,2025-07-29 14:02:17,completed,
PMT_2578,BK_2578,US_9728,836.28,Debit Card,2025-05-24 04:25:35,completed,
PMT_2579,BK_2579,US_7494,1197.0,Debit Card,2024-11-02 02:30:00,completed,
PMT_2580,BK_2580,US_6841,1440.0,Net Banking,2024-01-01 03:54:46,completed,
PMT_2581,BK_2581,US_9915,0.0,Net Banking,2024-02-09 23:51:29,failed,
PMT_2582,BK_2582,US_9956,707.62,UPI,2024-07-04 11:54:59,completed,
PMT_2583,BK_2583,US_5411,444.82,UPI,2024-03-04 01:31:14,completed,
PMT_2584,BK_2584,US_3306,442.84,Wallet,2025-12-15 11:43:12,completed,
PMT_2585,BK_2585,US_1617,1281.64,Debit Card,2025-06-28 05:30:29,completed,
PMT_2587,BK_2587,US_6908,293.73,Credit Card,2024-01-30 17:23:39,completed,
PMT_2590,BK_2590,US_8816,489.15000000000003,Wallet,2025-10-15 13:07:05,completed,
PMT_2591,BK_2591,US_4376,718.7,Net Banking,2024-09-18 10:47:11,completed,
PMT_2592,BK_2592,US_6676,1691.8,Net Banking,2025-06-08 16:03:15,completed,
PMT_2593,BK_2593,US_8740,953.12,UPI,2025-01-02 13:51:09,completed,
PMT_2594,BK_2594,US_4013,1043.01,Debit Card,2024-03-02 01:18:57,completed,
PMT_2595,BK_2595,US_1952,461.65,Debit Card,2024-07-30 08:48:49,completed,
PMT_2597,BK_2597,US_5891,908.4,Credit Card,2025-07-20 06:04:27,completed,
PMT_2598,BK_2598,US_7366,917.1299999999999,Credit Card,2025-03-01 00:18:23,completed,
PMT_2599,BK_2599,US_2061,506.96,Net Banking,2025-08-22 16:56:04,completed,
PMT_2603,BK_2603,US_605,463.01,UPI,2024-04-03 18:48:05,completed,
PMT_2604,BK_2604,US_987,1921.12,Net Banking,2024-09-24 10:45:19,completed,
PMT_2606,BK_2606,US_9171,0.0,Debit Card,2024-07-21 04:35:29,refunded,
PMT_2607,BK_2607,US_6954,624.0600000000001,Debit Card,2024-02-18 03:05:45,completed,
PMT_2608,BK_2608,US_3710,474.64,Credit Card,2024-03-27 17:04:53,completed,
PMT_2609,BK_2609,US_9972,1165.2,Credit Card,2024-08-05 22:49:19,completed,
PMT_2610,BK_2610,US_225,651.94,Wallet,2025-03-16 10:55:11,completed,
PMT_2612,BK_2612,US_6372,555.42,Credit Card,2024-06-13 23:22:55,completed,
PMT_2613,BK_2613,US_7399,163.91,Credit Card,2025-04-10 17:43:01,completed,
PMT_2614,BK_2614,US_2779,1482.6299999999999,Wallet,2025-03-15 17:36:01,completed,
PMT_2615,BK_2615,US_5012,1452.36,UPI,2024-09-06 04:30:34,completed,
PMT_2616,BK_2616,US_5538,254.22,Wallet,2025-12-16 06:02:44,completed,
PMT_2617,BK_2617,US_6602,330.03,Wallet,2024-01-26 08:57:00,completed,
PMT_2618,BK_2618,US_2458,956.22,Credit Card,2025-07-29 11:41:31,completed,
PMT_2619,BK_2619,US_6815,392.1,UPI,2025-10-07 21:17:27,completed,
PMT_2620,BK_2620,US_1256,425.1,UPI,2025-10-11 10:04:43,completed,
PMT_2621,BK_2621,US_5874,963.1800000000001,Debit Card,2025-05-06 09:59:19,completed,
PMT_2622,BK_2622,US_287,226.03,Wallet,2025-12-29 21:57:54,completed,
PMT_2623,BK_2623,US_4311,0.0,Net Banking,2024-09-26 16:06:32,refunded,
PMT_2624,BK_2624,US_265,1295.28,Net Banking,2025-11-03 17:13:43,completed,
PMT_2625,BK_2625,US_444,786.4,UPI,2024-11-09 04:46:30,completed,
PMT_2626,BK_2626,US_7811,287.3,Net Banking,2024-03-31 23:29:33,completed,
PMT_2627,BK_2627,US_8554,974.28,Wallet,2025-01-22 00:59:27,completed,
PMT_2628,BK_2628,US_4430,452.22,Wallet,2024-05-09 03:06:31,completed,
PMT_2629,BK_2629,US_4483,1475.04,Wallet,2025-11-23 07:19:16,completed,
PMT_2631,BK_2631,US_5779,597.26,Credit Card,2025-11-01 22:52:59,completed,
PMT_2632,BK_2632,US_1143,1395.27,Debit Card,2024-05-17 12:04:39,completed,
PMT_2634,BK_2634,US_5059,1013.58,Credit Card,2024-09-09 17:57:49,completed,
PMT_2635,BK_2635,US_5772,240.29,Wallet,2025-01-26 10:39:16,completed,
PMT_2636,BK_2636,US_296,347.49,Debit Card,2024-07-10 20:08:33,completed,
PMT_2637,BK_2637,US_2014,1501.04,Debit Card,2025-12-21 06:30:52,completed,
PMT_2638,BK_2638,US_4461,335.0,Wallet,2025-09-04 17:20:04,completed,
PMT_2639,BK_2639,US_6706,967.26,UPI,2025-06-21 15:52:55,completed,
PMT_2641,BK_2641,US_53,420.16,Net Banking,2024-09-02 12:19:49,completed,
PMT_2642,BK_2642,US_4801,1383.03,UPI,2025-03-22 04:52:37,completed,
PMT_2644,BK_2644,US_4220,328.4,Wallet,2024-05-14 11:50:25,completed,
PMT_2645,BK_2645,US_8228,556.46,UPI,2024-08-27 00:39:17,completed,
PMT_2646,BK_2646,US_4648,188.52,Debit Card,2024-04-16 22:46:47,completed,
PMT_2647,BK_2647,US_1146,1465.12,Credit Card,2025-01-28 14:37:38,completed,
PMT_2649,BK_2649,US_4079,760.4399999999999,Credit Card,2025-04-10 13:36:32,completed,
PMT_2650,BK_2650,US_9137,0.0,Net Banking,2024-08-23 10:23:06,refunded,
PMT_2652,BK_2652,US_379,378.68,Debit Card,2024-09-25 09:22:20,completed,
PMT_2653,BK_2653,US_5372,1786.44,Debit Card,2025-08-27 12:49:01,completed,
PMT_2654,BK_2654,US_3079,1578.68,Debit Card,2025-12-22 19:24:01,completed,
PMT_2655,BK_2655,US_2469,826.42,Wallet,2024-10-17 16:16:50,completed,
PMT_2656,BK_2656,US_89,1475.3700000000001,Debit Card,2025-05-21 15:52:03,completed,
PMT_2657,BK_2657,US_8708,1436.52,Net Banking,2024-10-28 11:07:45,completed,
PMT_2659,BK_2659,US_6124,1100.6100000000001,UPI,2024-08-23 10:20:47,completed,
PMT_2660,BK_2660,US_2163,797.6999999999999,Wallet,2024-08-23 18:09:25,completed,
PMT_2661,BK_2661,US_8190,814.02,Debit Card,2024-08-05 01:18:25,completed,
PMT_2663,BK_2663,US_7319,1081.44,UPI,2025-11-21 05:28:43,completed,
PMT_2664,BK_2664,US_1818,775.72,Debit Card,2024-05-02 09:08:19,completed,
PMT_2665,BK_2665,US_8666,260.69,Wallet,2025-12-01 07:09:07,completed,
PMT_2666,BK_2666,US_3222,1350.57,Wallet,2024-08-28 21:35:27,completed,
PMT_2667,BK_2667,US_4420,999.3000000000001,Debit Card,2025-05-20 20:05:10,completed,
PMT_2668,BK_2668,US_7207,429.96,Credit Card,2024-05-28 09:22:11,completed,
PMT_2669,BK_2669,US_9054,1027.92,Wallet,2025-02-06 15:31:35,completed,
PMT_2670,BK_2670,US_1183,657.32,UPI,2025-07-28 07:31:52,completed,
PMT_2671,BK_2671,US_5307,399.24,Credit Card,2024-07-06 05:12:44,completed,
PMT_2672,BK_2672,US_2373,1253.24,Net Banking,2024-07-04 17:58:44,completed,
PMT_2673,BK_2673,US_5532,263.45,UPI,2025-03-14 19:10:59,completed,
PMT_2675,BK_2675,US_2361,788.88,Credit Card,2025-05-12 23:27:31,completed,
PMT_2676,BK_2676,US_3873,1486.59,Wallet,2024-04-04 07:31:40,completed,
PMT_2677,BK_2677,US_2702,509.32,Debit Card,2025-10-23 21:34:02,completed,
PMT_2678,BK_2678,US_5471,796.11,Wallet,2024-05-25 22:01:23,completed,
PMT_2679,BK_2679,US_9974,334.89,Wallet,2024-01-02 09:46:05,completed,
PMT_2680,BK_2680,US_5393,0.0,Wallet,2025-05-28 21:49:56,failed,
PMT_2681,BK_2681,US_7229,1758.56,UPI,2024-01-27 16:45:58,completed,
PMT_2682,BK_2682,US_4956,338.78,UPI,2024-06-26 03:18:42,completed,
PMT_2683,BK_2683,US_5159,625.54,Credit Card,2024-08-23 12:14:51,completed,
PMT_2684,BK_2684,US_8560,1247.49,Credit Card,2025-06-18 19:15:22,completed,
PMT_2687,BK_2687,US_1193,716.68,UPI,2025-02-23 14:15:43,completed,
PMT_2688,BK_2688,US_936,767.9,UPI,2025-10-18 07:05:31,completed,
PMT_2689,BK_2689,US_7958,0.0,Net Banking,2025-07-17 11:20:57,failed,
PMT_2690,BK_2690,US_8673,273.87,Net Banking,2024-09-01 10:15:16,completed,
PMT_2691,BK_2691,US_53,1724.84,Debit Card,2025-06-08 11:35:59,completed,
PMT_2692,BK_2692,US_7009,450.33,Credit Card,2025-11-13 16:23:58,completed,
PMT_2693,BK_2693,US_7578,671.46,UPI,2024-12-23 16:38:44,completed,
PMT_2694,BK_2694,US_1151,0.0,Credit Card,2025-12-06 17:01:16,refunded,
PMT_2695,BK_2695,US_4821,399.74,Credit Card,2024-06-08 12:28:40,completed,
PMT_2696,BK_2696,US_5536,236.48,UPI,2025-08-24 09:22:10,completed,
PMT_2698,BK_2698,US_3333,677.6,Debit Card,2025-04-03 17:12:54,completed,
PMT_2699,BK_2699,US_4712,340.84,UPI,2024-06-11 20:40:57,completed,
PMT_2700,BK_2700,US_8468,1383.6299999999999,Net Banking,2025-02-03 06:22:53,completed,
PMT_2702,BK_2702,US_9816,1259.0,UPI,2025-05-13 16:23:44,completed,
PMT_2703,BK_2703,US_8326,543.78,Net Banking,2024-06-29 05:12:56,completed,
PMT_2705,BK_2705,US_6082,457.82,Credit Card,2024-01-24 02:14:46,completed,
PMT_2706,BK_2706,US_555,769.6,Credit Card,2024-10-21 14:03:46,completed,
PMT_2707,BK_2707,US_6301,0.0,Debit Card,2024-11-16 21:08:01,refunded,
PMT_2709,BK_2709,US_7316,377.48,Credit Card,2025-03-20 10:32:44,completed,
PMT_2710,BK_2710,US_9495,0.0,Debit Card,2025-08-25 09:18:49,failed,
PMT_2712,BK_2712,US_2554,1076.73,Wallet,2025-03-06 03:47:04,completed,
PMT_2713,BK_2713,US_4640,246.76,UPI,2024-01-27 15:16:49,completed,
PMT_2714,BK_2714,US_539,487.47,Net Banking,2025-05-27 09:41:54,completed,
PMT_2715,BK_2715,US_5121,156.32,Wallet,2025-03-15 18:22:39,completed,
PMT_2716,BK_2716,US_3682,763.62,Wallet,2024-03-21 06:44:44,completed,
PMT_2717,BK_2717,US_7745,610.44,Credit Card,2024-07-31 20:02:07,completed,
PMT_2718,BK_2718,US_3525,357.52,Debit Card,2025-09-15 10:06:29,completed,
PMT_2719,BK_2719,US_4594,1442.58,Credit Card,2024-12-01 08:40:59,completed,
PMT_2720,BK_2720,US_799,1361.91,Credit Card,2024-03-10 00:14:44,completed,
PMT_2721,BK_2721,US_1517,179.05,Net Banking,2024-11-12 06:19:55,completed,
PMT_2722,BK_2722,US_5978,1014.81,UPI,2025-07-03 21:11:09,completed,
PMT_2723,BK_2723,US_6651,878.44,UPI,2025-03-25 12:21:06,completed,
PMT_2724,BK_2724,US_8053,441.72,UPI,2025-05-03 05:42:09,completed,
PMT_2725,BK_2725,US_2477,0.0,Credit Card,2025-01-01 18:21:49,refunded,
PMT_2726,BK_2726,US_9590,419.39,Debit Card,2024-06-12 16:30:33,completed,
PMT_2727,BK_2727,US_9651,818.8,Wallet,2025-08-16 19:43:57,completed,
PMT_2728,BK_2728,US_2921,1992.12,Credit Card,2025-08-10 02:59:43,completed,
PMT_2729,BK_2729,US_8563,1269.3600000000001,Credit Card,2025-10-24 05:46:09,completed,
PMT_2730,BK_2730,US_4800,1099.1399999999999,UPI,2025-08-22 04:30:06,completed,
PMT_2731,BK_2731,US_841,479.74,Wallet,2025-03-24 00:13:47,completed,
PMT_2732,BK_2732,US_4722,1499.07,Net Banking,2025-11-21 04:17:51,completed,
PMT_2733,BK_2733,US_2122,0.0,UPI,2025-12-28 15:25:41,refunded,
PMT_2734,BK_2734,US_8233,382.88,Credit Card,2025-09-09 09:28:48,completed,
PMT_2735,BK_2735,US_4060,553.28,Wallet,2024-06-24 03:36:15,completed,
PMT_2736,BK_2736,US_9514,361.68,UPI,2024-08-12 15:51:43,completed,
PMT_2737,BK_2737,US_5650,833.24,Credit Card,2025-06-05 13:18:19,completed,
PMT_2739,BK_2739,US_6290,1211.76,Debit Card,2024-07-22 19:15:51,completed,
PMT_2740,BK_2740,US_1440,309.24,Credit Card,2025-05-29 20:55:43,completed,
PMT_2741,BK_2741,US_5912,623.4,Net Banking,2024-10-15 01:25:33,completed,
PMT_2742,BK_2742,US_9403,1487.22,Wallet,2025-04-29 21:18:12,completed,
PMT_2743,BK_2743,US_4718,852.5699999999999,Debit Card,2025-01-12 03:38:12,completed,
PMT_2745,BK_2745,US_3536,469.52,Debit Card,2025-05-07 11:01:17,completed,
PMT_2746,BK_2746,US_5742,1459.68,Debit Card,2025-03-02 09:55:09,completed,
PMT_2747,BK_2747,US_2906,926.24,Credit Card,2025-08-12 10:03:58,completed,
PMT_2748,BK_2748,US_9146,704.44,Credit Card,2025-09-08 23:14:35,completed,
PMT_2750,BK_2750,US_6003,429.94,Debit Card,2025-12-14 01:30:17,completed,
PMT_2751,BK_2751,US_8320,751.18,UPI,2024-09-06 07:15:48,completed,
PMT_2752,BK_2752,US_4054,997.36,UPI,2024-12-13 20:18:20,completed,
PMT_2753,BK_2753,US_2561,0.0,UPI,2025-01-18 23:25:29,failed,
PMT_2754,BK_2754,US_992,1158.8700000000001,Wallet,2024-05-28 07:22:22,completed,
PMT_2755,BK_2755,US_6589,298.61,UPI,2024-12-18 06:32:02,completed,
PMT_2756,BK_2756,US_4852,518.38,Credit Card,2024-09-09 10:06:24,completed,
PMT_2758,BK_2758,US_3374,467.59,Credit Card,2025-06-04 00:36:35,completed,
PMT_2759,BK_2759,US_2260,1697.36,Wallet,2024-11-10 16:29:06,completed,
PMT_2760,BK_2760,US_8202,890.97,UPI,2025-09-15 16:20:10,completed,
PMT_2761,BK_2761,US_5800,810.1500000000001,Credit Card,2025-10-01 03:40:38,completed,
PMT_2762,BK_2762,US_2970,640.89,Credit Card,2025-08-21 16:23:22,completed,
PMT_2763,BK_2763,US_8882,234.84,Wallet,2024-05-07 11:47:31,completed,
PMT_2764,BK_2764,US_1454,1210.47,Net Banking,2025-08-09 06:50:14,completed,
PMT_2765,BK_2765,US_3184,1087.64,UPI,2024-05-31 13:38:16,completed,
PMT_2766,BK_2766,US_8030,1903.04,Credit Card,2025-02-09 22:23:30,completed,
PMT_2767,BK_2767,US_9487,1867.48,Debit Card,2025-03-26 22:47:43,completed,
PMT_2768,BK_2768,US_655,156.21,UPI,2025-06-07 09:39:07,completed,
PMT_2769,BK_2769,US_713,910.6800000000001,Wallet,2024-07-30 21:47:19,completed,
PMT_2770,BK_2770,US_7437,872.66,UPI,2025-10-26 06:14:35,completed,
PMT_2771,BK_2771,US_3511,664.2,Net Banking,2024-12-13 03:44:46,completed,
PMT_2772,BK_2772,US_5506,866.4,Wallet,2025-02-12 14:51:51,completed,
PMT_2773,BK_2773,US_825,0.0,UPI,2024-11-10 07:31:20,failed,
PMT_2774,BK_2774,US_4864,661.86,Debit Card,2025-05-23 01:07:43,completed,
PMT_2775,BK_2775,US_4945,1469.67,UPI,2024-12-09 11:27:02,completed,
PMT_2776,BK_2776,US_3135,0.0,Net Banking,2025-07-15 03:55:46,failed,
PMT_2777,BK_2777,US_5832,803.68,Wallet,2025-11-28 07:52:40,completed,
PMT_2778,BK_2778,US_2424,905.54,UPI,2024-11-13 20:51:38,completed,
PMT_2779,BK_2779,US_9869,474.46,Credit Card,2025-05-04 02:54:14,completed,
PMT_2781,BK_2781,US_1245,998.4,Credit Card,2025-01-30 10:37:14,completed,
PMT_2782,BK_2782,US_8318,1036.1399999999999,Wallet,2024-11-21 05:23:31,completed,
PMT_2786,BK_2786,US_2162,0.0,Credit Card,2024-05-09 13:34:59,failed,
PMT_2787,BK_2787,US_9045,255.53,Debit Card,2024-08-13 22:51:47,completed,
PMT_2788,BK_2788,US_6194,1465.68,Net Banking,2025-09-24 01:40:59,completed,
PMT_2790,BK_2790,US_3558,0.0,Net Banking,2025-09-06 02:36:03,refunded,
PMT_2791,BK_2791,US_7202,912.38,UPI,2024-05-13 23:36:25,completed,
PMT_2793,BK_2793,US_2401,740.28,UPI,2025-10-31 16:23:28,completed,
PMT_2794,BK_2794,US_2129,219.93,Net Banking,2024-07-12 14:07:48,completed,
PMT_2795,BK_2795,US_1127,173.48,Debit Card,2024-02-08 17:06:22,completed,
PMT_2796,BK_2796,US_8949,905.88,Credit Card,2024-08-12 09:06:51,completed,
PMT_2797,BK_2797,US_6373,1482.9,Credit Card,2024-08-27 19:28:54,completed,
PMT_2798,BK_2798,US_8329,377.06,Net Banking,2024-05-17 12:16:21,completed,
PMT_2799,BK_2799,US_2456,234.71,Wallet,2024-11-20 08:17:33,completed,
PMT_2800,BK_2800,US_9858,422.97,Wallet,2025-05-13 09:04:31,completed,
PMT_2801,BK_2801,US_8083,1048.26,UPI,2024-05-24 16:37:21,completed,
PMT_2802,BK_2802,US_8590,514.5600000000001,Debit Card,2025-12-06 13:30:49,completed,
PMT_2804,BK_2804,US_3836,914.78,Net Banking,2024-04-22 07:44:07,completed,
PMT_2805,BK_2805,US_1053,1562.84,Net Banking,2024-05-15 07:53:01,completed,
PMT_2806,BK_2806,US_4424,1190.44,UPI,2024-02-02 10:42:59,completed,
PMT_2807,BK_2807,US_5329,1234.44,UPI,2025-04-03 11:31:11,completed,
PMT_2808,BK_2808,US_6470,1375.08,Credit Card,2024-11-12 01:05:12,completed,
PMT_2810,BK_2810,US_4884,378.32,UPI,2024-04-29 15:02:50,completed,
PMT_2811,BK_2811,US_4045,661.3499999999999,Net Banking,2024-05-28 15:14:55,completed,
PMT_2812,BK_2812,US_4436,716.72,Net Banking,2024-03-14 22:28:29,completed,
PMT_2813,BK_2813,US_8613,0.0,Debit Card,2024-03-25 15:01:12,failed,
PMT_2814,BK_2814,US_9882,157.89,Debit Card,2024-03-09 04:51:12,completed,
PMT_2816,BK_2816,US_138,790.36,Debit Card,2024-05-13 03:04:52,completed,
PMT_2817,BK_2817,US_7886,339.6,Debit Card,2024-10-10 11:50:54,completed,
PMT_2819,BK_2819,US_5218,801.02,Debit Card,2025-03-24 01:37:51,completed,
PMT_2820,BK_2820,US_1199,1908.16,UPI,2025-06-04 02:58:13,completed,
PMT_2821,BK_2821,US_1024,1299.56,Debit Card,2024-11-24 14:56:17,completed,
PMT_2822,BK_2822,US_1191,991.88,Wallet,2025-08-09 00:42:08,completed,
PMT_2823,BK_2823,US_2479,619.76,Wallet,2024-04-13 14:59:38,completed,
PMT_2824,BK_2824,US_6756,537.99,UPI,2024-06-13 12:59:08,completed,
PMT_2825,BK_2825,US_9536,909.96,Debit Card,2025-10-17 09:39:05,completed,
PMT_2826,BK_2826,US_1577,1695.4,Net Banking,2024-03-25 23:15:43,completed,
PMT_2827,BK_2827,US_3067,208.5,Debit Card,2025-05-10 07:21:30,completed,
PMT_2828,BK_2828,US_4660,336.25,Debit Card,2025-06-08 17:11:23,completed,
PMT_2829,BK_2829,US_2637,0.0,Debit Card,2025-06-19 18:15:45,failed,
PMT_2830,BK_2830,US_4563,912.51,Debit Card,2024-12-08 01:03:43,completed,
PMT_2831,BK_2831,US_2519,1164.57,UPI,2025-10-20 05:07:11,completed,
PMT_2832,BK_2832,US_2671,597.68,Net Banking,2025-02-08 12:19:21,completed,
PMT_2833,BK_2833,US_9100,734.91,Debit Card,2025-11-08 07:26:45,completed,
PMT_2834,BK_2834,US_2920,416.45,Net Banking,2024-06-29 05:31:30,completed,
PMT_2835,BK_2835,US_6991,365.56,UPI,2025-03-22 15:35:08,completed,
PMT_2837,BK_2837,US_2558,309.68,UPI,2025-06-20 22:02:14,completed,
PMT_2838,BK_2838,US_8544,445.32,UPI,2024-11-13 12:35:13,completed,
PMT_2839,BK_2839,US_4138,1227.3000000000002,Net Banking,2025-01-25 12:42:21,completed,
PMT_2840,BK_2840,US_18,0.0,Credit Card,2024-07-07 12:12:25,refunded,
PMT_2842,BK_2842,US_9071,0.0,UPI,2025-08-25 04:56:00,failed,
PMT_2843,BK_2843,US_2275,189.8,Credit Card,2024-09-26 17:54:44,completed,
PMT_2844,BK_2844,US_717,783.42,Credit Card,2025-05-18 06:38:37,completed,
PMT_2845,BK_2845,US_9243,676.66,Credit Card,2025-08-13 18:45:41,completed,
PMT_2846,BK_2846,US_2198,777.18,Wallet,2024-08-12 06:52:34,completed,
PMT_2848,BK_2848,US_5212,511.79999999999995,Credit Card,2024-02-24 07:33:48,completed,
PMT_2849,BK_2849,US_4043,891.82,Wallet,2024-08-07 14:29:38,completed,
PMT_2850,BK_2850,US_1919,1313.88,UPI,2025-07-29 19:34:37,completed,
PMT_2852,BK_2852,US_5696,228.01,Wallet,2024-10-30 16:52:17,completed,
PMT_2853,BK_2853,US_8809,806.24,Credit Card,2024-06-03 13:23:31,completed,
PMT_2854,BK_2854,US_7634,422.65,Net Banking,2025-01-27 18:46:57,completed,
PMT_2855,BK_2855,US_8175,1097.07,UPI,2024-10-12 03:56:40,completed,
PMT_2856,BK_2856,US_2815,0.0,UPI,2024-03-13 10:46:28,failed,
PMT_2857,BK_2857,US_1551,1870.56,Debit Card,2025-04-29 01:57:49,completed,
PMT_2858,BK_2858,US_9563,0.0,UPI,2024-07-18 18:29:57,refunded,
PMT_2860,BK_2860,US_1962,254.18,Credit Card,2025-06-29 16:17:24,completed,
PMT_2861,BK_2861,US_8326,1683.64,Wallet,2024-02-17 20:23:47,completed,
PMT_2862,BK_2862,US_6379,0.0,Net Banking,2024-05-20 05:44:53,failed,
PMT_2864,BK_2864,US_470,1274.58,Net Banking,2024-03-31 11:16:53,completed,
PMT_2866,BK_2866,US_4749,399.38,Wallet,2024-01-30 19:37:58,completed,
PMT_2867,BK_2867,US_9756,0.0,UPI,2024-08-26 06:44:48,failed,
PMT_2869,BK_2869,US_6995,736.22,UPI,2024-11-13 20:56:29,completed,
PMT_2870,BK_2870,US_7356,0.0,Credit Card,2025-09-20 14:32:12,failed,
PMT_2871,BK_2871,US_1252,824.52,Net Banking,2025-02-25 15:31:21,completed,
PMT_2873,BK_2873,US_510,775.72,UPI,2025-03-21 20:02:05,completed,
PMT_2875,BK_2875,US_4882,643.38,Credit Card,2024-07-30 23:17:04,completed,
PMT_2878,BK_2878,US_6763,1877.16,Debit Card,2024-06-28 21:30:12,completed,
PMT_2879,BK_2879,US_3868,476.11,UPI,2025-05-25 07:06:15,completed,
PMT_2880,BK_2880,US_1158,1997.68,UPI,2024-11-26 15:08:40,completed,
PMT_2881,BK_2881,US_4701,0.0,Wallet,2024-04-18 17:37:00,refunded,
PMT_2882,BK_2882,US_5311,832.3199999999999,UPI,2025-10-31 18:07:53,completed,
PMT_2883,BK_2883,US_1537,385.98,Wallet,2024-09-21 19:50:44,completed,
PMT_2884,BK_2884,US_2900,345.74,Net Banking,2025-07-26 08:34:48,completed,
PMT_2885,BK_2885,US_6891,977.31,Debit Card,2024-05-27 06:36:51,completed,
PMT_2886,BK_2886,US_1842,177.69,Net Banking,2025-07-21 05:33:04,completed,
PMT_2887,BK_2887,US_5355,0.0,Debit Card,2025-01-14 06:59:24,refunded,
PMT_2890,BK_2890,US_7878,397.59,UPI,2024-01-11 02:00:26,completed,
PMT_2891,BK_2891,US_3358,1334.28,Credit Card,2024-02-11 03:53:58,completed,
PMT_2892,BK_2892,US_3285,973.64,Net Banking,2025-07-30 09:24:05,completed,
PMT_2893,BK_2893,US_3598,380.0,UPI,2025-03-13 10:11:14,completed,
PMT_2895,BK_2895,US_9889,453.7,Net Banking,2025-05-16 00:03:56,completed,
PMT_2896,BK_2896,US_2697,286.16,Debit Card,2025-02-18 05:11:52,completed,
PMT_2897,BK_2897,US_7267,598.84,Wallet,2025-03-03 19:24:11,completed,
PMT_2898,BK_2898,US_4510,562.08,UPI,2025-08-21 17:39:43,completed,
PMT_2899,BK_2899,US_926,1020.2,UPI,2025-03-15 23:16:33,completed,
PMT_2900,BK_2900,US_1682,480.97,Credit Card,2024-02-27 14:16:22,completed,
PMT_2901,BK_2901,US_4998,1270.41,Wallet,2025-10-25 14:12:15,completed,
PMT_2902,BK_2902,US_5362,465.52,Net Banking,2024-01-17 21:11:03,completed,
PMT_2903,BK_2903,US_1701,712.3199999999999,UPI,2024-10-08 07:13:15,completed,
PMT_2904,BK_2904,US_5417,0.0,Net Banking,2024-07-10 03:54:32,failed,
PMT_2905,BK_2905,US_2893,388.76,UPI,2024-06-06 01:27:14,completed,
PMT_2906,BK_2906,US_2517,857.22,Debit Card,2024-11-25 06:07:28,completed,
PMT_2907,BK_2907,US_8278,0.0,Credit Card,2024-11-15 03:54:39,failed,
PMT_2908,BK_2908,US_5461,225.01,Net Banking,2025-04-03 18:49:16,completed,
PMT_2910,BK_2910,US_1828,1939.2,Debit Card,2024-10-30 00:37:04,completed,
PMT_2911,BK_2911,US_359,1229.43,Net Banking,2024-12-27 14:47:55,completed,
PMT_2912,BK_2912,US_5053,1265.36,Debit Card,2024-03-11 18:55:59,completed,
PMT_2913,BK_2913,US_9608,299.8,Debit Card,2025-11-30 21:58:41,completed,
PMT_2914,BK_2914,US_3212,0.0,Debit Card,2025-05-31 06:55:04,refunded,
PMT_2916,BK_2916,US_2871,855.56,Debit Card,2025-04-17 08:08:18,completed,
PMT_2917,BK_2917,US_7225,272.33,Credit Card,2025-04-02 21:06:13,completed,
PMT_2918,BK_2918,US_9274,495.13,Wallet,2025-11-27 04:19:19,completed,
PMT_2919,BK_2919,US_5998,476.13,Net Banking,2025-06-21 12:05:19,completed,
PMT_2920,BK_2920,US_3301,351.67,Net Banking,2025-12-01 23:37:00,completed,
PMT_2921,BK_2921,US_1461,0.0,Credit Card,2024-07-09 15:47:01,failed,
PMT_2922,BK_2922,US_7948,937.74,Credit Card,2025-08-06 12:37:39,completed,
PMT_2923,BK_2923,US_9070,683.25,Wallet,2025-04-09 00:44:32,completed,
PMT_2924,BK_2924,US_2239,412.72,UPI,2025-09-15 11:51:01,completed,
PMT_2925,BK_2925,US_4116,854.74,Credit Card,2024-10-08 07:41:53,completed,
PMT_2926,BK_2926,US_5037,308.0,Wallet,2025-03-05 08:32:37,completed,
PMT_2927,BK_2927,US_1175,820.3199999999999,Net Banking,2024-09-04 05:08:09,completed,
PMT_2929,BK_2929,US_5716,1640.32,Debit Card,2025-04-18 07:29:47,completed,
PMT_2930,BK_2930,US_5,771.96,Wallet,2024-03-23 13:34:54,completed,
PMT_2931,BK_2931,US_3629,381.51,Debit Card,2025-09-04 23:38:25,completed,
PMT_2932,BK_2932,US_8597,447.45,Debit Card,2024-11-16 04:02:21,completed,
PMT_2933,BK_2933,US_8828,735.2,Debit Card,2024-07-26 01:36:58,completed,
PMT_2936,BK_2936,US_434,298.51,Debit Card,2024-08-29 07:30:19,completed,
PMT_2937,BK_2937,US_4073,362.85,Credit Card,2025-08-31 18:21:16,completed,
PMT_2939,BK_2939,US_9707,1814.68,Wallet,2024-06-25 19:16:25,completed,
PMT_2940,BK_2940,US_8347,0.0,UPI,2024-09-30 04:17:02,failed,
PMT_2941,BK_2941,US_2114,928.58,UPI,2024-09-22 23:35:03,completed,
PMT_2942,BK_2942,US_9465,1541.52,Net Banking,2024-08-08 15:50:12,completed,
PMT_2943,BK_2943,US_5697,1134.0,UPI,2024-11-12 18:41:09,completed,
PMT_2944,BK_2944,US_1844,827.0699999999999,UPI,2025-02-27 21:22:28,completed,
PMT_2945,BK_2945,US_5337,1328.19,Debit Card,2025-04-17 22:17:52,completed,
PMT_2946,BK_2946,US_2579,308.3,Debit Card,2024-06-21 03:52:01,completed,
PMT_2947,BK_2947,US_7562,965.4300000000001,Net Banking,2024-05-28 04:16:00,completed,
PMT_2948,BK_2948,US_1635,410.06,Credit Card,2024-03-12 10:22:42,completed,
PMT_2949,BK_2949,US_8028,451.53,Credit Card,2025-07-01 18:11:01,completed,
PMT_2950,BK_2950,US_1047,0.0,Credit Card,2025-09-04 12:24:07,refunded,
PMT_2951,BK_2951,US_1817,1322.08,Wallet,2024-11-15 21:41:42,completed,
PMT_2952,BK_2952,US_8268,402.9,Wallet,2024-01-07 22:20:40,completed,
PMT_2953,BK_2953,US_3437,188.02,Debit Card,2025-12-22 15:13:16,completed,
PMT_2954,BK_2954,US_663,670.6,UPI,2024-04-30 21:05:17,completed,
PMT_2955,BK_2955,US_1464,0.0,Credit Card,2025-10-02 04:13:33,failed,
PMT_2957,BK_2957,US_216,676.64,Credit Card,2025-07-23 18:47:34,completed,
PMT_2958,BK_2958,US_9436,795.94,Net Banking,2024-09-18 11:57:55,completed,
PMT_2959,BK_2959,US_9366,1010.04,Debit Card,2024-06-04 08:34:12,completed,
PMT_2960,BK_2960,US_9720,0.0,UPI,2025-06-28 16:04:55,refunded,
PMT_2961,BK_2961,US_1716,454.52,UPI,2024-06-28 01:54:15,completed,
PMT_2963,BK_2963,US_3709,599.28,UPI,2024-02-20 08:20:44,completed,
PMT_2964,BK_2964,US_1271,1596.36,Wallet,2024-08-21 12:47:38,completed,
PMT_2966,BK_2966,US_8708,808.56,Debit Card,2024-08-25 10:04:53,completed,
PMT_2967,BK_2967,US_6364,351.94,Credit Card,2025-10-24 00:01:46,completed,
PMT_2968,BK_2968,US_7054,946.46,Debit Card,2025-07-31 14:48:38,completed,
PMT_2969,BK_2969,US_5249,1993.52,Debit Card,2025-09-02 17:39:35,completed,
PMT_2970,BK_2970,US_1311,890.8,UPI,2024-06-22 19:23:03,completed,
PMT_2971,BK_2971,US_5811,1991.2,Wallet,2024-01-13 18:39:03,completed,
PMT_2972,BK_2972,US_9074,855.64,Wallet,2025-07-03 13:11:30,completed,
PMT_2973,BK_2973,US_6210,1941.04,Debit Card,2025-08-23 17:38:25,completed,
PMT_2975,BK_2975,US_7589,334.89,Net Banking,2025-05-30 18:44:37,completed,
PMT_2977,BK_2977,US_8388,1317.96,Credit Card,2024-12-08 12:53:08,completed,
PMT_2978,BK_2978,US_2867,1982.12,UPI,2025-08-26 11:33:33,completed,
PMT_2979,BK_2979,US_885,281.34,UPI,2024-01-18 00:41:30,completed,
PMT_2980,BK_2980,US_2621,488.52,UPI,2025-07-22 06:31:15,completed,
PMT_2981,BK_2981,US_8287,372.69,Net Banking,2024-06-21 02:59:32,completed,
PMT_2982,BK_2982,US_762,1428.06,UPI,2024-03-15 12:36:19,completed,
PMT_2983,BK_2983,US_1013,1388.44,Credit Card,2025-07-12 10:59:32,completed,
PMT_2986,BK_2986,US_197,346.37,Credit Card,2024-08-14 06:12:26,completed,
PMT_2987,BK_2987,US_1870,356.94,Credit Card,2025-08-27 09:28:16,completed,
PMT_2988,BK_2988,US_7708,159.93,Debit Card,2024-08-19 13:27:28,completed,
PMT_2989,BK_2989,US_8434,479.93999999999994,Wallet,2025-11-30 17:18:53,completed,
PMT_2990,BK_2990,US_5471,283.5,UPI,2024-02-13 19:27:52,completed,
PMT_2991,BK_2991,US_4077,0.0,Net Banking,2025-03-03 03:22:21,failed,
PMT_2992,BK_2992,US_2975,413.89,Debit Card,2024-06-20 19:42:40,completed,
PMT_2993,BK_2993,US_5349,1190.28,UPI,2025-11-28 07:25:28,completed,
PMT_2994,BK_2994,US_3582,1785.36,UPI,2024-11-07 07:10:38,completed,
PMT_2995,BK_2995,US_4896,752.6,Wallet,2025-07-27 17:37:28,completed,
PMT_2998,BK_2998,US_9017,496.79,Wallet,2025-04-12 03:38:02,completed,
PMT_3001,BK_3001,US_8292,0.0,Debit Card,2025-06-13 21:53:49,failed,
PMT_3002,BK_3002,US_5996,435.2,Debit Card,2025-02-20 01:17:16,completed,
PMT_3003,BK_3003,US_4687,659.4,UPI,2025-10-09 22:55:02,completed,
PMT_3004,BK_3004,US_7598,359.39,Credit Card,2025-06-23 13:13:44,completed,
PMT_3005,BK_3005,US_2177,937.56,Debit Card,2024-10-19 20:27:59,completed,
PMT_3006,BK_3006,US_2774,0.0,Net Banking,2024-06-02 23:35:50,refunded,
PMT_3007,BK_3007,US_4648,1367.49,Wallet,2025-01-17 05:29:55,completed,
PMT_3008,BK_3008,US_8102,506.46,Credit Card,2024-12-26 03:37:48,completed,
PMT_3009,BK_3009,US_7708,884.44,Wallet,2025-11-17 18:29:48,completed,
PMT_3010,BK_3010,US_4789,1351.12,Credit Card,2024-12-28 10:51:06,completed,
PMT_3011,BK_3011,US_3399,344.74,UPI,2025-04-28 03:38:08,completed,
PMT_3012,BK_3012,US_8401,321.81,Debit Card,2025-10-14 07:22:23,completed,
PMT_3013,BK_3013,US_248,725.4,Credit Card,2024-10-04 13:54:53,completed,
PMT_3015,BK_3015,US_1746,992.79,UPI,2025-08-01 06:14:28,completed,
PMT_3016,BK_3016,US_5800,942.72,UPI,2024-12-21 15:16:37,completed,
PMT_3017,BK_3017,US_911,0.0,Net Banking,2025-05-23 20:18:14,failed,
PMT_3018,BK_3018,US_879,798.12,Wallet,2024-02-18 22:17:06,completed,
PMT_3019,BK_3019,US_5102,1807.44,Credit Card,2024-06-18 14:44:16,completed,
PMT_3020,BK_3020,US_9497,1652.36,Net Banking,2024-08-27 20:12:47,completed,
PMT_3021,BK_3021,US_3114,263.55,Debit Card,2025-10-24 17:16:25,completed,
PMT_3022,BK_3022,US_6236,0.0,Debit Card,2025-09-09 13:27:42,failed,
PMT_3023,BK_3023,US_2673,488.37,UPI,2024-08-01 14:28:53,completed,
PMT_3024,BK_3024,US_7883,1374.24,Credit Card,2024-12-09 18:58:50,completed,
PMT_3025,BK_3025,US_2708,343.62,Credit Card,2024-12-03 19:20:22,completed,
PMT_3026,BK_3026,US_2375,759.2,Net Banking,2024-12-20 11:46:39,completed,
PMT_3027,BK_3027,US_187,380.72,Net Banking,2025-08-09 21:24:43,completed,
PMT_3028,BK_3028,US_2144,1495.65,UPI,2024-12-20 18:38:47,completed,
PMT_3029,BK_3029,US_9449,258.05,Net Banking,2025-02-01 00:24:06,completed,
PMT_3030,BK_3030,US_1480,922.17,Net Banking,2024-05-23 04:10:03,completed,
PMT_3031,BK_3031,US_3464,676.26,Net Banking,2024-05-10 07:47:34,completed,
PMT_3032,BK_3032,US_6738,407.89,Wallet,2025-08-09 08:20:32,completed,
PMT_3033,BK_3033,US_8178,940.74,Credit Card,2024-01-15 02:29:23,completed,
PMT_3034,BK_3034,US_6466,0.0,UPI,2024-05-15 05:01:54,failed,
PMT_3036,BK_3036,US_1520,0.0,Wallet,2024-10-20 07:56:48,failed,
PMT_3037,BK_3037,US_8962,233.04,Net Banking,2025-06-21 00:45:15,completed,
PMT_3038,BK_3038,US_2692,0.0,Net Banking,2024-06-18 02:41:12,failed,
PMT_3039,BK_3039,US_3880,0.0,Credit Card,2024-11-23 05:32:34,failed,
PMT_3041,BK_3041,US_5327,334.39,Debit Card,2024-10-29 15:03:17,completed,
PMT_3042,BK_3042,US_1468,716.16,Wallet,2025-08-27 16:25:35,completed,
PMT_3043,BK_3043,US_6573,160.5,Net Banking,2025-04-18 00:46:25,completed,
PMT_3044,BK_3044,US_6192,477.18,Wallet,2024-02-22 08:35:29,completed,
PMT_3045,BK_3045,US_7371,299.12,Wallet,2025-01-24 07:22:58,completed,
PMT_3046,BK_3046,US_993,434.66,Net Banking,2025-08-24 12:50:56,completed,
PMT_3047,BK_3047,US_3661,944.88,Credit Card,2024-06-19 03:45:56,completed,
PMT_3048,BK_3048,US_381,0.0,Debit Card,2025-11-17 12:00:42,refunded,
PMT_3052,BK_3052,US_4017,995.88,Debit Card,2024-07-28 06:52:14,completed,
PMT_3054,BK_3054,US_9177,497.26,Wallet,2025-08-16 06:24:16,completed,
PMT_3055,BK_3055,US_1906,661.38,Debit Card,2024-02-08 22:24:47,completed,
PMT_3056,BK_3056,US_8231,735.8100000000001,UPI,2025-12-06 19:32:32,completed,
PMT_3057,BK_3057,US_5671,0.0,Net Banking,2025-03-01 02:03:52,failed,
PMT_3058,BK_3058,US_7680,626.4,Net Banking,2024-04-14 01:54:06,completed,
PMT_3059,BK_3059,US_3143,0.0,Credit Card,2025-05-07 20:24:43,failed,
PMT_3060,BK_3060,US_8248,1259.96,Credit Card,2024-07-04 01:44:37,completed,
PMT_3061,BK_3061,US_941,959.02,UPI,2024-03-26 16:46:29,completed,
PMT_3062,BK_3062,US_9226,352.22,UPI,2024-01-13 14:36:57,completed,
PMT_3063,BK_3063,US_9937,1837.04,Credit Card,2025-02-23 06:06:32,completed,
PMT_3064,BK_3064,US_9853,1710.88,Debit Card,2025-09-14 05:44:36,completed,
PMT_3065,BK_3065,US_2370,436.75,Net Banking,2025-12-01 23:14:26,completed,
PMT_3067,BK_3067,US_8236,994.86,Wallet,2025-05-04 00:39:53,completed,
PMT_3068,BK_3068,US_4147,462.31,Net Banking,2024-12-06 05:01:53,completed,
PMT_3069,BK_3069,US_2459,621.72,Credit Card,2024-09-09 13:18:28,completed,
PMT_3070,BK_3070,US_5061,937.92,UPI,2024-07-30 19:45:01,completed,
PMT_3071,BK_3071,US_7037,714.8,Debit Card,2025-05-12 18:54:36,completed,
PMT_3073,BK_3073,US_3071,662.2,Debit Card,2025-07-11 00:42:48,completed,
PMT_3074,BK_3074,US_2540,0.0,Credit Card,2025-06-08 03:18:21,failed,
PMT_3076,BK_3076,US_9693,1009.92,Wallet,2025-04-18 14:10:55,completed,
PMT_3077,BK_3077,US_3477,744.68,Credit Card,2024-01-14 01:13:37,completed,
PMT_3078,BK_3078,US_4699,489.0,Wallet,2024-08-20 03:47:37,completed,
PMT_3079,BK_3079,US_7013,346.98,UPI,2024-07-01 00:39:57,completed,
PMT_3080,BK_3080,US_5833,0.0,Wallet,2024-04-13 01:42:41,failed,
PMT_3081,BK_3081,US_5641,354.97,Debit Card,2025-02-03 10:01:10,completed,
PMT_3082,BK_3082,US_5680,349.14,Debit Card,2024-01-18 16:19:59,completed,
PMT_3083,BK_3083,US_1620,862.4100000000001,Debit Card,2024-11-08 18:15:29,completed,
PMT_3084,BK_3084,US_5214,176.44,Wallet,2024-10-31 10:53:23,completed,
PMT_3085,BK_3085,US_9644,907.84,Debit Card,2024-06-10 08:52:22,completed,
PMT_3086,BK_3086,US_572,1007.5500000000001,UPI,2024-12-23 04:27:00,completed,
PMT_3088,BK_3088,US_6612,973.16,Wallet,2024-01-04 13:33:07,completed,
PMT_3089,BK_3089,US_7169,311.96,Credit Card,2025-07-03 09:16:01,completed,
PMT_3090,BK_3090,US_7808,773.84,UPI,2025-10-07 08:06:29,completed,
PMT_3091,BK_3091,US_4643,202.28,Wallet,2024-11-09 13:59:53,completed,
PMT_3092,BK_3092,US_1097,464.1,Debit Card,2024-05-20 18:39:16,completed,
PMT_3093,BK_3093,US_777,1248.81,UPI,2025-04-01 01:28:47,completed,
PMT_3094,BK_3094,US_7168,0.0,Wallet,2025-05-04 05:10:48,failed,
PMT_3096,BK_3096,US_1877,0.0,Credit Card,2024-10-04 04:02:47,failed,
PMT_3097,BK_3097,US_6073,0.0,UPI,2025-08-30 14:10:38,failed,
PMT_3099,BK_3099,US_7097,1236.88,UPI,2025-01-18 05:35:51,completed,
PMT_3100,BK_3100,US_816,0.0,Debit Card,2025-09-29 01:57:27,failed,
PMT_3101,BK_3101,US_1360,1891.36,UPI,2025-05-26 21:31:51,completed,
PMT_3102,BK_3102,US_7510,464.18,UPI,2024-05-03 15:27:40,completed,
PMT_3103,BK_3103,US_6260,199.57,Net Banking,2024-07-22 00:01:46,completed,
PMT_3104,BK_3104,US_2304,801.24,Net Banking,2025-03-17 05:33:54,completed,
PMT_3105,BK_3105,US_6416,1406.28,UPI,2025-08-28 21:17:07,completed,
PMT_3106,BK_3106,US_819,0.0,UPI,2025-05-30 02:19:48,failed,
PMT_3107,BK_3107,US_4052,1138.6200000000001,Credit Card,2024-11-02 19:33:02,completed,
PMT_3108,BK_3108,US_2643,702.76,Credit Card,2025-07-06 19:47:32,completed,
PMT_3109,BK_3109,US_3350,667.89,Wallet,2024-06-10 22:21:19,completed,
PMT_3110,BK_3110,US_1910,1875.16,Net Banking,2024-06-18 11:03:55,completed,
PMT_3112,BK_3112,US_882,1487.16,Debit Card,2024-09-24 05:35:47,completed,
PMT_3113,BK_3113,US_4009,0.0,Debit Card,2024-09-10 18:42:00,failed,
PMT_3114,BK_3114,US_6267,587.04,Debit Card,2024-11-21 20:03:09,completed,
PMT_3115,BK_3115,US_8175,252.42,Credit Card,2025-07-27 19:57:59,completed,
PMT_3116,BK_3116,US_8432,325.42,Wallet,2024-01-02 07:02:31,completed,
PMT_3117,BK_3117,US_1615,0.0,Debit Card,2024-10-28 06:15:23,failed,
PMT_3118,BK_3118,US_6882,1483.52,Wallet,2024-05-19 19:54:41,completed,
PMT_3120,BK_3120,US_8000,371.16,Debit Card,2024-11-19 23:32:06,completed,
PMT_3121,BK_3121,US_9233,187.49,Net Banking,2024-10-23 18:37:11,completed,
PMT_3122,BK_3122,US_8337,1384.84,UPI,2025-11-14 22:06:47,completed,
PMT_3123,BK_3123,US_7938,180.48,UPI,2025-07-28 01:22:51,completed,
PMT_3124,BK_3124,US_3545,776.0699999999999,Credit Card,2024-10-26 23:25:24,completed,
PMT_3126,BK_3126,US_7217,1173.96,Net Banking,2025-01-31 17:37:22,completed,
PMT_3127,BK_3127,US_5244,316.65,UPI,2024-11-13 08:29:48,completed,
PMT_3128,BK_3128,US_8983,423.31,UPI,2025-07-20 06:15:12,completed,
PMT_3129,BK_3129,US_4321,733.44,UPI,2025-10-26 16:21:32,completed,
PMT_3130,BK_3130,US_1706,1192.56,Debit Card,2025-02-15 22:40:46,completed,
PMT_3131,BK_3131,US_6880,561.96,Debit Card,2024-03-23 09:16:07,completed,
PMT_3132,BK_3132,US_9859,470.23,Debit Card,2025-07-14 13:07:10,completed,
PMT_3133,BK_3133,US_3928,818.8199999999999,Debit Card,2024-12-11 04:42:08,completed,
PMT_3135,BK_3135,US_4335,0.0,Credit Card,2025-01-01 17:18:44,refunded,
PMT_3136,BK_3136,US_9935,987.51,Debit Card,2025-03-30 08:34:56,completed,
PMT_3137,BK_3137,US_4377,486.27,UPI,2024-10-09 07:18:46,completed,
PMT_3138,BK_3138,US_8250,371.91,Net Banking,2025-01-23 20:57:57,completed,
PMT_3139,BK_3139,US_3543,1656.36,Debit Card,2025-01-10 00:39:35,completed,
PMT_3141,BK_3141,US_1553,1051.84,Net Banking,2024-02-05 10:25:25,completed,
PMT_3143,BK_3143,US_9875,706.96,UPI,2025-06-12 02:23:39,completed,
PMT_3144,BK_3144,US_6205,0.0,Net Banking,2025-07-01 20:01:09,refunded,
PMT_3145,BK_3145,US_284,709.12,Credit Card,2024-06-10 09:37:31,completed,
PMT_3146,BK_3146,US_8471,187.22,Wallet,2024-11-27 03:00:47,completed,
PMT_3147,BK_3147,US_4940,578.25,Credit Card,2024-11-19 16:06:09,completed,
PMT_3148,BK_3148,US_4819,947.66,Net Banking,2025-07-26 02:11:13,completed,
PMT_3149,BK_3149,US_8797,777.12,Net Banking,2024-09-12 12:25:36,completed,
PMT_3151,BK_3151,US_2513,629.84,Wallet,2024-07-13 15:33:46,completed,
PMT_3152,BK_3152,US_6,1470.92,Net Banking,2024-12-05 15:36:23,completed,
PMT_3154,BK_3154,US_7380,504.52,UPI,2024-09-14 08:05:21,completed,
PMT_3155,BK_3155,US_3755,0.0,Credit Card,2025-10-11 21:52:09,failed,
PMT_3157,BK_3157,US_55,0.0,Wallet,2024-01-14 05:22:07,refunded,
PMT_3159,BK_3159,US_8685,454.02,Net Banking,2024-10-23 03:27:20,completed,
PMT_3160,BK_3160,US_3105,0.0,Net Banking,2025-08-16 13:13:37,refunded,
PMT_3163,BK_3163,US_6013,603.48,Credit Card,2025-12-04 05:43:49,completed,
PMT_3164,BK_3164,US_166,849.92,Net Banking,2024-11-11 00:54:42,completed,
PMT_3165,BK_3165,US_4650,648.34,Credit Card,2025-04-11 04:13:01,completed,
PMT_3166,BK_3166,US_110,624.84,Wallet,2024-04-04 20:55:43,completed,
PMT_3168,BK_3168,US_5723,987.92,UPI,2024-06-06 14:51:46,completed,
PMT_3169,BK_3169,US_7786,0.0,Wallet,2024-05-09 14:02:26,refunded,
PMT_3170,BK_3170,US_4740,0.0,UPI,2025-01-09 10:22:10,refunded,
PMT_3171,BK_3171,US_9003,576.9000000000001,UPI,2025-04-09 04:23:35,completed,
PMT_3174,BK_3174,US_3606,439.86,Credit Card,2025-04-17 02:17:56,completed,
PMT_3175,BK_3175,US_2902,769.44,Wallet,2024-05-04 09:41:14,completed,
PMT_3176,BK_3176,US_3951,894.12,UPI,2024-05-23 16:48:36,completed,
PMT_3177,BK_3177,US_9373,1654.56,Net Banking,2025-12-02 08:30:19,completed,
PMT_3178,BK_3178,US_103,378.47,Wallet,2024-04-29 23:09:46,completed,
PMT_3179,BK_3179,US_8012,549.86,Wallet,2025-11-19 01:02:41,completed,
PMT_3180,BK_3180,US_9089,349.83,Debit Card,2024-10-07 06:07:59,completed,
PMT_3181,BK_3181,US_6894,239.95,Debit Card,2024-09-16 01:13:44,completed,
PMT_3182,BK_3182,US_3108,1175.01,UPI,2024-09-21 17:43:36,completed,
PMT_3183,BK_3183,US_2086,630.2,Wallet,2025-03-31 03:53:28,completed,
PMT_3184,BK_3184,US_5572,653.88,Wallet,2025-07-26 03:07:39,completed,
PMT_3185,BK_3185,US_5730,304.5,Debit Card,2024-03-31 19:35:21,completed,
PMT_3186,BK_3186,US_5454,1083.57,Net Banking,2024-01-06 00:05:10,completed,
PMT_3187,BK_3187,US_7516,608.36,Debit Card,2024-10-27 08:59:23,completed,
PMT_3188,BK_3188,US_5053,0.0,Net Banking,2024-11-07 21:25:33,failed,
PMT_3189,BK_3189,US_715,0.0,UPI,2024-01-08 10:39:53,failed,
PMT_3190,BK_3190,US_3580,0.0,Credit Card,2024-04-20 14:02:36,failed,
PMT_3191,BK_3191,US_137,829.16,Net Banking,2025-11-06 18:01:05,completed,
PMT_3192,BK_3192,US_7088,1938.68,Credit Card,2025-07-15 15:29:23,completed,
PMT_3193,BK_3193,US_5172,837.58,Credit Card,2024-04-20 15:39:51,completed,
PMT_3195,BK_3195,US_9583,362.64,UPI,2024-11-02 17:57:13,completed,
PMT_3196,BK_3196,US_1948,0.0,UPI,2024-12-31 01:09:03,failed,
PMT_3198,BK_3198,US_3963,814.0,Net Banking,2025-02-08 04:12:00,completed,
PMT_3199,BK_3199,US_823,642.94,Net Banking,2024-04-30 14:48:17,completed,
PMT_3200,BK_3200,US_2937,392.32,Wallet,2025-05-08 15:11:52,completed,
PMT_3201,BK_3201,US_3305,175.15,Net Banking,2024-08-22 05:45:03,completed,
PMT_3202,BK_3202,US_9888,423.29,Debit Card,2024-12-28 10:33:02,completed,
PMT_3204,BK_3204,US_1517,236.48,Net Banking,2024-07-30 04:18:25,completed,
PMT_3206,BK_3206,US_6516,622.56,UPI,2024-09-15 15:27:47,completed,
PMT_3207,BK_3207,US_4692,702.82,UPI,2024-03-19 13:59:24,completed,
PMT_3208,BK_3208,US_3898,0.0,Net Banking,2025-02-19 16:09:30,failed,
PMT_3209,BK_3209,US_8511,0.0,Net Banking,2024-01-09 01:00:52,refunded,
PMT_3211,BK_3211,US_4641,349.66,Net Banking,2024-07-25 13:09:12,completed,
PMT_3212,BK_3212,US_372,805.8,Credit Card,2024-07-26 11:44:20,completed,
PMT_3213,BK_3213,US_1696,770.36,Debit Card,2025-11-19 13:41:18,completed,
PMT_3215,BK_3215,US_5360,523.62,Wallet,2024-05-15 17:32:01,completed,
PMT_3216,BK_3216,US_2947,749.52,Credit Card,2024-10-25 07:00:52,completed,
PMT_3217,BK_3217,US_2291,0.0,Wallet,2025-09-11 01:43:15,failed,
PMT_3218,BK_3218,US_8309,810.78,UPI,2025-08-02 20:40:52,completed,
PMT_3220,BK_3220,US_5931,408.84,Wallet,2024-02-23 08:21:03,completed,
PMT_3221,BK_3221,US_5434,735.68,UPI,2025-05-30 06:47:15,completed,
PMT_3222,BK_3222,US_7188,1429.6200000000001,Credit Card,2025-02-03 21:55:13,completed,
PMT_3223,BK_3223,US_8363,1102.28,UPI,2024-01-22 19:08:21,completed,
PMT_3224,BK_3224,US_9385,1870.56,Credit Card,2024-06-01 13:28:57,completed,
PMT_3225,BK_3225,US_9043,1334.04,Credit Card,2024-07-30 02:34:11,completed,
PMT_3226,BK_3226,US_8741,931.96,Net Banking,2025-08-01 01:03:58,completed,
PMT_3227,BK_3227,US_5850,1636.84,Credit Card,2025-05-14 16:21:11,completed,
PMT_3228,BK_3228,US_323,1129.71,Credit Card,2024-03-15 12:18:14,completed,
PMT_3229,BK_3229,US_7575,818.28,UPI,2024-11-30 23:15:11,completed,
PMT_3230,BK_3230,US_5441,0.0,UPI,2025-03-22 16:51:44,failed,
PMT_3231,BK_3231,US_605,954.86,Wallet,2025-12-10 09:44:12,completed,
PMT_3232,BK_3232,US_3669,769.2,Net Banking,2024-03-05 14:46:39,completed,
PMT_3233,BK_3233,US_2680,476.66999999999996,Net Banking,2025-07-07 19:04:49,completed,
PMT_3234,BK_3234,US_2850,445.76,Credit Card,2025-12-12 17:07:09,completed,
PMT_3235,BK_3235,US_1298,980.56,Debit Card,2024-02-02 23:12:45,completed,
PMT_3236,BK_3236,US_1007,0.0,Credit Card,2024-01-20 06:12:06,failed,
PMT_3237,BK_3237,US_2604,1134.48,Wallet,2025-12-15 20:34:40,completed,
PMT_3239,BK_3239,US_6246,0.0,UPI,2024-07-03 23:26:44,failed,
PMT_3240,BK_3240,US_5069,749.52,Wallet,2024-01-29 18:48:42,completed,
PMT_3241,BK_3241,US_8984,1398.64,UPI,2024-10-02 15:16:33,completed,
PMT_3244,BK_3244,US_7382,1114.1100000000001,Credit Card,2025-07-29 23:38:08,completed,
PMT_3245,BK_3245,US_7941,991.3199999999999,Net Banking,2025-05-09 22:32:15,completed,
PMT_3246,BK_3246,US_4535,0.0,Net Banking,2025-10-19 06:47:46,refunded,
PMT_3248,BK_3248,US_3439,1724.72,Credit Card,2024-06-07 06:45:27,completed,
PMT_3249,BK_3249,US_659,648.54,Debit Card,2024-11-07 14:46:56,completed,
PMT_3250,BK_3250,US_7424,583.72,Debit Card,2024-12-19 19:52:46,completed,
PMT_3251,BK_3251,US_4854,431.05,Net Banking,2024-10-01 15:11:48,completed,
PMT_3252,BK_3252,US_7167,385.88,Net Banking,2025-01-18 23:37:09,completed,
PMT_3253,BK_3253,US_4943,726.56,Credit Card,2025-01-01 09:57:57,completed,
PMT_3254,BK_3254,US_5450,0.0,Wallet,2024-07-04 12:40:18,failed,
PMT_3255,BK_3255,US_1105,0.0,Debit Card,2025-07-21 01:58:19,refunded,
PMT_3256,BK_3256,US_6089,0.0,Debit Card,2025-12-05 14:40:06,failed,
PMT_3257,BK_3257,US_6493,1644.92,Credit Card,2025-12-12 19:24:57,completed,
PMT_3259,BK_3259,US_5465,1727.52,Wallet,2025-11-18 05:36:10,completed,
PMT_3260,BK_3260,US_1827,1156.77,Wallet,2024-01-04 10:17:47,completed,
PMT_3261,BK_3261,US_1636,434.61,Net Banking,2025-11-07 22:50:12,completed,
PMT_3262,BK_3262,US_6412,555.3,Net Banking,2025-09-09 04:43:18,completed,
PMT_3263,BK_3263,US_682,426.48,Debit Card,2024-04-24 21:26:39,completed,
PMT_3265,BK_3265,US_1674,1355.12,Debit Card,2025-08-11 17:40:31,completed,
PMT_3267,BK_3267,US_301,1011.69,Wallet,2024-03-07 02:48:35,completed,
PMT_3268,BK_3268,US_4533,388.86,Debit Card,2025-01-05 08:45:21,completed,
PMT_3269,BK_3269,US_5093,423.54,Wallet,2025-07-03 23:18:35,completed,
PMT_3270,BK_3270,US_1045,1930.64,UPI,2025-11-18 00:22:11,completed,
PMT_3271,BK_3271,US_7995,1597.88,Debit Card,2025-02-01 01:48:45,completed,
PMT_3272,BK_3272,US_2501,660.36,Debit Card,2024-06-23 02:37:35,completed,
PMT_3273,BK_3273,US_106,0.0,Credit Card,2025-01-08 19:27:08,failed,
PMT_3274,BK_3274,US_7371,1468.02,Debit Card,2025-06-11 07:24:40,completed,
PMT_3275,BK_3275,US_5940,1104.99,Wallet,2025-11-03 16:30:40,completed,
PMT_3276,BK_3276,US_6529,454.52,UPI,2024-06-25 01:25:44,completed,
PMT_3277,BK_3277,US_2568,1031.6100000000001,Credit Card,2024-04-11 12:38:15,completed,
PMT_3280,BK_3280,US_2280,0.0,Credit Card,2025-05-14 10:14:34,refunded,
PMT_3281,BK_3281,US_6794,0.0,Net Banking,2025-05-29 20:25:29,failed,
PMT_3282,BK_3282,US_6483,838.18,Credit Card,2025-01-25 19:23:58,completed,
PMT_3283,BK_3283,US_3420,0.0,Net Banking,2024-07-22 09:32:36,refunded,
PMT_3284,BK_3284,US_7595,742.54,Credit Card,2025-02-21 05:38:06,completed,
PMT_3285,BK_3285,US_6390,1486.3799999999999,Debit Card,2025-07-17 05:20:23,completed,
PMT_3286,BK_3286,US_486,738.0,Credit Card,2025-11-03 21:31:29,completed,
PMT_3287,BK_3287,US_1792,390.56,Net Banking,2025-07-20 21:26:26,completed,
PMT_3288,BK_3288,US_8329,972.78,UPI,2025-01-12 07:22:38,completed,
PMT_3289,BK_3289,US_998,1481.96,Credit Card,2024-03-18 18:12:38,completed,
PMT_3290,BK_3290,US_9276,984.52,Debit Card,2025-05-24 22:43:10,completed,
PMT_3291,BK_3291,US_438,765.0,UPI,2024-08-16 20:06:23,completed,
PMT_3292,BK_3292,US_8186,0.0,Debit Card,2024-01-06 16:54:39,failed,
PMT_3293,BK_3293,US_9286,856.9,UPI,2024-03-19 21:14:32,completed,
PMT_3294,BK_3294,US_6642,1493.1,Net Banking,2025-04-01 02:05:59,completed,
PMT_3296,BK_3296,US_2887,0.0,Wallet,2025-04-08 23:15:11,refunded,
PMT_3297,BK_3297,US_5409,401.9,Net Banking,2025-10-13 01:16:47,completed,
PMT_3298,BK_3298,US_331,239.33,Credit Card,2025-07-11 17:35:20,completed,
PMT_3299,BK_3299,US_7468,493.49,Credit Card,2024-10-14 09:39:25,completed,
PMT_3300,BK_3300,US_7392,0.0,Net Banking,2025-12-25 08:45:25,failed,
PMT_3301,BK_3301,US_2691,1897.0,Debit Card,2025-12-16 10:12:06,completed,
PMT_3302,BK_3302,US_7882,784.88,Wallet,2024-01-07 07:14:39,completed,
PMT_3303,BK_3303,US_8710,459.81000000000006,Net Banking,2024-03-16 18:42:40,completed,
PMT_3304,BK_3304,US_6848,0.0,Wallet,2024-12-05 00:49:28,failed,
PMT_3306,BK_3306,US_2232,0.0,UPI,2025-03-04 21:31:58,failed,
PMT_3307,BK_3307,US_8216,362.91,Credit Card,2024-02-11 20:07:22,completed,
PMT_3308,BK_3308,US_7222,1333.52,UPI,2025-05-27 20:35:31,completed,
PMT_3309,BK_3309,US_5988,1835.4,Net Banking,2025-11-02 20:40:14,completed,
PMT_3311,BK_3311,US_1017,651.3,Net Banking,2024-04-13 20:06:31,completed,
PMT_3312,BK_3312,US_2393,365.04,Debit Card,2024-03-26 23:02:23,completed,
PMT_3313,BK_3313,US_5511,835.72,UPI,2024-12-16 15:51:55,completed,
PMT_3314,BK_3314,US_6567,1112.16,Debit Card,2024-09-20 08:39:34,completed,
PMT_3316,BK_3316,US_3262,0.0,Credit Card,2025-12-28 23:36:55,refunded,
PMT_3317,BK_3317,US_9363,1166.31,Credit Card,2024-07-28 05:31:31,completed,
PMT_3318,BK_3318,US_3577,1406.44,Credit Card,2024-04-15 06:47:55,completed,
PMT_3319,BK_3319,US_4245,1214.12,Net Banking,2024-07-26 20:58:50,completed,
PMT_3320,BK_3320,US_2904,1730.16,Credit Card,2025-06-06 22:46:31,completed,
PMT_3321,BK_3321,US_2983,1168.29,UPI,2024-09-02 11:42:09,completed,
PMT_3322,BK_3322,US_8915,1489.28,Credit Card,2024-08-22 20:10:37,completed,
PMT_3323,BK_3323,US_2490,0.0,UPI,2025-09-21 16:35:59,refunded,
PMT_3324,BK_3324,US_3158,696.33,Wallet,2024-10-17 22:25:42,completed,
PMT_3325,BK_3325,US_7363,0.0,Debit Card,2025-02-25 08:55:19,refunded,
PMT_3326,BK_3326,US_3682,1306.77,Wallet,2024-08-15 03:53:52,completed,
PMT_3327,BK_3327,US_9074,1537.52,UPI,2025-03-31 02:58:39,completed,
PMT_3328,BK_3328,US_3324,0.0,Net Banking,2025-06-24 09:42:55,failed,
PMT_3329,BK_3329,US_4345,1121.52,Debit Card,2025-04-10 16:09:18,completed,
PMT_3330,BK_3330,US_200,478.59,Net Banking,2024-07-07 02:39:29,completed,
PMT_3331,BK_3331,US_5782,577.08,Credit Card,2024-04-10 02:18:43,completed,
PMT_3332,BK_3332,US_8768,265.94,UPI,2025-05-04 03:41:13,completed,
PMT_3333,BK_3333,US_3031,217.15,Debit Card,2024-02-02 21:53:02,completed,
PMT_3334,BK_3334,US_3967,374.28,UPI,2024-07-09 15:31:40,completed,
PMT_3335,BK_3335,US_9957,953.1299999999999,Net Banking,2024-11-10 17:23:36,completed,
PMT_3336,BK_3336,US_8978,0.0,Wallet,2024-12-11 06:33:07,failed,
PMT_3337,BK_3337,US_5386,404.06,Wallet,2024-09-05 23:39:39,completed,
PMT_3338,BK_3338,US_9088,989.1600000000001,Wallet,2024-05-22 22:38:32,completed,
PMT_3339,BK_3339,US_3108,433.54,Debit Card,2024-12-28 20:14:56,completed,
PMT_3342,BK_3342,US_1593,931.56,Wallet,2025-11-07 14:00:33,completed,
PMT_3343,BK_3343,US_3998,1331.5500000000002,Debit Card,2024-01-08 10:46:11,completed,
PMT_3344,BK_3344,US_5829,660.14,Wallet,2024-12-17 06:05:52,completed,
PMT_3345,BK_3345,US_6133,987.92,Net Banking,2024-09-18 13:45:19,completed,
PMT_3346,BK_3346,US_7995,923.32,Debit Card,2024-09-09 23:56:12,completed,
PMT_3347,BK_3347,US_9076,0.0,Debit Card,2025-01-10 12:53:17,failed,
PMT_3348,BK_3348,US_3778,233.33,Credit Card,2025-07-18 05:02:14,completed,
PMT_3349,BK_3349,US_9600,853.2,Credit Card,2025-08-16 00:55:31,completed,
PMT_3351,BK_3351,US_6079,1608.08,Wallet,2024-05-18 00:11:07,completed,
PMT_3353,BK_3353,US_6607,0.0,Net Banking,2025-11-08 16:52:28,failed,
PMT_3355,BK_3355,US_4490,1359.81,UPI,2024-06-30 16:56:14,completed,
PMT_3356,BK_3356,US_1844,645.32,Debit Card,2025-09-11 14:49:38,completed,
PMT_3357,BK_3357,US_5007,639.32,Credit Card,2024-04-08 17:08:35,completed,
PMT_3358,BK_3358,US_7164,0.0,Credit Card,2024-08-15 14:23:32,refunded,
PMT_3359,BK_3359,US_5160,472.14,Wallet,2025-01-31 17:52:46,completed,
PMT_3360,BK_3360,US_4372,384.14,Wallet,2024-08-30 15:48:09,completed,
PMT_3361,BK_3361,US_1062,324.92,Net Banking,2025-11-19 06:01:11,completed,
PMT_3362,BK_3362,US_633,1781.88,Net Banking,2025-06-03 02:45:51,completed,
PMT_3363,BK_3363,US_5372,152.22,UPI,2025-03-15 20:29:41,completed,
PMT_3364,BK_3364,US_8962,0.0,UPI,2024-10-20 08:14:29,failed,
PMT_3365,BK_3365,US_4890,201.23,UPI,2025-10-26 05:16:31,completed,
PMT_3366,BK_3366,US_5995,0.0,Wallet,2025-08-30 20:41:09,failed,
PMT_3367,BK_3367,US_8024,460.98,UPI,2025-02-21 17:20:55,completed,
PMT_3370,BK_3370,US_1217,238.57,Net Banking,2025-05-14 15:14:37,completed,
PMT_3371,BK_3371,US_7259,1469.16,Net Banking,2024-08-29 23:54:45,completed,
PMT_3372,BK_3372,US_792,320.01,Wallet,2024-02-08 04:00:06,completed,
PMT_3373,BK_3373,US_2644,1206.84,UPI,2024-11-07 22:03:03,completed,
PMT_3374,BK_3374,US_294,313.02,Debit Card,2025-10-30 08:03:21,completed,
PMT_3375,BK_3375,US_2390,705.03,Debit Card,2025-07-01 08:54:21,completed,
PMT_3377,BK_3377,US_2404,1956.24,Debit Card,2024-08-22 13:33:21,completed,
PMT_3378,BK_3378,US_4535,1617.96,Credit Card,2025-01-21 12:14:19,completed,
PMT_3380,BK_3380,US_3459,385.1,UPI,2024-05-01 01:54:41,completed,
PMT_3381,BK_3381,US_3763,1001.94,UPI,2025-02-25 14:57:55,completed,
PMT_3382,BK_3382,US_1588,1476.64,Credit Card,2024-10-14 09:24:55,completed,
PMT_3384,BK_3384,US_316,1322.0,Debit Card,2025-03-18 13:38:53,completed,
PMT_3385,BK_3385,US_4037,388.84,Debit Card,2025-05-26 13:08:15,completed,
PMT_3386,BK_3386,US_2864,245.39,Wallet,2024-01-16 22:07:30,completed,
PMT_3387,BK_3387,US_1571,1304.6999999999998,Debit Card,2024-11-19 00:01:30,completed,
PMT_3388,BK_3388,US_242,416.44,UPI,2024-06-26 07:27:02,completed,
PMT_3389,BK_3389,US_1409,1004.88,Net Banking,2024-09-20 12:07:34,completed,
PMT_3390,BK_3390,US_1887,296.91,Net Banking,2024-02-20 17:30:04,completed,
PMT_3391,BK_3391,US_9758,1075.77,UPI,2024-05-08 06:41:26,completed,
PMT_3392,BK_3392,US_96,200.83,UPI,2024-11-11 10:22:51,completed,
PMT_3393,BK_3393,US_9849,0.0,UPI,2025-04-14 10:40:00,refunded,
PMT_3394,BK_3394,US_5553,0.0,Credit Card,2024-08-18 20:18:12,failed,
PMT_3395,BK_3395,US_6041,696.48,Wallet,2025-04-04 19:31:31,completed,
PMT_3396,BK_3396,US_8594,316.92,Net Banking,2025-12-10 08:17:06,completed,
PMT_3397,BK_3397,US_8305,1125.78,UPI,2024-11-22 16:51:00,completed,
PMT_3399,BK_3399,US_6319,1398.12,Credit Card,2024-05-06 08:42:48,completed,
PMT_3400,BK_3400,US_8160,1725.68,Credit Card,2024-11-01 02:08:44,completed,
PMT_3402,BK_3402,US_8058,1107.0,Net Banking,2024-12-29 16:27:44,completed,
PMT_3403,BK_3403,US_681,177.66,Wallet,2024-11-28 03:11:08,completed,
PMT_3405,BK_3405,US_1589,0.0,Credit Card,2024-07-05 22:13:02,failed,
PMT_3406,BK_3406,US_5990,1442.52,UPI,2025-03-01 01:32:49,completed,
PMT_3408,BK_3408,US_6331,0.0,UPI,2024-11-28 05:59:53,refunded,
PMT_3409,BK_3409,US_6840,1369.0500000000002,Net Banking,2025-10-18 18:20:42,completed,
PMT_3410,BK_3410,US_905,909.9300000000001,Wallet,2025-06-07 22:59:26,completed,
PMT_3411,BK_3411,US_9584,1925.88,UPI,2025-04-07 19:18:59,completed,
PMT_3412,BK_3412,US_3531,497.72,Credit Card,2024-01-14 20:56:12,completed,
PMT_3413,BK_3413,US_1546,702.86,Debit Card,2025-08-26 12:06:03,completed,
PMT_3414,BK_3414,US_3912,786.6,Debit Card,2025-08-17 08:44:01,completed,
PMT_3416,BK_3416,US_4301,0.0,Wallet,2025-05-20 12:59:49,refunded,
PMT_3417,BK_3417,US_3923,0.0,Credit Card,2025-08-26 15:20:34,failed,
PMT_3418,BK_3418,US_6476,514.3,Debit Card,2024-05-19 19:05:12,completed,
PMT_3419,BK_3419,US_9380,422.22,Credit Card,2024-07-19 06:00:15,completed,
PMT_3420,BK_3420,US_5328,0.0,Credit Card,2025-10-22 17:02:28,refunded,
PMT_3421,BK_3421,US_450,560.55,UPI,2025-12-28 11:30:20,completed,
PMT_3422,BK_3422,US_1859,366.04,Debit Card,2024-01-29 13:07:22,completed,
PMT_3424,BK_3424,US_9345,1790.88,Net Banking,2024-12-24 14:30:30,completed,
PMT_3427,BK_3427,US_7711,418.52,Credit Card,2024-05-26 23:57:08,completed,
PMT_3428,BK_3428,US_7773,458.46,Credit Card,2024-08-07 14:06:17,completed,
PMT_3429,BK_3429,US_835,814.6500000000001,Wallet,2025-10-07 15:57:22,completed,
PMT_3431,BK_3431,US_6195,1138.52,Net Banking,2024-06-09 05:09:52,completed,
PMT_3432,BK_3432,US_3871,784.7,Credit Card,2024-01-05 10:41:41,completed,
PMT_3435,BK_3435,US_2720,446.78,Debit Card,2025-10-20 20:18:29,completed,
PMT_3436,BK_3436,US_9079,505.78,Credit Card,2025-04-20 11:57:43,completed,
PMT_3437,BK_3437,US_3494,991.12,Wallet,2024-04-27 04:29:54,completed,
PMT_3439,BK_3439,US_2546,0.0,Net Banking,2025-01-02 13:37:32,failed,
PMT_3440,BK_3440,US_1468,0.0,Wallet,2025-09-20 00:51:55,refunded,
PMT_3441,BK_3441,US_1203,984.22,Debit Card,2025-07-19 19:45:45,completed,
PMT_3442,BK_3442,US_7551,1867.04,Credit Card,2025-05-11 04:12:20,completed,
PMT_3443,BK_3443,US_3166,970.12,Wallet,2024-01-25 22:54:22,completed,
PMT_3445,BK_3445,US_4723,1952.08,UPI,2025-06-14 02:42:17,completed,
PMT_3446,BK_3446,US_4695,270.82,UPI,2024-12-15 18:50:50,completed,
PMT_3447,BK_3447,US_1092,833.4,Credit Card,2024-12-09 17:27:20,completed,
PMT_3448,BK_3448,US_5204,0.0,Debit Card,2025-12-25 15:24:50,failed,
PMT_3449,BK_3449,US_7905,427.1,UPI,2024-12-04 16:24:26,completed,
PMT_3450,BK_3450,US_3094,333.57,Wallet,2024-01-22 04:11:17,completed,
PMT_3451,BK_3451,US_1473,452.61,Net Banking,2024-12-25 12:02:10,completed,
PMT_3452,BK_3452,US_578,874.8,Net Banking,2025-09-25 19:23:27,completed,
PMT_3453,BK_3453,US_5738,1025.48,UPI,2024-08-20 16:08:36,completed,
PMT_3454,BK_3454,US_659,676.52,Wallet,2024-08-09 06:37:09,completed,
PMT_3455,BK_3455,US_285,386.92,Wallet,2025-07-14 07:35:41,completed,
PMT_3457,BK_3457,US_711,402.72,Credit Card,2024-11-07 04:18:32,completed,
PMT_3458,BK_3458,US_2489,1676.36,Debit Card,2025-08-06 17:22:42,completed,
PMT_3459,BK_3459,US_8952,1450.84,Wallet,2024-07-01 08:19:11,completed,
PMT_3460,BK_3460,US_4405,0.0,UPI,2025-11-21 03:50:22,failed,
PMT_3462,BK_3462,US_859,0.0,Debit Card,2025-10-11 08:03:15,refunded,
PMT_3463,BK_3463,US_6137,543.64,Credit Card,2024-07-01 11:43:09,completed,
PMT_3464,BK_3464,US_3394,0.0,UPI,2024-07-25 12:57:47,failed,
PMT_3465,BK_3465,US_6248,1225.28,Debit Card,2024-07-01 02:26:17,completed,
PMT_3466,BK_3466,US_6324,1206.06,Wallet,2025-03-12 03:38:46,completed,
PMT_3467,BK_3467,US_7913,292.41,Wallet,2025-12-29 03:17:55,completed,
PMT_3468,BK_3468,US_1563,801.24,Net Banking,2025-06-25 13:09:31,completed,
PMT_3469,BK_3469,US_9414,401.86,Net Banking,2025-03-15 05:46:14,completed,
PMT_3470,BK_3470,US_4995,970.16,UPI,2025-01-26 09:45:51,completed,
PMT_3472,BK_3472,US_6205,499.38,UPI,2024-10-08 18:40:43,completed,
PMT_3473,BK_3473,US_6115,1885.0,Wallet,2025-09-28 19:14:18,completed,
PMT_3474,BK_3474,US_9240,1622.88,Credit Card,2025-11-17 17:35:52,completed,
PMT_3475,BK_3475,US_5046,0.0,Debit Card,2024-04-27 18:39:42,refunded,
PMT_3476,BK_3476,US_3295,0.0,UPI,2025-05-30 11:42:05,failed,
PMT_3477,BK_3477,US_4820,659.28,UPI,2024-04-27 15:47:16,completed,
PMT_3478,BK_3478,US_1600,426.99,Wallet,2025-04-24 13:28:27,completed,
PMT_3479,BK_3479,US_1395,950.8199999999999,Credit Card,2025-08-13 08:31:48,completed,
PMT_3480,BK_3480,US_9956,748.2,Debit Card,2024-05-18 13:49:18,completed,
PMT_3481,BK_3481,US_9751,390.23,Credit Card,2024-04-25 00:38:18,completed,
PMT_3483,BK_3483,US_973,792.84,Wallet,2025-02-01 14:52:56,completed,
PMT_3484,BK_3484,US_1925,362.64,UPI,2024-01-18 19:58:31,completed,
PMT_3486,BK_3486,US_9289,0.0,Net Banking,2025-03-06 07:34:04,failed,
PMT_3487,BK_3487,US_8087,438.29,Net Banking,2024-09-07 21:58:03,completed,
PMT_3488,BK_3488,US_3641,1676.48,Net Banking,2024-12-04 03:21:21,completed,
PMT_3489,BK_3489,US_6189,676.04,Wallet,2025-02-27 22:25:53,completed,
PMT_3490,BK_3490,US_5986,487.07,Wallet,2024-10-22 21:36:05,completed,
PMT_3491,BK_3491,US_1427,348.56,Debit Card,2025-01-05 19:04:45,completed,
PMT_3492,BK_3492,US_6214,1386.4499999999998,UPI,2024-05-14 07:39:38,completed,
PMT_3493,BK_3493,US_4005,736.36,UPI,2025-12-03 15:26:12,completed,
PMT_3494,BK_3494,US_7228,856.52,Net Banking,2024-03-06 02:36:40,completed,
PMT_3495,BK_3495,US_4899,0.0,Credit Card,2025-05-20 03:50:48,failed,
PMT_3496,BK_3496,US_5857,479.11,Debit Card,2025-01-23 03:17:25,completed,
PMT_3497,BK_3497,US_6736,456.35,Wallet,2025-01-11 22:23:38,completed,
PMT_3500,BK_3500,US_6757,323.65,Net Banking,2025-10-24 07:52:57,completed,
PMT_3501,BK_3501,US_8601,1500.52,UPI,2025-10-20 07:03:54,completed,
PMT_3502,BK_3502,US_1043,0.0,UPI,2025-03-04 14:36:31,failed,
PMT_3503,BK_3503,US_2970,241.81,Wallet,2025-03-15 00:17:09,completed,
PMT_3504,BK_3504,US_1379,0.0,Credit Card,2025-04-09 13:18:10,refunded,
PMT_3505,BK_3505,US_4080,922.98,Net Banking,2024-12-05 02:24:41,completed,
PMT_3506,BK_3506,US_5861,0.0,Wallet,2024-07-02 13:30:16,failed,
PMT_3507,BK_3507,US_3084,1481.44,Credit Card,2025-09-02 08:51:39,completed,
PMT_3510,BK_3510,US_9501,191.96,UPI,2024-05-07 10:26:09,completed,
PMT_3511,BK_3511,US_8973,637.6,Wallet,2025-06-14 00:57:40,completed,
PMT_3512,BK_3512,US_5918,0.0,Net Banking,2025-12-13 18:04:38,refunded,
PMT_3513,BK_3513,US_2662,712.72,Debit Card,2024-01-30 19:12:37,completed,
PMT_3514,BK_3514,US_7886,419.38,Wallet,2024-07-29 08:48:17,completed,
PMT_3515,BK_3515,US_8536,588.27,UPI,2024-01-26 19:42:38,completed,
PMT_3516,BK_3516,US_7037,191.13,UPI,2024-07-03 13:30:30,completed,
PMT_3517,BK_3517,US_7738,0.0,Credit Card,2024-10-30 06:05:19,refunded,
PMT_3518,BK_3518,US_6940,873.27,Net Banking,2024-11-17 10:18:34,completed,
PMT_3519,BK_3519,US_6729,504.84,UPI,2025-03-02 23:57:04,completed,
PMT_3520,BK_3520,US_2567,543.87,Wallet,2024-10-27 01:11:20,completed,
PMT_3521,BK_3521,US_1256,399.62,Credit Card,2025-03-07 15:22:01,completed,
PMT_3522,BK_3522,US_4860,845.4,Credit Card,2025-12-15 23:58:10,completed,
PMT_3523,BK_3523,US_1602,0.0,Credit Card,2025-04-25 01:03:34,failed,
PMT_3524,BK_3524,US_2892,1895.6,Debit Card,2025-03-31 01:46:33,completed,
PMT_3526,BK_3526,US_7920,0.0,UPI,2024-03-15 08:09:34,failed,
PMT_3528,BK_3528,US_3562,973.68,Credit Card,2025-02-12 20:58:11,completed,
PMT_3529,BK_3529,US_1403,1470.57,Wallet,2025-07-24 05:48:56,completed,
PMT_3530,BK_3530,US_5960,990.92,Credit Card,2024-06-17 16:38:27,completed,
PMT_3531,BK_3531,US_325,1587.0,Net Banking,2025-01-25 21:44:44,completed,
PMT_3532,BK_3532,US_2033,436.06,Debit Card,2025-08-16 02:31:20,completed,
PMT_3533,BK_3533,US_6049,935.58,Net Banking,2025-07-07 08:54:59,completed,
PMT_3534,BK_3534,US_8726,1367.67,Net Banking,2025-03-15 01:41:27,completed,
PMT_3535,BK_3535,US_1698,1048.5,Credit Card,2025-06-08 22:42:55,completed,
PMT_3537,BK_3537,US_1593,322.16,UPI,2024-12-14 22:59:18,completed,
PMT_3538,BK_3538,US_1956,943.98,UPI,2024-03-22 04:54:43,completed,
PMT_3539,BK_3539,US_2210,919.0500000000001,Wallet,2025-02-20 10:47:13,completed,
PMT_3540,BK_3540,US_430,381.34,Credit Card,2024-02-10 05:18:12,completed,
PMT_3541,BK_3541,US_6274,772.16,Debit Card,2025-12-28 06:48:42,completed,
PMT_3545,BK_3545,US_624,191.68,Debit Card,2025-05-28 15:35:42,completed,
PMT_3546,BK_3546,US_1711,0.0,Credit Card,2025-08-03 07:54:40,failed,
PMT_3547,BK_3547,US_7036,440.95,Debit Card,2024-08-02 14:44:24,completed,
PMT_3548,BK_3548,US_7868,892.76,Wallet,2025-12-28 06:15:00,completed,
PMT_3549,BK_3549,US_2397,780.9000000000001,Net Banking,2025-11-09 00:33:40,completed,
PMT_3550,BK_3550,US_2309,1318.1399999999999,Net Banking,2024-04-13 04:36:06,completed,
PMT_3551,BK_3551,US_419,505.36,Net Banking,2025-07-14 02:08:21,completed,
PMT_3553,BK_3553,US_7596,654.64,UPI,2024-02-09 01:31:36,completed,
PMT_3554,BK_3554,US_9976,1827.12,Wallet,2024-07-31 17:38:26,completed,
PMT_3555,BK_3555,US_5715,577.82,Credit Card,2024-12-21 07:40:29,completed,
PMT_3556,BK_3556,US_4325,699.36,Net Banking,2024-02-02 22:18:01,completed,
PMT_3558,BK_3558,US_6560,0.0,Wallet,2025-10-25 21:14:51,failed,
PMT_3559,BK_3559,US_4758,368.93,UPI,2024-12-11 17:59:57,completed,
PMT_3561,BK_3561,US_2843,824.1,Credit Card,2025-01-31 21:40:21,completed,
PMT_3562,BK_3562,US_3364,860.76,Debit Card,2025-05-10 06:35:48,completed,
PMT_3564,BK_3564,US_6746,351.38,Wallet,2024-06-17 20:56:06,completed,
PMT_3565,BK_3565,US_6133,0.0,Wallet,2025-06-02 17:45:23,refunded,
PMT_3566,BK_3566,US_7546,494.3,Net Banking,2025-05-21 19:47:28,completed,
PMT_3568,BK_3568,US_2137,712.5,Net Banking,2024-09-16 22:51:16,completed,
PMT_3569,BK_3569,US_6553,963.03,Net Banking,2024-12-17 18:28:39,completed,
PMT_3570,BK_3570,US_7259,1873.2,Debit Card,2024-04-16 05:06:18,completed,
PMT_3571,BK_3571,US_8907,0.0,Wallet,2024-09-20 09:11:05,failed,
PMT_3572,BK_3572,US_8522,657.66,Net Banking,2024-03-11 20:38:21,completed,
PMT_3573,BK_3573,US_874,421.67,Debit Card,2024-08-29 14:32:30,completed,
PMT_3576,BK_3576,US_2208,586.77,Net Banking,2024-03-26 20:22:16,completed,
PMT_3579,BK_3579,US_8803,617.16,Credit Card,2024-07-28 16:52:36,completed,
PMT_3580,BK_3580,US_151,1305.42,Wallet,2025-05-21 12:39:36,completed,
PMT_3581,BK_3581,US_1914,824.1,UPI,2024-07-14 09:35:33,completed,
PMT_3582,BK_3582,US_8305,701.28,UPI,2024-02-09 01:55:02,completed,
PMT_3583,BK_3583,US_1776,0.0,UPI,2024-10-18 22:03:24,refunded,
PMT_3584,BK_3584,US_2910,1237.24,Debit Card,2025-11-11 09:23:18,completed,
PMT_3585,BK_3585,US_2812,873.27,Credit Card,2024-03-27 03:51:00,completed,
PMT_3586,BK_3586,US_5661,460.98,Credit Card,2024-03-03 14:54:24,completed,
PMT_3587,BK_3587,US_2982,1873.88,Wallet,2024-03-01 11:08:08,completed,
PMT_3589,BK_3589,US_3120,405.12,Wallet,2024-03-19 04:02:09,completed,
PMT_3590,BK_3590,US_5975,1100.92,Net Banking,2024-08-24 06:12:21,completed,
PMT_3592,BK_3592,US_8689,843.08,Credit Card,2024-11-07 03:03:57,completed,
PMT_3593,BK_3593,US_4636,0.0,Debit Card,2025-06-12 12:52:52,refunded,
PMT_3594,BK_3594,US_3660,967.12,Debit Card,2025-03-26 12:15:11,completed,
PMT_3595,BK_3595,US_5691,331.9,Wallet,2025-07-18 19:47:52,completed,
PMT_3596,BK_3596,US_4442,579.28,UPI,2024-11-19 22:38:10,completed,
PMT_3597,BK_3597,US_5490,675.32,Wallet,2024-06-11 23:11:01,completed,
PMT_3598,BK_3598,US_8916,278.36,Credit Card,2024-04-20 23:01:14,completed,
PMT_3599,BK_3599,US_267,419.95,Credit Card,2025-07-07 11:47:24,completed,
PMT_3602,BK_3602,US_2579,179.38,Net Banking,2025-11-11 03:00:27,completed,
PMT_3604,BK_3604,US_4063,158.82,UPI,2025-01-06 15:21:19,completed,
PMT_3605,BK_3605,US_9174,1464.24,Credit Card,2025-09-25 14:20:00,completed,
PMT_3606,BK_3606,US_8454,1322.56,Net Banking,2025-12-08 07:14:59,completed,
PMT_3608,BK_3608,US_9912,1486.59,UPI,2024-02-10 08:24:18,completed,
PMT_3609,BK_3609,US_8763,756.48,UPI,2025-05-25 05:53:44,completed,
PMT_3610,BK_3610,US_6221,1216.6200000000001,Credit Card,2024-03-02 23:28:27,completed,
PMT_3611,BK_3611,US_1642,416.94,Net Banking,2025-08-26 05:17:48,completed,
PMT_3612,BK_3612,US_4048,0.0,Net Banking,2024-02-07 00:35:54,refunded,
PMT_3613,BK_3613,US_5000,659.76,Net Banking,2025-05-10 15:01:38,completed,
PMT_3616,BK_3616,US_9655,152.15,Debit Card,2025-03-08 02:06:33,completed,
PMT_3617,BK_3617,US_7914,0.0,Debit Card,2025-11-27 16:15:51,failed,
PMT_3618,BK_3618,US_9881,335.88,Debit Card,2025-06-26 01:47:28,completed,
PMT_3619,BK_3619,US_6251,319.42,Net Banking,2025-05-06 21:48:06,completed,
PMT_3620,BK_3620,US_2140,1255.0500000000002,Credit Card,2024-08-30 11:41:37,completed,
PMT_3621,BK_3621,US_321,862.02,Credit Card,2025-06-26 13:47:33,completed,
PMT_3622,BK_3622,US_3825,0.0,Net Banking,2025-06-16 09:05:46,failed,
PMT_3623,BK_3623,US_6637,653.16,Debit Card,2025-01-23 09:11:34,completed,
PMT_3624,BK_3624,US_354,861.24,Debit Card,2024-12-05 03:39:33,completed,
PMT_3625,BK_3625,US_9287,0.0,Net Banking,2024-04-15 15:51:38,refunded,
PMT_3627,BK_3627,US_5577,1172.64,Debit Card,2025-03-16 01:54:04,completed,
PMT_3629,BK_3629,US_6153,338.76,Credit Card,2024-12-11 06:38:49,completed,
PMT_3630,BK_3630,US_8929,1432.44,Net Banking,2025-05-22 13:23:57,completed,
PMT_3631,BK_3631,US_1048,947.88,Net Banking,2025-06-01 21:12:28,completed,
PMT_3632,BK_3632,US_9452,944.24,Net Banking,2025-10-03 09:31:55,completed,
PMT_3633,BK_3633,US_6405,486.98,Debit Card,2025-03-04 05:43:55,completed,
PMT_3635,BK_3635,US_6296,963.92,UPI,2024-09-09 11:39:06,completed,
PMT_3637,BK_3637,US_9620,437.38,UPI,2025-11-10 12:19:01,completed,
PMT_3638,BK_3638,US_4874,1435.68,Wallet,2025-09-02 22:41:18,completed,
PMT_3639,BK_3639,US_6680,1196.94,UPI,2025-07-25 21:16:24,completed,
PMT_3640,BK_3640,US_6749,520.58,UPI,2025-01-15 05:15:01,completed,
PMT_3641,BK_3641,US_7482,783.81,Net Banking,2024-12-14 14:26:24,completed,
PMT_3642,BK_3642,US_5536,388.76,UPI,2024-03-27 02:17:11,completed,
PMT_3643,BK_3643,US_9959,764.64,Net Banking,2025-11-02 05:08:58,completed,
PMT_3644,BK_3644,US_4732,1725.76,UPI,2025-12-09 17:27:15,completed,
PMT_3645,BK_3645,US_5669,1274.32,Debit Card,2025-05-18 21:50:21,completed,
PMT_3646,BK_3646,US_8304,300.5,Debit Card,2024-01-04 12:20:21,completed,
PMT_3647,BK_3647,US_59,0.0,Debit Card,2025-04-30 07:13:50,failed,
PMT_3648,BK_3648,US_5016,414.41,Debit Card,2025-04-22 00:52:34,completed,
PMT_3649,BK_3649,US_9976,454.46,Net Banking,2025-05-26 11:00:24,completed,
PMT_3650,BK_3650,US_8774,762.76,Net Banking,2024-07-24 11:33:04,completed,
PMT_3651,BK_3651,US_340,1826.52,Credit Card,2025-12-10 04:37:09,completed,
PMT_3652,BK_3652,US_8881,347.08,Credit Card,2024-08-12 08:10:30,completed,
PMT_3653,BK_3653,US_8099,878.48,UPI,2024-04-11 06:13:10,completed,
PMT_3655,BK_3655,US_8028,445.26,Net Banking,2025-07-28 08:33:58,completed,
PMT_3656,BK_3656,US_437,0.0,Net Banking,2024-01-07 00:23:32,failed,
PMT_3657,BK_3657,US_4214,773.96,Credit Card,2025-10-19 16:03:38,completed,
PMT_3659,BK_3659,US_1211,203.96,Debit Card,2024-12-13 12:33:47,completed,
PMT_3660,BK_3660,US_1689,693.72,UPI,2025-03-22 08:42:57,completed,
PMT_3661,BK_3661,US_9943,801.58,Credit Card,2025-02-15 03:40:09,completed,
PMT_3662,BK_3662,US_6195,758.6,UPI,2024-09-05 05:32:36,completed,
PMT_3663,BK_3663,US_3069,476.56,Wallet,2024-05-23 21:00:39,completed,
PMT_3664,BK_3664,US_1549,849.48,UPI,2025-04-15 02:28:23,completed,
PMT_3665,BK_3665,US_8900,0.0,Credit Card,2024-08-23 04:56:09,failed,
PMT_3666,BK_3666,US_757,944.0699999999999,Debit Card,2025-09-27 13:05:52,completed,
PMT_3667,BK_3667,US_2681,864.72,Credit Card,2025-08-23 18:44:03,completed,
PMT_3668,BK_3668,US_43,293.97,UPI,2025-11-30 02:34:34,completed,
PMT_3669,BK_3669,US_4222,1792.28,Wallet,2025-09-06 19:35:27,completed,
PMT_3670,BK_3670,US_5457,884.32,Net Banking,2024-07-17 21:35:57,completed,
PMT_3671,BK_3671,US_7639,917.4,UPI,2024-04-29 03:23:22,completed,
PMT_3672,BK_3672,US_6053,0.0,UPI,2025-08-23 09:09:50,failed,
PMT_3673,BK_3673,US_4553,855.68,Debit Card,2025-08-27 03:05:57,completed,
PMT_3674,BK_3674,US_5596,174.4,Net Banking,2025-03-25 02:06:12,completed,
PMT_3675,BK_3675,US_4532,1363.32,Credit Card,2025-03-21 12:45:40,completed,
PMT_3676,BK_3676,US_3442,350.43,Net Banking,2024-11-15 07:54:24,completed,
PMT_3679,BK_3679,US_4326,1322.08,Credit Card,2024-01-21 04:31:42,completed,
PMT_3682,BK_3682,US_8522,475.56,Debit Card,2024-09-07 10:52:40,completed,
PMT_3683,BK_3683,US_5622,1338.54,Credit Card,2025-02-20 19:07:00,completed,
PMT_3684,BK_3684,US_8806,263.54,Credit Card,2024-03-29 08:18:10,completed,
PMT_3686,BK_3686,US_9721,307.72,Wallet,2024-06-09 10:52:34,completed,
PMT_3687,BK_3687,US_9526,0.0,UPI,2024-12-20 02:21:19,refunded,
PMT_3688,BK_3688,US_4112,1741.32,Net Banking,2024-01-14 02:14:24,completed,
PMT_3690,BK_3690,US_7779,1143.28,Credit Card,2024-06-27 13:38:32,completed,
PMT_3691,BK_3691,US_6373,342.66,UPI,2024-03-30 06:31:39,completed,
PMT_3692,BK_3692,US_8084,1338.16,Credit Card,2024-02-19 17:58:52,completed,
PMT_3693,BK_3693,US_6703,1122.3000000000002,Credit Card,2024-04-20 08:31:48,completed,
PMT_3694,BK_3694,US_4039,371.38,Net Banking,2025-02-25 05:24:50,completed,
PMT_3695,BK_3695,US_985,1375.48,UPI,2024-11-04 02:29:37,completed,
PMT_3698,BK_3698,US_7154,0.0,Wallet,2025-10-08 08:48:11,failed,
PMT_3699,BK_3699,US_176,172.58,Wallet,2024-11-23 19:17:30,completed,
PMT_3700,BK_3700,US_16,0.0,Debit Card,2024-02-03 12:17:43,failed,
PMT_3701,BK_3701,US_3909,538.88,Wallet,2024-07-17 13:48:24,completed,
PMT_3702,BK_3702,US_9531,1204.68,Debit Card,2025-06-03 13:21:39,completed,
PMT_3703,BK_3703,US_6200,0.0,Credit Card,2024-03-05 16:45:23,failed,
PMT_3704,BK_3704,US_5599,467.8,Net Banking,2025-10-21 21:07:59,completed,
PMT_3705,BK_3705,US_4844,1008.9300000000001,UPI,2024-08-08 00:23:31,completed,
PMT_3706,BK_3706,US_9123,848.8799999999999,UPI,2024-06-29 09:18:52,completed,
PMT_3707,BK_3707,US_3916,284.41,UPI,2025-09-13 06:30:47,completed,
PMT_3708,BK_3708,US_8324,384.56,Wallet,2025-03-10 07:34:56,completed,
PMT_3710,BK_3710,US_3523,0.0,UPI,2025-07-27 01:31:31,failed,
PMT_3711,BK_3711,US_24,1161.3600000000001,UPI,2025-01-21 16:27:49,completed,
PMT_3713,BK_3713,US_5943,339.98,UPI,2024-04-11 23:17:26,completed,
PMT_3714,BK_3714,US_7840,444.11,Debit Card,2025-04-06 05:22:48,completed,
PMT_3715,BK_3715,US_5761,1347.8,Wallet,2024-08-15 13:25:15,completed,
PMT_3716,BK_3716,US_3817,556.46,Credit Card,2025-06-18 15:00:37,completed,
PMT_3717,BK_3717,US_4674,0.0,UPI,2024-02-19 11:00:04,failed,
PMT_3719,BK_3719,US_9477,518.0999999999999,UPI,2024-10-24 05:06:41,completed,
PMT_3720,BK_3720,US_9536,318.72,Credit Card,2025-02-15 08:53:10,completed,
PMT_3721,BK_3721,US_5262,1827.68,Credit Card,2024-11-16 02:04:53,completed,
PMT_3722,BK_3722,US_4137,463.5,Net Banking,2024-07-11 13:52:35,completed,
PMT_3725,BK_3725,US_1360,365.04,Debit Card,2025-04-14 02:47:04,completed,
PMT_3726,BK_3726,US_1123,0.0,UPI,2025-09-26 05:19:30,failed,
PMT_3727,BK_3727,US_4928,427.6,UPI,2025-06-16 06:08:43,completed,
PMT_3728,BK_3728,US_6298,0.0,Credit Card,2025-03-21 21:24:00,refunded,
PMT_3729,BK_3729,US_3741,910.84,Net Banking,2025-04-26 18:39:16,completed,
PMT_3730,BK_3730,US_585,1475.72,Debit Card,2025-02-25 17:15:05,completed,
PMT_3731,BK_3731,US_3562,0.0,UPI,2024-03-06 11:53:59,failed,
PMT_3732,BK_3732,US_869,671.1,Debit Card,2025-01-04 16:06:20,completed,
PMT_3734,BK_3734,US_2471,395.88,UPI,2025-11-06 14:00:09,completed,
PMT_3735,BK_3735,US_2221,466.73,Debit Card,2024-01-06 14:39:42,completed,
PMT_3736,BK_3736,US_6745,218.11,Net Banking,2024-07-15 09:47:20,completed,
PMT_3737,BK_3737,US_926,724.88,Net Banking,2025-12-13 16:32:58,completed,
PMT_3738,BK_3738,US_9236,0.0,Wallet,2024-05-25 11:37:12,refunded,
PMT_3739,BK_3739,US_565,783.26,UPI,2025-09-25 12:13:49,completed,
PMT_3740,BK_3740,US_4703,364.92,Credit Card,2024-12-10 04:03:24,completed,
PMT_3742,BK_3742,US_4925,1418.68,Credit Card,2024-11-24 05:11:05,completed,
PMT_3743,BK_3743,US_468,1638.84,Wallet,2024-06-28 11:33:07,completed,
PMT_3744,BK_3744,US_8366,407.75,Credit Card,2025-05-13 12:29:13,completed,
PMT_3745,BK_3745,US_1184,505.2,UPI,2024-02-29 07:46:22,completed,
PMT_3746,BK_3746,US_2884,526.58,Debit Card,2025-07-14 23:39:46,completed,
PMT_3748,BK_3748,US_3880,1676.56,Debit Card,2025-05-03 01:57:50,completed,
PMT_3749,BK_3749,US_9477,345.96,Credit Card,2025-08-29 21:48:57,completed,
PMT_3750,BK_3750,US_6932,682.23,Credit Card,2024-09-28 12:29:36,completed,
PMT_3751,BK_3751,US_767,1994.2,UPI,2024-07-22 14:41:53,completed,
PMT_3752,BK_3752,US_4236,1104.08,Credit Card,2025-08-15 04:34:06,completed,
PMT_3753,BK_3753,US_1756,506.24,Credit Card,2024-07-13 00:46:13,completed,
PMT_3754,BK_3754,US_9255,1321.8000000000002,Wallet,2025-09-16 08:42:36,completed,
PMT_3756,BK_3756,US_4665,1387.92,Wallet,2024-09-08 21:33:53,completed,
PMT_3758,BK_3758,US_9022,202.28,UPI,2025-08-06 23:44:03,completed,
PMT_3759,BK_3759,US_2041,1153.56,Credit Card,2024-12-17 05:37:50,completed,
PMT_3760,BK_3760,US_854,379.29,Net Banking,2024-03-02 02:48:10,completed,
PMT_3761,BK_3761,US_9706,1287.03,Wallet,2024-07-08 20:30:25,completed,
PMT_3762,BK_3762,US_282,840.36,UPI,2025-10-12 02:43:33,completed,
PMT_3763,BK_3763,US_4824,0.0,Credit Card,2025-06-04 18:41:55,refunded,
PMT_3765,BK_3765,US_5705,227.01,Debit Card,2025-06-20 06:07:18,completed,
PMT_3766,BK_3766,US_488,910.64,Wallet,2025-12-11 03:00:28,completed,
PMT_3767,BK_3767,US_3156,0.0,Wallet,2025-11-24 07:14:52,failed,
PMT_3768,BK_3768,US_8451,1419.99,Wallet,2025-07-21 18:28:13,completed,
PMT_3769,BK_3769,US_3564,451.66,Credit Card,2025-04-24 20:55:57,completed,
PMT_3770,BK_3770,US_5262,178.6,Wallet,2025-12-20 08:13:38,completed,
PMT_3771,BK_3771,US_8361,1970.0,UPI,2025-12-10 19:33:08,completed,
PMT_3773,BK_3773,US_5361,1811.96,UPI,2024-04-18 03:12:40,completed,
PMT_3774,BK_3774,US_1493,1329.09,Wallet,2025-03-20 19:50:29,completed,
PMT_3775,BK_3775,US_5152,1220.64,Net Banking,2025-08-19 10:38:47,completed,
PMT_3776,BK_3776,US_4873,930.81,Wallet,2025-01-04 15:28:27,completed,
PMT_3777,BK_3777,US_8836,445.93,Wallet,2024-11-02 13:14:29,completed,
PMT_3778,BK_3778,US_3170,795.56,Debit Card,2024-12-27 20:29:28,completed,
PMT_3779,BK_3779,US_8452,940.68,Wallet,2025-04-25 19:08:06,completed,
PMT_3780,BK_3780,US_4957,710.88,Debit Card,2025-09-11 00:51:25,completed,
PMT_3781,BK_3781,US_2138,0.0,Debit Card,2024-04-13 13:08:06,failed,
PMT_3782,BK_3782,US_1828,0.0,Wallet,2025-11-13 14:27:05,failed,
PMT_3783,BK_3783,US_7237,978.52,Credit Card,2024-04-16 07:30:35,completed,
PMT_3784,BK_3784,US_7130,155.81,Net Banking,2024-02-25 13:14:39,completed,
PMT_3786,BK_3786,US_8304,0.0,Net Banking,2025-07-02 03:43:44,failed,
PMT_3787,BK_3787,US_2666,789.04,Debit Card,2025-06-16 12:56:56,completed,
PMT_3788,BK_3788,US_2119,325.06,Net Banking,2025-11-26 04:07:49,completed,
PMT_3791,BK_3791,US_5867,304.89,Wallet,2025-07-14 19:11:10,completed,
PMT_3793,BK_3793,US_2094,858.78,Wallet,2025-08-31 00:16:50,completed,
PMT_3795,BK_3795,US_9697,563.96,Debit Card,2025-02-10 22:16:03,completed,
PMT_3796,BK_3796,US_190,0.0,Wallet,2024-08-08 09:29:37,failed,
PMT_3797,BK_3797,US_4,549.0,Credit Card,2025-03-06 21:41:15,completed,
PMT_3798,BK_3798,US_3722,1074.75,UPI,2025-07-17 13:49:35,completed,
PMT_3799,BK_3799,US_5464,449.16,UPI,2024-10-27 19:11:39,completed,
PMT_3800,BK_3800,US_64,412.56,Net Banking,2025-05-07 22:56:21,completed,
PMT_3801,BK_3801,US_6686,0.0,Debit Card,2024-12-18 19:12:18,refunded,
PMT_3803,BK_3803,US_2769,767.34,Wallet,2025-02-17 15:28:55,completed,
PMT_3804,BK_3804,US_6050,378.93,Net Banking,2025-12-19 19:56:23,completed,
PMT_3805,BK_3805,US_3062,802.08,Net Banking,2025-06-23 13:54:36,completed,
PMT_3806,BK_3806,US_3623,1496.4,Debit Card,2025-02-20 19:42:47,completed,
PMT_3807,BK_3807,US_8256,415.06,UPI,2025-01-10 09:07:11,completed,
PMT_3808,BK_3808,US_4035,1682.44,Debit Card,2024-02-21 12:53:53,completed,
PMT_3809,BK_3809,US_7711,753.74,Wallet,2025-03-05 04:20:26,completed,
PMT_3810,BK_3810,US_3674,1359.06,Debit Card,2024-09-15 01:29:44,completed,
PMT_3811,BK_3811,US_9937,579.54,Debit Card,2024-08-04 13:24:47,completed,
PMT_3812,BK_3812,US_6740,1699.76,Net Banking,2025-06-25 17:09:29,completed,
PMT_3813,BK_3813,US_6032,703.36,Debit Card,2024-10-01 08:49:55,completed,
PMT_3814,BK_3814,US_530,661.71,Net Banking,2025-02-12 18:40:58,completed,
PMT_3815,BK_3815,US_740,565.62,Net Banking,2024-09-21 10:22:41,completed,
PMT_3816,BK_3816,US_9938,537.51,Credit Card,2025-08-06 18:56:43,completed,
PMT_3817,BK_3817,US_1056,937.02,UPI,2024-01-04 06:08:18,completed,
PMT_3820,BK_3820,US_3145,162.53,Credit Card,2025-01-24 14:36:14,completed,
PMT_3821,BK_3821,US_7149,420.44,UPI,2024-02-04 18:42:02,completed,
PMT_3824,BK_3824,US_9324,647.13,Wallet,2025-07-01 14:42:30,completed,
PMT_3825,BK_3825,US_2875,327.16,Wallet,2024-09-04 11:29:01,completed,
PMT_3826,BK_3826,US_8263,500.58000000000004,Debit Card,2024-11-08 12:53:00,completed,
PMT_3828,BK_3828,US_8729,785.12,Wallet,2024-03-24 12:27:43,completed,
PMT_3829,BK_3829,US_1467,364.2,Debit Card,2025-04-08 15:25:52,completed,
PMT_3830,BK_3830,US_5338,340.48,Debit Card,2025-05-24 23:08:29,completed,
PMT_3831,BK_3831,US_7918,640.82,Credit Card,2025-02-06 23:41:35,completed,
PMT_3832,BK_3832,US_9440,417.97,UPI,2024-07-23 02:16:11,completed,
PMT_3833,BK_3833,US_1100,174.4,Credit Card,2025-11-22 05:54:12,completed,
PMT_3834,BK_3834,US_5223,1348.92,Wallet,2024-10-22 13:29:44,completed,
PMT_3835,BK_3835,US_8214,747.4,UPI,2025-05-11 20:15:03,completed,
PMT_3836,BK_3836,US_8867,654.66,Net Banking,2024-06-03 02:43:37,completed,
PMT_3837,BK_3837,US_2992,462.45000000000005,Credit Card,2025-08-31 14:36:45,completed,
PMT_3838,BK_3838,US_4749,0.0,Debit Card,2025-05-04 17:25:21,failed,
PMT_3839,BK_3839,US_5694,1312.1999999999998,Net Banking,2024-04-28 06:07:40,completed,
PMT_3840,BK_3840,US_4138,1563.32,Debit Card,2025-12-17 15:33:49,completed,
PMT_3841,BK_3841,US_5721,0.0,Credit Card,2025-06-30 06:49:37,failed,
PMT_3842,BK_3842,US_7706,797.94,Net Banking,2025-11-03 05:17:22,completed,
PMT_3843,BK_3843,US_1792,327.12,UPI,2025-10-30 13:18:11,completed,
PMT_3845,BK_3845,US_8330,338.05,Net Banking,2024-07-23 23:44:41,completed,
PMT_3847,BK_3847,US_1676,1259.25,Wallet,2024-09-30 19:56:31,completed,
PMT_3848,BK_3848,US_1676,1647.28,Wallet,2025-08-07 20:43:23,completed,
PMT_3849,BK_3849,US_2240,1484.24,Credit Card,2025-04-13 14:07:04,completed,
PMT_3850,BK_3850,US_5057,636.74,Credit Card,2024-08-22 03:43:13,completed,
PMT_3851,BK_3851,US_1289,556.86,Net Banking,2024-07-01 07:08:41,completed,
PMT_3852,BK_3852,US_8300,1731.76,Net Banking,2025-01-31 12:40:50,completed,
PMT_3853,BK_3853,US_7634,176.06,Credit Card,2025-11-12 08:31:10,completed,
PMT_3854,BK_3854,US_1221,933.68,Debit Card,2025-10-04 16:45:58,completed,
PMT_3855,BK_3855,US_2834,0.0,Debit Card,2024-06-30 03:27:23,failed,
PMT_3857,BK_3857,US_7853,151.53,Net Banking,2024-01-15 04:05:15,completed,
PMT_3858,BK_3858,US_3638,365.96,UPI,2025-12-05 21:36:12,completed,
PMT_3859,BK_3859,US_4980,469.68,Debit Card,2025-12-12 09:25:27,completed,
PMT_3860,BK_3860,US_4332,178.7,Debit Card,2024-12-25 02:22:46,completed,
PMT_3861,BK_3861,US_1463,167.71,UPI,2024-08-14 14:31:44,completed,
PMT_3863,BK_3863,US_8187,695.88,Debit Card,2024-02-19 00:12:14,completed,
PMT_3865,BK_3865,US_9683,607.02,Wallet,2024-10-12 05:35:44,completed,
PMT_3867,BK_3867,US_2057,341.86,Net Banking,2025-02-23 04:26:19,completed,
PMT_3868,BK_3868,US_5955,553.6,Credit Card,2024-03-13 21:57:25,completed,
PMT_3869,BK_3869,US_3415,390.92,Credit Card,2025-11-13 15:37:19,completed,
PMT_3870,BK_3870,US_1845,1206.06,Debit Card,2024-05-01 02:09:55,completed,
PMT_3871,BK_3871,US_7152,466.32,Debit Card,2024-04-29 11:16:13,completed,
PMT_3872,BK_3872,US_5835,481.75,UPI,2025-08-08 14:40:14,completed,
PMT_3873,BK_3873,US_7142,685.96,Wallet,2025-10-25 03:00:19,completed,
PMT_3874,BK_3874,US_3420,1298.76,Debit Card,2025-03-04 13:01:24,completed,
PMT_3875,BK_3875,US_2283,1548.4,Net Banking,2025-06-21 01:23:16,completed,
PMT_3876,BK_3876,US_6619,330.91,Wallet,2024-11-07 01:31:23,completed,
PMT_3877,BK_3877,US_5971,290.78,Debit Card,2025-05-18 19:28:04,completed,
PMT_3878,BK_3878,US_7326,1016.2,Debit Card,2024-01-25 12:38:00,completed,
PMT_3879,BK_3879,US_7130,1350.72,Debit Card,2025-10-28 01:12:43,completed,
PMT_3880,BK_3880,US_7590,1060.29,Net Banking,2025-04-07 01:52:13,completed,
PMT_3881,BK_3881,US_280,0.0,Wallet,2025-09-19 09:20:36,refunded,
PMT_3882,BK_3882,US_89,1255.8899999999999,Net Banking,2025-01-17 11:55:07,completed,
PMT_3883,BK_3883,US_5503,1950.88,Wallet,2025-04-03 13:41:42,completed,
PMT_3884,BK_3884,US_4649,922.18,Wallet,2025-05-28 23:17:53,completed,
PMT_3885,BK_3885,US_5348,988.54,UPI,2024-06-03 00:50:48,completed,
PMT_3886,BK_3886,US_6818,1303.47,Debit Card,2024-01-23 09:10:29,completed,
PMT_3887,BK_3887,US_538,603.6899999999999,Net Banking,2024-03-31 16:20:18,completed,
PMT_3888,BK_3888,US_6327,217.64,Debit Card,2024-08-12 23:22:37,completed,
PMT_3889,BK_3889,US_6042,1015.6800000000001,Wallet,2025-01-29 03:52:04,completed,
PMT_3891,BK_3891,US_9304,562.77,Credit Card,2025-02-09 11:44:36,completed,
PMT_3892,BK_3892,US_3134,394.28,UPI,2025-07-22 15:41:46,completed,
PMT_3893,BK_3893,US_2901,465.64,Wallet,2025-06-26 04:45:49,completed,
PMT_3894,BK_3894,US_8548,936.39,UPI,2025-10-19 13:32:53,completed,
PMT_3895,BK_3895,US_6168,865.0,Credit Card,2025-05-20 07:24:51,completed,
PMT_3898,BK_3898,US_4579,430.46,Debit Card,2025-07-20 15:16:32,completed,
PMT_3899,BK_3899,US_7931,655.84,Credit Card,2024-07-04 13:20:57,completed,
PMT_3900,BK_3900,US_4532,1612.28,Debit Card,2025-03-08 09:55:56,completed,
PMT_3901,BK_3901,US_8456,1827.68,Net Banking,2025-08-03 21:16:03,completed,
PMT_3902,BK_3902,US_5507,186.73,Credit Card,2024-12-11 23:58:38,completed,
PMT_3904,BK_3904,US_180,305.71,Net Banking,2025-11-11 16:02:00,completed,
PMT_3905,BK_3905,US_3195,736.5,Debit Card,2025-05-30 09:10:20,completed,
PMT_3906,BK_3906,US_9610,1742.84,UPI,2025-03-24 19:37:24,completed,
PMT_3907,BK_3907,US_7939,499.53,Debit Card,2024-03-23 13:17:37,completed,
PMT_3908,BK_3908,US_3690,313.66,UPI,2024-02-24 13:42:23,completed,
PMT_3909,BK_3909,US_7007,845.22,UPI,2025-09-04 15:56:15,completed,
PMT_3910,BK_3910,US_8056,530.44,UPI,2025-05-21 22:39:51,completed,
PMT_3911,BK_3911,US_7849,409.61,Debit Card,2025-05-06 14:46:03,completed,
PMT_3912,BK_3912,US_4411,830.04,Net Banking,2024-10-31 18:56:08,completed,
PMT_3913,BK_3913,US_9317,0.0,UPI,2025-02-26 16:13:15,failed,
PMT_3914,BK_3914,US_9869,396.66,Credit Card,2025-02-03 04:44:48,completed,
PMT_3915,BK_3915,US_7795,658.0,Debit Card,2025-06-26 07:28:46,completed,
PMT_3916,BK_3916,US_6672,609.76,Wallet,2025-10-02 16:32:12,completed,
PMT_3917,BK_3917,US_1747,675.66,Wallet,2025-08-03 02:10:53,completed,
PMT_3919,BK_3919,US_2129,1977.04,Debit Card,2024-02-11 19:49:59,completed,
PMT_3920,BK_3920,US_5635,636.68,UPI,2025-09-06 01:10:18,completed,
PMT_3921,BK_3921,US_4736,1369.17,UPI,2025-12-11 17:39:17,completed,
PMT_3922,BK_3922,US_3198,976.86,Debit Card,2024-08-16 08:49:31,completed,
PMT_3924,BK_3924,US_5490,825.92,Credit Card,2024-10-24 19:59:16,completed,
PMT_3925,BK_3925,US_480,1403.6399999999999,Debit Card,2024-11-04 06:04:32,completed,
PMT_3926,BK_3926,US_8848,242.64,Net Banking,2024-01-10 10:53:18,completed,
PMT_3927,BK_3927,US_8277,0.0,Wallet,2025-09-20 10:48:25,failed,
PMT_3928,BK_3928,US_8270,875.36,Credit Card,2025-11-18 15:58:24,completed,
PMT_3932,BK_3932,US_4742,1177.1399999999999,Debit Card,2025-03-24 19:10:33,completed,
PMT_3933,BK_3933,US_3833,374.72,UPI,2024-12-21 15:24:32,completed,
PMT_3934,BK_3934,US_6749,478.6,Net Banking,2024-11-27 23:56:40,completed,
PMT_3935,BK_3935,US_4606,950.66,Wallet,2025-09-01 18:43:45,completed,
PMT_3936,BK_3936,US_7729,250.1,Credit Card,2024-10-09 02:39:13,completed,
PMT_3937,BK_3937,US_5612,849.48,UPI,2024-09-21 15:34:55,completed,
PMT_3938,BK_3938,US_2876,1423.24,Credit Card,2024-09-19 18:20:26,completed,
PMT_3939,BK_3939,US_8412,742.84,Net Banking,2025-06-03 06:10:38,completed,
PMT_3940,BK_3940,US_3306,763.92,UPI,2024-06-16 22:33:16,completed,
PMT_3941,BK_3941,US_3689,285.0,Wallet,2025-10-27 11:29:01,completed,
PMT_3942,BK_3942,US_1231,816.54,Wallet,2025-12-12 21:53:02,completed,
PMT_3943,BK_3943,US_5566,194.35,Net Banking,2025-08-24 22:29:53,completed,
PMT_3944,BK_3944,US_6026,1111.26,Credit Card,2024-03-29 02:05:35,completed,
PMT_3946,BK_3946,US_3933,0.0,Wallet,2024-01-16 03:09:32,refunded,
PMT_3948,BK_3948,US_1285,843.1200000000001,UPI,2025-10-04 06:17:31,completed,
PMT_3949,BK_3949,US_7828,479.2,Debit Card,2024-10-18 02:11:00,completed,
PMT_3950,BK_3950,US_3368,761.06,Debit Card,2025-07-31 15:14:42,completed,
PMT_3951,BK_3951,US_9692,807.72,UPI,2025-06-06 13:52:58,completed,
PMT_3952,BK_3952,US_9033,483.12,Net Banking,2025-12-21 02:34:47,completed,
PMT_3953,BK_3953,US_160,1196.31,Credit Card,2025-03-30 09:34:33,completed,
PMT_3954,BK_3954,US_9550,956.34,UPI,2025-12-23 22:18:44,completed,
PMT_3956,BK_3956,US_3266,330.91,Debit Card,2024-10-01 14:37:18,completed,
PMT_3957,BK_3957,US_1343,0.0,Wallet,2025-02-12 21:34:56,refunded,
PMT_3958,BK_3958,US_3253,711.44,UPI,2025-08-13 16:56:50,completed,
PMT_3959,BK_3959,US_7997,1054.0,UPI,2024-06-08 22:46:21,completed,
PMT_3960,BK_3960,US_1469,0.0,Credit Card,2024-08-06 01:32:59,refunded,
PMT_3961,BK_3961,US_9286,585.27,Debit Card,2024-02-17 18:24:29,completed,
PMT_3962,BK_3962,US_2826,1280.84,Debit Card,2024-10-30 13:59:44,completed,
PMT_3963,BK_3963,US_7670,1133.46,Net Banking,2024-11-14 03:46:35,completed,
PMT_3964,BK_3964,US_1630,403.85,UPI,2025-04-17 11:47:57,completed,
PMT_3965,BK_3965,US_7560,402.28,UPI,2025-06-17 23:24:37,completed,
PMT_3966,BK_3966,US_927,177.79,Credit Card,2024-08-11 02:43:39,completed,
PMT_3967,BK_3967,US_1010,0.0,UPI,2025-04-13 03:08:49,refunded,
PMT_3969,BK_3969,US_8365,169.87,Credit Card,2025-12-27 17:39:18,completed,
PMT_3970,BK_3970,US_7927,199.51,Credit Card,2025-07-05 07:07:18,completed,
PMT_3971,BK_3971,US_9546,825.04,UPI,2024-03-30 13:18:14,completed,
PMT_3972,BK_3972,US_9569,0.0,Credit Card,2025-02-20 12:20:31,failed,
PMT_3973,BK_3973,US_4915,0.0,Debit Card,2025-06-06 07:46:12,failed,
PMT_3974,BK_3974,US_5365,1390.68,UPI,2025-09-03 08:04:31,completed,
PMT_3975,BK_3975,US_6127,880.52,Credit Card,2025-08-26 10:55:49,completed,
PMT_3977,BK_3977,US_5975,387.86,UPI,2025-11-06 23:14:20,completed,
PMT_3978,BK_3978,US_3992,715.6800000000001,Debit Card,2025-12-24 17:33:11,completed,
PMT_3979,BK_3979,US_5127,1241.67,UPI,2025-04-08 07:49:16,completed,
PMT_3980,BK_3980,US_5223,798.1800000000001,UPI,2025-04-22 11:19:17,completed,
PMT_3981,BK_3981,US_2013,0.0,Debit Card,2024-04-13 05:27:20,refunded,
PMT_3982,BK_3982,US_968,550.62,UPI,2024-02-21 22:39:29,completed,
PMT_3983,BK_3983,US_169,1012.86,Wallet,2025-01-19 07:49:43,completed,
PMT_3984,BK_3984,US_8937,472.53,Credit Card,2025-04-23 17:36:03,completed,
PMT_3985,BK_3985,US_1532,607.24,Net Banking,2024-03-21 19:57:38,completed,
PMT_3986,BK_3986,US_2033,735.99,Net Banking,2025-10-17 20:52:34,completed,
PMT_3988,BK_3988,US_4325,491.5,Wallet,2025-01-13 09:36:03,completed,
PMT_3989,BK_3989,US_3651,0.0,Wallet,2025-10-29 13:30:47,refunded,
PMT_3992,BK_3992,US_4154,741.98,Debit Card,2024-10-26 22:17:21,completed,
PMT_3993,BK_3993,US_3246,0.0,Wallet,2024-07-06 18:42:51,refunded,
PMT_3994,BK_3994,US_4795,0.0,Credit Card,2024-12-25 17:57:58,refunded,
PMT_3996,BK_3996,US_5806,1032.2,Credit Card,2024-08-04 05:23:50,completed,
PMT_3997,BK_3997,US_3097,465.83,Wallet,2025-07-20 05:48:47,completed,
PMT_3998,BK_3998,US_5264,0.0,Wallet,2025-05-11 04:26:06,failed,
PMT_3999,BK_3999,US_8887,629.84,Wallet,2025-07-26 14:01:44,completed,
PMT_4000,BK_4000,US_2371,837.26,UPI,2025-07-05 18:21:16,completed,
PMT_4001,BK_4001,US_8564,434.66,Debit Card,2024-05-29 15:54:57,completed,
PMT_4002,BK_4002,US_6004,298.61,Debit Card,2024-11-06 20:08:45,completed,
PMT_4003,BK_4003,US_836,946.08,Credit Card,2024-07-01 20:58:03,completed,
PMT_4004,BK_4004,US_6913,0.0,Debit Card,2024-02-18 02:52:12,failed,
PMT_4005,BK_4005,US_5132,947.68,Net Banking,2025-07-31 21:08:06,completed,
PMT_4006,BK_4006,US_2394,553.14,Debit Card,2024-03-15 15:29:12,completed,
PMT_4007,BK_4007,US_187,0.0,UPI,2024-04-25 20:13:59,failed,
PMT_4008,BK_4008,US_8894,0.0,Debit Card,2025-02-16 23:27:10,refunded,
PMT_4009,BK_4009,US_4310,1460.04,UPI,2024-03-27 17:11:59,completed,
PMT_4010,BK_4010,US_2927,1190.6399999999999,Net Banking,2025-10-03 23:26:04,completed,
PMT_4011,BK_4011,US_7582,1049.4,Debit Card,2025-12-12 02:40:17,completed,
PMT_4012,BK_4012,US_411,353.65,Net Banking,2025-02-06 06:55:14,completed,
PMT_4013,BK_4013,US_5411,970.83,Wallet,2024-04-01 15:33:46,completed,
PMT_4014,BK_4014,US_510,533.04,Credit Card,2025-04-16 21:59:48,completed,
PMT_4015,BK_4015,US_3869,1113.44,Credit Card,2025-01-24 09:08:20,completed,
PMT_4016,BK_4016,US_1908,335.85,Debit Card,2025-01-23 11:43:54,completed,
PMT_4017,BK_4017,US_2631,1369.8899999999999,Credit Card,2025-12-27 09:29:59,completed,
PMT_4018,BK_4018,US_1530,652.24,Credit Card,2024-10-07 06:07:42,completed,
PMT_4019,BK_4019,US_8121,206.87,UPI,2024-03-13 19:16:28,completed,
PMT_4020,BK_4020,US_5736,1252.32,UPI,2025-03-24 19:55:38,completed,
PMT_4022,BK_4022,US_5203,454.25,Credit Card,2025-08-19 04:26:48,completed,
PMT_4023,BK_4023,US_9577,0.0,Debit Card,2025-08-14 22:37:30,refunded,
PMT_4024,BK_4024,US_1947,549.87,Debit Card,2025-01-05 02:30:50,completed,
PMT_4025,BK_4025,US_751,203.65,Debit Card,2024-04-04 02:28:07,completed,
PMT_4027,BK_4027,US_4720,0.0,Net Banking,2025-09-23 04:51:40,failed,
PMT_4029,BK_4029,US_1339,0.0,Net Banking,2024-10-21 01:18:54,failed,
PMT_4030,BK_4030,US_8122,369.16,Net Banking,2024-02-04 02:40:53,completed,
PMT_4032,BK_4032,US_7121,418.77,Net Banking,2024-12-19 11:34:00,completed,
PMT_4033,BK_4033,US_5725,422.65,Debit Card,2025-08-23 02:33:30,completed,
PMT_4034,BK_4034,US_1173,971.58,Net Banking,2025-01-03 03:38:17,completed,
PMT_4035,BK_4035,US_4571,224.56,Wallet,2024-09-11 06:05:51,completed,
PMT_4037,BK_4037,US_5433,374.86,UPI,2024-01-06 06:47:23,completed,
PMT_4038,BK_4038,US_548,832.11,Debit Card,2024-06-11 23:48:04,completed,
PMT_4039,BK_4039,US_5544,315.1,Wallet,2025-09-18 03:41:16,completed,
PMT_4040,BK_4040,US_3164,1494.76,UPI,2024-12-27 05:55:03,completed,
PMT_4041,BK_4041,US_7425,769.0,Net Banking,2025-08-09 22:46:14,completed,
PMT_4042,BK_4042,US_8011,1167.6,Credit Card,2024-10-14 23:12:05,completed,
PMT_4043,BK_4043,US_2617,0.0,UPI,2025-04-22 11:49:38,failed,
PMT_4044,BK_4044,US_2576,543.46,Wallet,2024-02-12 03:43:20,completed,
PMT_4046,BK_4046,US_7630,498.55,Debit Card,2025-12-01 21:05:11,completed,
PMT_4047,BK_4047,US_8396,1256.34,UPI,2025-04-25 07:49:34,completed,
PMT_4048,BK_4048,US_8111,337.65,UPI,2024-10-20 22:53:37,completed,
PMT_4049,BK_4049,US_4206,522.51,Credit Card,2024-08-06 12:51:30,completed,
PMT_4050,BK_4050,US_6734,1402.92,Net Banking,2025-06-10 12:01:13,completed,
PMT_4051,BK_4051,US_3095,1345.6,UPI,2024-08-31 06:26:01,completed,
PMT_4053,BK_4053,US_9448,399.82,Net Banking,2025-08-17 23:11:28,completed,
PMT_4054,BK_4054,US_8774,797.28,UPI,2025-12-23 15:58:45,completed,
PMT_4055,BK_4055,US_921,732.66,Wallet,2024-09-04 20:37:04,completed,
PMT_4057,BK_4057,US_2364,0.0,UPI,2025-01-18 06:16:14,refunded,
PMT_4058,BK_4058,US_8400,372.12,Credit Card,2025-01-16 14:23:19,completed,
PMT_4059,BK_4059,US_8865,432.6,UPI,2024-04-12 14:50:49,completed,
PMT_4060,BK_4060,US_2031,271.89,Net Banking,2024-02-29 02:12:10,completed,
PMT_4061,BK_4061,US_4979,828.21,UPI,2025-11-24 16:13:57,completed,
PMT_4062,BK_4062,US_2734,0.0,Net Banking,2025-10-02 07:02:27,refunded,
PMT_4063,BK_4063,US_5771,0.0,Debit Card,2024-11-08 17:19:34,refunded,
PMT_4064,BK_4064,US_8553,600.52,UPI,2025-11-05 01:16:47,completed,
PMT_4066,BK_4066,US_1740,464.02,Net Banking,2024-03-07 04:08:33,completed,
PMT_4067,BK_4067,US_9889,198.0,Wallet,2025-02-15 18:33:22,completed,
PMT_4068,BK_4068,US_2467,778.98,Wallet,2024-04-03 11:39:16,completed,
PMT_4069,BK_4069,US_8748,1009.8,Wallet,2024-02-19 23:49:12,completed,
PMT_4070,BK_4070,US_8271,949.48,UPI,2025-01-16 02:14:21,completed,
PMT_4071,BK_4071,US_7383,823.8,Debit Card,2025-08-21 10:24:45,completed,
PMT_4072,BK_4072,US_782,1791.44,UPI,2025-08-14 01:55:13,completed,
PMT_4073,BK_4073,US_5096,1193.76,Debit Card,2025-05-27 20:47:19,completed,
PMT_4075,BK_4075,US_4630,751.3,Debit Card,2024-02-22 11:04:40,completed,
PMT_4076,BK_4076,US_5111,0.0,Net Banking,2025-06-26 22:23:21,refunded,
PMT_4077,BK_4077,US_8217,865.98,Debit Card,2024-10-14 10:17:35,completed,
PMT_4078,BK_4078,US_3677,774.24,Wallet,2025-02-10 18:04:36,completed,
PMT_4079,BK_4079,US_4165,707.06,Net Banking,2025-10-08 15:21:00,completed,
PMT_4081,BK_4081,US_3885,1266.24,Net Banking,2024-12-26 18:10:33,completed,
PMT_4083,BK_4083,US_2553,1292.6999999999998,Wallet,2024-04-21 14:45:47,completed,
PMT_4084,BK_4084,US_5228,1271.91,UPI,2025-05-17 14:09:02,completed,
PMT_4085,BK_4085,US_6413,0.0,Net Banking,2025-07-13 17:15:46,failed,
PMT_4086,BK_4086,US_7202,1259.0,UPI,2025-02-19 21:44:03,completed,
PMT_4087,BK_4087,US_6479,804.9,Wallet,2025-02-23 05:43:04,completed,
PMT_4088,BK_4088,US_3020,538.47,Wallet,2024-04-05 18:17:29,completed,
PMT_4091,BK_4091,US_3781,223.16,Debit Card,2025-01-12 07:37:14,completed,
PMT_4092,BK_4092,US_6553,471.18,UPI,2025-01-31 04:45:20,completed,
PMT_4093,BK_4093,US_2710,828.36,UPI,2025-01-20 13:26:38,completed,
PMT_4095,BK_4095,US_7561,1248.88,Net Banking,2025-01-01 22:10:05,completed,
PMT_4096,BK_4096,US_7780,452.37,UPI,2024-03-25 10:34:57,completed,
PMT_4097,BK_4097,US_5751,498.09000000000003,Wallet,2024-06-10 16:23:57,completed,
PMT_4099,BK_4099,US_9482,0.0,Credit Card,2025-04-26 05:36:26,failed,
PMT_4100,BK_4100,US_6127,0.0,UPI,2025-01-28 09:30:16,failed,
PMT_4101,BK_4101,US_4305,0.0,Credit Card,2024-04-06 23:49:35,refunded,
PMT_4102,BK_4102,US_628,326.84,Debit Card,2025-06-19 20:16:37,completed,
PMT_4104,BK_4104,US_7610,217.36,Wallet,2025-01-25 01:55:36,completed,
PMT_4105,BK_4105,US_4065,184.21,Wallet,2024-11-28 14:35:08,completed,
PMT_4106,BK_4106,US_3006,1200.68,UPI,2025-05-08 12:04:23,completed,
PMT_4107,BK_4107,US_2748,865.68,Debit Card,2024-09-17 16:59:04,completed,
PMT_4108,BK_4108,US_1156,0.0,UPI,2024-05-28 07:31:48,failed,
PMT_4109,BK_4109,US_526,279.01,Debit Card,2024-12-16 16:37:16,completed,
PMT_4110,BK_4110,US_8407,872.31,UPI,2024-05-24 07:36:13,completed,
PMT_4112,BK_4112,US_5410,628.98,Debit Card,2025-07-02 20:04:28,completed,
PMT_4115,BK_4115,US_1301,307.39,Debit Card,2024-11-10 05:54:27,completed,
PMT_4116,BK_4116,US_6677,1042.98,Net Banking,2025-01-16 08:31:23,completed,
PMT_4117,BK_4117,US_5879,391.76,UPI,2024-09-13 01:32:28,completed,
PMT_4119,BK_4119,US_7537,504.29999999999995,UPI,2024-06-13 17:31:24,completed,
PMT_4120,BK_4120,US_9724,439.98,Net Banking,2024-12-10 20:06:16,completed,
PMT_4123,BK_4123,US_7818,615.84,Credit Card,2025-02-02 15:09:20,completed,
PMT_4124,BK_4124,US_8281,0.0,UPI,2025-07-28 18:16:27,failed,
PMT_4125,BK_4125,US_9704,426.78,Credit Card,2024-08-15 10:33:14,completed,
PMT_4126,BK_4126,US_3375,387.1,Wallet,2025-02-06 14:38:08,completed,
PMT_4128,BK_4128,US_3588,1114.56,Wallet,2025-06-21 06:13:16,completed,
PMT_4129,BK_4129,US_8064,491.76,Credit Card,2024-11-15 11:38:06,completed,
PMT_4131,BK_4131,US_9808,0.0,Debit Card,2025-07-28 04:36:08,failed,
PMT_4132,BK_4132,US_9595,537.1800000000001,Net Banking,2024-02-12 18:09:20,completed,
PMT_4133,BK_4133,US_108,1386.4,Wallet,2024-03-14 06:14:07,completed,
PMT_4134,BK_4134,US_2727,0.0,Wallet,2024-05-10 13:14:34,refunded,
PMT_4135,BK_4135,US_2513,0.0,Debit Card,2025-10-15 11:24:05,failed,
PMT_4136,BK_4136,US_133,583.9,Credit Card,2025-11-16 07:57:10,completed,
PMT_4137,BK_4137,US_6409,0.0,Net Banking,2025-10-18 00:16:09,failed,
PMT_4138,BK_4138,US_2764,233.99,UPI,2025-06-12 22:14:21,completed,
PMT_4139,BK_4139,US_2203,419.36,Wallet,2025-04-19 13:27:35,completed,
PMT_4140,BK_4140,US_4846,971.97,Net Banking,2024-10-16 05:26:23,completed,
PMT_4141,BK_4141,US_8190,1272.69,UPI,2025-09-01 18:33:28,completed,
PMT_4142,BK_4142,US_5255,1318.77,Credit Card,2024-01-30 10:44:34,completed,
PMT_4143,BK_4143,US_3639,1856.88,Wallet,2025-07-22 08:33:29,completed,
PMT_4144,BK_4144,US_5543,1512.76,UPI,2024-12-15 16:09:47,completed,
PMT_4145,BK_4145,US_8953,796.98,Wallet,2024-05-30 18:00:04,completed,
PMT_4146,BK_4146,US_4331,403.18,UPI,2024-04-19 09:07:11,completed,
PMT_4148,BK_4148,US_9281,0.0,UPI,2025-08-18 16:43:22,failed,
PMT_4150,BK_4150,US_3170,371.55,UPI,2025-08-20 21:50:10,completed,
PMT_4151,BK_4151,US_6395,365.13,Net Banking,2024-05-15 21:01:16,completed,
PMT_4152,BK_4152,US_2687,909.66,Net Banking,2025-12-08 21:01:45,completed,
PMT_4153,BK_4153,US_1836,494.48,Wallet,2025-09-13 03:33:25,completed,
PMT_4154,BK_4154,US_5523,446.55,Net Banking,2025-01-16 06:04:53,completed,
PMT_4155,BK_4155,US_2900,221.59,Wallet,2024-05-11 15:12:43,completed,
PMT_4156,BK_4156,US_1363,451.43999999999994,Net Banking,2025-07-01 04:25:06,completed,
PMT_4157,BK_4157,US_6761,1405.52,Net Banking,2025-03-15 17:08:42,completed,
PMT_4158,BK_4158,US_2118,833.54,Credit Card,2024-01-12 15:36:25,completed,
PMT_4159,BK_4159,US_9501,1378.77,Debit Card,2025-06-13 10:15:35,completed,
PMT_4160,BK_4160,US_2279,1509.2,UPI,2024-10-12 16:27:46,completed,
PMT_4161,BK_4161,US_2880,1412.01,Debit Card,2025-03-16 17:26:56,completed,
PMT_4162,BK_4162,US_5627,646.4,UPI,2025-05-14 04:32:27,completed,
PMT_4163,BK_4163,US_2835,0.0,UPI,2025-06-12 03:37:37,refunded,
PMT_4164,BK_4164,US_2992,1084.32,Wallet,2024-02-18 13:08:13,completed,
PMT_4166,BK_4166,US_6801,0.0,Wallet,2025-05-13 09:02:16,refunded,
PMT_4167,BK_4167,US_7696,800.5,Debit Card,2024-10-24 16:07:57,completed,
PMT_4168,BK_4168,US_7132,687.92,Wallet,2024-04-09 05:58:16,completed,
PMT_4169,BK_4169,US_2762,166.86,Net Banking,2024-04-21 20:17:08,completed,
PMT_4170,BK_4170,US_704,497.64,Credit Card,2024-08-27 01:51:22,completed,
PMT_4171,BK_4171,US_1609,317.02,UPI,2024-04-13 23:48:39,completed,
PMT_4172,BK_4172,US_9067,1356.57,Wallet,2024-10-31 19:54:40,completed,
PMT_4173,BK_4173,US_7081,626.74,Debit Card,2025-11-29 00:46:15,completed,
PMT_4174,BK_4174,US_54,0.0,Net Banking,2025-07-30 10:02:48,failed,
PMT_4175,BK_4175,US_6475,0.0,Debit Card,2024-02-05 11:29:46,failed,
PMT_4176,BK_4176,US_8996,168.84,Net Banking,2025-11-09 16:41:49,completed,
PMT_4177,BK_4177,US_996,688.34,Wallet,2024-08-25 04:45:13,completed,
PMT_4179,BK_4179,US_4621,466.72,Net Banking,2025-12-21 20:57:00,completed,
PMT_4180,BK_4180,US_2973,0.0,Net Banking,2024-05-05 10:38:57,failed,
PMT_4181,BK_4181,US_552,1351.8899999999999,Net Banking,2024-07-13 02:13:29,completed,
PMT_4182,BK_4182,US_3368,1049.64,Debit Card,2024-02-11 00:04:03,completed,
PMT_4183,BK_4183,US_9226,439.42,Wallet,2024-07-23 00:58:12,completed,
PMT_4184,BK_4184,US_471,225.01,Credit Card,2025-08-12 12:23:32,completed,
PMT_4185,BK_4185,US_736,433.57,Wallet,2024-07-15 13:28:08,completed,
PMT_4186,BK_4186,US_2335,399.64,Debit Card,2025-08-06 18:32:18,completed,
PMT_4187,BK_4187,US_2732,1337.58,Debit Card,2025-03-29 19:55:42,completed,
PMT_4189,BK_4189,US_1537,1069.52,UPI,2025-06-17 01:07:21,completed,
PMT_4190,BK_4190,US_285,946.46,Credit Card,2025-12-17 06:28:28,completed,
PMT_4191,BK_4191,US_890,686.16,Net Banking,2024-09-26 05:29:34,completed,
PMT_4192,BK_4192,US_4478,908.36,Wallet,2025-01-07 20:52:03,completed,
PMT_4193,BK_4193,US_3604,477.12,Net Banking,2025-07-19 17:21:33,completed,
PMT_4194,BK_4194,US_3969,452.61,UPI,2025-06-15 06:44:47,completed,
PMT_4195,BK_4195,US_2313,486.63,Wallet,2024-04-12 18:16:43,completed,
PMT_4197,BK_4197,US_1693,586.64,UPI,2024-03-17 19:48:13,completed,
PMT_4198,BK_4198,US_5457,1359.4,Wallet,2025-09-15 20:45:57,completed,
PMT_4199,BK_4199,US_6948,1304.44,Wallet,2025-05-03 08:17:40,completed,
PMT_4200,BK_4200,US_9829,1606.68,Credit Card,2025-11-25 23:43:53,completed,
PMT_4201,BK_4201,US_5331,188.71,Debit Card,2024-02-12 09:43:55,completed,
PMT_4202,BK_4202,US_810,152.19,Credit Card,2025-10-31 11:46:28,completed,
PMT_4204,BK_4204,US_3808,1555.44,Credit Card,2025-10-22 20:35:24,completed,
PMT_4206,BK_4206,US_9094,1414.32,Wallet,2025-04-26 00:29:09,completed,
PMT_4207,BK_4207,US_5102,902.8499999999999,Credit Card,2025-09-04 16:45:21,completed,
PMT_4208,BK_4208,US_9133,855.18,Credit Card,2025-09-17 12:29:35,completed,
PMT_4209,BK_4209,US_5228,317.02,UPI,2024-06-14 09:08:33,completed,
PMT_4212,BK_4212,US_2032,438.8,Credit Card,2024-11-16 19:13:14,completed,
PMT_4213,BK_4213,US_4022,545.79,UPI,2024-03-11 05:22:03,completed,
PMT_4214,BK_4214,US_1557,1610.2,UPI,2024-09-28 15:41:31,completed,
PMT_4216,BK_4216,US_6123,769.28,Credit Card,2025-04-21 05:37:06,completed,
PMT_4217,BK_4217,US_7442,1235.08,Wallet,2024-04-03 08:04:19,completed,
PMT_4218,BK_4218,US_5534,492.22,Debit Card,2024-10-28 09:43:39,completed,
PMT_4219,BK_4219,US_3668,533.16,Credit Card,2025-09-17 22:06:25,completed,
PMT_4220,BK_4220,US_2184,1764.76,Wallet,2025-04-25 15:02:25,completed,
PMT_4221,BK_4221,US_5450,991.14,Wallet,2025-07-07 03:44:49,completed,
PMT_4224,BK_4224,US_3911,372.78,UPI,2024-05-09 10:38:14,completed,
PMT_4225,BK_4225,US_4639,561.5699999999999,Net Banking,2025-02-17 08:04:07,completed,
PMT_4226,BK_4226,US_2290,981.32,Wallet,2024-09-21 19:24:18,completed,
PMT_4227,BK_4227,US_2623,322.66,Credit Card,2025-08-31 11:07:17,completed,
PMT_4228,BK_4228,US_699,0.0,Wallet,2024-07-14 09:01:54,failed,
PMT_4229,BK_4229,US_8443,586.02,Wallet,2024-10-01 12:20:40,completed,
PMT_4230,BK_4230,US_4093,1579.36,Debit Card,2024-08-20 18:18:30,completed,
PMT_4231,BK_4231,US_4219,0.0,Debit Card,2024-10-30 13:35:41,refunded,
PMT_4232,BK_4232,US_7316,1488.24,Debit Card,2024-08-16 03:10:57,completed,
PMT_4233,BK_4233,US_3198,1539.44,UPI,2025-06-19 22:21:33,completed,
PMT_4234,BK_4234,US_2354,0.0,Wallet,2025-04-05 15:47:16,failed,
PMT_4235,BK_4235,US_4493,158.89,Wallet,2024-01-02 22:45:43,completed,
PMT_4236,BK_4236,US_6594,0.0,UPI,2025-02-12 21:18:18,failed,
PMT_4238,BK_4238,US_2919,427.4,Net Banking,2024-04-13 02:30:41,completed,
PMT_4239,BK_4239,US_2384,781.4,Debit Card,2024-09-09 15:29:31,completed,
PMT_4240,BK_4240,US_6842,0.0,Net Banking,2024-05-03 14:13:44,failed,
PMT_4241,BK_4241,US_1968,0.0,UPI,2025-08-25 23:20:20,refunded,
PMT_4242,BK_4242,US_6393,386.7,Net Banking,2024-03-12 22:22:35,completed,
PMT_4243,BK_4243,US_1681,318.94,UPI,2024-05-22 03:35:21,completed,
PMT_4244,BK_4244,US_9108,0.0,UPI,2025-06-13 09:52:54,refunded,
PMT_4246,BK_4246,US_6782,831.04,Debit Card,2024-07-17 16:14:34,completed,
PMT_4247,BK_4247,US_2662,239.2,Debit Card,2025-02-21 04:15:33,completed,
PMT_4248,BK_4248,US_2989,0.0,Credit Card,2025-12-14 05:05:14,failed,
PMT_4252,BK_4252,US_4929,892.64,Debit Card,2025-10-06 07:58:26,completed,
PMT_4253,BK_4253,US_5883,957.48,Credit Card,2025-07-20 12:28:47,completed,
PMT_4254,BK_4254,US_347,762.14,Net Banking,2025-02-26 04:00:38,completed,
PMT_4256,BK_4256,US_1817,969.0,UPI,2025-08-08 22:50:26,completed,
PMT_4257,BK_4257,US_4490,426.06,UPI,2025-09-06 03:44:11,completed,
PMT_4258,BK_4258,US_8912,314.1,UPI,2024-12-18 23:18:35,completed,
PMT_4261,BK_4261,US_6047,280.79,Debit Card,2024-04-16 01:34:17,completed,
PMT_4262,BK_4262,US_1302,1645.88,Wallet,2024-03-29 11:09:42,completed,
PMT_4264,BK_4264,US_7481,880.24,UPI,2025-10-19 19:18:39,completed,
PMT_4266,BK_4266,US_2045,616.71,Wallet,2025-01-13 20:04:39,completed,
PMT_4267,BK_4267,US_8965,839.2,Wallet,2025-07-28 19:36:22,completed,
PMT_4268,BK_4268,US_2282,200.05,Credit Card,2024-08-05 07:41:57,completed,
PMT_4269,BK_4269,US_4156,845.28,Net Banking,2024-07-19 22:29:28,completed,
PMT_4270,BK_4270,US_4810,0.0,UPI,2024-09-08 04:19:30,failed,
PMT_4271,BK_4271,US_7922,912.39,Net Banking,2024-12-17 03:41:27,completed,
PMT_4272,BK_4272,US_548,377.87,Debit Card,2025-01-26 16:15:10,completed,
PMT_4273,BK_4273,US_1941,782.1,Net Banking,2024-05-21 22:01:35,completed,
PMT_4274,BK_4274,US_3650,1452.16,Debit Card,2024-01-18 23:53:55,completed,
PMT_4275,BK_4275,US_203,1909.24,Net Banking,2025-08-31 08:04:37,completed,
PMT_4276,BK_4276,US_6879,0.0,Credit Card,2024-12-18 09:22:16,failed,
PMT_4279,BK_4279,US_7188,494.27,Net Banking,2025-10-19 19:38:49,completed,
PMT_4282,BK_4282,US_7923,415.06,Wallet,2024-08-25 19:45:32,completed,
PMT_4283,BK_4283,US_2183,0.0,Debit Card,2025-08-06 09:04:26,failed,
PMT_4284,BK_4284,US_7161,710.3,Wallet,2025-08-18 19:36:32,completed,
PMT_4286,BK_4286,US_3821,657.52,Debit Card,2024-09-19 04:45:32,completed,
PMT_4287,BK_4287,US_7891,1691.28,Net Banking,2024-10-08 18:53:40,completed,
PMT_4289,BK_4289,US_1131,365.65,Debit Card,2025-02-19 03:56:19,completed,
PMT_4290,BK_4290,US_1119,0.0,Debit Card,2025-05-13 13:16:49,failed,
PMT_4292,BK_4292,US_1566,488.37,Credit Card,2025-03-17 08:27:44,completed,
PMT_4293,BK_4293,US_9373,226.85,Debit Card,2025-10-07 18:19:19,completed,
PMT_4294,BK_4294,US_5588,705.96,UPI,2024-04-26 09:45:04,completed,
PMT_4295,BK_4295,US_5206,359.46,Net Banking,2025-04-17 12:29:33,completed,
PMT_4296,BK_4296,US_3162,441.69,UPI,2025-03-11 00:56:22,completed,
PMT_4297,BK_4297,US_7640,255.7,Net Banking,2025-05-18 13:50:07,completed,
PMT_4298,BK_4298,US_6610,426.0,UPI,2024-02-01 06:13:55,completed,
PMT_4299,BK_4299,US_6509,604.04,Debit Card,2024-09-15 17:27:54,completed,
PMT_4300,BK_4300,US_8136,1650.44,Credit Card,2025-02-02 09:53:48,completed,
PMT_4301,BK_4301,US_5454,278.85,UPI,2025-05-27 22:02:47,completed,
PMT_4302,BK_4302,US_8851,480.84,Credit Card,2024-11-17 11:02:26,completed,
PMT_4303,BK_4303,US_8104,1947.32,Credit Card,2024-06-01 11:23:41,completed,
PMT_4304,BK_4304,US_7137,453.94,Wallet,2024-07-01 08:44:51,completed,
PMT_4305,BK_4305,US_4772,895.36,Net Banking,2024-12-11 06:03:33,completed,
PMT_4306,BK_4306,US_824,0.0,Debit Card,2025-06-12 04:51:54,failed,
PMT_4307,BK_4307,US_8599,1364.58,Debit Card,2024-05-07 06:04:15,completed,
PMT_4308,BK_4308,US_114,0.0,Debit Card,2025-04-19 20:56:09,failed,
PMT_4309,BK_4309,US_6965,497.04,Net Banking,2024-07-26 00:58:32,completed,
PMT_4310,BK_4310,US_5816,1253.73,Credit Card,2025-11-03 03:29:13,completed,
PMT_4311,BK_4311,US_9440,1626.0,Credit Card,2025-04-10 09:12:52,completed,
PMT_4312,BK_4312,US_6499,494.77,Wallet,2025-09-17 09:27:37,completed,
PMT_4313,BK_4313,US_6722,468.06,Net Banking,2025-02-20 02:29:40,completed,
PMT_4314,BK_4314,US_8532,702.84,Debit Card,2024-03-25 09:15:25,completed,
PMT_4315,BK_4315,US_8038,0.0,Credit Card,2025-08-11 06:50:45,failed,
PMT_4317,BK_4317,US_4120,324.32,Net Banking,2025-02-16 04:09:37,completed,
PMT_4318,BK_4318,US_559,1430.52,Net Banking,2025-04-09 21:39:27,completed,
PMT_4319,BK_4319,US_5440,161.04,Wallet,2024-04-30 12:59:00,completed,
PMT_4320,BK_4320,US_2473,1498.65,Credit Card,2025-10-01 11:04:21,completed,
PMT_4321,BK_4321,US_2286,1106.8,Debit Card,2025-11-16 22:21:32,completed,
PMT_4322,BK_4322,US_8275,568.14,Debit Card,2025-10-30 04:44:24,completed,
PMT_4323,BK_4323,US_6540,378.62,Debit Card,2024-12-30 22:40:25,completed,
PMT_4324,BK_4324,US_4728,1116.76,Net Banking,2025-12-20 20:55:54,completed,
PMT_4326,BK_4326,US_1693,0.0,Net Banking,2024-03-01 19:27:11,failed,
PMT_4327,BK_4327,US_4113,624.66,Credit Card,2024-10-16 14:12:37,completed,
PMT_4328,BK_4328,US_6422,616.96,Debit Card,2024-09-23 10:06:45,completed,
PMT_4329,BK_4329,US_4907,1071.21,UPI,2025-11-05 17:56:57,completed,
PMT_4330,BK_4330,US_2849,648.34,UPI,2024-12-15 20:36:00,completed,
PMT_4331,BK_4331,US_2795,465.7,UPI,2025-02-19 11:22:11,completed,
PMT_4332,BK_4332,US_9628,727.84,Debit Card,2025-05-12 07:40:38,completed,
PMT_4333,BK_4333,US_8287,442.16,Credit Card,2024-09-27 11:03:25,completed,
PMT_4334,BK_4334,US_288,1107.51,Debit Card,2025-10-27 04:14:57,completed,
PMT_4335,BK_4335,US_9943,462.36,Wallet,2025-10-08 15:26:26,completed,
PMT_4336,BK_4336,US_4128,257.09,Wallet,2024-07-18 21:31:07,completed,
PMT_4337,BK_4337,US_4486,692.67,Debit Card,2025-10-16 06:06:18,completed,
PMT_4338,BK_4338,US_3876,217.28,Credit Card,2024-10-11 01:10:46,completed,
PMT_4339,BK_4339,US_59,1201.32,Wallet,2025-09-17 15:29:56,completed,
PMT_4340,BK_4340,US_3252,0.0,Net Banking,2024-09-13 23:27:18,failed,
PMT_4341,BK_4341,US_4689,449.32,Wallet,2025-03-21 14:27:06,completed,
PMT_4342,BK_4342,US_1473,0.0,Net Banking,2024-09-30 00:59:35,failed,
PMT_4343,BK_4343,US_3565,0.0,UPI,2025-02-04 05:44:09,failed,
PMT_4344,BK_4344,US_2004,0.0,Net Banking,2025-08-06 18:38:14,refunded,
PMT_4347,BK_4347,US_8728,0.0,Debit Card,2024-01-04 21:45:06,failed,
PMT_4348,BK_4348,US_7940,412.8,Credit Card,2024-10-20 12:40:12,completed,
PMT_4349,BK_4349,US_8911,1375.56,Debit Card,2025-11-27 20:32:32,completed,
PMT_4350,BK_4350,US_9226,1085.82,Credit Card,2025-11-23 14:52:45,completed,
PMT_4351,BK_4351,US_4799,1837.56,UPI,2024-04-02 00:19:57,completed,
PMT_4352,BK_4352,US_5343,1223.58,Debit Card,2024-03-14 23:43:29,completed,
PMT_4353,BK_4353,US_3119,566.78,UPI,2024-01-27 19:10:34,completed,
PMT_4354,BK_4354,US_9686,0.0,Net Banking,2024-07-13 04:35:32,refunded,
PMT_4355,BK_4355,US_998,489.34,UPI,2024-11-11 20:31:13,completed,
PMT_4356,BK_4356,US_2113,614.96,UPI,2024-02-03 00:36:06,completed,
PMT_4357,BK_4357,US_4740,1019.73,UPI,2025-07-03 00:03:08,completed,
PMT_4358,BK_4358,US_1044,907.1,UPI,2024-09-16 03:49:49,completed,
PMT_4359,BK_4359,US_5417,347.05,Net Banking,2024-05-20 14:17:19,completed,
PMT_4360,BK_4360,US_6978,308.02,UPI,2024-09-22 06:54:29,completed,
PMT_4361,BK_4361,US_2766,828.48,Wallet,2025-04-12 10:49:21,completed,
PMT_4362,BK_4362,US_523,0.0,Credit Card,2024-02-07 20:26:31,refunded,
PMT_4363,BK_4363,US_4448,640.56,Wallet,2025-12-23 06:25:08,completed,
PMT_4364,BK_4364,US_4018,626.0,Credit Card,2025-09-18 17:18:08,completed,
PMT_4365,BK_4365,US_6582,736.66,Net Banking,2025-10-02 15:08:16,completed,
PMT_4366,BK_4366,US_2679,0.0,Net Banking,2025-03-06 17:42:06,failed,
PMT_4367,BK_4367,US_5585,804.5999999999999,UPI,2025-03-21 07:58:04,completed,
PMT_4368,BK_4368,US_1190,423.46,Credit Card,2025-09-29 23:53:43,completed,
PMT_4369,BK_4369,US_5228,592.94,Credit Card,2024-12-27 12:32:03,completed,
PMT_4370,BK_4370,US_4590,968.32,Credit Card,2025-04-07 08:23:50,completed,
PMT_4372,BK_4372,US_740,998.2,Wallet,2025-03-15 17:15:08,completed,
PMT_4373,BK_4373,US_9821,1465.48,Net Banking,2024-12-15 10:35:12,completed,
PMT_4374,BK_4374,US_2954,481.14,Wallet,2025-06-04 18:25:28,completed,
PMT_4376,BK_4376,US_9817,0.0,Wallet,2024-02-10 05:01:20,refunded,
PMT_4377,BK_4377,US_229,1023.0,Wallet,2024-06-05 23:31:46,completed,
PMT_4378,BK_4378,US_2798,987.51,Credit Card,2025-07-10 19:18:41,completed,
PMT_4379,BK_4379,US_9340,522.58,Debit Card,2025-01-18 16:17:05,completed,
PMT_4380,BK_4380,US_6176,0.0,UPI,2025-05-04 17:43:55,failed,
PMT_4381,BK_4381,US_6471,377.46,Debit Card,2024-10-21 03:25:20,completed,
PMT_4383,BK_4383,US_2502,439.86,UPI,2024-05-18 15:57:00,completed,
PMT_4384,BK_4384,US_604,1254.96,Debit Card,2024-03-01 00:48:10,completed,
PMT_4385,BK_4385,US_4469,324.28,Net Banking,2024-01-18 17:09:00,completed,
PMT_4386,BK_4386,US_8565,629.52,Wallet,2024-08-10 16:40:33,completed,
PMT_4387,BK_4387,US_4976,1519.12,Debit Card,2024-10-31 14:07:44,completed,
PMT_4388,BK_4388,US_3333,913.94,UPI,2025-03-05 19:01:50,completed,
PMT_4389,BK_4389,US_4544,0.0,Debit Card,2024-06-24 13:26:42,failed,
PMT_4390,BK_4390,US_210,1243.36,Credit Card,2025-08-31 06:05:32,completed,
PMT_4392,BK_4392,US_2083,984.68,Credit Card,2024-09-08 19:05:03,completed,
PMT_4393,BK_4393,US_1708,253.96,Credit Card,2025-10-01 01:06:00,completed,
PMT_4394,BK_4394,US_5611,313.0,Credit Card,2025-08-18 13:35:44,completed,
PMT_4395,BK_4395,US_1288,1207.6200000000001,Net Banking,2025-12-09 00:20:15,completed,
PMT_4396,BK_4396,US_5679,621.6899999999999,Wallet,2025-03-04 04:00:13,completed,
PMT_4399,BK_4399,US_1798,1418.04,Debit Card,2024-03-15 15:37:37,completed,
PMT_4400,BK_4400,US_6762,1477.74,Net Banking,2025-06-03 14:55:21,completed,
PMT_4401,BK_4401,US_8716,705.4,Wallet,2025-12-20 06:22:20,completed,
PMT_4402,BK_4402,US_2999,817.6500000000001,Wallet,2024-02-27 15:33:25,completed,
PMT_4403,BK_4403,US_3933,1136.1299999999999,Credit Card,2024-09-30 03:05:26,completed,
PMT_4404,BK_4404,US_1448,701.0,Wallet,2024-10-28 17:15:21,completed,
PMT_4406,BK_4406,US_1300,1391.16,Net Banking,2025-11-09 01:59:28,completed,
PMT_4407,BK_4407,US_615,772.36,Wallet,2024-09-18 10:44:57,completed,
PMT_4409,BK_4409,US_450,358.19,Credit Card,2025-11-03 06:03:53,completed,
PMT_4410,BK_4410,US_1196,1292.4,Credit Card,2025-11-04 03:17:03,completed,
PMT_4411,BK_4411,US_8293,507.28,UPI,2025-06-08 14:25:18,completed,
PMT_4412,BK_4412,US_1235,420.59,Debit Card,2024-05-21 16:50:57,completed,
PMT_4413,BK_4413,US_9551,0.0,Net Banking,2024-04-10 23:21:39,failed,
PMT_4414,BK_4414,US_5010,335.45,Net Banking,2024-01-26 19:13:40,completed,
PMT_4415,BK_4415,US_7971,164.06,UPI,2025-01-23 03:35:10,completed,
PMT_4416,BK_4416,US_4999,282.03,Net Banking,2025-08-11 18:27:11,completed,
PMT_4417,BK_4417,US_6485,1820.92,Net Banking,2024-12-23 00:32:15,completed,
PMT_4418,BK_4418,US_7925,1351.0,Debit Card,2025-02-19 18:14:15,completed,
PMT_4419,BK_4419,US_1732,0.0,Credit Card,2024-08-02 07:37:20,failed,
PMT_4420,BK_4420,US_6640,0.0,Wallet,2025-02-13 04:26:55,failed,
PMT_4421,BK_4421,US_5400,450.44,Debit Card,2024-07-01 00:37:56,completed,
PMT_4424,BK_4424,US_9915,603.24,Credit Card,2025-10-11 03:07:29,completed,
PMT_4425,BK_4425,US_8792,516.1,Wallet,2024-06-16 07:45:57,completed,
PMT_4426,BK_4426,US_4314,936.9,Credit Card,2024-12-22 13:37:49,completed,
PMT_4427,BK_4427,US_5753,190.7,Wallet,2025-07-14 14:28:15,completed,
PMT_4428,BK_4428,US_4052,0.0,Debit Card,2025-08-20 13:06:52,failed,
PMT_4429,BK_4429,US_8620,1153.76,Wallet,2025-09-16 15:15:16,completed,
PMT_4430,BK_4430,US_4334,600.52,UPI,2025-03-08 21:23:06,completed,
PMT_4431,BK_4431,US_574,221.09,Credit Card,2025-12-30 20:53:57,completed,
PMT_4433,BK_4433,US_4382,951.6,Credit Card,2024-06-22 00:23:22,completed,
PMT_4434,BK_4434,US_3107,565.26,Debit Card,2024-05-07 04:02:05,completed,
PMT_4436,BK_4436,US_8281,0.0,Debit Card,2025-02-21 22:14:31,failed,
PMT_4437,BK_4437,US_663,0.0,Net Banking,2024-12-03 04:13:44,refunded,
PMT_4438,BK_4438,US_4628,241.77,Debit Card,2025-05-02 04:31:15,completed,
PMT_4439,BK_4439,US_4675,878.9100000000001,Net Banking,2025-01-02 06:18:17,completed,
PMT_4440,BK_4440,US_3226,1192.44,Net Banking,2025-06-15 13:58:40,completed,
PMT_4441,BK_4441,US_5725,894.12,Wallet,2024-07-28 22:06:30,completed,
PMT_4442,BK_4442,US_8218,658.72,Debit Card,2024-10-01 18:31:05,completed,
PMT_4443,BK_4443,US_7699,0.0,Net Banking,2025-06-25 18:13:21,failed,
PMT_4444,BK_4444,US_3369,1316.58,UPI,2024-10-11 20:54:24,completed,
PMT_4445,BK_4445,US_4934,1858.96,Net Banking,2024-07-30 02:04:18,completed,
PMT_4446,BK_4446,US_5621,1066.26,Debit Card,2024-01-09 05:01:43,completed,
PMT_4448,BK_4448,US_8434,0.0,Net Banking,2024-09-09 11:40:30,refunded,
PMT_4449,BK_4449,US_6788,1814.68,Net Banking,2025-10-05 18:17:04,completed,
PMT_4450,BK_4450,US_8890,963.4,Debit Card,2024-06-27 04:21:52,completed,
PMT_4451,BK_4451,US_837,846.78,UPI,2024-10-10 05:15:07,completed,
PMT_4452,BK_4452,US_7588,1230.6,Debit Card,2024-12-06 09:18:28,completed,
PMT_4453,BK_4453,US_9616,0.0,Wallet,2024-09-15 03:10:23,failed,
PMT_4454,BK_4454,US_96,1153.5,UPI,2024-01-14 01:52:29,completed,
PMT_4455,BK_4455,US_1976,647.68,Wallet,2025-06-23 05:37:41,completed,
PMT_4456,BK_4456,US_1765,828.48,Credit Card,2024-12-25 17:15:00,completed,
PMT_4457,BK_4457,US_5875,1512.12,Wallet,2024-03-04 17:14:21,completed,
PMT_4458,BK_4458,US_6664,307.7,Net Banking,2024-06-03 23:53:03,completed,
PMT_4459,BK_4459,US_533,0.0,Credit Card,2024-02-05 11:47:06,failed,
PMT_4460,BK_4460,US_7396,203.49,Debit Card,2025-08-11 23:47:10,completed,
PMT_4461,BK_4461,US_9825,781.02,Net Banking,2024-09-20 16:42:08,completed,
PMT_4462,BK_4462,US_5120,0.0,UPI,2024-04-08 22:30:00,refunded,
PMT_4463,BK_4463,US_1969,0.0,UPI,2024-10-23 01:26:36,failed,
PMT_4465,BK_4465,US_1918,677.52,Credit Card,2024-03-29 08:26:35,completed,
PMT_4466,BK_4466,US_9543,336.78,Net Banking,2024-12-01 07:06:11,completed,
PMT_4468,BK_4468,US_3971,895.02,Net Banking,2024-01-10 18:08:43,completed,
PMT_4469,BK_4469,US_3208,396.75,Net Banking,2025-08-10 11:53:04,completed,
PMT_4471,BK_4471,US_5921,621.44,Debit Card,2025-09-28 06:30:10,completed,
PMT_4472,BK_4472,US_6033,373.46,Credit Card,2024-07-03 00:44:40,completed,
PMT_4473,BK_4473,US_955,274.7,Debit Card,2024-09-07 03:51:37,completed,
PMT_4474,BK_4474,US_1467,483.76,Debit Card,2024-10-22 02:23:27,completed,
PMT_4475,BK_4475,US_5943,642.75,Credit Card,2024-11-12 17:43:58,completed,
PMT_4476,BK_4476,US_2961,1537.52,UPI,2025-08-01 18:47:59,completed,
PMT_4477,BK_4477,US_7194,1339.98,Wallet,2025-09-25 23:32:49,completed,
PMT_4478,BK_4478,US_3085,1248.8,Credit Card,2024-02-24 16:29:38,completed,
PMT_4479,BK_4479,US_3139,869.32,Net Banking,2024-08-12 04:54:49,completed,
PMT_4480,BK_4480,US_1522,0.0,UPI,2024-03-25 11:20:58,refunded,
PMT_4482,BK_4482,US_8615,731.02,UPI,2024-03-16 03:23:06,completed,
PMT_4484,BK_4484,US_1630,653.48,Wallet,2024-01-11 11:16:01,completed,
PMT_4485,BK_4485,US_6133,0.0,Debit Card,2025-07-22 01:38:36,failed,
PMT_4486,BK_4486,US_5356,454.82,Net Banking,2025-08-21 02:08:47,completed,
PMT_4487,BK_4487,US_2760,1459.28,Net Banking,2024-02-29 06:54:16,completed,
PMT_4488,BK_4488,US_1383,1605.16,Debit Card,2024-02-13 22:53:36,completed,
PMT_4490,BK_4490,US_4074,470.3,Credit Card,2025-02-20 01:44:42,completed,
PMT_4491,BK_4491,US_3646,329.98,Net Banking,2024-03-17 12:21:54,completed,
PMT_4492,BK_4492,US_980,0.0,Credit Card,2025-09-17 19:41:12,refunded,
PMT_4494,BK_4494,US_5934,1020.08,Net Banking,2025-12-04 08:03:54,completed,
PMT_4495,BK_4495,US_4221,0.0,Credit Card,2025-10-28 16:26:16,failed,
PMT_4497,BK_4497,US_7718,0.0,Net Banking,2024-12-31 13:49:07,failed,
PMT_4498,BK_4498,US_1317,915.1500000000001,UPI,2025-11-16 09:07:49,completed,
PMT_4499,BK_4499,US_3310,327.92,Debit Card,2025-11-13 07:21:03,completed,
PMT_4500,BK_4500,US_3969,1638.24,Wallet,2024-10-18 13:08:58,completed,
PMT_4501,BK_4501,US_8392,0.0,Debit Card,2025-03-16 17:03:54,failed,
PMT_4502,BK_4502,US_6248,0.0,Debit Card,2024-12-15 21:02:13,failed,
PMT_4503,BK_4503,US_3663,991.88,Wallet,2025-11-10 07:29:33,completed,
PMT_4504,BK_4504,US_2588,1616.44,Net Banking,2025-01-16 17:09:33,completed,
PMT_4505,BK_4505,US_5892,240.61,UPI,2024-11-10 20:21:47,completed,
PMT_4506,BK_4506,US_4767,669.7,Credit Card,2024-12-30 17:47:27,completed,
PMT_4507,BK_4507,US_7286,975.46,Credit Card,2025-03-06 13:27:06,completed,
PMT_4508,BK_4508,US_6402,633.48,Debit Card,2024-04-25 17:42:00,completed,
PMT_4509,BK_4509,US_5639,1844.36,UPI,2024-02-15 13:49:08,completed,
PMT_4510,BK_4510,US_7347,616.06,Credit Card,2024-11-21 06:15:04,completed,
PMT_4511,BK_4511,US_1708,1862.08,UPI,2025-04-08 13:36:07,completed,
PMT_4512,BK_4512,US_3761,908.64,UPI,2025-01-07 16:01:24,completed,
PMT_4515,BK_4515,US_8524,991.74,Debit Card,2025-01-02 13:10:15,completed,
PMT_4516,BK_4516,US_2565,1262.8799999999999,Debit Card,2025-05-12 19:30:24,completed,
PMT_4517,BK_4517,US_2942,381.96,Debit Card,2025-09-06 14:54:51,completed,
PMT_4520,BK_4520,US_95,786.34,Net Banking,2024-01-16 15:55:40,completed,
PMT_4521,BK_4521,US_5504,855.44,Credit Card,2024-03-11 08:58:36,completed,
PMT_4522,BK_4522,US_6680,1489.1100000000001,Net Banking,2025-02-15 06:11:02,completed,
PMT_4525,BK_4525,US_855,662.24,Credit Card,2025-03-11 15:28:57,completed,
PMT_4527,BK_4527,US_2671,931.24,Wallet,2025-04-19 11:55:05,completed,
PMT_4529,BK_4529,US_880,671.8,Credit Card,2025-04-10 11:55:52,completed,
PMT_4531,BK_4531,US_6548,631.08,Net Banking,2025-09-25 04:35:34,completed,
PMT_4532,BK_4532,US_3980,0.0,Net Banking,2025-04-30 20:34:26,failed,
PMT_4534,BK_4534,US_7189,766.41,Debit Card,2024-06-04 20:26:31,completed,
PMT_4536,BK_4536,US_5271,469.68,Wallet,2024-06-27 05:11:24,completed,
PMT_4537,BK_4537,US_1745,1009.3199999999999,Net Banking,2024-01-09 09:09:35,completed,
PMT_4538,BK_4538,US_9737,745.29,Wallet,2025-11-23 10:09:16,completed,
PMT_4539,BK_4539,US_4232,0.0,Credit Card,2024-12-09 12:03:55,failed,
PMT_4540,BK_4540,US_7940,1090.32,Debit Card,2024-02-10 06:33:40,completed,
PMT_4541,BK_4541,US_4943,605.4300000000001,UPI,2025-12-29 17:55:02,completed,
PMT_4542,BK_4542,US_1253,939.6299999999999,Wallet,2024-06-10 18:05:59,completed,
PMT_4543,BK_4543,US_3925,967.24,Credit Card,2025-05-21 16:58:12,completed,
PMT_4546,BK_4546,US_9840,878.64,UPI,2024-02-06 00:28:05,completed,
PMT_4548,BK_4548,US_3336,425.99,Debit Card,2025-03-01 15:24:26,completed,
PMT_4549,BK_4549,US_7688,226.24,Credit Card,2025-03-06 12:49:52,completed,
PMT_4551,BK_4551,US_1820,1153.41,Debit Card,2025-12-26 18:03:29,completed,
PMT_4552,BK_4552,US_8283,908.78,UPI,2024-01-23 12:54:07,completed,
PMT_4553,BK_4553,US_4341,1134.24,Net Banking,2025-03-17 19:00:10,completed,
PMT_4554,BK_4554,US_3402,870.33,UPI,2024-12-21 17:38:05,completed,
PMT_4555,BK_4555,US_2247,162.8,Debit Card,2024-05-09 21:59:07,completed,
PMT_4556,BK_4556,US_4757,1705.52,UPI,2025-08-29 10:31:03,completed,
PMT_4557,BK_4557,US_570,0.0,Debit Card,2024-10-01 22:28:31,failed,
PMT_4559,BK_4559,US_6417,1396.32,Net Banking,2025-02-10 06:34:33,completed,
PMT_4560,BK_4560,US_9209,317.78,Net Banking,2024-08-04 21:12:06,completed,
PMT_4561,BK_4561,US_5425,1397.34,Credit Card,2024-04-10 19:06:55,completed,
PMT_4562,BK_4562,US_6721,365.13,Credit Card,2025-06-02 15:54:12,completed,
PMT_4563,BK_4563,US_7335,238.89,Debit Card,2024-07-10 04:08:30,completed,
PMT_4564,BK_4564,US_532,1421.92,Credit Card,2024-05-04 16:14:48,completed,
PMT_4565,BK_4565,US_3101,760.1,Debit Card,2024-08-26 14:35:49,completed,
PMT_4566,BK_4566,US_5682,606.18,Wallet,2024-01-05 12:28:15,completed,
PMT_4567,BK_4567,US_3939,1419.1200000000001,Net Banking,2025-02-05 22:11:16,completed,
PMT_4568,BK_4568,US_1542,489.48,Credit Card,2024-01-17 05:19:21,completed,
PMT_4569,BK_4569,US_584,318.71,Wallet,2025-02-16 01:45:10,completed,
PMT_4570,BK_4570,US_8053,1792.16,UPI,2024-01-27 14:10:27,completed,
PMT_4571,BK_4571,US_8219,1392.09,Wallet,2024-03-14 22:28:45,completed,
PMT_4572,BK_4572,US_5301,1244.32,Debit Card,2024-09-04 12:42:19,completed,
PMT_4573,BK_4573,US_6271,176.39,Wallet,2025-06-07 12:57:17,completed,
PMT_4574,BK_4574,US_8975,0.0,UPI,2024-02-26 16:44:08,refunded,
PMT_4575,BK_4575,US_8578,451.43999999999994,Wallet,2024-10-07 13:22:24,completed,
PMT_4576,BK_4576,US_4284,1720.68,Wallet,2025-01-29 19:28:49,completed,
PMT_4577,BK_4577,US_9384,354.0,Wallet,2024-04-11 04:00:57,completed,
PMT_4578,BK_4578,US_3052,1705.56,Credit Card,2025-01-15 23:21:17,completed,
PMT_4579,BK_4579,US_5536,0.0,Debit Card,2024-11-15 01:04:35,failed,
PMT_4580,BK_4580,US_8656,468.26,Wallet,2025-03-03 18:12:45,completed,
PMT_4581,BK_4581,US_6764,976.94,Wallet,2024-03-13 20:29:02,completed,
PMT_4582,BK_4582,US_7244,623.6,Debit Card,2025-08-22 02:36:01,completed,
PMT_4583,BK_4583,US_6694,373.21,Net Banking,2025-06-13 12:49:06,completed,
PMT_4584,BK_4584,US_2799,0.0,Wallet,2024-08-25 01:14:38,failed,
PMT_4586,BK_4586,US_862,361.68,Wallet,2024-10-18 03:57:57,completed,
PMT_4587,BK_4587,US_9976,175.04,UPI,2024-12-24 02:48:06,completed,
PMT_4588,BK_4588,US_1864,0.0,UPI,2024-04-02 17:33:13,failed,
PMT_4590,BK_4590,US_1391,244.82,Wallet,2024-05-24 04:45:18,completed,
PMT_4592,BK_4592,US_2547,1970.32,UPI,2024-04-27 16:40:40,completed,
PMT_4593,BK_4593,US_928,665.52,Net Banking,2025-12-22 02:51:45,completed,
PMT_4594,BK_4594,US_2931,542.9399999999999,Credit Card,2024-03-07 14:24:09,completed,
PMT_4596,BK_4596,US_1413,0.0,Net Banking,2025-02-28 18:07:25,failed,
PMT_4597,BK_4597,US_9860,1882.64,UPI,2024-12-26 13:49:34,completed,
PMT_4599,BK_4599,US_5577,0.0,Debit Card,2024-08-26 17:24:33,refunded,
PMT_4600,BK_4600,US_2897,401.4,Wallet,2025-04-05 23:43:52,completed,
PMT_4601,BK_4601,US_3205,419.32,Credit Card,2025-05-25 20:31:29,completed,
PMT_4603,BK_4603,US_8531,317.84,Net Banking,2025-11-15 20:16:09,completed,
PMT_4604,BK_4604,US_3817,958.1999999999999,Wallet,2024-08-20 12:00:54,completed,
PMT_4605,BK_4605,US_486,1400.34,Credit Card,2025-04-10 11:53:43,completed,
PMT_4606,BK_4606,US_4803,1362.56,Debit Card,2024-12-07 19:09:37,completed,
PMT_4607,BK_4607,US_3755,406.63,Net Banking,2024-12-30 00:38:23,completed,
PMT_4608,BK_4608,US_520,1115.32,Net Banking,2024-07-24 21:48:52,completed,
PMT_4610,BK_4610,US_2311,759.78,Debit Card,2025-01-22 07:58:20,completed,
PMT_4612,BK_4612,US_3831,0.0,UPI,2024-06-17 07:48:20,refunded,
PMT_4614,BK_4614,US_5719,389.01,Debit Card,2024-01-12 23:16:26,completed,
PMT_4615,BK_4615,US_3801,1204.28,Net Banking,2025-04-29 04:05:13,completed,
PMT_4617,BK_4617,US_7058,1060.29,UPI,2024-04-26 08:11:32,completed,
PMT_4618,BK_4618,US_7022,0.0,Net Banking,2024-07-03 17:06:14,failed,
PMT_4619,BK_4619,US_7419,1436.52,Net Banking,2024-12-18 13:35:32,completed,
PMT_4620,BK_4620,US_6351,824.25,Credit Card,2025-04-07 01:26:20,completed,
PMT_4621,BK_4621,US_6603,0.0,Debit Card,2024-12-29 16:39:02,refunded,
PMT_4622,BK_4622,US_100,448.34,Credit Card,2024-10-12 10:47:06,completed,
PMT_4624,BK_4624,US_648,899.66,Credit Card,2024-10-31 00:36:57,completed,
PMT_4625,BK_4625,US_490,0.0,Debit Card,2024-08-02 18:59:56,refunded,
PMT_4626,BK_4626,US_8295,693.36,Debit Card,2024-12-01 07:59:35,completed,
PMT_4627,BK_4627,US_7680,1907.04,UPI,2025-06-11 22:50:04,completed,
PMT_4628,BK_4628,US_7638,398.97,Wallet,2025-07-20 11:24:35,completed,
PMT_4630,BK_4630,US_4041,221.09,Wallet,2025-12-27 04:36:52,completed,
PMT_4631,BK_4631,US_7278,1151.19,UPI,2024-06-13 00:51:01,completed,
PMT_4632,BK_4632,US_3593,916.1999999999999,Debit Card,2025-04-04 01:05:23,completed,
PMT_4633,BK_4633,US_418,0.0,Net Banking,2025-01-07 13:05:34,failed,
PMT_4634,BK_4634,US_8639,0.0,Credit Card,2024-06-19 09:11:01,failed,
PMT_4635,BK_4635,US_7182,945.04,Credit Card,2025-01-21 11:51:32,completed,
PMT_4636,BK_4636,US_2917,807.69,UPI,2024-07-19 14:20:37,completed,
PMT_4637,BK_4637,US_152,894.84,Net Banking,2025-01-20 18:58:47,completed,
PMT_4638,BK_4638,US_7802,927.9300000000001,Wallet,2024-11-07 03:09:08,completed,
PMT_4640,BK_4640,US_9646,1032.8700000000001,Net Banking,2025-11-27 08:25:24,completed,
PMT_4641,BK_4641,US_6282,1531.4,Wallet,2025-10-13 02:51:38,completed,
PMT_4644,BK_4644,US_9774,1534.32,Wallet,2024-07-19 09:08:33,completed,
PMT_4645,BK_4645,US_3101,1855.64,Net Banking,2025-07-24 17:47:25,completed,
PMT_4647,BK_4647,US_2684,1358.07,Wallet,2024-11-27 14:16:17,completed,
PMT_4648,BK_4648,US_3428,210.5,UPI,2024-02-01 14:30:18,completed,
PMT_4649,BK_4649,US_8438,374.28,UPI,2025-07-31 19:32:04,completed,
PMT_4650,BK_4650,US_3295,0.0,UPI,2025-12-22 01:33:36,failed,
PMT_4651,BK_4651,US_1290,1333.8000000000002,Debit Card,2025-04-18 16:49:18,completed,
PMT_4652,BK_4652,US_6873,510.03,Credit Card,2024-04-07 03:54:01,completed,
PMT_4653,BK_4653,US_8082,573.09,Wallet,2025-01-17 05:39:40,completed,
PMT_4654,BK_4654,US_6466,1054.16,UPI,2025-02-16 08:00:00,completed,
PMT_4655,BK_4655,US_8077,703.22,Debit Card,2024-10-27 02:26:48,completed,
PMT_4656,BK_4656,US_1425,343.62,Credit Card,2024-05-07 21:01:10,completed,
PMT_4657,BK_4657,US_8522,207.94,Wallet,2024-12-26 02:12:00,completed,
PMT_4658,BK_4658,US_9621,1548.4,Debit Card,2025-06-01 11:46:30,completed,
PMT_4660,BK_4660,US_1257,989.24,UPI,2025-05-14 07:49:23,completed,
PMT_4661,BK_4661,US_9203,1373.85,Net Banking,2024-12-15 13:39:00,completed,
PMT_4662,BK_4662,US_2177,953.8,Credit Card,2025-08-15 08:19:55,completed,
PMT_4663,BK_4663,US_287,560.3100000000001,Debit Card,2025-04-27 10:01:26,completed,
PMT_4664,BK_4664,US_6134,391.77,Net Banking,2024-06-17 16:57:03,completed,
PMT_4665,BK_4665,US_2294,374.91,UPI,2024-01-30 01:16:33,completed,
PMT_4666,BK_4666,US_7137,937.64,Credit Card,2025-10-12 21:31:06,completed,
PMT_4668,BK_4668,US_3448,0.0,Debit Card,2025-03-22 11:07:26,refunded,
PMT_4669,BK_4669,US_8140,1249.24,Net Banking,2025-12-02 00:02:18,completed,
PMT_4670,BK_4670,US_7485,0.0,Wallet,2024-09-10 04:17:05,failed,
PMT_4671,BK_4671,US_1587,660.58,Net Banking,2024-06-16 12:13:43,completed,
PMT_4672,BK_4672,US_1622,0.0,Debit Card,2024-01-06 10:21:11,refunded,
PMT_4673,BK_4673,US_4325,642.0,UPI,2025-09-20 21:35:42,completed,
PMT_4674,BK_4674,US_2853,1327.98,Net Banking,2024-12-26 18:58:38,completed,
PMT_4675,BK_4675,US_4146,514.16,Wallet,2025-11-26 17:19:36,completed,
PMT_4677,BK_4677,US_3954,1251.12,Debit Card,2025-05-19 03:30:02,completed,
PMT_4678,BK_4678,US_2385,0.0,Net Banking,2024-12-01 22:02:25,failed,
PMT_4680,BK_4680,US_3295,0.0,Net Banking,2025-12-02 23:41:41,failed,
PMT_4681,BK_4681,US_8140,1258.8000000000002,Net Banking,2025-05-19 07:37:20,completed,
PMT_4684,BK_4684,US_5913,902.8499999999999,Wallet,2025-07-04 19:47:28,completed,
PMT_4685,BK_4685,US_5741,1423.48,Net Banking,2024-09-02 19:29:18,completed,
PMT_4686,BK_4686,US_1717,326.03,UPI,2025-05-10 01:57:13,completed,
PMT_4688,BK_4688,US_2173,1050.12,Wallet,2024-12-24 10:57:52,completed,
PMT_4689,BK_4689,US_8033,1814.76,Credit Card,2024-08-14 11:23:11,completed,
PMT_4690,BK_4690,US_7690,570.02,Debit Card,2025-01-19 10:28:17,completed,
PMT_4691,BK_4691,US_4878,173.43,UPI,2025-09-23 09:26:31,completed,
PMT_4692,BK_4692,US_3399,678.56,Net Banking,2025-01-12 22:30:08,completed,
PMT_4693,BK_4693,US_188,404.79,Debit Card,2025-11-11 21:48:18,completed,
PMT_4694,BK_4694,US_4058,1779.88,Wallet,2024-01-08 09:34:35,completed,
PMT_4695,BK_4695,US_2034,403.33,Debit Card,2025-04-17 23:00:35,completed,
PMT_4697,BK_4697,US_4725,424.24,Debit Card,2024-05-19 15:15:12,completed,
PMT_4698,BK_4698,US_7017,459.65,Credit Card,2024-10-17 12:33:22,completed,
PMT_4699,BK_4699,US_9303,438.85,Debit Card,2024-12-10 21:16:18,completed,
PMT_4700,BK_4700,US_2860,755.3100000000001,Credit Card,2024-03-16 05:39:13,completed,
PMT_4702,BK_4702,US_3905,1226.6100000000001,Net Banking,2024-01-27 01:33:49,completed,
PMT_4703,BK_4703,US_500,0.0,UPI,2025-11-22 10:45:47,failed,
PMT_4704,BK_4704,US_4482,1172.6399999999999,Credit Card,2024-02-03 00:14:04,completed,
PMT_4705,BK_4705,US_9600,332.98,Debit Card,2025-09-01 09:20:34,completed,
PMT_4706,BK_4706,US_8821,505.02,UPI,2025-11-20 23:20:00,completed,
PMT_4709,BK_4709,US_5105,914.78,Wallet,2024-03-31 15:32:22,completed,
PMT_4710,BK_4710,US_694,166.14,UPI,2025-03-31 14:51:32,completed,
PMT_4711,BK_4711,US_6736,1572.92,Credit Card,2025-12-12 18:41:58,completed,
PMT_4712,BK_4712,US_6114,670.52,Net Banking,2025-03-08 18:10:17,completed,
PMT_4715,BK_4715,US_7561,1498.36,Debit Card,2024-02-16 08:05:09,completed,
PMT_4717,BK_4717,US_2780,521.18,Wallet,2024-07-05 17:28:31,completed,
PMT_4718,BK_4718,US_5491,0.0,Credit Card,2025-09-01 22:33:36,failed,
PMT_4719,BK_4719,US_4840,375.43,UPI,2024-05-16 15:19:23,completed,
PMT_4720,BK_4720,US_9660,752.8199999999999,Credit Card,2025-10-04 15:08:06,completed,
PMT_4721,BK_4721,US_747,997.24,Debit Card,2025-08-04 04:52:41,completed,
PMT_4722,BK_4722,US_3715,1258.2,UPI,2024-12-29 08:39:34,completed,
PMT_4724,BK_4724,US_4761,471.29,Credit Card,2024-05-27 11:01:55,completed,
PMT_4725,BK_4725,US_7878,0.0,Credit Card,2024-02-27 21:58:55,refunded,
PMT_4726,BK_4726,US_564,408.39,Wallet,2024-10-27 03:18:27,completed,
PMT_4727,BK_4727,US_6795,0.0,Credit Card,2024-01-17 14:35:27,failed,
PMT_4729,BK_4729,US_8240,0.0,Net Banking,2024-12-15 04:55:38,failed,
PMT_4730,BK_4730,US_8968,1177.3799999999999,Net Banking,2024-10-08 02:46:39,completed,
PMT_4731,BK_4731,US_6333,1486.88,UPI,2025-01-16 03:56:51,completed,
PMT_4732,BK_4732,US_1971,964.44,Net Banking,2025-08-15 02:48:32,completed,
PMT_4734,BK_4734,US_1259,423.47,UPI,2024-06-06 17:28:53,completed,
PMT_4735,BK_4735,US_3018,1633.88,Wallet,2025-05-14 02:54:41,completed,
PMT_4737,BK_4737,US_9053,0.0,Credit Card,2025-06-22 03:15:45,failed,
PMT_4738,BK_4738,US_9534,1996.8,Wallet,2025-01-01 14:27:31,completed,
PMT_4739,BK_4739,US_2574,343.78,Debit Card,2025-11-19 18:17:44,completed,
PMT_4740,BK_4740,US_7111,470.54,Wallet,2024-12-01 07:44:30,completed,
PMT_4741,BK_4741,US_5399,436.96,Credit Card,2025-06-05 10:50:42,completed,
PMT_4742,BK_4742,US_2958,0.0,Net Banking,2024-01-31 15:18:02,failed,
PMT_4744,BK_4744,US_2160,489.42,Net Banking,2025-03-25 07:33:37,completed,
PMT_4745,BK_4745,US_4525,307.92,UPI,2025-10-26 01:56:52,completed,
PMT_4746,BK_4746,US_6463,1402.44,Debit Card,2024-07-17 07:18:04,completed,
PMT_4747,BK_4747,US_1495,675.16,Credit Card,2024-12-03 07:15:35,completed,
PMT_4748,BK_4748,US_984,384.86,Debit Card,2024-01-21 03:42:32,completed,
PMT_4749,BK_4749,US_4905,1268.08,Debit Card,2025-12-26 22:53:30,completed,
PMT_4752,BK_4752,US_5249,410.17,Credit Card,2025-11-28 08:05:46,completed,
PMT_4753,BK_4753,US_9636,485.58,Net Banking,2025-11-28 12:14:20,completed,
PMT_4754,BK_4754,US_8294,154.79,Debit Card,2025-02-24 09:11:45,completed,
PMT_4755,BK_4755,US_1322,0.0,Wallet,2024-03-07 03:41:05,failed,
PMT_4756,BK_4756,US_5967,1059.72,Credit Card,2025-01-21 09:32:29,completed,
PMT_4757,BK_4757,US_2035,927.44,Debit Card,2025-04-06 11:15:31,completed,
PMT_4758,BK_4758,US_649,605.76,UPI,2025-11-11 18:43:56,completed,
PMT_4760,BK_4760,US_5174,1757.2,Net Banking,2024-01-02 21:17:33,completed,
PMT_4761,BK_4761,US_5181,373.66,Debit Card,2024-06-23 06:47:50,completed,
PMT_4762,BK_4762,US_1103,812.28,Wallet,2025-01-21 05:22:33,completed,
PMT_4764,BK_4764,US_5180,403.56,Debit Card,2025-03-11 16:08:27,completed,
PMT_4765,BK_4765,US_887,1976.56,Debit Card,2024-06-29 15:31:59,completed,
PMT_4766,BK_4766,US_9449,1197.68,Credit Card,2024-03-24 09:55:33,completed,
PMT_4767,BK_4767,US_1485,1697.72,Credit Card,2024-08-20 07:35:24,completed,
PMT_4768,BK_4768,US_9868,904.26,Net Banking,2025-06-15 22:27:11,completed,
PMT_4772,BK_4772,US_4996,805.26,Wallet,2025-08-31 14:33:52,completed,
PMT_4774,BK_4774,US_8219,471.05,Credit Card,2025-06-05 01:53:12,completed,
PMT_4775,BK_4775,US_30,0.0,Wallet,2025-05-26 08:03:01,failed,
PMT_4777,BK_4777,US_2048,1412.56,Net Banking,2025-03-25 07:51:14,completed,
PMT_4779,BK_4779,US_6959,931.24,Net Banking,2024-12-15 05:02:51,completed,
PMT_4780,BK_4780,US_1198,537.62,Credit Card,2025-09-25 22:39:49,completed,
PMT_4781,BK_4781,US_850,1303.98,UPI,2024-05-29 13:24:03,completed,
PMT_4782,BK_4782,US_1936,519.04,Debit Card,2024-06-17 20:27:13,completed,
PMT_4784,BK_4784,US_514,386.98,Net Banking,2024-12-26 00:22:13,completed,
PMT_4785,BK_4785,US_6689,0.0,Credit Card,2025-03-07 05:22:43,failed,
PMT_4786,BK_4786,US_1143,1673.0,Credit Card,2024-06-03 23:34:32,completed,
PMT_4787,BK_4787,US_5402,1126.59,Net Banking,2025-08-15 20:37:48,completed,
PMT_4788,BK_4788,US_5434,1698.4,Net Banking,2025-03-29 20:59:48,completed,
PMT_4789,BK_4789,US_3424,424.38,Credit Card,2024-12-26 16:10:49,completed,
PMT_4790,BK_4790,US_4503,1284.69,Net Banking,2025-10-11 12:47:29,completed,
PMT_4791,BK_4791,US_9070,225.73,Credit Card,2025-01-12 10:39:55,completed,
PMT_4792,BK_4792,US_3847,627.16,Net Banking,2024-04-02 07:08:56,completed,
PMT_4795,BK_4795,US_3789,0.0,Debit Card,2024-05-29 21:58:55,refunded,
PMT_4796,BK_4796,US_260,477.61,Debit Card,2024-08-22 18:25:01,completed,
PMT_4797,BK_4797,US_9587,875.58,Net Banking,2024-09-18 04:36:16,completed,
PMT_4798,BK_4798,US_303,472.44,Debit Card,2024-10-29 17:20:30,completed,
PMT_4799,BK_4799,US_2522,1984.12,Net Banking,2025-05-21 11:14:53,completed,
PMT_4800,BK_4800,US_6762,781.26,Credit Card,2024-01-14 01:31:43,completed,
PMT_4801,BK_4801,US_6258,303.68,Net Banking,2024-05-04 02:37:40,completed,
PMT_4802,BK_4802,US_5212,1141.8600000000001,Credit Card,2024-03-11 07:10:43,completed,
PMT_4803,BK_4803,US_2187,486.01,UPI,2025-11-09 08:22:14,completed,
PMT_4804,BK_4804,US_6996,0.0,Net Banking,2024-02-26 08:33:47,failed,
PMT_4805,BK_4805,US_5895,937.71,Credit Card,2024-02-15 11:18:43,completed,
PMT_4806,BK_4806,US_2863,409.3,Credit Card,2025-05-11 02:28:19,completed,
PMT_4808,BK_4808,US_7855,689.22,Debit Card,2024-01-28 08:09:39,completed,
PMT_4809,BK_4809,US_5629,502.14,Net Banking,2025-05-22 02:39:09,completed,
PMT_4810,BK_4810,US_7148,1176.52,Credit Card,2025-08-25 03:20:20,completed,
PMT_4811,BK_4811,US_4450,971.74,Debit Card,2024-02-03 11:05:18,completed,
PMT_4812,BK_4812,US_2065,0.0,Credit Card,2025-03-03 10:10:52,failed,
PMT_4814,BK_4814,US_6317,430.14,Net Banking,2025-07-29 05:54:55,completed,
PMT_4815,BK_4815,US_9422,152.47,Credit Card,2025-06-04 01:13:42,completed,
PMT_4816,BK_4816,US_3318,766.66,UPI,2025-01-13 23:03:05,completed,
PMT_4817,BK_4817,US_2770,1675.84,Wallet,2025-10-21 00:28:35,completed,
PMT_4819,BK_4819,US_2345,1559.8,Wallet,2025-04-01 11:18:52,completed,
PMT_4820,BK_4820,US_9391,660.5699999999999,Debit Card,2024-03-02 12:04:56,completed,
PMT_4822,BK_4822,US_5430,1000.71,Debit Card,2024-04-29 21:21:55,completed,
PMT_4823,BK_4823,US_301,420.1,Credit Card,2025-04-21 17:24:10,completed,
PMT_4824,BK_4824,US_8566,0.0,Credit Card,2024-01-01 23:49:40,refunded,
PMT_4826,BK_4826,US_2622,0.0,Wallet,2025-10-21 13:29:44,failed,
PMT_4827,BK_4827,US_4542,679.58,Net Banking,2025-11-17 14:48:35,completed,
PMT_4829,BK_4829,US_5625,1259.84,UPI,2024-07-16 00:11:29,completed,
PMT_4830,BK_4830,US_3980,338.78,Wallet,2024-09-27 14:58:20,completed,
PMT_4831,BK_4831,US_6853,1054.36,Wallet,2025-09-15 13:53:55,completed,
PMT_4832,BK_4832,US_6692,320.82,Wallet,2025-02-17 01:03:53,completed,
PMT_4833,BK_4833,US_2178,235.05,Credit Card,2025-11-05 21:49:32,completed,
PMT_4834,BK_4834,US_7855,704.84,Net Banking,2024-08-07 05:30:58,completed,
PMT_4835,BK_4835,US_5864,816.28,Debit Card,2024-03-05 01:13:04,completed,
PMT_4836,BK_4836,US_7652,1289.76,Net Banking,2025-03-11 13:28:45,completed,
PMT_4837,BK_4837,US_5465,0.0,Credit Card,2025-06-24 14:50:02,failed,
PMT_4838,BK_4838,US_4121,706.59,UPI,2024-04-29 20:24:04,completed,
PMT_4839,BK_4839,US_8062,713.28,Debit Card,2024-03-31 21:20:43,completed,
PMT_4840,BK_4840,US_8522,637.32,Debit Card,2025-09-08 03:57:59,completed,
PMT_4841,BK_4841,US_3140,0.0,Debit Card,2024-08-09 12:05:22,failed,
PMT_4843,BK_4843,US_3714,0.0,Net Banking,2025-04-13 00:33:08,failed,
PMT_4844,BK_4844,US_1951,358.1,Wallet,2025-09-29 15:33:42,completed,
PMT_4845,BK_4845,US_9301,204.91,UPI,2025-06-22 02:35:42,completed,
PMT_4846,BK_4846,US_3198,909.6,Wallet,2024-03-01 11:23:33,completed,
PMT_4847,BK_4847,US_4163,229.78,UPI,2024-05-08 21:53:12,completed,
PMT_4848,BK_4848,US_6790,378.6,Net Banking,2024-04-02 02:41:48,completed,
PMT_4849,BK_4849,US_9643,472.82,UPI,2024-10-22 10:41:41,completed,
PMT_4852,BK_4852,US_3901,709.72,Credit Card,2025-07-10 03:23:49,completed,
PMT_4853,BK_4853,US_7025,911.0699999999999,Net Banking,2025-05-14 17:11:42,completed,
PMT_4855,BK_4855,US_5190,660.04,Credit Card,2024-06-15 18:05:42,completed,
PMT_4856,BK_4856,US_4170,0.0,Debit Card,2024-09-21 09:58:03,refunded,
PMT_4857,BK_4857,US_9088,304.26,UPI,2025-07-12 19:57:58,completed,
PMT_4858,BK_4858,US_5448,349.38,Net Banking,2024-12-23 19:13:38,completed,
PMT_4859,BK_4859,US_4642,667.64,Net Banking,2025-08-25 20:00:49,completed,
PMT_4860,BK_4860,US_4475,479.51,UPI,2024-11-13 20:48:43,completed,
PMT_4861,BK_4861,US_9315,509.38,Debit Card,2024-04-17 06:51:06,completed,
PMT_4862,BK_4862,US_898,768.08,Net Banking,2024-10-12 08:25:51,completed,
PMT_4865,BK_4865,US_7592,875.04,Debit Card,2024-10-27 00:53:09,completed,
PMT_4867,BK_4867,US_7306,0.0,Credit Card,2024-04-21 00:43:02,refunded,
PMT_4869,BK_4869,US_2190,1012.47,Debit Card,2025-03-21 04:10:08,completed,
PMT_4870,BK_4870,US_598,251.77,Net Banking,2025-06-12 01:24:59,completed,
PMT_4871,BK_4871,US_1969,182.96,Wallet,2025-02-01 16:36:22,completed,
PMT_4872,BK_4872,US_168,792.06,Net Banking,2025-11-28 15:59:32,completed,
PMT_4873,BK_4873,US_9387,0.0,Debit Card,2025-10-13 20:08:37,refunded,
PMT_4875,BK_4875,US_4794,265.98,Net Banking,2025-02-17 16:34:21,completed,
PMT_4876,BK_4876,US_9211,0.0,Credit Card,2024-04-27 12:54:00,refunded,
PMT_4877,BK_4877,US_5287,1098.08,Net Banking,2024-06-04 22:50:00,completed,
PMT_4878,BK_4878,US_948,751.56,UPI,2024-01-23 21:34:05,completed,
PMT_4882,BK_4882,US_6494,1972.08,Net Banking,2024-11-25 14:02:15,completed,
PMT_4883,BK_4883,US_4632,308.84,Net Banking,2025-06-21 10:39:28,completed,
PMT_4884,BK_4884,US_9230,1028.67,Wallet,2025-03-20 10:05:49,completed,
PMT_4885,BK_4885,US_2804,327.32,UPI,2025-09-22 06:40:16,completed,
PMT_4886,BK_4886,US_5803,866.76,Wallet,2025-06-11 10:02:27,completed,
PMT_4887,BK_4887,US_18,1046.0,Net Banking,2025-05-22 18:35:33,completed,
PMT_4888,BK_4888,US_9978,0.0,Debit Card,2024-02-20 14:13:44,failed,
PMT_4889,BK_4889,US_7845,991.92,UPI,2025-10-14 00:37:05,completed,
PMT_4890,BK_4890,US_9668,1020.3000000000001,Credit Card,2024-02-04 00:34:15,completed,
PMT_4891,BK_4891,US_8752,652.96,UPI,2024-01-22 17:17:18,completed,
PMT_4892,BK_4892,US_3607,958.52,Net Banking,2024-01-22 11:38:29,completed,
PMT_4895,BK_4895,US_2787,457.82,Debit Card,2025-04-21 09:06:09,completed,
PMT_4896,BK_4896,US_4882,0.0,UPI,2024-01-23 02:16:58,refunded,
PMT_4897,BK_4897,US_3374,317.61,Net Banking,2025-07-21 14:27:32,completed,
PMT_4898,BK_4898,US_3444,771.56,UPI,2025-05-04 04:12:50,completed,
PMT_4899,BK_4899,US_8029,975.66,UPI,2025-04-29 01:29:35,completed,
PMT_4900,BK_4900,US_6086,1201.52,Credit Card,2024-02-03 02:44:14,completed,
PMT_4901,BK_4901,US_694,607.04,UPI,2024-01-15 03:36:29,completed,
PMT_4902,BK_4902,US_6164,0.0,Debit Card,2025-11-07 10:39:17,refunded,
PMT_4904,BK_4904,US_4784,357.3,Wallet,2025-12-17 21:42:52,completed,
PMT_4907,BK_4907,US_5727,852.04,UPI,2024-04-04 05:54:27,completed,
PMT_4908,BK_4908,US_7593,441.5,Debit Card,2024-04-26 04:19:38,completed,
PMT_4909,BK_4909,US_4611,789.04,UPI,2025-04-15 07:27:14,completed,
PMT_4910,BK_4910,US_3824,1135.02,Net Banking,2024-10-05 12:34:28,completed,
PMT_4911,BK_4911,US_7176,513.09,Net Banking,2025-10-05 07:53:03,completed,
PMT_4912,BK_4912,US_1891,1548.88,Net Banking,2025-11-19 20:55:53,completed,
PMT_4915,BK_4915,US_6542,1297.92,UPI,2025-11-04 18:58:56,completed,
PMT_4916,BK_4916,US_1090,763.68,Credit Card,2024-02-15 17:22:22,completed,
PMT_4917,BK_4917,US_9137,0.0,Wallet,2024-11-07 16:10:07,failed,
PMT_4918,BK_4918,US_6840,983.72,UPI,2024-02-26 20:58:48,completed,
PMT_4920,BK_4920,US_9575,481.38,Credit Card,2025-01-19 09:36:24,completed,
PMT_4921,BK_4921,US_2292,1878.08,Wallet,2025-04-23 11:02:06,completed,
PMT_4923,BK_4923,US_448,957.3000000000001,Debit Card,2024-10-06 14:33:33,completed,
PMT_4924,BK_4924,US_2310,827.72,UPI,2025-04-15 02:22:19,completed,
PMT_4925,BK_4925,US_5867,1662.76,UPI,2025-09-11 23:40:09,completed,
PMT_4927,BK_4927,US_1066,407.97,UPI,2025-09-07 14:46:06,completed,
PMT_4928,BK_4928,US_2499,392.41,Wallet,2024-03-20 07:01:15,completed,
PMT_4929,BK_4929,US_7873,1403.76,Net Banking,2025-02-01 06:22:10,completed,
PMT_4930,BK_4930,US_2754,346.48,Credit Card,2025-07-07 08:22:06,completed,
PMT_4931,BK_4931,US_2715,530.73,Debit Card,2024-07-18 09:05:37,completed,
PMT_4932,BK_4932,US_9905,395.52,UPI,2025-06-05 03:09:59,completed,
PMT_4933,BK_4933,US_4851,1425.06,Debit Card,2024-10-10 17:41:00,completed,
PMT_4934,BK_4934,US_2612,348.1,Credit Card,2025-11-08 05:24:07,completed,
PMT_4935,BK_4935,US_9716,857.12,Net Banking,2025-05-08 22:00:58,completed,
PMT_4936,BK_4936,US_950,1406.44,Net Banking,2024-04-17 08:03:15,completed,
PMT_4937,BK_4937,US_5963,533.32,Credit Card,2025-06-25 10:49:56,completed,
PMT_4938,BK_4938,US_4858,1561.64,Wallet,2025-03-15 12:38:35,completed,
PMT_4939,BK_4939,US_2118,365.04,UPI,2024-03-28 04:51:10,completed,
PMT_4940,BK_4940,US_8602,610.64,Net Banking,2025-11-28 22:32:38,completed,
PMT_4941,BK_4941,US_7909,1813.84,UPI,2025-08-07 21:01:05,completed,
PMT_4943,BK_4943,US_6587,1135.48,Debit Card,2025-04-09 05:32:15,completed,
PMT_4944,BK_4944,US_914,989.25,Debit Card,2025-06-05 03:30:13,completed,
PMT_4946,BK_4946,US_3142,309.95,Net Banking,2024-10-01 06:44:57,completed,
PMT_4947,BK_4947,US_7549,1132.8,Net Banking,2025-08-13 12:31:57,completed,
PMT_4948,BK_4948,US_923,0.0,Debit Card,2025-05-20 20:29:19,refunded,
PMT_4949,BK_4949,US_2625,430.34,Credit Card,2025-11-13 05:04:08,completed,
PMT_4950,BK_4950,US_5346,1124.72,Net Banking,2025-01-06 22:51:32,completed,
PMT_4951,BK_4951,US_2799,0.0,Credit Card,2024-11-23 20:12:28,refunded,
PMT_4952,BK_4952,US_5984,926.36,Net Banking,2025-11-11 19:56:10,completed,
PMT_4953,BK_4953,US_9617,0.0,Credit Card,2025-07-17 03:24:50,refunded,
PMT_4954,BK_4954,US_1465,470.86,Credit Card,2025-10-09 07:14:50,completed,
PMT_4955,BK_4955,US_7854,1478.07,Net Banking,2024-07-20 07:32:38,completed,
PMT_4956,BK_4956,US_37,1833.68,Debit Card,2024-08-04 17:52:58,completed,
PMT_4958,BK_4958,US_9895,1362.27,Credit Card,2025-09-05 08:35:26,completed,
PMT_4959,BK_4959,US_7289,332.06,Wallet,2024-08-07 14:29:54,completed,
PMT_4960,BK_4960,US_9052,0.0,Credit Card,2024-07-01 19:48:01,refunded,
PMT_4961,BK_4961,US_8504,429.27,Wallet,2025-01-25 23:28:11,completed,
PMT_4962,BK_4962,US_2662,0.0,Net Banking,2025-02-07 15:23:12,refunded,
PMT_4963,BK_4963,US_2767,398.52,Net Banking,2025-01-12 02:13:51,completed,
PMT_4964,BK_4964,US_6829,0.0,Debit Card,2025-09-17 21:30:13,refunded,
PMT_4965,BK_4965,US_5620,248.58,Credit Card,2024-03-31 09:15:54,completed,
PMT_4966,BK_4966,US_8110,487.82,Net Banking,2024-05-20 13:53:34,completed,
PMT_4967,BK_4967,US_1071,988.6,Net Banking,2024-10-21 01:14:47,completed,
PMT_4968,BK_4968,US_3387,1509.44,Wallet,2024-07-13 21:33:45,completed,
PMT_4969,BK_4969,US_4245,440.22,Debit Card,2024-01-25 18:30:04,completed,
PMT_4970,BK_4970,US_3033,1513.32,Credit Card,2025-05-29 21:35:14,completed,
PMT_4971,BK_4971,US_898,0.0,Wallet,2024-11-09 04:37:58,refunded,
PMT_4972,BK_4972,US_7294,996.6,UPI,2024-04-23 06:45:31,completed,
PMT_4973,BK_4973,US_6863,1367.6999999999998,Debit Card,2024-11-05 14:59:31,completed,
PMT_4974,BK_4974,US_7613,1244.48,Wallet,2024-12-16 00:27:28,completed,
PMT_4975,BK_4975,US_9490,682.28,Net Banking,2025-07-16 18:13:37,completed,
PMT_4976,BK_4976,US_1435,879.82,Debit Card,2025-04-30 08:00:22,completed,
PMT_4977,BK_4977,US_7812,222.54,Net Banking,2025-07-01 12:31:44,completed,
PMT_4981,BK_4981,US_7179,857.8,UPI,2024-10-26 22:14:46,completed,
PMT_4982,BK_4982,US_972,0.0,Credit Card,2024-01-08 09:22:44,failed,
PMT_4983,BK_4983,US_8705,717.56,Debit Card,2024-02-16 15:26:48,completed,
PMT_4984,BK_4984,US_7697,846.0899999999999,Net Banking,2024-10-09 01:26:49,completed,
PMT_4985,BK_4985,US_604,1525.24,Credit Card,2025-06-19 19:43:18,completed,
PMT_4988,BK_4988,US_827,539.58,UPI,2024-08-17 04:45:51,completed,
PMT_4990,BK_4990,US_386,397.24,Wallet,2025-07-08 18:18:06,completed,
PMT_4991,BK_4991,US_9771,692.12,Net Banking,2025-05-21 11:55:12,completed,
PMT_4993,BK_4993,US_1961,350.3,Wallet,2025-01-03 08:14:07,completed,
PMT_4994,BK_4994,US_3865,873.75,Debit Card,2025-02-02 22:37:42,completed,
PMT_4995,BK_4995,US_148,0.0,Wallet,2025-10-07 08:28:55,failed,
PMT_4996,BK_4996,US_4487,993.16,Net Banking,2024-03-10 15:00:24,completed,
PMT_4998,BK_4998,US_1619,1011.69,UPI,2025-09-29 13:23:21,completed,
PMT_4999,BK_4999,US_7588,845.12,Net Banking,2024-03-18 02:15:46,completed,
PMT_5000,BK_5000,US_695,0.0,Wallet,2025-02-21 17:02:38,failed,
PMT_5001,BK_5001,US_3097,1813.6,Net Banking,2024-06-19 12:18:12,completed,
PMT_5002,BK_5002,US_9751,408.58,Net Banking,2024-04-01 01:22:56,completed,
PMT_5003,BK_5003,US_3253,748.12,Net Banking,2025-04-25 01:35:40,completed,
PMT_5006,BK_5006,US_4182,413.89,Net Banking,2024-01-29 20:49:05,completed,
PMT_5007,BK_5007,US_2750,653.73,Wallet,2024-11-02 14:35:11,completed,
PMT_5009,BK_5009,US_6411,659.48,Wallet,2025-03-06 14:51:23,completed,
PMT_5010,BK_5010,US_1929,1724.48,Debit Card,2024-06-17 13:07:02,completed,
PMT_5011,BK_5011,US_9137,756.16,Debit Card,2025-02-22 14:18:29,completed,
PMT_5012,BK_5012,US_5441,1492.6,Debit Card,2025-03-29 09:24:09,completed,
PMT_5015,BK_5015,US_6382,971.61,UPI,2025-03-18 04:51:30,completed,
PMT_5016,BK_5016,US_5832,1125.15,UPI,2024-07-06 19:29:12,completed,
PMT_5018,BK_5018,US_6121,1756.96,Debit Card,2025-06-26 18:23:21,completed,
PMT_5019,BK_5019,US_7686,0.0,UPI,2024-10-24 06:06:08,refunded,
PMT_5020,BK_5020,US_6695,1464.48,Net Banking,2024-09-17 07:58:12,completed,
PMT_5021,BK_5021,US_5920,447.48,Net Banking,2024-04-11 18:57:16,completed,
PMT_5025,BK_5025,US_6685,1083.8,UPI,2025-04-15 12:32:04,completed,
PMT_5026,BK_5026,US_5105,483.89,Wallet,2025-08-31 00:53:25,completed,
PMT_5027,BK_5027,US_4269,1214.22,Debit Card,2024-12-31 05:33:47,completed,
PMT_5028,BK_5028,US_351,1021.53,Net Banking,2024-11-15 05:30:26,completed,
PMT_5029,BK_5029,US_260,1447.68,Debit Card,2024-07-17 19:17:13,completed,
PMT_5030,BK_5030,US_188,480.62,Wallet,2024-11-04 13:36:26,completed,
PMT_5031,BK_5031,US_3450,0.0,Debit Card,2025-02-08 21:00:20,failed,
PMT_5032,BK_5032,US_6703,630.99,Credit Card,2025-04-20 11:59:19,completed,
PMT_5033,BK_5033,US_44,567.8100000000001,UPI,2024-11-22 18:02:33,completed,
PMT_5034,BK_5034,US_3413,1344.84,Net Banking,2025-01-09 19:58:31,completed,
PMT_5035,BK_5035,US_4817,289.77,Wallet,2024-07-12 01:49:34,completed,
PMT_5036,BK_5036,US_4254,222.01,Credit Card,2025-01-11 10:06:41,completed,
PMT_5038,BK_5038,US_1207,452.58,Credit Card,2025-08-12 16:01:40,completed,
PMT_5040,BK_5040,US_6411,894.81,Net Banking,2025-12-02 08:34:18,completed,
PMT_5041,BK_5041,US_3486,681.32,Credit Card,2025-03-08 06:32:07,completed,
PMT_5042,BK_5042,US_7501,0.0,Net Banking,2024-06-24 22:57:02,refunded,
PMT_5043,BK_5043,US_5688,293.01,Wallet,2024-12-07 07:32:22,completed,
PMT_5044,BK_5044,US_8740,535.41,UPI,2025-12-19 16:28:14,completed,
PMT_5045,BK_5045,US_6372,358.75,Net Banking,2025-10-25 12:21:57,completed,
PMT_5046,BK_5046,US_7515,1450.59,Debit Card,2024-11-23 21:55:57,completed,
PMT_5047,BK_5047,US_3955,1009.8,Debit Card,2024-01-27 12:36:27,completed,
PMT_5048,BK_5048,US_5369,0.0,Credit Card,2024-11-06 00:39:57,failed,
PMT_5049,BK_5049,US_5549,338.8,Credit Card,2024-04-03 10:51:55,completed,
PMT_5050,BK_5050,US_8085,567.76,Net Banking,2024-09-12 02:08:11,completed,
PMT_5052,BK_5052,US_9767,1331.44,Debit Card,2025-12-15 06:07:58,completed,
PMT_5053,BK_5053,US_8248,1400.52,Credit Card,2025-04-05 01:27:43,completed,
PMT_5054,BK_5054,US_7211,0.0,Wallet,2024-07-29 10:56:35,failed,
PMT_5055,BK_5055,US_8095,0.0,Debit Card,2025-08-14 00:26:15,failed,
PMT_5056,BK_5056,US_4609,360.11,Debit Card,2025-07-06 12:23:25,completed,
PMT_5057,BK_5057,US_5841,675.9300000000001,UPI,2024-04-04 05:39:13,completed,
PMT_5060,BK_5060,US_3175,199.93,Credit Card,2024-10-15 18:36:25,completed,
PMT_5061,BK_5061,US_455,363.6,Debit Card,2024-06-10 09:20:39,completed,
PMT_5062,BK_5062,US_4071,1684.32,Credit Card,2024-09-15 12:12:32,completed,
PMT_5063,BK_5063,US_2258,444.44,Debit Card,2024-02-02 19:11:35,completed,
PMT_5064,BK_5064,US_4245,852.81,Net Banking,2024-03-09 05:23:35,completed,
PMT_5065,BK_5065,US_104,1100.92,Wallet,2025-11-10 20:45:59,completed,
PMT_5066,BK_5066,US_5838,391.05,UPI,2024-08-24 15:03:29,completed,
PMT_5067,BK_5067,US_943,0.0,Net Banking,2024-10-31 08:51:24,refunded,
PMT_5068,BK_5068,US_3034,0.0,Credit Card,2025-10-28 05:29:42,failed,
PMT_5069,BK_5069,US_8614,1196.72,Net Banking,2025-03-11 05:52:27,completed,
PMT_5071,BK_5071,US_9133,1838.36,Net Banking,2025-05-13 15:15:20,completed,
PMT_5072,BK_5072,US_3925,476.73,UPI,2025-02-13 17:34:31,completed,
PMT_5073,BK_5073,US_5308,298.57,Debit Card,2025-07-10 06:27:47,completed,
PMT_5074,BK_5074,US_7614,815.46,Wallet,2024-03-27 13:21:58,completed,
PMT_5075,BK_5075,US_6839,1204.71,Debit Card,2025-04-03 11:03:46,completed,
PMT_5076,BK_5076,US_1175,1144.1999999999998,UPI,2024-12-25 05:31:22,completed,
PMT_5077,BK_5077,US_5886,1500.88,Debit Card,2024-10-05 23:20:07,completed,
PMT_5078,BK_5078,US_6230,396.09,UPI,2025-08-08 15:35:29,completed,
PMT_5079,BK_5079,US_6262,1089.42,UPI,2025-02-27 20:27:00,completed,
PMT_5080,BK_5080,US_903,855.68,UPI,2025-08-05 06:23:42,completed,
PMT_5081,BK_5081,US_8165,1024.53,Wallet,2024-06-13 06:55:19,completed,
PMT_5082,BK_5082,US_7148,982.88,Debit Card,2024-02-20 22:24:48,completed,
PMT_5083,BK_5083,US_2982,1273.02,Net Banking,2025-01-22 13:02:54,completed,
PMT_5084,BK_5084,US_9821,493.76,Net Banking,2025-08-18 15:01:04,completed,
PMT_5085,BK_5085,US_6666,1315.17,Wallet,2025-11-25 17:29:57,completed,
PMT_5087,BK_5087,US_4791,331.15,Net Banking,2024-01-17 23:40:24,completed,
PMT_5088,BK_5088,US_4148,0.0,UPI,2025-01-23 02:21:24,failed,
PMT_5089,BK_5089,US_2438,0.0,UPI,2024-03-07 20:54:03,refunded,
PMT_5090,BK_5090,US_9710,432.97,Debit Card,2024-11-22 05:16:18,completed,
PMT_5091,BK_5091,US_3107,952.8,Wallet,2025-01-30 08:31:38,completed,
PMT_5092,BK_5092,US_3553,483.27,Wallet,2025-03-06 00:44:20,completed,
PMT_5093,BK_5093,US_2104,1201.8899999999999,Credit Card,2024-02-07 00:41:47,completed,
PMT_5094,BK_5094,US_8691,1049.4,Net Banking,2024-07-10 01:39:50,completed,
PMT_5095,BK_5095,US_1568,741.74,UPI,2025-11-30 00:09:54,completed,
PMT_5096,BK_5096,US_7663,390.51,Net Banking,2025-01-30 13:28:53,completed,
PMT_5097,BK_5097,US_8310,1102.96,UPI,2025-07-29 13:57:23,completed,
PMT_5098,BK_5098,US_5771,370.75,UPI,2024-07-03 21:31:41,completed,
PMT_5099,BK_5099,US_7464,704.6,Debit Card,2025-07-14 20:00:20,completed,
PMT_5100,BK_5100,US_2619,675.1800000000001,Credit Card,2025-08-19 20:43:59,completed,
PMT_5101,BK_5101,US_9967,422.2,Credit Card,2025-08-28 15:32:04,completed,
PMT_5102,BK_5102,US_5193,700.98,Debit Card,2024-04-20 04:03:37,completed,
PMT_5103,BK_5103,US_7564,0.0,UPI,2025-09-11 13:11:41,refunded,
PMT_5104,BK_5104,US_988,459.22,Credit Card,2025-08-31 09:47:24,completed,
PMT_5106,BK_5106,US_7928,484.05,UPI,2025-02-12 18:38:16,completed,
PMT_5107,BK_5107,US_71,438.0,Wallet,2024-04-02 02:30:07,completed,
PMT_5108,BK_5108,US_4853,1738.12,Credit Card,2024-08-14 02:02:58,completed,
PMT_5109,BK_5109,US_8597,0.0,Debit Card,2024-07-23 07:16:39,failed,
PMT_5110,BK_5110,US_1975,1972.48,Credit Card,2025-05-28 21:21:06,completed,
PMT_5111,BK_5111,US_9003,1111.59,UPI,2025-12-08 15:43:25,completed,
PMT_5112,BK_5112,US_7122,211.79,Wallet,2025-02-10 20:21:45,completed,
PMT_5113,BK_5113,US_4414,450.24,Debit Card,2024-03-26 01:10:03,completed,
PMT_5114,BK_5114,US_8077,773.8199999999999,Wallet,2024-02-06 05:04:52,completed,
PMT_5115,BK_5115,US_5879,1239.27,Wallet,2025-07-02 13:08:08,completed,
PMT_5116,BK_5116,US_3336,447.88,Debit Card,2025-04-19 17:06:52,completed,
PMT_5117,BK_5117,US_2588,1124.73,UPI,2025-12-01 16:25:06,completed,
PMT_5118,BK_5118,US_1951,488.88,Credit Card,2025-04-04 11:51:27,completed,
PMT_5119,BK_5119,US_5841,378.74,UPI,2024-11-22 14:42:26,completed,
PMT_5121,BK_5121,US_9818,0.0,Wallet,2025-03-09 17:14:49,refunded,
PMT_5122,BK_5122,US_4515,0.0,Credit Card,2024-12-12 01:07:07,refunded,
PMT_5123,BK_5123,US_57,195.35,Wallet,2025-02-02 09:27:19,completed,
PMT_5124,BK_5124,US_3039,1023.78,Net Banking,2025-12-30 21:44:22,completed,
PMT_5125,BK_5125,US_2087,518.0999999999999,Net Banking,2024-04-24 22:02:03,completed,
PMT_5126,BK_5126,US_5404,667.92,Credit Card,2024-05-02 02:18:40,completed,
PMT_5127,BK_5127,US_7284,1192.23,Credit Card,2025-05-01 07:56:14,completed,
PMT_5129,BK_5129,US_2339,214.88,Wallet,2025-02-01 16:40:47,completed,
PMT_5130,BK_5130,US_9264,0.0,Credit Card,2024-10-29 18:43:38,refunded,
PMT_5132,BK_5132,US_4317,0.0,Wallet,2025-11-23 06:23:05,failed,
PMT_5133,BK_5133,US_6981,1311.56,Credit Card,2024-04-10 05:41:54,completed,
PMT_5134,BK_5134,US_6800,0.0,Net Banking,2025-08-18 12:12:57,refunded,
PMT_5136,BK_5136,US_1065,182.96,Wallet,2025-11-07 07:22:20,completed,
PMT_5137,BK_5137,US_7250,950.08,Debit Card,2024-10-12 00:13:50,completed,
PMT_5139,BK_5139,US_6960,488.64,Net Banking,2025-04-04 04:07:18,completed,
PMT_5140,BK_5140,US_1071,926.9100000000001,Wallet,2025-12-17 09:49:58,completed,
PMT_5142,BK_5142,US_4486,0.0,UPI,2024-10-14 06:41:01,refunded,
PMT_5144,BK_5144,US_8056,604.14,Net Banking,2024-03-17 01:25:12,completed,
PMT_5145,BK_5145,US_8062,520.89,Wallet,2025-12-07 05:58:29,completed,
PMT_5146,BK_5146,US_744,649.78,Credit Card,2025-08-16 17:10:13,completed,
PMT_5147,BK_5147,US_4393,494.54,Credit Card,2024-12-03 20:24:21,completed,
PMT_5148,BK_5148,US_3716,949.36,Net Banking,2024-05-02 22:05:27,completed,
PMT_5149,BK_5149,US_6961,667.72,Net Banking,2025-01-08 00:49:29,completed,
PMT_5150,BK_5150,US_2474,1138.77,UPI,2025-12-15 01:39:30,completed,
PMT_5152,BK_5152,US_5735,697.11,Credit Card,2024-03-28 21:53:29,completed,
PMT_5153,BK_5153,US_890,1134.48,Wallet,2025-10-18 14:46:06,completed,
PMT_5154,BK_5154,US_8503,481.0,Wallet,2025-09-01 22:41:59,completed,
PMT_5155,BK_5155,US_9113,0.0,Net Banking,2025-11-29 18:06:17,failed,
PMT_5156,BK_5156,US_4307,237.56,UPI,2024-08-16 12:07:01,completed,
PMT_5157,BK_5157,US_9128,693.0,Credit Card,2024-07-22 23:38:54,completed,
PMT_5158,BK_5158,US_6652,0.0,UPI,2024-06-30 05:57:06,failed,
PMT_5159,BK_5159,US_7182,284.22,Debit Card,2025-04-22 19:14:36,completed,
PMT_5160,BK_5160,US_9675,291.32,Credit Card,2024-03-27 13:59:26,completed,
PMT_5161,BK_5161,US_7417,679.04,Debit Card,2025-08-04 09:24:12,completed,
PMT_5162,BK_5162,US_1383,866.19,Debit Card,2025-05-08 15:42:46,completed,
PMT_5163,BK_5163,US_4014,640.56,Credit Card,2025-10-05 21:03:15,completed,
PMT_5164,BK_5164,US_8773,760.58,Debit Card,2024-08-20 04:24:05,completed,
PMT_5165,BK_5165,US_5234,0.0,Wallet,2025-11-08 03:22:57,refunded,
PMT_5166,BK_5166,US_2270,0.0,UPI,2025-04-20 01:34:45,refunded,
PMT_5167,BK_5167,US_4324,1068.1200000000001,Credit Card,2024-01-23 21:41:05,completed,
PMT_5168,BK_5168,US_5823,1241.67,Debit Card,2024-10-02 19:59:47,completed,
PMT_5169,BK_5169,US_5494,1213.28,UPI,2024-06-08 01:32:06,completed,
PMT_5170,BK_5170,US_3501,933.78,UPI,2025-01-07 01:59:13,completed,
PMT_5171,BK_5171,US_1520,776.58,UPI,2025-11-16 13:08:37,completed,
PMT_5172,BK_5172,US_1184,897.5999999999999,UPI,2024-05-04 06:49:40,completed,
PMT_5173,BK_5173,US_1516,895.4,Debit Card,2024-07-21 05:23:52,completed,
PMT_5174,BK_5174,US_2656,1260.1200000000001,Debit Card,2025-02-08 16:06:02,completed,
PMT_5175,BK_5175,US_5648,158.71,Net Banking,2025-05-12 04:22:29,completed,
PMT_5176,BK_5176,US_5225,1527.2,Net Banking,2024-02-03 20:31:32,completed,
PMT_5177,BK_5177,US_3838,1122.3000000000002,Wallet,2025-04-27 00:59:01,completed,
PMT_5178,BK_5178,US_4700,1191.0,Net Banking,2025-10-26 00:08:08,completed,
PMT_5179,BK_5179,US_4311,1127.08,Debit Card,2025-04-18 23:16:55,completed,
PMT_5180,BK_5180,US_3296,0.0,UPI,2024-12-01 02:27:54,failed,
PMT_5182,BK_5182,US_5727,1497.48,Credit Card,2024-09-19 09:27:40,completed,
PMT_5183,BK_5183,US_240,0.0,Net Banking,2025-02-05 15:45:58,failed,
PMT_5184,BK_5184,US_3148,526.58,Net Banking,2025-08-27 18:41:21,completed,
PMT_5185,BK_5185,US_6434,0.0,Net Banking,2025-09-27 01:07:38,failed,
PMT_5186,BK_5186,US_4299,398.6,Debit Card,2025-11-30 13:31:18,completed,
PMT_5187,BK_5187,US_3683,678.39,Debit Card,2024-10-02 23:59:29,completed,
PMT_5188,BK_5188,US_3061,423.82,Wallet,2025-03-07 03:09:32,completed,
PMT_5189,BK_5189,US_3285,986.3,Debit Card,2025-11-22 10:39:01,completed,
PMT_5190,BK_5190,US_2736,181.51,Debit Card,2024-05-01 03:21:00,completed,
PMT_5192,BK_5192,US_6117,1292.28,Debit Card,2025-08-31 07:03:43,completed,
PMT_5193,BK_5193,US_6551,1210.28,Debit Card,2025-09-24 04:52:22,completed,
PMT_5194,BK_5194,US_3120,1032.6,UPI,2024-06-24 11:51:30,completed,
PMT_5195,BK_5195,US_2138,988.56,Wallet,2024-01-25 01:32:37,completed,
PMT_5196,BK_5196,US_6911,0.0,Credit Card,2024-05-31 19:28:51,refunded,
PMT_5197,BK_5197,US_5768,793.3799999999999,Debit Card,2024-03-14 00:46:02,completed,
PMT_5198,BK_5198,US_396,1436.01,Debit Card,2024-04-01 00:59:37,completed,
PMT_5199,BK_5199,US_8713,886.16,Wallet,2025-09-21 18:09:58,completed,
PMT_5200,BK_5200,US_3171,817.16,Wallet,2025-06-04 19:30:22,completed,
PMT_5201,BK_5201,US_8229,944.24,Credit Card,2024-10-27 08:27:02,completed,
PMT_5202,BK_5202,US_9471,998.48,Net Banking,2024-07-17 12:20:31,completed,
PMT_5203,BK_5203,US_3652,0.0,Credit Card,2025-11-06 20:28:55,refunded,
PMT_5204,BK_5204,US_7878,1743.92,Net Banking,2024-09-30 13:57:57,completed,
PMT_5205,BK_5205,US_1585,750.52,UPI,2025-01-12 10:28:15,completed,
PMT_5206,BK_5206,US_2326,1551.92,Wallet,2024-02-27 05:39:05,completed,
PMT_5207,BK_5207,US_4312,1875.76,Net Banking,2024-08-28 18:07:57,completed,
PMT_5208,BK_5208,US_2934,1329.56,UPI,2024-04-17 01:57:48,completed,
PMT_5209,BK_5209,US_5504,1626.04,Net Banking,2025-07-02 03:29:04,completed,
PMT_5210,BK_5210,US_6163,452.0,UPI,2024-11-12 06:19:30,completed,
PMT_5211,BK_5211,US_6915,261.2,Net Banking,2025-09-14 01:58:14,completed,
PMT_5212,BK_5212,US_9899,1075.74,Net Banking,2025-02-04 12:09:22,completed,
PMT_5213,BK_5213,US_5311,626.28,Wallet,2024-12-20 08:40:46,completed,
PMT_5214,BK_5214,US_2135,1497.33,Debit Card,2025-08-15 15:40:55,completed,
PMT_5215,BK_5215,US_9897,1184.19,Debit Card,2025-07-08 13:41:38,completed,
PMT_5216,BK_5216,US_1900,1007.76,Credit Card,2024-12-30 11:21:22,completed,
PMT_5217,BK_5217,US_3142,489.42,Net Banking,2025-03-07 13:29:06,completed,
PMT_5218,BK_5218,US_9013,1218.48,Debit Card,2025-09-23 07:08:10,completed,
PMT_5219,BK_5219,US_4991,915.4,Credit Card,2024-09-26 01:30:53,completed,
PMT_5220,BK_5220,US_342,548.52,UPI,2025-06-28 11:08:55,completed,
PMT_5221,BK_5221,US_6957,271.82,Debit Card,2024-09-17 12:13:19,completed,
PMT_5222,BK_5222,US_3857,376.74,Debit Card,2024-07-23 19:07:00,completed,
PMT_5223,BK_5223,US_4533,758.54,Wallet,2024-09-28 06:30:33,completed,
PMT_5224,BK_5224,US_7760,337.96,Credit Card,2025-07-01 03:48:23,completed,
PMT_5225,BK_5225,US_608,1209.68,UPI,2025-12-26 17:02:28,completed,
PMT_5226,BK_5226,US_4166,1177.1399999999999,Wallet,2024-07-14 01:28:51,completed,
PMT_5227,BK_5227,US_3706,907.26,Debit Card,2024-03-02 02:54:35,completed,
PMT_5228,BK_5228,US_2360,744.99,UPI,2025-06-24 01:50:01,completed,
PMT_5230,BK_5230,US_8278,459.36,Credit Card,2024-07-28 06:35:37,completed,
PMT_5232,BK_5232,US_1747,0.0,Credit Card,2024-02-14 23:08:12,refunded,
PMT_5233,BK_5233,US_6796,1111.24,Credit Card,2025-03-04 17:13:00,completed,
PMT_5234,BK_5234,US_2127,0.0,Debit Card,2025-09-25 04:45:38,refunded,
PMT_5235,BK_5235,US_720,710.88,Net Banking,2025-12-21 20:15:58,completed,
PMT_5236,BK_5236,US_4566,715.92,Net Banking,2025-07-20 05:03:32,completed,
PMT_5237,BK_5237,US_5357,1324.4,Wallet,2025-09-30 16:01:47,completed,
PMT_5238,BK_5238,US_2594,1259.76,Debit Card,2025-06-03 10:58:27,completed,
PMT_5239,BK_5239,US_9546,0.0,Net Banking,2025-06-18 08:27:40,failed,
PMT_5241,BK_5241,US_2926,424.6,Net Banking,2024-08-04 02:24:28,completed,
PMT_5242,BK_5242,US_8186,824.52,Net Banking,2024-02-28 04:22:44,completed,
PMT_5243,BK_5243,US_2865,1650.6,Credit Card,2025-06-08 21:14:06,completed,
PMT_5244,BK_5244,US_2899,1498.1100000000001,UPI,2025-10-16 02:01:48,completed,
PMT_5245,BK_5245,US_4140,977.3700000000001,Debit Card,2024-07-25 06:53:03,completed,
PMT_5247,BK_5247,US_4257,1561.32,Debit Card,2025-09-06 06:47:33,completed,
PMT_5248,BK_5248,US_9351,919.16,UPI,2025-01-14 12:50:43,completed,
PMT_5249,BK_5249,US_6912,1449.76,Net Banking,2025-05-17 20:50:09,completed,
PMT_5250,BK_5250,US_1779,1197.92,Debit Card,2025-05-04 00:19:16,completed,
PMT_5251,BK_5251,US_9232,701.0699999999999,Net Banking,2025-08-10 05:52:37,completed,
PMT_5252,BK_5252,US_4213,526.58,Wallet,2024-05-23 12:14:26,completed,
PMT_5253,BK_5253,US_7166,0.0,Wallet,2024-06-01 05:27:58,refunded,
PMT_5254,BK_5254,US_985,951.04,Net Banking,2024-04-19 16:06:52,completed,
PMT_5256,BK_5256,US_909,322.85,Credit Card,2025-10-11 16:56:32,completed,
PMT_5258,BK_5258,US_3703,153.06,Credit Card,2025-03-03 04:17:59,completed,
PMT_5259,BK_5259,US_3323,951.6299999999999,Net Banking,2025-04-25 00:50:49,completed,
PMT_5261,BK_5261,US_6028,359.06,Wallet,2024-01-04 11:46:59,completed,
PMT_5262,BK_5262,US_8632,752.0,Net Banking,2024-08-15 07:36:52,completed,
PMT_5263,BK_5263,US_1805,1907.36,Debit Card,2024-11-20 23:02:07,completed,
PMT_5264,BK_5264,US_9896,911.5,Wallet,2024-01-22 09:33:57,completed,
PMT_5265,BK_5265,US_9303,763.46,Net Banking,2025-05-08 22:42:28,completed,
PMT_5266,BK_5266,US_7716,287.21,Wallet,2025-12-03 22:07:09,completed,
PMT_5267,BK_5267,US_4180,0.0,Net Banking,2024-07-06 04:59:55,refunded,
PMT_5268,BK_5268,US_1023,923.46,Net Banking,2024-11-24 09:49:47,completed,
PMT_5270,BK_5270,US_612,868.86,Net Banking,2025-09-01 05:08:04,completed,
PMT_5271,BK_5271,US_3074,875.67,Wallet,2024-08-13 09:31:41,completed,
PMT_5272,BK_5272,US_5973,325.65,Wallet,2025-05-24 12:17:04,completed,
PMT_5273,BK_5273,US_3401,1247.22,Debit Card,2025-02-25 22:24:02,completed,
PMT_5274,BK_5274,US_2241,0.0,UPI,2025-05-12 18:52:18,refunded,
PMT_5275,BK_5275,US_2440,373.88,Debit Card,2024-03-29 11:36:48,completed,
PMT_5278,BK_5278,US_2767,871.5,UPI,2025-12-22 10:10:25,completed,
PMT_5279,BK_5279,US_7376,756.94,Net Banking,2025-08-16 03:03:58,completed,
PMT_5280,BK_5280,US_7123,316.33,UPI,2025-12-22 14:31:44,completed,
PMT_5281,BK_5281,US_3349,717.39,Credit Card,2024-08-29 07:36:17,completed,
PMT_5283,BK_5283,US_1541,1768.24,Credit Card,2025-09-05 06:00:31,completed,
PMT_5284,BK_5284,US_4427,771.3000000000001,Debit Card,2025-03-01 14:18:42,completed,
PMT_5285,BK_5285,US_9981,0.0,Debit Card,2025-02-12 14:19:30,refunded,
PMT_5286,BK_5286,US_938,414.72,Net Banking,2024-05-05 15:15:46,completed,
PMT_5288,BK_5288,US_8009,1111.0,Debit Card,2024-10-22 03:07:13,completed,
PMT_5289,BK_5289,US_7327,1426.17,UPI,2025-11-04 04:52:05,completed,
PMT_5290,BK_5290,US_4805,667.08,UPI,2025-05-01 06:43:42,completed,
PMT_5291,BK_5291,US_7557,455.88,Net Banking,2025-01-26 20:54:31,completed,
PMT_5292,BK_5292,US_3038,432.12,Debit Card,2025-09-18 03:06:57,completed,
PMT_5293,BK_5293,US_4247,406.38,UPI,2024-02-12 07:28:04,completed,
PMT_5294,BK_5294,US_2034,252.78,Net Banking,2025-03-07 07:51:51,completed,
PMT_5295,BK_5295,US_714,827.72,Wallet,2024-09-10 09:51:33,completed,
PMT_5296,BK_5296,US_4494,891.22,UPI,2025-01-23 06:28:58,completed,
PMT_5297,BK_5297,US_9614,1094.1299999999999,UPI,2025-01-25 00:17:21,completed,
PMT_5299,BK_5299,US_7639,626.62,Credit Card,2025-07-09 05:08:46,completed,
PMT_5300,BK_5300,US_1701,317.42,Net Banking,2025-04-09 20:33:57,completed,
PMT_5301,BK_5301,US_557,723.51,UPI,2024-03-08 07:16:57,completed,
PMT_5302,BK_5302,US_1921,0.0,Net Banking,2025-09-28 03:19:07,failed,
PMT_5303,BK_5303,US_6525,473.78,UPI,2025-02-17 00:10:01,completed,
PMT_5305,BK_5305,US_206,960.78,Net Banking,2024-10-09 22:48:09,completed,
PMT_5306,BK_5306,US_7784,1412.76,Credit Card,2025-03-24 22:08:12,completed,
PMT_5307,BK_5307,US_7138,1256.25,Net Banking,2025-06-23 17:33:09,completed,
PMT_5308,BK_5308,US_1930,0.0,Wallet,2025-02-07 08:41:50,refunded,
PMT_5309,BK_5309,US_448,364.86,Net Banking,2025-11-17 10:02:25,completed,
PMT_5310,BK_5310,US_2659,290.52,Wallet,2024-04-16 08:43:43,completed,
PMT_5311,BK_5311,US_1821,0.0,Wallet,2024-09-08 16:43:19,failed,
PMT_5313,BK_5313,US_302,0.0,UPI,2025-07-28 15:39:53,failed,
PMT_5314,BK_5314,US_8503,1444.8899999999999,Debit Card,2025-08-14 09:47:05,completed,
PMT_5315,BK_5315,US_8892,565.26,Debit Card,2024-06-27 06:07:05,completed,
PMT_5316,BK_5316,US_3572,1189.0,Net Banking,2025-10-07 23:47:58,completed,
PMT_5317,BK_5317,US_1808,684.74,Debit Card,2025-04-24 11:19:54,completed,
PMT_5318,BK_5318,US_676,1349.12,Wallet,2025-12-24 10:49:21,completed,
PMT_5319,BK_5319,US_3459,440.82,UPI,2025-10-06 13:32:38,completed,
PMT_5320,BK_5320,US_7765,986.54,Debit Card,2025-09-05 03:24:57,completed,
PMT_5321,BK_5321,US_3357,215.2,UPI,2024-05-09 05:01:34,completed,
PMT_5324,BK_5324,US_7529,466.68,Credit Card,2025-12-01 01:08:36,completed,
PMT_5325,BK_5325,US_348,381.96,Net Banking,2024-06-30 14:02:53,completed,
PMT_5326,BK_5326,US_9923,0.0,Debit Card,2025-05-15 16:45:49,failed,
PMT_5327,BK_5327,US_457,1070.25,Debit Card,2025-02-13 01:20:41,completed,
PMT_5328,BK_5328,US_9396,441.5,UPI,2025-11-27 13:15:15,completed,
PMT_5329,BK_5329,US_4721,1261.83,UPI,2025-07-20 06:50:25,completed,
PMT_5330,BK_5330,US_6860,0.0,Debit Card,2024-04-25 02:59:01,failed,
PMT_5331,BK_5331,US_9782,305.16,UPI,2025-09-24 00:03:18,completed,
PMT_5332,BK_5332,US_8082,1456.96,Credit Card,2025-10-18 20:14:23,completed,
PMT_5333,BK_5333,US_906,328.4,Net Banking,2025-05-21 10:27:44,completed,
PMT_5334,BK_5334,US_1019,1679.64,Debit Card,2025-08-26 02:14:15,completed,
PMT_5335,BK_5335,US_9342,185.55,UPI,2024-12-13 06:29:38,completed,
PMT_5336,BK_5336,US_9823,543.64,Debit Card,2025-10-23 10:33:04,completed,
PMT_5337,BK_5337,US_7734,718.84,Credit Card,2024-04-12 18:35:01,completed,
PMT_5338,BK_5338,US_9225,374.98,Net Banking,2025-03-21 05:39:24,completed,
PMT_5339,BK_5339,US_4136,338.84,Debit Card,2024-08-06 10:33:51,completed,
PMT_5340,BK_5340,US_5732,0.0,Wallet,2024-08-10 23:29:07,failed,
PMT_5341,BK_5341,US_6962,1125.54,Credit Card,2025-11-09 00:48:27,completed,
PMT_5342,BK_5342,US_1450,630.16,Wallet,2025-01-03 03:33:53,completed,
PMT_5343,BK_5343,US_6199,1245.24,Credit Card,2024-05-22 21:03:50,completed,
PMT_5344,BK_5344,US_18,721.86,Credit Card,2024-03-08 01:38:36,completed,
PMT_5345,BK_5345,US_9694,315.76,Wallet,2024-03-02 05:25:35,completed,
PMT_5346,BK_5346,US_4741,403.07,Net Banking,2024-03-24 08:43:34,completed,
PMT_5347,BK_5347,US_2786,1020.84,Debit Card,2025-11-19 17:00:05,completed,
PMT_5348,BK_5348,US_9541,472.71,Net Banking,2025-01-01 13:43:33,completed,
PMT_5349,BK_5349,US_3558,624.12,Credit Card,2024-07-30 22:16:37,completed,
PMT_5350,BK_5350,US_8308,666.52,Wallet,2024-08-03 18:53:46,completed,
PMT_5351,BK_5351,US_4579,1986.04,Net Banking,2024-03-26 21:37:15,completed,
PMT_5353,BK_5353,US_7674,633.09,Credit Card,2025-04-24 11:45:26,completed,
PMT_5354,BK_5354,US_8411,754.48,Debit Card,2024-01-14 11:42:30,completed,
PMT_5355,BK_5355,US_1857,287.19,Wallet,2024-03-08 16:48:58,completed,
PMT_5357,BK_5357,US_2406,224.65,Credit Card,2025-08-02 05:57:13,completed,
PMT_5359,BK_5359,US_3798,395.53,Debit Card,2024-08-12 11:33:45,completed,
PMT_5360,BK_5360,US_9313,241.71,Debit Card,2025-05-06 23:25:03,completed,
PMT_5361,BK_5361,US_2754,875.04,Net Banking,2024-04-07 12:19:22,completed,
PMT_5362,BK_5362,US_5856,1371.3600000000001,Credit Card,2024-09-03 11:23:00,completed,
PMT_5364,BK_5364,US_2003,822.24,Debit Card,2025-11-20 09:32:41,completed,
PMT_5367,BK_5367,US_1537,1363.56,Credit Card,2024-10-23 11:12:27,completed,
PMT_5368,BK_5368,US_391,363.51,Debit Card,2024-01-03 13:29:14,completed,
PMT_5369,BK_5369,US_4491,1413.33,Credit Card,2025-10-08 08:57:54,completed,
PMT_5371,BK_5371,US_4702,1060.92,UPI,2025-10-25 12:36:42,completed,
PMT_5372,BK_5372,US_4607,0.0,Debit Card,2024-04-08 04:07:12,refunded,
PMT_5374,BK_5374,US_3616,1696.92,Net Banking,2024-04-10 18:53:55,completed,
PMT_5375,BK_5375,US_7053,1267.76,Wallet,2024-02-21 23:23:58,completed,
PMT_5376,BK_5376,US_7477,290.58,Credit Card,2024-03-04 16:33:29,completed,
PMT_5377,BK_5377,US_1988,233.99,UPI,2024-06-13 06:54:14,completed,
PMT_5379,BK_5379,US_6861,0.0,Wallet,2024-02-20 12:04:09,failed,
PMT_5380,BK_5380,US_8649,278.76,Credit Card,2025-02-12 13:56:34,completed,
PMT_5381,BK_5381,US_7371,1310.3700000000001,UPI,2024-01-08 00:49:35,completed,
PMT_5382,BK_5382,US_2670,0.0,Debit Card,2024-09-14 07:53:44,failed,
PMT_5383,BK_5383,US_9499,0.0,Net Banking,2025-12-21 09:16:42,failed,
PMT_5384,BK_5384,US_8771,1259.73,Credit Card,2024-09-12 12:50:16,completed,
PMT_5385,BK_5385,US_6552,1478.56,UPI,2024-12-07 07:19:47,completed,
PMT_5386,BK_5386,US_6642,706.77,Wallet,2024-04-24 03:59:41,completed,
PMT_5387,BK_5387,US_1529,702.06,Net Banking,2024-11-03 07:01:24,completed,
PMT_5388,BK_5388,US_5911,567.54,Credit Card,2025-05-29 10:17:04,completed,
PMT_5389,BK_5389,US_4002,1696.6,Credit Card,2025-02-11 03:52:26,completed,
PMT_5390,BK_5390,US_4860,1747.44,UPI,2025-04-18 04:25:55,completed,
PMT_5391,BK_5391,US_5229,907.06,Debit Card,2025-01-14 02:46:05,completed,
PMT_5392,BK_5392,US_8252,0.0,UPI,2024-05-30 19:41:12,refunded,
PMT_5393,BK_5393,US_9899,251.64,Net Banking,2024-04-16 09:57:49,completed,
PMT_5394,BK_5394,US_3658,172.55,Net Banking,2025-04-19 22:41:55,completed,
PMT_5395,BK_5395,US_8774,1424.6999999999998,Debit Card,2025-01-25 08:53:10,completed,
PMT_5396,BK_5396,US_6409,300.02,UPI,2024-08-23 12:01:07,completed,
PMT_5397,BK_5397,US_345,1637.16,Debit Card,2025-04-15 17:56:16,completed,
PMT_5398,BK_5398,US_1741,1263.57,Credit Card,2024-06-25 20:25:47,completed,
PMT_5399,BK_5399,US_5048,0.0,Wallet,2025-03-26 20:56:17,failed,
PMT_5400,BK_5400,US_3203,1425.06,Wallet,2024-09-23 23:01:02,completed,
PMT_5403,BK_5403,US_164,340.65,Debit Card,2024-11-12 03:43:22,completed,
PMT_5404,BK_5404,US_4952,0.0,Wallet,2024-12-29 21:11:01,refunded,
PMT_5406,BK_5406,US_9495,769.86,Debit Card,2024-10-08 14:41:53,completed,
PMT_5407,BK_5407,US_1258,523.3199999999999,Net Banking,2024-06-10 00:02:01,completed,
PMT_5408,BK_5408,US_1818,263.55,Credit Card,2025-03-17 02:25:36,completed,
PMT_5409,BK_5409,US_6779,412.84,Net Banking,2025-04-29 16:18:54,completed,
PMT_5410,BK_5410,US_447,793.0500000000001,Credit Card,2025-06-13 08:03:00,completed,
PMT_5411,BK_5411,US_8461,311.48,UPI,2024-06-16 17:46:35,completed,
PMT_5413,BK_5413,US_7049,995.4,Wallet,2025-06-24 13:53:30,completed,
PMT_5414,BK_5414,US_5691,0.0,Net Banking,2024-04-02 19:03:49,failed,
PMT_5417,BK_5417,US_433,191.86,Wallet,2024-09-14 10:31:39,completed,
PMT_5418,BK_5418,US_4790,418.64,Credit Card,2025-10-27 17:19:13,completed,
PMT_5419,BK_5419,US_3901,273.18,Debit Card,2024-10-03 00:30:24,completed,
PMT_5420,BK_5420,US_3590,217.77,UPI,2025-01-19 16:31:25,completed,
PMT_5422,BK_5422,US_349,540.96,Credit Card,2025-11-20 03:00:48,completed,
PMT_5423,BK_5423,US_9440,1590.48,UPI,2024-04-18 19:31:21,completed,
PMT_5425,BK_5425,US_2366,1789.56,Credit Card,2024-05-03 21:01:44,completed,
PMT_5426,BK_5426,US_4611,771.75,Wallet,2024-07-31 20:46:54,completed,
PMT_5427,BK_5427,US_2907,801.72,Debit Card,2024-05-07 16:33:48,completed,
PMT_5428,BK_5428,US_394,234.85,Net Banking,2024-07-17 00:53:47,completed,
PMT_5429,BK_5429,US_9063,0.0,UPI,2024-11-14 12:03:29,refunded,
PMT_5430,BK_5430,US_8561,483.46,UPI,2024-08-24 08:44:24,completed,
PMT_5431,BK_5431,US_2549,0.0,Credit Card,2024-07-22 15:07:01,failed,
PMT_5432,BK_5432,US_8957,750.45,Debit Card,2025-06-26 04:44:40,completed,
PMT_5433,BK_5433,US_1476,489.59,UPI,2024-02-26 19:53:23,completed,
PMT_5435,BK_5435,US_105,928.06,Wallet,2025-12-29 04:20:10,completed,
PMT_5437,BK_5437,US_4157,1452.15,Debit Card,2024-03-28 01:13:53,completed,
PMT_5438,BK_5438,US_2354,1783.52,Net Banking,2025-08-01 11:40:21,completed,
PMT_5440,BK_5440,US_2977,357.34,Wallet,2024-11-04 20:14:47,completed,
PMT_5441,BK_5441,US_5192,658.88,Credit Card,2024-08-17 19:10:37,completed,
PMT_5442,BK_5442,US_9669,869.06,UPI,2025-09-05 16:03:08,completed,
PMT_5443,BK_5443,US_6870,634.17,UPI,2024-09-05 10:34:26,completed,
PMT_5444,BK_5444,US_6423,408.26,Wallet,2024-06-17 07:27:41,completed,
PMT_5445,BK_5445,US_9127,1064.01,Debit Card,2024-12-22 14:35:11,completed,
PMT_5446,BK_5446,US_7761,1805.64,Net Banking,2024-05-22 04:26:36,completed,
PMT_5447,BK_5447,US_6409,956.1600000000001,Wallet,2025-01-13 20:33:48,completed,
PMT_5448,BK_5448,US_4408,892.36,Debit Card,2024-04-23 21:59:26,completed,
PMT_5449,BK_5449,US_9656,0.0,Credit Card,2025-01-04 04:56:21,refunded,
PMT_5450,BK_5450,US_1839,167.07,Debit Card,2024-10-08 13:56:39,completed,
PMT_5451,BK_5451,US_1560,795.48,Debit Card,2024-05-18 15:52:05,completed,
PMT_5453,BK_5453,US_2944,462.04,Debit Card,2024-03-31 14:54:57,completed,
PMT_5454,BK_5454,US_1008,523.53,UPI,2024-12-13 07:33:14,completed,
PMT_5456,BK_5456,US_2660,168.12,Credit Card,2025-04-28 07:50:33,completed,
PMT_5457,BK_5457,US_3481,1763.68,UPI,2024-02-04 23:50:08,completed,
PMT_5458,BK_5458,US_1284,910.4100000000001,Net Banking,2025-05-22 16:11:30,completed,
PMT_5461,BK_5461,US_3356,740.64,UPI,2024-08-25 02:55:38,completed,
PMT_5462,BK_5462,US_4437,308.39,UPI,2024-03-20 20:06:43,completed,
PMT_5463,BK_5463,US_5401,446.91,Wallet,2024-07-06 16:09:40,completed,
PMT_5464,BK_5464,US_1188,382.72,Wallet,2025-01-24 06:56:59,completed,
PMT_5465,BK_5465,US_3688,1369.8899999999999,Net Banking,2025-03-16 13:45:52,completed,
PMT_5466,BK_5466,US_5540,617.94,UPI,2024-01-04 16:14:52,completed,
PMT_5467,BK_5467,US_855,496.44,Wallet,2024-03-03 00:57:46,completed,
PMT_5469,BK_5469,US_8631,1504.08,Debit Card,2025-09-14 11:51:37,completed,
PMT_5470,BK_5470,US_1393,0.0,Debit Card,2024-12-02 18:31:24,failed,
PMT_5471,BK_5471,US_7325,0.0,Credit Card,2024-09-15 00:23:59,failed,
PMT_5472,BK_5472,US_3279,1000.88,Wallet,2024-08-28 00:57:20,completed,
PMT_5473,BK_5473,US_6355,374.63,Net Banking,2025-06-23 09:02:20,completed,
PMT_5474,BK_5474,US_4800,324.98,Credit Card,2025-06-10 01:48:48,completed,
PMT_5475,BK_5475,US_6345,595.83,Net Banking,2025-11-28 23:47:45,completed,
PMT_5477,BK_5477,US_4405,1418.08,Debit Card,2025-06-23 00:39:12,completed,
PMT_5479,BK_5479,US_5462,355.38,UPI,2024-08-14 23:15:10,completed,
PMT_5480,BK_5480,US_3753,462.51,Wallet,2024-02-16 08:51:56,completed,
PMT_5481,BK_5481,US_8419,778.0,Debit Card,2024-02-02 21:43:37,completed,
PMT_5482,BK_5482,US_2135,1416.64,Credit Card,2025-05-21 22:58:25,completed,
PMT_5484,BK_5484,US_8293,362.43,Net Banking,2024-02-27 19:48:11,completed,
PMT_5485,BK_5485,US_7735,0.0,Debit Card,2025-11-22 22:30:37,failed,
PMT_5486,BK_5486,US_6180,0.0,UPI,2025-03-10 03:31:13,refunded,
PMT_5487,BK_5487,US_9558,0.0,Net Banking,2024-07-26 11:32:28,refunded,
PMT_5488,BK_5488,US_1885,1917.16,Wallet,2025-09-13 17:57:13,completed,
PMT_5490,BK_5490,US_9020,0.0,UPI,2025-04-14 23:41:15,refunded,
PMT_5491,BK_5491,US_6441,465.85,Net Banking,2024-07-28 02:37:36,completed,
PMT_5492,BK_5492,US_9088,0.0,Wallet,2024-11-11 05:41:26,refunded,
PMT_5494,BK_5494,US_5718,693.72,Wallet,2024-03-06 04:42:46,completed,
PMT_5496,BK_5496,US_9183,649.72,Credit Card,2024-02-05 02:31:13,completed,
PMT_5497,BK_5497,US_2334,481.08000000000004,UPI,2024-10-12 10:25:24,completed,
PMT_5499,BK_5499,US_202,1087.29,Credit Card,2025-07-31 16:22:12,completed,
PMT_5500,BK_5500,US_642,1184.34,Wallet,2024-08-11 19:44:40,completed,
PMT_5502,BK_5502,US_6864,971.8799999999999,Credit Card,2024-06-21 12:46:31,completed,
PMT_5503,BK_5503,US_1407,758.88,UPI,2025-12-29 09:06:37,completed,
PMT_5504,BK_5504,US_7517,0.0,UPI,2025-10-09 03:50:35,refunded,
PMT_5505,BK_5505,US_4250,912.32,Wallet,2025-08-10 15:48:32,completed,
PMT_5506,BK_5506,US_681,616.6,Wallet,2025-02-10 01:13:50,completed,
PMT_5507,BK_5507,US_1094,632.9,Debit Card,2024-04-27 17:20:13,completed,
PMT_5508,BK_5508,US_9371,1314.93,Net Banking,2024-05-26 20:24:33,completed,
PMT_5509,BK_5509,US_3679,0.0,Debit Card,2025-01-18 05:26:42,refunded,
PMT_5510,BK_5510,US_3216,774.82,Wallet,2024-09-12 09:31:10,completed,
PMT_5511,BK_5511,US_278,1085.44,UPI,2024-05-07 03:42:30,completed,
PMT_5512,BK_5512,US_615,480.97,Credit Card,2025-05-12 00:38:24,completed,
PMT_5514,BK_5514,US_8443,869.98,Net Banking,2025-05-19 20:31:27,completed,
PMT_5515,BK_5515,US_1954,953.6999999999999,Wallet,2024-11-12 09:16:13,completed,
PMT_5516,BK_5516,US_5736,904.74,UPI,2025-01-24 21:01:40,completed,
PMT_5518,BK_5518,US_1148,792.76,Net Banking,2025-12-02 04:59:46,completed,
PMT_5519,BK_5519,US_966,715.11,Credit Card,2024-05-09 16:01:01,completed,
PMT_5520,BK_5520,US_1694,1068.96,Wallet,2025-03-10 00:19:52,completed,
PMT_5521,BK_5521,US_1356,1215.24,Credit Card,2024-09-14 07:36:48,completed,
PMT_5522,BK_5522,US_1358,1412.56,Credit Card,2025-09-23 07:20:46,completed,
PMT_5523,BK_5523,US_810,707.2,Wallet,2025-12-24 06:49:56,completed,
PMT_5524,BK_5524,US_5945,0.0,Net Banking,2024-02-08 18:49:05,failed,
PMT_5525,BK_5525,US_2446,1251.0,Wallet,2024-11-07 19:01:26,completed,
PMT_5526,BK_5526,US_5006,485.44,Credit Card,2024-08-16 15:28:19,completed,
PMT_5527,BK_5527,US_1096,1208.22,UPI,2024-02-02 17:28:06,completed,
PMT_5528,BK_5528,US_1776,210.36,UPI,2024-05-19 20:57:37,completed,
PMT_5529,BK_5529,US_8396,0.0,Wallet,2024-05-26 18:54:47,refunded,
PMT_5530,BK_5530,US_288,915.78,Debit Card,2024-05-23 15:48:15,completed,
PMT_5531,BK_5531,US_8612,1454.82,Credit Card,2025-04-09 09:00:17,completed,
PMT_5532,BK_5532,US_2395,828.36,Wallet,2025-03-26 13:44:20,completed,
PMT_5534,BK_5534,US_6013,1014.06,Net Banking,2024-09-24 15:06:17,completed,
PMT_5535,BK_5535,US_3868,1387.56,UPI,2025-07-28 13:35:21,completed,
PMT_5537,BK_5537,US_8971,0.0,UPI,2025-04-28 23:00:27,failed,
PMT_5538,BK_5538,US_6179,1499.64,Debit Card,2025-11-24 01:42:52,completed,
PMT_5539,BK_5539,US_2881,725.14,Debit Card,2025-10-28 05:11:58,completed,
PMT_5540,BK_5540,US_8493,1176.15,Debit Card,2024-10-02 07:40:25,completed,
PMT_5541,BK_5541,US_6550,278.1,Net Banking,2024-06-06 07:52:18,completed,
PMT_5542,BK_5542,US_1173,1247.22,Credit Card,2024-09-22 00:25:16,completed,
PMT_5543,BK_5543,US_6998,0.0,Wallet,2024-06-09 14:10:59,failed,
PMT_5544,BK_5544,US_5682,0.0,Debit Card,2024-09-05 18:31:19,failed,
PMT_5545,BK_5545,US_2037,813.5,Credit Card,2024-04-06 09:29:37,completed,
PMT_5546,BK_5546,US_7111,891.72,Credit Card,2024-05-09 08:55:09,completed,
PMT_5547,BK_5547,US_6352,223.94,UPI,2024-06-26 11:47:40,completed,
PMT_5548,BK_5548,US_2881,1011.56,Net Banking,2024-06-05 08:29:07,completed,
PMT_5549,BK_5549,US_7150,0.0,UPI,2024-09-26 12:20:31,refunded,
PMT_5551,BK_5551,US_1240,910.4,UPI,2024-06-15 18:16:04,completed,
PMT_5552,BK_5552,US_1443,364.48,UPI,2024-09-27 16:48:42,completed,
PMT_5553,BK_5553,US_8182,385.14,Net Banking,2024-11-12 08:36:08,completed,
PMT_5555,BK_5555,US_2144,1084.02,UPI,2024-06-01 16:02:03,completed,
PMT_5556,BK_5556,US_4901,430.8,Wallet,2025-04-29 21:42:44,completed,
PMT_5557,BK_5557,US_1807,0.0,UPI,2024-11-10 06:56:37,refunded,
PMT_5558,BK_5558,US_9578,218.29,Wallet,2024-03-30 05:48:49,completed,
PMT_5559,BK_5559,US_6448,0.0,Credit Card,2025-06-06 07:02:25,failed,
PMT_5560,BK_5560,US_7470,362.27,Debit Card,2024-07-14 00:13:10,completed,
PMT_5561,BK_5561,US_957,0.0,Net Banking,2024-07-09 15:23:04,failed,
PMT_5562,BK_5562,US_3766,553.4399999999999,Debit Card,2024-12-04 16:16:00,completed,
PMT_5563,BK_5563,US_3987,1265.48,Credit Card,2025-11-15 01:26:10,completed,
PMT_5564,BK_5564,US_461,0.0,Net Banking,2025-10-08 02:15:56,refunded,
PMT_5565,BK_5565,US_645,915.64,Net Banking,2024-10-08 17:21:14,completed,
PMT_5566,BK_5566,US_2046,0.0,Net Banking,2025-08-10 16:45:47,refunded,
PMT_5568,BK_5568,US_7673,773.84,Debit Card,2024-01-11 02:56:48,completed,
PMT_5570,BK_5570,US_6976,1203.96,Wallet,2024-11-23 08:23:51,completed,
PMT_5571,BK_5571,US_2414,326.84,UPI,2024-05-02 04:24:53,completed,
PMT_5572,BK_5572,US_4122,682.88,Net Banking,2024-06-04 22:44:15,completed,
PMT_5573,BK_5573,US_7621,986.3,Credit Card,2025-02-17 07:41:35,completed,
PMT_5574,BK_5574,US_812,1567.64,Credit Card,2025-05-23 07:01:47,completed,
PMT_5575,BK_5575,US_2310,616.96,Credit Card,2025-05-14 22:08:58,completed,
PMT_5576,BK_5576,US_8013,0.0,Credit Card,2024-11-26 00:14:30,failed,
PMT_5577,BK_5577,US_2123,1127.92,Credit Card,2024-01-13 02:03:06,completed,
PMT_5578,BK_5578,US_7014,750.14,Wallet,2024-11-08 17:18:35,completed,
PMT_5579,BK_5579,US_6179,921.32,UPI,2025-11-23 02:12:58,completed,
PMT_5581,BK_5581,US_2882,674.55,Net Banking,2025-05-02 06:46:12,completed,
PMT_5582,BK_5582,US_1115,410.13,Debit Card,2024-11-08 17:56:37,completed,
PMT_5583,BK_5583,US_9668,300.75,Credit Card,2024-04-24 18:53:50,completed,
PMT_5584,BK_5584,US_6864,368.2,Wallet,2024-09-17 04:02:30,completed,
PMT_5585,BK_5585,US_4915,1270.3799999999999,Credit Card,2025-12-22 19:16:53,completed,
PMT_5586,BK_5586,US_8597,485.04,Debit Card,2025-08-06 14:53:12,completed,
PMT_5587,BK_5587,US_1118,927.62,UPI,2024-01-08 02:44:57,completed,
PMT_5588,BK_5588,US_408,366.78,UPI,2025-08-26 03:32:03,completed,
PMT_5589,BK_5589,US_2875,1348.68,Wallet,2025-09-30 10:48:36,completed,
PMT_5590,BK_5590,US_3864,0.0,Debit Card,2025-11-10 08:37:52,refunded,
PMT_5591,BK_5591,US_4759,920.46,Wallet,2024-10-18 08:05:00,completed,
PMT_5592,BK_5592,US_9835,742.48,UPI,2025-09-18 06:47:01,completed,
PMT_5594,BK_5594,US_567,0.0,Wallet,2025-09-08 05:54:35,failed,
PMT_5595,BK_5595,US_8210,0.0,UPI,2025-02-05 17:12:45,refunded,
PMT_5596,BK_5596,US_9844,931.4,Debit Card,2024-01-26 07:27:33,completed,
PMT_5597,BK_5597,US_7415,710.91,Credit Card,2025-01-13 18:04:22,completed,
PMT_5598,BK_5598,US_2510,479.7,Credit Card,2025-12-18 21:51:33,completed,
PMT_5599,BK_5599,US_1404,493.67,Credit Card,2025-02-10 11:03:41,completed,
PMT_5600,BK_5600,US_9968,427.36,Net Banking,2024-07-15 05:01:51,completed,
PMT_5601,BK_5601,US_9496,1214.24,Wallet,2025-10-04 14:07:44,completed,
PMT_5602,BK_5602,US_5516,1374.1200000000001,UPI,2025-01-25 03:19:13,completed,
PMT_5603,BK_5603,US_7282,197.59,Wallet,2024-12-02 00:45:33,completed,
PMT_5604,BK_5604,US_1132,338.78,Net Banking,2025-04-07 07:20:06,completed,
PMT_5605,BK_5605,US_3543,425.58,Credit Card,2025-08-06 21:18:19,completed,
PMT_5606,BK_5606,US_6197,697.78,UPI,2024-01-02 06:35:20,completed,
PMT_5607,BK_5607,US_4610,0.0,UPI,2025-11-20 22:25:50,refunded,
PMT_5609,BK_5609,US_6911,1064.76,Debit Card,2025-02-21 01:59:09,completed,
PMT_5610,BK_5610,US_5243,1232.94,Net Banking,2025-12-12 00:41:04,completed,
PMT_5611,BK_5611,US_5813,1963.72,Wallet,2025-06-17 15:40:38,completed,
PMT_5612,BK_5612,US_5501,1497.81,UPI,2025-08-25 10:13:50,completed,
PMT_5613,BK_5613,US_1931,374.72,Net Banking,2025-06-04 15:39:09,completed,
PMT_5614,BK_5614,US_6468,861.5999999999999,Credit Card,2025-05-05 06:06:48,completed,
PMT_5615,BK_5615,US_4436,0.0,Debit Card,2024-06-03 12:28:04,failed,
PMT_5616,BK_5616,US_7582,1414.77,Debit Card,2025-04-30 11:59:55,completed,
PMT_5617,BK_5617,US_6312,344.66,UPI,2024-07-22 23:13:22,completed,
PMT_5618,BK_5618,US_7862,0.0,Net Banking,2025-02-06 12:26:32,failed,
PMT_5620,BK_5620,US_9432,842.52,Wallet,2025-10-08 17:07:40,completed,
PMT_5621,BK_5621,US_306,155.85,Net Banking,2025-06-25 11:22:21,completed,
PMT_5622,BK_5622,US_7492,334.39,Wallet,2025-07-08 21:02:35,completed,
PMT_5624,BK_5624,US_9075,0.0,Net Banking,2025-02-02 09:27:18,failed,
PMT_5625,BK_5625,US_1560,820.6200000000001,Credit Card,2025-01-30 22:38:51,completed,
PMT_5626,BK_5626,US_7198,1695.4,Net Banking,2024-06-22 19:47:01,completed,
PMT_5627,BK_5627,US_6622,0.0,Debit Card,2025-02-11 04:32:44,failed,
PMT_5628,BK_5628,US_1819,0.0,Net Banking,2024-06-03 12:52:54,failed,
PMT_5629,BK_5629,US_7418,227.09,Debit Card,2024-03-12 16:01:58,completed,
PMT_5630,BK_5630,US_9644,1014.9300000000001,UPI,2024-02-12 01:23:45,completed,
PMT_5631,BK_5631,US_3364,984.22,UPI,2025-12-28 10:30:17,completed,
PMT_5632,BK_5632,US_8380,1296.76,Wallet,2025-02-26 21:37:42,completed,
PMT_5635,BK_5635,US_6657,0.0,Net Banking,2025-04-14 23:57:07,failed,
PMT_5636,BK_5636,US_2949,1413.8,Net Banking,2025-03-31 23:22:27,completed,
PMT_5637,BK_5637,US_278,1426.1399999999999,Credit Card,2025-10-17 01:17:11,completed,
PMT_5638,BK_5638,US_2166,783.75,Credit Card,2025-12-19 14:52:14,completed,
PMT_5639,BK_5639,US_7098,1613.32,UPI,2024-08-21 14:10:36,completed,
PMT_5640,BK_5640,US_7940,416.2,Net Banking,2025-06-24 11:15:06,completed,
PMT_5642,BK_5642,US_4897,550.5600000000001,Credit Card,2024-12-22 08:40:00,completed,
PMT_5643,BK_5643,US_1358,741.33,Credit Card,2025-05-29 08:27:35,completed,
PMT_5644,BK_5644,US_1136,748.88,Net Banking,2025-07-22 13:15:46,completed,
PMT_5645,BK_5645,US_2944,0.0,Net Banking,2024-08-19 00:11:46,refunded,
PMT_5647,BK_5647,US_7669,479.72,Wallet,2025-07-07 23:03:48,completed,
PMT_5648,BK_5648,US_4350,536.73,Wallet,2024-11-27 00:58:16,completed,
PMT_5649,BK_5649,US_6694,256.62,UPI,2024-02-26 20:26:48,completed,
PMT_5650,BK_5650,US_6337,879.96,UPI,2024-05-05 03:30:00,completed,
PMT_5651,BK_5651,US_7660,1406.82,Credit Card,2024-02-25 18:40:42,completed,
PMT_5652,BK_5652,US_8295,0.0,Wallet,2024-12-09 22:03:37,failed,
PMT_5653,BK_5653,US_9033,931.24,Wallet,2024-06-20 06:55:33,completed,
PMT_5654,BK_5654,US_486,938.28,Net Banking,2025-12-11 03:08:18,completed,
PMT_5655,BK_5655,US_2248,488.0,Credit Card,2024-04-04 11:22:14,completed,
PMT_5656,BK_5656,US_5005,466.78,Wallet,2025-02-02 08:25:19,completed,
PMT_5658,BK_5658,US_2040,1959.56,Credit Card,2025-09-16 15:44:18,completed,
PMT_5660,BK_5660,US_5436,436.53,Wallet,2024-07-04 13:22:22,completed,
PMT_5661,BK_5661,US_16,313.92,Wallet,2024-09-29 05:59:37,completed,
PMT_5662,BK_5662,US_4812,0.0,UPI,2024-11-12 02:05:28,failed,
PMT_5663,BK_5663,US_6125,1846.64,Wallet,2024-08-07 05:59:10,completed,
PMT_5664,BK_5664,US_8185,979.36,Debit Card,2024-02-12 07:28:00,completed,
PMT_5665,BK_5665,US_9201,819.06,Net Banking,2025-12-29 18:34:32,completed,
PMT_5666,BK_5666,US_3853,934.96,Net Banking,2025-10-11 02:38:23,completed,
PMT_5667,BK_5667,US_2473,262.43,Net Banking,2024-11-07 23:54:09,completed,
PMT_5668,BK_5668,US_5669,1170.33,Wallet,2024-02-05 01:49:56,completed,
PMT_5669,BK_5669,US_9414,951.32,Wallet,2025-11-15 20:43:44,completed,
PMT_5670,BK_5670,US_6118,339.91,Credit Card,2025-04-14 19:50:32,completed,
PMT_5672,BK_5672,US_294,957.27,UPI,2025-04-28 05:27:44,completed,
PMT_5673,BK_5673,US_4040,1223.25,Debit Card,2025-07-31 14:31:39,completed,
PMT_5675,BK_5675,US_4130,1639.16,Credit Card,2024-09-16 07:25:42,completed,
PMT_5676,BK_5676,US_3016,250.22,Wallet,2025-01-13 23:34:02,completed,
PMT_5677,BK_5677,US_9066,320.21,Credit Card,2024-09-18 17:49:08,completed,
PMT_5678,BK_5678,US_7136,0.0,UPI,2024-11-14 09:19:33,failed,
PMT_5679,BK_5679,US_7706,1106.46,Debit Card,2025-02-28 04:58:04,completed,
PMT_5680,BK_5680,US_2549,716.36,Wallet,2025-05-18 05:58:39,completed,
PMT_5682,BK_5682,US_1699,1437.78,UPI,2025-11-09 22:49:15,completed,
PMT_5683,BK_5683,US_3647,862.89,UPI,2025-09-13 07:40:45,completed,
PMT_5684,BK_5684,US_9405,1511.48,Wallet,2025-11-27 04:20:08,completed,
PMT_5686,BK_5686,US_957,471.33000000000004,Debit Card,2024-08-04 12:34:33,completed,
PMT_5687,BK_5687,US_1528,1520.68,Credit Card,2025-01-29 07:55:20,completed,
PMT_5688,BK_5688,US_1214,219.83,Credit Card,2024-10-17 19:07:45,completed,
PMT_5689,BK_5689,US_8286,0.0,UPI,2025-01-11 07:57:48,failed,
PMT_5690,BK_5690,US_7138,167.5,Wallet,2024-05-31 20:07:11,completed,
PMT_5692,BK_5692,US_7923,882.42,Debit Card,2024-03-07 05:11:33,completed,
PMT_5693,BK_5693,US_7239,986.8799999999999,Net Banking,2024-02-23 23:13:52,completed,
PMT_5694,BK_5694,US_9614,1909.88,UPI,2024-12-17 18:56:27,completed,
PMT_5695,BK_5695,US_7648,0.0,Wallet,2024-01-15 18:34:26,failed,
PMT_5697,BK_5697,US_7002,1322.88,Debit Card,2025-07-27 12:33:44,completed,
PMT_5698,BK_5698,US_1670,766.5,Wallet,2024-04-26 23:43:23,completed,
PMT_5699,BK_5699,US_522,409.84,UPI,2025-03-28 13:11:10,completed,
PMT_5700,BK_5700,US_3989,455.72,Net Banking,2025-12-07 08:30:48,completed,
PMT_5702,BK_5702,US_5203,840.9,UPI,2024-11-08 00:44:05,completed,
PMT_5703,BK_5703,US_2367,0.0,Wallet,2025-02-07 05:05:52,failed,
PMT_5705,BK_5705,US_7024,0.0,Credit Card,2024-05-20 07:37:07,refunded,
PMT_5707,BK_5707,US_1012,0.0,Debit Card,2024-01-23 22:21:56,refunded,
PMT_5708,BK_5708,US_1843,185.84,UPI,2024-10-14 04:24:45,completed,
PMT_5709,BK_5709,US_9336,1188.6,Debit Card,2025-05-02 15:06:11,completed,
PMT_5710,BK_5710,US_9259,1060.74,Credit Card,2025-02-11 18:01:11,completed,
PMT_5711,BK_5711,US_8741,1468.83,Credit Card,2025-08-07 14:02:33,completed,
PMT_5712,BK_5712,US_5675,0.0,UPI,2024-07-25 00:59:47,failed,
PMT_5713,BK_5713,US_8019,1879.28,Credit Card,2024-10-18 04:59:51,completed,
PMT_5714,BK_5714,US_7168,733.94,UPI,2025-03-29 14:22:07,completed,
PMT_5715,BK_5715,US_3508,485.12,Debit Card,2024-02-20 17:00:44,completed,
PMT_5716,BK_5716,US_1679,1676.36,Net Banking,2024-01-27 20:11:13,completed,
PMT_5717,BK_5717,US_7030,189.98,UPI,2025-04-27 22:40:41,completed,
PMT_5718,BK_5718,US_432,239.19,Wallet,2025-06-26 16:41:43,completed,
PMT_5719,BK_5719,US_3126,942.78,Net Banking,2024-09-23 15:03:01,completed,
PMT_5721,BK_5721,US_4229,418.78,Credit Card,2025-05-30 01:09:20,completed,
PMT_5722,BK_5722,US_3043,905.38,Credit Card,2024-02-29 08:19:41,completed,
PMT_5723,BK_5723,US_4009,673.52,UPI,2025-09-29 20:06:00,completed,
PMT_5725,BK_5725,US_2669,1008.96,Debit Card,2024-03-09 04:46:33,completed,
PMT_5727,BK_5727,US_2830,388.84,Net Banking,2024-02-25 19:10:43,completed,
PMT_5728,BK_5728,US_9639,604.17,UPI,2024-04-01 00:45:16,completed,
PMT_5730,BK_5730,US_1678,0.0,Credit Card,2024-03-11 22:32:28,failed,
PMT_5731,BK_5731,US_9361,1480.5,Debit Card,2024-07-07 13:18:41,completed,
PMT_5732,BK_5732,US_5655,0.0,UPI,2024-08-01 11:18:34,failed,
PMT_5733,BK_5733,US_2801,162.57,Net Banking,2025-07-30 05:59:29,completed,
PMT_5735,BK_5735,US_2002,983.28,UPI,2025-05-04 04:41:23,completed,
PMT_5737,BK_5737,US_7673,162.57,Wallet,2025-10-23 18:03:21,completed,
PMT_5738,BK_5738,US_7590,1568.44,Debit Card,2025-01-20 11:49:40,completed,
PMT_5739,BK_5739,US_2170,0.0,UPI,2024-04-28 11:08:20,refunded,
PMT_5740,BK_5740,US_922,948.96,Debit Card,2024-04-25 12:46:34,completed,
PMT_5741,BK_5741,US_4301,1824.08,Credit Card,2024-05-20 20:05:05,completed,
PMT_5742,BK_5742,US_1776,537.21,Debit Card,2024-06-30 09:02:31,completed,
PMT_5743,BK_5743,US_8156,853.56,UPI,2024-09-08 01:25:25,completed,
PMT_5744,BK_5744,US_3423,859.02,Credit Card,2025-10-14 15:15:40,completed,
PMT_5745,BK_5745,US_1174,162.12,Credit Card,2024-12-28 08:57:54,completed,
PMT_5746,BK_5746,US_5925,385.23,Debit Card,2024-08-08 13:03:48,completed,
PMT_5747,BK_5747,US_4094,1506.72,Debit Card,2024-12-22 11:14:08,completed,
PMT_5748,BK_5748,US_1643,352.6,Wallet,2024-04-11 05:46:01,completed,
PMT_5749,BK_5749,US_2023,1130.68,UPI,2025-05-19 19:40:09,completed,
PMT_5750,BK_5750,US_2985,528.99,Net Banking,2025-01-13 09:14:03,completed,
PMT_5751,BK_5751,US_7437,502.16,UPI,2025-11-15 19:05:17,completed,
PMT_5755,BK_5755,US_3833,696.48,Wallet,2024-11-08 03:12:47,completed,
PMT_5756,BK_5756,US_8515,1572.08,Credit Card,2024-09-28 23:03:56,completed,
PMT_5757,BK_5757,US_3577,1584.64,Debit Card,2024-04-11 20:09:47,completed,
PMT_5758,BK_5758,US_7931,349.53,UPI,2024-05-29 02:59:18,completed,
PMT_5760,BK_5760,US_684,441.72,Debit Card,2024-07-24 14:33:24,completed,
PMT_5761,BK_5761,US_6076,1463.49,Net Banking,2024-10-17 23:01:45,completed,
PMT_5764,BK_5764,US_2560,1867.12,UPI,2024-10-14 17:54:05,completed,
PMT_5765,BK_5765,US_5225,1799.32,UPI,2025-06-11 17:43:09,completed,
PMT_5766,BK_5766,US_9298,1021.56,Net Banking,2024-11-15 10:45:30,completed,
PMT_5767,BK_5767,US_395,511.22,Net Banking,2025-10-19 17:28:17,completed,
PMT_5768,BK_5768,US_631,1261.32,Wallet,2024-06-12 01:52:21,completed,
PMT_5770,BK_5770,US_9424,676.8,UPI,2024-08-20 15:33:34,completed,
PMT_5771,BK_5771,US_274,165.86,Net Banking,2024-01-17 20:16:21,completed,
PMT_5772,BK_5772,US_3779,883.64,UPI,2024-10-03 15:31:31,completed,
PMT_5773,BK_5773,US_9953,569.55,Debit Card,2025-01-05 22:51:51,completed,
PMT_5774,BK_5774,US_2532,280.22,Wallet,2025-07-15 11:17:55,completed,
PMT_5776,BK_5776,US_3098,1316.3700000000001,Wallet,2024-09-02 15:11:50,completed,
PMT_5777,BK_5777,US_502,0.0,Debit Card,2025-06-30 22:11:15,failed,
PMT_5778,BK_5778,US_5723,1451.6100000000001,Credit Card,2024-09-27 22:10:57,completed,
PMT_5779,BK_5779,US_2066,1337.73,UPI,2025-08-14 13:34:18,completed,
PMT_5780,BK_5780,US_515,251.64,Credit Card,2025-11-11 17:52:51,completed,
PMT_5781,BK_5781,US_2325,0.0,Debit Card,2024-11-21 00:14:34,failed,
PMT_5782,BK_5782,US_3516,0.0,Debit Card,2025-05-01 22:49:07,refunded,
PMT_5783,BK_5783,US_2974,1148.6999999999998,Net Banking,2025-06-12 06:47:07,completed,
PMT_5784,BK_5784,US_950,475.76,Wallet,2025-04-02 02:59:14,completed,
PMT_5786,BK_5786,US_1490,671.1,UPI,2024-07-31 00:42:15,completed,
PMT_5787,BK_5787,US_9194,237.01,Credit Card,2025-04-01 22:50:21,completed,
PMT_5788,BK_5788,US_4276,341.0,Credit Card,2025-03-10 20:11:47,completed,
PMT_5790,BK_5790,US_8884,1077.9,Credit Card,2025-09-22 21:30:44,completed,
PMT_5792,BK_5792,US_8448,558.51,Wallet,2025-06-16 04:44:38,completed,
PMT_5793,BK_5793,US_1687,355.56,Credit Card,2025-06-08 13:28:35,completed,
PMT_5794,BK_5794,US_3420,1669.8,Debit Card,2024-04-12 16:59:27,completed,
PMT_5795,BK_5795,US_9728,496.78,Debit Card,2024-04-26 16:18:13,completed,
PMT_5796,BK_5796,US_9290,459.54,UPI,2024-01-01 22:07:32,completed,
PMT_5797,BK_5797,US_4595,733.5600000000001,Credit Card,2025-01-09 03:37:49,completed,
PMT_5798,BK_5798,US_6598,1459.17,Credit Card,2024-03-25 14:07:25,completed,
PMT_5799,BK_5799,US_8677,0.0,Credit Card,2024-10-25 13:42:32,failed,
PMT_5801,BK_5801,US_8195,679.74,Credit Card,2024-06-12 22:09:11,completed,
PMT_5802,BK_5802,US_9096,1147.74,Wallet,2024-02-23 01:11:33,completed,
PMT_5804,BK_5804,US_818,1266.75,Credit Card,2024-03-31 18:33:51,completed,
PMT_5805,BK_5805,US_9076,345.74,Credit Card,2025-03-09 21:05:51,completed,
PMT_5806,BK_5806,US_2772,593.26,Net Banking,2025-06-24 02:22:37,completed,
PMT_5808,BK_5808,US_5021,523.76,Wallet,2024-06-22 04:07:49,completed,
PMT_5810,BK_5810,US_6876,1510.32,Net Banking,2024-09-02 21:08:01,completed,
PMT_5811,BK_5811,US_900,422.47,Credit Card,2024-12-27 17:58:39,completed,
PMT_5813,BK_5813,US_1997,1140.99,Wallet,2024-09-08 01:54:48,completed,
PMT_5815,BK_5815,US_5190,0.0,UPI,2025-05-04 08:17:54,failed,
PMT_5816,BK_5816,US_5570,944.0999999999999,UPI,2025-04-06 10:15:25,completed,
PMT_5817,BK_5817,US_4772,444.12,Debit Card,2024-06-10 01:23:47,completed,
PMT_5818,BK_5818,US_7977,712.06,UPI,2024-11-29 09:46:00,completed,
PMT_5819,BK_5819,US_6471,697.82,UPI,2024-04-20 21:03:42,completed,
PMT_5820,BK_5820,US_115,331.2,Credit Card,2024-07-06 02:02:28,completed,
PMT_5823,BK_5823,US_6696,390.62,Net Banking,2025-08-10 02:04:50,completed,
PMT_5824,BK_5824,US_640,561.1,Wallet,2024-08-13 20:44:04,completed,
PMT_5825,BK_5825,US_309,0.0,Debit Card,2025-09-14 03:42:03,refunded,
PMT_5826,BK_5826,US_7972,760.0,Net Banking,2024-02-23 23:13:56,completed,
PMT_5827,BK_5827,US_9772,393.52,Credit Card,2024-08-13 03:11:55,completed,
PMT_5828,BK_5828,US_6741,0.0,Wallet,2024-03-18 09:08:45,refunded,
PMT_5829,BK_5829,US_2301,463.85,Net Banking,2024-12-14 07:12:30,completed,
PMT_5830,BK_5830,US_5867,538.02,Wallet,2025-01-28 13:48:18,completed,
PMT_5831,BK_5831,US_2780,1335.4,Credit Card,2025-06-14 23:42:36,completed,
PMT_5832,BK_5832,US_8958,538.86,UPI,2025-01-17 15:56:52,completed,
PMT_5833,BK_5833,US_3437,712.12,Credit Card,2025-04-18 22:08:45,completed,
PMT_5834,BK_5834,US_1395,1419.69,UPI,2024-12-27 04:23:15,completed,
PMT_5836,BK_5836,US_5802,947.1600000000001,Debit Card,2025-08-26 14:10:07,completed,
PMT_5837,BK_5837,US_6406,0.0,Debit Card,2025-06-22 21:19:52,failed,
PMT_5839,BK_5839,US_4523,415.15,Net Banking,2024-12-17 23:22:30,completed,
PMT_5840,BK_5840,US_4779,1256.36,Net Banking,2024-01-01 05:26:53,completed,
PMT_5841,BK_5841,US_7081,1779.72,Wallet,2025-01-19 07:11:19,completed,
PMT_5842,BK_5842,US_3806,515.12,UPI,2024-08-28 18:56:39,completed,
PMT_5843,BK_5843,US_2293,1288.16,UPI,2025-08-02 21:52:48,completed,
PMT_5844,BK_5844,US_6207,162.8,Net Banking,2024-04-04 09:12:12,completed,
PMT_5845,BK_5845,US_4510,828.0899999999999,Credit Card,2025-03-14 03:12:39,completed,
PMT_5846,BK_5846,US_8880,748.2,Wallet,2025-09-14 05:57:25,completed,
PMT_5848,BK_5848,US_9099,1240.8,Credit Card,2024-01-02 23:21:35,completed,
PMT_5849,BK_5849,US_8729,1760.44,Debit Card,2025-03-03 12:28:07,completed,
PMT_5850,BK_5850,US_1818,1731.8,Wallet,2024-01-09 18:35:12,completed,
PMT_5851,BK_5851,US_2392,485.79,Wallet,2024-03-29 12:49:57,completed,
PMT_5852,BK_5852,US_7868,0.0,Debit Card,2025-03-24 15:01:53,refunded,
PMT_5853,BK_5853,US_1035,1070.3700000000001,UPI,2025-11-10 02:29:33,completed,
PMT_5854,BK_5854,US_5724,1121.16,Net Banking,2025-07-09 07:42:40,completed,
PMT_5855,BK_5855,US_6347,863.12,UPI,2024-12-22 07:49:42,completed,
PMT_5856,BK_5856,US_9161,874.84,Net Banking,2024-07-12 22:08:27,completed,
PMT_5857,BK_5857,US_4503,1447.1999999999998,Wallet,2024-06-23 19:00:56,completed,
PMT_5858,BK_5858,US_2995,480.39,Credit Card,2024-05-05 21:20:19,completed,
PMT_5859,BK_5859,US_9450,1368.81,UPI,2024-01-12 11:22:31,completed,
PMT_5860,BK_5860,US_6254,0.0,Debit Card,2024-10-20 09:22:45,failed,
PMT_5861,BK_5861,US_8513,806.68,Wallet,2024-06-09 17:19:26,completed,
PMT_5862,BK_5862,US_7441,1192.8600000000001,Debit Card,2024-03-31 15:19:20,completed,
PMT_5863,BK_5863,US_1479,841.34,Debit Card,2025-07-23 17:28:03,completed,
PMT_5864,BK_5864,US_6621,1102.65,Net Banking,2025-09-16 14:45:51,completed,
PMT_5865,BK_5865,US_565,0.0,Wallet,2024-07-11 03:47:35,refunded,
PMT_5866,BK_5866,US_4970,1285.6200000000001,UPI,2024-09-17 14:19:35,completed,
PMT_5867,BK_5867,US_894,822.2,Wallet,2025-07-30 14:14:52,completed,
PMT_5868,BK_5868,US_1011,447.35,Net Banking,2024-11-17 10:08:51,completed,
PMT_5870,BK_5870,US_5753,574.74,UPI,2025-10-29 17:31:24,completed,
PMT_5871,BK_5871,US_7362,305.4,Credit Card,2024-12-08 22:07:43,completed,
PMT_5872,BK_5872,US_2652,784.76,Credit Card,2025-11-02 11:24:07,completed,
PMT_5873,BK_5873,US_4524,498.38,Net Banking,2024-01-10 03:24:04,completed,
PMT_5874,BK_5874,US_7852,0.0,UPI,2025-03-15 02:43:21,failed,
PMT_5875,BK_5875,US_8462,283.5,Debit Card,2024-03-07 13:13:58,completed,
PMT_5876,BK_5876,US_5306,1672.4,Wallet,2025-05-02 06:27:52,completed,
PMT_5877,BK_5877,US_3765,296.18,UPI,2025-10-14 02:18:53,completed,
PMT_5878,BK_5878,US_5745,0.0,Net Banking,2025-08-11 04:40:45,failed,
PMT_5879,BK_5879,US_2095,0.0,Net Banking,2024-07-11 07:56:02,refunded,
PMT_5880,BK_5880,US_3968,526.9,Wallet,2025-01-29 05:45:46,completed,
PMT_5881,BK_5881,US_8087,677.1899999999999,Wallet,2024-05-15 20:33:08,completed,
PMT_5882,BK_5882,US_7389,352.51,Debit Card,2025-02-16 12:15:02,completed,
PMT_5883,BK_5883,US_2884,1378.98,UPI,2024-06-03 08:57:41,completed,
PMT_5884,BK_5884,US_4153,775.74,Credit Card,2024-01-21 16:35:48,completed,
PMT_5885,BK_5885,US_8682,930.2,Debit Card,2025-12-12 22:55:32,completed,
PMT_5886,BK_5886,US_2413,354.98,UPI,2025-01-05 13:00:56,completed,
PMT_5887,BK_5887,US_3151,261.79,UPI,2025-02-13 10:20:34,completed,
PMT_5888,BK_5888,US_3050,723.58,Wallet,2024-06-16 21:18:15,completed,
PMT_5889,BK_5889,US_1357,235.11,UPI,2025-10-19 03:36:15,completed,
PMT_5890,BK_5890,US_9864,0.0,Net Banking,2024-02-25 07:51:02,failed,
PMT_5891,BK_5891,US_2426,1368.09,Net Banking,2024-01-23 20:54:59,completed,
PMT_5892,BK_5892,US_6154,1853.72,UPI,2025-01-04 20:44:57,completed,
PMT_5894,BK_5894,US_9346,517.92,UPI,2024-03-16 00:53:11,completed,
PMT_5895,BK_5895,US_8797,1454.04,Credit Card,2024-02-04 21:43:28,completed,
PMT_5896,BK_5896,US_6212,377.05,Credit Card,2024-12-27 10:40:55,completed,
PMT_5897,BK_5897,US_2455,1314.96,Debit Card,2025-01-19 05:01:33,completed,
PMT_5899,BK_5899,US_9665,1219.5,UPI,2025-02-17 16:17:30,completed,
PMT_5901,BK_5901,US_4958,153.62,Wallet,2024-05-25 12:14:51,completed,
PMT_5903,BK_5903,US_125,467.98,UPI,2025-06-21 06:30:58,completed,
PMT_5904,BK_5904,US_7089,453.16,Net Banking,2025-10-16 06:13:29,completed,
PMT_5907,BK_5907,US_3522,1305.03,Debit Card,2024-12-14 11:31:15,completed,
PMT_5909,BK_5909,US_8707,722.22,Net Banking,2025-03-12 08:42:21,completed,
PMT_5910,BK_5910,US_4018,747.68,Debit Card,2024-09-20 19:38:24,completed,
PMT_5912,BK_5912,US_2163,946.04,Wallet,2024-07-17 15:00:04,completed,
PMT_5913,BK_5913,US_6841,0.0,Credit Card,2025-03-22 06:51:57,refunded,
PMT_5914,BK_5914,US_6088,150.01,UPI,2025-11-23 00:02:43,completed,
PMT_5915,BK_5915,US_2055,0.0,Credit Card,2025-06-16 16:41:50,failed,
PMT_5916,BK_5916,US_6519,164.33,Net Banking,2024-10-30 10:19:16,completed,
PMT_5917,BK_5917,US_9091,1966.36,UPI,2024-03-29 13:47:28,completed,
PMT_5918,BK_5918,US_2405,995.66,Debit Card,2025-11-07 08:30:50,completed,
PMT_5919,BK_5919,US_1999,1726.6,Debit Card,2024-04-10 01:33:48,completed,
PMT_5920,BK_5920,US_8348,1016.3399999999999,Credit Card,2025-08-10 12:30:15,completed,
PMT_5921,BK_5921,US_1088,807.5999999999999,Net Banking,2025-07-08 11:08:11,completed,
PMT_5922,BK_5922,US_2433,1430.36,Credit Card,2024-09-08 19:52:03,completed,
PMT_5924,BK_5924,US_3578,580.89,Debit Card,2025-11-08 01:29:50,completed,
PMT_5925,BK_5925,US_3906,743.16,Debit Card,2024-07-15 21:56:07,completed,
PMT_5928,BK_5928,US_7477,955.22,Wallet,2025-11-10 17:52:45,completed,
PMT_5929,BK_5929,US_2176,906.32,Wallet,2024-04-27 10:11:38,completed,
PMT_5930,BK_5930,US_3577,0.0,Debit Card,2024-12-24 17:02:49,failed,
PMT_5931,BK_5931,US_5327,352.02,Debit Card,2025-02-08 07:27:04,completed,
PMT_5932,BK_5932,US_8712,1207.8899999999999,Credit Card,2024-05-04 09:18:54,completed,
PMT_5933,BK_5933,US_6931,756.16,Net Banking,2024-08-09 05:18:20,completed,
PMT_5934,BK_5934,US_5024,1731.36,Wallet,2024-06-02 09:05:19,completed,
PMT_5936,BK_5936,US_1494,0.0,Debit Card,2025-06-17 04:52:13,failed,
PMT_5937,BK_5937,US_30,993.16,Debit Card,2024-09-09 17:09:37,completed,
PMT_5938,BK_5938,US_2395,1128.12,Credit Card,2024-04-28 00:00:02,completed,
PMT_5939,BK_5939,US_6645,602.8499999999999,Credit Card,2024-05-13 03:29:28,completed,
PMT_5941,BK_5941,US_4353,426.52,Debit Card,2025-02-08 20:46:09,completed,
PMT_5942,BK_5942,US_2857,0.0,UPI,2025-02-22 06:22:51,refunded,
PMT_5943,BK_5943,US_1528,1003.76,Debit Card,2024-11-02 13:30:06,completed,
PMT_5944,BK_5944,US_106,1109.67,Net Banking,2024-02-07 07:28:27,completed,
PMT_5945,BK_5945,US_9163,1875.76,UPI,2025-02-12 18:13:09,completed,
PMT_5946,BK_5946,US_2726,809.6,Wallet,2025-04-26 03:36:16,completed,
PMT_5947,BK_5947,US_7956,1257.24,Credit Card,2025-08-21 21:06:30,completed,
PMT_5948,BK_5948,US_7554,476.13,Debit Card,2025-07-04 09:08:23,completed,
PMT_5951,BK_5951,US_5771,1381.84,UPI,2024-02-25 01:43:12,completed,
PMT_5952,BK_5952,US_1033,862.02,Credit Card,2024-08-27 20:54:04,completed,
PMT_5953,BK_5953,US_69,650.76,Wallet,2025-06-20 09:44:41,completed,
PMT_5954,BK_5954,US_1003,236.48,UPI,2024-02-28 16:00:35,completed,
PMT_5955,BK_5955,US_7076,492.15,Net Banking,2024-12-28 14:11:43,completed,
PMT_5956,BK_5956,US_5242,969.88,Debit Card,2024-04-30 08:05:06,completed,
PMT_5957,BK_5957,US_6717,1189.0,UPI,2025-12-30 19:30:13,completed,
PMT_5958,BK_5958,US_3678,1339.8000000000002,Wallet,2025-06-27 10:19:38,completed,
PMT_5959,BK_5959,US_6410,0.0,Net Banking,2024-01-15 08:24:39,failed,
PMT_5960,BK_5960,US_4624,1381.1399999999999,Net Banking,2024-03-13 13:43:03,completed,
PMT_5961,BK_5961,US_1911,232.13,Wallet,2024-12-21 14:47:33,completed,
PMT_5962,BK_5962,US_5699,317.3,Credit Card,2025-03-10 18:37:47,completed,
PMT_5963,BK_5963,US_8589,435.03,Credit Card,2025-10-01 21:46:00,completed,
PMT_5964,BK_5964,US_6877,707.88,Credit Card,2025-08-24 10:10:45,completed,
PMT_5965,BK_5965,US_9837,434.32,UPI,2024-03-06 16:12:34,completed,
PMT_5966,BK_5966,US_7521,599.62,Credit Card,2025-03-15 08:07:56,completed,
PMT_5967,BK_5967,US_3358,339.95,Credit Card,2024-11-02 19:07:54,completed,
PMT_5968,BK_5968,US_398,360.06,Debit Card,2025-11-04 12:55:43,completed,
PMT_5969,BK_5969,US_6724,478.26,UPI,2024-02-11 06:57:37,completed,
PMT_5971,BK_5971,US_5369,933.9,UPI,2024-11-24 12:36:51,completed,
PMT_5972,BK_5972,US_6639,644.76,Wallet,2025-10-10 12:47:02,completed,
PMT_5973,BK_5973,US_8660,464.22,Credit Card,2025-09-20 20:13:30,completed,
PMT_5974,BK_5974,US_5614,0.0,Wallet,2025-01-10 19:26:48,failed,
PMT_5975,BK_5975,US_5208,202.8,UPI,2025-09-26 08:17:27,completed,
PMT_5976,BK_5976,US_528,1227.3000000000002,UPI,2025-06-16 22:23:02,completed,
PMT_5978,BK_5978,US_9522,467.08,Wallet,2024-03-17 02:09:51,completed,
PMT_5979,BK_5979,US_8892,471.24,Wallet,2024-09-12 16:36:16,completed,
PMT_5980,BK_5980,US_7728,1211.34,Credit Card,2024-10-11 02:56:00,completed,
PMT_5981,BK_5981,US_6319,416.48,Wallet,2024-08-26 13:05:16,completed,
PMT_5982,BK_5982,US_275,883.06,UPI,2025-12-20 16:23:34,completed,
PMT_5983,BK_5983,US_7602,0.0,Debit Card,2025-06-27 23:34:09,failed,
PMT_5985,BK_5985,US_9432,0.0,Wallet,2025-10-19 14:45:41,failed,
PMT_5986,BK_5986,US_7927,728.73,Wallet,2024-08-26 13:35:53,completed,
PMT_5987,BK_5987,US_7152,1542.36,Credit Card,2025-08-22 13:07:27,completed,
PMT_5988,BK_5988,US_1191,377.7,Debit Card,2025-06-07 08:25:01,completed,
PMT_5989,BK_5989,US_5362,870.64,UPI,2024-05-29 17:17:24,completed,
PMT_5990,BK_5990,US_2397,1699.88,Debit Card,2024-04-08 20:11:41,completed,
PMT_5991,BK_5991,US_4437,0.0,Debit Card,2024-08-21 19:39:03,failed,
PMT_5992,BK_5992,US_3236,0.0,Wallet,2024-05-06 03:23:46,failed,
PMT_5993,BK_5993,US_9732,714.6,UPI,2025-03-11 07:28:25,completed,
PMT_5994,BK_5994,US_3353,633.24,Credit Card,2025-09-06 00:43:30,completed,
PMT_5995,BK_5995,US_723,361.96,Debit Card,2025-05-01 14:30:22,completed,
PMT_5997,BK_5997,US_5517,887.7,UPI,2024-06-04 04:46:21,completed,
PMT_5998,BK_5998,US_4326,241.18,Wallet,2025-09-11 06:29:40,completed,
PMT_5999,BK_5999,US_2363,874.08,Wallet,2025-01-08 14:49:29,completed,
PMT_6000,BK_6000,US_7855,592.88,Wallet,2025-10-30 14:45:14,completed,
PMT_6001,BK_6001,US_5446,1069.29,Debit Card,2024-04-20 12:13:24,completed,
PMT_6002,BK_6002,US_9987,1683.76,Net Banking,2025-03-21 00:04:04,completed,
PMT_6003,BK_6003,US_4683,487.52,Credit Card,2024-09-16 09:31:23,completed,
PMT_6005,BK_6005,US_545,482.01,Credit Card,2025-06-16 18:03:20,completed,
PMT_6006,BK_6006,US_480,471.36,Net Banking,2025-05-04 05:40:48,completed,
PMT_6007,BK_6007,US_3451,453.36,UPI,2025-02-26 23:09:02,completed,
PMT_6008,BK_6008,US_561,364.03,Credit Card,2024-07-21 11:27:53,completed,
PMT_6009,BK_6009,US_4534,914.12,Credit Card,2024-11-26 10:41:07,completed,
PMT_6010,BK_6010,US_6008,820.22,Debit Card,2025-08-28 12:44:29,completed,
PMT_6011,BK_6011,US_2073,869.18,Net Banking,2024-09-26 16:00:32,completed,
PMT_6012,BK_6012,US_8763,1549.52,UPI,2025-08-25 06:16:41,completed,
PMT_6015,BK_6015,US_7358,322.78,Credit Card,2024-06-01 21:38:41,completed,
PMT_6016,BK_6016,US_2710,1552.08,Debit Card,2025-07-13 16:26:07,completed,
PMT_6018,BK_6018,US_9749,496.04,UPI,2025-08-15 13:37:11,completed,
PMT_6019,BK_6019,US_5201,1229.56,Net Banking,2024-02-07 12:08:34,completed,
PMT_6020,BK_6020,US_6788,648.48,UPI,2025-01-29 07:31:30,completed,
PMT_6021,BK_6021,US_9866,935.67,Debit Card,2025-08-23 22:53:37,completed,
PMT_6022,BK_6022,US_4690,332.76,Credit Card,2025-08-21 23:52:14,completed,
PMT_6023,BK_6023,US_3349,547.8,Wallet,2024-10-10 08:28:16,completed,
PMT_6025,BK_6025,US_7539,0.0,UPI,2025-01-30 18:51:24,refunded,
PMT_6026,BK_6026,US_9871,1407.24,Net Banking,2025-08-13 21:31:43,completed,
PMT_6027,BK_6027,US_6937,0.0,UPI,2025-10-18 16:50:57,failed,
PMT_6028,BK_6028,US_6125,1515.32,Credit Card,2025-09-11 01:53:47,completed,
PMT_6029,BK_6029,US_3515,0.0,Wallet,2025-02-02 03:28:02,failed,
PMT_6031,BK_6031,US_836,928.3499999999999,UPI,2025-06-28 07:34:38,completed,
PMT_6032,BK_6032,US_8872,962.3,UPI,2025-04-21 14:10:39,completed,
PMT_6033,BK_6033,US_4699,446.24,UPI,2025-03-05 21:36:20,completed,
PMT_6034,BK_6034,US_3080,0.0,Debit Card,2024-08-03 15:46:35,failed,
PMT_6035,BK_6035,US_1732,413.56,Debit Card,2024-04-15 13:25:08,completed,
PMT_6036,BK_6036,US_4063,261.22,UPI,2025-03-28 09:49:44,completed,
PMT_6037,BK_6037,US_1881,323.3,UPI,2025-03-13 21:11:12,completed,
PMT_6038,BK_6038,US_3119,469.79999999999995,Debit Card,2024-09-20 05:44:49,completed,
PMT_6039,BK_6039,US_4495,511.74,Debit Card,2025-06-01 02:32:42,completed,
PMT_6040,BK_6040,US_6546,1505.52,Credit Card,2024-08-03 16:16:49,completed,
PMT_6041,BK_6041,US_6119,1231.08,UPI,2025-05-20 03:16:45,completed,
PMT_6042,BK_6042,US_2895,525.75,Debit Card,2025-08-01 04:57:39,completed,
PMT_6043,BK_6043,US_2390,715.95,Net Banking,2024-03-20 01:06:21,completed,
PMT_6044,BK_6044,US_2704,1884.88,Credit Card,2025-04-01 19:39:59,completed,
PMT_6045,BK_6045,US_7326,434.99,Net Banking,2025-07-08 11:14:28,completed,
PMT_6046,BK_6046,US_277,1142.52,Credit Card,2024-02-27 10:46:35,completed,
PMT_6047,BK_6047,US_2654,1033.71,Credit Card,2025-07-16 08:19:53,completed,
PMT_6048,BK_6048,US_8915,705.32,Debit Card,2024-12-28 02:25:32,completed,
PMT_6049,BK_6049,US_7755,1293.3600000000001,UPI,2024-02-21 14:04:39,completed,
PMT_6050,BK_6050,US_8020,1886.36,Net Banking,2025-09-10 01:39:54,completed,
PMT_6051,BK_6051,US_2501,694.6800000000001,Wallet,2025-12-27 18:16:16,completed,
PMT_6052,BK_6052,US_2043,614.4,Net Banking,2025-01-10 22:40:55,completed,
PMT_6053,BK_6053,US_833,203.13,Wallet,2024-04-07 04:23:24,completed,
PMT_6054,BK_6054,US_6114,198.21,UPI,2024-04-01 16:15:01,completed,
PMT_6055,BK_6055,US_8535,352.7,Debit Card,2025-10-25 01:06:14,completed,
PMT_6056,BK_6056,US_9711,755.9399999999999,Net Banking,2024-04-01 23:49:03,completed,
PMT_6057,BK_6057,US_4220,699.36,UPI,2024-09-01 13:26:24,completed,
PMT_6058,BK_6058,US_8874,992.06,UPI,2024-01-29 23:32:16,completed,
PMT_6059,BK_6059,US_7936,929.64,Credit Card,2024-01-12 08:01:10,completed,
PMT_6060,BK_6060,US_4796,1827.12,Wallet,2024-02-15 08:44:03,completed,
PMT_6061,BK_6061,US_1179,420.96,Wallet,2024-03-28 23:16:04,completed,
PMT_6063,BK_6063,US_4781,715.44,Net Banking,2025-09-02 12:51:19,completed,
PMT_6064,BK_6064,US_5963,646.6,Debit Card,2024-03-08 10:15:43,completed,
PMT_6065,BK_6065,US_2937,1064.32,Debit Card,2024-04-14 02:14:59,completed,
PMT_6066,BK_6066,US_3447,1674.28,Credit Card,2024-12-17 13:46:22,completed,
PMT_6067,BK_6067,US_3385,1071.4499999999998,Wallet,2025-10-05 07:19:25,completed,
PMT_6068,BK_6068,US_5545,422.41,Net Banking,2024-03-01 03:23:17,completed,
PMT_6069,BK_6069,US_7178,1059.72,Wallet,2024-03-17 12:17:33,completed,
PMT_6071,BK_6071,US_8921,0.0,Debit Card,2024-04-16 06:38:47,refunded,
PMT_6072,BK_6072,US_9243,433.08,UPI,2024-04-28 02:09:30,completed,
PMT_6074,BK_6074,US_4096,1362.66,Wallet,2024-05-19 11:42:03,completed,
PMT_6075,BK_6075,US_7261,556.08,Wallet,2025-06-27 18:57:02,completed,
PMT_6076,BK_6076,US_907,0.0,Credit Card,2025-03-02 00:05:14,refunded,
PMT_6077,BK_6077,US_9130,367.91,Wallet,2024-03-26 06:34:32,completed,
PMT_6079,BK_6079,US_9886,1223.72,Debit Card,2024-09-03 10:24:53,completed,
PMT_6080,BK_6080,US_677,699.92,UPI,2025-06-16 03:58:44,completed,
PMT_6081,BK_6081,US_2298,1137.1200000000001,Wallet,2025-05-11 05:16:43,completed,
PMT_6082,BK_6082,US_4665,1496.44,Net Banking,2024-10-15 14:52:39,completed,
PMT_6083,BK_6083,US_7736,1868.16,Debit Card,2025-11-27 05:04:59,completed,
PMT_6084,BK_6084,US_5509,0.0,Wallet,2025-10-27 21:09:10,failed,
PMT_6085,BK_6085,US_5868,563.96,Credit Card,2025-01-21 08:17:24,completed,
PMT_6086,BK_6086,US_1552,861.12,Debit Card,2025-02-17 18:42:54,completed,
PMT_6087,BK_6087,US_5025,329.43,Debit Card,2024-04-12 17:21:55,completed,
PMT_6089,BK_6089,US_871,1509.92,Credit Card,2025-06-05 19:06:56,completed,
PMT_6090,BK_6090,US_8303,396.38,Debit Card,2025-08-09 20:33:22,completed,
PMT_6091,BK_6091,US_6410,1173.88,Wallet,2025-01-16 15:49:56,completed,
PMT_6092,BK_6092,US_897,491.43,Wallet,2025-05-18 11:31:33,completed,
PMT_6094,BK_6094,US_4588,677.78,Net Banking,2025-07-17 00:25:57,completed,
PMT_6095,BK_6095,US_8664,1241.67,UPI,2024-01-30 17:28:52,completed,
PMT_6096,BK_6096,US_7867,996.52,UPI,2024-03-07 08:07:01,completed,
PMT_6097,BK_6097,US_9295,0.0,Debit Card,2024-10-27 00:50:57,failed,
PMT_6098,BK_6098,US_2302,932.44,Debit Card,2024-05-25 22:25:21,completed,
PMT_6099,BK_6099,US_4455,398.22,Debit Card,2024-12-15 13:23:02,completed,
PMT_6102,BK_6102,US_7171,1996.88,Credit Card,2024-05-17 23:47:22,completed,
PMT_6103,BK_6103,US_9158,1375.83,Net Banking,2025-01-17 19:50:56,completed,
PMT_6104,BK_6104,US_6784,300.7,UPI,2024-05-12 16:57:06,completed,
PMT_6105,BK_6105,US_472,482.12,Net Banking,2025-02-02 02:35:37,completed,
PMT_6106,BK_6106,US_603,1855.24,UPI,2025-05-24 02:41:18,completed,
PMT_6107,BK_6107,US_8257,303.42,Credit Card,2025-07-11 13:12:18,completed,
PMT_6108,BK_6108,US_3046,0.0,UPI,2025-08-27 20:37:04,failed,
PMT_6110,BK_6110,US_4836,1135.52,Debit Card,2025-09-09 07:58:09,completed,
PMT_6112,BK_6112,US_4633,468.06,UPI,2025-07-14 00:46:26,completed,
PMT_6113,BK_6113,US_111,1198.08,Credit Card,2024-06-11 18:50:48,completed,
PMT_6114,BK_6114,US_4629,365.12,Net Banking,2024-11-19 08:27:24,completed,
PMT_6115,BK_6115,US_1491,0.0,Wallet,2024-12-30 04:12:57,failed,
PMT_6116,BK_6116,US_805,1071.21,UPI,2024-12-30 20:28:44,completed,
PMT_6117,BK_6117,US_7282,743.78,Credit Card,2024-03-18 11:01:41,completed,
PMT_6118,BK_6118,US_4739,1131.15,Net Banking,2025-07-08 01:52:06,completed,
PMT_6119,BK_6119,US_7948,1575.84,Credit Card,2025-11-30 15:42:57,completed,
PMT_6121,BK_6121,US_8269,695.96,Wallet,2024-08-23 21:57:21,completed,
PMT_6122,BK_6122,US_6826,1821.96,Wallet,2025-06-22 23:46:30,completed,
PMT_6123,BK_6123,US_6017,272.13,Debit Card,2024-05-18 18:14:39,completed,
PMT_6124,BK_6124,US_7920,467.87,Wallet,2025-06-16 03:18:31,completed,
PMT_6125,BK_6125,US_4500,365.92,Debit Card,2024-11-14 11:57:12,completed,
PMT_6126,BK_6126,US_5697,339.83,Debit Card,2025-01-09 00:19:15,completed,
PMT_6127,BK_6127,US_3089,786.88,Wallet,2024-06-10 11:04:38,completed,
PMT_6128,BK_6128,US_9494,0.0,Debit Card,2024-10-09 21:17:28,failed,
PMT_6129,BK_6129,US_560,540.98,Debit Card,2025-04-20 14:14:34,completed,
PMT_6130,BK_6130,US_1935,939.8,Wallet,2024-10-09 15:51:16,completed,
PMT_6131,BK_6131,US_6799,1363.92,Debit Card,2025-07-15 02:56:15,completed,
PMT_6132,BK_6132,US_9177,0.0,Wallet,2025-06-13 22:54:27,failed,
PMT_6133,BK_6133,US_9001,426.03,Net Banking,2024-03-09 17:20:41,completed,
PMT_6134,BK_6134,US_5173,0.0,Wallet,2025-02-08 17:52:45,failed,
PMT_6135,BK_6135,US_9762,1881.2,Debit Card,2025-03-15 07:36:22,completed,
PMT_6136,BK_6136,US_1319,653.3100000000001,UPI,2025-01-12 16:55:12,completed,
PMT_6137,BK_6137,US_9252,1410.9,Credit Card,2024-01-24 07:59:05,completed,
PMT_6138,BK_6138,US_6362,648.66,Credit Card,2024-09-07 20:59:18,completed,
PMT_6139,BK_6139,US_9255,0.0,Credit Card,2025-10-25 01:15:47,failed,
PMT_6142,BK_6142,US_6296,890.8,UPI,2025-06-12 02:28:46,completed,
PMT_6143,BK_6143,US_1045,251.13,Wallet,2024-03-19 18:10:12,completed,
PMT_6144,BK_6144,US_9042,1115.6399999999999,Net Banking,2025-02-26 16:59:28,completed,
PMT_6145,BK_6145,US_4918,520.4399999999999,Debit Card,2024-02-28 14:35:41,completed,
PMT_6147,BK_6147,US_9178,0.0,Credit Card,2025-07-18 02:48:48,failed,
PMT_6149,BK_6149,US_9459,244.62,Debit Card,2025-03-14 01:23:00,completed,
PMT_6151,BK_6151,US_967,0.0,Credit Card,2024-10-12 15:02:43,failed,
PMT_6153,BK_6153,US_8781,260.23,UPI,2024-01-03 00:13:28,completed,
PMT_6154,BK_6154,US_2528,621.88,Net Banking,2024-02-18 13:17:06,completed,
PMT_6156,BK_6156,US_8447,1180.98,UPI,2024-07-02 01:13:10,completed,
PMT_6157,BK_6157,US_6442,833.4000000000001,Credit Card,2024-10-31 01:07:26,completed,
PMT_6159,BK_6159,US_8938,1411.08,Wallet,2024-08-03 13:15:22,completed,
PMT_6160,BK_6160,US_810,1137.3000000000002,UPI,2024-12-11 19:53:50,completed,
PMT_6161,BK_6161,US_1320,457.17,Credit Card,2024-05-23 05:45:13,completed,
PMT_6162,BK_6162,US_1900,332.32,UPI,2025-01-23 06:45:52,completed,
PMT_6163,BK_6163,US_8905,518.72,Credit Card,2025-09-01 09:37:36,completed,
PMT_6164,BK_6164,US_3534,0.0,UPI,2024-04-29 04:30:15,refunded,
PMT_6165,BK_6165,US_6409,806.24,Net Banking,2025-01-23 03:09:56,completed,
PMT_6166,BK_6166,US_864,769.82,Credit Card,2024-01-27 09:21:29,completed,
PMT_6167,BK_6167,US_7313,684.6899999999999,Wallet,2025-11-07 06:36:12,completed,
PMT_6168,BK_6168,US_6738,1443.57,UPI,2025-10-03 14:53:00,completed,
PMT_6169,BK_6169,US_120,0.0,Debit Card,2024-03-05 09:33:24,failed,
PMT_6170,BK_6170,US_5948,362.86,Credit Card,2024-06-01 08:28:44,completed,
PMT_6172,BK_6172,US_8290,0.0,Debit Card,2025-10-04 04:17:25,refunded,
PMT_6174,BK_6174,US_9409,0.0,Credit Card,2024-10-21 20:41:54,refunded,
PMT_6175,BK_6175,US_8519,494.01,Wallet,2025-07-24 01:28:03,completed,
PMT_6176,BK_6176,US_5477,676.84,Wallet,2024-10-25 13:43:07,completed,
PMT_6177,BK_6177,US_36,1971.48,Wallet,2024-08-07 13:39:12,completed,
PMT_6178,BK_6178,US_153,1389.96,UPI,2024-04-23 13:30:01,completed,
PMT_6180,BK_6180,US_207,947.98,Credit Card,2025-05-02 18:09:09,completed,
PMT_6181,BK_6181,US_7162,391.11,Wallet,2024-11-18 00:46:36,completed,
PMT_6182,BK_6182,US_1688,679.89,Debit Card,2025-09-26 18:35:47,completed,
PMT_6183,BK_6183,US_7122,619.86,Wallet,2024-11-13 23:10:28,completed,
PMT_6184,BK_6184,US_4467,1877.76,Net Banking,2024-10-17 09:38:01,completed,
PMT_6185,BK_6185,US_8293,1185.04,Credit Card,2025-04-24 17:02:53,completed,
PMT_6186,BK_6186,US_9103,967.32,Debit Card,2024-12-27 08:05:20,completed,
PMT_6187,BK_6187,US_9750,679.46,Net Banking,2024-08-02 08:44:56,completed,
PMT_6188,BK_6188,US_6717,914.64,UPI,2024-11-16 03:13:15,completed,
PMT_6189,BK_6189,US_1391,0.0,Debit Card,2024-03-22 15:20:22,failed,
PMT_6190,BK_6190,US_7450,961.08,Credit Card,2025-06-27 20:35:18,completed,
PMT_6192,BK_6192,US_7548,1185.48,UPI,2025-04-20 01:28:34,completed,
PMT_6193,BK_6193,US_1411,244.55,UPI,2025-02-05 04:40:16,completed,
PMT_6194,BK_6194,US_6756,190.51,Wallet,2024-07-25 03:56:30,completed,
PMT_6195,BK_6195,US_1852,1190.58,Debit Card,2024-07-04 07:02:51,completed,
PMT_6196,BK_6196,US_2513,836.49,Credit Card,2025-10-09 03:15:09,completed,
PMT_6198,BK_6198,US_8670,0.0,Net Banking,2024-04-03 13:01:42,failed,
PMT_6199,BK_6199,US_2362,1330.8,Net Banking,2024-11-17 05:54:29,completed,
PMT_6200,BK_6200,US_3723,1252.32,Credit Card,2024-05-13 20:48:19,completed,
PMT_6201,BK_6201,US_1864,1462.72,UPI,2024-04-22 22:30:27,completed,
PMT_6202,BK_6202,US_8461,360.66,Credit Card,2024-02-12 15:59:38,completed,
PMT_6203,BK_6203,US_8430,815.04,Debit Card,2025-03-22 12:38:02,completed,
PMT_6204,BK_6204,US_9621,1822.24,UPI,2024-07-28 19:58:07,completed,
PMT_6208,BK_6208,US_5037,590.04,Wallet,2024-05-11 11:00:21,completed,
PMT_6211,BK_6211,US_1173,1325.43,Wallet,2024-07-23 11:26:28,completed,
PMT_6212,BK_6212,US_3962,305.0,UPI,2025-04-22 14:50:37,completed,
PMT_6213,BK_6213,US_306,492.39,Debit Card,2024-11-04 05:57:41,completed,
PMT_6214,BK_6214,US_8934,1342.35,Debit Card,2024-09-20 09:12:48,completed,
PMT_6215,BK_6215,US_3164,426.58,Debit Card,2025-06-26 10:34:13,completed,
PMT_6216,BK_6216,US_8318,0.0,Wallet,2025-08-18 15:56:19,refunded,
PMT_6217,BK_6217,US_7272,1352.07,Wallet,2025-02-21 06:42:26,completed,
PMT_6219,BK_6219,US_9925,1450.32,Net Banking,2024-09-16 07:47:11,completed,
PMT_6220,BK_6220,US_3008,1087.8,Credit Card,2024-08-08 19:53:20,completed,
PMT_6221,BK_6221,US_2432,725.28,UPI,2025-02-18 20:00:09,completed,
PMT_6223,BK_6223,US_7575,0.0,UPI,2024-01-17 03:34:43,failed,
PMT_6224,BK_6224,US_7674,189.18,Wallet,2025-04-11 19:43:19,completed,
PMT_6225,BK_6225,US_4328,317.06,Debit Card,2025-05-06 16:07:48,completed,
PMT_6226,BK_6226,US_8539,769.0,Wallet,2024-12-03 09:26:21,completed,
PMT_6227,BK_6227,US_1643,667.11,Net Banking,2024-07-26 16:25:15,completed,
PMT_6228,BK_6228,US_2554,0.0,Credit Card,2024-03-19 23:34:06,refunded,
PMT_6229,BK_6229,US_1446,1504.24,Wallet,2024-07-04 07:57:31,completed,
PMT_6230,BK_6230,US_3544,1300.59,Credit Card,2025-03-06 14:14:14,completed,
PMT_6231,BK_6231,US_3855,797.94,Net Banking,2025-07-18 19:38:50,completed,
PMT_6232,BK_6232,US_7736,1094.58,UPI,2024-03-10 14:56:30,completed,
PMT_6233,BK_6233,US_7998,740.64,Credit Card,2024-11-13 21:04:41,completed,
PMT_6234,BK_6234,US_1114,734.0,Credit Card,2025-01-05 15:57:30,completed,
PMT_6235,BK_6235,US_6281,1060.32,Credit Card,2025-10-31 08:41:40,completed,
PMT_6236,BK_6236,US_2065,1817.56,Net Banking,2024-04-01 16:07:01,completed,
PMT_6237,BK_6237,US_1535,1669.4,Wallet,2025-11-05 23:48:44,completed,
PMT_6239,BK_6239,US_9246,565.62,Credit Card,2025-11-18 16:06:47,completed,
PMT_6240,BK_6240,US_9014,0.0,Credit Card,2025-06-27 23:16:07,failed,
PMT_6241,BK_6241,US_8167,0.0,Credit Card,2024-03-23 12:37:05,failed,
PMT_6242,BK_6242,US_3595,464.28,Wallet,2025-04-10 19:58:49,completed,
PMT_6244,BK_6244,US_4796,0.0,Wallet,2025-10-31 19:10:18,refunded,
PMT_6245,BK_6245,US_3441,0.0,Credit Card,2025-11-09 10:29:14,failed,
PMT_6246,BK_6246,US_8899,942.52,UPI,2025-09-05 19:05:26,completed,
PMT_6247,BK_6247,US_9052,214.76,Wallet,2024-05-24 03:59:11,completed,
PMT_6248,BK_6248,US_3817,802.28,Debit Card,2024-05-08 04:59:10,completed,
PMT_6249,BK_6249,US_2200,198.08,Wallet,2025-01-17 16:52:10,completed,
PMT_6250,BK_6250,US_4796,0.0,Debit Card,2025-05-01 10:46:49,failed,
PMT_6251,BK_6251,US_7140,0.0,Credit Card,2024-05-20 23:28:59,refunded,
PMT_6252,BK_6252,US_6888,189.01,Credit Card,2024-08-23 22:44:42,completed,
PMT_6253,BK_6253,US_6199,353.24,UPI,2024-07-30 00:06:44,completed,
PMT_6254,BK_6254,US_9867,628.44,Wallet,2025-06-01 19:09:01,completed,
PMT_6255,BK_6255,US_8292,243.01,Debit Card,2024-10-29 11:14:02,completed,
PMT_6256,BK_6256,US_3101,881.02,Net Banking,2024-05-06 18:15:29,completed,
PMT_6257,BK_6257,US_5744,245.36,Wallet,2025-03-16 13:27:21,completed,
PMT_6258,BK_6258,US_5879,289.98,Net Banking,2024-12-20 07:16:05,completed,
PMT_6259,BK_6259,US_947,748.66,Credit Card,2024-02-07 01:12:55,completed,
PMT_6260,BK_6260,US_420,0.0,Debit Card,2024-05-09 05:39:15,failed,
PMT_6261,BK_6261,US_5060,506.58,Wallet,2024-10-06 00:38:58,completed,
PMT_6262,BK_6262,US_9368,1254.72,UPI,2025-04-24 20:02:46,completed,
PMT_6263,BK_6263,US_1144,680.12,Debit Card,2025-04-16 13:59:10,completed,
PMT_6264,BK_6264,US_7866,509.58000000000004,UPI,2025-03-09 17:17:08,completed,
PMT_6265,BK_6265,US_3707,756.36,Wallet,2024-11-04 15:36:16,completed,
PMT_6266,BK_6266,US_69,886.26,Debit Card,2025-05-27 21:47:45,completed,
PMT_6267,BK_6267,US_4930,584.64,Wallet,2024-05-05 22:27:42,completed,
PMT_6268,BK_6268,US_9467,498.7,UPI,2024-08-04 08:32:23,completed,
PMT_6269,BK_6269,US_2623,960.72,Net Banking,2024-06-29 16:07:30,completed,
PMT_6270,BK_6270,US_5108,1820.0,Credit Card,2025-11-18 21:50:53,completed,
PMT_6271,BK_6271,US_8529,694.96,UPI,2024-12-06 17:58:20,completed,
PMT_6272,BK_6272,US_96,0.0,UPI,2024-02-01 14:30:26,refunded,
PMT_6273,BK_6273,US_867,1762.12,UPI,2024-10-18 16:05:33,completed,
PMT_6274,BK_6274,US_857,1403.76,Wallet,2025-10-06 09:35:49,completed,
PMT_6275,BK_6275,US_9006,1316.04,UPI,2025-05-14 21:45:05,completed,
PMT_6276,BK_6276,US_1047,479.31,Net Banking,2025-05-26 18:37:00,completed,
PMT_6277,BK_6277,US_5244,938.04,Wallet,2024-10-26 01:37:38,completed,
PMT_6278,BK_6278,US_7501,251.94,UPI,2024-11-17 12:27:02,completed,
PMT_6279,BK_6279,US_1332,1041.33,Credit Card,2025-10-05 11:45:56,completed,
PMT_6281,BK_6281,US_9426,0.0,Net Banking,2025-02-23 03:50:52,failed,
PMT_6282,BK_6282,US_7114,1445.58,Debit Card,2024-01-01 04:37:48,completed,
PMT_6283,BK_6283,US_1616,963.34,UPI,2025-09-10 19:45:13,completed,
PMT_6284,BK_6284,US_2219,902.82,Wallet,2025-11-07 16:02:45,completed,
PMT_6286,BK_6286,US_3192,1690.6,Net Banking,2025-01-07 07:08:34,completed,
PMT_6287,BK_6287,US_4685,1307.34,Credit Card,2025-02-23 22:09:39,completed,
PMT_6288,BK_6288,US_2128,678.78,Credit Card,2025-11-30 21:42:03,completed,
PMT_6289,BK_6289,US_6889,435.08,UPI,2024-10-08 04:40:20,completed,
PMT_6290,BK_6290,US_1138,847.36,Credit Card,2024-04-21 02:58:42,completed,
PMT_6291,BK_6291,US_9088,0.0,UPI,2024-06-30 23:42:03,refunded,
PMT_6292,BK_6292,US_6013,803.49,UPI,2025-03-31 21:02:09,completed,
PMT_6294,BK_6294,US_7961,1308.64,UPI,2025-04-13 08:24:10,completed,
PMT_6295,BK_6295,US_4813,327.82,Wallet,2025-12-28 19:10:31,completed,
PMT_6297,BK_6297,US_3188,699.94,Credit Card,2025-04-01 11:23:51,completed,
PMT_6298,BK_6298,US_6642,287.99,Debit Card,2025-09-28 16:56:28,completed,
PMT_6299,BK_6299,US_5315,204.93,Credit Card,2024-06-05 10:05:58,completed,
PMT_6300,BK_6300,US_6461,908.25,UPI,2024-05-12 09:06:48,completed,
PMT_6301,BK_6301,US_8518,1936.36,Net Banking,2025-12-07 03:17:16,completed,
PMT_6302,BK_6302,US_8082,210.5,Wallet,2025-07-07 14:56:00,completed,
PMT_6303,BK_6303,US_36,681.78,Credit Card,2025-11-16 13:07:18,completed,
PMT_6305,BK_6305,US_8949,1256.36,Debit Card,2025-05-15 16:32:39,completed,
PMT_6306,BK_6306,US_5034,889.74,Wallet,2024-04-16 16:09:35,completed,
PMT_6307,BK_6307,US_334,177.75,UPI,2024-01-19 08:25:24,completed,
PMT_6308,BK_6308,US_5532,255.88,UPI,2025-02-11 01:23:07,completed,
PMT_6310,BK_6310,US_2696,1246.68,Credit Card,2025-05-24 10:28:46,completed,
PMT_6311,BK_6311,US_5136,1000.4,Wallet,2024-03-22 04:28:41,completed,
PMT_6313,BK_6313,US_1624,1261.1100000000001,Wallet,2024-11-08 15:35:47,completed,
PMT_6315,BK_6315,US_8934,1222.84,UPI,2024-08-06 15:08:04,completed,
PMT_6316,BK_6316,US_810,261.65,Debit Card,2025-10-01 15:45:53,completed,
PMT_6319,BK_6319,US_3746,1051.65,Net Banking,2025-11-11 20:01:46,completed,
PMT_6320,BK_6320,US_2758,1265.43,Debit Card,2024-10-29 05:34:50,completed,
PMT_6321,BK_6321,US_1335,404.08,Credit Card,2024-08-21 00:59:53,completed,
PMT_6322,BK_6322,US_3539,0.0,Wallet,2025-11-12 10:57:41,failed,
PMT_6323,BK_6323,US_4555,1674.28,Debit Card,2024-04-16 04:04:31,completed,
PMT_6324,BK_6324,US_9002,1279.1399999999999,Net Banking,2024-11-22 16:28:21,completed,
PMT_6325,BK_6325,US_2152,924.56,UPI,2024-06-23 07:44:34,completed,
PMT_6326,BK_6326,US_5101,899.66,Credit Card,2025-07-08 20:35:50,completed,
PMT_6327,BK_6327,US_1923,300.21,UPI,2025-03-02 10:41:27,completed,
PMT_6328,BK_6328,US_6917,452.0,Credit Card,2024-10-12 20:37:39,completed,
PMT_6329,BK_6329,US_3091,179.13,Credit Card,2024-06-03 10:44:34,completed,
PMT_6330,BK_6330,US_8151,716.96,UPI,2024-05-03 17:28:41,completed,
PMT_6331,BK_6331,US_2817,1210.08,Net Banking,2024-07-26 03:29:48,completed,
PMT_6332,BK_6332,US_411,0.0,Debit Card,2024-04-15 13:04:46,refunded,
PMT_6333,BK_6333,US_8538,393.44,Wallet,2025-02-06 13:17:38,completed,
PMT_6334,BK_6334,US_8459,0.0,UPI,2024-08-06 21:17:23,failed,
PMT_6337,BK_6337,US_5108,633.33,Credit Card,2024-12-06 22:28:28,completed,
PMT_6338,BK_6338,US_5077,1263.24,Wallet,2024-02-05 13:23:12,completed,
PMT_6339,BK_6339,US_6714,226.03,Credit Card,2024-02-03 16:10:09,completed,
PMT_6340,BK_6340,US_4351,317.61,UPI,2025-07-18 13:54:34,completed,
PMT_6341,BK_6341,US_2411,1297.5,Net Banking,2024-10-24 11:59:16,completed,
PMT_6342,BK_6342,US_3969,163.92,Debit Card,2024-03-06 22:57:53,completed,
PMT_6344,BK_6344,US_1585,168.09,Debit Card,2024-07-14 19:14:50,completed,
PMT_6345,BK_6345,US_8435,403.92,Debit Card,2024-04-30 14:53:46,completed,
PMT_6346,BK_6346,US_1644,1792.16,Wallet,2024-05-04 02:14:04,completed,
PMT_6347,BK_6347,US_1273,0.0,Credit Card,2025-09-06 19:18:00,failed,
PMT_6348,BK_6348,US_1288,262.96,Net Banking,2025-12-22 03:18:52,completed,
PMT_6349,BK_6349,US_777,701.16,Wallet,2024-05-24 20:51:38,completed,
PMT_6350,BK_6350,US_4805,1245.24,Debit Card,2024-10-19 03:20:24,completed,
PMT_6351,BK_6351,US_4673,0.0,Net Banking,2024-10-06 20:41:47,refunded,
PMT_6353,BK_6353,US_1748,920.76,Debit Card,2024-04-19 09:39:08,completed,
PMT_6355,BK_6355,US_5298,201.82,Credit Card,2024-10-28 08:58:36,completed,
PMT_6356,BK_6356,US_9059,1500.2,Net Banking,2025-08-06 05:10:07,completed,
PMT_6358,BK_6358,US_7859,212.8,UPI,2024-06-23 10:00:06,completed,
PMT_6359,BK_6359,US_1203,382.39,Wallet,2024-03-03 11:50:35,completed,
PMT_6360,BK_6360,US_16,350.47,Net Banking,2024-06-23 08:31:57,completed,
PMT_6361,BK_6361,US_7936,654.76,Credit Card,2024-01-27 00:06:08,completed,
PMT_6362,BK_6362,US_7245,411.56,Wallet,2025-01-19 03:13:37,completed,
PMT_6364,BK_6364,US_4340,0.0,UPI,2024-08-03 12:30:26,refunded,
PMT_6365,BK_6365,US_2201,1106.08,Debit Card,2024-09-23 13:48:07,completed,
PMT_6366,BK_6366,US_5124,0.0,Net Banking,2025-10-20 03:10:20,failed,
PMT_6367,BK_6367,US_42,768.76,Credit Card,2025-01-03 14:03:59,completed,
PMT_6369,BK_6369,US_7442,1715.6,Net Banking,2024-05-13 00:41:39,completed,
PMT_6370,BK_6370,US_7869,0.0,Wallet,2025-09-21 05:31:49,failed,
PMT_6371,BK_6371,US_3377,706.64,UPI,2025-04-15 06:34:31,completed,
PMT_6372,BK_6372,US_525,607.3,UPI,2025-09-09 18:03:22,completed,
PMT_6374,BK_6374,US_6070,0.0,Wallet,2024-06-21 09:20:53,failed,
PMT_6376,BK_6376,US_858,930.9000000000001,Credit Card,2025-11-18 07:12:07,completed,
PMT_6377,BK_6377,US_4394,1724.24,Wallet,2025-12-07 15:24:04,completed,
PMT_6378,BK_6378,US_5718,421.07,Net Banking,2024-10-27 20:34:39,completed,
PMT_6379,BK_6379,US_4905,1493.8799999999999,Net Banking,2024-10-23 22:33:20,completed,
PMT_6380,BK_6380,US_9638,1390.1399999999999,Net Banking,2024-07-26 02:15:38,completed,
PMT_6381,BK_6381,US_9453,971.52,UPI,2024-07-02 05:19:53,completed,
PMT_6382,BK_6382,US_1739,715.12,Net Banking,2025-01-04 15:02:18,completed,
PMT_6383,BK_6383,US_5695,420.28,Net Banking,2025-11-19 23:47:08,completed,
PMT_6384,BK_6384,US_430,511.56,UPI,2024-06-12 22:26:46,completed,
PMT_6385,BK_6385,US_2290,393.15,Credit Card,2024-02-13 02:26:22,completed,
PMT_6386,BK_6386,US_8719,806.76,Credit Card,2024-08-12 19:42:56,completed,
PMT_6387,BK_6387,US_9091,1568.2,Credit Card,2025-02-01 04:14:10,completed,
PMT_6389,BK_6389,US_1467,0.0,Credit Card,2025-09-08 04:31:39,refunded,
PMT_6391,BK_6391,US_6343,0.0,Debit Card,2024-03-31 07:05:50,failed,
PMT_6394,BK_6394,US_9663,527.1,Credit Card,2024-10-19 11:45:19,completed,
PMT_6395,BK_6395,US_9464,490.62,Wallet,2025-04-16 21:31:24,completed,
PMT_6396,BK_6396,US_8888,259.38,Debit Card,2025-12-18 22:24:44,completed,
PMT_6397,BK_6397,US_6286,713.79,Credit Card,2024-09-17 22:48:57,completed,
PMT_6398,BK_6398,US_7970,961.68,Debit Card,2024-06-19 02:29:00,completed,
PMT_6399,BK_6399,US_6484,1717.12,UPI,2024-04-15 19:35:51,completed,
PMT_6400,BK_6400,US_5512,909.32,Debit Card,2024-03-24 09:18:26,completed,
PMT_6401,BK_6401,US_4323,654.33,UPI,2024-05-16 22:59:50,completed,
PMT_6402,BK_6402,US_5319,1167.96,Wallet,2025-07-26 09:30:59,completed,
PMT_6403,BK_6403,US_3890,488.22,UPI,2024-08-25 08:40:03,completed,
PMT_6404,BK_6404,US_3713,649.16,Wallet,2025-12-27 14:44:58,completed,
PMT_6405,BK_6405,US_2101,463.96,Wallet,2025-06-29 18:18:58,completed,
PMT_6406,BK_6406,US_8357,1149.21,Credit Card,2025-09-13 10:03:21,completed,
PMT_6407,BK_6407,US_3743,560.46,UPI,2025-08-10 03:08:20,completed,
PMT_6409,BK_6409,US_262,0.0,Net Banking,2024-01-25 04:08:41,failed,
PMT_6412,BK_6412,US_2265,1460.6100000000001,Credit Card,2024-06-21 18:52:10,completed,
PMT_6413,BK_6413,US_8494,699.0,Credit Card,2024-11-22 19:26:18,completed,
PMT_6414,BK_6414,US_1159,0.0,UPI,2025-04-07 19:25:50,refunded,
PMT_6417,BK_6417,US_4309,1272.69,Net Banking,2024-10-01 23:57:55,completed,
PMT_6418,BK_6418,US_9483,990.8700000000001,Wallet,2024-12-01 07:07:14,completed,
PMT_6419,BK_6419,US_2787,0.0,Net Banking,2024-09-21 00:16:00,refunded,
PMT_6421,BK_6421,US_1345,670.4,Debit Card,2025-11-24 22:43:49,completed,
PMT_6422,BK_6422,US_4792,211.77,Net Banking,2025-02-04 14:13:00,completed,
PMT_6423,BK_6423,US_6432,902.8499999999999,Debit Card,2024-10-05 19:42:14,completed,
PMT_6424,BK_6424,US_7101,1080.57,Debit Card,2025-03-19 12:38:28,completed,
PMT_6425,BK_6425,US_7989,414.46,Net Banking,2025-03-23 19:03:37,completed,
PMT_6426,BK_6426,US_8668,522.42,Credit Card,2025-05-14 06:36:59,completed,
PMT_6427,BK_6427,US_9803,1469.1299999999999,UPI,2025-09-28 06:31:46,completed,
PMT_6428,BK_6428,US_1157,1077.1200000000001,Credit Card,2024-07-13 02:22:19,completed,
PMT_6430,BK_6430,US_8055,1182.48,Credit Card,2024-02-10 01:14:19,completed,
PMT_6433,BK_6433,US_102,424.74,Wallet,2024-04-16 01:34:08,completed,
PMT_6434,BK_6434,US_3766,868.17,Net Banking,2024-02-28 09:51:04,completed,
PMT_6436,BK_6436,US_8496,461.09,UPI,2025-04-06 00:21:35,completed,
PMT_6438,BK_6438,US_1540,867.2,Debit Card,2025-01-26 08:03:09,completed,
PMT_6439,BK_6439,US_6881,1447.1100000000001,Debit Card,2024-12-03 18:46:37,completed,
PMT_6440,BK_6440,US_9077,625.5,Net Banking,2024-07-15 22:59:42,completed,
PMT_6442,BK_6442,US_6873,889.64,Debit Card,2024-09-06 08:43:35,completed,
PMT_6443,BK_6443,US_6184,373.96,Debit Card,2024-11-15 20:16:20,completed,
PMT_6444,BK_6444,US_5172,0.0,UPI,2024-03-30 01:26:52,failed,
PMT_6446,BK_6446,US_7815,0.0,Credit Card,2024-08-07 13:58:32,failed,
PMT_6448,BK_6448,US_111,369.16,UPI,2024-05-25 02:27:45,completed,
PMT_6449,BK_6449,US_2085,327.92,Debit Card,2025-03-30 20:01:00,completed,
PMT_6450,BK_6450,US_6788,163.05,Wallet,2025-05-05 19:27:12,completed,
PMT_6451,BK_6451,US_5569,474.64,UPI,2025-01-24 06:51:28,completed,
PMT_6453,BK_6453,US_5243,1714.68,Wallet,2024-09-09 03:19:34,completed,
PMT_6454,BK_6454,US_2182,753.36,Net Banking,2024-01-08 09:31:32,completed,
PMT_6455,BK_6455,US_5756,514.5,Debit Card,2024-10-13 16:54:33,completed,
PMT_6456,BK_6456,US_9312,1073.3700000000001,Debit Card,2025-03-02 09:26:13,completed,
PMT_6457,BK_6457,US_8755,1920.0,Net Banking,2024-05-14 07:59:17,completed,
PMT_6458,BK_6458,US_4943,0.0,UPI,2024-11-06 04:43:31,failed,
PMT_6460,BK_6460,US_7518,1811.08,Credit Card,2024-07-29 14:44:51,completed,
PMT_6461,BK_6461,US_3416,452.78,Debit Card,2024-06-23 09:54:18,completed,
PMT_6462,BK_6462,US_3379,494.15999999999997,Debit Card,2024-01-01 17:29:12,completed,
PMT_6464,BK_6464,US_5961,487.32,Debit Card,2025-12-22 02:32:19,completed,
PMT_6465,BK_6465,US_9095,1537.52,Wallet,2025-03-27 20:53:43,completed,
PMT_6466,BK_6466,US_3986,305.63,Wallet,2024-10-31 21:13:12,completed,
PMT_6467,BK_6467,US_5276,1991.76,UPI,2025-02-28 08:29:41,completed,
PMT_6468,BK_6468,US_1428,806.2,Credit Card,2024-01-09 22:37:15,completed,
PMT_6469,BK_6469,US_6183,1092.27,Credit Card,2024-05-23 11:35:02,completed,
PMT_6470,BK_6470,US_3151,550.88,UPI,2025-10-23 10:33:07,completed,
PMT_6472,BK_6472,US_2950,634.84,Wallet,2025-04-08 00:26:59,completed,
PMT_6473,BK_6473,US_6408,167.25,Debit Card,2025-05-04 06:10:30,completed,
PMT_6474,BK_6474,US_8675,557.13,Credit Card,2024-02-19 03:38:55,completed,
PMT_6475,BK_6475,US_1423,439.42,Credit Card,2025-02-16 03:49:56,completed,
PMT_6476,BK_6476,US_2943,360.19,Wallet,2024-01-08 23:49:30,completed,
PMT_6477,BK_6477,US_8591,173.36,Debit Card,2025-01-02 11:57:07,completed,
PMT_6478,BK_6478,US_3594,0.0,Net Banking,2025-09-21 18:01:07,refunded,
PMT_6479,BK_6479,US_7571,624.5699999999999,Credit Card,2024-10-17 20:15:46,completed,
PMT_6480,BK_6480,US_2716,743.36,Debit Card,2024-04-02 21:19:47,completed,
PMT_6481,BK_6481,US_2814,296.12,Credit Card,2024-02-28 03:49:25,completed,
PMT_6482,BK_6482,US_6634,0.0,Wallet,2025-03-14 23:44:36,failed,
PMT_6483,BK_6483,US_4318,1181.6399999999999,Debit Card,2025-05-08 14:08:59,completed,
PMT_6484,BK_6484,US_5778,203.07,UPI,2024-12-13 04:22:09,completed,
PMT_6485,BK_6485,US_4249,0.0,Debit Card,2025-06-12 21:19:58,failed,
PMT_6486,BK_6486,US_2776,515.36,Wallet,2024-12-14 21:18:15,completed,
PMT_6487,BK_6487,US_767,378.34,UPI,2025-03-11 01:20:05,completed,
PMT_6489,BK_6489,US_455,0.0,Credit Card,2025-07-23 19:22:21,failed,
PMT_6490,BK_6490,US_7608,1115.84,Net Banking,2024-06-13 23:12:56,completed,
PMT_6491,BK_6491,US_2895,970.84,Net Banking,2024-06-21 14:56:02,completed,
PMT_6492,BK_6492,US_2283,584.13,Wallet,2025-10-05 08:47:04,completed,
PMT_6493,BK_6493,US_7395,1235.58,Net Banking,2024-04-16 15:54:10,completed,
PMT_6494,BK_6494,US_9319,1315.29,Net Banking,2025-11-28 08:20:01,completed,
PMT_6495,BK_6495,US_8310,0.0,Credit Card,2025-06-29 09:04:49,refunded,
PMT_6497,BK_6497,US_1254,708.63,Credit Card,2024-09-04 22:21:38,completed,
PMT_6499,BK_6499,US_414,890.2,Net Banking,2025-06-15 10:10:12,completed,
PMT_6501,BK_6501,US_5227,1843.92,Wallet,2024-12-10 13:42:33,completed,
PMT_6502,BK_6502,US_7966,1733.84,UPI,2025-04-16 18:00:44,completed,
PMT_6503,BK_6503,US_8118,0.0,Credit Card,2024-09-02 23:26:37,failed,
PMT_6504,BK_6504,US_662,737.96,Wallet,2025-07-27 04:53:29,completed,
PMT_6505,BK_6505,US_4714,696.12,Credit Card,2024-08-04 17:17:41,completed,
PMT_6506,BK_6506,US_4561,486.72,UPI,2025-02-27 03:32:13,completed,
PMT_6507,BK_6507,US_5944,838.78,UPI,2024-09-08 07:30:38,completed,
PMT_6508,BK_6508,US_1171,890.4000000000001,Debit Card,2024-11-02 14:31:22,completed,
PMT_6509,BK_6509,US_4183,0.0,Credit Card,2024-11-02 08:17:47,failed,
PMT_6511,BK_6511,US_552,1235.08,UPI,2024-12-11 06:52:09,completed,
PMT_6512,BK_6512,US_2777,964.8,Credit Card,2024-09-21 19:23:11,completed,
PMT_6513,BK_6513,US_6782,478.45,UPI,2024-10-18 06:33:26,completed,
PMT_6514,BK_6514,US_288,905.72,Wallet,2024-12-06 08:16:07,completed,
PMT_6516,BK_6516,US_7020,515.38,Debit Card,2024-04-30 19:53:28,completed,
PMT_6517,BK_6517,US_6886,837.56,Debit Card,2024-07-29 06:07:08,completed,
PMT_6518,BK_6518,US_3251,1205.01,Wallet,2025-09-13 15:03:28,completed,
PMT_6519,BK_6519,US_9370,805.4,Credit Card,2025-03-20 14:57:50,completed,
PMT_6520,BK_6520,US_6553,1312.56,UPI,2025-11-13 16:21:30,completed,
PMT_6522,BK_6522,US_7437,545.46,Wallet,2024-07-28 04:30:56,completed,
PMT_6523,BK_6523,US_7213,163.66,Net Banking,2024-04-18 09:48:03,completed,
PMT_6524,BK_6524,US_8481,802.6,Net Banking,2024-09-28 17:21:59,completed,
PMT_6526,BK_6526,US_584,896.84,UPI,2024-09-13 16:53:27,completed,
PMT_6527,BK_6527,US_3401,324.82,Credit Card,2024-01-16 01:59:04,completed,
PMT_6528,BK_6528,US_3048,747.68,Net Banking,2024-08-31 18:59:06,completed,
PMT_6529,BK_6529,US_4777,873.4499999999999,Net Banking,2024-07-19 01:13:49,completed,
PMT_6530,BK_6530,US_616,722.02,Credit Card,2024-05-20 20:45:44,completed,
PMT_6531,BK_6531,US_4852,0.0,UPI,2024-09-11 04:27:41,failed,
PMT_6532,BK_6532,US_7618,1130.4,Net Banking,2025-12-22 03:37:40,completed,
PMT_6533,BK_6533,US_8111,790.23,Debit Card,2024-08-27 05:01:00,completed,
PMT_6534,BK_6534,US_8626,1542.88,Wallet,2025-04-19 20:41:42,completed,
PMT_6535,BK_6535,US_8198,969.56,UPI,2024-06-21 21:22:15,completed,
PMT_6536,BK_6536,US_8135,783.5999999999999,Net Banking,2024-10-10 02:00:40,completed,
PMT_6537,BK_6537,US_7309,875.44,Debit Card,2024-11-13 02:54:42,completed,
PMT_6538,BK_6538,US_3934,1126.96,Debit Card,2024-07-17 13:25:58,completed,
PMT_6539,BK_6539,US_5716,722.9399999999999,Wallet,2024-02-20 09:48:43,completed,
PMT_6540,BK_6540,US_7959,966.28,UPI,2025-03-02 10:34:19,completed,
PMT_6541,BK_6541,US_1094,316.05,Debit Card,2024-11-20 12:47:59,completed,
PMT_6542,BK_6542,US_5477,455.72,Debit Card,2024-02-10 23:28:33,completed,
PMT_6544,BK_6544,US_9657,642.98,Debit Card,2024-02-18 04:51:30,completed,
PMT_6545,BK_6545,US_3366,0.0,Credit Card,2024-09-14 01:44:04,failed,
PMT_6546,BK_6546,US_367,319.81,Credit Card,2024-08-08 08:27:48,completed,
PMT_6548,BK_6548,US_8495,757.47,Wallet,2024-06-09 18:09:33,completed,
PMT_6549,BK_6549,US_5939,1240.8,Wallet,2024-12-02 22:27:49,completed,
PMT_6550,BK_6550,US_5603,0.0,UPI,2025-03-09 11:51:19,failed,
PMT_6553,BK_6553,US_6664,753.98,Wallet,2025-12-03 15:45:10,completed,
PMT_6554,BK_6554,US_6265,328.74,Debit Card,2024-07-02 09:38:14,completed,
PMT_6555,BK_6555,US_4945,683.9,Debit Card,2024-12-19 12:39:41,completed,
PMT_6556,BK_6556,US_8694,469.59,Credit Card,2024-01-14 17:34:41,completed,
PMT_6557,BK_6557,US_6797,1231.0500000000002,UPI,2025-08-02 06:38:36,completed,
PMT_6558,BK_6558,US_47,1336.41,UPI,2025-04-26 00:57:15,completed,
PMT_6559,BK_6559,US_5145,1396.56,Credit Card,2025-05-15 14:25:21,completed,
PMT_6560,BK_6560,US_7109,693.54,Wallet,2024-08-29 00:37:19,completed,
PMT_6562,BK_6562,US_9993,497.58000000000004,Wallet,2024-09-24 20:08:50,completed,
PMT_6563,BK_6563,US_6296,303.14,Credit Card,2024-10-01 04:02:52,completed,
PMT_6564,BK_6564,US_7447,1930.0,Credit Card,2025-01-12 02:52:59,completed,
PMT_6565,BK_6565,US_8103,652.98,UPI,2025-07-13 15:06:12,completed,
PMT_6566,BK_6566,US_3636,973.86,Debit Card,2024-04-27 00:46:32,completed,
PMT_6567,BK_6567,US_5856,235.73,Debit Card,2025-08-01 07:55:18,completed,
PMT_6569,BK_6569,US_6965,1289.85,Debit Card,2025-12-02 14:27:54,completed,
PMT_6570,BK_6570,US_6597,597.28,Net Banking,2024-09-30 12:30:03,completed,
PMT_6571,BK_6571,US_5938,1115.19,Debit Card,2025-05-01 11:47:14,completed,
PMT_6572,BK_6572,US_9200,1274.64,Wallet,2024-06-20 10:22:13,completed,
PMT_6573,BK_6573,US_8838,1862.32,Wallet,2024-08-15 05:22:10,completed,
PMT_6574,BK_6574,US_3499,600.34,Wallet,2024-10-04 18:46:04,completed,
PMT_6575,BK_6575,US_8407,0.0,Net Banking,2025-06-23 23:35:32,failed,
PMT_6576,BK_6576,US_9243,895.36,UPI,2025-04-28 21:57:05,completed,
PMT_6577,BK_6577,US_7106,512.9399999999999,Wallet,2025-02-02 23:15:15,completed,
PMT_6578,BK_6578,US_1559,202.8,Debit Card,2024-04-25 09:31:27,completed,
PMT_6579,BK_6579,US_9656,258.76,Debit Card,2024-06-06 11:19:27,completed,
PMT_6580,BK_6580,US_5115,1071.12,Credit Card,2024-06-15 18:50:19,completed,
PMT_6581,BK_6581,US_7225,1408.88,UPI,2024-01-06 01:54:35,completed,
PMT_6584,BK_6584,US_673,1658.24,Debit Card,2025-04-01 10:36:59,completed,
PMT_6586,BK_6586,US_4320,1891.2,Debit Card,2025-04-21 19:31:31,completed,
PMT_6588,BK_6588,US_1477,215.28,Wallet,2025-03-01 14:17:53,completed,
PMT_6590,BK_6590,US_9109,815.88,Wallet,2024-03-09 21:27:08,completed,
PMT_6591,BK_6591,US_536,781.08,UPI,2024-04-11 08:06:51,completed,
PMT_6592,BK_6592,US_4836,0.0,Wallet,2024-04-23 08:09:43,refunded,
PMT_6593,BK_6593,US_2924,418.14,UPI,2024-08-03 01:54:47,completed,
PMT_6594,BK_6594,US_3412,563.32,Debit Card,2025-09-22 06:08:43,completed,
PMT_6595,BK_6595,US_563,658.8,Debit Card,2025-03-10 22:32:44,completed,
PMT_6596,BK_6596,US_426,300.95,Credit Card,2024-03-11 16:12:57,completed,
PMT_6597,BK_6597,US_6510,473.13,Net Banking,2024-07-19 22:54:00,completed,
PMT_6598,BK_6598,US_8351,0.0,Debit Card,2025-04-22 22:31:42,refunded,
PMT_6599,BK_6599,US_2128,881.98,UPI,2025-02-24 05:34:01,completed,
PMT_6600,BK_6600,US_8249,1275.0,Debit Card,2025-01-23 02:31:40,completed,
PMT_6601,BK_6601,US_3705,1332.04,Net Banking,2024-01-01 19:29:21,completed,
PMT_6602,BK_6602,US_2753,977.04,Credit Card,2024-11-28 13:17:03,completed,
PMT_6603,BK_6603,US_5786,878.84,Wallet,2025-01-12 00:27:54,completed,
PMT_6604,BK_6604,US_8630,400.25,UPI,2025-05-14 21:33:24,completed,
PMT_6605,BK_6605,US_5276,430.9,UPI,2024-01-26 12:14:59,completed,
PMT_6606,BK_6606,US_7355,0.0,Wallet,2025-01-31 13:57:26,failed,
PMT_6607,BK_6607,US_6102,817.72,Net Banking,2025-06-08 21:49:03,completed,
PMT_6609,BK_6609,US_7030,407.43,Credit Card,2024-03-26 06:47:50,completed,
PMT_6610,BK_6610,US_7091,1741.88,Wallet,2025-08-16 01:34:27,completed,
PMT_6612,BK_6612,US_8809,155.07,UPI,2025-06-05 01:07:16,completed,
PMT_6613,BK_6613,US_4011,0.0,Debit Card,2025-06-09 18:04:20,refunded,
PMT_6614,BK_6614,US_9744,871.08,Debit Card,2025-10-09 11:13:19,completed,
PMT_6615,BK_6615,US_4316,1251.4,Net Banking,2024-10-11 01:59:46,completed,
PMT_6616,BK_6616,US_2097,261.2,Net Banking,2025-12-25 07:21:35,completed,
PMT_6618,BK_6618,US_2342,1929.36,Net Banking,2025-09-30 12:31:46,completed,
PMT_6619,BK_6619,US_502,699.6,UPI,2025-06-20 18:11:01,completed,
PMT_6620,BK_6620,US_4547,459.18,Debit Card,2025-03-13 09:48:15,completed,
PMT_6621,BK_6621,US_4603,892.29,Debit Card,2025-07-27 04:26:50,completed,
PMT_6622,BK_6622,US_1276,726.5999999999999,Net Banking,2024-08-30 03:00:44,completed,
PMT_6623,BK_6623,US_3452,1040.56,Wallet,2024-03-02 11:00:30,completed,
PMT_6624,BK_6624,US_4259,486.26,Wallet,2024-08-05 02:59:55,completed,
PMT_6626,BK_6626,US_8297,969.0,UPI,2024-11-03 19:30:15,completed,
PMT_6627,BK_6627,US_5035,407.96,Wallet,2025-10-05 04:44:15,completed,
PMT_6628,BK_6628,US_9658,1313.6,Credit Card,2025-03-24 16:29:47,completed,
PMT_6629,BK_6629,US_1028,326.1,Debit Card,2024-11-09 19:05:40,completed,
PMT_6630,BK_6630,US_2188,543.96,UPI,2025-10-20 06:21:37,completed,
PMT_6631,BK_6631,US_7921,749.14,Debit Card,2024-11-09 19:29:38,completed,
PMT_6632,BK_6632,US_7851,1132.08,UPI,2024-07-23 13:21:51,completed,
PMT_6633,BK_6633,US_7559,1200.84,Net Banking,2025-07-31 20:57:11,completed,
PMT_6634,BK_6634,US_1035,323.7,Credit Card,2025-04-03 02:26:52,completed,
PMT_6636,BK_6636,US_3626,995.36,Credit Card,2024-12-13 16:20:08,completed,
PMT_6637,BK_6637,US_6110,362.24,Wallet,2024-07-12 20:08:40,completed,
PMT_6638,BK_6638,US_7066,755.74,Debit Card,2025-01-17 09:25:42,completed,
PMT_6640,BK_6640,US_5806,197.59,UPI,2025-06-20 19:22:01,completed,
PMT_6642,BK_6642,US_2486,0.0,Debit Card,2025-09-30 04:42:03,failed,
PMT_6643,BK_6643,US_9332,0.0,Credit Card,2024-06-26 17:49:36,refunded,
PMT_6644,BK_6644,US_3166,319.12,Debit Card,2025-06-25 15:11:27,completed,
PMT_6645,BK_6645,US_9162,716.66,Net Banking,2024-05-27 05:26:20,completed,
PMT_6646,BK_6646,US_752,234.52,Credit Card,2025-09-09 12:17:20,completed,
PMT_6647,BK_6647,US_4789,1083.8,Credit Card,2025-10-21 17:32:06,completed,
PMT_6648,BK_6648,US_1138,425.54,UPI,2025-10-17 02:12:58,completed,
PMT_6650,BK_6650,US_2451,1584.24,Credit Card,2024-10-15 01:01:02,completed,
PMT_6651,BK_6651,US_1233,0.0,Net Banking,2025-06-21 04:16:36,refunded,
PMT_6652,BK_6652,US_2779,914.2,Credit Card,2024-06-20 16:15:58,completed,
PMT_6653,BK_6653,US_4419,1050.96,Net Banking,2025-06-07 07:54:19,completed,
PMT_6654,BK_6654,US_1871,768.28,UPI,2024-12-29 22:45:57,completed,
PMT_6655,BK_6655,US_7215,960.8,Debit Card,2025-07-09 14:54:03,completed,
PMT_6657,BK_6657,US_3804,1833.32,Net Banking,2025-11-25 14:42:43,completed,
PMT_6658,BK_6658,US_3788,873.96,UPI,2025-12-27 20:57:04,completed,
PMT_6659,BK_6659,US_1598,1249.44,UPI,2025-02-10 11:00:12,completed,
PMT_6660,BK_6660,US_2034,767.67,Wallet,2025-06-07 17:11:38,completed,
PMT_6661,BK_6661,US_2709,587.96,Credit Card,2024-03-29 18:05:30,completed,
PMT_6662,BK_6662,US_2096,440.38,UPI,2025-02-02 23:57:25,completed,
PMT_6667,BK_6667,US_1622,1352.2,UPI,2025-03-06 19:21:52,completed,
PMT_6668,BK_6668,US_635,1412.96,Debit Card,2025-08-27 06:20:54,completed,
PMT_6669,BK_6669,US_5188,340.84,UPI,2025-12-19 09:27:12,completed,
PMT_6670,BK_6670,US_1191,354.69,Wallet,2025-05-19 16:38:51,completed,
PMT_6671,BK_6671,US_4992,329.64,Debit Card,2025-07-31 19:21:07,completed,
PMT_6672,BK_6672,US_1419,1243.84,Credit Card,2024-07-28 09:13:54,completed,
PMT_6673,BK_6673,US_6324,694.98,Net Banking,2025-07-03 00:53:21,completed,
PMT_6674,BK_6674,US_1337,852.21,UPI,2024-09-05 03:19:52,completed,
PMT_6675,BK_6675,US_6485,534.96,Debit Card,2024-04-25 05:28:02,completed,
PMT_6676,BK_6676,US_5694,936.12,Net Banking,2025-06-17 04:47:52,completed,
PMT_6677,BK_6677,US_2163,249.36,Net Banking,2024-03-01 10:18:56,completed,
PMT_6678,BK_6678,US_8912,1741.0,Debit Card,2024-07-25 22:04:26,completed,
PMT_6680,BK_6680,US_7479,0.0,Credit Card,2024-12-01 06:06:57,failed,
PMT_6681,BK_6681,US_7302,0.0,Net Banking,2025-10-16 01:26:43,refunded,
PMT_6682,BK_6682,US_7088,174.57,Credit Card,2024-08-14 06:32:45,completed,
PMT_6684,BK_6684,US_1371,0.0,Credit Card,2025-11-17 05:06:58,failed,
PMT_6687,BK_6687,US_5831,0.0,UPI,2024-11-07 03:38:15,refunded,
PMT_6688,BK_6688,US_190,1488.15,Debit Card,2024-03-24 17:36:32,completed,
PMT_6689,BK_6689,US_9332,1424.6999999999998,Net Banking,2025-11-21 13:11:44,completed,
PMT_6691,BK_6691,US_5691,524.79,Credit Card,2024-10-25 21:35:33,completed,
PMT_6692,BK_6692,US_6785,0.0,Credit Card,2025-12-30 05:46:47,failed,
PMT_6693,BK_6693,US_4979,313.79,Wallet,2025-10-12 14:06:48,completed,
PMT_6696,BK_6696,US_3553,1486.88,UPI,2025-05-10 08:14:51,completed,
PMT_6697,BK_6697,US_8488,1270.4,Net Banking,2025-05-07 20:30:51,completed,
PMT_6699,BK_6699,US_1153,616.2,Net Banking,2024-11-19 14:43:25,completed,
PMT_6700,BK_6700,US_6842,893.49,UPI,2025-04-10 14:35:43,completed,
PMT_6701,BK_6701,US_8911,0.0,Credit Card,2025-10-23 15:08:37,failed,
PMT_6704,BK_6704,US_871,726.66,Wallet,2025-01-19 11:32:35,completed,
PMT_6705,BK_6705,US_898,725.55,UPI,2025-11-06 14:28:10,completed,
PMT_6706,BK_6706,US_4760,474.86,UPI,2025-02-23 01:03:41,completed,
PMT_6709,BK_6709,US_4562,0.0,Net Banking,2025-07-23 06:36:49,failed,
PMT_6710,BK_6710,US_6182,1288.68,Debit Card,2025-10-31 19:36:51,completed,
PMT_6711,BK_6711,US_2083,1282.1100000000001,Credit Card,2025-04-28 14:01:46,completed,
PMT_6712,BK_6712,US_7110,1970.24,Credit Card,2025-03-25 04:38:01,completed,
PMT_6713,BK_6713,US_1486,710.14,Net Banking,2025-09-12 09:17:14,completed,
PMT_6714,BK_6714,US_7035,608.04,Credit Card,2025-01-02 15:29:17,completed,
PMT_6715,BK_6715,US_1674,0.0,UPI,2025-11-03 01:13:58,refunded,
PMT_6716,BK_6716,US_8820,155.07,Debit Card,2025-03-13 02:17:03,completed,
PMT_6717,BK_6717,US_3773,635.37,Net Banking,2024-04-18 08:23:05,completed,
PMT_6718,BK_6718,US_314,0.0,Credit Card,2024-07-28 23:59:35,refunded,
PMT_6719,BK_6719,US_8134,585.58,Wallet,2025-10-05 23:59:06,completed,
PMT_6722,BK_6722,US_4202,278.96,Credit Card,2024-10-28 12:57:46,completed,
PMT_6723,BK_6723,US_4223,223.33,Net Banking,2024-11-05 08:08:59,completed,
PMT_6724,BK_6724,US_1942,342.7,Credit Card,2024-02-12 10:08:57,completed,
PMT_6725,BK_6725,US_459,1406.73,Credit Card,2025-11-21 21:24:19,completed,
PMT_6726,BK_6726,US_3354,567.24,Net Banking,2024-07-25 21:52:04,completed,
PMT_6727,BK_6727,US_4044,1451.6100000000001,Debit Card,2025-08-17 07:06:32,completed,
PMT_6728,BK_6728,US_3244,322.95,UPI,2025-01-22 04:14:39,completed,
PMT_6729,BK_6729,US_3838,1246.36,Credit Card,2025-07-11 22:43:48,completed,
PMT_6730,BK_6730,US_3835,717.5,Debit Card,2024-06-18 12:27:51,completed,
PMT_6731,BK_6731,US_9723,457.32,Credit Card,2025-10-07 20:27:57,completed,
PMT_6732,BK_6732,US_3655,438.79,Wallet,2025-06-26 00:41:25,completed,
PMT_6733,BK_6733,US_5586,471.71,Wallet,2025-03-05 22:46:23,completed,
PMT_6734,BK_6734,US_7189,701.48,Net Banking,2025-06-27 03:33:55,completed,
PMT_6735,BK_6735,US_8074,568.77,Net Banking,2024-12-20 00:34:37,completed,
PMT_6736,BK_6736,US_8713,0.0,UPI,2024-04-02 04:59:14,refunded,
PMT_6737,BK_6737,US_9096,361.68,Debit Card,2025-09-19 02:52:51,completed,
PMT_6739,BK_6739,US_849,330.91,Wallet,2025-02-12 17:00:07,completed,
PMT_6740,BK_6740,US_656,797.97,Credit Card,2025-12-06 19:40:50,completed,
PMT_6741,BK_6741,US_8143,224.85,Wallet,2025-04-30 01:49:34,completed,
PMT_6742,BK_6742,US_8330,417.92,Debit Card,2024-08-21 21:58:19,completed,
PMT_6743,BK_6743,US_9427,389.75,Net Banking,2025-09-28 07:01:55,completed,
PMT_6744,BK_6744,US_6154,856.9,Debit Card,2024-12-13 08:44:41,completed,
PMT_6747,BK_6747,US_3974,648.92,Net Banking,2024-10-18 08:06:46,completed,
PMT_6749,BK_6749,US_6183,1054.29,Net Banking,2024-03-05 17:41:23,completed,
PMT_6751,BK_6751,US_634,1373.16,Net Banking,2025-10-12 16:41:29,completed,
PMT_6752,BK_6752,US_6244,0.0,Net Banking,2024-04-08 05:45:00,failed,
PMT_6753,BK_6753,US_7665,389.2,Net Banking,2025-03-05 13:24:12,completed,
PMT_6754,BK_6754,US_9200,0.0,Credit Card,2025-02-28 11:52:51,failed,
PMT_6755,BK_6755,US_4010,1946.2,Credit Card,2024-03-27 08:43:38,completed,
PMT_6756,BK_6756,US_1016,1768.0,Wallet,2025-12-17 08:41:22,completed,
PMT_6758,BK_6758,US_577,486.01,Credit Card,2024-07-03 18:35:21,completed,
PMT_6759,BK_6759,US_3287,402.54,Credit Card,2024-07-12 17:05:48,completed,
PMT_6760,BK_6760,US_9501,505.29,Debit Card,2024-01-01 13:51:31,completed,
PMT_6761,BK_6761,US_6622,0.0,Wallet,2024-03-11 16:24:05,failed,
PMT_6762,BK_6762,US_4332,656.24,Debit Card,2025-09-21 14:37:44,completed,
PMT_6763,BK_6763,US_2342,0.0,Wallet,2024-01-08 01:42:57,failed,
PMT_6764,BK_6764,US_3224,1471.48,Net Banking,2024-04-27 04:38:59,completed,
PMT_6766,BK_6766,US_8049,317.59,Credit Card,2024-07-10 19:41:25,completed,
PMT_6769,BK_6769,US_5938,412.05,Wallet,2025-01-09 05:52:47,completed,
PMT_6770,BK_6770,US_2192,775.96,Debit Card,2025-02-28 22:02:47,completed,
PMT_6771,BK_6771,US_9118,429.56,Wallet,2025-07-11 06:38:51,completed,
PMT_6772,BK_6772,US_931,786.56,Net Banking,2024-08-13 11:21:35,completed,
PMT_6773,BK_6773,US_3667,761.9,Net Banking,2024-11-08 13:11:33,completed,
PMT_6774,BK_6774,US_4444,500.22,Net Banking,2025-02-25 16:02:12,completed,
PMT_6775,BK_6775,US_6503,1243.32,Wallet,2024-01-08 15:53:42,completed,
PMT_6776,BK_6776,US_6660,595.12,Wallet,2025-09-25 22:53:05,completed,
PMT_6779,BK_6779,US_7345,0.0,UPI,2024-11-21 12:13:01,refunded,
PMT_6780,BK_6780,US_1198,0.0,Net Banking,2024-08-27 09:16:07,refunded,
PMT_6781,BK_6781,US_7903,507.16,Debit Card,2024-05-07 20:22:51,completed,
PMT_6782,BK_6782,US_93,931.24,Net Banking,2025-06-17 08:05:11,completed,
PMT_6783,BK_6783,US_7055,464.09,Debit Card,2024-08-26 20:44:59,completed,
PMT_6784,BK_6784,US_761,801.94,Wallet,2025-09-05 06:30:19,completed,
PMT_6785,BK_6785,US_8928,431.88,Credit Card,2024-01-16 05:40:12,completed,
PMT_6786,BK_6786,US_9583,0.0,Debit Card,2025-06-28 22:26:19,refunded,
PMT_6787,BK_6787,US_1040,1134.78,Debit Card,2024-08-27 11:03:36,completed,
PMT_6788,BK_6788,US_7297,1011.44,Debit Card,2024-07-31 01:26:28,completed,
PMT_6792,BK_6792,US_3531,1052.8,Credit Card,2024-01-28 13:17:20,completed,
PMT_6793,BK_6793,US_9310,910.4,UPI,2024-09-25 07:22:26,completed,
PMT_6794,BK_6794,US_7467,441.4,Credit Card,2024-03-11 18:32:23,completed,
PMT_6795,BK_6795,US_6242,499.6,Net Banking,2025-12-09 02:39:03,completed,
PMT_6796,BK_6796,US_4615,0.0,Debit Card,2025-05-10 09:57:25,failed,
PMT_6797,BK_6797,US_2010,432.42,Net Banking,2025-02-04 09:05:50,completed,
PMT_6798,BK_6798,US_384,895.1999999999999,UPI,2024-08-11 03:24:16,completed,
PMT_6799,BK_6799,US_715,304.38,Wallet,2025-12-27 02:42:15,completed,
PMT_6800,BK_6800,US_8444,1485.56,Credit Card,2024-12-27 01:57:57,completed,
PMT_6801,BK_6801,US_9775,1510.96,UPI,2025-03-11 10:15:38,completed,
PMT_6802,BK_6802,US_8286,0.0,Credit Card,2025-07-10 16:55:31,refunded,
PMT_6803,BK_6803,US_4217,0.0,Wallet,2024-09-05 03:30:14,refunded,
PMT_6804,BK_6804,US_865,372.79,UPI,2025-05-30 16:13:31,completed,
PMT_6805,BK_6805,US_2753,449.22,Wallet,2025-11-27 17:33:57,completed,
PMT_6807,BK_6807,US_993,383.47,Wallet,2025-07-08 11:20:27,completed,
PMT_6808,BK_6808,US_6542,1172.31,Net Banking,2025-12-08 21:16:23,completed,
PMT_6809,BK_6809,US_53,1306.65,Wallet,2024-01-31 13:56:01,completed,
PMT_6810,BK_6810,US_7482,684.36,Net Banking,2024-01-16 13:49:02,completed,
PMT_6811,BK_6811,US_3980,936.4,Net Banking,2024-03-25 19:25:35,completed,
PMT_6812,BK_6812,US_2960,257.94,Debit Card,2024-12-23 02:00:30,completed,
PMT_6813,BK_6813,US_9586,0.0,UPI,2024-11-24 15:03:51,failed,
PMT_6814,BK_6814,US_8640,206.26,UPI,2025-02-24 23:38:10,completed,
PMT_6815,BK_6815,US_5384,0.0,Net Banking,2024-05-20 17:29:17,failed,
PMT_6817,BK_6817,US_3580,0.0,Credit Card,2024-03-27 13:28:05,failed,
PMT_6819,BK_6819,US_7594,1054.36,Debit Card,2025-07-31 03:57:18,completed,
PMT_6822,BK_6822,US_414,896.52,Credit Card,2024-08-22 02:16:07,completed,
PMT_6823,BK_6823,US_6844,0.0,Net Banking,2024-08-18 09:56:42,refunded,
PMT_6824,BK_6824,US_8050,400.88,Debit Card,2024-07-13 14:51:05,completed,
PMT_6825,BK_6825,US_659,0.0,Wallet,2024-03-10 23:40:20,refunded,
PMT_6826,BK_6826,US_4537,386.82,Debit Card,2025-11-19 20:57:45,completed,
PMT_6827,BK_6827,US_165,1029.0,Net Banking,2025-05-19 11:11:35,completed,
PMT_6828,BK_6828,US_4746,0.0,Net Banking,2025-01-26 15:24:04,failed,
PMT_6829,BK_6829,US_101,1040.6999999999998,Net Banking,2024-09-04 16:39:00,completed,
PMT_6830,BK_6830,US_4570,723.36,UPI,2025-07-05 18:52:13,completed,
PMT_6832,BK_6832,US_3077,684.48,Wallet,2024-05-01 16:24:44,completed,
PMT_6834,BK_6834,US_7508,431.46,Credit Card,2025-07-12 21:34:20,completed,
PMT_6835,BK_6835,US_3660,1012.84,Debit Card,2025-12-07 23:21:03,completed,
PMT_6836,BK_6836,US_3111,0.0,Net Banking,2025-05-03 03:12:01,refunded,
PMT_6837,BK_6837,US_3212,878.3700000000001,Debit Card,2024-01-29 17:14:30,completed,
PMT_6838,BK_6838,US_6612,305.9,Debit Card,2024-01-22 02:58:48,completed,
PMT_6839,BK_6839,US_6287,218.29,UPI,2024-04-03 17:43:02,completed,
PMT_6840,BK_6840,US_2060,489.28,Credit Card,2024-05-16 11:17:33,completed,
PMT_6842,BK_6842,US_4743,435.93,Net Banking,2025-03-17 20:53:26,completed,
PMT_6843,BK_6843,US_6139,427.24,Wallet,2025-02-21 17:30:05,completed,
PMT_6844,BK_6844,US_1477,0.0,Credit Card,2025-02-23 16:33:58,failed,
PMT_6845,BK_6845,US_7655,835.72,UPI,2024-07-28 14:39:38,completed,
PMT_6846,BK_6846,US_140,648.48,Debit Card,2024-11-06 11:27:48,completed,
PMT_6847,BK_6847,US_6984,0.0,Wallet,2024-01-18 00:08:06,failed,
PMT_6848,BK_6848,US_7855,1311.96,Credit Card,2025-09-18 06:20:18,completed,
PMT_6849,BK_6849,US_4979,370.6,Credit Card,2024-11-27 15:03:11,completed,
PMT_6850,BK_6850,US_3189,308.47,Credit Card,2025-12-05 04:27:42,completed,
PMT_6853,BK_6853,US_4024,452.93999999999994,Net Banking,2024-07-23 02:58:22,completed,
PMT_6855,BK_6855,US_9238,611.37,Wallet,2025-10-09 08:45:26,completed,
PMT_6856,BK_6856,US_6815,298.31,Wallet,2025-01-06 17:31:53,completed,
PMT_6858,BK_6858,US_1110,0.0,Wallet,2025-02-07 22:36:22,refunded,
PMT_6859,BK_6859,US_7775,1212.44,UPI,2024-11-24 11:13:02,completed,
PMT_6860,BK_6860,US_5476,461.56,Debit Card,2024-02-22 14:49:05,completed,
PMT_6861,BK_6861,US_2287,340.51,Debit Card,2025-03-03 12:03:41,completed,
PMT_6862,BK_6862,US_2332,492.02,Wallet,2024-02-24 02:07:33,completed,
PMT_6863,BK_6863,US_8601,0.0,Net Banking,2024-05-20 19:51:04,refunded,
PMT_6864,BK_6864,US_5680,404.12,Debit Card,2025-09-20 06:01:27,completed,
PMT_6865,BK_6865,US_7416,808.3199999999999,Credit Card,2025-05-17 20:27:33,completed,
PMT_6866,BK_6866,US_6549,0.0,Credit Card,2024-12-13 16:56:44,failed,
PMT_6867,BK_6867,US_587,993.32,Wallet,2024-10-08 17:50:57,completed,
PMT_6868,BK_6868,US_5028,228.16,UPI,2024-10-18 04:08:50,completed,
PMT_6871,BK_6871,US_9943,1417.28,Wallet,2025-10-24 12:57:09,completed,
PMT_6872,BK_6872,US_8685,926.8,Wallet,2024-01-13 08:10:47,completed,
PMT_6873,BK_6873,US_5686,1373.88,Credit Card,2024-08-05 20:52:57,completed,
PMT_6874,BK_6874,US_299,0.0,Wallet,2024-07-05 23:37:23,failed,
PMT_6875,BK_6875,US_7970,0.0,Wallet,2024-01-10 16:20:01,refunded,
PMT_6877,BK_6877,US_6286,413.78,UPI,2024-06-14 19:05:14,completed,
PMT_6878,BK_6878,US_6975,419.1,Net Banking,2024-04-08 04:41:46,completed,
PMT_6879,BK_6879,US_2886,627.48,Debit Card,2024-12-31 18:07:01,completed,
PMT_6880,BK_6880,US_8794,760.84,Wallet,2024-07-08 07:12:42,completed,
PMT_6881,BK_6881,US_294,990.0,Wallet,2025-05-28 12:28:30,completed,
PMT_6882,BK_6882,US_5558,1835.44,UPI,2025-03-10 17:56:36,completed,
PMT_6883,BK_6883,US_862,375.07,Debit Card,2024-09-27 15:25:42,completed,
PMT_6884,BK_6884,US_7204,997.92,UPI,2025-09-03 15:06:43,completed,
PMT_6885,BK_6885,US_6426,667.96,Net Banking,2024-03-27 14:48:07,completed,
PMT_6886,BK_6886,US_4335,467.8,Debit Card,2025-02-01 09:48:37,completed,
PMT_6887,BK_6887,US_8539,1553.68,Net Banking,2025-11-10 10:27:46,completed,
PMT_6889,BK_6889,US_9592,256.37,UPI,2024-06-24 16:45:38,completed,
PMT_6890,BK_6890,US_6589,232.2,Debit Card,2024-06-08 12:49:02,completed,
PMT_6891,BK_6891,US_981,195.8,UPI,2025-09-16 07:13:53,completed,
PMT_6892,BK_6892,US_3801,1749.64,Net Banking,2024-10-05 04:02:57,completed,
PMT_6893,BK_6893,US_8784,1625.76,UPI,2025-03-14 12:58:31,completed,
PMT_6894,BK_6894,US_5169,749.72,Debit Card,2025-02-15 15:44:29,completed,
PMT_6895,BK_6895,US_120,0.0,Wallet,2025-09-07 12:08:57,failed,
PMT_6896,BK_6896,US_5572,476.44,Credit Card,2025-05-25 22:35:09,completed,
PMT_6897,BK_6897,US_8808,852.0,Wallet,2024-09-28 10:55:00,completed,
PMT_6898,BK_6898,US_2034,236.78,Wallet,2024-09-22 02:28:31,completed,
PMT_6899,BK_6899,US_6088,755.4,Net Banking,2025-07-19 15:42:07,completed,
PMT_6900,BK_6900,US_7582,1252.28,Wallet,2024-05-03 12:27:49,completed,
PMT_6901,BK_6901,US_9728,211.03,Wallet,2024-04-28 17:58:17,completed,
PMT_6902,BK_6902,US_4930,1675.44,Net Banking,2024-01-25 05:32:44,completed,
PMT_6903,BK_6903,US_3762,1634.52,UPI,2024-09-15 13:45:08,completed,
PMT_6904,BK_6904,US_6607,1931.96,Debit Card,2024-01-21 13:27:32,completed,
PMT_6905,BK_6905,US_7152,856.9499999999999,Credit Card,2025-12-10 17:18:30,completed,
PMT_6906,BK_6906,US_1447,778.84,Wallet,2025-05-21 11:21:36,completed,
PMT_6907,BK_6907,US_7442,303.09,Debit Card,2024-10-05 08:55:27,completed,
PMT_6908,BK_6908,US_1164,1404.75,UPI,2025-01-09 04:19:24,completed,
PMT_6909,BK_6909,US_1849,892.12,Debit Card,2024-06-06 04:31:16,completed,
PMT_6910,BK_6910,US_8091,616.96,Credit Card,2025-08-14 16:48:14,completed,
PMT_6911,BK_6911,US_4059,999.2,Wallet,2024-01-03 05:05:04,completed,
PMT_6913,BK_6913,US_9355,355.06,Credit Card,2024-03-12 13:17:44,completed,
PMT_6914,BK_6914,US_8877,436.06,UPI,2024-10-15 10:02:44,completed,
PMT_6915,BK_6915,US_8786,266.87,Credit Card,2025-03-17 11:48:10,completed,
PMT_6917,BK_6917,US_9825,387.5,Wallet,2025-05-19 17:29:59,completed,
PMT_6918,BK_6918,US_9878,268.8,UPI,2024-11-12 20:09:39,completed,
PMT_6919,BK_6919,US_1549,370.32,UPI,2025-03-16 12:33:57,completed,
PMT_6920,BK_6920,US_1091,638.4000000000001,Net Banking,2024-03-25 10:40:04,completed,
PMT_6921,BK_6921,US_5439,451.03,Net Banking,2024-08-15 08:19:23,completed,
PMT_6922,BK_6922,US_789,1767.2,Credit Card,2024-08-30 09:21:54,completed,
PMT_6923,BK_6923,US_2896,775.64,Debit Card,2025-07-12 15:16:57,completed,
PMT_6924,BK_6924,US_9536,326.44,Wallet,2025-07-10 04:57:44,completed,
PMT_6925,BK_6925,US_8170,472.8,Net Banking,2025-12-09 04:54:54,completed,
PMT_6926,BK_6926,US_7572,0.0,Debit Card,2025-04-07 22:47:59,refunded,
PMT_6927,BK_6927,US_1902,1105.72,Net Banking,2025-10-24 08:16:16,completed,
PMT_6928,BK_6928,US_37,380.27,Credit Card,2024-06-07 06:50:18,completed,
PMT_6929,BK_6929,US_9903,0.0,Debit Card,2024-02-26 15:55:03,failed,
PMT_6930,BK_6930,US_7852,977.9100000000001,Net Banking,2025-08-26 14:14:22,completed,
PMT_6931,BK_6931,US_4366,700.24,Debit Card,2025-04-03 09:58:45,completed,
PMT_6932,BK_6932,US_7154,488.48,Credit Card,2024-07-03 05:27:14,completed,
PMT_6933,BK_6933,US_6954,1423.5,Debit Card,2024-10-28 21:42:05,completed,
PMT_6934,BK_6934,US_7832,193.46,UPI,2024-10-23 07:28:48,completed,
PMT_6935,BK_6935,US_8937,313.72,Wallet,2024-02-25 06:50:41,completed,
PMT_6936,BK_6936,US_1693,1530.16,Net Banking,2025-12-05 01:39:38,completed,
PMT_6937,BK_6937,US_2854,645.84,Net Banking,2025-05-18 08:10:24,completed,
PMT_6940,BK_6940,US_5873,469.68,Credit Card,2025-11-13 03:35:37,completed,
PMT_6941,BK_6941,US_9489,473.7,Credit Card,2024-08-04 01:02:02,completed,
PMT_6942,BK_6942,US_4353,1300.76,Debit Card,2024-12-13 04:14:49,completed,
PMT_6945,BK_6945,US_2294,709.22,Credit Card,2025-04-10 10:13:12,completed,
PMT_6946,BK_6946,US_8511,221.29,Debit Card,2025-02-08 19:39:02,completed,
PMT_6948,BK_6948,US_8148,211.04,Credit Card,2024-12-20 20:39:43,completed,
PMT_6949,BK_6949,US_4079,0.0,Debit Card,2025-06-18 06:13:27,failed,
PMT_6950,BK_6950,US_3186,516.96,Debit Card,2024-05-05 05:49:22,completed,
PMT_6951,BK_6951,US_3288,598.32,Debit Card,2024-03-28 09:08:27,completed,
PMT_6956,BK_6956,US_32,1247.2,UPI,2024-07-27 19:03:35,completed,
PMT_6957,BK_6957,US_9668,966.5699999999999,Wallet,2024-11-28 11:26:37,completed,
PMT_6958,BK_6958,US_6200,893.26,Wallet,2024-03-23 14:26:02,completed,
PMT_6959,BK_6959,US_4971,823.16,Credit Card,2025-10-29 07:16:42,completed,
PMT_6960,BK_6960,US_8020,230.24,Net Banking,2025-07-09 23:19:12,completed,
PMT_6961,BK_6961,US_9805,1650.16,UPI,2024-03-11 17:06:06,completed,
PMT_6963,BK_6963,US_1590,837.78,UPI,2024-09-23 08:10:32,completed,
PMT_6964,BK_6964,US_7020,374.33,Net Banking,2025-11-11 07:10:59,completed,
PMT_6965,BK_6965,US_81,0.0,Net Banking,2024-02-09 07:23:00,failed,
PMT_6966,BK_6966,US_3986,265.81,Debit Card,2025-11-26 01:44:13,completed,
PMT_6967,BK_6967,US_5035,180.84,UPI,2025-12-20 10:09:41,completed,
PMT_6968,BK_6968,US_195,1566.84,UPI,2025-01-04 05:20:29,completed,
PMT_6970,BK_6970,US_1318,444.18,UPI,2025-10-22 16:35:16,completed,
PMT_6972,BK_6972,US_6183,830.16,UPI,2024-11-08 17:43:52,completed,
PMT_6973,BK_6973,US_513,598.4,Credit Card,2025-02-23 01:51:26,completed,
PMT_6974,BK_6974,US_7386,309.88,UPI,2025-07-15 10:25:15,completed,
PMT_6975,BK_6975,US_3564,163.22,UPI,2025-07-31 20:54:29,completed,
PMT_6978,BK_6978,US_9549,399.58,Wallet,2024-09-05 17:55:21,completed,
PMT_6980,BK_6980,US_2258,339.87,Wallet,2024-12-29 14:35:58,completed,
PMT_6981,BK_6981,US_3807,1406.3700000000001,Debit Card,2025-11-18 15:25:24,completed,
PMT_6982,BK_6982,US_7508,586.6,Net Banking,2024-12-12 03:04:15,completed,
PMT_6983,BK_6983,US_5149,399.86,Net Banking,2025-03-22 21:00:22,completed,
PMT_6985,BK_6985,US_7282,546.5999999999999,UPI,2025-07-12 06:29:10,completed,
PMT_6986,BK_6986,US_6305,158.48,UPI,2024-04-28 05:04:42,completed,
PMT_6987,BK_6987,US_4242,658.2,Wallet,2025-03-27 18:03:02,completed,
PMT_6988,BK_6988,US_2770,0.0,Debit Card,2024-11-15 22:52:01,failed,
PMT_6989,BK_6989,US_7042,1077.1200000000001,UPI,2025-04-27 15:45:21,completed,
PMT_6990,BK_6990,US_8404,1107.52,Wallet,2025-10-09 05:19:08,completed,
PMT_6991,BK_6991,US_9302,427.76,Credit Card,2024-10-15 05:27:05,completed,
PMT_6992,BK_6992,US_9424,0.0,Wallet,2024-12-02 09:54:06,failed,
PMT_6995,BK_6995,US_8106,0.0,Net Banking,2024-09-14 23:25:55,refunded,
PMT_6997,BK_6997,US_4527,437.04,Debit Card,2024-09-05 08:56:22,completed,
PMT_6998,BK_6998,US_7906,1286.76,Wallet,2025-05-28 07:13:54,completed,
PMT_6999,BK_6999,US_1747,1465.68,Debit Card,2024-09-10 11:55:31,completed,
PMT_7001,BK_7001,US_3087,473.94,Net Banking,2025-07-22 06:20:29,completed,
PMT_7002,BK_7002,US_3109,0.0,Net Banking,2025-02-27 21:40:49,failed,
PMT_7003,BK_7003,US_1451,274.08,Credit Card,2025-08-31 03:55:23,completed,
PMT_7004,BK_7004,US_7108,1378.0,Debit Card,2024-05-05 11:34:32,completed,
PMT_7005,BK_7005,US_4912,257.98,Credit Card,2024-08-07 15:28:59,completed,
PMT_7006,BK_7006,US_3558,801.0,Wallet,2024-06-23 14:51:59,completed,
PMT_7007,BK_7007,US_4868,1010.04,Net Banking,2024-07-25 21:16:06,completed,
PMT_7008,BK_7008,US_367,1412.6399999999999,Wallet,2025-07-24 10:15:20,completed,
PMT_7009,BK_7009,US_8974,354.45,UPI,2024-06-07 11:44:34,completed,
PMT_7010,BK_7010,US_4062,0.0,Net Banking,2024-03-28 19:39:04,failed,
PMT_7011,BK_7011,US_2615,1843.52,UPI,2025-11-18 23:32:49,completed,
PMT_7012,BK_7012,US_6825,600.9,Credit Card,2024-05-17 12:52:52,completed,
PMT_7013,BK_7013,US_5374,308.48,Debit Card,2025-12-10 23:27:28,completed,
PMT_7014,BK_7014,US_622,975.66,Debit Card,2024-04-27 05:04:30,completed,
PMT_7015,BK_7015,US_9119,1071.06,Net Banking,2024-07-12 00:49:36,completed,
PMT_7016,BK_7016,US_8332,162.13,Net Banking,2025-09-25 11:23:41,completed,
PMT_7017,BK_7017,US_1000,632.74,UPI,2024-06-10 20:13:56,completed,
PMT_7018,BK_7018,US_2921,670.72,Wallet,2025-06-22 04:51:44,completed,
PMT_7019,BK_7019,US_8733,896.1,Debit Card,2025-08-05 14:42:44,completed,
PMT_7020,BK_7020,US_2531,346.48,Wallet,2025-05-25 14:09:00,completed,
PMT_7021,BK_7021,US_4276,378.49,Net Banking,2025-05-13 05:56:56,completed,
PMT_7022,BK_7022,US_6952,357.95,Wallet,2025-12-27 16:14:10,completed,
PMT_7023,BK_7023,US_6845,1510.32,UPI,2025-01-28 03:33:23,completed,
PMT_7026,BK_7026,US_5145,670.4,Net Banking,2024-12-31 23:24:50,completed,
PMT_7027,BK_7027,US_924,0.0,UPI,2025-07-19 07:53:35,refunded,
PMT_7030,BK_7030,US_9079,972.74,UPI,2025-01-08 16:00:54,completed,
PMT_7031,BK_7031,US_9542,922.44,UPI,2024-08-24 10:38:58,completed,
PMT_7032,BK_7032,US_1350,1691.8,Net Banking,2025-06-25 22:14:10,completed,
PMT_7033,BK_7033,US_9363,663.32,Wallet,2024-01-09 08:11:35,completed,
PMT_7034,BK_7034,US_3599,1867.52,Credit Card,2025-08-03 04:27:52,completed,
PMT_7036,BK_7036,US_4811,1179.6,Net Banking,2025-02-10 22:49:04,completed,
PMT_7037,BK_7037,US_4541,762.44,Wallet,2025-10-22 09:18:10,completed,
PMT_7038,BK_7038,US_4621,962.0,Wallet,2024-05-22 20:01:45,completed,
PMT_7040,BK_7040,US_9623,643.02,Net Banking,2024-03-21 11:23:40,completed,
PMT_7042,BK_7042,US_1641,1904.08,UPI,2025-12-06 20:45:09,completed,
PMT_7043,BK_7043,US_3270,491.79,Debit Card,2025-01-18 21:24:19,completed,
PMT_7044,BK_7044,US_5048,0.0,Debit Card,2025-02-20 03:42:51,failed,
PMT_7045,BK_7045,US_7217,1991.76,Credit Card,2024-06-01 04:08:20,completed,
PMT_7046,BK_7046,US_9797,526.8,Debit Card,2024-04-04 19:29:24,completed,
PMT_7047,BK_7047,US_4791,576.68,Debit Card,2024-07-08 03:14:54,completed,
PMT_7048,BK_7048,US_5654,409.81,Wallet,2025-11-02 11:07:51,completed,
PMT_7049,BK_7049,US_6381,1315.76,Net Banking,2025-05-03 21:02:37,completed,
PMT_7050,BK_7050,US_5798,658.34,UPI,2024-08-24 00:53:08,completed,
PMT_7051,BK_7051,US_5258,1629.52,Debit Card,2025-09-08 00:19:16,completed,
PMT_7052,BK_7052,US_7669,525.12,Debit Card,2024-03-09 01:39:00,completed,
PMT_7054,BK_7054,US_1966,249.29,Debit Card,2024-04-28 04:56:26,completed,
PMT_7055,BK_7055,US_2598,673.83,Net Banking,2025-01-26 12:31:23,completed,
PMT_7056,BK_7056,US_2308,341.55,Wallet,2025-07-14 16:13:34,completed,
PMT_7057,BK_7057,US_3595,0.0,UPI,2024-02-23 06:04:45,failed,
PMT_7059,BK_7059,US_6782,731.24,Credit Card,2024-02-06 09:42:09,completed,
PMT_7060,BK_7060,US_2541,417.87,Wallet,2025-10-25 05:55:21,completed,
PMT_7061,BK_7061,US_7269,1062.96,UPI,2025-01-17 20:23:29,completed,
PMT_7062,BK_7062,US_3324,470.61,Debit Card,2025-03-20 22:26:15,completed,
PMT_7063,BK_7063,US_5983,0.0,Net Banking,2024-08-15 05:03:41,refunded,
PMT_7064,BK_7064,US_5127,987.34,Credit Card,2025-10-27 20:39:14,completed,
PMT_7065,BK_7065,US_2788,0.0,Net Banking,2024-09-08 08:58:01,failed,
PMT_7066,BK_7066,US_9400,0.0,Wallet,2025-09-18 09:23:05,refunded,
PMT_7068,BK_7068,US_5946,0.0,Credit Card,2025-11-11 03:25:30,failed,
PMT_7070,BK_7070,US_440,261.25,Debit Card,2025-02-28 07:11:42,completed,
PMT_7071,BK_7071,US_8893,397.01,Net Banking,2024-03-18 16:51:23,completed,
PMT_7072,BK_7072,US_5698,864.66,Wallet,2025-02-04 08:09:18,completed,
PMT_7073,BK_7073,US_656,0.0,Credit Card,2025-06-14 06:09:13,failed,
PMT_7074,BK_7074,US_4267,214.76,Net Banking,2024-10-05 20:52:53,completed,
PMT_7075,BK_7075,US_8785,383.95,Net Banking,2025-05-13 09:12:44,completed,
PMT_7076,BK_7076,US_5586,884.8199999999999,UPI,2024-06-30 20:13:57,completed,
PMT_7077,BK_7077,US_8311,392.53,Debit Card,2025-02-11 21:41:37,completed,
PMT_7078,BK_7078,US_4948,242.48,Wallet,2024-10-26 05:25:27,completed,
PMT_7079,BK_7079,US_4367,202.56,Wallet,2024-07-08 23:19:42,completed,
PMT_7080,BK_7080,US_4821,1030.72,UPI,2025-12-22 20:09:52,completed,
PMT_7081,BK_7081,US_4835,387.28,Debit Card,2024-05-13 22:21:54,completed,
PMT_7082,BK_7082,US_8033,0.0,Net Banking,2024-06-29 21:23:21,failed,
PMT_7083,BK_7083,US_7704,650.28,Credit Card,2024-03-25 23:12:02,completed,
PMT_7085,BK_7085,US_7400,0.0,Credit Card,2024-05-19 08:43:10,failed,
PMT_7086,BK_7086,US_7409,412.02,Debit Card,2025-03-15 19:13:30,completed,
PMT_7088,BK_7088,US_857,1819.92,Credit Card,2024-04-14 09:00:53,completed,
PMT_7089,BK_7089,US_2188,759.44,UPI,2025-03-21 03:46:52,completed,
PMT_7090,BK_7090,US_9460,860.76,UPI,2025-12-17 14:05:52,completed,
PMT_7091,BK_7091,US_1672,1998.08,UPI,2024-04-09 06:14:55,completed,
PMT_7092,BK_7092,US_521,0.0,UPI,2025-08-18 01:11:41,refunded,
PMT_7093,BK_7093,US_581,663.04,Credit Card,2025-06-24 23:06:59,completed,
PMT_7094,BK_7094,US_307,316.92,UPI,2025-03-09 09:27:08,completed,
PMT_7095,BK_7095,US_5427,620.4,Wallet,2024-10-03 13:27:09,completed,
PMT_7096,BK_7096,US_5887,0.0,Credit Card,2025-04-04 09:55:17,refunded,
PMT_7097,BK_7097,US_3279,733.16,Debit Card,2024-07-31 19:47:03,completed,
PMT_7098,BK_7098,US_6411,918.08,Credit Card,2024-01-23 05:18:20,completed,
PMT_7099,BK_7099,US_7958,1094.94,Credit Card,2024-09-26 23:58:28,completed,
PMT_7100,BK_7100,US_6964,480.97,Wallet,2024-05-09 16:00:11,completed,
PMT_7101,BK_7101,US_5972,672.2,Credit Card,2024-08-06 08:16:20,completed,
PMT_7102,BK_7102,US_9847,502.18,Debit Card,2024-08-06 13:17:29,completed,
PMT_7103,BK_7103,US_2665,0.0,Debit Card,2025-05-13 11:37:42,failed,
PMT_7105,BK_7105,US_6082,1345.2,Net Banking,2024-06-27 04:39:54,completed,
PMT_7106,BK_7106,US_9369,348.98,UPI,2025-12-10 22:42:37,completed,
PMT_7107,BK_7107,US_5051,242.99,UPI,2025-10-11 15:57:23,completed,
PMT_7108,BK_7108,US_2325,1140.09,Debit Card,2025-05-06 18:36:37,completed,
PMT_7109,BK_7109,US_9828,558.08,Net Banking,2025-04-16 06:57:47,completed,
PMT_7110,BK_7110,US_6043,868.7,Credit Card,2025-09-29 08:25:11,completed,
PMT_7111,BK_7111,US_643,0.0,Debit Card,2025-02-06 22:07:30,failed,
PMT_7112,BK_7112,US_7857,467.75,Wallet,2024-05-18 15:01:49,completed,
PMT_7114,BK_7114,US_5013,426.51,UPI,2025-08-27 01:14:35,completed,
PMT_7115,BK_7115,US_5133,522.34,Credit Card,2025-10-08 03:58:01,completed,
PMT_7116,BK_7116,US_845,653.46,Wallet,2025-06-03 08:22:16,completed,
PMT_7117,BK_7117,US_5044,712.58,Wallet,2025-04-09 21:55:38,completed,
PMT_7118,BK_7118,US_335,1640.2,Debit Card,2024-04-15 17:06:28,completed,
PMT_7119,BK_7119,US_9382,1014.24,Wallet,2024-09-23 12:54:49,completed,
PMT_7122,BK_7122,US_804,826.18,Wallet,2024-08-19 22:26:43,completed,
PMT_7123,BK_7123,US_3681,408.84,Wallet,2024-05-16 17:10:48,completed,
PMT_7124,BK_7124,US_7143,1389.66,Debit Card,2024-12-31 02:38:19,completed,
PMT_7125,BK_7125,US_9950,199.69,Debit Card,2024-08-05 15:58:02,completed,
PMT_7126,BK_7126,US_5763,1444.68,Wallet,2024-08-01 22:55:03,completed,
PMT_7128,BK_7128,US_8033,667.48,Net Banking,2025-04-13 19:31:50,completed,
PMT_7129,BK_7129,US_7190,1362.27,Net Banking,2024-03-25 08:49:09,completed,
PMT_7130,BK_7130,US_8120,0.0,Credit Card,2024-11-02 13:09:28,failed,
PMT_7131,BK_7131,US_1064,490.72,Net Banking,2024-10-19 12:53:13,completed,
PMT_7132,BK_7132,US_8329,722.1899999999999,Debit Card,2024-02-17 09:03:49,completed,
PMT_7133,BK_7133,US_6629,417.33,Wallet,2025-11-18 04:10:48,completed,
PMT_7134,BK_7134,US_7274,347.42,Credit Card,2025-11-05 19:36:25,completed,
PMT_7135,BK_7135,US_2311,0.0,Net Banking,2024-09-05 08:32:11,failed,
PMT_7136,BK_7136,US_7205,1617.92,Net Banking,2024-05-04 05:49:43,completed,
PMT_7138,BK_7138,US_6937,1026.84,Debit Card,2024-09-23 15:32:41,completed,
PMT_7139,BK_7139,US_7721,0.0,Credit Card,2025-01-13 20:13:24,failed,
PMT_7140,BK_7140,US_2383,0.0,Credit Card,2025-11-09 01:29:07,refunded,
PMT_7141,BK_7141,US_8515,1314.96,Wallet,2025-12-27 21:03:56,completed,
PMT_7142,BK_7142,US_9780,1100.22,Debit Card,2025-04-26 09:16:16,completed,
PMT_7143,BK_7143,US_6284,296.73,Wallet,2024-12-22 14:31:17,completed,
PMT_7144,BK_7144,US_5593,1448.72,UPI,2025-06-11 01:52:21,completed,
PMT_7146,BK_7146,US_1999,0.0,UPI,2025-12-25 11:15:20,refunded,
PMT_7147,BK_7147,US_2385,1214.91,Wallet,2025-08-29 20:36:50,completed,
PMT_7148,BK_7148,US_5900,1230.72,Credit Card,2024-05-22 17:12:47,completed,
PMT_7151,BK_7151,US_8329,245.51,Wallet,2024-09-05 19:20:03,completed,
PMT_7152,BK_7152,US_7742,1179.84,Credit Card,2024-04-13 04:03:03,completed,
PMT_7155,BK_7155,US_228,659.79,Net Banking,2025-07-16 00:30:36,completed,
PMT_7156,BK_7156,US_8745,1031.01,UPI,2024-08-18 15:48:30,completed,
PMT_7157,BK_7157,US_983,355.78,UPI,2024-07-18 19:06:57,completed,
PMT_7159,BK_7159,US_1732,1282.36,Credit Card,2024-06-10 14:07:06,completed,
PMT_7160,BK_7160,US_1039,394.91,Wallet,2024-10-02 18:51:05,completed,
PMT_7161,BK_7161,US_9163,1458.57,UPI,2024-04-12 04:06:40,completed,
PMT_7162,BK_7162,US_9038,685.41,Wallet,2025-08-12 23:33:40,completed,
PMT_7163,BK_7163,US_8460,0.0,Net Banking,2025-02-07 19:37:36,failed,
PMT_7164,BK_7164,US_217,417.44,UPI,2025-06-01 20:25:51,completed,
PMT_7165,BK_7165,US_8168,1441.96,Wallet,2025-05-03 14:42:24,completed,
PMT_7166,BK_7166,US_3131,1789.92,UPI,2024-08-13 15:50:49,completed,
PMT_7168,BK_7168,US_7264,690.04,Net Banking,2025-11-12 01:59:39,completed,
PMT_7169,BK_7169,US_8785,0.0,UPI,2025-12-19 07:02:36,failed,
PMT_7170,BK_7170,US_4303,965.68,Credit Card,2025-01-13 11:40:45,completed,
PMT_7171,BK_7171,US_484,1201.29,Credit Card,2025-12-30 23:52:51,completed,
PMT_7172,BK_7172,US_8373,709.94,Credit Card,2025-03-08 06:28:25,completed,
PMT_7174,BK_7174,US_5336,374.8,Net Banking,2024-07-09 22:19:42,completed,
PMT_7175,BK_7175,US_4760,323.48,UPI,2024-12-19 11:43:22,completed,
PMT_7176,BK_7176,US_9502,641.64,Wallet,2025-08-23 04:18:42,completed,
PMT_7177,BK_7177,US_4145,490.4,Net Banking,2024-02-06 21:05:38,completed,
PMT_7178,BK_7178,US_7418,345.79,Debit Card,2024-07-11 22:16:58,completed,
PMT_7179,BK_7179,US_5040,1327.68,Debit Card,2025-02-02 22:23:03,completed,
PMT_7180,BK_7180,US_8298,590.44,Wallet,2024-02-22 06:01:10,completed,
PMT_7181,BK_7181,US_3731,944.0699999999999,Credit Card,2024-12-20 07:15:26,completed,
PMT_7182,BK_7182,US_1488,659.4000000000001,Wallet,2025-02-07 18:33:50,completed,
PMT_7183,BK_7183,US_6970,493.08000000000004,UPI,2025-04-03 06:36:20,completed,
PMT_7184,BK_7184,US_6529,796.18,Credit Card,2025-09-15 01:53:44,completed,
PMT_7185,BK_7185,US_7246,1343.52,Credit Card,2025-04-12 23:29:23,completed,
PMT_7186,BK_7186,US_958,0.0,Credit Card,2024-11-23 19:30:51,failed,
PMT_7187,BK_7187,US_2941,0.0,Wallet,2024-08-08 15:28:37,refunded,
PMT_7188,BK_7188,US_5979,1110.2,Credit Card,2025-10-04 05:31:14,completed,
PMT_7189,BK_7189,US_608,1987.88,Net Banking,2024-07-30 03:04:18,completed,
PMT_7190,BK_7190,US_4754,0.0,Wallet,2024-01-02 11:16:52,failed,
PMT_7191,BK_7191,US_327,338.35,Wallet,2024-04-28 16:06:02,completed,
PMT_7192,BK_7192,US_3758,0.0,Wallet,2024-08-23 06:20:26,failed,
PMT_7193,BK_7193,US_3612,0.0,Net Banking,2024-01-11 10:32:05,failed,
PMT_7194,BK_7194,US_5851,489.41999999999996,Debit Card,2025-02-04 08:20:54,completed,
PMT_7195,BK_7195,US_1183,432.97,Debit Card,2024-09-26 18:27:34,completed,
PMT_7196,BK_7196,US_4019,159.17,Net Banking,2025-08-26 12:44:40,completed,
PMT_7197,BK_7197,US_3234,431.93,Debit Card,2025-10-18 08:16:52,completed,
PMT_7198,BK_7198,US_292,779.56,Debit Card,2024-07-09 14:39:22,completed,
PMT_7199,BK_7199,US_5230,945.36,Debit Card,2025-11-24 00:43:33,completed,
PMT_7200,BK_7200,US_6445,461.28,Net Banking,2025-04-10 14:15:07,completed,
PMT_7201,BK_7201,US_7828,370.38,UPI,2025-02-21 01:16:21,completed,
PMT_7202,BK_7202,US_9345,1825.4,Credit Card,2025-03-17 22:33:54,completed,
PMT_7203,BK_7203,US_770,0.0,Credit Card,2024-03-15 17:30:42,failed,
PMT_7204,BK_7204,US_5471,334.28,Net Banking,2024-02-12 04:35:44,completed,
PMT_7205,BK_7205,US_4958,1890.64,Net Banking,2025-03-03 22:07:20,completed,
PMT_7206,BK_7206,US_4544,250.54,Wallet,2024-06-16 14:25:53,completed,
PMT_7207,BK_7207,US_5146,806.36,Net Banking,2024-08-18 11:38:02,completed,
PMT_7208,BK_7208,US_22,867.86,Wallet,2024-03-12 17:57:19,completed,
PMT_7209,BK_7209,US_7322,1333.8000000000002,Net Banking,2025-05-11 21:25:05,completed,
PMT_7210,BK_7210,US_8294,459.38,Net Banking,2025-05-02 20:26:53,completed,
PMT_7211,BK_7211,US_4687,1768.64,Net Banking,2024-04-13 10:55:01,completed,
PMT_7212,BK_7212,US_5461,422.52,Wallet,2024-09-10 09:36:08,completed,
PMT_7215,BK_7215,US_8821,908.0,Net Banking,2024-02-19 04:42:54,completed,
PMT_7216,BK_7216,US_5456,428.21,Net Banking,2024-06-01 08:52:19,completed,
PMT_7217,BK_7217,US_1356,1234.44,Wallet,2025-02-24 18:25:46,completed,
PMT_7219,BK_7219,US_6670,374.14,Net Banking,2024-08-12 19:06:39,completed,
PMT_7221,BK_7221,US_480,900.92,Wallet,2024-02-02 09:38:36,completed,
PMT_7223,BK_7223,US_4477,1800.96,Wallet,2025-07-03 20:36:41,completed,
PMT_7224,BK_7224,US_7919,0.0,Net Banking,2025-11-29 21:31:44,refunded,
PMT_7226,BK_7226,US_8643,1970.32,Wallet,2025-11-08 18:02:34,completed,
PMT_7229,BK_7229,US_1074,792.12,Wallet,2024-03-28 01:12:17,completed,
PMT_7230,BK_7230,US_8243,0.0,Credit Card,2024-11-06 18:56:38,failed,
PMT_7231,BK_7231,US_353,0.0,Net Banking,2024-12-23 17:00:05,failed,
PMT_7232,BK_7232,US_6334,303.53,UPI,2025-08-27 13:24:50,completed,
PMT_7233,BK_7233,US_7615,1458.54,Credit Card,2024-09-17 00:55:57,completed,
PMT_7234,BK_7234,US_2280,436.5,Wallet,2024-10-05 11:56:26,completed,
PMT_7235,BK_7235,US_2612,1342.3799999999999,Debit Card,2024-08-30 02:05:04,completed,
PMT_7236,BK_7236,US_5016,0.0,Debit Card,2024-09-08 14:20:38,refunded,
PMT_7237,BK_7237,US_6482,1021.56,UPI,2025-05-12 00:12:15,completed,
PMT_7239,BK_7239,US_8821,1732.92,UPI,2025-02-22 08:34:09,completed,
PMT_7240,BK_7240,US_9013,0.0,Net Banking,2024-02-17 11:14:10,failed,
PMT_7241,BK_7241,US_6141,1954.28,Credit Card,2024-07-17 09:59:19,completed,
PMT_7242,BK_7242,US_341,416.69,Debit Card,2025-08-05 00:47:00,completed,
PMT_7243,BK_7243,US_6390,358.48,Net Banking,2025-04-20 22:54:24,completed,
PMT_7244,BK_7244,US_3630,688.64,UPI,2024-01-17 06:50:48,completed,
PMT_7245,BK_7245,US_2293,424.52,Net Banking,2024-08-08 22:55:12,completed,
PMT_7246,BK_7246,US_9343,805.9,Debit Card,2024-11-06 00:44:53,completed,
PMT_7247,BK_7247,US_3049,773.64,UPI,2024-05-21 06:36:05,completed,
PMT_7249,BK_7249,US_7691,752.9,Credit Card,2024-11-21 21:49:44,completed,
PMT_7251,BK_7251,US_3720,1057.4,Debit Card,2025-07-21 18:17:32,completed,
PMT_7252,BK_7252,US_2504,277.67,Credit Card,2025-08-14 19:37:35,completed,
PMT_7253,BK_7253,US_2115,989.2,Wallet,2025-11-27 00:20:58,completed,
PMT_7254,BK_7254,US_8199,636.0,Wallet,2024-11-25 06:00:42,completed,
PMT_7255,BK_7255,US_8118,754.52,Debit Card,2024-04-08 21:10:46,completed,
PMT_7256,BK_7256,US_193,706.88,Debit Card,2024-05-01 02:04:44,completed,
PMT_7257,BK_7257,US_8394,1253.73,Wallet,2024-06-19 17:10:00,completed,
PMT_7260,BK_7260,US_515,364.67,Credit Card,2024-09-14 20:44:21,completed,
PMT_7261,BK_7261,US_2263,978.68,Net Banking,2024-09-01 20:04:02,completed,
PMT_7262,BK_7262,US_7467,245.0,Debit Card,2024-10-30 23:55:00,completed,
PMT_7263,BK_7263,US_1280,1732.2,Net Banking,2024-03-31 04:39:38,completed,
PMT_7266,BK_7266,US_6214,268.21,Wallet,2024-02-03 22:31:09,completed,
PMT_7267,BK_7267,US_553,0.0,Debit Card,2025-03-19 17:35:07,refunded,
PMT_7268,BK_7268,US_3894,842.84,Credit Card,2024-07-21 20:11:47,completed,
PMT_7269,BK_7269,US_3675,0.0,Debit Card,2025-11-28 02:30:27,failed,
PMT_7270,BK_7270,US_2785,581.56,Debit Card,2025-08-03 11:08:27,completed,
PMT_7271,BK_7271,US_6724,1862.32,Debit Card,2024-04-26 11:33:16,completed,
PMT_7273,BK_7273,US_5073,151.12,Net Banking,2024-03-25 08:15:56,completed,
PMT_7274,BK_7274,US_642,0.0,Debit Card,2025-10-31 14:49:41,refunded,
PMT_7275,BK_7275,US_4406,1308.48,UPI,2025-02-12 05:22:31,completed,
PMT_7276,BK_7276,US_3392,0.0,Wallet,2024-11-17 07:25:36,failed,
PMT_7277,BK_7277,US_3966,402.36,Debit Card,2024-02-10 06:13:52,completed,
PMT_7278,BK_7278,US_2965,324.53,Wallet,2025-05-18 18:00:12,completed,
PMT_7279,BK_7279,US_5685,991.12,UPI,2025-05-17 20:29:15,completed,
PMT_7282,BK_7282,US_3142,154.24,Net Banking,2024-04-11 14:15:58,completed,
PMT_7283,BK_7283,US_1215,467.7,Net Banking,2024-02-02 22:08:40,completed,
PMT_7284,BK_7284,US_7335,240.67,Wallet,2024-09-25 01:22:41,completed,
PMT_7286,BK_7286,US_1698,1638.44,Wallet,2024-11-01 03:03:56,completed,
PMT_7287,BK_7287,US_5499,952.8000000000001,Debit Card,2025-10-29 03:04:12,completed,
PMT_7288,BK_7288,US_1832,1645.08,Wallet,2024-12-09 13:46:35,completed,
PMT_7289,BK_7289,US_6725,825.69,Net Banking,2024-11-20 12:06:41,completed,
PMT_7290,BK_7290,US_9503,576.88,Debit Card,2025-10-14 09:40:48,completed,
PMT_7291,BK_7291,US_4756,421.18,UPI,2025-07-14 04:31:22,completed,
PMT_7292,BK_7292,US_6868,1551.92,Credit Card,2024-11-03 16:56:20,completed,
PMT_7293,BK_7293,US_5687,0.0,Debit Card,2024-12-17 08:03:11,refunded,
PMT_7294,BK_7294,US_3989,805.08,Credit Card,2025-01-05 04:48:37,completed,
PMT_7295,BK_7295,US_5336,569.72,Wallet,2025-10-11 10:44:53,completed,
PMT_7297,BK_7297,US_1691,955.11,Credit Card,2025-03-07 08:35:45,completed,
PMT_7298,BK_7298,US_5756,1366.2,Wallet,2024-04-03 18:02:58,completed,
PMT_7299,BK_7299,US_8035,1126.77,Net Banking,2024-06-17 16:03:06,completed,
PMT_7300,BK_7300,US_8330,1487.16,Credit Card,2024-04-26 01:38:20,completed,
PMT_7301,BK_7301,US_8481,467.75,UPI,2024-11-27 07:21:44,completed,
PMT_7302,BK_7302,US_8412,209.32,Net Banking,2024-08-19 17:38:33,completed,
PMT_7303,BK_7303,US_5318,422.47,Net Banking,2024-12-17 08:35:20,completed,
PMT_7304,BK_7304,US_5188,460.86,Credit Card,2024-04-20 21:30:35,completed,
PMT_7305,BK_7305,US_7268,1321.52,Credit Card,2024-12-01 07:48:11,completed,
PMT_7306,BK_7306,US_7692,1181.96,Credit Card,2024-07-06 01:04:00,completed,
PMT_7307,BK_7307,US_5269,1410.44,Net Banking,2025-01-07 23:15:33,completed,
PMT_7308,BK_7308,US_983,258.76,Wallet,2024-12-12 14:52:12,completed,
PMT_7309,BK_7309,US_901,501.9,Debit Card,2025-06-19 10:19:07,completed,
PMT_7310,BK_7310,US_9208,1169.97,Net Banking,2024-08-12 15:58:36,completed,
PMT_7311,BK_7311,US_7492,1257.0,Net Banking,2025-02-06 05:36:25,completed,
PMT_7312,BK_7312,US_6100,620.28,Net Banking,2025-12-04 09:34:44,completed,
PMT_7313,BK_7313,US_791,661.14,Credit Card,2024-02-03 18:45:25,completed,
PMT_7314,BK_7314,US_522,169.67,Credit Card,2025-03-15 09:06:31,completed,
PMT_7315,BK_7315,US_4302,1144.5,Wallet,2025-03-25 10:03:56,completed,
PMT_7316,BK_7316,US_6692,154.31,Credit Card,2025-02-04 01:14:39,completed,
PMT_7317,BK_7317,US_221,1852.88,UPI,2024-01-19 09:13:53,completed,
PMT_7318,BK_7318,US_1028,369.87,Credit Card,2024-03-28 09:20:55,completed,
PMT_7319,BK_7319,US_1595,330.88,Debit Card,2024-08-26 11:58:47,completed,
PMT_7320,BK_7320,US_6731,0.0,Debit Card,2025-11-30 06:26:59,refunded,
PMT_7322,BK_7322,US_6289,0.0,Debit Card,2025-11-09 19:11:11,failed,
PMT_7323,BK_7323,US_9992,264.19,UPI,2024-05-25 04:08:37,completed,
PMT_7324,BK_7324,US_6166,1490.3700000000001,Credit Card,2024-01-26 14:33:42,completed,
PMT_7327,BK_7327,US_3572,280.79,Debit Card,2024-05-18 00:32:01,completed,
PMT_7328,BK_7328,US_984,0.0,Credit Card,2025-11-30 20:15:05,refunded,
PMT_7329,BK_7329,US_7450,1913.6,Wallet,2025-10-05 19:58:31,completed,
PMT_7330,BK_7330,US_2944,696.6,Credit Card,2024-12-06 07:57:18,completed,
PMT_7331,BK_7331,US_6060,1091.52,UPI,2024-01-19 09:55:51,completed,
PMT_7332,BK_7332,US_4306,1639.56,Wallet,2025-10-19 08:02:09,completed,
PMT_7333,BK_7333,US_2503,411.56,Net Banking,2025-10-28 06:38:29,completed,
PMT_7334,BK_7334,US_9976,652.22,UPI,2025-04-21 21:15:11,completed,
PMT_7335,BK_7335,US_5272,1446.9,Wallet,2024-01-03 07:20:26,completed,
PMT_7336,BK_7336,US_4628,694.84,Credit Card,2024-03-03 13:53:09,completed,
PMT_7337,BK_7337,US_3295,313.31,UPI,2024-01-15 22:04:05,completed,
PMT_7338,BK_7338,US_7942,1370.76,UPI,2024-08-30 23:54:27,completed,
PMT_7339,BK_7339,US_544,561.48,Debit Card,2024-11-27 06:43:18,completed,
PMT_7340,BK_7340,US_6844,1074.24,Credit Card,2024-12-05 02:16:08,completed,
PMT_7341,BK_7341,US_7398,1347.48,UPI,2024-04-20 15:40:42,completed,
PMT_7342,BK_7342,US_3670,320.12,Net Banking,2025-02-06 12:17:07,completed,
PMT_7343,BK_7343,US_1009,822.0,Credit Card,2025-06-08 01:04:47,completed,
PMT_7344,BK_7344,US_5464,597.66,Wallet,2024-12-13 18:45:22,completed,
PMT_7345,BK_7345,US_2234,846.21,Net Banking,2024-01-02 23:11:00,completed,
PMT_7346,BK_7346,US_1965,1320.28,Credit Card,2024-11-28 11:17:17,completed,
PMT_7347,BK_7347,US_2141,906.54,UPI,2025-09-23 06:23:20,completed,
PMT_7348,BK_7348,US_7523,0.0,UPI,2024-03-15 07:24:18,failed,
PMT_7349,BK_7349,US_5478,759.98,Debit Card,2025-03-08 06:06:12,completed,
PMT_7351,BK_7351,US_85,418.91,Wallet,2025-10-22 09:33:15,completed,
PMT_7352,BK_7352,US_8158,1996.28,Credit Card,2025-04-16 20:07:00,completed,
PMT_7353,BK_7353,US_936,623.18,Debit Card,2025-01-04 07:04:33,completed,
PMT_7354,BK_7354,US_7780,757.77,Credit Card,2025-12-27 22:41:33,completed,
PMT_7355,BK_7355,US_9405,473.9,UPI,2024-10-07 11:52:20,completed,
PMT_7356,BK_7356,US_1007,0.0,Debit Card,2025-09-09 22:36:32,failed,
PMT_7357,BK_7357,US_7876,0.0,Credit Card,2024-06-17 12:21:41,failed,
PMT_7358,BK_7358,US_3588,408.44,Credit Card,2025-09-19 00:14:18,completed,
PMT_7359,BK_7359,US_2617,542.72,Net Banking,2025-05-16 01:22:48,completed,
PMT_7361,BK_7361,US_1559,432.81,Wallet,2025-09-21 02:13:19,completed,
PMT_7362,BK_7362,US_1946,0.0,Debit Card,2025-10-21 00:18:38,failed,
PMT_7363,BK_7363,US_9200,1836.6,Wallet,2025-11-17 16:13:32,completed,
PMT_7366,BK_7366,US_1392,0.0,Wallet,2024-09-15 07:18:08,refunded,
PMT_7367,BK_7367,US_1596,1032.9,Wallet,2025-03-22 03:30:46,completed,
PMT_7369,BK_7369,US_5525,405.6,Credit Card,2024-11-16 10:55:45,completed,
PMT_7370,BK_7370,US_8628,382.88,Wallet,2025-03-31 21:12:26,completed,
PMT_7371,BK_7371,US_1698,0.0,UPI,2024-01-20 07:32:33,refunded,
PMT_7373,BK_7373,US_3536,0.0,Debit Card,2025-01-29 21:41:07,failed,
PMT_7374,BK_7374,US_5771,531.36,Credit Card,2025-05-29 16:26:36,completed,
PMT_7375,BK_7375,US_8300,1024.65,Wallet,2024-03-21 19:42:36,completed,
PMT_7376,BK_7376,US_8779,390.24,UPI,2024-03-13 19:27:36,completed,
PMT_7377,BK_7377,US_6797,347.98,Debit Card,2025-07-07 22:17:31,completed,
PMT_7378,BK_7378,US_278,0.0,Credit Card,2025-08-20 17:50:56,failed,
PMT_7379,BK_7379,US_2104,1266.75,Credit Card,2025-08-24 11:26:31,completed,
PMT_7380,BK_7380,US_1774,241.22,Debit Card,2025-08-05 21:18:11,completed,
PMT_7381,BK_7381,US_26,0.0,Credit Card,2025-12-06 14:51:57,refunded,
PMT_7382,BK_7382,US_8071,626.8,Credit Card,2024-10-27 23:04:14,completed,
PMT_7383,BK_7383,US_8316,419.24,Credit Card,2024-08-02 18:08:53,completed,
PMT_7384,BK_7384,US_3303,1528.76,Credit Card,2024-02-05 05:47:21,completed,
PMT_7386,BK_7386,US_1365,1209.24,Debit Card,2024-04-04 19:41:41,completed,
PMT_7387,BK_7387,US_2031,462.9,Credit Card,2025-08-16 21:01:49,completed,
PMT_7389,BK_7389,US_5047,316.37,UPI,2024-11-12 19:29:38,completed,
PMT_7390,BK_7390,US_804,982.71,Debit Card,2025-10-23 19:02:16,completed,
PMT_7392,BK_7392,US_4428,1333.84,Wallet,2025-04-19 07:14:28,completed,
PMT_7393,BK_7393,US_5081,1976.44,Debit Card,2024-01-21 09:48:44,completed,
PMT_7394,BK_7394,US_4428,531.1500000000001,Wallet,2025-04-03 04:12:38,completed,
PMT_7395,BK_7395,US_6211,1837.96,Debit Card,2025-12-01 18:27:13,completed,
PMT_7397,BK_7397,US_5695,473.04,Wallet,2024-04-28 18:09:32,completed,
PMT_7399,BK_7399,US_9981,377.07,Debit Card,2024-08-04 15:56:44,completed,
PMT_7400,BK_7400,US_3478,0.0,Credit Card,2024-05-21 09:24:28,failed,
PMT_7401,BK_7401,US_899,1296.2,Credit Card,2024-12-08 19:40:10,completed,
PMT_7402,BK_7402,US_4852,301.62,Debit Card,2025-02-22 21:49:53,completed,
PMT_7403,BK_7403,US_3407,0.0,UPI,2025-08-15 22:17:27,failed,
PMT_7404,BK_7404,US_8149,494.48,Credit Card,2024-05-29 21:43:35,completed,
PMT_7405,BK_7405,US_1256,515.67,UPI,2024-03-04 04:07:14,completed,
PMT_7406,BK_7406,US_1058,484.92,Debit Card,2024-03-28 12:22:29,completed,
PMT_7407,BK_7407,US_2885,169.21,Wallet,2024-01-28 23:57:56,completed,
PMT_7408,BK_7408,US_4881,814.36,UPI,2024-05-27 22:16:43,completed,
PMT_7410,BK_7410,US_6695,1696.6,Debit Card,2024-08-01 17:17:42,completed,
PMT_7411,BK_7411,US_4541,1625.84,Debit Card,2025-01-01 11:49:02,completed,
PMT_7413,BK_7413,US_6737,0.0,Credit Card,2024-08-01 19:42:16,failed,
PMT_7414,BK_7414,US_1877,0.0,Credit Card,2025-01-29 22:11:11,failed,
PMT_7415,BK_7415,US_2260,643.96,Credit Card,2024-02-22 16:48:52,completed,
PMT_7417,BK_7417,US_5707,189.04,Debit Card,2025-03-21 02:53:18,completed,
PMT_7418,BK_7418,US_490,1151.28,Net Banking,2025-01-01 11:26:12,completed,
PMT_7419,BK_7419,US_4789,1490.68,Net Banking,2025-06-21 05:59:11,completed,
PMT_7420,BK_7420,US_5765,965.78,UPI,2025-06-05 02:45:38,completed,
PMT_7422,BK_7422,US_5722,0.0,Debit Card,2024-09-09 19:27:24,failed,
PMT_7423,BK_7423,US_1813,414.4,UPI,2024-01-05 04:07:45,completed,
PMT_7425,BK_7425,US_7299,725.14,Wallet,2025-11-02 15:38:01,completed,
PMT_7426,BK_7426,US_7807,670.82,UPI,2024-04-13 07:17:13,completed,
PMT_7427,BK_7427,US_4503,162.08,Wallet,2024-08-16 21:10:50,completed,
PMT_7428,BK_7428,US_1685,1130.4,Credit Card,2024-11-24 22:11:02,completed,
PMT_7429,BK_7429,US_4968,1020.03,Credit Card,2025-01-22 01:49:17,completed,
PMT_7431,BK_7431,US_5479,446.32,Net Banking,2025-04-29 12:55:11,completed,
PMT_7432,BK_7432,US_4023,1238.24,Credit Card,2024-01-31 19:05:58,completed,
PMT_7434,BK_7434,US_8089,799.08,UPI,2025-01-05 06:48:01,completed,
PMT_7435,BK_7435,US_8911,649.64,Net Banking,2024-04-10 11:52:54,completed,
PMT_7436,BK_7436,US_3820,304.38,Debit Card,2024-08-30 13:02:33,completed,
PMT_7437,BK_7437,US_8220,1251.75,Debit Card,2024-05-06 20:18:37,completed,
PMT_7438,BK_7438,US_6481,456.84,Credit Card,2025-06-11 21:25:08,completed,
PMT_7440,BK_7440,US_8223,579.78,Credit Card,2025-07-06 20:01:59,completed,
PMT_7442,BK_7442,US_9688,155.32,Credit Card,2024-11-22 11:34:44,completed,
PMT_7444,BK_7444,US_3113,1252.0,Wallet,2025-05-07 02:07:11,completed,
PMT_7447,BK_7447,US_6382,1375.96,UPI,2024-05-11 21:32:34,completed,
PMT_7448,BK_7448,US_716,0.0,Debit Card,2025-01-27 20:20:36,refunded,
PMT_7449,BK_7449,US_5850,849.1800000000001,Wallet,2025-07-10 14:08:41,completed,
PMT_7450,BK_7450,US_9756,496.32,Wallet,2025-07-01 14:59:20,completed,
PMT_7451,BK_7451,US_3502,606.84,Credit Card,2025-03-16 15:30:24,completed,
PMT_7452,BK_7452,US_8459,651.99,Debit Card,2024-10-29 03:55:37,completed,
PMT_7453,BK_7453,US_2250,0.0,Net Banking,2024-01-28 17:08:20,failed,
PMT_7455,BK_7455,US_2778,1099.0,Net Banking,2024-01-10 09:30:32,completed,
PMT_7456,BK_7456,US_4417,304.0,Debit Card,2025-02-22 16:58:21,completed,
PMT_7457,BK_7457,US_8325,460.69,Net Banking,2025-08-02 07:46:09,completed,
PMT_7458,BK_7458,US_6368,1167.03,Net Banking,2025-05-13 02:30:30,completed,
PMT_7459,BK_7459,US_557,1218.48,UPI,2024-06-28 05:51:31,completed,
PMT_7460,BK_7460,US_308,416.62,Wallet,2025-05-03 23:15:21,completed,
PMT_7461,BK_7461,US_6614,1487.22,UPI,2024-05-01 06:22:53,completed,
PMT_7462,BK_7462,US_8071,244.44,Net Banking,2024-02-18 17:38:06,completed,
PMT_7463,BK_7463,US_6464,0.0,UPI,2024-12-07 23:48:11,refunded,
PMT_7464,BK_7464,US_6663,1652.16,UPI,2025-03-04 01:00:50,completed,
PMT_7465,BK_7465,US_3910,1065.72,UPI,2024-09-16 01:47:22,completed,
PMT_7466,BK_7466,US_9510,1350.6,Wallet,2025-03-22 06:10:21,completed,
PMT_7467,BK_7467,US_5585,1930.04,Wallet,2024-09-27 22:01:46,completed,
PMT_7469,BK_7469,US_7302,550.62,Wallet,2025-05-12 12:44:20,completed,
PMT_7470,BK_7470,US_3008,1625.52,Net Banking,2024-11-03 11:11:05,completed,
PMT_7471,BK_7471,US_4658,842.72,Debit Card,2024-02-26 23:15:11,completed,
PMT_7472,BK_7472,US_7923,413.5,Wallet,2025-06-22 13:45:52,completed,
PMT_7473,BK_7473,US_9159,162.21,Net Banking,2025-10-30 12:17:07,completed,
PMT_7474,BK_7474,US_896,314.75,Credit Card,2024-04-11 14:04:15,completed,
PMT_7475,BK_7475,US_568,177.44,Debit Card,2025-01-02 00:07:38,completed,
PMT_7476,BK_7476,US_7326,790.6500000000001,Net Banking,2025-11-23 16:25:35,completed,
PMT_7480,BK_7480,US_5539,574.4,Net Banking,2025-04-19 02:17:28,completed,
PMT_7481,BK_7481,US_6821,1127.6,Debit Card,2025-06-26 19:48:38,completed,
PMT_7482,BK_7482,US_4103,1318.96,Debit Card,2024-01-31 11:46:09,completed,
PMT_7483,BK_7483,US_5551,427.84,Net Banking,2024-07-16 01:34:42,completed,
PMT_7484,BK_7484,US_4472,461.43,Net Banking,2025-10-06 12:17:56,completed,
PMT_7486,BK_7486,US_3530,790.8,Debit Card,2024-06-26 08:49:23,completed,
PMT_7487,BK_7487,US_9008,329.74,Debit Card,2024-05-04 20:43:50,completed,
PMT_7489,BK_7489,US_2676,1115.67,Net Banking,2024-08-10 22:29:46,completed,
PMT_7490,BK_7490,US_6040,1800.52,Credit Card,2024-07-08 09:37:54,completed,
PMT_7491,BK_7491,US_2855,342.69,Credit Card,2024-02-28 00:02:20,completed,
PMT_7492,BK_7492,US_4338,0.0,Net Banking,2024-08-03 19:37:21,failed,
PMT_7493,BK_7493,US_9758,1730.16,UPI,2025-02-04 14:58:46,completed,
PMT_7494,BK_7494,US_1667,419.14,Net Banking,2024-03-04 09:05:24,completed,
PMT_7496,BK_7496,US_7162,984.4,Credit Card,2024-11-12 05:38:53,completed,
PMT_7497,BK_7497,US_8167,1137.08,Debit Card,2024-12-05 23:52:07,completed,
PMT_7498,BK_7498,US_2389,450.86,UPI,2025-03-22 13:35:46,completed,
PMT_7499,BK_7499,US_6535,475.3,Wallet,2024-07-08 13:36:02,completed,
PMT_7500,BK_7500,US_9059,643.16,UPI,2024-09-19 08:42:49,completed,
PMT_7501,BK_7501,US_5727,1320.68,Debit Card,2024-11-12 14:24:45,completed,
PMT_7502,BK_7502,US_2654,1337.73,Net Banking,2024-03-07 03:00:01,completed,
PMT_7504,BK_7504,US_1613,750.64,Wallet,2025-03-29 05:02:14,completed,
PMT_7507,BK_7507,US_6322,1196.64,Credit Card,2024-07-30 23:16:11,completed,
PMT_7508,BK_7508,US_2815,825.6,Net Banking,2024-04-20 10:33:04,completed,
PMT_7509,BK_7509,US_8438,0.0,UPI,2024-07-01 18:18:46,failed,
PMT_7510,BK_7510,US_1397,357.68,Credit Card,2024-11-04 21:27:40,completed,
PMT_7511,BK_7511,US_4896,921.32,Wallet,2024-03-13 17:48:24,completed,
PMT_7513,BK_7513,US_8264,323.07,Credit Card,2025-07-14 15:12:21,completed,
PMT_7514,BK_7514,US_8025,863.44,UPI,2024-09-21 02:40:30,completed,
PMT_7515,BK_7515,US_9437,965.0699999999999,Wallet,2024-07-30 07:07:33,completed,
PMT_7516,BK_7516,US_3936,457.72,UPI,2024-08-25 00:27:58,completed,
PMT_7517,BK_7517,US_8159,881.3,Credit Card,2024-06-21 06:37:59,completed,
PMT_7519,BK_7519,US_9229,793.12,UPI,2025-09-13 22:26:50,completed,
PMT_7520,BK_7520,US_3562,0.0,Debit Card,2025-01-22 09:33:08,failed,
PMT_7521,BK_7521,US_3888,1547.6,Wallet,2025-09-10 18:41:50,completed,
PMT_7522,BK_7522,US_4695,1194.28,Credit Card,2025-10-22 21:42:13,completed,
PMT_7524,BK_7524,US_3992,961.68,Wallet,2025-08-22 01:08:20,completed,
PMT_7525,BK_7525,US_8931,547.23,Wallet,2024-01-15 23:27:05,completed,
PMT_7527,BK_7527,US_3623,770.22,Credit Card,2025-07-14 13:01:31,completed,
PMT_7528,BK_7528,US_3002,970.02,Wallet,2025-03-29 05:51:58,completed,
PMT_7529,BK_7529,US_7099,670.08,Net Banking,2025-09-20 23:47:06,completed,
PMT_7530,BK_7530,US_2387,155.57,Wallet,2025-05-28 04:11:27,completed,
PMT_7531,BK_7531,US_9501,0.0,Debit Card,2025-03-30 23:27:13,refunded,
PMT_7532,BK_7532,US_1836,448.74,Wallet,2024-12-08 08:25:19,completed,
PMT_7533,BK_7533,US_5854,0.0,UPI,2024-10-06 22:09:38,refunded,
PMT_7535,BK_7535,US_1511,498.04,Credit Card,2024-06-25 20:43:24,completed,
PMT_7536,BK_7536,US_2977,768.92,Wallet,2024-10-18 19:33:26,completed,
PMT_7537,BK_7537,US_4058,357.15,Debit Card,2024-04-21 03:40:07,completed,
PMT_7538,BK_7538,US_5615,799.24,Debit Card,2024-02-29 09:37:19,completed,
PMT_7539,BK_7539,US_957,1114.53,UPI,2024-01-09 06:17:16,completed,
PMT_7540,BK_7540,US_6147,414.44,Wallet,2025-11-18 03:08:16,completed,
PMT_7541,BK_7541,US_5392,979.22,Net Banking,2024-04-12 18:22:07,completed,
PMT_7542,BK_7542,US_93,898.6,Debit Card,2024-03-14 00:07:05,completed,
PMT_7543,BK_7543,US_7696,369.9,UPI,2024-11-05 07:25:31,completed,
PMT_7544,BK_7544,US_8770,616.0,Wallet,2025-12-28 00:24:41,completed,
PMT_7545,BK_7545,US_7570,843.1200000000001,Debit Card,2025-04-05 16:17:58,completed,
PMT_7546,BK_7546,US_8639,853.14,Credit Card,2024-11-21 10:34:02,completed,
PMT_7547,BK_7547,US_164,166.7,Debit Card,2024-10-26 00:36:19,completed,
PMT_7548,BK_7548,US_6390,1733.44,Credit Card,2025-05-27 17:41:47,completed,
PMT_7549,BK_7549,US_8447,0.0,UPI,2024-02-25 00:59:44,failed,
PMT_7550,BK_7550,US_5882,1413.92,UPI,2025-02-04 05:09:08,completed,
PMT_7551,BK_7551,US_2982,578.28,Wallet,2025-10-20 22:26:07,completed,
PMT_7552,BK_7552,US_863,281.66,UPI,2025-08-15 07:56:17,completed,
PMT_7553,BK_7553,US_8703,0.0,Debit Card,2025-08-29 07:24:38,failed,
PMT_7558,BK_7558,US_7584,1904.68,Credit Card,2025-04-06 20:01:03,completed,
PMT_7559,BK_7559,US_8008,1443.4,Net Banking,2025-02-17 00:21:28,completed,
PMT_7560,BK_7560,US_7390,225.35,UPI,2025-04-25 09:26:51,completed,
PMT_7561,BK_7561,US_5846,686.12,Debit Card,2025-03-28 15:43:23,completed,
PMT_7563,BK_7563,US_1485,1345.28,Wallet,2025-08-04 12:37:49,completed,
PMT_7564,BK_7564,US_797,0.0,UPI,2025-11-21 05:46:03,failed,
PMT_7566,BK_7566,US_657,477.64,Debit Card,2025-11-14 12:47:44,completed,
PMT_7567,BK_7567,US_2561,0.0,UPI,2024-08-21 14:15:10,failed,
PMT_7568,BK_7568,US_5002,411.9,Debit Card,2025-08-17 21:24:31,completed,
PMT_7569,BK_7569,US_3704,179.21,Credit Card,2025-06-21 19:35:39,completed,
PMT_7570,BK_7570,US_9544,205.02,Credit Card,2025-03-17 07:05:49,completed,
PMT_7571,BK_7571,US_9500,791.04,Wallet,2024-12-14 23:37:37,completed,
PMT_7573,BK_7573,US_4424,285.74,Wallet,2024-05-13 21:49:13,completed,
PMT_7574,BK_7574,US_1574,0.0,Credit Card,2025-01-17 11:14:43,refunded,
PMT_7575,BK_7575,US_609,367.09,UPI,2025-12-25 19:55:41,completed,
PMT_7576,BK_7576,US_9042,1034.12,Wallet,2025-11-22 13:28:40,completed,
PMT_7577,BK_7577,US_1543,755.48,Net Banking,2024-11-23 19:48:46,completed,
PMT_7578,BK_7578,US_9620,465.52,Wallet,2024-07-06 03:40:23,completed,
PMT_7579,BK_7579,US_813,832.4,Wallet,2025-12-24 19:21:28,completed,
PMT_7581,BK_7581,US_6505,482.22,Credit Card,2024-04-29 22:55:32,completed,
PMT_7583,BK_7583,US_6207,441.32,Wallet,2025-08-31 09:59:05,completed,
PMT_7584,BK_7584,US_2567,787.56,Net Banking,2025-07-06 23:20:53,completed,
PMT_7585,BK_7585,US_7067,702.6,Credit Card,2025-07-09 09:22:30,completed,
PMT_7586,BK_7586,US_5091,1818.0,Debit Card,2024-06-29 21:22:08,completed,
PMT_7588,BK_7588,US_4849,326.1,Net Banking,2024-06-01 08:30:49,completed,
PMT_7589,BK_7589,US_5766,0.0,Credit Card,2025-04-09 23:48:46,failed,
PMT_7590,BK_7590,US_1706,763.3499999999999,Credit Card,2025-12-18 07:41:21,completed,
PMT_7591,BK_7591,US_9052,912.18,Net Banking,2025-10-13 19:06:55,completed,
PMT_7593,BK_7593,US_6912,446.18,UPI,2024-09-10 15:05:07,completed,
PMT_7594,BK_7594,US_9072,776.1,UPI,2025-04-02 11:36:20,completed,
PMT_7595,BK_7595,US_3755,0.0,Net Banking,2025-01-19 18:14:08,refunded,
PMT_7596,BK_7596,US_8350,304.78,UPI,2024-12-07 22:29:45,completed,
PMT_7597,BK_7597,US_8535,223.85,Debit Card,2025-07-24 04:48:30,completed,
PMT_7598,BK_7598,US_9098,535.17,Net Banking,2025-10-11 01:24:02,completed,
PMT_7599,BK_7599,US_496,0.0,Credit Card,2025-11-21 10:08:07,refunded,
PMT_7600,BK_7600,US_7730,1045.1999999999998,Wallet,2024-03-24 23:04:08,completed,
PMT_7601,BK_7601,US_2961,741.74,Wallet,2025-09-18 06:57:56,completed,
PMT_7602,BK_7602,US_9240,722.0699999999999,Wallet,2025-11-28 12:38:28,completed,
PMT_7603,BK_7603,US_1758,1462.56,UPI,2024-09-15 09:54:09,completed,
PMT_7605,BK_7605,US_1181,374.8,Debit Card,2025-05-08 04:38:22,completed,
PMT_7608,BK_7608,US_8965,445.34,UPI,2025-08-15 11:37:15,completed,
PMT_7609,BK_7609,US_637,0.0,UPI,2024-01-15 08:59:32,refunded,
PMT_7610,BK_7610,US_1256,385.59,Net Banking,2025-11-25 00:09:36,completed,
PMT_7611,BK_7611,US_8242,1566.64,Credit Card,2024-09-26 23:43:29,completed,
PMT_7613,BK_7613,US_7188,0.0,UPI,2024-11-07 17:44:24,failed,
PMT_7616,BK_7616,US_6437,1359.8,Wallet,2024-02-16 11:21:22,completed,
PMT_7617,BK_7617,US_1092,927.6600000000001,Credit Card,2025-06-19 23:51:03,completed,
PMT_7618,BK_7618,US_244,1753.84,Net Banking,2025-12-09 03:16:34,completed,
PMT_7619,BK_7619,US_6021,1163.92,Net Banking,2024-03-31 22:33:20,completed,
PMT_7621,BK_7621,US_7306,325.04,Credit Card,2025-09-29 00:43:32,completed,
PMT_7622,BK_7622,US_6225,487.71,Credit Card,2024-11-17 12:36:49,completed,
PMT_7623,BK_7623,US_4154,697.54,Wallet,2025-03-04 16:33:55,completed,
PMT_7624,BK_7624,US_7407,1421.97,UPI,2024-05-26 20:30:39,completed,
PMT_7625,BK_7625,US_2053,1307.08,Credit Card,2025-07-17 14:30:04,completed,
PMT_7626,BK_7626,US_5351,987.64,Net Banking,2024-11-03 09:52:03,completed,
PMT_7627,BK_7627,US_7335,352.51,Net Banking,2025-06-05 17:52:38,completed,
PMT_7628,BK_7628,US_1365,0.0,Debit Card,2025-08-14 14:40:56,failed,
PMT_7629,BK_7629,US_707,1002.1500000000001,UPI,2024-06-07 10:00:30,completed,
PMT_7630,BK_7630,US_509,387.94,Debit Card,2024-02-02 22:45:52,completed,
PMT_7631,BK_7631,US_8494,650.22,Credit Card,2024-06-10 18:06:33,completed,
PMT_7632,BK_7632,US_8968,1489.02,UPI,2024-05-16 11:07:18,completed,
PMT_7634,BK_7634,US_8563,801.78,Credit Card,2024-09-30 11:13:26,completed,
PMT_7635,BK_7635,US_4762,0.0,Credit Card,2024-06-13 04:13:26,failed,
PMT_7636,BK_7636,US_5035,1123.59,UPI,2024-12-01 18:46:24,completed,
PMT_7637,BK_7637,US_8187,1130.4,Wallet,2024-07-12 08:45:15,completed,
PMT_7638,BK_7638,US_8047,390.92,Net Banking,2025-08-12 10:09:39,completed,
PMT_7639,BK_7639,US_810,1150.0,UPI,2024-11-10 03:57:31,completed,
PMT_7640,BK_7640,US_5281,1284.03,Debit Card,2024-12-19 16:20:13,completed,
PMT_7641,BK_7641,US_8571,0.0,Credit Card,2024-02-10 10:37:49,refunded,
PMT_7642,BK_7642,US_2766,0.0,Wallet,2025-11-23 16:50:03,refunded,
PMT_7643,BK_7643,US_428,762.3,Net Banking,2025-10-15 03:07:55,completed,
PMT_7646,BK_7646,US_8717,735.94,Credit Card,2025-04-06 06:51:35,completed,
PMT_7647,BK_7647,US_1946,0.0,Credit Card,2025-07-09 03:40:05,failed,
PMT_7648,BK_7648,US_4242,0.0,UPI,2025-08-23 02:52:51,failed,
PMT_7649,BK_7649,US_6729,1781.0,UPI,2024-04-13 04:58:14,completed,
PMT_7651,BK_7651,US_2960,1712.84,Debit Card,2024-01-31 11:12:01,completed,
PMT_7652,BK_7652,US_828,813.24,Credit Card,2024-07-30 13:19:42,completed,
PMT_7654,BK_7654,US_6615,372.58,Credit Card,2025-12-25 08:54:42,completed,
PMT_7655,BK_7655,US_6239,303.24,Wallet,2024-07-15 15:22:01,completed,
PMT_7658,BK_7658,US_8121,1544.32,Net Banking,2025-07-05 18:37:04,completed,
PMT_7659,BK_7659,US_9387,1233.88,Credit Card,2024-01-25 11:31:52,completed,
PMT_7660,BK_7660,US_1750,524.26,Net Banking,2025-10-08 19:22:54,completed,
PMT_7661,BK_7661,US_2351,1419.12,UPI,2025-04-07 14:34:30,completed,
PMT_7662,BK_7662,US_5468,440.84,Wallet,2024-06-29 19:16:08,completed,
PMT_7663,BK_7663,US_176,1294.41,Net Banking,2024-03-19 20:32:15,completed,
PMT_7664,BK_7664,US_2484,540.34,Debit Card,2025-08-11 05:00:15,completed,
PMT_7665,BK_7665,US_5948,924.16,Debit Card,2025-07-10 10:34:12,completed,
PMT_7666,BK_7666,US_1448,901.38,Wallet,2025-06-13 01:06:31,completed,
PMT_7667,BK_7667,US_6963,935.66,Net Banking,2025-07-18 16:08:10,completed,
PMT_7668,BK_7668,US_1463,827.48,Wallet,2025-07-18 20:26:31,completed,
PMT_7669,BK_7669,US_2550,1051.16,Net Banking,2024-09-25 21:06:29,completed,
PMT_7670,BK_7670,US_7171,0.0,UPI,2025-02-08 22:46:58,failed,
PMT_7673,BK_7673,US_9706,977.28,Net Banking,2025-06-21 03:49:17,completed,
PMT_7674,BK_7674,US_3851,0.0,UPI,2025-07-26 13:50:28,failed,
PMT_7675,BK_7675,US_5327,917.79,Credit Card,2024-05-14 12:28:20,completed,
PMT_7676,BK_7676,US_641,1182.76,Credit Card,2024-09-28 04:03:54,completed,
PMT_7677,BK_7677,US_6234,970.1999999999999,Debit Card,2025-04-14 17:46:38,completed,
PMT_7679,BK_7679,US_5407,1482.44,Net Banking,2025-01-04 20:37:29,completed,
PMT_7681,BK_7681,US_696,400.46,Debit Card,2024-10-21 09:03:25,completed,
PMT_7682,BK_7682,US_8834,418.78,Net Banking,2024-09-10 23:06:11,completed,
PMT_7684,BK_7684,US_8463,544.86,Credit Card,2024-11-02 14:12:03,completed,
PMT_7685,BK_7685,US_7697,1898.64,UPI,2024-12-06 04:46:05,completed,
PMT_7686,BK_7686,US_2517,1393.74,Net Banking,2025-06-30 12:09:42,completed,
PMT_7687,BK_7687,US_5246,934.92,Wallet,2024-01-17 12:28:33,completed,
PMT_7688,BK_7688,US_531,1484.0,UPI,2024-09-23 10:26:53,completed,
PMT_7689,BK_7689,US_6145,0.0,Credit Card,2024-06-20 07:16:42,failed,
PMT_7690,BK_7690,US_3280,1003.5899999999999,Credit Card,2024-05-03 22:36:11,completed,
PMT_7691,BK_7691,US_4602,745.74,Debit Card,2025-04-16 01:45:54,completed,
PMT_7692,BK_7692,US_6397,541.74,UPI,2024-08-04 05:41:29,completed,
PMT_7693,BK_7693,US_8108,488.54999999999995,Debit Card,2024-06-17 22:52:44,completed,
PMT_7694,BK_7694,US_2902,1381.44,Net Banking,2024-12-12 22:13:14,completed,
PMT_7695,BK_7695,US_4528,1830.68,Net Banking,2024-12-05 15:49:22,completed,
PMT_7696,BK_7696,US_7776,494.18,UPI,2024-06-16 21:59:37,completed,
PMT_7698,BK_7698,US_3531,219.17,Debit Card,2024-06-01 00:45:13,completed,
PMT_7700,BK_7700,US_3656,1400.22,Credit Card,2024-09-10 01:18:20,completed,
PMT_7701,BK_7701,US_324,1267.04,Credit Card,2024-11-04 04:59:35,completed,
PMT_7702,BK_7702,US_6109,1347.56,Credit Card,2025-09-29 01:32:29,completed,
PMT_7703,BK_7703,US_8048,567.12,Wallet,2024-07-21 23:00:42,completed,
PMT_7704,BK_7704,US_8459,775.76,Net Banking,2024-10-08 02:33:55,completed,
PMT_7705,BK_7705,US_2630,0.0,Credit Card,2024-01-27 10:59:04,refunded,
PMT_7706,BK_7706,US_8884,630.2,Credit Card,2024-09-24 00:50:17,completed,
PMT_7708,BK_7708,US_5631,0.0,Credit Card,2024-05-21 20:12:19,refunded,
PMT_7709,BK_7709,US_7351,471.96,Wallet,2024-07-17 07:08:08,completed,
PMT_7710,BK_7710,US_2893,1408.32,Debit Card,2024-04-01 10:36:05,completed,
PMT_7711,BK_7711,US_9334,773.84,Wallet,2025-12-09 03:13:11,completed,
PMT_7712,BK_7712,US_7346,1003.92,Debit Card,2025-04-11 20:29:59,completed,
PMT_7713,BK_7713,US_3434,1317.6,Debit Card,2025-11-25 19:41:47,completed,
PMT_7714,BK_7714,US_9687,1361.25,UPI,2025-03-19 17:12:56,completed,
PMT_7715,BK_7715,US_4849,1400.28,UPI,2024-03-02 12:40:29,completed,
PMT_7716,BK_7716,US_525,627.96,Credit Card,2024-07-11 16:36:23,completed,
PMT_7717,BK_7717,US_528,1977.96,UPI,2024-02-12 10:30:44,completed,
PMT_7718,BK_7718,US_3653,781.4,Wallet,2025-07-10 00:46:09,completed,
PMT_7720,BK_7720,US_4009,330.03,Wallet,2025-08-22 13:40:48,completed,
PMT_7721,BK_7721,US_8589,0.0,Net Banking,2025-09-18 05:47:38,refunded,
PMT_7722,BK_7722,US_6370,1406.44,Credit Card,2025-02-23 10:19:49,completed,
PMT_7724,BK_7724,US_4329,1294.9499999999998,Credit Card,2025-09-09 13:16:15,completed,
PMT_7725,BK_7725,US_2416,473.99,Wallet,2024-12-02 17:22:25,completed,
PMT_7726,BK_7726,US_8792,1222.1999999999998,Debit Card,2024-02-10 01:29:52,completed,
PMT_7727,BK_7727,US_4898,0.0,Debit Card,2025-04-26 12:03:16,failed,
PMT_7728,BK_7728,US_8805,151.12,UPI,2024-06-03 04:02:36,completed,
PMT_7730,BK_7730,US_7960,667.04,Net Banking,2024-04-11 17:50:53,completed,
PMT_7731,BK_7731,US_6519,1089.64,Wallet,2025-11-18 04:42:44,completed,
PMT_7732,BK_7732,US_811,0.0,Debit Card,2025-10-19 14:52:22,failed,
PMT_7733,BK_7733,US_7344,0.0,Wallet,2024-12-08 21:21:48,failed,
PMT_7734,BK_7734,US_4318,363.91,UPI,2025-07-16 23:27:03,completed,
PMT_7735,BK_7735,US_7926,676.84,Wallet,2025-03-19 07:17:20,completed,
PMT_7736,BK_7736,US_4646,237.44,Debit Card,2025-08-20 16:24:10,completed,
PMT_7737,BK_7737,US_6256,0.0,Net Banking,2025-09-06 01:23:57,failed,
PMT_7738,BK_7738,US_1446,705.9,UPI,2025-06-03 12:41:33,completed,
PMT_7739,BK_7739,US_5365,1242.1200000000001,Net Banking,2025-12-24 05:34:08,completed,
PMT_7743,BK_7743,US_6223,1792.16,Net Banking,2025-09-21 15:55:12,completed,
PMT_7745,BK_7745,US_8975,1923.84,UPI,2025-05-01 13:23:12,completed,
PMT_7746,BK_7746,US_9752,314.96,Debit Card,2025-11-06 10:42:36,completed,
PMT_7747,BK_7747,US_5347,1307.34,UPI,2024-07-20 22:37:53,completed,
PMT_7748,BK_7748,US_3130,793.84,Net Banking,2024-10-05 09:03:05,completed,
PMT_7749,BK_7749,US_7758,214.31,Credit Card,2024-04-18 02:58:16,completed,
PMT_7750,BK_7750,US_7723,908.92,Wallet,2024-10-02 08:21:32,completed,
PMT_7751,BK_7751,US_4183,1128.9,Debit Card,2024-10-15 02:25:35,completed,
PMT_7752,BK_7752,US_9168,845.56,Net Banking,2025-12-22 08:46:58,completed,
PMT_7755,BK_7755,US_561,0.0,UPI,2025-02-12 18:22:23,refunded,
PMT_7757,BK_7757,US_4509,238.41,Net Banking,2024-09-20 09:49:00,completed,
PMT_7758,BK_7758,US_991,923.14,Debit Card,2024-07-10 11:41:54,completed,
PMT_7759,BK_7759,US_4403,1231.71,UPI,2025-05-25 09:41:13,completed,
PMT_7761,BK_7761,US_6831,381.68,Debit Card,2024-09-01 12:45:36,completed,
PMT_7763,BK_7763,US_1992,1691.48,Wallet,2025-05-16 12:27:51,completed,
PMT_7765,BK_7765,US_6008,942.3,Wallet,2024-11-27 03:33:19,completed,
PMT_7766,BK_7766,US_103,1400.85,Net Banking,2025-08-07 03:30:42,completed,
PMT_7767,BK_7767,US_5388,1467.88,Debit Card,2024-09-23 08:31:02,completed,
PMT_7768,BK_7768,US_4912,432.02,Debit Card,2024-07-01 17:38:26,completed,
PMT_7769,BK_7769,US_4225,555.94,Credit Card,2024-03-03 00:09:24,completed,
PMT_7770,BK_7770,US_7929,820.11,Credit Card,2024-06-03 02:06:41,completed,
PMT_7771,BK_7771,US_516,369.14,UPI,2024-12-22 12:33:24,completed,
PMT_7772,BK_7772,US_355,360.2,UPI,2024-02-28 05:42:14,completed,
PMT_7775,BK_7775,US_8382,0.0,Net Banking,2025-04-02 13:26:06,failed,
PMT_7776,BK_7776,US_1737,332.79,Debit Card,2025-02-25 23:08:03,completed,
PMT_7777,BK_7777,US_27,429.95,UPI,2025-11-30 05:10:41,completed,
PMT_7779,BK_7779,US_7672,956.8199999999999,Net Banking,2025-08-18 03:03:34,completed,
PMT_7780,BK_7780,US_3866,1379.07,Wallet,2024-11-28 06:12:29,completed,
PMT_7781,BK_7781,US_6640,871.78,Net Banking,2024-07-07 00:12:51,completed,
PMT_7782,BK_7782,US_1830,1479.76,Debit Card,2024-11-08 00:12:52,completed,
PMT_7783,BK_7783,US_2971,1598.96,Credit Card,2025-07-19 13:14:30,completed,
PMT_7785,BK_7785,US_9108,1810.76,Wallet,2025-05-17 23:09:34,completed,
PMT_7786,BK_7786,US_9975,0.0,Wallet,2024-05-07 01:14:08,refunded,
PMT_7787,BK_7787,US_9282,456.09,UPI,2024-03-13 19:43:15,completed,
PMT_7788,BK_7788,US_9666,1390.52,Debit Card,2025-11-13 10:39:23,completed,
PMT_7789,BK_7789,US_5730,0.0,Wallet,2024-01-15 13:18:39,refunded,
PMT_7790,BK_7790,US_6235,413.14,Credit Card,2024-04-03 07:51:17,completed,
PMT_7791,BK_7791,US_7376,1810.56,Credit Card,2024-02-26 15:03:26,completed,
PMT_7792,BK_7792,US_1822,279.19,Credit Card,2024-02-25 06:45:16,completed,
PMT_7793,BK_7793,US_4256,0.0,Net Banking,2024-09-27 04:01:56,failed,
PMT_7794,BK_7794,US_5291,0.0,Credit Card,2025-08-23 19:02:18,refunded,
PMT_7795,BK_7795,US_5415,0.0,UPI,2024-01-28 16:10:20,refunded,
PMT_7796,BK_7796,US_5534,167.37,Credit Card,2024-02-19 11:03:26,completed,
PMT_7797,BK_7797,US_6509,739.32,Wallet,2025-12-11 03:40:34,completed,
PMT_7798,BK_7798,US_3474,204.59,Credit Card,2025-06-07 14:46:06,completed,
PMT_7799,BK_7799,US_4995,1357.56,Wallet,2025-07-13 19:20:37,completed,
PMT_7800,BK_7800,US_6830,1303.16,Credit Card,2024-07-16 09:08:51,completed,
PMT_7801,BK_7801,US_1190,1365.6,Debit Card,2025-09-02 14:38:39,completed,
PMT_7802,BK_7802,US_234,1012.6,Credit Card,2024-04-01 18:53:28,completed,
PMT_7803,BK_7803,US_3229,1567.64,UPI,2025-12-13 16:38:35,completed,
PMT_7804,BK_7804,US_5763,901.3499999999999,Wallet,2024-03-12 07:14:57,completed,
PMT_7806,BK_7806,US_9975,1542.76,Credit Card,2024-12-03 21:30:55,completed,
PMT_7807,BK_7807,US_5575,270.05,UPI,2025-03-05 04:06:07,completed,
PMT_7808,BK_7808,US_8511,0.0,Net Banking,2024-01-11 03:56:11,failed,
PMT_7809,BK_7809,US_1525,0.0,UPI,2025-02-20 23:03:19,failed,
PMT_7810,BK_7810,US_3530,462.77,Net Banking,2025-11-25 09:42:14,completed,
PMT_7811,BK_7811,US_7914,579.63,Net Banking,2025-03-05 07:14:08,completed,
PMT_7812,BK_7812,US_2498,1240.26,Credit Card,2025-10-01 06:00:04,completed,
PMT_7813,BK_7813,US_713,1144.1999999999998,Debit Card,2024-03-09 04:10:02,completed,
PMT_7814,BK_7814,US_2569,0.0,Credit Card,2024-07-27 05:34:29,failed,
PMT_7816,BK_7816,US_3274,652.6,UPI,2024-06-15 04:08:16,completed,
PMT_7817,BK_7817,US_5163,1613.68,Net Banking,2024-09-12 04:15:33,completed,
PMT_7818,BK_7818,US_9744,1834.36,Credit Card,2025-07-12 03:36:49,completed,
PMT_7819,BK_7819,US_718,1408.6200000000001,UPI,2024-03-03 13:52:27,completed,
PMT_7820,BK_7820,US_606,198.83,UPI,2025-02-07 06:25:05,completed,
PMT_7821,BK_7821,US_6767,1346.82,Debit Card,2024-01-23 13:03:33,completed,
PMT_7822,BK_7822,US_5363,1192.53,Debit Card,2025-11-13 14:54:54,completed,
PMT_7823,BK_7823,US_5193,312.78,Credit Card,2024-07-31 23:06:59,completed,
PMT_7824,BK_7824,US_6563,1050.3899999999999,Wallet,2025-01-12 11:09:25,completed,
PMT_7825,BK_7825,US_428,202.71,UPI,2024-04-11 01:17:34,completed,
PMT_7826,BK_7826,US_2967,1233.99,Credit Card,2024-01-08 03:06:53,completed,
PMT_7827,BK_7827,US_6132,740.34,Wallet,2024-09-12 04:19:08,completed,
PMT_7828,BK_7828,US_3845,1697.88,Net Banking,2025-07-26 10:53:28,completed,
PMT_7829,BK_7829,US_8365,890.16,Wallet,2024-08-30 15:28:47,completed,
PMT_7831,BK_7831,US_4809,0.0,Debit Card,2025-12-02 20:51:57,refunded,
PMT_7832,BK_7832,US_6293,1529.76,Debit Card,2024-02-28 13:39:34,completed,
PMT_7833,BK_7833,US_5799,584.36,Credit Card,2024-10-22 15:36:22,completed,
PMT_7834,BK_7834,US_1641,491.49,Wallet,2024-04-04 03:10:06,completed,
PMT_7835,BK_7835,US_8315,1776.24,Credit Card,2024-11-22 05:54:40,completed,
PMT_7837,BK_7837,US_8079,458.94,Debit Card,2024-11-17 13:35:13,completed,
PMT_7839,BK_7839,US_7064,0.0,Net Banking,2025-05-08 03:28:16,failed,
PMT_7840,BK_7840,US_4922,1912.76,Debit Card,2024-11-30 14:18:58,completed,
PMT_7841,BK_7841,US_431,0.0,UPI,2025-06-27 11:50:42,failed,
PMT_7844,BK_7844,US_2535,697.08,Debit Card,2024-08-04 16:40:56,completed,
PMT_7845,BK_7845,US_1872,0.0,UPI,2024-09-19 11:39:50,failed,
PMT_7846,BK_7846,US_3699,0.0,Debit Card,2025-12-06 04:00:46,failed,
PMT_7847,BK_7847,US_1198,1398.84,Wallet,2025-05-04 20:39:06,completed,
PMT_7848,BK_7848,US_8564,637.16,UPI,2024-07-05 21:59:26,completed,
PMT_7849,BK_7849,US_7421,0.0,Wallet,2025-08-23 02:42:29,failed,
PMT_7850,BK_7850,US_3862,998.68,UPI,2025-06-02 16:54:03,completed,
PMT_7851,BK_7851,US_4918,296.47,Debit Card,2024-02-21 16:09:06,completed,
PMT_7853,BK_7853,US_3986,543.64,UPI,2025-04-27 19:37:18,completed,
PMT_7854,BK_7854,US_1909,1387.96,Debit Card,2025-02-01 04:12:41,completed,
PMT_7855,BK_7855,US_1257,418.77,Debit Card,2025-07-14 19:28:26,completed,
PMT_7856,BK_7856,US_1736,1264.48,UPI,2025-03-21 17:43:42,completed,
PMT_7857,BK_7857,US_5257,0.0,UPI,2025-04-20 20:22:17,failed,
PMT_7858,BK_7858,US_5396,1982.12,Debit Card,2025-08-15 00:03:22,completed,
PMT_7859,BK_7859,US_2228,964.88,Credit Card,2024-10-08 19:17:19,completed,
PMT_7860,BK_7860,US_5714,1637.16,Net Banking,2025-01-02 18:41:36,completed,
PMT_7861,BK_7861,US_9007,978.0899999999999,Wallet,2024-11-13 19:26:08,completed,
PMT_7862,BK_7862,US_6035,695.32,Wallet,2024-11-17 02:40:15,completed,
PMT_7863,BK_7863,US_7349,309.65,UPI,2024-12-29 14:43:16,completed,
PMT_7864,BK_7864,US_6306,1792.28,Credit Card,2025-10-07 12:54:23,completed,
PMT_7865,BK_7865,US_9237,0.0,Debit Card,2025-12-14 07:31:18,refunded,
PMT_7866,BK_7866,US_470,1293.18,Net Banking,2025-02-22 20:13:43,completed,
PMT_7867,BK_7867,US_6824,266.78,Net Banking,2024-01-13 08:37:40,completed,
PMT_7869,BK_7869,US_3128,1127.16,Debit Card,2025-03-10 11:43:50,completed,
PMT_7870,BK_7870,US_4133,452.3,Net Banking,2025-09-09 10:26:42,completed,
PMT_7873,BK_7873,US_1470,1077.27,Debit Card,2025-01-17 20:43:59,completed,
PMT_7874,BK_7874,US_911,599.98,UPI,2024-05-24 08:08:41,completed,
PMT_7875,BK_7875,US_7415,869.94,Debit Card,2024-05-03 15:03:18,completed,
PMT_7876,BK_7876,US_6701,717.16,Net Banking,2025-03-07 07:35:07,completed,
PMT_7877,BK_7877,US_5016,714.16,Net Banking,2024-07-02 22:57:34,completed,
PMT_7878,BK_7878,US_5902,793.3799999999999,Credit Card,2024-05-31 17:28:58,completed,
PMT_7879,BK_7879,US_2807,0.0,Credit Card,2024-07-15 23:08:51,failed,
PMT_7880,BK_7880,US_6696,325.48,Wallet,2025-06-17 22:03:55,completed,
PMT_7881,BK_7881,US_4905,969.9000000000001,UPI,2025-04-01 11:51:41,completed,
PMT_7882,BK_7882,US_7423,428.42,UPI,2025-04-07 19:01:37,completed,
PMT_7883,BK_7883,US_5330,915.1500000000001,Wallet,2025-09-06 13:22:17,completed,
PMT_7884,BK_7884,US_3389,457.20000000000005,Wallet,2025-10-25 21:34:23,completed,
PMT_7885,BK_7885,US_2723,560.58,Wallet,2025-07-14 09:51:51,completed,
PMT_7886,BK_7886,US_5679,524.26,Wallet,2024-11-22 01:31:56,completed,
PMT_7887,BK_7887,US_5658,320.14,UPI,2024-08-19 16:32:14,completed,
PMT_7888,BK_7888,US_3296,507.12,Debit Card,2025-05-21 13:43:16,completed,
PMT_7890,BK_7890,US_6957,359.04,UPI,2024-12-23 19:30:07,completed,
PMT_7891,BK_7891,US_9372,742.71,UPI,2024-05-30 20:04:23,completed,
PMT_7893,BK_7893,US_3979,866.4,Credit Card,2025-10-17 15:32:41,completed,
PMT_7895,BK_7895,US_9459,842.9,Wallet,2024-12-22 19:29:16,completed,
PMT_7896,BK_7896,US_7563,1871.52,UPI,2024-12-21 15:12:14,completed,
PMT_7897,BK_7897,US_2711,1207.41,Debit Card,2025-04-02 15:14:04,completed,
PMT_7898,BK_7898,US_617,1017.27,Net Banking,2024-07-12 02:21:54,completed,
PMT_7899,BK_7899,US_1392,1322.46,UPI,2025-04-16 07:55:40,completed,
PMT_7900,BK_7900,US_8839,0.0,Wallet,2025-11-21 19:26:49,failed,
PMT_7901,BK_7901,US_7111,862.12,UPI,2024-02-16 13:50:29,completed,
PMT_7902,BK_7902,US_4182,446.14,Wallet,2024-01-27 15:39:03,completed,
PMT_7903,BK_7903,US_9359,1158.72,Wallet,2025-04-05 19:52:58,completed,
PMT_7905,BK_7905,US_2297,969.56,UPI,2025-09-05 11:07:39,completed,
PMT_7906,BK_7906,US_1725,900.66,Credit Card,2025-09-19 03:28:20,completed,
PMT_7908,BK_7908,US_5635,0.0,Wallet,2025-03-11 08:02:01,failed,
PMT_7910,BK_7910,US_3321,1107.84,Net Banking,2024-10-04 19:13:05,completed,
PMT_7911,BK_7911,US_9547,847.08,Net Banking,2025-06-08 11:52:45,completed,
PMT_7913,BK_7913,US_620,166.74,Net Banking,2024-12-06 19:52:24,completed,
PMT_7914,BK_7914,US_314,1943.36,Debit Card,2025-12-18 20:01:52,completed,
PMT_7915,BK_7915,US_6008,1731.36,Debit Card,2025-08-04 12:26:31,completed,
PMT_7916,BK_7916,US_1328,0.0,Debit Card,2024-06-21 05:58:21,failed,
PMT_7918,BK_7918,US_6222,0.0,Wallet,2024-07-26 06:36:57,failed,
PMT_7919,BK_7919,US_6386,0.0,UPI,2024-08-25 16:32:50,failed,
PMT_7921,BK_7921,US_5465,1376.58,UPI,2025-09-14 19:55:42,completed,
PMT_7922,BK_7922,US_2476,1370.31,Net Banking,2024-10-05 21:38:55,completed,
PMT_7923,BK_7923,US_1355,535.8,UPI,2024-03-23 05:27:17,completed,
PMT_7924,BK_7924,US_8384,930.52,Wallet,2025-05-10 07:06:37,completed,
PMT_7927,BK_7927,US_3221,696.48,Credit Card,2024-02-15 14:48:37,completed,
PMT_7928,BK_7928,US_3027,769.86,Debit Card,2024-07-22 12:23:43,completed,
PMT_7929,BK_7929,US_8915,0.0,Net Banking,2024-05-01 09:04:40,failed,
PMT_7931,BK_7931,US_5099,1538.4,UPI,2024-02-05 14:51:10,completed,
PMT_7933,BK_7933,US_4270,367.6,Wallet,2025-11-21 19:04:15,completed,
PMT_7935,BK_7935,US_2618,1243.64,Wallet,2024-01-16 11:00:05,completed,
PMT_7936,BK_7936,US_7286,489.87,Wallet,2024-03-16 17:45:23,completed,
PMT_7937,BK_7937,US_50,816.06,Net Banking,2025-10-14 23:09:22,completed,
PMT_7939,BK_7939,US_2232,707.28,Net Banking,2024-07-20 02:46:46,completed,
PMT_7940,BK_7940,US_4632,631.66,Net Banking,2025-07-20 07:40:35,completed,
PMT_7942,BK_7942,US_1135,664.92,Debit Card,2025-10-18 13:59:13,completed,
PMT_7943,BK_7943,US_9335,417.44,Wallet,2025-01-29 11:30:14,completed,
PMT_7944,BK_7944,US_8958,173.15,Debit Card,2025-04-25 20:22:26,completed,
PMT_7946,BK_7946,US_287,916.72,Credit Card,2025-03-01 07:43:12,completed,
PMT_7947,BK_7947,US_7395,1224.72,Debit Card,2025-05-13 04:11:38,completed,
PMT_7948,BK_7948,US_9433,602.52,UPI,2024-11-10 04:57:07,completed,
PMT_7949,BK_7949,US_6120,369.61,Credit Card,2024-05-09 13:36:55,completed,
PMT_7950,BK_7950,US_5692,300.95,Credit Card,2025-02-13 12:49:59,completed,
PMT_7952,BK_7952,US_8328,0.0,Credit Card,2025-09-05 15:51:09,failed,
PMT_7953,BK_7953,US_6780,540.6,Debit Card,2024-03-10 19:04:00,completed,
PMT_7954,BK_7954,US_7296,1840.32,Credit Card,2024-10-08 09:43:36,completed,
PMT_7955,BK_7955,US_1997,0.0,Wallet,2025-07-24 01:29:21,failed,
PMT_7956,BK_7956,US_727,1119.08,UPI,2024-02-25 04:27:20,completed,
PMT_7957,BK_7957,US_5638,393.42,Debit Card,2025-03-02 04:12:19,completed,
PMT_7958,BK_7958,US_1663,883.62,Wallet,2024-06-15 18:37:59,completed,
PMT_7959,BK_7959,US_2099,0.0,Wallet,2024-02-15 09:47:50,failed,
PMT_7960,BK_7960,US_6042,1564.2,Credit Card,2024-12-18 08:06:00,completed,
PMT_7961,BK_7961,US_6464,1248.52,Credit Card,2024-02-22 01:51:57,completed,
PMT_7962,BK_7962,US_8017,723.46,Net Banking,2025-09-15 22:09:06,completed,
PMT_7963,BK_7963,US_1458,628.5,Credit Card,2024-04-01 09:02:40,completed,
PMT_7965,BK_7965,US_8327,328.74,Net Banking,2024-12-07 00:26:44,completed,
PMT_7966,BK_7966,US_4101,374.03,Wallet,2025-01-23 00:07:36,completed,
PMT_7967,BK_7967,US_7427,0.0,Credit Card,2025-11-13 20:09:38,failed,
PMT_7968,BK_7968,US_2971,1504.36,Credit Card,2024-01-10 00:55:33,completed,
PMT_7969,BK_7969,US_1387,915.44,UPI,2024-08-30 08:04:10,completed,
PMT_7970,BK_7970,US_2599,1198.4,Credit Card,2025-06-24 17:43:25,completed,
PMT_7972,BK_7972,US_7851,0.0,Credit Card,2025-04-05 19:32:20,failed,
PMT_7973,BK_7973,US_8879,435.66,Credit Card,2025-11-21 04:41:55,completed,
PMT_7974,BK_7974,US_139,643.86,Wallet,2024-04-30 04:05:42,completed,
PMT_7975,BK_7975,US_1757,741.4,Credit Card,2025-04-09 16:34:48,completed,
PMT_7976,BK_7976,US_7214,347.67,Debit Card,2024-06-03 11:19:43,completed,
PMT_7977,BK_7977,US_9779,459.46,Wallet,2024-10-18 20:46:28,completed,
PMT_7978,BK_7978,US_8462,265.37,Credit Card,2024-12-20 05:11:09,completed,
PMT_7980,BK_7980,US_133,589.74,UPI,2024-03-17 08:28:41,completed,
PMT_7981,BK_7981,US_7170,380.84,Wallet,2025-10-10 03:34:02,completed,
PMT_7983,BK_7983,US_6616,1362.72,Net Banking,2025-11-05 17:37:46,completed,
PMT_7984,BK_7984,US_1669,0.0,Wallet,2025-06-30 14:37:36,failed,
PMT_7987,BK_7987,US_7784,408.85,Credit Card,2025-08-27 12:32:45,completed,
PMT_7988,BK_7988,US_6618,659.92,Net Banking,2025-10-03 00:13:55,completed,
PMT_7989,BK_7989,US_3708,988.92,Debit Card,2025-12-23 22:45:51,completed,
PMT_7990,BK_7990,US_6487,841.5899999999999,Wallet,2024-06-27 05:45:19,completed,
PMT_7991,BK_7991,US_1192,156.87,Credit Card,2025-07-15 04:49:34,completed,
PMT_7992,BK_7992,US_3500,696.08,Net Banking,2024-08-19 23:34:17,completed,
PMT_7993,BK_7993,US_5132,725.88,Wallet,2025-07-31 06:57:54,completed,
PMT_7994,BK_7994,US_142,492.02,Wallet,2025-12-07 17:07:37,completed,
PMT_7995,BK_7995,US_2662,1989.4,Wallet,2025-12-19 22:03:05,completed,
PMT_7996,BK_7996,US_5606,658.77,Credit Card,2024-11-05 03:11:45,completed,
PMT_7997,BK_7997,US_9930,893.49,Credit Card,2025-07-13 06:23:27,completed,
PMT_7998,BK_7998,US_264,220.77,UPI,2024-06-29 09:57:59,completed,
PMT_8000,BK_8000,US_2151,787.16,UPI,2025-01-11 22:37:30,completed,
PMT_8001,BK_8001,US_6250,0.0,UPI,2024-12-25 08:14:57,failed,
PMT_8002,BK_8002,US_8780,0.0,Net Banking,2025-07-03 20:45:11,failed,
PMT_8003,BK_8003,US_3317,1350.12,UPI,2024-12-31 04:49:49,completed,
PMT_8004,BK_8004,US_2106,970.52,Net Banking,2025-10-25 06:18:43,completed,
PMT_8005,BK_8005,US_7390,474.9,Credit Card,2025-04-15 16:43:57,completed,
PMT_8006,BK_8006,US_9350,734.68,Credit Card,2025-01-06 15:23:17,completed,
PMT_8007,BK_8007,US_3648,346.83,Debit Card,2025-05-25 07:22:25,completed,
PMT_8008,BK_8008,US_1191,0.0,Credit Card,2024-04-24 12:36:34,refunded,
PMT_8009,BK_8009,US_5104,0.0,Wallet,2024-05-03 19:11:04,failed,
PMT_8011,BK_8011,US_7774,1324.56,Debit Card,2025-01-13 03:04:54,completed,
PMT_8012,BK_8012,US_5309,457.40999999999997,Net Banking,2024-05-16 22:12:08,completed,
PMT_8013,BK_8013,US_1887,1470.84,Credit Card,2025-03-14 18:02:44,completed,
PMT_8014,BK_8014,US_5383,780.86,UPI,2025-07-26 02:56:19,completed,
PMT_8016,BK_8016,US_3251,652.59,Net Banking,2024-12-11 21:31:37,completed,
PMT_8017,BK_8017,US_2465,0.0,UPI,2025-03-18 03:11:17,refunded,
PMT_8019,BK_8019,US_1705,689.7,Credit Card,2025-07-13 01:20:35,completed,
PMT_8020,BK_8020,US_8595,1518.12,Debit Card,2025-05-22 22:47:20,completed,
PMT_8021,BK_8021,US_9744,979.42,Debit Card,2024-07-19 18:45:31,completed,
PMT_8022,BK_8022,US_2560,540.1,Credit Card,2024-06-08 06:38:19,completed,
PMT_8023,BK_8023,US_1306,1287.84,Credit Card,2024-07-12 01:36:48,completed,
PMT_8024,BK_8024,US_9121,0.0,Net Banking,2024-05-10 05:59:17,refunded,
PMT_8025,BK_8025,US_4878,1469.96,Debit Card,2024-09-28 04:00:19,completed,
PMT_8026,BK_8026,US_9294,269.66,Net Banking,2025-08-06 15:48:28,completed,
PMT_8027,BK_8027,US_9741,588.84,UPI,2024-09-19 23:34:49,completed,
PMT_8029,BK_8029,US_6374,1294.04,Credit Card,2024-12-16 19:58:55,completed,
PMT_8030,BK_8030,US_2868,1146.57,UPI,2025-09-30 20:02:03,completed,
PMT_8031,BK_8031,US_1660,915.24,Net Banking,2025-12-01 00:03:12,completed,
PMT_8032,BK_8032,US_5324,0.0,Wallet,2025-01-26 15:10:34,failed,
PMT_8033,BK_8033,US_7616,1288.16,UPI,2024-07-12 10:37:40,completed,
PMT_8034,BK_8034,US_6739,655.6,UPI,2024-10-13 22:03:54,completed,
PMT_8035,BK_8035,US_4004,696.27,Credit Card,2025-03-16 04:18:33,completed,
PMT_8036,BK_8036,US_258,0.0,Wallet,2025-02-23 21:22:48,refunded,
PMT_8040,BK_8040,US_4797,0.0,Credit Card,2024-02-22 19:04:39,failed,
PMT_8041,BK_8041,US_4043,857.3399999999999,Wallet,2024-02-03 22:36:34,completed,
PMT_8042,BK_8042,US_5162,484.94,Credit Card,2025-09-15 01:46:23,completed,
PMT_8043,BK_8043,US_4231,454.52,Wallet,2024-01-21 17:05:10,completed,
PMT_8044,BK_8044,US_5580,1871.0,UPI,2024-01-27 10:23:11,completed,
PMT_8045,BK_8045,US_7808,0.0,UPI,2024-06-30 05:37:58,refunded,
PMT_8047,BK_8047,US_525,1450.59,UPI,2025-10-02 02:33:50,completed,
PMT_8048,BK_8048,US_204,1628.6,Net Banking,2024-12-15 03:56:39,completed,
PMT_8049,BK_8049,US_52,454.86,Debit Card,2024-08-23 12:29:45,completed,
PMT_8050,BK_8050,US_826,237.86,Wallet,2024-01-04 15:32:54,completed,
PMT_8051,BK_8051,US_2769,879.9000000000001,Net Banking,2025-08-12 02:30:22,completed,
PMT_8052,BK_8052,US_7573,720.76,Debit Card,2024-05-22 06:16:53,completed,
PMT_8053,BK_8053,US_5086,1377.15,UPI,2024-05-24 17:03:47,completed,
PMT_8054,BK_8054,US_6201,1527.84,UPI,2025-02-13 10:05:42,completed,
PMT_8055,BK_8055,US_2432,1403.96,Debit Card,2025-07-23 23:57:34,completed,
PMT_8056,BK_8056,US_7624,1163.12,UPI,2024-03-23 07:33:26,completed,
PMT_8058,BK_8058,US_5895,738.56,Credit Card,2024-06-26 21:11:58,completed,
PMT_8059,BK_8059,US_5725,0.0,Net Banking,2025-10-28 03:28:13,refunded,
PMT_8060,BK_8060,US_3033,0.0,Debit Card,2025-08-22 04:24:00,failed,
PMT_8061,BK_8061,US_5776,0.0,Net Banking,2024-03-08 16:19:07,refunded,
PMT_8062,BK_8062,US_6056,1374.3000000000002,UPI,2025-05-25 16:29:13,completed,
PMT_8063,BK_8063,US_2493,972.38,Credit Card,2025-06-17 22:36:59,completed,
PMT_8064,BK_8064,US_8615,792.12,UPI,2024-04-03 00:20:48,completed,
PMT_8065,BK_8065,US_4947,1256.44,Wallet,2025-01-31 06:33:34,completed,
PMT_8066,BK_8066,US_173,0.0,Wallet,2025-12-27 15:37:06,refunded,
PMT_8067,BK_8067,US_4615,1995.36,Credit Card,2025-02-20 02:42:59,completed,
PMT_8070,BK_8070,US_3938,433.53,Debit Card,2025-04-06 18:42:03,completed,
PMT_8071,BK_8071,US_6238,154.6,Net Banking,2025-05-23 17:04:09,completed,
PMT_8072,BK_8072,US_897,318.54,Debit Card,2025-03-16 06:19:45,completed,
PMT_8073,BK_8073,US_9087,1693.28,Debit Card,2024-01-13 08:23:37,completed,
PMT_8074,BK_8074,US_1713,472.68,UPI,2025-08-19 05:57:58,completed,
PMT_8075,BK_8075,US_5526,1353.4,Net Banking,2024-04-03 00:41:19,completed,
PMT_8077,BK_8077,US_5427,869.32,Wallet,2025-08-04 08:20:37,completed,
PMT_8079,BK_8079,US_5949,828.44,Credit Card,2025-08-15 22:20:00,completed,
PMT_8080,BK_8080,US_6510,0.0,UPI,2025-04-25 18:04:37,failed,
PMT_8081,BK_8081,US_710,237.23,Net Banking,2024-02-27 22:05:37,completed,
PMT_8082,BK_8082,US_2655,496.51,Debit Card,2025-12-17 13:37:44,completed,
PMT_8083,BK_8083,US_9602,405.9,Wallet,2025-05-28 23:11:10,completed,
PMT_8084,BK_8084,US_5387,0.0,Credit Card,2025-09-16 11:54:20,refunded,
PMT_8085,BK_8085,US_5428,1455.99,Wallet,2025-10-23 13:48:33,completed,
PMT_8086,BK_8086,US_6740,1070.56,Net Banking,2025-08-01 03:06:30,completed,
PMT_8087,BK_8087,US_7746,203.2,Debit Card,2025-11-09 10:41:49,completed,
PMT_8088,BK_8088,US_3465,379.53,Debit Card,2024-07-15 14:49:09,completed,
PMT_8090,BK_8090,US_9496,1815.0,Wallet,2024-03-04 17:55:16,completed,
PMT_8091,BK_8091,US_1178,210.59,Debit Card,2024-01-07 23:37:47,completed,
PMT_8092,BK_8092,US_4233,209.59,Debit Card,2025-05-29 00:15:38,completed,
PMT_8093,BK_8093,US_6602,1129.29,Net Banking,2024-07-03 23:16:03,completed,
PMT_8095,BK_8095,US_4793,695.62,Debit Card,2025-06-20 16:38:39,completed,
PMT_8096,BK_8096,US_1034,0.0,Net Banking,2025-03-31 03:52:31,failed,
PMT_8097,BK_8097,US_5919,308.61,UPI,2024-10-11 15:37:30,completed,
PMT_8098,BK_8098,US_1792,304.48,Wallet,2025-12-27 01:47:59,completed,
PMT_8099,BK_8099,US_4428,1092.27,Debit Card,2025-08-19 20:23:41,completed,
PMT_8100,BK_8100,US_4247,446.34,Debit Card,2025-05-02 06:53:34,completed,
PMT_8101,BK_8101,US_7909,968.32,UPI,2025-09-28 18:22:28,completed,
PMT_8102,BK_8102,US_8521,1636.4,UPI,2024-02-11 17:26:02,completed,
PMT_8103,BK_8103,US_501,0.0,Net Banking,2025-10-05 02:06:39,refunded,
PMT_8106,BK_8106,US_8999,0.0,UPI,2025-03-16 21:13:38,refunded,
PMT_8107,BK_8107,US_4960,615.0600000000001,Wallet,2024-08-08 20:06:43,completed,
PMT_8108,BK_8108,US_1429,1051.28,UPI,2024-06-29 15:41:38,completed,
PMT_8110,BK_8110,US_1211,841.9,Net Banking,2024-02-25 01:25:33,completed,
PMT_8112,BK_8112,US_1337,304.48,Net Banking,2024-11-14 04:37:00,completed,
PMT_8113,BK_8113,US_9274,1929.6,Credit Card,2025-02-23 13:28:21,completed,
PMT_8114,BK_8114,US_354,480.09000000000003,Credit Card,2024-12-07 15:45:50,completed,
PMT_8116,BK_8116,US_3261,1006.08,UPI,2025-05-07 02:08:27,completed,
PMT_8118,BK_8118,US_5993,195.55,UPI,2024-02-08 08:06:47,completed,
PMT_8119,BK_8119,US_287,1231.26,Credit Card,2024-05-30 02:14:44,completed,
PMT_8121,BK_8121,US_8873,1351.6,UPI,2024-06-11 21:18:49,completed,
PMT_8122,BK_8122,US_6211,777.62,UPI,2024-07-16 11:34:58,completed,
PMT_8124,BK_8124,US_7781,977.5500000000001,Net Banking,2024-10-03 11:27:47,completed,
PMT_8126,BK_8126,US_5535,0.0,UPI,2024-04-18 07:51:04,refunded,
PMT_8127,BK_8127,US_9734,737.56,Credit Card,2025-12-20 11:00:51,completed,
PMT_8128,BK_8128,US_6305,713.49,Wallet,2024-01-16 23:51:02,completed,
PMT_8129,BK_8129,US_3261,474.64,UPI,2024-12-31 03:12:17,completed,
PMT_8131,BK_8131,US_3920,207.4,Credit Card,2025-07-19 12:05:51,completed,
PMT_8132,BK_8132,US_7366,353.53,Credit Card,2024-09-06 05:00:17,completed,
PMT_8133,BK_8133,US_2203,1418.4,Net Banking,2024-06-04 12:47:48,completed,
PMT_8134,BK_8134,US_5847,1216.52,Wallet,2024-12-05 01:19:57,completed,
PMT_8135,BK_8135,US_4675,375.1,Debit Card,2025-12-02 14:54:29,completed,
PMT_8136,BK_8136,US_588,662.0999999999999,Wallet,2025-05-29 08:59:54,completed,
PMT_8137,BK_8137,US_8679,745.77,Debit Card,2024-11-22 16:17:53,completed,
PMT_8138,BK_8138,US_6223,304.02,Wallet,2025-07-20 04:46:00,completed,
PMT_8139,BK_8139,US_130,0.0,Debit Card,2024-09-08 02:40:21,failed,
PMT_8140,BK_8140,US_3945,0.0,Net Banking,2024-11-26 13:58:26,failed,
PMT_8141,BK_8141,US_9623,369.2,UPI,2025-07-03 08:13:44,completed,
PMT_8143,BK_8143,US_9479,0.0,Debit Card,2025-08-30 21:56:18,failed,
PMT_8144,BK_8144,US_134,947.2,UPI,2024-09-14 08:50:33,completed,
PMT_8145,BK_8145,US_264,715.52,Net Banking,2025-08-17 16:23:34,completed,
PMT_8146,BK_8146,US_6318,565.68,Credit Card,2024-03-07 09:59:07,completed,
PMT_8147,BK_8147,US_8007,365.65,Debit Card,2024-04-25 05:03:10,completed,
PMT_8148,BK_8148,US_1166,164.21,Credit Card,2025-05-03 23:20:57,completed,
PMT_8150,BK_8150,US_8531,424.0,UPI,2025-06-25 10:10:16,completed,
PMT_8151,BK_8151,US_8864,463.38,Net Banking,2025-01-13 09:39:45,completed,
PMT_8152,BK_8152,US_6618,1596.96,Credit Card,2024-05-08 13:13:12,completed,
PMT_8153,BK_8153,US_4447,0.0,Credit Card,2025-10-01 15:31:23,refunded,
PMT_8154,BK_8154,US_440,0.0,Net Banking,2024-02-24 15:43:31,failed,
PMT_8155,BK_8155,US_7546,1750.44,Credit Card,2025-03-13 08:42:31,completed,
PMT_8156,BK_8156,US_1214,358.25,UPI,2025-03-09 22:34:50,completed,
PMT_8157,BK_8157,US_2568,982.56,UPI,2024-07-31 13:05:31,completed,
PMT_8158,BK_8158,US_6979,482.34,Credit Card,2025-08-12 20:50:30,completed,
PMT_8159,BK_8159,US_6586,1031.76,Net Banking,2025-07-27 13:01:33,completed,
PMT_8161,BK_8161,US_7927,643.84,Net Banking,2024-08-02 04:57:26,completed,
PMT_8162,BK_8162,US_3915,736.68,Net Banking,2025-12-06 14:54:29,completed,
PMT_8164,BK_8164,US_3187,845.28,Credit Card,2025-09-04 11:07:11,completed,
PMT_8165,BK_8165,US_5914,0.0,Net Banking,2025-09-18 21:00:56,failed,
PMT_8166,BK_8166,US_3159,456.56,Debit Card,2024-11-20 03:04:41,completed,
PMT_8167,BK_8167,US_9459,1577.36,Credit Card,2024-09-02 14:21:52,completed,
PMT_8168,BK_8168,US_5487,910.96,UPI,2024-03-22 12:11:20,completed,
PMT_8169,BK_8169,US_6700,0.0,UPI,2024-12-27 01:57:18,failed,
PMT_8171,BK_8171,US_261,363.01,Debit Card,2025-09-22 16:52:54,completed,
PMT_8172,BK_8172,US_8108,771.4,Net Banking,2024-06-03 08:37:49,completed,
PMT_8173,BK_8173,US_6137,0.0,Net Banking,2025-11-27 16:08:35,failed,
PMT_8175,BK_8175,US_8983,249.08,Net Banking,2025-02-23 05:08:51,completed,
PMT_8176,BK_8176,US_7801,1262.85,Wallet,2025-07-14 15:49:18,completed,
PMT_8177,BK_8177,US_7110,234.8,Debit Card,2024-05-07 09:17:00,completed,
PMT_8178,BK_8178,US_8180,662.94,UPI,2024-12-01 17:46:25,completed,
PMT_8179,BK_8179,US_3925,909.04,Debit Card,2025-08-03 02:10:20,completed,
PMT_8180,BK_8180,US_295,483.12,UPI,2024-11-11 06:00:35,completed,
PMT_8182,BK_8182,US_7646,1070.56,UPI,2024-07-25 17:46:33,completed,
PMT_8183,BK_8183,US_6109,0.0,UPI,2025-10-04 07:47:19,refunded,
PMT_8184,BK_8184,US_9650,175.69,Credit Card,2024-04-10 06:08:12,completed,
PMT_8185,BK_8185,US_9486,1144.41,Net Banking,2025-10-23 02:27:47,completed,
PMT_8186,BK_8186,US_1538,0.0,UPI,2024-05-12 10:18:27,failed,
PMT_8187,BK_8187,US_2654,966.54,UPI,2024-02-05 14:56:24,completed,
PMT_8188,BK_8188,US_1566,733.17,Net Banking,2024-05-14 08:38:00,completed,
PMT_8189,BK_8189,US_5779,936.33,Net Banking,2024-11-02 11:19:24,completed,
PMT_8193,BK_8193,US_5608,706.9,Credit Card,2025-11-25 07:37:38,completed,
PMT_8194,BK_8194,US_1976,729.03,Net Banking,2024-01-08 15:33:00,completed,
PMT_8195,BK_8195,US_4311,305.9,Wallet,2024-05-24 19:19:20,completed,
PMT_8196,BK_8196,US_7014,1343.97,UPI,2024-02-20 15:57:26,completed,
PMT_8197,BK_8197,US_5306,1245.33,Debit Card,2024-01-16 04:32:22,completed,
PMT_8198,BK_8198,US_4446,1771.36,Wallet,2025-12-11 05:02:02,completed,
PMT_8199,BK_8199,US_7952,334.14,Net Banking,2025-06-03 05:25:07,completed,
PMT_8201,BK_8201,US_1312,891.86,UPI,2025-09-28 02:49:14,completed,
PMT_8202,BK_8202,US_8838,0.0,Debit Card,2025-03-03 16:13:48,failed,
PMT_8203,BK_8203,US_7618,1123.1100000000001,UPI,2025-11-13 22:06:50,completed,
PMT_8205,BK_8205,US_4105,0.0,Debit Card,2025-09-09 08:14:43,refunded,
PMT_8206,BK_8206,US_3175,296.01,UPI,2024-04-08 02:48:06,completed,
PMT_8208,BK_8208,US_1579,0.0,Net Banking,2025-09-05 19:22:43,failed,
PMT_8209,BK_8209,US_5857,444.14,Net Banking,2025-04-28 15:46:13,completed,
PMT_8210,BK_8210,US_8035,838.44,Credit Card,2025-02-02 04:12:52,completed,
PMT_8211,BK_8211,US_7255,804.96,Debit Card,2024-06-20 19:12:49,completed,
PMT_8213,BK_8213,US_9422,0.0,Credit Card,2025-04-16 00:13:04,refunded,
PMT_8214,BK_8214,US_9769,997.98,Net Banking,2025-05-11 20:45:06,completed,
PMT_8215,BK_8215,US_3616,318.86,Wallet,2024-05-29 22:43:00,completed,
PMT_8216,BK_8216,US_5353,302.49,Net Banking,2024-07-20 17:00:17,completed,
PMT_8217,BK_8217,US_2091,459.14,Credit Card,2024-05-14 02:46:29,completed,
PMT_8218,BK_8218,US_4421,385.92,Credit Card,2025-03-22 21:14:39,completed,
PMT_8219,BK_8219,US_8765,375.72,Debit Card,2024-05-17 19:25:41,completed,
PMT_8220,BK_8220,US_8747,971.68,Debit Card,2025-05-27 02:52:49,completed,
PMT_8221,BK_8221,US_6910,1128.9,Credit Card,2025-03-04 04:03:58,completed,
PMT_8222,BK_8222,US_4426,152.56,Net Banking,2024-04-05 02:31:58,completed,
PMT_8223,BK_8223,US_3137,1098.99,Wallet,2024-04-27 18:09:33,completed,
PMT_8224,BK_8224,US_4469,807.48,Debit Card,2024-06-15 17:19:05,completed,
PMT_8225,BK_8225,US_1227,0.0,Debit Card,2024-10-13 11:20:44,refunded,
PMT_8226,BK_8226,US_2144,790.11,Debit Card,2024-11-27 14:22:01,completed,
PMT_8227,BK_8227,US_7853,316.65,Credit Card,2025-11-11 03:22:39,completed,
PMT_8228,BK_8228,US_1371,0.0,Wallet,2024-01-28 04:43:02,failed,
PMT_8229,BK_8229,US_4819,0.0,Wallet,2025-05-24 16:28:56,failed,
PMT_8230,BK_8230,US_4225,689.16,UPI,2025-03-10 13:17:45,completed,
PMT_8231,BK_8231,US_5888,1166.58,UPI,2024-10-23 06:43:45,completed,
PMT_8232,BK_8232,US_6693,1451.64,Credit Card,2024-04-30 20:35:16,completed,
PMT_8233,BK_8233,US_3427,1917.24,Wallet,2024-02-05 03:17:56,completed,
PMT_8234,BK_8234,US_2236,783.0,Credit Card,2024-12-18 00:27:12,completed,
PMT_8235,BK_8235,US_8899,1022.5500000000001,Wallet,2024-05-16 12:32:19,completed,
PMT_8236,BK_8236,US_6426,976.74,Debit Card,2024-05-21 06:00:34,completed,
PMT_8237,BK_8237,US_1636,1582.12,Net Banking,2025-09-12 02:25:24,completed,
PMT_8238,BK_8238,US_8532,865.08,Debit Card,2024-08-24 01:18:01,completed,
PMT_8239,BK_8239,US_3064,585.36,UPI,2025-07-20 22:24:59,completed,
PMT_8240,BK_8240,US_6946,1372.6200000000001,Credit Card,2025-03-24 14:52:00,completed,
PMT_8241,BK_8241,US_62,1242.16,UPI,2025-03-22 14:22:37,completed,
PMT_8243,BK_8243,US_3349,884.5,Net Banking,2024-09-03 08:58:17,completed,
PMT_8244,BK_8244,US_8544,643.26,Debit Card,2025-12-14 08:39:29,completed,
PMT_8245,BK_8245,US_8075,886.06,Net Banking,2025-10-20 21:59:34,completed,
PMT_8246,BK_8246,US_6035,1060.77,Debit Card,2025-01-26 18:58:22,completed,
PMT_8248,BK_8248,US_1781,0.0,Credit Card,2025-04-03 03:10:35,failed,
PMT_8250,BK_8250,US_2778,495.54,UPI,2025-04-09 18:00:32,completed,
PMT_8251,BK_8251,US_5979,896.54,Wallet,2024-05-30 13:08:04,completed,
PMT_8252,BK_8252,US_5328,970.16,UPI,2025-07-10 03:38:25,completed,
PMT_8254,BK_8254,US_9287,699.92,UPI,2024-11-11 13:41:52,completed,
PMT_8255,BK_8255,US_3064,1021.29,UPI,2025-12-03 11:01:32,completed,
PMT_8256,BK_8256,US_1733,0.0,UPI,2024-04-20 01:39:05,failed,
PMT_8257,BK_8257,US_4194,398.01,Credit Card,2024-06-04 19:18:43,completed,
PMT_8258,BK_8258,US_8563,305.04,UPI,2025-11-19 14:49:49,completed,
PMT_8259,BK_8259,US_4156,0.0,Net Banking,2025-10-28 01:48:47,failed,
PMT_8260,BK_8260,US_2610,0.0,UPI,2024-04-28 19:19:39,failed,
PMT_8261,BK_8261,US_9118,1789.92,Debit Card,2024-11-08 21:10:37,completed,
PMT_8262,BK_8262,US_4890,0.0,Debit Card,2025-06-28 09:06:36,refunded,
PMT_8263,BK_8263,US_1513,379.7,Net Banking,2025-09-24 13:13:17,completed,
PMT_8264,BK_8264,US_7116,766.68,Debit Card,2024-03-22 16:36:56,completed,
PMT_8265,BK_8265,US_4976,947.1600000000001,UPI,2025-06-22 13:36:57,completed,
PMT_8266,BK_8266,US_5809,604.7,Credit Card,2024-07-11 18:39:12,completed,
PMT_8267,BK_8267,US_8699,0.0,UPI,2024-05-14 12:25:50,failed,
PMT_8268,BK_8268,US_5330,165.92,Credit Card,2024-12-12 10:55:51,completed,
PMT_8269,BK_8269,US_4268,911.86,Debit Card,2025-10-29 01:30:31,completed,
PMT_8270,BK_8270,US_7109,0.0,UPI,2025-03-06 00:30:54,refunded,
PMT_8271,BK_8271,US_7369,686.13,Credit Card,2024-09-19 13:21:47,completed,
PMT_8272,BK_8272,US_9939,0.0,Net Banking,2025-11-06 14:04:27,refunded,
PMT_8273,BK_8273,US_9396,763.7,Net Banking,2025-02-07 20:09:16,completed,
PMT_8274,BK_8274,US_9363,660.76,UPI,2024-06-27 23:06:38,completed,
PMT_8275,BK_8275,US_9080,793.72,Net Banking,2024-12-07 01:01:16,completed,
PMT_8276,BK_8276,US_7431,717.99,Debit Card,2024-11-07 03:18:32,completed,
PMT_8277,BK_8277,US_1055,339.72,UPI,2024-02-19 17:36:46,completed,
PMT_8278,BK_8278,US_3818,517.4,UPI,2025-07-13 21:00:24,completed,
PMT_8279,BK_8279,US_4108,0.0,Debit Card,2025-03-27 13:11:04,refunded,
PMT_8280,BK_8280,US_519,0.0,UPI,2025-03-23 06:24:21,refunded,
PMT_8281,BK_8281,US_6725,1471.36,UPI,2024-06-21 23:28:58,completed,
PMT_8282,BK_8282,US_1171,0.0,Net Banking,2024-08-31 02:49:06,failed,
PMT_8283,BK_8283,US_8589,283.88,Debit Card,2025-10-06 08:53:54,completed,
PMT_8284,BK_8284,US_3785,1978.2,Net Banking,2024-09-20 01:15:11,completed,
PMT_8285,BK_8285,US_1626,1437.4,UPI,2025-01-12 20:12:40,completed,
PMT_8286,BK_8286,US_9216,1066.1999999999998,Credit Card,2024-10-03 09:01:14,completed,
PMT_8287,BK_8287,US_1818,654.24,Wallet,2025-04-24 03:27:55,completed,
PMT_8288,BK_8288,US_8051,1881.12,Debit Card,2025-11-20 04:56:03,completed,
PMT_8289,BK_8289,US_6991,499.6,Debit Card,2024-12-18 11:23:57,completed,
PMT_8290,BK_8290,US_3315,0.0,Net Banking,2025-04-12 00:07:07,failed,
PMT_8291,BK_8291,US_772,798.6600000000001,Net Banking,2024-08-30 14:39:25,completed,
PMT_8292,BK_8292,US_6510,681.56,Wallet,2024-10-25 23:30:45,completed,
PMT_8294,BK_8294,US_2825,489.72,Net Banking,2024-06-04 11:57:03,completed,
PMT_8296,BK_8296,US_7646,627.36,Wallet,2025-07-05 19:05:15,completed,
PMT_8297,BK_8297,US_5915,1593.96,Wallet,2025-12-15 06:01:54,completed,
PMT_8298,BK_8298,US_2797,950.8199999999999,Net Banking,2024-12-04 12:05:42,completed,
PMT_8299,BK_8299,US_1645,636.6,Net Banking,2025-10-18 06:51:54,completed,
PMT_8300,BK_8300,US_4209,204.9,Debit Card,2024-02-27 22:59:47,completed,
PMT_8302,BK_8302,US_7119,303.14,Net Banking,2025-10-19 02:43:04,completed,
PMT_8303,BK_8303,US_7647,0.0,UPI,2024-03-28 17:45:15,failed,
PMT_8307,BK_8307,US_5577,1530.32,Credit Card,2024-01-13 18:27:39,completed,
PMT_8309,BK_8309,US_6269,316.62,Net Banking,2024-08-10 14:26:45,completed,
PMT_8310,BK_8310,US_1433,429.76,Credit Card,2025-09-29 23:26:56,completed,
PMT_8311,BK_8311,US_2063,260.31,Net Banking,2024-08-06 01:51:55,completed,
PMT_8313,BK_8313,US_1629,0.0,Net Banking,2024-08-02 01:59:42,failed,
PMT_8314,BK_8314,US_2473,954.64,Credit Card,2024-11-17 13:09:04,completed,
PMT_8315,BK_8315,US_4734,355.78,Credit Card,2025-01-30 11:47:40,completed,
PMT_8317,BK_8317,US_9138,242.51,Credit Card,2025-10-20 11:22:24,completed,
PMT_8318,BK_8318,US_121,553.08,Credit Card,2024-12-06 04:19:25,completed,
PMT_8319,BK_8319,US_9304,177.12,Wallet,2025-03-11 12:03:36,completed,
PMT_8320,BK_8320,US_5897,395.46,Debit Card,2024-01-23 20:27:16,completed,
PMT_8321,BK_8321,US_9615,523.2,Net Banking,2025-02-26 10:15:27,completed,
PMT_8322,BK_8322,US_6057,1044.18,Debit Card,2024-02-28 11:05:02,completed,
PMT_8323,BK_8323,US_4375,1411.0,Net Banking,2025-12-01 08:31:01,completed,
PMT_8324,BK_8324,US_8014,652.71,Wallet,2024-11-12 15:18:50,completed,
PMT_8326,BK_8326,US_2903,664.28,UPI,2025-03-29 06:12:00,completed,
PMT_8327,BK_8327,US_5337,0.0,UPI,2024-07-17 14:58:43,failed,
PMT_8328,BK_8328,US_3851,211.11,Debit Card,2025-02-01 03:05:43,completed,
PMT_8329,BK_8329,US_1874,428.45,Net Banking,2024-04-10 09:33:55,completed,
PMT_8330,BK_8330,US_5229,0.0,Wallet,2025-09-12 04:08:33,refunded,
PMT_8333,BK_8333,US_2951,0.0,Debit Card,2024-10-24 20:10:55,refunded,
PMT_8334,BK_8334,US_5924,0.0,Wallet,2024-11-19 07:01:24,failed,
PMT_8336,BK_8336,US_3216,0.0,UPI,2025-04-10 23:52:56,failed,
PMT_8337,BK_8337,US_9857,0.0,Credit Card,2025-05-28 19:14:25,failed,
PMT_8338,BK_8338,US_5715,484.4,Debit Card,2024-05-08 16:11:35,completed,
PMT_8339,BK_8339,US_3369,1909.24,Net Banking,2024-02-08 11:20:24,completed,
PMT_8340,BK_8340,US_7561,229.47,Debit Card,2025-04-08 22:05:57,completed,
PMT_8341,BK_8341,US_7325,964.68,Net Banking,2024-12-19 19:17:39,completed,
PMT_8342,BK_8342,US_3246,1240.02,Net Banking,2025-05-10 22:16:52,completed,
PMT_8345,BK_8345,US_6275,363.18,Wallet,2024-07-12 19:23:52,completed,
PMT_8346,BK_8346,US_2935,176.89,Debit Card,2024-05-22 18:30:56,completed,
PMT_8347,BK_8347,US_1951,799.24,Wallet,2024-10-04 18:50:51,completed,
PMT_8348,BK_8348,US_3464,364.15,Debit Card,2025-06-12 15:27:48,completed,
PMT_8349,BK_8349,US_6876,469.04,UPI,2025-01-20 04:30:12,completed,
PMT_8350,BK_8350,US_473,405.19,Net Banking,2025-06-02 23:57:38,completed,
PMT_8352,BK_8352,US_2257,494.76,Credit Card,2025-12-13 16:29:08,completed,
PMT_8353,BK_8353,US_4314,209.72,Wallet,2024-09-12 02:10:10,completed,
PMT_8354,BK_8354,US_5389,869.26,Net Banking,2025-08-25 14:28:31,completed,
PMT_8355,BK_8355,US_7219,519.32,UPI,2024-02-09 18:41:33,completed,
PMT_8357,BK_8357,US_7493,410.29,Wallet,2024-06-02 09:57:19,completed,
PMT_8358,BK_8358,US_2560,216.55,UPI,2025-03-10 12:51:03,completed,
PMT_8359,BK_8359,US_4524,1227.15,UPI,2025-10-23 17:40:35,completed,
PMT_8360,BK_8360,US_9460,0.0,UPI,2024-04-03 13:37:45,failed,
PMT_8361,BK_8361,US_6516,672.42,Debit Card,2024-08-27 02:01:27,completed,
PMT_8362,BK_8362,US_9096,233.54,UPI,2024-11-16 14:13:40,completed,
PMT_8363,BK_8363,US_3539,605.56,Debit Card,2025-09-12 13:47:35,completed,
PMT_8364,BK_8364,US_6905,0.0,Credit Card,2025-12-30 15:06:39,refunded,
PMT_8365,BK_8365,US_1428,491.95,Debit Card,2025-11-07 00:38:37,completed,
PMT_8366,BK_8366,US_7883,625.62,Debit Card,2025-12-27 09:59:06,completed,
PMT_8367,BK_8367,US_8232,1329.09,UPI,2024-04-20 11:11:10,completed,
PMT_8368,BK_8368,US_7655,1289.97,Debit Card,2024-11-08 17:11:25,completed,
PMT_8369,BK_8369,US_2831,1342.6200000000001,Net Banking,2024-01-22 08:33:20,completed,
PMT_8370,BK_8370,US_4504,1253.91,Debit Card,2025-01-27 09:07:51,completed,
PMT_8371,BK_8371,US_4638,1914.68,Net Banking,2024-04-28 04:54:50,completed,
PMT_8372,BK_8372,US_9829,1721.84,UPI,2025-09-28 11:35:22,completed,
PMT_8373,BK_8373,US_2780,1074.52,Wallet,2024-04-14 14:37:18,completed,
PMT_8374,BK_8374,US_4818,409.73,Wallet,2025-03-29 05:01:03,completed,
PMT_8375,BK_8375,US_4989,0.0,Wallet,2024-12-10 03:58:52,failed,
PMT_8376,BK_8376,US_2433,1214.68,Debit Card,2024-10-16 04:44:27,completed,
PMT_8377,BK_8377,US_443,0.0,Net Banking,2024-01-12 06:57:33,failed,
PMT_8378,BK_8378,US_2996,1693.28,Wallet,2024-05-18 11:54:16,completed,
PMT_8379,BK_8379,US_5579,333.14,UPI,2025-08-12 17:11:18,completed,
PMT_8380,BK_8380,US_6598,933.44,Net Banking,2024-11-18 12:29:34,completed,
PMT_8381,BK_8381,US_5053,1222.41,Credit Card,2024-11-07 02:18:20,completed,
PMT_8382,BK_8382,US_6836,0.0,UPI,2025-01-15 04:26:40,failed,
PMT_8383,BK_8383,US_9706,892.74,UPI,2024-02-17 12:10:00,completed,
PMT_8384,BK_8384,US_4958,472.41,Credit Card,2025-02-05 00:09:34,completed,
PMT_8386,BK_8386,US_6477,304.18,Wallet,2025-07-20 22:25:17,completed,
PMT_8388,BK_8388,US_7370,448.74,UPI,2025-01-20 08:25:57,completed,
PMT_8389,BK_8389,US_4108,494.26,UPI,2025-05-22 15:15:03,completed,
PMT_8390,BK_8390,US_3228,552.1,Net Banking,2024-03-27 09:49:05,completed,
PMT_8391,BK_8391,US_1756,476.96,Wallet,2024-04-29 23:10:18,completed,
PMT_8392,BK_8392,US_6735,912.1500000000001,Debit Card,2024-02-01 03:26:30,completed,
PMT_8393,BK_8393,US_7164,295.48,Net Banking,2024-11-20 23:54:48,completed,
PMT_8394,BK_8394,US_7012,602.12,Debit Card,2024-02-20 11:36:45,completed,
PMT_8395,BK_8395,US_1013,1143.4499999999998,Credit Card,2024-01-17 06:23:02,completed,
PMT_8396,BK_8396,US_3610,0.0,Net Banking,2025-12-22 23:37:30,refunded,
PMT_8397,BK_8397,US_5535,723.14,Net Banking,2024-02-03 21:49:00,completed,
PMT_8398,BK_8398,US_808,908.12,Wallet,2024-06-27 03:53:36,completed,
PMT_8399,BK_8399,US_9303,980.46,Debit Card,2024-02-19 12:39:11,completed,
PMT_8400,BK_8400,US_2075,1909.88,Debit Card,2024-09-01 09:38:07,completed,
PMT_8402,BK_8402,US_4492,1432.29,Wallet,2024-12-30 03:20:05,completed,
PMT_8403,BK_8403,US_4345,0.0,Debit Card,2025-05-07 09:26:13,refunded,
PMT_8404,BK_8404,US_37,883.06,Net Banking,2024-11-08 03:46:03,completed,
PMT_8405,BK_8405,US_9779,1450.28,UPI,2025-10-12 14:55:57,completed,
PMT_8407,BK_8407,US_4159,1150.26,Net Banking,2025-11-28 20:16:37,completed,
PMT_8408,BK_8408,US_2403,757.72,Net Banking,2024-04-29 09:36:01,completed,
PMT_8409,BK_8409,US_7765,278.04,Wallet,2024-07-20 07:47:49,completed,
PMT_8410,BK_8410,US_4278,636.24,Debit Card,2025-04-06 08:27:58,completed,
PMT_8411,BK_8411,US_5975,971.5,Debit Card,2025-08-12 06:50:47,completed,
PMT_8412,BK_8412,US_6295,1261.74,UPI,2024-06-07 01:38:41,completed,
PMT_8413,BK_8413,US_6127,0.0,Credit Card,2024-04-16 03:43:58,refunded,
PMT_8414,BK_8414,US_1985,716.38,Net Banking,2024-02-02 21:25:57,completed,
PMT_8416,BK_8416,US_7370,593.46,Credit Card,2024-10-15 11:37:53,completed,
PMT_8417,BK_8417,US_1338,999.16,Wallet,2024-03-29 19:13:36,completed,
PMT_8418,BK_8418,US_8214,164.67,Debit Card,2025-10-30 22:57:33,completed,
PMT_8420,BK_8420,US_656,694.24,Wallet,2024-05-07 11:54:30,completed,
PMT_8422,BK_8422,US_981,1864.88,Debit Card,2024-01-20 05:14:14,completed,
PMT_8423,BK_8423,US_9360,674.14,UPI,2025-05-19 09:45:27,completed,
PMT_8424,BK_8424,US_5596,1207.59,Net Banking,2025-06-26 13:21:56,completed,
PMT_8425,BK_8425,US_7183,206.52,UPI,2024-09-24 16:01:00,completed,
PMT_8426,BK_8426,US_2014,0.0,Net Banking,2025-09-27 03:18:41,refunded,
PMT_8427,BK_8427,US_4659,592.52,Wallet,2025-09-28 03:00:21,completed,
PMT_8428,BK_8428,US_8721,1258.8000000000002,Net Banking,2025-02-15 13:11:59,completed,
PMT_8429,BK_8429,US_3894,607.04,Debit Card,2024-08-16 05:15:01,completed,
PMT_8430,BK_8430,US_3838,0.0,Wallet,2024-07-16 20:31:16,failed,
PMT_8432,BK_8432,US_8060,1466.28,Wallet,2025-09-30 11:19:08,completed,
PMT_8433,BK_8433,US_2658,1492.65,Credit Card,2024-10-04 18:45:44,completed,
PMT_8435,BK_8435,US_1862,1724.84,Credit Card,2024-02-15 21:51:24,completed,
PMT_8436,BK_8436,US_4888,1361.46,Debit Card,2025-10-09 09:30:37,completed,
PMT_8438,BK_8438,US_4708,651.7,UPI,2024-08-23 13:28:55,completed,
PMT_8439,BK_8439,US_1243,211.72,Debit Card,2024-12-17 13:47:22,completed,
PMT_8440,BK_8440,US_1529,1601.0,UPI,2024-02-24 15:48:26,completed,
PMT_8441,BK_8441,US_5267,425.5,Credit Card,2025-07-08 00:57:26,completed,
PMT_8443,BK_8443,US_3169,621.92,Net Banking,2025-03-13 02:40:34,completed,
PMT_8444,BK_8444,US_8753,560.26,UPI,2024-01-05 20:28:23,completed,
PMT_8445,BK_8445,US_4330,307.58,Net Banking,2024-12-22 10:28:13,completed,
PMT_8446,BK_8446,US_2459,1497.66,UPI,2025-11-13 22:44:57,completed,
PMT_8448,BK_8448,US_8684,0.0,Credit Card,2024-06-28 06:32:15,failed,
PMT_8449,BK_8449,US_2123,494.40000000000003,Net Banking,2025-02-10 21:33:38,completed,
PMT_8452,BK_8452,US_262,0.0,Net Banking,2024-07-27 13:24:10,refunded,
PMT_8453,BK_8453,US_283,416.9,Net Banking,2024-06-07 06:27:27,completed,
PMT_8454,BK_8454,US_1010,723.88,Wallet,2025-09-04 01:45:29,completed,
PMT_8455,BK_8455,US_8688,0.0,Debit Card,2024-03-13 09:46:28,failed,
PMT_8456,BK_8456,US_6185,0.0,Credit Card,2025-11-17 00:18:05,failed,
PMT_8457,BK_8457,US_5961,1032.2,Net Banking,2025-09-30 21:38:11,completed,
PMT_8458,BK_8458,US_2858,1357.68,Wallet,2025-02-14 09:15:18,completed,
PMT_8460,BK_8460,US_372,503.84999999999997,Net Banking,2025-06-13 19:33:57,completed,
PMT_8463,BK_8463,US_4600,1556.04,Credit Card,2025-05-28 12:17:56,completed,
PMT_8465,BK_8465,US_6090,306.05,Debit Card,2025-12-06 20:32:29,completed,
PMT_8466,BK_8466,US_3184,1134.78,Net Banking,2025-03-24 01:45:08,completed,
PMT_8469,BK_8469,US_3715,453.97,Debit Card,2025-12-20 11:29:59,completed,
PMT_8470,BK_8470,US_7540,665.0999999999999,Wallet,2024-03-10 12:04:58,completed,
PMT_8471,BK_8471,US_9261,0.0,Debit Card,2025-07-22 18:03:10,refunded,
PMT_8472,BK_8472,US_8877,304.54,Wallet,2025-07-27 07:46:27,completed,
PMT_8473,BK_8473,US_2096,1153.92,UPI,2025-03-30 19:16:30,completed,
PMT_8474,BK_8474,US_5437,961.4,Net Banking,2024-01-09 09:02:53,completed,
PMT_8475,BK_8475,US_945,0.0,Debit Card,2024-03-04 22:55:47,failed,
PMT_8476,BK_8476,US_9025,689.8199999999999,UPI,2024-09-26 15:54:20,completed,
PMT_8477,BK_8477,US_3184,967.32,UPI,2025-06-10 07:50:09,completed,
PMT_8478,BK_8478,US_6620,1109.48,Credit Card,2025-08-06 17:10:36,completed,
PMT_8480,BK_8480,US_717,934.4100000000001,Wallet,2025-05-06 12:39:13,completed,
PMT_8481,BK_8481,US_5360,288.82,Debit Card,2024-03-11 10:26:04,completed,
PMT_8482,BK_8482,US_5758,0.0,Wallet,2024-06-10 15:16:43,failed,
PMT_8483,BK_8483,US_3516,356.87,Net Banking,2025-05-05 14:46:51,completed,
PMT_8484,BK_8484,US_5772,270.29,Credit Card,2024-03-19 09:19:02,completed,
PMT_8486,BK_8486,US_993,1176.0,Debit Card,2024-04-18 22:55:15,completed,
PMT_8487,BK_8487,US_7922,163.47,Wallet,2024-11-19 03:22:20,completed,
PMT_8488,BK_8488,US_8239,956.78,UPI,2024-12-08 01:31:58,completed,
PMT_8489,BK_8489,US_9552,936.52,Credit Card,2024-07-02 14:00:29,completed,
PMT_8490,BK_8490,US_8891,181.47,Net Banking,2024-03-25 18:46:50,completed,
PMT_8491,BK_8491,US_197,864.64,Net Banking,2024-03-18 12:01:04,completed,
PMT_8493,BK_8493,US_2752,315.43,Credit Card,2024-01-15 11:28:04,completed,
PMT_8494,BK_8494,US_1425,828.36,Wallet,2025-06-18 08:55:29,completed,
PMT_8495,BK_8495,US_6503,273.54,UPI,2025-01-05 09:20:50,completed,
PMT_8496,BK_8496,US_5899,756.04,UPI,2024-12-20 07:57:06,completed,
PMT_8497,BK_8497,US_338,644.16,Debit Card,2024-01-14 21:05:55,completed,
PMT_8498,BK_8498,US_4129,0.0,Debit Card,2024-02-24 13:48:33,refunded,
PMT_8500,BK_8500,US_3581,0.0,Wallet,2024-10-05 19:09:37,failed,
PMT_8501,BK_8501,US_2963,1691.28,Wallet,2024-03-01 10:34:29,completed,
PMT_8502,BK_8502,US_8065,670.4,Wallet,2024-01-17 11:55:36,completed,
PMT_8503,BK_8503,US_4065,1630.72,Credit Card,2025-04-16 13:51:51,completed,
PMT_8504,BK_8504,US_2075,459.65,Wallet,2024-07-03 00:54:53,completed,
PMT_8505,BK_8505,US_2654,468.18,Wallet,2024-07-29 09:09:45,completed,
PMT_8506,BK_8506,US_7239,468.13,Net Banking,2024-09-27 02:35:00,completed,
PMT_8507,BK_8507,US_793,1800.8,Credit Card,2025-10-18 17:33:52,completed,
PMT_8508,BK_8508,US_6475,882.38,Credit Card,2025-10-26 02:29:50,completed,
PMT_8509,BK_8509,US_9136,749.96,Credit Card,2025-02-06 06:38:33,completed,
PMT_8511,BK_8511,US_989,0.0,Credit Card,2024-11-21 22:06:09,refunded,
PMT_8512,BK_8512,US_2788,689.0699999999999,Debit Card,2024-05-13 15:35:40,completed,
PMT_8513,BK_8513,US_1265,422.47,Credit Card,2024-05-11 16:06:25,completed,
PMT_8514,BK_8514,US_4480,0.0,Debit Card,2025-08-29 17:56:18,refunded,
PMT_8515,BK_8515,US_4605,1545.12,Net Banking,2025-05-31 05:27:22,completed,
PMT_8516,BK_8516,US_4895,1461.12,Net Banking,2025-04-29 17:51:29,completed,
PMT_8517,BK_8517,US_1077,515.28,Wallet,2024-09-17 22:30:53,completed,
PMT_8518,BK_8518,US_5394,1557.32,Net Banking,2024-06-02 19:16:13,completed,
PMT_8519,BK_8519,US_4106,379.02,Credit Card,2024-11-09 04:54:18,completed,
PMT_8520,BK_8520,US_3285,503.13,Debit Card,2025-04-12 13:11:53,completed,
PMT_8521,BK_8521,US_8799,1201.8899999999999,UPI,2025-07-11 18:50:48,completed,
PMT_8522,BK_8522,US_7608,1957.96,Wallet,2024-07-05 00:15:02,completed,
PMT_8523,BK_8523,US_8030,457.98,UPI,2024-10-06 20:11:49,completed,
PMT_8524,BK_8524,US_4002,908.31,UPI,2024-05-28 03:48:20,completed,
PMT_8525,BK_8525,US_4540,767.84,Credit Card,2025-01-08 06:41:34,completed,
PMT_8527,BK_8527,US_7608,289.09,UPI,2024-04-10 09:14:06,completed,
PMT_8529,BK_8529,US_908,325.83,Credit Card,2025-02-04 09:12:03,completed,
PMT_8530,BK_8530,US_1020,0.0,Wallet,2025-02-01 04:48:14,failed,
PMT_8531,BK_8531,US_9061,862.12,UPI,2024-10-01 23:50:48,completed,
PMT_8532,BK_8532,US_1578,1284.48,Debit Card,2025-04-18 23:27:19,completed,
PMT_8533,BK_8533,US_5119,629.58,Credit Card,2025-06-15 09:11:57,completed,
PMT_8534,BK_8534,US_8510,0.0,Debit Card,2025-05-05 04:52:32,failed,
PMT_8535,BK_8535,US_3225,0.0,Credit Card,2025-07-20 07:30:08,failed,
PMT_8538,BK_8538,US_147,439.86,Credit Card,2024-02-27 18:38:15,completed,
PMT_8539,BK_8539,US_455,0.0,Wallet,2025-04-12 03:00:40,failed,
PMT_8540,BK_8540,US_2253,1457.1,Credit Card,2024-06-19 07:21:42,completed,
PMT_8541,BK_8541,US_9538,368.02,Net Banking,2025-05-10 21:37:37,completed,
PMT_8542,BK_8542,US_3307,1053.8,Credit Card,2024-08-19 01:53:35,completed,
PMT_8544,BK_8544,US_4616,922.83,Wallet,2024-04-04 23:53:01,completed,
PMT_8545,BK_8545,US_6471,1462.24,Debit Card,2024-08-24 16:16:03,completed,
PMT_8546,BK_8546,US_2952,0.0,Debit Card,2025-10-27 13:42:54,failed,
PMT_8547,BK_8547,US_2876,854.67,Net Banking,2024-05-13 18:31:50,completed,
PMT_8549,BK_8549,US_8363,1527.84,UPI,2024-07-21 15:03:58,completed,
PMT_8550,BK_8550,US_6997,350.55,Credit Card,2024-06-15 07:44:31,completed,
PMT_8551,BK_8551,US_3680,941.67,UPI,2025-05-26 17:01:57,completed,
PMT_8553,BK_8553,US_3144,863.67,Wallet,2025-10-27 17:44:26,completed,
PMT_8554,BK_8554,US_5203,1893.52,Credit Card,2025-09-17 00:24:16,completed,
PMT_8555,BK_8555,US_9112,564.7,Wallet,2025-03-26 21:34:12,completed,
PMT_8556,BK_8556,US_9722,863.62,Debit Card,2024-04-08 18:10:38,completed,
PMT_8557,BK_8557,US_2785,283.23,UPI,2025-02-03 01:04:37,completed,
PMT_8558,BK_8558,US_3454,835.77,Credit Card,2024-05-12 16:28:13,completed,
PMT_8559,BK_8559,US_3211,1426.02,Credit Card,2025-06-03 12:41:03,completed,
PMT_8560,BK_8560,US_2774,0.0,Credit Card,2025-08-29 11:32:29,failed,
PMT_8561,BK_8561,US_4750,1679.0,Wallet,2024-05-12 17:23:51,completed,
PMT_8562,BK_8562,US_8986,1289.76,Net Banking,2025-08-18 05:35:47,completed,
PMT_8563,BK_8563,US_7463,476.4,Credit Card,2024-02-21 14:13:11,completed,
PMT_8564,BK_8564,US_2538,175.15,UPI,2024-05-27 13:09:36,completed,
PMT_8567,BK_8567,US_1442,0.0,UPI,2025-04-27 13:40:42,failed,
PMT_8568,BK_8568,US_9320,0.0,UPI,2024-05-04 12:38:39,failed,
PMT_8569,BK_8569,US_8610,345.79,Debit Card,2025-07-13 04:59:57,completed,
PMT_8570,BK_8570,US_3810,1794.28,Net Banking,2025-05-08 10:22:56,completed,
PMT_8571,BK_8571,US_414,728.64,Credit Card,2024-09-06 06:40:27,completed,
PMT_8573,BK_8573,US_8876,1493.49,Credit Card,2024-01-01 21:40:01,completed,
PMT_8574,BK_8574,US_6654,1272.8700000000001,Wallet,2024-10-06 01:26:26,completed,
PMT_8576,BK_8576,US_727,837.08,UPI,2025-07-03 03:17:55,completed,
PMT_8577,BK_8577,US_6779,821.0,Net Banking,2024-08-06 10:36:21,completed,
PMT_8578,BK_8578,US_355,211.98,Wallet,2024-02-07 02:22:24,completed,
PMT_8579,BK_8579,US_4069,871.86,Net Banking,2024-11-06 19:20:40,completed,
PMT_8581,BK_8581,US_7859,839.4,Wallet,2025-09-09 13:41:47,completed,
PMT_8582,BK_8582,US_5612,1170.08,Net Banking,2025-07-25 12:34:44,completed,
PMT_8583,BK_8583,US_9880,0.0,Wallet,2025-09-07 04:55:49,failed,
PMT_8584,BK_8584,US_3141,440.66,Debit Card,2024-12-16 21:50:01,completed,
PMT_8585,BK_8585,US_4319,1115.16,UPI,2025-02-18 22:37:13,completed,
PMT_8588,BK_8588,US_1540,287.99,Net Banking,2024-03-25 04:04:07,completed,
PMT_8589,BK_8589,US_4131,537.51,Wallet,2025-08-04 20:14:55,completed,
PMT_8591,BK_8591,US_7921,0.0,Debit Card,2024-02-06 15:09:33,failed,
PMT_8593,BK_8593,US_9908,227.72,Wallet,2024-08-05 10:17:03,completed,
PMT_8594,BK_8594,US_5077,203.8,UPI,2024-09-22 21:28:12,completed,
PMT_8595,BK_8595,US_7602,826.28,Wallet,2025-01-04 22:40:33,completed,
PMT_8596,BK_8596,US_7359,547.52,Debit Card,2025-02-05 16:20:10,completed,
PMT_8597,BK_8597,US_7779,0.0,UPI,2024-04-27 12:09:02,refunded,
PMT_8598,BK_8598,US_5026,302.35,UPI,2024-08-01 04:46:25,completed,
PMT_8599,BK_8599,US_4284,305.82,UPI,2024-10-22 09:24:52,completed,
PMT_8600,BK_8600,US_7925,1087.8,UPI,2024-10-25 23:15:40,completed,
PMT_8601,BK_8601,US_9142,764.52,Wallet,2025-01-01 02:27:16,completed,
PMT_8602,BK_8602,US_111,920.4,Credit Card,2025-06-01 09:05:35,completed,
PMT_8603,BK_8603,US_6464,1195.47,Credit Card,2024-03-12 15:16:49,completed,
PMT_8604,BK_8604,US_4874,1515.72,Net Banking,2025-03-18 21:34:35,completed,
PMT_8606,BK_8606,US_1261,1312.04,Wallet,2025-04-28 06:59:22,completed,
PMT_8607,BK_8607,US_7062,1437.27,Credit Card,2024-12-25 17:33:19,completed,
PMT_8608,BK_8608,US_2046,0.0,Credit Card,2024-06-25 12:22:15,failed,
PMT_8609,BK_8609,US_1722,1965.76,Net Banking,2024-08-16 18:11:19,completed,
PMT_8610,BK_8610,US_6574,290.58,Net Banking,2024-11-24 20:19:13,completed,
PMT_8611,BK_8611,US_5868,0.0,UPI,2025-11-19 10:03:16,refunded,
PMT_8612,BK_8612,US_8664,693.42,Debit Card,2024-04-23 07:47:34,completed,
PMT_8613,BK_8613,US_50,532.2,Wallet,2024-04-08 16:03:49,completed,
PMT_8614,BK_8614,US_3151,446.4,Wallet,2025-05-03 14:46:51,completed,
PMT_8615,BK_8615,US_5285,324.24,Credit Card,2025-08-16 16:15:03,completed,
PMT_8616,BK_8616,US_8686,0.0,Credit Card,2025-09-05 12:06:40,failed,
PMT_8617,BK_8617,US_2215,1112.97,Credit Card,2024-03-24 19:35:26,completed,
PMT_8618,BK_8618,US_9617,675.32,Credit Card,2024-10-31 21:02:51,completed,
PMT_8619,BK_8619,US_4655,0.0,Wallet,2024-11-08 00:25:59,refunded,
PMT_8620,BK_8620,US_7961,1036.35,Wallet,2024-03-15 20:52:39,completed,
PMT_8621,BK_8621,US_803,0.0,Debit Card,2025-02-08 01:23:47,refunded,
PMT_8622,BK_8622,US_5943,1883.48,Net Banking,2025-12-26 04:09:33,completed,
PMT_8623,BK_8623,US_4778,642.12,Credit Card,2024-11-05 03:28:58,completed,
PMT_8624,BK_8624,US_9025,392.5,Wallet,2024-05-10 13:17:17,completed,
PMT_8625,BK_8625,US_810,525.76,Net Banking,2025-11-28 16:27:02,completed,
PMT_8626,BK_8626,US_9223,0.0,UPI,2024-07-21 14:24:29,refunded,
PMT_8627,BK_8627,US_6943,628.44,Net Banking,2025-07-31 11:46:17,completed,
PMT_8628,BK_8628,US_9007,852.1500000000001,Wallet,2025-08-05 15:01:23,completed,
PMT_8629,BK_8629,US_3975,1289.52,Debit Card,2024-11-24 05:17:41,completed,
PMT_8630,BK_8630,US_9860,1448.34,Wallet,2025-02-11 00:06:29,completed,
PMT_8631,BK_8631,US_8021,260.59,Net Banking,2025-11-26 11:01:14,completed,
PMT_8632,BK_8632,US_7418,1686.08,Debit Card,2024-01-28 01:38:54,completed,
PMT_8633,BK_8633,US_3479,0.0,UPI,2025-04-05 00:24:57,failed,
PMT_8634,BK_8634,US_2896,607.4399999999999,Wallet,2024-05-29 21:16:26,completed,
PMT_8635,BK_8635,US_8328,174.66,Credit Card,2024-10-22 15:26:09,completed,
PMT_8636,BK_8636,US_1571,992.86,Net Banking,2024-11-21 07:34:23,completed,
PMT_8638,BK_8638,US_1527,972.3000000000001,Net Banking,2024-10-17 12:44:58,completed,
PMT_8639,BK_8639,US_8893,1547.92,UPI,2025-05-12 04:10:06,completed,
PMT_8640,BK_8640,US_8033,1403.49,Debit Card,2024-04-11 04:13:35,completed,
PMT_8641,BK_8641,US_7128,655.64,UPI,2025-07-21 10:32:51,completed,
PMT_8643,BK_8643,US_799,969.2,Wallet,2025-05-14 01:11:42,completed,
PMT_8644,BK_8644,US_7367,886.74,Wallet,2025-04-22 22:44:41,completed,
PMT_8645,BK_8645,US_7866,439.12,Credit Card,2024-11-21 15:34:04,completed,
PMT_8646,BK_8646,US_6590,1492.23,UPI,2025-07-25 08:58:24,completed,
PMT_8647,BK_8647,US_7378,803.46,Debit Card,2025-06-28 11:48:32,completed,
PMT_8648,BK_8648,US_2009,0.0,Net Banking,2025-06-21 01:20:33,failed,
PMT_8650,BK_8650,US_483,745.68,UPI,2025-03-26 13:35:15,completed,
PMT_8651,BK_8651,US_516,456.01,UPI,2024-12-19 11:01:03,completed,
PMT_8652,BK_8652,US_6982,1578.68,Net Banking,2025-07-21 12:15:46,completed,
PMT_8654,BK_8654,US_6863,182.32,Credit Card,2024-09-16 02:16:36,completed,
PMT_8655,BK_8655,US_8271,1186.4,Debit Card,2024-08-21 06:43:26,completed,
PMT_8656,BK_8656,US_5752,895.1999999999999,Debit Card,2025-01-04 08:13:27,completed,
PMT_8657,BK_8657,US_7043,335.85,Debit Card,2025-10-16 16:08:31,completed,
PMT_8658,BK_8658,US_8897,187.66,Net Banking,2024-10-21 23:30:17,completed,
PMT_8660,BK_8660,US_5542,0.0,Net Banking,2025-07-21 23:30:57,failed,
PMT_8661,BK_8661,US_1697,608.08,Debit Card,2024-05-04 21:50:06,completed,
PMT_8662,BK_8662,US_1034,727.72,Net Banking,2025-02-23 04:07:53,completed,
PMT_8663,BK_8663,US_4970,644.66,Debit Card,2024-09-09 18:05:18,completed,
PMT_8665,BK_8665,US_3960,695.67,Net Banking,2024-11-12 14:09:04,completed,
PMT_8666,BK_8666,US_752,994.82,UPI,2025-01-06 12:11:39,completed,
PMT_8667,BK_8667,US_7250,926.8,UPI,2025-08-05 16:37:13,completed,
PMT_8669,BK_8669,US_8257,0.0,Debit Card,2024-07-22 20:29:50,failed,
PMT_8670,BK_8670,US_291,1016.2,UPI,2025-07-01 12:51:40,completed,
PMT_8671,BK_8671,US_3180,1313.92,Credit Card,2024-12-13 00:01:20,completed,
PMT_8672,BK_8672,US_9585,498.53,Credit Card,2024-05-16 19:28:24,completed,
PMT_8673,BK_8673,US_8158,927.42,Net Banking,2025-08-15 06:49:16,completed,
PMT_8674,BK_8674,US_6946,1807.2,Wallet,2025-11-10 03:52:24,completed,
PMT_8675,BK_8675,US_1451,298.61,Debit Card,2025-05-22 15:17:59,completed,
PMT_8676,BK_8676,US_9076,619.26,Wallet,2024-12-09 18:23:15,completed,
PMT_8677,BK_8677,US_8412,758.62,Wallet,2024-05-31 22:53:20,completed,
PMT_8678,BK_8678,US_769,771.96,UPI,2024-10-09 06:12:07,completed,
PMT_8679,BK_8679,US_965,302.18,UPI,2024-06-02 15:27:12,completed,
PMT_8680,BK_8680,US_4158,336.3,Net Banking,2024-05-02 01:12:39,completed,
PMT_8683,BK_8683,US_235,741.78,Net Banking,2024-09-12 08:31:43,completed,
PMT_8684,BK_8684,US_4337,447.65,Credit Card,2024-09-11 17:50:52,completed,
PMT_8687,BK_8687,US_3133,710.73,Wallet,2024-02-01 16:14:58,completed,
PMT_8688,BK_8688,US_7987,500.73,UPI,2025-02-10 00:50:51,completed,
PMT_8689,BK_8689,US_5325,0.0,Wallet,2025-10-09 12:58:53,failed,
PMT_8690,BK_8690,US_8249,419.37,Debit Card,2025-06-20 23:33:15,completed,
PMT_8692,BK_8692,US_4639,0.0,Net Banking,2024-02-06 15:24:17,refunded,
PMT_8693,BK_8693,US_9642,1214.91,Wallet,2024-05-26 06:19:14,completed,
PMT_8694,BK_8694,US_6489,483.99,Wallet,2024-10-24 19:13:06,completed,
PMT_8695,BK_8695,US_488,359.44,Debit Card,2025-05-02 16:04:23,completed,
PMT_8696,BK_8696,US_6855,1400.6100000000001,Net Banking,2024-07-15 18:30:55,completed,
PMT_8697,BK_8697,US_8181,982.98,Wallet,2025-04-27 06:07:32,completed,
PMT_8698,BK_8698,US_3399,488.40000000000003,UPI,2024-02-08 14:08:06,completed,
PMT_8700,BK_8700,US_9117,470.78,Debit Card,2024-12-02 03:57:04,completed,
PMT_8701,BK_8701,US_9920,399.24,UPI,2024-12-17 15:16:10,completed,
PMT_8702,BK_8702,US_9162,1095.04,Net Banking,2024-05-12 20:14:54,completed,
PMT_8703,BK_8703,US_4706,359.52,UPI,2024-10-19 07:56:24,completed,
PMT_8704,BK_8704,US_2484,458.1,Debit Card,2024-08-25 07:07:08,completed,
PMT_8705,BK_8705,US_5606,0.0,Wallet,2025-02-23 21:53:17,failed,
PMT_8706,BK_8706,US_1295,0.0,Credit Card,2024-02-13 03:43:55,failed,
PMT_8707,BK_8707,US_5354,754.18,UPI,2024-08-07 16:28:47,completed,
PMT_8708,BK_8708,US_489,974.78,Wallet,2024-08-24 21:39:54,completed,
PMT_8709,BK_8709,US_633,685.41,UPI,2024-05-16 20:59:00,completed,
PMT_8710,BK_8710,US_683,1153.8000000000002,Net Banking,2024-12-25 15:38:02,completed,
PMT_8712,BK_8712,US_1582,960.36,Wallet,2024-12-26 07:15:21,completed,
PMT_8713,BK_8713,US_2894,634.74,UPI,2024-06-15 20:27:47,completed,
PMT_8715,BK_8715,US_3075,893.1,UPI,2025-06-21 05:37:41,completed,
PMT_8716,BK_8716,US_7589,876.46,Wallet,2025-04-08 05:50:25,completed,
PMT_8717,BK_8717,US_3376,740.82,Net Banking,2025-08-07 07:38:17,completed,
PMT_8718,BK_8718,US_6061,706.88,Wallet,2025-08-13 00:46:36,completed,
PMT_8722,BK_8722,US_841,1170.33,UPI,2025-04-30 23:50:08,completed,
PMT_8725,BK_8725,US_2147,0.0,Wallet,2024-09-14 23:43:48,refunded,
PMT_8727,BK_8727,US_4165,1190.19,Net Banking,2025-09-20 03:27:56,completed,
PMT_8728,BK_8728,US_9535,0.0,Debit Card,2024-04-30 06:25:04,failed,
PMT_8729,BK_8729,US_3679,267.01,Credit Card,2025-11-17 08:51:04,completed,
PMT_8730,BK_8730,US_6622,1686.68,Wallet,2024-10-15 11:43:10,completed,
PMT_8733,BK_8733,US_9000,317.59,Wallet,2024-03-01 11:54:57,completed,
PMT_8734,BK_8734,US_6705,629.9,Credit Card,2025-11-25 16:22:27,completed,
PMT_8735,BK_8735,US_7190,419.44,Wallet,2025-07-27 15:05:32,completed,
PMT_8737,BK_8737,US_4717,188.34,Wallet,2024-12-08 05:45:10,completed,
PMT_8738,BK_8738,US_6291,1211.08,Wallet,2025-07-23 11:49:46,completed,
PMT_8739,BK_8739,US_9750,1185.09,UPI,2024-01-14 13:40:07,completed,
PMT_8742,BK_8742,US_4251,872.88,Net Banking,2024-02-05 21:47:01,completed,
PMT_8743,BK_8743,US_1064,267.96,Debit Card,2024-12-02 23:01:55,completed,
PMT_8744,BK_8744,US_7194,0.0,Net Banking,2025-09-13 11:02:02,failed,
PMT_8745,BK_8745,US_5670,332.76,Credit Card,2025-03-07 16:49:06,completed,
PMT_8746,BK_8746,US_5064,1196.22,Wallet,2024-02-13 08:08:30,completed,
PMT_8747,BK_8747,US_1342,1591.16,Wallet,2024-09-03 20:40:41,completed,
PMT_8748,BK_8748,US_5752,173.99,UPI,2025-12-24 12:24:51,completed,
PMT_8749,BK_8749,US_3453,909.84,Net Banking,2025-03-31 20:11:24,completed,
PMT_8750,BK_8750,US_858,0.0,UPI,2025-08-07 02:52:38,failed,
PMT_8751,BK_8751,US_997,834.8,UPI,2025-10-15 02:45:47,completed,
PMT_8752,BK_8752,US_3491,912.4,Credit Card,2024-11-24 21:32:04,completed,
PMT_8753,BK_8753,US_5733,1227.78,Credit Card,2025-02-17 01:37:18,completed,
PMT_8754,BK_8754,US_6817,502.36,Wallet,2024-09-09 20:31:21,completed,
PMT_8758,BK_8758,US_2548,279.5,Credit Card,2025-07-21 10:25:40,completed,
PMT_8759,BK_8759,US_5874,488.77,Credit Card,2025-12-27 01:51:54,completed,
PMT_8760,BK_8760,US_9699,1173.15,Debit Card,2024-05-22 18:48:40,completed,
PMT_8762,BK_8762,US_2542,646.4,Credit Card,2025-04-03 01:06:46,completed,
PMT_8763,BK_8763,US_4477,314.96,Wallet,2025-06-29 08:11:52,completed,
PMT_8765,BK_8765,US_4802,608.56,Credit Card,2024-10-20 20:45:59,completed,
PMT_8766,BK_8766,US_1001,1014.81,Wallet,2024-09-03 12:57:35,completed,
PMT_8767,BK_8767,US_8641,0.0,Net Banking,2024-05-10 09:14:57,refunded,
PMT_8768,BK_8768,US_6060,1011.39,Net Banking,2025-10-03 16:42:54,completed,
PMT_8769,BK_8769,US_5211,501.03,Wallet,2025-12-11 06:08:56,completed,
PMT_8770,BK_8770,US_3086,1347.8,Wallet,2025-08-14 22:42:30,completed,
PMT_8772,BK_8772,US_3887,0.0,Net Banking,2024-10-21 03:43:50,refunded,
PMT_8773,BK_8773,US_8388,572.0999999999999,Net Banking,2024-09-28 12:06:12,completed,
PMT_8774,BK_8774,US_884,1427.0,Wallet,2024-03-04 04:39:02,completed,
PMT_8775,BK_8775,US_958,672.88,Wallet,2024-01-18 01:33:01,completed,
PMT_8776,BK_8776,US_2836,0.0,Wallet,2025-10-30 02:01:11,refunded,
PMT_8777,BK_8777,US_2495,1136.12,UPI,2025-02-08 18:42:23,completed,
PMT_8779,BK_8779,US_1439,589.48,UPI,2024-05-21 13:51:00,completed,
PMT_8780,BK_8780,US_6544,207.83,Credit Card,2025-06-01 08:41:59,completed,
PMT_8782,BK_8782,US_3079,1138.4,Net Banking,2024-10-03 06:09:40,completed,
PMT_8783,BK_8783,US_9857,315.93,Wallet,2024-01-09 16:13:41,completed,
PMT_8784,BK_8784,US_4057,437.76,Debit Card,2025-03-27 08:22:04,completed,
PMT_8787,BK_8787,US_1578,410.42,Net Banking,2024-08-10 01:08:56,completed,
PMT_8788,BK_8788,US_3987,273.76,Debit Card,2025-05-22 20:23:27,completed,
PMT_8790,BK_8790,US_8317,1462.04,Debit Card,2025-07-17 17:39:48,completed,
PMT_8791,BK_8791,US_3016,1407.64,Credit Card,2025-11-30 06:12:01,completed,
PMT_8792,BK_8792,US_1111,499.76,UPI,2025-04-05 12:04:27,completed,
PMT_8793,BK_8793,US_4538,0.0,Net Banking,2024-06-12 14:31:42,failed,
PMT_8794,BK_8794,US_1704,444.44,Net Banking,2024-08-14 11:12:34,completed,
PMT_8796,BK_8796,US_1905,775.6200000000001,Net Banking,2024-01-05 15:54:27,completed,
PMT_8797,BK_8797,US_58,1421.6,Credit Card,2024-08-28 23:24:10,completed,
PMT_8798,BK_8798,US_2321,402.17,UPI,2025-02-28 05:16:44,completed,
PMT_8799,BK_8799,US_6821,1345.71,Wallet,2024-02-21 13:12:28,completed,
PMT_8800,BK_8800,US_5848,1408.77,Wallet,2024-07-05 06:58:59,completed,
PMT_8801,BK_8801,US_1093,0.0,Net Banking,2024-10-12 06:51:25,failed,
PMT_8802,BK_8802,US_1010,0.0,Debit Card,2025-04-17 06:13:30,failed,
PMT_8804,BK_8804,US_2094,0.0,Net Banking,2024-06-14 15:23:17,failed,
PMT_8805,BK_8805,US_3021,1404.84,Net Banking,2025-07-31 18:40:53,completed,
PMT_8806,BK_8806,US_929,312.31,Credit Card,2025-07-18 07:05:05,completed,
PMT_8807,BK_8807,US_715,473.04,Net Banking,2025-06-12 01:40:26,completed,
PMT_8808,BK_8808,US_5059,873.58,Wallet,2025-07-23 13:33:19,completed,
PMT_8809,BK_8809,US_8612,338.32,Wallet,2025-08-09 23:42:10,completed,
PMT_8810,BK_8810,US_9993,1360.68,Net Banking,2025-09-17 03:46:01,completed,
PMT_8811,BK_8811,US_1433,424.96,Net Banking,2024-01-25 12:21:53,completed,
PMT_8814,BK_8814,US_2928,1012.92,Net Banking,2024-08-07 14:41:15,completed,
PMT_8815,BK_8815,US_5827,0.0,Debit Card,2025-09-18 23:29:27,failed,
PMT_8819,BK_8819,US_7322,560.98,UPI,2024-09-01 05:00:53,completed,
PMT_8820,BK_8820,US_9924,501.75,Credit Card,2024-01-12 04:41:54,completed,
PMT_8821,BK_8821,US_9657,403.08,Net Banking,2025-08-24 10:55:21,completed,
PMT_8822,BK_8822,US_483,339.09,Credit Card,2024-11-13 01:48:30,completed,
PMT_8823,BK_8823,US_1952,0.0,Wallet,2024-01-27 01:54:49,failed,
PMT_8824,BK_8824,US_4464,338.74,Wallet,2025-09-09 02:00:20,completed,
PMT_8825,BK_8825,US_5538,501.75,Wallet,2024-08-04 11:07:47,completed,
PMT_8826,BK_8826,US_6617,910.06,UPI,2025-08-21 20:00:25,completed,
PMT_8827,BK_8827,US_8066,961.68,Wallet,2024-07-12 19:51:20,completed,
PMT_8828,BK_8828,US_7415,924.16,Credit Card,2025-01-26 15:55:52,completed,
PMT_8830,BK_8830,US_7229,748.56,Credit Card,2025-08-25 11:31:05,completed,
PMT_8831,BK_8831,US_4072,561.48,Net Banking,2024-01-10 22:33:19,completed,
PMT_8832,BK_8832,US_1632,181.74,Wallet,2025-02-09 14:28:54,completed,
PMT_8833,BK_8833,US_8502,385.76,UPI,2025-07-31 20:41:26,completed,
PMT_8834,BK_8834,US_4338,1370.52,Debit Card,2024-04-19 17:58:54,completed,
PMT_8836,BK_8836,US_6779,496.36,Debit Card,2025-05-17 14:34:41,completed,
PMT_8837,BK_8837,US_3193,944.3399999999999,Credit Card,2025-11-05 15:59:21,completed,
PMT_8838,BK_8838,US_65,1225.41,UPI,2025-07-10 08:49:27,completed,
PMT_8839,BK_8839,US_8037,0.0,Debit Card,2024-06-30 18:29:00,failed,
PMT_8841,BK_8841,US_6049,0.0,Credit Card,2025-10-01 22:20:42,failed,
PMT_8842,BK_8842,US_740,370.32,Credit Card,2025-09-18 09:11:49,completed,
PMT_8843,BK_8843,US_5324,854.2,UPI,2024-08-05 14:11:17,completed,
PMT_8845,BK_8845,US_1465,177.68,Credit Card,2025-09-05 15:53:17,completed,
PMT_8846,BK_8846,US_3216,209.26,Credit Card,2025-05-27 19:32:21,completed,
PMT_8847,BK_8847,US_5086,304.1,UPI,2025-02-26 16:00:58,completed,
PMT_8848,BK_8848,US_4302,0.0,Wallet,2024-03-02 16:20:10,refunded,
PMT_8849,BK_8849,US_5552,817.6500000000001,Net Banking,2025-09-17 08:23:58,completed,
PMT_8851,BK_8851,US_6773,410.04,UPI,2024-03-02 11:25:18,completed,
PMT_8852,BK_8852,US_5810,189.18,Credit Card,2025-01-03 05:44:26,completed,
PMT_8853,BK_8853,US_6624,249.27,Debit Card,2024-11-23 09:26:46,completed,
PMT_8854,BK_8854,US_8938,833.68,Wallet,2024-01-28 03:21:17,completed,
PMT_8855,BK_8855,US_1703,1284.12,UPI,2025-06-30 09:50:09,completed,
PMT_8856,BK_8856,US_8633,284.59,Debit Card,2025-11-09 06:24:13,completed,
PMT_8857,BK_8857,US_3695,249.6,Debit Card,2025-03-19 07:13:59,completed,
PMT_8858,BK_8858,US_647,1439.97,Debit Card,2024-09-02 19:46:14,completed,
PMT_8859,BK_8859,US_3699,735.51,Wallet,2024-01-17 20:09:53,completed,
PMT_8860,BK_8860,US_9186,175.11,Wallet,2024-12-25 22:33:24,completed,
PMT_8861,BK_8861,US_1380,421.3,Wallet,2024-01-07 00:16:55,completed,
PMT_8862,BK_8862,US_4958,875.58,Net Banking,2024-07-13 10:35:12,completed,
PMT_8863,BK_8863,US_2518,1095.72,Credit Card,2025-07-29 09:49:42,completed,
PMT_8864,BK_8864,US_1317,1327.65,Net Banking,2024-03-31 05:25:25,completed,
PMT_8865,BK_8865,US_7926,0.0,Debit Card,2024-11-21 08:51:05,refunded,
PMT_8866,BK_8866,US_8032,1657.4,UPI,2025-01-09 20:39:23,completed,
PMT_8867,BK_8867,US_1576,0.0,Debit Card,2025-09-21 20:36:22,failed,
PMT_8868,BK_8868,US_2001,467.01,Credit Card,2025-08-18 04:48:00,completed,
PMT_8869,BK_8869,US_2373,1875.96,Debit Card,2025-02-03 18:03:37,completed,
PMT_8870,BK_8870,US_3500,930.54,Net Banking,2025-02-27 04:47:36,completed,
PMT_8871,BK_8871,US_8274,495.46,Wallet,2025-04-18 14:46:22,completed,
PMT_8872,BK_8872,US_6417,498.12,Net Banking,2025-04-19 16:54:18,completed,
PMT_8873,BK_8873,US_9682,364.15,Debit Card,2024-01-11 18:48:16,completed,
PMT_8874,BK_8874,US_6460,696.44,Debit Card,2025-07-20 17:40:50,completed,
PMT_8875,BK_8875,US_7249,150.1,Debit Card,2024-12-18 06:50:52,completed,
PMT_8876,BK_8876,US_3185,608.4000000000001,UPI,2024-02-02 03:04:17,completed,
PMT_8877,BK_8877,US_47,1028.6,Debit Card,2025-02-23 14:37:38,completed,
PMT_8878,BK_8878,US_5590,1033.17,Credit Card,2024-03-21 03:33:10,completed,
PMT_8879,BK_8879,US_1184,453.56,UPI,2024-08-10 10:48:38,completed,
PMT_8881,BK_8881,US_9619,1599.2,UPI,2024-06-02 00:04:03,completed,
PMT_8882,BK_8882,US_3321,233.54,Debit Card,2025-04-24 05:22:57,completed,
PMT_8883,BK_8883,US_7563,438.79,Debit Card,2025-02-22 23:02:56,completed,
PMT_8884,BK_8884,US_6646,0.0,Credit Card,2024-09-05 05:28:43,failed,
PMT_8885,BK_8885,US_9687,483.12,Wallet,2024-06-13 05:13:27,completed,
PMT_8886,BK_8886,US_769,751.96,Debit Card,2024-01-04 14:41:57,completed,
PMT_8887,BK_8887,US_1650,487.07,Wallet,2025-07-08 09:59:06,completed,
PMT_8888,BK_8888,US_5418,792.12,Net Banking,2024-05-16 08:59:56,completed,
PMT_8889,BK_8889,US_7832,288.89,Net Banking,2025-05-22 03:49:08,completed,
PMT_8890,BK_8890,US_2259,782.98,UPI,2024-06-07 15:01:31,completed,
PMT_8891,BK_8891,US_4196,988.96,Wallet,2025-06-21 07:14:10,completed,
PMT_8892,BK_8892,US_2835,438.32,Debit Card,2025-01-30 11:51:36,completed,
PMT_8894,BK_8894,US_1234,741.0,Debit Card,2025-12-07 19:35:22,completed,
PMT_8895,BK_8895,US_8390,0.0,Debit Card,2025-08-16 02:52:12,refunded,
PMT_8896,BK_8896,US_4898,350.73,Credit Card,2024-02-06 13:02:06,completed,
PMT_8898,BK_8898,US_2070,943.98,UPI,2025-11-20 03:40:59,completed,
PMT_8899,BK_8899,US_5181,1301.72,Wallet,2024-10-04 01:59:49,completed,
PMT_8900,BK_8900,US_1139,0.0,Net Banking,2024-11-06 19:59:26,refunded,
PMT_8901,BK_8901,US_4822,1174.48,Net Banking,2024-05-17 07:19:04,completed,
PMT_8903,BK_8903,US_6203,0.0,Net Banking,2025-10-02 03:14:31,failed,
PMT_8905,BK_8905,US_6590,954.52,Net Banking,2024-03-21 10:23:11,completed,
PMT_8906,BK_8906,US_998,0.0,Debit Card,2025-06-02 21:50:14,failed,
PMT_8907,BK_8907,US_1806,0.0,Debit Card,2024-08-20 11:37:39,failed,
PMT_8908,BK_8908,US_1929,1804.12,Debit Card,2025-03-15 07:48:52,completed,
PMT_8909,BK_8909,US_2622,1650.16,UPI,2025-02-20 16:51:55,completed,
PMT_8910,BK_8910,US_3119,1736.92,Debit Card,2024-10-01 23:17:04,completed,
PMT_8911,BK_8911,US_7323,1894.24,Wallet,2025-02-17 04:44:01,completed,
PMT_8912,BK_8912,US_5634,326.4,Debit Card,2024-12-07 14:56:56,completed,
PMT_8915,BK_8915,US_3576,0.0,Credit Card,2025-10-13 22:53:15,refunded,
PMT_8917,BK_8917,US_1316,1491.1200000000001,Net Banking,2025-05-31 04:12:54,completed,
PMT_8918,BK_8918,US_4080,1699.44,Wallet,2024-09-06 12:20:40,completed,
PMT_8919,BK_8919,US_6011,672.72,Debit Card,2024-10-15 22:27:41,completed,
PMT_8920,BK_8920,US_909,1581.96,Credit Card,2024-01-28 23:41:20,completed,
PMT_8921,BK_8921,US_9018,646.98,Debit Card,2024-11-02 23:41:53,completed,
PMT_8922,BK_8922,US_4117,492.5,Net Banking,2024-03-15 16:25:56,completed,
PMT_8923,BK_8923,US_8045,304.89,Credit Card,2024-10-10 08:06:39,completed,
PMT_8925,BK_8925,US_1461,752.08,UPI,2024-10-08 08:22:24,completed,
PMT_8927,BK_8927,US_3086,834.88,Credit Card,2025-01-05 03:57:37,completed,
PMT_8929,BK_8929,US_5670,435.59,Net Banking,2024-09-27 18:31:04,completed,
PMT_8930,BK_8930,US_1538,613.84,Net Banking,2025-06-17 02:42:26,completed,
PMT_8931,BK_8931,US_7083,0.0,Credit Card,2025-11-17 02:27:17,refunded,
PMT_8933,BK_8933,US_2714,1731.88,Credit Card,2024-10-21 22:14:18,completed,
PMT_8935,BK_8935,US_2487,485.7,Wallet,2024-10-23 19:44:40,completed,
PMT_8936,BK_8936,US_5467,1000.6800000000001,Credit Card,2025-04-13 08:25:51,completed,
PMT_8937,BK_8937,US_3187,210.35,Net Banking,2025-10-24 09:32:40,completed,
PMT_8939,BK_8939,US_9125,1724.24,UPI,2025-03-29 19:16:52,completed,
PMT_8940,BK_8940,US_5841,943.56,Wallet,2025-10-02 19:29:06,completed,
PMT_8942,BK_8942,US_2713,410.29,UPI,2025-09-03 19:56:13,completed,
PMT_8944,BK_8944,US_4504,888.54,Debit Card,2024-07-04 07:00:32,completed,
PMT_8945,BK_8945,US_5831,388.93,Net Banking,2025-09-29 12:32:37,completed,
PMT_8946,BK_8946,US_9131,424.0,Wallet,2024-05-08 13:37:35,completed,
PMT_8947,BK_8947,US_3648,846.69,Net Banking,2025-09-21 00:12:07,completed,
PMT_8948,BK_8948,US_2635,1251.24,Credit Card,2024-08-27 15:36:22,completed,
PMT_8949,BK_8949,US_2610,443.69,UPI,2025-03-28 15:09:16,completed,
PMT_8951,BK_8951,US_6171,357.34,Credit Card,2024-08-22 15:21:35,completed,
PMT_8952,BK_8952,US_2111,848.68,Wallet,2024-12-06 09:48:13,completed,
PMT_8953,BK_8953,US_3059,1832.44,Net Banking,2025-09-16 22:54:41,completed,
PMT_8955,BK_8955,US_7998,704.8499999999999,Wallet,2025-09-03 23:18:14,completed,
PMT_8956,BK_8956,US_8457,212.8,Net Banking,2025-04-09 22:53:46,completed,
PMT_8957,BK_8957,US_5866,1419.24,Debit Card,2024-05-06 17:44:26,completed,
PMT_8958,BK_8958,US_9123,872.74,UPI,2025-01-16 14:02:58,completed,
PMT_8959,BK_8959,US_5018,912.28,UPI,2024-02-13 08:27:16,completed,
PMT_8960,BK_8960,US_2749,691.2,Wallet,2025-12-24 09:58:47,completed,
PMT_8961,BK_8961,US_3013,504.24,UPI,2025-04-08 06:22:40,completed,
PMT_8962,BK_8962,US_2785,1183.68,Credit Card,2025-09-18 19:33:16,completed,
PMT_8963,BK_8963,US_3677,417.62,Net Banking,2024-10-20 02:58:46,completed,
PMT_8964,BK_8964,US_8957,1335.4,UPI,2025-12-26 09:14:21,completed,
PMT_8965,BK_8965,US_3227,1844.6,Credit Card,2024-11-12 09:35:38,completed,
PMT_8966,BK_8966,US_3386,1884.88,UPI,2025-12-16 05:33:35,completed,
PMT_8967,BK_8967,US_3115,566.44,UPI,2024-05-05 03:45:01,completed,
PMT_8968,BK_8968,US_2280,0.0,Credit Card,2024-02-03 22:17:10,failed,
PMT_8969,BK_8969,US_5668,1126.77,UPI,2024-10-13 11:17:24,completed,
PMT_8970,BK_8970,US_3616,897.76,Credit Card,2025-05-24 04:27:35,completed,
PMT_8971,BK_8971,US_8214,290.29,Debit Card,2024-11-20 23:08:17,completed,
PMT_8972,BK_8972,US_5078,1400.52,Debit Card,2025-01-13 21:01:42,completed,
PMT_8973,BK_8973,US_1078,635.37,UPI,2024-09-27 02:22:30,completed,
PMT_8975,BK_8975,US_7929,1373.67,Credit Card,2024-07-11 10:24:42,completed,
PMT_8976,BK_8976,US_8410,1625.44,Credit Card,2025-10-03 16:20:06,completed,
PMT_8977,BK_8977,US_6070,1498.65,UPI,2024-07-14 07:00:36,completed,
PMT_8979,BK_8979,US_789,452.37,Wallet,2025-08-14 16:29:39,completed,
PMT_8980,BK_8980,US_6595,0.0,Net Banking,2025-01-12 20:34:55,failed,
PMT_8981,BK_8981,US_6356,1355.2,UPI,2024-12-14 17:11:14,completed,
PMT_8982,BK_8982,US_6606,600.86,Wallet,2025-04-01 10:11:04,completed,
PMT_8984,BK_8984,US_6367,374.72,Wallet,2025-06-01 11:48:20,completed,
PMT_8985,BK_8985,US_4311,485.47,UPI,2024-10-26 04:06:08,completed,
PMT_8986,BK_8986,US_1615,0.0,Wallet,2024-12-22 13:51:12,failed,
PMT_8987,BK_8987,US_1649,394.22,Wallet,2025-07-31 05:30:56,completed,
PMT_8988,BK_8988,US_5741,1070.72,Debit Card,2024-10-10 02:45:24,completed,
PMT_8989,BK_8989,US_8378,1480.1100000000001,Debit Card,2025-08-09 01:18:26,completed,
PMT_8991,BK_8991,US_7109,248.59,Net Banking,2025-07-17 12:48:13,completed,
PMT_8992,BK_8992,US_1025,1134.1200000000001,UPI,2025-04-07 05:24:31,completed,
PMT_8993,BK_8993,US_4635,980.67,Net Banking,2025-06-08 07:28:12,completed,
PMT_8995,BK_8995,US_2321,0.0,UPI,2024-07-13 17:17:07,failed,
PMT_8996,BK_8996,US_292,1797.88,Credit Card,2024-03-28 10:16:40,completed,
PMT_8997,BK_8997,US_804,995.52,Credit Card,2024-04-08 11:00:46,completed,
PMT_8998,BK_8998,US_9436,0.0,Credit Card,2024-06-18 05:47:08,failed,
PMT_8999,BK_8999,US_9467,1313.16,Net Banking,2024-01-18 23:26:17,completed,
PMT_9000,BK_9000,US_1541,1113.6,Credit Card,2024-01-06 14:51:52,completed,
PMT_9001,BK_9001,US_9270,464.88,Net Banking,2025-10-30 01:33:09,completed,
PMT_9002,BK_9002,US_2003,1535.64,Debit Card,2025-11-27 09:40:52,completed,
PMT_9003,BK_9003,US_4923,1998.88,Wallet,2024-10-16 09:45:32,completed,
PMT_9006,BK_9006,US_9693,573.76,Debit Card,2024-03-30 04:57:23,completed,
PMT_9007,BK_9007,US_6030,957.8399999999999,Credit Card,2024-09-10 12:05:58,completed,
PMT_9008,BK_9008,US_3305,202.59,Net Banking,2025-12-30 16:35:01,completed,
PMT_9009,BK_9009,US_698,1484.31,UPI,2024-05-20 17:46:48,completed,
PMT_9010,BK_9010,US_4579,181.62,Net Banking,2025-04-20 10:58:41,completed,
PMT_9011,BK_9011,US_448,1737.4,Debit Card,2024-04-10 22:38:05,completed,
PMT_9012,BK_9012,US_6602,466.87,Wallet,2025-11-16 10:50:53,completed,
PMT_9013,BK_9013,US_7020,366.57,Net Banking,2024-06-15 01:05:19,completed,
PMT_9014,BK_9014,US_8923,240.39,Credit Card,2024-10-18 17:37:32,completed,
PMT_9015,BK_9015,US_7281,0.0,UPI,2024-03-04 08:49:05,failed,
PMT_9016,BK_9016,US_9826,346.34,UPI,2025-07-19 10:36:15,completed,
PMT_9017,BK_9017,US_3912,1269.93,Debit Card,2024-11-08 10:12:16,completed,
PMT_9018,BK_9018,US_9125,237.89,Credit Card,2024-09-20 10:47:48,completed,
PMT_9019,BK_9019,US_8459,1329.99,Debit Card,2024-11-28 16:33:35,completed,
PMT_9020,BK_9020,US_44,1414.1999999999998,Credit Card,2025-12-14 20:07:44,completed,
PMT_9022,BK_9022,US_9020,608.86,Net Banking,2025-06-10 15:04:34,completed,
PMT_9023,BK_9023,US_48,0.0,UPI,2025-09-02 02:16:11,failed,
PMT_9024,BK_9024,US_589,799.68,Wallet,2025-01-04 10:53:54,completed,
PMT_9025,BK_9025,US_9549,1335.4,Wallet,2024-12-20 12:17:41,completed,
PMT_9026,BK_9026,US_7657,1376.48,Credit Card,2024-06-23 05:47:27,completed,
PMT_9027,BK_9027,US_3456,497.09999999999997,Credit Card,2024-08-15 02:17:34,completed,
PMT_9028,BK_9028,US_7276,1279.1399999999999,Debit Card,2025-05-28 14:30:11,completed,
PMT_9030,BK_9030,US_4514,598.24,Debit Card,2024-07-22 21:06:12,completed,
PMT_9031,BK_9031,US_7844,1156.71,Net Banking,2025-03-12 15:57:55,completed,
PMT_9032,BK_9032,US_950,230.05,Credit Card,2024-03-29 22:55:34,completed,
PMT_9033,BK_9033,US_1922,601.4,Debit Card,2025-12-14 06:43:02,completed,
PMT_9034,BK_9034,US_1131,465.91,Wallet,2025-12-04 13:15:42,completed,
PMT_9035,BK_9035,US_6737,477.28,Net Banking,2024-09-09 04:20:10,completed,
PMT_9036,BK_9036,US_9638,0.0,UPI,2024-01-08 11:36:19,failed,
PMT_9037,BK_9037,US_6803,272.52,Net Banking,2025-03-29 16:13:43,completed,
PMT_9038,BK_9038,US_106,1509.84,UPI,2024-02-12 17:18:39,completed,
PMT_9040,BK_9040,US_3753,657.78,UPI,2024-11-14 14:18:09,completed,
PMT_9041,BK_9041,US_5622,712.86,Wallet,2024-09-30 05:49:52,completed,
PMT_9043,BK_9043,US_7905,653.24,Credit Card,2025-11-02 17:38:07,completed,
PMT_9044,BK_9044,US_519,1931.56,Net Banking,2025-12-19 22:50:01,completed,
PMT_9045,BK_9045,US_2210,434.99,Credit Card,2024-03-17 14:23:33,completed,
PMT_9046,BK_9046,US_380,375.36,Debit Card,2025-11-27 05:47:01,completed,
PMT_9047,BK_9047,US_3452,304.54,UPI,2024-10-11 02:38:44,completed,
PMT_9048,BK_9048,US_2859,1843.92,Credit Card,2025-03-21 13:23:13,completed,
PMT_9049,BK_9049,US_2821,557.5,Wallet,2024-07-29 21:11:44,completed,
PMT_9050,BK_9050,US_2098,0.0,Credit Card,2025-02-15 01:51:27,refunded,
PMT_9051,BK_9051,US_4603,0.0,Credit Card,2024-04-02 00:01:16,refunded,
PMT_9052,BK_9052,US_9538,1872.0,UPI,2024-08-19 13:16:22,completed,
PMT_9053,BK_9053,US_3271,1461.96,Net Banking,2024-03-09 19:49:52,completed,
PMT_9054,BK_9054,US_4769,1743.28,UPI,2024-07-27 09:26:34,completed,
PMT_9055,BK_9055,US_2089,210.35,Net Banking,2025-10-16 04:13:01,completed,
PMT_9056,BK_9056,US_2404,1539.28,Debit Card,2025-01-15 14:58:06,completed,
PMT_9057,BK_9057,US_802,1314.8700000000001,Net Banking,2024-04-26 01:08:45,completed,
PMT_9058,BK_9058,US_3449,941.6999999999999,Credit Card,2024-08-26 22:36:04,completed,
PMT_9059,BK_9059,US_743,187.19,UPI,2025-09-20 04:02:29,completed,
PMT_9060,BK_9060,US_2504,1391.92,Net Banking,2024-10-21 15:19:38,completed,
PMT_9061,BK_9061,US_3541,708.58,UPI,2025-11-14 00:22:28,completed,
PMT_9062,BK_9062,US_4117,1665.16,Net Banking,2024-05-25 23:49:24,completed,
PMT_9063,BK_9063,US_5969,1887.52,Wallet,2025-10-01 04:14:06,completed,
PMT_9064,BK_9064,US_970,163.9,Debit Card,2025-01-15 20:08:03,completed,
PMT_9065,BK_9065,US_989,1886.84,Net Banking,2025-12-06 05:42:06,completed,
PMT_9067,BK_9067,US_5333,697.78,UPI,2024-10-26 19:44:00,completed,
PMT_9068,BK_9068,US_9866,878.64,Net Banking,2025-03-06 20:09:09,completed,
PMT_9069,BK_9069,US_2595,0.0,Net Banking,2024-02-27 16:26:13,failed,
PMT_9070,BK_9070,US_3867,554.91,Credit Card,2025-12-25 05:42:16,completed,
PMT_9071,BK_9071,US_449,475.82,Credit Card,2025-07-27 18:19:44,completed,
PMT_9072,BK_9072,US_5382,1359.04,UPI,2024-10-26 14:21:28,completed,
PMT_9073,BK_9073,US_6663,0.0,Debit Card,2025-03-10 13:34:54,failed,
PMT_9074,BK_9074,US_3541,1371.81,Debit Card,2025-07-29 05:41:22,completed,
PMT_9075,BK_9075,US_3083,1835.92,Wallet,2025-09-11 13:35:38,completed,
PMT_9077,BK_9077,US_2618,1298.48,Credit Card,2024-03-15 15:23:36,completed,
PMT_9078,BK_9078,US_5083,155.85,UPI,2025-03-01 05:44:51,completed,
PMT_9079,BK_9079,US_8948,448.42,UPI,2025-01-14 06:33:15,completed,
PMT_9081,BK_9081,US_10,0.0,Net Banking,2024-12-10 18:39:12,failed,
PMT_9082,BK_9082,US_1712,225.02,Wallet,2025-05-27 04:35:16,completed,
PMT_9085,BK_9085,US_1554,200.05,Debit Card,2025-10-23 20:59:22,completed,
PMT_9086,BK_9086,US_8780,0.0,Credit Card,2025-02-05 09:19:50,refunded,
PMT_9087,BK_9087,US_7466,161.26,UPI,2025-07-30 03:15:48,completed,
PMT_9088,BK_9088,US_5515,573.36,Credit Card,2025-11-13 05:37:07,completed,
PMT_9089,BK_9089,US_2570,1290.08,Debit Card,2025-11-08 18:54:14,completed,
PMT_9090,BK_9090,US_6584,623.78,UPI,2025-06-04 05:53:51,completed,
PMT_9091,BK_9091,US_8953,1187.96,Wallet,2024-08-22 03:00:48,completed,
PMT_9092,BK_9092,US_2362,533.4000000000001,Credit Card,2024-05-02 20:41:22,completed,
PMT_9093,BK_9093,US_4772,992.08,Net Banking,2025-12-07 15:48:54,completed,
PMT_9094,BK_9094,US_7885,452.94,Credit Card,2025-06-07 16:32:45,completed,
PMT_9095,BK_9095,US_6907,1934.64,Credit Card,2025-09-27 09:31:39,completed,
PMT_9096,BK_9096,US_5719,1489.1100000000001,Net Banking,2025-01-20 01:48:33,completed,
PMT_9097,BK_9097,US_7973,925.4100000000001,Debit Card,2025-02-04 20:52:34,completed,
PMT_9099,BK_9099,US_4643,635.68,Net Banking,2024-09-11 19:39:11,completed,
PMT_9100,BK_9100,US_8261,1985.04,Credit Card,2024-10-02 01:59:49,completed,
PMT_9102,BK_9102,US_5733,188.37,Net Banking,2025-08-22 16:15:42,completed,
PMT_9103,BK_9103,US_6588,710.91,Net Banking,2025-01-04 19:47:46,completed,
PMT_9104,BK_9104,US_8063,431.58,Net Banking,2024-11-07 19:49:53,completed,
PMT_9105,BK_9105,US_711,521.06,Debit Card,2024-08-14 23:56:48,completed,
PMT_9106,BK_9106,US_6158,871.5,Net Banking,2025-06-02 03:34:07,completed,
PMT_9107,BK_9107,US_2411,573.04,UPI,2025-06-27 09:42:48,completed,
PMT_9108,BK_9108,US_694,551.9399999999999,UPI,2025-08-19 13:02:41,completed,
PMT_9109,BK_9109,US_6645,979.68,Debit Card,2024-01-26 06:04:29,completed,
PMT_9110,BK_9110,US_1384,0.0,Debit Card,2025-02-27 16:20:31,failed,
PMT_9111,BK_9111,US_2387,811.48,Credit Card,2025-05-20 18:03:23,completed,
PMT_9113,BK_9113,US_6165,504.39,UPI,2024-10-25 02:11:01,completed,
PMT_9114,BK_9114,US_6846,1986.52,Net Banking,2025-06-11 05:35:09,completed,
PMT_9115,BK_9115,US_8717,1330.56,Wallet,2024-08-16 16:50:41,completed,
PMT_9116,BK_9116,US_930,1447.76,UPI,2025-07-25 06:47:54,completed,
PMT_9117,BK_9117,US_9663,247.86,Debit Card,2025-10-22 12:36:23,completed,
PMT_9118,BK_9118,US_5017,705.4,Debit Card,2025-06-15 02:13:15,completed,
PMT_9119,BK_9119,US_6347,702.86,Net Banking,2025-05-29 05:02:30,completed,
PMT_9120,BK_9120,US_8275,924.08,Credit Card,2024-01-20 05:46:03,completed,
PMT_9121,BK_9121,US_6156,350.57,Net Banking,2025-11-17 04:07:07,completed,
PMT_9122,BK_9122,US_9105,852.76,Credit Card,2024-09-10 03:51:52,completed,
PMT_9123,BK_9123,US_6121,200.65,Credit Card,2025-10-07 19:44:57,completed,
PMT_9124,BK_9124,US_7607,322.62,Debit Card,2025-09-05 20:10:48,completed,
PMT_9125,BK_9125,US_5623,256.5,Credit Card,2025-03-23 21:14:20,completed,
PMT_9126,BK_9126,US_4870,397.71,Net Banking,2025-07-14 02:29:55,completed,
PMT_9127,BK_9127,US_8697,0.0,Debit Card,2025-01-31 16:31:37,failed,
PMT_9128,BK_9128,US_523,461.26,UPI,2025-07-21 23:24:04,completed,
PMT_9130,BK_9130,US_2781,460.08,Wallet,2025-05-25 19:13:16,completed,
PMT_9131,BK_9131,US_8394,472.52,Debit Card,2024-09-10 13:40:17,completed,
PMT_9132,BK_9132,US_294,457.98,Debit Card,2024-12-31 00:08:02,completed,
PMT_9133,BK_9133,US_6979,1409.76,Credit Card,2025-11-20 03:21:48,completed,
PMT_9134,BK_9134,US_4307,193.46,Net Banking,2024-09-20 12:37:24,completed,
PMT_9135,BK_9135,US_1940,269.37,Net Banking,2024-04-17 18:35:18,completed,
PMT_9136,BK_9136,US_3281,927.44,Credit Card,2024-05-01 17:28:29,completed,
PMT_9137,BK_9137,US_4818,1166.6999999999998,UPI,2024-05-01 04:03:50,completed,
PMT_9138,BK_9138,US_6536,912.4,Credit Card,2024-06-06 05:27:54,completed,
PMT_9139,BK_9139,US_1778,1006.6500000000001,Credit Card,2025-08-06 23:49:25,completed,
PMT_9140,BK_9140,US_5245,1112.6100000000001,Net Banking,2025-09-26 04:06:47,completed,
PMT_9141,BK_9141,US_6431,307.82,UPI,2024-07-06 03:39:19,completed,
PMT_9143,BK_9143,US_4464,164.95,Debit Card,2025-03-30 18:16:25,completed,
PMT_9144,BK_9144,US_16,774.84,Debit Card,2024-01-14 17:12:58,completed,
PMT_9145,BK_9145,US_9469,1045.0,Debit Card,2024-02-02 09:29:26,completed,
PMT_9146,BK_9146,US_1830,1445.01,Wallet,2025-11-30 15:45:18,completed,
PMT_9147,BK_9147,US_9729,386.82,Debit Card,2025-08-14 18:13:27,completed,
PMT_9148,BK_9148,US_834,0.0,Net Banking,2025-04-22 20:26:46,failed,
PMT_9149,BK_9149,US_8411,1405.72,Credit Card,2025-09-30 04:09:03,completed,
PMT_9150,BK_9150,US_476,772.82,Credit Card,2024-06-15 19:34:54,completed,
PMT_9151,BK_9151,US_7270,0.0,Net Banking,2024-11-25 13:18:58,refunded,
PMT_9152,BK_9152,US_4041,354.53,Net Banking,2024-04-23 18:45:23,completed,
PMT_9153,BK_9153,US_8052,1369.68,Debit Card,2024-12-07 17:21:27,completed,
PMT_9154,BK_9154,US_395,1886.04,Debit Card,2024-08-12 14:50:29,completed,
PMT_9155,BK_9155,US_6291,301.07,Credit Card,2025-11-03 13:07:09,completed,
PMT_9156,BK_9156,US_8288,0.0,Debit Card,2025-11-14 23:31:19,failed,
PMT_9157,BK_9157,US_1673,719.72,Wallet,2024-06-08 01:08:13,completed,
PMT_9159,BK_9159,US_1345,384.91,Debit Card,2024-11-22 14:39:41,completed,
PMT_9161,BK_9161,US_4191,917.8499999999999,Credit Card,2024-10-28 17:35:14,completed,
PMT_9162,BK_9162,US_8290,793.0500000000001,UPI,2024-08-12 01:32:35,completed,
PMT_9163,BK_9163,US_1492,0.0,Debit Card,2025-08-05 17:53:50,refunded,
PMT_9165,BK_9165,US_4483,587.46,Debit Card,2025-04-06 03:37:36,completed,
PMT_9166,BK_9166,US_8887,0.0,Wallet,2024-07-22 09:54:26,refunded,
PMT_9167,BK_9167,US_4967,931.0500000000001,Wallet,2025-10-08 04:50:16,completed,
PMT_9168,BK_9168,US_2323,890.2,UPI,2025-08-04 11:09:45,completed,
PMT_9169,BK_9169,US_7586,838.6,Wallet,2024-11-28 17:10:21,completed,
PMT_9170,BK_9170,US_6446,702.62,Wallet,2025-06-11 17:28:35,completed,
PMT_9171,BK_9171,US_7613,281.72,Credit Card,2024-02-28 14:33:24,completed,
PMT_9172,BK_9172,US_7331,1300.8,Debit Card,2024-02-08 15:40:37,completed,
PMT_9173,BK_9173,US_5012,433.57,Debit Card,2025-04-05 08:17:34,completed,
PMT_9174,BK_9174,US_2760,0.0,Net Banking,2024-12-31 07:37:25,failed,
PMT_9175,BK_9175,US_3281,970.1999999999999,Credit Card,2024-02-29 14:40:35,completed,
PMT_9176,BK_9176,US_6908,0.0,Credit Card,2024-09-05 10:20:02,failed,
PMT_9177,BK_9177,US_3838,1943.36,Debit Card,2025-02-15 03:57:39,completed,
PMT_9178,BK_9178,US_1879,517.32,Debit Card,2025-11-21 20:44:16,completed,
PMT_9179,BK_9179,US_9102,721.04,Credit Card,2025-06-03 19:00:34,completed,
PMT_9180,BK_9180,US_2838,1066.1399999999999,Wallet,2024-04-15 10:12:40,completed,
PMT_9181,BK_9181,US_2856,1178.96,Net Banking,2025-04-02 21:09:59,completed,
PMT_9182,BK_9182,US_8873,909.42,UPI,2024-05-09 14:34:05,completed,
PMT_9183,BK_9183,US_5902,1144.53,Credit Card,2024-06-18 08:46:45,completed,
PMT_9184,BK_9184,US_8915,1027.29,Debit Card,2024-01-31 19:44:09,completed,
PMT_9185,BK_9185,US_8018,280.84,Net Banking,2025-05-24 02:26:20,completed,
PMT_9186,BK_9186,US_5883,177.5,UPI,2025-02-10 22:06:12,completed,
PMT_9187,BK_9187,US_1837,482.56,Net Banking,2024-06-28 03:23:02,completed,
PMT_9188,BK_9188,US_7167,176.82,Wallet,2025-07-17 09:58:32,completed,
PMT_9190,BK_9190,US_9502,625.56,Credit Card,2025-03-02 17:55:40,completed,
PMT_9191,BK_9191,US_8587,1678.08,Debit Card,2024-10-15 05:48:29,completed,
PMT_9192,BK_9192,US_392,537.1800000000001,Wallet,2025-07-16 18:52:15,completed,
PMT_9193,BK_9193,US_1296,747.26,Credit Card,2024-05-13 03:04:23,completed,
PMT_9194,BK_9194,US_3619,1136.56,Debit Card,2025-02-11 19:00:15,completed,
PMT_9195,BK_9195,US_2017,489.23,Net Banking,2024-11-05 07:27:48,completed,
PMT_9196,BK_9196,US_3063,1367.16,Net Banking,2024-07-25 01:38:59,completed,
PMT_9197,BK_9197,US_5545,451.08,Credit Card,2025-02-13 13:21:18,completed,
PMT_9198,BK_9198,US_8148,777.0,Wallet,2024-01-01 23:30:41,completed,
PMT_9200,BK_9200,US_4949,806.78,Wallet,2024-08-17 11:26:24,completed,
PMT_9201,BK_9201,US_3098,976.32,Debit Card,2024-12-10 09:48:31,completed,
PMT_9202,BK_9202,US_679,1270.5,Net Banking,2025-11-03 16:35:28,completed,
PMT_9204,BK_9204,US_3814,1406.12,Wallet,2025-01-27 12:16:39,completed,
PMT_9205,BK_9205,US_8244,1290.76,UPI,2024-08-27 06:17:40,completed,
PMT_9207,BK_9207,US_7613,311.62,UPI,2024-12-15 11:36:36,completed,
PMT_9209,BK_9209,US_7698,549.62,Net Banking,2025-08-23 15:47:42,completed,
PMT_9210,BK_9210,US_7708,194.72,Net Banking,2024-03-10 11:31:31,completed,
PMT_9211,BK_9211,US_5510,842.6,Wallet,2025-02-20 01:09:28,completed,
PMT_9212,BK_9212,US_708,1558.12,Debit Card,2025-09-24 09:24:11,completed,
PMT_9213,BK_9213,US_3965,610.48,Wallet,2024-04-04 10:44:13,completed,
PMT_9214,BK_9214,US_2140,1841.4,Debit Card,2025-12-11 13:07:51,completed,
PMT_9215,BK_9215,US_814,834.69,Debit Card,2024-03-05 09:06:07,completed,
PMT_9218,BK_9218,US_236,869.32,UPI,2024-12-31 08:40:14,completed,
PMT_9219,BK_9219,US_7645,379.0,UPI,2025-10-22 09:11:35,completed,
PMT_9220,BK_9220,US_9027,1883.84,UPI,2025-05-01 00:30:23,completed,
PMT_9221,BK_9221,US_1825,661.71,Wallet,2025-05-04 12:19:17,completed,
PMT_9222,BK_9222,US_4057,869.32,Wallet,2024-08-27 10:05:41,completed,
PMT_9223,BK_9223,US_3313,0.0,Debit Card,2024-12-05 03:45:25,failed,
PMT_9224,BK_9224,US_3963,1526.04,UPI,2025-09-24 10:20:59,completed,
PMT_9225,BK_9225,US_2049,956.3,UPI,2024-03-21 10:47:09,completed,
PMT_9226,BK_9226,US_9903,898.48,Wallet,2025-08-17 00:07:27,completed,
PMT_9227,BK_9227,US_7846,726.96,UPI,2025-10-28 04:18:58,completed,
PMT_9228,BK_9228,US_7310,157.11,UPI,2025-06-22 01:02:33,completed,
PMT_9229,BK_9229,US_9237,859.82,Credit Card,2025-08-06 10:13:53,completed,
PMT_9230,BK_9230,US_1345,1863.56,Credit Card,2025-01-16 19:25:49,completed,
PMT_9231,BK_9231,US_3585,1012.92,Credit Card,2025-03-08 04:03:57,completed,
PMT_9233,BK_9233,US_8632,1250.6399999999999,Net Banking,2025-01-02 01:15:21,completed,
PMT_9234,BK_9234,US_9709,919.23,Wallet,2025-03-28 03:57:47,completed,
PMT_9235,BK_9235,US_4888,952.8000000000001,UPI,2024-07-16 10:53:45,completed,
PMT_9237,BK_9237,US_8369,938.2,Credit Card,2025-08-31 14:56:31,completed,
PMT_9239,BK_9239,US_8845,0.0,Net Banking,2025-06-02 09:35:07,failed,
PMT_9240,BK_9240,US_99,0.0,Debit Card,2025-07-07 13:18:33,failed,
PMT_9241,BK_9241,US_1193,942.27,Debit Card,2025-04-23 15:41:57,completed,
PMT_9242,BK_9242,US_3351,917.34,UPI,2025-08-31 23:47:29,completed,
PMT_9243,BK_9243,US_2646,921.64,Debit Card,2024-05-10 21:38:39,completed,
PMT_9245,BK_9245,US_7635,0.0,UPI,2025-06-07 19:04:10,failed,
PMT_9246,BK_9246,US_3813,1115.34,Net Banking,2024-06-25 03:48:30,completed,
PMT_9247,BK_9247,US_3157,354.92,Credit Card,2024-10-16 08:12:08,completed,
PMT_9248,BK_9248,US_8283,264.92,UPI,2024-07-15 06:34:47,completed,
PMT_9249,BK_9249,US_7184,511.34,Debit Card,2024-01-15 04:07:47,completed,
PMT_9250,BK_9250,US_7877,411.95,Credit Card,2024-12-26 06:43:23,completed,
PMT_9251,BK_9251,US_5362,993.16,Wallet,2025-12-26 02:32:41,completed,
PMT_9252,BK_9252,US_5966,0.0,Credit Card,2025-12-21 12:58:55,refunded,
PMT_9253,BK_9253,US_7620,0.0,Net Banking,2024-01-20 10:23:08,failed,
PMT_9254,BK_9254,US_9016,1261.74,Net Banking,2024-05-04 14:12:39,completed,
PMT_9255,BK_9255,US_6834,457.42,Net Banking,2024-01-12 23:17:03,completed,
PMT_9256,BK_9256,US_4457,545.5,Wallet,2024-09-18 10:57:27,completed,
PMT_9257,BK_9257,US_8084,0.0,Credit Card,2025-08-17 14:40:54,failed,
PMT_9258,BK_9258,US_6363,1683.64,UPI,2024-08-14 04:58:15,completed,
PMT_9259,BK_9259,US_7485,1465.98,Wallet,2024-03-12 04:43:54,completed,
PMT_9260,BK_9260,US_8680,575.5,UPI,2024-01-08 20:55:00,completed,
PMT_9261,BK_9261,US_9265,1718.92,Wallet,2025-08-23 11:26:19,completed,
PMT_9262,BK_9262,US_4577,179.06,Net Banking,2025-07-18 02:16:31,completed,
PMT_9263,BK_9263,US_1352,762.27,Net Banking,2025-12-28 13:53:43,completed,
PMT_9266,BK_9266,US_7618,0.0,Credit Card,2024-03-30 07:50:11,failed,
PMT_9268,BK_9268,US_7708,919.12,Credit Card,2024-12-30 11:50:18,completed,
PMT_9269,BK_9269,US_9358,969.2,UPI,2024-07-16 04:00:19,completed,
PMT_9270,BK_9270,US_933,342.12,Debit Card,2024-05-26 06:08:00,completed,
PMT_9271,BK_9271,US_6296,759.6899999999999,Credit Card,2024-06-21 10:10:42,completed,
PMT_9272,BK_9272,US_9991,0.0,Wallet,2025-07-11 05:24:14,failed,
PMT_9273,BK_9273,US_6385,0.0,Net Banking,2024-12-14 17:35:57,refunded,
PMT_9274,BK_9274,US_2395,772.6,UPI,2025-06-04 14:24:21,completed,
PMT_9275,BK_9275,US_4400,832.08,UPI,2024-05-14 02:59:56,completed,
PMT_9276,BK_9276,US_4731,774.82,UPI,2024-06-01 21:51:07,completed,
PMT_9278,BK_9278,US_3105,682.5,Wallet,2025-01-21 02:02:34,completed,
PMT_9280,BK_9280,US_414,0.0,UPI,2025-03-09 02:33:38,refunded,
PMT_9281,BK_9281,US_6689,641.79,Net Banking,2024-07-15 21:31:04,completed,
PMT_9282,BK_9282,US_4338,0.0,Net Banking,2025-10-24 22:38:25,failed,
PMT_9283,BK_9283,US_8676,644.32,UPI,2025-11-28 14:48:34,completed,
PMT_9286,BK_9286,US_7025,1199.0,Wallet,2024-09-28 13:55:25,completed,
PMT_9287,BK_9287,US_1576,1457.3700000000001,Debit Card,2025-04-24 13:28:43,completed,
PMT_9288,BK_9288,US_9251,718.02,Wallet,2024-03-07 02:21:28,completed,
PMT_9289,BK_9289,US_8029,0.0,Net Banking,2025-09-09 10:24:50,failed,
PMT_9290,BK_9290,US_3028,707.55,Debit Card,2024-04-10 03:40:48,completed,
PMT_9291,BK_9291,US_2329,830.0999999999999,Wallet,2025-08-21 13:15:29,completed,
PMT_9292,BK_9292,US_2214,770.92,Wallet,2025-01-27 05:07:42,completed,
PMT_9293,BK_9293,US_3445,346.36,Credit Card,2025-05-11 16:29:18,completed,
PMT_9294,BK_9294,US_9708,402.52,Debit Card,2024-10-11 23:25:36,completed,
PMT_9295,BK_9295,US_25,822.32,Credit Card,2025-10-06 17:00:28,completed,
PMT_9296,BK_9296,US_9653,445.86,Debit Card,2024-07-23 21:28:12,completed,
PMT_9297,BK_9297,US_3002,986.28,Wallet,2025-07-15 05:36:41,completed,
PMT_9298,BK_9298,US_4843,0.0,Debit Card,2024-09-09 21:49:39,refunded,
PMT_9299,BK_9299,US_8256,1719.16,Credit Card,2025-07-06 01:40:05,completed,
PMT_9300,BK_9300,US_7832,520.89,Debit Card,2025-09-09 08:13:07,completed,
PMT_9301,BK_9301,US_7915,466.78,UPI,2024-03-28 18:27:06,completed,
PMT_9302,BK_9302,US_5373,612.82,Credit Card,2025-10-12 19:18:16,completed,
PMT_9303,BK_9303,US_735,0.0,Credit Card,2024-09-14 02:36:11,failed,
PMT_9304,BK_9304,US_3067,520.68,Credit Card,2025-12-24 23:54:34,completed,
PMT_9305,BK_9305,US_1367,188.51,Debit Card,2024-07-05 01:15:16,completed,
PMT_9306,BK_9306,US_8666,611.9,Credit Card,2024-01-05 05:04:35,completed,
PMT_9307,BK_9307,US_2529,298.02,Credit Card,2025-11-04 17:43:25,completed,
PMT_9308,BK_9308,US_7359,509.66,Net Banking,2025-11-20 07:07:47,completed,
PMT_9309,BK_9309,US_5925,913.68,UPI,2025-05-28 05:23:54,completed,
PMT_9310,BK_9310,US_4036,546.12,Net Banking,2025-03-13 13:26:13,completed,
PMT_9311,BK_9311,US_7657,0.0,Wallet,2025-04-16 21:34:18,failed,
PMT_9313,BK_9313,US_6983,222.55,Debit Card,2025-06-21 20:21:34,completed,
PMT_9314,BK_9314,US_3950,239.28,UPI,2024-05-10 00:03:32,completed,
PMT_9315,BK_9315,US_3646,1365.4,UPI,2024-08-04 20:05:00,completed,
PMT_9316,BK_9316,US_865,0.0,UPI,2024-07-19 11:40:02,failed,
PMT_9317,BK_9317,US_3054,479.61,Debit Card,2025-04-11 18:35:06,completed,
PMT_9318,BK_9318,US_8620,336.25,UPI,2024-01-08 00:48:12,completed,
PMT_9319,BK_9319,US_6959,971.0999999999999,Debit Card,2025-07-26 23:30:51,completed,
PMT_9320,BK_9320,US_7418,1386.54,Net Banking,2025-11-24 11:54:17,completed,
PMT_9321,BK_9321,US_9694,0.0,Net Banking,2025-03-09 23:59:14,refunded,
PMT_9323,BK_9323,US_8743,460.06,Net Banking,2024-08-27 11:58:16,completed,
PMT_9324,BK_9324,US_8332,452.26,Net Banking,2024-11-02 02:41:08,completed,
PMT_9325,BK_9325,US_6146,436.46,Debit Card,2025-09-12 09:36:03,completed,
PMT_9327,BK_9327,US_4859,0.0,Wallet,2025-10-23 17:41:12,failed,
PMT_9328,BK_9328,US_1646,927.36,UPI,2025-06-16 10:30:11,completed,
PMT_9329,BK_9329,US_3146,562.02,Credit Card,2025-04-24 19:50:03,completed,
PMT_9330,BK_9330,US_2118,188.87,Net Banking,2025-11-20 02:10:10,completed,
PMT_9331,BK_9331,US_9404,422.77,Credit Card,2024-10-26 17:16:38,completed,
PMT_9332,BK_9332,US_634,482.19,Net Banking,2025-06-11 18:28:03,completed,
PMT_9334,BK_9334,US_8,0.0,Debit Card,2024-07-05 09:36:31,refunded,
PMT_9337,BK_9337,US_2531,378.69,Credit Card,2024-12-03 11:52:11,completed,
PMT_9338,BK_9338,US_3820,338.17,Debit Card,2025-09-15 14:56:56,completed,
PMT_9340,BK_9340,US_6613,986.4,Wallet,2024-10-26 14:19:28,completed,
PMT_9342,BK_9342,US_9566,176.82,Credit Card,2024-10-14 05:52:19,completed,
PMT_9343,BK_9343,US_6525,735.92,UPI,2025-01-17 23:23:33,completed,
PMT_9344,BK_9344,US_3845,0.0,Debit Card,2025-03-14 08:18:34,failed,
PMT_9345,BK_9345,US_608,1310.19,Wallet,2024-10-18 06:21:34,completed,
PMT_9346,BK_9346,US_2911,767.98,Credit Card,2024-12-26 20:40:12,completed,
PMT_9347,BK_9347,US_4328,426.38,Credit Card,2025-05-14 17:22:32,completed,
PMT_9348,BK_9348,US_7579,875.84,UPI,2025-01-11 14:14:27,completed,
PMT_9349,BK_9349,US_8224,727.84,Net Banking,2024-12-28 07:27:54,completed,
PMT_9350,BK_9350,US_4341,0.0,Net Banking,2024-12-02 23:25:52,failed,
PMT_9351,BK_9351,US_1822,475.56,Debit Card,2024-06-08 05:59:13,completed,
PMT_9352,BK_9352,US_4254,780.22,Net Banking,2025-08-10 08:22:49,completed,
PMT_9353,BK_9353,US_2573,328.57,Debit Card,2024-05-28 10:30:15,completed,
PMT_9354,BK_9354,US_4853,0.0,UPI,2025-08-05 07:33:59,failed,
PMT_9357,BK_9357,US_9326,1240.68,Net Banking,2025-07-02 22:05:43,completed,
PMT_9358,BK_9358,US_9596,0.0,Debit Card,2025-10-15 16:56:29,failed,
PMT_9359,BK_9359,US_7230,789.99,Credit Card,2025-11-09 15:00:58,completed,
PMT_9360,BK_9360,US_1381,0.0,Wallet,2025-07-21 09:27:25,refunded,
PMT_9362,BK_9362,US_3995,767.44,Net Banking,2025-07-24 11:16:26,completed,
PMT_9363,BK_9363,US_2219,689.28,UPI,2025-08-07 13:19:26,completed,
PMT_9364,BK_9364,US_313,0.0,Wallet,2025-11-12 10:04:43,failed,
PMT_9365,BK_9365,US_7142,387.94,UPI,2024-12-02 00:29:17,completed,
PMT_9367,BK_9367,US_1917,160.74,UPI,2025-07-02 04:44:54,completed,
PMT_9368,BK_9368,US_2506,0.0,Net Banking,2024-08-20 20:49:14,failed,
PMT_9369,BK_9369,US_5837,175.71,Wallet,2024-06-15 18:30:16,completed,
PMT_9370,BK_9370,US_253,489.06,Net Banking,2025-09-22 09:29:32,completed,
PMT_9371,BK_9371,US_3272,279.37,Credit Card,2024-06-13 19:46:10,completed,
PMT_9373,BK_9373,US_4674,1036.3799999999999,Net Banking,2024-12-26 15:04:46,completed,
PMT_9374,BK_9374,US_6347,234.59,Debit Card,2025-05-21 23:30:02,completed,
PMT_9375,BK_9375,US_5635,492.63,Credit Card,2025-12-28 03:52:52,completed,
PMT_9376,BK_9376,US_196,787.66,Wallet,2024-12-27 15:21:24,completed,
PMT_9378,BK_9378,US_1363,451.7,Credit Card,2024-04-19 21:43:48,completed,
PMT_9379,BK_9379,US_5485,537.51,Debit Card,2025-05-14 10:30:13,completed,
PMT_9381,BK_9381,US_9341,413.1,Net Banking,2024-11-21 12:48:47,completed,
PMT_9382,BK_9382,US_33,191.95,Net Banking,2025-02-13 20:29:05,completed,
PMT_9383,BK_9383,US_8972,1320.4,Debit Card,2025-03-13 13:00:50,completed,
PMT_9384,BK_9384,US_7996,166.49,Wallet,2025-02-11 07:29:49,completed,
PMT_9385,BK_9385,US_1870,491.76,Wallet,2025-12-04 05:19:33,completed,
PMT_9386,BK_9386,US_4177,1002.1500000000001,Net Banking,2025-09-04 14:06:54,completed,
PMT_9387,BK_9387,US_6059,448.48,Credit Card,2025-08-11 11:41:20,completed,
PMT_9388,BK_9388,US_9914,277.8,Wallet,2024-05-29 23:57:02,completed,
PMT_9389,BK_9389,US_8257,1882.16,Credit Card,2024-08-26 00:10:45,completed,
PMT_9390,BK_9390,US_5715,376.68,Net Banking,2025-09-05 07:39:46,completed,
PMT_9391,BK_9391,US_6110,854.67,UPI,2025-01-18 20:54:32,completed,
PMT_9392,BK_9392,US_5979,583.59,Wallet,2024-04-22 04:45:39,completed,
PMT_9393,BK_9393,US_983,1104.03,Credit Card,2025-01-01 00:57:31,completed,
PMT_9394,BK_9394,US_2966,513.0,Net Banking,2024-07-31 13:20:14,completed,
PMT_9395,BK_9395,US_3014,0.0,Credit Card,2024-03-04 03:01:14,refunded,
PMT_9396,BK_9396,US_2575,751.88,Wallet,2024-12-09 11:15:18,completed,
PMT_9397,BK_9397,US_4550,0.0,Credit Card,2024-10-22 12:06:21,failed,
PMT_9398,BK_9398,US_4860,1220.1299999999999,Debit Card,2025-01-22 10:15:33,completed,
PMT_9399,BK_9399,US_9895,304.61,Net Banking,2024-03-29 15:16:19,completed,
PMT_9400,BK_9400,US_8687,937.88,Credit Card,2025-01-18 10:02:19,completed,
PMT_9401,BK_9401,US_186,466.95,UPI,2025-05-10 14:22:46,completed,
PMT_9404,BK_9404,US_8479,659.76,Net Banking,2024-12-29 22:41:26,completed,
PMT_9405,BK_9405,US_1423,1311.1200000000001,Debit Card,2025-06-02 13:24:49,completed,
PMT_9406,BK_9406,US_1379,1082.1,Net Banking,2025-02-22 05:27:30,completed,
PMT_9408,BK_9408,US_9172,1292.04,Net Banking,2024-08-24 13:54:24,completed,
PMT_9409,BK_9409,US_8678,842.14,UPI,2024-12-21 23:49:50,completed,
PMT_9410,BK_9410,US_3266,1713.56,UPI,2025-04-25 23:52:56,completed,
PMT_9412,BK_9412,US_7976,0.0,Debit Card,2025-08-18 16:19:06,refunded,
PMT_9413,BK_9413,US_4868,373.8,Debit Card,2024-08-03 19:34:51,completed,
PMT_9414,BK_9414,US_2738,480.86,UPI,2024-02-04 00:31:52,completed,
PMT_9415,BK_9415,US_1977,435.2,Net Banking,2024-11-17 18:57:50,completed,
PMT_9416,BK_9416,US_5426,800.8499999999999,Wallet,2024-05-27 00:00:38,completed,
PMT_9417,BK_9417,US_1852,0.0,Credit Card,2024-10-15 23:50:36,failed,
PMT_9418,BK_9418,US_4300,816.39,Wallet,2024-01-24 21:06:29,completed,
PMT_9419,BK_9419,US_3404,277.55,Debit Card,2024-11-19 12:10:17,completed,
PMT_9420,BK_9420,US_4028,300.2,Debit Card,2024-09-17 09:09:57,completed,
PMT_9421,BK_9421,US_6090,0.0,Net Banking,2024-08-13 07:06:00,failed,
PMT_9424,BK_9424,US_2738,649.38,Debit Card,2024-01-01 09:09:36,completed,
PMT_9426,BK_9426,US_5644,346.48,Debit Card,2025-11-29 20:33:06,completed,
PMT_9427,BK_9427,US_9375,215.17,UPI,2025-06-09 23:48:55,completed,
PMT_9428,BK_9428,US_1172,0.0,Net Banking,2025-10-16 09:16:56,failed,
PMT_9430,BK_9430,US_552,571.11,Debit Card,2024-09-05 06:33:15,completed,
PMT_9432,BK_9432,US_1772,0.0,UPI,2024-06-10 10:46:53,failed,
PMT_9433,BK_9433,US_3845,0.0,Debit Card,2024-09-28 11:28:30,refunded,
PMT_9434,BK_9434,US_5050,228.93,Net Banking,2024-03-10 03:37:59,completed,
PMT_9435,BK_9435,US_51,409.04,Net Banking,2025-11-06 15:02:24,completed,
PMT_9436,BK_9436,US_7247,1234.44,Wallet,2024-01-17 17:58:47,completed,
PMT_9437,BK_9437,US_7698,226.55,Net Banking,2024-12-23 02:04:21,completed,
PMT_9438,BK_9438,US_3932,987.6,UPI,2025-07-03 10:36:14,completed,
PMT_9439,BK_9439,US_1156,519.96,Wallet,2024-04-20 01:00:40,completed,
PMT_9440,BK_9440,US_3274,661.66,UPI,2024-12-14 01:49:26,completed,
PMT_9441,BK_9441,US_6620,1187.96,UPI,2025-01-04 00:33:16,completed,
PMT_9442,BK_9442,US_2918,0.0,Wallet,2025-10-08 03:46:01,failed,
PMT_9443,BK_9443,US_3664,0.0,Wallet,2024-07-02 06:15:19,failed,
PMT_9444,BK_9444,US_6977,945.92,Debit Card,2024-02-19 09:31:53,completed,
PMT_9445,BK_9445,US_6431,1321.1399999999999,Wallet,2024-01-15 13:06:10,completed,
PMT_9446,BK_9446,US_8505,751.44,Wallet,2024-07-25 08:35:09,completed,
PMT_9448,BK_9448,US_2657,281.77,Credit Card,2024-08-08 09:37:14,completed,
PMT_9449,BK_9449,US_7588,1419.1200000000001,Debit Card,2025-03-29 23:17:02,completed,
PMT_9451,BK_9451,US_9640,749.72,UPI,2024-02-01 15:29:19,completed,
PMT_9453,BK_9453,US_2542,240.74,Net Banking,2024-06-02 15:25:33,completed,
PMT_9454,BK_9454,US_7079,361.17,Net Banking,2025-01-20 02:03:04,completed,
PMT_9455,BK_9455,US_2194,1114.16,Wallet,2024-07-25 11:35:31,completed,
PMT_9456,BK_9456,US_5699,1268.01,Net Banking,2025-11-20 07:40:21,completed,
PMT_9457,BK_9457,US_5778,1968.8,UPI,2025-07-14 12:35:19,completed,
PMT_9458,BK_9458,US_1349,479.4,Credit Card,2025-08-04 17:54:15,completed,
PMT_9459,BK_9459,US_1050,1402.24,Net Banking,2025-04-02 17:52:18,completed,
PMT_9460,BK_9460,US_5762,1391.2,Net Banking,2025-03-25 08:56:16,completed,
PMT_9461,BK_9461,US_560,216.21,UPI,2024-09-28 04:54:29,completed,
PMT_9462,BK_9462,US_6325,625.16,Net Banking,2025-11-22 08:54:16,completed,
PMT_9463,BK_9463,US_702,341.95,Credit Card,2024-11-27 12:25:34,completed,
PMT_9464,BK_9464,US_8918,333.69,UPI,2025-09-01 18:25:47,completed,
PMT_9465,BK_9465,US_4144,1361.76,Debit Card,2024-01-13 14:06:35,completed,
PMT_9466,BK_9466,US_1495,465.91,Wallet,2025-11-01 11:47:17,completed,
PMT_9467,BK_9467,US_3281,428.54,Wallet,2025-02-21 18:56:41,completed,
PMT_9468,BK_9468,US_579,874.26,UPI,2024-12-31 15:37:37,completed,
PMT_9469,BK_9469,US_2355,1267.56,Debit Card,2025-02-13 17:07:59,completed,
PMT_9470,BK_9470,US_9127,0.0,Debit Card,2024-01-29 18:58:06,failed,
PMT_9471,BK_9471,US_3277,151.19,Net Banking,2024-08-11 20:41:37,completed,
PMT_9472,BK_9472,US_6624,1230.1200000000001,Credit Card,2025-01-05 00:33:57,completed,
PMT_9473,BK_9473,US_2129,915.72,Debit Card,2024-09-14 03:59:35,completed,
PMT_9474,BK_9474,US_6692,368.89,Debit Card,2025-09-09 01:18:12,completed,
PMT_9475,BK_9475,US_2143,359.73,Debit Card,2024-04-27 18:48:37,completed,
PMT_9476,BK_9476,US_8855,807.2,Net Banking,2025-08-06 04:24:08,completed,
PMT_9477,BK_9477,US_8584,1455.36,Debit Card,2025-07-14 04:08:09,completed,
PMT_9478,BK_9478,US_323,343.99,Debit Card,2025-05-09 21:41:45,completed,
PMT_9479,BK_9479,US_415,322.58,Wallet,2025-10-28 18:36:20,completed,
PMT_9481,BK_9481,US_4452,1133.04,Credit Card,2025-11-19 17:52:27,completed,
PMT_9482,BK_9482,US_8962,367.94,Debit Card,2025-09-02 01:57:02,completed,
PMT_9483,BK_9483,US_5285,628.32,UPI,2025-04-22 22:48:51,completed,
PMT_9484,BK_9484,US_3512,0.0,Net Banking,2024-12-07 21:28:07,failed,
PMT_9485,BK_9485,US_4435,0.0,Wallet,2025-07-09 16:56:47,failed,
PMT_9486,BK_9486,US_7039,1730.72,Net Banking,2025-02-24 13:51:24,completed,
PMT_9487,BK_9487,US_3202,715.18,UPI,2024-03-11 05:24:19,completed,
PMT_9488,BK_9488,US_1066,1306.6,Credit Card,2025-12-15 18:27:15,completed,
PMT_9489,BK_9489,US_4396,696.2,Credit Card,2024-12-19 01:46:40,completed,
PMT_9491,BK_9491,US_574,455.32,Credit Card,2024-03-03 01:45:54,completed,
PMT_9493,BK_9493,US_6651,417.76,Wallet,2024-06-25 18:24:47,completed,
PMT_9494,BK_9494,US_194,971.82,UPI,2025-10-17 15:13:24,completed,
PMT_9497,BK_9497,US_2623,515.96,Debit Card,2025-07-20 07:11:55,completed,
PMT_9499,BK_9499,US_8711,307.2,UPI,2024-10-02 14:43:52,completed,
PMT_9500,BK_9500,US_3463,480.88,Wallet,2025-12-20 18:35:41,completed,
PMT_9501,BK_9501,US_3284,975.84,Credit Card,2024-08-08 09:57:09,completed,
PMT_9502,BK_9502,US_8975,197.65,UPI,2025-01-23 02:27:28,completed,
PMT_9503,BK_9503,US_7470,989.22,Credit Card,2024-04-21 01:12:32,completed,
PMT_9504,BK_9504,US_5449,1073.01,Debit Card,2024-05-22 08:08:01,completed,
PMT_9507,BK_9507,US_4091,1860.6,Debit Card,2025-05-12 14:10:45,completed,
PMT_9508,BK_9508,US_8660,0.0,Net Banking,2025-01-04 05:16:32,failed,
PMT_9509,BK_9509,US_1531,1537.88,UPI,2024-09-01 00:24:52,completed,
PMT_9510,BK_9510,US_8183,399.47,UPI,2024-01-20 12:51:15,completed,
PMT_9511,BK_9511,US_2379,0.0,Credit Card,2024-02-16 05:22:56,failed,
PMT_9513,BK_9513,US_8030,648.34,Wallet,2025-04-13 01:20:50,completed,
PMT_9514,BK_9514,US_4231,735.8100000000001,UPI,2024-10-17 03:25:06,completed,
PMT_9515,BK_9515,US_4253,758.1,Debit Card,2025-03-10 09:57:51,completed,
PMT_9516,BK_9516,US_798,0.0,Debit Card,2024-12-28 10:14:53,failed,
PMT_9517,BK_9517,US_5228,407.67,Credit Card,2025-08-15 20:31:43,completed,
PMT_9520,BK_9520,US_2703,824.32,UPI,2024-12-31 09:41:40,completed,
PMT_9521,BK_9521,US_194,325.24,Net Banking,2025-07-12 10:34:56,completed,
PMT_9522,BK_9522,US_1803,311.21,Net Banking,2024-02-04 03:40:18,completed,
PMT_9523,BK_9523,US_9593,1529.28,Credit Card,2025-05-06 05:40:35,completed,
PMT_9524,BK_9524,US_3044,374.44,Debit Card,2024-02-10 07:56:26,completed,
PMT_9525,BK_9525,US_946,704.6,Net Banking,2024-09-05 14:48:28,completed,
PMT_9527,BK_9527,US_6211,389.0,Debit Card,2025-08-20 20:49:20,completed,
PMT_9528,BK_9528,US_2464,1861.08,Credit Card,2025-10-29 23:37:26,completed,
PMT_9529,BK_9529,US_8368,0.0,Wallet,2025-04-27 13:39:40,refunded,
PMT_9530,BK_9530,US_4573,459.02,Net Banking,2024-11-12 03:16:53,completed,
PMT_9531,BK_9531,US_4084,849.96,Credit Card,2025-08-23 00:26:07,completed,
PMT_9532,BK_9532,US_7157,349.45,Debit Card,2024-02-16 21:50:03,completed,
PMT_9533,BK_9533,US_8089,0.0,Net Banking,2025-06-12 11:16:56,failed,
PMT_9534,BK_9534,US_6000,1192.53,Debit Card,2025-07-22 02:20:50,completed,
PMT_9535,BK_9535,US_3009,718.12,Credit Card,2025-05-11 20:57:51,completed,
PMT_9536,BK_9536,US_2637,538.89,Debit Card,2025-07-05 01:24:10,completed,
PMT_9537,BK_9537,US_6322,0.0,Net Banking,2025-09-08 06:55:01,refunded,
PMT_9538,BK_9538,US_1292,1425.03,Debit Card,2025-02-21 23:31:25,completed,
PMT_9540,BK_9540,US_5055,488.06,Net Banking,2024-08-03 06:09:16,completed,
PMT_9541,BK_9541,US_7922,0.0,Credit Card,2025-03-02 18:43:13,failed,
PMT_9542,BK_9542,US_3898,441.5,Wallet,2025-06-05 01:27:22,completed,
PMT_9543,BK_9543,US_7195,919.32,Debit Card,2024-07-21 20:15:48,completed,
PMT_9544,BK_9544,US_2968,768.16,Debit Card,2025-05-14 19:55:08,completed,
PMT_9545,BK_9545,US_9333,1011.56,Credit Card,2024-12-14 02:06:01,completed,
PMT_9547,BK_9547,US_239,1204.83,Debit Card,2024-11-14 12:58:52,completed,
PMT_9548,BK_9548,US_2675,1287.24,Debit Card,2024-03-12 23:56:05,completed,
PMT_9549,BK_9549,US_3300,600.62,Debit Card,2025-03-15 07:14:22,completed,
PMT_9550,BK_9550,US_3656,348.8,Debit Card,2025-05-10 04:34:19,completed,
PMT_9552,BK_9552,US_1616,240.27,Wallet,2024-07-24 12:39:57,completed,
PMT_9553,BK_9553,US_5736,1054.24,Debit Card,2025-12-14 03:55:26,completed,
PMT_9554,BK_9554,US_8779,461.57,Credit Card,2024-03-24 17:15:04,completed,
PMT_9555,BK_9555,US_3862,1898.64,Net Banking,2024-12-20 11:35:31,completed,
PMT_9556,BK_9556,US_7577,0.0,Wallet,2024-03-09 19:55:57,failed,
PMT_9557,BK_9557,US_2340,1253.58,UPI,2024-05-27 22:00:56,completed,
PMT_9558,BK_9558,US_4675,1364.94,Credit Card,2025-04-22 15:52:53,completed,
PMT_9559,BK_9559,US_2401,1030.88,Debit Card,2025-01-20 10:21:49,completed,
PMT_9560,BK_9560,US_6427,399.86,Net Banking,2024-02-23 05:08:58,completed,
PMT_9561,BK_9561,US_4748,0.0,Credit Card,2025-03-12 21:58:20,refunded,
PMT_9562,BK_9562,US_1574,928.52,UPI,2024-10-23 23:58:09,completed,
PMT_9563,BK_9563,US_7043,329.28,Wallet,2024-10-04 03:41:21,completed,
PMT_9564,BK_9564,US_9350,1314.93,Wallet,2024-07-03 10:40:57,completed,
PMT_9565,BK_9565,US_7654,392.77,Debit Card,2024-05-01 05:32:45,completed,
PMT_9568,BK_9568,US_6176,509.64,Debit Card,2024-02-15 05:37:55,completed,
PMT_9569,BK_9569,US_1409,0.0,UPI,2024-03-25 02:10:45,refunded,
PMT_9570,BK_9570,US_789,822.96,UPI,2025-05-27 09:08:42,completed,
PMT_9571,BK_9571,US_6548,0.0,Credit Card,2024-02-01 05:57:35,failed,
PMT_9572,BK_9572,US_8119,1151.28,Debit Card,2024-02-26 06:35:48,completed,
PMT_9573,BK_9573,US_2147,621.6899999999999,UPI,2025-09-21 06:21:55,completed,
PMT_9574,BK_9574,US_2585,0.0,UPI,2025-08-13 23:24:58,refunded,
PMT_9575,BK_9575,US_9130,340.38,Debit Card,2025-07-26 10:25:19,completed,
PMT_9576,BK_9576,US_5664,0.0,UPI,2024-05-13 07:42:46,failed,
PMT_9577,BK_9577,US_1976,975.42,Debit Card,2024-09-19 20:49:13,completed,
PMT_9578,BK_9578,US_7609,775.56,Debit Card,2024-11-04 21:56:33,completed,
PMT_9579,BK_9579,US_3744,532.2,UPI,2025-11-19 20:11:19,completed,
PMT_9580,BK_9580,US_2107,0.0,UPI,2024-02-11 00:07:46,failed,
PMT_9581,BK_9581,US_4999,1688.96,UPI,2025-08-12 17:32:21,completed,
PMT_9582,BK_9582,US_9026,709.96,Debit Card,2024-12-13 22:05:56,completed,
PMT_9583,BK_9583,US_2297,600.63,Wallet,2025-09-17 11:54:53,completed,
PMT_9584,BK_9584,US_4902,1041.33,UPI,2024-03-06 18:19:10,completed,
PMT_9585,BK_9585,US_5607,0.0,Wallet,2025-06-09 14:16:12,failed,
PMT_9586,BK_9586,US_2887,486.68,Credit Card,2025-06-20 21:01:24,completed,
PMT_9589,BK_9589,US_1575,1580.92,UPI,2025-03-27 16:16:08,completed,
PMT_9590,BK_9590,US_855,594.44,UPI,2024-03-29 20:57:30,completed,
PMT_9591,BK_9591,US_6336,399.78,Net Banking,2025-01-08 13:51:37,completed,
PMT_9593,BK_9593,US_214,1714.68,Credit Card,2025-07-14 07:09:06,completed,
PMT_9594,BK_9594,US_3897,1569.64,Wallet,2024-01-12 00:36:58,completed,
PMT_9595,BK_9595,US_3374,1501.72,Wallet,2025-02-17 04:32:10,completed,
PMT_9596,BK_9596,US_8683,491.2,Debit Card,2024-05-16 23:31:19,completed,
PMT_9597,BK_9597,US_7814,1716.04,Debit Card,2024-04-04 03:46:07,completed,
PMT_9598,BK_9598,US_4083,1420.29,Credit Card,2025-12-27 08:31:07,completed,
PMT_9599,BK_9599,US_5120,1402.77,Credit Card,2025-07-31 08:25:27,completed,
PMT_9600,BK_9600,US_4705,260.32,Net Banking,2025-11-14 13:12:38,completed,
PMT_9601,BK_9601,US_2969,663.32,Debit Card,2024-04-25 16:40:00,completed,
PMT_9602,BK_9602,US_7529,863.42,Credit Card,2024-11-16 14:47:45,completed,
PMT_9603,BK_9603,US_6422,178.7,Net Banking,2024-01-20 14:29:40,completed,
PMT_9604,BK_9604,US_6628,169.17,UPI,2024-12-31 06:55:01,completed,
PMT_9606,BK_9606,US_1213,334.99,UPI,2025-03-22 03:20:29,completed,
PMT_9607,BK_9607,US_8309,733.42,Wallet,2024-08-19 05:14:02,completed,
PMT_9608,BK_9608,US_3579,454.97,Credit Card,2024-12-29 01:29:00,completed,
PMT_9611,BK_9611,US_2605,702.39,Wallet,2024-06-27 08:07:53,completed,
PMT_9614,BK_9614,US_8803,0.0,Debit Card,2024-04-21 14:48:38,failed,
PMT_9615,BK_9615,US_2035,470.05,Wallet,2024-08-10 00:18:52,completed,
PMT_9616,BK_9616,US_9491,358.36,Debit Card,2025-08-19 22:45:48,completed,
PMT_9618,BK_9618,US_6587,550.62,Credit Card,2024-02-29 12:29:16,completed,
PMT_9619,BK_9619,US_8631,355.15,Debit Card,2025-09-12 14:33:02,completed,
PMT_9620,BK_9620,US_3437,1392.66,Debit Card,2025-01-21 20:00:20,completed,
PMT_9621,BK_9621,US_7983,0.0,Net Banking,2025-11-11 17:38:22,failed,
PMT_9622,BK_9622,US_6171,0.0,UPI,2024-10-20 20:18:51,failed,
PMT_9623,BK_9623,US_7957,1559.12,UPI,2025-01-01 23:43:16,completed,
PMT_9624,BK_9624,US_8016,974.3399999999999,Wallet,2025-01-14 05:12:32,completed,
PMT_9625,BK_9625,US_4218,0.0,UPI,2025-06-05 23:08:01,failed,
PMT_9626,BK_9626,US_5268,496.29,Debit Card,2025-02-12 19:46:53,completed,
PMT_9628,BK_9628,US_2979,1683.56,UPI,2024-12-11 09:55:32,completed,
PMT_9629,BK_9629,US_7061,1383.6299999999999,Net Banking,2025-08-28 12:02:56,completed,
PMT_9630,BK_9630,US_4498,357.07,UPI,2025-03-15 01:28:28,completed,
PMT_9631,BK_9631,US_8865,164.72,Debit Card,2025-10-31 01:40:15,completed,
PMT_9633,BK_9633,US_4557,299.18,UPI,2025-10-06 05:03:43,completed,
PMT_9635,BK_9635,US_6039,0.0,Credit Card,2024-10-27 12:10:08,failed,
PMT_9636,BK_9636,US_6869,0.0,UPI,2025-07-31 09:58:33,refunded,
PMT_9637,BK_9637,US_6387,0.0,Wallet,2024-01-08 15:48:13,failed,
PMT_9638,BK_9638,US_9895,0.0,Wallet,2025-09-22 06:08:47,failed,
PMT_9639,BK_9639,US_248,1187.3700000000001,UPI,2024-02-07 05:35:49,completed,
PMT_9640,BK_9640,US_5178,491.88,Debit Card,2025-04-17 17:03:38,completed,
PMT_9641,BK_9641,US_3518,342.17,Net Banking,2025-03-13 14:20:04,completed,
PMT_9642,BK_9642,US_6559,931.04,UPI,2025-03-24 18:59:29,completed,
PMT_9643,BK_9643,US_3738,991.29,Debit Card,2025-04-10 17:10:39,completed,
PMT_9644,BK_9644,US_1038,1802.76,Debit Card,2024-01-07 04:19:42,completed,
PMT_9645,BK_9645,US_6223,846.69,Wallet,2024-05-16 15:45:20,completed,
PMT_9646,BK_9646,US_2234,1357.41,Debit Card,2025-07-03 21:52:40,completed,
PMT_9647,BK_9647,US_9045,1577.2,Debit Card,2025-03-10 19:34:33,completed,
PMT_9648,BK_9648,US_1923,1138.4,Debit Card,2024-08-03 19:54:57,completed,
PMT_9649,BK_9649,US_6697,232.55,Net Banking,2024-02-29 05:19:07,completed,
PMT_9650,BK_9650,US_1440,1364.94,Net Banking,2024-10-03 03:39:35,completed,
PMT_9651,BK_9651,US_5535,0.0,Wallet,2024-04-13 02:09:01,failed,
PMT_9654,BK_9654,US_6678,1648.2,Debit Card,2024-11-01 18:06:08,completed,
PMT_9655,BK_9655,US_5833,367.39,Wallet,2025-03-22 11:16:52,completed,
PMT_9656,BK_9656,US_9709,543.64,Wallet,2024-09-10 07:03:24,completed,
PMT_9657,BK_9657,US_5118,1052.2,Net Banking,2025-06-05 08:02:03,completed,
PMT_9658,BK_9658,US_560,531.36,Net Banking,2025-02-01 00:51:19,completed,
PMT_9659,BK_9659,US_7800,1250.68,Credit Card,2024-08-06 07:06:58,completed,
PMT_9660,BK_9660,US_1911,438.5,Net Banking,2024-08-25 09:10:56,completed,
PMT_9661,BK_9661,US_3207,197.51,UPI,2025-06-22 12:13:32,completed,
PMT_9662,BK_9662,US_660,763.06,Credit Card,2024-12-11 03:56:48,completed,
PMT_9663,BK_9663,US_6279,1283.67,Debit Card,2024-07-28 06:13:16,completed,
PMT_9664,BK_9664,US_2581,1865.28,UPI,2025-01-26 01:58:29,completed,
PMT_9665,BK_9665,US_3606,883.0,Debit Card,2024-06-02 16:50:08,completed,
PMT_9666,BK_9666,US_8521,404.12,Credit Card,2024-09-01 02:30:02,completed,
PMT_9668,BK_9668,US_165,0.0,Credit Card,2025-01-20 06:12:18,failed,
PMT_9669,BK_9669,US_7629,488.59,Debit Card,2025-08-06 13:38:30,completed,
PMT_9670,BK_9670,US_9924,1093.53,Wallet,2025-07-20 00:45:28,completed,
PMT_9671,BK_9671,US_9552,1110.3000000000002,Wallet,2025-12-07 00:51:34,completed,
PMT_9672,BK_9672,US_9897,1560.52,Credit Card,2024-05-25 22:52:28,completed,
PMT_9673,BK_9673,US_8179,1115.44,Debit Card,2024-03-10 00:04:20,completed,
PMT_9674,BK_9674,US_2705,502.96,Debit Card,2024-01-18 08:24:38,completed,
PMT_9675,BK_9675,US_353,392.7,Credit Card,2024-01-22 17:10:32,completed,
PMT_9676,BK_9676,US_6142,595.22,Credit Card,2025-01-05 10:13:31,completed,
PMT_9677,BK_9677,US_4655,0.0,Net Banking,2024-08-13 00:09:51,refunded,
PMT_9678,BK_9678,US_5471,1578.08,Net Banking,2024-07-07 10:42:52,completed,
PMT_9679,BK_9679,US_195,1422.96,Debit Card,2024-06-30 23:46:41,completed,
PMT_9682,BK_9682,US_5854,366.08,Net Banking,2024-02-19 09:00:22,completed,
PMT_9683,BK_9683,US_3213,596.04,Debit Card,2024-12-29 13:28:54,completed,
PMT_9684,BK_9684,US_4293,1236.2,Wallet,2025-11-13 03:59:38,completed,
PMT_9685,BK_9685,US_1967,1252.32,Credit Card,2024-07-31 03:58:56,completed,
PMT_9686,BK_9686,US_3722,1684.56,Credit Card,2024-08-29 05:01:35,completed,
PMT_9688,BK_9688,US_6100,463.85,Credit Card,2025-05-26 23:44:04,completed,
PMT_9689,BK_9689,US_8063,346.99,Credit Card,2025-11-17 12:46:51,completed,
PMT_9691,BK_9691,US_2228,1145.4,Wallet,2024-07-12 15:07:54,completed,
PMT_9692,BK_9692,US_4501,801.88,UPI,2024-06-18 03:02:32,completed,
PMT_9693,BK_9693,US_8479,1357.4,UPI,2025-07-12 18:19:32,completed,
PMT_9694,BK_9694,US_4902,646.68,Net Banking,2025-06-20 02:25:09,completed,
PMT_9696,BK_9696,US_2407,1613.32,Credit Card,2025-01-01 19:51:13,completed,
PMT_9697,BK_9697,US_554,629.56,Net Banking,2025-02-02 17:11:25,completed,
PMT_9698,BK_9698,US_155,956.68,Credit Card,2024-06-10 04:07:29,completed,
PMT_9699,BK_9699,US_1379,0.0,Credit Card,2025-07-24 01:59:51,failed,
PMT_9700,BK_9700,US_4344,649.16,Wallet,2024-02-11 03:35:00,completed,
PMT_9702,BK_9702,US_6577,808.24,Wallet,2025-05-21 09:14:49,completed,
PMT_9703,BK_9703,US_3819,454.18,Credit Card,2024-06-30 01:56:29,completed,
PMT_9704,BK_9704,US_109,1196.31,Debit Card,2025-10-08 18:18:36,completed,
PMT_9705,BK_9705,US_7345,0.0,Wallet,2025-10-25 23:41:23,refunded,
PMT_9706,BK_9706,US_3749,721.84,Wallet,2025-11-15 15:20:39,completed,
PMT_9707,BK_9707,US_7030,661.06,Wallet,2024-01-22 07:39:27,completed,
PMT_9708,BK_9708,US_8714,1129.71,Debit Card,2024-09-19 08:19:46,completed,
PMT_9709,BK_9709,US_6669,0.0,Net Banking,2025-05-28 06:01:00,failed,
PMT_9710,BK_9710,US_825,428.84,Credit Card,2024-07-27 04:59:10,completed,
PMT_9711,BK_9711,US_8835,0.0,Credit Card,2025-11-23 07:31:50,failed,
PMT_9712,BK_9712,US_2971,862.38,UPI,2024-03-07 13:59:12,completed,
PMT_9713,BK_9713,US_6316,681.14,Debit Card,2025-06-05 09:40:35,completed,
PMT_9714,BK_9714,US_2241,1478.92,Debit Card,2025-12-27 04:08:49,completed,
PMT_9715,BK_9715,US_8878,0.0,UPI,2025-09-25 06:56:18,failed,
PMT_9716,BK_9716,US_2249,162.22,UPI,2025-12-13 05:46:15,completed,
PMT_9717,BK_9717,US_8568,1895.12,UPI,2025-10-28 09:25:47,completed,
PMT_9718,BK_9718,US_8245,451.20000000000005,UPI,2025-10-01 21:42:41,completed,
PMT_9719,BK_9719,US_2351,1234.74,Wallet,2025-08-27 20:32:12,completed,
PMT_9720,BK_9720,US_7512,488.64,Credit Card,2025-07-15 09:46:29,completed,
PMT_9722,BK_9722,US_485,0.0,Net Banking,2024-11-28 21:26:52,failed,
PMT_9723,BK_9723,US_3808,346.78,Credit Card,2024-06-20 01:18:08,completed,
PMT_9724,BK_9724,US_173,487.92,Wallet,2025-06-12 18:02:33,completed,
PMT_9725,BK_9725,US_179,0.0,Net Banking,2024-01-10 07:44:49,failed,
PMT_9726,BK_9726,US_5122,1011.0899999999999,Net Banking,2024-09-24 11:29:22,completed,
PMT_9727,BK_9727,US_3120,1255.71,Net Banking,2024-06-08 04:49:18,completed,
PMT_9728,BK_9728,US_2929,0.0,UPI,2024-05-11 20:07:19,failed,
PMT_9730,BK_9730,US_3294,636.06,UPI,2025-03-21 08:36:28,completed,
PMT_9731,BK_9731,US_4133,492.57,UPI,2024-01-09 04:11:55,completed,
PMT_9733,BK_9733,US_9539,0.0,UPI,2025-07-04 14:27:20,failed,
PMT_9734,BK_9734,US_2664,832.44,Credit Card,2024-06-24 07:12:39,completed,
PMT_9736,BK_9736,US_9313,1100.34,Wallet,2024-12-25 02:40:41,completed,
PMT_9737,BK_9737,US_126,263.59,UPI,2024-11-05 00:36:21,completed,
PMT_9738,BK_9738,US_5375,461.61,Wallet,2024-08-24 02:20:18,completed,
PMT_9739,BK_9739,US_8859,313.22,Net Banking,2025-09-24 08:49:14,completed,
PMT_9740,BK_9740,US_9650,1307.1299999999999,Debit Card,2024-10-06 00:01:46,completed,
PMT_9741,BK_9741,US_2108,1042.98,Wallet,2024-05-20 07:32:23,completed,
PMT_9742,BK_9742,US_9197,267.68,UPI,2024-12-10 07:57:57,completed,
PMT_9743,BK_9743,US_789,920.8799999999999,Wallet,2025-12-10 11:47:50,completed,
PMT_9744,BK_9744,US_1295,1070.25,Credit Card,2024-04-30 05:49:46,completed,
PMT_9745,BK_9745,US_3313,647.84,Wallet,2024-12-26 10:52:54,completed,
PMT_9746,BK_9746,US_8795,1658.24,Wallet,2024-11-12 15:37:54,completed,
PMT_9747,BK_9747,US_9233,1622.88,Wallet,2025-09-29 02:46:41,completed,
PMT_9748,BK_9748,US_4532,701.34,Credit Card,2025-11-19 23:12:59,completed,
PMT_9749,BK_9749,US_367,1955.6,Credit Card,2025-04-29 22:29:24,completed,
PMT_9751,BK_9751,US_1096,1773.56,Wallet,2025-09-17 12:50:39,completed,
PMT_9753,BK_9753,US_7271,969.88,Wallet,2025-11-03 20:56:48,completed,
PMT_9754,BK_9754,US_5133,1905.88,Credit Card,2024-08-21 00:23:17,completed,
PMT_9755,BK_9755,US_283,1089.72,Net Banking,2025-05-18 20:53:48,completed,
PMT_9756,BK_9756,US_6616,844.23,Net Banking,2025-05-02 06:32:05,completed,
PMT_9757,BK_9757,US_2277,0.0,UPI,2024-08-05 10:42:13,failed,
PMT_9758,BK_9758,US_2225,406.84,Wallet,2025-11-14 17:29:29,completed,
PMT_9760,BK_9760,US_4728,1648.56,Debit Card,2024-07-05 17:21:30,completed,
PMT_9763,BK_9763,US_4385,629.7,Wallet,2024-02-02 20:08:18,completed,
PMT_9764,BK_9764,US_3222,803.34,UPI,2024-03-06 10:05:02,completed,
PMT_9765,BK_9765,US_7870,1404.36,Wallet,2024-08-17 04:00:29,completed,
PMT_9766,BK_9766,US_5039,490.0,Credit Card,2024-12-25 06:44:02,completed,
PMT_9767,BK_9767,US_4682,1387.56,Debit Card,2024-03-21 02:55:32,completed,
PMT_9768,BK_9768,US_2791,1082.5500000000002,Net Banking,2024-11-18 19:42:25,completed,
PMT_9769,BK_9769,US_6028,333.52,Wallet,2024-11-03 15:37:22,completed,
PMT_9770,BK_9770,US_167,727.4,Credit Card,2025-10-12 15:26:11,completed,
PMT_9771,BK_9771,US_2361,1174.1100000000001,Debit Card,2024-09-03 01:28:33,completed,
PMT_9772,BK_9772,US_344,649.16,Wallet,2024-08-12 10:06:29,completed,
PMT_9773,BK_9773,US_4060,1909.76,Net Banking,2024-04-08 10:53:30,completed,
PMT_9774,BK_9774,US_6902,424.6,Net Banking,2025-04-10 04:23:40,completed,
PMT_9775,BK_9775,US_5277,0.0,UPI,2025-07-06 21:44:14,refunded,
PMT_9776,BK_9776,US_8525,0.0,Net Banking,2024-04-30 10:38:49,refunded,
PMT_9778,BK_9778,US_3651,933.08,Wallet,2025-11-05 11:48:26,completed,
PMT_9779,BK_9779,US_1803,677.4,Wallet,2025-03-05 02:48:52,completed,
PMT_9780,BK_9780,US_6549,682.02,Wallet,2025-09-04 22:33:09,completed,
PMT_9781,BK_9781,US_7768,477.12,Credit Card,2025-03-28 06:25:06,completed,
PMT_9783,BK_9783,US_8971,0.0,Debit Card,2024-01-21 13:36:58,failed,
PMT_9784,BK_9784,US_4018,1378.47,Debit Card,2024-05-03 03:06:39,completed,
PMT_9785,BK_9785,US_2084,1382.85,Debit Card,2025-10-14 21:25:15,completed,
PMT_9786,BK_9786,US_2907,355.78,Debit Card,2025-01-23 13:47:31,completed,
PMT_9787,BK_9787,US_8524,0.0,UPI,2025-02-04 16:54:28,failed,
PMT_9788,BK_9788,US_3126,1127.0,UPI,2025-09-08 00:53:54,completed,
PMT_9789,BK_9789,US_2692,968.62,Debit Card,2025-08-12 16:41:21,completed,
PMT_9790,BK_9790,US_6724,925.16,Credit Card,2025-01-11 08:50:15,completed,
PMT_9791,BK_9791,US_405,484.14,UPI,2025-01-09 02:31:39,completed,
PMT_9792,BK_9792,US_3955,1475.56,Net Banking,2024-09-21 09:48:34,completed,
PMT_9794,BK_9794,US_1354,1123.8,Debit Card,2025-04-21 09:35:33,completed,
PMT_9795,BK_9795,US_7632,1423.12,UPI,2025-01-13 03:59:19,completed,
PMT_9796,BK_9796,US_5137,643.96,Net Banking,2024-03-27 04:28:18,completed,
PMT_9797,BK_9797,US_2835,0.0,Wallet,2024-12-25 15:51:01,failed,
PMT_9798,BK_9798,US_5581,966.3000000000001,Wallet,2024-02-15 11:55:28,completed,
PMT_9799,BK_9799,US_1347,0.0,Debit Card,2024-03-03 08:39:55,failed,
PMT_9801,BK_9801,US_7299,0.0,Credit Card,2025-06-06 06:59:20,refunded,
PMT_9802,BK_9802,US_4135,900.2,Credit Card,2024-06-30 07:03:37,completed,
PMT_9804,BK_9804,US_5522,1368.48,Wallet,2025-04-17 11:28:53,completed,
PMT_9805,BK_9805,US_344,651.54,Credit Card,2024-04-28 19:07:39,completed,
PMT_9806,BK_9806,US_4477,492.15,Debit Card,2025-02-24 00:32:00,completed,
PMT_9808,BK_9808,US_2664,0.0,Wallet,2024-12-13 05:10:13,failed,
PMT_9809,BK_9809,US_6305,209.32,UPI,2024-09-21 00:06:53,completed,
PMT_9811,BK_9811,US_7838,463.38,Net Banking,2025-01-24 01:45:23,completed,
PMT_9812,BK_9812,US_281,478.59,Debit Card,2024-05-14 05:23:47,completed,
PMT_9813,BK_9813,US_8136,388.98,Debit Card,2025-08-24 07:53:33,completed,
PMT_9814,BK_9814,US_7258,1369.0500000000002,Wallet,2025-12-09 08:56:40,completed,
PMT_9815,BK_9815,US_9787,918.5,Credit Card,2024-05-16 01:08:23,completed,
PMT_9817,BK_9817,US_1885,1569.84,Credit Card,2025-12-03 09:19:11,completed,
PMT_9818,BK_9818,US_6667,0.0,UPI,2025-04-16 01:30:44,failed,
PMT_9820,BK_9820,US_9837,0.0,Credit Card,2025-07-31 21:35:12,refunded,
PMT_9821,BK_9821,US_1439,1513.88,Net Banking,2025-04-21 06:18:03,completed,
PMT_9822,BK_9822,US_156,0.0,Credit Card,2024-09-22 07:42:32,refunded,
PMT_9823,BK_9823,US_1508,977.76,Wallet,2025-10-03 17:34:24,completed,
PMT_9824,BK_9824,US_3245,0.0,UPI,2024-03-28 20:11:09,failed,
PMT_9825,BK_9825,US_9025,904.6200000000001,Debit Card,2025-09-19 18:51:23,completed,
PMT_9826,BK_9826,US_3896,1104.28,Credit Card,2025-07-26 12:30:18,completed,
PMT_9827,BK_9827,US_669,897.1200000000001,UPI,2024-03-04 06:55:54,completed,
PMT_9828,BK_9828,US_3224,0.0,Credit Card,2024-03-16 01:29:06,refunded,
PMT_9829,BK_9829,US_4621,373.75,Wallet,2024-12-23 18:12:08,completed,
PMT_9831,BK_9831,US_2415,0.0,UPI,2024-07-28 22:00:15,failed,
PMT_9832,BK_9832,US_900,1188.6,UPI,2024-12-24 14:12:07,completed,
PMT_9833,BK_9833,US_1608,0.0,UPI,2024-10-14 16:24:54,failed,
PMT_9834,BK_9834,US_6306,495.53,Wallet,2025-11-04 22:47:15,completed,
PMT_9835,BK_9835,US_2941,960.4,UPI,2024-06-29 17:27:11,completed,
PMT_9836,BK_9836,US_6038,0.0,UPI,2024-11-06 13:08:00,refunded,
PMT_9837,BK_9837,US_7620,1379.2,Debit Card,2024-06-29 06:13:52,completed,
PMT_9838,BK_9838,US_5802,489.34,Credit Card,2025-03-26 17:24:39,completed,
PMT_9839,BK_9839,US_8263,724.88,Wallet,2025-02-10 07:03:28,completed,
PMT_9842,BK_9842,US_1440,1104.42,Debit Card,2024-03-23 15:20:42,completed,
PMT_9844,BK_9844,US_3662,1245.8700000000001,Debit Card,2024-09-14 16:52:41,completed,
PMT_9845,BK_9845,US_4829,930.9000000000001,Credit Card,2024-05-30 19:18:33,completed,
PMT_9846,BK_9846,US_7792,437.46,Net Banking,2024-09-23 20:09:31,completed,
PMT_9847,BK_9847,US_4521,0.0,Wallet,2024-06-19 13:41:19,failed,
PMT_9849,BK_9849,US_9326,825.84,Credit Card,2024-03-05 23:27:33,completed,
PMT_9850,BK_9850,US_2502,219.61,Debit Card,2024-12-06 07:32:41,completed,
PMT_9851,BK_9851,US_5903,0.0,Credit Card,2024-07-22 12:14:06,refunded,
PMT_9852,BK_9852,US_9112,306.35,Credit Card,2024-01-25 12:11:47,completed,
PMT_9853,BK_9853,US_7761,252.81,Wallet,2025-05-01 17:35:53,completed,
PMT_9854,BK_9854,US_4004,0.0,Debit Card,2024-03-03 14:04:37,failed,
PMT_9855,BK_9855,US_2627,710.64,Credit Card,2025-01-24 08:07:08,completed,
PMT_9856,BK_9856,US_489,196.38,Net Banking,2024-03-04 18:31:38,completed,
PMT_9857,BK_9857,US_5144,0.0,UPI,2025-03-12 00:28:05,failed,
PMT_9858,BK_9858,US_6511,1110.81,Credit Card,2024-03-14 13:53:08,completed,
PMT_9859,BK_9859,US_872,970.16,Credit Card,2024-01-21 02:48:19,completed,
PMT_9860,BK_9860,US_5224,660.39,UPI,2024-10-13 20:16:41,completed,
PMT_9861,BK_9861,US_6870,895.56,UPI,2025-07-15 20:27:30,completed,
PMT_9862,BK_9862,US_7400,616.95,Wallet,2024-11-17 01:01:32,completed,
PMT_9863,BK_9863,US_3,376.2,UPI,2024-04-25 19:12:13,completed,
PMT_9864,BK_9864,US_2474,1386.0,UPI,2024-04-17 05:44:49,completed,
PMT_9865,BK_9865,US_3628,767.8,UPI,2025-11-02 03:56:45,completed,
PMT_9866,BK_9866,US_842,1461.76,Net Banking,2025-02-23 01:00:35,completed,
PMT_9867,BK_9867,US_7267,613.34,Wallet,2025-11-10 21:27:29,completed,
PMT_9868,BK_9868,US_3343,1565.88,Credit Card,2025-03-16 02:40:18,completed,
PMT_9869,BK_9869,US_7474,1312.56,Net Banking,2024-09-22 01:04:13,completed,
PMT_9870,BK_9870,US_7396,1496.07,UPI,2024-02-18 21:57:29,completed,
PMT_9871,BK_9871,US_625,891.6600000000001,Net Banking,2025-07-11 13:32:55,completed,
PMT_9872,BK_9872,US_6655,1291.8,Net Banking,2025-11-02 18:13:33,completed,
PMT_9873,BK_9873,US_8128,435.64,Net Banking,2024-07-23 14:24:46,completed,
PMT_9874,BK_9874,US_6134,346.9,Debit Card,2024-09-29 20:53:30,completed,
PMT_9875,BK_9875,US_9219,581.96,UPI,2024-11-04 14:05:05,completed,
PMT_9876,BK_9876,US_3943,1062.04,UPI,2024-05-22 19:32:57,completed,
PMT_9877,BK_9877,US_782,267.7,Debit Card,2024-12-21 16:29:30,completed,
PMT_9878,BK_9878,US_1094,223.81,Debit Card,2024-06-26 17:55:34,completed,
PMT_9880,BK_9880,US_2450,380.28,Debit Card,2024-12-25 19:51:16,completed,
PMT_9881,BK_9881,US_7564,433.64,Wallet,2024-04-07 01:31:41,completed,
PMT_9882,BK_9882,US_1656,1049.4,Debit Card,2024-02-08 19:11:49,completed,
PMT_9883,BK_9883,US_6145,487.14,Credit Card,2024-10-30 02:01:01,completed,
PMT_9884,BK_9884,US_903,1266.66,UPI,2025-04-21 16:26:49,completed,
PMT_9885,BK_9885,US_4383,398.5,Debit Card,2025-03-15 02:37:43,completed,
PMT_9887,BK_9887,US_9700,160.65,Net Banking,2025-02-16 18:32:54,completed,
PMT_9889,BK_9889,US_3047,833.64,Debit Card,2024-01-20 17:25:25,completed,
PMT_9890,BK_9890,US_6535,623.49,Debit Card,2024-02-15 20:14:31,completed,
PMT_9891,BK_9891,US_2865,237.49,Net Banking,2025-06-22 21:53:51,completed,
PMT_9892,BK_9892,US_2798,1448.4,UPI,2025-02-01 10:56:50,completed,
PMT_9893,BK_9893,US_3061,618.62,Credit Card,2025-06-30 23:19:18,completed,
PMT_9894,BK_9894,US_4896,1261.83,Debit Card,2024-12-20 02:00:53,completed,
PMT_9895,BK_9895,US_5201,735.9300000000001,Credit Card,2024-04-14 11:44:06,completed,
PMT_9897,BK_9897,US_7911,0.0,Net Banking,2025-02-21 22:16:05,refunded,
PMT_9898,BK_9898,US_9710,1213.28,Net Banking,2024-04-26 20:55:03,completed,
PMT_9899,BK_9899,US_8309,334.06,UPI,2024-05-22 20:43:45,completed,
PMT_9900,BK_9900,US_8080,914.22,Debit Card,2024-01-21 12:53:00,completed,
PMT_9901,BK_9901,US_3885,820.53,Wallet,2025-01-22 09:31:45,completed,
PMT_9902,BK_9902,US_5398,440.94,Credit Card,2025-03-06 19:54:21,completed,
PMT_9903,BK_9903,US_2058,732.26,Wallet,2025-06-11 11:07:22,completed,
PMT_9904,BK_9904,US_8069,567.03,Wallet,2025-03-27 03:12:54,completed,
PMT_9905,BK_9905,US_2019,162.88,Credit Card,2025-08-22 05:29:32,completed,
PMT_9907,BK_9907,US_9172,262.8,Credit Card,2025-03-29 11:20:04,completed,
PMT_9910,BK_9910,US_8656,550.28,Wallet,2024-09-03 01:26:05,completed,
PMT_9911,BK_9911,US_6935,1391.58,Debit Card,2025-10-04 08:46:54,completed,
PMT_9912,BK_9912,US_2131,1423.48,Net Banking,2025-04-18 19:47:03,completed,
PMT_9913,BK_9913,US_6108,525.06,Net Banking,2024-08-05 08:22:55,completed,
PMT_9914,BK_9914,US_7978,0.0,Wallet,2025-06-24 15:19:15,failed,
PMT_9915,BK_9915,US_6135,486.03,Debit Card,2024-09-17 20:13:43,completed,
PMT_9916,BK_9916,US_5490,1331.44,UPI,2025-12-26 04:04:27,completed,
PMT_9917,BK_9917,US_1425,0.0,Credit Card,2024-11-12 06:08:38,failed,
PMT_9919,BK_9919,US_9009,1174.47,Net Banking,2025-10-19 01:35:09,completed,
PMT_9921,BK_9921,US_5751,334.26,Net Banking,2025-11-29 22:18:13,completed,
PMT_9922,BK_9922,US_1729,483.93,Debit Card,2024-08-18 19:09:31,completed,
PMT_9923,BK_9923,US_2369,912.32,UPI,2024-09-04 19:52:17,completed,
PMT_9924,BK_9924,US_8896,650.52,UPI,2025-01-29 12:06:55,completed,
PMT_9925,BK_9925,US_7309,0.0,UPI,2024-07-27 03:05:43,refunded,
PMT_9926,BK_9926,US_6169,666.1800000000001,UPI,2025-05-19 23:29:27,completed,
PMT_9927,BK_9927,US_342,557.28,Debit Card,2025-07-31 17:24:00,completed,
PMT_9929,BK_9929,US_9313,304.44,Credit Card,2025-06-24 01:35:48,completed,
PMT_9930,BK_9930,US_9857,446.69,Wallet,2025-12-05 20:12:46,completed,
PMT_9931,BK_9931,US_2539,537.72,Credit Card,2025-03-01 22:45:04,completed,
PMT_9932,BK_9932,US_6746,0.0,Wallet,2025-09-13 22:37:50,refunded,
PMT_9933,BK_9933,US_1909,1689.64,Wallet,2025-01-02 16:24:35,completed,
PMT_9935,BK_9935,US_2307,355.81,Net Banking,2025-07-13 22:24:58,completed,
PMT_9936,BK_9936,US_9724,1612.8,Wallet,2024-11-15 05:18:12,completed,
PMT_9937,BK_9937,US_6582,476.88,Wallet,2025-06-03 14:17:13,completed,
PMT_9938,BK_9938,US_986,1750.8,Debit Card,2024-07-17 13:58:08,completed,
PMT_9939,BK_9939,US_9294,882.98,Net Banking,2024-05-10 04:29:13,completed,
PMT_9940,BK_9940,US_4844,362.31,Debit Card,2025-11-07 12:03:33,completed,
PMT_9941,BK_9941,US_8148,491.08,Net Banking,2024-11-18 13:39:05,completed,
PMT_9942,BK_9942,US_4061,768.96,UPI,2025-11-14 09:21:46,completed,
PMT_9943,BK_9943,US_237,452.3,Debit Card,2024-07-20 12:58:39,completed,
PMT_9944,BK_9944,US_6476,361.79,Debit Card,2025-07-03 02:06:19,completed,
PMT_9945,BK_9945,US_5474,676.16,Net Banking,2024-05-07 21:08:25,completed,
PMT_9947,BK_9947,US_474,1138.6200000000001,Wallet,2025-08-18 19:24:47,completed,
PMT_9948,BK_9948,US_1055,1418.24,Credit Card,2024-09-22 17:08:12,completed,
PMT_9950,BK_9950,US_9600,314.22,Debit Card,2024-09-29 08:30:03,completed,
PMT_9951,BK_9951,US_2025,421.52,Net Banking,2024-09-03 06:36:55,completed,
PMT_9952,BK_9952,US_3885,346.72,Debit Card,2025-08-14 02:49:39,completed,
PMT_9954,BK_9954,US_1040,604.38,Debit Card,2024-12-03 13:38:30,completed,
PMT_9956,BK_9956,US_50,386.92,Net Banking,2024-08-02 21:34:44,completed,
PMT_9957,BK_9957,US_4456,797.58,UPI,2025-03-22 04:20:51,completed,
PMT_9958,BK_9958,US_9799,1906.36,Credit Card,2025-06-07 21:51:17,completed,
PMT_9959,BK_9959,US_259,239.21,Wallet,2024-05-27 12:47:44,completed,
PMT_9960,BK_9960,US_8271,857.72,Debit Card,2024-10-10 03:48:19,completed,
PMT_9963,BK_9963,US_2039,0.0,Credit Card,2025-11-16 01:40:32,refunded,
PMT_9965,BK_9965,US_1129,827.0,Wallet,2024-11-30 11:33:27,completed,
PMT_9966,BK_9966,US_6430,309.0,UPI,2025-11-02 21:35:52,completed,
PMT_9967,BK_9967,US_521,222.29,Debit Card,2025-10-23 02:33:28,completed,
PMT_9969,BK_9969,US_4802,959.01,Debit Card,2025-01-21 19:31:38,completed,
PMT_9970,BK_9970,US_2799,325.38,Net Banking,2024-02-03 21:37:00,completed,
PMT_9971,BK_9971,US_7841,419.08,Credit Card,2025-01-12 21:26:44,completed,
PMT_9973,BK_9973,US_7632,263.36,Debit Card,2025-08-03 11:28:28,completed,
PMT_9974,BK_9974,US_4744,534.52,UPI,2025-08-12 05:50:46,completed,
PMT_9975,BK_9975,US_6552,837.58,Credit Card,2025-12-24 11:58:58,completed,
PMT_9976,BK_9976,US_6248,0.0,Wallet,2024-06-05 19:17:07,refunded,
PMT_9977,BK_9977,US_729,1326.84,Debit Card,2024-09-27 04:42:45,completed,
PMT_9978,BK_9978,US_2476,191.94,Net Banking,2025-10-04 03:31:39,completed,
PMT_9979,BK_9979,US_2570,0.0,Wallet,2024-06-02 12:50:08,refunded,
PMT_9980,BK_9980,US_1192,255.59,Wallet,2025-11-07 12:34:53,completed,
PMT_9981,BK_9981,US_1756,975.48,Credit Card,2025-04-28 21:35:00,completed,
PMT_9983,BK_9983,US_4890,0.0,Net Banking,2024-03-25 08:41:50,refunded,
PMT_9984,BK_9984,US_4048,1552.2,Credit Card,2024-10-06 10:58:45,completed,
PMT_9985,BK_9985,US_3929,561.58,Net Banking,2025-05-31 01:12:45,completed,
PMT_9987,BK_9987,US_4915,626.12,Wallet,2024-01-18 06:27:05,completed,
PMT_9988,BK_9988,US_2238,494.76,Net Banking,2025-06-15 04:58:46,completed,
PMT_9989,BK_9989,US_7123,743.04,Credit Card,2024-09-14 23:04:28,completed,
PMT_9990,BK_9990,US_9967,1437.84,Wallet,2025-04-20 04:17:56,completed,
PMT_9991,BK_9991,US_365,341.74,UPI,2024-11-24 12:46:35,completed,
PMT_9993,BK_9993,US_6124,0.0,Credit Card,2025-12-19 01:03:48,failed,
PMT_9994,BK_9994,US_9134,1622.64,Wallet,2025-05-13 01:28:12,completed,
PMT_9995,BK_9995,US_219,1166.5500000000002,Wallet,2024-03-01 07:42:33,completed,
PMT_9996,BK_9996,US_3712,0.0,UPI,2025-03-21 22:51:20,failed,
PMT_9998,BK_9998,US_4537,250.08,Net Banking,2025-09-06 17:28:53,completed,
PMT_10000,BK_10000,US_5835,0.0,Credit Card,2024-03-05 13:33:43,refunded,
