review_id,user_id,movie_id,rating,comment,review_date
REV_1,US_8392,MV_8805,1.2,Could be better.,2025-07-01 16:16:00
REV_2,US_9928,MV_1331,3.7,Could be better.,2024-10-30 15:30:27
REV_3,US_4495,MV_3210,2.2,Could be better.,2024-03-08 04:10:25
REV_4,US_1868,MV_2311,6.3,Great movie!,2024-05-13 10:00:49
REV_6,US_467,MV_3174,8.3,Great movie!,2024-03-02 06:26:19
REV_7,US_9968,MV_3997,8.3,Great movie!,2025-07-21 20:32:01
REV_8,US_3759,MV_1429,6.0,Great movie!,2024-09-17 03:32:23
REV_9,US_3930,MV_4333,6.2,Great movie!,2025-03-15 00:03:30
REV_10,US_2201,MV_861,9.0,Great movie!,2025-05-21 04:23:30
REV_11,US_784,MV_2761,1.8,Great movie!,2025-06-07 02:09:39
REV_12,US_2832,MV_1582,9.8,Great movie!,2024-10-09 20:37:33
REV_13,US_7659,MV_7142,6.3,Could be better.,2024-01-11 21:07:53
REV_14,US_1915,MV_7888,9.8,Could be better.,2025-05-21 16:42:17
REV_15,US_3708,MV_736,2.3,Great movie!,2025-09-11 14:35:58
REV_16,US_3641,MV_9184,6.7,Could be better.,2024-08-07 13:46:06
REV_17,US_2808,MV_1209,4.3,Great movie!,2024-10-31 18:57:19
REV_19,US_648,MV_2055,2.2,Could be better.,2024-10-22 05:42:00
REV_20,US_2590,MV_6451,3.1,Could be better.,2024-08-26 06:16:11
REV_21,US_348,MV_420,8.8,Great movie!,2025-10-29 16:36:27
REV_22,US_9350,MV_4007,2.5,Great movie!,2025-02-15 12:05:46
REV_23,US_1138,MV_7049,6.9,Could be better.,2025-06-23 07:45:31
REV_24,US_6136,MV_5636,8.9,Great movie!,2024-10-06 03:58:59
REV_25,US_9669,MV_9861,5.4,Great movie!,2024-01-03 14:20:28
REV_26,US_6854,MV_757,4.3,Could be better.,2025-07-24 21:20:49
REV_27,US_1248,MV_4427,9.9,Great movie!,2025-01-28 16:42:47
REV_28,US_492,MV_2759,1.5,Great movie!,2025-06-08 09:40:28
REV_29,US_6708,MV_2908,8.6,Could be better.,2024-03-12 05:30:31
REV_30,US_5883,MV_1626,6.5,Could be better.,2024-11-05 05:26:02
REV_31,US_6643,MV_9164,2.1,Great movie!,2024-09-11 07:28:04
REV_32,US_246,MV_5066,5.1,Could be better.,2025-01-29 09:19:50
REV_33,US_7435,MV_3024,3.6,Great movie!,2024-07-20 03:17:05
REV_34,US_3194,MV_2237,5.7,Could be better.,2025-01-16 01:23:44
REV_35,US_5854,MV_1320,9.9,Could be better.,2024-11-30 19:16:12
REV_36,US_6905,MV_7835,1.7,Could be better.,2024-01-05 10:07:32
REV_37,US_5648,MV_6470,1.4,Could be better.,2024-04-24 18:01:40
REV_38,US_949,MV_1454,8.9,Could be better.,2024-03-03 05:09:13
REV_39,US_2775,MV_9617,1.8,Great movie!,2024-01-24 20:17:27
REV_40,US_4802,MV_1286,3.9,Great movie!,2025-05-03 06:08:45
REV_41,US_2847,MV_1265,9.4,Great movie!,2025-09-03 18:40:23
REV_42,US_9835,MV_8469,7.5,Could be better.,2024-01-08 20:07:53
REV_43,US_5352,MV_9683,1.4,Could be better.,2025-09-30 17:38:00
REV_45,US_3768,MV_6721,9.4,Great movie!,2024-11-29 15:04:28
REV_46,US_1093,MV_363,9.4,Could be better.,2025-03-17 17:26:53
REV_47,US_1294,MV_1341,2.0,Could be better.,2025-05-03 23:42:07
REV_48,US_7909,MV_311,2.6,Could be better.,2025-10-18 05:32:07
REV_49,US_5571,MV_1712,3.3,Could be better.,2024-01-16 11:48:05
REV_50,US_5752,MV_3588,8.2,Great movie!,2024-03-15 17:54:22
REV_51,US_6443,MV_6057,3.0,Could be better.,2024-09-18 02:41:32
REV_52,US_4569,MV_2908,7.7,Could be better.,2025-05-01 01:37:10
REV_53,US_54,MV_9119,2.4,Could be better.,2025-09-27 15:32:03
REV_54,US_7538,MV_7515,2.5,Great movie!,2024-03-16 23:39:42
REV_55,US_3932,MV_8742,9.7,Could be better.,2025-02-17 00:30:23
REV_56,US_7708,MV_9206,6.3,Great movie!,2025-12-17 05:59:36
REV_57,US_7777,MV_5201,4.6,Great movie!,2024-02-18 05:16:00
REV_59,US_4863,MV_2230,1.8,Great movie!,2025-05-09 09:07:58
REV_60,US_9402,MV_5414,9.2,Could be better.,2024-06-24 04:17:28
REV_61,US_7416,MV_9670,1.8,Could be better.,2024-12-16 22:11:31
REV_62,US_8332,MV_3683,4.2,Great movie!,2024-01-21 19:03:30
REV_63,US_2174,MV_2154,8.0,Could be better.,2024-08-24 09:57:20
REV_64,US_2342,MV_6381,1.8,Great movie!,2025-10-22 04:15:30
REV_65,US_6234,MV_2329,4.9,Could be better.,2024-05-20 08:40:14
REV_66,US_2284,MV_5764,4.6,Could be better.,2024-12-28 16:19:48
REV_67,US_1787,MV_3061,4.1,Could be better.,2024-12-08 10:28:52
REV_68,US_1766,MV_391,4.1,Great movie!,2024-10-22 18:28:17
REV_69,US_5622,MV_4999,3.3,Great movie!,2025-05-10 16:10:03
REV_70,US_1395,MV_7126,1.5,Could be better.,2025-07-06 05:44:42
REV_71,US_6106,MV_1650,1.8,Could be better.,2025-07-29 05:28:57
REV_72,US_9979,MV_5235,8.2,Great movie!,2025-03-17 05:20:51
REV_73,US_4795,MV_7780,6.2,Great movie!,2024-11-06 16:03:18
REV_74,US_7298,MV_5095,7.2,Great movie!,2025-05-31 23:34:46
REV_75,US_115,MV_8778,8.9,Great movie!,2024-07-25 19:14:26
REV_76,US_2749,MV_8320,4.1,Could be better.,2024-12-29 16:36:05
REV_77,US_1796,MV_1865,6.2,Could be better.,2024-05-07 18:34:35
REV_78,US_990,MV_9393,4.7,Great movie!,2025-09-15 09:33:57
REV_79,US_1356,MV_3189,2.0,Could be better.,2025-11-13 15:36:55
REV_80,US_8477,MV_9010,5.6,Great movie!,2025-07-21 08:52:12
REV_81,US_2232,MV_8906,8.0,Could be better.,2024-08-11 10:40:22
REV_82,US_2765,MV_9678,6.4,Great movie!,2025-06-27 00:11:13
REV_83,US_3212,MV_5493,4.3,Could be better.,2025-08-22 07:17:52
REV_84,US_4924,MV_3059,2.9,Could be better.,2024-08-05 06:58:10
REV_85,US_9397,MV_560,1.1,Great movie!,2025-02-08 06:33:37
REV_86,US_6946,MV_1756,6.3,Great movie!,2024-12-17 12:30:56
REV_87,US_3229,MV_6552,3.6,Could be better.,2025-09-08 02:55:53
REV_88,US_789,MV_197,8.7,Could be better.,2024-10-29 04:35:19
REV_89,US_8340,MV_7467,4.5,Great movie!,2025-10-16 15:45:33
REV_90,US_4602,MV_8399,4.0,Could be better.,2025-01-04 01:43:23
REV_91,US_2909,MV_5737,7.3,Could be better.,2024-08-15 09:00:24
REV_92,US_106,MV_1571,8.8,Could be better.,2024-09-25 07:13:00
REV_93,US_1521,MV_2018,1.5,Could be better.,2025-06-04 15:17:39
REV_94,US_5466,MV_7918,6.0,Could be better.,2025-07-19 14:48:40
REV_96,US_3393,MV_1139,9.0,Great movie!,2025-05-07 05:43:18
REV_97,US_1517,MV_9712,7.4,Great movie!,2025-10-02 08:47:06
REV_98,US_1282,MV_6179,1.5,Could be better.,2025-11-28 15:21:42
REV_99,US_879,MV_3046,5.4,Great movie!,2025-11-07 02:16:17
REV_100,US_546,MV_492,8.1,Could be better.,2024-05-10 11:22:00
REV_101,US_8871,MV_5948,1.7,Great movie!,2025-02-09 18:26:34
REV_102,US_7565,MV_6622,6.2,Great movie!,2025-12-24 12:41:28
REV_103,US_1173,MV_6259,6.7,Great movie!,2025-05-15 02:56:50
REV_104,US_8201,MV_1654,2.2,Great movie!,2025-12-16 23:22:41
REV_105,US_4354,MV_8698,2.8,Great movie!,2025-03-16 17:44:18
REV_106,US_8575,MV_948,8.6,Great movie!,2025-11-02 08:40:37
REV_107,US_6019,MV_9227,1.9,Could be better.,2025-05-21 22:09:14
REV_108,US_2933,MV_8958,2.0,Could be better.,2024-04-14 09:03:48
REV_109,US_9577,MV_2165,9.7,Could be better.,2025-10-01 23:15:49
REV_111,US_2517,MV_6900,8.8,Great movie!,2024-08-10 11:47:20
REV_112,US_7836,MV_6668,1.8,Could be better.,2024-11-26 06:40:39
REV_113,US_9143,MV_2612,8.2,Could be better.,2025-02-25 05:29:02
REV_114,US_7966,MV_2774,4.8,Great movie!,2025-09-28 09:59:07
REV_116,US_8648,MV_9006,4.7,Could be better.,2024-10-08 13:56:08
REV_117,US_3506,MV_9022,8.6,Great movie!,2025-11-15 19:06:20
REV_119,US_5838,MV_904,5.2,Great movie!,2025-04-08 04:40:49
REV_120,US_4753,MV_368,5.2,Could be better.,2025-03-07 06:02:40
REV_121,US_1895,MV_5653,4.0,Great movie!,2025-02-16 18:01:50
REV_122,US_5385,MV_4338,2.8,Great movie!,2025-08-31 11:04:39
REV_123,US_4773,MV_2897,9.7,Great movie!,2024-01-19 10:05:15
REV_124,US_4737,MV_9513,5.9,Great movie!,2025-07-30 14:20:26
REV_125,US_6298,MV_1702,7.8,Great movie!,2024-04-26 16:47:39
REV_126,US_9784,MV_1046,8.6,Could be better.,2025-11-17 15:50:11
REV_127,US_3252,MV_3498,4.2,Could be better.,2025-08-04 16:17:59
REV_128,US_3693,MV_8342,7.1,Could be better.,2025-08-22 08:36:08
REV_129,US_7815,MV_1206,8.0,Could be better.,2024-05-26 13:07:36
REV_130,US_1031,MV_5525,2.2,Could be better.,2024-02-29 15:58:42
REV_131,US_4738,MV_123,4.5,Could be better.,2025-02-21 15:52:46
REV_132,US_3866,MV_9175,5.4,Could be better.,2025-04-06 01:06:34
REV_133,US_4019,MV_5341,2.0,Great movie!,2025-03-27 21:57:03
REV_134,US_8333,MV_6287,3.2,Could be better.,2024-04-24 06:22:16
REV_135,US_4146,MV_4005,5.2,Could be better.,2024-07-17 12:25:25
REV_136,US_8773,MV_2887,2.5,Could be better.,2024-01-22 22:55:55
REV_137,US_111,MV_1132,6.8,Could be better.,2024-08-04 08:41:43
REV_138,US_2479,MV_7681,1.6,Could be better.,2024-07-06 00:22:38
REV_139,US_1938,MV_2279,5.2,Great movie!,2025-01-04 02:06:30
REV_140,US_2733,MV_1487,5.4,Great movie!,2024-06-14 11:02:26
REV_141,US_3238,MV_1622,1.8,Could be better.,2025-08-24 16:58:38
REV_142,US_85,MV_7064,4.2,Could be better.,2025-01-01 08:33:14
REV_143,US_5192,MV_8804,8.9,Could be better.,2024-08-11 07:08:13
REV_144,US_2805,MV_4567,2.5,Great movie!,2025-04-11 03:15:40
REV_146,US_6975,MV_6063,8.5,Could be better.,2024-04-09 16:12:43
REV_147,US_759,MV_5125,2.1,Great movie!,2024-03-05 13:29:15
REV_148,US_2312,MV_1696,4.1,Could be better.,2025-03-01 15:14:15
REV_149,US_3260,MV_9021,5.9,Great movie!,2025-12-06 22:10:10
REV_150,US_8461,MV_441,6.5,Great movie!,2024-12-12 11:25:23
REV_151,US_5157,MV_2062,3.3,Could be better.,2025-12-15 20:57:21
REV_152,US_8284,MV_8254,9.6,Great movie!,2025-12-15 03:33:57
REV_153,US_7640,MV_7024,4.8,Great movie!,2025-10-22 13:10:58
REV_154,US_2941,MV_498,5.5,Great movie!,2024-05-11 22:28:55
REV_155,US_1212,MV_2746,9.8,Great movie!,2025-03-28 20:12:26
REV_156,US_1769,MV_5911,3.3,Could be better.,2024-11-07 16:23:18
REV_157,US_8430,MV_5529,1.5,Great movie!,2025-03-24 02:22:47
REV_158,US_8548,MV_9541,3.2,Could be better.,2025-02-05 17:23:02
REV_159,US_1204,MV_8558,9.4,Could be better.,2025-06-20 17:55:16
REV_161,US_2524,MV_5566,4.8,Could be better.,2025-03-31 15:08:23
REV_163,US_7985,MV_8791,9.0,Could be better.,2024-02-07 03:48:01
REV_164,US_7951,MV_2172,5.6,Could be better.,2025-03-14 06:53:28
REV_165,US_8927,MV_404,2.9,Great movie!,2024-10-31 21:29:36
REV_166,US_3703,MV_3835,3.7,Great movie!,2024-06-21 20:01:18
REV_167,US_1154,MV_701,7.9,Could be better.,2025-11-10 15:01:03
REV_168,US_3561,MV_3719,1.6,Great movie!,2024-10-08 01:25:05
REV_169,US_6733,MV_5143,3.4,Great movie!,2025-12-28 18:02:22
REV_170,US_2872,MV_3996,1.1,Great movie!,2024-09-18 01:44:33
REV_171,US_5641,MV_2145,8.9,Could be better.,2025-11-24 14:25:05
REV_172,US_9557,MV_1597,8.0,Great movie!,2024-02-03 09:35:49
REV_173,US_5206,MV_8033,5.9,Could be better.,2025-11-06 05:51:59
REV_174,US_9945,MV_1996,7.1,Great movie!,2025-07-22 04:26:33
REV_176,US_1956,MV_6828,7.5,Could be better.,2025-06-29 04:21:06
REV_177,US_4468,MV_7627,2.8,Great movie!,2024-06-09 05:45:36
REV_178,US_3760,MV_2872,4.4,Could be better.,2025-03-20 15:23:09
REV_179,US_1659,MV_7991,3.2,Could be better.,2024-06-04 06:55:29
REV_181,US_6588,MV_313,9.7,Could be better.,2025-08-25 19:51:30
REV_182,US_8574,MV_9686,4.6,Great movie!,2024-11-05 00:36:29
REV_183,US_8900,MV_650,1.0,Could be better.,2024-10-31 10:55:03
REV_184,US_3041,MV_1664,3.1,Could be better.,2025-08-20 19:21:06
REV_185,US_5348,MV_3027,6.9,Great movie!,2024-10-31 15:14:42
REV_186,US_8195,MV_7910,9.7,Great movie!,2025-08-19 21:02:58
REV_188,US_4334,MV_1130,4.2,Great movie!,2024-10-21 21:31:41
REV_189,US_1034,MV_6299,3.5,Could be better.,2025-12-17 11:58:48
REV_190,US_846,MV_5579,1.5,Great movie!,2024-10-13 18:46:19
REV_191,US_4319,MV_7315,7.7,Could be better.,2025-10-10 11:34:15
REV_193,US_2296,MV_4053,3.1,Could be better.,2024-03-06 10:44:54
REV_194,US_2918,MV_3214,5.3,Could be better.,2025-10-05 19:42:32
REV_195,US_3116,MV_2790,5.5,Great movie!,2024-06-16 00:51:44
REV_196,US_2021,MV_1889,8.2,Great movie!,2024-12-04 19:05:00
REV_197,US_7234,MV_7086,8.9,Great movie!,2024-09-29 04:33:08
REV_198,US_463,MV_1636,4.5,Great movie!,2025-02-19 10:13:29
REV_199,US_4400,MV_5244,6.8,Great movie!,2025-03-08 07:10:18
REV_200,US_676,MV_8343,2.3,Great movie!,2024-04-05 14:28:25
REV_201,US_9123,MV_5007,3.1,Could be better.,2024-03-15 04:56:24
REV_202,US_7236,MV_3840,3.2,Great movie!,2025-09-06 00:01:57
REV_203,US_5186,MV_1183,7.2,Could be better.,2025-07-11 13:20:51
REV_205,US_3295,MV_7375,1.1,Could be better.,2024-06-19 09:57:41
REV_206,US_1773,MV_7252,2.9,Could be better.,2024-04-10 20:29:12
REV_207,US_1490,MV_1391,8.9,Could be better.,2025-10-04 19:48:52
REV_208,US_3124,MV_9455,5.5,Could be better.,2024-02-07 17:57:01
REV_209,US_5071,MV_5380,6.2,Could be better.,2025-05-09 08:28:07
REV_210,US_6752,MV_2800,2.9,Could be better.,2025-01-03 06:58:27
REV_211,US_8041,MV_6989,2.9,Could be better.,2025-08-05 23:13:30
REV_212,US_8252,MV_5581,5.1,Great movie!,2025-12-02 00:59:16
REV_213,US_2465,MV_3987,5.0,Great movie!,2025-08-23 19:33:08
REV_214,US_5840,MV_4647,3.9,Could be better.,2025-11-04 16:18:20
REV_215,US_2291,MV_7642,2.3,Great movie!,2024-03-26 04:29:21
REV_216,US_3828,MV_2910,7.3,Could be better.,2025-01-24 17:38:40
REV_217,US_9395,MV_7567,4.8,Could be better.,2024-07-11 07:16:19
REV_218,US_5356,MV_1784,1.5,Could be better.,2025-05-16 23:41:01
REV_219,US_741,MV_4962,7.8,Could be better.,2024-06-05 14:32:04
REV_220,US_4078,MV_8858,3.6,Great movie!,2025-06-03 02:15:23
REV_221,US_989,MV_8474,5.0,Could be better.,2024-08-12 10:48:52
REV_223,US_2493,MV_8450,6.1,Could be better.,2024-01-13 18:38:11
REV_224,US_4539,MV_3372,7.5,Could be better.,2025-10-05 06:32:00
REV_225,US_3936,MV_480,4.8,Great movie!,2025-04-08 15:48:22
REV_226,US_8978,MV_5914,8.2,Could be better.,2024-05-04 11:41:00
REV_227,US_7016,MV_9364,7.3,Great movie!,2024-12-20 12:54:16
REV_228,US_6301,MV_5004,4.0,Could be better.,2025-01-31 06:21:24
REV_229,US_1098,MV_6526,6.8,Could be better.,2024-02-27 23:42:02
REV_230,US_2517,MV_9898,1.8,Could be better.,2024-03-29 16:02:28
REV_231,US_4464,MV_5630,6.5,Great movie!,2025-01-21 12:51:57
REV_232,US_4767,MV_6115,6.5,Could be better.,2024-09-11 09:12:38
REV_233,US_6646,MV_6673,8.6,Could be better.,2024-03-30 21:20:29
REV_234,US_1490,MV_5735,7.7,Great movie!,2024-02-14 01:45:12
REV_235,US_7761,MV_9566,3.8,Great movie!,2024-10-22 16:13:32
REV_236,US_7359,MV_5169,5.3,Great movie!,2025-07-06 21:23:02
REV_237,US_601,MV_3279,1.8,Could be better.,2024-12-31 00:27:01
REV_238,US_7356,MV_3027,6.3,Great movie!,2025-12-28 20:28:00
REV_239,US_5603,MV_8088,3.2,Could be better.,2024-08-01 13:23:17
REV_240,US_9945,MV_6150,6.4,Great movie!,2024-04-18 12:49:28
REV_241,US_4385,MV_9943,3.7,Great movie!,2025-08-20 09:26:39
REV_242,US_7802,MV_1673,6.3,Could be better.,2025-10-22 09:00:02
REV_243,US_1876,MV_9787,8.3,Could be better.,2025-11-22 09:14:00
REV_244,US_9724,MV_3845,5.3,Great movie!,2025-09-19 08:18:56
REV_245,US_5554,MV_870,3.3,Could be better.,2025-11-21 04:47:29
REV_246,US_4638,MV_2874,9.4,Great movie!,2024-03-26 22:26:16
REV_247,US_4923,MV_5988,9.0,Great movie!,2025-10-05 19:39:10
REV_248,US_2071,MV_8282,3.1,Could be better.,2025-08-06 09:09:29
REV_249,US_1114,MV_6125,6.4,Could be better.,2024-08-10 00:49:57
REV_250,US_1655,MV_6537,1.9,Great movie!,2024-02-07 11:34:29
REV_251,US_5022,MV_7701,9.1,Could be better.,2024-11-03 16:43:44
REV_252,US_2666,MV_482,4.2,Could be better.,2025-05-12 13:04:08
REV_253,US_9670,MV_9764,2.1,Great movie!,2024-06-22 13:03:31
REV_254,US_5859,MV_2063,2.7,Great movie!,2025-02-19 01:29:46
REV_255,US_5304,MV_9788,2.0,Could be better.,2025-01-20 20:45:45
REV_256,US_8509,MV_7309,8.0,Great movie!,2025-02-05 13:23:14
REV_257,US_5112,MV_8421,8.5,Could be better.,2025-05-26 07:54:41
REV_258,US_4795,MV_9767,1.9,Could be better.,2025-11-28 21:11:21
REV_259,US_8643,MV_8569,5.5,Great movie!,2025-11-19 02:59:00
REV_260,US_8815,MV_2550,6.3,Could be better.,2024-10-01 09:26:48
REV_261,US_793,MV_5625,4.4,Great movie!,2025-02-11 11:49:22
REV_262,US_6871,MV_9714,3.8,Great movie!,2024-07-15 06:35:39
REV_263,US_7083,MV_5048,6.7,Could be better.,2025-06-29 04:08:50
REV_264,US_2055,MV_1998,4.9,Great movie!,2024-03-11 03:46:37
REV_265,US_5065,MV_4391,6.4,Great movie!,2024-05-19 21:47:55
REV_266,US_3173,MV_36,6.6,Could be better.,2024-08-13 22:28:07
REV_267,US_8848,MV_307,4.8,Great movie!,2025-12-30 20:49:27
REV_268,US_3251,MV_9244,1.3,Could be better.,2024-08-29 17:34:12
REV_269,US_7119,MV_6056,8.0,Could be better.,2024-10-20 06:13:48
REV_270,US_8678,MV_6244,8.9,Could be better.,2024-11-12 04:21:16
REV_271,US_7924,MV_6107,4.8,Could be better.,2025-11-01 21:54:06
REV_272,US_6567,MV_8053,10.0,Could be better.,2024-03-03 08:42:36
REV_273,US_4868,MV_8674,7.4,Could be better.,2025-10-20 18:47:52
REV_274,US_2373,MV_8723,9.3,Great movie!,2025-10-31 15:13:54
REV_275,US_6471,MV_8308,5.3,Could be better.,2025-08-19 15:55:46
REV_276,US_1845,MV_9797,5.5,Could be better.,2024-02-04 18:19:30
REV_277,US_1257,MV_571,8.5,Could be better.,2024-06-27 19:01:26
REV_278,US_7819,MV_4794,1.2,Could be better.,2024-08-10 05:25:33
REV_279,US_32,MV_9419,7.8,Could be better.,2025-07-20 13:07:48
REV_280,US_5204,MV_5047,7.3,Could be better.,2024-07-23 19:29:07
REV_281,US_5328,MV_9974,3.0,Great movie!,2025-05-06 09:24:57
REV_282,US_6506,MV_2503,3.5,Great movie!,2025-09-03 14:22:49
REV_283,US_9643,MV_1332,8.1,Could be better.,2025-10-05 03:44:15
REV_284,US_7633,MV_6521,8.8,Great movie!,2024-07-12 15:43:26
REV_285,US_6667,MV_8179,9.5,Great movie!,2024-12-10 09:56:39
REV_286,US_1275,MV_3120,4.3,Could be better.,2025-04-21 18:49:06
REV_287,US_9401,MV_1753,2.7,Great movie!,2025-05-22 11:54:27
REV_288,US_4900,MV_2421,5.7,Could be better.,2025-11-10 21:04:41
REV_289,US_5591,MV_4375,9.8,Great movie!,2025-02-01 14:57:23
REV_290,US_4615,MV_3323,7.0,Could be better.,2024-09-24 10:09:45
REV_291,US_18,MV_3653,3.3,Could be better.,2024-02-02 02:25:30
REV_292,US_655,MV_8680,1.7,Could be better.,2024-10-17 10:05:39
REV_293,US_6167,MV_3012,1.9,Could be better.,2024-01-12 14:52:54
REV_294,US_255,MV_761,3.3,Could be better.,2024-05-09 17:12:44
REV_295,US_9627,MV_9645,7.4,Could be better.,2024-11-27 20:28:44
REV_296,US_3512,MV_6910,7.7,Great movie!,2025-11-05 04:22:20
REV_297,US_3457,MV_645,8.3,Could be better.,2025-06-01 20:53:34
REV_299,US_576,MV_1329,1.4,Great movie!,2024-03-15 14:30:33
REV_301,US_8396,MV_1883,8.6,Could be better.,2024-10-04 17:47:35
REV_302,US_566,MV_299,6.0,Great movie!,2024-09-10 22:13:41
REV_303,US_3289,MV_6861,2.5,Could be better.,2024-09-21 00:14:21
REV_304,US_8075,MV_4796,8.4,Great movie!,2024-04-19 03:22:46
REV_305,US_8902,MV_5003,7.3,Could be better.,2025-10-04 21:54:29
REV_306,US_405,MV_3310,2.4,Could be better.,2024-05-02 01:29:47
REV_307,US_3805,MV_2607,7.0,Great movie!,2024-12-21 07:49:06
REV_308,US_5106,MV_5658,9.9,Could be better.,2024-01-05 17:36:09
REV_309,US_8251,MV_9883,6.6,Could be better.,2024-09-26 11:45:39
REV_310,US_83,MV_3204,6.4,Great movie!,2025-10-14 13:12:13
REV_311,US_9027,MV_7650,6.0,Could be better.,2025-08-15 01:36:35
REV_312,US_827,MV_5803,9.1,Great movie!,2024-09-27 17:57:42
REV_313,US_2097,MV_995,2.7,Could be better.,2024-01-15 04:56:52
REV_314,US_3610,MV_7154,8.3,Great movie!,2024-06-10 05:48:25
REV_315,US_5875,MV_4847,4.5,Could be better.,2025-10-01 14:44:09
REV_316,US_6091,MV_2785,9.3,Great movie!,2024-04-20 04:27:40
REV_318,US_5821,MV_3584,2.4,Could be better.,2024-08-01 16:36:39
REV_319,US_5606,MV_4126,4.0,Could be better.,2024-04-24 05:34:10
REV_320,US_7240,MV_4463,9.0,Could be better.,2025-01-02 21:40:31
REV_321,US_7470,MV_4349,8.2,Could be better.,2024-05-01 04:23:10
REV_322,US_50,MV_8602,5.2,Great movie!,2025-05-17 19:33:46
REV_324,US_5180,MV_5408,8.0,Could be better.,2024-12-30 23:06:55
REV_325,US_5464,MV_9267,5.6,Could be better.,2025-07-15 17:35:05
REV_326,US_6636,MV_915,9.2,Great movie!,2024-05-29 12:15:32
REV_327,US_1539,MV_5586,6.2,Great movie!,2024-07-03 05:44:09
REV_328,US_9928,MV_1570,4.5,Could be better.,2024-03-10 12:03:01
REV_329,US_1363,MV_4692,6.8,Great movie!,2024-04-09 20:07:50
REV_330,US_1280,MV_1800,3.0,Could be better.,2025-01-18 04:03:59
REV_331,US_5906,MV_8696,8.2,Could be better.,2025-01-07 21:23:21
REV_332,US_6757,MV_5335,3.3,Great movie!,2024-05-04 03:49:17
REV_333,US_7926,MV_2890,5.7,Great movie!,2025-04-30 04:17:12
REV_334,US_6591,MV_9931,9.9,Could be better.,2024-04-17 09:43:11
REV_335,US_93,MV_8887,7.8,Great movie!,2024-03-09 05:31:56
REV_336,US_303,MV_4105,9.1,Great movie!,2024-11-18 14:10:56
REV_337,US_8913,MV_6527,7.1,Could be better.,2025-07-28 18:08:37
REV_338,US_8331,MV_6869,7.6,Great movie!,2024-09-26 01:50:14
REV_339,US_9663,MV_3387,7.5,Great movie!,2025-02-06 11:45:10
REV_340,US_3627,MV_9133,6.9,Could be better.,2025-05-25 14:24:10
REV_341,US_5786,MV_8685,1.4,Great movie!,2025-08-30 16:51:54
REV_342,US_852,MV_4542,6.0,Great movie!,2024-04-10 10:26:39
REV_343,US_7262,MV_3880,8.9,Great movie!,2024-08-19 07:33:08
REV_344,US_7093,MV_9922,4.9,Great movie!,2024-04-24 18:23:52
REV_345,US_2930,MV_3544,9.4,Could be better.,2024-12-04 14:00:36
REV_346,US_8203,MV_7828,1.4,Great movie!,2025-04-03 17:19:18
REV_347,US_4408,MV_124,9.1,Could be better.,2025-07-15 19:03:48
REV_348,US_4661,MV_1623,5.1,Could be better.,2025-06-19 05:23:13
REV_349,US_1963,MV_525,5.2,Great movie!,2024-12-10 06:20:21
REV_350,US_4775,MV_1758,7.6,Could be better.,2024-02-14 05:18:43
REV_351,US_8199,MV_3210,5.5,Great movie!,2024-06-30 15:20:39
REV_352,US_293,MV_3799,5.8,Great movie!,2025-06-20 10:28:33
REV_353,US_3896,MV_3748,6.8,Great movie!,2024-08-11 19:38:25
REV_354,US_9996,MV_6745,8.3,Could be better.,2025-07-25 04:43:30
REV_355,US_3717,MV_7667,6.5,Could be better.,2025-06-03 03:13:16
REV_356,US_5993,MV_9554,3.7,Could be better.,2024-07-05 17:20:15
REV_357,US_1637,MV_7817,7.3,Great movie!,2025-08-26 12:26:22
REV_358,US_2780,MV_7233,3.7,Great movie!,2024-03-05 08:42:57
REV_359,US_689,MV_2035,4.5,Great movie!,2024-11-22 08:57:14
REV_360,US_3613,MV_1648,7.2,Could be better.,2025-06-18 05:25:56
REV_361,US_3280,MV_2104,5.3,Great movie!,2025-01-03 06:00:04
REV_362,US_1902,MV_4577,8.9,Could be better.,2025-05-26 19:33:57
REV_363,US_2128,MV_4772,4.4,Great movie!,2024-06-17 22:42:57
REV_364,US_8077,MV_9543,8.0,Could be better.,2024-02-08 22:18:19
REV_365,US_3076,MV_3432,2.2,Could be better.,2024-04-15 10:01:32
REV_366,US_2513,MV_2865,6.4,Great movie!,2024-06-24 00:26:54
REV_367,US_6457,MV_5782,1.5,Great movie!,2025-01-18 05:12:18
REV_368,US_4600,MV_9254,6.6,Great movie!,2024-04-18 15:52:55
REV_369,US_7878,MV_1629,6.0,Great movie!,2025-06-29 13:00:38
REV_370,US_7224,MV_5627,5.2,Could be better.,2024-05-14 07:21:42
REV_371,US_4530,MV_9382,5.6,Great movie!,2025-02-12 05:28:03
REV_372,US_599,MV_5602,3.3,Could be better.,2025-01-09 00:51:27
REV_373,US_2776,MV_6693,5.8,Great movie!,2025-11-17 07:00:20
REV_374,US_9890,MV_4687,1.9,Could be better.,2025-07-21 03:55:55
REV_375,US_9413,MV_962,2.1,Great movie!,2025-06-12 03:35:47
REV_377,US_3761,MV_1447,8.8,Could be better.,2025-02-24 14:37:09
REV_378,US_2701,MV_386,5.9,Could be better.,2024-01-08 19:19:50
REV_379,US_3431,MV_2632,1.4,Could be better.,2025-12-05 12:54:34
REV_380,US_9465,MV_9089,7.9,Great movie!,2024-04-10 20:06:28
REV_381,US_221,MV_461,8.8,Great movie!,2025-09-13 22:42:17
REV_382,US_1448,MV_7402,8.2,Could be better.,2024-04-24 11:45:27
REV_383,US_9779,MV_8092,2.6,Great movie!,2025-06-02 22:10:26
REV_384,US_2022,MV_4638,6.1,Could be better.,2024-08-16 13:29:49
REV_385,US_6207,MV_8383,4.3,Could be better.,2025-12-28 05:19:02
REV_386,US_9590,MV_9864,3.1,Great movie!,2024-05-14 19:54:40
REV_388,US_6156,MV_5738,1.1,Great movie!,2024-05-25 04:00:16
REV_389,US_4902,MV_2900,5.2,Could be better.,2024-11-25 07:56:40
REV_390,US_4520,MV_1357,4.8,Great movie!,2024-02-11 08:42:22
REV_391,US_1889,MV_7944,9.8,Could be better.,2024-10-24 22:20:17
REV_392,US_5989,MV_8035,9.9,Could be better.,2024-08-12 14:09:18
REV_393,US_2327,MV_8800,7.8,Great movie!,2024-09-16 15:07:47
REV_394,US_167,MV_8041,3.3,Great movie!,2025-08-11 07:07:52
REV_395,US_7006,MV_7290,2.6,Could be better.,2024-12-01 18:18:55
REV_396,US_7586,MV_2507,4.7,Great movie!,2024-10-14 12:10:49
REV_397,US_7276,MV_1466,6.7,Could be better.,2024-07-07 01:00:04
REV_398,US_5179,MV_2070,4.8,Could be better.,2025-03-09 19:00:36
REV_399,US_9510,MV_1007,3.7,Great movie!,2024-10-07 10:12:37
REV_400,US_2077,MV_7913,9.4,Great movie!,2024-06-22 12:05:10
REV_401,US_1068,MV_8439,9.1,Could be better.,2024-08-22 13:53:20
REV_402,US_8227,MV_853,3.2,Could be better.,2025-05-22 10:41:36
REV_403,US_5518,MV_8881,4.4,Could be better.,2025-05-26 01:28:19
REV_404,US_762,MV_1752,6.3,Great movie!,2025-07-30 06:54:55
REV_405,US_1328,MV_2340,2.1,Great movie!,2025-08-11 19:36:01
REV_406,US_5067,MV_2438,8.2,Great movie!,2024-08-27 02:30:03
REV_407,US_2094,MV_3401,8.5,Could be better.,2025-07-15 06:03:01
REV_408,US_6319,MV_3308,5.1,Could be better.,2025-08-14 14:18:59
REV_409,US_848,MV_1370,9.6,Could be better.,2025-11-06 01:42:54
REV_410,US_5262,MV_6551,9.2,Could be better.,2025-07-21 12:31:11
REV_411,US_1314,MV_8672,1.7,Great movie!,2024-06-18 15:29:30
REV_413,US_3633,MV_1317,8.3,Could be better.,2025-08-30 23:47:22
REV_414,US_754,MV_2087,9.4,Could be better.,2024-02-04 19:05:18
REV_415,US_7232,MV_6276,6.0,Could be better.,2025-02-19 19:51:06
REV_416,US_8973,MV_4606,2.9,Could be better.,2025-10-08 19:54:27
REV_417,US_6643,MV_1187,9.6,Great movie!,2025-11-14 01:37:54
REV_418,US_5897,MV_9621,4.0,Great movie!,2024-05-27 02:24:30
REV_419,US_7875,MV_8413,7.4,Could be better.,2025-07-25 09:18:02
REV_420,US_342,MV_7843,5.6,Could be better.,2025-03-11 07:20:45
REV_421,US_5679,MV_930,8.0,Could be better.,2024-05-10 06:05:03
REV_422,US_5292,MV_6635,8.1,Could be better.,2024-08-04 09:23:14
REV_423,US_3388,MV_4130,9.8,Great movie!,2025-07-31 10:54:33
REV_424,US_5000,MV_4085,4.0,Great movie!,2025-12-01 16:36:26
REV_425,US_5289,MV_3037,1.4,Could be better.,2024-02-06 09:35:21
REV_426,US_2719,MV_5378,8.8,Could be better.,2025-06-01 05:17:01
REV_427,US_4639,MV_7761,7.1,Great movie!,2024-12-05 21:14:57
REV_428,US_7187,MV_6232,7.7,Great movie!,2024-07-19 22:39:13
REV_429,US_9499,MV_9236,4.2,Could be better.,2025-10-22 06:36:57
REV_430,US_7106,MV_3485,9.5,Could be better.,2025-05-25 07:36:36
REV_431,US_7540,MV_2646,8.1,Could be better.,2025-12-08 14:07:02
REV_432,US_1442,MV_3138,5.7,Great movie!,2024-10-21 09:37:04
REV_433,US_1922,MV_6498,2.6,Great movie!,2025-09-04 05:19:40
REV_434,US_7611,MV_4143,3.2,Great movie!,2025-11-17 08:01:30
REV_435,US_5902,MV_3968,4.7,Could be better.,2024-08-31 02:13:24
REV_436,US_6095,MV_2581,1.3,Could be better.,2024-05-02 16:53:08
REV_437,US_9127,MV_2652,6.8,Could be better.,2025-12-13 05:22:54
REV_438,US_3988,MV_8939,2.4,Great movie!,2025-02-11 22:45:14
REV_439,US_1878,MV_263,6.9,Great movie!,2025-03-05 01:57:09
REV_440,US_4418,MV_9,2.8,Could be better.,2025-01-31 03:32:14
REV_441,US_7176,MV_2633,9.3,Could be better.,2024-11-30 01:55:22
REV_442,US_1087,MV_8258,7.8,Could be better.,2025-02-18 23:26:10
REV_443,US_4249,MV_5716,8.9,Could be better.,2024-03-10 08:23:34
REV_444,US_1457,MV_2790,1.3,Great movie!,2024-11-27 02:51:05
REV_445,US_6757,MV_829,4.8,Great movie!,2024-09-02 01:40:12
REV_446,US_8839,MV_7483,5.1,Could be better.,2025-01-29 22:57:27
REV_448,US_3935,MV_966,6.2,Could be better.,2025-10-30 06:35:24
REV_449,US_824,MV_1276,4.0,Great movie!,2025-01-04 01:24:39
REV_450,US_8484,MV_9364,1.7,Great movie!,2024-05-09 08:03:00
REV_451,US_9914,MV_2898,7.8,Could be better.,2024-08-08 19:49:30
REV_452,US_7017,MV_9876,7.3,Great movie!,2025-01-12 02:43:56
REV_453,US_3442,MV_7469,6.8,Great movie!,2025-05-14 11:51:50
REV_454,US_393,MV_5190,7.8,Could be better.,2024-11-11 09:18:01
REV_455,US_7845,MV_401,1.3,Great movie!,2024-09-07 20:44:21
REV_456,US_4537,MV_8112,2.8,Could be better.,2025-02-21 18:04:26
REV_457,US_250,MV_5336,3.6,Great movie!,2025-08-21 01:40:38
REV_458,US_4623,MV_9042,2.0,Great movie!,2024-10-08 16:14:26
REV_459,US_5802,MV_3851,4.6,Could be better.,2024-05-22 22:34:03
REV_460,US_8972,MV_9190,2.4,Could be better.,2024-11-04 18:15:46
REV_461,US_8554,MV_5877,2.1,Could be better.,2024-09-28 06:10:17
REV_462,US_7837,MV_7344,1.6,Could be better.,2024-10-30 22:25:54
REV_463,US_2665,MV_2968,2.8,Could be better.,2025-03-25 19:46:20
REV_464,US_2844,MV_5258,7.4,Great movie!,2024-01-18 11:45:38
REV_465,US_9701,MV_6069,2.9,Great movie!,2025-09-02 22:54:56
REV_466,US_3431,MV_5651,3.9,Could be better.,2025-09-17 23:21:55
REV_467,US_2227,MV_4041,1.5,Could be better.,2025-12-09 17:00:13
REV_468,US_6941,MV_8079,2.9,Could be better.,2025-01-19 06:45:53
REV_470,US_7629,MV_7031,3.4,Could be better.,2025-06-15 19:33:21
REV_471,US_9877,MV_2902,9.3,Great movie!,2025-11-12 14:40:30
REV_472,US_5200,MV_1310,9.9,Great movie!,2024-06-06 13:04:11
REV_473,US_3666,MV_381,4.8,Great movie!,2025-09-30 00:04:32
REV_474,US_4841,MV_8171,4.5,Great movie!,2025-10-07 00:10:42
REV_475,US_7322,MV_3893,8.0,Could be better.,2024-08-30 15:29:27
REV_476,US_4807,MV_1112,4.3,Could be better.,2025-01-04 00:25:15
REV_477,US_8715,MV_2959,8.8,Great movie!,2025-05-29 12:00:43
REV_478,US_440,MV_4763,9.4,Could be better.,2025-03-05 08:47:09
REV_479,US_5104,MV_8931,2.8,Could be better.,2025-11-30 19:17:56
REV_480,US_1074,MV_5700,6.0,Could be better.,2025-10-23 06:09:53
REV_481,US_1865,MV_652,9.8,Could be better.,2025-03-05 13:22:09
REV_482,US_6397,MV_7831,3.7,Could be better.,2024-02-10 04:03:05
REV_483,US_819,MV_8289,4.3,Could be better.,2024-05-06 09:40:21
REV_484,US_1335,MV_4907,2.7,Could be better.,2025-11-08 04:34:58
REV_485,US_5176,MV_9928,5.0,Great movie!,2025-04-15 03:01:19
REV_487,US_5003,MV_6836,7.3,Great movie!,2024-01-12 10:51:51
REV_488,US_9539,MV_2964,1.9,Could be better.,2024-06-09 03:54:35
REV_489,US_8066,MV_9328,4.5,Great movie!,2025-02-07 13:43:37
REV_490,US_8323,MV_5222,3.3,Could be better.,2025-10-22 00:01:52
REV_492,US_3224,MV_1263,5.2,Great movie!,2025-10-16 18:42:59
REV_493,US_960,MV_7650,1.7,Could be better.,2025-02-28 15:20:55
REV_494,US_1959,MV_3492,8.2,Could be better.,2024-09-10 14:00:03
REV_495,US_7245,MV_9908,1.7,Great movie!,2024-05-26 13:18:12
REV_496,US_6475,MV_5042,1.2,Could be better.,2024-11-23 18:36:54
REV_497,US_1055,MV_1237,8.3,Could be better.,2025-09-22 08:44:38
REV_498,US_3009,MV_2127,4.8,Great movie!,2025-01-28 07:13:59
REV_499,US_1427,MV_1928,3.3,Great movie!,2024-04-30 18:11:00
REV_500,US_6843,MV_2925,4.2,Great movie!,2024-04-19 08:03:16
REV_501,US_1425,MV_6548,3.3,Great movie!,2025-04-26 09:59:17
REV_502,US_9069,MV_6038,8.7,Great movie!,2025-08-11 03:08:18
REV_503,US_3461,MV_3985,2.0,Could be better.,2024-11-11 05:26:30
REV_504,US_9617,MV_118,4.6,Great movie!,2025-05-20 02:06:27
REV_505,US_5138,MV_5899,6.6,Great movie!,2025-04-22 00:58:57
REV_506,US_366,MV_9187,7.7,Great movie!,2025-10-01 07:11:27
REV_507,US_6252,MV_218,9.4,Could be better.,2024-02-27 00:04:22
REV_508,US_794,MV_8786,8.9,Great movie!,2024-10-16 07:32:53
REV_509,US_4813,MV_3357,4.9,Great movie!,2025-09-12 09:32:44
REV_510,US_4390,MV_5697,4.7,Great movie!,2024-03-17 16:19:12
REV_511,US_4127,MV_7341,3.3,Could be better.,2024-10-22 18:30:55
REV_512,US_7446,MV_8863,9.0,Could be better.,2024-07-15 01:39:14
REV_513,US_3514,MV_8209,3.8,Could be better.,2025-11-15 11:09:42
REV_514,US_3844,MV_9534,8.1,Could be better.,2024-07-06 16:30:44
REV_515,US_2301,MV_6223,7.2,Could be better.,2024-01-30 04:34:55
REV_517,US_238,MV_4377,8.7,Great movie!,2025-05-02 01:35:49
REV_518,US_6264,MV_4592,6.0,Great movie!,2025-11-29 03:23:45
REV_519,US_4003,MV_8921,4.8,Great movie!,2024-10-30 20:13:33
REV_520,US_6410,MV_3037,2.3,Could be better.,2024-04-04 23:09:05
REV_521,US_4979,MV_9361,1.1,Great movie!,2024-12-08 13:59:20
REV_522,US_8589,MV_1913,5.6,Could be better.,2025-12-19 23:50:40
REV_523,US_8064,MV_8280,8.7,Great movie!,2025-01-22 16:25:35
REV_524,US_9926,MV_5361,2.9,Could be better.,2025-12-13 18:05:26
REV_525,US_2806,MV_5507,3.5,Great movie!,2024-07-18 00:36:57
REV_526,US_456,MV_1279,7.9,Could be better.,2024-05-07 17:43:18
REV_527,US_7626,MV_8285,5.4,Great movie!,2025-04-10 05:11:10
REV_528,US_825,MV_255,9.7,Great movie!,2024-06-26 20:12:55
REV_529,US_2437,MV_5302,9.1,Great movie!,2025-10-02 09:27:42
REV_530,US_3358,MV_4115,9.1,Great movie!,2025-03-24 14:08:13
REV_531,US_3734,MV_6723,8.8,Could be better.,2024-12-07 19:51:40
REV_532,US_2560,MV_3703,7.3,Great movie!,2024-12-26 09:01:33
REV_533,US_2852,MV_7774,9.4,Great movie!,2025-06-07 06:45:31
REV_535,US_8969,MV_1870,1.2,Could be better.,2024-07-08 05:25:34
REV_536,US_3905,MV_6284,5.8,Could be better.,2024-05-19 21:49:39
REV_537,US_3426,MV_2600,1.8,Great movie!,2024-01-06 18:34:09
REV_538,US_3225,MV_2948,4.6,Great movie!,2024-08-20 14:15:52
REV_539,US_2172,MV_7710,1.0,Great movie!,2024-11-28 20:33:09
REV_540,US_7469,MV_781,8.2,Could be better.,2025-04-19 03:55:49
REV_541,US_21,MV_730,6.8,Great movie!,2024-12-28 23:37:55
REV_542,US_8132,MV_4646,8.1,Could be better.,2024-05-22 06:26:13
REV_543,US_3966,MV_5473,3.4,Could be better.,2024-07-23 13:18:30
REV_544,US_7033,MV_3915,3.2,Could be better.,2025-08-10 09:23:37
REV_545,US_8780,MV_5635,2.5,Great movie!,2024-11-01 02:26:12
REV_546,US_1122,MV_9919,10.0,Could be better.,2025-08-06 12:48:37
REV_547,US_2557,MV_4647,2.0,Could be better.,2024-04-24 19:47:56
REV_548,US_5813,MV_9190,6.8,Could be better.,2024-09-05 17:26:54
REV_549,US_5050,MV_889,8.9,Could be better.,2024-07-15 00:23:29
REV_550,US_7434,MV_1961,8.4,Could be better.,2025-04-27 22:19:16
REV_551,US_7611,MV_6706,6.3,Could be better.,2025-03-25 18:50:25
REV_552,US_1892,MV_6139,5.6,Great movie!,2025-07-03 08:18:16
REV_553,US_7061,MV_493,3.9,Great movie!,2024-01-11 00:44:57
REV_554,US_3000,MV_8443,5.2,Great movie!,2024-01-23 06:16:48
REV_555,US_9259,MV_9011,4.0,Could be better.,2024-10-13 16:06:50
REV_556,US_9704,MV_5676,2.2,Great movie!,2025-08-25 00:01:32
REV_557,US_5106,MV_6840,3.7,Could be better.,2024-07-13 10:18:09
REV_558,US_4704,MV_774,7.1,Could be better.,2025-02-20 06:11:08
REV_559,US_8291,MV_8068,8.9,Great movie!,2024-09-21 04:28:14
REV_560,US_8943,MV_6769,1.6,Could be better.,2025-12-24 01:59:24
REV_561,US_7670,MV_673,5.1,Could be better.,2024-08-19 20:32:22
REV_562,US_4011,MV_9284,5.0,Great movie!,2025-10-29 13:55:25
REV_563,US_3308,MV_8649,8.4,Could be better.,2024-12-09 23:15:08
REV_564,US_6681,MV_7416,5.8,Could be better.,2024-03-05 06:46:57
REV_565,US_7064,MV_7480,3.6,Great movie!,2025-06-29 21:02:10
REV_566,US_9827,MV_293,5.5,Great movie!,2024-08-19 11:34:23
REV_567,US_746,MV_9197,2.3,Great movie!,2024-06-25 16:27:47
REV_568,US_1870,MV_3603,7.5,Could be better.,2025-08-29 21:22:08
REV_569,US_6745,MV_2435,9.0,Could be better.,2024-06-17 00:47:05
REV_570,US_240,MV_2555,1.8,Great movie!,2024-02-17 18:53:24
REV_571,US_619,MV_1507,1.6,Great movie!,2024-09-10 05:38:33
REV_572,US_5524,MV_6150,8.2,Could be better.,2025-03-16 09:38:30
REV_573,US_413,MV_2008,6.3,Great movie!,2025-09-23 08:35:53
REV_574,US_1828,MV_2934,6.8,Could be better.,2025-04-23 12:16:40
REV_575,US_1213,MV_8038,4.5,Great movie!,2025-11-19 12:40:45
REV_576,US_1259,MV_7409,3.6,Could be better.,2024-05-01 21:08:26
REV_578,US_8961,MV_1873,4.5,Could be better.,2025-03-29 10:02:10
REV_579,US_8668,MV_6447,6.0,Great movie!,2025-09-10 18:17:51
REV_580,US_2045,MV_5678,1.4,Great movie!,2025-12-04 13:42:18
REV_581,US_8341,MV_9370,4.6,Great movie!,2025-08-06 17:59:28
REV_582,US_2862,MV_4057,5.2,Great movie!,2024-11-29 13:26:55
REV_583,US_2965,MV_8845,6.6,Could be better.,2025-05-09 04:22:12
REV_584,US_5536,MV_7522,4.0,Could be better.,2025-07-18 14:56:03
REV_585,US_8038,MV_3310,8.9,Great movie!,2025-01-21 05:39:09
REV_586,US_5107,MV_3899,5.2,Great movie!,2025-01-15 23:47:49
REV_587,US_8151,MV_3540,5.9,Great movie!,2025-06-24 23:07:42
REV_589,US_2942,MV_8929,6.9,Could be better.,2024-12-22 08:16:38
REV_590,US_2341,MV_7955,1.6,Great movie!,2024-01-15 09:49:19
REV_591,US_8693,MV_381,8.1,Great movie!,2024-12-15 15:59:14
REV_593,US_4165,MV_401,1.4,Great movie!,2024-09-12 03:10:14
REV_594,US_1801,MV_8820,1.2,Great movie!,2025-09-11 15:13:03
REV_595,US_1488,MV_1368,6.9,Could be better.,2025-03-14 23:22:09
REV_596,US_872,MV_8319,4.5,Great movie!,2025-07-18 10:27:51
REV_597,US_3673,MV_4438,1.1,Great movie!,2024-11-07 05:39:27
REV_598,US_5517,MV_8390,9.4,Could be better.,2024-06-15 00:32:47
REV_599,US_4799,MV_8000,1.1,Great movie!,2024-09-02 17:50:37
REV_600,US_9203,MV_8995,3.0,Great movie!,2024-07-03 16:07:53
REV_601,US_6156,MV_897,8.0,Could be better.,2024-03-05 20:27:59
REV_602,US_593,MV_5649,4.1,Great movie!,2024-09-07 15:48:23
REV_603,US_3755,MV_9516,4.7,Great movie!,2024-08-25 18:58:03
REV_604,US_4943,MV_9626,6.8,Could be better.,2024-04-22 16:19:00
REV_605,US_9675,MV_2035,2.9,Great movie!,2024-07-28 14:42:32
REV_606,US_2499,MV_937,7.9,Could be better.,2024-09-09 21:08:34
REV_607,US_9013,MV_2495,4.9,Could be better.,2024-04-29 16:36:16
REV_608,US_6589,MV_4611,6.6,Could be better.,2024-12-09 21:07:11
REV_609,US_6328,MV_4964,1.5,Great movie!,2025-06-30 23:05:51
REV_610,US_4393,MV_2783,4.9,Could be better.,2025-04-28 04:50:46
REV_611,US_647,MV_3407,6.6,Could be better.,2025-06-29 20:59:08
REV_612,US_1166,MV_4981,4.1,Could be better.,2025-03-12 09:54:42
REV_613,US_4182,MV_2918,3.0,Could be better.,2025-10-22 18:44:13
REV_614,US_6231,MV_1461,9.9,Could be better.,2024-09-08 20:56:07
REV_615,US_1104,MV_5006,3.7,Could be better.,2024-10-29 18:33:45
REV_616,US_683,MV_7136,9.9,Could be better.,2024-06-03 12:39:07
REV_617,US_4796,MV_9783,3.1,Could be better.,2024-06-11 04:07:08
REV_618,US_1034,MV_882,8.3,Could be better.,2025-06-03 21:09:51
REV_619,US_752,MV_7801,3.9,Could be better.,2025-04-23 23:30:24
REV_620,US_6891,MV_3880,2.2,Could be better.,2024-04-30 00:30:43
REV_621,US_5634,MV_9607,1.6,Great movie!,2025-08-19 05:33:48
REV_624,US_9497,MV_215,3.6,Great movie!,2024-01-29 20:17:32
REV_625,US_4083,MV_1416,2.4,Great movie!,2025-05-13 03:51:47
REV_626,US_9748,MV_7809,4.0,Could be better.,2025-08-07 00:14:53
REV_627,US_3693,MV_6715,4.9,Could be better.,2024-02-07 20:46:15
REV_628,US_4558,MV_8389,9.3,Great movie!,2024-11-21 09:55:04
REV_629,US_7059,MV_1109,1.2,Great movie!,2024-11-23 23:45:20
REV_630,US_9653,MV_494,8.3,Great movie!,2025-07-03 17:32:50
REV_631,US_3790,MV_1323,4.1,Could be better.,2025-10-09 17:40:35
REV_632,US_6886,MV_4073,3.6,Great movie!,2025-03-19 14:51:07
REV_633,US_6270,MV_4136,7.3,Could be better.,2025-04-01 13:28:14
REV_634,US_2117,MV_5147,6.3,Great movie!,2025-07-08 13:11:43
REV_635,US_9110,MV_607,4.0,Could be better.,2025-09-25 20:22:43
REV_636,US_7466,MV_4268,8.8,Could be better.,2024-05-03 07:49:25
REV_637,US_9844,MV_4377,7.1,Could be better.,2024-11-12 05:46:51
REV_638,US_2711,MV_8258,2.6,Could be better.,2025-09-25 00:10:46
REV_639,US_8010,MV_7711,3.2,Could be better.,2025-12-22 17:46:37
REV_640,US_9192,MV_1360,9.5,Great movie!,2024-01-12 01:29:18
REV_641,US_9888,MV_2824,1.6,Could be better.,2024-09-10 20:37:58
REV_644,US_380,MV_2685,2.8,Great movie!,2025-06-04 00:45:33
REV_645,US_3877,MV_3700,4.8,Great movie!,2025-07-12 05:53:07
REV_647,US_2497,MV_7172,9.4,Great movie!,2024-06-20 11:44:43
REV_648,US_8998,MV_9764,9.7,Could be better.,2024-04-20 09:31:53
REV_649,US_6095,MV_4703,2.2,Could be better.,2025-06-23 03:10:12
REV_650,US_5154,MV_9611,1.7,Great movie!,2024-11-03 12:58:10
REV_651,US_1173,MV_7542,2.2,Could be better.,2025-09-25 18:39:05
REV_652,US_958,MV_2812,5.4,Great movie!,2024-09-16 22:41:53
REV_653,US_4740,MV_8832,2.1,Could be better.,2025-11-08 08:23:21
REV_654,US_1096,MV_8206,7.0,Could be better.,2025-11-07 00:33:13
REV_655,US_970,MV_6740,9.5,Great movie!,2024-09-15 23:40:34
REV_656,US_1622,MV_6120,4.9,Could be better.,2024-05-25 22:45:59
REV_657,US_319,MV_3157,5.8,Great movie!,2025-08-21 06:56:06
REV_658,US_1152,MV_221,3.2,Great movie!,2024-03-23 14:13:35
REV_659,US_5883,MV_2180,6.8,Could be better.,2025-08-21 00:50:51
REV_661,US_8826,MV_1932,1.9,Could be better.,2025-11-01 01:09:17
REV_662,US_4263,MV_5528,3.4,Could be better.,2025-07-16 05:39:22
REV_663,US_3535,MV_924,5.7,Could be better.,2025-01-07 15:17:02
REV_664,US_1992,MV_9769,6.1,Could be better.,2024-06-22 05:39:50
REV_665,US_2239,MV_2496,7.9,Great movie!,2025-03-13 12:34:52
REV_666,US_1902,MV_1776,1.0,Great movie!,2025-05-16 07:37:06
REV_667,US_9351,MV_3763,6.1,Could be better.,2024-03-13 11:42:24
REV_668,US_6650,MV_7083,7.4,Great movie!,2025-06-08 02:22:45
REV_670,US_6589,MV_3702,6.3,Great movie!,2025-02-08 14:59:44
REV_672,US_5406,MV_4125,3.9,Great movie!,2024-01-06 23:07:06
REV_673,US_5818,MV_2884,4.7,Could be better.,2025-06-19 08:18:43
REV_674,US_9827,MV_8065,6.8,Great movie!,2024-03-30 01:14:38
REV_676,US_5883,MV_994,4.7,Great movie!,2024-02-28 03:21:40
REV_677,US_1799,MV_8517,4.0,Could be better.,2025-05-31 14:39:04
REV_678,US_1670,MV_5275,5.8,Could be better.,2025-06-10 03:35:43
REV_679,US_1805,MV_4941,1.7,Could be better.,2025-11-30 00:54:57
REV_680,US_9011,MV_7971,8.8,Great movie!,2024-06-08 19:21:01
REV_681,US_1191,MV_8819,7.5,Could be better.,2025-04-27 01:49:20
REV_682,US_286,MV_8611,5.3,Could be better.,2024-05-02 15:53:23
REV_683,US_8987,MV_6854,9.0,Great movie!,2025-01-13 23:07:10
REV_684,US_9076,MV_3166,5.1,Great movie!,2025-08-19 12:56:24
REV_685,US_5838,MV_5381,9.3,Great movie!,2024-10-09 03:51:25
REV_686,US_5051,MV_8654,9.4,Could be better.,2024-06-02 19:17:20
REV_688,US_8461,MV_5813,8.3,Great movie!,2025-08-05 12:10:14
REV_689,US_5629,MV_4632,2.1,Could be better.,2025-05-21 16:20:28
REV_690,US_2585,MV_4320,3.3,Could be better.,2024-10-29 17:07:19
REV_691,US_2396,MV_9683,5.8,Could be better.,2025-09-28 21:25:16
REV_692,US_2099,MV_3440,2.5,Could be better.,2024-01-29 16:15:52
REV_693,US_2830,MV_7007,8.4,Great movie!,2024-12-31 21:24:49
REV_694,US_3188,MV_318,6.4,Great movie!,2025-03-17 14:42:26
REV_695,US_6315,MV_2488,3.6,Could be better.,2025-05-16 17:38:27
REV_696,US_5398,MV_9202,5.9,Could be better.,2025-06-13 11:13:24
REV_697,US_50,MV_5468,6.0,Could be better.,2025-04-28 21:52:36
REV_698,US_2228,MV_4057,6.4,Great movie!,2024-07-11 04:56:02
REV_699,US_9834,MV_3821,7.9,Great movie!,2025-05-29 00:29:19
REV_700,US_711,MV_5476,5.6,Could be better.,2025-08-19 17:29:09
REV_701,US_3054,MV_6054,7.0,Great movie!,2024-03-25 17:03:49
REV_702,US_412,MV_2148,8.1,Great movie!,2024-01-14 21:34:25
REV_703,US_9167,MV_3585,10.0,Could be better.,2025-07-12 14:09:23
REV_704,US_1610,MV_6750,10.0,Great movie!,2025-11-05 06:35:30
REV_705,US_8042,MV_6732,9.2,Could be better.,2024-03-12 22:19:55
REV_706,US_1482,MV_9887,7.4,Great movie!,2024-01-26 01:46:05
REV_707,US_9333,MV_4829,4.3,Could be better.,2024-10-21 23:17:56
REV_708,US_1114,MV_767,4.8,Great movie!,2024-12-21 03:34:58
REV_709,US_9833,MV_4957,5.9,Great movie!,2025-12-12 20:56:54
REV_711,US_2856,MV_855,2.9,Great movie!,2025-09-25 08:59:22
REV_713,US_407,MV_9739,6.1,Could be better.,2025-05-18 16:16:58
REV_714,US_6590,MV_7455,2.3,Great movie!,2025-08-09 01:55:10
REV_715,US_8263,MV_9315,8.2,Great movie!,2025-10-26 09:43:24
REV_716,US_2002,MV_3284,5.6,Could be better.,2025-11-14 07:08:13
REV_717,US_7014,MV_7141,5.5,Could be better.,2025-07-11 00:14:30
REV_718,US_4038,MV_9667,5.3,Great movie!,2024-06-01 00:20:01
REV_719,US_4127,MV_2630,4.9,Could be better.,2024-10-17 20:31:14
REV_721,US_4747,MV_8851,3.3,Could be better.,2025-07-28 17:05:58
REV_722,US_8965,MV_3421,1.8,Great movie!,2024-09-04 23:10:19
REV_723,US_4031,MV_1842,6.0,Could be better.,2024-11-12 03:53:02
REV_725,US_796,MV_5525,7.1,Could be better.,2025-11-01 19:59:26
REV_726,US_8533,MV_9937,6.7,Could be better.,2025-08-06 18:40:37
REV_727,US_1468,MV_1562,2.9,Could be better.,2024-11-09 04:51:05
REV_728,US_1939,MV_2181,10.0,Great movie!,2025-06-12 12:47:04
REV_730,US_7222,MV_8463,2.4,Great movie!,2024-07-21 06:56:43
REV_732,US_1427,MV_5302,8.8,Could be better.,2024-11-02 12:28:26
REV_733,US_1517,MV_4695,4.0,Great movie!,2024-08-16 21:58:04
REV_734,US_1878,MV_3194,9.7,Could be better.,2024-07-19 13:20:38
REV_735,US_74,MV_9556,7.2,Great movie!,2025-10-03 22:02:00
REV_736,US_9619,MV_5007,9.4,Could be better.,2024-04-08 02:08:40
REV_737,US_9391,MV_6475,4.0,Could be better.,2024-06-13 07:36:34
REV_738,US_1476,MV_4572,9.0,Great movie!,2025-09-04 10:53:14
REV_739,US_5831,MV_2973,8.5,Great movie!,2025-11-12 07:22:24
REV_741,US_2905,MV_3409,3.7,Great movie!,2025-08-02 08:08:09
REV_742,US_9613,MV_2319,8.3,Could be better.,2025-12-24 14:37:55
REV_743,US_5344,MV_5020,2.7,Great movie!,2025-10-21 06:37:20
REV_744,US_6962,MV_2912,4.6,Great movie!,2024-08-31 19:02:22
REV_745,US_5259,MV_7437,7.1,Great movie!,2024-04-24 16:02:19
REV_746,US_8331,MV_8738,8.0,Could be better.,2024-08-01 11:44:20
REV_747,US_5890,MV_7760,2.3,Great movie!,2024-05-21 03:43:16
REV_748,US_5967,MV_3485,1.2,Could be better.,2025-03-18 18:57:07
REV_749,US_5008,MV_4949,4.8,Great movie!,2024-05-11 21:25:01
REV_750,US_2561,MV_7978,3.0,Great movie!,2024-06-01 21:12:28
REV_751,US_1854,MV_8185,2.2,Could be better.,2025-08-03 06:25:38
REV_752,US_1558,MV_1687,3.5,Great movie!,2025-02-24 19:46:28
REV_753,US_1351,MV_3365,2.9,Great movie!,2024-11-03 20:36:10
REV_754,US_7564,MV_8380,9.4,Great movie!,2025-01-18 15:15:56
REV_755,US_4670,MV_3845,2.0,Great movie!,2024-02-20 05:45:16
REV_756,US_2552,MV_5314,4.3,Great movie!,2024-01-14 21:29:38
REV_757,US_5479,MV_6351,7.4,Could be better.,2024-08-24 04:40:49
REV_758,US_2298,MV_7566,9.2,Could be better.,2025-06-13 19:17:29
REV_759,US_531,MV_4001,8.7,Great movie!,2025-01-18 23:19:57
REV_760,US_6422,MV_8510,1.5,Great movie!,2025-03-17 12:44:02
REV_761,US_9424,MV_5057,8.5,Great movie!,2024-12-09 22:54:23
REV_762,US_3441,MV_936,8.9,Could be better.,2025-05-11 11:02:20
REV_763,US_9504,MV_3859,4.1,Great movie!,2025-09-16 20:34:38
REV_764,US_1507,MV_7555,2.1,Great movie!,2024-12-26 20:39:25
REV_765,US_3837,MV_4780,4.4,Great movie!,2024-11-16 04:53:44
REV_766,US_8575,MV_6929,2.3,Great movie!,2024-08-04 13:06:12
REV_767,US_4419,MV_2215,9.5,Great movie!,2024-02-16 07:39:10
REV_769,US_5810,MV_3848,1.3,Great movie!,2024-01-02 12:12:59
REV_770,US_5320,MV_7010,5.8,Great movie!,2024-10-22 14:10:49
REV_771,US_6415,MV_946,7.1,Could be better.,2024-04-13 22:08:37
REV_772,US_3412,MV_8901,6.2,Great movie!,2025-12-22 05:11:36
REV_774,US_444,MV_3113,6.8,Great movie!,2025-05-08 04:12:23
REV_775,US_6148,MV_1076,8.8,Great movie!,2024-11-15 12:24:25
REV_776,US_4036,MV_6550,7.3,Could be better.,2024-04-16 19:57:04
REV_777,US_7225,MV_2922,9.0,Great movie!,2024-08-22 20:13:21
REV_778,US_2433,MV_9103,5.8,Great movie!,2025-01-30 03:57:47
REV_779,US_238,MV_9179,4.0,Could be better.,2025-04-14 14:33:50
REV_780,US_3460,MV_6937,3.1,Could be better.,2025-06-03 05:25:12
REV_781,US_3128,MV_5680,7.0,Great movie!,2025-09-18 03:08:23
REV_782,US_4831,MV_183,8.2,Could be better.,2025-12-12 07:31:00
REV_783,US_9198,MV_2572,4.3,Great movie!,2025-04-15 10:44:20
REV_784,US_9463,MV_7216,4.0,Could be better.,2024-08-02 10:29:56
REV_785,US_8845,MV_4999,1.3,Could be better.,2024-08-18 21:00:44
REV_786,US_1041,MV_3754,4.6,Could be better.,2025-04-16 13:11:18
REV_787,US_6886,MV_2739,6.4,Could be better.,2024-09-20 02:44:18
REV_788,US_1059,MV_486,9.0,Could be better.,2025-06-23 14:21:08
REV_789,US_8554,MV_3327,2.7,Could be better.,2024-07-14 21:11:19
REV_790,US_2363,MV_3841,6.6,Could be better.,2024-09-03 09:05:05
REV_791,US_4030,MV_8440,3.6,Great movie!,2025-11-29 05:42:54
REV_792,US_8476,MV_1298,3.2,Could be better.,2025-06-16 03:33:00
REV_793,US_8545,MV_9334,8.2,Could be better.,2024-08-04 15:45:28
REV_794,US_872,MV_1759,4.3,Could be better.,2024-12-10 07:00:49
REV_795,US_5668,MV_522,8.8,Could be better.,2025-02-01 19:58:24
REV_796,US_4526,MV_35,3.3,Great movie!,2025-01-18 08:47:54
REV_797,US_5804,MV_6258,2.1,Great movie!,2025-07-11 10:34:23
REV_798,US_5977,MV_5683,6.2,Could be better.,2024-03-01 06:50:41
REV_799,US_8754,MV_8540,9.9,Great movie!,2025-06-25 15:41:54
REV_800,US_2632,MV_4875,3.6,Could be better.,2025-07-19 21:32:38
REV_801,US_9079,MV_9966,3.7,Great movie!,2025-03-26 14:33:56
REV_802,US_2806,MV_9105,5.8,Could be better.,2025-02-15 09:21:35
REV_803,US_5418,MV_2465,8.9,Could be better.,2024-04-11 02:29:11
REV_804,US_2774,MV_9220,4.6,Great movie!,2024-12-10 12:20:12
REV_805,US_7143,MV_7840,5.1,Great movie!,2025-04-07 01:59:51
REV_806,US_347,MV_7878,7.6,Great movie!,2025-03-15 23:55:15
REV_807,US_7600,MV_7023,8.9,Could be better.,2024-10-29 00:51:48
REV_808,US_742,MV_7970,4.5,Great movie!,2024-10-05 15:29:03
REV_809,US_9616,MV_4963,5.2,Great movie!,2025-04-11 09:11:41
REV_810,US_2486,MV_7127,3.3,Could be better.,2025-08-10 12:50:49
REV_811,US_1154,MV_4366,5.0,Could be better.,2024-05-12 18:09:08
REV_812,US_3858,MV_699,9.0,Great movie!,2024-10-24 17:38:04
REV_813,US_8056,MV_9763,7.9,Could be better.,2024-05-04 00:24:40
REV_814,US_2731,MV_3627,5.3,Great movie!,2025-05-05 00:32:39
REV_815,US_5653,MV_4554,9.9,Great movie!,2024-05-23 02:04:55
REV_816,US_2388,MV_2273,8.8,Could be better.,2025-05-17 17:15:05
REV_817,US_6711,MV_7448,3.3,Could be better.,2024-10-07 05:39:09
REV_818,US_4018,MV_9376,8.0,Great movie!,2025-04-29 03:46:32
REV_819,US_889,MV_847,6.5,Great movie!,2025-07-08 02:21:07
REV_820,US_8987,MV_8527,8.2,Great movie!,2024-06-04 15:38:17
REV_821,US_6443,MV_5325,5.7,Could be better.,2024-04-06 14:41:12
REV_822,US_1971,MV_5018,4.5,Could be better.,2024-10-02 06:38:18
REV_823,US_4548,MV_653,2.6,Great movie!,2024-07-12 18:11:15
REV_824,US_3386,MV_232,8.4,Great movie!,2024-06-06 22:51:03
REV_825,US_762,MV_8045,9.6,Great movie!,2024-01-20 00:41:55
REV_826,US_9985,MV_6116,9.2,Could be better.,2025-04-13 09:33:48
REV_827,US_696,MV_1684,9.0,Could be better.,2025-06-05 15:05:56
REV_828,US_8656,MV_9685,6.3,Great movie!,2025-06-08 00:49:42
REV_829,US_7391,MV_2432,3.9,Could be better.,2025-06-06 00:54:39
REV_830,US_6981,MV_5591,6.7,Great movie!,2024-09-18 07:12:26
REV_831,US_9452,MV_1418,8.2,Great movie!,2025-04-03 20:52:51
REV_832,US_3355,MV_3700,3.4,Could be better.,2024-11-03 00:05:31
REV_833,US_3687,MV_9606,9.5,Great movie!,2024-01-11 03:30:29
REV_834,US_3667,MV_508,6.8,Great movie!,2024-12-21 02:17:19
REV_835,US_3204,MV_5908,7.0,Could be better.,2024-04-13 17:41:06
REV_837,US_636,MV_777,8.5,Great movie!,2024-06-12 17:36:47
REV_838,US_3657,MV_4767,1.8,Great movie!,2025-07-20 17:56:41
REV_839,US_1983,MV_3269,3.6,Could be better.,2025-06-27 05:57:40
REV_840,US_9313,MV_2945,2.5,Great movie!,2024-09-07 12:55:50
REV_841,US_9579,MV_9588,7.2,Great movie!,2025-09-25 17:55:16
REV_842,US_7373,MV_588,1.1,Could be better.,2025-07-01 18:47:03
REV_843,US_2627,MV_9949,1.0,Great movie!,2024-06-25 16:31:17
REV_844,US_7063,MV_2071,8.0,Great movie!,2025-06-02 10:35:00
REV_845,US_1713,MV_6134,8.5,Great movie!,2024-09-19 15:35:53
REV_846,US_2864,MV_9786,8.2,Great movie!,2024-04-09 11:47:44
REV_847,US_8400,MV_1348,6.4,Could be better.,2024-03-20 01:54:29
REV_848,US_5832,MV_3357,8.9,Great movie!,2025-12-04 20:20:56
REV_849,US_2638,MV_9583,1.2,Could be better.,2025-12-16 21:42:44
REV_850,US_1679,MV_2965,6.8,Could be better.,2025-04-10 01:31:45
REV_851,US_4068,MV_1937,5.9,Great movie!,2025-11-14 05:58:56
REV_852,US_2124,MV_3957,10.0,Great movie!,2024-06-15 17:06:00
REV_853,US_1773,MV_9187,2.4,Could be better.,2025-02-24 15:10:23
REV_854,US_4383,MV_6367,3.2,Great movie!,2025-02-12 05:51:36
REV_855,US_3333,MV_6751,1.6,Great movie!,2025-05-02 06:57:33
REV_856,US_5177,MV_9699,9.9,Could be better.,2024-03-23 12:37:00
REV_857,US_4406,MV_6850,4.5,Could be better.,2024-04-18 18:22:33
REV_858,US_483,MV_6302,1.8,Could be better.,2025-08-09 14:15:51
REV_859,US_6393,MV_125,7.0,Great movie!,2025-12-07 23:25:42
REV_860,US_2964,MV_3667,3.0,Great movie!,2024-01-15 02:57:34
REV_861,US_6902,MV_609,4.0,Great movie!,2024-10-02 22:10:49
REV_862,US_4240,MV_9825,6.6,Great movie!,2025-06-15 02:18:03
REV_863,US_7973,MV_3913,1.7,Could be better.,2025-02-10 15:38:45
REV_864,US_521,MV_1880,3.1,Great movie!,2025-04-17 14:53:58
REV_865,US_833,MV_970,5.9,Great movie!,2024-11-18 07:10:45
REV_866,US_6164,MV_2414,9.7,Could be better.,2025-02-12 00:41:39
REV_867,US_2097,MV_6289,9.8,Could be better.,2024-03-29 17:03:22
REV_868,US_9456,MV_2439,3.5,Great movie!,2025-04-20 10:11:01
REV_869,US_7922,MV_5047,8.3,Great movie!,2024-12-10 02:39:38
REV_870,US_723,MV_6794,1.8,Could be better.,2025-12-21 15:48:26
REV_871,US_2725,MV_3827,7.8,Great movie!,2024-02-25 16:40:14
REV_872,US_9639,MV_988,7.8,Could be better.,2024-11-10 04:17:32
REV_873,US_4240,MV_7866,6.1,Could be better.,2025-05-25 13:23:57
REV_874,US_7021,MV_9412,6.4,Great movie!,2025-01-22 23:27:25
REV_875,US_8392,MV_9784,3.2,Great movie!,2025-07-30 16:05:10
REV_876,US_7260,MV_8038,2.3,Great movie!,2024-06-08 02:41:34
REV_877,US_2553,MV_6574,1.5,Could be better.,2024-10-11 17:37:51
REV_878,US_7553,MV_2030,7.8,Great movie!,2024-09-17 04:19:49
REV_879,US_2975,MV_7744,7.3,Could be better.,2025-02-03 14:16:01
REV_880,US_763,MV_2738,2.0,Could be better.,2025-04-08 06:40:01
REV_881,US_6183,MV_4775,6.4,Great movie!,2024-06-24 08:55:11
REV_882,US_2101,MV_8451,2.2,Great movie!,2024-04-30 12:24:20
REV_883,US_883,MV_7753,8.8,Could be better.,2024-03-27 11:19:53
REV_884,US_9799,MV_8448,2.4,Great movie!,2024-08-04 22:44:11
REV_885,US_3198,MV_858,5.3,Great movie!,2025-09-07 10:30:10
REV_886,US_767,MV_3753,9.3,Great movie!,2024-03-10 02:54:35
REV_887,US_5756,MV_7842,2.9,Great movie!,2024-04-26 06:27:40
REV_888,US_1391,MV_601,10.0,Great movie!,2025-11-08 21:46:25
REV_889,US_3287,MV_3585,5.6,Could be better.,2025-05-27 14:37:03
REV_890,US_8817,MV_443,5.2,Great movie!,2024-01-27 23:46:25
REV_891,US_4728,MV_7328,4.0,Could be better.,2025-02-28 12:22:21
REV_892,US_3448,MV_2995,1.9,Great movie!,2025-10-28 15:33:03
REV_893,US_9140,MV_5990,8.7,Great movie!,2024-06-19 08:45:33
REV_894,US_1067,MV_9674,8.8,Great movie!,2025-07-14 07:10:49
REV_895,US_2653,MV_8337,9.5,Great movie!,2025-12-06 21:23:59
REV_896,US_6205,MV_9155,5.6,Great movie!,2024-07-19 20:00:19
REV_897,US_848,MV_7649,8.4,Could be better.,2025-12-03 13:39:30
REV_898,US_4756,MV_3103,2.3,Great movie!,2024-10-09 15:36:30
REV_899,US_9978,MV_8372,8.0,Could be better.,2025-06-08 02:11:47
REV_900,US_6136,MV_45,5.0,Could be better.,2025-10-18 00:28:24
REV_901,US_972,MV_3065,8.7,Great movie!,2025-10-17 21:24:04
REV_902,US_2606,MV_1653,5.9,Could be better.,2024-07-11 17:36:38
REV_903,US_8166,MV_1633,3.1,Great movie!,2024-11-04 19:27:36
REV_904,US_8970,MV_9380,2.7,Great movie!,2025-12-08 13:17:03
REV_905,US_2070,MV_1464,2.0,Great movie!,2025-04-02 19:51:49
REV_906,US_7538,MV_1149,2.8,Great movie!,2025-07-18 20:38:36
REV_907,US_1213,MV_4142,4.7,Great movie!,2025-11-20 21:39:35
REV_908,US_2314,MV_6268,8.1,Great movie!,2024-09-16 09:09:43
REV_910,US_5300,MV_1298,5.7,Could be better.,2024-10-15 01:11:15
REV_911,US_2272,MV_2063,4.5,Could be better.,2025-04-16 07:21:28
REV_912,US_5518,MV_2498,2.4,Could be better.,2024-09-17 16:19:19
REV_913,US_9574,MV_2666,5.2,Great movie!,2025-05-15 13:48:18
REV_914,US_1400,MV_508,2.8,Could be better.,2024-03-08 08:25:54
REV_915,US_8880,MV_2318,1.6,Could be better.,2024-08-01 16:03:55
REV_916,US_7591,MV_2222,8.4,Great movie!,2024-05-19 11:07:59
REV_917,US_9490,MV_5504,9.4,Great movie!,2024-07-31 06:25:11
REV_918,US_6028,MV_7944,1.3,Great movie!,2025-02-13 22:12:39
REV_919,US_7635,MV_2154,6.8,Great movie!,2024-02-25 08:31:10
REV_920,US_5792,MV_5653,3.9,Could be better.,2025-02-22 13:25:16
REV_921,US_1514,MV_9676,8.8,Could be better.,2024-08-23 04:33:45
REV_922,US_2068,MV_6249,1.7,Great movie!,2025-08-01 22:55:48
REV_923,US_3890,MV_3511,5.1,Could be better.,2025-01-25 08:15:01
REV_925,US_6298,MV_73,3.0,Great movie!,2025-04-17 17:36:56
REV_926,US_8569,MV_3347,8.4,Could be better.,2024-07-30 11:07:01
REV_927,US_8742,MV_7476,5.4,Could be better.,2025-02-18 04:07:16
REV_928,US_4413,MV_7549,8.8,Great movie!,2024-02-28 13:13:08
REV_929,US_3152,MV_8993,2.6,Great movie!,2024-09-10 20:26:59
REV_930,US_3831,MV_1501,6.8,Great movie!,2024-02-09 06:35:44
REV_931,US_6470,MV_6881,8.4,Could be better.,2024-01-08 23:52:22
REV_932,US_4825,MV_4987,6.7,Could be better.,2024-10-19 11:20:26
REV_933,US_7152,MV_1557,7.5,Could be better.,2025-02-26 01:20:16
REV_934,US_6655,MV_4264,8.0,Great movie!,2025-02-28 21:31:51
REV_935,US_7204,MV_2274,1.2,Could be better.,2024-12-08 00:52:33
REV_936,US_6264,MV_1639,1.8,Could be better.,2025-01-03 14:08:19
REV_937,US_3129,MV_5939,1.4,Could be better.,2025-04-17 23:39:57
REV_938,US_2531,MV_7051,8.3,Could be better.,2024-03-01 15:16:56
REV_939,US_254,MV_9115,8.0,Great movie!,2025-01-07 03:18:01
REV_940,US_9045,MV_1870,6.7,Great movie!,2024-01-27 06:56:05
REV_941,US_9465,MV_2168,3.2,Great movie!,2024-03-24 03:23:03
REV_942,US_1190,MV_1969,4.2,Could be better.,2024-08-01 05:55:38
REV_943,US_1853,MV_4494,7.4,Great movie!,2025-08-09 23:25:12
REV_944,US_2343,MV_187,9.1,Great movie!,2024-07-31 02:33:31
REV_945,US_3814,MV_4510,5.0,Great movie!,2025-10-05 05:17:17
REV_946,US_211,MV_3754,6.3,Could be better.,2025-10-26 21:00:12
REV_947,US_1859,MV_8781,9.6,Could be better.,2024-01-21 03:56:24
REV_948,US_6691,MV_2708,6.2,Great movie!,2025-12-17 12:54:20
REV_949,US_7363,MV_6782,4.3,Could be better.,2024-12-23 07:19:06
REV_950,US_9840,MV_8364,2.6,Great movie!,2024-09-14 07:22:45
REV_952,US_9433,MV_2224,2.0,Great movie!,2025-03-06 06:07:26
REV_953,US_1596,MV_6378,1.1,Great movie!,2025-07-25 05:39:47
REV_954,US_6963,MV_6156,5.0,Great movie!,2024-12-10 14:10:23
REV_955,US_7471,MV_8775,6.0,Could be better.,2024-08-07 16:18:38
REV_956,US_1408,MV_5716,8.7,Great movie!,2024-02-26 00:51:33
REV_957,US_2331,MV_6470,8.0,Could be better.,2025-07-17 01:51:45
REV_958,US_5018,MV_8517,3.1,Could be better.,2025-05-05 14:12:13
REV_959,US_7474,MV_4954,8.5,Could be better.,2024-03-05 07:23:03
REV_960,US_4844,MV_9542,3.9,Great movie!,2025-04-08 11:10:53
REV_961,US_8471,MV_1674,6.8,Could be better.,2024-02-27 16:31:32
REV_962,US_8976,MV_4648,4.2,Could be better.,2024-07-11 18:41:24
REV_963,US_1307,MV_5289,2.7,Great movie!,2025-07-31 08:30:09
REV_964,US_4240,MV_3651,8.4,Could be better.,2024-06-27 03:42:16
REV_965,US_8228,MV_2836,6.7,Great movie!,2025-12-06 12:50:03
REV_966,US_356,MV_7685,6.4,Great movie!,2024-01-15 03:58:24
REV_967,US_9606,MV_3813,8.8,Great movie!,2024-09-05 04:42:52
REV_968,US_6675,MV_8810,5.6,Could be better.,2024-05-04 20:04:29
REV_969,US_1134,MV_9281,9.8,Great movie!,2024-10-20 06:40:00
REV_970,US_2265,MV_3982,1.5,Great movie!,2025-05-22 22:59:02
REV_971,US_2027,MV_9477,6.1,Could be better.,2024-08-04 05:29:34
REV_972,US_852,MV_3163,8.8,Could be better.,2025-09-25 06:04:58
REV_974,US_8558,MV_73,2.2,Could be better.,2025-10-08 16:07:14
REV_975,US_2429,MV_4923,1.0,Great movie!,2024-09-27 01:26:58
REV_976,US_4572,MV_2218,7.9,Great movie!,2025-03-23 12:17:32
REV_977,US_1974,MV_7793,7.0,Could be better.,2024-12-08 20:32:37
REV_978,US_9878,MV_4363,8.1,Great movie!,2025-03-03 14:28:15
REV_979,US_3049,MV_3527,6.2,Could be better.,2025-01-04 18:20:05
REV_980,US_5107,MV_5772,2.7,Could be better.,2025-10-09 19:16:49
REV_981,US_4657,MV_1925,7.4,Great movie!,2024-04-25 20:43:49
REV_982,US_6492,MV_6868,8.6,Great movie!,2025-07-02 21:53:24
REV_983,US_7766,MV_9404,6.6,Could be better.,2025-06-18 23:00:59
REV_984,US_3101,MV_8778,2.5,Great movie!,2024-04-01 08:10:09
REV_985,US_1419,MV_9576,6.3,Great movie!,2024-10-06 18:47:17
REV_986,US_2219,MV_2527,2.9,Great movie!,2025-03-07 22:55:10
REV_987,US_4239,MV_185,4.9,Could be better.,2025-09-20 21:59:37
REV_988,US_2532,MV_3185,6.5,Great movie!,2025-07-26 06:31:44
REV_989,US_8718,MV_5310,2.5,Could be better.,2025-07-19 23:31:17
REV_990,US_5362,MV_8514,4.0,Great movie!,2024-04-10 15:43:16
REV_992,US_9753,MV_1323,1.6,Could be better.,2024-01-18 01:05:31
REV_993,US_4300,MV_7090,5.3,Could be better.,2024-11-07 09:06:23
REV_994,US_211,MV_2079,7.6,Great movie!,2024-08-02 05:59:56
REV_995,US_941,MV_2939,7.3,Great movie!,2024-06-29 19:00:11
REV_996,US_6920,MV_1456,9.3,Great movie!,2024-11-08 13:34:21
REV_997,US_700,MV_1558,3.7,Great movie!,2024-12-19 06:46:35
REV_998,US_9570,MV_87,4.4,Could be better.,2025-05-28 00:20:53
REV_999,US_2851,MV_3314,5.7,Great movie!,2025-10-18 20:35:24
REV_1000,US_850,MV_5745,5.4,Great movie!,2025-03-03 00:52:31
REV_1001,US_1166,MV_9656,6.8,Could be better.,2025-04-16 03:13:49
REV_1002,US_1550,MV_4545,9.3,Great movie!,2024-05-23 17:00:36
REV_1003,US_2938,MV_6564,6.6,Could be better.,2024-01-02 15:24:21
REV_1004,US_6253,MV_1479,9.0,Great movie!,2024-07-24 03:09:14
REV_1005,US_7082,MV_1683,9.4,Great movie!,2025-10-15 23:38:25
REV_1006,US_7844,MV_1179,9.4,Great movie!,2025-01-15 17:05:16
REV_1007,US_7589,MV_9780,4.7,Great movie!,2025-08-25 04:39:34
REV_1008,US_3214,MV_3214,1.9,Great movie!,2024-07-30 14:58:31
REV_1009,US_189,MV_7186,1.7,Could be better.,2024-03-15 02:53:18
REV_1010,US_1479,MV_4915,2.6,Great movie!,2025-05-14 17:34:52
REV_1011,US_4324,MV_2201,3.3,Great movie!,2024-09-29 16:04:05
REV_1012,US_3748,MV_7732,9.6,Could be better.,2024-02-23 11:31:22
REV_1013,US_3169,MV_7126,2.7,Great movie!,2024-01-07 09:59:30
REV_1014,US_8932,MV_2906,5.5,Great movie!,2025-12-02 22:13:17
REV_1015,US_5659,MV_8578,6.1,Could be better.,2025-06-06 18:02:32
REV_1016,US_6979,MV_3026,5.1,Could be better.,2025-10-26 23:10:35
REV_1017,US_803,MV_5627,4.7,Could be better.,2025-06-28 08:22:52
REV_1018,US_6854,MV_2227,5.6,Could be better.,2024-04-01 16:09:38
REV_1019,US_3474,MV_9566,6.7,Could be better.,2025-04-14 02:36:01
REV_1020,US_9788,MV_9605,5.5,Could be better.,2024-09-25 14:45:14
REV_1021,US_2596,MV_4216,3.3,Great movie!,2024-04-03 00:59:51
REV_1022,US_1828,MV_215,4.3,Great movie!,2024-04-29 10:48:13
REV_1023,US_8597,MV_9713,8.4,Could be better.,2025-05-19 00:38:13
REV_1024,US_688,MV_1950,8.8,Could be better.,2025-04-21 13:58:15
REV_1025,US_2022,MV_4507,2.9,Could be better.,2025-04-28 10:04:33
REV_1026,US_9920,MV_6696,2.0,Could be better.,2024-02-02 09:02:36
REV_1027,US_808,MV_2317,7.6,Could be better.,2024-07-08 04:20:38
REV_1028,US_4529,MV_1760,3.5,Great movie!,2025-06-26 21:21:12
REV_1029,US_5049,MV_2080,5.0,Great movie!,2025-08-24 17:50:51
REV_1031,US_8349,MV_3935,1.4,Great movie!,2025-03-14 17:06:47
REV_1032,US_8101,MV_8790,4.5,Great movie!,2024-01-30 11:49:47
REV_1033,US_5691,MV_8424,3.5,Great movie!,2024-09-25 11:21:53
REV_1034,US_4113,MV_2023,3.5,Could be better.,2025-06-12 11:11:33
REV_1035,US_8256,MV_7676,9.5,Could be better.,2025-03-05 00:38:26
REV_1037,US_4143,MV_2954,7.8,Could be better.,2025-04-07 02:47:31
REV_1039,US_1734,MV_2038,8.2,Could be better.,2025-09-22 12:00:39
REV_1040,US_9193,MV_4145,9.3,Could be better.,2025-05-24 20:35:43
REV_1041,US_4641,MV_9985,7.5,Great movie!,2024-02-02 21:23:21
REV_1042,US_939,MV_1284,4.8,Could be better.,2025-04-15 22:37:41
REV_1043,US_305,MV_5375,1.7,Great movie!,2025-06-18 02:28:54
REV_1044,US_7372,MV_2030,8.4,Great movie!,2024-08-27 16:51:12
REV_1045,US_7543,MV_3572,6.4,Great movie!,2025-11-19 13:14:58
REV_1046,US_5700,MV_4169,5.5,Great movie!,2025-07-22 18:41:27
REV_1047,US_5040,MV_5596,1.8,Could be better.,2024-10-06 17:44:59
REV_1048,US_651,MV_4112,8.7,Great movie!,2025-04-08 12:01:15
REV_1049,US_2376,MV_1702,8.2,Could be better.,2025-06-19 13:22:31
REV_1050,US_1893,MV_2966,7.2,Could be better.,2025-03-26 02:37:58
REV_1051,US_6497,MV_6890,8.6,Could be better.,2025-08-06 01:40:55
REV_1052,US_7234,MV_3920,4.0,Great movie!,2024-08-19 08:36:13
REV_1053,US_9173,MV_5176,5.8,Could be better.,2025-03-01 06:32:36
REV_1054,US_4446,MV_6979,8.3,Great movie!,2025-05-07 12:42:21
REV_1055,US_6547,MV_9489,2.2,Could be better.,2024-11-22 14:41:10
REV_1056,US_383,MV_7951,5.4,Great movie!,2024-09-30 18:08:00
REV_1057,US_8128,MV_2503,4.1,Great movie!,2024-08-23 17:06:31
REV_1058,US_2649,MV_193,6.0,Could be better.,2025-04-30 20:52:47
REV_1059,US_2239,MV_4479,10.0,Great movie!,2024-02-27 06:34:59
REV_1060,US_3486,MV_3301,7.2,Great movie!,2025-11-22 23:22:50
REV_1061,US_6404,MV_4431,6.9,Could be better.,2025-08-23 19:32:37
REV_1062,US_8994,MV_9210,1.7,Great movie!,2024-04-09 15:05:04
REV_1065,US_1718,MV_9045,8.5,Great movie!,2025-01-21 02:26:10
REV_1066,US_1760,MV_8341,4.3,Great movie!,2024-07-02 06:43:22
REV_1067,US_872,MV_7928,9.6,Could be better.,2024-11-11 11:35:25
REV_1068,US_6555,MV_9804,8.5,Great movie!,2025-08-19 02:05:17
REV_1069,US_771,MV_3052,3.7,Could be better.,2025-03-02 05:59:51
REV_1070,US_704,MV_5435,3.2,Could be better.,2024-12-11 09:51:28
REV_1071,US_767,MV_7895,5.9,Could be better.,2024-12-07 23:56:11
REV_1073,US_6006,MV_5275,8.4,Great movie!,2025-01-22 06:10:08
REV_1074,US_1013,MV_3236,4.3,Great movie!,2025-12-26 17:36:58
REV_1075,US_1506,MV_6364,2.7,Great movie!,2024-05-21 03:30:08
REV_1077,US_1118,MV_3994,2.5,Could be better.,2024-07-07 21:14:16
REV_1078,US_8495,MV_3527,4.6,Great movie!,2025-05-17 02:17:32
REV_1079,US_820,MV_6251,3.1,Great movie!,2024-02-07 05:53:32
REV_1080,US_6466,MV_4392,8.2,Could be better.,2025-08-22 23:42:59
REV_1081,US_4830,MV_983,8.1,Great movie!,2024-05-16 23:38:29
REV_1082,US_2849,MV_6610,9.9,Could be better.,2024-01-05 08:06:17
REV_1083,US_3712,MV_6363,6.4,Great movie!,2024-11-23 01:25:23
REV_1084,US_1018,MV_4476,9.9,Could be better.,2025-12-23 11:16:29
REV_1085,US_9657,MV_205,3.3,Great movie!,2024-05-16 23:03:36
REV_1086,US_4191,MV_3392,7.6,Could be better.,2024-02-01 05:27:50
REV_1087,US_6772,MV_2912,7.8,Great movie!,2025-05-02 23:07:12
REV_1088,US_5144,MV_5016,4.1,Could be better.,2024-02-17 21:17:12
REV_1089,US_3968,MV_3306,8.4,Could be better.,2025-02-08 03:30:07
REV_1090,US_4146,MV_5557,6.8,Great movie!,2024-01-10 07:47:17
REV_1091,US_365,MV_4431,9.9,Great movie!,2025-08-13 10:33:50
REV_1092,US_7221,MV_1917,4.4,Great movie!,2024-09-08 09:22:10
REV_1093,US_9358,MV_3004,1.9,Could be better.,2025-10-17 18:30:45
REV_1094,US_1786,MV_8520,3.1,Great movie!,2024-10-13 10:18:06
REV_1095,US_3914,MV_3926,9.3,Could be better.,2024-08-14 21:51:01
REV_1096,US_1113,MV_1558,9.6,Great movie!,2025-11-21 20:42:08
REV_1097,US_8355,MV_5994,7.1,Could be better.,2025-02-21 00:30:41
REV_1098,US_5700,MV_5365,9.6,Could be better.,2025-11-16 05:55:13
REV_1099,US_7107,MV_5946,3.4,Could be better.,2024-11-10 08:07:30
REV_1100,US_6449,MV_9254,1.3,Great movie!,2024-10-02 12:10:04
REV_1101,US_3414,MV_5292,3.6,Great movie!,2025-08-09 19:09:24
REV_1102,US_9616,MV_2805,3.7,Could be better.,2025-02-13 07:10:50
REV_1103,US_6500,MV_200,4.6,Could be better.,2025-08-01 02:47:31
REV_1104,US_1153,MV_5471,3.3,Great movie!,2025-05-14 23:21:51
REV_1105,US_9574,MV_6994,5.3,Great movie!,2024-08-08 16:19:28
REV_1106,US_9812,MV_4730,8.0,Could be better.,2024-09-20 04:05:59
REV_1107,US_624,MV_6532,2.1,Could be better.,2025-05-07 08:56:29
REV_1108,US_7669,MV_2896,8.6,Could be better.,2024-01-27 00:51:07
REV_1109,US_7439,MV_3049,8.4,Great movie!,2024-01-08 06:14:33
REV_1110,US_9192,MV_8231,1.1,Could be better.,2025-08-13 23:31:22
REV_1111,US_581,MV_7172,1.6,Could be better.,2024-04-08 04:00:17
REV_1112,US_8877,MV_1671,5.3,Great movie!,2024-12-10 21:46:52
REV_1113,US_1533,MV_1352,4.9,Great movie!,2024-04-08 02:12:38
REV_1114,US_388,MV_4124,6.6,Great movie!,2025-06-07 08:03:58
REV_1116,US_5762,MV_2925,9.6,Could be better.,2025-04-26 10:43:01
REV_1117,US_4692,MV_1695,6.4,Could be better.,2025-11-24 20:23:40
REV_1118,US_5566,MV_4614,5.8,Could be better.,2024-09-13 12:00:52
REV_1119,US_7579,MV_5751,9.1,Could be better.,2024-07-22 12:32:56
REV_1120,US_908,MV_8264,4.4,Could be better.,2024-02-06 05:41:11
REV_1121,US_5229,MV_375,1.2,Could be better.,2025-09-23 18:00:19
REV_1122,US_7250,MV_7921,10.0,Great movie!,2025-07-10 23:59:38
REV_1123,US_9983,MV_1430,5.4,Great movie!,2025-11-08 05:11:24
REV_1124,US_6958,MV_9086,7.5,Great movie!,2025-05-01 08:19:00
REV_1125,US_2580,MV_5739,1.8,Great movie!,2024-05-03 23:08:06
REV_1126,US_3060,MV_6047,7.2,Great movie!,2025-06-21 19:21:31
REV_1127,US_6872,MV_8379,4.6,Could be better.,2025-08-29 19:04:12
REV_1128,US_392,MV_9228,7.0,Great movie!,2024-09-01 11:47:59
REV_1129,US_617,MV_1670,6.9,Could be better.,2025-03-09 04:48:10
REV_1130,US_5471,MV_9541,4.2,Great movie!,2024-11-10 18:14:26
REV_1131,US_8506,MV_8357,6.3,Great movie!,2024-01-11 18:38:02
REV_1132,US_4413,MV_6742,8.9,Could be better.,2024-04-20 19:28:15
REV_1133,US_6707,MV_39,8.2,Could be better.,2024-06-23 17:24:43
REV_1134,US_2984,MV_6049,4.6,Could be better.,2024-06-21 10:16:55
REV_1135,US_8363,MV_8842,8.1,Could be better.,2025-08-09 17:16:47
REV_1136,US_9652,MV_1731,9.2,Could be better.,2024-09-21 01:05:13
REV_1137,US_2887,MV_2571,8.7,Could be better.,2025-10-29 23:16:26
REV_1138,US_730,MV_9394,3.1,Could be better.,2024-09-27 11:58:17
REV_1139,US_9548,MV_7640,9.0,Great movie!,2024-05-22 15:08:59
REV_1140,US_55,MV_2644,1.5,Great movie!,2025-06-01 11:59:51
REV_1141,US_2142,MV_1052,3.0,Could be better.,2025-08-30 08:16:33
REV_1142,US_6327,MV_5156,9.7,Could be better.,2024-05-27 00:55:22
REV_1143,US_6771,MV_4903,5.2,Could be better.,2025-05-25 05:52:27
REV_1144,US_1531,MV_176,7.2,Great movie!,2025-10-29 08:36:23
REV_1145,US_9037,MV_7081,3.1,Could be better.,2024-03-28 15:14:09
REV_1146,US_6437,MV_8651,7.9,Great movie!,2025-05-14 18:36:08
REV_1147,US_7617,MV_4070,3.4,Could be better.,2024-12-13 04:44:34
REV_1148,US_6432,MV_2158,5.5,Could be better.,2024-12-30 15:53:45
REV_1149,US_7421,MV_3721,8.4,Great movie!,2025-01-02 06:49:53
REV_1150,US_4724,MV_6970,8.0,Could be better.,2024-09-02 00:05:03
REV_1151,US_604,MV_5583,4.6,Great movie!,2025-09-21 14:55:16
REV_1152,US_5425,MV_3115,6.0,Great movie!,2024-02-17 22:30:37
REV_1153,US_5591,MV_6661,8.7,Great movie!,2024-09-02 20:40:43
REV_1154,US_922,MV_3300,1.7,Great movie!,2024-08-17 17:57:57
REV_1155,US_488,MV_1449,6.1,Great movie!,2025-01-23 00:10:46
REV_1156,US_4367,MV_5696,5.1,Could be better.,2024-11-10 09:07:22
REV_1157,US_8626,MV_137,8.2,Could be better.,2024-04-15 00:18:18
REV_1158,US_3241,MV_9456,5.4,Could be better.,2025-03-22 18:52:25
REV_1159,US_5268,MV_9973,3.7,Could be better.,2024-02-20 18:06:21
REV_1160,US_9440,MV_780,3.8,Could be better.,2025-09-13 20:45:14
REV_1161,US_36,MV_5047,9.8,Could be better.,2025-03-13 05:02:47
REV_1162,US_1837,MV_2335,5.8,Great movie!,2025-11-17 17:17:21
REV_1163,US_7931,MV_1324,9.2,Great movie!,2025-06-07 18:29:25
REV_1164,US_4412,MV_6481,2.6,Great movie!,2024-06-22 00:30:05
REV_1165,US_77,MV_7934,1.2,Great movie!,2024-10-02 11:25:58
REV_1166,US_6374,MV_7274,5.2,Great movie!,2025-03-21 19:21:24
REV_1167,US_6609,MV_2225,8.5,Great movie!,2025-10-07 18:50:32
REV_1168,US_682,MV_6786,5.9,Great movie!,2025-09-04 16:50:57
REV_1169,US_6263,MV_7010,8.3,Great movie!,2025-02-06 01:19:38
REV_1170,US_704,MV_8569,5.6,Great movie!,2025-07-18 12:00:01
REV_1171,US_354,MV_3121,7.1,Could be better.,2025-03-01 05:33:18
REV_1172,US_6248,MV_9488,3.4,Great movie!,2025-05-28 11:47:37
REV_1173,US_7393,MV_9234,9.6,Great movie!,2024-05-29 22:24:11
REV_1174,US_1596,MV_6754,5.5,Great movie!,2025-11-26 08:38:03
REV_1175,US_1081,MV_3681,4.0,Could be better.,2025-01-20 20:13:50
REV_1176,US_8248,MV_9464,4.0,Great movie!,2025-10-22 02:19:16
REV_1177,US_2156,MV_1525,8.9,Great movie!,2025-10-21 06:37:17
REV_1178,US_6048,MV_3401,6.7,Great movie!,2024-06-22 04:51:32
REV_1179,US_8082,MV_7723,9.5,Could be better.,2025-08-27 03:54:48
REV_1180,US_9111,MV_414,9.5,Great movie!,2024-06-29 18:04:41
REV_1182,US_2425,MV_537,9.1,Could be better.,2025-08-22 18:14:11
REV_1183,US_9921,MV_9857,2.8,Great movie!,2024-04-10 07:54:13
REV_1184,US_6268,MV_8708,6.9,Could be better.,2024-07-14 02:09:57
REV_1185,US_9260,MV_6260,5.2,Could be better.,2024-12-06 08:44:17
REV_1186,US_6641,MV_386,6.2,Great movie!,2025-06-26 03:21:16
REV_1187,US_7682,MV_9853,9.1,Could be better.,2024-10-07 18:45:56
REV_1188,US_5732,MV_2080,5.0,Could be better.,2024-11-13 22:16:46
REV_1189,US_2317,MV_3394,5.6,Great movie!,2025-04-02 10:43:21
REV_1190,US_9560,MV_5334,6.2,Great movie!,2025-09-17 22:20:53
REV_1191,US_1785,MV_8701,3.5,Great movie!,2025-07-16 13:00:01
REV_1192,US_4774,MV_6967,9.6,Could be better.,2025-11-16 16:44:55
REV_1193,US_5982,MV_8329,6.9,Could be better.,2024-11-19 20:13:46
REV_1195,US_5966,MV_7901,5.3,Could be better.,2024-08-18 21:45:55
REV_1196,US_5522,MV_4034,4.6,Great movie!,2024-04-28 22:42:11
REV_1197,US_4822,MV_151,2.3,Great movie!,2024-04-01 08:21:53
REV_1198,US_1458,MV_8697,7.7,Great movie!,2025-11-25 18:50:49
REV_1199,US_2096,MV_8966,3.9,Great movie!,2025-08-02 21:25:10
REV_1200,US_362,MV_4464,4.3,Could be better.,2025-07-07 04:53:02
REV_1201,US_1018,MV_214,9.0,Could be better.,2024-06-18 15:16:42
REV_1202,US_703,MV_8134,8.4,Could be better.,2025-10-23 03:08:25
REV_1203,US_5241,MV_1139,9.0,Could be better.,2025-05-11 00:16:37
REV_1204,US_8928,MV_1120,4.7,Could be better.,2025-09-01 20:40:42
REV_1205,US_117,MV_3402,3.2,Could be better.,2024-01-06 21:42:12
REV_1206,US_7268,MV_256,4.6,Great movie!,2025-01-27 12:39:37
REV_1207,US_3502,MV_2018,2.6,Could be better.,2025-01-09 18:13:57
REV_1208,US_9370,MV_4461,2.9,Great movie!,2024-10-16 04:45:36
REV_1209,US_7578,MV_3855,4.7,Great movie!,2024-01-17 23:26:36
REV_1210,US_2568,MV_4135,7.5,Could be better.,2024-09-04 10:06:31
REV_1211,US_2192,MV_8844,2.2,Could be better.,2025-08-30 07:46:44
REV_1212,US_6883,MV_4522,6.0,Great movie!,2025-12-21 11:54:53
REV_1213,US_2929,MV_7704,3.0,Could be better.,2025-12-26 19:24:54
REV_1214,US_4706,MV_7391,6.0,Great movie!,2025-12-04 14:03:59
REV_1215,US_5059,MV_5664,9.9,Great movie!,2024-07-27 05:47:00
REV_1216,US_6873,MV_9210,5.7,Could be better.,2024-04-10 20:39:00
REV_1217,US_9574,MV_8503,9.6,Great movie!,2025-08-05 18:14:23
REV_1218,US_6842,MV_3602,2.3,Great movie!,2025-05-09 09:48:23
REV_1219,US_2292,MV_3194,6.3,Great movie!,2024-05-03 21:01:09
REV_1220,US_2770,MV_7054,6.2,Great movie!,2025-04-23 05:38:28
REV_1221,US_3571,MV_3647,9.6,Could be better.,2025-01-13 12:07:07
REV_1222,US_2027,MV_2277,5.9,Great movie!,2025-06-20 19:13:55
REV_1223,US_2219,MV_9288,7.6,Could be better.,2024-05-17 14:11:01
REV_1224,US_373,MV_2751,5.8,Could be better.,2024-09-26 03:56:15
REV_1225,US_8259,MV_2550,9.2,Great movie!,2024-05-11 05:13:25
REV_1226,US_9634,MV_5197,2.2,Great movie!,2024-06-02 06:12:46
REV_1227,US_4771,MV_9603,2.4,Could be better.,2024-07-25 06:39:53
REV_1228,US_5565,MV_7687,7.0,Great movie!,2024-12-01 09:54:41
REV_1229,US_1752,MV_9964,7.5,Could be better.,2025-12-18 20:25:57
REV_1231,US_4963,MV_9473,1.5,Could be better.,2024-06-03 05:07:49
REV_1232,US_8795,MV_7529,9.9,Could be better.,2025-02-05 13:55:54
REV_1233,US_5198,MV_1415,5.2,Could be better.,2025-04-17 02:32:07
REV_1234,US_6797,MV_44,3.1,Could be better.,2025-08-05 03:50:41
REV_1235,US_587,MV_212,4.8,Could be better.,2025-12-06 19:31:34
REV_1236,US_9395,MV_2617,9.7,Great movie!,2025-10-31 04:24:38
REV_1237,US_9516,MV_9304,8.3,Great movie!,2025-05-08 14:18:20
REV_1238,US_6757,MV_839,7.7,Great movie!,2024-05-08 09:45:53
REV_1240,US_2488,MV_365,7.0,Could be better.,2025-03-08 05:11:14
REV_1241,US_4072,MV_5111,9.0,Could be better.,2024-10-31 01:27:30
REV_1242,US_5139,MV_4717,9.2,Great movie!,2025-11-26 14:45:46
REV_1243,US_2529,MV_7438,5.0,Could be better.,2024-05-19 10:05:40
REV_1244,US_7657,MV_327,2.4,Could be better.,2025-10-12 16:30:55
REV_1246,US_4353,MV_4669,3.7,Great movie!,2024-12-21 14:19:11
REV_1247,US_106,MV_482,10.0,Great movie!,2025-04-01 05:41:54
REV_1249,US_3571,MV_4052,6.3,Great movie!,2025-06-12 21:06:25
REV_1250,US_3573,MV_7025,5.8,Great movie!,2025-01-04 02:01:45
REV_1251,US_2310,MV_2683,7.1,Great movie!,2025-12-15 03:30:24
REV_1252,US_6516,MV_2931,3.4,Could be better.,2024-08-08 19:52:48
REV_1253,US_3304,MV_3493,8.2,Great movie!,2025-02-20 12:25:28
REV_1254,US_5106,MV_7383,9.9,Could be better.,2024-08-07 14:07:28
REV_1255,US_5283,MV_5261,7.0,Great movie!,2025-11-17 21:03:34
REV_1256,US_968,MV_2279,1.9,Great movie!,2025-02-05 20:17:13
REV_1257,US_2312,MV_4554,3.3,Could be better.,2024-04-29 09:19:51
REV_1258,US_9895,MV_9125,8.5,Could be better.,2024-06-10 00:46:35
REV_1259,US_2585,MV_3758,3.0,Could be better.,2024-09-07 20:39:07
REV_1260,US_7381,MV_6681,1.8,Could be better.,2025-11-10 06:19:55
REV_1261,US_3279,MV_8096,4.4,Great movie!,2024-05-17 01:59:41
REV_1262,US_3395,MV_408,3.4,Could be better.,2025-10-22 15:00:25
REV_1263,US_4732,MV_9358,4.7,Great movie!,2024-10-15 17:33:12
REV_1264,US_1558,MV_660,1.1,Could be better.,2024-03-23 17:19:34
REV_1265,US_3600,MV_8233,7.2,Could be better.,2025-04-16 19:06:20
REV_1267,US_2024,MV_7706,8.2,Great movie!,2024-12-26 00:50:23
REV_1268,US_8615,MV_4325,6.7,Could be better.,2024-07-05 17:43:38
REV_1270,US_9309,MV_8616,7.3,Great movie!,2024-01-16 10:40:13
REV_1271,US_2046,MV_8928,1.7,Great movie!,2024-08-12 22:03:51
REV_1272,US_3193,MV_5652,8.6,Great movie!,2024-07-28 17:08:04
REV_1273,US_404,MV_3411,6.0,Great movie!,2024-11-19 20:57:39
REV_1274,US_1749,MV_2224,5.6,Could be better.,2024-01-19 03:45:42
REV_1275,US_7031,MV_5732,9.8,Could be better.,2024-10-06 20:42:51
REV_1276,US_9382,MV_5968,5.1,Could be better.,2025-01-16 08:38:43
REV_1277,US_8112,MV_4215,1.9,Great movie!,2024-04-13 19:04:14
REV_1278,US_9863,MV_1985,6.7,Could be better.,2024-08-27 19:35:11
REV_1279,US_7720,MV_9069,6.9,Great movie!,2024-02-24 02:07:44
REV_1280,US_5826,MV_4217,4.4,Could be better.,2024-10-24 07:58:30
REV_1281,US_2837,MV_5435,3.9,Could be better.,2024-02-07 04:16:04
REV_1283,US_7173,MV_6061,5.4,Great movie!,2025-12-17 12:47:26
REV_1284,US_3257,MV_7312,6.6,Great movie!,2024-09-29 11:04:25
REV_1285,US_8663,MV_1853,3.7,Could be better.,2024-03-14 20:14:01
REV_1286,US_4451,MV_265,1.6,Great movie!,2025-04-17 18:33:03
REV_1287,US_3127,MV_7178,5.6,Could be better.,2025-07-31 10:16:42
REV_1288,US_243,MV_2119,9.9,Great movie!,2024-10-30 12:29:05
REV_1289,US_1255,MV_2752,8.0,Could be better.,2025-05-31 14:34:43
REV_1290,US_1713,MV_6821,3.5,Great movie!,2025-10-20 17:13:09
REV_1291,US_9002,MV_5976,4.7,Could be better.,2024-05-13 11:08:46
REV_1292,US_1399,MV_9504,5.1,Could be better.,2024-03-09 02:24:31
REV_1293,US_5073,MV_2338,2.0,Great movie!,2024-06-17 03:37:29
REV_1294,US_6294,MV_1376,9.2,Great movie!,2024-09-17 11:27:53
REV_1295,US_6984,MV_2185,6.2,Great movie!,2024-10-25 04:36:11
REV_1296,US_9938,MV_3872,3.7,Could be better.,2025-04-05 01:46:28
REV_1297,US_2149,MV_262,8.6,Great movie!,2024-11-10 02:26:05
REV_1298,US_383,MV_1533,3.6,Great movie!,2024-12-05 06:07:02
REV_1299,US_66,MV_9126,9.5,Great movie!,2024-02-15 06:50:58
REV_1300,US_560,MV_81,4.1,Could be better.,2024-02-18 09:33:10
REV_1301,US_3365,MV_5260,9.5,Could be better.,2024-10-07 08:33:28
REV_1302,US_2103,MV_9239,9.8,Could be better.,2024-06-18 09:09:59
REV_1303,US_1279,MV_9714,6.5,Great movie!,2025-12-06 17:18:54
REV_1304,US_7894,MV_3954,5.0,Great movie!,2024-04-17 17:27:42
REV_1305,US_189,MV_2817,3.8,Could be better.,2024-11-07 07:27:29
REV_1307,US_2639,MV_7903,1.6,Great movie!,2024-12-28 15:33:48
REV_1308,US_2678,MV_3463,8.9,Could be better.,2025-01-15 10:53:57
REV_1309,US_6973,MV_8582,2.7,Great movie!,2025-03-22 10:22:23
REV_1311,US_358,MV_8029,8.9,Great movie!,2025-02-21 11:17:05
REV_1312,US_9978,MV_6505,2.5,Could be better.,2025-01-29 10:17:57
REV_1313,US_1212,MV_4978,1.8,Could be better.,2024-11-24 21:10:17
REV_1314,US_7180,MV_1419,1.6,Could be better.,2025-05-10 05:34:26
REV_1316,US_8249,MV_7819,4.2,Great movie!,2025-03-21 20:57:53
REV_1317,US_5571,MV_1395,4.1,Great movie!,2024-11-28 05:34:00
REV_1318,US_6262,MV_1204,7.8,Great movie!,2024-03-29 18:58:50
REV_1319,US_8968,MV_6198,5.9,Could be better.,2024-02-05 15:22:40
REV_1321,US_5902,MV_3299,1.2,Great movie!,2024-09-12 06:55:34
REV_1322,US_3280,MV_257,5.6,Great movie!,2024-09-12 03:17:14
REV_1323,US_2312,MV_4857,9.2,Could be better.,2024-02-29 19:37:54
REV_1324,US_4042,MV_5144,4.7,Great movie!,2024-10-17 04:58:44
REV_1325,US_2647,MV_3068,9.9,Great movie!,2025-06-12 16:13:55
REV_1326,US_7587,MV_9131,6.9,Great movie!,2024-08-07 02:05:06
REV_1327,US_6440,MV_7094,6.6,Could be better.,2025-07-23 14:40:11
REV_1328,US_8845,MV_9084,8.4,Great movie!,2024-06-24 10:03:55
REV_1329,US_6307,MV_406,5.5,Great movie!,2024-08-02 12:13:39
REV_1331,US_8426,MV_5500,2.9,Great movie!,2024-05-20 08:29:30
REV_1332,US_8522,MV_3914,8.6,Could be better.,2024-12-12 13:58:07
REV_1333,US_575,MV_9152,3.1,Could be better.,2025-04-29 15:00:18
REV_1334,US_6752,MV_4874,7.6,Great movie!,2025-01-20 21:09:30
REV_1335,US_3668,MV_5717,9.7,Great movie!,2024-03-12 10:47:35
REV_1336,US_1344,MV_2913,4.8,Could be better.,2024-07-05 22:27:20
REV_1337,US_5438,MV_7674,8.2,Great movie!,2025-07-21 18:06:14
REV_1338,US_3138,MV_7378,4.5,Great movie!,2025-07-25 01:44:31
REV_1339,US_2098,MV_7698,2.4,Could be better.,2024-12-03 02:01:53
REV_1340,US_6873,MV_5464,4.5,Could be better.,2024-11-07 06:26:10
REV_1341,US_3113,MV_3115,2.3,Could be better.,2024-07-26 19:23:15
REV_1342,US_9991,MV_3573,7.8,Could be better.,2024-09-19 07:09:40
REV_1343,US_7821,MV_6387,5.6,Could be better.,2025-03-08 04:00:23
REV_1344,US_2969,MV_498,4.4,Could be better.,2024-12-04 14:37:20
REV_1345,US_8900,MV_5448,5.8,Could be better.,2025-11-05 16:35:47
REV_1346,US_519,MV_1263,6.9,Could be better.,2024-07-29 20:46:53
REV_1347,US_7142,MV_9823,7.7,Great movie!,2024-10-09 09:50:51
REV_1348,US_2444,MV_1489,6.2,Could be better.,2024-06-12 08:14:03
REV_1349,US_4304,MV_4930,1.3,Great movie!,2024-09-21 10:45:25
REV_1350,US_5370,MV_8718,2.3,Great movie!,2025-01-13 20:25:34
REV_1351,US_9846,MV_6481,6.2,Could be better.,2024-08-14 14:45:53
REV_1352,US_1710,MV_337,8.9,Could be better.,2024-09-03 16:03:42
REV_1353,US_9798,MV_5059,6.3,Could be better.,2024-07-12 07:17:31
REV_1354,US_1840,MV_3809,6.6,Great movie!,2024-11-03 12:48:23
REV_1355,US_4547,MV_6089,5.9,Could be better.,2025-11-27 13:52:45
REV_1356,US_6796,MV_7585,1.2,Could be better.,2024-11-14 21:58:17
REV_1357,US_2704,MV_148,8.9,Could be better.,2024-10-01 21:35:00
REV_1358,US_3622,MV_5946,1.1,Could be better.,2024-06-26 22:40:27
REV_1359,US_1363,MV_1188,5.3,Great movie!,2024-03-01 13:56:23
REV_1360,US_1966,MV_7894,1.8,Great movie!,2024-11-29 14:18:03
REV_1361,US_1513,MV_4178,3.2,Could be better.,2024-02-10 16:50:02
REV_1362,US_1024,MV_2615,1.9,Could be better.,2024-08-15 07:34:46
REV_1363,US_4727,MV_2218,8.0,Great movie!,2025-06-01 12:30:31
REV_1364,US_3482,MV_9119,5.2,Could be better.,2025-02-11 05:16:54
REV_1365,US_850,MV_511,4.0,Great movie!,2025-06-16 17:08:35
REV_1366,US_7211,MV_9347,8.2,Great movie!,2025-12-15 21:00:46
REV_1367,US_1250,MV_2347,1.1,Could be better.,2024-11-20 12:48:55
REV_1368,US_3508,MV_1502,2.7,Great movie!,2024-12-05 00:20:06
REV_1369,US_1741,MV_5868,6.9,Could be better.,2025-05-04 10:11:09
REV_1370,US_5784,MV_4701,2.6,Could be better.,2024-04-28 09:47:07
REV_1371,US_3008,MV_168,2.9,Could be better.,2025-12-01 02:10:34
REV_1372,US_2457,MV_7285,1.9,Could be better.,2025-08-16 18:53:06
REV_1373,US_3881,MV_5541,7.4,Could be better.,2024-07-06 00:37:45
REV_1374,US_1755,MV_4922,5.2,Could be better.,2025-03-02 23:22:02
REV_1376,US_5457,MV_8030,6.8,Great movie!,2025-12-08 08:13:41
REV_1377,US_6203,MV_7358,7.0,Could be better.,2024-04-20 15:48:19
REV_1378,US_681,MV_4638,4.7,Great movie!,2025-05-14 07:14:12
REV_1379,US_3462,MV_3577,2.6,Great movie!,2024-01-08 16:14:27
REV_1380,US_870,MV_6520,7.9,Great movie!,2025-03-19 20:32:30
REV_1381,US_2412,MV_6099,8.5,Great movie!,2025-06-08 17:24:55
REV_1382,US_5100,MV_4444,9.7,Great movie!,2025-03-23 06:12:54
REV_1383,US_4454,MV_6955,5.7,Great movie!,2024-10-10 00:24:35
REV_1384,US_3956,MV_9912,7.9,Great movie!,2025-09-03 15:10:07
REV_1385,US_8754,MV_2804,7.5,Could be better.,2025-03-25 14:16:30
REV_1386,US_9967,MV_7648,8.1,Great movie!,2024-01-24 09:45:55
REV_1387,US_1417,MV_5236,5.0,Great movie!,2025-09-29 18:46:15
REV_1388,US_6691,MV_9581,2.5,Could be better.,2024-09-08 22:01:03
REV_1389,US_9396,MV_9630,3.0,Great movie!,2024-08-06 17:59:43
REV_1390,US_5503,MV_4404,6.6,Great movie!,2024-01-21 05:12:24
REV_1391,US_7172,MV_6945,6.5,Great movie!,2025-06-07 06:57:06
REV_1392,US_2697,MV_6047,7.3,Great movie!,2025-02-24 12:42:59
REV_1393,US_955,MV_3399,6.7,Great movie!,2025-05-07 15:44:52
REV_1395,US_9240,MV_7889,9.1,Could be better.,2024-12-27 22:25:08
REV_1396,US_2950,MV_6441,3.5,Great movie!,2025-08-20 20:25:54
REV_1397,US_2492,MV_9122,5.6,Could be better.,2024-08-27 05:12:33
REV_1398,US_2033,MV_4723,8.6,Could be better.,2024-08-07 08:22:41
REV_1399,US_8029,MV_2131,5.7,Great movie!,2025-06-23 18:46:12
REV_1400,US_4939,MV_1452,3.4,Could be better.,2025-03-19 22:28:03
REV_1401,US_883,MV_9060,4.2,Could be better.,2025-01-27 14:54:15
REV_1402,US_5319,MV_3964,8.4,Could be better.,2025-09-30 15:01:11
REV_1403,US_9526,MV_9557,1.7,Great movie!,2025-12-27 04:01:13
REV_1404,US_5987,MV_4080,2.3,Could be better.,2025-12-13 06:54:10
REV_1405,US_6244,MV_9212,2.6,Great movie!,2025-10-09 23:35:45
REV_1406,US_4998,MV_7414,1.0,Could be better.,2025-11-28 08:27:21
REV_1408,US_4209,MV_4297,6.2,Could be better.,2024-11-18 22:51:27
REV_1409,US_1832,MV_9084,3.6,Great movie!,2025-11-02 11:10:28
REV_1410,US_877,MV_9383,2.3,Could be better.,2024-12-15 21:03:39
REV_1411,US_3455,MV_66,1.3,Great movie!,2025-07-21 10:15:18
REV_1412,US_5960,MV_8314,4.4,Great movie!,2025-07-17 09:36:38
REV_1413,US_7797,MV_2044,6.7,Great movie!,2024-05-28 06:25:18
REV_1414,US_3688,MV_2035,1.1,Great movie!,2024-03-03 14:37:23
REV_1415,US_5720,MV_2457,8.4,Great movie!,2024-09-05 18:19:56
REV_1416,US_3267,MV_215,8.3,Could be better.,2025-02-27 03:00:11
REV_1417,US_9784,MV_4855,4.5,Great movie!,2025-04-25 17:31:25
REV_1418,US_5634,MV_4329,6.6,Great movie!,2024-11-18 15:49:38
REV_1419,US_3865,MV_5906,9.7,Could be better.,2024-09-15 16:23:41
REV_1420,US_6775,MV_7121,9.7,Great movie!,2024-02-15 20:38:11
REV_1421,US_3440,MV_1478,4.1,Could be better.,2024-11-15 21:31:31
REV_1422,US_4774,MV_4574,9.9,Great movie!,2025-01-29 10:36:20
REV_1424,US_2076,MV_760,2.8,Great movie!,2024-07-17 04:39:19
REV_1425,US_3893,MV_7957,9.3,Great movie!,2024-05-31 12:42:03
REV_1426,US_340,MV_1719,5.9,Great movie!,2025-11-04 04:30:11
REV_1427,US_5292,MV_8170,1.1,Great movie!,2025-09-25 18:13:01
REV_1428,US_6993,MV_45,6.1,Could be better.,2025-07-28 08:09:17
REV_1429,US_3825,MV_4653,4.3,Could be better.,2024-03-29 18:29:19
REV_1430,US_1004,MV_7933,7.6,Could be better.,2025-02-01 17:25:32
REV_1431,US_3428,MV_3779,2.1,Great movie!,2025-06-17 01:31:56
REV_1432,US_1215,MV_4790,9.9,Could be better.,2024-12-25 16:42:00
REV_1433,US_7639,MV_6965,5.2,Could be better.,2025-11-12 06:40:30
REV_1434,US_9499,MV_4432,6.6,Great movie!,2024-07-01 18:44:11
REV_1435,US_2475,MV_294,8.9,Could be better.,2024-01-08 16:21:19
REV_1436,US_1034,MV_2615,1.8,Great movie!,2024-04-12 23:41:08
REV_1437,US_2493,MV_210,6.3,Great movie!,2024-08-24 18:05:27
REV_1438,US_6553,MV_2183,4.7,Could be better.,2025-04-01 02:54:44
REV_1439,US_5042,MV_9848,1.9,Great movie!,2024-05-14 00:41:55
REV_1440,US_1855,MV_9647,7.5,Could be better.,2024-03-22 17:08:56
REV_1441,US_2513,MV_4491,9.4,Could be better.,2025-08-27 06:49:00
REV_1442,US_4675,MV_3721,6.9,Could be better.,2024-05-08 08:30:10
REV_1443,US_8210,MV_8988,5.9,Could be better.,2024-09-30 09:31:39
REV_1444,US_9559,MV_7157,3.3,Great movie!,2024-09-21 23:16:21
REV_1445,US_3650,MV_5892,2.7,Could be better.,2025-02-07 18:08:52
REV_1446,US_2698,MV_346,4.7,Great movie!,2024-03-08 11:15:08
REV_1447,US_5947,MV_9708,3.2,Could be better.,2024-01-30 19:55:28
REV_1449,US_9766,MV_5054,9.6,Great movie!,2025-12-06 11:19:00
REV_1450,US_1609,MV_2855,7.1,Could be better.,2024-05-14 11:42:49
REV_1453,US_157,MV_8359,1.3,Great movie!,2025-07-05 22:53:41
REV_1454,US_1641,MV_8392,4.3,Could be better.,2024-02-18 21:14:29
REV_1455,US_9742,MV_9512,4.1,Could be better.,2025-11-02 19:34:57
REV_1456,US_7917,MV_2787,8.4,Could be better.,2024-10-26 18:18:47
REV_1457,US_169,MV_5762,7.1,Could be better.,2024-10-24 20:05:38
REV_1458,US_6915,MV_7482,3.7,Great movie!,2024-11-11 20:49:19
REV_1459,US_6674,MV_9617,5.9,Could be better.,2025-03-28 15:28:11
REV_1460,US_1431,MV_4550,2.5,Great movie!,2024-06-22 03:40:02
REV_1461,US_3369,MV_5387,4.1,Could be better.,2024-12-02 09:28:43
REV_1462,US_9013,MV_5097,6.0,Great movie!,2024-01-29 17:32:59
REV_1463,US_8221,MV_4432,8.9,Great movie!,2024-12-20 10:39:25
REV_1464,US_770,MV_7014,4.9,Could be better.,2024-12-26 14:57:37
REV_1465,US_1424,MV_4915,3.2,Great movie!,2025-05-31 17:44:57
REV_1466,US_4042,MV_3041,7.0,Great movie!,2024-03-03 23:56:44
REV_1467,US_3637,MV_4955,7.3,Could be better.,2024-10-08 08:35:39
REV_1469,US_6305,MV_8248,8.1,Could be better.,2024-10-12 03:32:44
REV_1470,US_6776,MV_3692,7.7,Could be better.,2025-10-10 05:20:15
REV_1471,US_5459,MV_8259,3.3,Great movie!,2025-10-01 16:49:37
REV_1472,US_8960,MV_6824,1.3,Great movie!,2025-05-24 08:24:23
REV_1473,US_3220,MV_2694,6.1,Great movie!,2025-08-08 04:06:02
REV_1474,US_8734,MV_24,6.0,Could be better.,2025-09-06 19:31:17
REV_1475,US_2023,MV_8912,7.2,Great movie!,2025-01-13 11:30:21
REV_1476,US_6068,MV_7499,8.4,Great movie!,2025-10-13 07:59:31
REV_1477,US_2666,MV_7320,9.9,Great movie!,2025-11-15 07:54:28
REV_1478,US_2362,MV_5425,2.2,Great movie!,2024-05-02 21:39:25
REV_1479,US_9897,MV_8757,4.7,Great movie!,2025-08-30 23:18:21
REV_1481,US_9923,MV_2238,3.5,Could be better.,2025-11-09 06:44:19
REV_1482,US_1434,MV_5501,1.3,Could be better.,2025-04-09 23:36:12
REV_1483,US_9146,MV_4390,3.9,Great movie!,2025-05-26 17:22:35
REV_1484,US_2403,MV_8070,9.2,Great movie!,2025-11-20 22:07:18
REV_1485,US_7365,MV_2268,1.1,Could be better.,2024-09-23 02:16:42
REV_1486,US_330,MV_8898,7.5,Great movie!,2025-11-01 11:35:10
REV_1487,US_2378,MV_2996,7.2,Great movie!,2025-02-10 10:35:53
REV_1488,US_6629,MV_3764,9.5,Great movie!,2025-07-08 12:05:54
REV_1489,US_6378,MV_7827,7.5,Could be better.,2024-01-06 06:52:05
REV_1490,US_6500,MV_5591,9.6,Could be better.,2024-06-28 13:09:13
REV_1491,US_9654,MV_1517,9.6,Great movie!,2025-11-15 01:33:45
REV_1492,US_1789,MV_3826,2.5,Could be better.,2025-09-16 22:30:02
REV_1493,US_9487,MV_1297,6.8,Could be better.,2025-04-11 15:49:46
REV_1494,US_7752,MV_2448,5.2,Could be better.,2025-07-31 23:44:00
REV_1495,US_592,MV_6637,5.9,Could be better.,2024-02-29 04:14:07
REV_1496,US_1736,MV_2547,3.2,Could be better.,2024-12-30 03:46:51
REV_1497,US_3874,MV_8992,6.9,Could be better.,2024-06-02 21:13:41
REV_1498,US_9894,MV_4968,3.7,Great movie!,2024-02-02 12:36:53
REV_1501,US_2229,MV_7837,7.1,Could be better.,2024-03-10 18:05:18
REV_1502,US_3619,MV_9111,4.2,Great movie!,2025-12-29 08:03:22
REV_1503,US_170,MV_2556,8.7,Could be better.,2025-11-14 06:37:29
REV_1504,US_1524,MV_6880,6.7,Could be better.,2025-05-01 06:53:31
REV_1505,US_2015,MV_5889,3.1,Great movie!,2024-12-22 22:48:05
REV_1506,US_2680,MV_7290,5.4,Great movie!,2024-05-15 14:51:57
REV_1508,US_5172,MV_6121,7.7,Could be better.,2024-01-09 15:56:35
REV_1509,US_8002,MV_5225,2.6,Great movie!,2025-01-30 01:34:33
REV_1510,US_5486,MV_9844,6.3,Great movie!,2024-08-20 16:48:20
REV_1511,US_9120,MV_335,1.8,Great movie!,2025-06-04 17:34:53
REV_1512,US_3376,MV_223,7.7,Great movie!,2025-07-23 04:27:43
REV_1513,US_3136,MV_1964,9.2,Could be better.,2025-09-07 09:58:19
REV_1514,US_5498,MV_3032,8.0,Could be better.,2024-06-22 12:09:27
REV_1515,US_4556,MV_9622,9.8,Could be better.,2025-05-25 19:07:43
REV_1516,US_5871,MV_4579,9.3,Could be better.,2024-11-01 17:45:11
REV_1517,US_1610,MV_7778,8.7,Great movie!,2024-06-20 14:33:52
REV_1518,US_4321,MV_439,9.6,Could be better.,2024-06-07 12:10:49
REV_1519,US_9178,MV_3933,5.5,Could be better.,2024-03-27 15:53:48
REV_1520,US_2325,MV_6739,5.3,Great movie!,2025-09-29 23:28:49
REV_1521,US_6685,MV_7371,6.1,Great movie!,2024-02-12 03:06:29
REV_1522,US_1118,MV_6346,1.2,Could be better.,2025-02-13 07:28:50
REV_1523,US_6298,MV_1501,8.5,Great movie!,2024-01-10 02:36:31
REV_1524,US_4188,MV_531,3.7,Great movie!,2025-01-12 15:28:18
REV_1525,US_4452,MV_8340,1.9,Could be better.,2025-11-03 10:10:10
REV_1526,US_1124,MV_9954,2.7,Great movie!,2024-01-17 13:02:52
REV_1527,US_8018,MV_9344,9.9,Great movie!,2025-03-29 06:25:45
REV_1528,US_8508,MV_7241,7.1,Great movie!,2025-05-04 15:47:08
REV_1529,US_1984,MV_2104,5.0,Great movie!,2024-11-29 21:23:23
REV_1530,US_2068,MV_9933,1.1,Could be better.,2024-08-14 04:27:12
REV_1531,US_1329,MV_4251,8.0,Could be better.,2024-01-30 23:57:25
REV_1532,US_549,MV_8959,8.0,Could be better.,2024-05-15 04:13:14
REV_1533,US_3881,MV_5191,3.9,Great movie!,2025-06-29 06:49:42
REV_1534,US_8764,MV_2672,6.7,Could be better.,2025-07-17 21:01:52
REV_1535,US_6305,MV_5231,9.3,Could be better.,2024-10-22 13:31:14
REV_1536,US_379,MV_5791,3.0,Could be better.,2025-10-14 12:40:58
REV_1537,US_6606,MV_4436,7.1,Could be better.,2024-06-07 06:57:45
REV_1538,US_505,MV_2539,6.7,Could be better.,2025-01-01 09:46:24
REV_1539,US_6243,MV_514,8.3,Could be better.,2025-04-17 20:52:11
REV_1540,US_9368,MV_63,2.7,Great movie!,2024-03-24 20:26:21
REV_1541,US_3050,MV_9495,5.6,Could be better.,2025-11-03 11:58:09
REV_1542,US_55,MV_5773,2.0,Could be better.,2025-03-01 00:52:03
REV_1543,US_9723,MV_8195,4.3,Great movie!,2024-10-13 22:21:32
REV_1544,US_631,MV_2187,7.1,Great movie!,2025-05-23 06:50:36
REV_1545,US_6618,MV_2341,9.0,Great movie!,2025-06-18 00:52:11
REV_1546,US_783,MV_959,5.6,Great movie!,2025-10-14 16:33:01
REV_1547,US_9389,MV_7547,2.3,Great movie!,2024-06-22 00:46:37
REV_1548,US_5178,MV_9825,3.0,Great movie!,2024-09-19 19:15:24
REV_1549,US_2501,MV_7544,3.1,Great movie!,2024-10-14 02:31:57
REV_1550,US_7663,MV_5349,2.0,Great movie!,2024-10-10 08:42:30
REV_1551,US_8005,MV_6039,9.3,Great movie!,2025-11-21 01:06:08
REV_1552,US_847,MV_4892,2.1,Could be better.,2025-12-16 04:32:32
REV_1553,US_9748,MV_5563,9.8,Could be better.,2024-02-17 20:00:34
REV_1554,US_565,MV_5021,7.4,Could be better.,2025-07-20 19:35:31
REV_1555,US_4291,MV_2407,2.5,Great movie!,2025-12-02 07:15:49
REV_1556,US_8976,MV_1538,1.4,Great movie!,2024-08-26 03:12:19
REV_1557,US_3057,MV_2731,3.3,Great movie!,2024-05-09 09:57:10
REV_1558,US_3502,MV_9630,6.6,Could be better.,2025-12-18 23:24:55
REV_1559,US_2149,MV_5427,9.7,Could be better.,2024-05-07 21:47:16
REV_1560,US_2096,MV_8877,7.3,Could be better.,2024-11-20 05:21:54
REV_1561,US_1172,MV_4380,6.6,Great movie!,2024-10-05 15:01:04
REV_1562,US_6467,MV_1099,1.9,Could be better.,2025-11-16 09:07:12
REV_1563,US_332,MV_3875,9.3,Could be better.,2024-11-09 08:01:11
REV_1564,US_4344,MV_8431,9.3,Great movie!,2025-09-06 06:59:34
REV_1565,US_713,MV_6235,3.3,Could be better.,2024-06-22 19:12:05
REV_1566,US_1510,MV_602,2.7,Great movie!,2025-11-27 19:10:33
REV_1567,US_6400,MV_895,2.6,Great movie!,2025-11-14 16:52:52
REV_1568,US_893,MV_2201,9.0,Great movie!,2025-06-27 10:24:53
REV_1569,US_7752,MV_341,6.2,Could be better.,2025-10-18 19:31:46
REV_1570,US_4868,MV_8399,2.5,Great movie!,2025-11-25 20:59:11
REV_1571,US_9876,MV_240,5.6,Great movie!,2025-11-16 20:57:29
REV_1572,US_6815,MV_7990,8.7,Great movie!,2025-08-03 00:24:35
REV_1573,US_4103,MV_1909,7.5,Could be better.,2024-10-22 07:45:52
REV_1574,US_2285,MV_4636,6.2,Could be better.,2025-02-13 05:01:33
REV_1575,US_4157,MV_1291,7.6,Great movie!,2024-01-13 23:20:30
REV_1576,US_3843,MV_4531,6.2,Could be better.,2024-01-16 07:21:41
REV_1577,US_4861,MV_4828,9.6,Could be better.,2025-04-24 15:58:40
REV_1578,US_4489,MV_6820,5.9,Great movie!,2025-11-28 15:07:49
REV_1579,US_4270,MV_3686,1.9,Could be better.,2024-03-05 23:15:20
REV_1580,US_71,MV_5087,3.4,Great movie!,2025-01-18 03:20:26
REV_1581,US_5059,MV_4525,7.1,Could be better.,2024-08-18 06:58:38
REV_1582,US_9986,MV_8832,5.6,Great movie!,2024-05-04 08:03:15
REV_1583,US_3834,MV_8256,6.0,Great movie!,2025-05-31 06:29:58
REV_1584,US_7442,MV_8420,6.5,Could be better.,2024-09-02 13:57:18
REV_1585,US_9340,MV_7412,4.5,Great movie!,2024-10-26 01:12:33
REV_1586,US_6021,MV_4694,4.9,Great movie!,2025-08-23 20:38:09
REV_1587,US_4417,MV_7510,9.9,Great movie!,2025-10-31 12:52:34
REV_1588,US_5582,MV_3656,9.4,Could be better.,2025-01-16 17:20:03
REV_1589,US_7742,MV_3100,8.4,Great movie!,2024-07-17 16:19:56
REV_1590,US_2538,MV_1767,1.2,Great movie!,2024-04-19 08:26:27
REV_1591,US_5122,MV_4642,4.1,Could be better.,2025-07-13 19:02:55
REV_1593,US_7139,MV_81,3.7,Great movie!,2024-11-26 00:04:20
REV_1594,US_6577,MV_7542,3.9,Great movie!,2025-04-25 04:56:07
REV_1595,US_2208,MV_7611,9.5,Great movie!,2024-09-27 16:41:59
REV_1596,US_2681,MV_8330,4.9,Could be better.,2024-04-19 08:41:42
REV_1597,US_1033,MV_5447,7.0,Great movie!,2024-09-21 08:29:53
REV_1598,US_2362,MV_562,7.8,Could be better.,2024-02-04 13:50:22
REV_1599,US_6342,MV_3479,3.1,Great movie!,2024-08-09 03:59:02
REV_1600,US_906,MV_3934,5.7,Great movie!,2025-05-25 11:09:16
REV_1601,US_6054,MV_3290,5.6,Could be better.,2024-03-12 09:32:00
REV_1602,US_1450,MV_3451,8.9,Great movie!,2024-05-02 04:56:41
REV_1603,US_4048,MV_4809,1.2,Could be better.,2025-05-31 13:09:05
REV_1604,US_6932,MV_8673,1.6,Great movie!,2024-11-09 01:12:15
REV_1605,US_3396,MV_3836,8.4,Great movie!,2025-06-06 08:05:37
REV_1606,US_2735,MV_3576,3.0,Could be better.,2024-07-14 08:34:56
REV_1607,US_75,MV_6114,8.2,Could be better.,2025-08-16 06:54:25
REV_1608,US_6066,MV_8719,8.6,Could be better.,2024-10-17 17:54:58
REV_1609,US_3295,MV_8447,3.4,Great movie!,2024-01-24 15:33:56
REV_1610,US_7878,MV_2885,3.1,Could be better.,2024-08-16 02:50:31
REV_1612,US_9568,MV_240,9.4,Great movie!,2025-11-01 09:00:52
REV_1613,US_4052,MV_7548,6.5,Could be better.,2024-06-14 05:06:38
REV_1614,US_8668,MV_6145,9.7,Great movie!,2025-11-07 00:18:06
REV_1615,US_865,MV_7312,2.9,Could be better.,2024-07-26 21:27:05
REV_1616,US_7959,MV_6719,2.8,Great movie!,2024-01-12 18:52:19
REV_1617,US_3299,MV_8834,2.4,Great movie!,2024-01-10 19:17:27
REV_1618,US_8597,MV_3919,9.8,Great movie!,2025-10-14 23:22:55
REV_1619,US_6634,MV_8831,3.6,Could be better.,2025-10-15 09:19:22
REV_1620,US_1183,MV_3548,1.3,Great movie!,2024-03-16 07:03:17
REV_1621,US_6357,MV_3803,9.9,Could be better.,2025-04-28 18:53:14
REV_1624,US_317,MV_8431,7.7,Could be better.,2024-06-19 19:52:25
REV_1625,US_721,MV_6496,4.7,Great movie!,2024-10-12 02:30:22
REV_1626,US_1133,MV_4176,5.4,Great movie!,2025-10-16 20:22:48
REV_1627,US_586,MV_3885,8.1,Could be better.,2025-06-15 00:45:52
REV_1628,US_2601,MV_993,4.8,Great movie!,2025-07-13 12:05:22
REV_1629,US_2586,MV_5456,2.0,Could be better.,2025-06-05 01:07:17
REV_1630,US_6762,MV_6688,3.1,Great movie!,2024-05-13 17:14:28
REV_1631,US_2329,MV_3683,2.0,Could be better.,2025-01-31 06:31:59
REV_1632,US_7296,MV_3459,6.1,Could be better.,2024-05-29 08:04:19
REV_1633,US_3440,MV_9550,6.7,Great movie!,2025-06-01 02:10:54
REV_1634,US_2813,MV_9046,4.8,Could be better.,2025-05-06 20:55:49
REV_1635,US_6802,MV_5149,6.0,Could be better.,2025-08-17 14:08:56
REV_1637,US_9810,MV_6880,6.2,Great movie!,2025-12-05 17:01:47
REV_1638,US_6078,MV_1282,2.2,Could be better.,2024-12-09 21:02:23
REV_1639,US_6732,MV_7818,2.1,Could be better.,2025-04-09 05:35:39
REV_1640,US_1802,MV_8512,3.6,Great movie!,2024-02-15 02:37:56
REV_1641,US_2777,MV_5400,2.7,Great movie!,2024-07-02 16:46:18
REV_1642,US_444,MV_5390,1.4,Great movie!,2025-09-13 01:57:33
REV_1643,US_9596,MV_651,3.6,Could be better.,2024-07-20 07:13:01
REV_1644,US_5669,MV_7183,8.2,Could be better.,2024-06-26 18:32:57
REV_1645,US_3989,MV_3651,8.1,Could be better.,2025-06-18 00:51:24
REV_1646,US_9117,MV_9172,2.8,Could be better.,2024-03-21 01:17:36
REV_1647,US_254,MV_1271,2.3,Great movie!,2025-02-21 10:13:25
REV_1648,US_5799,MV_8426,1.1,Great movie!,2024-02-22 15:24:57
REV_1649,US_1748,MV_5713,8.8,Great movie!,2025-07-13 09:30:09
REV_1650,US_8840,MV_7880,2.7,Great movie!,2024-01-12 04:00:45
REV_1651,US_1683,MV_430,9.6,Could be better.,2024-04-05 03:24:23
REV_1652,US_4980,MV_4244,6.2,Great movie!,2024-04-07 16:17:31
REV_1654,US_9573,MV_6498,3.1,Great movie!,2025-07-14 16:33:17
REV_1655,US_8866,MV_5283,3.7,Great movie!,2025-12-12 06:20:24
REV_1656,US_8931,MV_9920,9.9,Could be better.,2024-02-12 03:10:22
REV_1657,US_7866,MV_2606,1.4,Could be better.,2025-02-26 04:29:28
REV_1658,US_1725,MV_7565,6.4,Could be better.,2024-07-21 15:52:46
REV_1659,US_7763,MV_3320,2.3,Great movie!,2025-08-10 01:15:20
REV_1660,US_5017,MV_4960,4.2,Could be better.,2025-05-10 15:39:45
REV_1661,US_8737,MV_5106,7.1,Could be better.,2025-03-13 01:56:27
REV_1662,US_269,MV_8185,3.3,Great movie!,2024-04-16 04:43:41
REV_1663,US_1304,MV_9045,5.2,Could be better.,2024-12-12 01:57:53
REV_1664,US_4920,MV_788,1.4,Could be better.,2025-03-03 05:41:40
REV_1665,US_3122,MV_5784,1.9,Great movie!,2025-09-23 19:37:57
REV_1666,US_200,MV_7279,6.6,Could be better.,2024-03-29 18:16:29
REV_1667,US_8959,MV_6674,5.6,Great movie!,2024-11-11 02:25:46
REV_1668,US_9961,MV_6406,3.4,Great movie!,2024-11-18 14:56:02
REV_1669,US_3517,MV_7043,6.2,Great movie!,2025-06-07 09:54:43
REV_1670,US_4795,MV_3060,8.2,Great movie!,2024-12-22 17:06:33
REV_1671,US_2827,MV_1026,2.1,Great movie!,2024-04-14 15:39:35
REV_1672,US_776,MV_6604,4.0,Great movie!,2024-12-23 06:11:01
REV_1673,US_537,MV_455,8.7,Great movie!,2024-09-04 07:25:26
REV_1674,US_1624,MV_5781,1.1,Great movie!,2024-06-29 18:15:06
REV_1675,US_9121,MV_1977,4.2,Great movie!,2025-01-26 01:45:36
REV_1676,US_7214,MV_5017,6.2,Great movie!,2025-07-05 13:12:03
REV_1678,US_4493,MV_950,3.7,Great movie!,2025-09-03 06:04:33
REV_1679,US_1871,MV_4271,7.7,Great movie!,2024-08-30 08:33:05
REV_1680,US_4650,MV_3103,7.7,Great movie!,2024-06-14 09:06:21
REV_1681,US_4923,MV_5494,7.0,Great movie!,2024-07-27 13:12:36
REV_1682,US_7025,MV_9841,7.0,Great movie!,2024-06-08 11:55:00
REV_1683,US_8091,MV_6475,3.3,Could be better.,2025-01-20 10:24:59
REV_1684,US_7933,MV_4167,1.3,Could be better.,2025-09-01 10:46:20
REV_1685,US_9374,MV_3371,5.0,Great movie!,2025-01-04 19:58:36
REV_1686,US_5081,MV_3959,4.4,Could be better.,2025-03-15 06:24:25
REV_1687,US_1356,MV_1966,1.2,Great movie!,2024-07-19 18:18:52
REV_1688,US_1630,MV_9999,4.3,Could be better.,2024-10-30 06:08:45
REV_1689,US_8336,MV_3323,5.5,Great movie!,2025-09-10 08:59:41
REV_1690,US_8346,MV_7681,2.1,Great movie!,2025-08-22 05:43:42
REV_1691,US_2159,MV_6313,9.2,Could be better.,2024-07-07 09:37:41
REV_1692,US_6258,MV_6833,1.6,Could be better.,2024-07-20 20:18:52
REV_1693,US_4091,MV_8398,8.5,Could be better.,2025-06-07 12:24:53
REV_1694,US_734,MV_4201,3.4,Great movie!,2024-01-05 23:26:14
REV_1695,US_3938,MV_8664,1.6,Great movie!,2025-08-13 20:59:45
REV_1696,US_928,MV_9820,6.2,Could be better.,2025-02-22 22:30:12
REV_1697,US_3295,MV_5277,5.9,Could be better.,2025-10-22 22:19:36
REV_1698,US_6372,MV_1508,9.1,Could be better.,2025-05-10 01:43:54
REV_1699,US_9482,MV_8104,1.2,Could be better.,2025-02-14 04:43:56
REV_1700,US_1803,MV_5318,7.5,Great movie!,2024-11-12 12:03:30
REV_1701,US_1972,MV_2734,7.5,Great movie!,2024-03-28 04:48:43
REV_1702,US_7615,MV_4975,3.4,Great movie!,2024-05-31 19:11:12
REV_1703,US_3474,MV_7971,3.5,Great movie!,2024-08-27 06:20:40
REV_1704,US_7,MV_9806,6.4,Could be better.,2024-05-23 01:23:29
REV_1705,US_6120,MV_2355,2.6,Great movie!,2024-05-07 20:34:54
REV_1706,US_3607,MV_7519,8.0,Great movie!,2025-11-16 02:40:46
REV_1707,US_5804,MV_1457,6.0,Great movie!,2025-09-14 03:34:20
REV_1708,US_8494,MV_1393,5.4,Could be better.,2025-01-17 03:55:45
REV_1709,US_2991,MV_2451,4.1,Could be better.,2024-11-06 13:28:10
REV_1710,US_5062,MV_896,6.4,Great movie!,2024-06-07 11:38:49
REV_1711,US_1547,MV_7963,9.9,Great movie!,2024-07-22 13:37:01
REV_1712,US_7636,MV_6518,5.8,Great movie!,2025-03-17 21:25:28
REV_1713,US_8972,MV_1097,5.6,Great movie!,2024-10-05 22:16:48
REV_1714,US_330,MV_5766,7.6,Could be better.,2025-11-21 13:19:27
REV_1715,US_8905,MV_6280,4.0,Could be better.,2024-08-21 16:54:50
REV_1716,US_2721,MV_8,3.2,Could be better.,2024-01-16 20:24:47
REV_1717,US_2665,MV_5845,7.6,Great movie!,2025-05-07 05:40:13
REV_1718,US_1739,MV_5519,2.6,Could be better.,2024-08-30 15:10:49
REV_1719,US_5027,MV_8771,7.9,Could be better.,2025-08-31 02:15:10
REV_1720,US_3302,MV_7843,5.9,Great movie!,2024-06-08 06:01:25
REV_1721,US_3168,MV_3876,9.9,Great movie!,2025-05-24 04:41:00
REV_1722,US_7769,MV_8330,7.0,Could be better.,2024-05-04 14:25:57
REV_1723,US_7323,MV_1015,1.4,Could be better.,2024-06-12 20:46:47
REV_1724,US_9978,MV_6332,7.8,Great movie!,2025-11-06 16:00:35
REV_1725,US_3271,MV_8995,7.9,Great movie!,2024-07-29 15:56:13
REV_1726,US_3916,MV_3335,7.0,Great movie!,2024-01-03 07:27:13
REV_1727,US_6259,MV_2347,2.9,Great movie!,2024-11-22 18:17:23
REV_1728,US_2402,MV_1712,8.8,Could be better.,2025-11-28 07:40:35
REV_1729,US_7989,MV_4687,6.5,Could be better.,2025-09-24 19:27:13
REV_1730,US_8149,MV_1213,7.9,Great movie!,2024-07-17 21:49:45
REV_1731,US_1415,MV_3923,2.8,Great movie!,2025-09-28 17:01:19
REV_1732,US_80,MV_1570,4.8,Could be better.,2025-09-09 07:29:10
REV_1733,US_7586,MV_7649,1.9,Could be better.,2024-11-07 04:06:19
REV_1734,US_8603,MV_3517,7.1,Great movie!,2025-03-04 08:11:34
REV_1735,US_8657,MV_3685,1.1,Could be better.,2025-12-25 12:16:43
REV_1736,US_2821,MV_24,10.0,Could be better.,2024-02-23 19:30:31
REV_1737,US_8256,MV_8815,5.9,Could be better.,2025-03-29 20:43:53
REV_1738,US_9140,MV_7101,8.5,Could be better.,2024-07-21 02:39:49
REV_1739,US_6711,MV_9893,7.2,Great movie!,2024-09-19 05:00:30
REV_1740,US_4172,MV_926,7.8,Great movie!,2024-06-26 00:34:54
REV_1741,US_8443,MV_9478,4.0,Great movie!,2024-11-28 11:19:07
REV_1743,US_6618,MV_5126,3.0,Great movie!,2025-03-14 22:50:37
REV_1744,US_256,MV_5445,7.6,Great movie!,2025-11-15 00:52:10
REV_1745,US_1391,MV_5897,5.8,Great movie!,2025-01-28 03:06:53
REV_1746,US_9638,MV_7904,3.2,Great movie!,2024-06-27 21:56:39
REV_1747,US_8534,MV_4793,5.6,Could be better.,2024-11-07 08:33:56
REV_1748,US_8393,MV_3133,8.5,Great movie!,2024-11-18 06:29:53
REV_1749,US_7681,MV_7810,1.3,Could be better.,2024-02-16 20:09:25
REV_1750,US_115,MV_1175,8.7,Could be better.,2024-01-09 06:18:12
REV_1751,US_1084,MV_1164,7.5,Great movie!,2024-02-06 22:56:09
REV_1752,US_1781,MV_3217,2.0,Great movie!,2025-09-09 19:49:57
REV_1753,US_3001,MV_1433,3.3,Great movie!,2025-02-07 14:17:19
REV_1754,US_8950,MV_668,9.3,Could be better.,2024-06-16 10:37:33
REV_1755,US_5487,MV_6792,2.9,Great movie!,2024-04-10 09:30:18
REV_1756,US_1212,MV_5615,8.5,Great movie!,2024-10-31 13:49:45
REV_1757,US_9614,MV_5643,4.4,Could be better.,2025-05-29 17:38:13
REV_1758,US_866,MV_990,7.9,Could be better.,2025-05-04 16:26:55
REV_1759,US_9466,MV_4214,3.5,Great movie!,2025-10-07 08:30:04
REV_1760,US_9880,MV_5110,8.2,Great movie!,2024-02-15 06:50:34
REV_1761,US_9206,MV_628,9.5,Could be better.,2025-10-12 11:38:27
REV_1762,US_2089,MV_8022,1.5,Great movie!,2024-05-30 14:31:27
REV_1763,US_6173,MV_3948,5.8,Could be better.,2024-08-04 00:28:44
REV_1764,US_1796,MV_9037,7.7,Great movie!,2024-10-16 20:23:41
REV_1765,US_5925,MV_5642,9.3,Great movie!,2024-10-22 17:01:50
REV_1766,US_5106,MV_556,7.9,Great movie!,2025-06-28 17:06:40
REV_1768,US_5876,MV_54,8.1,Great movie!,2025-11-05 12:36:55
REV_1769,US_6269,MV_4797,6.3,Could be better.,2024-08-17 20:58:09
REV_1770,US_4128,MV_8760,2.0,Great movie!,2025-05-17 06:38:02
REV_1771,US_5697,MV_3680,4.2,Could be better.,2024-08-31 08:50:28
REV_1772,US_4941,MV_1311,8.6,Great movie!,2025-08-07 03:10:29
REV_1773,US_7916,MV_2625,2.1,Great movie!,2024-09-11 23:01:39
REV_1774,US_5874,MV_3595,1.5,Great movie!,2024-05-19 08:36:15
REV_1775,US_6692,MV_3970,8.2,Could be better.,2024-02-21 04:35:07
REV_1776,US_7996,MV_1453,2.1,Great movie!,2025-08-31 17:52:38
REV_1777,US_6894,MV_966,1.4,Great movie!,2024-07-08 17:45:36
REV_1778,US_9812,MV_9231,3.9,Could be better.,2025-04-15 21:49:30
REV_1779,US_940,MV_7621,8.7,Great movie!,2025-07-12 16:13:35
REV_1780,US_4929,MV_103,2.8,Could be better.,2025-05-09 01:49:48
REV_1781,US_1170,MV_5649,6.5,Could be better.,2025-05-25 03:44:18
REV_1782,US_7255,MV_8570,5.4,Great movie!,2025-10-03 16:19:30
REV_1783,US_2403,MV_980,2.8,Could be better.,2025-11-20 10:44:14
REV_1784,US_5412,MV_7240,9.1,Could be better.,2025-01-07 21:37:11
REV_1785,US_7937,MV_236,5.8,Could be better.,2025-07-23 22:58:26
REV_1786,US_6632,MV_5540,6.2,Could be better.,2024-05-20 08:31:31
REV_1787,US_5220,MV_318,3.8,Great movie!,2025-10-07 09:38:53
REV_1788,US_5862,MV_6080,4.4,Great movie!,2024-08-11 09:29:20
REV_1789,US_9496,MV_3968,5.9,Great movie!,2025-10-07 21:47:28
REV_1790,US_8278,MV_9003,8.8,Could be better.,2025-12-25 19:25:42
REV_1791,US_8013,MV_2743,4.3,Great movie!,2025-09-29 01:25:23
REV_1792,US_9097,MV_8598,5.3,Could be better.,2025-12-09 06:11:44
REV_1793,US_4418,MV_9384,4.4,Great movie!,2025-12-16 09:56:10
REV_1794,US_7926,MV_5165,8.6,Could be better.,2024-08-15 12:32:03
REV_1795,US_3205,MV_832,9.1,Could be better.,2025-04-23 09:43:26
REV_1796,US_8504,MV_3604,4.8,Great movie!,2025-10-23 21:11:45
REV_1797,US_67,MV_1293,9.5,Great movie!,2025-06-27 02:53:53
REV_1798,US_9486,MV_1904,6.6,Could be better.,2024-07-28 14:48:06
REV_1799,US_5122,MV_8457,1.6,Great movie!,2025-09-01 16:21:11
REV_1800,US_2893,MV_1813,6.9,Great movie!,2025-05-31 08:38:01
REV_1801,US_5629,MV_5574,7.3,Great movie!,2024-10-20 20:14:37
REV_1802,US_8113,MV_3482,3.7,Could be better.,2025-09-17 17:29:47
REV_1803,US_1979,MV_3088,1.0,Could be better.,2025-03-04 16:15:01
REV_1805,US_8649,MV_3979,4.6,Could be better.,2025-01-18 21:41:02
REV_1806,US_4207,MV_3724,2.6,Could be better.,2025-12-21 17:51:15
REV_1807,US_8732,MV_6416,8.6,Could be better.,2025-02-22 21:54:32
REV_1808,US_7332,MV_8800,6.3,Could be better.,2024-01-29 23:19:36
REV_1809,US_6488,MV_3966,9.2,Could be better.,2024-12-17 08:04:21
REV_1810,US_725,MV_9238,4.4,Great movie!,2024-01-27 13:24:56
REV_1811,US_1175,MV_9743,8.0,Great movie!,2025-08-10 17:15:24
REV_1812,US_6207,MV_3369,8.2,Great movie!,2025-02-22 13:57:12
REV_1813,US_5255,MV_3854,3.6,Could be better.,2024-07-15 08:47:29
REV_1814,US_5004,MV_5027,8.6,Great movie!,2024-02-17 03:02:24
REV_1815,US_2010,MV_6094,2.0,Great movie!,2024-09-03 17:31:33
REV_1816,US_8195,MV_8421,9.6,Could be better.,2024-03-17 16:40:05
REV_1817,US_129,MV_7639,6.2,Could be better.,2024-11-23 18:48:04
REV_1818,US_8641,MV_922,1.5,Great movie!,2025-07-03 22:42:34
REV_1819,US_1280,MV_6427,8.6,Great movie!,2025-02-01 01:58:15
REV_1820,US_8647,MV_7359,2.9,Great movie!,2025-03-14 05:25:18
REV_1821,US_712,MV_1820,4.5,Could be better.,2024-04-08 08:28:46
REV_1822,US_3848,MV_9492,8.9,Great movie!,2025-08-23 19:28:56
REV_1823,US_8666,MV_6810,9.9,Could be better.,2024-08-30 20:45:51
REV_1824,US_315,MV_4285,1.8,Great movie!,2024-11-19 23:34:22
REV_1825,US_4175,MV_8322,4.7,Could be better.,2025-01-22 18:49:50
REV_1826,US_1419,MV_8161,7.0,Could be better.,2025-01-31 19:17:13
REV_1827,US_6072,MV_1138,3.2,Could be better.,2025-02-26 21:48:05
REV_1828,US_1265,MV_3387,2.6,Great movie!,2025-08-20 07:14:45
REV_1829,US_3494,MV_3350,8.4,Could be better.,2025-07-02 00:18:59
REV_1830,US_8955,MV_1629,8.7,Great movie!,2024-06-18 22:56:39
REV_1831,US_9952,MV_4099,6.2,Could be better.,2025-08-16 23:52:21
REV_1832,US_4453,MV_3809,2.3,Great movie!,2024-03-27 23:58:49
REV_1833,US_2366,MV_7181,7.0,Great movie!,2024-09-25 14:13:21
REV_1834,US_3456,MV_6927,4.2,Could be better.,2025-10-06 12:29:51
REV_1835,US_512,MV_7866,7.2,Could be better.,2025-09-25 19:04:28
REV_1836,US_3292,MV_7655,2.8,Could be better.,2025-11-12 23:31:50
REV_1837,US_7811,MV_3495,2.3,Could be better.,2024-03-25 13:15:03
REV_1838,US_516,MV_3958,4.1,Great movie!,2024-06-10 06:56:23
REV_1839,US_6116,MV_9855,4.3,Great movie!,2024-06-14 02:52:24
REV_1840,US_9342,MV_5989,7.9,Could be better.,2024-09-06 18:04:34
REV_1841,US_5437,MV_8899,3.3,Could be better.,2024-12-19 13:00:40
REV_1842,US_9900,MV_7684,5.5,Great movie!,2024-02-12 19:40:18
REV_1843,US_5644,MV_1115,7.8,Could be better.,2024-10-27 13:08:11
REV_1844,US_4504,MV_685,6.1,Could be better.,2025-10-08 20:15:22
REV_1845,US_300,MV_4393,5.1,Could be better.,2025-09-26 23:28:37
REV_1846,US_4281,MV_9917,7.6,Great movie!,2024-12-23 08:34:32
REV_1847,US_9738,MV_3308,6.3,Great movie!,2025-05-07 13:21:16
REV_1848,US_9057,MV_5422,5.8,Great movie!,2025-08-26 08:27:08
REV_1849,US_6894,MV_5668,5.9,Could be better.,2024-03-03 03:56:02
REV_1850,US_5598,MV_4091,1.0,Great movie!,2024-05-21 04:14:24
REV_1851,US_3195,MV_50,2.2,Great movie!,2024-04-25 19:34:20
REV_1853,US_8718,MV_5613,5.0,Great movie!,2024-05-31 07:55:23
REV_1854,US_5879,MV_7340,5.4,Could be better.,2025-12-19 11:00:42
REV_1855,US_6492,MV_6890,1.8,Could be better.,2025-04-28 19:22:49
REV_1856,US_3468,MV_9410,7.1,Could be better.,2025-02-12 05:48:54
REV_1857,US_9711,MV_1868,8.5,Could be better.,2024-07-08 05:34:54
REV_1858,US_636,MV_7489,1.4,Great movie!,2025-10-06 19:52:46
REV_1859,US_1460,MV_4408,2.0,Could be better.,2024-03-14 12:46:45
REV_1860,US_7558,MV_5046,2.4,Could be better.,2024-05-29 10:26:56
REV_1862,US_1634,MV_3244,4.9,Could be better.,2024-12-23 11:19:00
REV_1863,US_8698,MV_1617,3.3,Could be better.,2024-06-18 13:30:15
REV_1865,US_3013,MV_5486,5.4,Could be better.,2025-05-22 12:08:40
REV_1866,US_1400,MV_5772,5.5,Could be better.,2024-06-16 03:21:00
REV_1867,US_5024,MV_6389,1.1,Could be better.,2025-05-19 08:55:15
REV_1868,US_2834,MV_6154,7.9,Great movie!,2024-04-05 08:21:09
REV_1869,US_736,MV_4617,2.1,Great movie!,2024-09-05 13:15:16
REV_1870,US_28,MV_3199,2.2,Great movie!,2025-09-18 07:32:54
REV_1871,US_2348,MV_5130,8.6,Great movie!,2024-03-09 01:53:59
REV_1873,US_8652,MV_9404,2.2,Great movie!,2025-09-30 17:10:25
REV_1874,US_244,MV_7416,8.8,Could be better.,2024-04-13 09:25:22
REV_1875,US_4506,MV_3926,8.3,Great movie!,2025-10-03 03:26:25
REV_1876,US_5531,MV_5276,8.6,Great movie!,2024-09-26 07:49:05
REV_1877,US_8407,MV_240,1.8,Great movie!,2025-07-26 00:14:16
REV_1878,US_6929,MV_3434,6.2,Great movie!,2025-06-21 05:08:39
REV_1879,US_6692,MV_7398,1.1,Could be better.,2024-01-27 01:35:37
REV_1880,US_1420,MV_8640,6.0,Great movie!,2024-02-03 03:14:12
REV_1881,US_2511,MV_3657,4.6,Great movie!,2024-12-24 20:53:39
REV_1883,US_125,MV_5731,5.4,Great movie!,2025-05-10 10:27:31
REV_1884,US_9767,MV_7791,4.3,Great movie!,2024-10-21 07:48:19
REV_1885,US_8855,MV_7021,5.8,Great movie!,2024-02-13 04:52:04
REV_1886,US_8720,MV_5644,5.7,Great movie!,2025-04-04 08:03:13
REV_1887,US_3652,MV_3340,3.1,Great movie!,2025-07-17 00:33:56
REV_1888,US_5947,MV_5590,4.1,Great movie!,2024-05-18 08:10:05
REV_1889,US_1011,MV_2870,7.6,Could be better.,2025-01-10 23:23:57
REV_1890,US_6101,MV_3867,9.1,Could be better.,2024-08-25 18:54:11
REV_1891,US_2101,MV_8572,7.1,Great movie!,2025-11-28 03:57:38
REV_1892,US_8981,MV_7991,8.7,Could be better.,2025-04-04 02:31:22
REV_1893,US_866,MV_7757,8.2,Could be better.,2025-11-05 02:10:24
REV_1894,US_9256,MV_3127,3.8,Could be better.,2025-02-02 17:06:01
REV_1895,US_7289,MV_632,2.6,Great movie!,2025-11-08 20:51:04
REV_1896,US_8371,MV_5765,9.9,Could be better.,2024-04-14 14:12:42
REV_1897,US_1331,MV_4165,10.0,Could be better.,2025-06-01 03:32:14
REV_1898,US_3630,MV_611,4.9,Great movie!,2024-03-20 18:01:38
REV_1899,US_57,MV_2710,2.5,Great movie!,2025-05-20 17:57:48
REV_1900,US_9645,MV_2083,3.8,Great movie!,2025-07-24 07:47:29
REV_1901,US_79,MV_1790,7.5,Great movie!,2024-02-11 22:26:15
REV_1902,US_2520,MV_9704,4.1,Could be better.,2025-11-09 21:42:21
REV_1903,US_349,MV_2476,8.0,Could be better.,2025-12-13 19:54:47
REV_1904,US_5397,MV_8171,8.5,Could be better.,2025-05-09 05:36:28
REV_1905,US_8655,MV_6873,2.3,Could be better.,2025-03-08 04:09:16
REV_1906,US_7030,MV_8966,9.3,Great movie!,2025-11-30 15:00:39
REV_1907,US_3900,MV_6694,9.1,Great movie!,2024-01-07 05:06:25
REV_1908,US_7780,MV_597,4.2,Great movie!,2025-10-15 18:58:22
REV_1909,US_4729,MV_1001,4.2,Great movie!,2024-12-17 23:37:36
REV_1910,US_1845,MV_3241,7.3,Could be better.,2025-06-25 09:43:48
REV_1911,US_4425,MV_4078,7.5,Could be better.,2024-11-10 06:31:52
REV_1912,US_5683,MV_753,7.9,Could be better.,2024-09-26 11:14:48
REV_1913,US_3279,MV_6315,2.1,Great movie!,2024-05-26 16:16:23
REV_1914,US_9514,MV_9942,8.6,Could be better.,2024-12-03 04:47:22
REV_1915,US_3031,MV_7522,3.5,Great movie!,2024-12-28 07:41:53
REV_1916,US_6286,MV_9002,2.6,Great movie!,2024-08-29 20:38:05
REV_1917,US_3397,MV_109,8.1,Great movie!,2024-02-03 12:47:28
REV_1918,US_6368,MV_6019,7.7,Could be better.,2025-09-30 07:11:39
REV_1919,US_1618,MV_6562,4.6,Could be better.,2025-02-24 05:26:00
REV_1920,US_6648,MV_3662,6.9,Could be better.,2025-09-29 23:37:49
REV_1921,US_4522,MV_6371,5.3,Could be better.,2024-10-12 14:11:34
REV_1922,US_1634,MV_5188,5.6,Great movie!,2025-08-05 02:02:11
REV_1923,US_6749,MV_376,1.6,Great movie!,2025-07-26 15:53:48
REV_1924,US_3705,MV_7054,3.9,Great movie!,2025-09-24 13:37:11
REV_1925,US_5597,MV_9520,6.4,Great movie!,2024-02-14 16:49:55
REV_1926,US_9319,MV_707,2.2,Could be better.,2025-03-29 06:00:34
REV_1927,US_4841,MV_109,9.3,Great movie!,2025-04-11 07:01:35
REV_1928,US_3208,MV_5188,4.9,Could be better.,2024-08-10 12:58:19
REV_1929,US_6160,MV_1657,1.9,Great movie!,2024-08-23 21:14:17
REV_1930,US_4912,MV_4986,1.8,Great movie!,2025-03-13 23:46:45
REV_1931,US_1340,MV_6037,7.9,Could be better.,2024-03-03 00:49:18
REV_1932,US_8943,MV_9374,8.0,Could be better.,2025-01-03 16:42:50
REV_1933,US_1226,MV_1623,6.4,Could be better.,2024-08-09 03:49:59
REV_1934,US_3869,MV_9384,8.0,Could be better.,2024-06-11 06:22:32
REV_1935,US_2322,MV_2644,5.8,Could be better.,2024-02-07 14:24:05
REV_1936,US_8709,MV_5465,7.3,Great movie!,2025-08-28 09:11:47
REV_1937,US_5814,MV_9016,8.1,Great movie!,2024-10-26 16:30:01
REV_1938,US_4545,MV_9162,3.0,Could be better.,2024-02-07 20:20:20
REV_1939,US_713,MV_3674,7.4,Great movie!,2025-07-31 18:28:31
REV_1940,US_3385,MV_3617,7.3,Great movie!,2024-11-05 20:27:09
REV_1941,US_3358,MV_8582,5.3,Could be better.,2024-08-14 12:48:56
REV_1942,US_3333,MV_2640,6.8,Could be better.,2024-07-02 06:37:06
REV_1943,US_7127,MV_4645,9.1,Could be better.,2025-03-22 01:54:35
REV_1944,US_1408,MV_9661,3.7,Great movie!,2024-05-01 08:30:53
REV_1945,US_8497,MV_2410,5.6,Could be better.,2025-03-31 06:35:22
REV_1946,US_423,MV_4838,1.2,Could be better.,2024-11-09 11:33:59
REV_1947,US_6872,MV_1889,2.7,Could be better.,2024-02-02 07:47:27
REV_1949,US_5803,MV_4422,2.3,Could be better.,2025-09-08 01:31:34
REV_1950,US_2213,MV_434,5.6,Great movie!,2024-02-06 02:33:03
REV_1951,US_9695,MV_9368,1.7,Could be better.,2024-07-25 16:36:05
REV_1952,US_3965,MV_1071,2.7,Great movie!,2024-08-12 10:40:38
REV_1953,US_6242,MV_8214,2.6,Could be better.,2024-08-01 00:26:37
REV_1954,US_1632,MV_8572,8.8,Great movie!,2025-11-07 20:19:13
REV_1955,US_5181,MV_4309,1.5,Could be better.,2025-03-31 07:46:16
REV_1956,US_9556,MV_5352,7.1,Could be better.,2024-04-05 17:27:22
REV_1957,US_7557,MV_1769,5.1,Great movie!,2024-07-16 23:47:04
REV_1958,US_9099,MV_3861,3.8,Could be better.,2024-01-13 15:23:11
REV_1959,US_1692,MV_6071,9.1,Could be better.,2024-10-09 11:38:29
REV_1960,US_7967,MV_1797,9.9,Could be better.,2025-02-05 20:14:31
REV_1961,US_2769,MV_3356,3.8,Could be better.,2025-09-21 20:36:10
REV_1962,US_7688,MV_7877,8.1,Great movie!,2025-07-29 17:17:00
REV_1964,US_9734,MV_5714,8.7,Could be better.,2024-04-13 14:13:58
REV_1965,US_3087,MV_3743,3.8,Could be better.,2025-02-26 17:56:06
REV_1966,US_8569,MV_6733,2.5,Could be better.,2024-11-27 19:14:58
REV_1967,US_3064,MV_5304,5.3,Could be better.,2025-09-12 02:55:14
REV_1968,US_2664,MV_3153,7.7,Could be better.,2025-03-18 08:53:19
REV_1969,US_622,MV_6220,2.7,Could be better.,2025-01-16 13:33:29
REV_1970,US_8798,MV_2461,6.2,Could be better.,2024-10-20 01:18:33
REV_1971,US_2981,MV_9000,8.9,Could be better.,2025-12-03 00:59:47
REV_1972,US_4254,MV_7826,3.3,Could be better.,2024-08-24 00:35:20
REV_1973,US_8698,MV_9697,6.5,Could be better.,2025-01-15 20:21:28
REV_1974,US_8978,MV_4176,7.5,Great movie!,2024-12-16 20:22:50
REV_1975,US_1714,MV_7690,5.5,Could be better.,2024-03-18 10:36:50
REV_1976,US_6,MV_6758,6.6,Could be better.,2024-07-29 13:20:49
REV_1978,US_3956,MV_8751,2.3,Could be better.,2025-07-13 06:40:50
REV_1979,US_3706,MV_8773,7.7,Could be better.,2024-04-02 20:38:48
REV_1980,US_363,MV_9152,2.9,Great movie!,2024-10-07 00:06:11
REV_1981,US_1850,MV_3340,2.4,Great movie!,2025-09-15 09:56:37
REV_1982,US_5977,MV_8507,8.3,Could be better.,2025-10-23 21:26:49
REV_1983,US_1489,MV_3890,5.2,Great movie!,2025-03-28 17:01:04
REV_1984,US_7171,MV_3610,5.7,Great movie!,2025-07-01 09:07:48
REV_1985,US_2800,MV_742,9.8,Could be better.,2025-06-30 11:18:03
REV_1986,US_5192,MV_6105,4.3,Great movie!,2024-10-01 06:38:29
REV_1987,US_2653,MV_3176,5.6,Could be better.,2025-05-10 03:14:36
REV_1988,US_4026,MV_8744,8.8,Great movie!,2024-07-10 16:50:21
REV_1989,US_4946,MV_2759,8.5,Could be better.,2024-07-19 09:23:12
REV_1990,US_9918,MV_9752,3.2,Great movie!,2025-05-06 09:01:47
REV_1992,US_2721,MV_5067,6.9,Could be better.,2024-08-14 13:41:30
REV_1993,US_9950,MV_7573,2.2,Great movie!,2024-12-21 15:41:22
REV_1994,US_6004,MV_1834,3.9,Great movie!,2025-10-11 13:20:00
REV_1995,US_256,MV_2008,5.0,Could be better.,2024-08-12 00:51:13
REV_1996,US_8924,MV_6506,6.3,Great movie!,2024-04-19 22:13:22
REV_1997,US_7310,MV_2372,1.3,Could be better.,2025-11-16 10:16:32
REV_1998,US_7347,MV_2805,5.7,Could be better.,2024-10-28 03:50:43
REV_1999,US_9470,MV_8619,7.5,Great movie!,2024-05-06 15:59:29
REV_2000,US_8959,MV_2290,9.7,Could be better.,2025-06-09 04:38:25
REV_2001,US_1686,MV_2147,3.4,Great movie!,2024-05-12 02:52:51
REV_2002,US_6549,MV_8262,6.3,Great movie!,2024-11-20 16:15:47
REV_2003,US_289,MV_9372,7.4,Could be better.,2024-10-11 03:28:05
REV_2004,US_3712,MV_1162,7.4,Great movie!,2024-10-29 12:15:46
REV_2006,US_7625,MV_620,8.3,Could be better.,2025-02-22 10:08:09
REV_2007,US_2986,MV_2894,4.6,Great movie!,2024-01-24 10:41:36
REV_2008,US_6819,MV_7789,8.1,Great movie!,2024-06-30 13:57:06
REV_2009,US_7903,MV_9299,4.1,Great movie!,2025-12-04 07:19:57
REV_2010,US_5174,MV_6163,4.5,Could be better.,2024-05-12 10:06:51
REV_2011,US_6184,MV_8139,1.2,Great movie!,2025-02-14 21:48:59
REV_2012,US_5931,MV_4566,1.4,Great movie!,2024-06-21 12:40:03
REV_2013,US_389,MV_6065,4.3,Great movie!,2024-10-13 07:46:31
REV_2014,US_434,MV_221,9.4,Could be better.,2024-09-21 21:37:14
REV_2015,US_4978,MV_6419,5.3,Could be better.,2024-04-04 11:55:03
REV_2016,US_750,MV_6404,2.4,Great movie!,2025-11-27 01:29:36
REV_2017,US_769,MV_8457,1.8,Could be better.,2025-01-11 11:54:16
REV_2019,US_5072,MV_5583,8.7,Great movie!,2024-04-16 17:20:05
REV_2020,US_7014,MV_1846,2.3,Great movie!,2025-01-19 23:20:57
REV_2021,US_9124,MV_3410,6.5,Could be better.,2024-12-23 17:22:14
REV_2022,US_9905,MV_7003,1.8,Could be better.,2025-03-26 05:04:49
REV_2023,US_8172,MV_23,8.4,Great movie!,2025-10-08 04:45:05
REV_2024,US_7173,MV_9857,6.0,Could be better.,2025-12-22 13:17:59
REV_2025,US_2648,MV_9414,5.8,Could be better.,2024-09-09 07:43:42
REV_2026,US_731,MV_1942,3.7,Could be better.,2025-11-25 21:04:18
REV_2028,US_6900,MV_9636,4.5,Great movie!,2024-04-23 05:10:04
REV_2029,US_9068,MV_4907,4.5,Great movie!,2025-12-20 17:10:20
REV_2030,US_1474,MV_2423,7.2,Great movie!,2025-01-21 00:44:30
REV_2031,US_8779,MV_9708,8.5,Could be better.,2025-07-11 15:13:59
REV_2032,US_9061,MV_8681,9.2,Could be better.,2025-10-17 04:03:10
REV_2033,US_501,MV_8065,6.0,Great movie!,2024-04-21 10:25:18
REV_2034,US_1816,MV_207,5.7,Great movie!,2024-01-25 22:20:33
REV_2035,US_6349,MV_1541,4.2,Could be better.,2024-04-30 09:15:23
REV_2036,US_5327,MV_479,8.9,Could be better.,2024-09-13 19:33:09
REV_2037,US_2791,MV_4884,4.3,Could be better.,2025-08-14 20:24:51
REV_2038,US_60,MV_9905,2.9,Great movie!,2024-06-13 09:40:30
REV_2039,US_8031,MV_5898,2.2,Could be better.,2025-11-29 16:08:42
REV_2040,US_7567,MV_559,5.5,Could be better.,2024-07-07 06:53:10
REV_2041,US_5269,MV_8181,3.4,Could be better.,2025-09-30 20:13:36
REV_2042,US_3854,MV_8212,4.3,Great movie!,2024-03-27 06:55:31
REV_2043,US_5656,MV_653,1.8,Could be better.,2025-08-08 06:39:27
REV_2045,US_3665,MV_2830,7.4,Could be better.,2025-05-27 00:50:26
REV_2046,US_7785,MV_1633,5.8,Could be better.,2024-09-21 13:28:05
REV_2047,US_3676,MV_6259,10.0,Great movie!,2024-12-26 21:10:16
REV_2048,US_2632,MV_7452,2.9,Great movie!,2025-04-16 18:50:26
REV_2049,US_2108,MV_5059,3.4,Great movie!,2024-09-28 11:17:40
REV_2051,US_3028,MV_448,7.4,Great movie!,2025-03-26 03:55:49
REV_2052,US_4571,MV_703,7.7,Could be better.,2025-01-07 03:08:51
REV_2053,US_7702,MV_3430,7.2,Could be better.,2025-06-06 08:17:36
REV_2054,US_6284,MV_4187,7.1,Could be better.,2024-08-30 11:52:37
REV_2055,US_4005,MV_5666,9.7,Could be better.,2024-12-04 19:50:59
REV_2056,US_6856,MV_3980,5.2,Could be better.,2024-04-19 23:04:35
REV_2057,US_4746,MV_5485,6.2,Great movie!,2025-03-09 12:54:42
REV_2058,US_7495,MV_5941,1.2,Great movie!,2024-05-03 00:24:04
REV_2059,US_2603,MV_6111,4.8,Great movie!,2024-09-13 06:41:10
REV_2060,US_1534,MV_8760,1.7,Great movie!,2024-03-10 19:06:20
REV_2061,US_3818,MV_9264,2.7,Great movie!,2025-08-02 10:47:13
REV_2062,US_2659,MV_6304,9.5,Great movie!,2024-11-18 13:18:18
REV_2063,US_5222,MV_8354,6.6,Could be better.,2024-07-30 21:54:03
REV_2064,US_5145,MV_1678,3.6,Could be better.,2025-02-19 12:15:40
REV_2065,US_2511,MV_6588,8.8,Great movie!,2025-01-18 18:56:08
REV_2066,US_473,MV_467,8.6,Great movie!,2025-09-28 05:41:56
REV_2067,US_7001,MV_5674,4.7,Great movie!,2025-07-31 12:42:02
REV_2068,US_9076,MV_4736,5.3,Could be better.,2025-02-07 04:27:31
REV_2069,US_1821,MV_2225,2.8,Great movie!,2025-07-23 11:43:53
REV_2070,US_4502,MV_9486,7.9,Great movie!,2025-10-11 01:50:23
REV_2071,US_1682,MV_4486,3.7,Great movie!,2025-02-07 11:49:30
REV_2072,US_9281,MV_3494,1.7,Could be better.,2024-09-04 07:13:30
REV_2073,US_2183,MV_311,8.9,Great movie!,2024-09-06 00:26:42
REV_2074,US_153,MV_817,1.7,Great movie!,2025-11-02 08:32:46
REV_2075,US_5177,MV_3467,8.0,Could be better.,2025-03-28 14:37:42
REV_2076,US_6767,MV_1753,6.2,Great movie!,2025-04-24 13:12:36
REV_2077,US_3176,MV_3422,4.2,Could be better.,2024-08-11 18:46:16
REV_2078,US_2190,MV_6388,2.2,Could be better.,2024-02-19 11:34:05
REV_2079,US_2731,MV_4401,7.2,Could be better.,2024-09-09 18:11:37
REV_2080,US_8095,MV_2489,8.2,Could be better.,2024-02-22 14:22:14
REV_2081,US_3402,MV_9420,6.9,Great movie!,2025-05-27 15:52:12
REV_2082,US_5696,MV_3259,5.7,Great movie!,2025-03-10 17:08:41
REV_2083,US_8917,MV_8077,8.8,Could be better.,2024-09-15 06:22:20
REV_2084,US_8480,MV_831,4.7,Could be better.,2024-01-26 09:28:42
REV_2085,US_5939,MV_3619,6.3,Great movie!,2024-02-01 10:19:17
REV_2087,US_8384,MV_4057,9.7,Great movie!,2024-04-01 00:40:40
REV_2088,US_6258,MV_9316,3.5,Great movie!,2025-12-23 15:06:12
REV_2089,US_5435,MV_4049,8.1,Great movie!,2024-02-21 06:47:29
REV_2090,US_3958,MV_6732,5.2,Great movie!,2024-12-26 02:49:39
REV_2091,US_9957,MV_9480,1.9,Could be better.,2025-11-10 06:58:47
REV_2092,US_1243,MV_3959,8.8,Could be better.,2024-11-30 15:29:19
REV_2093,US_9992,MV_2878,4.8,Could be better.,2024-11-26 18:55:30
REV_2094,US_4606,MV_3255,4.6,Could be better.,2024-08-12 06:00:15
REV_2095,US_374,MV_5091,2.1,Great movie!,2024-07-07 22:11:27
REV_2096,US_4570,MV_598,9.5,Great movie!,2024-06-05 19:46:27
REV_2097,US_1321,MV_5239,4.4,Could be better.,2025-10-23 11:02:10
REV_2098,US_7963,MV_1155,4.7,Great movie!,2024-02-13 14:31:08
REV_2099,US_6546,MV_2735,2.3,Could be better.,2025-04-25 21:32:41
REV_2100,US_5919,MV_4874,1.2,Could be better.,2024-07-15 11:29:37
REV_2101,US_7463,MV_7408,7.0,Great movie!,2024-02-02 01:47:12
REV_2102,US_4619,MV_4052,7.3,Could be better.,2024-03-26 03:44:03
REV_2103,US_1537,MV_6866,6.8,Great movie!,2025-02-08 16:08:25
REV_2104,US_1945,MV_2905,8.8,Great movie!,2025-09-13 02:57:48
REV_2105,US_487,MV_3323,9.9,Great movie!,2025-03-19 03:09:43
REV_2106,US_6720,MV_8916,1.9,Great movie!,2024-08-20 17:11:15
REV_2107,US_6824,MV_9699,7.5,Could be better.,2025-11-01 14:36:14
REV_2108,US_4860,MV_112,6.6,Great movie!,2025-07-14 03:47:17
REV_2109,US_2730,MV_7811,9.1,Great movie!,2024-12-05 22:29:50
REV_2110,US_604,MV_3179,5.0,Great movie!,2025-03-31 16:29:03
REV_2111,US_9855,MV_4676,1.9,Could be better.,2025-05-25 08:47:54
REV_2112,US_6045,MV_5473,5.6,Could be better.,2025-07-28 10:58:11
REV_2113,US_6199,MV_754,3.6,Could be better.,2025-12-24 01:44:29
REV_2114,US_6386,MV_5565,1.9,Could be better.,2025-01-01 21:29:23
REV_2115,US_6528,MV_729,5.8,Great movie!,2025-03-15 10:07:37
REV_2116,US_6827,MV_990,9.7,Could be better.,2025-01-04 21:06:43
REV_2118,US_8999,MV_4579,8.1,Great movie!,2025-08-31 03:14:04
REV_2119,US_5515,MV_7566,5.5,Great movie!,2024-11-26 18:55:59
REV_2120,US_1108,MV_4632,1.8,Could be better.,2025-01-05 17:31:04
REV_2121,US_65,MV_4414,5.3,Could be better.,2024-05-05 08:34:35
REV_2123,US_7003,MV_4545,8.7,Great movie!,2025-10-23 16:48:30
REV_2124,US_143,MV_8599,3.3,Great movie!,2025-02-22 16:17:57
REV_2125,US_5488,MV_8241,6.8,Could be better.,2025-12-15 19:54:53
REV_2126,US_8725,MV_3653,5.5,Could be better.,2025-04-29 18:38:19
REV_2127,US_5197,MV_5959,7.8,Could be better.,2025-11-26 09:19:07
REV_2128,US_8535,MV_1424,8.8,Great movie!,2024-07-13 16:16:46
REV_2129,US_1863,MV_588,9.1,Could be better.,2024-08-30 12:25:07
REV_2130,US_1953,MV_2077,7.6,Great movie!,2025-12-06 11:43:42
REV_2131,US_1617,MV_7994,1.6,Could be better.,2025-03-09 10:40:54
REV_2132,US_5469,MV_9244,5.4,Could be better.,2025-06-03 00:08:10
REV_2133,US_5076,MV_1161,3.8,Great movie!,2024-09-18 23:49:32
REV_2135,US_3259,MV_1006,1.2,Could be better.,2025-02-17 00:06:56
REV_2136,US_448,MV_1777,8.4,Great movie!,2025-04-21 00:27:16
REV_2137,US_5097,MV_392,5.0,Could be better.,2024-01-17 19:21:37
REV_2138,US_1837,MV_8154,8.9,Great movie!,2025-03-10 16:00:26
REV_2139,US_7063,MV_7032,2.0,Great movie!,2025-06-16 22:05:06
REV_2140,US_6809,MV_8778,2.8,Great movie!,2024-11-19 06:01:41
REV_2141,US_5683,MV_7883,2.5,Could be better.,2024-03-13 04:42:27
REV_2142,US_9135,MV_4234,5.1,Could be better.,2024-11-14 03:38:45
REV_2143,US_3630,MV_3463,2.9,Could be better.,2024-09-14 18:54:50
REV_2144,US_9410,MV_8102,7.3,Great movie!,2024-07-26 18:18:46
REV_2145,US_5192,MV_9615,8.7,Great movie!,2024-01-23 20:50:53
REV_2146,US_6090,MV_9023,8.8,Could be better.,2024-12-12 07:32:14
REV_2147,US_3442,MV_3831,1.5,Great movie!,2025-06-07 01:22:29
REV_2148,US_172,MV_2856,2.1,Could be better.,2025-07-09 20:35:58
REV_2149,US_6547,MV_4289,8.4,Great movie!,2025-03-28 13:57:50
REV_2150,US_689,MV_4755,1.2,Could be better.,2025-02-26 00:50:44
REV_2152,US_595,MV_103,8.9,Great movie!,2025-03-09 19:51:02
REV_2153,US_1840,MV_5076,4.9,Great movie!,2025-04-08 11:20:30
REV_2154,US_2569,MV_8673,2.7,Could be better.,2024-05-29 07:33:16
REV_2155,US_5114,MV_1161,8.6,Could be better.,2025-11-26 00:52:15
REV_2156,US_4415,MV_6161,9.1,Could be better.,2025-04-04 04:30:24
REV_2157,US_595,MV_1693,4.5,Great movie!,2024-02-01 02:30:04
REV_2158,US_1159,MV_8567,8.0,Could be better.,2024-12-27 23:57:58
REV_2159,US_7229,MV_3153,8.4,Great movie!,2025-04-09 08:48:08
REV_2160,US_6652,MV_1372,1.8,Great movie!,2025-05-09 03:50:08
REV_2162,US_3040,MV_6519,7.4,Could be better.,2024-07-29 21:33:43
REV_2163,US_8526,MV_6125,4.1,Great movie!,2024-04-11 17:43:39
REV_2164,US_2158,MV_176,3.0,Great movie!,2025-11-25 23:50:06
REV_2165,US_8820,MV_3779,4.1,Could be better.,2025-12-24 13:34:45
REV_2166,US_9812,MV_8534,8.9,Could be better.,2025-05-04 20:32:05
REV_2167,US_634,MV_7056,2.4,Great movie!,2024-07-28 00:20:54
REV_2168,US_4516,MV_684,5.6,Could be better.,2025-07-03 11:18:01
REV_2169,US_5612,MV_7282,3.6,Great movie!,2024-07-26 01:31:06
REV_2170,US_9048,MV_9346,1.0,Great movie!,2025-06-02 14:57:34
REV_2171,US_5923,MV_2891,4.3,Could be better.,2024-11-14 00:32:58
REV_2172,US_7626,MV_1598,9.0,Could be better.,2024-04-13 21:35:36
REV_2173,US_1494,MV_4525,5.1,Could be better.,2024-02-10 11:26:00
REV_2174,US_1382,MV_7404,8.1,Great movie!,2024-12-10 13:02:35
REV_2177,US_1832,MV_1202,8.4,Great movie!,2025-12-02 08:22:23
REV_2178,US_9630,MV_4973,7.8,Great movie!,2025-11-19 12:38:24
REV_2179,US_8147,MV_4417,6.7,Could be better.,2024-09-20 11:27:40
REV_2180,US_4287,MV_1214,8.9,Could be better.,2025-06-23 12:12:14
REV_2181,US_8232,MV_8124,7.9,Great movie!,2025-06-29 22:46:05
REV_2182,US_8422,MV_6607,7.7,Could be better.,2024-08-30 12:49:51
REV_2183,US_8786,MV_6134,8.3,Great movie!,2025-03-12 19:42:50
REV_2184,US_8889,MV_2129,7.1,Great movie!,2025-08-29 08:28:08
REV_2185,US_8718,MV_2141,6.8,Could be better.,2024-01-20 11:12:24
REV_2186,US_2718,MV_2025,5.0,Could be better.,2024-06-20 09:08:19
REV_2187,US_179,MV_8706,1.7,Great movie!,2025-10-03 23:25:07
REV_2188,US_1828,MV_7903,6.3,Great movie!,2024-06-20 20:56:25
REV_2189,US_6126,MV_4233,7.7,Great movie!,2025-12-19 12:31:35
REV_2190,US_1278,MV_90,7.2,Could be better.,2025-05-26 12:24:15
REV_2191,US_464,MV_5343,8.2,Great movie!,2024-12-16 19:05:57
REV_2192,US_1041,MV_4169,4.5,Great movie!,2025-09-14 10:30:09
REV_2193,US_269,MV_2868,6.9,Could be better.,2025-10-28 14:08:30
REV_2194,US_5144,MV_5609,8.6,Great movie!,2024-01-29 02:31:16
REV_2196,US_1575,MV_7465,2.2,Could be better.,2025-03-28 08:06:35
REV_2197,US_4097,MV_3792,6.0,Great movie!,2025-03-14 23:47:46
REV_2198,US_515,MV_977,4.5,Great movie!,2024-06-23 06:18:16
REV_2199,US_6809,MV_1582,3.0,Could be better.,2025-11-13 11:28:53
REV_2200,US_3172,MV_2634,1.0,Could be better.,2025-07-31 03:05:55
REV_2201,US_3501,MV_1066,6.5,Could be better.,2024-06-08 06:53:45
REV_2202,US_2127,MV_5571,3.8,Could be better.,2025-09-14 22:12:24
REV_2203,US_1619,MV_4333,5.6,Great movie!,2025-06-14 21:28:57
REV_2204,US_8625,MV_9278,2.8,Great movie!,2024-03-10 07:39:30
REV_2206,US_7781,MV_7221,4.8,Great movie!,2025-08-19 09:28:16
REV_2207,US_5292,MV_1139,3.0,Could be better.,2025-12-11 21:57:24
REV_2208,US_2551,MV_2073,6.6,Great movie!,2025-09-18 23:30:36
REV_2209,US_9709,MV_704,3.6,Could be better.,2025-01-26 01:38:10
REV_2210,US_5477,MV_1731,7.2,Great movie!,2024-11-08 10:46:55
REV_2211,US_7107,MV_4746,5.6,Great movie!,2024-03-07 15:18:10
REV_2213,US_378,MV_1460,8.6,Could be better.,2025-04-28 00:58:04
REV_2214,US_3416,MV_3860,4.2,Could be better.,2024-04-25 19:05:54
REV_2215,US_2554,MV_172,8.0,Could be better.,2025-09-28 13:27:51
REV_2216,US_2657,MV_4201,3.7,Could be better.,2025-03-06 00:37:32
REV_2217,US_7306,MV_2023,2.4,Great movie!,2024-01-07 01:55:25
REV_2219,US_713,MV_5374,3.1,Could be better.,2024-07-11 09:18:00
REV_2220,US_8260,MV_5201,8.9,Could be better.,2025-05-31 13:41:23
REV_2221,US_5007,MV_5785,3.8,Great movie!,2025-05-03 19:02:08
REV_2223,US_6714,MV_1041,6.6,Could be better.,2025-04-01 07:53:36
REV_2224,US_317,MV_6784,8.0,Could be better.,2025-06-20 02:23:40
REV_2225,US_7716,MV_171,6.6,Great movie!,2024-08-18 12:00:04
REV_2226,US_6715,MV_6441,3.5,Could be better.,2024-03-04 21:37:45
REV_2227,US_7521,MV_7979,2.6,Could be better.,2025-12-13 23:58:57
REV_2228,US_6109,MV_3782,6.3,Could be better.,2024-11-13 12:49:29
REV_2230,US_3050,MV_8427,2.8,Great movie!,2025-05-20 19:58:58
REV_2231,US_2624,MV_4566,4.5,Great movie!,2025-04-20 00:35:47
REV_2232,US_4898,MV_9641,8.8,Could be better.,2025-07-14 11:23:51
REV_2233,US_6104,MV_9623,9.4,Great movie!,2025-11-07 12:05:14
REV_2234,US_6482,MV_8798,3.4,Great movie!,2025-06-09 15:20:37
REV_2235,US_3841,MV_901,3.6,Could be better.,2025-02-10 02:56:31
REV_2236,US_3710,MV_161,5.2,Great movie!,2024-09-02 00:05:08
REV_2237,US_2323,MV_7092,5.7,Great movie!,2025-07-03 21:53:46
REV_2238,US_4722,MV_2035,2.3,Great movie!,2024-05-15 06:04:09
REV_2239,US_9369,MV_4100,3.3,Could be better.,2025-10-20 17:05:09
REV_2240,US_5851,MV_6319,5.7,Great movie!,2025-07-27 05:24:21
REV_2241,US_4528,MV_4059,2.7,Great movie!,2025-11-01 02:31:24
REV_2242,US_6845,MV_7001,4.2,Great movie!,2025-09-19 00:49:14
REV_2243,US_4334,MV_9510,2.3,Could be better.,2024-01-08 19:28:22
REV_2245,US_9495,MV_5283,2.9,Great movie!,2025-07-07 09:31:01
REV_2246,US_8583,MV_6568,3.6,Could be better.,2024-10-30 22:53:42
REV_2247,US_8986,MV_9407,7.2,Could be better.,2024-07-12 20:10:38
REV_2248,US_9641,MV_6987,9.4,Great movie!,2025-06-17 06:17:17
REV_2249,US_8158,MV_2291,1.5,Could be better.,2025-10-28 13:10:22
REV_2250,US_7075,MV_4390,1.2,Could be better.,2024-08-25 15:11:23
REV_2251,US_8667,MV_3682,1.4,Great movie!,2024-11-30 18:05:51
REV_2252,US_1193,MV_4624,6.8,Great movie!,2025-10-14 05:31:48
REV_2253,US_2409,MV_4746,9.5,Could be better.,2024-08-11 16:06:44
REV_2254,US_6616,MV_8651,5.0,Could be better.,2024-02-28 08:03:37
REV_2256,US_500,MV_4239,6.5,Could be better.,2024-06-01 12:28:24
REV_2257,US_5277,MV_2413,9.6,Could be better.,2024-02-27 01:44:22
REV_2258,US_1660,MV_1892,5.1,Could be better.,2025-12-01 17:09:45
REV_2259,US_5512,MV_6597,8.5,Could be better.,2024-02-24 13:53:45
REV_2261,US_912,MV_7045,2.4,Could be better.,2024-05-25 03:13:35
REV_2262,US_7344,MV_7882,7.0,Great movie!,2024-11-28 17:51:13
REV_2263,US_8497,MV_854,1.9,Could be better.,2024-12-04 18:45:17
REV_2264,US_4079,MV_2827,4.2,Could be better.,2024-05-30 23:59:39
REV_2265,US_725,MV_2689,10.0,Could be better.,2024-12-14 05:22:33
REV_2266,US_9924,MV_435,2.9,Great movie!,2024-06-17 07:51:10
REV_2267,US_5345,MV_2297,1.5,Great movie!,2024-09-19 23:38:35
REV_2268,US_4525,MV_3798,7.7,Great movie!,2025-02-01 16:33:18
REV_2269,US_7878,MV_7866,9.1,Could be better.,2025-12-08 09:14:34
REV_2270,US_8390,MV_8571,6.0,Could be better.,2024-05-23 17:50:27
REV_2271,US_1272,MV_2242,4.8,Great movie!,2024-08-02 01:38:58
REV_2272,US_5402,MV_7360,4.7,Could be better.,2024-02-07 09:39:14
REV_2273,US_3157,MV_3563,3.8,Could be better.,2024-12-30 14:19:40
REV_2274,US_1826,MV_9235,9.6,Great movie!,2024-05-17 05:23:12
REV_2275,US_9262,MV_3358,4.6,Great movie!,2024-08-07 21:47:59
REV_2276,US_548,MV_6558,5.8,Could be better.,2025-09-19 15:04:07
REV_2277,US_1544,MV_4741,4.6,Great movie!,2025-09-07 06:32:43
REV_2278,US_880,MV_3541,6.4,Could be better.,2024-04-03 10:50:36
REV_2279,US_8439,MV_9084,6.8,Great movie!,2025-12-21 09:19:27
REV_2280,US_2232,MV_9149,3.1,Great movie!,2024-05-22 15:01:43
REV_2281,US_7269,MV_8194,2.4,Great movie!,2025-12-25 23:19:08
REV_2282,US_3669,MV_8204,4.2,Great movie!,2024-07-13 20:33:49
REV_2283,US_9381,MV_847,7.4,Great movie!,2024-10-20 08:06:01
REV_2284,US_3224,MV_2591,4.0,Great movie!,2025-09-17 03:01:50
REV_2285,US_9554,MV_1332,6.1,Could be better.,2024-01-21 05:59:13
REV_2289,US_2113,MV_4643,3.7,Could be better.,2024-01-28 04:15:35
REV_2291,US_1832,MV_9297,9.4,Could be better.,2024-05-10 09:42:27
REV_2292,US_8300,MV_7798,9.5,Great movie!,2024-09-18 14:00:57
REV_2293,US_8235,MV_7805,9.9,Great movie!,2024-12-05 20:29:56
REV_2294,US_4649,MV_809,8.4,Great movie!,2024-06-30 18:12:03
REV_2295,US_7044,MV_3904,4.2,Great movie!,2025-03-12 20:49:33
REV_2296,US_7762,MV_8717,6.7,Could be better.,2024-03-23 13:12:51
REV_2297,US_6702,MV_6526,9.4,Great movie!,2024-10-08 10:21:08
REV_2298,US_8380,MV_4921,8.9,Great movie!,2025-07-10 07:55:02
REV_2300,US_6432,MV_2287,8.8,Could be better.,2025-06-21 10:49:22
REV_2301,US_5878,MV_463,6.3,Great movie!,2025-07-15 04:10:59
REV_2302,US_9929,MV_7375,9.2,Great movie!,2025-11-17 02:30:24
REV_2304,US_9964,MV_4449,6.9,Great movie!,2025-10-24 08:20:38
REV_2305,US_7548,MV_7193,5.6,Could be better.,2025-05-30 00:54:42
REV_2306,US_4741,MV_8286,1.1,Great movie!,2025-09-19 01:47:19
REV_2307,US_1383,MV_9597,8.9,Could be better.,2025-07-11 14:22:49
REV_2308,US_5712,MV_2392,5.4,Great movie!,2024-08-05 22:06:15
REV_2309,US_3145,MV_8942,9.1,Great movie!,2024-11-21 16:47:08
REV_2310,US_650,MV_5015,9.3,Could be better.,2024-06-17 02:48:27
REV_2311,US_8383,MV_8782,2.9,Great movie!,2025-10-29 13:42:03
REV_2312,US_7050,MV_4706,8.0,Could be better.,2025-11-08 03:11:50
REV_2313,US_7720,MV_9638,5.4,Could be better.,2024-06-29 02:39:20
REV_2314,US_8835,MV_755,3.7,Great movie!,2024-02-05 23:06:58
REV_2315,US_5618,MV_4699,3.0,Great movie!,2024-11-29 19:52:37
REV_2316,US_1232,MV_7373,9.0,Could be better.,2024-01-26 02:38:44
REV_2317,US_5742,MV_5221,6.5,Could be better.,2024-06-26 12:40:50
REV_2318,US_8710,MV_953,5.6,Great movie!,2025-05-20 03:26:24
REV_2319,US_2423,MV_7551,3.2,Great movie!,2024-11-23 10:32:02
REV_2320,US_1691,MV_1842,1.2,Could be better.,2024-09-22 07:31:46
REV_2321,US_3813,MV_5760,3.0,Could be better.,2025-07-10 00:10:00
REV_2322,US_6456,MV_3914,3.2,Great movie!,2025-06-29 12:44:35
REV_2323,US_5979,MV_6443,8.1,Could be better.,2025-03-18 13:04:17
REV_2324,US_3995,MV_4645,1.6,Great movie!,2024-03-15 05:45:39
REV_2325,US_3763,MV_8259,5.3,Could be better.,2025-12-20 03:04:48
REV_2326,US_9738,MV_4220,7.4,Could be better.,2024-04-07 05:10:09
REV_2327,US_677,MV_884,5.4,Great movie!,2024-08-23 07:05:54
REV_2328,US_250,MV_3240,9.0,Great movie!,2024-11-11 21:17:44
REV_2329,US_9667,MV_9018,2.1,Great movie!,2025-05-18 14:28:29
REV_2330,US_4858,MV_1831,7.0,Could be better.,2025-10-03 21:55:58
REV_2331,US_2244,MV_7160,7.6,Great movie!,2024-04-10 08:54:52
REV_2332,US_981,MV_4016,7.7,Could be better.,2024-11-26 17:47:28
REV_2333,US_8510,MV_4399,3.9,Great movie!,2025-10-06 18:33:24
REV_2334,US_7017,MV_6061,9.8,Great movie!,2024-08-30 16:33:35
REV_2335,US_6934,MV_6908,7.3,Great movie!,2024-09-08 02:46:30
REV_2336,US_6575,MV_389,2.1,Great movie!,2025-12-26 19:54:31
REV_2337,US_2949,MV_3441,4.2,Great movie!,2024-07-10 05:50:35
REV_2339,US_7171,MV_7228,3.9,Great movie!,2025-04-17 09:55:54
REV_2340,US_5439,MV_276,6.8,Great movie!,2025-03-27 18:39:26
REV_2341,US_435,MV_2532,8.4,Could be better.,2024-04-28 18:52:32
REV_2342,US_8335,MV_6111,6.5,Great movie!,2024-03-05 23:19:32
REV_2343,US_2542,MV_4577,2.2,Great movie!,2024-12-28 23:02:40
REV_2344,US_8419,MV_8317,1.1,Could be better.,2025-02-19 01:48:04
REV_2346,US_9614,MV_9281,1.4,Could be better.,2024-01-27 04:17:13
REV_2347,US_2842,MV_7109,9.4,Great movie!,2024-03-26 03:37:23
REV_2348,US_8348,MV_827,1.4,Great movie!,2024-11-08 00:25:52
REV_2349,US_3991,MV_2328,9.1,Great movie!,2024-01-12 07:17:39
REV_2350,US_7167,MV_6050,4.0,Could be better.,2025-01-01 10:08:55
REV_2351,US_797,MV_5968,10.0,Great movie!,2025-07-17 18:17:37
REV_2352,US_1598,MV_7846,9.3,Could be better.,2024-03-21 08:57:11
REV_2353,US_2381,MV_1569,7.7,Great movie!,2025-01-21 10:02:48
REV_2354,US_8437,MV_5643,5.8,Great movie!,2025-12-02 15:07:33
REV_2355,US_1385,MV_4219,7.9,Could be better.,2024-07-18 01:54:02
REV_2356,US_6541,MV_4531,5.1,Great movie!,2024-06-11 02:17:18
REV_2357,US_4751,MV_2535,2.0,Could be better.,2025-10-17 14:13:27
REV_2358,US_2760,MV_441,7.9,Could be better.,2024-05-08 14:17:31
REV_2359,US_4180,MV_1352,5.3,Great movie!,2025-06-14 10:28:30
REV_2361,US_7701,MV_4692,3.0,Could be better.,2025-05-16 03:54:24
REV_2362,US_5829,MV_5885,3.0,Great movie!,2024-06-21 12:41:42
REV_2363,US_8382,MV_581,8.6,Great movie!,2025-07-18 06:15:18
REV_2364,US_4328,MV_1800,3.3,Great movie!,2025-09-21 15:29:42
REV_2365,US_7393,MV_5590,4.0,Could be better.,2024-12-06 05:27:34
REV_2366,US_1638,MV_9284,2.7,Great movie!,2024-03-22 17:17:57
REV_2367,US_4719,MV_4718,8.9,Could be better.,2024-07-07 05:14:44
REV_2369,US_7739,MV_1338,9.2,Great movie!,2024-04-01 21:23:39
REV_2370,US_8591,MV_2949,3.5,Could be better.,2024-10-22 14:22:49
REV_2371,US_3783,MV_6843,5.8,Great movie!,2024-07-28 11:41:34
REV_2372,US_4021,MV_5783,2.4,Great movie!,2025-04-09 10:57:00
REV_2373,US_1668,MV_9555,3.2,Could be better.,2025-12-03 17:29:50
REV_2374,US_6291,MV_4556,2.6,Great movie!,2024-04-08 04:15:27
REV_2375,US_2707,MV_7752,6.0,Could be better.,2025-05-12 10:01:43
REV_2376,US_5367,MV_7897,9.3,Could be better.,2024-01-09 05:18:23
REV_2377,US_4312,MV_9517,7.1,Great movie!,2025-10-15 18:35:44
REV_2378,US_1631,MV_351,6.2,Great movie!,2024-11-23 13:49:54
REV_2379,US_2229,MV_4708,1.9,Could be better.,2025-03-24 01:43:45
REV_2380,US_8253,MV_9698,4.2,Could be better.,2024-10-23 16:06:18
REV_2381,US_5381,MV_5496,5.6,Great movie!,2025-12-07 09:26:27
REV_2383,US_9345,MV_906,3.1,Great movie!,2025-10-09 13:14:12
REV_2384,US_9342,MV_4526,1.3,Great movie!,2024-04-24 06:36:18
REV_2385,US_1881,MV_5727,8.1,Could be better.,2025-05-01 08:19:35
REV_2386,US_1932,MV_4316,3.8,Great movie!,2025-06-15 14:37:14
REV_2387,US_7118,MV_4470,5.7,Great movie!,2024-11-01 16:58:07
REV_2388,US_5162,MV_7722,6.4,Could be better.,2025-03-23 09:09:26
REV_2389,US_9708,MV_6200,6.1,Could be better.,2025-04-23 16:04:56
REV_2390,US_1197,MV_1493,6.0,Could be better.,2025-07-10 06:13:31
REV_2391,US_1591,MV_1315,5.8,Great movie!,2025-03-04 07:34:41
REV_2392,US_4684,MV_3339,4.1,Could be better.,2024-12-26 02:08:10
REV_2393,US_8695,MV_896,3.6,Great movie!,2024-09-18 21:27:49
REV_2394,US_8923,MV_7805,8.2,Great movie!,2024-02-13 21:22:14
REV_2395,US_5668,MV_2102,3.8,Great movie!,2024-09-26 09:27:34
REV_2396,US_2429,MV_3863,9.7,Great movie!,2024-02-06 03:56:55
REV_2397,US_9696,MV_7379,2.4,Could be better.,2025-05-13 15:09:50
REV_2398,US_4875,MV_1354,5.3,Great movie!,2024-02-22 06:06:35
REV_2399,US_5512,MV_5996,9.6,Great movie!,2025-09-10 06:19:24
REV_2400,US_536,MV_7686,7.2,Great movie!,2024-02-05 16:59:35
REV_2401,US_2130,MV_8583,1.2,Great movie!,2024-11-04 16:05:40
REV_2402,US_5071,MV_8806,3.1,Could be better.,2025-11-11 12:17:36
REV_2403,US_4945,MV_2917,1.7,Great movie!,2024-03-09 14:09:22
REV_2404,US_883,MV_50,3.1,Could be better.,2025-09-11 19:22:50
REV_2405,US_5228,MV_7743,2.9,Could be better.,2024-03-22 05:42:30
REV_2406,US_9502,MV_1004,9.7,Great movie!,2024-07-31 22:44:37
REV_2407,US_1609,MV_9561,1.6,Could be better.,2025-08-29 03:22:29
REV_2408,US_606,MV_8600,3.2,Great movie!,2025-06-18 01:03:30
REV_2409,US_3937,MV_9632,1.4,Great movie!,2025-11-12 09:02:41
REV_2410,US_2554,MV_2575,1.2,Could be better.,2025-07-30 03:39:46
REV_2412,US_4178,MV_2559,8.4,Great movie!,2024-08-25 14:48:01
REV_2413,US_4692,MV_3878,5.5,Could be better.,2024-10-04 10:31:40
REV_2414,US_8657,MV_1646,8.2,Great movie!,2025-08-31 22:57:56
REV_2415,US_360,MV_2086,4.4,Could be better.,2024-06-05 21:38:46
REV_2416,US_2673,MV_2476,7.1,Great movie!,2025-04-14 15:42:02
REV_2417,US_8035,MV_6801,7.5,Could be better.,2024-07-01 18:03:14
REV_2418,US_4978,MV_116,3.1,Could be better.,2025-03-04 16:11:50
REV_2419,US_4211,MV_9431,7.9,Great movie!,2025-10-07 22:05:25
REV_2420,US_1629,MV_6225,9.6,Great movie!,2025-08-06 08:02:58
REV_2421,US_6898,MV_6184,2.9,Great movie!,2024-09-20 20:55:01
REV_2422,US_827,MV_6274,6.8,Great movie!,2025-01-23 23:32:33
REV_2423,US_4933,MV_9521,3.5,Great movie!,2025-03-07 10:59:34
REV_2424,US_1245,MV_2612,1.5,Could be better.,2025-08-19 16:40:03
REV_2425,US_9623,MV_1465,2.4,Could be better.,2025-05-20 20:20:35
REV_2426,US_3270,MV_2580,3.4,Could be better.,2025-07-09 15:32:53
REV_2427,US_6657,MV_894,3.5,Could be better.,2024-01-20 08:48:06
REV_2428,US_2409,MV_5202,1.0,Could be better.,2025-09-16 08:33:47
REV_2429,US_3675,MV_9864,4.8,Great movie!,2024-01-08 23:51:24
REV_2430,US_904,MV_5559,3.8,Could be better.,2024-08-30 21:41:52
REV_2432,US_8274,MV_9104,6.3,Could be better.,2024-07-22 07:52:47
REV_2433,US_663,MV_9881,2.9,Could be better.,2025-01-17 06:59:27
REV_2434,US_4016,MV_4285,9.9,Could be better.,2025-09-20 03:26:03
REV_2435,US_8617,MV_1709,9.2,Could be better.,2024-07-01 14:32:27
REV_2436,US_2960,MV_2899,5.1,Could be better.,2025-09-01 09:19:07
REV_2437,US_1042,MV_35,8.9,Great movie!,2024-04-22 09:39:48
REV_2438,US_4239,MV_996,4.1,Great movie!,2024-01-17 00:36:06
REV_2439,US_9294,MV_9873,2.2,Great movie!,2024-10-22 00:05:35
REV_2440,US_2313,MV_2764,9.2,Great movie!,2024-06-03 03:47:49
REV_2441,US_4279,MV_5979,4.3,Great movie!,2024-03-20 13:57:50
REV_2443,US_9575,MV_3720,4.5,Great movie!,2025-04-17 03:55:01
REV_2444,US_9819,MV_906,9.9,Great movie!,2025-12-11 06:35:53
REV_2445,US_5022,MV_9018,5.2,Could be better.,2024-11-20 16:01:34
REV_2446,US_1460,MV_8541,2.3,Great movie!,2024-11-04 14:53:51
REV_2447,US_5899,MV_7205,5.2,Great movie!,2024-02-17 00:25:21
REV_2448,US_7516,MV_7423,5.1,Great movie!,2024-08-24 06:32:30
REV_2449,US_9522,MV_2140,5.6,Great movie!,2025-06-28 10:07:44
REV_2450,US_6960,MV_7138,9.7,Could be better.,2025-02-21 16:28:33
REV_2451,US_5155,MV_4449,2.7,Could be better.,2025-08-11 18:46:08
REV_2452,US_928,MV_3110,2.5,Could be better.,2025-03-31 13:00:15
REV_2453,US_5389,MV_9021,8.7,Great movie!,2025-02-03 04:40:14
REV_2454,US_282,MV_7886,5.2,Could be better.,2024-12-09 21:59:45
REV_2455,US_7100,MV_941,2.3,Great movie!,2025-06-22 15:01:51
REV_2456,US_3401,MV_7661,4.1,Could be better.,2024-01-03 10:26:26
REV_2457,US_4731,MV_1389,3.4,Could be better.,2024-04-08 22:17:01
REV_2458,US_3590,MV_9092,5.2,Great movie!,2025-07-19 02:17:49
REV_2459,US_4708,MV_1541,9.0,Could be better.,2024-02-25 20:12:10
REV_2460,US_8509,MV_7832,1.6,Great movie!,2025-05-27 17:32:58
REV_2461,US_6400,MV_3374,4.8,Great movie!,2025-01-26 22:08:44
REV_2462,US_617,MV_8150,4.3,Could be better.,2025-11-13 02:12:19
REV_2463,US_7374,MV_7769,5.2,Could be better.,2024-07-14 23:32:54
REV_2465,US_1450,MV_9187,1.9,Great movie!,2024-04-21 14:02:36
REV_2467,US_9657,MV_763,3.0,Great movie!,2024-01-26 01:28:05
REV_2468,US_9515,MV_6258,2.2,Could be better.,2025-03-10 09:58:38
REV_2469,US_2425,MV_8144,7.6,Could be better.,2024-08-24 13:47:42
REV_2470,US_2854,MV_1065,2.7,Great movie!,2025-09-02 21:13:09
REV_2471,US_8442,MV_3205,3.3,Could be better.,2024-02-05 11:46:30
REV_2472,US_9736,MV_8982,6.8,Great movie!,2025-09-10 17:21:20
REV_2473,US_5764,MV_6754,1.5,Great movie!,2025-06-13 11:40:53
REV_2474,US_5268,MV_7229,5.9,Could be better.,2025-09-12 21:53:25
REV_2475,US_7369,MV_4995,6.3,Could be better.,2025-08-16 21:03:41
REV_2476,US_3773,MV_9468,8.0,Could be better.,2024-08-07 16:44:50
REV_2477,US_9697,MV_7333,8.9,Could be better.,2024-12-15 05:48:36
REV_2478,US_726,MV_4852,3.4,Could be better.,2024-01-29 15:44:43
REV_2479,US_6615,MV_3017,7.7,Great movie!,2024-11-22 10:37:17
REV_2480,US_9069,MV_7165,2.7,Could be better.,2025-05-13 03:01:23
REV_2481,US_9843,MV_9551,9.9,Could be better.,2025-09-26 22:37:13
REV_2482,US_8487,MV_3200,5.2,Great movie!,2025-01-03 14:39:54
REV_2484,US_5885,MV_3718,6.0,Great movie!,2025-09-04 01:26:55
REV_2485,US_671,MV_7561,5.9,Could be better.,2025-02-24 20:31:13
REV_2486,US_265,MV_3507,8.5,Could be better.,2025-02-18 02:37:25
REV_2487,US_5059,MV_205,6.4,Great movie!,2025-02-20 23:15:32
REV_2488,US_8067,MV_1378,1.6,Could be better.,2025-06-15 14:39:51
REV_2489,US_1954,MV_1099,9.5,Could be better.,2024-03-18 11:14:57
REV_2490,US_2255,MV_3116,5.0,Could be better.,2025-02-20 02:22:54
REV_2491,US_6795,MV_4164,2.0,Great movie!,2024-11-09 11:41:16
REV_2492,US_6268,MV_3617,2.5,Could be better.,2024-04-14 15:07:14
REV_2494,US_181,MV_7470,4.1,Could be better.,2025-05-02 14:20:34
REV_2495,US_4431,MV_6439,4.3,Great movie!,2025-12-16 23:38:40
REV_2496,US_1769,MV_1836,4.3,Great movie!,2024-08-21 13:38:01
REV_2497,US_8355,MV_6279,8.0,Great movie!,2024-04-22 13:16:05
REV_2498,US_7604,MV_6054,2.4,Could be better.,2025-07-27 22:23:26
REV_2499,US_1030,MV_5836,2.0,Great movie!,2025-08-24 01:10:54
REV_2500,US_376,MV_1581,3.7,Great movie!,2025-06-27 09:18:13
REV_2501,US_3408,MV_4491,8.5,Could be better.,2025-01-26 09:08:02
REV_2502,US_2461,MV_969,2.3,Could be better.,2025-07-03 00:09:39
REV_2503,US_3985,MV_5491,6.5,Great movie!,2024-04-10 02:12:21
REV_2504,US_9349,MV_8762,8.6,Great movie!,2025-09-26 10:54:49
REV_2505,US_2995,MV_5484,1.0,Could be better.,2025-03-03 22:54:51
REV_2506,US_4938,MV_3308,6.0,Could be better.,2025-04-30 10:31:07
REV_2507,US_2829,MV_5259,7.6,Could be better.,2024-05-07 14:25:50
REV_2508,US_6147,MV_609,1.9,Great movie!,2024-07-30 06:59:09
REV_2509,US_1862,MV_4703,9.1,Great movie!,2025-04-20 04:57:26
REV_2510,US_8208,MV_4226,2.9,Great movie!,2024-12-20 14:26:54
REV_2511,US_2364,MV_3656,9.7,Great movie!,2024-03-23 14:40:54
REV_2512,US_8517,MV_5084,7.0,Great movie!,2025-11-17 15:47:27
REV_2513,US_8003,MV_3939,1.9,Could be better.,2025-05-09 21:40:31
REV_2514,US_1864,MV_3691,2.0,Could be better.,2025-04-23 06:41:50
REV_2515,US_9620,MV_9052,2.2,Could be better.,2025-07-13 20:23:44
REV_2516,US_3114,MV_7287,7.9,Could be better.,2025-01-21 12:41:04
REV_2517,US_7221,MV_9771,4.3,Could be better.,2024-09-30 19:20:40
REV_2518,US_3632,MV_6827,2.6,Great movie!,2024-03-21 03:52:52
REV_2519,US_8678,MV_558,1.2,Great movie!,2024-11-24 17:42:03
REV_2520,US_521,MV_3995,7.2,Could be better.,2025-05-31 02:34:48
REV_2521,US_7785,MV_729,5.9,Could be better.,2024-01-07 12:56:11
REV_2522,US_6678,MV_8012,7.5,Could be better.,2025-01-02 01:36:42
REV_2523,US_3002,MV_8121,7.2,Could be better.,2025-10-04 14:26:45
REV_2524,US_1494,MV_8383,3.6,Great movie!,2025-07-13 09:49:16
REV_2525,US_389,MV_6703,7.5,Great movie!,2025-10-15 03:43:09
REV_2526,US_515,MV_2037,3.9,Great movie!,2024-05-13 08:15:00
REV_2527,US_4689,MV_4825,6.5,Great movie!,2024-01-30 02:43:53
REV_2528,US_8699,MV_460,1.5,Great movie!,2024-11-13 20:21:19
REV_2529,US_4465,MV_7566,2.3,Great movie!,2025-06-10 18:48:49
REV_2530,US_7599,MV_1105,9.2,Could be better.,2024-04-19 22:38:05
REV_2531,US_6083,MV_3238,1.7,Great movie!,2024-12-12 20:43:46
REV_2532,US_9495,MV_481,9.4,Great movie!,2024-02-07 12:00:14
REV_2533,US_3651,MV_8170,1.7,Great movie!,2024-05-25 06:45:05
REV_2534,US_1115,MV_4279,2.8,Could be better.,2024-03-22 00:26:26
REV_2535,US_5034,MV_6922,1.8,Could be better.,2025-04-27 02:21:23
REV_2536,US_126,MV_3394,6.0,Great movie!,2025-12-01 23:25:59
REV_2537,US_7356,MV_2534,4.4,Great movie!,2025-09-18 13:46:04
REV_2538,US_7390,MV_333,7.3,Could be better.,2024-07-11 00:19:32
REV_2539,US_232,MV_5646,9.8,Great movie!,2024-06-18 09:01:25
REV_2540,US_9244,MV_7927,7.2,Great movie!,2024-05-27 23:28:02
REV_2541,US_6882,MV_6682,3.7,Could be better.,2025-06-28 12:24:19
REV_2542,US_986,MV_5892,2.1,Great movie!,2024-01-22 21:23:31
REV_2544,US_3599,MV_8215,6.2,Great movie!,2024-07-13 02:28:06
REV_2545,US_6676,MV_3690,2.3,Great movie!,2025-02-20 01:29:52
REV_2546,US_5582,MV_1716,3.3,Could be better.,2024-03-01 09:05:05
REV_2547,US_1238,MV_1405,6.9,Could be better.,2025-11-07 12:20:32
REV_2548,US_208,MV_7587,3.4,Could be better.,2024-08-20 17:54:01
REV_2549,US_5160,MV_3658,1.1,Could be better.,2024-05-01 11:55:13
REV_2550,US_7424,MV_9186,7.5,Could be better.,2024-11-26 12:24:00
REV_2551,US_302,MV_6142,7.5,Could be better.,2025-07-06 01:36:20
REV_2552,US_156,MV_1518,6.1,Could be better.,2024-11-24 13:25:54
REV_2553,US_7300,MV_8147,9.1,Could be better.,2025-03-16 18:24:58
REV_2554,US_725,MV_3512,6.6,Great movie!,2025-04-30 02:16:58
REV_2555,US_7874,MV_1876,2.8,Could be better.,2025-08-23 20:35:15
REV_2556,US_5726,MV_6949,8.7,Could be better.,2024-12-05 07:14:15
REV_2558,US_475,MV_8609,7.3,Great movie!,2025-11-13 00:09:46
REV_2559,US_5499,MV_9159,3.7,Could be better.,2025-04-05 16:23:05
REV_2560,US_419,MV_7995,9.1,Could be better.,2024-12-24 15:32:24
REV_2561,US_3663,MV_1509,6.5,Great movie!,2025-08-25 21:21:21
REV_2562,US_9544,MV_9712,9.1,Could be better.,2025-10-16 12:30:40
REV_2563,US_8868,MV_2987,1.6,Could be better.,2025-08-21 17:44:14
REV_2564,US_9534,MV_6329,6.4,Could be better.,2024-01-19 23:12:53
REV_2566,US_7751,MV_8603,7.8,Great movie!,2024-05-18 09:51:21
REV_2567,US_6622,MV_7966,6.5,Could be better.,2025-03-18 04:07:24
REV_2568,US_7008,MV_7943,3.6,Could be better.,2025-08-27 03:38:26
REV_2569,US_2139,MV_8698,4.9,Could be better.,2025-05-20 23:42:35
REV_2570,US_2148,MV_9716,2.9,Great movie!,2025-02-10 15:10:53
REV_2571,US_9025,MV_3219,3.3,Great movie!,2025-07-05 02:51:08
REV_2572,US_3563,MV_2161,3.5,Great movie!,2024-04-08 12:59:58
REV_2573,US_6750,MV_7630,2.4,Could be better.,2025-11-12 17:55:27
REV_2574,US_2953,MV_5954,5.1,Could be better.,2025-01-03 12:11:10
REV_2575,US_9027,MV_1312,9.2,Could be better.,2025-03-18 22:09:44
REV_2576,US_4122,MV_539,7.9,Great movie!,2025-06-16 17:13:40
REV_2577,US_6250,MV_3427,8.0,Great movie!,2024-11-09 17:48:57
REV_2578,US_3974,MV_911,1.2,Great movie!,2025-08-08 22:38:19
REV_2579,US_6457,MV_5803,3.5,Great movie!,2024-08-04 02:50:08
REV_2580,US_9001,MV_1101,7.9,Great movie!,2025-09-09 07:21:21
REV_2581,US_1200,MV_5438,6.5,Could be better.,2025-07-19 06:00:30
REV_2582,US_6432,MV_853,5.3,Great movie!,2025-11-11 14:22:09
REV_2583,US_2721,MV_7790,7.8,Could be better.,2024-03-17 13:39:47
REV_2584,US_4394,MV_4258,3.6,Great movie!,2025-05-26 21:32:36
REV_2585,US_5937,MV_9287,8.1,Could be better.,2024-04-13 20:40:07
REV_2586,US_349,MV_2559,5.6,Great movie!,2025-06-13 02:06:21
REV_2587,US_2480,MV_1205,6.8,Great movie!,2025-01-12 05:05:44
REV_2588,US_4414,MV_330,9.6,Could be better.,2025-12-20 12:50:19
REV_2589,US_1930,MV_4642,8.1,Great movie!,2024-06-21 19:44:16
REV_2590,US_8934,MV_5778,2.6,Great movie!,2025-02-13 07:35:59
REV_2591,US_2891,MV_5134,1.7,Could be better.,2024-11-08 12:19:37
REV_2592,US_3499,MV_7515,1.5,Great movie!,2025-03-01 05:18:28
REV_2593,US_9838,MV_2608,5.5,Great movie!,2025-02-25 12:09:26
REV_2594,US_4739,MV_4243,6.7,Great movie!,2024-01-29 03:59:57
REV_2595,US_9273,MV_4370,2.0,Could be better.,2025-03-24 15:24:38
REV_2596,US_6600,MV_2298,2.4,Great movie!,2024-12-23 13:14:55
REV_2597,US_3302,MV_9708,3.7,Could be better.,2024-08-19 09:57:49
REV_2598,US_7251,MV_3691,2.4,Could be better.,2024-07-05 01:39:24
REV_2599,US_1839,MV_8050,6.4,Could be better.,2024-10-07 17:13:46
REV_2600,US_1336,MV_4410,3.7,Could be better.,2024-06-29 03:45:17
REV_2601,US_3045,MV_6591,3.8,Great movie!,2025-07-18 02:25:40
REV_2602,US_122,MV_5022,7.7,Could be better.,2024-06-23 10:55:01
REV_2603,US_7935,MV_8032,8.0,Could be better.,2025-01-04 04:54:57
REV_2604,US_5739,MV_8945,7.1,Could be better.,2024-12-03 21:23:07
REV_2605,US_8597,MV_9780,4.2,Great movie!,2024-04-28 19:45:26
REV_2606,US_6024,MV_1951,3.3,Could be better.,2024-05-29 06:41:13
REV_2607,US_6925,MV_1358,6.1,Great movie!,2024-11-04 17:28:13
REV_2608,US_5598,MV_5885,5.8,Great movie!,2024-10-05 00:38:08
REV_2610,US_1637,MV_5803,8.3,Could be better.,2025-03-03 02:28:49
REV_2612,US_1516,MV_4798,6.9,Great movie!,2025-06-20 04:09:06
REV_2613,US_366,MV_1633,2.5,Could be better.,2025-03-22 09:39:07
REV_2614,US_2890,MV_4969,2.5,Great movie!,2025-03-01 01:52:12
REV_2615,US_8754,MV_859,9.0,Great movie!,2024-07-01 02:52:04
REV_2616,US_1480,MV_1762,1.1,Could be better.,2025-06-12 23:11:50
REV_2617,US_7201,MV_5964,9.2,Could be better.,2025-03-02 17:35:01
REV_2618,US_7542,MV_9165,1.6,Could be better.,2024-11-30 06:04:35
REV_2619,US_6567,MV_6832,1.1,Could be better.,2025-01-18 09:11:21
REV_2620,US_9062,MV_9797,7.8,Great movie!,2025-03-05 19:45:47
REV_2621,US_6112,MV_1441,2.4,Great movie!,2025-05-15 00:04:10
REV_2622,US_4082,MV_9669,7.9,Could be better.,2025-06-04 03:24:08
REV_2623,US_779,MV_7113,4.8,Great movie!,2025-06-18 05:40:07
REV_2624,US_3783,MV_1244,8.0,Great movie!,2025-09-24 21:21:02
REV_2625,US_2671,MV_6007,7.3,Great movie!,2024-09-01 01:02:25
REV_2626,US_7678,MV_7024,9.8,Great movie!,2025-09-03 14:16:43
REV_2627,US_1275,MV_1699,5.3,Great movie!,2024-07-15 21:07:14
REV_2628,US_8339,MV_4092,1.3,Could be better.,2024-09-13 14:57:12
REV_2629,US_9036,MV_7773,7.1,Could be better.,2025-10-08 06:46:41
REV_2630,US_8728,MV_279,1.7,Could be better.,2025-12-07 05:27:49
REV_2631,US_824,MV_1749,5.0,Could be better.,2024-11-23 07:35:35
REV_2632,US_6838,MV_297,3.7,Great movie!,2024-06-08 15:21:45
REV_2633,US_5684,MV_3130,3.0,Great movie!,2024-02-20 15:23:21
REV_2635,US_7463,MV_4059,9.5,Great movie!,2025-07-22 17:06:39
REV_2636,US_1646,MV_2355,7.7,Could be better.,2025-06-11 21:35:10
REV_2637,US_7682,MV_7216,9.9,Great movie!,2024-01-26 06:56:27
REV_2638,US_6443,MV_9678,4.5,Could be better.,2024-08-08 18:43:26
REV_2639,US_8337,MV_1169,8.3,Great movie!,2024-11-15 22:36:57
REV_2642,US_3473,MV_3832,3.0,Could be better.,2024-01-23 02:35:09
REV_2643,US_1230,MV_8297,1.6,Great movie!,2025-04-06 16:39:31
REV_2644,US_8566,MV_1136,2.8,Could be better.,2024-09-04 08:23:45
REV_2645,US_8159,MV_8997,7.1,Could be better.,2025-04-24 18:35:57
REV_2646,US_5634,MV_4632,5.5,Great movie!,2024-04-24 15:28:40
REV_2647,US_8143,MV_7715,6.0,Could be better.,2024-10-02 22:10:28
REV_2648,US_7576,MV_1755,1.3,Great movie!,2025-02-26 09:12:03
REV_2649,US_2806,MV_578,3.8,Great movie!,2025-05-07 02:00:08
REV_2650,US_7774,MV_2521,9.8,Could be better.,2025-09-10 11:14:57
REV_2651,US_3835,MV_6372,5.5,Great movie!,2025-02-06 18:16:50
REV_2652,US_266,MV_5797,9.8,Great movie!,2024-06-12 22:32:27
REV_2653,US_7798,MV_4543,7.9,Could be better.,2024-03-05 23:24:23
REV_2654,US_1545,MV_1164,7.3,Great movie!,2024-06-30 00:17:25
REV_2655,US_3211,MV_9549,4.4,Great movie!,2025-10-05 03:39:34
REV_2656,US_9428,MV_891,7.6,Could be better.,2024-05-30 20:48:16
REV_2657,US_1974,MV_710,4.7,Great movie!,2024-04-03 18:12:49
REV_2658,US_332,MV_4388,3.9,Great movie!,2025-11-12 13:43:40
REV_2659,US_47,MV_7987,2.8,Great movie!,2025-01-06 17:50:41
REV_2660,US_3724,MV_677,8.9,Great movie!,2024-02-25 08:51:02
REV_2661,US_3293,MV_852,3.3,Great movie!,2024-07-19 09:01:41
REV_2662,US_509,MV_5142,2.8,Great movie!,2024-01-08 20:16:34
REV_2663,US_3059,MV_648,3.0,Great movie!,2024-05-01 00:20:47
REV_2664,US_4639,MV_9594,6.0,Great movie!,2024-09-17 19:15:39
REV_2665,US_8221,MV_648,8.4,Great movie!,2024-10-10 05:53:55
REV_2666,US_8332,MV_6622,7.4,Great movie!,2025-01-17 11:50:33
REV_2667,US_6510,MV_2875,7.0,Great movie!,2024-01-24 08:59:39
REV_2668,US_2212,MV_2612,7.5,Great movie!,2025-08-02 14:19:16
REV_2669,US_2370,MV_8204,4.3,Could be better.,2025-07-27 18:53:57
REV_2670,US_3289,MV_3686,7.0,Could be better.,2025-01-25 15:22:36
REV_2671,US_9685,MV_3145,4.5,Could be better.,2025-07-21 19:03:21
REV_2673,US_9117,MV_3129,6.2,Great movie!,2024-05-19 12:27:40
REV_2674,US_3949,MV_7417,9.4,Great movie!,2025-12-14 21:17:02
REV_2675,US_903,MV_5322,5.6,Great movie!,2024-10-05 07:11:58
REV_2676,US_1183,MV_3518,1.5,Great movie!,2025-05-09 17:02:47
REV_2677,US_9417,MV_2583,2.5,Great movie!,2024-10-26 23:35:48
REV_2678,US_3846,MV_5975,5.9,Great movie!,2025-04-08 01:50:48
REV_2679,US_7284,MV_3977,6.4,Great movie!,2024-07-26 10:36:10
REV_2680,US_8316,MV_6279,2.1,Could be better.,2024-01-26 04:20:01
REV_2681,US_2848,MV_2105,9.5,Great movie!,2024-11-13 09:54:42
REV_2682,US_8400,MV_552,9.1,Great movie!,2024-05-14 06:46:09
REV_2683,US_8433,MV_3800,3.9,Great movie!,2024-06-18 18:53:28
REV_2684,US_9968,MV_2335,3.3,Could be better.,2024-05-06 20:08:12
REV_2685,US_3517,MV_5406,4.0,Could be better.,2024-11-26 09:36:36
REV_2686,US_7838,MV_8143,8.5,Great movie!,2024-02-20 19:55:41
REV_2687,US_5042,MV_6588,7.3,Great movie!,2025-08-07 13:17:32
REV_2688,US_5136,MV_330,9.6,Could be better.,2025-10-14 03:15:17
REV_2689,US_2924,MV_2236,6.9,Could be better.,2024-02-21 07:34:56
REV_2690,US_7505,MV_6564,3.2,Great movie!,2025-03-27 07:27:13
REV_2691,US_6741,MV_6152,5.2,Could be better.,2025-10-15 05:38:00
REV_2693,US_1041,MV_4070,9.9,Could be better.,2024-01-06 00:53:27
REV_2694,US_3582,MV_8768,2.8,Great movie!,2025-11-02 05:37:32
REV_2695,US_3018,MV_1660,4.3,Could be better.,2025-07-11 14:27:26
REV_2696,US_7600,MV_2827,2.9,Great movie!,2025-09-17 14:24:01
REV_2697,US_922,MV_1398,8.9,Could be better.,2024-04-30 13:32:17
REV_2698,US_2503,MV_1538,3.3,Could be better.,2024-08-15 03:49:04
REV_2699,US_179,MV_8543,1.8,Great movie!,2025-11-03 21:38:03
REV_2700,US_4248,MV_8371,5.5,Great movie!,2025-10-30 20:26:34
REV_2701,US_1326,MV_8302,2.4,Could be better.,2024-05-22 04:24:37
REV_2702,US_7722,MV_2238,2.2,Great movie!,2025-12-01 06:25:04
REV_2703,US_7339,MV_9860,2.1,Could be better.,2024-12-31 18:07:09
REV_2704,US_7594,MV_4961,3.0,Could be better.,2025-07-02 10:39:46
REV_2705,US_9468,MV_8459,1.2,Great movie!,2024-03-26 04:56:49
REV_2706,US_839,MV_2734,2.1,Could be better.,2025-05-28 06:36:41
REV_2707,US_9015,MV_7731,7.4,Great movie!,2025-07-20 01:29:07
REV_2708,US_7728,MV_9747,6.2,Could be better.,2024-02-17 09:46:03
REV_2709,US_584,MV_2986,5.5,Great movie!,2025-05-06 04:39:14
REV_2710,US_121,MV_5513,2.2,Great movie!,2025-10-02 17:21:00
REV_2711,US_1262,MV_1782,7.6,Great movie!,2024-01-27 10:57:41
REV_2712,US_4082,MV_702,5.7,Great movie!,2024-04-17 18:58:45
REV_2713,US_8,MV_4545,5.9,Could be better.,2025-09-02 06:55:47
REV_2714,US_3790,MV_1580,1.9,Great movie!,2025-10-18 02:03:25
REV_2715,US_9645,MV_1977,7.2,Could be better.,2025-07-21 13:49:48
REV_2717,US_2757,MV_9644,7.9,Could be better.,2025-04-27 09:34:53
REV_2719,US_6033,MV_6326,4.1,Could be better.,2024-03-24 22:23:07
REV_2720,US_3138,MV_995,7.4,Great movie!,2025-03-08 18:46:58
REV_2721,US_4682,MV_8609,5.3,Great movie!,2024-03-29 20:16:43
REV_2722,US_738,MV_8177,6.1,Great movie!,2025-05-17 10:30:49
REV_2723,US_5399,MV_2967,5.0,Great movie!,2024-07-10 04:16:47
REV_2724,US_2965,MV_8843,2.5,Could be better.,2024-05-10 00:11:41
REV_2725,US_6961,MV_8450,2.1,Great movie!,2025-01-03 23:34:08
REV_2726,US_683,MV_6438,6.5,Great movie!,2024-02-15 01:44:01
REV_2727,US_858,MV_2686,4.4,Great movie!,2025-11-13 17:07:25
REV_2728,US_2556,MV_4600,3.6,Great movie!,2024-12-19 20:10:14
REV_2729,US_9270,MV_788,8.7,Great movie!,2024-09-30 16:30:45
REV_2730,US_7839,MV_2069,6.1,Could be better.,2025-07-22 05:09:24
REV_2731,US_9009,MV_3751,2.2,Great movie!,2024-02-24 20:01:27
REV_2732,US_552,MV_2860,8.0,Great movie!,2024-04-06 04:51:25
REV_2733,US_6941,MV_9425,1.5,Could be better.,2025-10-19 16:00:23
REV_2734,US_3924,MV_2055,6.1,Great movie!,2025-11-02 05:18:52
REV_2735,US_2871,MV_5968,8.1,Could be better.,2024-06-26 18:34:01
REV_2736,US_818,MV_6392,2.5,Great movie!,2024-05-11 01:29:15
REV_2737,US_3880,MV_1732,7.6,Great movie!,2024-06-13 17:57:25
REV_2738,US_4856,MV_5737,9.7,Great movie!,2025-06-15 01:21:47
REV_2739,US_1049,MV_7384,3.8,Great movie!,2024-08-27 05:47:25
REV_2740,US_3665,MV_964,5.5,Could be better.,2025-03-18 15:40:04
REV_2741,US_8222,MV_2072,2.3,Could be better.,2024-01-19 15:38:36
REV_2742,US_743,MV_3234,8.2,Great movie!,2025-04-06 16:44:05
REV_2743,US_4864,MV_7725,9.1,Great movie!,2024-11-07 23:12:20
REV_2744,US_3370,MV_6941,1.2,Great movie!,2025-09-27 21:36:57
REV_2745,US_4858,MV_2741,6.5,Could be better.,2025-04-23 02:21:15
REV_2746,US_1338,MV_5625,4.6,Could be better.,2024-04-09 19:11:08
REV_2747,US_2608,MV_8253,4.3,Great movie!,2024-06-02 16:55:49
REV_2748,US_7241,MV_1719,2.9,Could be better.,2025-09-03 04:37:43
REV_2749,US_8994,MV_589,1.2,Could be better.,2025-05-15 14:50:35
REV_2750,US_2737,MV_6800,6.8,Could be better.,2025-11-30 09:18:59
REV_2751,US_382,MV_9594,8.4,Great movie!,2025-02-03 02:11:56
REV_2752,US_834,MV_3515,7.3,Great movie!,2025-02-04 08:36:34
REV_2753,US_4143,MV_9460,2.1,Great movie!,2025-04-05 00:53:05
REV_2754,US_6584,MV_5734,3.8,Could be better.,2025-04-25 06:59:01
REV_2755,US_1108,MV_81,3.2,Could be better.,2025-10-17 20:38:10
REV_2756,US_7550,MV_758,8.2,Could be better.,2025-11-02 09:56:22
REV_2757,US_3444,MV_6929,4.5,Great movie!,2025-01-22 15:11:11
REV_2758,US_206,MV_5588,5.4,Great movie!,2024-10-21 11:52:11
REV_2760,US_1068,MV_3035,1.7,Great movie!,2024-09-29 04:50:21
REV_2761,US_9819,MV_4937,4.2,Could be better.,2024-02-15 23:16:37
REV_2762,US_6603,MV_4972,8.2,Great movie!,2025-12-25 14:08:21
REV_2763,US_9482,MV_3989,5.6,Great movie!,2024-04-08 04:09:31
REV_2764,US_6862,MV_9487,8.6,Could be better.,2025-06-24 14:25:51
REV_2765,US_2310,MV_7378,4.2,Could be better.,2024-08-16 18:38:49
REV_2766,US_1779,MV_7714,6.2,Great movie!,2025-10-15 12:40:44
REV_2767,US_746,MV_1652,8.0,Great movie!,2024-02-05 09:21:56
REV_2768,US_4190,MV_5740,6.7,Could be better.,2025-11-01 15:47:06
REV_2769,US_4790,MV_7422,6.7,Could be better.,2025-11-16 08:37:59
REV_2770,US_47,MV_9065,3.4,Could be better.,2025-07-04 21:49:04
REV_2771,US_385,MV_2036,5.0,Could be better.,2024-02-15 20:16:21
REV_2772,US_7059,MV_8449,9.8,Could be better.,2025-04-05 07:48:21
REV_2773,US_3608,MV_983,1.7,Could be better.,2024-06-20 23:51:18
REV_2775,US_2978,MV_269,4.3,Great movie!,2024-07-13 09:36:21
REV_2776,US_9150,MV_2264,8.8,Could be better.,2024-02-24 06:09:04
REV_2777,US_8832,MV_6151,4.6,Great movie!,2025-07-03 11:19:22
REV_2778,US_4749,MV_7010,3.3,Great movie!,2024-03-21 07:57:45
REV_2779,US_908,MV_6341,2.7,Great movie!,2024-02-16 02:53:05
REV_2780,US_5569,MV_6277,3.6,Could be better.,2025-03-28 17:37:08
REV_2781,US_5979,MV_4114,6.1,Great movie!,2024-02-10 17:59:01
REV_2782,US_5331,MV_8095,9.5,Great movie!,2025-10-30 19:41:43
REV_2783,US_2984,MV_8308,7.8,Great movie!,2024-12-16 13:41:53
REV_2784,US_852,MV_4186,8.9,Great movie!,2025-06-17 10:56:45
REV_2785,US_1038,MV_9701,4.9,Great movie!,2024-04-12 00:23:58
REV_2786,US_3749,MV_5390,4.1,Could be better.,2025-11-16 03:25:42
REV_2787,US_2035,MV_2404,5.1,Could be better.,2024-01-20 01:29:14
REV_2788,US_3047,MV_6542,7.5,Great movie!,2025-04-03 21:07:16
REV_2789,US_496,MV_339,1.1,Great movie!,2024-02-26 18:05:46
REV_2790,US_7918,MV_2595,8.6,Great movie!,2025-01-04 06:14:02
REV_2791,US_1243,MV_8821,1.2,Could be better.,2025-10-13 16:56:51
REV_2792,US_5151,MV_6408,8.1,Great movie!,2025-12-22 03:20:09
REV_2793,US_4511,MV_6891,4.5,Could be better.,2025-02-14 03:16:28
REV_2795,US_8339,MV_1168,4.1,Great movie!,2024-01-06 16:12:24
REV_2796,US_6640,MV_9994,2.0,Could be better.,2025-09-07 16:26:26
REV_2797,US_4013,MV_5476,7.9,Great movie!,2024-11-24 21:57:06
REV_2800,US_6736,MV_2210,6.4,Great movie!,2024-08-22 13:14:40
REV_2801,US_1613,MV_5855,6.0,Could be better.,2024-05-05 05:14:54
REV_2802,US_782,MV_913,6.6,Great movie!,2025-11-26 08:27:21
REV_2803,US_2286,MV_4843,1.9,Great movie!,2025-11-25 21:02:55
REV_2804,US_4347,MV_311,5.8,Great movie!,2024-05-23 13:27:50
REV_2805,US_288,MV_1428,7.4,Could be better.,2025-01-04 00:12:35
REV_2806,US_6503,MV_6644,8.5,Could be better.,2025-12-16 05:44:44
REV_2808,US_8505,MV_5767,9.3,Great movie!,2025-09-23 03:31:48
REV_2809,US_9713,MV_1575,2.1,Could be better.,2024-03-08 07:40:55
REV_2810,US_538,MV_7963,3.9,Could be better.,2024-12-11 20:31:38
REV_2811,US_1696,MV_5336,4.9,Great movie!,2024-01-11 08:37:42
REV_2812,US_8505,MV_9331,9.4,Great movie!,2024-07-25 02:20:56
REV_2813,US_4032,MV_1854,1.5,Great movie!,2024-12-13 00:02:35
REV_2814,US_4643,MV_5940,2.2,Could be better.,2025-10-09 17:49:13
REV_2815,US_6929,MV_3677,4.8,Could be better.,2025-01-20 04:06:50
REV_2817,US_4452,MV_9066,1.3,Great movie!,2025-12-24 06:48:11
REV_2818,US_9277,MV_569,9.2,Great movie!,2025-03-29 07:46:20
REV_2819,US_551,MV_3330,3.0,Great movie!,2025-10-29 00:18:18
REV_2820,US_2606,MV_2827,9.6,Great movie!,2024-06-13 04:55:02
REV_2822,US_3029,MV_3322,5.5,Great movie!,2025-10-30 05:17:31
REV_2823,US_6772,MV_767,7.2,Could be better.,2024-05-07 02:16:48
REV_2824,US_5124,MV_6566,7.3,Could be better.,2024-12-05 07:21:51
REV_2825,US_776,MV_2359,3.7,Could be better.,2024-06-20 08:20:14
REV_2826,US_6341,MV_7119,4.8,Great movie!,2025-07-26 19:37:53
REV_2827,US_8341,MV_3854,9.9,Great movie!,2025-12-27 20:18:12
REV_2828,US_4456,MV_840,2.5,Could be better.,2024-01-14 00:05:51
REV_2829,US_971,MV_8921,9.4,Could be better.,2025-01-01 12:21:42
REV_2830,US_7746,MV_218,5.5,Could be better.,2025-06-24 09:12:12
REV_2831,US_7926,MV_7826,1.8,Could be better.,2025-05-22 20:27:12
REV_2832,US_5910,MV_683,7.5,Great movie!,2025-08-13 15:39:50
REV_2833,US_3810,MV_8219,2.1,Great movie!,2024-03-30 22:44:10
REV_2834,US_8178,MV_6829,2.4,Great movie!,2025-12-04 07:19:10
REV_2835,US_7907,MV_3405,7.3,Could be better.,2024-08-15 14:32:46
REV_2836,US_4094,MV_8365,1.0,Great movie!,2025-06-15 08:57:09
REV_2837,US_5498,MV_3857,7.5,Could be better.,2025-02-25 23:24:07
REV_2838,US_2655,MV_5339,6.2,Could be better.,2025-10-15 14:36:29
REV_2839,US_6166,MV_8218,8.2,Could be better.,2024-05-26 16:54:07
REV_2840,US_7925,MV_2515,8.6,Great movie!,2024-10-08 02:35:40
REV_2841,US_4423,MV_3833,1.2,Could be better.,2025-05-30 17:38:42
REV_2842,US_8013,MV_9353,6.6,Great movie!,2024-11-02 20:28:35
REV_2843,US_6348,MV_8064,4.5,Great movie!,2025-02-17 15:05:05
REV_2844,US_4900,MV_9201,5.0,Could be better.,2025-02-22 21:38:34
REV_2845,US_5601,MV_7400,4.3,Could be better.,2025-09-21 11:09:01
REV_2846,US_6645,MV_3129,3.2,Could be better.,2025-03-18 13:59:10
REV_2847,US_6067,MV_233,1.1,Could be better.,2024-10-30 10:38:03
REV_2848,US_5206,MV_705,8.1,Great movie!,2024-07-26 00:58:28
REV_2849,US_7302,MV_5081,7.1,Could be better.,2024-01-29 21:59:28
REV_2850,US_6415,MV_4604,6.3,Could be better.,2025-07-07 17:56:40
REV_2851,US_6215,MV_7491,8.6,Great movie!,2024-10-15 22:38:06
REV_2852,US_8471,MV_4895,3.2,Great movie!,2024-11-05 21:36:19
REV_2853,US_1366,MV_8978,4.0,Could be better.,2025-06-30 01:29:17
REV_2854,US_8678,MV_5188,1.2,Could be better.,2024-11-23 09:20:01
REV_2855,US_2883,MV_2934,7.2,Could be better.,2025-04-15 09:40:52
REV_2856,US_6950,MV_7054,7.4,Could be better.,2025-03-28 18:21:34
REV_2857,US_1826,MV_3237,6.7,Great movie!,2025-01-07 04:49:30
REV_2858,US_3417,MV_8480,9.8,Great movie!,2024-10-16 13:57:55
REV_2859,US_6696,MV_9451,9.4,Great movie!,2024-05-30 22:19:39
REV_2860,US_433,MV_3821,6.6,Could be better.,2024-11-08 12:23:21
REV_2861,US_415,MV_1899,8.9,Could be better.,2024-08-01 21:29:43
REV_2862,US_8440,MV_6845,3.5,Could be better.,2025-04-27 07:56:27
REV_2863,US_4719,MV_5031,9.7,Great movie!,2025-10-25 15:01:56
REV_2864,US_1761,MV_8190,3.0,Could be better.,2025-10-08 17:44:29
REV_2865,US_4655,MV_6772,7.5,Could be better.,2025-07-24 02:57:48
REV_2866,US_2273,MV_5980,9.6,Could be better.,2024-02-16 16:02:42
REV_2867,US_5239,MV_2091,7.0,Could be better.,2025-08-15 20:08:22
REV_2868,US_4553,MV_8529,4.8,Great movie!,2024-07-20 04:49:45
REV_2869,US_3651,MV_2010,7.1,Could be better.,2024-01-05 11:22:53
REV_2870,US_6510,MV_8403,6.3,Could be better.,2024-07-26 13:32:35
REV_2871,US_8411,MV_6336,9.9,Could be better.,2025-04-26 12:07:13
REV_2872,US_1504,MV_6495,2.8,Great movie!,2024-01-21 14:18:36
REV_2873,US_1738,MV_6088,8.0,Could be better.,2024-09-09 10:43:00
REV_2875,US_8684,MV_990,6.0,Could be better.,2025-01-23 22:24:34
REV_2876,US_449,MV_9355,5.3,Great movie!,2024-08-21 07:37:37
REV_2877,US_9656,MV_6390,4.1,Great movie!,2025-02-25 11:45:00
REV_2878,US_5604,MV_4345,5.9,Could be better.,2025-08-16 07:30:45
REV_2879,US_2138,MV_889,7.9,Great movie!,2024-05-11 20:15:30
REV_2880,US_9610,MV_5702,1.8,Great movie!,2024-05-23 20:56:49
REV_2882,US_4260,MV_974,8.9,Great movie!,2025-06-18 17:26:34
REV_2883,US_677,MV_3237,2.8,Great movie!,2024-02-20 03:07:53
REV_2884,US_3831,MV_3688,7.9,Great movie!,2025-03-08 15:30:08
REV_2885,US_4922,MV_6681,2.3,Great movie!,2024-03-26 11:55:09
REV_2886,US_9358,MV_9478,2.0,Great movie!,2025-10-02 15:38:24
REV_2888,US_8928,MV_9095,3.4,Great movie!,2025-08-12 07:05:53
REV_2889,US_933,MV_8283,5.9,Could be better.,2024-01-07 08:10:16
REV_2890,US_1100,MV_7156,3.8,Great movie!,2024-11-20 09:59:21
REV_2891,US_3766,MV_1812,4.3,Could be better.,2024-09-30 04:36:59
REV_2892,US_9372,MV_1979,2.4,Great movie!,2024-05-03 18:27:56
REV_2893,US_6319,MV_7695,9.7,Great movie!,2024-10-14 02:00:19
REV_2894,US_4011,MV_5582,9.4,Great movie!,2025-06-25 02:13:05
REV_2895,US_4681,MV_4848,3.9,Great movie!,2025-06-28 02:08:01
REV_2896,US_3930,MV_8613,9.2,Great movie!,2025-08-01 05:27:40
REV_2897,US_2287,MV_2602,9.7,Could be better.,2024-12-08 04:39:33
REV_2898,US_2517,MV_5698,10.0,Great movie!,2024-04-01 15:55:28
REV_2900,US_4934,MV_8319,5.1,Great movie!,2025-11-26 17:34:53
REV_2901,US_412,MV_246,9.7,Could be better.,2024-03-25 15:13:32
REV_2902,US_3481,MV_6212,7.0,Could be better.,2024-09-04 06:35:38
REV_2903,US_5885,MV_461,1.3,Great movie!,2024-06-18 16:44:11
REV_2904,US_8605,MV_4173,7.0,Great movie!,2024-04-28 17:55:23
REV_2905,US_2994,MV_1915,6.6,Could be better.,2025-09-24 12:23:25
REV_2906,US_3789,MV_4919,4.0,Great movie!,2024-09-16 20:34:29
REV_2908,US_2250,MV_4372,2.1,Great movie!,2024-11-28 11:10:03
REV_2909,US_2715,MV_893,3.3,Great movie!,2024-08-27 06:33:54
REV_2910,US_1558,MV_6993,7.7,Could be better.,2024-01-13 16:50:16
REV_2911,US_4596,MV_1197,2.0,Could be better.,2024-04-21 07:57:07
REV_2913,US_8390,MV_1561,1.9,Great movie!,2024-05-19 08:32:35
REV_2914,US_2860,MV_7598,4.8,Great movie!,2024-03-27 07:42:09
REV_2915,US_3161,MV_2779,3.9,Could be better.,2025-01-01 17:02:17
REV_2916,US_7724,MV_6088,7.9,Great movie!,2025-02-11 20:40:08
REV_2917,US_4744,MV_1108,5.6,Could be better.,2025-08-14 05:39:24
REV_2918,US_1152,MV_357,2.6,Could be better.,2024-11-26 07:43:08
REV_2919,US_5276,MV_4449,3.7,Could be better.,2024-03-10 00:47:40
REV_2920,US_2313,MV_8238,2.7,Could be better.,2025-05-09 05:38:55
REV_2921,US_3999,MV_9642,3.0,Great movie!,2025-12-27 20:24:08
REV_2923,US_9319,MV_8437,3.5,Could be better.,2024-09-12 18:54:24
REV_2924,US_8891,MV_6104,5.9,Could be better.,2024-08-07 14:02:27
REV_2926,US_6536,MV_8662,9.2,Great movie!,2025-12-04 16:13:36
REV_2927,US_3014,MV_9393,5.1,Could be better.,2024-07-05 17:23:54
REV_2928,US_718,MV_5580,2.3,Great movie!,2024-08-16 03:48:50
REV_2929,US_4037,MV_6144,9.9,Could be better.,2025-08-02 16:03:18
REV_2930,US_3258,MV_4880,7.1,Great movie!,2025-06-28 08:53:14
REV_2931,US_9138,MV_4998,5.7,Could be better.,2025-03-15 01:48:46
REV_2932,US_355,MV_4446,7.0,Great movie!,2024-09-23 11:15:37
REV_2933,US_2781,MV_5887,8.6,Could be better.,2025-08-09 18:23:15
REV_2934,US_388,MV_2274,5.5,Could be better.,2024-04-20 22:01:17
REV_2935,US_5491,MV_8324,5.4,Great movie!,2025-09-18 14:03:41
REV_2936,US_922,MV_5906,1.7,Could be better.,2024-11-23 14:02:38
REV_2937,US_3313,MV_959,1.4,Could be better.,2025-10-20 09:28:57
REV_2938,US_2680,MV_2223,9.0,Great movie!,2024-06-10 07:23:07
REV_2939,US_6210,MV_781,7.4,Great movie!,2025-03-13 15:19:53
REV_2940,US_6031,MV_2513,6.2,Could be better.,2025-04-23 14:06:15
REV_2941,US_7781,MV_7064,9.6,Could be better.,2024-02-26 09:29:53
REV_2942,US_6624,MV_1584,5.7,Could be better.,2025-09-13 05:44:14
REV_2943,US_176,MV_8224,5.5,Could be better.,2024-12-27 13:11:16
REV_2944,US_863,MV_3519,7.9,Great movie!,2024-12-22 04:09:00
REV_2945,US_4610,MV_2303,9.5,Great movie!,2024-06-08 05:31:51
REV_2946,US_1103,MV_8625,7.8,Could be better.,2025-01-17 01:59:07
REV_2947,US_5597,MV_4410,6.8,Great movie!,2024-07-10 15:30:32
REV_2948,US_5893,MV_1922,4.4,Great movie!,2025-10-12 15:58:56
REV_2949,US_314,MV_6878,4.8,Great movie!,2025-12-16 05:55:29
REV_2950,US_6722,MV_5806,2.2,Great movie!,2024-05-18 23:05:40
REV_2951,US_6734,MV_7240,4.9,Great movie!,2024-02-15 00:27:19
REV_2952,US_6431,MV_1692,3.2,Could be better.,2025-03-05 20:08:28
REV_2953,US_3901,MV_556,5.0,Could be better.,2024-01-06 08:04:16
REV_2954,US_9998,MV_6792,9.6,Could be better.,2025-02-22 18:04:20
REV_2955,US_6185,MV_1738,6.2,Could be better.,2024-01-18 13:01:02
REV_2956,US_7845,MV_3870,7.6,Great movie!,2024-03-25 10:17:57
REV_2957,US_4748,MV_910,3.3,Great movie!,2025-12-15 20:45:52
REV_2958,US_4970,MV_8825,9.8,Great movie!,2025-11-16 19:28:27
REV_2959,US_7131,MV_8447,3.0,Great movie!,2024-06-17 10:51:35
REV_2960,US_2677,MV_8915,8.1,Great movie!,2025-05-26 12:27:36
REV_2961,US_5932,MV_4933,7.2,Great movie!,2025-06-20 03:17:13
REV_2962,US_4016,MV_6093,5.1,Could be better.,2025-09-12 18:19:31
REV_2963,US_7160,MV_7257,8.0,Great movie!,2024-09-13 01:22:51
REV_2964,US_9125,MV_1359,8.1,Could be better.,2025-03-28 21:20:07
REV_2965,US_805,MV_96,2.6,Great movie!,2024-01-01 23:04:52
REV_2966,US_1436,MV_1274,1.1,Could be better.,2025-01-23 21:13:45
REV_2967,US_4623,MV_8556,2.6,Could be better.,2025-05-29 04:22:21
REV_2968,US_2889,MV_4793,2.8,Could be better.,2025-11-28 00:41:10
REV_2969,US_3134,MV_3964,5.7,Great movie!,2024-10-24 18:19:38
REV_2970,US_8564,MV_2289,3.9,Great movie!,2025-03-16 15:52:33
REV_2971,US_1000,MV_563,5.5,Great movie!,2024-08-28 10:25:52
REV_2972,US_4894,MV_704,8.6,Great movie!,2025-10-28 06:05:34
REV_2973,US_9422,MV_6907,7.3,Could be better.,2024-12-09 13:50:02
REV_2975,US_8509,MV_3575,4.0,Could be better.,2025-03-30 06:00:23
REV_2976,US_8860,MV_7553,1.8,Great movie!,2025-02-06 20:21:31
REV_2977,US_8482,MV_4310,1.9,Could be better.,2025-12-17 07:09:42
REV_2978,US_9738,MV_283,2.1,Could be better.,2025-07-18 12:34:35
REV_2979,US_8003,MV_1713,3.9,Could be better.,2024-03-11 18:26:30
REV_2980,US_7039,MV_4758,9.0,Great movie!,2025-03-04 15:29:49
REV_2981,US_4688,MV_4309,4.0,Could be better.,2024-10-13 17:11:25
REV_2982,US_4995,MV_2197,4.8,Could be better.,2025-07-06 10:02:48
REV_2983,US_8068,MV_1442,4.0,Could be better.,2024-08-18 12:50:34
REV_2984,US_7547,MV_1087,5.1,Could be better.,2024-09-21 21:24:03
REV_2985,US_8118,MV_4314,5.2,Great movie!,2025-12-11 20:43:54
REV_2986,US_3204,MV_1392,5.8,Could be better.,2024-10-04 21:29:18
REV_2987,US_9525,MV_7518,9.6,Great movie!,2025-08-15 12:31:49
REV_2988,US_1362,MV_3289,6.9,Could be better.,2025-11-14 23:13:39
REV_2989,US_7367,MV_2753,2.4,Could be better.,2024-09-08 23:35:12
REV_2990,US_2552,MV_2024,8.8,Great movie!,2025-09-24 05:36:25
REV_2991,US_821,MV_2259,8.2,Could be better.,2024-04-22 11:27:11
REV_2992,US_7057,MV_7759,7.3,Could be better.,2025-06-03 18:32:57
REV_2993,US_9193,MV_7847,3.5,Could be better.,2025-02-22 04:56:25
REV_2994,US_655,MV_2322,1.7,Great movie!,2025-02-18 07:06:47
REV_2995,US_5664,MV_5199,8.8,Could be better.,2025-03-23 02:03:46
REV_2996,US_8656,MV_9574,3.3,Great movie!,2025-06-29 16:20:28
REV_2997,US_8792,MV_4141,4.4,Great movie!,2024-04-26 12:16:16
REV_2998,US_2631,MV_6829,7.3,Great movie!,2024-03-30 20:09:25
REV_2999,US_8955,MV_9651,2.6,Great movie!,2024-03-23 08:51:40
REV_3000,US_4102,MV_4540,5.2,Could be better.,2025-03-20 05:57:18
REV_3001,US_2823,MV_6335,1.4,Great movie!,2024-07-17 04:35:38
REV_3002,US_3040,MV_271,9.1,Great movie!,2024-08-06 03:49:35
REV_3004,US_2232,MV_3829,7.4,Great movie!,2024-04-19 06:55:27
REV_3005,US_9826,MV_4758,9.5,Could be better.,2024-06-24 06:02:04
REV_3006,US_5347,MV_9308,3.1,Great movie!,2024-05-01 02:47:52
REV_3007,US_8893,MV_6970,3.4,Could be better.,2024-09-09 12:05:13
REV_3008,US_3788,MV_114,1.4,Could be better.,2025-09-11 22:57:01
REV_3009,US_6100,MV_6644,6.3,Great movie!,2025-10-08 22:09:34
REV_3010,US_8747,MV_7794,2.0,Great movie!,2025-12-09 00:12:40
REV_3011,US_1732,MV_7411,4.8,Could be better.,2024-05-20 02:35:40
REV_3012,US_1910,MV_419,2.8,Great movie!,2025-02-14 11:18:48
REV_3013,US_546,MV_9886,5.3,Could be better.,2024-05-21 13:37:03
REV_3014,US_2950,MV_5803,6.8,Could be better.,2025-09-26 01:10:54
REV_3015,US_6815,MV_7202,8.0,Could be better.,2025-04-29 09:19:17
REV_3016,US_2888,MV_9333,9.4,Could be better.,2025-05-17 23:17:58
REV_3017,US_9911,MV_4953,2.6,Great movie!,2025-03-11 15:04:26
REV_3018,US_2925,MV_7809,2.1,Could be better.,2025-09-22 15:44:14
REV_3019,US_9725,MV_7635,5.3,Great movie!,2024-05-06 11:32:57
REV_3020,US_6902,MV_1648,4.9,Great movie!,2024-05-22 09:29:36
REV_3021,US_5395,MV_7993,2.4,Could be better.,2025-02-04 01:02:52
REV_3022,US_272,MV_5187,4.3,Great movie!,2024-09-09 23:22:16
REV_3023,US_6440,MV_5772,7.2,Great movie!,2024-11-24 05:44:23
REV_3025,US_8066,MV_9814,9.0,Great movie!,2025-10-25 07:48:20
REV_3026,US_463,MV_9631,8.0,Great movie!,2024-01-04 08:28:50
REV_3027,US_5763,MV_758,5.2,Could be better.,2024-08-22 04:12:56
REV_3028,US_9422,MV_2439,8.6,Could be better.,2024-10-31 19:09:15
REV_3029,US_8482,MV_3835,9.1,Great movie!,2025-09-18 06:59:29
REV_3032,US_8888,MV_3760,1.3,Great movie!,2024-03-11 16:35:01
REV_3033,US_7185,MV_5487,7.2,Could be better.,2025-10-24 22:12:30
REV_3034,US_5351,MV_4288,5.2,Great movie!,2024-01-02 08:36:41
REV_3035,US_2850,MV_9036,1.1,Great movie!,2024-08-07 10:03:26
REV_3036,US_3974,MV_970,6.8,Great movie!,2025-07-18 21:07:19
REV_3037,US_8992,MV_6383,9.3,Great movie!,2025-11-27 03:38:26
REV_3039,US_2401,MV_106,6.3,Great movie!,2024-10-24 00:15:49
REV_3040,US_102,MV_734,8.3,Could be better.,2025-09-05 18:22:43
REV_3041,US_9288,MV_4142,7.6,Great movie!,2025-02-23 13:59:44
REV_3042,US_5311,MV_4902,5.8,Could be better.,2024-04-08 02:24:27
REV_3043,US_4859,MV_4753,4.0,Could be better.,2025-01-11 06:30:30
REV_3044,US_6176,MV_6711,1.1,Great movie!,2024-03-21 23:01:25
REV_3045,US_3685,MV_5007,9.2,Great movie!,2024-10-15 02:22:14
REV_3046,US_224,MV_9513,2.5,Great movie!,2024-11-16 07:25:45
REV_3047,US_4181,MV_7316,3.7,Could be better.,2025-04-16 23:17:51
REV_3048,US_9844,MV_558,2.3,Great movie!,2024-01-15 17:08:58
REV_3049,US_5498,MV_1796,7.8,Could be better.,2024-08-28 15:16:34
REV_3050,US_1023,MV_7710,2.8,Great movie!,2025-11-12 07:17:18
REV_3051,US_632,MV_2640,8.4,Great movie!,2024-01-13 11:19:24
REV_3052,US_4967,MV_2879,8.8,Great movie!,2025-12-02 08:17:43
REV_3053,US_5281,MV_2582,7.5,Great movie!,2024-12-01 07:10:15
REV_3054,US_8512,MV_2459,7.8,Could be better.,2025-09-21 13:42:03
REV_3055,US_2310,MV_7680,7.0,Could be better.,2024-03-31 22:34:44
REV_3056,US_923,MV_1391,8.6,Great movie!,2024-12-18 12:41:25
REV_3057,US_3927,MV_5720,6.3,Great movie!,2024-07-25 19:17:54
REV_3058,US_9042,MV_2751,7.4,Could be better.,2024-04-10 05:54:05
REV_3059,US_575,MV_3203,7.8,Could be better.,2025-04-17 07:12:41
REV_3060,US_4427,MV_6065,6.2,Could be better.,2025-08-21 03:08:09
REV_3061,US_7759,MV_7241,5.4,Great movie!,2024-07-30 11:42:23
REV_3062,US_6077,MV_1070,5.9,Could be better.,2025-09-08 16:07:03
REV_3063,US_2855,MV_1031,6.1,Could be better.,2024-11-20 19:13:40
REV_3064,US_8718,MV_7679,3.9,Great movie!,2024-02-06 13:55:43
REV_3065,US_6936,MV_3683,6.3,Great movie!,2024-12-13 09:58:47
REV_3066,US_6631,MV_6432,9.4,Could be better.,2025-02-20 04:27:20
REV_3067,US_9365,MV_4262,6.5,Great movie!,2025-10-06 23:02:35
REV_3068,US_8093,MV_5653,3.9,Could be better.,2025-07-27 03:58:28
REV_3069,US_4984,MV_853,2.2,Great movie!,2024-03-26 05:28:34
REV_3070,US_8317,MV_7372,7.5,Could be better.,2024-10-23 15:07:21
REV_3071,US_8836,MV_6212,4.2,Great movie!,2024-01-14 06:42:08
REV_3073,US_3414,MV_7334,7.3,Great movie!,2024-12-13 21:35:38
REV_3074,US_337,MV_2013,8.4,Great movie!,2025-04-22 12:36:35
REV_3075,US_7497,MV_2603,5.3,Great movie!,2024-06-01 11:26:35
REV_3076,US_1549,MV_8557,2.8,Could be better.,2025-02-17 09:16:17
REV_3077,US_1186,MV_4563,1.7,Could be better.,2024-12-07 13:58:11
REV_3078,US_5703,MV_2575,7.9,Great movie!,2025-04-09 03:25:11
REV_3079,US_3807,MV_6013,3.1,Could be better.,2025-04-01 13:32:40
REV_3080,US_7061,MV_2374,6.8,Great movie!,2025-11-04 11:48:35
REV_3081,US_424,MV_1636,8.7,Great movie!,2024-05-25 16:26:05
REV_3082,US_6632,MV_8310,2.8,Great movie!,2025-06-19 00:08:23
REV_3083,US_4595,MV_5953,1.9,Could be better.,2024-10-16 14:17:44
REV_3084,US_2056,MV_4811,5.9,Great movie!,2025-04-27 10:01:02
REV_3086,US_2659,MV_9648,8.6,Great movie!,2025-11-15 12:59:39
REV_3088,US_8602,MV_6992,7.4,Could be better.,2024-12-20 10:30:04
REV_3089,US_9081,MV_7035,7.4,Great movie!,2024-10-21 11:28:27
REV_3090,US_1208,MV_9133,5.2,Could be better.,2025-12-16 14:35:02
REV_3091,US_8876,MV_2330,4.6,Could be better.,2025-09-19 22:30:25
REV_3092,US_8057,MV_6235,5.8,Could be better.,2024-11-17 11:39:11
REV_3093,US_4511,MV_7381,3.9,Could be better.,2025-09-30 12:04:38
REV_3094,US_1430,MV_8540,1.0,Great movie!,2025-09-03 17:08:22
REV_3095,US_4807,MV_3328,6.9,Could be better.,2025-11-05 22:59:41
REV_3096,US_1007,MV_4553,4.4,Great movie!,2025-02-28 13:58:23
REV_3097,US_5204,MV_1141,2.4,Great movie!,2025-09-23 11:10:36
REV_3098,US_8188,MV_6792,4.6,Great movie!,2024-11-20 00:45:43
REV_3099,US_3383,MV_6254,2.2,Great movie!,2024-02-25 00:53:43
REV_3100,US_512,MV_4454,3.1,Could be better.,2025-04-22 07:24:18
REV_3101,US_4726,MV_4005,8.1,Could be better.,2025-11-08 05:10:09
REV_3102,US_2753,MV_6663,7.4,Could be better.,2024-04-23 21:12:03
REV_3103,US_3756,MV_2075,7.4,Great movie!,2025-12-20 10:02:24
REV_3104,US_4056,MV_8961,7.8,Could be better.,2025-01-29 08:59:18
REV_3105,US_6621,MV_2279,7.3,Could be better.,2024-03-26 14:31:08
REV_3106,US_1579,MV_4180,3.0,Great movie!,2025-04-16 19:22:01
REV_3107,US_3657,MV_6505,4.2,Great movie!,2024-07-13 23:27:19
REV_3108,US_5266,MV_2968,4.9,Great movie!,2025-01-02 20:54:34
REV_3109,US_3711,MV_5706,2.6,Could be better.,2025-12-01 09:14:04
REV_3110,US_3018,MV_788,2.5,Could be better.,2024-04-24 20:23:49
REV_3111,US_2960,MV_4484,7.7,Could be better.,2024-05-07 06:53:42
REV_3112,US_6915,MV_8379,5.5,Great movie!,2024-03-22 14:33:47
REV_3113,US_3574,MV_2834,5.3,Great movie!,2024-06-17 08:01:19
REV_3114,US_1109,MV_8555,8.3,Great movie!,2024-01-08 03:48:40
REV_3115,US_9740,MV_2596,6.0,Great movie!,2025-05-15 10:08:23
REV_3117,US_8623,MV_1043,7.5,Could be better.,2024-05-04 01:21:40
REV_3118,US_2227,MV_3926,2.9,Could be better.,2024-03-27 13:37:55
REV_3119,US_4008,MV_5895,2.1,Great movie!,2025-12-21 09:49:30
REV_3120,US_6418,MV_6510,1.3,Could be better.,2024-03-21 01:54:21
REV_3121,US_5790,MV_4456,7.2,Great movie!,2024-07-07 15:13:35
REV_3122,US_1444,MV_1710,1.9,Great movie!,2024-01-28 20:36:27
REV_3123,US_1053,MV_7793,8.3,Great movie!,2025-05-13 14:12:52
REV_3124,US_4508,MV_7065,7.1,Could be better.,2024-01-26 02:23:36
REV_3125,US_4793,MV_1596,8.0,Great movie!,2025-08-03 06:11:08
REV_3126,US_4424,MV_2656,6.8,Great movie!,2024-04-03 18:21:15
REV_3127,US_5386,MV_8321,5.7,Great movie!,2025-08-04 19:37:31
REV_3128,US_914,MV_1115,8.7,Great movie!,2025-11-15 21:18:35
REV_3129,US_5567,MV_9353,9.4,Great movie!,2024-10-19 04:26:23
REV_3130,US_1352,MV_4912,3.5,Great movie!,2025-05-01 22:39:27
REV_3131,US_2954,MV_6868,8.5,Great movie!,2025-05-08 13:05:49
REV_3132,US_8267,MV_5207,4.7,Great movie!,2024-03-02 05:27:37
REV_3133,US_3153,MV_931,7.5,Great movie!,2024-07-26 04:39:55
REV_3135,US_4271,MV_8357,1.9,Could be better.,2025-01-03 20:14:11
REV_3136,US_5643,MV_6513,3.1,Great movie!,2024-07-12 07:38:41
REV_3137,US_5294,MV_69,5.3,Great movie!,2025-06-22 17:37:58
REV_3138,US_2328,MV_9824,9.1,Great movie!,2024-07-02 11:49:29
REV_3139,US_8550,MV_7927,9.6,Great movie!,2024-12-17 23:22:55
REV_3140,US_3604,MV_138,8.5,Great movie!,2025-05-25 00:47:02
REV_3141,US_3560,MV_3021,4.7,Could be better.,2025-05-18 18:08:23
REV_3142,US_9443,MV_8731,7.7,Great movie!,2024-04-24 17:51:17
REV_3144,US_1760,MV_923,4.5,Great movie!,2024-04-10 03:51:26
REV_3145,US_785,MV_3597,2.9,Could be better.,2025-04-16 09:08:11
REV_3146,US_9914,MV_7869,8.6,Could be better.,2025-07-18 02:38:11
REV_3148,US_1133,MV_4625,7.4,Could be better.,2024-11-13 16:09:23
REV_3149,US_5571,MV_645,7.5,Could be better.,2025-04-09 08:20:28
REV_3150,US_1891,MV_2126,6.6,Great movie!,2025-10-26 21:17:49
REV_3151,US_4528,MV_4527,1.4,Could be better.,2024-08-18 04:58:22
REV_3153,US_458,MV_8029,3.6,Could be better.,2024-06-22 13:33:48
REV_3154,US_6583,MV_5901,8.4,Great movie!,2025-08-03 23:38:37
REV_3155,US_9509,MV_3097,7.2,Great movie!,2025-07-15 23:23:50
REV_3156,US_3924,MV_4314,1.3,Could be better.,2024-11-30 10:55:22
REV_3157,US_1635,MV_6681,2.7,Could be better.,2024-07-26 02:52:36
REV_3158,US_4279,MV_1502,8.8,Could be better.,2025-04-14 00:35:35
REV_3159,US_5374,MV_9803,2.7,Great movie!,2025-10-29 15:55:40
REV_3160,US_3137,MV_5227,1.3,Great movie!,2025-12-02 06:29:46
REV_3161,US_6279,MV_7041,1.1,Great movie!,2024-03-08 14:23:32
REV_3162,US_7596,MV_9521,4.9,Could be better.,2024-07-01 19:51:36
REV_3164,US_6534,MV_697,2.0,Could be better.,2024-03-09 08:38:29
REV_3165,US_355,MV_6817,5.6,Could be better.,2025-08-07 10:52:56
REV_3167,US_4295,MV_6433,7.6,Great movie!,2024-09-08 21:00:04
REV_3168,US_7935,MV_2092,7.9,Could be better.,2024-02-21 02:48:49
REV_3169,US_8987,MV_6971,3.5,Could be better.,2024-07-14 23:57:20
REV_3170,US_4900,MV_1277,9.6,Could be better.,2025-12-15 19:39:21
REV_3171,US_4591,MV_3358,2.6,Could be better.,2024-07-22 07:18:21
REV_3172,US_7118,MV_8104,9.4,Great movie!,2025-08-24 18:52:16
REV_3173,US_3860,MV_4816,3.1,Great movie!,2024-08-11 05:22:07
REV_3174,US_9840,MV_6544,1.6,Could be better.,2025-09-16 08:09:14
REV_3175,US_7651,MV_6059,3.1,Could be better.,2024-04-11 17:08:35
REV_3176,US_9805,MV_1630,6.9,Great movie!,2025-03-13 05:37:57
REV_3177,US_3902,MV_7530,5.9,Could be better.,2024-08-22 14:11:22
REV_3178,US_38,MV_6262,9.1,Great movie!,2025-12-20 01:45:46
REV_3180,US_5139,MV_3179,2.6,Great movie!,2024-07-09 10:21:34
REV_3181,US_4673,MV_4090,5.5,Could be better.,2025-04-01 11:42:33
REV_3182,US_1041,MV_3824,6.0,Great movie!,2024-09-02 03:15:28
REV_3183,US_7813,MV_8232,8.7,Great movie!,2024-10-21 03:04:33
REV_3184,US_5278,MV_6850,7.4,Could be better.,2024-04-06 00:49:08
REV_3185,US_2823,MV_4662,6.0,Great movie!,2024-03-09 19:09:36
REV_3186,US_6117,MV_9087,4.3,Great movie!,2024-09-28 21:47:57
REV_3187,US_186,MV_4191,2.0,Great movie!,2025-06-07 18:21:33
REV_3188,US_6001,MV_8722,9.5,Great movie!,2025-09-29 22:34:32
REV_3189,US_5773,MV_5928,6.6,Great movie!,2024-02-11 16:14:06
REV_3190,US_7016,MV_27,6.7,Great movie!,2024-03-20 00:57:52
REV_3191,US_2984,MV_3947,6.0,Could be better.,2025-02-28 16:27:03
REV_3192,US_4240,MV_7441,3.4,Great movie!,2024-08-18 11:44:58
REV_3193,US_6366,MV_9239,8.1,Could be better.,2024-09-05 06:03:28
REV_3195,US_8008,MV_8037,9.7,Great movie!,2024-06-16 18:11:04
REV_3196,US_4816,MV_1017,4.3,Could be better.,2024-12-31 11:08:50
REV_3197,US_4254,MV_336,5.5,Could be better.,2024-04-22 16:28:31
REV_3198,US_251,MV_8880,2.0,Great movie!,2025-05-21 13:21:07
REV_3199,US_5811,MV_8172,6.4,Great movie!,2024-03-02 12:58:47
REV_3200,US_1452,MV_8376,9.2,Could be better.,2024-04-02 14:48:22
REV_3201,US_1994,MV_8784,4.8,Great movie!,2025-04-30 19:26:40
REV_3202,US_1660,MV_3934,6.0,Could be better.,2025-06-17 11:32:31
REV_3203,US_9294,MV_9234,2.3,Great movie!,2025-10-16 01:54:18
REV_3204,US_1408,MV_7887,3.9,Great movie!,2024-03-22 14:43:34
REV_3205,US_3919,MV_4286,3.4,Could be better.,2025-03-05 19:30:27
REV_3206,US_4772,MV_6118,9.8,Could be better.,2024-04-27 17:56:49
REV_3207,US_3925,MV_4064,2.3,Great movie!,2024-08-29 08:21:16
REV_3208,US_2133,MV_8660,3.5,Great movie!,2024-02-06 01:15:53
REV_3209,US_157,MV_2954,5.6,Could be better.,2025-12-23 02:15:54
REV_3210,US_718,MV_5666,4.6,Great movie!,2025-07-10 08:57:04
REV_3211,US_538,MV_6764,9.4,Could be better.,2025-07-28 15:12:25
REV_3212,US_6610,MV_1777,3.2,Great movie!,2025-08-09 17:31:05
REV_3213,US_7928,MV_6092,1.7,Could be better.,2024-11-29 23:02:47
REV_3214,US_4513,MV_3741,9.7,Great movie!,2024-05-02 20:45:02
REV_3215,US_7448,MV_4600,4.2,Great movie!,2025-02-04 20:13:51
REV_3216,US_3578,MV_6665,4.8,Could be better.,2024-07-25 17:01:09
REV_3217,US_6204,MV_6661,1.2,Could be better.,2025-04-09 01:36:32
REV_3218,US_5836,MV_8334,1.3,Great movie!,2024-02-18 20:18:20
REV_3219,US_1110,MV_1843,8.6,Could be better.,2024-08-28 17:26:37
REV_3220,US_5520,MV_1296,5.1,Great movie!,2024-02-23 13:54:58
REV_3221,US_7576,MV_3581,7.1,Great movie!,2024-01-11 00:12:00
REV_3222,US_6188,MV_150,3.1,Great movie!,2025-08-16 18:27:50
REV_3223,US_2959,MV_3113,6.1,Could be better.,2024-04-11 10:33:57
REV_3224,US_1515,MV_9844,1.6,Great movie!,2025-12-07 23:49:18
REV_3225,US_6977,MV_2049,9.7,Great movie!,2025-05-11 11:13:31
REV_3226,US_2670,MV_6409,9.1,Great movie!,2024-01-05 17:17:37
REV_3227,US_4290,MV_1221,6.2,Great movie!,2024-06-08 11:23:41
REV_3228,US_3965,MV_3254,8.0,Could be better.,2024-08-25 03:40:19
REV_3229,US_1969,MV_8507,7.2,Could be better.,2025-12-10 02:24:50
REV_3230,US_2974,MV_5353,6.4,Great movie!,2025-03-08 14:50:07
REV_3231,US_2984,MV_6421,4.7,Great movie!,2024-12-24 11:49:13
REV_3232,US_3572,MV_4441,1.7,Could be better.,2024-08-08 16:47:21
REV_3233,US_16,MV_7621,9.5,Could be better.,2024-10-17 00:59:56
REV_3234,US_1650,MV_9057,7.0,Could be better.,2024-10-23 00:28:51
REV_3235,US_746,MV_7588,6.5,Great movie!,2025-07-31 15:23:01
REV_3236,US_9861,MV_6282,2.0,Great movie!,2024-03-07 00:20:07
REV_3237,US_4934,MV_8267,7.5,Great movie!,2024-11-04 06:33:30
REV_3239,US_1825,MV_7917,6.4,Great movie!,2024-08-15 00:45:42
REV_3240,US_639,MV_3736,5.3,Great movie!,2024-12-26 18:47:50
REV_3241,US_6120,MV_4312,7.3,Could be better.,2025-12-18 07:26:09
REV_3242,US_1436,MV_6771,4.5,Great movie!,2025-02-27 02:17:31
REV_3243,US_6094,MV_4634,7.0,Great movie!,2025-08-22 20:24:48
REV_3244,US_3730,MV_5848,1.1,Great movie!,2025-05-02 11:14:59
REV_3245,US_9484,MV_5280,4.1,Great movie!,2025-09-02 03:53:48
REV_3246,US_8203,MV_4512,5.5,Great movie!,2025-06-10 05:26:26
REV_3247,US_1982,MV_7533,4.8,Could be better.,2025-04-18 12:12:25
REV_3248,US_5693,MV_95,4.1,Great movie!,2024-01-26 16:13:41
REV_3249,US_3632,MV_3674,9.4,Great movie!,2025-12-15 05:14:36
REV_3251,US_2013,MV_9081,8.4,Great movie!,2025-11-09 19:32:30
REV_3253,US_2122,MV_4203,1.7,Could be better.,2025-08-23 06:40:17
REV_3254,US_2362,MV_2356,2.4,Could be better.,2024-11-06 18:21:12
REV_3255,US_4843,MV_8018,9.9,Great movie!,2024-01-17 19:09:13
REV_3256,US_1363,MV_1857,3.8,Great movie!,2025-05-02 14:57:12
REV_3257,US_6043,MV_6697,9.7,Could be better.,2024-08-23 03:51:19
REV_3258,US_7933,MV_5265,9.4,Great movie!,2025-12-28 09:39:49
REV_3259,US_7202,MV_3022,3.9,Great movie!,2024-01-20 23:30:44
REV_3260,US_3737,MV_9197,9.3,Could be better.,2025-12-24 00:20:15
REV_3261,US_5284,MV_3488,9.3,Could be better.,2025-10-12 02:30:48
REV_3262,US_8070,MV_4648,3.0,Great movie!,2024-03-30 06:16:25
REV_3263,US_6493,MV_5176,4.3,Could be better.,2024-08-15 13:51:37
REV_3264,US_9833,MV_9558,1.1,Could be better.,2025-06-08 04:07:22
REV_3265,US_8386,MV_1215,1.7,Could be better.,2025-01-04 03:50:14
REV_3266,US_9526,MV_2415,2.0,Great movie!,2024-04-28 05:45:16
REV_3267,US_6044,MV_8229,1.8,Could be better.,2025-10-28 15:26:12
REV_3268,US_476,MV_5070,2.5,Could be better.,2024-08-10 12:25:14
REV_3269,US_3555,MV_1904,2.7,Great movie!,2025-09-12 08:26:24
REV_3270,US_9778,MV_2958,3.6,Could be better.,2024-04-26 20:12:23
REV_3271,US_9230,MV_9384,5.8,Could be better.,2025-01-11 19:28:04
REV_3272,US_11,MV_1380,6.5,Could be better.,2024-05-25 15:48:51
REV_3273,US_6153,MV_5959,8.4,Could be better.,2025-08-14 23:08:51
REV_3274,US_8135,MV_5154,2.3,Great movie!,2025-05-25 08:27:01
REV_3276,US_7848,MV_2607,6.5,Could be better.,2025-06-24 16:31:17
REV_3277,US_2154,MV_1494,1.9,Great movie!,2024-01-21 19:13:35
REV_3278,US_8817,MV_7261,5.7,Could be better.,2025-10-13 21:31:41
REV_3280,US_4417,MV_3991,9.9,Could be better.,2024-11-18 03:24:06
REV_3281,US_2605,MV_6977,7.7,Could be better.,2024-09-19 23:37:00
REV_3282,US_8448,MV_1005,9.2,Could be better.,2024-01-13 04:28:47
REV_3283,US_4840,MV_3416,4.7,Great movie!,2024-08-28 20:38:20
REV_3284,US_8496,MV_2629,5.1,Great movie!,2024-09-06 12:54:19
REV_3285,US_9670,MV_5691,3.0,Could be better.,2024-10-27 23:10:03
REV_3286,US_6134,MV_5325,4.8,Great movie!,2024-12-04 17:25:05
REV_3287,US_4619,MV_7975,9.0,Great movie!,2024-11-29 22:03:28
REV_3288,US_2331,MV_5315,2.6,Great movie!,2024-08-03 20:30:35
REV_3289,US_192,MV_304,1.7,Great movie!,2025-01-27 08:56:49
REV_3290,US_1050,MV_9084,7.3,Great movie!,2025-10-05 22:29:00
REV_3291,US_5433,MV_1531,2.7,Great movie!,2024-01-22 08:11:17
REV_3292,US_8650,MV_4320,5.8,Great movie!,2024-12-14 04:49:15
REV_3293,US_3231,MV_3197,8.0,Great movie!,2025-11-11 08:13:03
REV_3294,US_1407,MV_3727,9.3,Could be better.,2025-01-13 23:50:07
REV_3295,US_7706,MV_8858,9.6,Could be better.,2024-07-04 17:49:04
REV_3296,US_3531,MV_8098,8.6,Could be better.,2024-05-10 08:08:15
REV_3297,US_5601,MV_4547,5.2,Great movie!,2024-06-24 13:06:30
REV_3298,US_4419,MV_9320,6.3,Great movie!,2024-07-24 13:43:13
REV_3299,US_2622,MV_8448,4.3,Great movie!,2024-08-18 01:12:26
REV_3300,US_691,MV_2668,4.3,Great movie!,2024-08-10 19:09:42
REV_3301,US_3435,MV_7321,1.9,Great movie!,2025-12-21 06:56:33
REV_3302,US_8055,MV_6939,6.6,Great movie!,2025-05-02 10:39:45
REV_3303,US_1584,MV_2363,9.4,Could be better.,2024-04-04 06:14:58
REV_3304,US_9013,MV_8898,8.6,Could be better.,2024-05-22 18:38:09
REV_3305,US_3017,MV_5766,7.2,Could be better.,2024-08-28 19:31:20
REV_3306,US_20,MV_5925,7.8,Could be better.,2025-01-03 10:09:11
REV_3307,US_2130,MV_3958,6.8,Great movie!,2025-03-06 11:03:41
REV_3308,US_9780,MV_906,9.1,Great movie!,2025-05-17 11:59:46
REV_3309,US_4502,MV_9790,3.3,Great movie!,2024-06-02 00:55:14
REV_3311,US_122,MV_6345,4.1,Could be better.,2024-02-06 03:10:13
REV_3313,US_5586,MV_220,3.2,Great movie!,2025-01-17 00:20:44
REV_3314,US_9929,MV_5040,3.2,Great movie!,2025-06-21 13:52:57
REV_3315,US_4600,MV_2235,2.0,Could be better.,2024-06-24 16:31:32
REV_3316,US_3704,MV_471,3.5,Great movie!,2024-05-24 21:38:27
REV_3317,US_2034,MV_9292,2.2,Great movie!,2024-10-04 09:17:16
REV_3318,US_3495,MV_8368,9.3,Could be better.,2025-06-09 07:03:22
REV_3319,US_6236,MV_5208,2.0,Could be better.,2024-08-30 02:23:27
REV_3320,US_1782,MV_1238,8.6,Great movie!,2024-09-20 00:38:04
REV_3321,US_7376,MV_1096,5.6,Could be better.,2025-02-25 11:46:16
REV_3322,US_8473,MV_7243,6.1,Could be better.,2025-04-23 11:44:22
REV_3323,US_3793,MV_4282,1.3,Could be better.,2025-08-12 09:04:38
REV_3324,US_8029,MV_6559,9.4,Could be better.,2024-04-13 04:42:51
REV_3325,US_8886,MV_3318,1.6,Could be better.,2024-03-13 01:49:08
REV_3326,US_8443,MV_3050,9.0,Great movie!,2024-11-25 19:12:49
REV_3327,US_7253,MV_1507,4.5,Great movie!,2024-06-18 00:39:54
REV_3328,US_2375,MV_5667,7.0,Could be better.,2025-11-27 17:43:36
REV_3329,US_3601,MV_6349,4.1,Great movie!,2024-05-03 16:00:18
REV_3330,US_7933,MV_7511,8.6,Could be better.,2024-06-07 04:44:10
REV_3332,US_8049,MV_8032,7.0,Could be better.,2025-01-18 11:47:51
REV_3333,US_4942,MV_8571,6.1,Could be better.,2024-10-22 03:16:18
REV_3334,US_1943,MV_1588,2.3,Great movie!,2025-09-12 05:45:12
REV_3335,US_1366,MV_3268,4.0,Great movie!,2025-06-01 00:54:05
REV_3336,US_9943,MV_298,5.2,Great movie!,2024-03-21 05:07:41
REV_3337,US_3430,MV_6875,6.7,Great movie!,2025-09-05 07:55:29
REV_3338,US_8088,MV_9243,9.3,Great movie!,2025-07-11 02:03:49
REV_3339,US_6749,MV_3707,4.9,Could be better.,2025-01-27 22:53:07
REV_3340,US_1054,MV_3849,5.2,Great movie!,2024-12-03 07:34:40
REV_3341,US_6586,MV_92,4.7,Great movie!,2025-12-11 08:52:35
REV_3342,US_8245,MV_5841,5.0,Could be better.,2024-11-02 18:34:05
REV_3343,US_5869,MV_6977,5.0,Could be better.,2024-01-15 01:32:07
REV_3344,US_9575,MV_5664,3.9,Could be better.,2024-07-21 18:51:09
REV_3345,US_1199,MV_9403,8.3,Could be better.,2025-12-06 17:18:18
REV_3346,US_4066,MV_9830,9.4,Could be better.,2025-09-17 00:48:08
REV_3347,US_4469,MV_6578,8.3,Could be better.,2024-11-11 05:22:59
REV_3348,US_5389,MV_8633,3.2,Could be better.,2024-06-16 19:26:32
REV_3349,US_8125,MV_3718,3.8,Great movie!,2024-08-07 03:10:26
REV_3352,US_3220,MV_6676,9.6,Great movie!,2024-05-08 12:50:08
REV_3353,US_9694,MV_5926,2.4,Could be better.,2024-04-06 04:32:04
REV_3354,US_5959,MV_9564,8.9,Could be better.,2024-08-01 18:33:48
REV_3355,US_8632,MV_5259,4.5,Could be better.,2024-01-30 15:25:21
REV_3356,US_8242,MV_872,1.9,Could be better.,2024-03-28 16:11:01
REV_3357,US_6846,MV_5327,9.9,Could be better.,2025-05-13 09:30:35
REV_3358,US_6039,MV_4371,4.8,Could be better.,2025-10-16 11:48:59
REV_3359,US_3700,MV_9923,7.3,Great movie!,2025-10-21 18:03:22
REV_3360,US_4596,MV_9834,7.9,Could be better.,2024-09-05 23:04:35
REV_3362,US_4083,MV_6685,8.4,Could be better.,2024-08-04 20:56:56
REV_3363,US_340,MV_8889,2.5,Could be better.,2025-03-11 11:37:12
REV_3364,US_7129,MV_1511,8.1,Great movie!,2025-05-13 07:07:15
REV_3365,US_6734,MV_1094,3.0,Could be better.,2024-04-06 14:58:53
REV_3366,US_3669,MV_1509,6.1,Could be better.,2024-09-03 19:39:46
REV_3367,US_9634,MV_3287,3.5,Could be better.,2024-08-02 14:24:26
REV_3368,US_3294,MV_7351,3.2,Great movie!,2025-04-16 18:45:51
REV_3369,US_9349,MV_475,6.7,Great movie!,2024-06-10 19:56:42
REV_3370,US_6748,MV_6737,6.4,Great movie!,2024-06-24 04:04:29
REV_3371,US_6903,MV_5431,8.8,Could be better.,2024-11-23 06:53:50
REV_3372,US_272,MV_7923,9.9,Could be better.,2024-10-23 15:09:04
REV_3373,US_1759,MV_7563,3.4,Great movie!,2024-10-09 09:38:46
REV_3375,US_4261,MV_4619,6.2,Could be better.,2024-02-01 17:52:57
REV_3376,US_2530,MV_3519,4.9,Great movie!,2024-03-18 15:14:33
REV_3378,US_5554,MV_342,3.2,Great movie!,2025-10-30 16:06:11
REV_3379,US_3261,MV_6708,4.7,Could be better.,2025-08-26 22:35:13
REV_3380,US_2410,MV_9136,2.1,Could be better.,2024-10-11 12:40:27
REV_3381,US_2726,MV_5609,8.6,Could be better.,2025-06-06 13:33:50
REV_3382,US_6983,MV_3447,6.5,Could be better.,2024-12-03 00:30:01
REV_3384,US_9482,MV_9360,5.3,Could be better.,2024-05-12 16:09:23
REV_3385,US_6471,MV_1890,8.5,Great movie!,2024-05-22 16:44:21
REV_3386,US_6142,MV_859,3.0,Great movie!,2025-06-12 21:22:14
REV_3387,US_1268,MV_8857,1.2,Could be better.,2024-03-31 06:20:11
REV_3388,US_447,MV_4729,3.9,Could be better.,2024-01-14 15:38:40
REV_3389,US_7971,MV_151,4.2,Could be better.,2024-01-10 12:09:05
REV_3390,US_2293,MV_9191,1.0,Great movie!,2024-07-20 16:52:56
REV_3391,US_712,MV_4881,4.4,Great movie!,2024-04-26 11:02:50
REV_3392,US_1369,MV_9524,7.5,Great movie!,2024-07-31 02:16:02
REV_3393,US_4293,MV_6819,1.0,Great movie!,2025-02-10 23:17:06
REV_3394,US_5052,MV_8563,1.5,Could be better.,2025-09-22 08:53:35
REV_3395,US_7113,MV_8016,3.4,Could be better.,2024-10-04 18:23:36
REV_3396,US_4727,MV_1506,2.7,Great movie!,2024-11-27 11:17:08
REV_3397,US_7116,MV_1776,2.0,Could be better.,2025-05-24 21:13:52
REV_3398,US_3668,MV_1254,3.2,Great movie!,2025-11-01 17:04:55
REV_3399,US_8726,MV_2112,1.3,Great movie!,2024-02-26 16:04:33
REV_3400,US_9842,MV_6579,9.8,Great movie!,2025-10-25 21:31:08
REV_3401,US_870,MV_5373,1.8,Could be better.,2024-09-07 06:00:14
REV_3402,US_6064,MV_7965,2.7,Could be better.,2024-12-08 03:50:39
REV_3404,US_3156,MV_1628,1.7,Could be better.,2024-08-19 08:21:19
REV_3405,US_3438,MV_9594,7.0,Could be better.,2025-10-09 00:43:08
REV_3406,US_1307,MV_1496,9.2,Great movie!,2025-04-09 14:28:25
REV_3407,US_5481,MV_9628,9.7,Could be better.,2024-08-09 14:43:26
REV_3408,US_9491,MV_3527,9.8,Could be better.,2025-03-22 06:34:25
REV_3409,US_4460,MV_834,8.8,Great movie!,2024-06-03 18:27:04
REV_3411,US_2830,MV_4495,6.6,Great movie!,2024-03-08 02:52:57
REV_3412,US_8916,MV_2860,3.0,Great movie!,2025-11-18 11:22:57
REV_3413,US_8527,MV_9113,3.8,Could be better.,2025-02-07 21:09:46
REV_3414,US_3446,MV_8745,2.8,Could be better.,2025-03-11 15:14:39
REV_3415,US_1980,MV_8009,3.0,Could be better.,2025-03-15 06:09:42
REV_3416,US_5388,MV_6017,2.6,Could be better.,2025-06-27 06:20:45
REV_3417,US_789,MV_1236,8.1,Great movie!,2024-03-13 05:51:47
REV_3418,US_742,MV_7616,8.7,Could be better.,2024-02-29 06:28:04
REV_3419,US_1640,MV_3050,8.6,Could be better.,2025-03-30 15:00:02
REV_3420,US_7020,MV_3410,5.7,Great movie!,2024-10-23 22:43:45
REV_3421,US_9504,MV_2986,8.4,Could be better.,2025-04-04 00:40:22
REV_3422,US_2674,MV_2248,5.6,Could be better.,2025-11-13 07:47:02
REV_3423,US_2303,MV_5745,7.7,Great movie!,2025-01-17 11:19:55
REV_3424,US_1803,MV_3367,5.9,Could be better.,2025-12-05 09:07:51
REV_3425,US_4239,MV_8094,3.3,Great movie!,2024-08-08 23:06:16
REV_3426,US_9798,MV_7848,5.3,Could be better.,2025-11-22 06:52:25
REV_3427,US_2290,MV_3539,8.0,Great movie!,2024-03-20 02:20:06
REV_3428,US_6786,MV_5035,7.1,Great movie!,2024-03-16 04:24:06
REV_3429,US_9480,MV_927,7.2,Could be better.,2025-09-25 21:08:47
REV_3430,US_8954,MV_129,9.9,Could be better.,2024-08-15 03:17:07
REV_3431,US_9596,MV_7130,9.1,Could be better.,2025-05-28 15:30:23
REV_3432,US_6920,MV_2800,7.3,Great movie!,2025-09-17 21:05:41
REV_3433,US_8206,MV_34,9.2,Could be better.,2024-09-06 03:54:31
REV_3435,US_684,MV_5686,6.8,Great movie!,2024-07-08 22:41:04
REV_3436,US_8149,MV_4367,8.0,Could be better.,2024-07-15 05:14:29
REV_3437,US_9660,MV_2486,5.8,Could be better.,2025-05-25 08:21:45
REV_3438,US_2446,MV_9715,6.2,Great movie!,2025-02-10 02:53:37
REV_3439,US_8091,MV_7269,9.4,Great movie!,2025-01-12 20:22:38
REV_3440,US_1922,MV_9960,3.1,Could be better.,2024-11-20 03:53:33
REV_3441,US_1758,MV_5497,3.8,Could be better.,2024-09-28 09:40:37
REV_3442,US_8066,MV_1221,4.2,Could be better.,2025-10-13 16:48:02
REV_3443,US_3799,MV_5547,5.3,Could be better.,2025-12-19 00:08:30
REV_3444,US_1092,MV_8303,5.1,Great movie!,2025-11-21 21:14:34
REV_3445,US_3202,MV_4402,1.4,Great movie!,2024-04-11 18:30:41
REV_3447,US_9878,MV_4002,9.8,Great movie!,2025-02-21 19:43:40
REV_3448,US_4068,MV_8089,2.1,Great movie!,2024-09-16 13:29:54
REV_3449,US_6022,MV_958,4.3,Could be better.,2025-02-14 22:13:01
REV_3450,US_5894,MV_65,8.9,Could be better.,2025-10-05 03:46:22
REV_3451,US_4155,MV_6916,6.9,Could be better.,2024-03-28 23:04:07
REV_3452,US_3882,MV_1908,6.0,Could be better.,2024-08-11 17:05:09
REV_3453,US_5203,MV_4878,8.0,Could be better.,2025-07-30 03:12:10
REV_3454,US_9180,MV_9632,8.4,Great movie!,2024-05-19 08:18:39
REV_3455,US_1556,MV_739,1.6,Great movie!,2024-08-25 11:18:11
REV_3456,US_5178,MV_5062,1.4,Could be better.,2025-09-22 02:02:31
REV_3457,US_2227,MV_7207,4.3,Great movie!,2025-11-20 05:52:35
REV_3458,US_8110,MV_6328,9.0,Great movie!,2025-02-15 16:47:01
REV_3459,US_1064,MV_4341,5.0,Could be better.,2025-07-28 19:55:56
REV_3460,US_4026,MV_674,1.3,Could be better.,2025-04-11 00:02:05
REV_3461,US_3788,MV_2318,8.6,Could be better.,2025-12-21 11:19:53
REV_3463,US_3908,MV_472,3.9,Could be better.,2025-08-14 12:58:34
REV_3464,US_1165,MV_444,7.0,Great movie!,2024-03-21 04:38:51
REV_3465,US_6002,MV_626,2.2,Great movie!,2024-01-20 08:50:42
REV_3466,US_8974,MV_761,8.1,Great movie!,2025-03-14 06:54:55
REV_3467,US_2120,MV_4073,2.8,Great movie!,2024-10-12 21:05:47
REV_3468,US_6667,MV_8138,8.5,Great movie!,2024-03-25 04:12:43
REV_3469,US_5864,MV_1860,4.7,Great movie!,2024-11-22 02:52:07
REV_3470,US_9076,MV_6750,3.8,Could be better.,2025-03-27 07:06:10
REV_3471,US_8803,MV_7009,1.6,Could be better.,2024-08-24 23:48:24
REV_3472,US_7258,MV_1812,3.8,Could be better.,2025-11-15 19:24:10
REV_3473,US_560,MV_5820,3.3,Great movie!,2024-06-29 05:41:43
REV_3475,US_842,MV_9607,9.6,Great movie!,2025-04-05 19:21:30
REV_3476,US_7489,MV_7853,5.3,Great movie!,2025-11-02 12:46:33
REV_3477,US_8593,MV_1346,9.4,Could be better.,2024-01-17 00:44:42
REV_3478,US_9366,MV_8596,9.9,Great movie!,2024-03-02 14:00:08
REV_3479,US_2347,MV_9487,1.6,Could be better.,2025-08-04 12:14:48
REV_3480,US_6467,MV_9893,8.2,Could be better.,2024-10-27 10:49:28
REV_3481,US_206,MV_5534,7.7,Great movie!,2024-02-09 20:29:36
REV_3482,US_2230,MV_2165,9.8,Great movie!,2025-10-24 20:31:55
REV_3483,US_5707,MV_6169,7.7,Great movie!,2025-03-09 06:57:05
REV_3484,US_3686,MV_8612,10.0,Great movie!,2024-12-07 00:44:22
REV_3485,US_3495,MV_2938,6.7,Could be better.,2025-11-06 16:58:01
REV_3486,US_9465,MV_2770,3.2,Great movie!,2024-09-28 01:27:59
REV_3487,US_9162,MV_6586,3.5,Great movie!,2024-05-29 22:27:18
REV_3488,US_7269,MV_8379,5.0,Great movie!,2025-02-01 18:04:04
REV_3489,US_5706,MV_1638,8.7,Great movie!,2025-11-27 20:03:10
REV_3490,US_4688,MV_1889,1.6,Great movie!,2025-07-05 12:55:37
REV_3491,US_2238,MV_7634,5.4,Could be better.,2024-12-28 12:02:48
REV_3492,US_3769,MV_8236,3.4,Could be better.,2024-06-02 02:38:02
REV_3493,US_1834,MV_2455,10.0,Great movie!,2025-02-22 01:24:38
REV_3494,US_6671,MV_2758,9.2,Could be better.,2025-09-08 13:41:53
REV_3495,US_6826,MV_3663,4.7,Great movie!,2025-10-21 19:51:59
REV_3496,US_459,MV_9338,3.8,Could be better.,2024-04-15 05:33:10
REV_3497,US_5694,MV_338,4.8,Could be better.,2024-12-19 22:12:16
REV_3498,US_9159,MV_6012,1.4,Great movie!,2024-05-23 15:28:42
REV_3499,US_2620,MV_4677,6.5,Could be better.,2025-07-14 18:23:46
REV_3500,US_4994,MV_533,6.6,Could be better.,2025-09-22 00:26:58
REV_3501,US_4640,MV_1262,4.3,Could be better.,2025-08-14 03:46:59
REV_3502,US_5923,MV_9005,10.0,Great movie!,2024-02-27 09:31:28
REV_3503,US_3408,MV_210,6.8,Could be better.,2024-02-14 02:52:07
REV_3504,US_9986,MV_5427,4.7,Great movie!,2024-09-10 12:42:33
REV_3505,US_9244,MV_5959,5.5,Could be better.,2024-10-06 18:11:36
REV_3506,US_5229,MV_2329,4.5,Great movie!,2024-06-26 05:43:47
REV_3507,US_8914,MV_5633,4.7,Great movie!,2025-03-28 10:02:48
REV_3508,US_7420,MV_9510,2.5,Great movie!,2025-04-12 02:56:03
REV_3509,US_243,MV_5984,2.8,Great movie!,2024-03-31 15:32:30
REV_3510,US_859,MV_753,7.3,Could be better.,2024-11-28 23:07:16
REV_3512,US_2955,MV_1907,6.0,Could be better.,2025-06-27 00:44:20
REV_3514,US_5510,MV_5613,4.8,Could be better.,2025-04-28 23:30:38
REV_3515,US_1772,MV_845,4.7,Great movie!,2025-11-25 15:22:01
REV_3517,US_9534,MV_468,5.8,Great movie!,2025-09-17 15:52:58
REV_3518,US_7319,MV_2983,1.1,Could be better.,2025-06-06 11:01:09
REV_3519,US_4450,MV_7952,5.2,Great movie!,2024-05-07 22:21:29
REV_3520,US_7949,MV_3060,1.9,Could be better.,2024-02-19 10:46:36
REV_3521,US_5601,MV_2877,2.1,Great movie!,2025-04-04 05:03:33
REV_3522,US_7259,MV_9573,2.8,Could be better.,2025-02-25 19:14:14
REV_3523,US_2778,MV_2114,1.7,Great movie!,2025-08-21 06:28:45
REV_3524,US_4613,MV_5295,2.1,Could be better.,2024-09-14 18:36:50
REV_3525,US_1401,MV_4431,2.4,Great movie!,2024-01-25 13:23:35
REV_3526,US_2273,MV_7362,4.2,Could be better.,2025-08-08 22:57:52
REV_3527,US_7643,MV_6129,2.4,Great movie!,2024-08-02 07:02:11
REV_3528,US_6387,MV_8172,7.1,Great movie!,2025-06-17 11:49:14
REV_3529,US_9127,MV_5274,4.6,Great movie!,2025-07-12 09:41:36
REV_3530,US_4023,MV_5001,5.0,Could be better.,2024-08-13 22:34:33
REV_3531,US_1835,MV_5663,8.4,Great movie!,2025-05-08 09:50:36
REV_3532,US_5911,MV_7734,5.7,Could be better.,2025-08-08 11:08:05
REV_3533,US_4485,MV_990,3.7,Could be better.,2025-11-19 02:54:43
REV_3534,US_6015,MV_8815,8.1,Could be better.,2025-07-20 15:33:32
REV_3535,US_3495,MV_8078,5.7,Could be better.,2025-06-23 14:21:46
REV_3536,US_3277,MV_2267,4.7,Great movie!,2025-03-10 01:38:12
REV_3537,US_7967,MV_2149,3.3,Great movie!,2024-11-25 21:25:15
REV_3538,US_7904,MV_3261,9.9,Great movie!,2024-11-02 00:40:00
REV_3539,US_1434,MV_2495,8.4,Could be better.,2024-07-22 13:24:57
REV_3540,US_775,MV_6404,5.0,Could be better.,2024-05-25 15:45:14
REV_3541,US_2655,MV_5068,9.6,Could be better.,2024-02-23 09:20:30
REV_3542,US_2371,MV_1604,6.1,Great movie!,2025-12-25 17:39:31
REV_3543,US_8625,MV_4216,7.5,Great movie!,2024-07-12 08:13:12
REV_3544,US_28,MV_1652,3.3,Could be better.,2024-03-24 03:31:27
REV_3545,US_6674,MV_8221,3.5,Great movie!,2024-03-27 18:12:54
REV_3546,US_4825,MV_7255,2.6,Great movie!,2025-04-10 07:56:36
REV_3547,US_3729,MV_1769,9.0,Great movie!,2025-12-15 19:25:15
REV_3548,US_8223,MV_9082,4.5,Could be better.,2024-10-21 20:44:09
REV_3549,US_1284,MV_4427,2.0,Could be better.,2024-12-20 14:31:53
REV_3550,US_749,MV_7595,3.7,Great movie!,2024-06-15 05:52:14
REV_3551,US_8311,MV_9677,5.2,Could be better.,2025-02-28 14:05:19
REV_3552,US_3885,MV_9242,3.9,Could be better.,2024-07-10 00:13:11
REV_3553,US_3744,MV_3372,8.7,Great movie!,2024-10-27 05:09:13
REV_3554,US_1742,MV_9355,9.7,Great movie!,2024-08-19 08:27:26
REV_3555,US_2924,MV_8881,9.9,Great movie!,2025-05-07 14:18:13
REV_3556,US_4199,MV_4853,7.1,Could be better.,2025-08-20 19:51:14
REV_3557,US_5948,MV_8139,9.1,Great movie!,2024-07-24 08:26:13
REV_3558,US_5890,MV_984,6.4,Great movie!,2024-04-29 05:46:08
REV_3559,US_1384,MV_9205,7.0,Could be better.,2025-08-03 17:14:30
REV_3560,US_752,MV_6066,5.5,Great movie!,2025-12-24 20:24:53
REV_3561,US_2668,MV_343,8.8,Could be better.,2025-02-12 12:07:52
REV_3562,US_861,MV_6254,9.9,Could be better.,2024-09-25 02:48:29
REV_3563,US_2851,MV_9069,5.7,Great movie!,2024-11-29 22:28:04
REV_3564,US_7507,MV_1047,5.0,Could be better.,2024-11-06 04:17:46
REV_3566,US_5214,MV_432,9.2,Could be better.,2024-06-12 13:08:48
REV_3567,US_1602,MV_7109,5.6,Could be better.,2024-08-21 03:13:43
REV_3568,US_4209,MV_4662,9.5,Great movie!,2024-10-06 09:01:40
REV_3569,US_7018,MV_2697,6.6,Could be better.,2025-10-15 22:46:12
REV_3571,US_6867,MV_9606,1.4,Could be better.,2025-06-28 13:39:41
REV_3572,US_1730,MV_1745,3.7,Could be better.,2024-04-07 02:48:45
REV_3573,US_2437,MV_5111,9.6,Could be better.,2024-11-24 09:19:24
REV_3575,US_1694,MV_8199,1.8,Could be better.,2025-10-10 04:32:56
REV_3576,US_8125,MV_1099,2.9,Great movie!,2025-08-18 13:15:01
REV_3577,US_1184,MV_3753,5.6,Great movie!,2025-02-11 02:18:43
REV_3578,US_273,MV_1534,7.4,Could be better.,2024-11-17 03:14:31
REV_3579,US_6479,MV_1426,4.3,Could be better.,2024-03-12 10:14:31
REV_3580,US_297,MV_9644,7.9,Great movie!,2024-10-22 21:56:13
REV_3581,US_8384,MV_6047,2.9,Could be better.,2024-02-12 11:39:32
REV_3582,US_839,MV_2521,8.0,Great movie!,2025-12-19 05:13:14
REV_3583,US_6327,MV_4744,7.8,Great movie!,2024-07-20 14:10:41
REV_3584,US_8078,MV_3553,9.9,Great movie!,2025-10-13 13:44:30
REV_3585,US_2148,MV_154,1.0,Could be better.,2024-05-04 01:23:59
REV_3586,US_6430,MV_6745,1.9,Great movie!,2024-10-15 05:29:19
REV_3587,US_2191,MV_2563,9.2,Could be better.,2025-06-09 03:18:04
REV_3588,US_7596,MV_7022,9.7,Could be better.,2024-04-03 02:32:39
REV_3589,US_8922,MV_2891,5.5,Great movie!,2024-10-29 17:23:31
REV_3590,US_1585,MV_3045,9.9,Great movie!,2024-09-20 20:18:13
REV_3592,US_2047,MV_5561,8.5,Great movie!,2024-07-21 03:05:43
REV_3593,US_6682,MV_9967,7.9,Could be better.,2024-12-23 18:10:37
REV_3594,US_4511,MV_5880,3.4,Could be better.,2025-05-13 00:20:50
REV_3595,US_4749,MV_2115,4.6,Could be better.,2025-11-15 02:58:20
REV_3596,US_4831,MV_683,8.2,Great movie!,2025-04-01 06:55:44
REV_3597,US_1702,MV_7445,1.4,Could be better.,2024-12-21 15:08:00
REV_3598,US_2958,MV_5549,3.1,Could be better.,2024-06-29 11:04:40
REV_3599,US_7608,MV_3978,6.6,Great movie!,2025-04-13 16:21:45
REV_3600,US_409,MV_3759,5.6,Great movie!,2025-05-14 16:09:05
REV_3601,US_3351,MV_8291,3.4,Great movie!,2025-03-25 16:33:17
REV_3602,US_120,MV_6109,9.9,Could be better.,2024-07-23 21:55:44
REV_3603,US_4253,MV_6692,4.6,Great movie!,2024-06-27 11:12:44
REV_3604,US_441,MV_9080,1.9,Great movie!,2024-10-28 15:44:27
REV_3605,US_2190,MV_2304,8.5,Great movie!,2025-07-06 20:45:17
REV_3606,US_8268,MV_2679,1.5,Could be better.,2025-09-22 10:34:36
REV_3607,US_1504,MV_2880,5.4,Great movie!,2024-02-13 16:08:08
REV_3608,US_4111,MV_9106,9.6,Could be better.,2024-12-27 00:24:22
REV_3609,US_5645,MV_2543,8.2,Could be better.,2024-02-20 15:41:11
REV_3610,US_9034,MV_2260,9.8,Could be better.,2024-02-29 17:25:41
REV_3611,US_8898,MV_7879,3.6,Could be better.,2024-03-20 14:06:22
REV_3612,US_1989,MV_1022,1.3,Could be better.,2025-11-19 23:21:37
REV_3613,US_9575,MV_3587,1.2,Could be better.,2025-05-23 09:56:23
REV_3614,US_709,MV_1808,5.0,Great movie!,2025-06-22 20:58:42
REV_3615,US_3412,MV_4364,1.2,Great movie!,2025-10-19 06:16:23
REV_3616,US_3008,MV_6279,3.1,Great movie!,2025-12-28 17:48:51
REV_3617,US_1673,MV_6815,8.4,Great movie!,2024-12-27 16:41:35
REV_3618,US_4615,MV_6462,2.3,Could be better.,2024-01-15 17:18:53
REV_3619,US_1167,MV_9535,1.2,Great movie!,2024-05-19 18:17:27
REV_3620,US_4984,MV_1098,9.0,Could be better.,2025-01-20 07:10:26
REV_3621,US_3212,MV_6160,5.4,Could be better.,2025-03-14 23:47:16
REV_3622,US_2381,MV_6620,2.5,Could be better.,2025-02-01 19:03:40
REV_3623,US_470,MV_4133,4.3,Could be better.,2025-04-19 13:08:51
REV_3624,US_902,MV_3927,2.3,Could be better.,2025-06-03 10:32:54
REV_3626,US_8168,MV_5125,8.9,Great movie!,2025-04-08 13:55:40
REV_3627,US_3685,MV_5636,4.0,Could be better.,2025-02-24 19:38:59
REV_3628,US_5963,MV_3647,5.6,Great movie!,2024-09-07 21:16:57
REV_3629,US_8402,MV_3907,7.9,Great movie!,2025-07-30 13:36:53
REV_3630,US_2900,MV_7324,1.6,Great movie!,2025-08-05 23:00:06
REV_3632,US_2072,MV_3998,4.5,Could be better.,2024-08-18 08:05:18
REV_3634,US_8676,MV_6807,4.2,Could be better.,2025-02-24 02:48:23
REV_3635,US_3558,MV_2748,6.1,Could be better.,2024-03-12 14:51:06
REV_3636,US_3241,MV_5990,8.6,Great movie!,2025-02-16 10:39:47
REV_3637,US_3381,MV_5027,1.7,Could be better.,2025-07-06 07:00:04
REV_3638,US_6610,MV_8103,8.7,Great movie!,2024-01-18 20:18:20
REV_3639,US_3390,MV_8881,4.8,Great movie!,2025-04-16 07:05:49
REV_3640,US_9625,MV_3033,8.7,Could be better.,2024-09-23 08:48:44
REV_3641,US_904,MV_3225,5.6,Could be better.,2025-01-01 18:05:01
REV_3643,US_5581,MV_3010,6.5,Great movie!,2024-03-18 23:10:09
REV_3644,US_1589,MV_1347,6.6,Could be better.,2025-09-29 22:58:18
REV_3645,US_3582,MV_3743,4.1,Great movie!,2024-12-23 23:43:01
REV_3646,US_6516,MV_9373,6.0,Could be better.,2024-12-26 12:50:07
REV_3647,US_1969,MV_877,7.5,Great movie!,2025-12-25 20:19:40
REV_3648,US_4211,MV_8023,5.0,Great movie!,2024-12-17 05:27:18
REV_3649,US_8575,MV_4932,3.3,Great movie!,2024-11-13 03:22:13
REV_3650,US_5555,MV_708,4.4,Could be better.,2025-11-06 21:45:19
REV_3651,US_2473,MV_9832,2.7,Could be better.,2025-09-02 23:43:52
REV_3652,US_622,MV_1949,2.2,Could be better.,2025-06-24 09:16:47
REV_3653,US_8948,MV_3469,6.7,Could be better.,2025-07-08 22:01:57
REV_3654,US_3697,MV_5195,9.2,Great movie!,2024-03-21 21:56:54
REV_3655,US_477,MV_7546,10.0,Great movie!,2025-07-09 13:27:30
REV_3656,US_9274,MV_7703,2.8,Great movie!,2025-02-15 01:14:00
REV_3657,US_5037,MV_6572,5.2,Great movie!,2025-11-08 06:13:13
REV_3658,US_5651,MV_6482,7.7,Could be better.,2024-09-26 04:21:54
REV_3659,US_6352,MV_4361,4.6,Great movie!,2025-11-10 13:51:00
REV_3660,US_5018,MV_7735,6.8,Could be better.,2025-10-08 19:32:40
REV_3661,US_9856,MV_2912,6.8,Great movie!,2024-11-16 13:56:51
REV_3662,US_3391,MV_5712,9.2,Could be better.,2024-06-07 13:47:07
REV_3663,US_7538,MV_3863,3.5,Could be better.,2024-11-29 19:16:36
REV_3664,US_6617,MV_6916,6.3,Great movie!,2024-09-10 10:56:05
REV_3665,US_3252,MV_3136,9.0,Could be better.,2024-06-16 22:32:00
REV_3666,US_7760,MV_7876,3.3,Great movie!,2024-02-02 23:21:04
REV_3667,US_1947,MV_5428,3.9,Could be better.,2024-06-15 16:37:31
REV_3668,US_4019,MV_8849,5.3,Could be better.,2025-10-13 14:08:59
REV_3669,US_8881,MV_5598,1.6,Could be better.,2024-08-25 05:23:23
REV_3670,US_5090,MV_6408,7.9,Could be better.,2024-02-18 00:38:28
REV_3672,US_5778,MV_4161,7.8,Great movie!,2025-10-06 02:55:55
REV_3673,US_730,MV_4409,2.1,Could be better.,2025-04-06 21:54:06
REV_3674,US_9091,MV_4845,8.6,Great movie!,2024-09-28 05:39:20
REV_3675,US_1265,MV_7950,6.2,Great movie!,2025-01-03 21:41:38
REV_3676,US_6097,MV_4261,6.9,Great movie!,2025-06-13 06:54:35
REV_3677,US_2394,MV_5759,4.3,Could be better.,2024-11-30 11:47:07
REV_3678,US_2992,MV_2186,2.1,Could be better.,2025-08-28 06:26:11
REV_3679,US_8082,MV_4655,1.8,Could be better.,2024-09-17 22:30:42
REV_3680,US_4496,MV_1611,9.1,Great movie!,2025-01-22 04:35:48
REV_3682,US_7358,MV_411,9.8,Great movie!,2024-11-30 10:48:55
REV_3683,US_5376,MV_4573,5.9,Great movie!,2024-04-26 20:35:32
REV_3685,US_2195,MV_2712,8.4,Great movie!,2024-02-18 08:54:24
REV_3686,US_3926,MV_3880,2.2,Great movie!,2025-07-29 00:58:25
REV_3687,US_6236,MV_1364,5.0,Great movie!,2024-04-29 20:44:37
REV_3688,US_9841,MV_3793,1.3,Great movie!,2025-03-03 17:44:45
REV_3689,US_7210,MV_7689,2.7,Great movie!,2025-05-10 09:44:31
REV_3690,US_8520,MV_2256,4.1,Could be better.,2025-06-12 22:40:34
REV_3691,US_8962,MV_5134,2.0,Could be better.,2024-07-12 11:13:20
REV_3692,US_4604,MV_3082,1.4,Great movie!,2024-12-27 17:42:57
REV_3693,US_3332,MV_8228,5.1,Great movie!,2025-03-05 13:09:27
REV_3694,US_3721,MV_4143,7.5,Could be better.,2024-05-08 03:18:01
REV_3695,US_6735,MV_7664,1.7,Could be better.,2024-05-08 12:54:14
REV_3696,US_9410,MV_4635,5.3,Could be better.,2025-06-22 16:55:55
REV_3697,US_7498,MV_6172,2.0,Great movie!,2024-01-28 14:14:14
REV_3698,US_7284,MV_2254,4.9,Great movie!,2024-05-13 08:55:09
REV_3699,US_998,MV_4708,6.9,Great movie!,2024-03-14 13:26:02
REV_3700,US_7454,MV_3044,5.3,Great movie!,2024-05-17 11:45:03
REV_3701,US_7739,MV_9647,4.3,Could be better.,2025-02-06 19:29:45
REV_3702,US_9450,MV_600,5.4,Could be better.,2024-03-25 09:52:36
REV_3703,US_5251,MV_6243,5.8,Could be better.,2024-06-10 20:20:28
REV_3704,US_3866,MV_8289,3.9,Could be better.,2025-03-07 08:38:51
REV_3706,US_9067,MV_2906,1.9,Could be better.,2024-02-20 03:56:06
REV_3707,US_6307,MV_7008,4.9,Great movie!,2024-04-26 06:43:56
REV_3708,US_1558,MV_1801,2.6,Could be better.,2024-08-19 16:22:16
REV_3709,US_6763,MV_2001,8.2,Could be better.,2024-08-03 02:31:05
REV_3710,US_8501,MV_9355,9.8,Great movie!,2025-03-09 20:05:35
REV_3711,US_9973,MV_9505,7.3,Could be better.,2025-05-09 05:54:15
REV_3712,US_9362,MV_2838,8.5,Could be better.,2025-10-09 21:16:47
REV_3713,US_81,MV_4290,1.7,Could be better.,2024-07-12 05:32:21
REV_3714,US_8186,MV_7710,4.5,Great movie!,2025-08-31 05:45:30
REV_3715,US_9552,MV_6098,5.3,Could be better.,2024-07-21 10:21:42
REV_3716,US_7200,MV_4718,6.4,Great movie!,2024-07-21 13:44:11
REV_3717,US_4750,MV_6985,5.4,Great movie!,2024-09-24 06:17:36
REV_3718,US_6307,MV_7059,5.8,Great movie!,2025-12-07 04:41:27
REV_3719,US_9749,MV_3276,4.4,Great movie!,2025-07-26 16:43:21
REV_3720,US_5843,MV_315,4.4,Great movie!,2025-02-27 22:31:51
REV_3721,US_5568,MV_8332,5.2,Great movie!,2024-11-10 05:03:00
REV_3722,US_1202,MV_1406,7.1,Great movie!,2024-06-10 16:08:18
REV_3723,US_5578,MV_3754,3.0,Could be better.,2024-10-19 22:16:27
REV_3724,US_6915,MV_721,5.5,Could be better.,2025-02-26 12:51:52
REV_3725,US_4795,MV_5321,7.1,Could be better.,2024-08-26 22:08:28
REV_3726,US_4381,MV_8985,3.7,Great movie!,2025-10-17 05:04:53
REV_3727,US_1890,MV_4775,3.2,Great movie!,2024-12-02 07:10:31
REV_3728,US_907,MV_2207,2.1,Great movie!,2024-12-07 23:51:54
REV_3729,US_6342,MV_2041,4.8,Great movie!,2025-02-20 16:35:43
REV_3730,US_5828,MV_4187,9.4,Great movie!,2025-09-27 17:17:31
REV_3731,US_9860,MV_4638,8.7,Great movie!,2024-12-29 14:08:47
REV_3732,US_6217,MV_7035,9.6,Could be better.,2024-03-09 01:46:16
REV_3733,US_4357,MV_6020,1.8,Great movie!,2025-09-14 10:09:02
REV_3734,US_9488,MV_4976,3.6,Great movie!,2025-01-26 19:07:04
REV_3735,US_9521,MV_1970,8.2,Great movie!,2025-03-18 07:19:03
REV_3736,US_8749,MV_3746,2.7,Great movie!,2025-10-28 08:37:53
REV_3737,US_2278,MV_562,2.0,Great movie!,2024-01-30 11:42:29
REV_3738,US_2585,MV_4463,3.7,Great movie!,2024-08-11 06:45:00
REV_3739,US_8846,MV_9710,5.4,Could be better.,2024-12-30 00:45:45
REV_3740,US_8538,MV_8336,8.7,Could be better.,2025-04-04 06:52:37
REV_3741,US_376,MV_9124,3.9,Could be better.,2025-12-10 19:21:27
REV_3742,US_3107,MV_8029,4.1,Great movie!,2024-03-16 18:18:36
REV_3743,US_989,MV_3370,5.8,Great movie!,2025-06-15 22:23:12
REV_3744,US_741,MV_7800,5.0,Great movie!,2024-03-25 13:49:02
REV_3745,US_1243,MV_6767,2.2,Could be better.,2025-08-02 15:48:36
REV_3746,US_9846,MV_1237,7.4,Great movie!,2025-12-04 15:30:28
REV_3747,US_1,MV_4844,8.2,Could be better.,2025-09-15 07:03:58
REV_3748,US_9702,MV_7602,7.1,Could be better.,2024-02-02 22:57:56
REV_3749,US_360,MV_5441,7.7,Great movie!,2024-12-04 13:06:55
REV_3750,US_9597,MV_4068,2.2,Great movie!,2024-09-23 04:33:50
REV_3751,US_4556,MV_3481,4.0,Could be better.,2024-02-12 18:32:16
REV_3752,US_91,MV_861,1.7,Could be better.,2025-10-14 09:43:13
REV_3753,US_8235,MV_2288,8.4,Could be better.,2024-09-20 16:43:01
REV_3754,US_5506,MV_1999,5.8,Could be better.,2024-09-20 00:14:41
REV_3755,US_7376,MV_7329,4.7,Could be better.,2024-09-11 21:06:00
REV_3756,US_2256,MV_622,6.2,Could be better.,2024-08-06 12:42:38
REV_3757,US_8626,MV_7882,5.8,Great movie!,2025-09-18 19:05:19
REV_3758,US_6890,MV_8435,3.9,Could be better.,2024-02-25 01:49:02
REV_3759,US_7108,MV_6510,9.8,Great movie!,2024-05-09 05:02:14
REV_3760,US_2124,MV_6292,6.6,Could be better.,2024-02-14 18:04:55
REV_3761,US_9535,MV_8817,8.1,Great movie!,2025-01-27 07:58:53
REV_3762,US_2006,MV_1284,1.0,Great movie!,2024-06-03 02:56:36
REV_3763,US_4120,MV_505,1.1,Could be better.,2024-10-20 21:24:09
REV_3764,US_8711,MV_8468,7.8,Great movie!,2025-10-29 02:47:53
REV_3765,US_6326,MV_6180,9.7,Great movie!,2025-02-28 03:21:16
REV_3766,US_4453,MV_797,9.5,Great movie!,2025-08-23 19:52:31
REV_3767,US_3152,MV_293,4.6,Could be better.,2025-07-05 09:54:22
REV_3768,US_6773,MV_2927,6.7,Great movie!,2025-04-02 07:21:57
REV_3769,US_9687,MV_4537,7.6,Great movie!,2025-10-31 01:50:25
REV_3770,US_7519,MV_679,4.6,Could be better.,2024-08-13 04:59:34
REV_3772,US_9864,MV_1278,9.2,Could be better.,2025-05-27 01:36:05
REV_3773,US_3699,MV_5300,4.8,Great movie!,2024-12-16 07:05:11
REV_3775,US_1070,MV_5051,7.5,Could be better.,2025-03-15 03:44:29
REV_3776,US_4923,MV_2713,9.6,Great movie!,2025-05-05 06:37:02
REV_3777,US_1325,MV_9698,6.5,Could be better.,2024-08-30 11:39:53
REV_3778,US_1778,MV_9840,4.3,Could be better.,2024-03-10 14:56:00
REV_3780,US_9704,MV_9239,2.0,Great movie!,2025-05-08 04:38:16
REV_3781,US_3627,MV_9833,8.1,Great movie!,2025-09-19 04:00:31
REV_3782,US_3747,MV_5898,5.3,Great movie!,2025-10-31 07:36:13
REV_3783,US_2104,MV_3240,9.0,Great movie!,2024-04-15 13:12:40
REV_3785,US_6085,MV_3975,7.8,Great movie!,2025-09-11 14:56:07
REV_3786,US_3730,MV_8597,9.2,Could be better.,2024-12-17 09:29:35
REV_3787,US_5624,MV_8773,9.9,Great movie!,2025-04-25 00:12:37
REV_3788,US_1461,MV_2325,8.7,Great movie!,2024-10-10 18:02:43
REV_3789,US_245,MV_1057,2.9,Great movie!,2025-01-18 20:55:44
REV_3790,US_410,MV_4884,4.9,Great movie!,2025-08-03 05:51:14
REV_3791,US_2230,MV_5021,7.1,Great movie!,2025-09-05 11:49:06
REV_3792,US_1069,MV_343,4.6,Great movie!,2024-09-14 08:08:24
REV_3793,US_8880,MV_906,7.5,Could be better.,2024-09-03 14:53:47
REV_3795,US_8453,MV_8442,7.9,Could be better.,2024-06-05 02:53:46
REV_3796,US_7203,MV_1014,3.4,Great movie!,2024-05-19 06:24:38
REV_3797,US_1323,MV_2192,9.0,Great movie!,2024-04-01 07:01:46
REV_3798,US_6203,MV_8471,5.6,Great movie!,2025-04-16 17:04:55
REV_3799,US_1284,MV_5093,4.7,Great movie!,2024-12-06 13:54:17
REV_3800,US_1701,MV_9029,8.8,Great movie!,2024-07-28 02:06:14
REV_3801,US_5105,MV_6320,2.6,Great movie!,2025-03-18 21:16:44
REV_3802,US_131,MV_102,3.8,Great movie!,2024-11-08 05:10:07
REV_3803,US_7179,MV_3517,6.6,Could be better.,2024-08-18 11:13:48
REV_3804,US_7502,MV_2631,2.1,Could be better.,2025-02-28 10:31:48
REV_3806,US_5632,MV_1536,3.7,Could be better.,2025-01-06 22:52:33
REV_3807,US_9874,MV_6958,4.4,Great movie!,2024-03-26 21:29:41
REV_3808,US_2601,MV_2322,3.9,Could be better.,2025-06-26 03:59:37
REV_3809,US_1028,MV_4343,3.0,Great movie!,2024-09-19 19:41:36
REV_3810,US_4717,MV_8646,1.4,Could be better.,2025-09-15 13:14:42
REV_3811,US_4750,MV_3285,1.5,Great movie!,2024-06-26 17:32:17
REV_3812,US_8235,MV_5777,4.0,Could be better.,2025-02-14 20:34:39
REV_3813,US_1579,MV_8999,2.2,Could be better.,2025-08-06 10:30:09
REV_3814,US_6054,MV_5290,4.6,Could be better.,2025-04-02 22:39:02
REV_3815,US_3005,MV_8864,9.8,Great movie!,2024-11-21 21:24:47
REV_3817,US_7106,MV_7075,9.2,Could be better.,2024-06-15 09:36:25
REV_3818,US_9952,MV_4209,9.2,Great movie!,2024-03-19 10:20:57
REV_3819,US_308,MV_9671,5.1,Great movie!,2024-01-30 15:38:47
REV_3820,US_8642,MV_5867,2.8,Great movie!,2025-08-14 09:23:11
REV_3821,US_7951,MV_9703,5.9,Could be better.,2025-09-21 08:19:47
REV_3822,US_7727,MV_7093,6.3,Could be better.,2025-12-08 19:33:37
REV_3823,US_5201,MV_3457,3.2,Could be better.,2025-02-06 01:07:44
REV_3824,US_6959,MV_1765,5.7,Could be better.,2024-06-15 10:58:30
REV_3825,US_5911,MV_2988,8.1,Could be better.,2025-05-29 11:27:49
REV_3826,US_6250,MV_3023,7.9,Great movie!,2025-11-01 22:21:01
REV_3827,US_9828,MV_3530,4.6,Could be better.,2024-12-14 18:02:44
REV_3828,US_5117,MV_1818,8.2,Could be better.,2025-12-06 08:14:49
REV_3829,US_7599,MV_267,2.5,Great movie!,2025-10-27 14:45:00
REV_3830,US_4755,MV_4149,6.0,Could be better.,2024-10-24 04:26:12
REV_3831,US_7032,MV_6661,6.2,Could be better.,2024-04-26 06:40:37
REV_3832,US_2544,MV_4749,3.3,Could be better.,2024-05-12 18:11:32
REV_3833,US_4298,MV_3379,5.6,Great movie!,2024-07-17 13:51:02
REV_3834,US_4214,MV_505,6.1,Could be better.,2025-01-14 09:39:43
REV_3835,US_3828,MV_9584,2.2,Could be better.,2024-08-26 17:23:16
REV_3836,US_1470,MV_6011,8.2,Could be better.,2025-06-01 00:14:22
REV_3837,US_2789,MV_5642,5.6,Great movie!,2025-10-28 05:09:36
REV_3838,US_2391,MV_2094,8.1,Could be better.,2024-03-15 09:52:29
REV_3839,US_5190,MV_3515,1.9,Could be better.,2025-01-22 02:25:47
REV_3840,US_4849,MV_8050,3.7,Could be better.,2025-06-02 21:05:43
REV_3841,US_3929,MV_8492,9.9,Great movie!,2025-04-24 18:37:55
REV_3842,US_8127,MV_1600,9.2,Great movie!,2025-10-17 18:21:47
REV_3843,US_6119,MV_5146,5.5,Great movie!,2025-09-04 02:11:56
REV_3844,US_8989,MV_6025,7.1,Great movie!,2025-11-14 19:48:48
REV_3845,US_7595,MV_8701,7.8,Great movie!,2024-10-29 01:16:02
REV_3846,US_6114,MV_7230,2.0,Could be better.,2025-06-11 23:40:49
REV_3847,US_8914,MV_8809,2.6,Great movie!,2024-10-21 01:15:07
REV_3848,US_3578,MV_8124,8.1,Great movie!,2024-05-25 03:08:17
REV_3849,US_4337,MV_8373,1.2,Great movie!,2025-03-22 12:47:47
REV_3850,US_9421,MV_6234,2.6,Great movie!,2024-03-21 06:27:06
REV_3851,US_9612,MV_6784,3.2,Great movie!,2025-03-25 04:23:33
REV_3852,US_1335,MV_753,3.6,Could be better.,2024-08-09 01:16:15
REV_3853,US_501,MV_4113,7.1,Great movie!,2024-11-18 21:19:43
REV_3854,US_6072,MV_6184,2.3,Great movie!,2025-07-01 09:57:04
REV_3855,US_5823,MV_4858,5.3,Great movie!,2025-04-27 13:34:00
REV_3856,US_8535,MV_3042,6.4,Great movie!,2024-07-30 18:50:06
REV_3858,US_5887,MV_2028,5.6,Could be better.,2024-06-12 12:30:50
REV_3859,US_8192,MV_4127,1.3,Could be better.,2024-04-26 19:23:09
REV_3860,US_8493,MV_4311,8.4,Great movie!,2025-10-18 08:48:56
REV_3861,US_669,MV_1238,1.2,Could be better.,2024-10-21 17:27:16
REV_3862,US_6864,MV_1594,1.8,Could be better.,2024-03-16 16:18:45
REV_3863,US_2173,MV_6661,4.7,Could be better.,2025-07-09 21:07:09
REV_3864,US_7003,MV_7789,2.1,Great movie!,2024-04-20 08:32:29
REV_3865,US_2575,MV_7096,2.6,Great movie!,2025-04-17 11:47:31
REV_3866,US_2028,MV_5462,7.8,Could be better.,2025-05-20 12:08:54
REV_3867,US_2461,MV_9090,4.3,Great movie!,2024-01-02 23:39:48
REV_3868,US_1696,MV_5995,6.6,Could be better.,2025-10-20 04:20:05
REV_3869,US_352,MV_6630,8.1,Great movie!,2024-01-11 09:30:52
REV_3870,US_1094,MV_2940,4.0,Great movie!,2024-02-11 14:18:13
REV_3871,US_1943,MV_3901,4.4,Could be better.,2025-12-18 10:55:06
REV_3872,US_853,MV_858,5.5,Could be better.,2025-02-13 06:40:07
REV_3873,US_675,MV_6518,4.8,Could be better.,2024-04-17 00:40:49
REV_3874,US_2972,MV_7497,2.4,Could be better.,2024-01-23 10:26:51
REV_3875,US_3432,MV_3084,4.3,Could be better.,2024-04-07 02:48:06
REV_3876,US_7226,MV_9085,9.4,Great movie!,2024-10-26 06:05:35
REV_3877,US_364,MV_1283,3.7,Great movie!,2025-12-13 17:54:46
REV_3878,US_6919,MV_6510,9.0,Great movie!,2024-01-26 01:38:39
REV_3879,US_1640,MV_8982,6.4,Great movie!,2025-05-25 01:30:27
REV_3880,US_9871,MV_858,4.3,Great movie!,2025-10-03 08:58:59
REV_3881,US_3296,MV_743,3.7,Great movie!,2025-01-21 21:54:06
REV_3882,US_2986,MV_3983,2.7,Great movie!,2025-02-07 09:13:14
REV_3883,US_9961,MV_5685,1.0,Great movie!,2024-10-23 10:34:02
REV_3884,US_5318,MV_8428,9.3,Could be better.,2024-04-26 02:02:10
REV_3885,US_6316,MV_4514,1.8,Could be better.,2025-06-28 13:25:04
REV_3886,US_9490,MV_6220,7.0,Could be better.,2024-08-08 04:26:55
REV_3887,US_9165,MV_5777,2.1,Great movie!,2024-04-08 14:53:53
REV_3888,US_5887,MV_7408,1.3,Great movie!,2024-02-09 00:23:51
REV_3889,US_2268,MV_1458,8.3,Great movie!,2024-11-21 05:50:43
REV_3890,US_294,MV_5048,6.4,Could be better.,2024-11-19 03:41:05
REV_3891,US_1002,MV_5007,9.2,Great movie!,2025-05-13 16:48:15
REV_3892,US_3482,MV_7622,8.5,Great movie!,2025-03-10 10:52:44
REV_3893,US_5721,MV_2058,1.9,Could be better.,2024-08-05 02:50:41
REV_3894,US_3111,MV_7214,8.5,Great movie!,2025-12-07 02:54:55
REV_3895,US_8358,MV_7754,7.2,Could be better.,2024-07-14 22:03:30
REV_3896,US_1892,MV_5603,1.1,Could be better.,2024-10-24 03:21:07
REV_3897,US_1303,MV_754,2.4,Great movie!,2024-05-04 16:00:53
REV_3898,US_2378,MV_4311,6.8,Could be better.,2025-12-04 01:10:43
REV_3899,US_2963,MV_2328,2.7,Could be better.,2025-05-07 17:59:16
REV_3900,US_9972,MV_3549,8.5,Could be better.,2024-03-21 18:51:11
REV_3901,US_8130,MV_2980,6.0,Great movie!,2024-09-25 22:50:41
REV_3902,US_7769,MV_963,6.6,Great movie!,2025-10-18 20:53:47
REV_3903,US_9515,MV_4844,2.3,Could be better.,2024-01-01 21:17:27
REV_3904,US_1437,MV_872,3.8,Great movie!,2024-03-25 12:51:35
REV_3905,US_9369,MV_3435,5.5,Great movie!,2024-11-22 14:07:23
REV_3906,US_62,MV_3436,2.7,Great movie!,2024-07-23 22:56:11
REV_3907,US_4243,MV_5044,6.9,Great movie!,2025-07-24 03:13:47
REV_3908,US_9914,MV_8109,8.0,Great movie!,2024-12-19 19:27:41
REV_3909,US_857,MV_747,3.5,Great movie!,2024-02-08 09:30:54
REV_3910,US_2856,MV_4637,1.7,Could be better.,2025-05-30 14:08:58
REV_3911,US_5585,MV_8139,7.2,Great movie!,2025-09-01 01:33:45
REV_3912,US_3491,MV_5082,5.6,Could be better.,2024-09-13 00:49:43
REV_3913,US_8034,MV_1045,2.4,Great movie!,2024-08-19 13:08:29
REV_3914,US_1273,MV_9391,1.2,Great movie!,2025-03-29 11:50:38
REV_3915,US_9740,MV_5868,5.2,Could be better.,2024-05-28 21:51:49
REV_3916,US_4482,MV_8588,6.9,Great movie!,2024-07-05 09:44:55
REV_3917,US_8751,MV_6604,5.2,Could be better.,2025-07-06 23:35:11
REV_3918,US_9950,MV_3215,4.4,Could be better.,2025-12-20 12:27:11
REV_3919,US_7135,MV_6564,4.6,Great movie!,2025-07-20 09:13:22
REV_3920,US_9814,MV_7031,6.2,Could be better.,2024-08-27 03:27:12
REV_3921,US_5650,MV_8765,3.6,Could be better.,2025-04-24 01:37:13
REV_3922,US_872,MV_7775,2.9,Great movie!,2025-07-17 05:03:28
REV_3923,US_1452,MV_6847,9.2,Could be better.,2024-06-17 12:37:25
REV_3924,US_9641,MV_4807,5.0,Great movie!,2025-11-28 11:59:37
REV_3925,US_6985,MV_1951,7.1,Great movie!,2024-09-04 03:50:17
REV_3926,US_8256,MV_526,7.7,Great movie!,2025-05-31 09:28:52
REV_3927,US_4899,MV_5396,7.4,Could be better.,2025-09-26 01:01:42
REV_3928,US_5890,MV_8449,4.4,Could be better.,2025-02-06 10:07:57
REV_3930,US_2696,MV_5390,2.3,Could be better.,2025-10-04 04:35:54
REV_3931,US_8258,MV_615,4.9,Could be better.,2025-11-29 10:43:15
REV_3933,US_9074,MV_2940,3.5,Could be better.,2024-10-25 16:00:22
REV_3934,US_369,MV_2462,8.2,Could be better.,2024-01-05 23:58:32
REV_3935,US_9018,MV_1488,7.9,Could be better.,2025-11-16 13:53:04
REV_3937,US_6089,MV_5339,5.8,Great movie!,2024-05-21 21:09:17
REV_3938,US_2443,MV_8512,2.2,Great movie!,2024-10-04 16:49:51
REV_3939,US_3022,MV_4158,7.5,Great movie!,2025-05-02 06:10:56
REV_3941,US_8948,MV_5328,9.6,Great movie!,2025-05-28 15:41:19
REV_3942,US_6235,MV_1878,7.3,Could be better.,2025-11-01 13:52:10
REV_3944,US_3190,MV_3653,2.6,Could be better.,2024-01-05 17:32:19
REV_3945,US_631,MV_6927,4.6,Could be better.,2025-02-23 18:29:16
REV_3946,US_3223,MV_6620,7.5,Could be better.,2024-03-08 16:37:39
REV_3947,US_225,MV_643,5.7,Great movie!,2025-10-31 12:42:22
REV_3948,US_2001,MV_6033,9.6,Could be better.,2024-08-28 05:53:56
REV_3949,US_9162,MV_2635,9.7,Could be better.,2024-03-05 02:17:35
REV_3950,US_3124,MV_5249,4.3,Could be better.,2024-04-10 12:16:34
REV_3951,US_2691,MV_7748,2.1,Great movie!,2024-11-14 04:25:50
REV_3952,US_8006,MV_4087,3.1,Great movie!,2025-01-23 17:41:06
REV_3953,US_9305,MV_8507,3.5,Great movie!,2025-04-20 13:08:55
REV_3954,US_803,MV_3197,8.5,Great movie!,2024-08-11 05:49:40
REV_3956,US_2666,MV_9030,6.2,Could be better.,2024-11-02 12:07:09
REV_3957,US_9039,MV_7420,3.9,Great movie!,2024-09-09 18:21:25
REV_3958,US_5901,MV_5779,3.4,Great movie!,2024-12-26 14:00:03
REV_3959,US_3282,MV_7016,7.1,Great movie!,2025-11-18 09:49:24
REV_3960,US_4579,MV_5735,5.0,Could be better.,2025-04-26 18:41:57
REV_3961,US_2839,MV_9459,6.2,Great movie!,2025-08-30 21:33:38
REV_3962,US_499,MV_9665,1.9,Great movie!,2024-09-08 19:39:19
REV_3963,US_1957,MV_9186,3.2,Could be better.,2024-09-11 18:05:55
REV_3965,US_4389,MV_4342,4.9,Great movie!,2025-05-04 15:07:44
REV_3967,US_5839,MV_6448,2.2,Great movie!,2025-09-05 02:18:18
REV_3968,US_7302,MV_965,2.4,Could be better.,2024-03-04 11:04:52
REV_3969,US_4326,MV_3848,1.1,Could be better.,2025-12-10 23:42:23
REV_3970,US_5042,MV_4629,4.1,Great movie!,2024-09-15 11:38:16
REV_3971,US_8523,MV_7173,3.0,Could be better.,2025-07-31 21:44:56
REV_3972,US_6060,MV_4177,4.0,Could be better.,2024-06-27 00:32:23
REV_3973,US_7318,MV_3332,2.7,Great movie!,2024-09-24 14:41:30
REV_3974,US_4919,MV_7926,3.3,Could be better.,2025-08-29 18:46:54
REV_3975,US_8967,MV_4421,9.1,Could be better.,2025-07-21 03:17:40
REV_3976,US_5980,MV_7310,8.5,Could be better.,2024-01-17 02:57:24
REV_3977,US_6515,MV_5674,2.9,Great movie!,2025-09-14 04:48:01
REV_3978,US_8546,MV_3765,9.9,Could be better.,2024-06-06 07:48:32
REV_3979,US_4250,MV_4053,7.4,Could be better.,2024-09-25 23:44:16
REV_3981,US_2360,MV_2889,7.3,Great movie!,2024-01-22 22:58:42
REV_3982,US_6685,MV_5746,9.7,Could be better.,2024-10-17 16:54:02
REV_3983,US_5091,MV_4161,8.1,Could be better.,2025-12-15 14:08:23
REV_3984,US_3126,MV_1730,5.2,Could be better.,2025-02-01 10:27:29
REV_3985,US_6580,MV_7150,5.9,Could be better.,2025-10-15 20:29:00
REV_3986,US_3464,MV_6552,8.4,Could be better.,2025-12-01 19:38:28
REV_3988,US_865,MV_5515,8.9,Great movie!,2024-05-09 04:47:13
REV_3989,US_4115,MV_4658,8.6,Could be better.,2025-09-07 13:31:39
REV_3990,US_4488,MV_6664,4.7,Great movie!,2024-04-03 06:47:58
REV_3991,US_3039,MV_3462,7.6,Could be better.,2025-09-17 01:52:46
REV_3992,US_2864,MV_425,4.8,Great movie!,2025-03-30 04:05:00
REV_3993,US_5347,MV_7615,3.8,Great movie!,2024-12-31 00:59:15
REV_3994,US_8404,MV_7955,2.6,Great movie!,2024-02-24 02:09:17
REV_3995,US_1810,MV_7214,1.2,Could be better.,2024-07-03 00:27:15
REV_3996,US_4202,MV_4373,2.6,Could be better.,2024-03-03 04:08:12
REV_3997,US_8354,MV_3962,8.8,Great movie!,2025-11-13 00:20:03
REV_3998,US_422,MV_2985,10.0,Great movie!,2024-01-06 19:48:46
REV_3999,US_5689,MV_4460,6.6,Could be better.,2025-10-22 18:34:32
REV_4000,US_8119,MV_3250,2.1,Could be better.,2024-10-27 10:26:33
REV_4001,US_1956,MV_7324,3.5,Great movie!,2024-09-01 01:23:36
REV_4002,US_395,MV_8575,7.5,Could be better.,2024-07-30 08:26:07
REV_4004,US_56,MV_6312,3.4,Great movie!,2025-11-09 17:26:13
REV_4005,US_7882,MV_2719,2.3,Could be better.,2024-01-14 03:08:09
REV_4006,US_5571,MV_5259,3.4,Great movie!,2025-10-21 21:01:19
REV_4007,US_7071,MV_6922,6.3,Could be better.,2024-05-10 10:42:18
REV_4008,US_3371,MV_2547,8.6,Could be better.,2025-12-30 20:36:30
REV_4009,US_5039,MV_8652,2.5,Could be better.,2024-11-21 16:00:01
REV_4011,US_4281,MV_7765,2.4,Great movie!,2024-09-25 13:42:03
REV_4012,US_7470,MV_4499,6.2,Could be better.,2024-06-06 03:43:04
REV_4013,US_5544,MV_5939,5.0,Could be better.,2024-08-04 08:36:00
REV_4014,US_6439,MV_1704,7.1,Could be better.,2025-12-02 11:01:26
REV_4015,US_8127,MV_2178,9.9,Could be better.,2025-03-18 02:22:25
REV_4016,US_8255,MV_113,4.5,Could be better.,2024-05-06 15:11:32
REV_4017,US_1933,MV_6236,8.2,Could be better.,2025-11-08 10:05:45
REV_4018,US_4334,MV_1378,3.4,Could be better.,2025-03-19 11:11:26
REV_4019,US_35,MV_6485,5.8,Could be better.,2025-06-05 05:27:32
REV_4020,US_9979,MV_8478,7.4,Could be better.,2025-10-04 20:22:01
REV_4021,US_6544,MV_768,6.4,Great movie!,2024-10-20 18:53:06
REV_4022,US_9842,MV_9728,6.0,Great movie!,2024-10-24 05:59:03
REV_4023,US_1738,MV_4212,8.7,Great movie!,2025-06-03 05:58:28
REV_4024,US_3421,MV_1609,4.6,Could be better.,2024-09-16 22:28:33
REV_4025,US_958,MV_6558,4.4,Great movie!,2024-08-15 00:06:38
REV_4026,US_2968,MV_4959,5.7,Great movie!,2024-10-04 12:03:01
REV_4028,US_5592,MV_8036,8.5,Could be better.,2024-09-15 23:43:46
REV_4029,US_3106,MV_6336,4.1,Great movie!,2025-12-18 18:22:37
REV_4030,US_2086,MV_8227,5.9,Could be better.,2024-12-17 06:30:44
REV_4031,US_8852,MV_3018,2.5,Great movie!,2024-01-18 13:05:20
REV_4032,US_2734,MV_3721,7.1,Could be better.,2025-08-18 22:07:32
REV_4034,US_3246,MV_1559,1.5,Great movie!,2025-03-11 01:15:41
REV_4035,US_9084,MV_8100,4.9,Great movie!,2024-04-21 13:16:16
REV_4036,US_6315,MV_9148,2.5,Great movie!,2024-07-21 10:22:44
REV_4037,US_2308,MV_9794,9.1,Could be better.,2024-06-01 00:13:13
REV_4038,US_3495,MV_8824,8.4,Great movie!,2025-11-11 21:33:24
REV_4039,US_2851,MV_93,8.8,Great movie!,2024-08-30 19:35:12
REV_4040,US_1360,MV_2477,9.1,Could be better.,2025-10-31 01:05:10
REV_4041,US_9827,MV_701,5.2,Great movie!,2025-01-06 00:26:41
REV_4042,US_6669,MV_5792,3.3,Could be better.,2025-12-23 05:36:02
REV_4043,US_4130,MV_3949,5.8,Could be better.,2025-06-24 09:09:56
REV_4044,US_8709,MV_4629,9.3,Great movie!,2024-02-27 02:39:20
REV_4045,US_4364,MV_8558,2.6,Could be better.,2024-10-29 03:48:01
REV_4046,US_5868,MV_4636,1.8,Could be better.,2024-09-18 17:44:16
REV_4047,US_9786,MV_382,2.5,Could be better.,2024-09-23 16:41:34
REV_4048,US_5263,MV_662,3.1,Great movie!,2025-03-18 19:19:55
REV_4049,US_8775,MV_8259,9.6,Great movie!,2024-08-01 04:23:47
REV_4050,US_3680,MV_5406,3.0,Great movie!,2025-10-02 18:33:23
REV_4051,US_2787,MV_3740,3.3,Could be better.,2025-07-01 07:26:59
REV_4052,US_2747,MV_28,3.9,Great movie!,2025-02-25 16:54:21
REV_4053,US_7849,MV_2657,8.7,Could be better.,2025-02-27 02:32:44
REV_4054,US_8561,MV_5834,1.8,Could be better.,2025-05-31 08:09:06
REV_4055,US_9555,MV_4576,5.7,Could be better.,2024-09-25 11:14:32
REV_4056,US_1541,MV_8419,4.3,Could be better.,2024-01-24 13:32:06
REV_4057,US_8996,MV_6211,5.6,Great movie!,2025-06-18 16:02:35
REV_4058,US_2170,MV_1564,4.4,Great movie!,2025-08-03 21:28:31
REV_4059,US_8859,MV_4111,2.3,Could be better.,2024-02-09 22:53:40
REV_4060,US_8695,MV_7951,5.4,Great movie!,2024-01-28 19:30:10
REV_4061,US_7232,MV_5631,6.9,Great movie!,2024-09-16 00:58:46
REV_4062,US_3257,MV_7564,2.8,Great movie!,2024-02-25 04:14:07
REV_4063,US_9287,MV_7736,4.8,Could be better.,2024-08-06 01:31:45
REV_4065,US_5919,MV_4257,6.1,Could be better.,2024-01-14 22:54:42
REV_4066,US_5868,MV_9582,7.3,Could be better.,2025-04-24 21:11:54
REV_4067,US_2931,MV_1406,6.5,Could be better.,2025-06-22 16:30:35
REV_4068,US_1936,MV_4083,5.8,Great movie!,2025-04-30 22:41:43
REV_4069,US_4453,MV_2419,1.3,Great movie!,2024-11-18 12:04:13
REV_4070,US_6965,MV_5327,9.1,Great movie!,2024-07-19 00:26:34
REV_4071,US_1145,MV_4422,4.0,Great movie!,2024-11-30 07:56:45
REV_4072,US_6470,MV_9293,2.3,Great movie!,2025-10-08 15:41:10
REV_4073,US_8498,MV_6830,3.3,Great movie!,2025-09-27 00:22:26
REV_4075,US_149,MV_6458,2.8,Could be better.,2025-05-10 09:17:47
REV_4076,US_2972,MV_7801,8.9,Could be better.,2024-12-09 02:19:57
REV_4077,US_7985,MV_2944,1.1,Could be better.,2024-03-11 21:35:43
REV_4078,US_8018,MV_9119,1.4,Great movie!,2024-09-15 00:14:16
REV_4079,US_6025,MV_673,7.7,Great movie!,2024-12-15 11:03:01
REV_4080,US_1513,MV_9527,1.3,Could be better.,2025-10-23 21:25:47
REV_4081,US_7716,MV_6884,1.6,Could be better.,2024-08-22 00:10:06
REV_4082,US_4736,MV_6701,3.3,Great movie!,2025-05-02 22:02:57
REV_4083,US_7709,MV_7988,1.4,Could be better.,2024-09-06 22:16:34
REV_4084,US_8206,MV_915,4.0,Great movie!,2025-12-11 21:04:13
REV_4085,US_3237,MV_6989,7.1,Great movie!,2025-05-07 18:19:46
REV_4086,US_7573,MV_4999,9.9,Could be better.,2024-10-13 12:10:58
REV_4087,US_906,MV_4716,4.2,Great movie!,2025-11-04 14:35:27
REV_4088,US_3897,MV_9865,1.1,Great movie!,2024-03-09 00:45:18
REV_4089,US_4848,MV_2460,9.1,Great movie!,2024-02-23 20:09:41
REV_4090,US_3678,MV_5510,3.0,Great movie!,2025-11-03 18:29:20
REV_4091,US_1529,MV_8740,5.2,Could be better.,2025-06-22 17:15:03
REV_4092,US_5940,MV_8263,5.2,Great movie!,2024-02-17 14:48:46
REV_4093,US_1383,MV_9471,4.1,Great movie!,2025-09-28 17:14:21
REV_4094,US_6338,MV_3336,8.2,Could be better.,2024-01-24 18:55:51
REV_4096,US_2637,MV_4390,4.7,Could be better.,2025-04-07 10:15:21
REV_4097,US_2677,MV_5399,8.9,Great movie!,2025-08-07 18:46:25
REV_4098,US_5440,MV_8518,1.4,Great movie!,2024-10-29 09:22:59
REV_4099,US_523,MV_8909,3.0,Could be better.,2025-08-16 18:48:51
REV_4100,US_83,MV_2250,8.2,Great movie!,2025-10-30 14:50:27
REV_4101,US_7436,MV_4903,4.3,Great movie!,2024-12-19 17:19:23
REV_4102,US_2823,MV_3593,9.4,Great movie!,2025-05-22 18:14:38
REV_4103,US_6703,MV_9282,2.3,Could be better.,2024-01-19 12:04:51
REV_4104,US_4570,MV_3726,2.5,Great movie!,2025-10-06 03:11:06
REV_4105,US_9273,MV_1612,6.9,Could be better.,2025-02-06 09:33:52
REV_4106,US_9286,MV_3293,5.7,Great movie!,2024-07-06 03:24:40
REV_4107,US_5720,MV_7921,6.7,Could be better.,2024-03-11 00:40:50
REV_4108,US_2335,MV_28,7.8,Great movie!,2024-02-27 22:57:29
REV_4110,US_7353,MV_1238,8.2,Could be better.,2025-08-08 16:02:48
REV_4111,US_7535,MV_3511,3.7,Could be better.,2024-03-15 16:57:43
REV_4113,US_2438,MV_2627,9.0,Could be better.,2025-03-27 04:34:45
REV_4114,US_8107,MV_1238,4.1,Could be better.,2024-11-23 03:44:17
REV_4115,US_4393,MV_9809,8.9,Great movie!,2025-10-24 15:47:25
REV_4116,US_8133,MV_4892,6.5,Could be better.,2024-01-11 20:06:50
REV_4117,US_9233,MV_999,8.3,Could be better.,2025-05-08 08:21:43
REV_4118,US_7289,MV_8095,3.7,Great movie!,2024-11-13 20:08:43
REV_4119,US_8530,MV_9793,5.8,Could be better.,2025-06-15 00:51:35
REV_4120,US_2060,MV_8779,3.4,Could be better.,2025-06-26 21:44:01
REV_4121,US_3641,MV_4072,9.5,Could be better.,2025-08-08 19:47:05
REV_4122,US_2687,MV_7340,3.9,Great movie!,2025-05-21 13:53:03
REV_4123,US_8258,MV_2273,3.4,Could be better.,2024-11-24 04:06:18
REV_4124,US_2151,MV_2031,7.5,Great movie!,2025-06-27 03:48:06
REV_4125,US_3373,MV_7770,8.2,Great movie!,2025-08-31 16:03:11
REV_4126,US_8799,MV_5703,6.0,Great movie!,2024-12-03 21:46:14
REV_4127,US_9238,MV_9218,2.9,Could be better.,2024-12-11 15:35:27
REV_4128,US_8323,MV_7154,5.2,Could be better.,2025-03-23 04:28:24
REV_4129,US_7919,MV_5334,4.4,Great movie!,2025-07-27 04:21:48
REV_4130,US_1904,MV_280,7.5,Great movie!,2025-12-23 17:46:00
REV_4131,US_5011,MV_9448,9.5,Great movie!,2024-07-24 09:21:00
REV_4132,US_7787,MV_8798,5.0,Great movie!,2025-10-03 01:24:47
REV_4133,US_4391,MV_1252,5.3,Could be better.,2024-12-18 21:38:10
REV_4134,US_139,MV_8499,4.2,Could be better.,2024-01-21 18:43:01
REV_4135,US_225,MV_9494,8.5,Could be better.,2024-01-14 11:43:28
REV_4136,US_9378,MV_8471,3.9,Great movie!,2024-09-08 17:54:14
REV_4137,US_5958,MV_9535,1.7,Could be better.,2025-09-19 15:39:25
REV_4138,US_7565,MV_9258,9.9,Could be better.,2025-04-30 02:45:30
REV_4139,US_804,MV_6783,7.3,Great movie!,2025-03-11 20:07:20
REV_4140,US_794,MV_4019,5.3,Could be better.,2024-11-20 12:44:26
REV_4141,US_1967,MV_7446,3.9,Great movie!,2025-11-08 12:32:07
REV_4142,US_4060,MV_7066,9.3,Great movie!,2025-12-23 08:51:19
REV_4143,US_8079,MV_3962,7.5,Could be better.,2025-07-12 01:33:30
REV_4144,US_5139,MV_7812,5.1,Great movie!,2025-03-01 02:07:33
REV_4145,US_2901,MV_4927,8.1,Great movie!,2024-04-13 08:36:13
REV_4146,US_329,MV_4139,2.0,Could be better.,2024-05-02 18:19:45
REV_4147,US_5716,MV_4129,7.9,Great movie!,2024-08-21 10:43:39
REV_4148,US_5136,MV_9388,4.2,Great movie!,2025-05-20 03:49:01
REV_4149,US_8153,MV_215,7.4,Could be better.,2025-11-18 02:23:13
REV_4150,US_6406,MV_9067,3.5,Great movie!,2025-04-09 14:39:00
REV_4151,US_8055,MV_5259,3.6,Could be better.,2025-04-07 08:18:55
REV_4152,US_9439,MV_1704,4.7,Could be better.,2025-03-17 23:03:43
REV_4154,US_8872,MV_6541,3.3,Great movie!,2025-10-30 05:39:16
REV_4155,US_9336,MV_6241,5.3,Could be better.,2025-06-29 00:04:36
REV_4156,US_7129,MV_3321,9.0,Could be better.,2025-05-20 05:55:47
REV_4157,US_5446,MV_5564,1.8,Could be better.,2025-01-09 22:54:16
REV_4158,US_1453,MV_5075,1.4,Could be better.,2025-06-05 22:38:34
REV_4160,US_5335,MV_7822,6.8,Could be better.,2024-01-26 03:28:58
REV_4161,US_1391,MV_6051,3.7,Great movie!,2025-07-21 16:56:30
REV_4162,US_6125,MV_1030,2.9,Could be better.,2025-09-14 09:30:47
REV_4164,US_2108,MV_4933,9.4,Great movie!,2025-04-04 05:20:41
REV_4165,US_5903,MV_9946,4.7,Could be better.,2024-12-18 06:20:35
REV_4166,US_7630,MV_9963,8.2,Great movie!,2024-02-14 13:59:20
REV_4167,US_5290,MV_5338,6.2,Could be better.,2025-10-28 20:14:25
REV_4168,US_9935,MV_4126,2.1,Great movie!,2025-11-26 18:05:48
REV_4169,US_609,MV_484,8.5,Could be better.,2025-10-12 16:23:06
REV_4170,US_5336,MV_5245,6.5,Could be better.,2025-11-13 12:15:40
REV_4171,US_6696,MV_9622,8.1,Great movie!,2025-07-12 19:14:06
REV_4172,US_2095,MV_2691,5.1,Great movie!,2024-01-19 06:47:27
REV_4173,US_1592,MV_1634,5.1,Could be better.,2024-09-04 16:07:28
REV_4174,US_993,MV_9447,3.6,Great movie!,2025-03-10 14:56:17
REV_4175,US_9863,MV_9682,1.4,Great movie!,2024-06-05 15:09:54
REV_4176,US_3178,MV_5577,2.1,Could be better.,2025-10-15 18:25:44
REV_4177,US_6544,MV_3007,5.9,Could be better.,2025-12-11 21:34:54
REV_4178,US_1686,MV_6862,6.8,Great movie!,2024-05-27 15:56:55
REV_4179,US_4879,MV_2073,10.0,Could be better.,2024-05-27 02:49:46
REV_4181,US_794,MV_6469,9.1,Could be better.,2024-01-07 16:40:47
REV_4182,US_5166,MV_7762,7.5,Could be better.,2024-03-30 07:52:13
REV_4183,US_326,MV_4606,2.9,Could be better.,2025-10-07 04:03:45
REV_4184,US_3609,MV_3093,3.1,Great movie!,2025-01-30 09:19:14
REV_4185,US_40,MV_4029,2.6,Great movie!,2025-12-06 08:08:59
REV_4186,US_6960,MV_2932,2.5,Great movie!,2025-07-25 07:12:03
REV_4187,US_1223,MV_7893,5.9,Could be better.,2025-05-02 16:24:05
REV_4188,US_5089,MV_2552,6.0,Could be better.,2024-09-22 06:07:32
REV_4189,US_3656,MV_8376,1.5,Could be better.,2025-09-02 08:32:37
REV_4190,US_9689,MV_1124,1.0,Great movie!,2024-08-01 20:13:15
REV_4192,US_1153,MV_2851,3.1,Could be better.,2024-10-07 07:04:58
REV_4193,US_2043,MV_5737,8.3,Could be better.,2024-10-22 03:41:27
REV_4194,US_4493,MV_2354,3.7,Great movie!,2025-05-17 00:03:13
REV_4196,US_3373,MV_7934,7.7,Great movie!,2025-08-22 16:55:31
REV_4197,US_6014,MV_2249,5.7,Could be better.,2024-12-10 13:31:18
REV_4199,US_9355,MV_5205,9.8,Could be better.,2025-05-01 15:24:49
REV_4200,US_1825,MV_282,5.5,Could be better.,2025-12-30 12:37:48
REV_4201,US_6651,MV_7145,9.6,Could be better.,2025-11-18 02:57:11
REV_4202,US_9402,MV_3947,9.8,Could be better.,2025-11-08 23:23:35
REV_4203,US_7021,MV_1406,4.1,Great movie!,2024-12-01 19:51:28
REV_4204,US_4391,MV_9807,1.7,Could be better.,2024-11-18 17:25:31
REV_4205,US_9531,MV_9087,1.8,Great movie!,2025-04-28 13:55:25
REV_4206,US_8225,MV_3230,7.9,Great movie!,2025-03-23 23:59:25
REV_4207,US_273,MV_2421,1.5,Could be better.,2024-11-18 03:02:51
REV_4209,US_8840,MV_6475,8.9,Could be better.,2024-05-20 03:23:52
REV_4210,US_4133,MV_1568,1.6,Great movie!,2025-12-11 15:33:11
REV_4211,US_9243,MV_7296,8.9,Great movie!,2024-04-08 22:22:56
REV_4212,US_1602,MV_2802,5.1,Could be better.,2024-12-13 04:51:37
REV_4214,US_931,MV_5865,1.1,Great movie!,2024-11-29 08:27:13
REV_4215,US_4527,MV_7339,6.6,Could be better.,2024-09-23 12:21:11
REV_4216,US_1168,MV_6169,2.2,Could be better.,2025-05-17 18:13:05
REV_4217,US_8161,MV_374,2.0,Could be better.,2025-02-17 19:38:51
REV_4218,US_7520,MV_8441,2.3,Great movie!,2025-07-07 09:21:18
REV_4219,US_7844,MV_4728,3.9,Great movie!,2024-04-04 04:31:58
REV_4220,US_6426,MV_7234,2.7,Could be better.,2024-08-23 06:11:11
REV_4221,US_8406,MV_3764,4.1,Could be better.,2025-09-19 17:44:58
REV_4222,US_6713,MV_662,2.9,Great movie!,2024-09-19 19:26:05
REV_4223,US_6515,MV_8407,7.7,Great movie!,2025-07-20 20:57:42
REV_4224,US_3330,MV_1575,1.0,Could be better.,2024-04-14 01:53:58
REV_4225,US_9234,MV_3763,6.4,Could be better.,2024-03-01 00:30:15
REV_4226,US_4989,MV_695,9.9,Great movie!,2024-05-18 06:18:29
REV_4227,US_7868,MV_5278,5.3,Could be better.,2024-08-05 12:23:11
REV_4228,US_9635,MV_4829,3.2,Great movie!,2024-03-22 14:36:43
REV_4229,US_1445,MV_9508,7.7,Great movie!,2024-05-09 20:04:01
REV_4230,US_156,MV_4967,6.4,Could be better.,2024-06-12 17:42:42
REV_4231,US_1211,MV_7964,5.3,Great movie!,2025-02-19 15:32:08
REV_4232,US_3146,MV_6172,3.7,Could be better.,2025-06-11 15:21:19
REV_4233,US_481,MV_3608,1.6,Could be better.,2024-10-20 22:45:16
REV_4234,US_5734,MV_1784,3.7,Great movie!,2024-05-26 18:23:05
REV_4235,US_2151,MV_5667,5.7,Could be better.,2025-07-08 21:41:43
REV_4236,US_6047,MV_5836,7.2,Great movie!,2025-08-04 16:12:55
REV_4237,US_478,MV_7086,2.8,Could be better.,2024-08-07 11:49:15
REV_4238,US_9704,MV_5424,6.6,Great movie!,2025-09-18 17:54:54
REV_4239,US_3024,MV_2862,2.4,Great movie!,2024-02-22 03:03:44
REV_4240,US_6179,MV_6041,8.5,Could be better.,2024-05-04 17:14:41
REV_4241,US_1215,MV_8060,2.0,Could be better.,2024-05-30 16:13:47
REV_4242,US_1724,MV_2724,2.5,Could be better.,2025-06-04 17:26:37
REV_4243,US_8012,MV_4217,2.8,Could be better.,2024-09-09 17:43:56
REV_4244,US_4830,MV_4739,2.9,Could be better.,2025-04-21 14:33:41
REV_4245,US_7289,MV_5970,4.7,Could be better.,2025-06-05 23:57:38
REV_4246,US_3800,MV_1803,9.6,Could be better.,2024-01-26 14:02:19
REV_4247,US_1772,MV_1051,4.7,Great movie!,2025-05-03 12:14:57
REV_4248,US_8879,MV_6529,3.6,Great movie!,2024-12-06 15:46:55
REV_4249,US_545,MV_6135,2.3,Great movie!,2025-06-20 14:54:49
REV_4250,US_4708,MV_5829,4.9,Could be better.,2025-05-18 00:44:53
REV_4251,US_3048,MV_5728,8.1,Could be better.,2025-07-29 16:55:05
REV_4252,US_7612,MV_488,1.9,Could be better.,2025-01-18 08:51:04
REV_4253,US_1213,MV_4459,1.4,Could be better.,2025-11-27 11:47:51
REV_4254,US_1372,MV_200,4.6,Could be better.,2025-12-25 15:32:50
REV_4255,US_4451,MV_4349,9.1,Could be better.,2024-08-18 23:48:55
REV_4256,US_1390,MV_72,4.2,Could be better.,2025-04-18 09:45:20
REV_4257,US_7786,MV_8934,6.8,Could be better.,2025-05-26 11:54:33
REV_4258,US_367,MV_637,5.5,Great movie!,2024-03-16 10:47:46
REV_4260,US_397,MV_5656,7.2,Great movie!,2024-06-08 12:26:39
REV_4261,US_7853,MV_211,8.8,Could be better.,2024-08-29 23:41:56
REV_4262,US_950,MV_3790,1.8,Great movie!,2024-04-24 17:58:02
REV_4263,US_6504,MV_4112,6.8,Great movie!,2024-08-09 02:07:09
REV_4264,US_3385,MV_5074,7.9,Could be better.,2025-11-20 06:20:49
REV_4265,US_5240,MV_7657,7.4,Could be better.,2024-10-12 13:30:57
REV_4266,US_1756,MV_3646,1.7,Great movie!,2025-12-25 11:19:08
REV_4268,US_1105,MV_8591,4.4,Great movie!,2024-11-22 16:57:33
REV_4269,US_8104,MV_5825,3.6,Great movie!,2024-05-31 22:26:29
REV_4270,US_9458,MV_8861,9.7,Great movie!,2024-07-26 04:54:49
REV_4271,US_6925,MV_8875,5.2,Great movie!,2025-06-12 17:29:43
REV_4273,US_1879,MV_350,9.8,Could be better.,2025-08-17 23:15:54
REV_4274,US_8120,MV_8492,8.9,Great movie!,2024-07-28 21:27:16
REV_4275,US_3780,MV_4517,6.7,Could be better.,2025-03-09 14:58:03
REV_4276,US_8774,MV_4555,3.1,Great movie!,2024-10-05 22:20:37
REV_4277,US_7955,MV_1928,6.2,Could be better.,2025-12-08 10:49:27
REV_4278,US_9612,MV_7786,9.4,Great movie!,2024-08-26 18:37:52
REV_4279,US_8109,MV_7256,2.6,Could be better.,2024-10-20 23:32:02
REV_4280,US_8393,MV_1944,7.7,Could be better.,2024-01-29 08:29:46
REV_4281,US_8595,MV_5241,9.1,Could be better.,2024-09-05 16:12:39
REV_4282,US_485,MV_3890,1.6,Great movie!,2025-10-08 03:52:50
REV_4283,US_4276,MV_8937,4.9,Great movie!,2025-07-31 18:05:13
REV_4284,US_4733,MV_6661,8.5,Could be better.,2024-06-03 00:40:04
REV_4285,US_9333,MV_4107,3.0,Great movie!,2025-04-18 03:25:55
REV_4286,US_1556,MV_3322,3.4,Great movie!,2024-07-28 03:10:50
REV_4287,US_310,MV_1941,2.9,Great movie!,2024-03-15 10:10:23
REV_4288,US_7760,MV_5092,7.9,Could be better.,2025-07-10 13:46:17
REV_4289,US_190,MV_7805,3.3,Could be better.,2025-04-03 19:03:55
REV_4290,US_3972,MV_9319,7.9,Great movie!,2024-01-06 03:19:27
REV_4291,US_2670,MV_9084,7.8,Could be better.,2024-11-22 18:05:13
REV_4292,US_3790,MV_9163,4.3,Could be better.,2025-08-20 07:53:36
REV_4293,US_6646,MV_3658,9.0,Great movie!,2024-05-10 06:55:48
REV_4294,US_2617,MV_6701,3.2,Great movie!,2025-08-23 12:31:25
REV_4295,US_6511,MV_8875,8.7,Great movie!,2024-06-10 06:48:22
REV_4296,US_2163,MV_6900,9.5,Great movie!,2025-01-19 03:58:42
REV_4297,US_8517,MV_4557,3.1,Great movie!,2024-10-25 04:16:06
REV_4298,US_2689,MV_8514,8.8,Could be better.,2025-02-20 16:47:39
REV_4299,US_2139,MV_8911,1.1,Great movie!,2025-07-31 07:10:56
REV_4300,US_2097,MV_9957,1.0,Great movie!,2024-08-16 18:54:47
REV_4301,US_3038,MV_9489,9.5,Could be better.,2025-09-17 09:34:00
REV_4302,US_5919,MV_9280,6.3,Could be better.,2024-12-29 15:10:23
REV_4303,US_1145,MV_4673,6.5,Could be better.,2025-04-05 18:50:07
REV_4304,US_1276,MV_2019,8.5,Could be better.,2024-08-27 13:14:42
REV_4305,US_5725,MV_8292,6.0,Great movie!,2025-08-12 01:10:11
REV_4306,US_5051,MV_7687,2.7,Could be better.,2025-02-08 10:04:08
REV_4307,US_315,MV_6715,8.5,Could be better.,2025-02-23 18:52:15
REV_4308,US_236,MV_7642,7.6,Great movie!,2024-03-09 08:40:16
REV_4309,US_3393,MV_9598,7.3,Could be better.,2024-09-26 07:22:25
REV_4310,US_3667,MV_7221,6.2,Could be better.,2024-04-09 11:17:45
REV_4311,US_518,MV_4906,6.5,Great movie!,2024-03-02 05:47:30
REV_4312,US_4916,MV_3082,8.4,Great movie!,2024-05-15 17:30:07
REV_4313,US_2381,MV_5569,7.7,Great movie!,2025-07-20 18:07:17
REV_4314,US_6424,MV_3003,7.4,Could be better.,2025-07-27 03:44:27
REV_4315,US_3131,MV_6363,5.1,Could be better.,2025-04-06 11:40:17
REV_4316,US_2933,MV_8720,6.3,Great movie!,2025-04-07 07:58:52
REV_4317,US_3229,MV_9258,7.1,Could be better.,2025-03-26 01:39:37
REV_4318,US_245,MV_2931,2.1,Great movie!,2025-01-23 21:42:23
REV_4319,US_6408,MV_7428,8.0,Could be better.,2024-11-24 20:06:28
REV_4320,US_5015,MV_1279,2.8,Could be better.,2025-06-17 12:20:19
REV_4321,US_7885,MV_1723,2.3,Could be better.,2024-12-08 13:10:26
REV_4322,US_7294,MV_7559,8.8,Great movie!,2025-04-15 13:39:08
REV_4323,US_791,MV_9200,9.4,Great movie!,2025-10-08 01:07:03
REV_4324,US_2641,MV_5477,8.7,Great movie!,2024-04-17 17:45:24
REV_4325,US_1291,MV_5521,3.0,Could be better.,2024-07-25 23:16:50
REV_4326,US_917,MV_9630,1.5,Great movie!,2024-05-26 23:49:06
REV_4327,US_8027,MV_5662,6.5,Could be better.,2025-07-08 21:55:32
REV_4328,US_2894,MV_8069,7.3,Could be better.,2024-09-09 22:25:16
REV_4329,US_1561,MV_3442,8.8,Great movie!,2025-05-13 18:30:18
REV_4330,US_619,MV_816,7.3,Could be better.,2024-06-01 07:29:04
REV_4331,US_8963,MV_145,8.3,Could be better.,2025-01-03 15:23:33
REV_4332,US_5287,MV_5497,3.5,Great movie!,2025-05-23 21:27:27
REV_4333,US_1721,MV_3004,4.0,Great movie!,2024-06-24 02:51:33
REV_4334,US_1017,MV_9811,5.1,Could be better.,2025-03-13 15:54:59
REV_4335,US_8896,MV_7317,3.5,Could be better.,2024-12-26 13:07:39
REV_4336,US_6426,MV_5137,8.0,Great movie!,2024-02-10 05:02:45
REV_4337,US_6509,MV_7195,6.4,Could be better.,2025-06-11 16:35:10
REV_4338,US_6339,MV_5549,2.4,Could be better.,2024-04-17 03:02:25
REV_4339,US_7649,MV_4257,1.6,Great movie!,2024-09-05 05:17:08
REV_4340,US_845,MV_2945,2.4,Could be better.,2024-10-08 18:27:36
REV_4341,US_6382,MV_3141,3.0,Great movie!,2025-10-07 23:25:15
REV_4342,US_3370,MV_5938,2.5,Could be better.,2025-09-13 17:38:35
REV_4343,US_2540,MV_4488,1.1,Great movie!,2024-07-28 18:19:25
REV_4344,US_8502,MV_6949,6.9,Could be better.,2024-06-27 20:52:37
REV_4345,US_9569,MV_1494,3.4,Could be better.,2024-07-20 11:18:29
REV_4346,US_3396,MV_2684,4.8,Could be better.,2024-03-10 09:35:30
REV_4347,US_1150,MV_4526,2.8,Could be better.,2024-03-26 22:17:03
REV_4348,US_3681,MV_7900,4.4,Could be better.,2024-04-13 05:27:41
REV_4349,US_3424,MV_5862,7.9,Could be better.,2025-03-30 23:32:25
REV_4350,US_9691,MV_4398,4.8,Could be better.,2024-03-01 05:29:21
REV_4351,US_6461,MV_9411,4.5,Great movie!,2024-09-23 13:36:41
REV_4352,US_3663,MV_7337,1.8,Great movie!,2024-04-19 14:09:07
REV_4353,US_9458,MV_7942,5.7,Great movie!,2024-08-04 14:20:51
REV_4354,US_3858,MV_9262,3.4,Great movie!,2025-09-06 11:07:50
REV_4355,US_5697,MV_9843,1.5,Could be better.,2024-06-26 04:06:29
REV_4356,US_4618,MV_1824,2.6,Could be better.,2025-12-06 09:56:40
REV_4357,US_1816,MV_6593,5.6,Great movie!,2025-01-06 18:22:18
REV_4358,US_1442,MV_2412,1.3,Could be better.,2024-06-23 00:18:32
REV_4359,US_2193,MV_8018,6.7,Great movie!,2024-01-15 06:42:24
REV_4360,US_9369,MV_8503,9.7,Great movie!,2024-08-02 17:56:14
REV_4362,US_5714,MV_9511,5.8,Great movie!,2024-09-11 15:26:57
REV_4363,US_7741,MV_674,7.2,Great movie!,2025-11-23 14:37:28
REV_4364,US_5196,MV_8501,7.5,Could be better.,2025-09-20 12:19:10
REV_4365,US_7586,MV_6144,6.1,Could be better.,2024-07-26 22:40:57
REV_4366,US_2433,MV_7380,5.8,Great movie!,2025-11-15 12:43:19
REV_4367,US_9918,MV_5564,1.5,Could be better.,2024-05-15 08:50:40
REV_4368,US_9713,MV_5783,5.4,Great movie!,2025-08-27 20:03:06
REV_4370,US_7445,MV_6168,8.2,Great movie!,2024-03-28 19:35:14
REV_4371,US_711,MV_7840,9.9,Could be better.,2024-11-02 17:09:35
REV_4372,US_2292,MV_9104,3.7,Great movie!,2024-09-16 05:04:25
REV_4373,US_7163,MV_3589,2.4,Could be better.,2024-02-04 09:00:05
REV_4374,US_7807,MV_5067,4.5,Great movie!,2024-02-10 14:10:00
REV_4376,US_1013,MV_2174,3.1,Could be better.,2025-05-15 03:05:56
REV_4377,US_2128,MV_7645,8.9,Could be better.,2025-04-20 12:28:47
REV_4378,US_738,MV_8382,3.6,Could be better.,2025-04-21 00:11:32
REV_4379,US_1636,MV_3502,2.9,Great movie!,2024-12-03 12:09:22
REV_4380,US_4247,MV_53,2.3,Great movie!,2025-09-16 14:15:02
REV_4381,US_3205,MV_4198,7.8,Could be better.,2024-06-11 05:54:36
REV_4382,US_9424,MV_7737,3.3,Could be better.,2025-08-24 02:19:59
REV_4383,US_2442,MV_2786,2.8,Great movie!,2024-01-18 14:40:34
REV_4384,US_5395,MV_4186,4.0,Great movie!,2024-05-09 16:38:11
REV_4385,US_5132,MV_1586,7.2,Great movie!,2024-07-07 08:35:26
REV_4386,US_6432,MV_1251,5.1,Could be better.,2025-02-07 20:41:31
REV_4387,US_1584,MV_3189,5.1,Could be better.,2024-09-11 16:09:53
REV_4388,US_7048,MV_7141,9.4,Great movie!,2024-08-18 22:29:26
REV_4389,US_1101,MV_3499,1.2,Great movie!,2024-03-27 19:24:47
REV_4390,US_1551,MV_9208,6.6,Great movie!,2025-05-15 01:57:44
REV_4391,US_3637,MV_5232,8.4,Could be better.,2024-10-17 15:53:15
REV_4392,US_469,MV_3808,2.6,Great movie!,2025-07-04 10:16:31
REV_4393,US_1470,MV_6842,6.9,Could be better.,2024-09-10 07:41:55
REV_4394,US_4238,MV_1756,5.6,Could be better.,2025-01-02 19:56:17
REV_4395,US_9555,MV_9839,6.6,Great movie!,2025-07-01 14:32:17
REV_4396,US_2314,MV_3290,7.3,Could be better.,2024-07-14 06:16:29
REV_4399,US_3606,MV_3627,9.3,Great movie!,2025-03-07 13:22:42
REV_4400,US_8881,MV_5922,1.5,Great movie!,2024-03-02 02:18:54
REV_4401,US_9391,MV_906,4.8,Great movie!,2024-02-17 00:38:02
REV_4404,US_9192,MV_9196,2.9,Great movie!,2025-12-01 19:41:11
REV_4405,US_3249,MV_6221,5.0,Could be better.,2024-09-13 07:25:24
REV_4406,US_4692,MV_9224,7.4,Could be better.,2025-11-21 15:07:40
REV_4407,US_2502,MV_8866,7.3,Could be better.,2025-02-09 22:53:40
REV_4408,US_7661,MV_615,1.3,Great movie!,2025-11-20 12:52:42
REV_4409,US_4057,MV_53,3.8,Could be better.,2024-04-27 20:39:58
REV_4410,US_3947,MV_5616,6.5,Could be better.,2024-11-28 02:13:20
REV_4411,US_7946,MV_6397,2.2,Could be better.,2024-03-01 01:14:22
REV_4412,US_7657,MV_5320,9.4,Could be better.,2024-01-15 22:01:07
REV_4413,US_5712,MV_9007,7.4,Could be better.,2024-04-02 10:06:50
REV_4414,US_2227,MV_4703,3.1,Could be better.,2024-04-24 14:07:01
REV_4415,US_2127,MV_6975,6.4,Could be better.,2024-02-27 12:47:39
REV_4416,US_747,MV_4871,5.2,Great movie!,2024-02-23 10:20:56
REV_4417,US_7940,MV_53,2.5,Could be better.,2025-03-14 07:05:10
REV_4418,US_4036,MV_7222,3.5,Could be better.,2024-07-31 05:07:31
REV_4419,US_8163,MV_1622,2.2,Great movie!,2024-01-31 23:21:03
REV_4421,US_8711,MV_8276,3.3,Great movie!,2024-01-03 08:38:36
REV_4422,US_9632,MV_1726,1.2,Could be better.,2024-08-13 01:57:47
REV_4423,US_5506,MV_4231,5.6,Great movie!,2025-11-26 16:50:52
REV_4424,US_2540,MV_6703,6.5,Great movie!,2025-07-31 23:18:16
REV_4425,US_3847,MV_2171,9.2,Great movie!,2024-02-14 04:15:34
REV_4427,US_7665,MV_1646,9.9,Great movie!,2024-06-07 18:25:02
REV_4428,US_6280,MV_5496,4.5,Great movie!,2025-12-19 06:37:19
REV_4429,US_3753,MV_6655,8.2,Could be better.,2024-09-03 09:30:09
REV_4430,US_8897,MV_75,3.1,Great movie!,2024-09-03 07:53:25
REV_4431,US_5712,MV_666,8.4,Could be better.,2024-01-13 05:53:59
REV_4432,US_3959,MV_1027,6.5,Could be better.,2025-01-31 14:32:53
REV_4433,US_1617,MV_8063,8.5,Could be better.,2024-04-08 07:17:38
REV_4434,US_8786,MV_2992,9.9,Great movie!,2025-12-11 14:29:10
REV_4435,US_7908,MV_9456,8.9,Great movie!,2024-01-23 19:40:00
REV_4436,US_7293,MV_6786,8.0,Could be better.,2025-11-29 04:37:03
REV_4437,US_2406,MV_9986,4.0,Could be better.,2024-03-17 17:01:59
REV_4438,US_1612,MV_7497,7.1,Could be better.,2025-05-11 04:46:47
REV_4439,US_3019,MV_1606,1.6,Great movie!,2024-02-20 22:28:08
REV_4440,US_8990,MV_7870,3.4,Great movie!,2024-05-07 17:08:44
REV_4441,US_1956,MV_3719,2.0,Great movie!,2024-09-16 13:12:09
REV_4442,US_6104,MV_1862,4.8,Great movie!,2024-05-09 10:05:41
REV_4443,US_8957,MV_5174,7.3,Could be better.,2024-01-07 01:29:02
REV_4444,US_6935,MV_5777,3.9,Could be better.,2025-01-06 03:31:02
REV_4445,US_4648,MV_1683,2.5,Great movie!,2024-11-02 17:59:22
REV_4446,US_6501,MV_3711,9.6,Could be better.,2025-05-25 20:49:22
REV_4447,US_9652,MV_7538,2.1,Great movie!,2024-11-13 10:46:59
REV_4448,US_499,MV_8984,3.0,Great movie!,2024-10-06 20:44:32
REV_4449,US_9625,MV_9255,8.2,Could be better.,2025-07-14 14:58:35
REV_4450,US_2532,MV_9164,2.4,Great movie!,2024-12-16 23:41:27
REV_4451,US_213,MV_6682,4.8,Could be better.,2024-05-04 16:46:07
REV_4452,US_3389,MV_4565,4.3,Could be better.,2025-03-29 12:44:34
REV_4453,US_1962,MV_1451,2.2,Great movie!,2024-12-17 09:31:03
REV_4455,US_9887,MV_5594,8.8,Great movie!,2025-07-29 23:32:04
REV_4456,US_1238,MV_997,9.3,Could be better.,2024-10-26 08:35:59
REV_4457,US_7339,MV_526,7.3,Could be better.,2025-07-31 00:20:29
REV_4458,US_3865,MV_4221,5.3,Could be better.,2024-09-29 16:06:00
REV_4459,US_5831,MV_5018,4.9,Great movie!,2025-04-18 01:09:32
REV_4460,US_3058,MV_7619,2.0,Could be better.,2025-10-18 08:36:51
REV_4461,US_7924,MV_3751,7.3,Could be better.,2024-05-28 09:27:46
REV_4462,US_4411,MV_9315,8.8,Could be better.,2025-04-06 06:43:08
REV_4463,US_152,MV_8020,8.8,Great movie!,2025-05-22 05:57:03
REV_4464,US_2145,MV_6569,3.5,Great movie!,2024-02-12 17:12:25
REV_4465,US_4330,MV_5326,4.3,Great movie!,2025-02-28 22:59:53
REV_4466,US_7559,MV_2141,3.7,Great movie!,2024-05-30 14:49:22
REV_4467,US_388,MV_5522,2.9,Could be better.,2024-12-21 07:27:40
REV_4469,US_6535,MV_1622,5.8,Could be better.,2025-06-28 06:09:33
REV_4470,US_162,MV_9361,2.9,Great movie!,2025-09-21 01:13:38
REV_4471,US_2673,MV_8611,5.1,Could be better.,2025-04-06 07:31:00
REV_4472,US_9730,MV_3614,1.3,Great movie!,2024-10-19 01:33:14
REV_4473,US_2989,MV_3275,9.5,Great movie!,2025-03-12 03:06:58
REV_4474,US_2559,MV_8808,3.3,Great movie!,2024-10-27 10:40:23
REV_4475,US_6448,MV_4581,2.7,Could be better.,2024-03-10 15:28:09
REV_4476,US_7607,MV_7972,5.1,Great movie!,2024-12-21 07:10:26
REV_4477,US_7501,MV_4178,6.7,Great movie!,2024-07-25 22:30:19
REV_4478,US_9525,MV_2878,1.0,Could be better.,2024-06-22 13:25:43
REV_4479,US_676,MV_2643,2.8,Great movie!,2025-05-22 08:07:40
REV_4480,US_792,MV_6547,8.5,Great movie!,2025-07-28 15:23:40
REV_4482,US_2925,MV_8817,5.4,Great movie!,2024-08-16 21:44:09
REV_4483,US_6207,MV_438,2.4,Great movie!,2025-04-25 22:37:05
REV_4484,US_9820,MV_8892,3.6,Great movie!,2025-12-02 10:27:35
REV_4485,US_2659,MV_5245,3.6,Could be better.,2025-02-26 12:03:47
REV_4486,US_3196,MV_4622,9.2,Could be better.,2024-07-09 04:23:21
REV_4488,US_1478,MV_4618,5.8,Great movie!,2024-04-06 05:50:40
REV_4489,US_7500,MV_6065,8.0,Great movie!,2025-06-24 20:17:00
REV_4490,US_1185,MV_514,7.8,Great movie!,2024-02-22 05:44:48
REV_4491,US_4838,MV_2106,3.6,Could be better.,2025-10-28 12:22:57
REV_4492,US_7936,MV_1965,4.0,Could be better.,2025-08-29 00:41:57
REV_4493,US_7178,MV_9968,3.7,Could be better.,2025-12-18 20:41:39
REV_4494,US_6465,MV_2184,4.2,Could be better.,2024-04-01 08:58:29
REV_4495,US_4749,MV_6844,7.9,Great movie!,2024-09-10 12:52:33
REV_4496,US_7590,MV_451,9.0,Could be better.,2024-06-10 07:53:01
REV_4498,US_2820,MV_8979,4.7,Could be better.,2024-02-19 22:16:42
REV_4499,US_5749,MV_9116,7.8,Great movie!,2025-09-21 14:08:29
REV_4500,US_3525,MV_1380,1.4,Could be better.,2024-10-01 13:18:09
REV_4501,US_8385,MV_3526,2.5,Great movie!,2024-10-23 02:15:00
REV_4502,US_9465,MV_6615,5.8,Great movie!,2025-12-06 01:50:10
REV_4503,US_5105,MV_1205,6.3,Could be better.,2025-10-16 05:10:52
REV_4504,US_6156,MV_8012,4.8,Could be better.,2025-06-17 01:05:40
REV_4505,US_7447,MV_2935,9.4,Could be better.,2025-11-22 04:37:08
REV_4506,US_4570,MV_6430,6.8,Could be better.,2024-10-08 17:38:42
REV_4507,US_3567,MV_7852,5.1,Could be better.,2025-11-22 21:17:02
REV_4508,US_4777,MV_8505,2.6,Could be better.,2024-08-28 11:29:35
REV_4509,US_2828,MV_1222,5.3,Could be better.,2024-01-01 09:51:12
REV_4510,US_1307,MV_793,9.5,Great movie!,2024-05-18 14:17:08
REV_4511,US_4515,MV_6939,6.5,Great movie!,2025-12-03 12:21:22
REV_4512,US_5904,MV_8692,5.6,Great movie!,2024-01-04 11:29:54
REV_4513,US_3455,MV_2728,3.9,Great movie!,2024-02-08 09:59:50
REV_4514,US_7631,MV_3930,8.6,Could be better.,2025-06-15 20:55:24
REV_4515,US_7880,MV_6716,7.4,Great movie!,2025-11-20 08:44:25
REV_4516,US_9006,MV_9498,7.1,Great movie!,2024-05-11 02:01:05
REV_4517,US_6333,MV_1813,3.8,Great movie!,2025-12-26 16:44:39
REV_4518,US_9909,MV_5031,9.2,Could be better.,2025-08-09 03:24:57
REV_4519,US_843,MV_4724,4.0,Great movie!,2024-10-16 05:38:16
REV_4520,US_8305,MV_2120,8.2,Could be better.,2025-12-12 20:42:54
REV_4521,US_869,MV_5216,9.4,Great movie!,2025-07-31 11:22:55
REV_4522,US_4779,MV_1419,5.8,Could be better.,2025-01-25 11:50:00
REV_4523,US_7305,MV_3553,5.6,Great movie!,2025-07-21 07:26:16
REV_4524,US_584,MV_2243,9.7,Great movie!,2024-03-03 03:05:07
REV_4525,US_807,MV_6481,6.6,Could be better.,2024-08-13 11:31:08
REV_4526,US_7577,MV_9447,6.0,Could be better.,2025-07-05 09:50:54
REV_4527,US_2989,MV_3291,5.4,Great movie!,2025-06-26 16:54:36
REV_4528,US_5218,MV_65,1.7,Could be better.,2025-11-10 19:23:40
REV_4529,US_7984,MV_8385,8.9,Could be better.,2024-02-12 09:26:50
REV_4530,US_1243,MV_380,4.8,Could be better.,2024-07-13 02:02:54
REV_4531,US_7298,MV_3005,9.4,Great movie!,2024-06-01 18:14:21
REV_4532,US_4508,MV_4060,1.8,Could be better.,2024-01-17 12:17:56
REV_4533,US_4188,MV_1331,2.0,Could be better.,2024-11-28 12:05:09
REV_4534,US_6764,MV_288,5.0,Could be better.,2024-03-27 02:38:26
REV_4535,US_1197,MV_429,8.5,Great movie!,2025-08-16 13:56:53
REV_4536,US_31,MV_6829,5.4,Great movie!,2025-08-16 17:05:05
REV_4537,US_9443,MV_2558,6.9,Great movie!,2025-09-14 03:31:09
REV_4539,US_4597,MV_4231,8.0,Could be better.,2025-07-20 22:03:47
REV_4540,US_4969,MV_8425,7.3,Great movie!,2024-11-03 07:53:23
REV_4541,US_2338,MV_6103,3.5,Great movie!,2025-10-17 23:15:42
REV_4542,US_2229,MV_9328,6.6,Could be better.,2025-12-21 13:09:50
REV_4543,US_2650,MV_8605,8.0,Great movie!,2025-02-16 11:52:45
REV_4544,US_2137,MV_7494,7.6,Could be better.,2025-11-24 15:02:00
REV_4545,US_2697,MV_5396,7.8,Could be better.,2024-06-13 11:08:44
REV_4546,US_5518,MV_8333,8.0,Great movie!,2024-04-15 19:54:35
REV_4547,US_5498,MV_3424,8.8,Could be better.,2025-03-30 19:18:40
REV_4548,US_9321,MV_2638,10.0,Great movie!,2024-11-30 17:33:45
REV_4549,US_6268,MV_8733,6.6,Great movie!,2025-10-19 15:11:08
REV_4550,US_2010,MV_8829,6.0,Great movie!,2025-03-14 14:56:26
REV_4551,US_796,MV_9969,7.4,Great movie!,2024-05-16 03:28:57
REV_4552,US_3472,MV_8737,8.2,Great movie!,2025-03-20 22:23:04
REV_4553,US_2817,MV_9651,5.0,Could be better.,2025-11-28 04:08:47
REV_4554,US_557,MV_2474,1.3,Could be better.,2024-11-29 09:13:45
REV_4555,US_6808,MV_5460,4.1,Could be better.,2024-03-26 13:43:59
REV_4556,US_6156,MV_3552,5.2,Great movie!,2025-03-12 09:20:31
REV_4557,US_5341,MV_1044,1.3,Great movie!,2024-03-24 13:36:08
REV_4558,US_6535,MV_1158,4.1,Could be better.,2024-02-22 22:58:12
REV_4559,US_2571,MV_5404,6.1,Great movie!,2025-05-18 22:09:15
REV_4560,US_2672,MV_9459,3.4,Great movie!,2024-01-23 13:05:47
REV_4561,US_8486,MV_9734,6.3,Great movie!,2025-11-08 17:00:38
REV_4562,US_5288,MV_8789,9.7,Could be better.,2025-03-16 22:28:48
REV_4563,US_4005,MV_3434,4.5,Great movie!,2025-03-15 09:07:00
REV_4564,US_1474,MV_1882,7.2,Could be better.,2025-09-25 11:24:56
REV_4565,US_6449,MV_2971,9.1,Could be better.,2024-11-15 22:30:22
REV_4566,US_8058,MV_8906,4.5,Could be better.,2025-06-23 12:33:33
REV_4567,US_9217,MV_2059,6.1,Great movie!,2025-10-17 00:18:22
REV_4568,US_7258,MV_4564,4.0,Great movie!,2025-11-27 12:07:32
REV_4569,US_3200,MV_7734,8.8,Could be better.,2025-09-30 13:07:43
REV_4570,US_9035,MV_9274,7.4,Great movie!,2024-12-17 14:07:54
REV_4571,US_6892,MV_4856,4.1,Could be better.,2025-04-13 22:36:51
REV_4572,US_5155,MV_9565,8.3,Could be better.,2024-12-30 06:44:51
REV_4574,US_6702,MV_3933,3.3,Great movie!,2024-04-23 06:03:14
REV_4575,US_4060,MV_4636,9.5,Great movie!,2025-09-28 17:35:53
REV_4576,US_8845,MV_3856,2.9,Great movie!,2025-07-29 11:55:45
REV_4577,US_667,MV_7419,6.8,Could be better.,2025-08-10 02:39:17
REV_4578,US_2152,MV_3486,1.1,Great movie!,2024-07-15 14:37:29
REV_4579,US_9068,MV_1913,6.9,Could be better.,2025-12-04 07:19:33
REV_4580,US_7478,MV_3950,6.0,Great movie!,2025-09-03 16:56:34
REV_4581,US_2405,MV_4249,9.7,Great movie!,2024-02-15 16:25:51
REV_4582,US_25,MV_1952,6.9,Great movie!,2024-02-01 06:58:35
REV_4583,US_4215,MV_4171,7.4,Great movie!,2025-06-07 00:46:42
REV_4584,US_8518,MV_2048,1.8,Great movie!,2025-03-04 04:23:38
REV_4585,US_6602,MV_4933,5.0,Great movie!,2024-12-29 23:57:06
REV_4586,US_6636,MV_6385,4.2,Could be better.,2024-07-25 21:57:12
REV_4587,US_335,MV_2356,1.1,Great movie!,2025-05-06 05:04:06
REV_4588,US_1353,MV_7449,4.2,Great movie!,2025-06-19 06:16:14
REV_4589,US_3079,MV_6182,1.3,Could be better.,2024-05-27 18:52:25
REV_4590,US_559,MV_6184,2.5,Great movie!,2024-01-23 05:05:29
REV_4591,US_4482,MV_7754,8.0,Great movie!,2025-05-23 10:55:52
REV_4592,US_3410,MV_501,8.2,Great movie!,2025-02-18 07:45:03
REV_4593,US_4874,MV_3982,2.4,Great movie!,2025-08-16 16:28:06
REV_4594,US_7355,MV_2255,7.8,Great movie!,2025-06-02 00:09:52
REV_4595,US_3581,MV_4792,7.6,Could be better.,2025-06-02 19:46:43
REV_4596,US_1617,MV_8350,9.1,Could be better.,2025-04-26 12:20:40
REV_4597,US_6845,MV_1910,8.4,Great movie!,2025-01-20 16:17:42
REV_4598,US_6494,MV_845,5.2,Great movie!,2024-01-02 00:37:49
REV_4599,US_5014,MV_8578,3.7,Could be better.,2025-12-08 10:03:39
REV_4600,US_3753,MV_3794,7.3,Great movie!,2024-08-21 07:12:20
REV_4601,US_3132,MV_3789,9.4,Could be better.,2025-08-20 23:39:17
REV_4602,US_6938,MV_7458,8.6,Could be better.,2024-09-01 11:50:13
REV_4603,US_9007,MV_4833,1.1,Could be better.,2024-08-07 00:50:46
REV_4604,US_9596,MV_2149,3.2,Great movie!,2024-06-23 21:03:19
REV_4605,US_4156,MV_3620,1.2,Could be better.,2025-10-04 15:44:52
REV_4606,US_4271,MV_1310,4.1,Great movie!,2024-10-03 11:21:46
REV_4607,US_912,MV_6169,7.4,Could be better.,2024-05-02 00:16:38
REV_4608,US_4625,MV_1822,4.0,Great movie!,2025-12-17 01:59:44
REV_4609,US_5503,MV_9322,1.5,Great movie!,2025-12-16 02:41:33
REV_4610,US_6245,MV_8109,1.8,Could be better.,2024-10-17 21:52:46
REV_4611,US_5438,MV_7541,3.0,Great movie!,2025-10-14 21:48:44
REV_4612,US_1690,MV_9695,3.1,Great movie!,2025-09-05 06:26:53
REV_4613,US_1332,MV_703,9.5,Great movie!,2025-11-09 02:41:12
REV_4614,US_6506,MV_6420,4.3,Could be better.,2025-01-03 16:38:56
REV_4615,US_2658,MV_8407,7.3,Could be better.,2025-03-14 20:00:16
REV_4616,US_4486,MV_7911,3.2,Great movie!,2025-11-12 07:37:30
REV_4617,US_6437,MV_1507,4.7,Great movie!,2024-04-16 14:04:09
REV_4618,US_8389,MV_2758,1.6,Great movie!,2025-07-23 01:15:17
REV_4619,US_1704,MV_2209,6.9,Could be better.,2024-10-03 19:19:34
REV_4620,US_3664,MV_6150,3.7,Great movie!,2025-07-21 08:58:43
REV_4621,US_4355,MV_8730,5.0,Could be better.,2024-12-20 12:40:56
REV_4622,US_1577,MV_9528,5.4,Great movie!,2025-12-26 09:47:21
REV_4623,US_8127,MV_1328,5.6,Great movie!,2025-04-25 05:06:14
REV_4624,US_1358,MV_2557,8.0,Could be better.,2024-05-08 04:05:36
REV_4625,US_3971,MV_2607,8.9,Could be better.,2024-10-19 13:46:04
REV_4626,US_4659,MV_1539,7.5,Could be better.,2025-09-06 13:43:28
REV_4627,US_7409,MV_3324,3.3,Great movie!,2024-06-28 03:49:58
REV_4629,US_1719,MV_8440,7.8,Great movie!,2025-06-15 21:29:44
REV_4630,US_5847,MV_5305,3.1,Great movie!,2025-08-04 01:06:58
REV_4631,US_3115,MV_9580,2.2,Great movie!,2024-11-06 20:18:29
REV_4632,US_3880,MV_8761,9.1,Great movie!,2025-03-10 00:43:03
REV_4633,US_1360,MV_3710,3.7,Could be better.,2024-12-05 05:18:09
REV_4635,US_702,MV_5628,9.7,Could be better.,2025-08-22 23:08:03
REV_4636,US_8332,MV_4767,6.1,Great movie!,2025-11-06 07:33:29
REV_4637,US_243,MV_7389,5.0,Could be better.,2024-01-04 03:47:40
REV_4638,US_791,MV_3940,6.3,Great movie!,2024-12-17 17:29:20
REV_4639,US_3500,MV_8943,4.8,Could be better.,2024-09-28 06:57:19
REV_4641,US_5519,MV_5246,2.7,Great movie!,2024-01-25 23:28:16
REV_4642,US_4101,MV_2198,8.3,Great movie!,2025-05-26 19:26:31
REV_4643,US_3742,MV_869,9.0,Great movie!,2024-01-11 03:39:47
REV_4644,US_4198,MV_304,7.9,Great movie!,2025-07-12 03:38:32
REV_4645,US_4321,MV_4329,4.1,Great movie!,2025-01-24 22:18:00
REV_4646,US_2063,MV_8035,5.7,Could be better.,2024-09-01 05:47:19
REV_4647,US_4273,MV_8958,8.1,Could be better.,2025-07-10 16:46:24
REV_4648,US_2694,MV_2364,8.7,Great movie!,2025-09-27 22:31:32
REV_4649,US_2245,MV_9456,5.7,Could be better.,2024-12-15 13:28:19
REV_4650,US_4979,MV_9674,5.4,Could be better.,2025-10-23 06:42:51
REV_4651,US_862,MV_4859,5.4,Great movie!,2025-02-28 02:27:27
REV_4652,US_7059,MV_1920,3.0,Could be better.,2025-06-27 09:34:25
REV_4653,US_1220,MV_3759,2.5,Great movie!,2025-02-26 20:19:35
REV_4654,US_9722,MV_491,7.8,Could be better.,2025-09-22 18:16:08
REV_4655,US_9478,MV_4958,2.6,Great movie!,2024-12-23 14:19:49
REV_4657,US_5272,MV_7612,6.7,Great movie!,2024-08-04 13:18:37
REV_4658,US_2957,MV_9971,4.4,Could be better.,2025-08-01 19:44:17
REV_4659,US_4947,MV_5824,2.3,Could be better.,2025-02-09 16:16:07
REV_4660,US_7381,MV_1245,1.1,Could be better.,2024-12-15 05:21:56
REV_4661,US_9318,MV_5591,1.5,Could be better.,2025-11-14 00:48:24
REV_4662,US_6326,MV_8935,4.3,Great movie!,2024-02-03 14:23:24
REV_4663,US_6011,MV_1321,1.0,Could be better.,2024-09-28 06:32:56
REV_4664,US_4955,MV_3280,2.8,Could be better.,2024-08-11 00:35:08
REV_4665,US_5162,MV_1525,8.8,Great movie!,2024-04-07 23:10:42
REV_4666,US_3937,MV_5765,8.8,Could be better.,2024-02-09 16:44:57
REV_4668,US_5254,MV_4922,2.8,Could be better.,2024-12-06 12:41:02
REV_4669,US_1752,MV_4930,1.0,Great movie!,2025-06-18 01:24:50
REV_4670,US_3130,MV_4424,6.2,Could be better.,2025-01-24 10:06:03
REV_4671,US_8714,MV_1271,2.8,Could be better.,2024-06-21 18:39:30
REV_4672,US_7774,MV_4537,3.2,Could be better.,2024-04-24 19:16:35
REV_4673,US_82,MV_4651,5.4,Could be better.,2025-02-04 15:51:37
REV_4674,US_6463,MV_1520,7.4,Could be better.,2025-09-15 04:54:42
REV_4675,US_3504,MV_6716,1.2,Great movie!,2025-05-11 04:49:27
REV_4676,US_2897,MV_6686,7.8,Could be better.,2025-08-23 12:09:33
REV_4677,US_9448,MV_1406,2.5,Could be better.,2024-12-12 15:51:44
REV_4678,US_6420,MV_9162,3.4,Great movie!,2024-06-16 03:14:05
REV_4679,US_73,MV_6329,8.3,Could be better.,2024-05-29 11:43:55
REV_4680,US_3573,MV_8661,8.5,Could be better.,2025-03-17 20:01:01
REV_4682,US_6891,MV_8284,4.1,Great movie!,2025-07-04 11:20:34
REV_4683,US_5626,MV_6603,8.6,Could be better.,2025-12-03 19:14:38
REV_4684,US_8518,MV_4702,3.2,Great movie!,2025-03-25 01:54:37
REV_4685,US_9292,MV_3886,6.5,Great movie!,2024-01-17 09:55:40
REV_4686,US_965,MV_7855,7.8,Could be better.,2025-11-04 18:06:49
REV_4687,US_1612,MV_9509,1.3,Could be better.,2024-09-07 05:47:22
REV_4689,US_7590,MV_2174,2.9,Could be better.,2024-12-14 19:49:06
REV_4690,US_4276,MV_6868,1.4,Great movie!,2024-04-18 04:07:05
REV_4691,US_7456,MV_6403,7.2,Could be better.,2025-05-01 13:06:50
REV_4692,US_8014,MV_744,7.4,Could be better.,2025-09-16 04:49:13
REV_4695,US_1259,MV_2852,2.6,Great movie!,2025-07-10 16:05:18
REV_4696,US_9896,MV_8209,10.0,Great movie!,2024-06-01 19:44:57
REV_4697,US_7701,MV_1386,9.5,Could be better.,2024-10-10 17:29:34
REV_4698,US_5922,MV_6610,2.1,Could be better.,2025-08-24 06:16:54
REV_4700,US_1144,MV_1159,7.1,Great movie!,2024-04-15 13:17:16
REV_4701,US_650,MV_9978,5.2,Could be better.,2025-01-05 03:40:52
REV_4702,US_9548,MV_9992,4.3,Great movie!,2025-11-14 02:49:50
REV_4703,US_1837,MV_674,4.0,Great movie!,2024-09-22 04:53:57
REV_4704,US_3965,MV_59,3.1,Great movie!,2024-09-14 00:46:29
REV_4705,US_9011,MV_3504,9.5,Could be better.,2024-02-20 00:29:51
REV_4706,US_220,MV_7921,9.8,Great movie!,2024-12-13 09:55:53
REV_4708,US_4128,MV_1253,1.1,Could be better.,2025-04-29 07:16:42
REV_4709,US_8358,MV_2901,7.8,Great movie!,2025-08-22 13:36:31
REV_4710,US_1592,MV_2979,6.4,Could be better.,2025-05-24 19:41:15
REV_4711,US_5001,MV_9440,1.4,Could be better.,2025-07-21 05:50:57
REV_4713,US_8427,MV_5484,1.2,Could be better.,2025-11-11 06:44:11
REV_4714,US_4703,MV_8899,5.1,Great movie!,2024-01-01 10:03:25
REV_4715,US_9944,MV_3868,8.6,Great movie!,2025-03-26 01:21:36
REV_4716,US_9420,MV_5232,3.6,Could be better.,2024-10-06 23:11:41
REV_4717,US_2374,MV_6045,8.7,Great movie!,2025-12-08 18:23:45
REV_4718,US_2807,MV_8806,5.5,Great movie!,2024-02-29 07:14:20
REV_4719,US_8982,MV_1739,6.4,Great movie!,2025-12-04 21:29:35
REV_4720,US_7570,MV_3198,3.4,Could be better.,2024-01-30 22:13:46
REV_4721,US_6140,MV_951,1.9,Could be better.,2024-02-10 04:30:00
REV_4722,US_3132,MV_6866,3.2,Great movie!,2024-02-28 06:22:44
REV_4723,US_7272,MV_6131,8.8,Great movie!,2024-07-15 08:32:21
REV_4724,US_4605,MV_9793,4.7,Great movie!,2024-12-12 01:33:34
REV_4725,US_5581,MV_7447,5.1,Great movie!,2024-08-14 22:35:51
REV_4726,US_5414,MV_4919,3.3,Could be better.,2024-10-30 06:59:36
REV_4727,US_5577,MV_5079,8.9,Great movie!,2024-09-30 08:07:12
REV_4728,US_3691,MV_9175,8.1,Could be better.,2025-09-23 11:46:19
REV_4729,US_6954,MV_8656,9.5,Could be better.,2025-03-02 16:59:36
REV_4730,US_7398,MV_3082,4.1,Could be better.,2025-10-19 09:41:42
REV_4731,US_4213,MV_6723,3.6,Could be better.,2024-04-20 20:38:55
REV_4733,US_3321,MV_4297,1.1,Great movie!,2025-04-24 11:28:04
REV_4734,US_864,MV_5563,7.4,Great movie!,2025-04-18 05:53:14
REV_4735,US_1671,MV_2544,1.2,Could be better.,2025-12-19 12:42:59
REV_4736,US_4224,MV_1374,2.6,Great movie!,2024-06-06 14:49:21
REV_4737,US_4112,MV_3825,5.3,Great movie!,2025-09-08 08:55:44
REV_4738,US_4315,MV_4238,9.3,Great movie!,2025-12-20 08:49:26
REV_4739,US_3038,MV_2941,1.9,Could be better.,2025-09-15 20:52:20
REV_4740,US_5863,MV_1930,3.6,Could be better.,2025-06-17 12:10:49
REV_4741,US_4719,MV_3388,4.2,Could be better.,2024-08-14 03:51:58
REV_4742,US_8545,MV_8644,8.4,Could be better.,2024-06-17 14:49:36
REV_4743,US_8030,MV_9685,4.0,Could be better.,2024-12-22 17:38:09
REV_4744,US_6614,MV_6019,4.3,Could be better.,2024-01-04 18:14:49
REV_4745,US_5951,MV_8836,7.1,Great movie!,2025-08-26 22:18:05
REV_4746,US_4448,MV_72,1.6,Could be better.,2024-08-05 09:40:55
REV_4747,US_4075,MV_1250,8.5,Could be better.,2025-02-21 13:00:20
REV_4748,US_4829,MV_292,1.6,Could be better.,2025-06-29 07:42:26
REV_4749,US_769,MV_7916,1.6,Great movie!,2025-08-23 18:02:23
REV_4750,US_6327,MV_1894,5.9,Great movie!,2025-03-02 17:30:23
REV_4751,US_1781,MV_7976,3.7,Could be better.,2025-07-19 06:21:41
REV_4752,US_287,MV_2088,5.2,Could be better.,2024-01-02 21:37:34
REV_4754,US_1871,MV_2389,5.9,Could be better.,2025-07-27 15:25:41
REV_4755,US_6705,MV_5078,7.7,Could be better.,2025-05-25 19:21:53
REV_4756,US_3055,MV_9284,7.1,Great movie!,2025-03-07 23:50:42
REV_4757,US_6845,MV_4694,7.0,Could be better.,2024-08-24 06:21:38
REV_4758,US_6506,MV_7704,7.4,Great movie!,2025-12-20 00:32:07
REV_4759,US_1665,MV_1436,8.9,Could be better.,2025-06-11 02:36:21
REV_4760,US_707,MV_6812,4.5,Could be better.,2024-07-11 20:53:52
REV_4761,US_9834,MV_608,9.2,Great movie!,2024-07-01 08:49:51
REV_4763,US_6973,MV_4422,3.5,Could be better.,2025-09-28 22:05:52
REV_4764,US_1104,MV_4630,6.9,Great movie!,2024-10-17 20:05:02
REV_4765,US_7390,MV_3704,8.6,Could be better.,2024-02-13 10:54:28
REV_4766,US_848,MV_2132,8.4,Great movie!,2024-12-10 06:39:04
REV_4769,US_2911,MV_5964,9.0,Could be better.,2025-03-04 08:44:59
REV_4770,US_7369,MV_4433,4.1,Great movie!,2024-03-05 18:24:13
REV_4771,US_9006,MV_4619,9.4,Great movie!,2025-03-09 04:24:06
REV_4772,US_261,MV_4009,1.6,Great movie!,2024-10-22 22:45:08
REV_4773,US_1813,MV_9931,6.7,Great movie!,2024-03-19 19:46:57
REV_4774,US_2392,MV_5928,4.7,Great movie!,2025-08-02 05:04:53
REV_4775,US_6065,MV_7830,9.2,Great movie!,2024-03-08 17:17:22
REV_4776,US_3647,MV_1899,4.3,Great movie!,2024-04-03 19:46:31
REV_4777,US_567,MV_1689,2.8,Could be better.,2025-03-01 15:57:34
REV_4778,US_8112,MV_5378,9.3,Could be better.,2024-02-28 01:39:12
REV_4779,US_3963,MV_899,5.7,Could be better.,2025-03-14 23:23:11
REV_4780,US_8109,MV_5884,1.0,Could be better.,2025-05-01 09:23:30
REV_4781,US_7157,MV_1141,3.4,Could be better.,2025-11-17 12:41:09
REV_4782,US_1924,MV_9717,3.8,Could be better.,2025-02-01 04:21:57
REV_4783,US_7478,MV_1843,7.5,Could be better.,2025-07-22 01:21:10
REV_4784,US_2472,MV_1568,9.6,Could be better.,2024-11-05 19:25:05
REV_4785,US_4720,MV_2662,8.3,Great movie!,2025-01-08 21:39:40
REV_4786,US_1158,MV_8943,4.8,Great movie!,2024-06-23 17:03:02
REV_4787,US_6348,MV_4427,1.1,Great movie!,2024-03-22 05:25:37
REV_4789,US_3418,MV_3523,7.9,Great movie!,2025-12-28 10:09:54
REV_4790,US_3379,MV_903,1.4,Great movie!,2024-08-17 22:22:42
REV_4791,US_848,MV_398,3.1,Could be better.,2025-01-28 07:12:24
REV_4792,US_8931,MV_3580,9.0,Great movie!,2025-01-06 09:06:36
REV_4793,US_8900,MV_5310,8.8,Great movie!,2024-07-06 20:34:39
REV_4794,US_774,MV_2069,9.4,Great movie!,2025-08-26 00:26:52
REV_4795,US_1630,MV_2646,1.9,Could be better.,2025-08-01 10:29:35
REV_4796,US_5780,MV_9849,9.2,Could be better.,2025-06-17 08:47:25
REV_4797,US_4667,MV_145,4.4,Could be better.,2024-10-31 10:20:48
REV_4798,US_6322,MV_2120,9.4,Could be better.,2025-01-06 19:35:22
REV_4799,US_7527,MV_286,3.1,Could be better.,2025-03-08 03:08:00
REV_4801,US_5688,MV_4075,7.7,Great movie!,2025-12-27 12:56:05
REV_4802,US_1264,MV_9487,1.5,Great movie!,2025-09-23 07:20:38
REV_4803,US_391,MV_810,4.1,Could be better.,2024-06-05 18:10:45
REV_4804,US_7964,MV_9518,9.3,Could be better.,2024-08-17 07:43:17
REV_4805,US_8926,MV_8094,5.0,Great movie!,2024-02-25 16:13:33
REV_4806,US_6084,MV_409,1.1,Could be better.,2025-05-05 05:52:00
REV_4807,US_3961,MV_6103,2.6,Great movie!,2025-02-28 18:40:21
REV_4808,US_1602,MV_6714,5.4,Great movie!,2024-07-09 17:32:56
REV_4809,US_7359,MV_2803,6.8,Great movie!,2025-12-26 23:24:03
REV_4810,US_6658,MV_8010,4.1,Could be better.,2025-07-06 15:39:05
REV_4811,US_8972,MV_2240,1.4,Could be better.,2024-03-12 19:33:09
REV_4812,US_1707,MV_6182,1.5,Great movie!,2025-08-23 11:29:11
REV_4813,US_44,MV_7400,2.1,Could be better.,2024-06-15 15:21:43
REV_4814,US_3950,MV_5411,8.6,Great movie!,2025-12-27 02:43:56
REV_4815,US_4475,MV_9893,3.9,Could be better.,2025-12-15 11:04:17
REV_4816,US_7862,MV_7992,4.6,Great movie!,2024-07-02 09:04:49
REV_4817,US_1382,MV_7985,8.1,Great movie!,2025-02-14 16:03:12
REV_4819,US_2873,MV_8952,6.0,Great movie!,2024-04-09 12:40:59
REV_4820,US_9726,MV_4853,1.1,Could be better.,2025-08-25 07:55:06
REV_4821,US_8199,MV_1569,1.5,Could be better.,2025-07-18 19:47:31
REV_4823,US_7104,MV_8020,8.1,Great movie!,2024-09-29 23:20:56
REV_4824,US_1957,MV_3880,9.7,Great movie!,2025-07-05 17:05:13
REV_4825,US_6932,MV_1393,5.0,Great movie!,2025-07-18 05:15:00
REV_4826,US_9338,MV_2084,9.3,Could be better.,2024-02-22 22:37:05
REV_4827,US_166,MV_9013,8.4,Great movie!,2024-11-20 10:15:11
REV_4829,US_7804,MV_4999,4.8,Could be better.,2025-03-21 12:36:37
REV_4830,US_8871,MV_3643,1.9,Could be better.,2024-05-24 05:58:21
REV_4831,US_5789,MV_3342,2.4,Could be better.,2025-12-15 14:29:31
REV_4833,US_5087,MV_9276,7.1,Could be better.,2025-05-18 23:08:59
REV_4834,US_8981,MV_6279,7.5,Could be better.,2024-01-21 10:35:35
REV_4835,US_9771,MV_361,2.8,Could be better.,2025-02-16 12:25:56
REV_4836,US_5429,MV_4570,6.7,Great movie!,2025-08-06 04:45:16
REV_4837,US_7355,MV_7300,1.5,Could be better.,2024-11-01 11:38:46
REV_4839,US_1483,MV_3340,6.9,Great movie!,2025-02-08 03:04:09
REV_4840,US_4787,MV_7132,7.4,Could be better.,2025-01-23 22:22:36
REV_4841,US_6231,MV_7771,1.3,Great movie!,2024-10-26 01:48:45
REV_4842,US_635,MV_6476,4.9,Could be better.,2025-09-30 09:59:18
REV_4843,US_502,MV_3147,1.9,Great movie!,2024-06-05 15:26:49
REV_4844,US_5644,MV_4468,4.8,Could be better.,2025-02-16 14:51:11
REV_4845,US_281,MV_1718,2.7,Could be better.,2024-03-02 04:50:24
REV_4847,US_374,MV_3457,9.3,Great movie!,2025-06-26 15:22:11
REV_4848,US_266,MV_3670,9.5,Could be better.,2025-07-31 10:55:42
REV_4849,US_4365,MV_8265,1.3,Could be better.,2024-08-29 18:57:08
REV_4850,US_7573,MV_6216,4.3,Could be better.,2025-04-13 10:17:50
REV_4851,US_3951,MV_952,2.8,Great movie!,2025-05-28 00:23:52
REV_4852,US_9675,MV_2828,5.9,Great movie!,2025-05-14 02:39:09
REV_4853,US_392,MV_6082,5.5,Could be better.,2025-09-24 08:48:29
REV_4854,US_122,MV_1270,5.5,Great movie!,2024-09-01 15:16:36
REV_4855,US_6870,MV_9423,7.5,Could be better.,2025-08-03 11:09:03
REV_4856,US_2303,MV_9073,4.7,Could be better.,2024-01-30 17:59:17
REV_4857,US_3801,MV_4154,3.1,Great movie!,2024-12-29 20:11:35
REV_4858,US_7296,MV_2561,1.9,Great movie!,2025-02-24 21:38:19
REV_4859,US_8903,MV_6543,1.3,Great movie!,2025-05-31 04:17:54
REV_4860,US_8922,MV_7655,8.7,Could be better.,2025-04-23 10:41:31
REV_4861,US_7177,MV_1725,1.5,Great movie!,2025-06-09 23:07:43
REV_4862,US_8979,MV_3483,6.8,Could be better.,2024-03-22 06:01:06
REV_4863,US_1311,MV_2306,3.6,Great movie!,2024-02-01 04:33:50
REV_4864,US_3144,MV_8382,9.3,Could be better.,2025-08-12 07:12:31
REV_4865,US_7769,MV_6488,4.0,Great movie!,2024-09-14 05:30:08
REV_4866,US_1738,MV_8603,8.6,Great movie!,2025-11-07 16:51:38
REV_4867,US_4554,MV_9004,5.9,Could be better.,2024-05-17 18:03:36
REV_4868,US_9130,MV_8129,6.6,Great movie!,2024-08-06 16:47:42
REV_4869,US_3503,MV_9222,5.7,Could be better.,2024-08-12 09:29:49
REV_4870,US_5811,MV_6216,7.5,Could be better.,2025-07-15 09:06:27
REV_4871,US_7542,MV_2179,4.9,Great movie!,2025-01-14 12:09:06
REV_4872,US_1872,MV_3868,10.0,Could be better.,2024-03-13 23:11:44
REV_4873,US_4074,MV_5462,6.3,Could be better.,2025-04-22 14:17:39
REV_4874,US_8211,MV_1564,8.3,Great movie!,2025-09-25 09:55:15
REV_4875,US_2476,MV_6045,1.6,Great movie!,2025-07-18 09:01:38
REV_4876,US_9582,MV_1941,9.7,Could be better.,2025-12-20 08:52:50
REV_4877,US_6409,MV_9300,6.2,Great movie!,2024-04-25 07:35:35
REV_4878,US_4414,MV_8809,9.4,Could be better.,2025-03-16 02:56:46
REV_4879,US_2700,MV_1845,9.4,Could be better.,2025-01-19 13:06:05
REV_4881,US_2026,MV_1716,2.9,Great movie!,2025-10-14 07:03:25
REV_4882,US_6857,MV_7817,1.3,Great movie!,2025-08-23 19:44:58
REV_4883,US_8959,MV_3255,8.3,Could be better.,2024-01-27 16:57:16
REV_4884,US_1448,MV_1297,8.9,Great movie!,2024-08-06 14:24:21
REV_4885,US_50,MV_8598,3.5,Great movie!,2024-06-10 15:37:52
REV_4887,US_2298,MV_5363,2.2,Great movie!,2025-10-28 06:00:55
REV_4888,US_6201,MV_3798,1.3,Great movie!,2024-09-13 09:14:33
REV_4890,US_9786,MV_4410,9.6,Great movie!,2024-11-17 06:23:38
REV_4891,US_8393,MV_6770,9.9,Great movie!,2024-12-21 04:03:47
REV_4892,US_4950,MV_9032,4.4,Great movie!,2024-10-24 11:54:20
REV_4894,US_6959,MV_7388,3.2,Great movie!,2024-06-15 14:57:18
REV_4895,US_1115,MV_4661,1.2,Great movie!,2024-06-24 05:26:10
REV_4896,US_9211,MV_4298,2.6,Great movie!,2025-05-11 07:21:30
REV_4897,US_7094,MV_2986,7.7,Great movie!,2025-08-31 20:28:22
REV_4898,US_9650,MV_8649,6.9,Great movie!,2024-09-08 02:50:37
REV_4899,US_5423,MV_6361,9.1,Great movie!,2025-01-16 18:25:37
REV_4900,US_1411,MV_731,7.9,Great movie!,2025-05-08 21:37:28
REV_4901,US_5857,MV_4775,5.2,Could be better.,2025-04-26 02:31:15
REV_4902,US_3647,MV_1212,2.6,Could be better.,2025-03-24 06:57:17
REV_4903,US_9256,MV_406,9.4,Could be better.,2025-06-04 21:27:55
REV_4904,US_9062,MV_1840,1.3,Great movie!,2025-11-06 19:58:12
REV_4905,US_8830,MV_7512,9.1,Great movie!,2024-06-08 18:42:33
REV_4906,US_6333,MV_4992,7.1,Could be better.,2024-10-25 20:12:57
REV_4907,US_6727,MV_118,3.7,Could be better.,2024-06-09 08:18:13
REV_4908,US_8264,MV_6018,8.8,Great movie!,2025-09-30 12:29:45
REV_4909,US_7246,MV_8488,1.7,Great movie!,2025-12-30 00:06:46
REV_4910,US_5629,MV_1390,1.4,Could be better.,2024-03-07 08:14:23
REV_4911,US_5902,MV_4020,8.7,Could be better.,2025-04-22 01:43:19
REV_4912,US_9375,MV_8365,9.9,Could be better.,2025-10-30 01:22:50
REV_4913,US_3046,MV_1321,7.5,Could be better.,2025-06-16 01:44:46
REV_4914,US_9856,MV_3737,8.1,Great movie!,2024-07-27 13:51:50
REV_4915,US_5477,MV_3138,9.3,Great movie!,2025-05-24 13:47:01
REV_4916,US_926,MV_8193,8.8,Could be better.,2024-12-26 09:07:27
REV_4917,US_327,MV_9499,7.7,Could be better.,2024-06-27 19:12:36
REV_4918,US_2698,MV_3890,4.7,Could be better.,2024-11-01 03:50:38
REV_4919,US_5058,MV_5579,2.4,Could be better.,2024-02-28 02:40:10
REV_4920,US_179,MV_2091,6.8,Great movie!,2024-06-09 21:44:56
REV_4921,US_5495,MV_1975,1.9,Great movie!,2025-02-10 11:23:46
REV_4922,US_7147,MV_6985,2.1,Great movie!,2024-08-18 16:54:25
REV_4924,US_9560,MV_7367,8.5,Great movie!,2024-12-07 13:48:06
REV_4925,US_36,MV_1696,4.9,Could be better.,2025-05-30 10:31:09
REV_4926,US_3935,MV_3357,8.0,Great movie!,2024-08-18 21:08:42
REV_4927,US_7947,MV_1954,7.5,Great movie!,2024-03-14 08:13:39
REV_4928,US_2480,MV_1385,7.9,Great movie!,2025-03-21 06:48:30
REV_4929,US_989,MV_2092,9.7,Could be better.,2025-07-27 11:10:06
REV_4930,US_5385,MV_8809,9.2,Could be better.,2024-05-31 21:59:30
REV_4932,US_539,MV_4705,1.1,Great movie!,2024-12-08 07:54:08
REV_4933,US_9165,MV_1236,6.6,Great movie!,2024-06-11 23:12:28
REV_4934,US_3060,MV_6950,2.7,Could be better.,2024-02-25 11:23:46
REV_4935,US_9027,MV_485,8.1,Great movie!,2025-06-29 00:00:23
REV_4936,US_7704,MV_5479,7.4,Could be better.,2024-12-20 08:59:05
REV_4937,US_300,MV_4725,8.0,Great movie!,2025-08-26 10:48:06
REV_4938,US_453,MV_2632,2.0,Great movie!,2025-01-25 01:05:31
REV_4939,US_987,MV_5086,3.6,Great movie!,2024-09-03 11:25:39
REV_4940,US_1635,MV_1885,1.5,Could be better.,2024-08-22 07:27:49
REV_4941,US_132,MV_315,1.5,Could be better.,2024-07-30 05:49:26
REV_4942,US_6990,MV_800,1.8,Could be better.,2024-02-02 12:08:00
REV_4943,US_2134,MV_955,1.0,Could be better.,2025-07-19 15:27:05
REV_4944,US_7463,MV_1933,9.8,Great movie!,2025-03-28 18:52:02
REV_4945,US_5633,MV_3850,8.2,Could be better.,2025-06-17 02:53:26
REV_4946,US_5167,MV_994,6.2,Great movie!,2024-12-09 19:08:32
REV_4947,US_9586,MV_7730,8.2,Great movie!,2025-11-29 10:55:35
REV_4948,US_7010,MV_4078,5.9,Great movie!,2025-09-23 23:32:28
REV_4949,US_6842,MV_4396,7.0,Great movie!,2025-07-04 08:35:22
REV_4950,US_3445,MV_5386,4.4,Could be better.,2024-01-13 00:51:01
REV_4952,US_2929,MV_780,6.1,Great movie!,2024-04-13 14:22:55
REV_4953,US_4335,MV_7075,8.1,Could be better.,2024-08-09 16:49:08
REV_4955,US_7848,MV_1367,1.2,Could be better.,2024-06-04 20:58:57
REV_4956,US_7933,MV_6440,4.8,Could be better.,2025-02-21 21:33:49
REV_4957,US_6314,MV_9043,9.6,Could be better.,2024-06-08 01:40:16
REV_4958,US_8483,MV_1454,5.6,Great movie!,2024-10-27 22:11:17
REV_4959,US_1476,MV_7318,9.3,Could be better.,2025-09-08 07:45:47
REV_4960,US_9951,MV_2915,1.4,Great movie!,2024-03-12 00:47:25
REV_4961,US_401,MV_9963,9.3,Great movie!,2024-12-11 12:13:41
REV_4962,US_4652,MV_877,2.5,Could be better.,2024-07-26 04:37:24
REV_4963,US_4975,MV_1292,5.7,Great movie!,2025-10-28 12:11:18
REV_4965,US_3020,MV_5851,8.2,Great movie!,2025-10-06 06:32:22
REV_4966,US_8442,MV_6057,2.5,Could be better.,2025-05-04 22:00:33
REV_4967,US_2578,MV_2735,9.2,Great movie!,2024-02-08 12:07:38
REV_4968,US_3845,MV_2960,7.5,Great movie!,2024-02-01 13:11:49
REV_4969,US_547,MV_7765,7.4,Great movie!,2024-12-04 06:10:01
REV_4970,US_2637,MV_7065,9.7,Great movie!,2025-12-03 16:29:20
REV_4971,US_8457,MV_5819,4.2,Great movie!,2025-09-06 14:14:11
REV_4972,US_1775,MV_461,6.3,Great movie!,2024-04-15 12:02:36
REV_4973,US_736,MV_5612,7.6,Great movie!,2024-06-01 07:24:39
REV_4974,US_2687,MV_4409,5.1,Great movie!,2025-03-18 14:33:33
REV_4975,US_2379,MV_9746,9.6,Great movie!,2025-05-11 02:29:07
REV_4976,US_8785,MV_5655,1.1,Could be better.,2025-07-30 23:03:22
REV_4977,US_8487,MV_7606,6.2,Great movie!,2025-08-20 16:23:15
REV_4978,US_306,MV_1790,2.5,Great movie!,2025-05-29 00:20:35
REV_4979,US_7987,MV_5344,6.7,Great movie!,2024-04-21 14:56:18
REV_4980,US_7172,MV_6159,2.6,Great movie!,2024-12-03 01:23:22
REV_4981,US_8117,MV_2324,6.9,Could be better.,2024-10-06 14:14:10
REV_4982,US_6141,MV_3380,4.6,Great movie!,2024-05-10 22:42:25
REV_4983,US_5751,MV_3728,2.9,Could be better.,2024-09-14 21:43:26
REV_4984,US_3662,MV_8518,6.0,Could be better.,2025-09-27 20:25:22
REV_4985,US_4099,MV_1011,5.2,Could be better.,2025-10-16 13:58:34
REV_4986,US_1202,MV_519,1.2,Could be better.,2024-03-01 01:12:02
REV_4987,US_1155,MV_169,7.5,Could be better.,2025-01-31 16:38:38
REV_4988,US_8812,MV_2220,3.7,Great movie!,2025-07-22 23:24:43
REV_4989,US_4877,MV_7084,4.0,Great movie!,2024-08-29 07:22:26
REV_4990,US_7150,MV_4178,6.5,Could be better.,2024-12-27 05:29:27
REV_4991,US_8135,MV_4359,9.0,Could be better.,2025-03-10 23:06:38
REV_4992,US_8880,MV_8203,2.4,Great movie!,2024-12-28 15:12:01
REV_4993,US_6402,MV_2888,6.8,Great movie!,2024-06-03 05:45:26
REV_4994,US_2311,MV_263,9.8,Could be better.,2024-06-15 23:45:42
REV_4995,US_4375,MV_6798,5.6,Great movie!,2025-12-12 03:14:03
REV_4996,US_3562,MV_5086,5.1,Could be better.,2024-03-16 12:15:17
REV_4997,US_3871,MV_7520,5.7,Great movie!,2024-03-18 18:03:34
REV_4998,US_2235,MV_8295,7.3,Could be better.,2025-02-06 13:56:33
REV_4999,US_1550,MV_389,6.8,Great movie!,2024-06-03 03:57:21
REV_5000,US_7780,MV_5499,3.5,Great movie!,2024-03-16 14:03:50
REV_5001,US_3950,MV_8592,1.5,Could be better.,2025-03-08 18:25:43
REV_5002,US_9233,MV_7346,8.6,Could be better.,2025-09-27 02:03:48
REV_5003,US_3567,MV_4040,2.1,Great movie!,2024-04-07 07:44:25
REV_5004,US_325,MV_7077,1.2,Could be better.,2024-12-30 06:51:42
REV_5006,US_2665,MV_2936,8.0,Great movie!,2024-07-12 17:02:17
REV_5007,US_4526,MV_1742,2.9,Could be better.,2025-12-20 18:27:34
REV_5008,US_4163,MV_7674,7.0,Could be better.,2025-01-15 05:12:21
REV_5009,US_2210,MV_8923,3.2,Could be better.,2025-12-01 00:06:33
REV_5010,US_6755,MV_5842,5.0,Great movie!,2025-01-14 08:29:27
REV_5012,US_9606,MV_3359,7.6,Great movie!,2024-01-19 11:19:53
REV_5013,US_5385,MV_2846,7.7,Could be better.,2025-02-15 10:43:23
REV_5014,US_9583,MV_9239,6.6,Great movie!,2025-05-12 12:51:52
REV_5015,US_313,MV_7422,6.5,Could be better.,2024-08-12 16:46:51
REV_5016,US_1510,MV_790,2.8,Great movie!,2025-12-27 07:32:40
REV_5017,US_7386,MV_854,5.3,Great movie!,2025-10-21 14:45:33
REV_5018,US_794,MV_1485,5.3,Could be better.,2024-08-11 19:16:39
REV_5019,US_2659,MV_1418,8.6,Great movie!,2024-06-10 21:44:21
REV_5020,US_4558,MV_7329,5.9,Could be better.,2025-08-28 06:26:33
REV_5021,US_4622,MV_3244,4.6,Great movie!,2025-12-01 19:26:18
REV_5022,US_429,MV_6723,2.5,Great movie!,2025-06-08 13:04:35
REV_5023,US_2200,MV_5131,1.7,Great movie!,2024-05-14 11:43:04
REV_5024,US_9001,MV_1852,4.0,Could be better.,2025-07-21 01:52:15
REV_5025,US_3645,MV_6676,4.5,Could be better.,2025-07-12 05:18:44
REV_5026,US_8418,MV_4283,2.7,Could be better.,2024-09-11 20:16:11
REV_5027,US_6288,MV_1448,5.5,Could be better.,2025-12-05 09:49:39
REV_5028,US_3031,MV_9958,6.0,Could be better.,2024-04-06 16:59:10
REV_5029,US_2765,MV_8248,5.6,Great movie!,2025-07-18 01:30:11
REV_5030,US_3650,MV_5776,5.7,Could be better.,2025-07-29 10:04:32
REV_5031,US_4784,MV_9550,9.6,Could be better.,2024-03-19 15:15:55
REV_5032,US_5511,MV_7714,8.7,Could be better.,2024-05-02 18:22:11
REV_5033,US_6825,MV_6290,4.5,Great movie!,2024-05-17 05:06:44
REV_5034,US_4305,MV_1652,2.4,Could be better.,2024-10-10 01:24:46
REV_5035,US_4822,MV_4458,4.8,Could be better.,2024-06-02 13:05:11
REV_5036,US_6688,MV_2892,6.2,Great movie!,2024-05-06 17:49:05
REV_5037,US_7680,MV_6681,2.5,Great movie!,2024-06-06 06:36:03
REV_5038,US_2676,MV_1294,5.3,Could be better.,2024-10-21 21:29:30
REV_5039,US_1558,MV_9941,8.4,Could be better.,2024-06-03 13:59:47
REV_5040,US_8709,MV_8481,4.8,Could be better.,2025-12-24 01:52:05
REV_5042,US_8816,MV_5469,1.6,Could be better.,2025-03-28 02:31:33
REV_5043,US_3100,MV_412,7.9,Could be better.,2025-10-24 18:23:53
REV_5044,US_2437,MV_3031,6.7,Could be better.,2024-02-02 13:07:39
REV_5045,US_215,MV_2279,7.6,Could be better.,2024-12-26 01:41:11
REV_5046,US_891,MV_8323,7.3,Great movie!,2025-11-06 03:26:34
REV_5047,US_62,MV_9555,1.1,Great movie!,2024-11-12 07:35:22
REV_5048,US_66,MV_9959,5.4,Could be better.,2024-09-09 01:06:56
REV_5049,US_6179,MV_2351,6.7,Great movie!,2025-07-10 09:19:37
REV_5050,US_3682,MV_7678,4.7,Great movie!,2025-08-24 03:35:27
REV_5051,US_1822,MV_2961,9.4,Great movie!,2025-09-05 02:04:52
REV_5053,US_3340,MV_7352,5.9,Great movie!,2024-11-20 00:29:53
REV_5054,US_6772,MV_8470,6.0,Great movie!,2025-07-09 06:15:28
REV_5055,US_5562,MV_1305,1.3,Great movie!,2024-12-29 12:55:54
REV_5056,US_4600,MV_3281,7.2,Great movie!,2024-08-30 15:54:56
REV_5057,US_1602,MV_1442,2.1,Great movie!,2025-04-06 16:03:46
REV_5058,US_7654,MV_6481,1.3,Could be better.,2024-07-28 08:31:28
REV_5059,US_7682,MV_9532,1.2,Could be better.,2024-02-18 20:29:52
REV_5060,US_6509,MV_9796,1.2,Could be better.,2024-11-11 18:38:25
REV_5061,US_4300,MV_2785,7.8,Could be better.,2025-03-09 18:15:49
REV_5062,US_4332,MV_6655,7.9,Great movie!,2024-06-30 11:34:25
REV_5063,US_1204,MV_9709,6.1,Could be better.,2024-07-26 18:54:59
REV_5064,US_7320,MV_7175,1.5,Could be better.,2024-10-28 21:23:55
REV_5065,US_5102,MV_904,6.2,Could be better.,2024-09-26 10:07:55
REV_5066,US_8130,MV_7644,8.9,Could be better.,2025-03-16 06:13:48
REV_5067,US_6150,MV_4262,9.4,Could be better.,2025-01-02 19:34:03
REV_5068,US_6641,MV_1844,5.4,Could be better.,2025-10-05 06:28:24
REV_5069,US_6589,MV_384,8.5,Could be better.,2024-08-18 04:00:51
REV_5070,US_44,MV_5433,2.7,Could be better.,2025-12-10 20:19:55
REV_5071,US_9479,MV_6216,1.9,Could be better.,2024-01-03 16:09:39
REV_5072,US_7546,MV_7100,9.2,Could be better.,2024-08-22 12:07:22
REV_5073,US_632,MV_3158,2.6,Could be better.,2024-02-08 19:06:12
REV_5074,US_4225,MV_4176,7.4,Great movie!,2024-08-05 20:04:58
REV_5075,US_6070,MV_1438,1.1,Great movie!,2025-04-09 10:19:43
REV_5076,US_6594,MV_6554,1.5,Great movie!,2024-08-01 13:43:20
REV_5077,US_4801,MV_8893,5.0,Great movie!,2024-08-14 10:03:04
REV_5078,US_8263,MV_5733,1.1,Great movie!,2024-03-21 21:51:34
REV_5079,US_39,MV_4939,9.3,Great movie!,2024-03-09 07:03:25
REV_5080,US_4515,MV_9794,4.4,Could be better.,2025-12-11 09:19:55
REV_5081,US_6154,MV_5988,5.4,Great movie!,2024-08-12 16:27:19
REV_5082,US_4849,MV_7125,1.5,Could be better.,2024-12-19 07:37:35
REV_5083,US_4230,MV_5177,3.5,Could be better.,2024-08-31 01:55:07
REV_5084,US_3596,MV_4755,5.3,Great movie!,2025-11-03 19:14:51
REV_5085,US_8558,MV_8878,8.2,Great movie!,2024-05-18 22:45:44
REV_5086,US_3762,MV_8214,7.6,Could be better.,2025-09-04 12:32:56
REV_5087,US_7677,MV_4948,3.0,Could be better.,2025-06-08 18:46:33
REV_5088,US_4681,MV_6885,7.6,Could be better.,2024-09-14 06:52:43
REV_5089,US_6448,MV_206,7.3,Could be better.,2025-02-13 09:57:26
REV_5090,US_6574,MV_6110,6.5,Great movie!,2025-04-13 03:25:02
REV_5091,US_4583,MV_5930,1.1,Could be better.,2024-07-24 14:51:04
REV_5092,US_7510,MV_7772,3.0,Could be better.,2025-03-27 04:55:29
REV_5093,US_5063,MV_813,1.3,Could be better.,2025-10-04 05:34:47
REV_5094,US_8008,MV_8548,4.3,Could be better.,2024-11-25 23:52:24
REV_5095,US_9999,MV_7573,7.7,Great movie!,2024-07-31 23:35:45
REV_5096,US_3956,MV_6003,6.3,Could be better.,2024-11-08 02:55:05
REV_5097,US_7516,MV_1919,2.0,Great movie!,2024-04-21 09:23:49
REV_5098,US_6268,MV_1295,9.3,Great movie!,2025-11-15 21:21:01
REV_5099,US_8011,MV_7531,6.6,Could be better.,2024-05-16 22:50:16
REV_5100,US_7853,MV_1574,1.8,Great movie!,2024-06-11 02:10:36
REV_5101,US_1036,MV_3408,3.4,Could be better.,2025-05-10 10:26:02
REV_5102,US_7569,MV_7332,5.8,Great movie!,2024-12-14 02:46:33
REV_5103,US_2726,MV_1249,7.2,Could be better.,2024-07-29 10:04:50
REV_5104,US_2332,MV_4517,3.4,Great movie!,2025-09-12 19:57:20
REV_5105,US_63,MV_5974,2.3,Could be better.,2025-09-14 17:36:45
REV_5106,US_2138,MV_1927,6.6,Could be better.,2025-07-24 17:10:57
REV_5107,US_9918,MV_8386,7.6,Great movie!,2024-10-18 14:58:25
REV_5108,US_4180,MV_7983,8.6,Great movie!,2024-04-12 00:49:51
REV_5109,US_77,MV_7531,1.5,Could be better.,2025-07-07 13:49:11
REV_5110,US_3361,MV_9273,3.6,Could be better.,2025-05-24 04:48:35
REV_5111,US_3141,MV_9793,7.3,Great movie!,2025-04-26 15:10:08
REV_5112,US_610,MV_290,7.1,Could be better.,2024-03-25 22:45:10
REV_5113,US_4427,MV_6650,3.1,Could be better.,2024-11-18 21:01:07
REV_5114,US_3287,MV_9763,9.9,Could be better.,2024-02-11 06:20:10
REV_5115,US_9366,MV_2276,1.6,Could be better.,2025-03-16 11:44:33
REV_5116,US_5782,MV_6496,5.8,Could be better.,2024-03-22 00:56:00
REV_5117,US_8160,MV_5390,8.0,Could be better.,2025-11-04 10:05:14
REV_5118,US_3200,MV_553,5.9,Could be better.,2025-11-09 01:26:55
REV_5119,US_9374,MV_6886,3.2,Could be better.,2025-03-03 01:33:44
REV_5120,US_6796,MV_3748,9.3,Could be better.,2024-12-22 23:22:07
REV_5121,US_8557,MV_1034,7.4,Could be better.,2025-03-25 13:37:49
REV_5122,US_4708,MV_3870,5.6,Could be better.,2024-09-27 22:36:05
REV_5124,US_319,MV_2808,1.3,Great movie!,2024-04-16 13:55:42
REV_5125,US_6919,MV_9237,9.1,Great movie!,2025-07-15 09:45:46
REV_5126,US_1678,MV_8566,8.2,Great movie!,2024-02-06 09:10:48
REV_5127,US_9626,MV_5901,7.4,Great movie!,2025-07-12 05:15:39
REV_5128,US_9819,MV_6251,6.8,Could be better.,2024-01-29 03:29:12
REV_5129,US_1050,MV_1761,9.8,Could be better.,2024-12-26 08:38:45
REV_5130,US_238,MV_1509,7.3,Could be better.,2025-03-06 05:48:50
REV_5131,US_8994,MV_5257,5.2,Great movie!,2024-07-18 20:47:06
REV_5132,US_3689,MV_3162,1.2,Could be better.,2024-11-27 16:37:17
REV_5133,US_9274,MV_9696,3.7,Could be better.,2025-12-10 06:50:00
REV_5134,US_8305,MV_7493,1.9,Great movie!,2025-04-29 13:56:52
REV_5135,US_6898,MV_9791,6.7,Great movie!,2025-03-03 06:38:30
REV_5136,US_7023,MV_7785,2.9,Great movie!,2024-01-17 00:54:18
REV_5137,US_1283,MV_4063,7.2,Great movie!,2024-08-08 04:20:21
REV_5138,US_846,MV_7992,6.7,Could be better.,2024-03-30 16:04:51
REV_5139,US_4138,MV_66,6.9,Could be better.,2024-07-18 06:25:29
REV_5140,US_4358,MV_8903,4.2,Could be better.,2025-08-08 01:02:54
REV_5141,US_1167,MV_953,6.8,Could be better.,2024-10-27 23:42:05
REV_5142,US_2760,MV_1274,7.5,Could be better.,2024-02-23 00:31:19
REV_5143,US_5167,MV_6114,5.5,Great movie!,2024-09-06 05:44:13
REV_5144,US_7705,MV_4302,3.2,Great movie!,2025-02-10 20:22:31
REV_5145,US_4187,MV_1253,1.5,Great movie!,2025-03-02 05:59:30
REV_5146,US_3537,MV_2325,7.2,Could be better.,2024-05-12 09:12:44
REV_5148,US_6418,MV_5624,9.4,Great movie!,2025-07-24 07:04:03
REV_5149,US_6828,MV_3734,5.8,Could be better.,2025-12-19 10:41:00
REV_5150,US_9959,MV_7749,8.5,Great movie!,2024-04-24 08:46:24
REV_5151,US_6236,MV_6544,9.1,Could be better.,2024-05-11 06:10:55
REV_5152,US_1232,MV_2137,8.7,Could be better.,2024-06-23 15:24:38
REV_5153,US_1455,MV_3301,9.6,Great movie!,2025-10-27 09:01:27
REV_5154,US_2457,MV_2245,8.2,Great movie!,2024-03-25 14:47:12
REV_5155,US_5493,MV_4801,2.6,Great movie!,2025-04-21 16:53:46
REV_5156,US_5432,MV_4301,8.3,Great movie!,2024-08-28 20:47:42
REV_5157,US_6250,MV_3055,7.5,Could be better.,2024-07-16 18:52:00
REV_5158,US_5977,MV_1430,8.6,Great movie!,2024-06-23 15:53:31
REV_5159,US_551,MV_2294,2.3,Great movie!,2024-11-20 01:47:36
REV_5160,US_1408,MV_4347,6.4,Great movie!,2025-10-17 09:38:10
REV_5161,US_1034,MV_8679,2.5,Great movie!,2025-08-27 15:59:04
REV_5162,US_5090,MV_4518,7.6,Great movie!,2024-12-17 13:28:28
REV_5163,US_523,MV_1668,1.0,Great movie!,2025-02-01 04:44:29
REV_5164,US_9004,MV_338,9.0,Great movie!,2025-11-20 14:49:11
REV_5166,US_3156,MV_1917,3.0,Could be better.,2024-08-22 05:13:48
REV_5168,US_7017,MV_1740,4.9,Great movie!,2024-05-27 08:06:48
REV_5169,US_43,MV_5814,3.6,Could be better.,2024-12-06 19:17:40
REV_5170,US_6697,MV_5270,9.5,Great movie!,2024-10-21 12:22:06
REV_5171,US_5100,MV_1538,2.6,Great movie!,2025-07-03 10:56:40
REV_5172,US_4822,MV_1743,7.1,Great movie!,2025-11-26 12:36:51
REV_5173,US_7989,MV_5816,9.3,Could be better.,2024-07-23 23:11:27
REV_5174,US_406,MV_9513,8.1,Could be better.,2025-03-24 20:41:48
REV_5175,US_4585,MV_3172,1.5,Great movie!,2025-05-26 17:17:50
REV_5176,US_7729,MV_6862,8.5,Great movie!,2024-11-05 13:51:44
REV_5177,US_6445,MV_4994,4.5,Could be better.,2024-09-30 04:31:50
REV_5178,US_1751,MV_1759,4.1,Could be better.,2025-08-29 05:36:30
REV_5179,US_6294,MV_20,6.4,Great movie!,2024-10-12 00:15:33
REV_5180,US_4304,MV_5162,1.2,Could be better.,2025-11-09 08:01:56
REV_5181,US_5782,MV_7810,3.0,Great movie!,2025-11-29 08:30:15
REV_5182,US_2418,MV_4285,2.2,Could be better.,2024-02-01 11:43:35
REV_5183,US_3382,MV_7679,3.7,Great movie!,2025-03-03 04:32:14
REV_5184,US_1467,MV_465,7.2,Great movie!,2025-05-27 01:17:11
REV_5185,US_5717,MV_6378,3.7,Great movie!,2024-06-07 10:22:29
REV_5186,US_439,MV_9277,1.8,Great movie!,2024-04-04 10:02:20
REV_5188,US_7496,MV_9430,3.8,Great movie!,2024-05-25 08:04:12
REV_5189,US_6830,MV_7895,3.6,Great movie!,2024-12-18 05:03:01
REV_5190,US_7274,MV_121,7.0,Could be better.,2024-07-31 05:19:50
REV_5192,US_2523,MV_7961,5.9,Could be better.,2025-10-11 12:27:11
REV_5193,US_4450,MV_2685,8.1,Great movie!,2024-11-24 13:12:46
REV_5194,US_4483,MV_6852,9.9,Could be better.,2024-05-21 22:13:41
REV_5195,US_4573,MV_9179,6.5,Great movie!,2024-08-16 07:02:31
REV_5196,US_3981,MV_9491,7.8,Could be better.,2024-04-10 05:30:59
REV_5197,US_1910,MV_2995,3.7,Great movie!,2025-10-06 18:17:49
REV_5198,US_8938,MV_5344,3.6,Could be better.,2025-11-20 16:55:25
REV_5199,US_7349,MV_2725,3.1,Great movie!,2024-05-03 03:49:42
REV_5200,US_6601,MV_8878,2.1,Could be better.,2024-11-24 04:30:56
REV_5201,US_6016,MV_8200,4.9,Great movie!,2025-06-28 01:13:43
REV_5202,US_6529,MV_9043,1.1,Great movie!,2024-05-20 03:05:33
REV_5203,US_3819,MV_6082,4.2,Great movie!,2025-01-10 21:28:04
REV_5204,US_2552,MV_7201,10.0,Could be better.,2025-07-29 20:56:32
REV_5205,US_3095,MV_1945,8.9,Great movie!,2024-05-03 01:02:28
REV_5206,US_4890,MV_6732,7.7,Great movie!,2025-03-14 11:19:11
REV_5207,US_7339,MV_2573,3.3,Great movie!,2025-06-01 03:27:21
REV_5208,US_4995,MV_2054,2.9,Great movie!,2025-09-04 09:56:42
REV_5209,US_7917,MV_433,9.0,Great movie!,2025-05-31 07:01:00
REV_5210,US_7546,MV_1275,4.4,Great movie!,2025-08-18 18:52:04
REV_5211,US_4712,MV_9389,3.4,Great movie!,2025-05-07 17:04:31
REV_5212,US_3876,MV_5626,9.4,Great movie!,2024-11-29 20:07:24
REV_5213,US_6584,MV_3758,2.5,Great movie!,2025-03-30 14:24:54
REV_5214,US_4960,MV_3986,3.3,Great movie!,2025-03-18 19:35:02
REV_5215,US_7090,MV_2615,8.9,Could be better.,2024-08-15 04:50:57
REV_5216,US_1179,MV_547,8.2,Great movie!,2025-06-21 11:26:55
REV_5217,US_8115,MV_8735,1.7,Great movie!,2024-07-13 04:56:14
REV_5218,US_8504,MV_2161,1.5,Great movie!,2024-12-24 03:35:46
REV_5219,US_3205,MV_1921,3.2,Could be better.,2025-10-18 09:06:44
REV_5220,US_2997,MV_4326,9.7,Could be better.,2025-11-24 02:40:37
REV_5221,US_7078,MV_3453,7.4,Great movie!,2025-06-08 03:56:28
REV_5222,US_3012,MV_7641,7.2,Could be better.,2024-12-13 08:47:43
REV_5223,US_5580,MV_1610,6.6,Could be better.,2025-03-10 23:56:49
REV_5224,US_226,MV_1166,6.7,Could be better.,2025-09-03 14:05:50
REV_5225,US_675,MV_8738,2.4,Could be better.,2025-09-13 06:19:53
REV_5226,US_4324,MV_8532,6.8,Could be better.,2024-12-07 03:57:03
REV_5227,US_2637,MV_870,8.7,Could be better.,2024-03-13 10:53:40
REV_5228,US_9835,MV_6307,2.4,Great movie!,2024-07-15 09:37:59
REV_5229,US_4550,MV_5150,3.4,Great movie!,2025-06-29 09:20:44
REV_5230,US_2313,MV_9097,8.7,Could be better.,2024-11-20 17:44:35
REV_5231,US_6423,MV_537,3.6,Could be better.,2025-06-06 03:09:14
REV_5232,US_5397,MV_6076,1.2,Great movie!,2024-08-03 05:16:33
REV_5233,US_6681,MV_7466,3.0,Great movie!,2024-12-28 12:11:44
REV_5234,US_2552,MV_918,7.9,Great movie!,2025-09-30 06:47:34
REV_5235,US_3057,MV_448,1.2,Could be better.,2024-08-24 12:41:00
REV_5236,US_3908,MV_9734,9.0,Great movie!,2024-02-11 13:05:54
REV_5237,US_4445,MV_3709,8.2,Could be better.,2024-10-20 22:33:13
REV_5238,US_2834,MV_7902,8.6,Great movie!,2025-08-08 22:01:22
REV_5239,US_7338,MV_3285,2.3,Great movie!,2025-04-05 10:53:49
REV_5240,US_1561,MV_9307,9.3,Could be better.,2025-05-09 22:53:35
REV_5241,US_7754,MV_9101,6.4,Could be better.,2024-07-03 13:55:37
REV_5242,US_9193,MV_5753,5.6,Great movie!,2024-12-05 12:32:23
REV_5244,US_2950,MV_7856,9.1,Great movie!,2025-03-01 01:18:42
REV_5245,US_2498,MV_316,5.3,Great movie!,2025-09-11 20:26:57
REV_5246,US_4227,MV_6664,6.7,Great movie!,2025-06-12 19:09:19
REV_5248,US_1303,MV_1819,3.2,Great movie!,2024-05-29 00:56:37
REV_5249,US_3595,MV_7589,4.5,Great movie!,2024-02-09 15:53:18
REV_5250,US_9163,MV_9894,2.7,Could be better.,2025-04-22 05:20:29
REV_5251,US_1619,MV_2513,9.6,Great movie!,2024-02-18 11:25:48
REV_5252,US_1076,MV_7561,7.5,Could be better.,2024-05-19 00:40:46
REV_5253,US_1441,MV_6755,9.2,Could be better.,2024-02-25 10:15:42
REV_5254,US_4143,MV_3019,2.8,Could be better.,2024-07-25 18:16:13
REV_5255,US_2396,MV_9151,9.5,Great movie!,2024-10-10 08:44:39
REV_5256,US_2799,MV_1532,7.2,Could be better.,2024-10-09 10:29:53
REV_5257,US_4631,MV_220,5.8,Great movie!,2024-07-08 03:55:39
REV_5258,US_5778,MV_5375,3.9,Could be better.,2024-07-10 18:51:12
REV_5259,US_1737,MV_3593,7.7,Great movie!,2024-06-02 17:10:39
REV_5260,US_2460,MV_2745,4.5,Great movie!,2024-04-03 10:21:05
REV_5261,US_4526,MV_2392,7.2,Could be better.,2024-08-12 16:59:34
REV_5262,US_1430,MV_8829,8.7,Great movie!,2025-06-13 07:32:21
REV_5263,US_9665,MV_928,4.7,Could be better.,2024-05-13 12:04:19
REV_5264,US_504,MV_3149,6.8,Could be better.,2024-02-15 21:10:39
REV_5265,US_5362,MV_7832,4.2,Could be better.,2024-02-10 19:17:57
REV_5266,US_8884,MV_9132,1.6,Could be better.,2025-08-18 16:00:59
REV_5267,US_8134,MV_8584,1.4,Great movie!,2025-04-26 10:59:10
REV_5268,US_7005,MV_8198,3.1,Could be better.,2024-01-19 22:34:51
REV_5269,US_5584,MV_4566,6.6,Great movie!,2024-10-11 09:51:38
REV_5270,US_4160,MV_9863,9.2,Could be better.,2024-04-18 10:37:21
REV_5271,US_8635,MV_9380,3.0,Great movie!,2025-03-28 12:01:13
REV_5272,US_7774,MV_5692,2.1,Could be better.,2024-07-07 23:54:00
REV_5273,US_9921,MV_3190,9.7,Great movie!,2025-09-27 03:10:53
REV_5274,US_7498,MV_8775,8.6,Great movie!,2024-10-15 13:56:33
REV_5275,US_5329,MV_3714,5.6,Great movie!,2024-08-19 06:42:52
REV_5276,US_5075,MV_4049,3.3,Great movie!,2025-03-20 06:41:05
REV_5277,US_8384,MV_1092,6.5,Could be better.,2024-04-07 23:03:21
REV_5278,US_1325,MV_928,7.3,Great movie!,2025-05-13 07:40:24
REV_5279,US_1639,MV_5989,1.7,Great movie!,2025-08-24 09:50:57
REV_5280,US_8934,MV_3329,4.3,Could be better.,2024-10-28 06:21:00
REV_5281,US_8707,MV_334,5.8,Great movie!,2024-07-25 08:50:49
REV_5282,US_9263,MV_3870,9.9,Could be better.,2024-04-13 02:09:47
REV_5283,US_1908,MV_8049,5.7,Could be better.,2025-04-12 20:56:56
REV_5285,US_4798,MV_8541,4.9,Could be better.,2024-08-02 22:57:06
REV_5287,US_5882,MV_6021,3.4,Could be better.,2025-03-01 06:42:10
REV_5288,US_3988,MV_868,2.0,Could be better.,2025-10-21 16:53:12
REV_5289,US_897,MV_1771,1.2,Great movie!,2025-10-28 23:24:02
REV_5290,US_9550,MV_951,9.1,Could be better.,2025-01-23 18:00:33
REV_5291,US_5502,MV_8982,2.2,Great movie!,2025-12-17 00:57:30
REV_5292,US_418,MV_8023,8.0,Great movie!,2024-06-16 15:12:17
REV_5293,US_9724,MV_2248,3.5,Could be better.,2025-02-10 14:51:03
REV_5294,US_9518,MV_133,7.9,Great movie!,2024-12-09 06:47:36
REV_5295,US_1625,MV_8836,5.4,Could be better.,2025-11-23 17:56:00
REV_5296,US_5592,MV_4432,8.3,Great movie!,2025-05-20 03:49:31
REV_5297,US_5774,MV_6201,7.6,Great movie!,2024-11-14 09:11:54
REV_5298,US_9478,MV_5550,3.7,Great movie!,2025-05-02 20:55:17
REV_5299,US_4372,MV_2992,5.3,Great movie!,2025-08-28 14:59:09
REV_5300,US_4049,MV_6882,6.9,Could be better.,2025-04-10 00:04:52
REV_5301,US_3127,MV_10,1.6,Great movie!,2024-05-28 00:35:47
REV_5302,US_7577,MV_5486,3.5,Could be better.,2024-05-30 11:52:11
REV_5303,US_1642,MV_921,8.7,Could be better.,2024-03-07 17:29:30
REV_5304,US_2181,MV_9023,5.8,Could be better.,2025-05-17 05:38:17
REV_5305,US_9406,MV_3454,6.3,Could be better.,2024-01-30 05:23:45
REV_5306,US_9929,MV_1212,4.9,Great movie!,2025-04-24 07:00:32
REV_5307,US_2702,MV_2182,3.2,Could be better.,2024-07-12 19:02:12
REV_5308,US_3593,MV_2879,2.2,Could be better.,2025-12-17 20:20:51
REV_5309,US_4015,MV_3825,5.7,Could be better.,2025-07-13 06:39:22
REV_5310,US_5838,MV_6185,7.4,Great movie!,2024-02-08 10:26:16
REV_5311,US_7004,MV_8012,4.1,Could be better.,2024-09-20 15:30:18
REV_5312,US_1904,MV_4891,10.0,Great movie!,2024-03-22 01:09:13
REV_5313,US_3598,MV_5473,7.7,Great movie!,2024-01-07 12:53:20
REV_5314,US_53,MV_9586,3.2,Could be better.,2024-12-11 02:38:08
REV_5316,US_8495,MV_3880,7.1,Could be better.,2024-06-05 13:18:26
REV_5317,US_4664,MV_8011,6.2,Great movie!,2025-08-17 12:22:19
REV_5318,US_1693,MV_3937,7.5,Great movie!,2025-09-17 23:08:46
REV_5319,US_1876,MV_1038,7.1,Could be better.,2025-11-22 05:09:28
REV_5320,US_5370,MV_1136,6.5,Could be better.,2025-05-06 02:01:12
REV_5321,US_7062,MV_6876,8.2,Great movie!,2025-05-15 17:32:06
REV_5322,US_2336,MV_2521,9.2,Could be better.,2025-01-05 11:18:34
REV_5324,US_9901,MV_7592,4.7,Could be better.,2024-08-25 19:57:03
REV_5325,US_6651,MV_1714,3.7,Great movie!,2025-01-29 15:16:16
REV_5326,US_8806,MV_1867,5.2,Great movie!,2025-10-31 02:15:11
REV_5327,US_435,MV_4247,5.6,Great movie!,2025-07-01 22:11:09
REV_5328,US_7537,MV_3195,3.9,Could be better.,2025-07-08 10:49:52
REV_5329,US_8699,MV_5323,6.3,Could be better.,2025-11-20 08:51:22
REV_5330,US_2616,MV_7973,8.6,Could be better.,2024-04-03 17:40:41
REV_5331,US_1513,MV_4998,4.2,Could be better.,2024-11-22 12:05:28
REV_5332,US_1722,MV_6782,6.7,Great movie!,2025-07-12 01:23:49
REV_5333,US_8397,MV_8404,5.6,Great movie!,2025-09-28 04:19:37
REV_5335,US_2476,MV_2811,6.5,Could be better.,2024-07-17 05:39:45
REV_5336,US_8862,MV_6529,1.6,Could be better.,2024-06-06 04:39:16
REV_5337,US_7610,MV_2049,9.7,Great movie!,2024-03-17 10:29:16
REV_5339,US_1584,MV_3614,8.7,Great movie!,2025-12-08 13:06:57
REV_5340,US_4628,MV_8833,9.5,Great movie!,2025-04-15 02:24:11
REV_5341,US_2860,MV_1847,4.2,Could be better.,2024-02-29 19:12:22
REV_5342,US_7189,MV_1467,4.7,Great movie!,2024-08-18 08:20:02
REV_5343,US_7599,MV_2089,7.3,Great movie!,2024-10-28 21:04:17
REV_5344,US_320,MV_3387,9.1,Could be better.,2025-06-05 20:37:42
REV_5345,US_3126,MV_1941,3.8,Could be better.,2025-06-20 08:10:57
REV_5346,US_3200,MV_2119,6.6,Great movie!,2024-11-14 06:50:15
REV_5347,US_5469,MV_807,9.7,Great movie!,2025-03-07 08:00:08
REV_5348,US_3379,MV_3774,6.9,Great movie!,2025-12-28 22:06:34
REV_5349,US_2015,MV_976,5.3,Could be better.,2025-07-23 20:23:03
REV_5351,US_1023,MV_2832,6.5,Could be better.,2025-12-14 17:15:57
REV_5352,US_5398,MV_8358,9.9,Could be better.,2024-05-15 20:22:51
REV_5353,US_8864,MV_7873,5.6,Great movie!,2024-01-06 13:36:01
REV_5354,US_8865,MV_2993,4.6,Could be better.,2024-06-20 07:23:08
REV_5355,US_2139,MV_6396,1.4,Great movie!,2024-06-17 13:17:52
REV_5356,US_571,MV_1182,8.0,Could be better.,2025-12-09 16:23:41
REV_5357,US_73,MV_9751,2.1,Could be better.,2025-11-13 09:56:51
REV_5358,US_4212,MV_8932,1.8,Great movie!,2025-06-07 15:11:11
REV_5359,US_9991,MV_6436,3.4,Could be better.,2024-04-26 14:54:56
REV_5360,US_47,MV_6086,9.3,Could be better.,2024-06-11 22:23:54
REV_5361,US_5565,MV_9982,3.6,Great movie!,2024-01-23 23:43:17
REV_5362,US_297,MV_202,1.5,Great movie!,2024-02-16 00:42:14
REV_5363,US_7066,MV_6771,2.4,Could be better.,2025-09-04 12:32:57
REV_5364,US_4160,MV_5043,3.5,Could be better.,2025-09-07 09:48:27
REV_5365,US_5597,MV_9643,6.8,Could be better.,2025-05-11 14:21:14
REV_5366,US_2815,MV_4542,7.0,Great movie!,2025-05-28 01:31:02
REV_5367,US_9960,MV_2101,4.6,Could be better.,2025-09-04 10:26:17
REV_5368,US_8768,MV_711,7.7,Great movie!,2025-04-16 13:54:29
REV_5369,US_779,MV_5701,3.7,Could be better.,2025-09-15 12:58:53
REV_5371,US_3877,MV_3157,3.7,Great movie!,2024-09-24 04:38:49
REV_5372,US_8425,MV_1253,6.7,Great movie!,2025-02-01 04:40:25
REV_5373,US_3298,MV_261,6.5,Great movie!,2024-02-06 01:33:14
REV_5374,US_722,MV_2926,8.6,Could be better.,2025-01-12 18:19:07
REV_5375,US_2891,MV_4944,2.8,Great movie!,2024-07-18 05:19:18
REV_5376,US_4553,MV_3442,9.4,Great movie!,2024-11-26 15:53:25
REV_5377,US_1300,MV_2732,6.9,Great movie!,2024-01-22 12:29:19
REV_5378,US_3685,MV_6356,1.9,Great movie!,2025-06-06 02:10:04
REV_5379,US_8640,MV_1128,8.7,Great movie!,2024-01-14 05:18:02
REV_5380,US_1460,MV_2423,9.5,Great movie!,2025-01-23 12:29:15
REV_5381,US_2029,MV_9908,9.6,Could be better.,2024-11-26 12:47:32
REV_5382,US_2650,MV_5984,8.7,Could be better.,2024-10-06 11:40:37
REV_5384,US_9952,MV_107,6.2,Great movie!,2025-09-08 00:20:56
REV_5385,US_9532,MV_2647,5.5,Great movie!,2024-01-07 00:06:19
REV_5386,US_886,MV_1222,5.7,Could be better.,2024-02-18 14:53:12
REV_5387,US_1114,MV_6258,1.7,Could be better.,2024-02-09 19:54:05
REV_5388,US_9616,MV_7289,6.9,Great movie!,2024-06-30 11:56:28
REV_5389,US_7725,MV_9901,2.4,Could be better.,2025-06-21 00:02:55
REV_5390,US_659,MV_1618,2.8,Great movie!,2025-09-15 07:16:19
REV_5391,US_41,MV_2351,4.4,Could be better.,2025-03-23 13:35:36
REV_5392,US_224,MV_5313,5.2,Great movie!,2025-02-18 17:11:55
REV_5393,US_2347,MV_8149,8.7,Could be better.,2024-07-28 16:40:55
REV_5394,US_3106,MV_7463,6.5,Could be better.,2025-04-11 08:55:52
REV_5395,US_3713,MV_2434,9.3,Could be better.,2024-02-14 21:27:42
REV_5397,US_6153,MV_3312,1.6,Great movie!,2025-07-27 18:41:18
REV_5398,US_8771,MV_9934,6.5,Great movie!,2025-08-14 18:15:42
REV_5399,US_1579,MV_3997,4.7,Could be better.,2024-04-28 14:35:40
REV_5400,US_2458,MV_8791,5.8,Great movie!,2024-02-29 00:11:08
REV_5401,US_992,MV_5724,4.8,Could be better.,2024-04-10 17:45:33
REV_5402,US_2492,MV_4328,9.2,Great movie!,2024-04-07 21:32:58
REV_5403,US_4629,MV_6027,6.9,Could be better.,2025-10-15 09:05:27
REV_5404,US_6241,MV_2499,8.9,Great movie!,2024-02-19 00:55:46
REV_5405,US_4651,MV_2907,3.4,Great movie!,2025-07-17 16:30:18
REV_5406,US_579,MV_6048,5.2,Could be better.,2025-01-04 06:30:06
REV_5407,US_5937,MV_4430,1.2,Could be better.,2025-04-17 04:18:59
REV_5408,US_6639,MV_1321,2.7,Great movie!,2025-09-14 00:36:49
REV_5410,US_9996,MV_9141,1.3,Great movie!,2025-07-14 09:54:02
REV_5411,US_6623,MV_5419,4.7,Could be better.,2024-12-20 09:44:40
REV_5412,US_8002,MV_5347,3.5,Great movie!,2025-02-07 20:53:58
REV_5413,US_7359,MV_4521,4.4,Could be better.,2025-10-04 17:15:21
REV_5414,US_4734,MV_9832,2.7,Could be better.,2024-03-31 19:53:58
REV_5415,US_4744,MV_5097,7.3,Great movie!,2025-05-07 01:35:33
REV_5416,US_1762,MV_5979,8.0,Could be better.,2025-11-09 13:49:25
REV_5417,US_1877,MV_2451,2.8,Great movie!,2025-10-30 06:02:03
REV_5418,US_6241,MV_433,2.8,Could be better.,2024-06-16 14:01:51
REV_5419,US_7713,MV_3844,3.5,Could be better.,2025-04-18 03:55:15
REV_5420,US_8782,MV_5841,4.6,Great movie!,2024-10-01 22:09:42
REV_5421,US_4626,MV_6324,4.9,Could be better.,2024-02-21 04:09:00
REV_5422,US_4390,MV_9509,8.7,Could be better.,2025-07-16 08:29:57
REV_5423,US_4725,MV_8799,1.4,Could be better.,2024-06-14 21:21:14
REV_5424,US_573,MV_4578,3.1,Great movie!,2025-10-21 23:46:49
REV_5425,US_1829,MV_6027,5.2,Could be better.,2025-06-27 11:20:35
REV_5426,US_9407,MV_3363,8.7,Could be better.,2024-06-03 00:22:29
REV_5427,US_249,MV_5289,4.0,Great movie!,2024-06-26 21:53:11
REV_5429,US_6084,MV_2553,8.5,Great movie!,2025-08-17 02:02:27
REV_5430,US_7154,MV_8927,7.0,Could be better.,2025-11-06 02:37:10
REV_5431,US_905,MV_6756,6.5,Great movie!,2025-12-05 10:10:07
REV_5432,US_2498,MV_7366,9.2,Could be better.,2024-07-18 22:40:01
REV_5433,US_8275,MV_1192,8.5,Could be better.,2024-10-08 20:03:46
REV_5434,US_5002,MV_6920,4.9,Great movie!,2025-01-25 02:31:52
REV_5436,US_8555,MV_9417,4.3,Could be better.,2024-08-30 01:39:12
REV_5437,US_7636,MV_5631,9.0,Could be better.,2025-02-16 21:05:47
REV_5438,US_5690,MV_6203,6.7,Great movie!,2024-05-30 21:44:15
REV_5440,US_7332,MV_7747,8.4,Could be better.,2024-06-02 17:02:52
REV_5441,US_5626,MV_9654,10.0,Could be better.,2024-03-10 16:59:33
REV_5443,US_6640,MV_5502,4.4,Great movie!,2025-05-28 07:55:28
REV_5444,US_9732,MV_4580,4.9,Could be better.,2024-10-29 09:58:31
REV_5445,US_6961,MV_3529,8.6,Great movie!,2024-07-20 14:28:33
REV_5447,US_5491,MV_6000,4.3,Could be better.,2025-12-17 22:34:27
REV_5448,US_9989,MV_666,8.2,Could be better.,2025-08-30 21:07:56
REV_5449,US_8853,MV_51,5.2,Could be better.,2024-03-27 23:52:22
REV_5450,US_7429,MV_8288,5.4,Could be better.,2024-11-22 18:30:06
REV_5451,US_9034,MV_8152,5.2,Could be better.,2024-10-01 06:14:41
REV_5452,US_8896,MV_1047,4.0,Could be better.,2024-05-26 10:24:47
REV_5453,US_5745,MV_3445,1.4,Could be better.,2025-08-05 17:21:04
REV_5454,US_5604,MV_5158,5.4,Could be better.,2024-07-25 14:15:06
REV_5455,US_9104,MV_2192,2.6,Could be better.,2025-07-18 10:43:46
REV_5456,US_1473,MV_813,5.6,Great movie!,2024-03-08 22:58:05
REV_5457,US_4224,MV_6387,2.9,Great movie!,2025-08-21 07:30:47
REV_5458,US_4118,MV_5998,2.7,Could be better.,2025-02-12 14:50:01
REV_5459,US_7882,MV_1799,2.6,Could be better.,2024-09-22 06:12:15
REV_5460,US_6426,MV_2505,3.6,Great movie!,2025-08-23 23:45:51
REV_5461,US_1688,MV_5047,3.1,Great movie!,2025-10-01 13:35:37
REV_5462,US_1542,MV_3741,2.1,Great movie!,2024-03-16 11:00:37
REV_5463,US_7698,MV_3052,3.4,Great movie!,2024-12-21 04:37:45
REV_5464,US_7055,MV_1636,9.9,Great movie!,2025-08-03 08:20:59
REV_5465,US_6169,MV_8256,1.6,Great movie!,2025-05-20 17:11:49
REV_5467,US_8842,MV_5742,5.2,Could be better.,2024-11-04 23:35:24
REV_5468,US_1174,MV_2191,1.3,Could be better.,2024-10-24 10:12:37
REV_5469,US_581,MV_4799,9.0,Great movie!,2025-05-06 19:56:24
REV_5470,US_3771,MV_5376,5.0,Great movie!,2024-09-10 05:03:44
REV_5471,US_2603,MV_1885,1.9,Great movie!,2024-04-03 17:19:49
REV_5473,US_7873,MV_8951,1.2,Could be better.,2025-06-23 08:08:46
REV_5474,US_2628,MV_4004,9.9,Great movie!,2024-08-11 22:39:41
REV_5476,US_8828,MV_14,3.1,Could be better.,2024-03-01 21:47:47
REV_5477,US_188,MV_9228,1.2,Could be better.,2025-09-16 04:03:13
REV_5478,US_1696,MV_2175,2.4,Great movie!,2024-11-28 10:14:41
REV_5479,US_1422,MV_134,5.3,Could be better.,2024-03-15 17:41:35
REV_5480,US_2232,MV_5929,6.9,Could be better.,2025-10-30 08:24:42
REV_5481,US_1869,MV_6944,5.1,Great movie!,2024-02-01 18:44:19
REV_5482,US_5240,MV_9092,9.6,Great movie!,2024-03-06 14:23:55
REV_5483,US_5832,MV_9926,8.4,Could be better.,2024-05-12 05:42:23
REV_5484,US_1334,MV_6231,8.9,Great movie!,2025-01-01 04:40:53
REV_5485,US_1964,MV_7862,1.2,Could be better.,2024-06-25 01:03:59
REV_5486,US_2862,MV_1826,4.6,Could be better.,2024-09-06 20:41:06
REV_5487,US_175,MV_7954,6.6,Could be better.,2025-08-15 18:42:24
REV_5488,US_8224,MV_5274,4.2,Could be better.,2024-02-27 20:25:29
REV_5489,US_8796,MV_9094,2.3,Great movie!,2025-11-07 17:05:12
REV_5490,US_1246,MV_3578,6.8,Great movie!,2024-12-23 10:27:53
REV_5491,US_2267,MV_1858,3.1,Great movie!,2025-06-07 07:56:39
REV_5492,US_4104,MV_1988,8.1,Great movie!,2025-03-16 09:01:33
REV_5493,US_7899,MV_7747,3.2,Great movie!,2025-02-21 05:54:55
REV_5494,US_1951,MV_5624,2.0,Could be better.,2025-04-12 01:10:48
REV_5495,US_9339,MV_6921,8.0,Could be better.,2024-11-04 07:41:52
REV_5496,US_5289,MV_2813,9.5,Could be better.,2024-05-27 10:14:00
REV_5497,US_2835,MV_9070,7.8,Could be better.,2025-06-07 21:36:01
REV_5498,US_2577,MV_9273,7.6,Great movie!,2024-05-09 03:47:56
REV_5499,US_8424,MV_5698,7.5,Could be better.,2024-01-14 10:08:52
REV_5500,US_6081,MV_3470,5.7,Great movie!,2025-01-01 23:43:33
REV_5501,US_2478,MV_2076,7.6,Could be better.,2025-07-30 05:03:38
REV_5502,US_1537,MV_1848,5.9,Could be better.,2024-12-30 01:19:24
REV_5503,US_1566,MV_9990,8.3,Could be better.,2024-06-04 19:01:04
REV_5504,US_6943,MV_6156,5.1,Great movie!,2025-06-04 00:38:38
REV_5505,US_206,MV_1150,1.9,Great movie!,2024-01-29 13:15:00
REV_5506,US_6976,MV_2881,1.0,Great movie!,2024-06-17 10:47:39
REV_5507,US_6756,MV_9308,8.3,Could be better.,2024-07-28 05:56:35
REV_5508,US_5552,MV_5295,5.8,Could be better.,2025-06-08 21:04:06
REV_5509,US_523,MV_8702,8.9,Great movie!,2024-05-24 17:17:47
REV_5510,US_1311,MV_9767,5.4,Great movie!,2025-01-09 04:03:33
REV_5511,US_2728,MV_8240,2.2,Could be better.,2025-03-22 03:51:01
REV_5512,US_8168,MV_4806,8.3,Could be better.,2025-10-29 07:38:01
REV_5513,US_1855,MV_9326,5.0,Great movie!,2024-05-01 10:12:37
REV_5514,US_362,MV_8069,2.6,Could be better.,2024-08-09 04:07:56
REV_5515,US_7937,MV_9398,1.1,Could be better.,2024-02-20 10:30:24
REV_5516,US_7644,MV_2725,9.0,Could be better.,2024-11-07 17:18:00
REV_5517,US_5357,MV_984,7.5,Great movie!,2025-06-10 14:51:24
REV_5518,US_3527,MV_2212,5.0,Great movie!,2025-02-20 23:03:56
REV_5519,US_2598,MV_9856,2.2,Could be better.,2024-11-26 22:16:09
REV_5520,US_852,MV_2905,6.6,Great movie!,2025-08-04 15:32:10
REV_5521,US_8179,MV_7709,2.3,Could be better.,2025-12-01 08:19:51
REV_5522,US_5190,MV_8680,8.7,Could be better.,2025-04-20 23:23:14
REV_5523,US_7429,MV_1833,9.9,Could be better.,2025-06-10 12:45:29
REV_5524,US_1125,MV_6497,4.2,Could be better.,2024-01-03 15:16:46
REV_5525,US_664,MV_5922,2.7,Great movie!,2025-11-26 13:47:49
REV_5526,US_4812,MV_6482,9.4,Could be better.,2024-07-03 18:59:56
REV_5527,US_9365,MV_9508,3.6,Could be better.,2024-10-23 15:56:57
REV_5528,US_407,MV_3506,4.7,Could be better.,2024-01-30 02:33:26
REV_5529,US_2986,MV_1018,4.3,Great movie!,2024-03-24 14:49:53
REV_5530,US_9988,MV_6886,9.2,Could be better.,2024-07-28 07:42:59
REV_5531,US_9630,MV_858,5.2,Could be better.,2024-09-23 23:08:51
REV_5532,US_5910,MV_4666,7.2,Could be better.,2024-04-14 06:51:35
REV_5533,US_4568,MV_8146,4.6,Could be better.,2024-11-08 01:41:39
REV_5534,US_6825,MV_5514,7.2,Great movie!,2025-01-07 09:46:09
REV_5535,US_9038,MV_3268,9.4,Could be better.,2024-08-29 13:57:49
REV_5537,US_8329,MV_3554,6.8,Great movie!,2024-07-22 15:44:38
REV_5538,US_5168,MV_1090,8.3,Great movie!,2024-03-17 17:12:16
REV_5539,US_8998,MV_64,7.0,Great movie!,2025-09-02 20:40:04
REV_5540,US_1945,MV_26,4.3,Could be better.,2024-10-27 11:43:35
REV_5541,US_4830,MV_8052,1.6,Could be better.,2025-07-14 07:34:05
REV_5542,US_6275,MV_7143,4.5,Could be better.,2025-02-07 02:37:35
REV_5544,US_3738,MV_7818,8.5,Could be better.,2024-02-25 16:41:36
REV_5545,US_5748,MV_2760,2.3,Could be better.,2025-05-01 14:54:50
REV_5546,US_1444,MV_9427,2.5,Could be better.,2025-05-14 01:35:40
REV_5547,US_9067,MV_6750,6.6,Great movie!,2024-10-03 19:45:19
REV_5548,US_4997,MV_8297,6.7,Could be better.,2024-07-27 17:31:48
REV_5549,US_2402,MV_3673,1.8,Could be better.,2024-11-14 19:22:20
REV_5550,US_8288,MV_3701,9.5,Great movie!,2024-07-13 17:38:05
REV_5551,US_6262,MV_9749,1.6,Great movie!,2024-09-20 11:48:04
REV_5552,US_6989,MV_3252,8.7,Could be better.,2025-11-08 01:07:42
REV_5553,US_2158,MV_5532,9.5,Could be better.,2025-06-18 05:15:45
REV_5554,US_9018,MV_7161,8.2,Could be better.,2025-10-07 17:42:19
REV_5555,US_5187,MV_9322,9.1,Great movie!,2024-12-10 08:05:26
REV_5556,US_7988,MV_8826,5.2,Could be better.,2025-09-03 09:29:04
REV_5557,US_8128,MV_3839,5.5,Great movie!,2025-05-15 06:14:29
REV_5558,US_7804,MV_12,2.9,Could be better.,2025-12-06 19:06:07
REV_5559,US_9902,MV_3336,1.9,Could be better.,2025-11-14 14:07:26
REV_5560,US_9328,MV_8917,8.8,Could be better.,2024-07-06 00:58:49
REV_5561,US_31,MV_1484,2.5,Great movie!,2024-03-14 20:13:10
REV_5564,US_6406,MV_4963,8.9,Could be better.,2024-01-23 02:44:38
REV_5565,US_2368,MV_1677,8.5,Could be better.,2025-07-25 18:45:50
REV_5566,US_6863,MV_6035,7.0,Great movie!,2025-02-20 04:55:14
REV_5567,US_5583,MV_8754,7.6,Great movie!,2025-01-29 05:47:33
REV_5568,US_8639,MV_2900,6.4,Could be better.,2024-07-04 23:24:39
REV_5569,US_5802,MV_5487,5.5,Could be better.,2024-10-28 20:29:36
REV_5570,US_9203,MV_4639,2.8,Could be better.,2025-08-07 03:02:26
REV_5571,US_860,MV_2917,4.4,Great movie!,2025-08-18 15:52:29
REV_5572,US_7188,MV_3025,2.6,Could be better.,2025-07-31 15:43:55
REV_5573,US_733,MV_1681,8.6,Could be better.,2025-06-08 06:54:38
REV_5574,US_9426,MV_1679,1.3,Could be better.,2024-07-13 13:01:28
REV_5575,US_9117,MV_739,4.7,Great movie!,2025-02-02 09:16:24
REV_5576,US_3572,MV_799,7.8,Great movie!,2024-12-11 08:25:14
REV_5577,US_3578,MV_4658,2.6,Could be better.,2025-09-10 19:43:57
REV_5578,US_9137,MV_779,7.4,Great movie!,2025-06-20 00:15:53
REV_5579,US_7379,MV_1186,1.1,Great movie!,2024-09-24 07:19:35
REV_5580,US_3811,MV_6294,1.5,Could be better.,2025-07-19 05:05:41
REV_5581,US_4338,MV_1684,8.3,Great movie!,2025-08-29 01:10:33
REV_5582,US_9018,MV_8288,1.5,Great movie!,2025-09-21 05:07:51
REV_5583,US_9336,MV_6265,1.3,Great movie!,2024-05-04 20:57:37
REV_5584,US_3950,MV_1481,2.5,Great movie!,2024-11-13 10:41:47
REV_5585,US_48,MV_6071,1.6,Could be better.,2024-12-29 12:25:14
REV_5586,US_3802,MV_422,8.5,Great movie!,2025-05-21 02:10:49
REV_5587,US_2579,MV_6286,3.4,Could be better.,2025-12-20 15:47:04
REV_5588,US_4708,MV_2922,5.5,Could be better.,2024-03-18 03:50:51
REV_5589,US_9587,MV_7167,3.3,Great movie!,2025-01-15 11:55:13
REV_5590,US_8075,MV_8648,6.4,Could be better.,2025-03-31 23:44:52
REV_5591,US_1342,MV_9928,2.3,Great movie!,2024-03-30 00:06:03
REV_5592,US_477,MV_6511,6.2,Could be better.,2025-01-26 01:29:18
REV_5593,US_731,MV_1061,8.6,Great movie!,2025-11-21 13:17:01
REV_5594,US_8268,MV_3773,6.6,Great movie!,2024-10-12 20:03:35
REV_5595,US_5434,MV_6490,3.4,Great movie!,2024-05-27 20:43:55
REV_5596,US_8288,MV_6820,9.8,Could be better.,2025-08-13 04:14:30
REV_5598,US_5426,MV_3611,5.7,Great movie!,2024-01-16 08:21:19
REV_5599,US_2951,MV_6214,1.8,Great movie!,2025-12-11 12:29:42
REV_5600,US_5787,MV_518,3.8,Could be better.,2025-05-03 22:03:31
REV_5601,US_2066,MV_4426,4.9,Great movie!,2025-03-15 01:33:46
REV_5602,US_8783,MV_4845,9.6,Great movie!,2025-03-16 00:57:15
REV_5603,US_9881,MV_1077,2.0,Great movie!,2025-07-06 18:56:33
REV_5604,US_304,MV_6744,1.9,Great movie!,2025-12-24 03:52:07
REV_5605,US_160,MV_7860,3.7,Could be better.,2025-11-30 20:46:47
REV_5606,US_9364,MV_281,8.8,Could be better.,2025-06-22 13:33:15
REV_5607,US_75,MV_1397,4.4,Great movie!,2025-12-28 06:23:49
REV_5608,US_9855,MV_493,4.6,Great movie!,2025-06-11 21:15:43
REV_5609,US_3603,MV_1327,4.9,Could be better.,2024-05-05 17:01:06
REV_5610,US_9459,MV_1174,4.1,Could be better.,2024-03-14 06:08:08
REV_5611,US_7639,MV_3924,3.9,Could be better.,2025-10-11 17:41:33
REV_5612,US_8501,MV_3801,6.9,Could be better.,2025-12-13 07:15:11
REV_5613,US_8516,MV_7000,8.8,Could be better.,2024-04-20 02:28:53
REV_5615,US_1810,MV_7370,7.8,Could be better.,2024-01-11 06:29:18
REV_5616,US_502,MV_8667,4.7,Great movie!,2025-05-14 07:13:25
REV_5617,US_7806,MV_9402,9.0,Great movie!,2024-07-27 18:21:02
REV_5618,US_6084,MV_8823,5.0,Great movie!,2024-02-29 08:23:17
REV_5619,US_4757,MV_7781,3.8,Could be better.,2024-10-07 10:17:54
REV_5620,US_2593,MV_4524,4.3,Could be better.,2025-06-27 12:10:45
REV_5621,US_1240,MV_6931,4.6,Great movie!,2024-11-05 18:52:44
REV_5622,US_1644,MV_3622,8.8,Great movie!,2025-08-02 09:19:57
REV_5623,US_7503,MV_6913,8.8,Could be better.,2024-04-10 13:03:47
REV_5624,US_3585,MV_8721,8.1,Great movie!,2024-08-14 11:29:31
REV_5625,US_8166,MV_1031,6.8,Great movie!,2024-05-23 13:34:55
REV_5626,US_7502,MV_8236,2.2,Great movie!,2024-10-08 23:21:23
REV_5627,US_4877,MV_6932,6.0,Great movie!,2025-07-27 08:13:40
REV_5628,US_1347,MV_5830,1.6,Great movie!,2024-01-29 23:29:31
REV_5629,US_640,MV_8077,7.8,Great movie!,2025-04-17 20:10:48
REV_5630,US_4270,MV_1980,2.4,Could be better.,2025-12-19 22:02:30
REV_5631,US_912,MV_5698,7.7,Could be better.,2025-02-26 16:16:08
REV_5632,US_8256,MV_9650,2.8,Great movie!,2024-11-13 03:21:03
REV_5633,US_8680,MV_193,6.8,Could be better.,2025-05-05 16:03:33
REV_5634,US_5961,MV_5175,6.1,Great movie!,2024-08-17 07:09:34
REV_5635,US_6362,MV_2796,1.3,Could be better.,2025-08-19 15:10:09
REV_5636,US_3078,MV_4072,1.8,Great movie!,2025-11-16 11:50:28
REV_5637,US_6366,MV_2606,7.0,Could be better.,2024-02-10 18:51:30
REV_5638,US_5837,MV_8970,2.3,Could be better.,2024-06-01 13:45:37
REV_5639,US_1931,MV_7182,5.6,Could be better.,2024-07-31 22:41:21
REV_5640,US_5987,MV_8233,1.3,Great movie!,2025-11-18 07:30:48
REV_5641,US_789,MV_4499,6.5,Great movie!,2024-08-20 14:53:04
REV_5642,US_7893,MV_7239,8.9,Great movie!,2024-12-06 02:28:02
REV_5643,US_6351,MV_7323,6.6,Great movie!,2025-03-28 13:46:50
REV_5644,US_9465,MV_6847,4.8,Great movie!,2024-01-27 13:51:43
REV_5645,US_7618,MV_2033,3.8,Could be better.,2025-01-26 13:05:21
REV_5646,US_9627,MV_8648,4.7,Could be better.,2024-02-01 10:41:03
REV_5647,US_6430,MV_2139,5.7,Could be better.,2025-04-13 03:27:37
REV_5648,US_9932,MV_1224,9.0,Great movie!,2025-07-28 08:08:59
REV_5649,US_3421,MV_7996,3.0,Great movie!,2024-02-29 16:50:55
REV_5650,US_7091,MV_715,3.1,Great movie!,2025-12-10 09:05:43
REV_5651,US_752,MV_7560,7.1,Could be better.,2025-11-05 08:05:40
REV_5652,US_2064,MV_3666,7.6,Could be better.,2025-12-03 04:18:06
REV_5653,US_7313,MV_4313,1.8,Could be better.,2024-08-09 00:51:32
REV_5654,US_3932,MV_4859,5.9,Great movie!,2025-06-02 13:40:22
REV_5655,US_1750,MV_5256,5.8,Great movie!,2025-03-10 20:40:38
REV_5656,US_5792,MV_9517,1.6,Could be better.,2024-07-27 06:03:45
REV_5657,US_3541,MV_2650,6.3,Could be better.,2025-08-13 10:04:00
REV_5658,US_8782,MV_202,5.4,Great movie!,2024-10-04 10:45:55
REV_5659,US_6396,MV_2774,7.6,Could be better.,2024-05-03 22:02:34
REV_5660,US_974,MV_3950,5.4,Great movie!,2024-08-06 03:27:19
REV_5661,US_6323,MV_6463,5.4,Could be better.,2025-07-17 20:11:47
REV_5662,US_6123,MV_7252,9.5,Great movie!,2024-12-15 08:59:00
REV_5663,US_782,MV_6399,7.2,Great movie!,2024-02-22 13:48:33
REV_5664,US_5257,MV_2195,10.0,Could be better.,2025-08-02 03:42:05
REV_5665,US_6958,MV_2604,6.2,Great movie!,2025-05-17 20:51:01
REV_5666,US_4811,MV_8788,3.6,Could be better.,2025-03-20 19:02:41
REV_5668,US_5756,MV_6700,2.7,Great movie!,2024-10-01 21:03:37
REV_5669,US_9074,MV_7468,9.5,Great movie!,2024-11-17 20:28:24
REV_5670,US_6699,MV_5026,6.0,Great movie!,2025-10-03 15:47:44
REV_5672,US_2107,MV_9638,8.6,Could be better.,2024-07-22 10:15:34
REV_5673,US_2008,MV_6828,8.9,Could be better.,2025-10-19 05:07:03
REV_5674,US_9052,MV_7173,2.0,Great movie!,2025-04-07 19:39:53
REV_5675,US_5905,MV_2303,6.6,Could be better.,2024-09-07 23:32:51
REV_5676,US_2027,MV_9966,3.5,Great movie!,2025-09-12 04:17:06
REV_5677,US_1239,MV_9928,6.1,Could be better.,2025-11-11 08:35:55
REV_5678,US_4735,MV_240,8.5,Could be better.,2024-11-26 00:00:48
REV_5679,US_9819,MV_688,3.2,Great movie!,2025-07-30 04:22:41
REV_5680,US_3422,MV_9557,3.1,Great movie!,2024-03-24 18:28:25
REV_5681,US_4425,MV_4948,7.2,Could be better.,2024-02-17 03:41:19
REV_5682,US_3245,MV_5187,6.2,Great movie!,2024-08-06 01:13:53
REV_5683,US_2344,MV_5152,3.4,Could be better.,2025-06-07 15:45:35
REV_5684,US_5623,MV_8063,6.3,Could be better.,2024-08-17 22:10:31
REV_5685,US_69,MV_9966,3.0,Great movie!,2025-10-22 23:44:37
REV_5686,US_1562,MV_1536,4.0,Could be better.,2025-06-20 04:44:01
REV_5687,US_9224,MV_5245,4.2,Great movie!,2024-10-07 19:48:32
REV_5688,US_9372,MV_5942,1.8,Could be better.,2025-06-26 21:53:25
REV_5689,US_9148,MV_9381,6.6,Great movie!,2025-07-12 18:53:02
REV_5690,US_7584,MV_9364,5.1,Could be better.,2025-01-05 19:47:25
REV_5691,US_8967,MV_8496,9.8,Great movie!,2024-03-10 13:20:51
REV_5692,US_1927,MV_7838,6.9,Great movie!,2024-01-31 20:59:47
REV_5693,US_8154,MV_1877,4.5,Could be better.,2025-04-07 07:40:46
REV_5694,US_3077,MV_9992,4.4,Could be better.,2025-02-05 05:11:05
REV_5695,US_3177,MV_935,7.1,Great movie!,2025-01-02 12:52:55
REV_5697,US_4654,MV_2360,9.4,Great movie!,2025-03-17 09:17:46
REV_5698,US_8592,MV_3338,9.6,Could be better.,2025-10-26 18:12:13
REV_5699,US_8954,MV_8029,9.4,Could be better.,2025-03-06 23:32:00
REV_5700,US_4566,MV_5745,6.0,Great movie!,2024-03-19 06:23:05
REV_5701,US_4401,MV_1788,2.4,Could be better.,2025-10-23 12:09:05
REV_5702,US_8206,MV_830,6.0,Great movie!,2024-01-14 03:27:20
REV_5703,US_5933,MV_6858,6.7,Could be better.,2025-08-04 07:27:47
REV_5704,US_5258,MV_8620,1.6,Great movie!,2024-08-03 07:50:00
REV_5705,US_1198,MV_9682,4.9,Great movie!,2025-08-18 17:02:15
REV_5706,US_8530,MV_2445,9.6,Could be better.,2025-02-15 17:39:17
REV_5707,US_2833,MV_8404,9.0,Great movie!,2024-11-10 19:01:28
REV_5708,US_8635,MV_6360,5.4,Could be better.,2025-11-18 10:14:08
REV_5709,US_9114,MV_5413,3.1,Great movie!,2024-08-13 12:52:50
REV_5711,US_8268,MV_7465,4.5,Could be better.,2025-02-24 08:14:30
REV_5713,US_3368,MV_1721,8.2,Great movie!,2024-08-04 08:04:57
REV_5714,US_3747,MV_2667,2.6,Great movie!,2024-10-01 16:13:41
REV_5715,US_9743,MV_8526,1.8,Great movie!,2024-03-04 02:32:31
REV_5716,US_1654,MV_6421,6.3,Could be better.,2025-04-07 14:04:07
REV_5717,US_3585,MV_9308,4.4,Could be better.,2024-06-23 06:46:12
REV_5719,US_2646,MV_7493,9.4,Could be better.,2024-05-07 22:47:10
REV_5720,US_3379,MV_5013,4.6,Could be better.,2024-07-04 01:43:14
REV_5721,US_875,MV_186,3.7,Great movie!,2024-11-04 01:11:30
REV_5722,US_9075,MV_3852,1.3,Great movie!,2024-12-31 04:21:32
REV_5723,US_1407,MV_8849,6.8,Could be better.,2024-03-13 09:40:25
REV_5724,US_1081,MV_1651,9.9,Great movie!,2024-03-04 07:23:15
REV_5725,US_9134,MV_2919,7.6,Great movie!,2025-07-15 20:48:54
REV_5726,US_9365,MV_5720,4.3,Great movie!,2025-03-05 04:18:36
REV_5727,US_1708,MV_6996,5.7,Great movie!,2024-10-25 09:05:26
REV_5728,US_6173,MV_1136,7.0,Great movie!,2024-12-24 00:25:05
REV_5729,US_6826,MV_8206,9.4,Could be better.,2024-10-31 19:08:55
REV_5730,US_244,MV_1241,5.5,Could be better.,2024-08-08 10:52:38
REV_5731,US_1144,MV_9279,2.1,Could be better.,2024-10-19 19:38:25
REV_5732,US_6274,MV_9478,2.6,Could be better.,2025-10-11 13:42:28
REV_5733,US_5310,MV_8248,1.4,Could be better.,2025-03-26 17:26:45
REV_5734,US_7876,MV_1565,1.6,Great movie!,2024-06-19 21:06:13
REV_5735,US_818,MV_6466,1.9,Could be better.,2025-01-20 08:34:09
REV_5736,US_4398,MV_7372,1.4,Could be better.,2024-05-01 20:17:30
REV_5738,US_2142,MV_659,2.8,Could be better.,2025-07-27 12:09:20
REV_5739,US_7308,MV_5468,5.5,Great movie!,2024-04-13 12:56:33
REV_5740,US_5345,MV_388,6.9,Great movie!,2024-03-02 07:03:16
REV_5741,US_4055,MV_3320,8.4,Could be better.,2025-05-06 08:15:13
REV_5742,US_5625,MV_2071,9.8,Great movie!,2025-04-02 11:46:36
REV_5743,US_9452,MV_6851,3.2,Could be better.,2025-09-16 00:54:49
REV_5744,US_4727,MV_1874,1.7,Could be better.,2024-05-19 20:01:43
REV_5745,US_9721,MV_2906,8.8,Great movie!,2025-08-17 03:15:25
REV_5746,US_2875,MV_1284,2.0,Could be better.,2025-02-22 11:07:49
REV_5747,US_8632,MV_3003,1.8,Great movie!,2025-09-15 22:49:40
REV_5748,US_5524,MV_9776,8.0,Could be better.,2024-01-21 09:46:38
REV_5749,US_4060,MV_6179,8.1,Great movie!,2025-10-14 12:57:12
REV_5750,US_8781,MV_3993,9.1,Great movie!,2025-09-20 03:20:07
REV_5751,US_4656,MV_258,4.1,Great movie!,2025-07-19 17:00:59
REV_5752,US_5334,MV_7757,5.9,Could be better.,2025-12-16 04:19:56
REV_5753,US_9868,MV_134,6.8,Great movie!,2025-08-11 02:05:33
REV_5754,US_7665,MV_5532,3.9,Could be better.,2024-07-14 04:43:30
REV_5755,US_3395,MV_9094,3.7,Great movie!,2025-12-10 08:42:55
REV_5756,US_9123,MV_6400,3.1,Great movie!,2025-10-09 10:50:37
REV_5757,US_5552,MV_8893,1.7,Could be better.,2024-01-22 23:00:25
REV_5758,US_2138,MV_8458,1.6,Could be better.,2024-10-15 16:28:05
REV_5759,US_55,MV_996,3.8,Could be better.,2025-06-27 14:39:15
REV_5760,US_9351,MV_8609,7.1,Great movie!,2024-07-01 03:03:50
REV_5761,US_6021,MV_737,3.6,Great movie!,2024-02-21 05:43:54
REV_5762,US_5028,MV_3437,1.5,Could be better.,2024-08-23 05:58:52
REV_5763,US_1697,MV_5792,9.7,Could be better.,2024-11-17 23:28:00
REV_5764,US_7083,MV_5045,6.5,Great movie!,2025-02-10 08:36:49
REV_5765,US_5046,MV_6913,6.7,Could be better.,2024-04-04 07:31:13
REV_5766,US_3987,MV_9243,3.0,Great movie!,2024-07-03 15:52:25
REV_5767,US_349,MV_4205,8.4,Could be better.,2024-11-25 10:35:26
REV_5768,US_3188,MV_9002,3.6,Great movie!,2025-02-21 15:19:36
REV_5769,US_6635,MV_775,1.4,Great movie!,2025-04-12 06:53:02
REV_5770,US_5813,MV_372,2.7,Great movie!,2025-06-14 15:45:45
REV_5771,US_4321,MV_2915,9.2,Great movie!,2025-04-08 17:01:54
REV_5772,US_1024,MV_1869,9.2,Could be better.,2025-02-19 20:21:00
REV_5773,US_236,MV_7850,3.3,Great movie!,2024-01-21 16:30:57
REV_5774,US_524,MV_616,4.3,Great movie!,2024-06-09 12:02:50
REV_5775,US_6509,MV_5106,4.4,Could be better.,2025-04-27 03:09:58
REV_5776,US_8958,MV_8774,7.1,Great movie!,2025-04-19 11:45:56
REV_5777,US_6406,MV_5718,3.1,Could be better.,2024-07-04 05:20:01
REV_5778,US_7271,MV_7920,4.7,Could be better.,2025-05-22 07:47:49
REV_5779,US_1353,MV_8701,5.0,Great movie!,2025-06-01 15:03:02
REV_5780,US_7157,MV_1616,4.2,Could be better.,2024-02-26 23:34:56
REV_5781,US_5801,MV_1279,4.9,Could be better.,2024-01-17 02:00:07
REV_5782,US_1940,MV_3593,7.4,Great movie!,2025-04-18 19:32:06
REV_5784,US_5918,MV_4806,5.4,Could be better.,2025-03-05 23:24:30
REV_5785,US_2146,MV_4510,2.9,Great movie!,2024-10-16 06:38:37
REV_5786,US_8659,MV_3122,2.9,Great movie!,2025-08-26 12:49:30
REV_5787,US_2680,MV_541,7.4,Could be better.,2024-07-04 20:44:53
REV_5789,US_6170,MV_7736,2.6,Great movie!,2024-06-23 08:06:00
REV_5791,US_4793,MV_8640,7.5,Great movie!,2024-01-17 17:59:35
REV_5792,US_1073,MV_1370,5.3,Could be better.,2025-12-14 09:04:37
REV_5793,US_1711,MV_8973,8.4,Could be better.,2024-02-27 22:44:18
REV_5794,US_2972,MV_7668,3.5,Could be better.,2025-08-23 14:58:52
REV_5796,US_6385,MV_3873,7.4,Great movie!,2024-01-01 15:05:31
REV_5797,US_2846,MV_7373,7.9,Could be better.,2024-08-22 14:46:59
REV_5798,US_217,MV_8922,6.1,Great movie!,2024-07-22 04:39:42
REV_5799,US_5702,MV_9471,6.3,Could be better.,2025-10-31 09:24:41
REV_5800,US_1590,MV_6470,5.4,Great movie!,2025-08-29 20:11:16
REV_5801,US_5246,MV_6250,5.0,Great movie!,2024-12-15 08:02:45
REV_5802,US_7320,MV_2137,1.9,Could be better.,2025-12-06 16:02:52
REV_5803,US_3724,MV_556,5.6,Great movie!,2025-01-18 19:37:50
REV_5804,US_7454,MV_1970,4.9,Could be better.,2025-01-13 04:02:43
REV_5805,US_3081,MV_7115,3.3,Could be better.,2024-10-01 17:34:10
REV_5806,US_4040,MV_7743,3.6,Great movie!,2025-01-31 15:06:45
REV_5807,US_600,MV_3149,2.4,Great movie!,2025-10-30 23:14:48
REV_5808,US_1704,MV_6469,4.1,Great movie!,2025-12-15 04:44:25
REV_5809,US_3015,MV_8968,1.2,Could be better.,2025-05-23 13:01:14
REV_5810,US_5800,MV_8561,3.4,Could be better.,2025-01-23 09:21:09
REV_5811,US_5230,MV_1599,9.7,Could be better.,2024-05-04 18:24:24
REV_5812,US_7867,MV_6463,9.4,Could be better.,2024-04-13 17:01:47
REV_5813,US_5659,MV_8521,4.0,Great movie!,2025-12-05 09:52:06
REV_5814,US_860,MV_2105,7.4,Great movie!,2024-12-26 01:49:32
REV_5815,US_6903,MV_5027,4.0,Great movie!,2024-10-20 15:52:45
REV_5816,US_6347,MV_728,2.7,Great movie!,2024-10-31 05:06:06
REV_5817,US_8815,MV_4961,5.6,Could be better.,2024-04-22 06:48:50
REV_5818,US_2781,MV_8165,8.7,Could be better.,2024-11-04 09:04:12
REV_5819,US_1432,MV_7791,2.3,Great movie!,2024-06-23 14:53:09
REV_5820,US_2927,MV_8307,2.4,Could be better.,2024-11-02 04:20:13
REV_5821,US_7955,MV_4210,8.9,Could be better.,2025-12-20 19:55:38
REV_5823,US_1636,MV_5230,5.4,Could be better.,2024-11-17 19:56:11
REV_5824,US_1640,MV_4004,6.1,Could be better.,2024-10-23 20:00:53
REV_5825,US_3293,MV_8951,9.6,Could be better.,2024-03-16 01:32:35
REV_5826,US_9868,MV_1889,7.8,Great movie!,2024-07-17 07:35:39
REV_5827,US_4254,MV_9920,6.4,Great movie!,2025-10-10 11:54:23
REV_5828,US_1768,MV_4708,4.6,Great movie!,2025-05-14 00:01:42
REV_5829,US_5015,MV_5181,8.5,Could be better.,2025-10-23 07:30:43
REV_5830,US_9510,MV_25,2.0,Could be better.,2025-12-03 15:00:43
REV_5831,US_1878,MV_472,8.5,Great movie!,2025-03-13 12:27:58
REV_5832,US_432,MV_3297,3.7,Could be better.,2024-04-13 03:43:53
REV_5833,US_8118,MV_1012,9.6,Great movie!,2024-11-09 22:18:07
REV_5834,US_155,MV_6901,4.7,Great movie!,2024-12-06 22:17:28
REV_5836,US_8454,MV_6020,8.6,Could be better.,2024-04-04 20:53:08
REV_5837,US_6193,MV_6025,2.8,Could be better.,2024-11-06 07:45:32
REV_5838,US_9635,MV_9531,5.0,Great movie!,2024-10-19 10:24:45
REV_5839,US_3993,MV_420,3.4,Great movie!,2024-07-16 01:54:09
REV_5840,US_9689,MV_7454,4.9,Could be better.,2025-10-29 02:57:50
REV_5841,US_5392,MV_366,8.5,Could be better.,2024-08-10 03:35:43
REV_5842,US_691,MV_3826,7.5,Great movie!,2025-09-17 18:12:00
REV_5843,US_1121,MV_1970,5.6,Great movie!,2024-11-03 21:58:34
REV_5844,US_3387,MV_171,8.4,Great movie!,2025-01-23 06:28:33
REV_5845,US_6100,MV_1518,3.2,Great movie!,2025-05-23 08:08:17
REV_5846,US_4606,MV_9625,3.1,Could be better.,2025-07-31 18:47:03
REV_5847,US_9500,MV_6026,2.6,Great movie!,2024-08-02 05:57:28
REV_5848,US_5728,MV_4569,8.6,Great movie!,2025-07-14 11:18:12
REV_5849,US_2402,MV_6014,4.2,Great movie!,2025-01-04 23:43:29
REV_5851,US_2156,MV_3094,8.8,Great movie!,2024-04-03 00:08:55
REV_5852,US_2300,MV_4191,6.6,Great movie!,2025-04-23 12:05:25
REV_5853,US_545,MV_251,3.2,Great movie!,2024-02-02 21:48:10
REV_5855,US_6512,MV_9745,2.2,Great movie!,2025-03-26 12:53:56
REV_5857,US_130,MV_2505,4.9,Could be better.,2024-09-04 20:32:27
REV_5858,US_4313,MV_2501,2.9,Great movie!,2025-07-08 03:40:28
REV_5859,US_1032,MV_8626,8.9,Could be better.,2024-09-23 09:22:19
REV_5860,US_4965,MV_1009,7.8,Great movie!,2024-05-11 19:03:03
REV_5861,US_1101,MV_5120,2.0,Could be better.,2024-07-08 07:29:54
REV_5862,US_8722,MV_2177,7.5,Could be better.,2024-06-14 02:47:26
REV_5863,US_716,MV_2553,2.8,Great movie!,2024-07-07 06:14:18
REV_5864,US_579,MV_8495,8.7,Could be better.,2024-10-25 15:13:43
REV_5865,US_5286,MV_1465,5.1,Great movie!,2025-10-24 00:44:56
REV_5866,US_3890,MV_9985,8.7,Could be better.,2025-10-11 00:42:59
REV_5867,US_3843,MV_6656,9.2,Great movie!,2024-08-10 11:55:24
REV_5868,US_8134,MV_23,1.4,Great movie!,2025-11-03 12:47:04
REV_5869,US_7009,MV_3150,4.2,Could be better.,2024-11-01 05:23:25
REV_5871,US_3168,MV_1717,7.0,Could be better.,2024-06-19 05:20:17
REV_5872,US_765,MV_6734,6.3,Could be better.,2024-12-11 19:04:48
REV_5873,US_1202,MV_7303,9.5,Great movie!,2024-10-14 11:00:21
REV_5874,US_2665,MV_6348,1.2,Great movie!,2025-06-10 00:59:38
REV_5875,US_7045,MV_9130,8.2,Great movie!,2024-07-26 08:15:31
REV_5876,US_6639,MV_3473,5.8,Could be better.,2024-03-20 12:03:23
REV_5877,US_6868,MV_5668,7.6,Great movie!,2025-01-04 12:49:28
REV_5878,US_4574,MV_1790,8.3,Could be better.,2024-08-02 20:12:23
REV_5879,US_6982,MV_2595,6.6,Great movie!,2024-09-04 17:07:57
REV_5880,US_5969,MV_9065,9.0,Great movie!,2024-10-29 10:48:41
REV_5881,US_4735,MV_3332,1.0,Could be better.,2024-07-20 09:41:18
REV_5882,US_1788,MV_1632,1.0,Great movie!,2025-10-13 15:02:13
REV_5883,US_62,MV_5031,5.7,Great movie!,2025-07-13 15:19:25
REV_5884,US_6215,MV_4813,6.5,Could be better.,2025-08-17 13:18:28
REV_5885,US_7019,MV_4805,8.0,Great movie!,2024-08-31 17:51:58
REV_5886,US_643,MV_816,7.3,Could be better.,2024-04-03 03:33:37
REV_5887,US_5640,MV_7946,3.7,Could be better.,2024-03-07 21:23:52
REV_5888,US_9772,MV_3487,1.9,Great movie!,2024-01-03 10:51:01
REV_5889,US_738,MV_6695,9.2,Great movie!,2024-06-07 21:11:09
REV_5890,US_2282,MV_2859,1.3,Great movie!,2024-08-07 15:37:59
REV_5891,US_7232,MV_2044,8.0,Great movie!,2025-04-13 00:41:16
REV_5892,US_2292,MV_9883,2.8,Great movie!,2024-10-13 21:01:57
REV_5893,US_2750,MV_5936,9.6,Could be better.,2024-04-21 03:55:46
REV_5894,US_6342,MV_5631,2.0,Great movie!,2025-06-01 14:40:07
REV_5895,US_920,MV_7751,7.3,Could be better.,2025-03-24 22:28:18
REV_5896,US_7355,MV_6919,9.0,Could be better.,2024-09-02 02:54:09
REV_5897,US_4165,MV_8362,5.2,Could be better.,2024-10-20 14:33:10
REV_5898,US_369,MV_1545,7.3,Great movie!,2025-05-25 20:38:05
REV_5899,US_19,MV_5917,8.1,Could be better.,2025-05-31 04:35:35
REV_5900,US_9764,MV_2333,4.5,Great movie!,2025-06-14 03:07:09
REV_5901,US_4859,MV_9670,5.5,Great movie!,2024-05-01 19:21:19
REV_5902,US_552,MV_2244,7.9,Could be better.,2024-05-18 15:29:30
REV_5903,US_3590,MV_5480,7.6,Could be better.,2024-07-15 09:17:52
REV_5904,US_6794,MV_4324,4.0,Great movie!,2025-09-27 15:31:55
REV_5905,US_9518,MV_5586,9.1,Great movie!,2024-07-25 15:16:09
REV_5906,US_9198,MV_5843,9.5,Great movie!,2024-02-16 16:03:28
REV_5907,US_2827,MV_495,7.2,Could be better.,2024-02-17 12:11:22
REV_5908,US_9420,MV_796,4.6,Could be better.,2024-01-20 19:46:47
REV_5909,US_1378,MV_2258,2.7,Great movie!,2024-03-19 21:04:51
REV_5910,US_2913,MV_9345,2.0,Could be better.,2024-01-15 15:06:25
REV_5911,US_971,MV_1993,4.0,Great movie!,2024-10-13 16:08:21
REV_5912,US_7553,MV_6843,3.5,Could be better.,2025-08-30 20:49:07
REV_5913,US_7412,MV_7827,1.5,Great movie!,2025-12-23 09:43:46
REV_5914,US_7638,MV_583,8.1,Could be better.,2025-12-17 08:58:52
REV_5915,US_7327,MV_2728,6.2,Great movie!,2025-08-22 16:10:16
REV_5916,US_9015,MV_9915,1.3,Great movie!,2025-12-16 13:40:33
REV_5917,US_5478,MV_810,4.9,Great movie!,2024-01-28 11:33:36
REV_5918,US_824,MV_9537,2.8,Could be better.,2024-11-08 03:19:27
REV_5919,US_1642,MV_7018,5.1,Great movie!,2024-03-03 03:59:08
REV_5920,US_4927,MV_9486,8.6,Could be better.,2024-12-19 06:45:18
REV_5921,US_8420,MV_4394,9.6,Could be better.,2025-10-11 18:11:27
REV_5922,US_3660,MV_1431,1.7,Could be better.,2024-04-17 08:03:53
REV_5923,US_7738,MV_1156,4.0,Could be better.,2025-11-03 04:31:59
REV_5924,US_7683,MV_24,6.1,Could be better.,2024-03-03 11:48:03
REV_5926,US_3689,MV_4611,2.4,Great movie!,2024-06-09 05:38:34
REV_5927,US_6511,MV_195,1.4,Could be better.,2024-05-10 20:38:33
REV_5928,US_8885,MV_9651,7.6,Could be better.,2025-03-25 19:14:28
REV_5929,US_5628,MV_8879,1.1,Could be better.,2024-01-02 08:43:55
REV_5930,US_3356,MV_1483,2.1,Great movie!,2025-08-21 04:13:54
REV_5931,US_7489,MV_8349,1.0,Could be better.,2025-06-07 19:54:21
REV_5932,US_4452,MV_4259,2.9,Great movie!,2025-03-11 07:28:46
REV_5933,US_7194,MV_3514,2.6,Could be better.,2025-09-11 04:16:24
REV_5934,US_4063,MV_9583,8.6,Great movie!,2025-11-27 09:54:14
REV_5935,US_2268,MV_4575,4.2,Could be better.,2025-02-12 04:26:38
REV_5936,US_8666,MV_4568,9.1,Could be better.,2024-11-24 11:07:39
REV_5937,US_5624,MV_7922,8.7,Could be better.,2025-09-28 00:27:47
REV_5938,US_7261,MV_2366,6.3,Great movie!,2024-07-03 12:11:28
REV_5939,US_9331,MV_2019,7.3,Could be better.,2025-06-28 19:56:17
REV_5940,US_8311,MV_3112,4.9,Great movie!,2025-06-12 08:04:51
REV_5941,US_4699,MV_5253,1.3,Great movie!,2024-02-10 23:37:30
REV_5942,US_5087,MV_347,5.3,Could be better.,2025-01-28 14:16:02
REV_5943,US_1976,MV_6176,6.1,Great movie!,2025-01-24 11:40:07
REV_5944,US_4502,MV_5142,4.5,Could be better.,2025-01-15 02:49:53
REV_5945,US_8707,MV_3410,4.8,Great movie!,2024-12-02 07:32:04
REV_5946,US_6325,MV_5146,6.7,Great movie!,2025-07-15 00:19:35
REV_5947,US_301,MV_1441,9.7,Could be better.,2025-01-17 16:24:19
REV_5948,US_6243,MV_2066,9.9,Could be better.,2024-09-15 23:46:42
REV_5949,US_4560,MV_3534,8.6,Could be better.,2024-01-28 10:57:12
REV_5950,US_9756,MV_1284,6.7,Great movie!,2025-04-02 15:09:20
REV_5951,US_7406,MV_6839,7.1,Could be better.,2025-10-23 17:19:25
REV_5952,US_4562,MV_5124,4.6,Great movie!,2024-03-21 23:41:05
REV_5954,US_2937,MV_8856,3.5,Could be better.,2024-09-29 03:30:42
REV_5955,US_2225,MV_3503,5.1,Could be better.,2025-08-02 17:09:12
REV_5956,US_4727,MV_6386,10.0,Great movie!,2024-06-14 02:30:14
REV_5957,US_6241,MV_4132,2.5,Could be better.,2025-07-05 10:01:32
REV_5958,US_8947,MV_7861,2.6,Great movie!,2025-06-10 08:55:41
REV_5959,US_8297,MV_8685,8.2,Could be better.,2025-03-16 19:42:59
REV_5960,US_2019,MV_7429,3.0,Great movie!,2025-05-05 03:16:56
REV_5961,US_6513,MV_5167,9.1,Great movie!,2025-03-07 00:52:49
REV_5962,US_3144,MV_7404,1.9,Great movie!,2025-04-19 05:12:39
REV_5963,US_8549,MV_9427,8.2,Could be better.,2024-01-07 05:45:13
REV_5965,US_6017,MV_2953,9.5,Could be better.,2025-11-04 04:52:18
REV_5966,US_3191,MV_6100,9.6,Could be better.,2025-08-30 06:41:40
REV_5967,US_581,MV_1098,6.8,Great movie!,2024-04-09 11:53:57
REV_5968,US_3815,MV_5813,1.9,Great movie!,2024-01-03 00:39:21
REV_5970,US_4098,MV_3798,4.7,Could be better.,2025-02-23 22:10:22
REV_5971,US_3274,MV_3710,6.5,Great movie!,2024-04-14 22:41:49
REV_5972,US_3689,MV_1835,2.1,Could be better.,2024-02-11 04:38:31
REV_5973,US_997,MV_3987,7.6,Could be better.,2024-09-15 09:09:55
REV_5974,US_3852,MV_2373,7.0,Great movie!,2025-01-24 02:11:14
REV_5975,US_1890,MV_503,6.9,Great movie!,2024-12-21 04:09:40
REV_5976,US_1784,MV_4239,8.1,Could be better.,2025-08-30 07:18:28
REV_5977,US_3665,MV_5639,5.5,Could be better.,2024-09-01 11:13:29
REV_5978,US_3575,MV_249,2.4,Great movie!,2025-02-09 01:11:36
REV_5979,US_1767,MV_6467,8.0,Could be better.,2024-07-04 21:23:39
REV_5980,US_8436,MV_3032,2.4,Could be better.,2025-09-12 08:31:45
REV_5981,US_5353,MV_9903,6.7,Great movie!,2024-03-10 20:04:03
REV_5982,US_2282,MV_3907,2.8,Could be better.,2024-01-19 17:01:09
REV_5983,US_9644,MV_5336,8.1,Great movie!,2025-10-23 09:37:40
REV_5984,US_104,MV_5585,2.7,Could be better.,2025-12-05 21:50:59
REV_5985,US_9176,MV_1882,5.8,Could be better.,2025-01-31 07:05:57
REV_5986,US_855,MV_3060,9.4,Could be better.,2025-05-28 02:38:17
REV_5987,US_7441,MV_4929,5.4,Great movie!,2024-07-25 05:53:59
REV_5988,US_4559,MV_7376,5.0,Could be better.,2025-10-03 16:56:14
REV_5989,US_3732,MV_5342,7.6,Great movie!,2025-10-08 16:51:37
REV_5990,US_1417,MV_1204,6.0,Could be better.,2025-01-02 16:28:34
REV_5991,US_1537,MV_2271,8.5,Great movie!,2025-09-18 09:24:38
REV_5992,US_3306,MV_8069,8.0,Could be better.,2025-06-05 04:37:07
REV_5994,US_733,MV_6629,7.2,Great movie!,2025-11-16 21:56:13
REV_5995,US_7819,MV_190,2.4,Could be better.,2025-06-11 21:01:23
REV_5996,US_458,MV_3307,2.6,Great movie!,2024-11-10 17:31:59
REV_5997,US_2002,MV_3701,1.0,Could be better.,2024-11-16 05:00:43
REV_5998,US_6027,MV_4598,9.7,Great movie!,2024-09-08 04:47:46
REV_5999,US_3323,MV_8146,1.4,Great movie!,2024-01-17 07:31:04
REV_6000,US_8667,MV_737,4.5,Great movie!,2024-05-29 23:32:26
REV_6002,US_285,MV_9059,6.1,Could be better.,2025-06-27 05:34:22
REV_6003,US_4124,MV_8035,10.0,Could be better.,2024-02-01 02:46:27
REV_6004,US_4050,MV_5941,1.1,Great movie!,2024-05-07 10:12:27
REV_6005,US_1184,MV_6373,6.2,Could be better.,2025-04-27 22:45:39
REV_6006,US_5431,MV_3074,1.4,Could be better.,2025-01-12 06:28:12
REV_6007,US_9351,MV_377,7.4,Great movie!,2024-06-20 07:11:13
REV_6008,US_8415,MV_805,2.1,Great movie!,2024-06-01 05:40:50
REV_6009,US_2903,MV_6044,5.5,Could be better.,2025-10-02 14:53:47
REV_6010,US_5185,MV_5109,1.4,Great movie!,2024-08-16 17:59:47
REV_6011,US_9318,MV_120,5.1,Great movie!,2024-04-08 18:29:30
REV_6012,US_1118,MV_8555,5.3,Could be better.,2024-11-03 07:21:37
REV_6014,US_2394,MV_6250,5.0,Great movie!,2024-03-08 16:28:33
REV_6015,US_7049,MV_4494,6.8,Could be better.,2024-02-17 12:40:51
REV_6016,US_4468,MV_8259,4.7,Could be better.,2024-07-17 03:40:55
REV_6017,US_1623,MV_3405,3.8,Great movie!,2024-09-01 22:19:43
REV_6018,US_8826,MV_8786,6.1,Great movie!,2024-12-02 01:04:28
REV_6019,US_676,MV_3990,9.2,Could be better.,2025-10-27 13:39:35
REV_6020,US_7605,MV_9276,7.7,Great movie!,2025-03-04 19:30:56
REV_6021,US_8603,MV_2459,6.3,Could be better.,2025-12-11 23:24:50
REV_6022,US_1635,MV_260,3.0,Could be better.,2025-07-09 00:45:13
REV_6023,US_4517,MV_7345,3.9,Could be better.,2025-01-25 18:56:51
REV_6024,US_5595,MV_2102,4.5,Could be better.,2024-07-19 05:58:34
REV_6025,US_9360,MV_7126,6.1,Could be better.,2024-09-28 21:43:42
REV_6026,US_2838,MV_3730,8.5,Could be better.,2024-06-09 09:11:01
REV_6027,US_6445,MV_4277,3.8,Could be better.,2024-03-26 08:16:44
REV_6028,US_7511,MV_2516,3.8,Great movie!,2025-08-03 03:53:23
REV_6029,US_2114,MV_9983,3.4,Could be better.,2024-08-30 15:17:51
REV_6030,US_8424,MV_4775,7.2,Great movie!,2025-03-21 21:38:21
REV_6031,US_2970,MV_862,7.8,Great movie!,2024-04-22 17:16:26
REV_6032,US_6258,MV_4261,4.9,Great movie!,2025-11-09 19:48:21
REV_6034,US_7395,MV_502,8.8,Great movie!,2025-08-20 13:01:23
REV_6035,US_5173,MV_2339,4.9,Could be better.,2025-08-14 06:06:05
REV_6036,US_5203,MV_8733,1.9,Great movie!,2024-09-28 09:10:37
REV_6037,US_3173,MV_5729,7.5,Great movie!,2024-06-01 14:36:42
REV_6038,US_7126,MV_7582,4.8,Could be better.,2025-03-08 13:24:08
REV_6039,US_8900,MV_1348,7.5,Could be better.,2024-07-19 17:09:32
REV_6040,US_5816,MV_72,8.6,Could be better.,2025-07-25 19:43:56
REV_6041,US_1143,MV_4816,6.7,Great movie!,2024-05-19 01:18:49
REV_6042,US_9132,MV_3283,9.8,Great movie!,2024-02-01 06:57:54
REV_6043,US_9212,MV_9415,7.5,Could be better.,2024-11-08 01:11:15
REV_6044,US_3788,MV_7975,6.6,Great movie!,2025-04-02 00:19:52
REV_6045,US_2683,MV_3301,3.9,Could be better.,2025-11-05 14:53:51
REV_6046,US_5201,MV_1721,5.9,Could be better.,2025-07-19 00:04:30
REV_6047,US_2778,MV_4456,4.4,Could be better.,2024-08-28 10:16:39
REV_6048,US_7753,MV_7558,6.7,Could be better.,2024-03-15 22:16:23
REV_6049,US_7369,MV_4856,5.6,Could be better.,2024-04-13 07:05:56
REV_6050,US_7448,MV_9932,3.0,Great movie!,2025-12-11 21:25:10
REV_6051,US_4999,MV_6098,1.0,Great movie!,2025-06-04 18:19:48
REV_6052,US_493,MV_9114,1.2,Great movie!,2024-06-19 10:24:39
REV_6053,US_7294,MV_5658,1.2,Could be better.,2025-02-14 11:16:25
REV_6054,US_3252,MV_9492,6.2,Could be better.,2024-03-26 02:13:23
REV_6056,US_133,MV_2608,2.6,Great movie!,2025-11-28 20:07:01
REV_6057,US_3576,MV_8983,7.8,Great movie!,2024-09-29 02:10:23
REV_6059,US_7712,MV_1062,7.6,Could be better.,2024-07-10 09:29:26
REV_6060,US_3511,MV_5063,7.5,Could be better.,2025-04-13 16:37:26
REV_6061,US_8820,MV_9384,9.4,Could be better.,2024-06-01 19:13:34
REV_6062,US_4883,MV_1194,8.4,Could be better.,2024-01-30 14:18:42
REV_6063,US_8909,MV_6871,3.7,Could be better.,2025-09-28 14:11:57
REV_6064,US_6238,MV_1391,6.7,Great movie!,2025-09-15 18:21:44
REV_6065,US_7544,MV_5669,9.1,Great movie!,2025-10-05 13:43:15
REV_6066,US_9519,MV_1780,7.9,Could be better.,2025-01-11 15:24:22
REV_6067,US_4177,MV_3463,1.9,Great movie!,2025-07-11 22:00:42
REV_6068,US_2136,MV_9223,8.4,Could be better.,2024-01-20 04:49:40
REV_6069,US_4984,MV_8969,3.1,Could be better.,2025-10-12 23:47:13
REV_6070,US_6048,MV_326,1.2,Great movie!,2024-12-25 21:37:10
REV_6071,US_3436,MV_3691,8.8,Great movie!,2025-02-21 00:38:07
REV_6072,US_5426,MV_6564,9.5,Could be better.,2024-06-07 14:45:31
REV_6073,US_7683,MV_6193,6.8,Great movie!,2024-02-20 18:13:56
REV_6074,US_1961,MV_674,9.2,Could be better.,2024-08-23 19:48:58
REV_6075,US_2124,MV_2481,4.7,Great movie!,2024-02-25 22:39:38
REV_6077,US_7228,MV_6422,4.4,Could be better.,2024-12-19 21:13:21
REV_6078,US_6159,MV_5271,8.8,Great movie!,2024-12-17 08:28:19
REV_6079,US_332,MV_4275,4.9,Could be better.,2024-05-01 01:25:58
REV_6080,US_3271,MV_2155,6.6,Great movie!,2025-07-14 14:56:49
REV_6081,US_8317,MV_5906,3.8,Great movie!,2025-05-02 08:30:56
REV_6082,US_3880,MV_3108,2.1,Great movie!,2024-05-30 03:30:28
REV_6083,US_2455,MV_610,5.2,Great movie!,2024-03-09 08:01:47
REV_6084,US_2089,MV_9938,4.9,Could be better.,2025-09-06 11:05:54
REV_6085,US_8011,MV_9024,9.1,Could be better.,2025-12-15 14:18:00
REV_6086,US_4244,MV_2955,5.8,Could be better.,2024-09-08 18:09:38
REV_6087,US_1927,MV_6930,2.3,Great movie!,2025-08-29 06:38:11
REV_6089,US_2641,MV_9725,5.6,Could be better.,2024-09-03 16:56:39
REV_6090,US_6916,MV_9755,7.2,Could be better.,2024-08-31 00:24:16
REV_6091,US_4520,MV_9355,1.5,Great movie!,2025-09-03 04:02:45
REV_6092,US_8640,MV_8998,9.6,Great movie!,2024-06-21 23:10:42
REV_6094,US_3354,MV_9187,2.3,Could be better.,2025-11-10 03:56:25
REV_6096,US_8716,MV_3971,9.4,Great movie!,2024-12-11 17:20:11
REV_6097,US_1970,MV_7452,7.4,Could be better.,2025-12-03 03:56:54
REV_6098,US_8202,MV_4978,1.2,Could be better.,2024-06-25 22:14:13
REV_6099,US_8383,MV_8633,5.2,Great movie!,2025-05-24 12:03:16
REV_6100,US_3756,MV_2150,8.6,Great movie!,2024-04-03 11:03:16
REV_6101,US_3434,MV_1214,1.5,Great movie!,2025-07-23 08:58:36
REV_6102,US_9729,MV_6919,6.8,Great movie!,2024-04-08 19:23:09
REV_6103,US_547,MV_7295,9.1,Great movie!,2025-05-28 03:44:40
REV_6104,US_9570,MV_2401,1.6,Great movie!,2024-09-23 15:05:13
REV_6105,US_6429,MV_5404,8.8,Could be better.,2025-02-05 11:21:13
REV_6107,US_1727,MV_4802,4.5,Could be better.,2025-06-10 18:59:48
REV_6108,US_9221,MV_2992,3.3,Great movie!,2025-05-17 13:55:28
REV_6109,US_9382,MV_5089,4.7,Great movie!,2024-05-16 16:18:36
REV_6110,US_7026,MV_8953,9.8,Could be better.,2025-12-15 01:29:38
REV_6111,US_4584,MV_9728,7.6,Could be better.,2024-09-05 01:14:35
REV_6112,US_4646,MV_586,8.9,Great movie!,2025-10-24 08:40:19
REV_6114,US_2268,MV_8618,9.4,Could be better.,2025-03-04 12:22:08
REV_6115,US_1513,MV_197,8.6,Could be better.,2024-02-05 18:01:36
REV_6116,US_9583,MV_3409,5.2,Could be better.,2025-04-08 20:45:47
REV_6117,US_3199,MV_9719,8.1,Great movie!,2025-10-25 17:26:44
REV_6118,US_344,MV_2043,2.0,Great movie!,2025-06-16 03:28:41
REV_6119,US_3576,MV_7871,8.4,Could be better.,2025-08-10 12:16:49
REV_6120,US_2556,MV_162,5.4,Could be better.,2024-07-27 01:34:36
REV_6121,US_3406,MV_5658,7.2,Great movie!,2025-01-15 11:48:52
REV_6122,US_6230,MV_7515,8.5,Could be better.,2024-08-25 09:28:32
REV_6123,US_9267,MV_1195,1.0,Could be better.,2025-01-14 03:42:06
REV_6125,US_192,MV_3674,4.5,Could be better.,2024-11-07 11:56:40
REV_6126,US_7468,MV_6482,8.7,Great movie!,2025-09-06 07:43:55
REV_6127,US_2943,MV_2969,3.8,Could be better.,2025-01-04 17:33:57
REV_6128,US_7743,MV_488,3.1,Could be better.,2025-07-14 04:06:47
REV_6129,US_5218,MV_7410,7.8,Could be better.,2025-02-20 04:14:26
REV_6130,US_9373,MV_8252,5.1,Could be better.,2025-10-31 07:12:05
REV_6131,US_4458,MV_42,1.6,Could be better.,2024-02-12 17:03:39
REV_6132,US_7888,MV_1415,2.1,Great movie!,2024-06-27 19:46:09
REV_6133,US_6880,MV_9929,7.9,Great movie!,2025-08-10 14:30:01
REV_6134,US_9471,MV_7212,3.7,Could be better.,2025-02-03 15:43:29
REV_6135,US_6129,MV_2817,4.7,Could be better.,2024-02-13 10:25:54
REV_6136,US_3258,MV_6188,4.0,Great movie!,2024-09-12 11:06:17
REV_6137,US_5327,MV_5554,5.6,Great movie!,2025-06-03 04:51:38
REV_6138,US_9638,MV_2740,8.4,Could be better.,2025-05-11 16:44:09
REV_6139,US_9873,MV_5562,7.2,Could be better.,2025-12-18 14:45:05
REV_6140,US_5189,MV_7275,5.4,Could be better.,2024-09-15 00:18:44
REV_6141,US_6305,MV_5354,6.8,Could be better.,2024-11-20 16:46:33
REV_6142,US_7131,MV_7204,9.4,Great movie!,2025-11-04 21:37:39
REV_6143,US_2111,MV_7775,3.5,Great movie!,2025-08-24 00:33:20
REV_6144,US_9018,MV_645,5.8,Could be better.,2024-11-29 18:43:24
REV_6145,US_9553,MV_6131,3.0,Great movie!,2025-07-06 11:28:55
REV_6146,US_1638,MV_804,3.4,Great movie!,2025-03-28 08:26:17
REV_6147,US_8197,MV_1728,5.3,Great movie!,2025-05-27 09:34:13
REV_6148,US_4716,MV_2403,2.6,Could be better.,2024-01-26 17:43:28
REV_6149,US_6364,MV_95,5.0,Could be better.,2024-01-19 05:10:59
REV_6150,US_5714,MV_2438,4.2,Great movie!,2025-12-15 09:01:20
REV_6151,US_9823,MV_4001,5.3,Could be better.,2025-03-06 01:14:47
REV_6152,US_9753,MV_35,8.3,Could be better.,2025-05-11 02:13:59
REV_6153,US_6838,MV_8480,5.0,Great movie!,2025-05-19 06:03:08
REV_6154,US_656,MV_9033,1.1,Could be better.,2025-01-09 14:25:45
REV_6155,US_4757,MV_495,9.0,Could be better.,2024-07-11 12:13:45
REV_6156,US_3430,MV_720,6.3,Great movie!,2025-07-10 06:15:10
REV_6157,US_3416,MV_1164,8.7,Great movie!,2025-03-06 05:23:19
REV_6158,US_9680,MV_5151,4.1,Could be better.,2025-10-29 14:36:02
REV_6161,US_2108,MV_3073,3.2,Could be better.,2025-04-16 22:19:05
REV_6162,US_1477,MV_7047,9.1,Could be better.,2025-06-03 23:42:36
REV_6164,US_6567,MV_8211,4.5,Could be better.,2025-05-16 11:51:31
REV_6165,US_8377,MV_4052,2.2,Great movie!,2025-02-14 09:02:38
REV_6166,US_8388,MV_9355,7.3,Great movie!,2024-08-27 14:15:07
REV_6167,US_7553,MV_6028,1.5,Could be better.,2025-07-25 18:08:32
REV_6168,US_593,MV_7521,1.7,Could be better.,2024-08-22 22:38:50
REV_6169,US_5036,MV_8191,3.2,Could be better.,2024-08-29 10:50:55
REV_6170,US_36,MV_5938,8.4,Could be better.,2025-02-10 04:09:57
REV_6171,US_7195,MV_8080,7.8,Great movie!,2025-06-04 12:52:54
REV_6172,US_3419,MV_8616,7.0,Could be better.,2025-09-15 06:39:08
REV_6173,US_1510,MV_5227,1.2,Great movie!,2025-07-12 04:23:55
REV_6174,US_9729,MV_5760,4.9,Could be better.,2025-06-16 15:07:34
REV_6175,US_9773,MV_4354,9.3,Great movie!,2025-05-10 03:24:32
REV_6176,US_1775,MV_9913,6.8,Great movie!,2025-04-30 13:16:18
REV_6177,US_1678,MV_2138,1.6,Great movie!,2024-03-06 04:33:21
REV_6178,US_9768,MV_3301,2.6,Great movie!,2024-02-04 12:19:15
REV_6179,US_4018,MV_7149,9.5,Great movie!,2025-04-28 15:01:40
REV_6180,US_7262,MV_9826,6.6,Could be better.,2024-10-31 20:07:08
REV_6181,US_1522,MV_4088,2.8,Great movie!,2025-10-22 17:35:30
REV_6183,US_4770,MV_7403,3.2,Great movie!,2024-06-19 07:55:41
REV_6184,US_1922,MV_1815,2.8,Great movie!,2024-07-17 12:49:10
REV_6186,US_2921,MV_18,7.1,Could be better.,2024-12-29 05:17:06
REV_6187,US_993,MV_8575,8.9,Could be better.,2025-07-23 23:48:26
REV_6188,US_3854,MV_6903,2.5,Great movie!,2024-01-27 13:28:49
REV_6189,US_2545,MV_8481,6.0,Could be better.,2025-02-21 05:25:12
REV_6190,US_8480,MV_7520,3.9,Could be better.,2024-03-26 17:09:57
REV_6192,US_643,MV_1591,5.7,Could be better.,2024-03-30 19:35:24
REV_6193,US_5097,MV_514,1.0,Could be better.,2024-10-12 20:36:53
REV_6194,US_8294,MV_8293,4.1,Great movie!,2024-07-30 13:44:18
REV_6195,US_9487,MV_8152,9.6,Great movie!,2024-07-01 12:50:01
REV_6196,US_2720,MV_1918,3.7,Great movie!,2024-03-10 13:45:37
REV_6197,US_2750,MV_9940,4.5,Could be better.,2025-08-27 03:40:27
REV_6198,US_3262,MV_4543,7.3,Could be better.,2024-09-21 05:07:17
REV_6199,US_8706,MV_8741,6.9,Great movie!,2025-07-14 15:12:11
REV_6200,US_4171,MV_3886,8.5,Great movie!,2024-05-27 17:55:32
REV_6201,US_4184,MV_7333,6.4,Great movie!,2025-05-08 12:11:19
REV_6202,US_8184,MV_8044,3.8,Great movie!,2025-05-16 16:17:16
REV_6203,US_4880,MV_8226,2.1,Could be better.,2025-10-04 03:47:07
REV_6204,US_3595,MV_6820,4.1,Great movie!,2024-12-07 00:03:01
REV_6205,US_466,MV_1335,8.9,Great movie!,2025-02-14 03:55:48
REV_6206,US_7743,MV_1003,8.4,Could be better.,2024-05-15 18:15:28
REV_6207,US_5621,MV_9465,5.2,Could be better.,2024-11-11 20:41:51
REV_6208,US_7946,MV_6748,5.6,Great movie!,2024-03-10 03:53:27
REV_6209,US_6717,MV_8456,7.2,Could be better.,2024-06-06 03:39:52
REV_6210,US_2501,MV_8553,5.8,Could be better.,2025-09-06 05:51:49
REV_6212,US_7419,MV_7190,6.6,Great movie!,2025-01-07 10:34:17
REV_6213,US_2344,MV_3168,1.8,Great movie!,2025-08-25 12:33:55
REV_6214,US_5733,MV_3232,6.7,Great movie!,2025-01-26 07:18:06
REV_6215,US_1801,MV_7782,4.2,Great movie!,2025-08-29 06:04:00
REV_6216,US_5801,MV_2138,2.0,Great movie!,2025-08-27 03:56:47
REV_6217,US_8278,MV_6699,1.8,Could be better.,2025-06-01 07:50:22
REV_6218,US_3063,MV_7851,2.9,Great movie!,2025-07-22 04:17:15
REV_6220,US_6170,MV_9628,5.4,Could be better.,2024-01-20 18:45:05
REV_6221,US_8322,MV_4136,5.7,Could be better.,2024-03-05 15:38:05
REV_6222,US_3686,MV_6763,9.7,Great movie!,2024-05-07 23:37:23
REV_6223,US_7175,MV_2048,2.3,Could be better.,2024-03-11 23:22:56
REV_6224,US_9185,MV_972,8.0,Could be better.,2025-02-18 21:52:29
REV_6225,US_1353,MV_2974,3.9,Could be better.,2025-12-09 00:33:28
REV_6226,US_3545,MV_6907,1.1,Great movie!,2025-12-30 13:45:38
REV_6227,US_9944,MV_8016,3.8,Great movie!,2024-11-13 13:33:34
REV_6228,US_413,MV_9361,9.2,Could be better.,2024-06-24 00:50:03
REV_6229,US_4626,MV_3076,2.7,Could be better.,2024-11-24 03:27:52
REV_6230,US_3255,MV_4285,4.1,Could be better.,2024-01-28 16:28:45
REV_6231,US_4505,MV_7432,2.5,Great movie!,2025-05-17 14:44:12
REV_6232,US_3731,MV_8989,9.3,Great movie!,2024-12-13 01:24:05
REV_6233,US_9440,MV_3663,8.9,Could be better.,2025-12-06 04:04:56
REV_6235,US_370,MV_6937,9.1,Great movie!,2025-06-07 15:10:35
REV_6236,US_7980,MV_6617,1.9,Great movie!,2025-05-19 01:38:32
REV_6237,US_8630,MV_8740,3.2,Great movie!,2024-04-08 11:17:24
REV_6238,US_8229,MV_6514,1.8,Great movie!,2025-04-14 22:00:49
REV_6239,US_9864,MV_1513,5.2,Great movie!,2025-04-05 12:26:42
REV_6240,US_7070,MV_1171,5.7,Great movie!,2025-07-24 12:06:44
REV_6241,US_5938,MV_1783,2.3,Great movie!,2024-02-22 15:41:43
REV_6242,US_4593,MV_2355,7.8,Great movie!,2025-12-14 23:01:07
REV_6243,US_1988,MV_1452,1.8,Great movie!,2024-05-28 14:17:57
REV_6244,US_1088,MV_6669,6.3,Great movie!,2024-08-31 13:11:19
REV_6245,US_5721,MV_6492,4.0,Great movie!,2024-10-12 19:41:38
REV_6246,US_3921,MV_5856,5.6,Great movie!,2025-07-27 09:58:58
REV_6248,US_6013,MV_3450,4.4,Could be better.,2024-08-06 19:53:48
REV_6249,US_854,MV_6956,4.9,Great movie!,2025-03-05 17:54:36
REV_6250,US_1506,MV_3564,4.5,Great movie!,2025-01-27 14:49:37
REV_6251,US_7258,MV_9863,4.2,Great movie!,2024-04-14 02:18:42
REV_6252,US_8048,MV_3478,5.0,Great movie!,2024-04-30 12:27:58
REV_6253,US_3927,MV_9511,6.9,Great movie!,2024-05-21 16:41:14
REV_6254,US_8539,MV_4636,8.4,Great movie!,2024-08-24 09:24:27
REV_6255,US_6296,MV_873,7.7,Could be better.,2024-08-26 16:50:07
REV_6256,US_7631,MV_6969,2.0,Could be better.,2024-03-14 10:25:25
REV_6257,US_5459,MV_5690,3.7,Could be better.,2024-09-29 02:42:19
REV_6258,US_6719,MV_9715,4.3,Could be better.,2024-08-06 06:20:35
REV_6259,US_838,MV_2224,5.4,Could be better.,2025-04-01 03:07:07
REV_6260,US_3415,MV_3937,4.2,Great movie!,2025-09-24 07:38:18
REV_6261,US_8437,MV_7763,1.9,Could be better.,2025-09-26 20:21:59
REV_6262,US_6478,MV_8493,8.3,Great movie!,2025-09-27 07:21:01
REV_6263,US_7808,MV_5565,6.8,Could be better.,2024-05-19 21:39:57
REV_6264,US_1905,MV_6336,1.9,Great movie!,2024-09-15 02:14:49
REV_6265,US_7144,MV_8726,8.0,Great movie!,2025-03-08 06:18:18
REV_6266,US_8090,MV_3099,6.8,Great movie!,2025-07-26 17:31:25
REV_6267,US_4846,MV_6286,6.9,Could be better.,2024-12-02 22:16:36
REV_6268,US_7274,MV_8623,7.3,Could be better.,2025-05-17 04:19:32
REV_6269,US_7678,MV_3515,4.2,Great movie!,2025-04-12 11:54:20
REV_6270,US_3764,MV_7409,1.2,Could be better.,2024-12-04 05:47:02
REV_6271,US_7105,MV_299,7.9,Could be better.,2025-11-26 14:12:29
REV_6272,US_4879,MV_3307,5.3,Great movie!,2025-03-27 05:16:58
REV_6273,US_8972,MV_1807,5.5,Could be better.,2024-07-28 11:54:11
REV_6274,US_6986,MV_8477,6.1,Great movie!,2025-01-30 02:34:55
REV_6275,US_351,MV_7493,2.7,Great movie!,2025-12-17 13:08:22
REV_6276,US_2917,MV_1315,6.7,Great movie!,2025-05-03 17:36:32
REV_6277,US_703,MV_7472,1.7,Great movie!,2024-10-17 08:44:45
REV_6278,US_4588,MV_1860,1.4,Could be better.,2024-12-07 13:49:18
REV_6279,US_7480,MV_4324,2.5,Great movie!,2025-01-14 10:19:08
REV_6280,US_4286,MV_4511,5.3,Great movie!,2024-07-29 23:19:32
REV_6281,US_1495,MV_7371,2.0,Great movie!,2025-11-28 04:23:58
REV_6282,US_464,MV_4425,3.6,Could be better.,2025-05-15 06:49:27
REV_6283,US_5727,MV_6247,3.2,Could be better.,2025-04-19 08:45:48
REV_6284,US_781,MV_2832,9.1,Great movie!,2024-10-21 14:55:30
REV_6285,US_3256,MV_1920,3.2,Great movie!,2025-07-12 14:36:27
REV_6286,US_8067,MV_1827,4.8,Could be better.,2025-03-31 17:09:13
REV_6287,US_7025,MV_6080,2.7,Could be better.,2025-11-26 22:32:37
REV_6288,US_6792,MV_3320,7.3,Great movie!,2025-05-31 08:33:23
REV_6289,US_4,MV_2095,6.6,Great movie!,2024-01-22 08:13:31
REV_6290,US_1546,MV_1605,7.7,Could be better.,2025-11-02 03:11:47
REV_6292,US_4114,MV_6717,3.6,Great movie!,2024-11-16 16:57:41
REV_6293,US_3875,MV_318,8.2,Could be better.,2025-04-27 08:13:16
REV_6294,US_8848,MV_9040,6.6,Great movie!,2025-02-27 10:16:28
REV_6295,US_5352,MV_8753,1.5,Could be better.,2024-03-12 09:20:50
REV_6296,US_9421,MV_840,3.1,Could be better.,2024-04-03 01:34:50
REV_6297,US_5571,MV_7941,6.2,Great movie!,2025-10-25 19:30:28
REV_6298,US_6327,MV_7329,1.6,Great movie!,2025-11-08 17:18:54
REV_6299,US_2284,MV_1367,8.1,Great movie!,2025-02-06 19:47:51
REV_6300,US_4481,MV_1854,2.7,Great movie!,2024-10-14 09:29:09
REV_6302,US_5487,MV_1535,9.4,Could be better.,2025-09-23 16:06:43
REV_6303,US_8889,MV_3578,9.7,Great movie!,2024-06-26 09:51:08
REV_6304,US_2342,MV_6386,9.4,Great movie!,2025-10-05 09:44:22
REV_6305,US_4654,MV_8566,9.6,Could be better.,2024-01-28 19:14:50
REV_6306,US_8683,MV_9066,7.2,Great movie!,2025-03-07 18:55:28
REV_6307,US_5862,MV_6430,8.6,Could be better.,2025-04-08 16:02:44
REV_6308,US_6874,MV_1280,8.4,Could be better.,2025-09-16 06:21:49
REV_6309,US_1122,MV_4446,2.3,Could be better.,2024-08-04 18:08:30
REV_6310,US_4166,MV_8575,8.2,Could be better.,2024-01-09 22:21:43
REV_6311,US_4481,MV_2632,2.5,Could be better.,2024-10-21 18:11:07
REV_6312,US_3253,MV_5552,2.1,Great movie!,2024-08-21 18:54:31
REV_6313,US_7222,MV_1783,5.3,Could be better.,2024-02-16 23:24:52
REV_6314,US_9186,MV_1628,9.8,Great movie!,2025-06-07 02:45:21
REV_6315,US_2632,MV_6050,9.7,Great movie!,2024-10-24 09:32:35
REV_6316,US_4440,MV_7292,1.2,Great movie!,2025-09-25 21:18:45
REV_6317,US_148,MV_2430,3.8,Could be better.,2024-09-04 09:27:58
REV_6318,US_2436,MV_5413,2.4,Great movie!,2024-10-05 20:39:37
REV_6319,US_1129,MV_7495,6.3,Great movie!,2024-07-17 00:53:31
REV_6320,US_147,MV_9875,5.0,Great movie!,2025-07-19 02:51:25
REV_6321,US_5230,MV_2288,2.1,Could be better.,2025-08-24 10:45:56
REV_6322,US_8597,MV_4209,4.9,Great movie!,2024-04-22 00:05:58
REV_6323,US_1289,MV_7106,1.1,Great movie!,2025-02-05 04:50:31
REV_6324,US_6215,MV_7780,5.2,Could be better.,2024-07-29 02:41:33
REV_6325,US_7993,MV_8763,5.3,Great movie!,2025-12-16 03:30:37
REV_6326,US_4311,MV_8576,3.6,Could be better.,2024-07-20 00:50:16
REV_6327,US_9987,MV_1637,1.6,Great movie!,2024-03-10 12:39:37
REV_6328,US_9623,MV_9339,3.9,Great movie!,2025-05-16 00:47:39
REV_6329,US_3391,MV_4096,4.2,Could be better.,2025-10-21 05:20:55
REV_6330,US_2569,MV_7081,8.6,Could be better.,2025-02-22 01:03:36
REV_6331,US_9527,MV_2460,2.2,Great movie!,2025-04-22 05:19:00
REV_6332,US_9304,MV_2783,3.1,Great movie!,2025-07-10 14:45:32
REV_6333,US_1435,MV_5992,1.2,Great movie!,2025-03-20 06:57:13
REV_6334,US_1945,MV_2697,4.8,Great movie!,2025-11-10 12:52:57
REV_6335,US_2948,MV_4803,3.7,Could be better.,2025-10-09 06:34:12
REV_6336,US_6882,MV_7779,1.1,Great movie!,2025-07-02 08:02:09
REV_6337,US_9978,MV_9579,4.1,Great movie!,2025-01-18 02:33:34
REV_6339,US_8193,MV_5744,5.9,Could be better.,2024-09-28 19:02:33
REV_6340,US_1787,MV_4006,8.4,Could be better.,2025-06-13 05:45:55
REV_6341,US_9713,MV_255,6.8,Great movie!,2024-07-11 09:38:09
REV_6342,US_9863,MV_3647,2.2,Could be better.,2024-03-01 23:20:01
REV_6343,US_9738,MV_9258,2.9,Great movie!,2024-05-28 01:41:16
REV_6344,US_2025,MV_9841,6.3,Great movie!,2024-02-16 22:31:40
REV_6346,US_9542,MV_9312,1.7,Could be better.,2025-06-09 11:46:03
REV_6347,US_2565,MV_1244,7.0,Great movie!,2024-04-13 04:10:17
REV_6348,US_5507,MV_7281,6.0,Could be better.,2025-09-20 22:49:41
REV_6349,US_7140,MV_6316,3.2,Great movie!,2025-04-04 05:26:30
REV_6350,US_6998,MV_3546,1.1,Great movie!,2024-11-04 15:18:52
REV_6351,US_9725,MV_7955,1.7,Great movie!,2024-10-02 02:58:47
REV_6352,US_1072,MV_5353,3.7,Could be better.,2024-10-08 13:10:24
REV_6353,US_1462,MV_2715,4.9,Great movie!,2025-01-15 10:14:40
REV_6354,US_5445,MV_2243,7.6,Could be better.,2024-05-26 00:34:22
REV_6355,US_1842,MV_2295,8.6,Great movie!,2025-02-18 09:56:55
REV_6356,US_1851,MV_158,8.2,Great movie!,2025-11-09 02:05:22
REV_6357,US_5163,MV_5231,9.9,Could be better.,2024-05-11 14:18:28
REV_6358,US_6584,MV_4198,5.4,Great movie!,2024-04-21 13:00:41
REV_6359,US_1131,MV_9040,4.5,Could be better.,2024-03-29 18:37:48
REV_6360,US_6141,MV_7053,3.5,Could be better.,2025-02-15 10:59:36
REV_6361,US_6504,MV_6292,3.1,Great movie!,2024-03-06 21:36:44
REV_6362,US_8546,MV_1755,4.7,Could be better.,2025-07-13 04:33:14
REV_6363,US_7581,MV_6948,1.2,Could be better.,2024-01-12 12:04:10
REV_6364,US_9424,MV_2005,1.6,Could be better.,2025-12-28 18:06:08
REV_6365,US_9290,MV_2499,3.4,Could be better.,2024-03-05 17:29:59
REV_6366,US_4484,MV_8749,4.5,Could be better.,2024-03-16 14:06:15
REV_6367,US_3079,MV_9639,5.9,Could be better.,2024-03-12 21:55:35
REV_6368,US_3858,MV_9492,2.1,Great movie!,2025-02-04 06:17:57
REV_6369,US_4278,MV_6519,2.1,Could be better.,2024-06-30 17:18:52
REV_6370,US_2128,MV_3176,3.9,Could be better.,2025-09-19 03:00:10
REV_6372,US_670,MV_5042,5.9,Could be better.,2024-12-08 13:54:30
REV_6373,US_6049,MV_21,8.0,Great movie!,2025-03-20 12:37:26
REV_6375,US_2567,MV_4255,9.4,Great movie!,2024-10-29 11:53:05
REV_6377,US_7888,MV_183,2.3,Could be better.,2024-10-22 23:46:02
REV_6378,US_6726,MV_3634,7.8,Great movie!,2025-10-17 21:32:26
REV_6379,US_847,MV_8977,5.8,Could be better.,2024-07-30 06:40:20
REV_6380,US_1674,MV_7597,5.4,Great movie!,2025-06-20 11:02:51
REV_6381,US_215,MV_4060,3.8,Great movie!,2025-08-28 09:42:19
REV_6382,US_3605,MV_9908,5.4,Could be better.,2025-02-16 10:45:17
REV_6383,US_113,MV_3803,8.5,Could be better.,2025-05-22 13:50:03
REV_6384,US_6060,MV_9341,8.7,Great movie!,2025-07-17 10:21:59
REV_6385,US_6325,MV_9233,6.3,Could be better.,2025-03-09 01:26:41
REV_6386,US_2468,MV_1289,6.4,Great movie!,2024-08-30 04:19:22
REV_6387,US_7786,MV_2668,7.9,Could be better.,2024-03-10 12:57:22
REV_6388,US_2012,MV_6792,8.1,Could be better.,2025-03-19 21:41:14
REV_6389,US_2163,MV_2118,5.8,Great movie!,2024-05-06 19:21:24
REV_6390,US_8069,MV_5363,5.5,Great movie!,2024-07-09 12:04:32
REV_6391,US_7846,MV_8189,6.4,Could be better.,2024-03-02 01:08:07
REV_6392,US_4821,MV_5553,6.1,Could be better.,2024-04-24 05:47:22
REV_6393,US_8790,MV_4719,2.5,Could be better.,2024-06-05 02:01:27
REV_6394,US_1087,MV_8508,1.8,Could be better.,2025-09-06 05:17:18
REV_6395,US_1151,MV_5539,6.7,Great movie!,2024-05-20 19:28:41
REV_6396,US_8558,MV_4551,9.9,Great movie!,2024-02-09 15:24:25
REV_6398,US_1639,MV_4105,2.2,Could be better.,2024-03-08 16:25:25
REV_6399,US_7198,MV_1126,5.1,Great movie!,2024-01-22 09:39:02
REV_6400,US_4529,MV_6725,8.6,Great movie!,2024-09-13 13:20:06
REV_6401,US_3893,MV_5188,4.1,Great movie!,2024-06-24 22:34:02
REV_6402,US_4602,MV_8748,2.6,Could be better.,2025-11-25 02:45:26
REV_6403,US_5398,MV_2240,1.8,Could be better.,2024-10-20 08:39:44
REV_6404,US_2238,MV_7201,4.1,Great movie!,2024-09-11 09:34:41
REV_6405,US_3389,MV_119,9.9,Could be better.,2024-02-06 19:43:59
REV_6406,US_525,MV_6087,8.2,Great movie!,2024-09-03 16:50:21
REV_6407,US_8314,MV_1039,4.2,Could be better.,2024-08-27 20:53:48
REV_6408,US_2078,MV_2948,2.3,Great movie!,2024-08-12 12:38:52
REV_6409,US_6876,MV_5500,4.3,Could be better.,2025-10-17 01:01:56
REV_6410,US_1420,MV_851,9.5,Could be better.,2025-03-28 16:58:21
REV_6411,US_8554,MV_4951,3.1,Great movie!,2024-06-11 04:19:07
REV_6412,US_4523,MV_4005,4.7,Great movie!,2025-12-25 05:15:10
REV_6413,US_5390,MV_615,9.2,Great movie!,2024-04-24 07:44:17
REV_6414,US_3855,MV_4456,7.3,Could be better.,2025-05-18 14:13:49
REV_6415,US_2407,MV_8007,5.7,Could be better.,2024-01-29 05:29:29
REV_6416,US_6307,MV_3063,7.7,Great movie!,2024-06-02 10:11:06
REV_6417,US_9027,MV_2331,6.9,Great movie!,2025-01-01 22:56:38
REV_6418,US_2876,MV_3050,3.7,Great movie!,2024-11-20 14:01:21
REV_6419,US_698,MV_6982,4.9,Great movie!,2024-06-10 13:55:55
REV_6420,US_3138,MV_6730,1.7,Great movie!,2024-12-12 04:19:06
REV_6421,US_6919,MV_1257,7.3,Could be better.,2025-06-06 17:12:35
REV_6422,US_879,MV_2863,7.8,Great movie!,2024-05-02 19:54:30
REV_6423,US_4825,MV_7741,8.8,Could be better.,2024-03-06 14:42:47
REV_6424,US_6085,MV_1865,1.7,Great movie!,2025-10-31 18:11:54
REV_6425,US_849,MV_5478,10.0,Could be better.,2024-08-10 06:00:49
REV_6427,US_2900,MV_4658,6.3,Great movie!,2025-02-02 08:43:15
REV_6428,US_7624,MV_1597,9.9,Great movie!,2025-08-11 12:35:50
REV_6429,US_8453,MV_4579,9.7,Great movie!,2024-08-27 10:55:23
REV_6430,US_6693,MV_3818,3.2,Great movie!,2024-08-23 14:54:40
REV_6431,US_592,MV_3743,9.7,Great movie!,2024-12-30 00:50:12
REV_6432,US_8810,MV_6999,4.5,Great movie!,2024-06-07 21:09:42
REV_6433,US_9852,MV_6704,1.5,Could be better.,2024-12-14 00:12:16
REV_6434,US_1685,MV_5955,1.8,Great movie!,2024-04-26 03:19:33
REV_6435,US_3214,MV_2356,7.1,Could be better.,2025-05-25 14:24:29
REV_6436,US_1222,MV_5942,3.4,Could be better.,2025-04-10 07:32:33
REV_6437,US_5402,MV_3546,8.9,Great movie!,2025-08-23 22:11:34
REV_6438,US_2588,MV_2426,6.3,Great movie!,2024-03-07 08:56:57
REV_6439,US_1588,MV_7113,10.0,Great movie!,2025-11-15 03:39:50
REV_6440,US_5292,MV_8441,6.6,Great movie!,2025-06-08 13:28:37
REV_6441,US_517,MV_1742,5.1,Could be better.,2025-05-19 22:41:09
REV_6442,US_1550,MV_2076,1.5,Could be better.,2024-10-07 09:44:17
REV_6443,US_5104,MV_9984,6.5,Great movie!,2024-06-23 22:30:15
REV_6444,US_4457,MV_5935,7.5,Could be better.,2024-02-24 02:43:35
REV_6445,US_5464,MV_4895,9.9,Could be better.,2025-06-03 00:53:49
REV_6446,US_1460,MV_9727,6.8,Could be better.,2025-12-08 11:10:07
REV_6447,US_2855,MV_6078,1.5,Great movie!,2024-08-21 00:14:01
REV_6448,US_8871,MV_9826,4.7,Could be better.,2025-06-15 13:25:09
REV_6449,US_3621,MV_9559,6.6,Could be better.,2025-05-28 22:13:58
REV_6450,US_9112,MV_9474,7.9,Great movie!,2024-11-06 15:56:44
REV_6451,US_2397,MV_3218,5.5,Great movie!,2024-08-12 06:42:31
REV_6452,US_4901,MV_5620,5.5,Great movie!,2025-04-11 21:34:26
REV_6453,US_7961,MV_1421,9.3,Great movie!,2025-05-29 03:45:32
REV_6454,US_6365,MV_9779,2.7,Great movie!,2025-08-05 20:31:06
REV_6456,US_8724,MV_9584,4.5,Great movie!,2025-03-06 00:21:34
REV_6457,US_4448,MV_6515,1.7,Great movie!,2024-02-10 19:56:11
REV_6458,US_8961,MV_5879,2.3,Could be better.,2025-02-22 20:01:42
REV_6459,US_7463,MV_9815,9.0,Great movie!,2024-05-09 00:28:58
REV_6460,US_5299,MV_4317,2.9,Could be better.,2025-02-14 10:32:40
REV_6462,US_4027,MV_4432,1.3,Great movie!,2025-11-13 16:54:03
REV_6463,US_7314,MV_4713,5.2,Great movie!,2024-04-03 06:58:48
REV_6464,US_7114,MV_9534,7.5,Great movie!,2025-04-15 10:59:50
REV_6465,US_1466,MV_4050,5.1,Could be better.,2025-02-03 15:59:41
REV_6466,US_6524,MV_7461,7.1,Could be better.,2024-08-27 18:12:26
REV_6467,US_8962,MV_1186,1.7,Could be better.,2025-12-22 21:38:40
REV_6468,US_4124,MV_5928,9.9,Great movie!,2024-03-30 00:03:18
REV_6469,US_2733,MV_9796,8.7,Great movie!,2025-12-02 17:03:06
REV_6470,US_5507,MV_4147,2.3,Could be better.,2025-07-03 05:52:07
REV_6471,US_239,MV_3061,3.9,Could be better.,2024-11-21 13:47:14
REV_6472,US_2294,MV_5983,3.9,Great movie!,2025-09-28 07:53:06
REV_6473,US_3647,MV_2254,5.1,Could be better.,2025-11-10 18:28:57
REV_6474,US_4220,MV_4762,1.2,Could be better.,2025-07-23 02:58:07
REV_6475,US_3152,MV_5770,4.8,Could be better.,2024-02-25 09:42:59
REV_6477,US_8918,MV_1178,6.6,Great movie!,2024-07-16 08:20:49
REV_6478,US_8163,MV_2299,8.4,Great movie!,2025-07-10 05:34:42
REV_6479,US_2226,MV_7415,3.7,Could be better.,2025-11-02 16:18:23
REV_6480,US_214,MV_5314,7.8,Great movie!,2025-05-17 18:34:43
REV_6481,US_2818,MV_4319,4.1,Great movie!,2025-07-28 07:25:03
REV_6482,US_8740,MV_3977,4.2,Could be better.,2025-09-09 09:31:41
REV_6483,US_7396,MV_9588,2.3,Great movie!,2025-09-27 14:45:28
REV_6484,US_9080,MV_6857,9.4,Could be better.,2024-12-26 06:48:37
REV_6485,US_7673,MV_6863,8.6,Could be better.,2025-06-13 10:55:52
REV_6486,US_310,MV_9252,3.9,Could be better.,2025-06-21 17:46:31
REV_6487,US_7328,MV_7259,6.5,Great movie!,2024-03-04 05:26:09
REV_6488,US_6092,MV_8156,5.8,Great movie!,2024-10-31 01:34:45
REV_6489,US_3465,MV_5400,3.0,Great movie!,2025-08-16 09:56:16
REV_6490,US_3553,MV_2074,9.5,Could be better.,2024-09-16 18:15:26
REV_6491,US_1916,MV_434,5.8,Great movie!,2024-08-24 20:54:50
REV_6493,US_3222,MV_9955,3.4,Could be better.,2025-01-13 23:01:27
REV_6494,US_8776,MV_4729,7.9,Could be better.,2025-12-23 07:39:06
REV_6495,US_9769,MV_6963,4.7,Great movie!,2025-09-04 06:51:21
REV_6496,US_5402,MV_1594,8.2,Could be better.,2025-04-30 03:35:07
REV_6497,US_857,MV_8282,3.2,Could be better.,2024-09-23 20:39:00
REV_6498,US_7882,MV_5100,7.8,Great movie!,2025-05-30 07:47:46
REV_6499,US_198,MV_5456,2.0,Could be better.,2025-10-11 23:21:23
REV_6500,US_3909,MV_9683,5.0,Great movie!,2024-03-23 12:32:37
REV_6501,US_2300,MV_2175,2.5,Great movie!,2025-02-14 18:50:52
REV_6504,US_47,MV_6643,9.9,Great movie!,2024-03-24 03:15:54
REV_6505,US_9979,MV_6564,2.2,Could be better.,2025-03-19 10:36:57
REV_6506,US_6609,MV_1313,7.9,Great movie!,2025-02-24 03:12:02
REV_6507,US_693,MV_8760,5.8,Great movie!,2024-12-15 19:37:49
REV_6508,US_8199,MV_8799,4.4,Could be better.,2024-12-27 12:48:16
REV_6509,US_562,MV_8376,10.0,Could be better.,2024-09-27 12:41:29
REV_6510,US_5997,MV_8083,6.9,Great movie!,2025-10-25 17:50:31
REV_6511,US_8930,MV_1490,4.7,Could be better.,2024-01-20 20:46:18
REV_6512,US_8438,MV_6926,7.2,Great movie!,2025-02-13 21:47:42
REV_6513,US_363,MV_9727,9.0,Could be better.,2025-04-04 04:03:04
REV_6515,US_4981,MV_712,8.2,Great movie!,2024-07-03 04:25:28
REV_6516,US_987,MV_5687,7.3,Could be better.,2025-05-03 10:53:28
REV_6517,US_5901,MV_1639,9.4,Great movie!,2024-11-24 08:19:26
REV_6518,US_8466,MV_7754,2.1,Could be better.,2025-08-29 15:44:29
REV_6521,US_1116,MV_5285,4.3,Great movie!,2024-01-03 14:14:21
REV_6523,US_4436,MV_2679,3.9,Great movie!,2024-01-15 00:54:29
REV_6525,US_6639,MV_7284,2.7,Great movie!,2025-10-09 21:33:51
REV_6526,US_9149,MV_9381,2.8,Great movie!,2025-04-30 09:46:45
REV_6528,US_7813,MV_2305,7.9,Great movie!,2025-01-05 08:35:34
REV_6529,US_8790,MV_5474,1.4,Could be better.,2024-11-09 14:43:21
REV_6530,US_5548,MV_8735,7.0,Could be better.,2024-07-27 19:58:51
REV_6532,US_5571,MV_7971,9.1,Great movie!,2025-10-11 07:17:24
REV_6533,US_6708,MV_7069,7.7,Could be better.,2024-10-01 22:51:34
REV_6535,US_6219,MV_720,8.1,Could be better.,2024-11-12 21:10:03
REV_6536,US_2028,MV_8437,7.8,Could be better.,2024-03-16 14:54:35
REV_6537,US_249,MV_9499,8.5,Could be better.,2024-01-16 15:52:19
REV_6538,US_7609,MV_5397,9.4,Great movie!,2024-03-03 05:14:43
REV_6539,US_7278,MV_7197,3.9,Great movie!,2024-12-21 10:05:58
REV_6540,US_4168,MV_1297,9.6,Great movie!,2025-02-10 18:51:26
REV_6541,US_8538,MV_8230,1.9,Could be better.,2024-11-12 23:23:02
REV_6542,US_2109,MV_4569,9.1,Could be better.,2024-01-13 01:23:08
REV_6543,US_473,MV_6564,6.7,Great movie!,2025-07-14 11:54:44
REV_6544,US_8221,MV_7578,8.7,Great movie!,2024-10-30 12:31:55
REV_6545,US_8231,MV_7149,8.7,Great movie!,2024-04-11 06:24:43
REV_6546,US_1102,MV_5389,7.6,Great movie!,2024-10-21 00:52:13
REV_6547,US_6993,MV_1513,6.9,Could be better.,2025-03-14 00:08:15
REV_6549,US_3730,MV_9430,4.8,Great movie!,2025-07-15 17:18:31
REV_6550,US_4182,MV_7902,9.7,Could be better.,2025-07-23 01:00:00
REV_6551,US_96,MV_5987,7.7,Great movie!,2025-04-06 17:34:05
REV_6552,US_8073,MV_1919,7.7,Great movie!,2024-12-19 09:26:14
REV_6553,US_3694,MV_406,1.0,Could be better.,2025-07-05 05:52:37
REV_6554,US_4580,MV_786,6.0,Great movie!,2025-03-14 07:57:37
REV_6555,US_4242,MV_7157,1.3,Great movie!,2024-06-16 05:54:38
REV_6556,US_4953,MV_2098,9.7,Great movie!,2025-04-02 08:25:31
REV_6557,US_6529,MV_2388,1.7,Could be better.,2025-08-05 08:45:42
REV_6559,US_2895,MV_2549,7.5,Great movie!,2025-07-03 15:45:14
REV_6560,US_2810,MV_5294,2.4,Great movie!,2024-05-22 08:39:53
REV_6561,US_3745,MV_1918,3.1,Could be better.,2024-12-12 15:54:38
REV_6562,US_8764,MV_8245,5.9,Could be better.,2024-11-20 12:03:21
REV_6563,US_3162,MV_5333,6.8,Great movie!,2024-11-14 21:59:22
REV_6564,US_1995,MV_1804,2.8,Could be better.,2024-06-23 09:56:47
REV_6565,US_775,MV_8324,2.1,Could be better.,2025-10-20 05:43:15
REV_6566,US_2921,MV_5793,8.4,Could be better.,2024-09-03 10:00:53
REV_6567,US_4660,MV_6802,5.6,Great movie!,2024-10-23 23:12:30
REV_6569,US_8763,MV_541,3.4,Great movie!,2025-05-12 01:26:12
REV_6570,US_6772,MV_8406,8.6,Great movie!,2025-10-22 13:39:30
REV_6571,US_7957,MV_1260,3.4,Could be better.,2024-09-09 16:39:02
REV_6572,US_4748,MV_9884,3.0,Great movie!,2024-02-20 08:17:49
REV_6573,US_8704,MV_8004,5.5,Great movie!,2024-03-20 16:05:37
REV_6574,US_3671,MV_2242,2.2,Could be better.,2024-06-10 22:02:22
REV_6575,US_8986,MV_412,6.1,Could be better.,2024-10-20 23:51:27
REV_6576,US_7843,MV_1395,6.5,Great movie!,2024-11-21 22:45:56
REV_6577,US_8806,MV_2749,6.8,Great movie!,2024-08-15 00:20:36
REV_6578,US_3130,MV_9708,8.9,Could be better.,2024-02-09 22:00:40
REV_6579,US_587,MV_7367,4.9,Could be better.,2024-03-08 01:56:10
REV_6580,US_3455,MV_1392,2.5,Could be better.,2025-04-09 19:06:58
REV_6581,US_6707,MV_1218,5.7,Could be better.,2025-01-28 10:46:32
REV_6582,US_2360,MV_4343,9.1,Could be better.,2025-03-28 14:58:44
REV_6583,US_7472,MV_2173,4.9,Could be better.,2024-03-01 13:48:27
REV_6584,US_6063,MV_2170,4.8,Great movie!,2024-07-22 14:36:53
REV_6585,US_7252,MV_2123,3.3,Great movie!,2024-03-31 21:48:26
REV_6586,US_436,MV_8304,9.2,Great movie!,2024-10-30 21:15:09
REV_6587,US_8789,MV_8319,6.6,Great movie!,2024-09-29 03:07:19
REV_6588,US_3452,MV_8878,5.7,Great movie!,2024-11-18 04:18:58
REV_6589,US_554,MV_1329,8.2,Great movie!,2024-02-11 23:54:41
REV_6590,US_8811,MV_4190,2.6,Great movie!,2025-03-28 08:26:07
REV_6591,US_8921,MV_7741,8.1,Great movie!,2024-08-18 08:37:48
REV_6593,US_5299,MV_6898,8.4,Great movie!,2025-01-24 09:49:35
REV_6594,US_1655,MV_1349,8.7,Great movie!,2024-11-08 18:15:06
REV_6595,US_1824,MV_2608,1.2,Could be better.,2024-09-26 14:37:55
REV_6596,US_2939,MV_826,1.2,Could be better.,2024-06-15 11:22:35
REV_6597,US_4549,MV_6870,4.3,Great movie!,2024-08-02 05:53:15
REV_6598,US_5914,MV_8907,7.1,Great movie!,2024-12-15 16:01:51
REV_6599,US_6324,MV_6345,6.2,Great movie!,2024-08-16 15:57:05
REV_6600,US_4214,MV_9889,1.9,Great movie!,2025-11-15 08:45:19
REV_6601,US_7925,MV_2265,5.6,Could be better.,2024-11-27 10:06:22
REV_6603,US_5044,MV_6303,8.0,Could be better.,2025-11-27 15:27:10
REV_6604,US_3619,MV_9707,1.5,Great movie!,2025-03-07 20:03:22
REV_6605,US_7749,MV_9482,8.9,Could be better.,2025-10-02 06:27:24
REV_6606,US_8029,MV_9228,4.3,Could be better.,2024-05-20 22:18:37
REV_6607,US_5456,MV_6280,1.1,Could be better.,2025-07-28 01:17:48
REV_6609,US_133,MV_2918,2.0,Great movie!,2025-04-26 07:24:32
REV_6610,US_3966,MV_3896,9.4,Could be better.,2025-10-19 13:29:18
REV_6611,US_9735,MV_543,6.8,Could be better.,2024-07-17 01:09:38
REV_6612,US_421,MV_4101,2.1,Great movie!,2025-03-08 20:59:57
REV_6613,US_8712,MV_7535,4.8,Great movie!,2025-10-20 01:31:56
REV_6614,US_9629,MV_2839,9.4,Could be better.,2024-12-19 20:24:15
REV_6615,US_2862,MV_4160,5.3,Could be better.,2025-07-20 16:34:38
REV_6616,US_5353,MV_1853,6.2,Could be better.,2025-12-13 14:31:37
REV_6617,US_800,MV_3169,5.9,Could be better.,2025-09-02 12:59:03
REV_6618,US_7412,MV_8317,7.1,Great movie!,2025-07-12 20:15:32
REV_6619,US_1843,MV_9276,7.4,Great movie!,2025-04-15 10:25:07
REV_6620,US_2047,MV_3035,8.5,Could be better.,2024-07-03 22:07:41
REV_6622,US_1056,MV_728,6.4,Could be better.,2025-08-18 13:50:07
REV_6623,US_2874,MV_2828,2.6,Great movie!,2025-05-06 17:57:30
REV_6624,US_6447,MV_4846,6.0,Great movie!,2025-07-03 17:26:07
REV_6625,US_9238,MV_8402,4.1,Could be better.,2024-10-15 22:29:29
REV_6626,US_5692,MV_7786,4.2,Could be better.,2024-03-30 09:40:12
REV_6628,US_7142,MV_4692,2.8,Great movie!,2024-07-17 03:21:10
REV_6629,US_7572,MV_1632,7.2,Great movie!,2024-10-19 13:48:19
REV_6630,US_7749,MV_4105,1.9,Could be better.,2024-02-28 04:50:24
REV_6631,US_1308,MV_7597,9.6,Great movie!,2024-06-01 23:56:33
REV_6632,US_6066,MV_8132,5.5,Could be better.,2024-01-14 23:54:22
REV_6633,US_4005,MV_8245,7.8,Could be better.,2024-08-18 00:07:33
REV_6634,US_3427,MV_7360,4.2,Could be better.,2025-05-12 22:34:09
REV_6635,US_4275,MV_9257,5.1,Great movie!,2025-11-29 11:56:54
REV_6636,US_5626,MV_6624,9.4,Could be better.,2025-03-28 01:22:58
REV_6637,US_6106,MV_2522,3.1,Could be better.,2024-03-21 05:33:13
REV_6638,US_4080,MV_8074,1.3,Could be better.,2024-03-10 19:12:33
REV_6639,US_6778,MV_5638,2.7,Could be better.,2024-11-07 15:04:31
REV_6640,US_66,MV_7255,4.5,Great movie!,2025-04-11 01:41:23
REV_6641,US_4530,MV_8241,7.0,Great movie!,2024-03-19 19:06:47
REV_6642,US_7262,MV_4689,2.9,Great movie!,2024-10-13 07:45:09
REV_6643,US_6520,MV_5990,4.4,Great movie!,2024-06-13 06:53:12
REV_6644,US_6200,MV_3071,8.4,Could be better.,2024-12-14 11:45:06
REV_6646,US_19,MV_9819,2.9,Great movie!,2025-08-19 02:17:52
REV_6648,US_2246,MV_9327,2.4,Great movie!,2024-01-01 03:16:21
REV_6649,US_1074,MV_3854,4.0,Could be better.,2024-12-31 23:53:17
REV_6650,US_272,MV_8656,2.8,Could be better.,2024-07-12 00:50:08
REV_6651,US_2554,MV_7285,7.6,Great movie!,2025-03-29 05:56:40
REV_6652,US_1488,MV_4933,7.2,Great movie!,2024-01-30 10:56:29
REV_6653,US_2357,MV_3552,5.1,Could be better.,2025-02-14 06:09:06
REV_6654,US_5030,MV_3423,6.6,Could be better.,2024-09-11 01:30:19
REV_6655,US_5627,MV_7132,4.4,Could be better.,2025-12-25 18:15:49
REV_6656,US_4236,MV_6746,2.3,Great movie!,2024-09-06 11:38:12
REV_6657,US_2179,MV_70,1.9,Great movie!,2024-08-28 13:46:40
REV_6658,US_7553,MV_4773,5.1,Could be better.,2024-08-14 11:54:42
REV_6659,US_3603,MV_2122,5.2,Could be better.,2024-03-05 10:57:19
REV_6660,US_4563,MV_9297,5.1,Great movie!,2025-02-14 21:31:24
REV_6661,US_4401,MV_4186,3.7,Could be better.,2025-08-24 10:47:20
REV_6662,US_3465,MV_3971,5.1,Could be better.,2025-04-26 02:10:15
REV_6663,US_4852,MV_2796,4.2,Could be better.,2025-04-13 16:36:45
REV_6665,US_7488,MV_7439,3.5,Great movie!,2024-03-04 05:58:46
REV_6666,US_5093,MV_2625,7.7,Great movie!,2025-06-01 22:11:51
REV_6667,US_791,MV_9746,5.0,Great movie!,2024-08-26 17:03:21
REV_6669,US_4913,MV_4527,3.7,Great movie!,2025-03-16 20:58:38
REV_6670,US_4878,MV_2590,6.9,Great movie!,2024-04-10 11:08:57
REV_6671,US_5891,MV_3665,5.2,Great movie!,2025-10-05 14:52:45
REV_6673,US_2306,MV_5342,6.5,Great movie!,2025-03-27 14:44:22
REV_6675,US_83,MV_8799,2.4,Could be better.,2025-05-22 09:30:30
REV_6676,US_832,MV_649,6.5,Great movie!,2025-09-24 21:47:22
REV_6677,US_3773,MV_2651,2.0,Could be better.,2025-10-28 13:11:21
REV_6678,US_4516,MV_2648,2.4,Could be better.,2024-03-21 09:01:59
REV_6679,US_9586,MV_2516,3.0,Could be better.,2024-03-08 01:38:50
REV_6680,US_860,MV_2969,6.2,Could be better.,2024-06-20 11:55:56
REV_6681,US_6551,MV_3754,7.0,Could be better.,2024-07-05 07:56:36
REV_6682,US_9379,MV_1298,2.9,Could be better.,2025-08-17 10:16:49
REV_6683,US_8981,MV_252,6.0,Could be better.,2025-11-04 01:41:14
REV_6685,US_7673,MV_4124,4.0,Great movie!,2025-11-30 11:30:03
REV_6686,US_1962,MV_140,8.4,Great movie!,2024-06-19 02:12:53
REV_6687,US_1280,MV_8783,4.2,Great movie!,2024-08-28 05:02:26
REV_6688,US_523,MV_7729,6.1,Great movie!,2025-05-15 15:55:40
REV_6689,US_1430,MV_4736,8.7,Could be better.,2024-05-28 05:52:49
REV_6690,US_9380,MV_9198,7.8,Great movie!,2025-05-17 10:57:52
REV_6691,US_1983,MV_1875,9.2,Could be better.,2024-02-12 15:17:33
REV_6692,US_5573,MV_74,6.0,Great movie!,2024-09-15 10:59:45
REV_6693,US_8863,MV_5728,3.8,Could be better.,2025-12-11 05:47:26
REV_6694,US_1374,MV_6890,2.4,Great movie!,2024-02-27 22:06:39
REV_6696,US_6007,MV_609,2.6,Great movie!,2024-07-17 21:01:48
REV_6697,US_7970,MV_4620,6.0,Could be better.,2024-12-21 02:04:23
REV_6698,US_7693,MV_784,8.5,Could be better.,2024-10-12 16:27:34
REV_6699,US_1296,MV_3894,9.8,Could be better.,2024-10-28 01:05:15
REV_6700,US_2287,MV_2727,3.1,Could be better.,2024-02-10 08:08:50
REV_6701,US_665,MV_5941,6.4,Could be better.,2025-07-15 13:11:53
REV_6702,US_6457,MV_3127,3.6,Great movie!,2024-07-09 13:56:56
REV_6703,US_1013,MV_7551,5.2,Could be better.,2024-08-01 01:27:37
REV_6704,US_3518,MV_3736,6.7,Could be better.,2024-03-16 01:14:19
REV_6705,US_2218,MV_2486,2.5,Great movie!,2024-08-02 06:49:32
REV_6706,US_7852,MV_9601,9.1,Could be better.,2025-02-18 09:00:15
REV_6707,US_2695,MV_5993,2.5,Could be better.,2025-12-26 22:34:05
REV_6708,US_2240,MV_1602,6.6,Great movie!,2024-12-19 04:54:05
REV_6709,US_1828,MV_4183,5.4,Could be better.,2024-08-01 11:08:02
REV_6710,US_7467,MV_9925,9.7,Great movie!,2024-09-16 13:36:57
REV_6711,US_2851,MV_6793,7.7,Could be better.,2025-10-23 22:16:29
REV_6712,US_9923,MV_4085,4.1,Great movie!,2024-06-30 04:36:43
REV_6714,US_7710,MV_7235,1.8,Could be better.,2025-10-26 16:15:57
REV_6715,US_6597,MV_1396,5.2,Could be better.,2025-06-15 03:04:13
REV_6716,US_4610,MV_6461,7.9,Could be better.,2025-08-05 19:53:07
REV_6717,US_6095,MV_7023,8.5,Great movie!,2025-10-31 09:12:35
REV_6718,US_3716,MV_7959,7.9,Could be better.,2024-02-27 02:41:11
REV_6719,US_3104,MV_1515,8.1,Great movie!,2024-01-03 17:01:43
REV_6720,US_888,MV_7271,8.1,Great movie!,2024-10-02 04:22:57
REV_6721,US_9393,MV_2337,3.3,Great movie!,2025-04-23 05:36:59
REV_6722,US_7665,MV_9086,9.1,Great movie!,2025-12-24 20:06:50
REV_6723,US_3253,MV_6540,3.4,Great movie!,2025-06-30 08:43:02
REV_6724,US_8268,MV_9107,4.5,Could be better.,2024-07-17 16:55:22
REV_6725,US_2092,MV_5558,5.8,Could be better.,2024-01-13 02:22:15
REV_6726,US_418,MV_5095,7.5,Great movie!,2025-01-18 13:59:18
REV_6727,US_4005,MV_472,6.3,Great movie!,2024-01-25 05:10:37
REV_6728,US_2443,MV_6723,9.1,Great movie!,2025-01-11 05:41:02
REV_6729,US_3708,MV_4121,2.3,Great movie!,2025-12-08 22:15:13
REV_6730,US_6575,MV_3242,6.0,Could be better.,2025-03-14 10:28:58
REV_6731,US_62,MV_2762,10.0,Could be better.,2025-02-02 18:58:42
REV_6732,US_991,MV_5667,4.2,Great movie!,2024-06-01 17:49:31
REV_6733,US_8290,MV_5064,3.6,Great movie!,2024-01-01 04:05:23
REV_6734,US_3571,MV_4482,8.9,Could be better.,2025-09-14 12:06:12
REV_6735,US_3032,MV_3559,2.5,Great movie!,2024-03-31 13:21:15
REV_6736,US_4521,MV_7996,7.7,Great movie!,2025-09-26 01:36:44
REV_6738,US_9903,MV_1562,8.8,Could be better.,2024-11-30 02:03:26
REV_6739,US_2552,MV_651,5.6,Could be better.,2024-12-12 07:59:03
REV_6740,US_7562,MV_2787,4.4,Great movie!,2024-09-23 22:13:25
REV_6741,US_3406,MV_4420,3.8,Great movie!,2025-09-30 09:46:42
REV_6742,US_9587,MV_6879,7.6,Could be better.,2024-08-10 15:01:51
REV_6743,US_6771,MV_5330,6.5,Could be better.,2025-03-21 19:56:35
REV_6744,US_7833,MV_5803,3.1,Could be better.,2025-07-12 03:07:06
REV_6745,US_8250,MV_7323,8.1,Great movie!,2025-09-11 19:45:55
REV_6746,US_4597,MV_7466,3.3,Great movie!,2024-02-24 18:58:01
REV_6747,US_7187,MV_5795,5.7,Could be better.,2025-01-10 16:26:04
REV_6748,US_2005,MV_8033,4.1,Could be better.,2025-08-31 23:38:27
REV_6749,US_9303,MV_8202,4.9,Could be better.,2025-01-26 20:26:44
REV_6750,US_5138,MV_6727,6.3,Could be better.,2024-08-01 02:12:42
REV_6751,US_7061,MV_6219,3.6,Could be better.,2025-01-28 21:00:31
REV_6752,US_7639,MV_837,7.6,Great movie!,2025-05-11 18:03:29
REV_6753,US_730,MV_4316,8.5,Could be better.,2025-02-22 22:43:42
REV_6754,US_2692,MV_3034,6.6,Could be better.,2025-07-27 09:52:05
REV_6755,US_3843,MV_2894,6.9,Could be better.,2025-12-21 10:24:08
REV_6756,US_4920,MV_5889,6.7,Great movie!,2024-10-28 03:30:24
REV_6757,US_5980,MV_5268,2.2,Could be better.,2025-12-12 22:52:37
REV_6758,US_6148,MV_4880,5.9,Could be better.,2024-04-24 20:04:57
REV_6759,US_2113,MV_581,3.9,Great movie!,2024-02-21 13:53:46
REV_6760,US_9699,MV_1030,4.9,Great movie!,2025-02-22 22:30:25
REV_6761,US_9662,MV_2204,9.7,Great movie!,2025-02-28 12:19:46
REV_6762,US_3872,MV_6729,3.7,Could be better.,2025-01-15 12:14:21
REV_6763,US_4896,MV_7154,8.0,Great movie!,2025-01-12 19:13:57
REV_6764,US_5684,MV_4351,1.0,Great movie!,2025-05-29 13:43:59
REV_6765,US_8271,MV_9815,7.5,Great movie!,2024-09-04 10:29:34
REV_6766,US_2228,MV_852,6.2,Great movie!,2025-02-22 02:30:44
REV_6767,US_9480,MV_8564,9.9,Great movie!,2024-09-21 22:42:50
REV_6768,US_7464,MV_5219,1.2,Great movie!,2025-08-29 05:01:02
REV_6769,US_8359,MV_5164,9.2,Could be better.,2024-01-28 17:29:37
REV_6770,US_144,MV_1150,5.8,Great movie!,2024-07-23 13:45:09
REV_6772,US_598,MV_3475,4.2,Great movie!,2025-01-22 18:08:53
REV_6773,US_9944,MV_1905,5.7,Great movie!,2025-06-06 13:35:46
REV_6774,US_311,MV_6752,4.3,Great movie!,2025-05-06 03:07:45
REV_6775,US_1502,MV_4028,2.7,Great movie!,2025-01-14 09:45:41
REV_6776,US_3065,MV_4616,5.0,Could be better.,2024-10-01 01:16:27
REV_6777,US_3511,MV_7089,7.2,Great movie!,2025-08-15 16:21:15
REV_6778,US_3415,MV_3306,9.1,Great movie!,2024-05-31 09:15:01
REV_6779,US_2878,MV_7544,7.6,Could be better.,2024-03-10 07:26:52
REV_6780,US_3657,MV_6077,3.2,Great movie!,2024-03-16 11:18:39
REV_6781,US_6886,MV_569,5.9,Could be better.,2024-09-03 03:11:02
REV_6782,US_8814,MV_1965,6.8,Great movie!,2024-01-23 09:33:55
REV_6783,US_1629,MV_1522,9.6,Could be better.,2025-11-23 16:31:33
REV_6784,US_5357,MV_9580,3.6,Great movie!,2024-05-29 22:12:46
REV_6785,US_2947,MV_1340,2.6,Great movie!,2024-02-27 08:52:56
REV_6786,US_9315,MV_2941,6.1,Could be better.,2025-07-06 03:53:17
REV_6787,US_2181,MV_6999,7.0,Great movie!,2024-11-18 21:03:40
REV_6788,US_3199,MV_4159,9.9,Could be better.,2024-01-09 11:32:04
REV_6789,US_7977,MV_7192,7.8,Could be better.,2025-06-29 02:31:57
REV_6790,US_3321,MV_3327,2.2,Great movie!,2024-02-23 03:17:56
REV_6791,US_3732,MV_8138,3.0,Could be better.,2024-05-09 10:15:34
REV_6792,US_1424,MV_2045,4.8,Could be better.,2024-03-04 06:31:25
REV_6793,US_2674,MV_1556,6.0,Great movie!,2024-03-20 06:26:36
REV_6794,US_4215,MV_5209,3.3,Could be better.,2024-06-28 01:38:29
REV_6795,US_2222,MV_9410,4.8,Could be better.,2025-08-06 03:13:53
REV_6796,US_9377,MV_2243,6.7,Could be better.,2025-09-22 09:14:58
REV_6797,US_134,MV_3484,7.5,Great movie!,2025-03-21 13:02:13
REV_6798,US_1827,MV_6727,6.2,Could be better.,2025-03-02 02:31:09
REV_6799,US_9909,MV_2978,7.2,Great movie!,2024-10-27 16:32:48
REV_6800,US_2026,MV_5453,4.4,Great movie!,2024-01-25 14:09:48
REV_6801,US_2487,MV_7778,6.4,Could be better.,2025-06-18 07:54:30
REV_6803,US_3963,MV_1351,3.6,Great movie!,2024-02-04 13:26:48
REV_6804,US_6017,MV_7218,8.4,Great movie!,2024-01-10 18:19:58
REV_6805,US_6865,MV_3184,7.4,Could be better.,2025-08-06 07:22:58
REV_6806,US_9937,MV_208,6.6,Great movie!,2024-10-24 15:16:06
REV_6807,US_4797,MV_4471,3.0,Could be better.,2025-11-30 22:10:15
REV_6809,US_2113,MV_8422,2.1,Great movie!,2024-02-05 10:43:09
REV_6810,US_7920,MV_7607,4.7,Could be better.,2024-01-06 15:02:07
REV_6811,US_6446,MV_9258,3.1,Great movie!,2025-04-27 14:12:47
REV_6812,US_9349,MV_1315,5.6,Could be better.,2025-09-11 20:44:05
REV_6813,US_954,MV_5006,5.2,Could be better.,2024-10-02 22:45:19
REV_6814,US_8829,MV_7283,8.2,Could be better.,2025-09-26 21:28:12
REV_6815,US_2137,MV_2462,5.3,Great movie!,2024-02-10 14:31:41
REV_6816,US_4365,MV_3049,8.6,Great movie!,2025-05-06 14:32:45
REV_6817,US_2320,MV_9132,6.2,Great movie!,2024-01-06 10:04:03
REV_6818,US_7129,MV_3874,5.5,Great movie!,2024-12-13 00:09:37
REV_6819,US_1425,MV_253,8.3,Great movie!,2025-03-12 19:39:51
REV_6820,US_6232,MV_2914,9.2,Could be better.,2025-03-31 15:15:09
REV_6821,US_7084,MV_5361,1.2,Great movie!,2025-07-24 08:08:58
REV_6822,US_1146,MV_965,2.3,Could be better.,2024-08-02 10:40:09
REV_6823,US_1580,MV_7462,3.3,Could be better.,2025-07-11 02:15:15
REV_6824,US_8147,MV_691,6.7,Great movie!,2025-03-12 18:07:49
REV_6825,US_4726,MV_6917,5.9,Could be better.,2024-04-23 20:12:21
REV_6826,US_7058,MV_6577,3.4,Could be better.,2025-03-20 09:03:24
REV_6827,US_6320,MV_114,1.8,Could be better.,2025-03-26 07:24:09
REV_6830,US_4715,MV_5670,7.0,Great movie!,2025-09-26 14:11:19
REV_6831,US_3137,MV_7526,8.1,Great movie!,2025-01-29 00:11:14
REV_6832,US_5015,MV_2514,6.8,Could be better.,2024-09-02 01:37:50
REV_6833,US_3240,MV_2736,5.5,Could be better.,2025-05-12 07:01:08
REV_6834,US_7347,MV_4783,8.9,Could be better.,2025-08-08 02:00:00
REV_6835,US_5365,MV_4172,1.6,Great movie!,2025-10-08 05:49:10
REV_6836,US_1092,MV_3096,9.8,Great movie!,2024-04-11 19:48:25
REV_6837,US_211,MV_1844,6.2,Could be better.,2024-01-10 21:20:25
REV_6838,US_1210,MV_3924,3.0,Great movie!,2024-06-02 11:01:18
REV_6839,US_9448,MV_3265,5.7,Great movie!,2024-12-28 21:25:21
REV_6841,US_4822,MV_6699,4.6,Could be better.,2024-02-17 15:50:01
REV_6842,US_7524,MV_4692,6.0,Great movie!,2024-07-07 19:35:09
REV_6843,US_6694,MV_2061,1.0,Could be better.,2025-10-30 14:13:45
REV_6844,US_4518,MV_309,1.6,Great movie!,2024-02-09 12:45:17
REV_6845,US_9333,MV_3473,9.9,Great movie!,2024-12-13 13:19:15
REV_6846,US_154,MV_7936,5.8,Could be better.,2024-11-16 09:21:55
REV_6847,US_7903,MV_3357,8.6,Great movie!,2024-03-22 23:01:36
REV_6848,US_5145,MV_7811,2.2,Could be better.,2024-02-04 03:51:01
REV_6849,US_4566,MV_8612,3.9,Great movie!,2024-08-14 00:22:03
REV_6850,US_4734,MV_9236,4.5,Could be better.,2024-11-26 05:52:19
REV_6851,US_9130,MV_891,1.4,Great movie!,2025-06-09 12:06:08
REV_6852,US_1075,MV_6365,9.0,Great movie!,2024-09-16 04:12:13
REV_6853,US_7754,MV_871,9.4,Could be better.,2024-06-26 03:58:42
REV_6854,US_1655,MV_6718,8.0,Could be better.,2024-04-27 22:23:10
REV_6855,US_7852,MV_834,5.8,Great movie!,2025-06-12 08:48:21
REV_6857,US_5493,MV_9018,2.5,Great movie!,2025-02-25 18:42:59
REV_6858,US_5288,MV_5512,1.4,Could be better.,2024-04-18 16:57:40
REV_6859,US_4692,MV_8007,7.8,Great movie!,2025-12-09 06:26:10
REV_6860,US_5136,MV_8539,8.8,Great movie!,2024-09-07 18:25:43
REV_6862,US_7303,MV_8352,4.6,Could be better.,2025-05-18 10:32:05
REV_6863,US_4688,MV_8391,3.1,Could be better.,2024-10-23 10:35:13
REV_6864,US_9642,MV_5922,7.6,Could be better.,2024-08-02 17:54:15
REV_6865,US_8798,MV_2798,4.6,Great movie!,2024-06-06 01:10:34
REV_6866,US_2877,MV_5150,6.9,Great movie!,2024-06-30 22:27:29
REV_6867,US_216,MV_8215,2.0,Could be better.,2024-01-06 22:24:00
REV_6868,US_6032,MV_578,3.8,Could be better.,2024-02-29 09:23:13
REV_6870,US_5468,MV_168,7.4,Great movie!,2024-03-05 23:20:42
REV_6871,US_9690,MV_3423,1.5,Could be better.,2024-11-03 22:28:41
REV_6872,US_706,MV_412,9.5,Great movie!,2025-03-15 09:51:51
REV_6873,US_6898,MV_1276,2.0,Could be better.,2025-07-15 02:26:32
REV_6874,US_3291,MV_886,8.1,Great movie!,2025-11-13 10:09:06
REV_6875,US_556,MV_6856,4.2,Great movie!,2025-08-12 04:43:27
REV_6876,US_2929,MV_9606,5.0,Great movie!,2024-03-29 05:54:47
REV_6877,US_9892,MV_4535,9.0,Great movie!,2025-09-10 02:55:23
REV_6878,US_4273,MV_2757,8.8,Could be better.,2025-04-13 03:11:20
REV_6879,US_3149,MV_9397,5.6,Great movie!,2025-02-23 04:14:30
REV_6880,US_2763,MV_2633,6.0,Could be better.,2024-05-05 00:42:30
REV_6881,US_8365,MV_3896,1.2,Could be better.,2024-05-05 18:38:51
REV_6882,US_5563,MV_1459,6.7,Great movie!,2024-09-17 03:22:32
REV_6883,US_1191,MV_9974,3.8,Could be better.,2025-05-02 01:59:49
REV_6884,US_3504,MV_248,9.0,Great movie!,2025-05-03 04:37:38
REV_6885,US_6160,MV_7120,1.4,Great movie!,2024-05-01 22:10:04
REV_6886,US_8882,MV_7196,8.8,Great movie!,2025-11-07 21:49:25
REV_6887,US_1891,MV_9227,1.8,Great movie!,2025-09-12 21:31:56
REV_6888,US_7933,MV_7200,9.5,Could be better.,2024-02-17 10:11:27
REV_6889,US_4563,MV_705,3.0,Great movie!,2025-11-08 06:38:47
REV_6890,US_2696,MV_9973,3.3,Great movie!,2025-10-10 06:58:29
REV_6891,US_8677,MV_3678,9.4,Great movie!,2025-01-08 03:53:13
REV_6892,US_1864,MV_1330,6.1,Could be better.,2025-10-25 02:14:55
REV_6893,US_958,MV_75,5.5,Great movie!,2025-09-30 01:31:00
REV_6894,US_5885,MV_2048,1.6,Could be better.,2025-10-15 14:34:35
REV_6895,US_8961,MV_1221,8.7,Great movie!,2025-02-03 01:11:56
REV_6896,US_3594,MV_3146,1.3,Great movie!,2025-09-22 00:28:26
REV_6897,US_1857,MV_3601,4.1,Great movie!,2025-11-18 11:22:45
REV_6898,US_3319,MV_6913,6.9,Great movie!,2024-12-06 02:40:00
REV_6899,US_3115,MV_3957,2.5,Could be better.,2025-02-20 02:23:07
REV_6900,US_5001,MV_9317,5.5,Great movie!,2025-10-19 18:44:55
REV_6902,US_1720,MV_8724,9.7,Great movie!,2024-04-22 21:43:12
REV_6903,US_4178,MV_1894,2.7,Could be better.,2024-10-10 21:57:43
REV_6904,US_8368,MV_7613,4.8,Could be better.,2024-04-16 09:20:09
REV_6905,US_3112,MV_8606,8.8,Could be better.,2025-09-04 17:00:56
REV_6906,US_2963,MV_469,6.6,Great movie!,2025-10-02 03:34:59
REV_6907,US_5261,MV_8177,5.3,Could be better.,2025-07-29 05:12:47
REV_6908,US_3585,MV_4315,8.1,Could be better.,2025-04-01 04:35:47
REV_6909,US_7439,MV_7691,6.1,Could be better.,2024-10-17 08:22:10
REV_6910,US_965,MV_335,7.5,Could be better.,2025-10-10 05:07:03
REV_6912,US_565,MV_389,2.9,Could be better.,2025-02-01 12:54:12
REV_6913,US_6307,MV_2624,9.0,Could be better.,2025-06-18 13:49:44
REV_6914,US_3117,MV_8865,2.0,Could be better.,2024-12-31 16:53:18
REV_6915,US_3088,MV_1731,2.8,Great movie!,2025-05-01 23:21:14
REV_6916,US_9931,MV_9231,3.1,Could be better.,2025-06-15 12:51:25
REV_6917,US_3324,MV_1361,8.2,Great movie!,2024-08-02 13:10:13
REV_6918,US_8620,MV_7381,6.0,Could be better.,2025-06-16 14:37:46
REV_6919,US_510,MV_3022,8.1,Could be better.,2025-03-02 02:45:28
REV_6920,US_5786,MV_8955,5.6,Great movie!,2024-07-19 14:18:51
REV_6921,US_7922,MV_8540,1.6,Could be better.,2025-05-04 06:11:52
REV_6922,US_1527,MV_5347,6.6,Great movie!,2025-12-13 07:59:24
REV_6923,US_8391,MV_9393,8.6,Could be better.,2024-12-24 06:05:00
REV_6924,US_9380,MV_6817,1.2,Great movie!,2024-11-01 23:24:10
REV_6925,US_4870,MV_4465,5.2,Great movie!,2024-05-28 16:56:14
REV_6926,US_3083,MV_4842,1.1,Could be better.,2024-01-27 05:52:23
REV_6928,US_2711,MV_2356,3.2,Could be better.,2025-12-15 04:25:41
REV_6929,US_9440,MV_9877,8.6,Could be better.,2025-12-29 01:49:04
REV_6930,US_2752,MV_4495,5.7,Great movie!,2025-12-29 07:29:57
REV_6931,US_8612,MV_4678,1.3,Could be better.,2024-12-09 10:11:52
REV_6932,US_5333,MV_9480,6.3,Great movie!,2025-11-15 10:50:39
REV_6933,US_2236,MV_3174,5.3,Could be better.,2025-06-02 07:43:46
REV_6934,US_6502,MV_502,9.4,Great movie!,2024-08-24 19:59:53
REV_6935,US_4585,MV_6595,3.4,Could be better.,2024-03-12 20:44:41
REV_6936,US_3126,MV_2871,3.5,Could be better.,2025-04-04 08:32:13
REV_6937,US_7234,MV_708,5.3,Great movie!,2025-10-18 03:10:15
REV_6938,US_5903,MV_7078,4.7,Great movie!,2024-01-23 03:38:34
REV_6939,US_5260,MV_6208,2.5,Could be better.,2025-12-29 11:13:37
REV_6940,US_1920,MV_1456,4.5,Great movie!,2024-05-04 17:55:44
REV_6941,US_1852,MV_9625,9.0,Could be better.,2025-12-27 14:41:30
REV_6943,US_1338,MV_3100,2.5,Could be better.,2024-01-08 10:51:01
REV_6944,US_7743,MV_4511,2.4,Could be better.,2024-06-02 05:57:22
REV_6945,US_4905,MV_4818,5.9,Could be better.,2024-01-08 10:53:38
REV_6946,US_1928,MV_4909,2.8,Could be better.,2024-09-23 23:30:30
REV_6947,US_8609,MV_1008,8.7,Great movie!,2025-08-21 18:37:00
REV_6948,US_2264,MV_6565,8.2,Great movie!,2024-11-17 20:15:25
REV_6949,US_5368,MV_3191,5.6,Great movie!,2025-03-18 18:37:07
REV_6950,US_2471,MV_7582,5.2,Could be better.,2024-05-29 13:53:51
REV_6951,US_7952,MV_7979,7.1,Could be better.,2025-11-15 21:27:07
REV_6952,US_5148,MV_3494,5.6,Great movie!,2025-03-05 14:51:33
REV_6953,US_5627,MV_9500,8.3,Great movie!,2024-08-13 17:46:12
REV_6954,US_8670,MV_3923,4.5,Great movie!,2025-07-31 07:50:45
REV_6955,US_2778,MV_6488,2.4,Great movie!,2024-07-08 03:45:45
REV_6956,US_8625,MV_6190,2.0,Could be better.,2024-06-20 18:35:06
REV_6957,US_324,MV_2258,6.5,Could be better.,2024-06-06 03:57:44
REV_6958,US_2616,MV_649,6.8,Great movie!,2024-02-21 16:14:41
REV_6959,US_269,MV_8244,5.7,Could be better.,2025-06-04 19:53:21
REV_6960,US_605,MV_8374,7.8,Great movie!,2024-12-28 04:02:04
REV_6961,US_3657,MV_2585,1.6,Could be better.,2025-03-31 18:41:07
REV_6962,US_7378,MV_236,6.5,Could be better.,2024-08-03 10:28:39
REV_6963,US_8469,MV_2659,1.5,Great movie!,2025-07-12 19:56:35
REV_6964,US_9448,MV_3074,4.4,Could be better.,2025-07-27 11:07:57
REV_6965,US_7388,MV_1397,4.6,Great movie!,2024-01-05 23:40:04
REV_6966,US_6388,MV_6284,8.5,Could be better.,2025-10-25 03:57:35
REV_6968,US_3476,MV_8550,4.3,Great movie!,2024-08-07 00:39:15
REV_6969,US_5884,MV_7428,1.2,Great movie!,2025-05-19 15:37:45
REV_6970,US_4844,MV_7742,7.2,Could be better.,2025-02-24 21:20:13
REV_6972,US_5788,MV_101,8.1,Great movie!,2024-03-11 23:53:15
REV_6973,US_3714,MV_1898,5.9,Could be better.,2024-09-17 10:49:57
REV_6974,US_6738,MV_6375,5.9,Could be better.,2025-10-18 23:24:27
REV_6975,US_8337,MV_4930,1.5,Great movie!,2025-08-27 06:04:04
REV_6976,US_8714,MV_8761,1.3,Great movie!,2025-10-24 16:28:21
REV_6977,US_7958,MV_5199,5.4,Great movie!,2024-11-15 01:32:15
REV_6978,US_6965,MV_1633,2.6,Could be better.,2024-05-13 06:22:03
REV_6980,US_9440,MV_9043,6.0,Could be better.,2024-09-21 14:29:12
REV_6981,US_502,MV_7219,3.1,Could be better.,2024-10-16 10:22:58
REV_6982,US_5971,MV_8212,5.6,Great movie!,2025-09-20 18:53:24
REV_6983,US_8554,MV_5034,6.2,Great movie!,2024-09-23 20:04:38
REV_6984,US_5626,MV_4981,7.7,Could be better.,2025-06-11 11:56:16
REV_6986,US_6808,MV_6352,5.7,Great movie!,2024-07-12 14:38:15
REV_6987,US_8443,MV_1000,8.5,Could be better.,2025-02-07 09:38:21
REV_6988,US_9337,MV_9104,6.2,Great movie!,2025-04-20 21:38:48
REV_6989,US_2092,MV_7674,9.1,Great movie!,2025-10-07 08:07:29
REV_6990,US_7323,MV_5623,6.7,Could be better.,2025-05-13 00:13:48
REV_6991,US_5446,MV_8948,6.1,Great movie!,2025-03-18 23:07:26
REV_6992,US_5351,MV_3989,3.9,Could be better.,2025-10-19 08:37:38
REV_6993,US_5629,MV_8882,4.1,Great movie!,2024-02-25 09:07:56
REV_6994,US_2259,MV_7564,8.5,Could be better.,2025-10-08 20:16:41
REV_6995,US_4779,MV_9929,6.2,Could be better.,2024-08-05 08:20:52
REV_6996,US_420,MV_6577,7.7,Could be better.,2024-06-02 14:13:34
REV_6997,US_3274,MV_6879,8.5,Great movie!,2025-05-09 21:49:31
REV_6998,US_8687,MV_4568,6.1,Could be better.,2025-01-29 22:41:54
REV_6999,US_8497,MV_2201,7.1,Could be better.,2025-07-02 14:41:13
REV_7000,US_138,MV_9471,3.4,Great movie!,2025-05-27 20:39:20
REV_7001,US_1015,MV_9953,7.5,Could be better.,2024-07-02 02:35:35
REV_7002,US_6146,MV_5139,7.5,Great movie!,2025-11-25 02:41:27
REV_7003,US_6223,MV_5063,5.6,Great movie!,2025-07-19 11:09:10
REV_7004,US_2622,MV_9894,1.2,Great movie!,2024-12-06 11:58:46
REV_7005,US_2829,MV_7743,9.3,Could be better.,2025-08-20 01:07:17
REV_7006,US_5264,MV_3992,3.8,Great movie!,2025-09-11 16:50:31
REV_7008,US_9693,MV_53,1.8,Great movie!,2025-08-09 17:17:20
REV_7009,US_452,MV_7071,6.5,Great movie!,2024-01-10 01:33:04
REV_7010,US_968,MV_8070,2.4,Great movie!,2024-01-15 02:17:57
REV_7011,US_3664,MV_9211,3.6,Great movie!,2024-11-03 13:03:25
REV_7012,US_6671,MV_7902,9.5,Could be better.,2025-06-28 22:32:21
REV_7013,US_7258,MV_539,4.3,Great movie!,2025-01-12 16:50:46
REV_7014,US_4168,MV_2078,6.3,Great movie!,2024-05-05 10:26:03
REV_7015,US_1043,MV_2571,2.8,Could be better.,2025-10-22 19:05:16
REV_7016,US_2565,MV_3618,4.5,Could be better.,2024-10-19 16:05:10
REV_7017,US_3966,MV_8491,7.0,Great movie!,2025-12-06 07:24:05
REV_7018,US_7874,MV_3021,1.3,Great movie!,2024-01-08 14:51:42
REV_7019,US_7261,MV_8139,6.6,Great movie!,2024-04-29 15:49:00
REV_7020,US_1527,MV_4829,4.0,Great movie!,2025-12-03 10:11:46
REV_7021,US_3319,MV_9791,2.1,Could be better.,2025-10-21 04:57:32
REV_7022,US_6609,MV_8873,9.3,Great movie!,2025-09-24 15:56:48
REV_7023,US_8717,MV_5038,1.0,Could be better.,2024-04-01 20:38:14
REV_7024,US_5193,MV_1941,2.3,Could be better.,2025-10-17 05:24:33
REV_7025,US_7886,MV_7682,9.3,Great movie!,2025-05-03 14:01:43
REV_7026,US_6422,MV_9185,9.0,Could be better.,2025-01-24 23:45:11
REV_7027,US_1489,MV_4664,8.9,Great movie!,2025-06-20 14:57:44
REV_7028,US_71,MV_6448,6.5,Could be better.,2025-02-12 05:29:24
REV_7029,US_8874,MV_3480,9.1,Great movie!,2024-01-28 17:59:14
REV_7030,US_8881,MV_7975,2.1,Could be better.,2025-08-04 02:19:58
REV_7031,US_3343,MV_142,5.9,Could be better.,2024-12-05 14:01:54
REV_7032,US_7733,MV_945,3.0,Could be better.,2024-06-17 10:41:40
REV_7033,US_6287,MV_1537,1.5,Could be better.,2024-04-14 00:51:44
REV_7034,US_8800,MV_3928,8.7,Could be better.,2025-05-05 14:44:25
REV_7035,US_7268,MV_5355,3.2,Great movie!,2025-08-28 01:47:16
REV_7036,US_8366,MV_1751,2.0,Could be better.,2024-10-26 17:55:57
REV_7037,US_6413,MV_3109,8.8,Could be better.,2025-01-04 14:34:29
REV_7038,US_1396,MV_9845,4.1,Could be better.,2024-04-18 19:03:10
REV_7039,US_6766,MV_133,1.8,Could be better.,2025-02-26 15:53:37
REV_7040,US_5661,MV_1554,5.4,Could be better.,2024-09-10 10:33:34
REV_7041,US_5603,MV_5413,2.3,Great movie!,2024-11-10 18:11:09
REV_7042,US_2915,MV_7750,3.8,Great movie!,2025-12-29 08:57:25
REV_7043,US_6228,MV_9755,4.7,Could be better.,2024-11-28 19:49:23
REV_7044,US_832,MV_3828,4.0,Great movie!,2025-03-25 16:08:06
REV_7045,US_6411,MV_6321,3.3,Great movie!,2025-04-14 13:04:09
REV_7046,US_5180,MV_3756,3.1,Could be better.,2025-07-30 13:42:08
REV_7047,US_2603,MV_2683,3.7,Great movie!,2024-02-10 17:12:34
REV_7048,US_9911,MV_6089,5.8,Could be better.,2025-10-19 19:04:28
REV_7049,US_3855,MV_3968,2.3,Could be better.,2024-09-01 08:27:34
REV_7050,US_870,MV_2875,5.3,Could be better.,2024-12-26 18:07:09
REV_7051,US_2970,MV_6140,2.8,Could be better.,2024-03-21 08:24:57
REV_7052,US_4224,MV_5793,2.5,Could be better.,2025-01-31 11:50:38
REV_7053,US_4298,MV_2238,1.2,Could be better.,2025-11-02 22:09:02
REV_7054,US_7523,MV_570,7.3,Could be better.,2025-07-12 21:13:15
REV_7055,US_2894,MV_9535,9.3,Great movie!,2025-10-23 11:52:57
REV_7056,US_8107,MV_8352,1.4,Great movie!,2025-12-04 09:17:23
REV_7057,US_4251,MV_7273,8.4,Great movie!,2024-05-02 06:52:13
REV_7058,US_4197,MV_9400,7.4,Could be better.,2024-12-31 15:52:50
REV_7059,US_8943,MV_8253,9.2,Could be better.,2024-08-06 13:18:05
REV_7060,US_6788,MV_876,9.9,Great movie!,2025-07-02 18:18:03
REV_7061,US_1770,MV_1116,2.6,Great movie!,2025-02-18 13:32:24
REV_7062,US_5280,MV_1874,9.2,Great movie!,2025-10-28 15:08:14
REV_7063,US_580,MV_3820,2.3,Great movie!,2024-03-02 23:28:29
REV_7064,US_1755,MV_2265,2.7,Could be better.,2025-03-18 20:01:47
REV_7065,US_2641,MV_9818,7.0,Great movie!,2024-08-17 14:23:48
REV_7066,US_358,MV_9308,8.0,Could be better.,2024-01-13 14:55:20
REV_7067,US_4234,MV_2885,8.9,Could be better.,2024-08-03 16:27:38
REV_7069,US_7923,MV_8805,2.7,Great movie!,2025-02-22 23:24:05
REV_7070,US_7520,MV_8023,7.7,Great movie!,2024-12-04 22:41:00
REV_7071,US_8425,MV_6093,6.4,Could be better.,2024-04-15 08:53:45
REV_7072,US_5015,MV_3128,5.4,Great movie!,2024-12-18 03:57:14
REV_7073,US_279,MV_5151,5.5,Great movie!,2024-12-13 16:07:45
REV_7074,US_1375,MV_7973,8.1,Great movie!,2024-02-08 09:59:48
REV_7075,US_5413,MV_1633,6.7,Could be better.,2024-10-10 23:44:13
REV_7076,US_7504,MV_3177,3.1,Could be better.,2025-04-22 01:36:18
REV_7077,US_2690,MV_967,9.8,Could be better.,2025-09-28 03:04:36
REV_7078,US_7696,MV_8601,8.1,Great movie!,2024-08-08 15:40:01
REV_7079,US_2138,MV_251,3.3,Great movie!,2025-01-13 00:01:00
REV_7080,US_851,MV_6275,3.6,Great movie!,2024-01-13 22:27:07
REV_7081,US_9892,MV_4268,2.9,Great movie!,2024-05-01 09:00:11
REV_7082,US_984,MV_1743,9.9,Great movie!,2025-02-14 10:30:47
REV_7083,US_9303,MV_558,1.5,Great movie!,2024-02-23 22:14:03
REV_7085,US_2175,MV_7827,3.1,Could be better.,2024-02-23 15:20:58
REV_7086,US_4318,MV_1572,4.7,Could be better.,2024-07-24 22:03:07
REV_7088,US_2399,MV_2306,4.4,Great movie!,2024-07-21 22:16:55
REV_7089,US_4378,MV_1322,9.9,Could be better.,2024-08-19 05:37:44
REV_7090,US_5353,MV_432,3.1,Great movie!,2024-06-21 06:26:03
REV_7091,US_894,MV_462,7.6,Could be better.,2025-07-08 13:14:30
REV_7092,US_6316,MV_1541,5.2,Could be better.,2024-06-05 13:55:59
REV_7093,US_2360,MV_6265,9.7,Great movie!,2024-11-29 20:13:15
REV_7094,US_7143,MV_8171,2.3,Great movie!,2025-12-20 23:04:23
REV_7096,US_92,MV_4164,3.3,Could be better.,2025-09-19 18:44:32
REV_7097,US_6807,MV_889,9.4,Could be better.,2024-08-07 06:03:47
REV_7098,US_7084,MV_465,3.2,Great movie!,2024-04-29 05:03:41
REV_7099,US_1875,MV_8141,8.6,Great movie!,2025-12-22 08:23:37
REV_7100,US_5622,MV_3195,6.8,Great movie!,2024-12-08 08:51:14
REV_7101,US_6566,MV_8245,6.9,Could be better.,2025-01-04 09:41:52
REV_7102,US_8276,MV_8739,6.1,Could be better.,2025-11-02 12:28:46
REV_7104,US_4894,MV_4771,9.9,Great movie!,2024-02-13 15:24:22
REV_7105,US_101,MV_6797,6.6,Could be better.,2024-10-08 23:48:37
REV_7106,US_4668,MV_4824,3.3,Could be better.,2025-08-25 02:17:58
REV_7107,US_4311,MV_5161,1.4,Great movie!,2025-09-26 02:30:26
REV_7108,US_675,MV_2672,1.1,Could be better.,2025-10-29 05:35:42
REV_7109,US_9707,MV_7701,4.7,Could be better.,2025-09-13 13:41:03
REV_7111,US_1484,MV_3862,4.7,Could be better.,2024-11-06 23:10:53
REV_7112,US_9943,MV_6362,7.3,Great movie!,2024-10-08 22:32:34
REV_7113,US_5730,MV_1680,9.5,Great movie!,2025-05-19 15:50:20
REV_7114,US_5525,MV_2477,1.2,Could be better.,2024-11-18 00:28:57
REV_7115,US_2651,MV_8236,5.9,Could be better.,2024-03-18 23:02:28
REV_7116,US_1904,MV_3992,8.6,Great movie!,2024-08-22 00:30:18
REV_7117,US_7600,MV_8684,2.8,Could be better.,2025-12-07 20:12:44
REV_7118,US_1331,MV_6257,3.7,Could be better.,2025-01-01 01:44:42
REV_7119,US_8183,MV_290,6.3,Great movie!,2024-04-16 17:49:40
REV_7120,US_8587,MV_4746,8.9,Great movie!,2024-03-11 08:16:26
REV_7122,US_9260,MV_1302,2.6,Great movie!,2024-03-08 22:03:58
REV_7123,US_2105,MV_6381,5.3,Great movie!,2025-08-24 20:17:51
REV_7124,US_777,MV_7394,3.7,Great movie!,2025-04-04 01:34:23
REV_7125,US_441,MV_6604,6.2,Great movie!,2024-01-10 03:43:38
REV_7126,US_663,MV_7309,2.7,Could be better.,2025-11-05 22:48:36
REV_7127,US_3396,MV_3766,8.1,Could be better.,2025-05-15 00:14:08
REV_7128,US_8695,MV_4341,7.4,Could be better.,2025-07-25 04:16:49
REV_7129,US_9288,MV_3879,3.9,Great movie!,2024-07-25 06:12:08
REV_7130,US_2055,MV_6419,4.0,Great movie!,2024-02-02 13:06:32
REV_7131,US_8960,MV_4030,4.7,Could be better.,2024-06-23 03:49:32
REV_7132,US_8654,MV_5766,8.9,Great movie!,2025-12-03 20:30:43
REV_7133,US_8558,MV_9426,9.1,Great movie!,2024-07-09 03:35:55
REV_7134,US_3388,MV_8912,6.4,Great movie!,2024-09-23 07:27:40
REV_7135,US_8415,MV_3093,7.7,Could be better.,2024-10-16 09:40:57
REV_7136,US_8915,MV_8901,1.2,Great movie!,2024-08-23 11:04:18
REV_7137,US_3425,MV_5084,6.1,Great movie!,2024-09-20 20:53:05
REV_7138,US_8168,MV_2188,4.8,Great movie!,2025-03-09 22:27:17
REV_7140,US_9336,MV_2424,9.9,Great movie!,2025-08-14 04:00:28
REV_7141,US_1591,MV_4045,4.6,Great movie!,2024-04-12 09:33:17
REV_7142,US_2271,MV_2273,8.9,Could be better.,2025-02-08 22:25:23
REV_7143,US_1957,MV_6686,9.1,Great movie!,2024-01-05 02:46:17
REV_7144,US_4820,MV_4916,4.2,Could be better.,2024-01-19 07:15:56
REV_7145,US_8288,MV_6981,9.6,Great movie!,2025-03-19 11:31:31
REV_7146,US_5679,MV_8002,2.7,Could be better.,2025-01-22 09:59:48
REV_7147,US_4782,MV_5714,2.9,Great movie!,2024-11-25 03:49:55
REV_7148,US_9539,MV_3825,4.5,Could be better.,2025-02-17 13:45:04
REV_7149,US_317,MV_1607,1.8,Could be better.,2024-06-11 12:05:36
REV_7150,US_5126,MV_6808,2.9,Great movie!,2024-01-28 02:01:47
REV_7151,US_1089,MV_9862,7.8,Could be better.,2025-07-29 08:42:44
REV_7152,US_2441,MV_9278,6.2,Could be better.,2025-11-29 20:42:11
REV_7153,US_5740,MV_9587,6.0,Great movie!,2025-07-02 22:14:43
REV_7154,US_6888,MV_1282,7.8,Great movie!,2025-08-06 11:11:38
REV_7155,US_4537,MV_3298,2.6,Could be better.,2024-05-02 11:15:32
REV_7156,US_132,MV_6140,7.2,Could be better.,2025-08-28 19:01:56
REV_7157,US_1679,MV_4722,8.0,Could be better.,2025-11-24 00:31:52
REV_7158,US_723,MV_8982,4.8,Could be better.,2024-06-24 10:10:12
REV_7159,US_2992,MV_8733,9.7,Great movie!,2024-04-02 07:04:10
REV_7161,US_8303,MV_8792,2.8,Could be better.,2024-06-25 14:16:20
REV_7162,US_6590,MV_1383,2.3,Could be better.,2024-02-27 20:32:20
REV_7164,US_5260,MV_8060,5.7,Could be better.,2024-01-18 07:40:30
REV_7165,US_1793,MV_4358,1.0,Could be better.,2025-05-12 20:14:32
REV_7166,US_2955,MV_4470,2.2,Could be better.,2024-08-14 09:18:24
REV_7167,US_806,MV_2759,2.5,Could be better.,2025-12-12 19:36:13
REV_7168,US_7618,MV_3559,3.2,Great movie!,2025-01-30 12:21:51
REV_7169,US_4294,MV_8949,4.3,Great movie!,2024-09-21 15:50:12
REV_7170,US_1475,MV_6532,8.2,Great movie!,2024-07-03 09:45:32
REV_7171,US_1955,MV_8114,5.3,Could be better.,2025-12-15 04:26:51
REV_7172,US_6620,MV_7322,5.9,Great movie!,2024-03-09 19:59:15
REV_7173,US_9834,MV_7165,1.1,Could be better.,2024-08-28 10:49:17
REV_7174,US_8440,MV_4823,1.1,Could be better.,2025-01-01 17:44:03
REV_7175,US_8957,MV_6822,1.8,Great movie!,2024-03-07 11:31:18
REV_7176,US_7318,MV_5761,6.2,Great movie!,2024-10-24 10:40:29
REV_7177,US_8541,MV_3588,9.4,Could be better.,2024-12-26 01:42:35
REV_7178,US_3898,MV_3492,8.7,Great movie!,2024-04-28 14:25:50
REV_7179,US_5590,MV_8054,1.5,Could be better.,2024-04-21 14:50:25
REV_7180,US_7407,MV_7890,7.3,Great movie!,2025-09-21 02:50:04
REV_7181,US_7248,MV_718,8.3,Great movie!,2024-11-03 22:14:38
REV_7182,US_321,MV_532,9.1,Great movie!,2024-05-18 06:41:03
REV_7183,US_9433,MV_7172,7.7,Could be better.,2024-04-16 06:33:09
REV_7184,US_6828,MV_9427,5.9,Great movie!,2024-12-19 21:09:25
REV_7185,US_7551,MV_2320,4.2,Great movie!,2024-12-28 08:26:50
REV_7186,US_7874,MV_4023,4.8,Great movie!,2024-07-15 22:32:24
REV_7187,US_6611,MV_6106,8.9,Could be better.,2024-04-17 09:21:35
REV_7188,US_5456,MV_7686,5.2,Great movie!,2024-10-20 13:07:37
REV_7189,US_8321,MV_166,6.5,Great movie!,2025-05-20 05:22:47
REV_7190,US_6696,MV_1517,4.6,Great movie!,2024-03-21 16:15:27
REV_7192,US_1091,MV_5737,2.5,Could be better.,2025-03-19 13:02:09
REV_7193,US_1446,MV_1441,1.7,Great movie!,2025-10-23 18:16:53
REV_7194,US_5065,MV_4912,5.8,Great movie!,2025-08-25 04:12:02
REV_7195,US_585,MV_5202,4.0,Could be better.,2025-11-27 09:34:19
REV_7197,US_6375,MV_8127,2.1,Could be better.,2025-06-06 23:31:36
REV_7198,US_8037,MV_5575,2.0,Could be better.,2025-10-28 07:04:48
REV_7199,US_5590,MV_5796,6.4,Could be better.,2024-04-12 22:19:16
REV_7200,US_826,MV_4654,3.8,Great movie!,2025-11-02 10:02:54
REV_7201,US_2351,MV_4171,4.6,Great movie!,2024-10-25 18:56:19
REV_7202,US_2906,MV_6126,7.7,Could be better.,2025-04-23 00:14:35
REV_7203,US_5037,MV_3385,4.0,Great movie!,2025-07-19 11:21:22
REV_7204,US_1266,MV_8444,2.8,Great movie!,2024-08-28 03:25:15
REV_7205,US_1315,MV_2662,6.2,Could be better.,2025-07-04 12:10:27
REV_7206,US_108,MV_9248,2.2,Could be better.,2025-04-18 12:46:29
REV_7207,US_9548,MV_6386,2.9,Great movie!,2025-01-23 06:45:20
REV_7208,US_6301,MV_6727,2.3,Great movie!,2025-12-10 12:41:10
REV_7209,US_5412,MV_9188,3.0,Could be better.,2024-06-08 13:43:08
REV_7210,US_7318,MV_6850,1.7,Could be better.,2024-08-31 04:16:37
REV_7211,US_69,MV_4418,9.3,Could be better.,2025-12-17 10:09:13
REV_7212,US_425,MV_1316,5.1,Could be better.,2024-12-16 00:04:13
REV_7213,US_2801,MV_5705,8.8,Great movie!,2024-11-16 21:50:16
REV_7214,US_3758,MV_9757,2.6,Great movie!,2025-01-20 15:30:56
REV_7215,US_902,MV_9761,3.8,Could be better.,2024-12-25 11:26:58
REV_7216,US_9010,MV_2303,9.0,Great movie!,2025-11-19 19:29:25
REV_7217,US_3151,MV_2213,9.4,Great movie!,2025-01-19 11:36:54
REV_7218,US_159,MV_5096,5.8,Great movie!,2025-11-12 16:54:34
REV_7219,US_2026,MV_4684,1.4,Great movie!,2024-01-15 11:32:51
REV_7220,US_1433,MV_1954,6.0,Great movie!,2024-11-10 05:24:29
REV_7221,US_968,MV_8276,1.1,Great movie!,2024-02-11 14:29:45
REV_7222,US_3918,MV_2481,10.0,Great movie!,2024-06-18 23:36:12
REV_7223,US_1685,MV_5548,6.8,Great movie!,2025-08-26 16:10:09
REV_7224,US_6819,MV_3887,8.1,Could be better.,2025-05-23 19:27:45
REV_7225,US_4691,MV_4087,6.6,Could be better.,2025-05-12 15:32:57
REV_7226,US_31,MV_1567,2.7,Great movie!,2025-07-16 16:33:09
REV_7227,US_8161,MV_6998,2.3,Could be better.,2025-08-19 02:01:09
REV_7228,US_2,MV_9099,1.4,Great movie!,2024-03-12 20:12:50
REV_7229,US_9943,MV_1407,2.4,Could be better.,2024-03-31 07:20:48
REV_7230,US_7405,MV_5695,2.0,Great movie!,2024-06-30 21:31:07
REV_7231,US_889,MV_6980,5.5,Great movie!,2024-04-11 12:05:33
REV_7232,US_4962,MV_3748,8.8,Great movie!,2024-12-14 16:42:13
REV_7233,US_2292,MV_6578,7.0,Great movie!,2024-05-20 02:06:30
REV_7234,US_6911,MV_9980,3.4,Great movie!,2024-05-14 19:23:57
REV_7235,US_5545,MV_8575,7.3,Could be better.,2025-07-26 10:52:43
REV_7236,US_643,MV_7671,6.5,Great movie!,2025-03-29 16:26:55
REV_7237,US_4907,MV_1373,4.0,Could be better.,2024-06-24 07:25:30
REV_7238,US_4882,MV_3575,9.0,Could be better.,2025-02-02 23:56:05
REV_7239,US_8863,MV_9928,8.3,Great movie!,2025-06-06 06:56:49
REV_7240,US_8600,MV_5165,7.6,Great movie!,2025-02-17 11:13:35
REV_7241,US_7649,MV_3925,5.6,Could be better.,2024-02-06 07:24:35
REV_7242,US_8709,MV_3987,2.2,Could be better.,2024-01-17 09:37:51
REV_7243,US_1137,MV_9029,1.2,Great movie!,2025-04-12 21:32:59
REV_7244,US_5662,MV_7737,2.3,Could be better.,2025-02-12 08:24:46
REV_7245,US_5863,MV_5478,6.8,Could be better.,2024-07-01 18:59:12
REV_7246,US_3207,MV_9499,2.7,Great movie!,2024-12-18 21:39:52
REV_7247,US_7128,MV_2976,1.6,Could be better.,2024-05-21 21:08:31
REV_7248,US_1578,MV_7986,5.6,Great movie!,2024-01-22 11:52:02
REV_7249,US_5060,MV_1726,8.4,Could be better.,2024-08-16 06:13:24
REV_7250,US_3304,MV_7221,7.9,Could be better.,2025-01-17 16:47:35
REV_7252,US_9877,MV_2595,5.7,Great movie!,2024-07-06 20:21:18
REV_7253,US_2746,MV_948,2.6,Great movie!,2024-06-16 02:52:59
REV_7254,US_6869,MV_6666,5.5,Great movie!,2024-12-15 18:08:34
REV_7255,US_5372,MV_5480,2.7,Great movie!,2025-06-05 10:34:39
REV_7256,US_2838,MV_7993,1.2,Great movie!,2025-04-14 22:40:41
REV_7257,US_3317,MV_9558,6.2,Could be better.,2025-07-08 09:10:42
REV_7258,US_6965,MV_7582,7.5,Could be better.,2024-12-19 08:33:44
REV_7259,US_1921,MV_6094,9.3,Could be better.,2025-07-09 07:29:59
REV_7260,US_216,MV_6226,6.7,Great movie!,2024-10-01 23:22:51
REV_7261,US_3344,MV_9844,2.8,Could be better.,2024-11-19 00:29:02
REV_7262,US_1941,MV_7201,5.6,Great movie!,2024-11-19 11:30:56
REV_7263,US_4789,MV_3496,3.8,Could be better.,2025-01-09 13:08:40
REV_7264,US_6954,MV_2227,2.6,Could be better.,2025-12-08 16:35:09
REV_7265,US_5656,MV_8596,9.5,Could be better.,2025-03-10 17:18:09
REV_7266,US_8263,MV_4579,7.6,Great movie!,2025-08-27 00:56:16
REV_7267,US_1832,MV_517,5.7,Great movie!,2024-03-27 20:54:59
REV_7268,US_8494,MV_488,5.3,Great movie!,2025-01-27 16:50:16
REV_7269,US_9554,MV_3300,9.9,Could be better.,2024-02-07 16:18:18
REV_7270,US_43,MV_5516,7.2,Could be better.,2025-09-09 03:02:23
REV_7271,US_3451,MV_1318,5.9,Could be better.,2025-08-18 12:20:23
REV_7272,US_3484,MV_1390,6.3,Could be better.,2025-01-12 05:04:09
REV_7273,US_218,MV_8623,1.1,Could be better.,2024-07-27 07:37:07
REV_7274,US_2873,MV_144,4.5,Great movie!,2025-06-11 07:41:42
REV_7275,US_9901,MV_709,1.7,Great movie!,2025-03-13 20:43:59
REV_7276,US_3582,MV_9672,9.0,Great movie!,2025-03-07 01:50:02
REV_7277,US_6343,MV_836,9.7,Could be better.,2024-06-20 04:45:32
REV_7278,US_6329,MV_4750,3.2,Great movie!,2025-02-08 08:29:01
REV_7279,US_4603,MV_3130,8.5,Great movie!,2024-07-23 12:55:50
REV_7280,US_52,MV_8188,1.6,Could be better.,2025-07-03 12:46:27
REV_7281,US_5880,MV_7001,5.5,Could be better.,2025-11-21 11:11:25
REV_7282,US_4403,MV_5575,3.2,Could be better.,2024-09-18 07:30:47
REV_7283,US_454,MV_7021,7.5,Great movie!,2025-08-16 23:39:20
REV_7284,US_4073,MV_7023,3.1,Could be better.,2025-07-02 11:46:19
REV_7285,US_1952,MV_8976,7.3,Great movie!,2024-01-31 15:54:59
REV_7286,US_8164,MV_3829,4.7,Could be better.,2025-02-04 01:54:08
REV_7287,US_2556,MV_2855,9.0,Great movie!,2024-06-02 10:54:44
REV_7288,US_5158,MV_583,2.8,Could be better.,2025-03-28 04:38:01
REV_7289,US_2099,MV_265,5.7,Great movie!,2025-09-09 15:31:16
REV_7290,US_9411,MV_7785,2.3,Could be better.,2025-05-19 14:25:56
REV_7292,US_5908,MV_9436,9.4,Could be better.,2024-11-15 20:59:36
REV_7293,US_2994,MV_6568,5.3,Could be better.,2025-01-01 22:16:33
REV_7294,US_8658,MV_9716,6.8,Could be better.,2025-10-04 09:07:57
REV_7295,US_443,MV_3080,5.0,Could be better.,2024-02-21 12:25:49
REV_7296,US_8749,MV_2702,5.3,Could be better.,2025-09-04 10:49:11
REV_7297,US_3291,MV_2877,9.5,Great movie!,2024-03-02 14:25:28
REV_7298,US_4754,MV_8753,2.7,Great movie!,2025-09-13 15:19:27
REV_7299,US_6252,MV_6748,1.2,Great movie!,2024-12-30 19:24:35
REV_7300,US_9618,MV_3461,5.0,Great movie!,2025-06-19 19:48:15
REV_7301,US_9079,MV_3604,3.1,Great movie!,2024-03-12 03:58:20
REV_7302,US_718,MV_9816,10.0,Great movie!,2025-05-28 09:31:28
REV_7303,US_6019,MV_1521,4.0,Could be better.,2024-07-02 17:59:29
REV_7304,US_7619,MV_9475,3.0,Great movie!,2024-04-16 09:36:26
REV_7305,US_9767,MV_1051,5.6,Great movie!,2025-01-30 10:25:03
REV_7307,US_1096,MV_4192,9.7,Great movie!,2024-06-07 09:33:29
REV_7308,US_2206,MV_9605,4.4,Great movie!,2025-12-21 23:00:23
REV_7309,US_6453,MV_6082,7.8,Could be better.,2024-09-12 19:41:47
REV_7310,US_5116,MV_105,2.2,Great movie!,2024-10-05 07:06:13
REV_7311,US_2913,MV_5472,4.5,Could be better.,2025-02-15 00:07:33
REV_7312,US_8630,MV_5587,2.0,Great movie!,2025-09-04 15:51:23
REV_7313,US_2353,MV_2155,3.0,Great movie!,2024-08-17 17:27:04
REV_7314,US_9901,MV_6295,8.6,Could be better.,2025-11-24 22:14:24
REV_7315,US_2500,MV_287,5.4,Great movie!,2024-06-19 17:34:59
REV_7316,US_170,MV_1726,8.2,Great movie!,2025-02-12 19:30:37
REV_7317,US_8879,MV_3024,3.5,Could be better.,2024-05-04 21:20:33
REV_7318,US_7666,MV_982,5.4,Could be better.,2024-08-18 06:48:46
REV_7319,US_3993,MV_5156,8.0,Could be better.,2025-07-30 14:21:16
REV_7320,US_6346,MV_7537,5.3,Could be better.,2025-04-26 16:15:37
REV_7321,US_2224,MV_1905,5.5,Great movie!,2025-10-01 22:52:54
REV_7323,US_423,MV_8863,3.2,Could be better.,2024-05-02 07:30:10
REV_7324,US_6951,MV_1467,3.9,Could be better.,2025-03-01 03:18:12
REV_7325,US_9070,MV_7453,3.2,Great movie!,2025-08-11 19:17:09
REV_7326,US_1271,MV_9700,1.2,Could be better.,2025-04-12 22:45:12
REV_7327,US_7794,MV_1072,4.7,Could be better.,2025-11-07 08:22:26
REV_7328,US_3612,MV_1562,4.9,Could be better.,2024-06-20 02:51:34
REV_7329,US_6650,MV_2303,1.6,Could be better.,2025-06-14 23:20:02
REV_7330,US_4005,MV_8969,9.5,Could be better.,2025-10-03 16:16:29
REV_7331,US_2419,MV_2899,9.2,Great movie!,2025-01-24 00:33:55
REV_7332,US_6402,MV_7393,8.5,Great movie!,2025-10-26 18:35:46
REV_7333,US_690,MV_7983,7.5,Great movie!,2025-05-04 13:26:59
REV_7334,US_1146,MV_9697,5.7,Great movie!,2024-07-18 06:26:59
REV_7335,US_1897,MV_2256,8.1,Great movie!,2024-07-07 15:53:33
REV_7336,US_433,MV_9,9.3,Great movie!,2024-09-13 03:24:46
REV_7337,US_5806,MV_491,5.3,Great movie!,2025-11-12 20:51:16
REV_7338,US_5192,MV_6716,7.8,Great movie!,2025-07-23 15:37:56
REV_7339,US_6406,MV_2433,9.8,Could be better.,2024-04-29 22:01:21
REV_7340,US_9651,MV_4449,5.1,Could be better.,2024-11-26 04:56:07
REV_7341,US_7603,MV_9045,3.7,Great movie!,2024-02-26 07:58:48
REV_7342,US_6641,MV_9427,5.6,Great movie!,2025-03-23 04:08:16
REV_7343,US_8442,MV_9762,7.2,Could be better.,2024-02-15 22:12:02
REV_7344,US_1620,MV_107,4.7,Could be better.,2025-03-09 09:35:24
REV_7345,US_4543,MV_5535,5.8,Great movie!,2025-12-24 13:49:35
REV_7346,US_4755,MV_966,3.1,Could be better.,2025-06-24 10:36:48
REV_7347,US_1739,MV_8235,9.1,Great movie!,2025-06-14 12:48:00
REV_7348,US_5764,MV_7675,9.3,Could be better.,2025-01-29 13:32:07
REV_7349,US_6306,MV_7111,4.8,Great movie!,2025-04-04 15:19:40
REV_7350,US_4874,MV_2458,3.8,Great movie!,2024-12-14 23:07:02
REV_7351,US_4946,MV_8310,6.7,Great movie!,2025-08-23 14:39:01
REV_7352,US_124,MV_654,3.9,Great movie!,2025-08-02 12:03:02
REV_7353,US_457,MV_9135,8.1,Could be better.,2024-09-01 19:48:47
REV_7354,US_7480,MV_8987,1.4,Could be better.,2025-12-10 23:32:04
REV_7355,US_2942,MV_3855,2.4,Could be better.,2024-06-28 08:05:52
REV_7356,US_9817,MV_8433,7.5,Could be better.,2025-11-02 16:00:56
REV_7357,US_8082,MV_8585,7.7,Great movie!,2024-02-27 16:45:59
REV_7358,US_7821,MV_2171,6.7,Could be better.,2025-01-01 20:44:38
REV_7359,US_4172,MV_7973,2.7,Great movie!,2025-09-09 02:49:53
REV_7360,US_2437,MV_1848,2.2,Could be better.,2025-09-14 19:22:06
REV_7361,US_3926,MV_5140,5.1,Great movie!,2024-05-18 15:39:15
REV_7362,US_5805,MV_8352,9.5,Great movie!,2024-08-27 01:51:48
REV_7363,US_1873,MV_8967,6.7,Could be better.,2025-06-29 14:01:22
REV_7365,US_5552,MV_3423,9.5,Great movie!,2025-04-28 00:18:05
REV_7366,US_9332,MV_9895,2.8,Could be better.,2025-04-26 03:52:07
REV_7368,US_9432,MV_9923,7.0,Great movie!,2025-07-10 07:04:56
REV_7369,US_2880,MV_2212,8.1,Could be better.,2025-03-14 03:24:39
REV_7370,US_8019,MV_8466,9.8,Great movie!,2025-09-16 05:21:25
REV_7371,US_4538,MV_6399,1.5,Great movie!,2024-10-19 06:54:32
REV_7373,US_4790,MV_3495,4.6,Great movie!,2024-05-22 21:56:01
REV_7374,US_9888,MV_792,6.2,Could be better.,2024-12-11 19:51:29
REV_7376,US_6891,MV_9228,4.2,Could be better.,2025-06-05 12:27:03
REV_7377,US_9866,MV_1405,6.7,Great movie!,2025-02-17 15:26:28
REV_7378,US_6381,MV_2993,4.7,Great movie!,2025-11-15 21:49:29
REV_7379,US_7451,MV_984,4.1,Great movie!,2025-05-14 07:12:16
REV_7380,US_2147,MV_4814,4.8,Could be better.,2024-01-06 02:45:43
REV_7381,US_7222,MV_3011,3.5,Great movie!,2024-03-06 19:26:51
REV_7382,US_4421,MV_4875,1.5,Could be better.,2025-05-01 20:18:57
REV_7384,US_4414,MV_8560,4.2,Could be better.,2025-03-07 08:44:03
REV_7386,US_1732,MV_4348,8.0,Great movie!,2025-05-23 02:08:10
REV_7387,US_9767,MV_3183,9.1,Could be better.,2024-03-31 15:52:25
REV_7388,US_1900,MV_1998,6.5,Could be better.,2024-06-26 16:07:00
REV_7389,US_7281,MV_2535,5.7,Great movie!,2024-06-25 12:50:22
REV_7390,US_8371,MV_3684,8.7,Great movie!,2025-04-22 19:47:00
REV_7391,US_5053,MV_754,8.9,Could be better.,2024-08-30 15:20:23
REV_7392,US_9946,MV_3964,5.7,Great movie!,2024-10-20 21:53:01
REV_7393,US_2623,MV_8659,6.3,Great movie!,2025-03-16 16:34:19
REV_7394,US_8248,MV_5708,3.6,Great movie!,2025-11-03 02:21:47
REV_7395,US_5388,MV_8328,2.1,Could be better.,2024-11-08 13:58:30
REV_7396,US_7943,MV_8840,2.0,Could be better.,2024-06-14 15:46:26
REV_7397,US_4415,MV_5628,4.9,Great movie!,2024-01-01 05:20:22
REV_7398,US_2006,MV_5965,4.0,Could be better.,2024-03-11 01:29:17
REV_7399,US_9048,MV_9399,7.8,Great movie!,2024-01-26 01:55:26
REV_7400,US_4801,MV_5927,2.6,Great movie!,2025-09-26 15:53:11
REV_7401,US_6779,MV_3730,7.1,Could be better.,2025-09-18 00:14:26
REV_7402,US_2558,MV_3754,7.7,Could be better.,2025-09-26 02:59:36
REV_7403,US_2490,MV_5113,5.2,Great movie!,2025-07-13 11:02:02
REV_7404,US_2668,MV_3168,4.8,Could be better.,2025-02-23 10:12:52
REV_7405,US_5949,MV_3907,3.2,Could be better.,2024-11-14 00:19:38
REV_7406,US_108,MV_5773,9.0,Great movie!,2024-11-16 23:57:21
REV_7407,US_7346,MV_7897,2.0,Could be better.,2024-12-28 03:11:11
REV_7408,US_3333,MV_9474,8.9,Could be better.,2025-06-29 08:40:22
REV_7409,US_6546,MV_5929,2.9,Great movie!,2024-10-17 12:35:52
REV_7410,US_2231,MV_749,7.5,Could be better.,2024-05-17 05:18:48
REV_7411,US_2083,MV_9101,3.0,Could be better.,2025-04-04 06:34:59
REV_7412,US_850,MV_3308,1.0,Great movie!,2025-09-27 16:13:56
REV_7413,US_2375,MV_4422,1.5,Could be better.,2024-04-08 16:44:33
REV_7414,US_248,MV_7333,3.9,Great movie!,2024-01-10 06:27:06
REV_7415,US_8141,MV_7144,8.9,Great movie!,2025-04-30 10:55:44
REV_7417,US_6621,MV_4061,8.8,Could be better.,2025-08-22 13:01:13
REV_7419,US_4755,MV_357,7.4,Could be better.,2025-08-12 02:10:21
REV_7420,US_4813,MV_7895,9.6,Great movie!,2025-06-05 09:32:23
REV_7421,US_5623,MV_8033,8.8,Great movie!,2024-01-04 13:43:23
REV_7423,US_6188,MV_8437,9.8,Great movie!,2025-12-06 02:14:51
REV_7424,US_5721,MV_1500,7.4,Great movie!,2024-10-31 13:04:26
REV_7425,US_6742,MV_1993,4.2,Great movie!,2024-01-08 10:11:00
REV_7426,US_1345,MV_1580,3.4,Could be better.,2024-12-08 19:15:16
REV_7427,US_330,MV_280,2.9,Great movie!,2024-09-21 12:59:16
REV_7428,US_4236,MV_9788,8.5,Could be better.,2025-04-05 02:59:50
REV_7429,US_5927,MV_1955,5.5,Could be better.,2025-01-11 11:06:46
REV_7430,US_5693,MV_643,8.6,Great movie!,2025-06-12 05:46:45
REV_7431,US_772,MV_1760,2.0,Could be better.,2025-04-25 03:19:42
REV_7432,US_1021,MV_3873,5.2,Could be better.,2025-09-25 10:34:34
REV_7433,US_2000,MV_5448,6.0,Could be better.,2025-09-04 03:08:27
REV_7434,US_6363,MV_3491,8.9,Great movie!,2025-03-13 13:06:03
REV_7435,US_9952,MV_9811,1.1,Great movie!,2024-03-03 03:19:07
REV_7436,US_2388,MV_3198,4.5,Great movie!,2025-07-14 13:37:17
REV_7437,US_8986,MV_1316,5.6,Could be better.,2025-05-05 02:26:02
REV_7438,US_7362,MV_3668,1.7,Great movie!,2025-10-29 06:52:42
REV_7439,US_6441,MV_9385,3.3,Could be better.,2025-10-04 12:55:17
REV_7440,US_5854,MV_7236,8.1,Great movie!,2025-05-16 05:20:55
REV_7441,US_9764,MV_9982,7.6,Could be better.,2025-09-17 15:52:08
REV_7442,US_8062,MV_4569,7.8,Great movie!,2024-05-11 21:15:31
REV_7443,US_4155,MV_8073,5.1,Could be better.,2025-02-21 03:54:22
REV_7445,US_6223,MV_3535,2.7,Could be better.,2024-04-08 03:39:28
REV_7446,US_6334,MV_9645,1.6,Could be better.,2025-05-04 22:55:48
REV_7447,US_9541,MV_9631,8.5,Great movie!,2025-10-11 09:38:55
REV_7449,US_6726,MV_4305,6.0,Great movie!,2025-09-10 20:36:12
REV_7450,US_2885,MV_2288,7.5,Could be better.,2025-10-06 21:17:07
REV_7451,US_229,MV_1265,6.1,Great movie!,2025-02-08 18:07:00
REV_7452,US_4939,MV_2886,2.8,Could be better.,2024-10-01 11:09:21
REV_7453,US_2673,MV_9380,1.9,Great movie!,2025-05-15 01:57:44
REV_7454,US_1496,MV_5305,3.6,Could be better.,2024-06-08 11:57:51
REV_7455,US_8311,MV_1830,7.8,Great movie!,2025-11-05 10:03:44
REV_7456,US_8819,MV_8837,5.9,Could be better.,2024-04-28 03:29:59
REV_7457,US_7313,MV_4189,1.1,Great movie!,2025-01-21 13:51:41
REV_7458,US_1257,MV_8660,2.6,Great movie!,2024-02-27 22:53:24
REV_7459,US_3295,MV_8115,8.2,Could be better.,2024-03-11 07:27:20
REV_7460,US_7630,MV_6870,1.4,Could be better.,2025-11-04 21:47:37
REV_7461,US_2052,MV_3653,8.8,Could be better.,2025-03-13 09:34:32
REV_7462,US_3344,MV_9476,5.9,Great movie!,2024-12-14 13:56:32
REV_7463,US_3966,MV_1382,4.1,Great movie!,2024-10-21 12:18:21
REV_7464,US_8603,MV_8577,1.6,Could be better.,2025-06-27 08:37:11
REV_7466,US_4863,MV_6066,9.3,Could be better.,2024-02-15 05:48:21
REV_7467,US_2017,MV_6977,1.8,Could be better.,2025-01-05 22:22:55
REV_7468,US_8876,MV_8133,2.2,Great movie!,2025-12-01 09:35:20
REV_7469,US_870,MV_1244,9.3,Could be better.,2024-07-08 14:08:54
REV_7470,US_5986,MV_8687,9.0,Great movie!,2025-03-15 20:29:22
REV_7471,US_1416,MV_1156,2.9,Could be better.,2024-08-10 19:57:42
REV_7472,US_4369,MV_9828,7.6,Could be better.,2024-08-29 03:11:57
REV_7473,US_4851,MV_1749,9.8,Great movie!,2025-01-16 17:36:20
REV_7474,US_3733,MV_1392,1.6,Could be better.,2024-10-29 19:04:38
REV_7475,US_631,MV_1200,2.1,Great movie!,2024-10-23 22:33:12
REV_7476,US_7720,MV_9497,2.4,Could be better.,2024-07-28 20:16:25
REV_7477,US_5082,MV_2799,7.9,Great movie!,2025-01-10 20:38:05
REV_7478,US_1023,MV_1692,4.3,Could be better.,2025-02-23 16:06:09
REV_7479,US_7327,MV_6041,3.8,Could be better.,2025-05-20 21:23:13
REV_7480,US_2256,MV_2780,4.0,Could be better.,2025-09-24 21:12:53
REV_7481,US_6299,MV_953,2.9,Great movie!,2025-08-25 06:15:03
REV_7482,US_1141,MV_8539,9.9,Great movie!,2024-10-17 21:58:29
REV_7483,US_6161,MV_7683,2.6,Could be better.,2024-06-27 04:03:57
REV_7484,US_2217,MV_8107,1.5,Great movie!,2024-04-01 07:46:39
REV_7485,US_2240,MV_9558,3.2,Great movie!,2025-07-31 15:20:48
REV_7486,US_844,MV_7135,2.5,Could be better.,2024-09-30 21:29:18
REV_7487,US_249,MV_6696,8.7,Could be better.,2025-01-08 22:49:02
REV_7488,US_5679,MV_8290,4.5,Could be better.,2025-01-26 04:32:13
REV_7489,US_4218,MV_1452,4.7,Great movie!,2025-03-06 02:54:02
REV_7490,US_8512,MV_4166,3.5,Great movie!,2024-11-02 17:03:44
REV_7491,US_6844,MV_6231,5.4,Great movie!,2025-08-03 14:40:29
REV_7492,US_5984,MV_8478,8.0,Could be better.,2025-05-19 04:15:06
REV_7494,US_3817,MV_946,9.5,Could be better.,2024-09-06 18:34:07
REV_7495,US_4286,MV_447,4.1,Great movie!,2025-07-24 05:32:47
REV_7496,US_1825,MV_9122,8.7,Great movie!,2024-12-13 15:59:31
REV_7498,US_5004,MV_7906,7.4,Great movie!,2025-09-14 17:24:20
REV_7499,US_3665,MV_5308,2.0,Could be better.,2024-07-13 16:55:05
REV_7500,US_3113,MV_2412,6.7,Could be better.,2025-04-27 02:12:43
REV_7501,US_2447,MV_7804,2.4,Could be better.,2025-12-05 13:42:21
REV_7502,US_4959,MV_436,2.4,Great movie!,2024-08-09 17:20:16
REV_7503,US_4938,MV_9363,8.9,Could be better.,2025-08-29 17:01:09
REV_7504,US_2562,MV_3186,3.9,Could be better.,2024-02-21 23:50:49
REV_7505,US_6985,MV_5472,8.7,Could be better.,2025-10-23 18:15:54
REV_7506,US_7407,MV_9388,1.7,Could be better.,2025-02-19 01:58:15
REV_7507,US_3457,MV_2676,4.4,Great movie!,2024-02-07 14:04:33
REV_7508,US_1525,MV_5887,8.2,Great movie!,2024-10-12 18:55:08
REV_7509,US_2366,MV_1220,3.2,Could be better.,2025-09-07 11:42:22
REV_7510,US_77,MV_7912,3.4,Great movie!,2024-02-01 08:37:29
REV_7511,US_6388,MV_4921,3.8,Great movie!,2025-10-07 09:09:24
REV_7512,US_8263,MV_316,4.7,Great movie!,2025-01-29 02:23:46
REV_7513,US_6099,MV_8950,3.4,Could be better.,2025-08-14 10:08:55
REV_7514,US_1062,MV_9239,4.6,Great movie!,2025-08-03 10:37:40
REV_7515,US_7749,MV_3345,2.4,Great movie!,2025-08-25 05:53:05
REV_7516,US_8455,MV_25,2.3,Could be better.,2024-10-19 16:38:11
REV_7518,US_8281,MV_7307,2.0,Could be better.,2024-03-11 19:40:35
REV_7519,US_6141,MV_6462,9.8,Great movie!,2025-07-15 14:25:55
REV_7520,US_2151,MV_7636,1.3,Could be better.,2025-03-27 15:01:43
REV_7521,US_1360,MV_7162,1.6,Great movie!,2024-05-29 01:12:59
REV_7522,US_2401,MV_6270,8.0,Could be better.,2025-06-10 02:57:23
REV_7523,US_3222,MV_6709,9.1,Great movie!,2025-03-17 08:39:00
REV_7524,US_2232,MV_7954,9.3,Could be better.,2024-07-22 17:52:17
REV_7525,US_1112,MV_399,8.0,Could be better.,2025-04-29 23:33:13
REV_7527,US_741,MV_4624,2.0,Could be better.,2024-06-03 20:03:44
REV_7528,US_5915,MV_1285,1.1,Great movie!,2025-11-06 04:14:25
REV_7529,US_4307,MV_7545,8.3,Great movie!,2025-07-04 19:28:39
REV_7531,US_2663,MV_2743,3.3,Great movie!,2025-08-01 22:55:31
REV_7532,US_7359,MV_7857,9.2,Could be better.,2024-08-29 19:52:29
REV_7533,US_6203,MV_6663,6.7,Great movie!,2025-09-08 23:39:32
REV_7534,US_2505,MV_8763,3.3,Great movie!,2024-09-22 13:16:49
REV_7535,US_5536,MV_1598,3.5,Could be better.,2025-11-17 01:41:03
REV_7536,US_9108,MV_4865,2.0,Great movie!,2025-11-01 16:09:40
REV_7537,US_7520,MV_9483,3.3,Great movie!,2024-11-01 20:48:21
REV_7538,US_2088,MV_7975,6.7,Could be better.,2024-10-03 00:58:10
REV_7539,US_3763,MV_4353,8.7,Could be better.,2025-08-22 17:22:46
REV_7540,US_2319,MV_8018,1.6,Great movie!,2024-05-23 03:35:30
REV_7541,US_800,MV_2900,9.4,Great movie!,2025-09-06 13:41:59
REV_7542,US_751,MV_296,8.8,Great movie!,2025-10-08 14:10:17
REV_7543,US_739,MV_906,3.9,Great movie!,2025-08-26 14:44:54
REV_7544,US_65,MV_7592,9.6,Could be better.,2024-05-18 22:53:35
REV_7545,US_1884,MV_3727,9.8,Could be better.,2024-12-27 00:19:52
REV_7546,US_7576,MV_4774,3.2,Great movie!,2024-09-30 07:16:20
REV_7547,US_5469,MV_3944,8.8,Could be better.,2024-07-16 03:44:40
REV_7548,US_2011,MV_9201,9.5,Great movie!,2025-05-23 07:46:08
REV_7549,US_7413,MV_7402,8.4,Great movie!,2025-03-17 18:21:31
REV_7550,US_8879,MV_8864,9.0,Great movie!,2024-05-14 08:21:39
REV_7551,US_9798,MV_5094,4.4,Could be better.,2025-04-21 09:39:03
REV_7552,US_4057,MV_4860,5.0,Could be better.,2025-01-12 16:38:57
REV_7554,US_9124,MV_5739,6.6,Great movie!,2024-10-19 01:31:59
REV_7555,US_9321,MV_4002,3.8,Great movie!,2024-06-13 18:49:39
REV_7556,US_3967,MV_2817,6.6,Great movie!,2025-04-20 22:17:57
REV_7557,US_106,MV_1300,6.4,Could be better.,2024-08-08 16:02:58
REV_7559,US_109,MV_7631,8.2,Great movie!,2024-12-11 02:35:54
REV_7560,US_5163,MV_7942,1.5,Could be better.,2025-04-05 09:45:40
REV_7561,US_1729,MV_9866,5.0,Could be better.,2025-12-12 03:58:03
REV_7562,US_1932,MV_1576,6.5,Great movie!,2025-05-15 16:50:44
REV_7563,US_1125,MV_3279,5.8,Great movie!,2025-09-29 06:40:49
REV_7564,US_5343,MV_4290,1.5,Great movie!,2025-07-11 23:37:08
REV_7565,US_316,MV_8850,5.8,Great movie!,2024-12-12 07:32:35
REV_7566,US_1463,MV_2801,6.8,Could be better.,2024-01-12 18:45:35
REV_7567,US_6444,MV_8204,3.2,Could be better.,2025-09-15 11:21:06
REV_7568,US_2056,MV_2301,9.6,Could be better.,2024-10-16 03:04:23
REV_7569,US_1410,MV_5755,7.8,Could be better.,2025-08-16 22:31:24
REV_7570,US_2629,MV_6212,9.1,Could be better.,2024-12-08 07:42:08
REV_7571,US_4882,MV_5190,7.4,Great movie!,2025-04-01 00:04:43
REV_7572,US_8780,MV_4711,4.5,Great movie!,2025-06-22 13:43:45
REV_7573,US_6513,MV_4088,7.3,Could be better.,2025-04-01 22:37:01
REV_7574,US_4174,MV_5238,4.8,Could be better.,2024-09-14 19:42:23
REV_7575,US_5882,MV_9746,3.6,Could be better.,2024-01-09 18:12:50
REV_7576,US_1560,MV_5088,5.6,Could be better.,2024-12-31 03:59:23
REV_7577,US_4795,MV_6805,1.8,Could be better.,2024-11-13 14:36:30
REV_7578,US_3635,MV_8187,5.4,Great movie!,2025-07-04 12:28:31
REV_7579,US_6742,MV_3461,6.8,Could be better.,2024-07-06 19:09:48
REV_7580,US_8729,MV_9440,7.6,Could be better.,2025-07-24 08:18:26
REV_7581,US_242,MV_8170,5.8,Could be better.,2025-05-17 14:58:36
REV_7582,US_8618,MV_4915,4.2,Great movie!,2024-08-15 21:36:30
REV_7583,US_6810,MV_280,6.8,Great movie!,2025-03-31 19:21:39
REV_7584,US_5281,MV_8002,2.1,Could be better.,2024-04-11 03:01:30
REV_7585,US_7984,MV_8768,2.9,Could be better.,2025-02-17 16:13:32
REV_7586,US_6599,MV_3509,3.8,Could be better.,2025-01-29 08:22:19
REV_7587,US_9341,MV_5896,7.3,Great movie!,2025-07-22 11:16:48
REV_7588,US_2271,MV_4255,7.8,Great movie!,2025-02-18 09:48:21
REV_7589,US_79,MV_2809,4.1,Could be better.,2025-10-02 12:59:53
REV_7590,US_4649,MV_6265,5.4,Great movie!,2024-12-15 13:55:47
REV_7591,US_1093,MV_9682,3.8,Could be better.,2024-10-07 14:36:20
REV_7592,US_3532,MV_8241,5.3,Could be better.,2025-09-24 15:25:51
REV_7594,US_5845,MV_941,8.8,Great movie!,2024-07-23 07:50:23
REV_7596,US_4937,MV_1720,1.3,Great movie!,2025-02-05 13:44:28
REV_7597,US_4292,MV_7558,6.0,Great movie!,2024-11-10 07:45:29
REV_7598,US_4776,MV_5301,6.0,Could be better.,2024-05-02 04:02:29
REV_7599,US_2050,MV_6020,8.9,Could be better.,2024-03-05 22:19:18
REV_7600,US_576,MV_66,6.5,Great movie!,2024-05-16 23:27:13
REV_7601,US_6947,MV_702,5.4,Could be better.,2025-04-01 16:19:09
REV_7602,US_533,MV_1279,6.2,Great movie!,2024-11-23 20:22:11
REV_7603,US_4191,MV_6075,2.6,Could be better.,2024-05-17 20:20:43
REV_7604,US_3762,MV_9901,6.7,Great movie!,2025-01-21 17:53:36
REV_7605,US_275,MV_777,3.0,Great movie!,2024-09-06 09:13:10
REV_7606,US_203,MV_5477,9.8,Could be better.,2025-05-22 01:16:40
REV_7607,US_3672,MV_9814,4.7,Great movie!,2025-11-17 22:59:33
REV_7608,US_1265,MV_9911,4.8,Could be better.,2025-03-30 02:10:34
REV_7609,US_4544,MV_3573,6.5,Great movie!,2024-04-19 11:38:38
REV_7610,US_5375,MV_4644,1.5,Great movie!,2024-07-17 14:03:24
REV_7611,US_7312,MV_210,2.9,Could be better.,2024-08-18 07:07:02
REV_7612,US_3484,MV_4003,5.6,Could be better.,2024-12-22 13:42:40
REV_7613,US_642,MV_6781,6.8,Could be better.,2024-10-17 21:30:13
REV_7614,US_223,MV_7519,4.2,Could be better.,2024-12-27 12:15:15
REV_7615,US_5548,MV_6028,1.3,Could be better.,2025-08-16 18:51:48
REV_7616,US_3826,MV_6108,7.2,Could be better.,2024-09-15 11:14:20
REV_7617,US_4557,MV_7742,4.8,Could be better.,2025-01-26 16:05:48
REV_7618,US_6339,MV_4781,4.2,Great movie!,2025-09-26 17:32:20
REV_7619,US_9550,MV_2460,8.8,Great movie!,2024-07-18 22:10:20
REV_7620,US_7192,MV_8032,2.9,Could be better.,2025-04-12 03:50:18
REV_7621,US_5585,MV_6055,4.4,Could be better.,2024-09-15 04:53:14
REV_7622,US_2086,MV_6743,9.5,Great movie!,2024-03-04 13:04:25
REV_7623,US_1302,MV_9148,7.1,Great movie!,2025-04-27 21:24:36
REV_7625,US_7399,MV_4235,9.9,Great movie!,2025-10-19 23:08:42
REV_7626,US_2125,MV_3903,4.6,Could be better.,2024-07-06 22:28:32
REV_7627,US_3938,MV_7711,9.7,Great movie!,2024-01-20 09:49:50
REV_7628,US_8017,MV_2022,4.0,Great movie!,2024-11-21 04:58:08
REV_7629,US_3142,MV_6831,9.6,Could be better.,2024-12-19 21:17:07
REV_7630,US_7621,MV_2772,7.2,Great movie!,2025-10-19 19:47:52
REV_7631,US_7199,MV_5549,4.2,Great movie!,2024-08-17 00:05:10
REV_7632,US_2891,MV_892,1.9,Great movie!,2024-10-29 04:44:12
REV_7633,US_1999,MV_1221,1.1,Could be better.,2024-01-20 06:48:21
REV_7634,US_5487,MV_960,2.6,Great movie!,2025-10-02 02:16:31
REV_7635,US_4163,MV_7844,2.6,Great movie!,2024-11-11 12:29:31
REV_7636,US_5501,MV_6048,1.1,Could be better.,2025-05-12 04:03:48
REV_7637,US_6172,MV_3846,4.3,Great movie!,2024-12-13 22:18:23
REV_7638,US_1984,MV_7409,4.8,Could be better.,2024-03-08 17:56:28
REV_7639,US_2824,MV_2144,4.1,Great movie!,2024-04-23 08:21:42
REV_7640,US_632,MV_9137,6.7,Great movie!,2025-02-09 14:39:05
REV_7641,US_7542,MV_1287,8.6,Could be better.,2025-06-21 10:23:45
REV_7642,US_1146,MV_6639,5.0,Could be better.,2025-11-16 19:39:29
REV_7643,US_2000,MV_4932,4.9,Could be better.,2025-06-08 13:21:08
REV_7644,US_1810,MV_6523,7.1,Great movie!,2024-01-26 12:04:50
REV_7645,US_6201,MV_1219,9.8,Great movie!,2025-09-17 23:23:24
REV_7646,US_6291,MV_9116,1.0,Great movie!,2025-02-18 22:54:34
REV_7647,US_5123,MV_7579,8.9,Could be better.,2024-03-20 23:04:30
REV_7648,US_2850,MV_417,7.1,Could be better.,2024-02-04 01:28:34
REV_7649,US_335,MV_5452,2.7,Great movie!,2025-09-14 10:37:42
REV_7650,US_9819,MV_5810,7.0,Could be better.,2024-03-01 03:33:40
REV_7651,US_1294,MV_275,8.1,Great movie!,2025-02-05 02:35:50
REV_7652,US_5898,MV_7534,7.2,Great movie!,2025-02-08 03:51:55
REV_7653,US_711,MV_5511,2.9,Could be better.,2025-06-10 22:31:40
REV_7654,US_3075,MV_5797,3.2,Great movie!,2025-12-21 14:20:32
REV_7655,US_6300,MV_9803,7.4,Great movie!,2025-12-25 12:17:55
REV_7656,US_2250,MV_3853,7.1,Great movie!,2024-09-08 12:36:56
REV_7657,US_8378,MV_9524,4.2,Great movie!,2025-12-23 18:51:59
REV_7658,US_6722,MV_1053,9.4,Could be better.,2025-03-22 16:00:15
REV_7659,US_7319,MV_1855,5.5,Could be better.,2025-01-11 11:22:32
REV_7660,US_4793,MV_7013,3.9,Could be better.,2025-09-05 10:33:29
REV_7661,US_1933,MV_1793,3.6,Could be better.,2024-02-02 17:16:49
REV_7662,US_5035,MV_600,5.8,Great movie!,2025-05-07 02:06:48
REV_7663,US_6848,MV_6900,7.8,Could be better.,2024-06-29 08:50:46
REV_7664,US_4864,MV_430,1.4,Could be better.,2024-08-24 10:05:46
REV_7665,US_8837,MV_5044,3.8,Great movie!,2024-08-05 09:52:08
REV_7666,US_2071,MV_2820,3.2,Great movie!,2025-10-28 15:24:17
REV_7667,US_7304,MV_3312,9.3,Could be better.,2025-12-23 02:32:33
REV_7668,US_4015,MV_9555,1.9,Could be better.,2024-02-25 23:58:47
REV_7670,US_876,MV_8443,8.3,Could be better.,2025-02-24 23:05:03
REV_7671,US_7813,MV_4112,9.5,Great movie!,2024-04-02 17:28:00
REV_7672,US_8178,MV_6666,9.1,Great movie!,2024-12-13 00:06:03
REV_7673,US_5223,MV_4353,7.6,Could be better.,2025-11-03 14:46:22
REV_7674,US_2099,MV_4599,3.5,Great movie!,2025-08-20 02:30:14
REV_7675,US_9424,MV_5980,3.0,Could be better.,2025-07-28 21:11:28
REV_7676,US_1945,MV_9590,7.5,Great movie!,2024-03-21 11:30:49
REV_7677,US_4298,MV_3116,9.7,Could be better.,2024-07-14 00:05:26
REV_7678,US_4480,MV_9650,2.8,Could be better.,2025-04-30 01:29:45
REV_7679,US_9367,MV_2166,6.7,Could be better.,2025-03-06 23:47:56
REV_7680,US_1087,MV_2025,3.1,Great movie!,2025-10-25 13:54:35
REV_7681,US_2899,MV_4112,9.4,Great movie!,2024-08-22 22:49:57
REV_7682,US_2391,MV_2726,6.4,Great movie!,2025-01-28 21:43:45
REV_7683,US_866,MV_479,9.1,Great movie!,2025-06-27 18:40:48
REV_7684,US_7448,MV_95,9.7,Great movie!,2025-12-02 11:45:10
REV_7685,US_378,MV_5247,3.5,Could be better.,2024-07-10 01:58:44
REV_7686,US_4857,MV_1708,3.6,Great movie!,2024-07-08 18:04:24
REV_7687,US_4619,MV_8869,8.3,Great movie!,2024-05-04 03:53:52
REV_7688,US_4109,MV_5687,7.5,Could be better.,2024-07-23 15:08:49
REV_7689,US_2080,MV_9877,9.7,Great movie!,2024-09-05 06:13:36
REV_7690,US_6784,MV_9255,4.8,Could be better.,2025-01-05 11:54:52
REV_7691,US_8042,MV_4864,8.6,Could be better.,2025-03-12 03:44:58
REV_7692,US_7623,MV_4341,3.0,Could be better.,2024-10-08 14:00:58
REV_7693,US_1215,MV_9446,7.1,Great movie!,2024-01-16 10:34:05
REV_7694,US_8114,MV_1244,8.6,Great movie!,2024-04-15 19:13:13
REV_7695,US_1779,MV_3493,6.5,Great movie!,2025-08-26 04:17:09
REV_7696,US_388,MV_8135,9.1,Great movie!,2024-09-08 22:30:20
REV_7697,US_4328,MV_9929,3.3,Great movie!,2025-09-01 08:40:20
REV_7698,US_6798,MV_432,2.5,Could be better.,2025-05-11 18:05:19
REV_7699,US_5545,MV_9533,9.9,Could be better.,2024-09-08 10:45:57
REV_7700,US_1750,MV_1534,4.9,Could be better.,2024-03-03 03:37:53
REV_7701,US_5315,MV_1508,8.8,Great movie!,2025-01-08 18:02:12
REV_7702,US_9223,MV_9499,6.0,Great movie!,2025-11-16 12:48:50
REV_7703,US_5966,MV_5557,1.5,Great movie!,2025-05-27 05:08:54
REV_7704,US_6027,MV_7756,9.8,Could be better.,2024-11-12 16:52:36
REV_7705,US_487,MV_9324,2.5,Great movie!,2025-03-16 19:30:26
REV_7706,US_4850,MV_3715,9.4,Could be better.,2024-05-24 04:38:01
REV_7707,US_3073,MV_5421,6.6,Great movie!,2025-08-05 19:55:50
REV_7708,US_7331,MV_3480,9.4,Could be better.,2024-11-30 07:44:05
REV_7709,US_5168,MV_6965,9.6,Could be better.,2024-06-10 03:51:00
REV_7710,US_7379,MV_965,4.0,Great movie!,2024-05-13 07:02:54
REV_7711,US_2488,MV_220,7.1,Great movie!,2024-09-26 03:49:24
REV_7712,US_6008,MV_3743,1.1,Could be better.,2024-11-04 06:03:06
REV_7713,US_1424,MV_5315,3.5,Could be better.,2024-08-13 07:16:46
REV_7714,US_3619,MV_4293,1.6,Great movie!,2025-05-10 09:54:30
REV_7715,US_7097,MV_3294,3.5,Could be better.,2025-06-17 07:25:23
REV_7716,US_4433,MV_6468,6.8,Could be better.,2024-01-21 10:40:04
REV_7717,US_647,MV_9828,6.9,Great movie!,2024-09-09 23:07:37
REV_7718,US_7855,MV_397,9.5,Could be better.,2025-11-18 00:59:24
REV_7719,US_4855,MV_3883,6.3,Great movie!,2025-03-10 19:48:56
REV_7721,US_7464,MV_422,4.0,Great movie!,2024-03-03 16:25:47
REV_7722,US_3890,MV_1676,3.1,Great movie!,2024-08-21 19:08:56
REV_7723,US_1361,MV_3308,8.9,Could be better.,2024-09-27 00:55:57
REV_7725,US_1276,MV_7450,3.5,Could be better.,2024-07-20 07:47:22
REV_7726,US_2695,MV_9067,4.7,Great movie!,2025-12-07 06:04:00
REV_7727,US_2068,MV_5911,7.2,Great movie!,2024-08-04 09:01:07
REV_7728,US_3273,MV_8513,3.5,Could be better.,2025-04-07 05:53:07
REV_7729,US_6157,MV_7210,9.1,Great movie!,2025-11-23 20:00:34
REV_7730,US_5378,MV_919,7.7,Great movie!,2025-12-20 06:39:55
REV_7731,US_9899,MV_301,5.5,Great movie!,2024-10-26 09:11:19
REV_7732,US_497,MV_3794,8.3,Could be better.,2024-01-23 13:40:48
REV_7733,US_4396,MV_8004,1.4,Great movie!,2025-09-24 08:11:05
REV_7734,US_9830,MV_4870,5.3,Could be better.,2025-06-30 17:12:11
REV_7735,US_1344,MV_1504,1.8,Could be better.,2024-10-03 14:20:55
REV_7736,US_6738,MV_6986,5.2,Could be better.,2024-12-31 12:01:47
REV_7737,US_7357,MV_7418,1.9,Great movie!,2025-09-25 03:04:32
REV_7738,US_1451,MV_348,8.0,Could be better.,2025-11-13 03:18:32
REV_7739,US_1834,MV_6668,5.6,Could be better.,2024-01-01 15:15:21
REV_7740,US_8341,MV_8016,7.0,Great movie!,2025-02-15 08:49:51
REV_7741,US_3629,MV_8834,9.3,Great movie!,2025-09-20 23:27:48
REV_7742,US_1900,MV_9848,9.4,Great movie!,2024-02-05 18:24:38
REV_7743,US_2145,MV_8450,8.7,Great movie!,2024-03-03 04:22:11
REV_7744,US_9559,MV_1022,1.5,Great movie!,2024-12-18 09:11:32
REV_7745,US_1512,MV_3479,5.7,Could be better.,2024-03-13 14:42:38
REV_7746,US_9497,MV_3342,5.4,Great movie!,2025-04-30 13:53:40
REV_7748,US_1106,MV_3058,8.7,Great movie!,2025-01-06 03:17:02
REV_7749,US_2000,MV_6237,9.5,Could be better.,2025-12-27 15:20:45
REV_7750,US_6999,MV_4819,7.6,Could be better.,2024-09-30 09:08:22
REV_7751,US_1714,MV_9462,4.9,Great movie!,2024-09-08 22:08:39
REV_7752,US_1687,MV_9798,5.9,Great movie!,2025-10-08 18:42:20
REV_7753,US_1016,MV_8174,4.1,Could be better.,2025-02-09 05:46:11
REV_7754,US_1475,MV_1238,1.6,Great movie!,2025-07-27 12:11:51
REV_7755,US_85,MV_4031,1.5,Could be better.,2024-05-29 09:30:54
REV_7756,US_7322,MV_1058,9.2,Great movie!,2024-04-15 01:43:30
REV_7757,US_9543,MV_2034,8.2,Great movie!,2025-12-19 04:17:36
REV_7758,US_7064,MV_2634,1.5,Great movie!,2024-09-15 09:44:20
REV_7759,US_3557,MV_5239,9.9,Great movie!,2025-03-20 06:01:05
REV_7761,US_1007,MV_1646,9.9,Could be better.,2025-08-17 06:19:50
REV_7762,US_4520,MV_7851,3.7,Could be better.,2024-12-07 21:31:44
REV_7763,US_647,MV_7805,7.9,Could be better.,2025-05-30 01:21:35
REV_7764,US_6217,MV_9477,1.4,Could be better.,2025-03-26 05:00:37
REV_7765,US_329,MV_5323,7.8,Great movie!,2025-04-05 06:13:28
REV_7766,US_5905,MV_3835,5.6,Great movie!,2024-10-30 19:01:29
REV_7767,US_6929,MV_8235,9.2,Great movie!,2025-10-09 07:29:00
REV_7768,US_324,MV_9924,7.1,Could be better.,2025-10-11 04:07:27
REV_7769,US_6240,MV_9961,8.6,Could be better.,2025-04-23 15:34:22
REV_7770,US_95,MV_4014,9.1,Great movie!,2024-03-02 19:07:30
REV_7771,US_8515,MV_2631,5.0,Could be better.,2025-04-17 07:46:06
REV_7772,US_2932,MV_2706,3.6,Great movie!,2025-12-12 12:13:15
REV_7773,US_6867,MV_1311,6.1,Could be better.,2025-04-30 05:54:07
REV_7774,US_5029,MV_5847,7.0,Could be better.,2025-12-09 04:59:58
REV_7775,US_1746,MV_2751,3.1,Great movie!,2024-07-18 22:42:12
REV_7776,US_292,MV_8998,8.6,Could be better.,2024-09-12 13:56:02
REV_7777,US_4673,MV_9383,8.2,Great movie!,2024-11-18 10:43:59
REV_7778,US_1493,MV_1628,2.5,Could be better.,2025-11-19 01:53:23
REV_7779,US_3495,MV_4686,5.1,Great movie!,2025-10-14 00:53:30
REV_7780,US_9486,MV_4799,7.2,Great movie!,2024-07-19 04:35:28
REV_7781,US_393,MV_4628,1.2,Could be better.,2025-02-04 10:52:28
REV_7782,US_4670,MV_6606,8.3,Could be better.,2025-12-13 05:48:14
REV_7783,US_2390,MV_5385,4.0,Great movie!,2024-06-18 07:32:58
REV_7784,US_5569,MV_6530,6.1,Great movie!,2025-12-22 17:08:56
REV_7786,US_9478,MV_9657,4.7,Could be better.,2024-01-07 14:45:00
REV_7787,US_2048,MV_8080,9.5,Could be better.,2025-10-16 12:49:04
REV_7788,US_3186,MV_7162,9.0,Could be better.,2024-10-05 13:03:41
REV_7789,US_5200,MV_639,6.1,Great movie!,2025-06-14 16:00:47
REV_7790,US_2993,MV_6818,6.7,Great movie!,2025-01-25 17:24:09
REV_7791,US_4331,MV_3522,8.3,Could be better.,2025-11-02 17:08:30
REV_7792,US_9406,MV_1096,5.7,Great movie!,2025-09-12 16:13:51
REV_7793,US_4107,MV_5485,6.8,Great movie!,2025-05-13 01:18:22
REV_7794,US_7648,MV_5543,7.5,Great movie!,2024-11-23 09:55:49
REV_7795,US_34,MV_7065,4.1,Could be better.,2025-01-15 09:32:04
REV_7796,US_3014,MV_1956,6.9,Could be better.,2024-10-19 17:48:40
REV_7797,US_1184,MV_1725,9.7,Great movie!,2024-04-28 10:24:09
REV_7798,US_9765,MV_1886,9.0,Could be better.,2024-04-02 21:56:16
REV_7799,US_5891,MV_2760,5.8,Could be better.,2025-11-29 08:17:12
REV_7800,US_5595,MV_3238,8.1,Great movie!,2024-05-22 02:58:39
REV_7801,US_6008,MV_1213,8.9,Great movie!,2024-06-19 16:40:28
REV_7803,US_4026,MV_509,4.8,Could be better.,2025-11-10 16:49:50
REV_7804,US_3781,MV_9663,2.1,Great movie!,2024-03-28 07:42:46
REV_7805,US_192,MV_2415,8.7,Great movie!,2024-11-19 23:24:28
REV_7806,US_2583,MV_9525,9.8,Could be better.,2025-08-12 01:08:56
REV_7807,US_6579,MV_6056,4.7,Great movie!,2024-03-09 13:33:56
REV_7808,US_3441,MV_7964,7.3,Great movie!,2024-09-27 19:18:26
REV_7810,US_1915,MV_4519,4.6,Could be better.,2024-03-28 22:55:18
REV_7811,US_3705,MV_3084,9.7,Great movie!,2024-08-31 03:53:33
REV_7812,US_3622,MV_3393,5.0,Great movie!,2024-10-13 05:39:30
REV_7813,US_7073,MV_303,7.2,Great movie!,2024-11-03 09:54:34
REV_7814,US_2072,MV_3694,9.8,Great movie!,2024-05-02 06:26:16
REV_7815,US_8337,MV_5672,6.7,Great movie!,2024-03-15 23:52:28
REV_7816,US_9899,MV_357,1.3,Great movie!,2025-11-11 16:11:34
REV_7817,US_8851,MV_9056,1.7,Great movie!,2025-11-05 03:18:29
REV_7818,US_9784,MV_957,8.1,Great movie!,2025-07-14 13:46:45
REV_7819,US_3069,MV_6143,3.7,Could be better.,2024-07-01 12:41:39
REV_7820,US_35,MV_4830,2.0,Could be better.,2024-08-30 05:49:17
REV_7821,US_7188,MV_5709,1.7,Could be better.,2025-07-18 21:27:40
REV_7822,US_1008,MV_5698,4.8,Could be better.,2025-07-22 15:00:40
REV_7823,US_3464,MV_4042,7.9,Could be better.,2024-01-21 21:26:56
REV_7824,US_3010,MV_7210,2.4,Great movie!,2025-11-19 05:13:31
REV_7825,US_6501,MV_5201,9.4,Great movie!,2024-02-02 17:14:40
REV_7826,US_6653,MV_8177,9.6,Could be better.,2025-05-11 20:15:57
REV_7827,US_5202,MV_239,6.3,Could be better.,2024-08-25 15:19:53
REV_7828,US_6109,MV_2928,6.8,Great movie!,2024-05-12 14:50:53
REV_7829,US_684,MV_7189,6.7,Could be better.,2025-08-06 19:15:16
REV_7830,US_712,MV_982,4.5,Great movie!,2025-03-24 13:56:06
REV_7831,US_4437,MV_7536,1.6,Great movie!,2025-03-11 14:47:43
REV_7833,US_9445,MV_2665,4.3,Could be better.,2025-10-05 21:37:45
REV_7834,US_1556,MV_6092,7.5,Could be better.,2025-03-09 00:02:05
REV_7836,US_4351,MV_608,9.7,Great movie!,2025-09-16 21:24:48
REV_7837,US_5465,MV_8484,3.2,Could be better.,2025-10-01 20:08:54
REV_7838,US_6376,MV_6055,9.2,Great movie!,2025-11-06 08:24:07
REV_7839,US_610,MV_9782,9.0,Great movie!,2025-12-10 01:21:34
REV_7840,US_2814,MV_8541,3.8,Could be better.,2025-04-16 09:35:04
REV_7841,US_5557,MV_7760,7.3,Could be better.,2024-07-24 05:30:57
REV_7842,US_3334,MV_6023,9.1,Could be better.,2025-06-30 00:25:48
REV_7843,US_3092,MV_480,8.4,Could be better.,2025-01-07 20:36:55
REV_7844,US_242,MV_145,2.2,Great movie!,2024-04-14 16:02:45
REV_7845,US_403,MV_9042,6.9,Great movie!,2024-05-10 18:13:28
REV_7846,US_2603,MV_2689,2.3,Could be better.,2025-09-12 07:45:51
REV_7847,US_8277,MV_5146,3.4,Could be better.,2024-12-06 13:44:46
REV_7848,US_8839,MV_6611,1.2,Great movie!,2025-05-02 08:09:03
REV_7849,US_3399,MV_4856,9.4,Could be better.,2025-11-16 23:02:40
REV_7850,US_3808,MV_4334,8.0,Great movie!,2024-09-16 18:04:06
REV_7853,US_8110,MV_3728,3.7,Could be better.,2025-05-10 21:07:18
REV_7854,US_7346,MV_8,1.2,Could be better.,2025-01-18 17:19:49
REV_7855,US_4751,MV_7200,3.1,Great movie!,2025-07-04 22:05:46
REV_7856,US_9932,MV_7034,1.8,Could be better.,2025-07-16 02:34:05
REV_7857,US_490,MV_8637,2.4,Great movie!,2025-01-05 13:58:46
REV_7858,US_2660,MV_8587,3.4,Great movie!,2024-06-27 04:28:41
REV_7859,US_848,MV_43,3.7,Could be better.,2025-03-28 03:24:54
REV_7860,US_6017,MV_8712,5.8,Great movie!,2024-09-17 06:00:21
REV_7861,US_2303,MV_1309,8.1,Could be better.,2024-12-31 22:34:51
REV_7862,US_5154,MV_9312,8.9,Could be better.,2025-07-31 17:06:09
REV_7863,US_7915,MV_1552,6.4,Great movie!,2024-12-12 02:59:57
REV_7864,US_8479,MV_4447,5.3,Could be better.,2025-03-15 20:52:40
REV_7865,US_7540,MV_4763,1.8,Could be better.,2025-11-20 20:16:22
REV_7866,US_7566,MV_5188,3.6,Could be better.,2025-11-30 23:30:24
REV_7867,US_9150,MV_7941,3.8,Great movie!,2024-04-27 12:41:11
REV_7868,US_1973,MV_801,5.6,Great movie!,2024-02-08 21:31:05
REV_7869,US_9936,MV_1556,1.9,Could be better.,2025-09-01 20:28:41
REV_7870,US_2718,MV_483,1.3,Could be better.,2024-07-20 08:52:12
REV_7871,US_2185,MV_9237,1.2,Great movie!,2025-05-20 06:35:33
REV_7872,US_7583,MV_2651,2.0,Great movie!,2025-07-30 06:56:05
REV_7873,US_4925,MV_1384,3.8,Great movie!,2024-10-29 13:26:42
REV_7874,US_3310,MV_8507,9.0,Could be better.,2024-05-15 20:28:07
REV_7876,US_4233,MV_9979,1.3,Great movie!,2025-01-01 05:32:45
REV_7877,US_1382,MV_4036,8.3,Great movie!,2025-03-13 22:44:04
REV_7878,US_4141,MV_8286,4.3,Great movie!,2025-01-26 21:05:41
REV_7879,US_7980,MV_2407,3.4,Could be better.,2025-05-05 21:21:36
REV_7880,US_8109,MV_7577,1.2,Great movie!,2024-07-21 22:54:43
REV_7881,US_5824,MV_254,3.7,Great movie!,2025-06-07 01:01:42
REV_7882,US_4592,MV_1207,5.1,Could be better.,2025-06-09 10:45:11
REV_7883,US_1440,MV_1263,3.5,Could be better.,2024-12-20 05:31:21
REV_7884,US_6919,MV_9257,5.4,Could be better.,2025-05-04 01:00:20
REV_7885,US_9030,MV_4103,4.7,Could be better.,2024-03-06 15:26:15
REV_7886,US_1449,MV_2018,6.9,Great movie!,2025-02-04 23:15:33
REV_7887,US_2142,MV_8310,2.5,Great movie!,2025-07-20 03:57:33
REV_7888,US_413,MV_3250,1.9,Great movie!,2025-06-30 13:07:10
REV_7889,US_6654,MV_6358,9.0,Great movie!,2024-11-09 22:47:08
REV_7890,US_3797,MV_4979,6.6,Could be better.,2025-10-23 18:45:36
REV_7891,US_2389,MV_1865,8.8,Could be better.,2024-03-19 10:07:54
REV_7892,US_1658,MV_5713,5.9,Could be better.,2024-05-17 20:21:23
REV_7893,US_5893,MV_2385,8.3,Could be better.,2024-09-07 06:55:50
REV_7894,US_1991,MV_1971,9.9,Could be better.,2024-11-07 18:15:04
REV_7895,US_6183,MV_4437,2.4,Could be better.,2024-09-03 09:02:50
REV_7896,US_9897,MV_5786,8.7,Great movie!,2024-08-02 03:53:52
REV_7897,US_7511,MV_64,8.1,Great movie!,2024-07-18 02:50:34
REV_7898,US_1106,MV_8224,4.5,Could be better.,2024-02-02 04:20:01
REV_7899,US_4224,MV_4869,1.5,Great movie!,2025-11-19 19:40:36
REV_7900,US_4686,MV_1663,6.9,Great movie!,2025-03-16 09:27:23
REV_7901,US_9105,MV_4553,8.7,Could be better.,2024-01-04 12:49:26
REV_7902,US_9594,MV_6962,4.1,Could be better.,2025-09-28 08:24:34
REV_7903,US_9928,MV_3663,4.3,Could be better.,2024-10-20 08:24:57
REV_7905,US_2181,MV_1997,7.7,Great movie!,2024-01-30 05:05:40
REV_7906,US_9249,MV_2247,2.3,Great movie!,2025-08-06 19:59:55
REV_7907,US_4497,MV_8666,8.8,Could be better.,2025-01-29 19:11:55
REV_7908,US_319,MV_9097,1.1,Could be better.,2024-11-23 08:15:45
REV_7910,US_3613,MV_9228,9.0,Great movie!,2024-10-10 15:24:20
REV_7911,US_6170,MV_2703,9.4,Great movie!,2024-09-16 23:05:40
REV_7912,US_5238,MV_1222,5.4,Great movie!,2025-04-11 02:08:11
REV_7913,US_2722,MV_5520,1.3,Could be better.,2025-02-17 12:32:27
REV_7914,US_5745,MV_9159,8.1,Could be better.,2024-07-06 08:45:23
REV_7915,US_3539,MV_6580,5.0,Could be better.,2025-04-11 06:50:09
REV_7916,US_9003,MV_7434,6.1,Could be better.,2024-04-02 16:05:02
REV_7917,US_5594,MV_1135,6.9,Great movie!,2025-01-25 05:45:03
REV_7918,US_2351,MV_6574,4.0,Great movie!,2025-03-04 13:12:19
REV_7919,US_4060,MV_1994,7.4,Could be better.,2024-07-15 22:12:36
REV_7920,US_2360,MV_9682,3.5,Great movie!,2024-05-12 02:25:28
REV_7921,US_3718,MV_1149,6.0,Could be better.,2024-06-18 20:32:55
REV_7922,US_6170,MV_7632,2.2,Great movie!,2025-08-20 06:43:20
REV_7924,US_3762,MV_6222,9.7,Could be better.,2025-08-31 08:28:55
REV_7925,US_691,MV_4149,6.7,Great movie!,2025-11-25 16:16:36
REV_7926,US_553,MV_4663,7.8,Could be better.,2025-07-13 20:52:47
REV_7927,US_702,MV_4043,8.0,Great movie!,2025-02-08 17:23:43
REV_7928,US_4292,MV_4118,1.6,Could be better.,2024-02-04 08:35:27
REV_7929,US_238,MV_9627,9.0,Could be better.,2024-05-13 10:10:41
REV_7930,US_9117,MV_5333,8.5,Great movie!,2025-05-20 12:37:39
REV_7931,US_6698,MV_9055,7.9,Great movie!,2024-09-20 04:24:05
REV_7932,US_9081,MV_2918,9.5,Could be better.,2025-02-09 07:28:04
REV_7933,US_3548,MV_2655,4.2,Could be better.,2025-07-09 05:43:59
REV_7934,US_5640,MV_1739,9.3,Could be better.,2024-06-26 14:34:45
REV_7935,US_9980,MV_6875,3.4,Great movie!,2024-07-10 00:03:53
REV_7936,US_8582,MV_4842,1.3,Could be better.,2025-03-17 13:11:05
REV_7937,US_8330,MV_8532,9.4,Great movie!,2024-12-28 16:12:49
REV_7938,US_6934,MV_3513,2.4,Could be better.,2025-02-13 10:28:35
REV_7939,US_194,MV_1357,6.4,Great movie!,2024-01-31 23:10:06
REV_7940,US_889,MV_132,6.3,Great movie!,2025-07-04 21:17:09
REV_7941,US_5142,MV_6866,1.1,Could be better.,2024-05-09 20:21:50
REV_7942,US_767,MV_5447,4.9,Could be better.,2024-01-04 19:02:43
REV_7943,US_8035,MV_8882,4.2,Could be better.,2025-12-03 13:44:04
REV_7944,US_2606,MV_3521,2.6,Could be better.,2025-09-02 05:17:32
REV_7945,US_2733,MV_7419,8.5,Great movie!,2025-04-04 19:10:36
REV_7946,US_6699,MV_1415,1.8,Great movie!,2024-01-24 04:50:11
REV_7947,US_8224,MV_2855,2.6,Great movie!,2025-02-28 16:07:20
REV_7948,US_6326,MV_1392,4.2,Could be better.,2025-05-23 05:54:23
REV_7949,US_9573,MV_1039,6.0,Could be better.,2025-05-08 16:45:55
REV_7950,US_2450,MV_3598,9.4,Could be better.,2024-10-19 18:37:29
REV_7951,US_3987,MV_6019,2.2,Great movie!,2024-12-12 16:47:49
REV_7952,US_9967,MV_9682,5.4,Could be better.,2025-03-11 06:18:48
REV_7953,US_9750,MV_9310,8.7,Could be better.,2025-01-21 13:47:28
REV_7954,US_2678,MV_1348,3.2,Could be better.,2025-04-29 01:53:25
REV_7955,US_3512,MV_9484,3.4,Great movie!,2025-04-05 00:13:32
REV_7956,US_9404,MV_2273,2.3,Great movie!,2024-03-04 01:42:21
REV_7957,US_7164,MV_3798,10.0,Great movie!,2025-03-31 07:50:53
REV_7958,US_786,MV_203,9.2,Great movie!,2025-01-23 18:48:33
REV_7959,US_9501,MV_4279,4.8,Great movie!,2025-06-16 15:55:08
REV_7960,US_4154,MV_2055,8.0,Great movie!,2024-05-18 17:25:43
REV_7961,US_7702,MV_471,3.4,Great movie!,2024-01-19 09:02:32
REV_7962,US_782,MV_8488,6.7,Could be better.,2024-01-09 03:28:42
REV_7963,US_7666,MV_1695,7.5,Great movie!,2025-09-05 15:39:44
REV_7964,US_4022,MV_4516,6.0,Great movie!,2024-05-08 21:08:50
REV_7965,US_2887,MV_6500,2.7,Great movie!,2024-04-04 10:20:45
REV_7966,US_8930,MV_4569,3.4,Great movie!,2025-06-27 14:42:15
REV_7967,US_6464,MV_7777,3.2,Could be better.,2024-02-09 14:10:15
REV_7968,US_3140,MV_812,7.2,Could be better.,2024-08-26 23:11:19
REV_7969,US_4958,MV_6675,3.4,Could be better.,2024-07-21 10:23:28
REV_7970,US_9178,MV_8679,2.2,Great movie!,2025-05-05 04:46:07
REV_7972,US_2972,MV_2826,2.8,Could be better.,2025-09-13 05:43:38
REV_7973,US_7000,MV_9687,6.9,Great movie!,2024-05-04 08:24:31
REV_7974,US_7688,MV_7500,8.7,Could be better.,2025-11-25 14:42:14
REV_7975,US_9042,MV_8616,8.9,Could be better.,2024-06-04 16:40:45
REV_7976,US_9707,MV_8738,9.7,Could be better.,2024-01-29 20:08:13
REV_7977,US_3008,MV_9074,1.3,Could be better.,2025-03-31 09:24:44
REV_7978,US_6920,MV_1864,6.0,Could be better.,2024-03-13 09:39:46
REV_7980,US_878,MV_7525,1.2,Great movie!,2024-10-15 02:16:59
REV_7982,US_7282,MV_7462,2.6,Could be better.,2025-06-19 12:58:28
REV_7983,US_4510,MV_5371,8.5,Could be better.,2024-06-18 07:55:39
REV_7984,US_7144,MV_5004,2.5,Great movie!,2025-11-26 15:14:35
REV_7985,US_2647,MV_1094,4.7,Great movie!,2025-08-16 12:56:33
REV_7986,US_4160,MV_2953,1.1,Could be better.,2025-08-15 22:17:31
REV_7987,US_6923,MV_5997,6.0,Could be better.,2025-10-23 19:36:31
REV_7990,US_4245,MV_5680,3.9,Could be better.,2025-11-14 02:08:49
REV_7991,US_5451,MV_214,5.6,Could be better.,2025-08-28 06:41:09
REV_7993,US_62,MV_379,1.0,Great movie!,2024-08-10 17:42:50
REV_7994,US_4199,MV_8737,4.0,Great movie!,2024-06-19 04:29:44
REV_7995,US_3286,MV_3375,6.8,Great movie!,2025-06-24 23:46:27
REV_7996,US_8874,MV_4960,9.2,Could be better.,2024-02-26 05:03:07
REV_7997,US_3064,MV_9082,10.0,Great movie!,2025-08-20 18:45:36
REV_7998,US_527,MV_3586,4.5,Great movie!,2024-01-07 11:48:36
REV_7999,US_5374,MV_2735,2.8,Great movie!,2024-12-10 16:18:16
REV_8000,US_7775,MV_1751,2.0,Great movie!,2024-05-05 08:33:10
REV_8001,US_8193,MV_6252,3.6,Could be better.,2024-03-24 06:28:50
REV_8002,US_2182,MV_8489,4.1,Could be better.,2025-07-03 06:56:32
REV_8003,US_4821,MV_6306,5.7,Great movie!,2025-07-09 02:20:57
REV_8004,US_1711,MV_9297,3.4,Great movie!,2024-10-26 15:39:48
REV_8005,US_4769,MV_5859,1.7,Could be better.,2025-07-10 14:10:21
REV_8006,US_8728,MV_2694,7.2,Could be better.,2025-02-21 21:47:59
REV_8007,US_9310,MV_390,3.0,Could be better.,2024-09-22 16:56:50
REV_8008,US_1510,MV_9338,4.1,Could be better.,2024-05-08 09:07:33
REV_8009,US_9222,MV_5125,1.7,Could be better.,2024-06-21 04:22:22
REV_8010,US_4565,MV_8429,8.4,Great movie!,2025-06-05 17:19:25
REV_8011,US_5438,MV_4014,7.1,Great movie!,2025-11-06 09:22:50
REV_8012,US_7761,MV_239,5.3,Could be better.,2024-04-19 23:39:14
REV_8013,US_5469,MV_6822,1.1,Great movie!,2024-10-22 14:59:44
REV_8014,US_8085,MV_1514,3.3,Great movie!,2024-09-24 05:04:04
REV_8015,US_6203,MV_3546,3.2,Great movie!,2025-12-16 22:55:46
REV_8016,US_2387,MV_307,4.6,Could be better.,2024-03-01 19:15:40
REV_8017,US_6361,MV_9838,4.0,Great movie!,2025-07-26 05:41:27
REV_8018,US_9354,MV_3386,1.4,Could be better.,2024-01-25 00:01:51
REV_8019,US_1611,MV_7632,6.0,Great movie!,2025-12-20 11:34:12
REV_8020,US_7304,MV_2506,7.7,Great movie!,2025-11-23 14:50:30
REV_8022,US_7424,MV_9254,8.5,Could be better.,2024-01-29 14:42:11
REV_8023,US_8441,MV_235,6.1,Great movie!,2025-05-05 19:18:33
REV_8025,US_9112,MV_7114,1.2,Great movie!,2025-06-03 13:56:39
REV_8026,US_8165,MV_8807,2.8,Could be better.,2024-12-11 03:43:51
REV_8027,US_2595,MV_2985,4.8,Could be better.,2024-10-31 23:29:38
REV_8029,US_3496,MV_7722,5.4,Great movie!,2024-07-06 18:42:53
REV_8030,US_6967,MV_1314,4.8,Could be better.,2024-11-17 08:54:49
REV_8031,US_5732,MV_8913,1.2,Great movie!,2025-05-05 12:24:39
REV_8032,US_1191,MV_4911,3.2,Great movie!,2025-01-04 04:01:31
REV_8033,US_4026,MV_6232,1.4,Could be better.,2024-06-27 06:50:05
REV_8034,US_9813,MV_3643,1.2,Could be better.,2025-07-12 02:06:51
REV_8036,US_2671,MV_5026,7.8,Could be better.,2025-11-20 12:51:48
REV_8037,US_241,MV_9644,4.6,Great movie!,2025-10-29 10:58:38
REV_8038,US_1211,MV_9358,6.7,Great movie!,2024-06-19 15:56:12
REV_8039,US_8103,MV_7266,5.5,Great movie!,2025-09-29 04:36:56
REV_8040,US_7118,MV_9364,7.5,Great movie!,2025-01-22 14:33:59
REV_8041,US_1696,MV_1396,1.8,Great movie!,2024-11-01 13:29:45
REV_8043,US_2225,MV_4973,6.0,Could be better.,2024-04-29 00:13:05
REV_8044,US_3448,MV_1562,1.6,Could be better.,2024-08-14 04:19:43
REV_8046,US_954,MV_8403,6.1,Could be better.,2025-09-04 05:04:10
REV_8047,US_3638,MV_8470,6.0,Could be better.,2024-01-18 06:11:24
REV_8048,US_3514,MV_2752,6.4,Great movie!,2024-03-01 18:52:38
REV_8049,US_4888,MV_8172,7.3,Great movie!,2025-03-10 02:46:01
REV_8051,US_3435,MV_6432,1.3,Could be better.,2025-03-26 21:11:05
REV_8052,US_7924,MV_8838,3.2,Great movie!,2025-03-10 23:33:01
REV_8053,US_4611,MV_7366,8.1,Could be better.,2025-09-12 01:00:03
REV_8054,US_59,MV_7928,3.9,Could be better.,2024-08-11 13:30:50
REV_8055,US_4774,MV_3658,1.6,Great movie!,2025-08-12 11:06:27
REV_8056,US_6695,MV_6033,1.7,Could be better.,2025-04-02 22:53:25
REV_8057,US_2615,MV_3676,7.7,Could be better.,2025-01-27 18:14:10
REV_8059,US_9928,MV_1327,8.8,Great movie!,2025-07-30 02:44:56
REV_8060,US_9981,MV_9804,1.4,Could be better.,2024-11-25 07:45:42
REV_8061,US_3406,MV_5635,3.4,Great movie!,2024-03-22 01:44:02
REV_8062,US_8821,MV_1080,7.1,Could be better.,2024-03-02 03:39:36
REV_8063,US_4691,MV_6092,6.1,Great movie!,2024-01-20 03:44:30
REV_8064,US_7735,MV_5148,4.0,Great movie!,2024-08-09 23:48:45
REV_8065,US_924,MV_6945,4.3,Great movie!,2025-08-27 15:57:33
REV_8066,US_6123,MV_1498,6.5,Great movie!,2024-02-28 12:47:02
REV_8067,US_3717,MV_9969,6.9,Could be better.,2024-09-26 11:58:50
REV_8068,US_9091,MV_8097,5.5,Great movie!,2025-11-30 23:50:32
REV_8069,US_929,MV_9046,4.5,Great movie!,2025-11-01 08:37:54
REV_8070,US_7583,MV_1687,4.2,Could be better.,2025-04-24 22:54:39
REV_8072,US_2505,MV_7686,4.0,Great movie!,2024-12-05 11:23:53
REV_8073,US_3447,MV_902,2.1,Could be better.,2025-01-09 02:53:48
REV_8074,US_3089,MV_3371,2.4,Great movie!,2025-01-06 05:29:34
REV_8075,US_8614,MV_3254,1.8,Great movie!,2025-05-25 16:00:45
REV_8076,US_333,MV_625,7.8,Great movie!,2024-04-20 22:54:07
REV_8077,US_2029,MV_6420,1.2,Could be better.,2025-03-31 19:29:37
REV_8078,US_3368,MV_2940,1.6,Great movie!,2025-07-21 20:52:10
REV_8079,US_269,MV_5339,1.9,Could be better.,2024-08-16 12:31:57
REV_8080,US_1905,MV_3755,1.2,Great movie!,2025-05-30 21:00:23
REV_8081,US_1345,MV_4413,2.9,Could be better.,2025-03-06 23:32:19
REV_8082,US_9604,MV_6874,8.0,Great movie!,2025-02-16 04:50:05
REV_8083,US_2961,MV_8907,5.4,Could be better.,2024-08-02 19:43:34
REV_8084,US_8086,MV_7529,9.5,Could be better.,2025-07-14 05:22:11
REV_8085,US_8249,MV_2616,3.6,Great movie!,2025-12-26 18:26:06
REV_8086,US_4397,MV_5426,2.7,Could be better.,2025-05-02 04:32:31
REV_8087,US_145,MV_4144,10.0,Could be better.,2024-08-31 02:00:53
REV_8088,US_5217,MV_1492,4.3,Could be better.,2025-03-09 09:02:22
REV_8089,US_2042,MV_2353,2.7,Could be better.,2024-03-22 23:48:55
REV_8090,US_9767,MV_4989,7.2,Great movie!,2025-03-02 00:24:19
REV_8091,US_8148,MV_7578,1.4,Could be better.,2024-09-14 06:01:43
REV_8092,US_6844,MV_9599,4.6,Great movie!,2024-02-01 12:50:46
REV_8093,US_7357,MV_7808,6.2,Great movie!,2025-01-20 10:29:26
REV_8095,US_1121,MV_4883,6.7,Great movie!,2025-07-19 10:17:17
REV_8096,US_7576,MV_595,4.8,Could be better.,2025-11-20 13:34:04
REV_8097,US_5134,MV_6669,1.3,Could be better.,2025-10-25 05:08:03
REV_8098,US_5483,MV_3947,2.0,Great movie!,2025-11-09 23:29:18
REV_8099,US_9819,MV_9890,5.9,Could be better.,2024-04-07 17:53:10
REV_8100,US_9870,MV_4371,2.0,Could be better.,2024-10-15 15:01:25
REV_8101,US_9276,MV_3224,8.2,Great movie!,2025-05-31 00:30:23
REV_8102,US_7559,MV_1717,9.2,Great movie!,2024-01-16 23:36:12
REV_8103,US_5670,MV_8208,8.7,Great movie!,2024-09-26 22:37:04
REV_8104,US_9381,MV_1665,4.8,Great movie!,2025-05-29 10:33:56
REV_8105,US_4541,MV_8816,9.4,Could be better.,2025-04-26 01:07:14
REV_8106,US_3313,MV_3601,5.5,Could be better.,2024-06-07 13:43:28
REV_8107,US_63,MV_3675,2.2,Could be better.,2024-06-28 16:51:24
REV_8108,US_7455,MV_2696,7.4,Could be better.,2024-05-29 12:09:05
REV_8109,US_1141,MV_1073,9.8,Great movie!,2024-11-13 10:23:30
REV_8110,US_7610,MV_1493,6.7,Great movie!,2024-03-20 08:21:29
REV_8111,US_8444,MV_6365,2.4,Could be better.,2024-07-24 09:35:09
REV_8112,US_2517,MV_7464,9.3,Great movie!,2024-12-22 14:34:05
REV_8113,US_7002,MV_9011,8.0,Great movie!,2024-04-18 18:28:11
REV_8114,US_1,MV_6608,8.8,Great movie!,2025-08-02 13:17:21
REV_8115,US_386,MV_6773,8.6,Great movie!,2025-12-11 23:17:52
REV_8116,US_6688,MV_1505,8.5,Great movie!,2024-09-09 08:21:04
REV_8117,US_1357,MV_9729,9.6,Great movie!,2024-07-12 10:29:46
REV_8118,US_3805,MV_7395,4.3,Great movie!,2025-03-29 08:03:52
REV_8119,US_2137,MV_7994,4.9,Could be better.,2024-09-18 10:54:43
REV_8120,US_4375,MV_9294,8.6,Great movie!,2025-03-23 00:07:30
REV_8121,US_4489,MV_1864,8.0,Great movie!,2024-05-16 06:25:29
REV_8122,US_613,MV_404,5.6,Could be better.,2024-08-17 13:05:59
REV_8123,US_3951,MV_9067,3.4,Could be better.,2024-06-05 18:02:31
REV_8124,US_442,MV_3444,2.3,Great movie!,2024-10-17 11:36:06
REV_8125,US_613,MV_5141,3.7,Could be better.,2024-08-14 03:21:41
REV_8126,US_2994,MV_9432,2.9,Could be better.,2025-11-20 14:20:31
REV_8127,US_4109,MV_36,8.8,Could be better.,2025-07-30 10:49:24
REV_8128,US_536,MV_791,7.2,Could be better.,2025-01-14 16:23:44
REV_8129,US_8678,MV_3254,4.4,Great movie!,2024-06-26 14:26:03
REV_8130,US_3771,MV_8884,4.8,Great movie!,2025-02-07 15:46:17
REV_8131,US_7905,MV_6139,7.5,Could be better.,2024-12-28 04:38:46
REV_8132,US_6985,MV_1284,8.2,Great movie!,2024-10-27 12:54:03
REV_8133,US_5252,MV_2613,6.0,Could be better.,2025-12-25 12:16:08
REV_8134,US_9654,MV_3426,8.6,Could be better.,2024-02-15 08:13:12
REV_8135,US_6636,MV_5272,9.3,Could be better.,2024-02-19 02:19:16
REV_8136,US_2077,MV_1698,1.1,Great movie!,2025-03-19 07:26:42
REV_8137,US_9373,MV_5858,5.2,Could be better.,2024-09-20 13:07:06
REV_8138,US_641,MV_5810,2.0,Great movie!,2024-06-23 08:45:46
REV_8140,US_4377,MV_9657,7.0,Great movie!,2025-06-07 12:16:57
REV_8141,US_8151,MV_7107,4.4,Great movie!,2025-02-10 23:46:13
REV_8142,US_1857,MV_6403,5.0,Could be better.,2024-04-01 21:22:28
REV_8143,US_7658,MV_1198,9.1,Could be better.,2024-12-08 02:02:20
REV_8144,US_360,MV_7560,1.3,Great movie!,2024-08-28 23:04:15
REV_8145,US_5521,MV_9415,4.0,Could be better.,2024-01-03 09:27:12
REV_8146,US_2059,MV_1478,2.6,Could be better.,2025-12-02 21:42:18
REV_8147,US_2780,MV_1333,2.1,Could be better.,2024-04-27 18:40:21
REV_8148,US_2549,MV_2098,4.4,Great movie!,2025-08-08 06:32:27
REV_8149,US_4813,MV_3143,6.7,Great movie!,2024-12-14 02:09:47
REV_8150,US_633,MV_1830,1.3,Could be better.,2024-03-14 05:00:46
REV_8151,US_1421,MV_5866,4.6,Great movie!,2025-01-25 02:12:37
REV_8152,US_5473,MV_9888,4.9,Great movie!,2024-08-09 05:31:52
REV_8153,US_3544,MV_9016,7.9,Great movie!,2025-05-06 22:38:44
REV_8154,US_9995,MV_1787,3.2,Could be better.,2024-06-23 03:09:59
REV_8155,US_4136,MV_6779,4.1,Could be better.,2025-05-06 12:24:54
REV_8157,US_5944,MV_6840,9.7,Could be better.,2024-06-26 02:17:04
REV_8158,US_5764,MV_3748,2.5,Great movie!,2024-11-23 03:55:57
REV_8159,US_8633,MV_8396,6.6,Great movie!,2025-06-01 07:33:01
REV_8160,US_4041,MV_1931,7.2,Could be better.,2025-04-13 02:27:23
REV_8161,US_1762,MV_700,4.3,Could be better.,2025-03-07 10:06:26
REV_8162,US_1350,MV_4264,5.0,Great movie!,2025-06-12 02:08:27
REV_8163,US_3046,MV_6454,8.3,Could be better.,2025-04-17 03:19:13
REV_8164,US_8415,MV_9404,4.0,Great movie!,2024-10-04 17:28:08
REV_8165,US_8503,MV_8005,7.3,Could be better.,2024-07-27 16:16:12
REV_8166,US_6831,MV_756,9.8,Great movie!,2024-02-12 20:50:33
REV_8167,US_568,MV_6875,5.4,Could be better.,2025-01-06 15:19:36
REV_8168,US_7532,MV_157,4.2,Could be better.,2024-12-01 05:08:47
REV_8169,US_5584,MV_3808,4.7,Great movie!,2024-06-14 18:35:21
REV_8170,US_1421,MV_2236,9.8,Could be better.,2024-06-05 09:27:06
REV_8171,US_8971,MV_4285,3.5,Could be better.,2025-01-25 13:03:07
REV_8172,US_6065,MV_7353,9.2,Great movie!,2024-01-06 23:01:29
REV_8173,US_9531,MV_6871,8.6,Could be better.,2025-01-31 20:30:51
REV_8174,US_1407,MV_8349,2.1,Great movie!,2025-01-27 04:43:17
REV_8175,US_9641,MV_6814,4.9,Great movie!,2024-11-19 04:43:58
REV_8176,US_2130,MV_3891,4.7,Could be better.,2025-11-30 03:20:20
REV_8177,US_1483,MV_5989,4.6,Could be better.,2025-01-09 18:20:00
REV_8178,US_5960,MV_5172,7.6,Could be better.,2024-12-05 23:27:55
REV_8179,US_8587,MV_1092,5.2,Could be better.,2024-04-08 18:02:54
REV_8180,US_801,MV_9338,2.4,Could be better.,2024-04-09 12:01:57
REV_8181,US_7126,MV_9945,9.0,Great movie!,2024-01-19 07:56:57
REV_8182,US_1653,MV_8900,6.6,Great movie!,2024-03-02 11:08:18
REV_8183,US_228,MV_4841,4.5,Could be better.,2025-06-28 09:38:43
REV_8184,US_3851,MV_1305,4.4,Could be better.,2025-05-19 17:00:43
REV_8185,US_5598,MV_9143,3.0,Could be better.,2025-03-30 14:27:59
REV_8186,US_476,MV_8873,4.7,Great movie!,2024-03-29 07:39:55
REV_8187,US_1410,MV_5089,7.1,Could be better.,2025-11-13 16:11:59
REV_8188,US_7044,MV_5544,7.6,Great movie!,2024-04-02 12:22:18
REV_8189,US_1327,MV_5161,4.7,Could be better.,2024-09-13 22:44:59
REV_8190,US_8529,MV_5491,6.1,Could be better.,2025-03-04 08:10:36
REV_8191,US_1584,MV_6160,9.2,Could be better.,2024-06-11 02:30:03
REV_8192,US_3448,MV_9793,6.9,Could be better.,2024-12-07 16:47:25
REV_8193,US_1595,MV_6354,9.7,Great movie!,2025-07-01 05:16:16
REV_8195,US_6076,MV_2511,7.5,Great movie!,2025-08-30 09:44:41
REV_8196,US_8540,MV_2275,6.4,Could be better.,2025-05-06 00:09:41
REV_8197,US_5978,MV_7239,9.3,Great movie!,2025-08-22 04:59:16
REV_8198,US_5727,MV_3786,7.5,Great movie!,2025-01-20 07:46:29
REV_8199,US_7735,MV_8206,9.2,Great movie!,2025-07-16 07:42:31
REV_8200,US_6417,MV_7196,3.6,Could be better.,2024-01-15 13:27:01
REV_8201,US_9380,MV_7270,5.7,Could be better.,2025-11-06 19:57:20
REV_8202,US_9279,MV_3812,1.9,Could be better.,2025-06-17 18:46:40
REV_8203,US_4547,MV_480,8.4,Great movie!,2025-01-08 15:17:11
REV_8205,US_858,MV_9433,4.0,Great movie!,2025-03-11 09:25:17
REV_8206,US_6453,MV_6615,8.4,Great movie!,2025-11-02 09:17:44
REV_8207,US_1947,MV_4299,4.6,Could be better.,2024-03-18 02:09:31
REV_8208,US_8001,MV_6271,4.6,Could be better.,2024-06-20 01:07:01
REV_8210,US_8031,MV_4438,9.5,Could be better.,2024-04-11 03:05:19
REV_8211,US_6275,MV_9633,6.7,Great movie!,2025-12-27 18:02:38
REV_8212,US_2065,MV_9708,2.8,Great movie!,2024-11-16 16:23:44
REV_8213,US_5616,MV_352,8.0,Great movie!,2024-02-27 06:09:50
REV_8214,US_8894,MV_7124,6.0,Great movie!,2025-04-17 04:09:56
REV_8215,US_6779,MV_6859,7.2,Great movie!,2025-11-21 10:05:08
REV_8216,US_8040,MV_1349,1.3,Could be better.,2024-05-25 19:07:53
REV_8217,US_8956,MV_3262,9.7,Could be better.,2025-08-28 04:20:49
REV_8218,US_3839,MV_3177,7.7,Could be better.,2024-08-26 02:20:58
REV_8219,US_6062,MV_4944,8.9,Could be better.,2024-02-20 17:50:56
REV_8220,US_8955,MV_173,2.5,Could be better.,2025-05-29 00:03:51
REV_8221,US_265,MV_9594,7.5,Could be better.,2025-03-25 22:06:48
REV_8222,US_3701,MV_2452,3.0,Could be better.,2025-04-04 09:13:32
REV_8224,US_6617,MV_1160,8.0,Great movie!,2024-12-01 07:30:18
REV_8225,US_7146,MV_8323,5.0,Could be better.,2024-11-20 00:38:19
REV_8226,US_6646,MV_7614,2.0,Great movie!,2025-11-17 12:12:32
REV_8227,US_9494,MV_1814,8.4,Could be better.,2025-12-18 09:46:09
REV_8228,US_9555,MV_8328,3.3,Could be better.,2025-12-06 17:23:59
REV_8229,US_6437,MV_8198,2.7,Could be better.,2025-09-21 23:17:55
REV_8230,US_444,MV_6964,8.4,Great movie!,2024-12-31 16:23:33
REV_8231,US_7658,MV_4239,1.8,Great movie!,2025-03-22 01:01:34
REV_8232,US_6167,MV_168,4.6,Great movie!,2024-04-16 15:08:09
REV_8233,US_5160,MV_1215,1.3,Could be better.,2024-05-14 02:47:28
REV_8234,US_2077,MV_1576,6.5,Great movie!,2025-11-19 17:14:24
REV_8235,US_8602,MV_2500,1.1,Great movie!,2024-06-27 15:59:52
REV_8236,US_4539,MV_652,1.4,Great movie!,2025-03-10 21:27:04
REV_8237,US_7382,MV_3468,6.6,Could be better.,2024-03-21 01:47:05
REV_8238,US_4730,MV_3736,2.7,Great movie!,2024-06-21 08:00:20
REV_8239,US_2418,MV_7335,2.2,Great movie!,2025-12-17 04:39:39
REV_8240,US_7737,MV_6853,3.4,Could be better.,2025-05-27 18:42:49
REV_8241,US_7590,MV_4195,7.5,Great movie!,2025-01-12 12:16:55
REV_8243,US_927,MV_663,1.3,Could be better.,2025-09-04 21:31:59
REV_8244,US_4102,MV_5,4.8,Could be better.,2024-02-15 03:49:42
REV_8245,US_1599,MV_5964,7.8,Could be better.,2024-08-11 12:19:41
REV_8246,US_3499,MV_4321,4.4,Great movie!,2025-05-16 20:21:30
REV_8247,US_2483,MV_3869,6.5,Could be better.,2024-11-22 14:33:58
REV_8249,US_8115,MV_5531,1.1,Could be better.,2025-11-21 07:36:57
REV_8251,US_323,MV_6456,3.6,Great movie!,2024-12-14 21:06:45
REV_8252,US_4754,MV_594,9.6,Great movie!,2025-04-15 18:07:23
REV_8253,US_5831,MV_9900,1.9,Great movie!,2024-08-01 21:19:18
REV_8254,US_1070,MV_1832,5.2,Could be better.,2024-04-15 13:18:27
REV_8255,US_8365,MV_2893,9.5,Could be better.,2024-03-23 13:08:13
REV_8256,US_9402,MV_4041,3.2,Great movie!,2025-05-11 10:16:53
REV_8257,US_4222,MV_5810,8.4,Great movie!,2025-03-16 19:50:16
REV_8258,US_1045,MV_7937,6.0,Great movie!,2024-06-01 22:25:28
REV_8260,US_3630,MV_8425,5.0,Great movie!,2025-12-12 20:09:08
REV_8261,US_5234,MV_9502,2.9,Could be better.,2024-06-27 18:43:14
REV_8262,US_1283,MV_427,7.9,Could be better.,2025-11-03 18:08:19
REV_8263,US_8741,MV_9396,4.1,Great movie!,2024-01-08 19:57:01
REV_8264,US_4691,MV_9306,6.1,Could be better.,2024-04-24 18:17:43
REV_8265,US_7415,MV_1023,9.8,Great movie!,2024-02-08 07:48:57
REV_8266,US_3532,MV_1645,8.1,Could be better.,2024-01-10 17:06:06
REV_8267,US_1887,MV_1803,8.8,Could be better.,2025-08-27 19:09:39
REV_8268,US_664,MV_4438,6.1,Could be better.,2024-03-02 13:34:41
REV_8269,US_2835,MV_3743,5.5,Great movie!,2024-08-07 10:06:01
REV_8270,US_7196,MV_1882,9.4,Great movie!,2024-12-11 05:58:18
REV_8271,US_7400,MV_3853,8.4,Great movie!,2024-07-15 19:47:31
REV_8272,US_3020,MV_152,5.0,Could be better.,2024-06-25 19:55:01
REV_8273,US_9319,MV_7554,8.7,Great movie!,2024-03-21 21:07:53
REV_8274,US_3273,MV_9711,4.2,Great movie!,2024-09-07 22:21:08
REV_8275,US_2766,MV_7933,8.2,Great movie!,2025-01-30 12:54:46
REV_8276,US_2280,MV_7666,4.9,Could be better.,2024-08-12 00:11:06
REV_8277,US_5724,MV_7472,6.7,Great movie!,2025-06-17 02:03:23
REV_8278,US_1231,MV_9673,2.8,Could be better.,2024-11-12 21:15:07
REV_8279,US_9583,MV_4086,8.9,Great movie!,2025-06-02 17:30:42
REV_8280,US_6591,MV_7654,5.6,Great movie!,2025-02-01 20:16:04
REV_8281,US_9343,MV_9295,5.6,Great movie!,2025-10-13 07:25:08
REV_8282,US_2251,MV_3800,4.7,Great movie!,2024-04-25 15:37:39
REV_8283,US_3216,MV_1739,6.4,Great movie!,2025-01-05 22:53:53
REV_8284,US_6174,MV_6530,7.6,Great movie!,2025-05-23 02:30:23
REV_8285,US_7101,MV_165,1.6,Could be better.,2024-07-14 00:35:56
REV_8286,US_3129,MV_3317,2.9,Great movie!,2024-11-24 08:37:10
REV_8287,US_6873,MV_1474,1.0,Could be better.,2024-12-30 22:52:13
REV_8288,US_3111,MV_7278,7.7,Could be better.,2024-08-05 03:00:14
REV_8290,US_7350,MV_2096,8.2,Great movie!,2024-12-17 20:40:26
REV_8291,US_6335,MV_2209,4.9,Great movie!,2025-09-15 20:58:54
REV_8292,US_6661,MV_6683,10.0,Great movie!,2025-01-21 13:00:56
REV_8293,US_1262,MV_1459,8.0,Could be better.,2025-04-06 19:04:25
REV_8294,US_3459,MV_7091,1.5,Could be better.,2024-09-01 13:43:33
REV_8295,US_399,MV_6937,3.2,Could be better.,2025-05-08 07:24:22
REV_8296,US_5044,MV_9746,7.0,Could be better.,2024-03-26 22:43:28
REV_8297,US_7674,MV_2188,2.5,Great movie!,2025-12-01 17:08:02
REV_8298,US_1038,MV_3806,4.3,Could be better.,2025-07-02 22:27:18
REV_8299,US_4881,MV_8989,1.9,Great movie!,2024-12-03 15:32:18
REV_8300,US_4332,MV_1685,9.7,Great movie!,2025-05-26 11:27:50
REV_8301,US_2645,MV_1940,1.3,Great movie!,2024-12-29 19:00:55
REV_8303,US_3726,MV_2511,3.8,Could be better.,2025-03-08 07:34:47
REV_8304,US_1011,MV_1969,2.7,Could be better.,2024-05-03 01:47:57
REV_8305,US_7281,MV_9645,5.7,Great movie!,2025-01-05 16:05:09
REV_8306,US_117,MV_5792,9.9,Great movie!,2024-01-11 03:39:19
REV_8307,US_9150,MV_9136,8.5,Could be better.,2025-06-08 13:41:50
REV_8308,US_7881,MV_9635,1.6,Great movie!,2025-08-14 00:28:56
REV_8309,US_7868,MV_9945,9.0,Could be better.,2025-02-22 14:57:48
REV_8310,US_301,MV_938,1.3,Great movie!,2024-06-24 11:48:39
REV_8311,US_7581,MV_5813,9.8,Great movie!,2025-09-06 14:32:01
REV_8312,US_7951,MV_8040,9.2,Great movie!,2025-03-22 04:02:22
REV_8313,US_2155,MV_5263,1.6,Could be better.,2024-10-12 21:10:25
REV_8314,US_1530,MV_477,3.2,Great movie!,2025-01-30 06:44:39
REV_8315,US_6103,MV_190,6.7,Great movie!,2025-08-15 06:26:18
REV_8316,US_1325,MV_4297,1.4,Could be better.,2025-03-02 23:01:00
REV_8317,US_1859,MV_4967,5.0,Great movie!,2024-07-11 05:23:13
REV_8318,US_8006,MV_4907,3.5,Great movie!,2025-08-06 21:50:28
REV_8319,US_9656,MV_973,2.4,Great movie!,2025-10-29 23:34:08
REV_8320,US_114,MV_706,4.1,Great movie!,2024-04-04 07:29:55
REV_8321,US_5815,MV_8291,8.2,Great movie!,2025-11-25 14:11:06
REV_8322,US_5916,MV_5052,3.1,Could be better.,2024-10-20 19:42:13
REV_8323,US_1682,MV_6183,1.1,Great movie!,2024-07-13 16:37:49
REV_8324,US_3719,MV_2714,7.1,Could be better.,2025-08-30 13:01:44
REV_8325,US_4528,MV_8911,9.1,Great movie!,2025-02-23 14:27:34
REV_8327,US_2896,MV_2564,2.7,Could be better.,2024-07-13 05:28:49
REV_8328,US_1792,MV_7284,4.0,Great movie!,2024-08-16 02:03:27
REV_8329,US_4152,MV_8257,5.9,Could be better.,2025-06-20 16:23:03
REV_8330,US_5024,MV_2323,9.0,Could be better.,2025-10-23 15:28:48
REV_8331,US_4037,MV_3908,4.1,Could be better.,2024-09-11 18:25:15
REV_8332,US_1196,MV_7832,2.1,Great movie!,2024-09-28 14:00:30
REV_8334,US_8236,MV_9927,9.2,Great movie!,2025-02-04 13:53:28
REV_8335,US_4927,MV_7291,6.6,Could be better.,2025-11-18 01:10:40
REV_8336,US_3572,MV_6363,9.9,Could be better.,2024-07-11 22:02:34
REV_8337,US_2070,MV_9136,6.8,Could be better.,2025-09-02 12:43:09
REV_8338,US_5241,MV_5551,6.1,Could be better.,2024-06-28 15:25:03
REV_8339,US_5925,MV_7702,3.3,Could be better.,2024-09-14 13:14:55
REV_8340,US_4654,MV_2114,1.7,Great movie!,2025-09-12 04:15:14
REV_8341,US_7147,MV_9423,6.0,Great movie!,2024-08-12 04:20:18
REV_8342,US_2716,MV_6559,2.3,Could be better.,2025-07-16 16:25:47
REV_8343,US_3353,MV_8675,9.2,Great movie!,2025-06-02 12:15:47
REV_8344,US_8539,MV_2624,5.7,Great movie!,2024-02-07 03:07:29
REV_8345,US_7388,MV_8831,8.8,Great movie!,2024-09-21 11:13:00
REV_8346,US_7922,MV_9016,4.5,Could be better.,2025-10-10 15:33:15
REV_8348,US_48,MV_1317,6.2,Could be better.,2024-01-27 09:42:44
REV_8349,US_497,MV_3800,6.5,Could be better.,2025-03-08 23:14:43
REV_8350,US_5819,MV_73,7.6,Great movie!,2024-11-06 16:01:21
REV_8351,US_3259,MV_7395,7.5,Great movie!,2024-03-14 17:48:14
REV_8352,US_8499,MV_3427,8.9,Great movie!,2024-08-02 15:25:41
REV_8353,US_3052,MV_2441,7.2,Could be better.,2024-12-01 18:29:35
REV_8354,US_6123,MV_9895,8.5,Great movie!,2024-11-01 02:45:29
REV_8355,US_5535,MV_6338,9.7,Great movie!,2024-07-23 21:54:28
REV_8356,US_3742,MV_4868,8.0,Could be better.,2024-10-13 15:39:08
REV_8357,US_5498,MV_2940,8.5,Could be better.,2024-03-07 05:15:15
REV_8359,US_4358,MV_5045,4.7,Great movie!,2024-06-26 19:08:24
REV_8360,US_5327,MV_5246,7.5,Could be better.,2024-09-08 23:20:45
REV_8361,US_8810,MV_8310,4.4,Could be better.,2024-10-18 03:10:54
REV_8363,US_288,MV_9011,1.5,Great movie!,2024-04-25 23:52:36
REV_8364,US_6029,MV_995,2.9,Could be better.,2024-03-24 09:32:38
REV_8365,US_8328,MV_3029,5.4,Great movie!,2024-07-24 05:08:34
REV_8366,US_9716,MV_6893,3.5,Could be better.,2024-11-28 16:00:41
REV_8367,US_2166,MV_7439,2.3,Could be better.,2024-02-04 09:12:02
REV_8368,US_4672,MV_1554,5.2,Could be better.,2024-06-05 05:32:30
REV_8369,US_8267,MV_6276,9.6,Could be better.,2025-10-30 04:54:40
REV_8371,US_6626,MV_2682,6.1,Great movie!,2025-11-10 09:22:53
REV_8372,US_9073,MV_1251,3.7,Could be better.,2024-01-05 13:42:47
REV_8373,US_3796,MV_2961,3.4,Could be better.,2025-04-18 21:19:12
REV_8375,US_5734,MV_5467,7.8,Great movie!,2025-07-20 10:06:37
REV_8376,US_4353,MV_4449,6.2,Great movie!,2025-12-26 15:40:35
REV_8377,US_5345,MV_7937,3.3,Could be better.,2024-05-04 01:42:09
REV_8378,US_3198,MV_249,9.1,Could be better.,2024-12-04 14:51:56
REV_8379,US_6172,MV_7360,4.5,Great movie!,2024-04-21 02:02:21
REV_8380,US_5783,MV_7170,3.3,Could be better.,2024-03-16 18:21:30
REV_8381,US_3578,MV_7237,3.5,Great movie!,2025-01-23 21:24:39
REV_8382,US_5597,MV_1082,1.6,Great movie!,2025-06-13 20:19:46
REV_8383,US_3771,MV_401,8.3,Great movie!,2025-07-18 06:20:43
REV_8384,US_7406,MV_5286,6.3,Could be better.,2024-12-30 14:02:56
REV_8385,US_1627,MV_8018,8.2,Could be better.,2025-11-13 14:49:01
REV_8386,US_4019,MV_1393,7.8,Great movie!,2025-07-09 21:08:46
REV_8387,US_1999,MV_9415,1.0,Great movie!,2025-01-28 14:15:35
REV_8388,US_7911,MV_2562,7.3,Could be better.,2024-06-19 10:26:09
REV_8389,US_9871,MV_6794,9.5,Could be better.,2024-06-29 21:28:32
REV_8390,US_3927,MV_595,1.4,Great movie!,2025-12-17 23:24:53
REV_8391,US_9999,MV_3565,8.2,Could be better.,2024-02-24 01:05:15
REV_8392,US_4216,MV_7444,8.0,Could be better.,2024-12-29 19:27:24
REV_8393,US_2464,MV_1138,5.7,Could be better.,2024-09-03 23:19:18
REV_8394,US_7908,MV_7445,9.9,Great movie!,2024-07-02 20:12:33
REV_8395,US_622,MV_1689,4.6,Could be better.,2025-09-05 18:18:52
REV_8396,US_3297,MV_9905,7.6,Great movie!,2025-11-20 19:20:41
REV_8397,US_3489,MV_4927,1.4,Could be better.,2025-01-03 10:27:28
REV_8399,US_8034,MV_4255,5.1,Great movie!,2025-02-07 15:18:15
REV_8400,US_3272,MV_6407,5.1,Great movie!,2025-06-27 03:36:09
REV_8401,US_9448,MV_2807,4.2,Could be better.,2025-12-13 07:49:16
REV_8402,US_6537,MV_1273,3.4,Great movie!,2025-08-18 22:03:47
REV_8404,US_1168,MV_8217,1.3,Could be better.,2025-06-04 17:50:59
REV_8405,US_4337,MV_1728,8.1,Could be better.,2024-12-13 20:06:00
REV_8406,US_6340,MV_5346,1.6,Great movie!,2025-03-18 01:06:11
REV_8407,US_1626,MV_8699,6.0,Great movie!,2024-07-08 21:59:21
REV_8408,US_5283,MV_6098,8.8,Could be better.,2025-09-04 07:42:49
REV_8409,US_1189,MV_5207,4.7,Great movie!,2024-02-09 03:38:45
REV_8410,US_6242,MV_7403,8.4,Great movie!,2025-03-12 11:26:47
REV_8411,US_3001,MV_9706,5.9,Could be better.,2025-07-23 23:59:36
REV_8412,US_8214,MV_9593,9.2,Could be better.,2025-02-14 21:13:17
REV_8413,US_6899,MV_8157,1.3,Could be better.,2024-08-19 14:57:57
REV_8414,US_2106,MV_4173,9.2,Great movie!,2025-10-16 21:28:20
REV_8415,US_2656,MV_9964,5.5,Could be better.,2025-07-14 06:15:43
REV_8416,US_7005,MV_4845,3.7,Great movie!,2025-04-13 20:47:51
REV_8417,US_1758,MV_5180,7.6,Great movie!,2025-05-20 04:32:10
REV_8418,US_5412,MV_1933,9.7,Could be better.,2025-09-02 02:54:46
REV_8419,US_97,MV_2361,7.4,Could be better.,2025-01-31 07:00:50
REV_8420,US_7219,MV_9412,3.1,Could be better.,2025-04-11 04:40:27
REV_8421,US_926,MV_9178,1.8,Great movie!,2025-04-29 00:55:11
REV_8423,US_3618,MV_4755,4.1,Could be better.,2025-05-17 05:46:37
REV_8424,US_6775,MV_8254,2.9,Could be better.,2025-09-08 15:12:59
REV_8427,US_4711,MV_870,8.6,Could be better.,2024-07-11 05:33:43
REV_8428,US_7161,MV_9522,2.0,Great movie!,2025-12-14 23:24:07
REV_8429,US_9868,MV_2154,2.9,Great movie!,2024-10-11 07:20:56
REV_8430,US_7796,MV_3487,7.4,Great movie!,2025-02-01 15:52:21
REV_8431,US_8410,MV_2612,4.0,Could be better.,2024-06-11 17:42:02
REV_8432,US_6503,MV_9060,6.7,Could be better.,2024-09-29 08:32:46
REV_8433,US_6436,MV_8765,8.6,Could be better.,2025-05-03 15:53:10
REV_8434,US_6443,MV_4545,2.2,Could be better.,2025-09-23 14:39:23
REV_8435,US_9263,MV_2503,6.5,Could be better.,2024-05-18 18:56:18
REV_8436,US_8969,MV_7656,7.9,Great movie!,2024-02-27 00:11:45
REV_8437,US_9497,MV_8416,7.4,Could be better.,2024-09-06 05:26:15
REV_8439,US_9115,MV_7883,8.5,Could be better.,2024-12-07 21:47:42
REV_8440,US_6067,MV_8953,5.6,Could be better.,2024-11-29 01:18:59
REV_8441,US_6111,MV_7736,9.9,Could be better.,2024-12-16 09:45:20
REV_8442,US_3604,MV_2741,3.6,Could be better.,2024-02-18 23:06:28
REV_8443,US_3956,MV_7397,3.5,Could be better.,2024-01-20 18:07:25
REV_8444,US_3901,MV_6043,2.5,Great movie!,2025-10-21 01:19:49
REV_8445,US_6553,MV_9049,2.6,Great movie!,2025-03-22 22:03:12
REV_8446,US_7688,MV_3414,3.8,Great movie!,2025-03-12 23:48:38
REV_8448,US_1596,MV_7070,2.5,Could be better.,2024-02-29 23:21:22
REV_8449,US_2578,MV_2723,1.7,Could be better.,2025-02-11 21:51:04
REV_8450,US_9465,MV_6299,9.0,Could be better.,2024-07-26 05:37:34
REV_8452,US_8009,MV_5065,1.3,Great movie!,2024-08-01 07:33:59
REV_8454,US_4569,MV_5132,5.8,Great movie!,2025-06-12 08:48:33
REV_8455,US_3499,MV_4261,4.1,Great movie!,2024-01-26 20:53:29
REV_8456,US_1944,MV_702,3.0,Great movie!,2024-05-09 17:19:30
REV_8457,US_2984,MV_5739,7.0,Could be better.,2025-08-17 12:05:43
REV_8458,US_1663,MV_4451,7.8,Could be better.,2024-12-17 10:12:12
REV_8459,US_6603,MV_314,9.3,Great movie!,2024-02-02 04:39:50
REV_8460,US_2108,MV_4845,2.4,Great movie!,2025-04-21 23:03:16
REV_8461,US_3080,MV_2375,4.0,Great movie!,2024-12-09 19:52:05
REV_8462,US_7503,MV_6914,1.8,Could be better.,2025-05-26 00:02:55
REV_8463,US_8238,MV_2393,9.8,Could be better.,2025-06-24 20:50:34
REV_8464,US_7876,MV_199,9.0,Could be better.,2024-11-12 12:18:13
REV_8465,US_6357,MV_5624,5.1,Could be better.,2024-11-01 22:29:29
REV_8466,US_2531,MV_6055,6.4,Great movie!,2025-12-22 11:21:24
REV_8467,US_3218,MV_125,6.1,Could be better.,2024-02-02 10:35:10
REV_8468,US_9112,MV_3515,8.3,Great movie!,2024-03-07 19:27:28
REV_8469,US_922,MV_9708,1.4,Great movie!,2025-04-27 07:51:02
REV_8470,US_5340,MV_2875,9.5,Could be better.,2025-07-27 11:49:14
REV_8471,US_8293,MV_2826,2.9,Could be better.,2024-08-28 07:24:09
REV_8472,US_5674,MV_8955,4.7,Great movie!,2025-10-01 20:21:18
REV_8473,US_1069,MV_9099,1.4,Great movie!,2025-08-08 04:56:29
REV_8474,US_1084,MV_1312,1.4,Could be better.,2025-05-14 03:07:27
REV_8475,US_8386,MV_4944,5.9,Could be better.,2024-12-21 11:28:23
REV_8476,US_1480,MV_3332,5.7,Could be better.,2024-10-29 16:01:10
REV_8477,US_3309,MV_1467,2.6,Great movie!,2025-04-14 02:05:55
REV_8478,US_4249,MV_881,9.5,Could be better.,2024-02-13 23:20:11
REV_8479,US_2943,MV_5282,8.5,Could be better.,2025-05-05 23:57:28
REV_8480,US_5070,MV_6413,3.6,Could be better.,2025-02-04 13:34:49
REV_8481,US_3794,MV_6629,9.7,Great movie!,2024-04-20 09:17:34
REV_8482,US_6287,MV_8006,9.4,Could be better.,2025-01-26 21:47:46
REV_8484,US_812,MV_7863,9.0,Could be better.,2025-09-29 19:45:53
REV_8485,US_2093,MV_3771,4.5,Great movie!,2024-01-29 15:34:52
REV_8486,US_218,MV_9543,7.6,Great movie!,2025-10-25 21:35:45
REV_8487,US_8391,MV_3644,3.0,Could be better.,2025-02-18 16:44:21
REV_8488,US_4631,MV_1167,5.9,Could be better.,2025-02-23 03:41:22
REV_8489,US_2677,MV_1565,3.7,Could be better.,2025-03-11 20:00:47
REV_8490,US_1716,MV_3837,6.7,Could be better.,2024-12-03 21:24:37
REV_8491,US_2458,MV_5983,2.0,Great movie!,2024-03-23 08:08:35
REV_8492,US_7976,MV_8415,9.2,Great movie!,2025-10-10 18:16:06
REV_8493,US_1189,MV_1238,7.8,Great movie!,2024-06-06 12:32:32
REV_8494,US_6689,MV_9571,8.0,Great movie!,2025-09-21 17:39:33
REV_8496,US_6038,MV_9244,6.2,Great movie!,2024-01-03 22:08:49
REV_8497,US_7821,MV_752,1.8,Great movie!,2024-06-24 12:58:20
REV_8498,US_4222,MV_2796,9.3,Great movie!,2024-09-28 05:27:56
REV_8500,US_1048,MV_645,9.7,Great movie!,2025-09-08 22:21:09
REV_8501,US_8471,MV_1612,4.9,Great movie!,2025-06-07 07:15:43
REV_8502,US_1684,MV_466,1.1,Great movie!,2024-09-14 02:18:12
REV_8503,US_5183,MV_488,9.4,Great movie!,2025-02-07 14:23:17
REV_8504,US_9601,MV_5035,5.2,Great movie!,2024-07-18 20:46:47
REV_8505,US_650,MV_7725,4.6,Great movie!,2024-04-09 07:07:32
REV_8506,US_6816,MV_3041,6.4,Could be better.,2024-10-03 19:09:11
REV_8507,US_1306,MV_9264,5.7,Great movie!,2024-09-13 10:03:49
REV_8508,US_6575,MV_1772,6.9,Could be better.,2025-03-27 17:59:45
REV_8509,US_9732,MV_6873,6.6,Great movie!,2024-02-01 13:08:19
REV_8510,US_5356,MV_856,7.4,Could be better.,2024-10-17 20:50:30
REV_8511,US_1591,MV_3848,2.7,Could be better.,2024-03-15 18:21:35
REV_8512,US_1627,MV_5543,4.9,Great movie!,2024-12-06 12:50:59
REV_8513,US_3436,MV_544,7.0,Could be better.,2025-06-20 06:44:42
REV_8514,US_4305,MV_1354,4.8,Could be better.,2025-07-17 07:35:53
REV_8516,US_2805,MV_2335,5.1,Great movie!,2024-03-30 21:45:03
REV_8517,US_2938,MV_2698,1.7,Great movie!,2025-07-08 22:36:24
REV_8518,US_3575,MV_5621,1.6,Could be better.,2024-12-15 09:40:26
REV_8519,US_1622,MV_1829,10.0,Could be better.,2025-04-28 15:11:11
REV_8520,US_412,MV_3708,4.2,Could be better.,2025-01-23 05:31:50
REV_8521,US_715,MV_3774,8.9,Could be better.,2024-07-07 08:30:36
REV_8522,US_1217,MV_5624,4.7,Great movie!,2025-09-26 11:25:46
REV_8523,US_714,MV_2884,9.3,Could be better.,2025-09-06 22:24:49
REV_8524,US_1551,MV_5733,5.2,Great movie!,2025-07-27 13:44:08
REV_8525,US_9882,MV_5626,6.7,Great movie!,2024-03-05 16:18:50
REV_8526,US_3303,MV_1337,1.9,Could be better.,2024-07-28 10:50:51
REV_8527,US_5923,MV_1367,8.0,Could be better.,2024-01-20 10:22:56
REV_8528,US_5908,MV_4079,2.8,Could be better.,2024-11-01 12:47:10
REV_8529,US_3128,MV_234,2.0,Great movie!,2024-09-14 21:46:20
REV_8530,US_6731,MV_4610,3.7,Great movie!,2025-02-09 02:26:19
REV_8531,US_9758,MV_7681,8.2,Great movie!,2025-09-10 11:04:22
REV_8532,US_9986,MV_7025,3.9,Great movie!,2025-07-15 10:47:24
REV_8533,US_6952,MV_6273,7.7,Could be better.,2025-04-04 13:42:32
REV_8534,US_9002,MV_4617,3.2,Could be better.,2024-09-08 05:29:05
REV_8535,US_3197,MV_1424,4.8,Could be better.,2024-03-26 15:32:55
REV_8536,US_9772,MV_1162,4.3,Great movie!,2024-05-03 12:30:15
REV_8538,US_7028,MV_4275,6.3,Could be better.,2025-11-19 19:52:56
REV_8539,US_5469,MV_2691,5.2,Could be better.,2025-01-05 11:13:53
REV_8541,US_4062,MV_7736,9.9,Great movie!,2024-05-28 03:51:22
REV_8542,US_397,MV_5269,8.8,Could be better.,2025-06-27 19:11:46
REV_8543,US_1316,MV_4945,9.0,Could be better.,2024-11-13 04:32:51
REV_8544,US_4120,MV_1913,9.4,Could be better.,2024-11-26 01:51:03
REV_8545,US_8101,MV_5737,1.2,Great movie!,2024-04-10 01:39:43
REV_8546,US_1663,MV_2349,4.6,Great movie!,2025-03-13 10:21:54
REV_8547,US_4972,MV_2983,3.4,Could be better.,2024-11-29 15:09:22
REV_8548,US_3350,MV_3410,6.5,Great movie!,2025-10-20 14:54:12
REV_8550,US_4737,MV_5294,7.7,Great movie!,2024-12-22 03:56:06
REV_8551,US_4136,MV_1029,4.2,Great movie!,2025-04-28 03:01:20
REV_8552,US_5661,MV_9727,8.5,Could be better.,2025-12-04 05:06:26
REV_8554,US_523,MV_8389,3.6,Great movie!,2024-02-20 22:10:03
REV_8555,US_9893,MV_4154,5.3,Could be better.,2024-06-28 17:41:23
REV_8556,US_2217,MV_1285,6.5,Could be better.,2025-09-30 09:18:25
REV_8557,US_9732,MV_6511,6.5,Great movie!,2025-01-10 08:22:10
REV_8558,US_3073,MV_1914,9.7,Great movie!,2024-02-13 06:57:57
REV_8559,US_8952,MV_2139,7.5,Could be better.,2024-03-17 15:48:08
REV_8560,US_6433,MV_6348,6.9,Could be better.,2025-04-21 18:27:15
REV_8561,US_4821,MV_7396,3.6,Great movie!,2024-12-28 14:12:43
REV_8562,US_795,MV_5582,3.9,Great movie!,2025-06-09 19:03:12
REV_8563,US_6928,MV_741,3.5,Great movie!,2025-11-01 07:02:54
REV_8564,US_9405,MV_3145,2.3,Great movie!,2025-12-19 02:09:26
REV_8566,US_7160,MV_6192,9.0,Great movie!,2024-05-07 06:15:06
REV_8567,US_8469,MV_3451,8.4,Great movie!,2024-07-02 12:57:13
REV_8568,US_1071,MV_9103,3.1,Great movie!,2025-09-13 11:15:26
REV_8569,US_1746,MV_3529,2.8,Could be better.,2024-06-11 14:56:38
REV_8570,US_7076,MV_6055,1.7,Could be better.,2024-04-17 23:25:10
REV_8571,US_8838,MV_6859,9.2,Could be better.,2025-06-21 11:33:14
REV_8572,US_2839,MV_5904,7.4,Great movie!,2025-08-11 04:34:54
REV_8573,US_1299,MV_2702,2.1,Great movie!,2024-08-06 10:54:20
REV_8574,US_2180,MV_9429,5.5,Could be better.,2024-08-27 01:35:18
REV_8575,US_2719,MV_9833,2.8,Could be better.,2024-11-23 00:49:54
REV_8576,US_1551,MV_2719,2.9,Great movie!,2024-08-26 04:06:58
REV_8577,US_9446,MV_6136,4.0,Great movie!,2024-10-09 10:56:16
REV_8578,US_2377,MV_7536,4.7,Could be better.,2024-08-30 05:44:34
REV_8579,US_8294,MV_7316,4.8,Great movie!,2024-01-12 14:18:02
REV_8580,US_6181,MV_9799,2.5,Great movie!,2025-02-23 15:15:57
REV_8581,US_4124,MV_5027,6.2,Great movie!,2024-06-22 03:54:47
REV_8582,US_7107,MV_8140,5.6,Great movie!,2025-04-15 00:57:13
REV_8583,US_2421,MV_1362,4.8,Could be better.,2025-12-27 15:27:52
REV_8584,US_1114,MV_7031,5.9,Great movie!,2024-07-25 05:03:18
REV_8585,US_6476,MV_4055,1.1,Great movie!,2024-05-28 14:17:47
REV_8586,US_1151,MV_6176,7.0,Could be better.,2024-09-10 00:24:41
REV_8587,US_9809,MV_8445,1.0,Great movie!,2025-10-08 11:37:33
REV_8588,US_9350,MV_9554,2.1,Great movie!,2025-02-03 16:16:19
REV_8589,US_1515,MV_6562,1.2,Could be better.,2024-03-27 22:39:17
REV_8590,US_2231,MV_4530,2.9,Great movie!,2024-08-04 13:59:58
REV_8591,US_1454,MV_3714,3.2,Could be better.,2024-05-07 19:25:06
REV_8592,US_832,MV_6961,7.1,Could be better.,2025-03-04 22:12:00
REV_8594,US_3595,MV_8349,9.1,Could be better.,2024-10-20 01:53:17
REV_8595,US_8710,MV_7444,1.2,Great movie!,2025-07-04 13:34:35
REV_8596,US_398,MV_3695,6.2,Could be better.,2025-08-03 22:20:35
REV_8597,US_2471,MV_1253,4.5,Great movie!,2024-12-21 17:11:33
REV_8599,US_8565,MV_6280,3.7,Could be better.,2024-05-12 01:05:57
REV_8600,US_2314,MV_7884,8.7,Great movie!,2024-05-17 18:14:00
REV_8601,US_5756,MV_4300,8.7,Great movie!,2025-11-12 03:31:41
REV_8602,US_5476,MV_9434,5.2,Could be better.,2025-05-14 16:48:50
REV_8603,US_6660,MV_1519,3.8,Could be better.,2024-03-01 21:12:31
REV_8604,US_9580,MV_1812,7.7,Could be better.,2025-10-31 23:57:17
REV_8605,US_3810,MV_3273,6.0,Great movie!,2025-05-10 05:10:25
REV_8607,US_1722,MV_9869,3.6,Could be better.,2025-08-28 00:43:37
REV_8608,US_9144,MV_4595,9.3,Great movie!,2024-12-01 19:27:53
REV_8609,US_3866,MV_162,1.4,Could be better.,2024-04-10 17:52:57
REV_8610,US_2409,MV_2597,1.7,Could be better.,2024-03-17 12:01:22
REV_8611,US_2369,MV_3349,8.8,Could be better.,2024-09-18 13:05:53
REV_8612,US_2849,MV_9585,8.2,Could be better.,2025-08-26 10:00:30
REV_8613,US_562,MV_9432,9.3,Great movie!,2024-08-26 13:54:07
REV_8614,US_1451,MV_3489,8.4,Great movie!,2025-06-10 15:12:53
REV_8615,US_1039,MV_6641,7.2,Could be better.,2024-02-01 06:10:04
REV_8616,US_5559,MV_6690,6.1,Could be better.,2025-04-26 20:44:57
REV_8617,US_6444,MV_565,3.4,Could be better.,2024-09-24 08:41:16
REV_8618,US_5816,MV_6699,7.8,Great movie!,2024-11-06 04:18:11
REV_8619,US_7263,MV_1737,2.6,Great movie!,2025-05-25 10:55:30
REV_8620,US_1167,MV_6057,3.3,Could be better.,2024-04-04 20:25:43
REV_8621,US_8834,MV_5915,8.8,Could be better.,2025-05-21 10:21:31
REV_8622,US_3390,MV_631,8.1,Could be better.,2025-12-07 17:03:54
REV_8623,US_8268,MV_4920,3.8,Could be better.,2025-04-13 08:01:35
REV_8624,US_6972,MV_4271,3.3,Great movie!,2025-05-15 21:26:05
REV_8625,US_4324,MV_6772,6.0,Could be better.,2024-07-19 16:06:45
REV_8626,US_7184,MV_4875,3.7,Could be better.,2024-08-07 13:36:51
REV_8627,US_8453,MV_7787,2.4,Could be better.,2024-11-06 07:03:23
REV_8628,US_9374,MV_2809,1.0,Could be better.,2024-01-13 11:13:32
REV_8629,US_3688,MV_6179,6.5,Great movie!,2024-12-17 19:25:56
REV_8630,US_4752,MV_4656,1.6,Could be better.,2024-08-22 19:12:06
REV_8631,US_6772,MV_4998,7.5,Could be better.,2025-08-23 18:16:16
REV_8632,US_771,MV_8672,9.1,Great movie!,2025-03-21 15:30:11
REV_8634,US_854,MV_4510,7.8,Could be better.,2024-01-18 03:00:15
REV_8635,US_9364,MV_9247,4.5,Could be better.,2025-04-23 10:42:59
REV_8636,US_2208,MV_3180,3.6,Great movie!,2024-09-08 11:30:16
REV_8637,US_3037,MV_8088,2.2,Great movie!,2024-08-10 00:50:46
REV_8638,US_4439,MV_140,5.1,Great movie!,2025-08-23 19:47:44
REV_8639,US_825,MV_1728,2.3,Could be better.,2024-04-15 10:40:31
REV_8640,US_5425,MV_5949,4.9,Great movie!,2025-10-30 23:22:22
REV_8641,US_6404,MV_7812,5.8,Great movie!,2024-05-07 13:29:44
REV_8642,US_7285,MV_1513,1.6,Could be better.,2025-04-20 16:15:35
REV_8643,US_8668,MV_6867,8.3,Great movie!,2025-05-17 11:37:18
REV_8644,US_4116,MV_6391,3.9,Great movie!,2024-10-20 07:31:09
REV_8645,US_8776,MV_868,7.9,Could be better.,2024-08-18 04:30:11
REV_8646,US_8073,MV_1669,1.6,Could be better.,2024-01-02 23:35:12
REV_8647,US_510,MV_1182,5.0,Could be better.,2025-12-06 13:13:34
REV_8648,US_3208,MV_4929,4.6,Could be better.,2024-12-31 17:07:50
REV_8649,US_3411,MV_6813,6.4,Great movie!,2025-07-16 10:16:04
REV_8650,US_153,MV_4162,4.1,Great movie!,2025-10-14 15:12:29
REV_8651,US_3664,MV_6924,9.3,Could be better.,2024-04-18 23:09:50
REV_8653,US_1981,MV_7961,9.9,Could be better.,2025-07-09 23:26:03
REV_8654,US_7505,MV_6293,2.1,Great movie!,2024-01-31 17:39:14
REV_8655,US_8086,MV_7207,3.2,Great movie!,2025-04-29 04:09:36
REV_8656,US_8956,MV_7205,6.4,Could be better.,2025-06-05 16:47:02
REV_8657,US_1387,MV_4518,3.4,Great movie!,2025-08-23 12:39:33
REV_8658,US_7174,MV_2549,5.3,Great movie!,2024-06-14 15:36:19
REV_8659,US_926,MV_2059,5.5,Great movie!,2025-10-09 02:53:34
REV_8661,US_1615,MV_7967,1.7,Could be better.,2025-06-25 12:55:12
REV_8662,US_3060,MV_2227,7.5,Could be better.,2025-02-09 08:09:33
REV_8663,US_8231,MV_8626,1.6,Great movie!,2024-01-12 20:26:11
REV_8664,US_7448,MV_1932,7.0,Could be better.,2025-11-02 23:02:59
REV_8665,US_9017,MV_6213,2.5,Could be better.,2025-09-05 00:26:45
REV_8666,US_8266,MV_2314,4.1,Could be better.,2025-04-04 05:03:36
REV_8667,US_5140,MV_8963,3.1,Great movie!,2024-03-22 00:40:41
REV_8668,US_8555,MV_7548,1.7,Great movie!,2025-03-18 21:17:06
REV_8669,US_7420,MV_6863,1.7,Could be better.,2025-04-20 20:37:20
REV_8670,US_2218,MV_4585,7.1,Could be better.,2024-03-12 05:49:43
REV_8671,US_913,MV_4493,1.9,Could be better.,2024-11-05 21:27:05
REV_8672,US_1491,MV_2525,3.9,Could be better.,2024-01-18 18:37:48
REV_8673,US_9499,MV_295,9.2,Could be better.,2025-11-05 21:15:23
REV_8674,US_5153,MV_8086,6.0,Could be better.,2024-05-29 04:13:59
REV_8675,US_4083,MV_2284,7.5,Great movie!,2024-04-09 10:51:26
REV_8676,US_5337,MV_8942,3.7,Great movie!,2024-12-19 16:22:34
REV_8677,US_5199,MV_861,6.7,Great movie!,2024-11-13 02:55:00
REV_8678,US_3919,MV_4525,1.2,Great movie!,2024-04-04 06:30:32
REV_8679,US_7973,MV_4932,5.0,Great movie!,2025-12-24 02:11:24
REV_8680,US_8120,MV_9879,5.8,Great movie!,2024-10-18 22:02:26
REV_8681,US_9625,MV_7663,9.0,Could be better.,2024-06-01 09:10:15
REV_8682,US_5786,MV_1526,4.1,Great movie!,2024-12-27 19:20:35
REV_8683,US_1458,MV_7594,7.1,Could be better.,2024-04-09 06:38:02
REV_8684,US_3765,MV_9119,7.6,Great movie!,2025-06-24 12:22:11
REV_8685,US_9860,MV_2847,6.9,Great movie!,2025-05-23 16:55:40
REV_8686,US_6509,MV_6098,9.7,Great movie!,2024-07-01 16:22:44
REV_8687,US_1820,MV_8024,7.8,Could be better.,2025-11-17 07:50:11
REV_8688,US_3826,MV_4881,7.7,Great movie!,2024-12-25 23:59:36
REV_8689,US_6797,MV_3889,2.5,Great movie!,2025-10-05 09:52:33
REV_8690,US_4937,MV_3704,2.8,Great movie!,2024-09-09 01:18:45
REV_8691,US_9905,MV_3377,1.2,Great movie!,2024-02-14 00:35:34
REV_8692,US_1160,MV_1571,2.0,Could be better.,2025-10-06 02:32:52
REV_8693,US_6653,MV_7220,9.3,Could be better.,2025-07-18 07:49:40
REV_8694,US_7615,MV_5788,3.8,Could be better.,2024-12-25 21:50:26
REV_8695,US_5977,MV_450,3.8,Great movie!,2025-06-02 00:42:37
REV_8696,US_56,MV_2379,4.7,Could be better.,2025-05-02 09:51:43
REV_8697,US_8579,MV_6859,2.4,Great movie!,2025-09-16 13:18:11
REV_8698,US_9953,MV_9927,4.1,Could be better.,2025-08-10 13:06:16
REV_8699,US_6303,MV_9921,4.6,Could be better.,2025-12-10 06:11:47
REV_8700,US_1730,MV_1462,7.6,Great movie!,2025-09-30 12:29:32
REV_8701,US_232,MV_6108,1.5,Could be better.,2025-02-04 17:22:16
REV_8702,US_170,MV_3494,8.9,Could be better.,2024-07-20 06:24:10
REV_8703,US_56,MV_5484,1.1,Could be better.,2024-03-31 11:29:20
REV_8704,US_2547,MV_8532,3.4,Great movie!,2025-01-31 05:39:35
REV_8705,US_7282,MV_163,4.9,Great movie!,2024-11-12 04:34:16
REV_8707,US_4446,MV_3333,6.5,Could be better.,2025-10-01 06:11:45
REV_8708,US_202,MV_3384,6.8,Great movie!,2024-05-28 11:41:29
REV_8709,US_4721,MV_1569,5.3,Great movie!,2025-11-04 02:38:47
REV_8710,US_6290,MV_5023,8.0,Great movie!,2025-11-15 13:14:58
REV_8711,US_9670,MV_249,3.1,Could be better.,2025-02-10 08:09:59
REV_8712,US_6448,MV_8365,2.8,Great movie!,2025-09-01 12:56:56
REV_8713,US_6351,MV_5653,1.4,Could be better.,2025-06-26 20:06:07
REV_8714,US_8872,MV_4901,1.7,Great movie!,2025-01-06 13:03:07
REV_8715,US_4918,MV_8397,6.1,Could be better.,2025-04-23 04:44:46
REV_8716,US_7682,MV_4464,3.4,Great movie!,2025-09-22 09:14:21
REV_8717,US_6147,MV_6504,6.8,Great movie!,2024-10-30 08:28:37
REV_8719,US_6628,MV_2739,4.3,Could be better.,2025-03-27 10:55:43
REV_8721,US_6211,MV_7995,7.6,Could be better.,2025-08-23 04:04:55
REV_8722,US_3084,MV_7242,6.3,Great movie!,2024-07-15 03:04:03
REV_8723,US_1627,MV_1420,1.3,Could be better.,2024-10-05 02:46:09
REV_8724,US_7677,MV_450,1.7,Could be better.,2025-04-10 14:12:49
REV_8725,US_1871,MV_6083,5.7,Could be better.,2024-08-09 07:06:46
REV_8726,US_2710,MV_2925,4.2,Could be better.,2024-11-18 06:56:08
REV_8727,US_521,MV_7006,3.6,Great movie!,2025-06-24 02:29:58
REV_8728,US_4125,MV_2231,1.4,Could be better.,2025-03-24 14:13:48
REV_8729,US_6918,MV_2067,6.1,Great movie!,2025-06-05 06:24:15
REV_8730,US_1770,MV_9559,2.2,Great movie!,2024-01-12 18:41:42
REV_8731,US_8558,MV_148,4.3,Great movie!,2025-12-23 01:04:55
REV_8732,US_3632,MV_3254,5.8,Great movie!,2025-11-14 20:47:43
REV_8733,US_8343,MV_3752,5.2,Great movie!,2025-11-13 21:22:55
REV_8734,US_9206,MV_3796,3.6,Could be better.,2024-05-04 23:22:48
REV_8735,US_7259,MV_2084,3.2,Great movie!,2025-05-18 18:12:25
REV_8736,US_7579,MV_9188,5.7,Could be better.,2025-12-26 08:37:49
REV_8737,US_7144,MV_4662,9.2,Great movie!,2025-10-01 05:13:28
REV_8738,US_6329,MV_6930,3.6,Could be better.,2024-02-21 12:37:03
REV_8739,US_2141,MV_6266,8.9,Could be better.,2024-05-11 21:10:50
REV_8741,US_6890,MV_6701,6.9,Could be better.,2025-02-21 02:25:25
REV_8742,US_1023,MV_2601,8.5,Could be better.,2025-10-12 11:43:00
REV_8743,US_8598,MV_7501,3.1,Could be better.,2024-06-08 14:35:02
REV_8744,US_2730,MV_4603,9.3,Could be better.,2025-08-08 20:36:21
REV_8745,US_6579,MV_3559,7.4,Could be better.,2025-05-26 10:12:00
REV_8746,US_408,MV_4687,3.5,Could be better.,2025-08-04 11:22:29
REV_8747,US_2635,MV_8757,7.9,Great movie!,2024-03-27 01:43:37
REV_8749,US_1923,MV_7929,5.9,Could be better.,2025-09-17 18:23:42
REV_8750,US_1698,MV_7554,7.7,Could be better.,2024-05-15 17:58:22
REV_8751,US_7203,MV_3902,2.6,Great movie!,2024-02-29 06:27:12
REV_8752,US_5493,MV_1609,3.8,Could be better.,2025-12-06 17:27:16
REV_8753,US_6656,MV_6554,1.3,Great movie!,2025-05-15 18:45:57
REV_8754,US_9121,MV_4122,9.0,Could be better.,2025-03-26 15:07:11
REV_8755,US_2961,MV_7992,2.8,Could be better.,2025-04-09 13:22:13
REV_8756,US_9220,MV_9393,3.1,Could be better.,2025-02-07 02:39:41
REV_8757,US_7239,MV_1055,6.1,Could be better.,2025-02-14 18:24:15
REV_8758,US_412,MV_3642,1.3,Great movie!,2025-07-22 09:21:52
REV_8759,US_529,MV_5109,7.2,Could be better.,2024-02-27 04:21:02
REV_8760,US_6407,MV_5572,5.3,Could be better.,2025-06-30 13:30:36
REV_8761,US_4313,MV_5596,3.3,Could be better.,2024-05-06 21:35:05
REV_8762,US_7507,MV_1193,8.9,Could be better.,2025-12-22 12:31:10
REV_8763,US_729,MV_470,5.8,Could be better.,2024-09-08 17:28:22
REV_8765,US_7088,MV_4453,6.2,Could be better.,2025-03-02 03:37:17
REV_8766,US_7413,MV_3678,1.4,Great movie!,2024-05-07 19:55:01
REV_8767,US_2387,MV_6562,2.5,Great movie!,2024-04-22 18:00:38
REV_8768,US_5626,MV_9284,3.5,Could be better.,2024-01-30 03:22:31
REV_8769,US_3125,MV_9322,3.4,Could be better.,2025-07-27 11:52:28
REV_8770,US_8138,MV_9685,6.9,Great movie!,2024-02-24 12:22:44
REV_8771,US_2383,MV_9164,3.1,Great movie!,2025-08-17 00:19:00
REV_8773,US_3931,MV_7292,4.6,Great movie!,2024-05-21 22:26:17
REV_8774,US_6431,MV_2393,4.9,Could be better.,2024-07-20 17:20:37
REV_8775,US_5510,MV_8766,1.4,Could be better.,2025-05-01 14:23:38
REV_8776,US_4748,MV_2703,3.4,Great movie!,2025-12-27 02:57:12
REV_8777,US_8497,MV_5967,3.2,Could be better.,2024-10-28 19:19:18
REV_8778,US_9312,MV_3439,4.2,Great movie!,2024-08-12 23:48:26
REV_8779,US_2465,MV_2261,4.7,Could be better.,2024-06-17 21:28:02
REV_8781,US_6787,MV_1162,6.8,Great movie!,2025-05-28 03:46:56
REV_8782,US_9405,MV_1468,3.4,Could be better.,2024-06-30 07:56:56
REV_8783,US_791,MV_2457,4.5,Great movie!,2024-09-20 03:47:15
REV_8785,US_2425,MV_3999,9.4,Could be better.,2024-09-03 06:06:45
REV_8786,US_8947,MV_1413,8.9,Great movie!,2025-03-02 04:04:03
REV_8787,US_4468,MV_10000,4.7,Could be better.,2025-10-19 16:35:55
REV_8788,US_2537,MV_4027,6.7,Could be better.,2025-12-15 07:19:46
REV_8789,US_7935,MV_8175,9.5,Could be better.,2025-01-02 22:49:44
REV_8790,US_3148,MV_3423,2.5,Great movie!,2025-09-23 21:14:36
REV_8791,US_4343,MV_7851,2.9,Great movie!,2024-07-12 00:09:42
REV_8792,US_6976,MV_6433,7.4,Great movie!,2025-05-23 18:55:54
REV_8793,US_5614,MV_8323,5.4,Could be better.,2024-11-18 21:03:36
REV_8794,US_9526,MV_5998,9.1,Could be better.,2024-02-20 22:25:24
REV_8797,US_4602,MV_5358,3.3,Could be better.,2025-10-09 03:35:47
REV_8798,US_13,MV_9174,5.5,Great movie!,2024-10-17 17:47:49
REV_8799,US_6039,MV_8544,7.5,Great movie!,2025-06-21 21:19:10
REV_8800,US_4730,MV_666,7.4,Great movie!,2025-01-28 04:28:53
REV_8801,US_4598,MV_170,8.7,Great movie!,2025-08-27 11:20:10
REV_8802,US_9000,MV_8723,4.8,Could be better.,2024-01-14 22:42:35
REV_8803,US_8867,MV_813,6.1,Great movie!,2025-02-05 18:27:35
REV_8804,US_5892,MV_3355,3.1,Could be better.,2024-02-03 04:21:38
REV_8805,US_4951,MV_4808,3.8,Could be better.,2024-05-16 11:43:13
REV_8806,US_8973,MV_5669,8.1,Great movie!,2024-01-01 19:44:58
REV_8807,US_5030,MV_5557,3.6,Could be better.,2025-01-23 19:30:22
REV_8808,US_225,MV_8309,2.7,Great movie!,2025-11-27 01:22:30
REV_8809,US_2826,MV_7315,4.9,Great movie!,2024-12-27 20:15:51
REV_8811,US_5741,MV_974,1.7,Great movie!,2025-03-28 11:37:26
REV_8812,US_3798,MV_1745,8.8,Great movie!,2024-08-22 00:17:20
REV_8813,US_2230,MV_8261,7.6,Great movie!,2025-09-01 05:18:55
REV_8814,US_1888,MV_1144,4.0,Great movie!,2025-11-18 19:37:40
REV_8816,US_5686,MV_4912,2.0,Could be better.,2025-07-05 22:14:01
REV_8817,US_5432,MV_6904,7.0,Great movie!,2025-05-09 00:32:41
REV_8818,US_4693,MV_8610,3.5,Great movie!,2024-05-06 17:39:12
REV_8819,US_5318,MV_9171,3.5,Great movie!,2025-03-28 21:33:47
REV_8820,US_6920,MV_7061,4.5,Great movie!,2025-10-29 12:42:27
REV_8821,US_3809,MV_207,9.1,Could be better.,2024-02-03 04:50:41
REV_8822,US_6520,MV_9780,8.8,Great movie!,2025-08-21 02:43:15
REV_8825,US_852,MV_5943,3.0,Great movie!,2024-10-08 03:26:56
REV_8826,US_2703,MV_2220,3.0,Great movie!,2025-01-12 11:53:19
REV_8827,US_256,MV_9590,5.6,Great movie!,2025-08-03 22:47:18
REV_8828,US_5937,MV_390,3.5,Great movie!,2025-06-01 14:27:24
REV_8829,US_1257,MV_2799,4.8,Great movie!,2025-05-05 00:43:55
REV_8830,US_1606,MV_715,1.8,Great movie!,2025-07-09 10:22:45
REV_8831,US_6707,MV_6339,3.6,Great movie!,2025-02-18 04:15:09
REV_8832,US_612,MV_1037,3.0,Great movie!,2025-03-19 16:23:35
REV_8833,US_1685,MV_3947,2.6,Great movie!,2025-01-28 03:38:35
REV_8834,US_2370,MV_3944,4.4,Could be better.,2025-07-25 20:12:54
REV_8835,US_3353,MV_2793,2.3,Great movie!,2025-11-09 17:22:09
REV_8836,US_4815,MV_8217,9.5,Could be better.,2025-07-22 08:03:05
REV_8837,US_970,MV_1886,1.5,Could be better.,2024-05-02 22:31:34
REV_8838,US_880,MV_6560,5.6,Could be better.,2024-10-01 16:32:05
REV_8839,US_4144,MV_7161,8.5,Could be better.,2025-08-31 09:15:31
REV_8840,US_5679,MV_4600,3.7,Great movie!,2024-01-31 06:29:27
REV_8841,US_8083,MV_1447,4.0,Could be better.,2025-09-09 04:34:06
REV_8842,US_260,MV_5767,1.6,Great movie!,2024-04-27 22:18:21
REV_8843,US_2085,MV_3163,9.6,Could be better.,2024-06-04 12:12:03
REV_8844,US_7806,MV_2779,8.6,Great movie!,2025-01-13 13:49:32
REV_8845,US_6678,MV_1497,7.7,Great movie!,2025-08-12 22:42:27
REV_8846,US_89,MV_6179,9.0,Could be better.,2024-05-31 10:34:49
REV_8847,US_8021,MV_7962,2.3,Great movie!,2024-10-13 00:24:23
REV_8848,US_4771,MV_317,2.2,Great movie!,2025-06-15 11:50:22
REV_8849,US_1632,MV_2991,8.1,Great movie!,2025-04-22 17:16:40
REV_8850,US_717,MV_3987,7.5,Could be better.,2024-07-10 17:17:46
REV_8851,US_998,MV_1199,5.1,Could be better.,2024-12-25 15:38:42
REV_8852,US_855,MV_1970,6.1,Could be better.,2024-11-24 20:01:47
REV_8853,US_890,MV_897,5.3,Great movie!,2025-02-19 16:38:52
REV_8854,US_1659,MV_4215,1.1,Great movie!,2024-06-07 03:00:34
REV_8855,US_5549,MV_7506,1.8,Great movie!,2025-08-04 03:37:19
REV_8856,US_9465,MV_761,4.2,Great movie!,2025-03-30 21:35:08
REV_8857,US_797,MV_3757,2.5,Could be better.,2024-12-13 04:47:29
REV_8858,US_6107,MV_4557,4.8,Could be better.,2024-08-17 04:05:03
REV_8860,US_992,MV_9530,3.8,Great movie!,2025-04-10 16:10:54
REV_8861,US_7804,MV_6511,3.8,Could be better.,2024-01-01 02:52:59
REV_8862,US_5034,MV_7525,9.1,Great movie!,2024-03-18 10:28:43
REV_8863,US_5719,MV_4993,3.6,Great movie!,2025-10-12 05:20:24
REV_8864,US_323,MV_5542,2.5,Great movie!,2024-01-10 03:47:58
REV_8866,US_8119,MV_2942,4.8,Great movie!,2025-10-15 12:54:30
REV_8867,US_1391,MV_3852,3.8,Great movie!,2025-12-23 14:49:30
REV_8869,US_3401,MV_133,6.9,Could be better.,2024-01-02 11:47:55
REV_8870,US_8856,MV_3594,7.5,Great movie!,2025-11-29 00:58:25
REV_8871,US_302,MV_9999,4.9,Could be better.,2024-04-23 14:13:39
REV_8872,US_8300,MV_2313,4.7,Could be better.,2025-08-25 20:21:00
REV_8873,US_4813,MV_9590,7.9,Great movie!,2025-05-24 03:10:12
REV_8874,US_8277,MV_5234,6.8,Could be better.,2025-03-31 02:20:14
REV_8875,US_4334,MV_2916,2.1,Great movie!,2025-12-19 19:36:00
REV_8876,US_8298,MV_7465,8.3,Great movie!,2025-10-07 02:33:16
REV_8877,US_5160,MV_3567,5.4,Could be better.,2025-02-28 02:06:40
REV_8878,US_687,MV_6849,8.3,Could be better.,2024-03-19 03:02:50
REV_8879,US_6316,MV_2576,5.8,Could be better.,2025-05-26 23:31:00
REV_8880,US_3400,MV_2092,4.2,Could be better.,2025-04-01 20:38:14
REV_8881,US_2093,MV_3446,5.5,Could be better.,2025-10-25 23:08:28
REV_8882,US_7647,MV_2645,7.3,Great movie!,2024-05-08 21:37:31
REV_8883,US_8434,MV_9414,5.7,Great movie!,2024-09-11 16:37:58
REV_8884,US_9597,MV_3842,3.4,Great movie!,2024-11-15 21:44:07
REV_8885,US_774,MV_9574,7.5,Could be better.,2024-06-30 09:28:56
REV_8886,US_3808,MV_1202,4.2,Great movie!,2025-10-04 01:39:52
REV_8887,US_257,MV_3355,1.3,Could be better.,2024-10-12 20:24:58
REV_8888,US_322,MV_9947,4.7,Great movie!,2025-03-22 23:48:20
REV_8889,US_7309,MV_4952,7.2,Great movie!,2024-01-09 17:26:50
REV_8890,US_5290,MV_4675,8.9,Great movie!,2025-04-27 06:06:05
REV_8891,US_549,MV_8930,5.5,Could be better.,2025-09-27 02:40:38
REV_8892,US_3458,MV_6553,5.1,Could be better.,2025-01-08 02:02:05
REV_8893,US_6057,MV_8557,4.2,Could be better.,2024-02-27 23:47:00
REV_8894,US_9998,MV_3692,5.6,Could be better.,2025-06-02 14:31:36
REV_8895,US_8704,MV_8320,5.9,Could be better.,2025-02-21 05:34:30
REV_8896,US_4673,MV_7150,1.5,Great movie!,2024-05-16 16:20:21
REV_8897,US_1883,MV_5705,7.5,Could be better.,2025-10-22 02:31:23
REV_8899,US_5375,MV_3689,8.7,Could be better.,2024-05-02 16:16:13
REV_8900,US_8409,MV_41,3.2,Great movie!,2025-07-05 21:40:50
REV_8901,US_8537,MV_3498,9.3,Could be better.,2024-09-11 19:40:25
REV_8902,US_3477,MV_9747,5.5,Great movie!,2025-01-23 23:48:17
REV_8903,US_8071,MV_8371,9.2,Great movie!,2025-11-30 04:03:50
REV_8905,US_1184,MV_2915,5.6,Great movie!,2025-04-02 02:19:11
REV_8906,US_771,MV_1958,2.7,Great movie!,2024-05-14 20:43:04
REV_8907,US_2162,MV_5819,3.0,Could be better.,2024-03-13 09:15:34
REV_8908,US_3737,MV_7598,7.6,Could be better.,2024-02-15 02:37:58
REV_8910,US_7877,MV_6288,7.7,Could be better.,2024-10-21 12:23:26
REV_8911,US_5429,MV_2554,2.5,Could be better.,2024-07-06 23:02:22
REV_8912,US_9584,MV_5490,8.6,Could be better.,2024-04-24 10:16:58
REV_8913,US_2290,MV_6539,2.6,Could be better.,2024-10-31 18:14:14
REV_8914,US_7691,MV_7209,9.3,Could be better.,2025-02-07 03:11:07
REV_8915,US_4123,MV_2482,6.4,Could be better.,2024-04-26 01:57:11
REV_8916,US_8565,MV_8364,8.8,Great movie!,2025-08-18 18:51:41
REV_8917,US_7313,MV_522,2.7,Could be better.,2024-11-11 07:48:26
REV_8918,US_8400,MV_2106,8.8,Great movie!,2024-01-25 14:55:06
REV_8919,US_844,MV_882,1.9,Great movie!,2024-08-28 12:46:57
REV_8920,US_1145,MV_1850,7.8,Great movie!,2025-01-09 03:29:22
REV_8921,US_5509,MV_501,4.4,Could be better.,2025-10-18 19:23:03
REV_8922,US_547,MV_1543,3.7,Great movie!,2024-06-02 01:30:16
REV_8923,US_2374,MV_6202,9.7,Great movie!,2024-09-21 21:31:38
REV_8924,US_6494,MV_3676,5.4,Great movie!,2025-10-17 18:57:39
REV_8925,US_9721,MV_2513,8.2,Great movie!,2024-10-28 17:22:02
REV_8926,US_4017,MV_8977,1.9,Could be better.,2025-11-10 17:56:11
REV_8927,US_8137,MV_718,8.7,Could be better.,2024-08-02 18:31:01
REV_8928,US_9791,MV_685,5.6,Could be better.,2025-11-25 14:41:15
REV_8929,US_7247,MV_6946,8.7,Great movie!,2025-01-25 07:20:12
REV_8930,US_686,MV_357,5.6,Great movie!,2025-05-24 19:19:22
REV_8931,US_4415,MV_847,2.4,Could be better.,2024-01-17 21:36:53
REV_8932,US_1783,MV_4603,1.9,Great movie!,2024-11-15 17:09:26
REV_8933,US_5010,MV_3032,7.7,Could be better.,2024-10-13 18:54:22
REV_8935,US_7278,MV_4897,2.0,Great movie!,2025-09-15 21:18:54
REV_8936,US_601,MV_4955,1.3,Great movie!,2024-05-24 21:53:41
REV_8937,US_9251,MV_6587,5.9,Could be better.,2024-02-11 00:19:20
REV_8938,US_5287,MV_620,4.5,Could be better.,2025-03-31 10:21:14
REV_8939,US_7999,MV_1601,2.1,Could be better.,2025-11-10 01:00:58
REV_8940,US_8815,MV_6765,7.9,Great movie!,2024-02-25 09:44:56
REV_8941,US_7468,MV_2266,3.6,Great movie!,2024-05-12 03:24:18
REV_8942,US_2001,MV_6711,6.0,Great movie!,2024-02-16 11:44:07
REV_8943,US_8028,MV_3976,8.0,Could be better.,2025-06-07 08:15:48
REV_8944,US_9102,MV_4430,4.4,Great movie!,2024-03-06 07:11:59
REV_8945,US_8862,MV_6247,6.0,Could be better.,2024-08-20 03:00:53
REV_8946,US_313,MV_7900,3.2,Could be better.,2025-03-21 15:16:39
REV_8947,US_5026,MV_6776,9.6,Could be better.,2024-03-08 21:50:41
REV_8948,US_5320,MV_1355,4.3,Great movie!,2024-02-04 07:48:12
REV_8949,US_7303,MV_3749,9.8,Could be better.,2025-01-09 17:43:51
REV_8951,US_3794,MV_7386,6.4,Great movie!,2024-08-07 06:36:39
REV_8952,US_3892,MV_3671,7.5,Could be better.,2025-06-11 10:24:15
REV_8953,US_545,MV_927,2.9,Great movie!,2024-01-06 04:56:45
REV_8954,US_4790,MV_3917,1.0,Could be better.,2025-10-11 05:00:27
REV_8955,US_2744,MV_752,1.9,Great movie!,2025-07-11 00:46:21
REV_8956,US_8584,MV_4821,4.8,Could be better.,2025-08-25 05:11:06
REV_8957,US_9736,MV_941,7.8,Great movie!,2025-02-14 04:45:56
REV_8958,US_1648,MV_5344,8.1,Could be better.,2024-02-24 03:08:14
REV_8959,US_8236,MV_3195,8.0,Could be better.,2025-12-25 22:52:25
REV_8960,US_435,MV_2486,7.4,Great movie!,2025-05-01 00:37:01
REV_8961,US_1667,MV_6326,6.2,Great movie!,2025-01-09 07:04:31
REV_8963,US_279,MV_5150,6.3,Great movie!,2024-07-23 11:06:26
REV_8964,US_9189,MV_3201,5.1,Could be better.,2025-04-02 20:31:07
REV_8965,US_7935,MV_3051,5.2,Could be better.,2025-08-24 08:37:39
REV_8966,US_6296,MV_8347,9.7,Could be better.,2025-08-12 10:39:35
REV_8967,US_1621,MV_6513,1.3,Great movie!,2024-10-20 14:13:19
REV_8968,US_5441,MV_9940,4.1,Great movie!,2025-01-08 08:31:32
REV_8969,US_5924,MV_1499,7.2,Great movie!,2025-02-24 05:07:07
REV_8970,US_1589,MV_2550,8.7,Could be better.,2024-04-06 08:35:15
REV_8971,US_6848,MV_2594,5.4,Could be better.,2025-10-23 22:01:34
REV_8973,US_4981,MV_3880,1.8,Great movie!,2024-11-21 16:49:35
REV_8974,US_999,MV_2034,4.7,Great movie!,2025-10-01 16:36:55
REV_8975,US_6285,MV_5887,7.0,Could be better.,2025-10-10 04:10:42
REV_8976,US_4397,MV_6917,1.1,Great movie!,2025-05-20 17:15:25
REV_8977,US_8170,MV_7343,6.4,Could be better.,2024-03-12 11:12:06
REV_8978,US_1690,MV_823,6.2,Great movie!,2024-03-04 01:55:24
REV_8979,US_6279,MV_2676,2.0,Great movie!,2024-01-04 00:49:29
REV_8980,US_1225,MV_6422,6.5,Great movie!,2025-06-29 15:54:57
REV_8981,US_8649,MV_9213,8.9,Could be better.,2025-10-03 12:56:56
REV_8982,US_8950,MV_3614,5.6,Could be better.,2024-11-19 16:09:59
REV_8983,US_8158,MV_9043,9.9,Great movie!,2024-10-24 00:09:09
REV_8984,US_5888,MV_555,4.0,Great movie!,2024-08-27 23:00:46
REV_8985,US_2652,MV_8328,9.4,Could be better.,2024-03-08 18:07:23
REV_8987,US_4930,MV_3146,2.9,Great movie!,2024-06-21 14:57:55
REV_8988,US_3669,MV_6682,1.2,Great movie!,2025-11-17 13:14:56
REV_8989,US_6505,MV_5744,3.3,Could be better.,2024-12-14 17:25:31
REV_8990,US_563,MV_8127,1.2,Could be better.,2024-07-01 13:05:15
REV_8991,US_6599,MV_4591,9.3,Great movie!,2024-05-17 23:15:49
REV_8992,US_8003,MV_8691,2.5,Could be better.,2024-02-17 00:20:24
REV_8993,US_7749,MV_205,6.4,Great movie!,2024-11-02 19:09:51
REV_8994,US_479,MV_5570,8.9,Great movie!,2024-02-01 03:31:38
REV_8995,US_3563,MV_605,8.7,Could be better.,2025-05-15 22:09:41
REV_8997,US_6080,MV_3129,9.6,Could be better.,2024-01-05 08:30:37
REV_8999,US_5042,MV_8066,1.6,Could be better.,2025-12-28 18:03:00
REV_9000,US_1617,MV_7245,3.6,Great movie!,2025-04-18 23:21:58
REV_9001,US_1671,MV_3132,1.8,Great movie!,2025-08-18 04:52:17
REV_9002,US_8843,MV_1022,5.6,Could be better.,2024-04-30 20:24:30
REV_9003,US_499,MV_3916,8.9,Great movie!,2024-04-06 23:34:17
REV_9004,US_7833,MV_8362,9.0,Could be better.,2024-03-16 16:34:17
REV_9005,US_5071,MV_4915,3.7,Great movie!,2024-02-13 09:18:47
REV_9006,US_6920,MV_4199,4.6,Great movie!,2024-04-05 19:15:29
REV_9007,US_1705,MV_7006,5.1,Great movie!,2024-04-05 22:51:04
REV_9008,US_5062,MV_4404,4.0,Great movie!,2024-07-08 01:37:20
REV_9009,US_3849,MV_4753,9.6,Great movie!,2024-02-26 19:22:03
REV_9010,US_6542,MV_2433,1.9,Great movie!,2024-05-29 12:08:39
REV_9011,US_34,MV_8054,9.9,Great movie!,2025-07-30 23:26:27
REV_9013,US_1322,MV_3147,4.6,Great movie!,2024-10-27 20:36:42
REV_9014,US_9260,MV_9375,9.8,Could be better.,2025-12-29 18:34:16
REV_9015,US_118,MV_3693,6.8,Could be better.,2024-06-26 08:37:56
REV_9016,US_2354,MV_1150,6.2,Great movie!,2025-10-29 18:52:48
REV_9017,US_3258,MV_4285,8.9,Could be better.,2024-08-27 21:14:58
REV_9018,US_7138,MV_8418,5.9,Could be better.,2024-01-23 22:10:15
REV_9020,US_7212,MV_2786,4.1,Could be better.,2025-12-04 04:29:12
REV_9022,US_3593,MV_7691,8.7,Great movie!,2025-12-12 19:38:01
REV_9023,US_6158,MV_4251,1.6,Could be better.,2024-05-17 16:13:22
REV_9024,US_7407,MV_8504,5.0,Could be better.,2025-07-31 01:14:18
REV_9025,US_3787,MV_3623,6.9,Great movie!,2024-06-12 11:47:21
REV_9026,US_4752,MV_4355,6.5,Great movie!,2024-12-27 15:17:24
REV_9027,US_3290,MV_6294,1.6,Could be better.,2024-02-11 01:01:08
REV_9028,US_2961,MV_7844,4.4,Could be better.,2024-11-14 21:38:41
REV_9029,US_7599,MV_9172,2.7,Great movie!,2024-06-28 11:38:14
REV_9031,US_9565,MV_2392,5.5,Great movie!,2024-02-03 05:31:53
REV_9032,US_4712,MV_2889,1.9,Great movie!,2024-03-15 20:32:59
REV_9033,US_7349,MV_9130,8.6,Could be better.,2025-02-19 09:48:18
REV_9035,US_5739,MV_5536,5.7,Great movie!,2024-04-17 03:38:24
REV_9036,US_5565,MV_8206,8.2,Great movie!,2024-07-15 09:20:46
REV_9037,US_9235,MV_9478,8.7,Great movie!,2024-09-07 12:47:14
REV_9038,US_3119,MV_494,3.1,Could be better.,2024-06-20 09:21:38
REV_9040,US_7582,MV_8409,8.9,Could be better.,2024-01-13 19:41:57
REV_9041,US_7300,MV_7488,9.1,Could be better.,2025-01-25 01:37:52
REV_9043,US_8430,MV_1382,5.8,Great movie!,2024-04-18 20:02:57
REV_9044,US_8592,MV_1918,4.0,Great movie!,2025-12-17 17:57:01
REV_9045,US_1473,MV_424,1.9,Could be better.,2024-09-27 22:04:38
REV_9047,US_3676,MV_4729,4.0,Great movie!,2024-01-12 00:11:59
REV_9048,US_6389,MV_4649,4.5,Could be better.,2024-05-10 21:33:31
REV_9049,US_6322,MV_9163,7.9,Could be better.,2025-10-20 02:51:43
REV_9050,US_8347,MV_1985,8.0,Great movie!,2024-12-16 17:20:36
REV_9051,US_3300,MV_6203,9.4,Great movie!,2024-01-04 18:56:05
REV_9052,US_3608,MV_3445,6.5,Great movie!,2025-06-24 07:15:00
REV_9055,US_8277,MV_7718,3.5,Great movie!,2024-09-16 05:24:17
REV_9056,US_2955,MV_4187,6.1,Great movie!,2024-04-14 22:16:40
REV_9057,US_8135,MV_1385,3.4,Could be better.,2025-01-19 18:40:07
REV_9059,US_2493,MV_8539,3.5,Could be better.,2025-03-02 05:26:45
REV_9060,US_6549,MV_7207,8.3,Great movie!,2025-04-26 19:06:36
REV_9061,US_7999,MV_691,3.3,Great movie!,2024-02-11 01:38:18
REV_9062,US_9414,MV_3081,9.1,Great movie!,2025-03-22 21:28:02
REV_9063,US_8228,MV_3852,9.8,Could be better.,2024-04-02 10:10:49
REV_9064,US_8832,MV_1852,9.4,Could be better.,2024-04-06 16:53:01
REV_9065,US_8902,MV_9544,2.7,Great movie!,2025-05-16 02:34:49
REV_9066,US_9844,MV_2738,9.5,Great movie!,2025-03-25 00:21:08
REV_9067,US_789,MV_2625,5.2,Could be better.,2024-10-19 19:51:15
REV_9068,US_7885,MV_8988,9.2,Could be better.,2024-11-14 15:06:04
REV_9069,US_8047,MV_7337,2.7,Could be better.,2024-10-06 10:11:12
REV_9070,US_1693,MV_3599,10.0,Could be better.,2025-02-24 16:18:00
REV_9071,US_2153,MV_8633,5.6,Could be better.,2024-01-11 09:11:18
REV_9072,US_5321,MV_2722,7.1,Great movie!,2024-08-26 05:38:44
REV_9073,US_1537,MV_3469,7.3,Great movie!,2025-02-18 05:53:34
REV_9075,US_9430,MV_3826,4.5,Great movie!,2024-01-01 18:29:05
REV_9076,US_5627,MV_5926,1.9,Could be better.,2024-11-15 06:40:28
REV_9077,US_6176,MV_2732,5.8,Could be better.,2024-12-23 02:29:51
REV_9078,US_2261,MV_6197,1.9,Great movie!,2024-06-25 10:01:20
REV_9079,US_4666,MV_7901,4.5,Could be better.,2025-03-06 07:46:22
REV_9081,US_79,MV_1927,5.7,Could be better.,2024-09-25 14:33:46
REV_9082,US_1129,MV_5007,6.8,Great movie!,2024-07-20 09:30:15
REV_9083,US_3716,MV_3764,8.5,Great movie!,2025-05-14 13:49:54
REV_9084,US_9413,MV_2029,5.1,Great movie!,2025-02-05 15:59:37
REV_9085,US_8525,MV_8329,4.7,Could be better.,2025-12-04 06:50:43
REV_9086,US_8793,MV_3593,9.6,Great movie!,2025-10-01 11:53:52
REV_9087,US_8524,MV_5323,3.6,Could be better.,2025-12-26 15:18:08
REV_9089,US_2369,MV_9319,7.9,Could be better.,2025-12-11 23:56:52
REV_9091,US_5503,MV_3481,1.8,Could be better.,2025-04-16 21:51:28
REV_9092,US_2726,MV_5264,1.5,Great movie!,2024-12-20 00:53:49
REV_9094,US_8820,MV_4748,2.8,Great movie!,2025-07-18 00:36:12
REV_9095,US_609,MV_3525,4.3,Great movie!,2024-05-26 16:36:03
REV_9096,US_6659,MV_9578,6.7,Great movie!,2025-12-07 06:36:01
REV_9097,US_6934,MV_5111,10.0,Could be better.,2024-03-16 06:09:39
REV_9098,US_3800,MV_8434,6.3,Could be better.,2024-08-08 03:36:59
REV_9099,US_218,MV_5964,4.0,Great movie!,2024-11-24 15:27:36
REV_9100,US_5337,MV_1655,10.0,Could be better.,2024-05-02 06:25:34
REV_9101,US_9383,MV_647,6.0,Great movie!,2024-08-10 23:12:02
REV_9102,US_8745,MV_7066,3.7,Could be better.,2025-06-16 17:57:08
REV_9103,US_5723,MV_5897,6.2,Could be better.,2024-11-18 15:51:54
REV_9104,US_3322,MV_5116,9.1,Great movie!,2024-07-08 15:02:52
REV_9105,US_9588,MV_9544,1.4,Great movie!,2025-04-27 05:58:30
REV_9106,US_5084,MV_3006,7.3,Great movie!,2025-11-22 03:08:56
REV_9107,US_309,MV_8761,4.8,Could be better.,2024-11-03 15:27:27
REV_9108,US_4818,MV_3883,5.7,Great movie!,2025-07-02 18:21:37
REV_9109,US_1144,MV_765,4.9,Great movie!,2025-10-14 02:42:41
REV_9110,US_5138,MV_5962,8.0,Great movie!,2025-01-03 07:08:41
REV_9111,US_1958,MV_6546,2.2,Could be better.,2025-07-01 03:58:54
REV_9112,US_2467,MV_6151,5.1,Could be better.,2025-01-29 09:40:02
REV_9113,US_1802,MV_6991,2.1,Could be better.,2025-09-17 14:50:28
REV_9114,US_309,MV_2935,5.8,Could be better.,2025-03-16 08:32:55
REV_9115,US_1616,MV_2116,8.3,Great movie!,2024-09-23 05:36:31
REV_9116,US_7404,MV_5998,1.6,Great movie!,2025-03-02 11:44:51
REV_9117,US_758,MV_2595,7.5,Great movie!,2025-08-24 16:33:44
REV_9118,US_8354,MV_8741,9.5,Could be better.,2025-03-29 09:02:31
REV_9119,US_914,MV_789,3.2,Great movie!,2025-08-02 19:32:09
REV_9120,US_3484,MV_7469,3.7,Great movie!,2024-07-25 18:30:59
REV_9121,US_2333,MV_4765,4.4,Could be better.,2025-10-06 21:41:17
REV_9122,US_7228,MV_4385,4.4,Great movie!,2024-04-13 09:11:46
REV_9123,US_5406,MV_9216,2.1,Great movie!,2024-04-22 09:12:04
REV_9124,US_9450,MV_115,5.2,Great movie!,2025-06-21 02:07:47
REV_9125,US_2384,MV_3630,6.8,Great movie!,2024-08-13 16:02:13
REV_9126,US_2837,MV_5313,9.6,Could be better.,2024-08-08 15:45:24
REV_9127,US_964,MV_7942,9.8,Great movie!,2025-08-22 19:33:13
REV_9128,US_727,MV_254,8.3,Could be better.,2025-10-03 22:41:35
REV_9129,US_9968,MV_8937,7.7,Could be better.,2024-11-09 09:27:16
REV_9130,US_7011,MV_3998,4.4,Great movie!,2024-03-02 23:14:19
REV_9131,US_7353,MV_8124,1.1,Could be better.,2025-08-02 21:33:04
REV_9132,US_821,MV_2915,6.4,Could be better.,2025-04-08 18:19:02
REV_9133,US_1922,MV_2637,8.0,Great movie!,2025-03-08 11:44:14
REV_9134,US_9488,MV_2082,2.6,Great movie!,2025-09-04 14:14:57
REV_9135,US_8628,MV_3937,1.1,Great movie!,2024-03-05 00:22:50
REV_9136,US_5470,MV_120,1.9,Great movie!,2024-01-14 10:13:23
REV_9137,US_51,MV_1254,5.7,Great movie!,2025-11-02 19:52:40
REV_9139,US_9339,MV_1327,5.9,Great movie!,2024-05-16 18:57:30
REV_9140,US_6081,MV_984,2.6,Great movie!,2025-06-29 02:38:16
REV_9141,US_8386,MV_9619,9.5,Could be better.,2025-12-28 02:32:52
REV_9142,US_2944,MV_2506,8.3,Could be better.,2024-08-30 04:45:57
REV_9143,US_4961,MV_5005,8.6,Great movie!,2025-01-14 08:37:15
REV_9144,US_5234,MV_6012,8.6,Could be better.,2025-11-13 09:46:53
REV_9145,US_9349,MV_3914,1.6,Great movie!,2024-05-06 04:50:44
REV_9146,US_9936,MV_7731,1.8,Great movie!,2024-09-24 18:56:21
REV_9147,US_9081,MV_1357,3.3,Great movie!,2025-09-06 20:08:21
REV_9148,US_5845,MV_5356,4.7,Could be better.,2025-07-10 21:50:23
REV_9149,US_6027,MV_9015,7.0,Great movie!,2024-04-18 00:41:46
REV_9151,US_7390,MV_9738,8.3,Could be better.,2024-11-07 18:12:05
REV_9152,US_7496,MV_7158,2.2,Could be better.,2025-09-16 06:21:49
REV_9153,US_7431,MV_4571,9.6,Could be better.,2024-04-04 11:19:20
REV_9154,US_4564,MV_1019,2.3,Great movie!,2025-03-19 01:15:12
REV_9155,US_7759,MV_9764,4.3,Could be better.,2024-05-09 16:44:08
REV_9156,US_9728,MV_3537,8.4,Could be better.,2025-10-24 04:57:45
REV_9157,US_1548,MV_3120,9.5,Great movie!,2025-06-26 20:54:04
REV_9158,US_1888,MV_7016,7.7,Great movie!,2025-11-07 14:36:07
REV_9159,US_1532,MV_3357,1.3,Great movie!,2024-12-18 19:27:54
REV_9161,US_9290,MV_4604,5.6,Great movie!,2024-04-27 03:40:33
REV_9162,US_3100,MV_3930,3.4,Could be better.,2024-05-16 15:57:27
REV_9163,US_3108,MV_7668,3.0,Could be better.,2024-01-18 11:27:11
REV_9164,US_5949,MV_7714,4.5,Could be better.,2025-03-18 10:32:26
REV_9165,US_4114,MV_542,2.5,Great movie!,2025-04-07 08:38:55
REV_9166,US_7193,MV_9654,7.3,Could be better.,2025-08-26 02:16:51
REV_9167,US_7891,MV_7139,4.1,Could be better.,2024-02-07 11:19:42
REV_9168,US_7234,MV_1177,9.3,Great movie!,2024-12-05 23:56:21
REV_9169,US_1426,MV_5091,4.0,Could be better.,2024-10-25 10:49:54
REV_9170,US_1180,MV_7780,5.9,Could be better.,2024-05-27 12:08:58
REV_9171,US_3915,MV_2027,6.7,Could be better.,2024-06-16 02:55:32
REV_9172,US_1665,MV_4246,4.5,Could be better.,2025-06-22 09:37:02
REV_9173,US_8368,MV_9719,2.4,Great movie!,2024-01-09 20:31:56
REV_9174,US_6348,MV_4220,7.2,Could be better.,2024-06-03 06:34:44
REV_9175,US_9381,MV_9940,5.3,Great movie!,2025-07-03 06:36:03
REV_9176,US_9150,MV_1520,5.2,Could be better.,2024-10-14 09:19:23
REV_9177,US_457,MV_1751,3.0,Could be better.,2025-08-15 05:44:52
REV_9178,US_9925,MV_9500,3.8,Great movie!,2025-10-22 06:50:18
REV_9179,US_9032,MV_7062,2.6,Could be better.,2025-09-10 05:38:03
REV_9180,US_2809,MV_7627,1.5,Great movie!,2025-09-27 18:43:52
REV_9181,US_3983,MV_4379,5.3,Could be better.,2025-05-20 01:56:21
REV_9182,US_7178,MV_1454,4.7,Great movie!,2024-09-29 21:13:32
REV_9183,US_4830,MV_1675,5.3,Could be better.,2025-05-02 21:46:44
REV_9184,US_6624,MV_3293,1.2,Could be better.,2024-07-17 22:20:32
REV_9185,US_2977,MV_197,6.8,Great movie!,2024-09-01 01:42:06
REV_9186,US_40,MV_6844,9.2,Could be better.,2025-06-19 05:52:24
REV_9187,US_4289,MV_6095,7.6,Great movie!,2024-09-22 21:41:28
REV_9188,US_7092,MV_836,3.4,Could be better.,2024-02-19 13:12:28
REV_9189,US_2100,MV_4685,3.7,Great movie!,2024-05-16 21:49:50
REV_9190,US_3572,MV_3750,3.5,Could be better.,2025-11-28 18:01:39
REV_9191,US_2498,MV_8988,9.1,Great movie!,2024-12-15 00:09:38
REV_9192,US_668,MV_7530,3.8,Great movie!,2025-01-21 02:06:27
REV_9193,US_8680,MV_6177,4.0,Could be better.,2025-01-28 10:59:13
REV_9194,US_3867,MV_4006,9.6,Great movie!,2025-09-12 17:49:30
REV_9196,US_9697,MV_8547,9.8,Great movie!,2024-11-29 18:49:12
REV_9197,US_795,MV_9546,1.0,Could be better.,2024-11-21 23:59:03
REV_9198,US_707,MV_3378,6.7,Great movie!,2024-10-10 16:25:33
REV_9199,US_811,MV_9396,2.0,Could be better.,2024-02-19 02:13:28
REV_9200,US_5904,MV_4479,7.5,Great movie!,2024-11-04 06:55:20
REV_9201,US_8571,MV_7691,7.6,Could be better.,2025-08-15 06:03:09
REV_9202,US_5976,MV_5861,9.2,Could be better.,2024-11-26 18:39:51
REV_9203,US_5474,MV_547,9.5,Could be better.,2025-03-23 07:07:42
REV_9204,US_9593,MV_2496,8.1,Could be better.,2025-01-07 05:58:58
REV_9205,US_2237,MV_224,8.2,Great movie!,2025-03-14 15:33:03
REV_9206,US_6004,MV_9895,9.7,Great movie!,2025-08-15 01:15:15
REV_9207,US_5449,MV_3531,9.6,Great movie!,2024-07-24 15:03:40
REV_9208,US_4385,MV_6051,8.0,Could be better.,2024-09-12 16:09:24
REV_9209,US_174,MV_1832,9.6,Could be better.,2025-08-06 07:09:13
REV_9210,US_8143,MV_2927,6.2,Could be better.,2024-07-09 18:54:28
REV_9211,US_4612,MV_6783,4.5,Great movie!,2024-07-16 11:40:25
REV_9212,US_833,MV_6892,3.5,Great movie!,2024-07-21 09:29:17
REV_9213,US_8427,MV_8,2.4,Could be better.,2024-11-02 17:28:05
REV_9214,US_7730,MV_342,8.7,Great movie!,2024-07-31 22:04:48
REV_9215,US_3373,MV_6475,5.7,Great movie!,2025-05-08 04:50:11
REV_9216,US_8579,MV_7224,6.1,Could be better.,2025-01-27 00:40:27
REV_9217,US_2333,MV_5440,9.9,Could be better.,2025-05-28 14:54:23
REV_9219,US_1699,MV_7163,1.3,Could be better.,2024-08-14 05:44:18
REV_9220,US_8350,MV_8710,2.8,Could be better.,2025-04-15 18:35:03
REV_9221,US_9862,MV_1311,2.3,Great movie!,2024-07-26 03:39:23
REV_9222,US_2623,MV_6609,7.1,Great movie!,2024-09-18 17:27:27
REV_9223,US_1484,MV_1901,8.3,Great movie!,2024-03-02 04:15:48
REV_9224,US_5899,MV_5938,1.2,Could be better.,2024-07-05 05:42:40
REV_9225,US_4903,MV_9356,3.4,Could be better.,2025-03-01 22:14:53
REV_9226,US_3674,MV_9587,7.0,Could be better.,2024-06-14 19:58:28
REV_9227,US_2494,MV_7728,3.5,Great movie!,2024-08-24 10:54:22
REV_9228,US_2412,MV_6661,5.1,Could be better.,2025-01-29 00:57:30
REV_9229,US_8755,MV_5326,3.1,Great movie!,2024-08-22 05:37:19
REV_9230,US_6248,MV_9125,5.4,Could be better.,2024-09-13 00:10:58
REV_9231,US_5923,MV_8621,8.8,Great movie!,2024-01-30 19:31:43
REV_9232,US_4325,MV_1771,9.6,Great movie!,2024-04-05 20:40:24
REV_9233,US_5892,MV_7124,2.0,Great movie!,2025-05-14 23:09:35
REV_9234,US_4469,MV_6526,2.7,Could be better.,2024-11-06 09:35:48
REV_9236,US_5811,MV_173,3.1,Could be better.,2024-11-20 03:03:24
REV_9238,US_7758,MV_7469,10.0,Could be better.,2025-05-23 04:15:09
REV_9239,US_4712,MV_9513,6.1,Could be better.,2025-01-03 09:03:50
REV_9240,US_3792,MV_4975,9.4,Great movie!,2024-05-29 00:22:53
REV_9241,US_4937,MV_8191,6.3,Great movie!,2025-07-06 23:40:42
REV_9242,US_9389,MV_8675,9.7,Could be better.,2025-03-03 00:47:20
REV_9244,US_1581,MV_8079,9.1,Great movie!,2024-11-12 18:17:30
REV_9245,US_933,MV_2040,3.9,Could be better.,2025-11-07 22:40:06
REV_9246,US_4845,MV_4896,7.3,Great movie!,2024-03-05 15:25:08
REV_9247,US_9888,MV_84,9.3,Great movie!,2025-06-06 08:33:29
REV_9248,US_4462,MV_9240,3.2,Great movie!,2024-06-29 20:16:29
REV_9249,US_6529,MV_6887,8.5,Could be better.,2025-07-03 12:01:31
REV_9250,US_4755,MV_3861,8.6,Could be better.,2025-06-16 06:16:06
REV_9251,US_6082,MV_1536,1.1,Could be better.,2024-06-19 15:39:24
REV_9252,US_2981,MV_9954,5.5,Great movie!,2024-10-23 10:34:10
REV_9253,US_4632,MV_1337,8.3,Great movie!,2025-07-27 21:21:16
REV_9254,US_3464,MV_1019,5.5,Could be better.,2024-07-15 13:36:07
REV_9255,US_4603,MV_5093,7.7,Great movie!,2025-11-23 03:33:11
REV_9256,US_7274,MV_4230,7.4,Great movie!,2024-08-11 23:44:13
REV_9258,US_6873,MV_8248,8.7,Could be better.,2024-12-13 09:13:08
REV_9259,US_5510,MV_2919,9.9,Could be better.,2024-12-29 11:15:13
REV_9260,US_1632,MV_5686,1.0,Great movie!,2025-03-05 06:47:34
REV_9261,US_5176,MV_9345,8.6,Great movie!,2025-07-21 21:27:33
REV_9262,US_2386,MV_4005,3.6,Great movie!,2024-11-19 21:55:02
REV_9263,US_4234,MV_8146,8.6,Could be better.,2024-02-05 04:22:18
REV_9264,US_4839,MV_8794,3.9,Could be better.,2025-10-02 05:12:40
REV_9266,US_5020,MV_2849,4.4,Could be better.,2024-12-17 08:37:41
REV_9267,US_2016,MV_1465,5.4,Could be better.,2025-08-26 20:47:09
REV_9268,US_1012,MV_5563,3.1,Could be better.,2025-03-20 19:07:46
REV_9269,US_838,MV_1510,6.1,Could be better.,2024-08-31 17:15:44
REV_9270,US_3893,MV_6284,5.1,Could be better.,2024-11-04 14:28:24
REV_9271,US_8012,MV_9109,8.1,Great movie!,2024-08-26 13:40:30
REV_9272,US_1983,MV_390,6.7,Great movie!,2025-05-20 03:01:55
REV_9273,US_5690,MV_3811,4.1,Great movie!,2025-02-05 06:12:21
REV_9274,US_8505,MV_6350,8.3,Great movie!,2025-04-01 20:35:18
REV_9275,US_8594,MV_8929,7.1,Great movie!,2024-01-13 01:21:58
REV_9276,US_5491,MV_5433,7.1,Great movie!,2025-03-11 02:35:48
REV_9277,US_7824,MV_9960,7.9,Great movie!,2025-07-14 05:53:50
REV_9278,US_1257,MV_5218,9.0,Could be better.,2024-08-20 20:52:59
REV_9279,US_5408,MV_2531,5.3,Could be better.,2024-03-29 20:39:31
REV_9280,US_2808,MV_7285,1.9,Great movie!,2024-10-25 00:32:31
REV_9281,US_7647,MV_3301,9.2,Great movie!,2025-04-03 23:25:33
REV_9282,US_3423,MV_8368,1.7,Great movie!,2025-09-11 22:53:38
REV_9283,US_7452,MV_4496,2.9,Could be better.,2025-05-30 05:07:09
REV_9284,US_5489,MV_9590,9.5,Could be better.,2024-02-20 16:11:44
REV_9285,US_1761,MV_2734,6.1,Could be better.,2024-04-30 02:42:48
REV_9286,US_8533,MV_7354,3.4,Could be better.,2025-11-15 16:04:18
REV_9287,US_1302,MV_6507,8.9,Great movie!,2024-06-17 17:45:41
REV_9288,US_7042,MV_9996,8.4,Great movie!,2025-02-24 14:24:47
REV_9289,US_3766,MV_436,3.0,Great movie!,2024-10-31 02:24:12
REV_9290,US_9963,MV_5997,4.1,Could be better.,2024-02-20 18:42:38
REV_9291,US_6034,MV_9422,10.0,Could be better.,2024-04-12 00:04:45
REV_9292,US_9373,MV_6506,8.3,Could be better.,2024-10-03 10:16:08
REV_9293,US_4950,MV_354,9.1,Could be better.,2025-12-15 20:20:58
REV_9294,US_3442,MV_2379,7.8,Great movie!,2024-03-07 20:24:44
REV_9295,US_5513,MV_5575,4.6,Great movie!,2024-10-16 23:18:49
REV_9296,US_6355,MV_4375,9.3,Great movie!,2025-07-26 14:40:02
REV_9297,US_8195,MV_9802,6.2,Great movie!,2025-01-29 22:34:46
REV_9298,US_9141,MV_8215,9.0,Great movie!,2024-01-01 01:02:28
REV_9299,US_6674,MV_5768,3.9,Great movie!,2024-08-28 10:39:37
REV_9301,US_4714,MV_262,2.6,Great movie!,2025-10-27 16:19:03
REV_9302,US_3447,MV_8572,8.6,Could be better.,2024-02-21 21:41:41
REV_9303,US_7427,MV_8239,9.0,Great movie!,2025-11-08 06:15:16
REV_9304,US_7078,MV_94,7.2,Could be better.,2025-02-02 00:21:16
REV_9305,US_607,MV_3979,2.9,Could be better.,2024-09-26 04:24:26
REV_9306,US_813,MV_9755,5.4,Great movie!,2024-03-21 02:06:07
REV_9307,US_8742,MV_6356,7.8,Great movie!,2024-11-08 22:02:31
REV_9308,US_5002,MV_2268,3.5,Great movie!,2024-11-09 09:11:34
REV_9309,US_7869,MV_8866,8.7,Could be better.,2025-10-15 22:00:21
REV_9310,US_190,MV_2175,2.5,Could be better.,2025-10-12 23:03:41
REV_9311,US_4029,MV_9791,7.4,Great movie!,2024-02-28 21:50:54
REV_9312,US_5452,MV_7161,2.7,Could be better.,2024-10-05 01:17:33
REV_9313,US_207,MV_3561,3.0,Great movie!,2024-03-26 21:51:36
REV_9314,US_5716,MV_2654,6.9,Great movie!,2025-05-18 18:56:00
REV_9315,US_7640,MV_9105,3.8,Great movie!,2025-08-10 05:19:17
REV_9316,US_7244,MV_3559,5.2,Could be better.,2024-12-06 02:53:42
REV_9317,US_2224,MV_9540,4.5,Could be better.,2025-02-15 11:29:31
REV_9318,US_6048,MV_6193,1.7,Could be better.,2024-07-18 14:42:27
REV_9319,US_7040,MV_4753,7.4,Could be better.,2024-12-09 16:08:14
REV_9320,US_1277,MV_4419,1.9,Great movie!,2024-08-25 00:29:37
REV_9321,US_299,MV_2019,2.7,Could be better.,2025-11-05 20:53:56
REV_9322,US_7287,MV_6657,5.4,Great movie!,2025-07-07 10:28:53
REV_9323,US_9225,MV_3971,9.3,Great movie!,2025-04-21 15:03:50
REV_9324,US_7051,MV_8305,2.4,Great movie!,2025-08-09 18:23:43
REV_9325,US_6653,MV_3923,4.0,Could be better.,2024-04-07 23:48:50
REV_9326,US_9162,MV_355,3.6,Great movie!,2024-09-17 14:59:22
REV_9327,US_9,MV_147,2.6,Great movie!,2024-02-09 08:40:48
REV_9328,US_341,MV_1069,9.3,Great movie!,2025-11-11 21:26:05
REV_9329,US_9484,MV_8104,2.1,Could be better.,2024-10-28 13:50:39
REV_9330,US_6818,MV_3444,9.9,Could be better.,2025-09-16 09:10:20
REV_9331,US_2170,MV_2492,9.1,Could be better.,2025-01-09 09:46:20
REV_9332,US_115,MV_8949,1.9,Great movie!,2025-02-24 07:49:04
REV_9333,US_829,MV_4732,6.0,Great movie!,2024-08-27 19:53:46
REV_9334,US_6682,MV_3642,4.7,Great movie!,2025-10-16 14:33:15
REV_9336,US_5815,MV_1133,5.4,Great movie!,2024-08-08 02:23:20
REV_9337,US_4721,MV_6866,9.7,Great movie!,2024-09-18 07:44:00
REV_9338,US_4774,MV_4473,4.8,Great movie!,2025-04-18 07:57:06
REV_9339,US_7649,MV_5637,5.8,Great movie!,2024-08-29 15:35:34
REV_9340,US_5434,MV_2385,5.6,Could be better.,2024-08-25 15:02:02
REV_9341,US_968,MV_5206,6.3,Could be better.,2025-07-08 08:35:53
REV_9342,US_5064,MV_4418,3.9,Great movie!,2025-12-27 12:10:55
REV_9343,US_3871,MV_9173,9.7,Could be better.,2025-09-07 06:29:06
REV_9344,US_3036,MV_2884,5.5,Could be better.,2025-10-04 03:32:10
REV_9345,US_753,MV_8374,8.9,Could be better.,2024-10-07 08:44:14
REV_9346,US_6916,MV_106,1.3,Could be better.,2025-04-30 23:15:17
REV_9347,US_915,MV_8772,8.5,Great movie!,2025-05-04 02:08:10
REV_9348,US_9436,MV_6367,1.5,Could be better.,2025-10-04 09:02:33
REV_9350,US_3751,MV_6222,6.7,Could be better.,2025-06-05 18:38:59
REV_9351,US_761,MV_224,7.2,Great movie!,2025-06-27 16:49:06
REV_9352,US_9467,MV_8059,5.6,Great movie!,2024-05-27 07:39:49
REV_9353,US_1585,MV_8490,2.6,Great movie!,2025-08-22 17:25:17
REV_9354,US_7019,MV_9959,4.6,Great movie!,2024-02-03 12:59:31
REV_9357,US_377,MV_7396,4.9,Great movie!,2025-09-22 22:24:03
REV_9358,US_2351,MV_1267,3.3,Could be better.,2025-12-02 06:17:27
REV_9359,US_630,MV_1804,4.4,Great movie!,2024-04-06 02:07:36
REV_9360,US_1703,MV_8109,6.6,Great movie!,2024-12-11 11:03:52
REV_9361,US_6317,MV_4401,7.1,Great movie!,2025-09-05 05:59:49
REV_9363,US_2920,MV_4414,3.7,Great movie!,2024-05-06 03:38:29
REV_9364,US_1612,MV_2279,5.1,Great movie!,2025-05-30 17:52:31
REV_9365,US_6514,MV_6742,6.5,Could be better.,2025-10-24 19:59:44
REV_9366,US_8072,MV_5627,7.9,Great movie!,2025-03-12 10:18:20
REV_9367,US_2073,MV_9798,6.8,Could be better.,2025-05-07 18:46:12
REV_9368,US_8180,MV_5353,5.4,Great movie!,2025-08-07 19:13:17
REV_9370,US_6375,MV_4096,6.6,Could be better.,2024-01-15 10:55:57
REV_9371,US_4063,MV_699,9.4,Great movie!,2024-12-29 23:09:52
REV_9372,US_9094,MV_5258,8.3,Great movie!,2025-05-24 22:07:09
REV_9374,US_5819,MV_8031,7.0,Could be better.,2024-02-29 23:30:31
REV_9375,US_465,MV_2506,7.7,Could be better.,2025-03-02 11:39:04
REV_9376,US_2734,MV_5505,7.0,Could be better.,2025-06-17 22:57:07
REV_9377,US_274,MV_4654,2.9,Could be better.,2025-10-05 04:01:33
REV_9378,US_673,MV_6605,2.1,Could be better.,2025-05-09 20:08:01
REV_9379,US_2187,MV_3868,1.5,Great movie!,2024-09-26 20:30:59
REV_9380,US_1417,MV_7970,7.9,Could be better.,2025-12-24 18:01:26
REV_9381,US_6288,MV_1732,3.3,Could be better.,2025-07-31 12:13:11
REV_9382,US_2137,MV_2772,1.7,Great movie!,2025-05-01 20:41:04
REV_9383,US_1179,MV_533,5.4,Great movie!,2024-04-27 01:03:45
REV_9384,US_4350,MV_1953,8.8,Great movie!,2024-05-02 08:00:52
REV_9385,US_3106,MV_1235,4.0,Could be better.,2024-11-18 22:18:48
REV_9386,US_563,MV_9014,5.6,Could be better.,2025-08-08 19:45:18
REV_9387,US_246,MV_4549,3.1,Could be better.,2025-10-27 14:39:09
REV_9388,US_283,MV_6005,7.6,Could be better.,2024-04-22 00:19:45
REV_9389,US_1120,MV_8540,1.9,Could be better.,2024-05-05 17:12:07
REV_9390,US_5144,MV_8470,7.7,Great movie!,2024-09-14 09:57:48
REV_9391,US_5242,MV_373,3.9,Could be better.,2025-11-09 06:43:56
REV_9394,US_6807,MV_8345,8.8,Could be better.,2024-12-06 18:24:15
REV_9395,US_1773,MV_5235,1.4,Great movie!,2025-02-20 23:34:00
REV_9396,US_8622,MV_2596,8.9,Could be better.,2025-05-18 13:27:58
REV_9397,US_2719,MV_8811,7.1,Could be better.,2024-03-20 13:06:04
REV_9398,US_2000,MV_8401,4.3,Could be better.,2024-12-16 10:38:32
REV_9401,US_7494,MV_6337,4.0,Could be better.,2025-09-13 07:58:24
REV_9402,US_9608,MV_8410,6.3,Could be better.,2025-10-17 15:59:58
REV_9403,US_3170,MV_3159,4.6,Could be better.,2024-11-09 02:49:50
REV_9404,US_7062,MV_4048,4.7,Great movie!,2024-10-19 05:18:07
REV_9405,US_7774,MV_7284,3.6,Could be better.,2025-08-26 08:26:57
REV_9406,US_296,MV_6403,7.1,Great movie!,2025-12-08 12:19:59
REV_9407,US_1654,MV_3409,5.8,Could be better.,2024-06-07 01:40:07
REV_9408,US_9536,MV_9985,2.4,Great movie!,2025-01-18 02:12:20
REV_9409,US_3713,MV_5414,2.5,Great movie!,2025-12-30 03:25:46
REV_9410,US_2304,MV_9940,6.8,Great movie!,2024-06-07 01:16:31
REV_9411,US_927,MV_4379,1.2,Could be better.,2025-01-16 18:09:39
REV_9412,US_7131,MV_8487,5.1,Could be better.,2025-07-02 17:44:49
REV_9413,US_3291,MV_9799,3.5,Could be better.,2025-10-23 09:02:33
REV_9414,US_8550,MV_1311,5.8,Great movie!,2025-12-05 01:58:11
REV_9415,US_8707,MV_3870,1.3,Could be better.,2024-01-28 16:20:16
REV_9416,US_5836,MV_1791,7.8,Great movie!,2024-08-02 17:48:14
REV_9417,US_6429,MV_4168,9.3,Great movie!,2025-10-01 02:37:38
REV_9418,US_111,MV_7140,7.1,Great movie!,2025-07-15 13:58:05
REV_9419,US_4740,MV_9757,1.6,Could be better.,2024-03-26 19:33:59
REV_9420,US_4212,MV_7628,7.3,Great movie!,2024-11-15 00:14:20
REV_9421,US_9428,MV_1233,3.9,Great movie!,2024-03-12 21:47:16
REV_9422,US_1230,MV_6498,9.4,Great movie!,2024-06-20 03:26:51
REV_9423,US_6961,MV_7927,4.2,Could be better.,2024-01-10 23:50:01
REV_9424,US_751,MV_484,7.6,Great movie!,2025-10-17 15:51:46
REV_9425,US_1389,MV_2530,2.9,Could be better.,2025-02-22 07:50:17
REV_9426,US_403,MV_5445,9.0,Great movie!,2025-11-20 23:49:00
REV_9427,US_1850,MV_4925,6.5,Could be better.,2024-12-26 03:22:40
REV_9428,US_5250,MV_1384,9.0,Could be better.,2024-06-11 21:40:13
REV_9429,US_686,MV_7557,6.1,Could be better.,2024-02-22 05:03:49
REV_9430,US_3363,MV_4488,7.4,Could be better.,2025-02-11 09:28:13
REV_9432,US_6644,MV_7037,9.9,Could be better.,2024-04-19 19:29:36
REV_9433,US_308,MV_9602,8.2,Could be better.,2025-12-25 13:38:00
REV_9434,US_642,MV_8493,8.4,Great movie!,2024-02-27 21:22:02
REV_9435,US_1177,MV_5611,8.3,Great movie!,2024-05-28 01:59:08
REV_9436,US_2732,MV_14,4.4,Could be better.,2024-01-31 18:10:44
REV_9437,US_3132,MV_7314,8.0,Could be better.,2024-11-14 13:21:50
REV_9438,US_5181,MV_4012,6.7,Could be better.,2025-04-20 00:26:30
REV_9439,US_3848,MV_5799,3.4,Could be better.,2024-05-18 15:58:38
REV_9440,US_2239,MV_7504,8.1,Great movie!,2025-12-28 04:10:22
REV_9441,US_5090,MV_9194,7.2,Could be better.,2024-08-29 17:11:55
REV_9442,US_2702,MV_3703,3.3,Could be better.,2024-03-26 00:48:32
REV_9443,US_6597,MV_8999,7.6,Great movie!,2025-11-25 19:54:39
REV_9444,US_3442,MV_347,5.0,Great movie!,2024-05-20 01:07:42
REV_9445,US_817,MV_1298,7.5,Could be better.,2025-02-13 08:04:55
REV_9446,US_3214,MV_6761,7.6,Great movie!,2024-04-11 20:58:10
REV_9447,US_7516,MV_309,5.5,Could be better.,2024-06-08 10:59:23
REV_9448,US_6454,MV_5646,2.7,Great movie!,2024-12-08 17:44:53
REV_9449,US_7325,MV_484,9.8,Great movie!,2025-03-02 09:21:11
REV_9450,US_1795,MV_6165,7.1,Great movie!,2025-05-21 15:25:43
REV_9451,US_6396,MV_2054,3.0,Could be better.,2024-12-19 14:12:09
REV_9452,US_5699,MV_2190,2.7,Could be better.,2025-11-24 15:26:27
REV_9453,US_4329,MV_4713,4.2,Could be better.,2024-09-15 05:03:19
REV_9454,US_3573,MV_8459,7.2,Great movie!,2025-09-19 04:36:16
REV_9455,US_8499,MV_1615,1.2,Great movie!,2025-12-06 09:15:50
REV_9456,US_3610,MV_5586,9.4,Great movie!,2024-06-28 13:50:35
REV_9457,US_1343,MV_5195,7.0,Great movie!,2025-04-30 09:32:23
REV_9458,US_2964,MV_6189,1.9,Could be better.,2024-10-27 17:38:37
REV_9459,US_8047,MV_5133,1.3,Great movie!,2025-08-23 10:16:29
REV_9460,US_5156,MV_5167,3.0,Great movie!,2024-07-31 22:25:44
REV_9461,US_4845,MV_5519,1.8,Could be better.,2024-08-02 09:16:13
REV_9462,US_6508,MV_918,3.3,Great movie!,2024-11-08 13:09:45
REV_9463,US_4624,MV_4702,9.4,Great movie!,2024-03-29 19:04:19
REV_9464,US_6306,MV_1704,2.8,Great movie!,2025-05-18 16:30:33
REV_9465,US_5627,MV_2122,9.5,Could be better.,2025-03-07 13:52:53
REV_9466,US_8777,MV_5141,3.0,Great movie!,2024-01-04 09:17:59
REV_9467,US_6478,MV_7265,6.8,Great movie!,2025-10-25 12:34:43
REV_9468,US_1492,MV_9574,5.2,Great movie!,2024-09-17 15:34:16
REV_9469,US_8453,MV_622,2.5,Great movie!,2024-05-18 22:04:13
REV_9470,US_7315,MV_2734,8.9,Great movie!,2025-11-21 11:55:34
REV_9471,US_484,MV_806,5.6,Great movie!,2024-06-08 00:23:25
REV_9472,US_8328,MV_385,2.1,Great movie!,2025-06-04 23:06:37
REV_9473,US_5121,MV_7865,6.4,Great movie!,2025-09-06 18:24:01
REV_9474,US_8579,MV_5632,6.0,Could be better.,2025-07-15 14:33:54
REV_9475,US_2457,MV_5254,1.1,Could be better.,2024-07-16 11:04:25
REV_9476,US_5846,MV_1103,4.7,Could be better.,2025-04-15 01:56:13
REV_9477,US_9786,MV_8185,9.6,Great movie!,2025-07-10 13:25:19
REV_9478,US_5619,MV_6170,3.2,Great movie!,2025-12-20 03:06:49
REV_9479,US_2577,MV_4561,9.6,Great movie!,2024-02-07 05:25:13
REV_9480,US_2692,MV_8000,2.2,Could be better.,2024-03-25 10:02:05
REV_9481,US_9456,MV_5080,4.7,Great movie!,2025-06-01 10:19:03
REV_9482,US_7462,MV_3119,7.7,Great movie!,2024-10-07 20:33:50
REV_9483,US_5093,MV_301,7.2,Great movie!,2025-08-14 02:33:11
REV_9485,US_3663,MV_5246,7.0,Great movie!,2025-02-11 20:25:57
REV_9486,US_725,MV_9819,2.9,Could be better.,2024-06-29 00:39:05
REV_9487,US_2789,MV_1172,3.2,Could be better.,2024-06-22 03:34:09
REV_9488,US_3858,MV_4708,6.7,Great movie!,2024-10-07 22:37:34
REV_9489,US_5685,MV_508,6.6,Could be better.,2024-05-18 05:16:19
REV_9490,US_1093,MV_6595,9.9,Could be better.,2025-02-11 01:40:17
REV_9491,US_9621,MV_345,1.3,Could be better.,2024-08-23 01:04:29
REV_9492,US_1697,MV_5908,1.3,Could be better.,2024-01-22 21:31:03
REV_9493,US_3803,MV_3341,2.2,Could be better.,2025-09-26 22:44:44
REV_9494,US_9387,MV_9281,9.3,Great movie!,2024-02-16 05:54:17
REV_9495,US_4004,MV_3352,3.7,Could be better.,2024-10-26 01:16:24
REV_9496,US_3951,MV_6083,7.1,Great movie!,2025-03-03 00:46:37
REV_9497,US_580,MV_6638,3.1,Could be better.,2024-03-06 18:41:01
REV_9498,US_865,MV_3738,1.8,Great movie!,2024-06-25 18:32:45
REV_9500,US_4279,MV_6796,7.2,Could be better.,2025-10-02 01:08:46
REV_9501,US_1280,MV_2027,7.8,Great movie!,2025-03-02 11:33:59
REV_9502,US_1191,MV_4278,4.5,Great movie!,2025-08-08 09:52:04
REV_9503,US_8333,MV_416,5.1,Great movie!,2024-08-23 16:09:31
REV_9504,US_8222,MV_6062,6.6,Great movie!,2025-10-08 09:38:21
REV_9505,US_2201,MV_7159,9.4,Could be better.,2025-03-10 18:16:09
REV_9506,US_6190,MV_8549,8.2,Great movie!,2024-03-23 07:29:41
REV_9507,US_6556,MV_2857,6.1,Great movie!,2024-12-05 10:31:45
REV_9508,US_5612,MV_8094,8.2,Great movie!,2025-03-17 14:55:08
REV_9509,US_272,MV_3892,6.6,Could be better.,2024-02-13 01:43:29
REV_9510,US_1781,MV_6864,8.7,Could be better.,2024-03-20 12:16:22
REV_9511,US_194,MV_837,9.1,Could be better.,2024-03-07 06:02:06
REV_9512,US_1049,MV_989,2.4,Could be better.,2024-06-18 10:14:36
REV_9514,US_7672,MV_9973,7.0,Could be better.,2025-11-27 21:05:05
REV_9515,US_140,MV_439,4.5,Could be better.,2025-03-23 15:29:49
REV_9516,US_1897,MV_6095,9.7,Great movie!,2025-08-14 17:13:14
REV_9517,US_4590,MV_4321,8.6,Great movie!,2025-04-30 07:43:38
REV_9518,US_7263,MV_5505,5.1,Great movie!,2025-01-19 03:50:11
REV_9519,US_8871,MV_688,6.8,Could be better.,2025-05-21 06:55:49
REV_9520,US_9612,MV_1161,9.1,Could be better.,2024-07-29 03:05:53
REV_9521,US_6485,MV_8691,5.8,Great movie!,2025-01-05 15:56:38
REV_9522,US_2842,MV_994,3.2,Could be better.,2025-05-18 18:23:07
REV_9523,US_3705,MV_4931,3.7,Could be better.,2025-04-24 01:41:23
REV_9524,US_9503,MV_4140,1.5,Great movie!,2025-01-16 15:15:28
REV_9525,US_9516,MV_6772,8.7,Could be better.,2025-01-09 11:37:29
REV_9526,US_2494,MV_3725,8.5,Great movie!,2024-02-06 19:41:59
REV_9527,US_8363,MV_3155,1.9,Could be better.,2025-08-30 07:04:43
REV_9528,US_2055,MV_668,5.0,Great movie!,2024-07-25 13:24:06
REV_9529,US_966,MV_7895,2.4,Great movie!,2025-04-30 14:49:27
REV_9530,US_6659,MV_2902,7.5,Could be better.,2024-07-21 11:28:35
REV_9531,US_2868,MV_7473,7.0,Great movie!,2024-09-06 18:33:59
REV_9532,US_366,MV_8821,1.3,Great movie!,2025-05-24 16:22:03
REV_9533,US_4545,MV_1242,2.5,Could be better.,2025-03-05 12:24:03
REV_9534,US_7584,MV_9849,7.9,Great movie!,2025-11-03 23:43:45
REV_9535,US_7408,MV_6404,7.6,Great movie!,2025-05-25 21:59:13
REV_9536,US_596,MV_8485,4.0,Great movie!,2025-07-13 21:25:31
REV_9537,US_209,MV_392,1.9,Could be better.,2025-01-28 15:13:20
REV_9538,US_6485,MV_6780,1.0,Could be better.,2024-01-14 16:02:51
REV_9539,US_2610,MV_9516,3.5,Could be better.,2025-06-15 09:04:15
REV_9540,US_9198,MV_9294,8.9,Great movie!,2025-09-01 11:27:47
REV_9541,US_1105,MV_3813,6.3,Could be better.,2024-05-24 12:22:41
REV_9542,US_645,MV_8028,3.9,Great movie!,2025-09-24 05:42:33
REV_9543,US_6114,MV_3854,2.1,Could be better.,2025-08-17 15:21:11
REV_9544,US_8737,MV_5036,1.5,Great movie!,2024-12-26 09:33:32
REV_9545,US_3231,MV_939,2.1,Great movie!,2024-04-24 20:53:38
REV_9546,US_1079,MV_1172,4.0,Could be better.,2024-10-06 04:46:47
REV_9547,US_5512,MV_373,2.9,Great movie!,2025-01-28 14:50:51
REV_9548,US_9270,MV_5447,5.5,Great movie!,2025-11-25 04:24:20
REV_9549,US_2484,MV_4503,4.7,Great movie!,2024-04-26 06:59:33
REV_9550,US_2715,MV_1891,8.8,Great movie!,2025-10-17 22:43:28
REV_9551,US_1958,MV_8740,7.7,Great movie!,2024-10-11 18:43:05
REV_9552,US_7977,MV_4711,4.6,Could be better.,2024-08-12 07:13:15
REV_9553,US_6808,MV_6726,5.7,Could be better.,2025-01-20 19:11:03
REV_9554,US_5957,MV_5709,5.2,Could be better.,2024-12-15 00:47:06
REV_9555,US_4836,MV_1843,3.8,Great movie!,2025-12-01 07:58:03
REV_9557,US_9124,MV_1419,3.1,Could be better.,2024-11-10 22:53:56
REV_9558,US_639,MV_9970,8.1,Great movie!,2024-05-16 15:23:17
REV_9559,US_4552,MV_6454,1.2,Could be better.,2024-02-25 17:43:36
REV_9560,US_5098,MV_3081,7.4,Could be better.,2024-02-06 13:18:53
REV_9561,US_490,MV_2269,1.4,Great movie!,2024-02-21 18:33:38
REV_9562,US_4029,MV_7940,3.1,Great movie!,2024-11-21 18:32:29
REV_9564,US_4445,MV_1919,1.3,Great movie!,2025-11-23 17:58:35
REV_9565,US_7954,MV_8186,3.0,Great movie!,2024-05-05 14:23:42
REV_9566,US_3286,MV_8702,8.5,Could be better.,2024-09-12 18:37:53
REV_9567,US_7552,MV_3529,5.4,Great movie!,2024-05-31 12:19:59
REV_9568,US_5122,MV_3892,5.5,Great movie!,2025-10-07 00:56:05
REV_9569,US_8440,MV_1313,3.6,Could be better.,2024-03-15 15:58:58
REV_9570,US_2501,MV_8903,7.0,Could be better.,2025-09-26 23:07:37
REV_9571,US_6673,MV_1177,1.1,Great movie!,2024-03-25 03:23:08
REV_9573,US_743,MV_2269,9.0,Great movie!,2025-08-20 18:41:15
REV_9574,US_3105,MV_1599,5.7,Could be better.,2024-01-16 20:45:38
REV_9575,US_8611,MV_9098,5.7,Could be better.,2024-08-09 15:34:49
REV_9576,US_4117,MV_8419,3.6,Great movie!,2025-01-25 04:24:27
REV_9577,US_1727,MV_8638,6.2,Great movie!,2025-06-11 09:45:46
REV_9579,US_9700,MV_5674,2.2,Great movie!,2025-08-01 04:36:23
REV_9580,US_3834,MV_3678,8.9,Great movie!,2024-01-13 19:50:36
REV_9581,US_8660,MV_5720,9.3,Could be better.,2024-12-03 17:38:28
REV_9582,US_7131,MV_8398,1.3,Could be better.,2024-08-05 07:55:59
REV_9583,US_5212,MV_238,8.1,Could be better.,2024-01-08 16:12:25
REV_9584,US_3681,MV_2826,6.6,Could be better.,2025-08-07 05:29:42
REV_9585,US_6701,MV_3480,6.5,Could be better.,2025-12-05 14:14:38
REV_9586,US_8214,MV_8477,4.4,Great movie!,2024-09-11 15:21:51
REV_9587,US_2811,MV_5209,6.6,Great movie!,2024-11-08 09:46:08
REV_9588,US_1743,MV_3627,3.1,Great movie!,2024-07-03 02:39:00
REV_9589,US_3189,MV_8201,5.4,Great movie!,2024-02-05 21:46:53
REV_9590,US_3332,MV_2381,1.2,Could be better.,2025-11-30 20:05:08
REV_9591,US_7264,MV_9773,9.6,Great movie!,2024-09-11 15:42:05
REV_9592,US_7093,MV_8331,8.9,Great movie!,2024-02-26 12:36:56
REV_9593,US_6989,MV_227,9.4,Could be better.,2025-03-06 14:14:48
REV_9594,US_3309,MV_3667,3.5,Could be better.,2025-05-18 20:41:32
REV_9595,US_3742,MV_3367,3.3,Great movie!,2024-06-02 14:51:52
REV_9596,US_943,MV_8381,9.8,Could be better.,2024-04-08 09:04:50
REV_9597,US_3213,MV_7672,1.1,Great movie!,2024-12-03 10:19:09
REV_9598,US_5651,MV_1238,5.0,Could be better.,2025-08-14 11:48:21
REV_9599,US_2588,MV_5,9.2,Great movie!,2024-07-14 11:59:52
REV_9600,US_9589,MV_920,5.4,Great movie!,2024-09-13 03:07:31
REV_9601,US_1815,MV_1460,3.6,Great movie!,2024-08-08 06:24:57
REV_9602,US_5815,MV_6215,1.4,Great movie!,2025-03-06 09:12:29
REV_9603,US_8293,MV_8727,1.9,Could be better.,2024-05-18 12:16:53
REV_9604,US_1635,MV_200,9.1,Great movie!,2025-12-15 00:42:34
REV_9605,US_7118,MV_7018,7.2,Great movie!,2024-12-26 04:16:26
REV_9606,US_3513,MV_6646,6.5,Great movie!,2025-01-15 09:16:48
REV_9607,US_4719,MV_3547,8.7,Great movie!,2024-09-25 02:29:09
REV_9608,US_7356,MV_8849,3.9,Could be better.,2025-08-28 06:04:46
REV_9609,US_4640,MV_3144,8.9,Great movie!,2024-03-11 04:06:49
REV_9610,US_1294,MV_9798,7.5,Great movie!,2024-02-07 15:17:27
REV_9611,US_1982,MV_9515,7.2,Could be better.,2024-11-19 11:39:18
REV_9612,US_194,MV_9939,8.8,Could be better.,2024-06-15 00:16:04
REV_9613,US_6707,MV_7905,8.6,Great movie!,2024-02-05 03:00:15
REV_9614,US_4779,MV_2332,4.0,Could be better.,2024-04-02 23:37:01
REV_9615,US_9624,MV_6471,5.8,Could be better.,2024-06-02 17:05:34
REV_9616,US_6915,MV_8777,5.5,Could be better.,2024-07-02 22:53:25
REV_9617,US_9088,MV_3629,4.0,Great movie!,2025-05-24 18:26:39
REV_9618,US_4303,MV_4399,5.5,Great movie!,2024-06-14 05:12:55
REV_9619,US_1047,MV_306,9.2,Could be better.,2024-01-26 01:25:31
REV_9620,US_6357,MV_1700,8.8,Could be better.,2025-01-29 12:35:46
REV_9621,US_297,MV_9562,5.0,Could be better.,2024-08-12 20:21:04
REV_9622,US_5514,MV_3239,6.3,Could be better.,2024-03-03 11:38:51
REV_9623,US_134,MV_3054,9.4,Great movie!,2024-08-26 01:06:06
REV_9624,US_187,MV_3366,5.6,Great movie!,2025-12-22 07:23:36
REV_9625,US_7040,MV_6481,4.3,Great movie!,2024-05-01 15:25:16
REV_9627,US_7675,MV_8141,2.6,Could be better.,2024-05-26 01:15:27
REV_9628,US_7501,MV_1346,1.0,Great movie!,2024-10-02 04:18:16
REV_9629,US_9871,MV_8172,9.7,Could be better.,2025-02-15 00:28:42
REV_9630,US_320,MV_5056,3.9,Great movie!,2024-03-30 16:35:18
REV_9631,US_1138,MV_8621,7.3,Could be better.,2025-09-07 13:57:12
REV_9632,US_6680,MV_3015,1.2,Great movie!,2024-12-08 15:59:05
REV_9633,US_3901,MV_8439,5.7,Great movie!,2024-01-21 15:53:17
REV_9634,US_559,MV_5983,1.4,Could be better.,2025-04-26 20:52:59
REV_9635,US_5184,MV_7166,1.5,Could be better.,2025-03-29 00:47:18
REV_9636,US_1258,MV_2169,2.4,Could be better.,2025-04-12 15:05:26
REV_9637,US_5098,MV_5674,5.1,Could be better.,2025-06-13 10:38:38
REV_9638,US_3788,MV_1980,9.2,Great movie!,2024-11-11 02:47:01
REV_9639,US_3432,MV_6453,3.3,Could be better.,2024-04-13 17:35:37
REV_9641,US_6682,MV_3788,9.4,Could be better.,2024-05-20 09:32:12
REV_9642,US_3890,MV_2110,8.4,Great movie!,2025-08-29 07:20:10
REV_9643,US_7902,MV_176,8.7,Great movie!,2025-03-26 07:51:40
REV_9644,US_69,MV_4312,9.9,Great movie!,2024-06-16 04:32:07
REV_9645,US_7836,MV_5839,4.7,Great movie!,2025-02-27 03:23:19
REV_9646,US_8710,MV_3283,9.1,Great movie!,2025-09-29 23:55:03
REV_9647,US_4921,MV_7023,2.2,Great movie!,2025-11-17 12:59:28
REV_9648,US_4808,MV_9161,2.7,Could be better.,2024-08-23 15:40:49
REV_9650,US_4589,MV_9984,5.2,Could be better.,2024-01-20 13:29:00
REV_9651,US_2335,MV_9074,1.8,Could be better.,2024-03-01 01:34:25
REV_9652,US_7518,MV_6996,4.2,Great movie!,2024-01-25 16:08:05
REV_9653,US_3188,MV_197,7.2,Great movie!,2024-02-02 07:29:01
REV_9654,US_7296,MV_4041,5.6,Could be better.,2025-12-12 02:05:35
REV_9655,US_809,MV_2049,4.0,Great movie!,2024-01-26 18:19:30
REV_9656,US_8496,MV_6134,4.4,Great movie!,2024-11-18 19:34:57
REV_9657,US_7735,MV_6710,6.4,Great movie!,2024-09-01 14:19:38
REV_9658,US_7618,MV_4229,7.5,Great movie!,2024-12-14 06:57:45
REV_9659,US_2703,MV_5959,1.3,Great movie!,2025-08-03 13:00:41
REV_9660,US_5394,MV_2728,5.2,Great movie!,2024-08-19 12:36:51
REV_9661,US_7736,MV_5260,9.0,Great movie!,2025-07-26 14:21:56
REV_9662,US_1206,MV_1705,8.0,Could be better.,2025-01-27 15:10:48
REV_9663,US_9380,MV_3524,4.3,Great movie!,2025-03-04 16:55:45
REV_9664,US_6599,MV_3224,5.5,Great movie!,2024-02-15 19:01:34
REV_9665,US_3771,MV_2833,7.1,Great movie!,2024-06-21 10:21:38
REV_9666,US_2840,MV_8738,3.9,Could be better.,2025-05-20 15:39:18
REV_9667,US_7331,MV_8498,8.5,Great movie!,2024-11-21 13:46:09
REV_9668,US_6192,MV_5070,1.7,Great movie!,2025-08-15 00:07:16
REV_9669,US_3140,MV_4459,3.4,Could be better.,2025-02-03 19:31:22
REV_9670,US_1300,MV_1475,2.3,Great movie!,2024-11-14 22:52:45
REV_9671,US_3642,MV_5694,1.7,Great movie!,2024-07-07 00:05:24
REV_9672,US_733,MV_16,5.7,Could be better.,2024-06-29 03:17:36
REV_9673,US_8533,MV_9277,2.2,Great movie!,2024-10-29 16:12:08
REV_9674,US_59,MV_5893,2.9,Great movie!,2024-05-10 18:40:41
REV_9676,US_2835,MV_8506,8.0,Could be better.,2025-12-01 11:45:17
REV_9677,US_1402,MV_1145,8.6,Could be better.,2025-12-02 01:06:53
REV_9678,US_8268,MV_8180,1.2,Great movie!,2024-12-12 02:41:54
REV_9679,US_5816,MV_9370,3.8,Great movie!,2025-12-19 01:57:33
REV_9680,US_132,MV_8592,1.7,Great movie!,2025-10-19 17:19:45
REV_9681,US_6185,MV_8956,7.9,Great movie!,2025-02-16 06:29:35
REV_9682,US_4058,MV_4105,6.2,Could be better.,2025-07-29 06:00:58
REV_9683,US_8420,MV_8319,8.1,Could be better.,2025-04-10 00:49:52
REV_9684,US_7763,MV_3288,9.2,Could be better.,2025-12-02 03:47:14
REV_9685,US_3976,MV_4934,8.1,Could be better.,2025-05-08 05:48:14
REV_9686,US_3806,MV_1413,8.6,Great movie!,2025-05-04 03:49:45
REV_9687,US_6373,MV_4635,8.1,Could be better.,2025-04-16 01:14:04
REV_9688,US_4500,MV_137,6.3,Great movie!,2025-07-21 04:16:49
REV_9689,US_2084,MV_6288,3.2,Great movie!,2024-04-19 18:41:19
REV_9690,US_6235,MV_2715,4.3,Could be better.,2024-05-09 10:45:48
REV_9691,US_6288,MV_1956,3.2,Could be better.,2025-05-23 16:45:39
REV_9692,US_6157,MV_1671,3.9,Great movie!,2024-06-14 15:02:38
REV_9693,US_8722,MV_4948,8.8,Great movie!,2024-12-27 16:14:38
REV_9694,US_1786,MV_1073,3.8,Great movie!,2025-03-30 11:04:44
REV_9695,US_6256,MV_539,2.2,Great movie!,2024-09-14 10:24:45
REV_9696,US_845,MV_3259,7.6,Could be better.,2024-08-03 12:26:51
REV_9697,US_3910,MV_9540,1.1,Great movie!,2024-12-22 10:56:30
REV_9698,US_3545,MV_3198,8.2,Great movie!,2024-02-23 00:25:58
REV_9699,US_4638,MV_6385,1.3,Great movie!,2024-02-25 09:15:05
REV_9700,US_2617,MV_4338,3.2,Could be better.,2024-02-28 02:09:03
REV_9701,US_1872,MV_4218,8.9,Great movie!,2024-12-01 08:19:05
REV_9703,US_6555,MV_8313,4.7,Could be better.,2025-08-07 16:04:32
REV_9705,US_6089,MV_6111,5.3,Great movie!,2025-07-27 04:28:10
REV_9706,US_7200,MV_671,2.4,Could be better.,2024-05-08 16:09:57
REV_9707,US_6577,MV_1864,2.7,Could be better.,2024-02-27 16:05:21
REV_9709,US_1329,MV_6445,7.0,Great movie!,2025-02-25 05:24:13
REV_9710,US_423,MV_2988,10.0,Could be better.,2024-08-14 03:16:03
REV_9711,US_585,MV_6417,2.0,Could be better.,2025-03-15 01:28:51
REV_9712,US_3717,MV_9809,2.1,Great movie!,2025-11-05 18:30:11
REV_9713,US_7774,MV_1512,3.8,Could be better.,2025-01-26 20:28:35
REV_9714,US_5919,MV_4807,3.7,Great movie!,2025-09-26 00:15:51
REV_9715,US_3234,MV_2849,7.1,Great movie!,2024-05-01 19:12:35
REV_9716,US_344,MV_5637,3.3,Great movie!,2025-12-19 03:57:57
REV_9717,US_3828,MV_7720,1.1,Could be better.,2024-10-05 01:24:29
REV_9718,US_911,MV_2144,2.8,Great movie!,2024-08-11 19:11:40
REV_9719,US_5620,MV_4096,3.8,Great movie!,2024-08-24 13:12:00
REV_9720,US_7537,MV_924,9.0,Great movie!,2025-03-06 06:27:51
REV_9721,US_9490,MV_3175,6.2,Could be better.,2025-07-25 21:13:13
REV_9722,US_1610,MV_5168,3.2,Great movie!,2024-11-21 22:00:54
REV_9723,US_643,MV_4565,6.1,Could be better.,2024-09-18 01:24:48
REV_9724,US_9307,MV_1815,8.1,Great movie!,2024-04-05 13:40:48
REV_9725,US_5263,MV_1666,2.0,Could be better.,2025-02-14 00:35:24
REV_9726,US_1432,MV_5965,8.1,Could be better.,2024-02-10 00:20:00
REV_9727,US_7492,MV_9309,4.0,Could be better.,2024-05-17 21:06:40
REV_9728,US_669,MV_6212,8.1,Could be better.,2024-07-31 09:51:08
REV_9729,US_7973,MV_1878,8.1,Could be better.,2025-09-06 20:51:53
REV_9730,US_7263,MV_1693,8.5,Could be better.,2024-04-10 21:33:49
REV_9731,US_5317,MV_1056,9.8,Great movie!,2024-08-12 09:40:33
REV_9732,US_1416,MV_7988,4.7,Could be better.,2025-05-29 18:42:46
REV_9733,US_5400,MV_4577,8.6,Could be better.,2025-02-02 14:36:26
REV_9734,US_504,MV_3749,4.6,Great movie!,2025-04-30 03:08:55
REV_9735,US_5780,MV_9125,5.1,Great movie!,2024-04-13 19:26:42
REV_9736,US_7450,MV_7073,6.3,Great movie!,2024-07-21 11:43:18
REV_9737,US_4642,MV_2134,4.0,Great movie!,2024-05-17 11:46:09
REV_9738,US_4514,MV_4117,9.3,Could be better.,2024-01-15 12:05:34
REV_9739,US_3221,MV_1438,8.4,Great movie!,2025-10-28 15:42:29
REV_9740,US_1524,MV_2557,3.0,Great movie!,2025-09-22 07:15:34
REV_9741,US_6408,MV_7544,8.8,Great movie!,2025-07-17 10:28:39
REV_9742,US_2438,MV_7719,7.8,Great movie!,2024-07-17 06:24:47
REV_9743,US_9519,MV_5405,7.3,Great movie!,2025-05-03 06:47:45
REV_9744,US_3867,MV_2412,1.9,Great movie!,2024-03-27 08:59:47
REV_9745,US_4683,MV_3227,6.5,Great movie!,2024-05-10 17:22:16
REV_9746,US_4012,MV_5549,7.7,Could be better.,2024-04-14 20:52:48
REV_9747,US_8976,MV_4969,8.4,Could be better.,2024-05-02 06:39:01
REV_9748,US_471,MV_3728,9.0,Could be better.,2025-01-29 03:30:08
REV_9749,US_6534,MV_4819,3.0,Could be better.,2024-11-10 16:28:02
REV_9750,US_7485,MV_4219,3.4,Could be better.,2024-04-03 16:07:10
REV_9751,US_2100,MV_3999,7.4,Great movie!,2024-10-24 04:06:57
REV_9752,US_3930,MV_9366,9.0,Could be better.,2025-04-10 22:22:32
REV_9753,US_1674,MV_9508,3.7,Could be better.,2025-02-21 01:57:44
REV_9755,US_141,MV_565,6.4,Great movie!,2024-08-16 00:59:31
REV_9756,US_8810,MV_712,6.9,Could be better.,2024-11-24 17:03:10
REV_9757,US_6615,MV_9942,6.4,Could be better.,2025-12-02 11:30:13
REV_9758,US_5070,MV_3690,4.1,Could be better.,2025-07-01 20:52:51
REV_9759,US_3136,MV_6574,3.3,Great movie!,2025-11-27 08:10:15
REV_9760,US_8906,MV_5295,3.2,Could be better.,2024-07-24 00:46:46
REV_9761,US_8501,MV_1996,9.8,Great movie!,2024-06-17 20:32:16
REV_9762,US_2747,MV_7866,8.1,Could be better.,2025-01-21 13:08:05
REV_9763,US_4333,MV_3408,4.3,Great movie!,2024-01-29 18:10:56
REV_9764,US_1291,MV_1047,5.0,Great movie!,2024-07-06 00:30:03
REV_9765,US_2235,MV_1741,1.1,Great movie!,2024-01-14 08:24:00
REV_9766,US_6788,MV_7500,6.2,Great movie!,2024-07-06 12:05:52
REV_9767,US_6048,MV_5176,3.2,Could be better.,2024-12-24 01:05:10
REV_9768,US_951,MV_3014,8.2,Great movie!,2025-01-29 20:28:03
REV_9769,US_2430,MV_5364,2.8,Great movie!,2025-06-15 10:56:28
REV_9770,US_3183,MV_3428,4.3,Could be better.,2024-06-15 17:31:56
REV_9771,US_4733,MV_5044,3.4,Great movie!,2025-10-17 11:37:43
REV_9772,US_8181,MV_5317,7.7,Could be better.,2025-06-09 16:32:54
REV_9774,US_2468,MV_1317,1.9,Could be better.,2024-07-09 10:58:06
REV_9775,US_796,MV_8909,8.6,Could be better.,2025-10-08 12:54:40
REV_9776,US_7438,MV_4095,3.0,Great movie!,2025-06-17 21:48:48
REV_9777,US_8070,MV_9877,5.2,Could be better.,2025-12-18 03:49:33
REV_9778,US_2016,MV_594,3.1,Great movie!,2024-06-04 11:30:34
REV_9779,US_943,MV_6580,1.8,Great movie!,2025-11-12 03:07:33
REV_9780,US_4465,MV_7755,7.0,Great movie!,2024-06-26 09:19:54
REV_9781,US_8898,MV_2726,1.5,Great movie!,2024-11-22 11:30:38
REV_9782,US_9054,MV_3206,3.3,Great movie!,2024-05-03 11:40:47
REV_9783,US_9210,MV_9136,9.2,Could be better.,2025-03-27 19:27:26
REV_9784,US_389,MV_1891,1.9,Great movie!,2025-08-10 21:53:17
REV_9785,US_6088,MV_1358,6.3,Could be better.,2024-04-12 20:33:44
REV_9786,US_1962,MV_9754,8.9,Great movie!,2024-01-28 18:50:33
REV_9787,US_297,MV_355,2.3,Great movie!,2024-08-15 17:49:56
REV_9788,US_8101,MV_1783,5.4,Could be better.,2025-08-20 22:37:23
REV_9789,US_9212,MV_6426,1.4,Could be better.,2025-08-15 01:26:46
REV_9790,US_3697,MV_620,2.3,Great movie!,2025-02-15 17:12:22
REV_9791,US_2748,MV_8493,9.5,Great movie!,2025-10-04 11:58:50
REV_9794,US_6867,MV_1495,8.5,Could be better.,2024-06-17 19:16:14
REV_9795,US_9317,MV_2911,6.8,Great movie!,2025-03-06 04:36:15
REV_9796,US_8507,MV_2075,2.5,Great movie!,2025-06-09 10:11:25
REV_9797,US_2784,MV_6769,3.5,Could be better.,2024-08-24 05:36:12
REV_9798,US_3534,MV_4750,8.9,Great movie!,2024-05-11 18:14:31
REV_9799,US_993,MV_5026,4.2,Could be better.,2025-01-29 11:14:12
REV_9800,US_3043,MV_3254,1.5,Could be better.,2024-02-04 05:53:42
REV_9802,US_9588,MV_5421,8.9,Could be better.,2024-01-31 16:54:58
REV_9803,US_5187,MV_6783,2.1,Could be better.,2025-06-28 19:52:00
REV_9804,US_5914,MV_595,4.8,Could be better.,2024-12-18 22:59:26
REV_9805,US_340,MV_6750,6.1,Great movie!,2024-04-22 01:57:27
REV_9806,US_8317,MV_3679,5.7,Great movie!,2024-10-21 23:34:03
REV_9807,US_2769,MV_5496,8.3,Could be better.,2025-06-01 16:02:13
REV_9808,US_1382,MV_2186,1.8,Great movie!,2025-05-31 23:58:34
REV_9809,US_1496,MV_1448,6.4,Could be better.,2025-02-16 14:13:50
REV_9810,US_7426,MV_6011,8.1,Could be better.,2025-07-28 11:54:50
REV_9811,US_4830,MV_9659,1.1,Great movie!,2025-10-15 12:56:10
REV_9812,US_5070,MV_7529,8.0,Could be better.,2025-07-29 02:39:24
REV_9813,US_8025,MV_7666,8.4,Great movie!,2025-09-04 19:24:10
REV_9814,US_1149,MV_6061,8.1,Could be better.,2024-08-24 04:13:18
REV_9815,US_9566,MV_6392,3.9,Great movie!,2025-03-06 15:59:37
REV_9816,US_9879,MV_5343,5.1,Could be better.,2025-04-27 13:54:08
REV_9817,US_3111,MV_1649,3.0,Great movie!,2024-12-02 15:05:30
REV_9818,US_809,MV_4141,4.1,Could be better.,2025-07-22 03:50:24
REV_9819,US_4053,MV_6014,3.3,Great movie!,2025-12-04 16:14:15
REV_9820,US_289,MV_4312,6.4,Great movie!,2025-11-30 08:41:11
REV_9821,US_9969,MV_8884,9.9,Could be better.,2025-02-28 10:17:24
REV_9822,US_9138,MV_7220,8.4,Great movie!,2025-10-10 22:16:56
REV_9823,US_6100,MV_4113,3.2,Great movie!,2024-01-07 12:57:27
REV_9824,US_6171,MV_6448,4.0,Could be better.,2025-11-11 21:53:25
REV_9825,US_2165,MV_3813,7.4,Great movie!,2024-05-11 08:24:02
REV_9826,US_4099,MV_7425,8.4,Great movie!,2024-10-25 00:13:18
REV_9829,US_2604,MV_8219,3.8,Great movie!,2025-09-30 16:40:16
REV_9830,US_8240,MV_3489,9.3,Great movie!,2025-12-24 11:25:21
REV_9831,US_1832,MV_6553,2.0,Could be better.,2024-04-14 14:41:47
REV_9832,US_3858,MV_1787,5.3,Could be better.,2024-12-06 00:17:47
REV_9833,US_6692,MV_9707,6.8,Great movie!,2024-07-08 09:31:00
REV_9834,US_9927,MV_4543,7.9,Great movie!,2025-07-09 21:55:12
REV_9835,US_1777,MV_3121,7.1,Could be better.,2025-03-27 09:36:37
REV_9836,US_181,MV_6470,2.2,Could be better.,2025-02-28 21:24:59
REV_9837,US_71,MV_5107,4.6,Great movie!,2025-06-08 14:28:51
REV_9838,US_9247,MV_1686,4.3,Could be better.,2024-02-25 04:01:33
REV_9839,US_1059,MV_1904,4.5,Great movie!,2024-02-08 14:23:39
REV_9840,US_4529,MV_656,9.7,Could be better.,2024-01-24 03:39:39
REV_9841,US_3206,MV_3622,3.7,Great movie!,2024-09-06 13:51:26
REV_9842,US_7462,MV_203,3.2,Could be better.,2024-03-12 15:34:10
REV_9843,US_4754,MV_4127,8.5,Great movie!,2025-06-14 05:52:03
REV_9844,US_8238,MV_2928,3.1,Great movie!,2025-04-15 11:38:16
REV_9845,US_3584,MV_7913,6.5,Could be better.,2024-11-28 23:44:17
REV_9846,US_8894,MV_2652,9.1,Could be better.,2024-07-10 19:36:35
REV_9847,US_6370,MV_3656,5.8,Could be better.,2025-04-14 04:49:06
REV_9848,US_9469,MV_3213,1.9,Could be better.,2025-09-07 13:32:31
REV_9849,US_7008,MV_3169,8.1,Could be better.,2025-08-01 03:31:00
REV_9851,US_2139,MV_271,1.4,Great movie!,2024-03-29 22:14:24
REV_9852,US_9137,MV_4635,2.7,Could be better.,2025-07-16 16:30:42
REV_9855,US_1012,MV_4791,5.0,Great movie!,2024-09-07 06:38:23
REV_9856,US_453,MV_5742,5.8,Could be better.,2024-01-04 07:24:55
REV_9857,US_4328,MV_7084,4.2,Great movie!,2025-06-15 23:33:08
REV_9858,US_3733,MV_8338,5.4,Could be better.,2025-09-08 14:43:41
REV_9859,US_6487,MV_4883,1.7,Great movie!,2025-02-14 15:36:43
REV_9860,US_1874,MV_2378,6.9,Could be better.,2024-10-18 09:16:20
REV_9861,US_3112,MV_3936,3.0,Great movie!,2025-04-05 15:00:14
REV_9862,US_9150,MV_7809,9.7,Great movie!,2024-09-16 05:11:51
REV_9863,US_5108,MV_4832,5.3,Could be better.,2024-07-02 01:07:42
REV_9864,US_2926,MV_6232,8.6,Great movie!,2024-09-06 02:42:44
REV_9865,US_7696,MV_8660,2.0,Great movie!,2024-10-19 01:16:58
REV_9866,US_7383,MV_3810,3.4,Could be better.,2024-05-19 21:49:09
REV_9867,US_2569,MV_4668,9.2,Could be better.,2024-01-19 09:41:40
REV_9868,US_820,MV_8137,4.8,Could be better.,2024-06-27 13:01:12
REV_9869,US_9711,MV_8116,9.7,Great movie!,2024-08-31 21:52:50
REV_9870,US_3659,MV_2982,2.5,Great movie!,2024-04-08 06:13:50
REV_9871,US_1343,MV_4712,9.6,Great movie!,2024-05-02 04:16:13
REV_9872,US_8312,MV_1204,2.0,Could be better.,2024-10-06 02:16:58
REV_9873,US_7915,MV_1662,3.0,Great movie!,2024-06-24 14:28:15
REV_9874,US_5089,MV_7850,9.7,Great movie!,2025-09-27 23:07:46
REV_9875,US_44,MV_4772,3.6,Great movie!,2025-09-24 06:38:20
REV_9876,US_2575,MV_2545,5.3,Great movie!,2024-11-06 09:40:27
REV_9877,US_3482,MV_7863,8.8,Great movie!,2025-11-12 07:15:48
REV_9878,US_3318,MV_8267,8.3,Great movie!,2024-01-12 11:02:21
REV_9879,US_1699,MV_6736,7.3,Great movie!,2024-09-11 20:35:52
REV_9880,US_517,MV_3697,2.3,Could be better.,2024-08-09 18:30:11
REV_9881,US_3513,MV_165,2.8,Could be better.,2024-04-08 20:48:15
REV_9882,US_9507,MV_7550,9.6,Could be better.,2025-06-22 12:32:56
REV_9883,US_2425,MV_911,6.8,Could be better.,2024-02-09 09:43:19
REV_9884,US_5955,MV_992,5.0,Could be better.,2025-05-29 04:19:33
REV_9885,US_7117,MV_7702,3.0,Great movie!,2025-10-06 03:22:38
REV_9886,US_1393,MV_1160,4.7,Great movie!,2024-01-28 01:44:00
REV_9887,US_1599,MV_8926,1.1,Great movie!,2025-03-28 10:58:33
REV_9888,US_8782,MV_8372,2.4,Could be better.,2024-07-06 16:13:36
REV_9889,US_7211,MV_4312,5.4,Could be better.,2025-10-27 07:28:57
REV_9890,US_3124,MV_6670,6.3,Great movie!,2025-11-22 12:38:11
REV_9892,US_5787,MV_3147,5.5,Could be better.,2024-05-01 00:29:34
REV_9893,US_1809,MV_268,2.2,Great movie!,2024-07-15 21:31:55
REV_9894,US_5582,MV_6443,3.0,Could be better.,2024-08-01 22:36:13
REV_9895,US_2708,MV_5300,3.2,Great movie!,2024-01-01 05:35:25
REV_9897,US_3702,MV_5587,9.0,Could be better.,2024-05-13 17:31:33
REV_9899,US_2438,MV_6782,7.2,Could be better.,2025-12-08 04:26:35
REV_9900,US_6732,MV_7589,8.1,Could be better.,2024-07-04 21:28:48
REV_9901,US_7465,MV_4382,6.4,Great movie!,2024-06-27 23:42:09
REV_9902,US_7654,MV_4554,3.2,Could be better.,2024-07-19 18:45:49
REV_9903,US_913,MV_7426,5.7,Great movie!,2024-06-02 06:00:17
REV_9904,US_6001,MV_6165,9.1,Great movie!,2025-04-29 08:08:22
REV_9905,US_2727,MV_7493,3.5,Could be better.,2025-05-12 23:59:23
REV_9906,US_6502,MV_9022,8.7,Could be better.,2024-09-05 03:09:04
REV_9907,US_3964,MV_2844,2.3,Great movie!,2024-10-05 00:03:38
REV_9908,US_5196,MV_1622,9.4,Could be better.,2025-01-24 21:22:42
REV_9909,US_4175,MV_9915,7.4,Could be better.,2024-01-30 16:33:55
REV_9910,US_5184,MV_5245,6.3,Could be better.,2024-07-06 16:01:22
REV_9911,US_5278,MV_4242,2.6,Great movie!,2025-10-14 13:20:14
REV_9912,US_9525,MV_4619,9.8,Could be better.,2025-08-03 23:56:29
REV_9913,US_3210,MV_1875,3.6,Great movie!,2025-03-17 16:28:25
REV_9914,US_8339,MV_9704,2.9,Great movie!,2024-06-26 11:43:14
REV_9915,US_28,MV_3839,6.4,Could be better.,2024-02-24 08:43:24
REV_9917,US_524,MV_1276,2.7,Great movie!,2025-11-10 06:15:30
REV_9918,US_9194,MV_3543,6.3,Could be better.,2025-01-18 17:45:43
REV_9919,US_3304,MV_1680,2.1,Could be better.,2024-07-21 05:30:01
REV_9920,US_6063,MV_9730,9.3,Great movie!,2024-06-09 01:28:27
REV_9922,US_7739,MV_3492,4.3,Could be better.,2024-12-15 20:48:38
REV_9923,US_4030,MV_8202,6.8,Great movie!,2024-09-23 13:40:20
REV_9924,US_7252,MV_3133,9.1,Could be better.,2024-07-01 16:02:55
REV_9925,US_644,MV_940,6.3,Could be better.,2024-03-09 09:57:25
REV_9926,US_6663,MV_8244,6.1,Could be better.,2025-10-03 17:34:16
REV_9927,US_1437,MV_4253,3.8,Could be better.,2025-02-14 12:13:10
REV_9928,US_3751,MV_9280,9.8,Great movie!,2024-01-15 15:45:07
REV_9929,US_2123,MV_8970,1.7,Great movie!,2024-09-30 10:57:51
REV_9930,US_2801,MV_1505,1.3,Great movie!,2024-12-02 18:58:59
REV_9931,US_8571,MV_7813,6.5,Great movie!,2025-07-08 06:10:38
REV_9932,US_7180,MV_7934,9.9,Great movie!,2025-07-03 08:48:57
REV_9933,US_9335,MV_7071,1.0,Great movie!,2024-03-23 16:23:56
REV_9934,US_4367,MV_9731,5.1,Great movie!,2025-07-18 09:04:28
REV_9935,US_39,MV_1344,4.5,Could be better.,2025-07-27 16:58:04
REV_9936,US_9266,MV_2485,9.6,Great movie!,2025-01-02 03:08:33
REV_9937,US_4949,MV_3862,8.3,Great movie!,2024-05-20 05:23:52
REV_9938,US_3202,MV_2793,9.4,Great movie!,2024-08-14 19:17:26
REV_9939,US_1784,MV_7879,8.5,Could be better.,2025-11-13 01:25:48
REV_9940,US_7726,MV_7846,6.3,Great movie!,2025-05-29 14:58:16
REV_9941,US_6113,MV_7986,3.3,Great movie!,2024-02-01 16:18:12
REV_9942,US_2088,MV_9428,4.2,Could be better.,2025-01-05 01:03:34
REV_9943,US_3395,MV_5039,8.6,Great movie!,2025-07-17 18:12:47
REV_9944,US_72,MV_9025,5.7,Could be better.,2024-07-07 19:01:16
REV_9945,US_1324,MV_3273,9.2,Great movie!,2025-02-21 08:11:42
REV_9946,US_4146,MV_1401,9.8,Great movie!,2025-05-21 05:41:47
REV_9947,US_4828,MV_6978,6.2,Great movie!,2024-12-02 19:36:19
REV_9948,US_9593,MV_691,5.3,Could be better.,2024-01-24 06:17:28
REV_9949,US_8843,MV_8299,9.0,Great movie!,2025-01-29 14:47:30
REV_9950,US_894,MV_1004,5.1,Great movie!,2025-09-20 07:58:27
REV_9951,US_404,MV_5228,9.2,Great movie!,2024-11-19 03:54:52
REV_9952,US_1297,MV_9275,1.2,Could be better.,2024-12-17 05:43:15
REV_9953,US_4505,MV_2103,2.9,Great movie!,2025-03-06 21:33:56
REV_9954,US_9660,MV_4027,2.5,Could be better.,2024-05-13 00:12:17
REV_9956,US_7521,MV_3950,4.9,Could be better.,2024-02-01 01:36:36
REV_9957,US_996,MV_3193,3.8,Great movie!,2025-08-23 00:16:16
REV_9958,US_4643,MV_5551,1.8,Great movie!,2025-07-02 12:15:01
REV_9959,US_1574,MV_1062,5.1,Could be better.,2024-04-18 21:32:42
REV_9960,US_544,MV_4489,9.7,Could be better.,2024-04-15 21:56:28
REV_9961,US_4954,MV_5319,2.9,Could be better.,2025-08-04 09:46:44
REV_9962,US_418,MV_8946,6.2,Could be better.,2024-07-22 19:55:49
REV_9963,US_11,MV_6331,8.7,Great movie!,2024-12-22 05:08:16
REV_9964,US_3589,MV_4219,5.8,Great movie!,2025-07-04 06:38:18
REV_9966,US_1591,MV_4599,2.7,Great movie!,2025-10-05 00:27:33
REV_9967,US_9590,MV_2871,4.7,Could be better.,2025-07-09 17:07:12
REV_9968,US_2906,MV_449,6.8,Could be better.,2025-01-23 16:33:19
REV_9969,US_6814,MV_2914,2.5,Great movie!,2025-04-01 00:01:42
REV_9970,US_3637,MV_9594,5.5,Could be better.,2024-07-11 16:36:34
REV_9971,US_3759,MV_5684,5.3,Could be better.,2024-03-11 10:32:01
REV_9972,US_8496,MV_7038,3.9,Could be better.,2025-01-18 09:24:09
REV_9973,US_4232,MV_818,9.3,Great movie!,2024-10-04 02:19:11
REV_9974,US_5635,MV_2805,7.9,Could be better.,2024-10-21 12:48:31
REV_9975,US_9138,MV_9332,1.3,Could be better.,2024-05-29 16:11:01
REV_9976,US_5972,MV_5178,9.7,Great movie!,2025-05-21 23:36:58
REV_9977,US_5813,MV_4380,8.9,Great movie!,2024-05-10 09:59:05
REV_9978,US_1573,MV_6721,4.8,Could be better.,2024-09-23 14:15:24
REV_9980,US_4562,MV_9098,6.7,Could be better.,2025-09-17 11:26:03
REV_9981,US_393,MV_9446,3.9,Could be better.,2024-07-24 17:51:14
REV_9982,US_1848,MV_8192,3.2,Could be better.,2025-09-30 08:29:51
REV_9983,US_3997,MV_3469,3.2,Could be better.,2024-10-10 22:55:58
REV_9984,US_2177,MV_5589,8.1,Great movie!,2024-03-09 18:03:36
REV_9985,US_7508,MV_7908,5.9,Great movie!,2025-04-12 11:50:09
REV_9986,US_8436,MV_7213,7.1,Great movie!,2025-03-29 18:38:55
REV_9987,US_4278,MV_8841,9.9,Great movie!,2025-05-01 11:24:08
REV_9988,US_8510,MV_3325,9.0,Could be better.,2025-09-26 23:28:19
REV_9989,US_3790,MV_6628,2.8,Could be better.,2025-08-13 21:01:14
REV_9990,US_4403,MV_1044,8.3,Could be better.,2024-07-24 01:48:08
REV_9991,US_7989,MV_7545,4.5,Could be better.,2024-05-20 22:36:27
REV_9992,US_7946,MV_424,2.6,Great movie!,2025-06-03 07:13:02
REV_9993,US_7998,MV_4536,6.9,Great movie!,2024-12-20 21:40:24
REV_9994,US_6846,MV_376,9.3,Great movie!,2025-08-02 03:52:00
REV_9995,US_5107,MV_6763,2.1,Great movie!,2024-04-12 02:36:18
REV_9996,US_5586,MV_118,3.5,Great movie!,2025-05-28 03:35:33
REV_9997,US_8246,MV_476,1.5,Great movie!,2025-08-14 20:03:35
REV_9998,US_7569,MV_2555,2.4,Great movie!,2024-04-15 09:00:21
