seat_id,booking_id,screen_id,seat_number,seat_type,charger,status,show_id
ST_1,BK_9384,SC_666,B18,VIP,True,Available,
ST_2,BK_8532,SC_631,E6,Regular,True,Booked,
ST_3,,SC_820,A8,Regular,True,Reserved,
ST_4,BK_1547,SC_23,D19,Regular,True,Available,
ST_5,BK_3569,SC_206,C10,VIP,True,Booked,
ST_6,,SC_293,B16,Regular,True,Available,
ST_7,BK_9252,SC_720,A11,Premium,True,Available,
ST_8,BK_6712,SC_720,A18,Premium,True,Available,
ST_9,BK_3078,SC_504,A20,Premium,True,Booked,
ST_10,BK_6810,SC_458,B9,Regular,True,Booked,
ST_12,BK_2081,SC_78,D8,Premium,True,Available,
ST_13,BK_5194,SC_447,E19,Regular,True,Booked,
ST_14,BK_6676,SC_786,D7,Premium,True,Booked,
ST_15,BK_1453,SC_736,D12,Regular,True,Booked,
ST_16,BK_1853,SC_594,E4,Regular,True,Reserved,
ST_17,,SC_575,A14,Regular,True,Booked,
ST_18,BK_4019,SC_920,B6,Premium,True,Booked,
ST_19,BK_3516,SC_778,C12,Premium,True,Available,
ST_20,BK_6091,SC_345,D4,Premium,True,Booked,
ST_21,BK_5418,SC_151,A11,Regular,True,Reserved,
ST_22,BK_6175,SC_979,C12,VIP,True,Booked,
ST_23,BK_9858,SC_351,B18,Regular,True,Booked,
ST_24,BK_887,SC_406,E19,Premium,True,Booked,
ST_25,BK_1531,SC_458,C9,Regular,True,Booked,
ST_26,BK_4981,SC_96,A7,Regular,True,Booked,
ST_27,BK_1142,SC_648,E17,Premium,True,Booked,
ST_28,BK_5114,SC_98,E15,Regular,True,Booked,
ST_29,BK_9192,SC_755,A6,Premium,True,Reserved,
ST_30,BK_2903,SC_237,E20,Regular,True,Reserved,
ST_31,BK_8381,SC_136,C13,Regular,True,Booked,
ST_32,BK_8435,SC_939,E15,Regular,True,Reserved,
ST_33,BK_5174,SC_64,C6,Regular,True,Booked,
ST_34,BK_9915,SC_867,C9,Regular,True,Available,
ST_35,BK_1545,SC_445,B15,Regular,True,Available,
ST_36,BK_4907,SC_859,A18,VIP,True,Booked,
ST_38,BK_1770,SC_109,B2,Regular,True,Booked,
ST_39,BK_5042,SC_293,C16,Premium,True,Available,
ST_40,,SC_67,C9,Regular,True,Booked,
ST_41,BK_5863,SC_307,D8,Regular,True,Booked,
ST_42,BK_3661,SC_333,D6,Premium,True,Reserved,
ST_44,BK_4487,SC_611,C18,Premium,True,Reserved,
ST_45,BK_781,SC_930,A2,Regular,True,Booked,
ST_46,,SC_720,C19,Regular,True,Booked,
ST_47,BK_5969,SC_204,E17,Regular,True,Booked,
ST_48,BK_5333,SC_869,E13,Regular,True,Available,
ST_50,BK_5599,SC_673,A13,Regular,True,Reserved,
ST_51,BK_4357,SC_93,E10,Regular,True,Booked,
ST_52,,SC_215,E8,Regular,True,Booked,
ST_53,BK_9051,SC_676,D2,Regular,True,Booked,
ST_55,BK_2365,SC_395,B2,Regular,True,Available,
ST_56,BK_7277,SC_804,D10,Premium,True,Booked,
ST_57,BK_9026,SC_929,C11,Premium,True,Booked,
ST_58,BK_6223,SC_247,B1,Regular,True,Booked,
ST_59,BK_4326,SC_91,E18,Regular,True,Booked,
ST_60,BK_8398,SC_298,E4,Regular,True,Available,
ST_61,BK_7546,SC_206,D20,VIP,True,Booked,
ST_62,BK_2256,SC_447,C7,Premium,True,Booked,
ST_63,BK_8514,SC_407,D19,Premium,True,Available,
ST_64,BK_8410,SC_171,B8,Regular,True,Available,
ST_65,BK_433,SC_654,E2,Regular,True,Booked,
ST_66,,SC_578,C11,Premium,True,Available,
ST_67,BK_6424,SC_204,E3,Regular,True,Available,
ST_68,BK_4267,SC_846,E6,Regular,True,Available,
ST_69,BK_7963,SC_939,E10,Regular,True,Booked,
ST_70,BK_9456,SC_305,A15,Premium,True,Booked,
ST_71,BK_979,SC_565,B9,Regular,True,Available,
ST_72,BK_2532,SC_12,B10,Premium,True,Booked,
ST_73,BK_1960,SC_129,E7,Regular,True,Booked,
ST_74,BK_6516,SC_11,D16,Premium,True,Booked,
ST_75,BK_920,SC_278,B7,Regular,True,Booked,
ST_76,,SC_365,C15,Regular,True,Booked,
ST_77,BK_6131,SC_576,B10,Regular,True,Booked,
ST_78,,SC_700,C17,Premium,True,Booked,
ST_79,BK_6292,SC_141,C9,Regular,True,Booked,
ST_80,BK_2097,SC_575,B3,Regular,True,Reserved,
ST_81,BK_7827,SC_224,B3,VIP,True,Reserved,
ST_82,BK_2481,SC_331,C20,Regular,True,Booked,
ST_83,BK_822,SC_91,A15,VIP,True,Booked,
ST_84,,SC_379,E9,Regular,True,Available,
ST_85,BK_1576,SC_858,B4,Premium,True,Reserved,
ST_86,BK_8489,SC_108,D7,Regular,True,Booked,
ST_87,BK_1582,SC_57,B7,Regular,True,Available,
ST_89,BK_2316,SC_124,B10,Regular,True,Booked,
ST_90,BK_7563,SC_306,C17,Regular,True,Booked,
ST_91,BK_5146,SC_390,E1,Regular,True,Available,
ST_92,,SC_207,D3,Regular,True,Booked,
ST_93,BK_3427,SC_116,A4,VIP,True,Booked,
ST_94,BK_4827,SC_676,E20,Premium,True,Booked,
ST_95,BK_7865,SC_710,D2,Regular,True,Reserved,
ST_96,,SC_720,C7,Regular,True,Available,
ST_97,BK_6417,SC_787,B17,Regular,True,Booked,
ST_98,BK_7616,SC_583,A3,Regular,True,Booked,
ST_99,BK_9192,SC_188,B16,Regular,True,Available,
ST_100,BK_5783,SC_392,C3,Regular,True,Booked,
ST_101,,SC_274,B5,Regular,True,Available,
ST_102,BK_2235,SC_124,C19,Regular,True,Available,
ST_103,BK_2220,SC_211,C10,Regular,True,Reserved,
ST_105,BK_1668,SC_704,D8,Regular,True,Booked,
ST_106,BK_2398,SC_706,C3,Regular,True,Reserved,
ST_107,BK_8392,SC_325,C1,Premium,True,Booked,
ST_108,BK_9399,SC_510,D20,Premium,True,Booked,
ST_110,BK_9685,SC_24,E17,Regular,True,Booked,
ST_111,BK_629,SC_53,A8,Regular,True,Booked,
ST_112,BK_526,SC_809,C14,Premium,True,Booked,
ST_113,BK_4724,SC_104,B15,Regular,True,Booked,
ST_114,BK_2220,SC_561,D3,Regular,True,Available,
ST_115,BK_4499,SC_348,E13,Regular,True,Booked,
ST_116,BK_8064,SC_678,B13,Premium,True,Booked,
ST_117,BK_2560,SC_316,E4,Regular,True,Booked,
ST_118,BK_4381,SC_984,C3,Regular,True,Booked,
ST_119,BK_4744,SC_445,D7,VIP,True,Reserved,
ST_120,BK_6776,SC_87,D6,Premium,True,Booked,
ST_121,,SC_479,E5,Regular,True,Booked,
ST_122,BK_1867,SC_581,C20,Premium,True,Booked,
ST_123,BK_2721,SC_611,D4,Regular,True,Booked,
ST_126,,SC_57,E19,Regular,True,Booked,
ST_128,BK_4594,SC_120,B19,Premium,True,Booked,
ST_130,BK_6801,SC_150,E3,Regular,True,Available,
ST_131,,SC_578,E20,Premium,True,Available,
ST_132,,SC_146,A7,VIP,True,Reserved,
ST_133,BK_5073,SC_750,C2,Premium,True,Booked,
ST_134,BK_1465,SC_886,B15,Regular,True,Booked,
ST_135,BK_248,SC_252,C19,Premium,True,Booked,
ST_136,,SC_754,D17,Regular,True,Booked,
ST_137,,SC_168,E11,Premium,True,Booked,
ST_138,BK_4267,SC_583,E11,Regular,True,Booked,
ST_140,BK_1833,SC_381,C9,Regular,True,Booked,
ST_141,,SC_643,C20,Premium,True,Booked,
ST_142,BK_4855,SC_903,B19,VIP,True,Available,
ST_143,BK_9795,SC_710,A20,Regular,True,Booked,
ST_144,BK_19,SC_31,E13,Regular,True,Booked,
ST_145,BK_1382,SC_856,B20,Regular,True,Reserved,
ST_146,BK_836,SC_919,D8,Regular,True,Booked,
ST_147,BK_2881,SC_584,C15,Regular,True,Available,
ST_150,BK_7016,SC_121,E19,Premium,True,Available,
ST_151,,SC_132,D9,Premium,True,Available,
ST_154,BK_1217,SC_229,C17,Regular,True,Booked,
ST_155,BK_6397,SC_430,B1,Regular,True,Booked,
ST_156,,SC_922,D4,Regular,True,Booked,
ST_157,BK_8213,SC_709,D6,Regular,True,Reserved,
ST_158,BK_1872,SC_564,D17,Regular,True,Available,
ST_159,BK_7403,SC_247,A10,Regular,True,Booked,
ST_160,BK_4139,SC_326,B5,VIP,True,Reserved,
ST_161,BK_5052,SC_839,A20,Regular,True,Available,
ST_162,BK_2871,SC_467,C18,Premium,True,Booked,
ST_163,BK_5756,SC_424,E4,Premium,True,Booked,
ST_164,BK_1329,SC_709,C20,Regular,True,Booked,
ST_165,BK_6460,SC_72,D12,Regular,True,Booked,
ST_166,BK_3534,SC_381,D8,Regular,True,Booked,
ST_167,BK_8744,SC_91,C9,Regular,True,Booked,
ST_168,BK_1532,SC_803,B18,Regular,True,Booked,
ST_169,,SC_347,C2,Regular,True,Available,
ST_170,BK_195,SC_995,E2,Premium,True,Booked,
ST_171,BK_133,SC_774,C6,Regular,True,Booked,
ST_172,BK_9659,SC_692,D12,Regular,True,Booked,
ST_173,BK_8384,SC_465,D7,Premium,True,Booked,
ST_174,,SC_52,C11,VIP,True,Available,
ST_175,BK_5982,SC_904,D12,Regular,True,Available,
ST_176,BK_1505,SC_655,B10,Regular,True,Booked,
ST_177,,SC_293,B17,Regular,True,Reserved,
ST_178,BK_1537,SC_447,E18,VIP,True,Reserved,
ST_179,BK_4079,SC_823,E20,Regular,True,Available,
ST_180,,SC_431,E10,Regular,True,Booked,
ST_181,BK_4314,SC_950,A16,Regular,True,Available,
ST_182,BK_8948,SC_137,D8,Regular,True,Booked,
ST_183,,SC_312,A14,Regular,True,Available,
ST_185,BK_6682,SC_140,E13,Regular,True,Available,
ST_186,BK_6299,SC_50,E3,Premium,True,Booked,
ST_187,BK_7003,SC_369,A12,Regular,True,Available,
ST_188,BK_6250,SC_637,D2,VIP,True,Booked,
ST_189,BK_5974,SC_721,C2,Regular,True,Booked,
ST_190,BK_9859,SC_911,C13,Regular,True,Booked,
ST_193,BK_4104,SC_877,B2,Regular,True,Booked,
ST_194,BK_9018,SC_171,A11,VIP,True,Booked,
ST_195,BK_7459,SC_306,D19,Regular,True,Reserved,
ST_196,BK_5033,SC_63,B6,VIP,True,Booked,
ST_197,BK_5075,SC_368,B13,Regular,True,Available,
ST_198,BK_2983,SC_725,D6,Regular,True,Booked,
ST_199,BK_2229,SC_615,B18,Regular,True,Booked,
ST_200,BK_5449,SC_27,A3,VIP,True,Booked,
ST_201,BK_9517,SC_519,A5,Premium,True,Booked,
ST_202,BK_7166,SC_251,E17,Premium,True,Booked,
ST_203,,SC_918,C11,Regular,True,Booked,
ST_204,BK_9045,SC_283,A3,Premium,True,Booked,
ST_205,,SC_271,A18,Regular,True,Booked,
ST_206,BK_3070,SC_964,D18,Premium,True,Booked,
ST_207,BK_9088,SC_430,B10,Premium,True,Booked,
ST_208,BK_4495,SC_44,A1,Regular,True,Available,
ST_209,,SC_171,C14,Premium,True,Booked,
ST_210,BK_4604,SC_788,D7,Regular,True,Booked,
ST_211,BK_3378,SC_986,C17,Regular,True,Booked,
ST_212,BK_6057,SC_76,C12,Regular,True,Booked,
ST_213,BK_6444,SC_63,B14,Regular,True,Booked,
ST_215,BK_4552,SC_554,B3,Regular,True,Booked,
ST_216,BK_7086,SC_776,E20,Regular,True,Reserved,
ST_217,BK_1653,SC_192,D12,Premium,True,Available,
ST_218,BK_3070,SC_560,E9,Premium,True,Booked,
ST_219,BK_5719,SC_866,B19,Regular,True,Booked,
ST_220,BK_3131,SC_416,A13,Premium,True,Booked,
ST_221,BK_2099,SC_639,C7,Regular,True,Booked,
ST_222,BK_9569,SC_772,D19,Premium,True,Booked,
ST_223,BK_5801,SC_808,D15,Regular,True,Booked,
ST_224,BK_6662,SC_319,E3,Regular,True,Booked,
ST_225,BK_5154,SC_501,D15,Regular,True,Booked,
ST_226,BK_8859,SC_45,C9,Premium,True,Booked,
ST_227,BK_8336,SC_126,C2,Regular,True,Available,
ST_228,BK_2502,SC_1000,B3,Regular,True,Booked,
ST_229,BK_9140,SC_965,B16,Regular,True,Available,
ST_230,BK_624,SC_346,A13,VIP,True,Available,
ST_231,BK_6558,SC_395,E1,Premium,True,Booked,
ST_232,BK_7293,SC_252,A5,Regular,True,Booked,
ST_233,BK_6941,SC_658,D20,Premium,True,Booked,
ST_234,,SC_599,B14,Regular,True,Booked,
ST_235,BK_5675,SC_46,B17,Regular,True,Reserved,
ST_236,BK_934,SC_803,A16,VIP,True,Available,
ST_237,BK_6116,SC_896,B11,Premium,True,Booked,
ST_238,,SC_621,A8,Regular,True,Booked,
ST_239,BK_1337,SC_861,C1,Regular,True,Booked,
ST_240,BK_5137,SC_212,B15,Premium,True,Booked,
ST_241,BK_841,SC_424,A5,VIP,True,Reserved,
ST_243,BK_9796,SC_54,C16,Regular,True,Booked,
ST_245,,SC_101,A9,Regular,True,Booked,
ST_246,BK_3091,SC_565,C18,Regular,True,Booked,
ST_247,BK_6237,SC_680,D19,Regular,True,Booked,
ST_248,BK_4844,SC_499,B10,Premium,True,Booked,
ST_249,BK_9700,SC_154,E5,Regular,True,Booked,
ST_250,BK_9478,SC_491,A2,Regular,True,Reserved,
ST_251,BK_5052,SC_644,E6,Regular,True,Booked,
ST_252,BK_9895,SC_336,E6,Premium,True,Reserved,
ST_253,BK_619,SC_674,E1,Regular,True,Available,
ST_254,BK_2312,SC_608,B18,Regular,True,Available,
ST_255,BK_6734,SC_884,C13,Premium,True,Available,
ST_258,BK_597,SC_83,D5,Regular,True,Booked,
ST_259,BK_8474,SC_202,A6,Premium,True,Booked,
ST_260,BK_8710,SC_352,E15,Premium,True,Booked,
ST_261,BK_4925,SC_928,A16,VIP,True,Available,
ST_262,BK_6325,SC_621,B20,Regular,True,Available,
ST_264,BK_553,SC_354,B2,Regular,True,Available,
ST_266,,SC_242,C5,Premium,True,Booked,
ST_267,BK_2238,SC_729,A3,Regular,True,Booked,
ST_268,BK_8062,SC_158,A1,Premium,True,Booked,
ST_269,BK_689,SC_216,D7,Premium,True,Booked,
ST_270,BK_5346,SC_122,B13,Regular,True,Booked,
ST_271,BK_7698,SC_371,D8,Regular,True,Booked,
ST_272,BK_6728,SC_327,A13,VIP,True,Reserved,
ST_273,BK_9462,SC_153,E13,Regular,True,Booked,
ST_274,BK_7861,SC_720,D16,Regular,True,Available,
ST_275,BK_3690,SC_488,E15,Regular,True,Available,
ST_276,,SC_919,B19,Premium,True,Booked,
ST_277,BK_7339,SC_297,C3,Premium,True,Booked,
ST_278,BK_5988,SC_89,A3,Premium,True,Booked,
ST_279,BK_3343,SC_915,C10,Premium,True,Reserved,
ST_280,BK_8689,SC_151,D2,Regular,True,Booked,
ST_281,,SC_638,B5,Premium,True,Booked,
ST_282,BK_8248,SC_874,C13,Regular,True,Booked,
ST_283,BK_5666,SC_275,C13,Regular,True,Booked,
ST_284,,SC_813,E16,Regular,True,Booked,
ST_285,,SC_237,C13,Regular,True,Booked,
ST_286,BK_2260,SC_166,A15,Regular,True,Available,
ST_287,BK_1407,SC_443,E2,Regular,True,Booked,
ST_288,BK_6523,SC_996,B13,Regular,True,Available,
ST_289,BK_581,SC_480,E16,Regular,True,Booked,
ST_290,,SC_97,B4,Regular,True,Available,
ST_291,BK_5612,SC_910,A16,Regular,True,Available,
ST_292,BK_2690,SC_877,D4,Regular,True,Reserved,
ST_294,BK_5350,SC_958,B13,Regular,True,Booked,
ST_295,BK_7042,SC_296,A13,Premium,True,Booked,
ST_297,BK_561,SC_204,D8,VIP,True,Booked,
ST_299,BK_8296,SC_243,C12,Regular,True,Booked,
ST_300,BK_1484,SC_723,A15,Premium,True,Booked,
ST_301,BK_5997,SC_634,C8,Regular,True,Available,
ST_302,BK_1685,SC_245,C7,Premium,True,Reserved,
ST_303,,SC_739,C5,Regular,True,Booked,
ST_304,BK_5242,SC_630,D12,Regular,True,Booked,
ST_305,BK_2906,SC_976,D4,Premium,True,Booked,
ST_306,BK_3546,SC_32,A8,Regular,True,Available,
ST_307,BK_8608,SC_464,D3,Regular,True,Available,
ST_308,BK_4145,SC_57,C17,Regular,True,Reserved,
ST_309,BK_4673,SC_483,C16,Regular,True,Booked,
ST_310,BK_9552,SC_560,D2,Regular,True,Booked,
ST_311,BK_5357,SC_149,D13,Regular,True,Booked,
ST_312,,SC_728,C20,VIP,True,Booked,
ST_313,BK_4587,SC_306,A13,VIP,True,Booked,
ST_314,BK_6657,SC_901,E11,Regular,True,Booked,
ST_315,,SC_526,C11,VIP,True,Available,
ST_317,BK_3465,SC_246,B19,Regular,True,Booked,
ST_318,BK_1518,SC_398,C8,Premium,True,Booked,
ST_319,BK_9207,SC_135,D7,Regular,True,Booked,
ST_320,BK_7718,SC_599,D12,Regular,True,Booked,
ST_321,BK_1042,SC_750,C7,Regular,True,Booked,
ST_322,BK_4837,SC_918,E18,Regular,True,Reserved,
ST_323,BK_3837,SC_6,B12,Regular,True,Available,
ST_324,BK_3191,SC_391,B5,Regular,True,Booked,
ST_325,,SC_202,D11,Regular,True,Booked,
ST_326,,SC_116,A15,Regular,True,Booked,
ST_327,BK_8333,SC_293,B3,Premium,True,Reserved,
ST_328,BK_7681,SC_94,A10,Premium,True,Reserved,
ST_329,,SC_35,E10,Regular,True,Booked,
ST_330,BK_5293,SC_552,C20,Premium,True,Reserved,
ST_331,BK_9444,SC_648,E9,Regular,True,Booked,
ST_332,BK_6578,SC_848,D7,Regular,True,Booked,
ST_333,,SC_347,E14,Regular,True,Booked,
ST_335,BK_374,SC_650,D9,Regular,True,Reserved,
ST_339,,SC_646,A3,Regular,True,Booked,
ST_340,BK_8693,SC_584,C2,Regular,True,Available,
ST_341,BK_4434,SC_226,B17,Regular,True,Booked,
ST_342,BK_8031,SC_426,D18,Premium,True,Available,
ST_343,BK_3267,SC_941,E12,Regular,True,Booked,
ST_344,,SC_876,D6,Premium,True,Booked,
ST_345,BK_1981,SC_857,A11,Regular,True,Booked,
ST_346,BK_7796,SC_612,C18,Premium,True,Booked,
ST_347,,SC_925,C3,VIP,True,Booked,
ST_348,BK_7863,SC_96,B12,Regular,True,Booked,
ST_349,BK_7022,SC_759,E6,Regular,True,Booked,
ST_350,BK_7659,SC_213,C8,Regular,True,Booked,
ST_351,BK_6722,SC_313,D17,Regular,True,Available,
ST_352,BK_825,SC_103,E13,Regular,True,Booked,
ST_353,BK_9082,SC_312,B14,Premium,True,Available,
ST_354,,SC_55,C8,Premium,True,Booked,
ST_356,BK_7673,SC_283,C1,Premium,True,Booked,
ST_357,,SC_778,C11,Regular,True,Booked,
ST_358,BK_5998,SC_44,A4,Premium,True,Booked,
ST_359,BK_9430,SC_762,A6,Premium,True,Booked,
ST_360,BK_8693,SC_367,C7,Regular,True,Available,
ST_361,BK_1651,SC_209,D5,Regular,True,Booked,
ST_363,BK_5539,SC_154,C7,Regular,True,Booked,
ST_365,BK_6381,SC_296,D2,Premium,True,Available,
ST_366,BK_225,SC_23,E14,Regular,True,Available,
ST_367,BK_7054,SC_719,A9,Regular,True,Available,
ST_368,,SC_672,D6,VIP,True,Booked,
ST_369,BK_9870,SC_200,E2,Regular,True,Booked,
ST_370,BK_5934,SC_209,B1,Regular,True,Booked,
ST_371,BK_9196,SC_276,A8,Regular,True,Booked,
ST_372,BK_7965,SC_613,D10,Premium,True,Available,
ST_373,,SC_875,C4,Regular,True,Available,
ST_374,,SC_56,D17,Regular,True,Booked,
ST_375,BK_9513,SC_265,D17,Regular,True,Booked,
ST_377,BK_4168,SC_290,B3,VIP,True,Booked,
ST_379,BK_1634,SC_997,E1,Regular,True,Booked,
ST_380,BK_9196,SC_755,E16,Regular,True,Booked,
ST_381,,SC_401,C20,Regular,True,Booked,
ST_382,BK_3516,SC_839,B12,Regular,True,Booked,
ST_385,BK_3047,SC_113,C16,Regular,True,Available,
ST_386,BK_8201,SC_591,A1,Premium,True,Booked,
ST_387,BK_4982,SC_912,B7,Premium,True,Booked,
ST_388,BK_8734,SC_849,D5,Regular,True,Booked,
ST_389,BK_9743,SC_636,A5,Regular,True,Available,
ST_390,BK_4742,SC_609,B3,Premium,True,Booked,
ST_391,BK_7070,SC_362,C12,Premium,True,Booked,
ST_394,BK_9433,SC_13,D8,Premium,True,Reserved,
ST_395,BK_8283,SC_728,C6,Regular,True,Booked,
ST_396,,SC_341,C11,Regular,True,Booked,
ST_397,BK_2933,SC_860,C8,Premium,True,Available,
ST_398,,SC_71,E17,VIP,True,Booked,
ST_399,BK_3911,SC_905,C5,Regular,True,Booked,
ST_400,,SC_633,C9,Regular,True,Booked,
ST_401,BK_6031,SC_988,E14,Regular,True,Reserved,
ST_402,BK_2504,SC_893,B19,Regular,True,Booked,
ST_403,BK_9310,SC_946,D12,Regular,True,Reserved,
ST_404,BK_4228,SC_270,A19,Regular,True,Booked,
ST_405,BK_413,SC_658,C6,Regular,True,Reserved,
ST_406,,SC_80,C19,Regular,True,Booked,
ST_407,,SC_996,C4,Regular,True,Booked,
ST_408,BK_6554,SC_868,E9,Regular,True,Booked,
ST_409,BK_6204,SC_808,B14,Premium,True,Available,
ST_410,BK_9456,SC_130,C16,Regular,True,Booked,
ST_411,,SC_374,B3,Premium,True,Booked,
ST_412,,SC_700,E3,Premium,True,Booked,
ST_413,BK_6159,SC_601,D18,VIP,True,Booked,
ST_415,,SC_32,D10,VIP,True,Booked,
ST_416,BK_4799,SC_268,A15,Regular,True,Booked,
ST_417,BK_2207,SC_561,E8,Premium,True,Booked,
ST_418,,SC_775,C13,Premium,True,Booked,
ST_420,BK_2779,SC_627,A4,Regular,True,Booked,
ST_421,BK_1202,SC_141,C6,VIP,True,Available,
ST_422,,SC_536,C1,Premium,True,Booked,
ST_423,BK_844,SC_949,E13,VIP,True,Booked,
ST_424,BK_4476,SC_929,D1,Regular,True,Booked,
ST_425,BK_9786,SC_301,D20,Regular,True,Booked,
ST_426,BK_2211,SC_413,C8,Regular,True,Reserved,
ST_428,BK_6989,SC_50,C2,Regular,True,Booked,
ST_429,BK_1531,SC_54,B13,Regular,True,Booked,
ST_430,BK_3871,SC_885,E9,Regular,True,Booked,
ST_431,,SC_66,D10,Regular,True,Booked,
ST_432,BK_9463,SC_181,D9,VIP,True,Booked,
ST_433,BK_5011,SC_647,B19,Regular,True,Booked,
ST_434,BK_9943,SC_809,B1,Regular,True,Booked,
ST_435,BK_9466,SC_601,B19,Regular,True,Reserved,
ST_437,BK_6008,SC_55,D18,Regular,True,Reserved,
ST_439,BK_1816,SC_644,D14,Regular,True,Booked,
ST_440,,SC_171,E10,Regular,True,Booked,
ST_441,BK_5836,SC_625,C3,Regular,True,Available,
ST_442,BK_4085,SC_558,D6,Regular,True,Available,
ST_443,BK_9300,SC_656,B17,Premium,True,Reserved,
ST_444,BK_2405,SC_580,C16,Regular,True,Booked,
ST_445,BK_3740,SC_970,A12,Regular,True,Booked,
ST_446,,SC_617,E1,Premium,True,Available,
ST_447,BK_2066,SC_108,E9,Regular,True,Booked,
ST_448,BK_1148,SC_850,C18,Regular,True,Booked,
ST_449,BK_6736,SC_655,A4,Regular,True,Booked,
ST_450,,SC_554,A13,Premium,True,Available,
ST_451,BK_7649,SC_493,C15,VIP,True,Booked,
ST_452,BK_9117,SC_281,E10,Regular,True,Available,
ST_453,BK_5650,SC_138,E3,Regular,True,Booked,
ST_454,BK_833,SC_882,C19,Premium,True,Booked,
ST_455,BK_8712,SC_815,A20,Premium,True,Booked,
ST_456,BK_2687,SC_322,C12,Premium,True,Reserved,
ST_457,BK_2707,SC_597,D11,Regular,True,Booked,
ST_458,,SC_934,A3,Regular,True,Booked,
ST_459,,SC_526,B14,Premium,True,Booked,
ST_460,BK_9204,SC_910,E20,Regular,True,Booked,
ST_461,BK_3255,SC_30,C11,Regular,True,Booked,
ST_462,BK_8977,SC_264,B18,Regular,True,Booked,
ST_463,BK_2568,SC_566,A6,Regular,True,Booked,
ST_464,BK_9308,SC_454,D14,Regular,True,Booked,
ST_465,BK_9027,SC_738,B20,Premium,True,Booked,
ST_466,BK_2304,SC_105,D9,Premium,True,Booked,
ST_467,BK_2263,SC_938,C2,Premium,True,Booked,
ST_468,,SC_269,C6,Premium,True,Booked,
ST_469,BK_4515,SC_733,B14,Regular,True,Booked,
ST_470,BK_4333,SC_661,C4,Regular,True,Available,
ST_471,BK_71,SC_869,C2,Regular,True,Booked,
ST_472,BK_9182,SC_476,D14,Regular,True,Booked,
ST_473,BK_2763,SC_958,E14,Regular,True,Booked,
ST_474,BK_5245,SC_938,A11,Regular,True,Booked,
ST_475,BK_1059,SC_829,B9,Regular,True,Available,
ST_476,BK_5811,SC_521,B12,Regular,True,Booked,
ST_477,BK_2154,SC_116,E5,Premium,True,Available,
ST_478,BK_1624,SC_344,A18,Regular,True,Booked,
ST_479,BK_6114,SC_129,C3,Regular,True,Booked,
ST_480,BK_8261,SC_95,A18,VIP,True,Reserved,
ST_481,BK_9178,SC_358,D1,Regular,True,Reserved,
ST_482,BK_1252,SC_748,D19,Regular,True,Booked,
ST_483,BK_5670,SC_532,A1,Regular,True,Booked,
ST_484,BK_2813,SC_276,A2,Regular,True,Booked,
ST_486,BK_8708,SC_430,A9,Regular,True,Booked,
ST_487,BK_2449,SC_18,E20,Regular,True,Available,
ST_488,BK_9669,SC_707,D11,Premium,True,Booked,
ST_489,BK_415,SC_794,C18,VIP,True,Booked,
ST_490,,SC_123,A17,Premium,True,Booked,
ST_491,BK_8390,SC_86,A15,Premium,True,Booked,
ST_493,BK_6057,SC_313,B16,Regular,True,Booked,
ST_494,BK_3130,SC_495,D9,Premium,True,Booked,
ST_495,BK_2325,SC_611,B2,Regular,True,Available,
ST_497,BK_6935,SC_264,B1,Premium,True,Booked,
ST_498,BK_6407,SC_517,D17,Regular,True,Booked,
ST_499,BK_7030,SC_59,D9,Regular,True,Available,
ST_500,BK_3355,SC_303,B12,Regular,True,Booked,
ST_501,BK_2368,SC_708,A20,Regular,True,Reserved,
ST_503,BK_2760,SC_927,E20,Regular,True,Reserved,
ST_504,BK_6592,SC_376,B5,Premium,True,Booked,
ST_505,BK_9873,SC_427,A11,Premium,True,Booked,
ST_506,BK_5446,SC_623,E8,Regular,True,Booked,
ST_507,BK_1855,SC_807,E16,VIP,True,Booked,
ST_508,BK_2855,SC_767,D15,Premium,True,Booked,
ST_509,,SC_9,E17,Premium,True,Booked,
ST_511,BK_327,SC_397,C7,Premium,True,Booked,
ST_512,BK_9184,SC_858,C8,Regular,True,Reserved,
ST_513,BK_6414,SC_663,E9,Regular,True,Booked,
ST_514,BK_7208,SC_912,D12,Regular,True,Booked,
ST_515,BK_3325,SC_821,B8,Regular,True,Booked,
ST_516,BK_8516,SC_712,D14,Regular,True,Booked,
ST_517,,SC_383,A12,Premium,True,Booked,
ST_518,BK_4935,SC_732,D13,Regular,True,Booked,
ST_519,BK_2093,SC_357,D3,Regular,True,Reserved,
ST_520,BK_4650,SC_218,A2,Regular,True,Available,
ST_521,BK_3439,SC_675,A10,Regular,True,Booked,
ST_522,BK_2875,SC_790,E20,Regular,True,Booked,
ST_523,BK_1912,SC_493,E9,Regular,True,Reserved,
ST_524,BK_6881,SC_340,C18,Regular,True,Booked,
ST_526,BK_7939,SC_495,D8,Premium,True,Booked,
ST_527,BK_1121,SC_421,B3,Regular,True,Booked,
ST_528,BK_9864,SC_733,D4,Premium,True,Reserved,
ST_529,BK_5742,SC_6,D18,Regular,True,Booked,
ST_530,,SC_579,A9,Regular,True,Booked,
ST_531,BK_2779,SC_151,B16,Regular,True,Booked,
ST_532,BK_5958,SC_367,C17,Regular,True,Booked,
ST_533,BK_3029,SC_763,E10,Regular,True,Available,
ST_534,,SC_409,A13,Premium,True,Available,
ST_535,,SC_256,A4,Regular,True,Booked,
ST_536,BK_2606,SC_659,A17,VIP,True,Available,
ST_537,BK_3933,SC_832,E5,Premium,True,Booked,
ST_538,BK_153,SC_848,B10,Regular,True,Booked,
ST_540,BK_945,SC_668,C4,Regular,True,Booked,
ST_542,,SC_761,A1,Regular,True,Reserved,
ST_543,BK_6794,SC_590,D9,Premium,True,Booked,
ST_544,BK_5056,SC_403,E19,Premium,True,Booked,
ST_545,BK_4787,SC_617,A8,VIP,True,Reserved,
ST_546,BK_950,SC_95,D18,Premium,True,Reserved,
ST_547,BK_1393,SC_787,C13,Regular,True,Booked,
ST_549,BK_6301,SC_324,B9,Regular,True,Available,
ST_550,BK_1379,SC_414,C4,Regular,True,Reserved,
ST_551,BK_6556,SC_138,C8,Regular,True,Booked,
ST_552,BK_4327,SC_782,D9,Regular,True,Booked,
ST_553,BK_6283,SC_720,C18,Regular,True,Available,
ST_554,BK_6792,SC_787,E12,Regular,True,Booked,
ST_556,BK_9593,SC_137,B4,Premium,True,Booked,
ST_557,BK_1668,SC_187,A11,Regular,True,Booked,
ST_558,BK_9146,SC_139,D19,VIP,True,Booked,
ST_559,BK_7425,SC_1,A9,Regular,True,Booked,
ST_560,BK_3449,SC_339,C20,Regular,True,Booked,
ST_561,BK_4487,SC_320,B17,VIP,True,Booked,
ST_562,BK_6328,SC_721,E19,Regular,True,Available,
ST_563,BK_6208,SC_508,E16,Regular,True,Booked,
ST_564,BK_1162,SC_634,B9,Regular,True,Booked,
ST_565,BK_5292,SC_674,E4,Regular,True,Booked,
ST_566,BK_7814,SC_549,C5,Regular,True,Available,
ST_567,BK_3705,SC_198,E7,Regular,True,Booked,
ST_568,BK_8621,SC_511,C12,Regular,True,Booked,
ST_569,BK_4051,SC_746,E19,Regular,True,Booked,
ST_570,BK_9371,SC_929,E3,Regular,True,Available,
ST_571,BK_9032,SC_677,B16,Premium,True,Available,
ST_572,,SC_581,E2,Regular,True,Booked,
ST_573,,SC_383,B1,Regular,True,Available,
ST_574,BK_1189,SC_63,D8,Regular,True,Booked,
ST_575,BK_2211,SC_787,D3,Regular,True,Available,
ST_576,BK_766,SC_984,A4,Regular,True,Booked,
ST_577,BK_595,SC_676,B12,VIP,True,Available,
ST_578,BK_7651,SC_706,C5,Premium,True,Booked,
ST_579,BK_3319,SC_678,A3,Regular,True,Booked,
ST_580,BK_3333,SC_487,E16,Regular,True,Reserved,
ST_581,,SC_464,E19,Regular,True,Booked,
ST_582,,SC_334,D17,Regular,True,Booked,
ST_583,BK_8098,SC_787,E11,Regular,True,Available,
ST_584,,SC_606,D5,Premium,True,Available,
ST_585,BK_6744,SC_643,A18,Regular,True,Reserved,
ST_586,BK_2820,SC_903,D19,Regular,True,Booked,
ST_587,BK_2610,SC_657,A13,VIP,True,Available,
ST_589,BK_3662,SC_805,E12,Regular,True,Booked,
ST_590,BK_4647,SC_43,B6,Regular,True,Booked,
ST_591,BK_2527,SC_800,C18,Premium,True,Booked,
ST_592,BK_4709,SC_112,C1,Premium,True,Booked,
ST_593,BK_6867,SC_903,D1,Premium,True,Booked,
ST_595,BK_7771,SC_888,B12,Regular,True,Booked,
ST_596,BK_9838,SC_862,A17,Regular,True,Booked,
ST_597,BK_661,SC_829,A11,Premium,True,Booked,
ST_598,,SC_531,B16,Premium,True,Available,
ST_599,BK_1719,SC_396,C3,Regular,True,Booked,
ST_600,BK_7686,SC_925,E4,Regular,True,Booked,
ST_601,BK_3848,SC_51,A8,Premium,True,Booked,
ST_602,BK_3389,SC_476,A17,Premium,True,Booked,
ST_603,,SC_186,D5,Regular,True,Booked,
ST_604,,SC_272,B8,Regular,True,Booked,
ST_606,BK_2279,SC_986,E2,Premium,True,Booked,
ST_607,BK_7023,SC_281,A9,VIP,True,Reserved,
ST_608,BK_4264,SC_761,D19,Regular,True,Booked,
ST_609,,SC_721,D13,Regular,True,Booked,
ST_610,,SC_73,C18,Regular,True,Available,
ST_611,BK_333,SC_747,D4,Regular,True,Reserved,
ST_613,,SC_812,E18,Regular,True,Booked,
ST_614,,SC_857,C9,VIP,True,Booked,
ST_615,,SC_137,C11,Regular,True,Available,
ST_616,BK_5204,SC_271,B6,Premium,True,Booked,
ST_617,BK_6573,SC_538,B15,VIP,True,Reserved,
ST_618,BK_8323,SC_508,C9,Regular,True,Booked,
ST_619,BK_8162,SC_673,A10,Premium,True,Booked,
ST_620,BK_6872,SC_433,B16,Regular,True,Booked,
ST_622,BK_560,SC_931,C2,Regular,True,Booked,
ST_623,BK_129,SC_479,C12,Premium,True,Booked,
ST_624,,SC_756,B4,Regular,True,Booked,
ST_625,BK_9153,SC_130,C14,Regular,True,Booked,
ST_626,BK_7335,SC_495,B10,Premium,True,Available,
ST_631,,SC_136,D6,Regular,True,Available,
ST_632,BK_1025,SC_782,A3,Regular,True,Available,
ST_633,BK_4795,SC_454,C8,VIP,True,Booked,
ST_634,BK_1402,SC_988,A14,VIP,True,Reserved,
ST_635,BK_237,SC_14,B13,Premium,True,Booked,
ST_636,BK_2438,SC_305,E15,VIP,True,Booked,
ST_637,,SC_671,D9,Regular,True,Available,
ST_639,BK_9282,SC_404,B14,Premium,True,Booked,
ST_640,BK_511,SC_617,B20,Regular,True,Booked,
ST_641,BK_4954,SC_609,A10,Premium,True,Booked,
ST_642,BK_6095,SC_263,C1,VIP,True,Booked,
ST_643,,SC_576,A12,Regular,True,Booked,
ST_645,BK_4565,SC_41,E10,Premium,True,Available,
ST_646,BK_7249,SC_711,B19,Regular,True,Available,
ST_647,BK_6951,SC_163,D20,Regular,True,Available,
ST_648,BK_3609,SC_477,A7,Regular,True,Booked,
ST_649,BK_3141,SC_718,D6,Premium,True,Booked,
ST_650,,SC_81,C9,Regular,True,Booked,
ST_651,BK_1952,SC_5,E4,Premium,True,Booked,
ST_653,BK_3711,SC_11,A1,Premium,True,Booked,
ST_654,,SC_741,D9,Regular,True,Available,
ST_655,BK_7413,SC_59,C16,Regular,True,Available,
ST_656,BK_4247,SC_431,A1,Regular,True,Booked,
ST_658,,SC_741,D19,Regular,True,Booked,
ST_659,BK_5971,SC_574,C12,Regular,True,Booked,
ST_660,BK_2456,SC_864,B17,Regular,True,Booked,
ST_661,BK_2439,SC_586,B15,Premium,True,Reserved,
ST_662,,SC_516,A5,VIP,True,Booked,
ST_663,BK_8700,SC_599,E15,Regular,True,Booked,
ST_664,BK_4013,SC_519,C1,Premium,True,Available,
ST_665,,SC_209,A10,Premium,True,Reserved,
ST_667,BK_4782,SC_993,E4,Regular,True,Booked,
ST_669,BK_3183,SC_270,B16,VIP,True,Booked,
ST_670,BK_2381,SC_640,B16,Regular,True,Booked,
ST_672,BK_8758,SC_512,B12,VIP,True,Booked,
ST_673,BK_6957,SC_879,E14,Premium,True,Booked,
ST_675,BK_583,SC_537,A5,Premium,True,Booked,
ST_676,BK_1047,SC_972,D14,Regular,True,Booked,
ST_677,BK_5992,SC_38,B2,Regular,True,Booked,
ST_679,BK_6145,SC_908,E18,Regular,True,Booked,
ST_680,BK_1173,SC_157,E20,Premium,True,Booked,
ST_681,BK_8687,SC_323,E6,Regular,True,Booked,
ST_682,BK_1392,SC_277,E17,Regular,True,Booked,
ST_683,BK_5481,SC_996,B12,Regular,True,Available,
ST_684,BK_5549,SC_223,D10,Regular,True,Booked,
ST_685,BK_9008,SC_229,A3,VIP,True,Reserved,
ST_686,,SC_881,E11,Premium,True,Booked,
ST_688,,SC_117,A3,VIP,True,Reserved,
ST_690,BK_7663,SC_108,B20,Regular,True,Booked,
ST_692,BK_6257,SC_61,B19,Regular,True,Available,
ST_693,BK_264,SC_647,E16,Regular,True,Booked,
ST_694,BK_6381,SC_542,A14,VIP,True,Booked,
ST_695,BK_7827,SC_421,D6,Regular,True,Booked,
ST_698,BK_3863,SC_160,E17,Regular,True,Booked,
ST_699,BK_7179,SC_994,A4,Regular,True,Booked,
ST_700,BK_7125,SC_809,A19,Regular,True,Booked,
ST_701,BK_8009,SC_308,B1,Regular,True,Booked,
ST_703,BK_4044,SC_854,C19,Regular,True,Booked,
ST_704,BK_6044,SC_957,A13,Regular,True,Booked,
ST_705,,SC_988,D18,Regular,True,Booked,
ST_706,BK_313,SC_516,B2,Regular,True,Booked,
ST_707,BK_6059,SC_416,E4,VIP,True,Booked,
ST_708,BK_2826,SC_992,C9,Regular,True,Booked,
ST_709,BK_7519,SC_384,D1,Regular,True,Available,
ST_710,BK_9973,SC_347,B8,Premium,True,Available,
ST_711,,SC_256,D6,Regular,True,Booked,
ST_712,BK_1614,SC_46,E14,Premium,True,Available,
ST_713,BK_7967,SC_233,D11,Regular,True,Booked,
ST_715,BK_1817,SC_856,B19,VIP,True,Available,
ST_716,BK_1143,SC_132,C3,Regular,True,Booked,
ST_717,BK_6478,SC_270,C17,VIP,True,Booked,
ST_719,BK_1429,SC_774,C14,Regular,True,Booked,
ST_720,,SC_80,B19,Premium,True,Available,
ST_721,BK_1363,SC_240,A8,Regular,True,Booked,
ST_722,,SC_866,C8,Premium,True,Available,
ST_723,BK_4600,SC_950,D2,Regular,True,Available,
ST_724,BK_6242,SC_79,D19,Premium,True,Booked,
ST_725,BK_2214,SC_322,B7,Regular,True,Booked,
ST_726,BK_8874,SC_302,B16,Premium,True,Available,
ST_727,BK_3735,SC_365,C3,Regular,True,Available,
ST_728,BK_9493,SC_709,C11,Regular,True,Booked,
ST_729,BK_7790,SC_69,B9,VIP,True,Booked,
ST_730,BK_1415,SC_952,B12,Regular,True,Reserved,
ST_731,,SC_67,A1,Regular,True,Booked,
ST_732,BK_3867,SC_976,B9,VIP,True,Booked,
ST_733,,SC_653,D19,Premium,True,Available,
ST_734,BK_4440,SC_422,D4,VIP,True,Booked,
ST_735,,SC_12,C18,Regular,True,Booked,
ST_736,BK_9219,SC_879,C1,Regular,True,Booked,
ST_737,BK_1770,SC_768,C5,Regular,True,Booked,
ST_738,BK_2304,SC_699,C3,Regular,True,Booked,
ST_739,BK_8561,SC_778,B5,Premium,True,Booked,
ST_740,BK_4938,SC_596,B6,Premium,True,Booked,
ST_741,BK_9435,SC_57,C2,Regular,True,Booked,
ST_742,BK_371,SC_851,C5,Regular,True,Available,
ST_743,BK_3965,SC_17,D3,Regular,True,Booked,
ST_745,BK_9950,SC_261,A11,Regular,True,Booked,
ST_747,BK_8585,SC_187,C6,Regular,True,Booked,
ST_748,BK_9364,SC_661,E11,Regular,True,Reserved,
ST_749,BK_2297,SC_387,D13,Regular,True,Reserved,
ST_750,BK_5622,SC_247,B4,Regular,True,Booked,
ST_751,BK_4308,SC_390,C17,Premium,True,Available,
ST_752,BK_8874,SC_453,A19,Regular,True,Booked,
ST_753,BK_5741,SC_294,A19,Premium,True,Booked,
ST_754,BK_5961,SC_31,E9,Regular,True,Booked,
ST_755,BK_898,SC_351,D12,VIP,True,Available,
ST_757,BK_4532,SC_918,E5,Regular,True,Booked,
ST_758,BK_7055,SC_876,E7,Regular,True,Reserved,
ST_759,BK_3758,SC_772,C11,Regular,True,Booked,
ST_760,BK_4474,SC_573,B2,VIP,True,Available,
ST_761,BK_752,SC_156,D1,Premium,True,Booked,
ST_762,,SC_986,D20,Regular,True,Booked,
ST_763,,SC_55,C3,Regular,True,Booked,
ST_764,BK_5160,SC_671,B2,Premium,True,Booked,
ST_766,BK_2486,SC_283,C7,Premium,True,Available,
ST_767,,SC_800,C12,Regular,True,Available,
ST_769,BK_7936,SC_417,C13,Premium,True,Available,
ST_770,BK_9740,SC_544,B12,Regular,True,Booked,
ST_772,,SC_955,B11,Regular,True,Booked,
ST_773,BK_3683,SC_20,A9,Premium,True,Available,
ST_774,BK_9591,SC_726,D14,VIP,True,Booked,
ST_775,BK_8327,SC_823,D5,Regular,True,Booked,
ST_776,BK_1460,SC_572,A18,Regular,True,Available,
ST_777,BK_1439,SC_205,A13,Premium,True,Booked,
ST_778,BK_1884,SC_939,A16,VIP,True,Reserved,
ST_779,BK_8511,SC_488,D2,Premium,True,Available,
ST_780,BK_3744,SC_72,A9,Regular,True,Available,
ST_781,BK_6384,SC_447,E1,Regular,True,Booked,
ST_783,BK_5499,SC_348,B20,Regular,True,Booked,
ST_784,BK_3752,SC_733,D12,Regular,True,Booked,
ST_785,BK_9990,SC_968,D2,Regular,True,Booked,
ST_786,,SC_885,A20,Regular,True,Booked,
ST_787,,SC_364,D14,Regular,True,Booked,
ST_788,,SC_363,C9,Regular,True,Booked,
ST_789,BK_7998,SC_614,B12,Regular,True,Available,
ST_790,BK_3060,SC_742,E3,Regular,True,Booked,
ST_791,BK_9194,SC_513,B11,Regular,True,Available,
ST_792,BK_1182,SC_958,B3,Premium,True,Booked,
ST_793,BK_5429,SC_680,A3,Regular,True,Booked,
ST_794,BK_174,SC_618,B18,Regular,True,Booked,
ST_795,BK_8556,SC_739,C9,Premium,True,Booked,
ST_796,BK_3895,SC_518,B4,Premium,True,Reserved,
ST_797,BK_1113,SC_261,C20,Premium,True,Booked,
ST_799,BK_7358,SC_998,D7,Premium,True,Booked,
ST_800,BK_1270,SC_461,E6,VIP,True,Available,
ST_801,,SC_832,B19,Regular,True,Booked,
ST_805,,SC_366,E20,Regular,True,Available,
ST_806,BK_3590,SC_484,A19,Premium,True,Available,
ST_807,,SC_210,E19,Premium,True,Available,
ST_808,BK_7103,SC_346,B7,Premium,True,Booked,
ST_809,BK_1387,SC_804,A8,Regular,True,Booked,
ST_810,,SC_629,A3,Regular,True,Booked,
ST_811,,SC_546,E7,Premium,True,Booked,
ST_812,BK_5241,SC_557,C20,Premium,True,Booked,
ST_813,BK_893,SC_661,A18,Premium,True,Booked,
ST_814,BK_2943,SC_597,B3,Regular,True,Reserved,
ST_815,BK_8660,SC_165,B1,Regular,True,Available,
ST_816,BK_4072,SC_415,D16,Premium,True,Booked,
ST_817,,SC_336,E2,Premium,True,Reserved,
ST_818,BK_7152,SC_311,C20,Regular,True,Booked,
ST_819,BK_9454,SC_466,A6,Premium,True,Booked,
ST_820,BK_7823,SC_197,D9,Regular,True,Booked,
ST_821,BK_9367,SC_232,A16,Regular,True,Booked,
ST_822,,SC_793,E5,Premium,True,Booked,
ST_823,BK_5224,SC_996,E8,Regular,True,Available,
ST_824,BK_3488,SC_374,A11,Regular,True,Booked,
ST_825,BK_2327,SC_893,B7,Premium,True,Booked,
ST_826,BK_8956,SC_48,D9,Regular,True,Booked,
ST_827,BK_5130,SC_592,A1,Regular,True,Reserved,
ST_828,BK_6558,SC_111,A20,Regular,True,Booked,
ST_829,,SC_127,B2,Regular,True,Booked,
ST_830,BK_7855,SC_495,D20,Premium,True,Booked,
ST_831,BK_1889,SC_773,B9,Regular,True,Available,
ST_832,BK_7089,SC_976,D19,Regular,True,Booked,
ST_833,,SC_3,C6,Regular,True,Available,
ST_834,BK_789,SC_927,B9,Regular,True,Booked,
ST_835,BK_9655,SC_71,C8,Regular,True,Available,
ST_836,BK_793,SC_94,E9,Regular,True,Reserved,
ST_837,BK_1654,SC_98,C19,Premium,True,Booked,
ST_838,BK_8106,SC_525,C19,Regular,True,Available,
ST_839,,SC_873,B13,Premium,True,Booked,
ST_840,BK_8890,SC_573,D10,Premium,True,Available,
ST_841,BK_9144,SC_443,C16,Regular,True,Available,
ST_842,BK_2120,SC_67,C12,Regular,True,Available,
ST_843,BK_6769,SC_228,A8,Premium,True,Available,
ST_844,BK_5655,SC_716,B11,Regular,True,Available,
ST_845,BK_1305,SC_102,D12,Regular,True,Booked,
ST_847,BK_4376,SC_563,A9,Regular,True,Booked,
ST_848,,SC_942,A17,Regular,True,Available,
ST_849,BK_5661,SC_509,E20,Regular,True,Available,
ST_850,BK_8849,SC_113,A8,Premium,True,Booked,
ST_851,BK_5612,SC_736,C14,Premium,True,Booked,
ST_852,,SC_233,D19,Regular,True,Available,
ST_853,,SC_551,B15,Regular,True,Booked,
ST_854,BK_2883,SC_552,D6,Regular,True,Booked,
ST_855,,SC_636,E1,Premium,True,Reserved,
ST_856,BK_3397,SC_384,A20,Regular,True,Booked,
ST_857,,SC_518,E3,Regular,True,Reserved,
ST_858,BK_5850,SC_673,A15,Premium,True,Booked,
ST_859,BK_9273,SC_707,B3,VIP,True,Booked,
ST_861,BK_5176,SC_884,B16,Premium,True,Available,
ST_862,,SC_404,D13,Regular,True,Booked,
ST_863,BK_306,SC_326,B1,Premium,True,Available,
ST_864,BK_1015,SC_250,A13,Premium,True,Reserved,
ST_865,BK_8867,SC_533,E18,VIP,True,Available,
ST_866,BK_3763,SC_357,C10,VIP,True,Reserved,
ST_867,,SC_291,A18,Premium,True,Booked,
ST_868,BK_3820,SC_769,E4,Premium,True,Booked,
ST_869,BK_7005,SC_544,D3,Premium,True,Reserved,
ST_870,BK_6240,SC_260,A19,Regular,True,Booked,
ST_873,BK_3821,SC_786,A19,Regular,True,Booked,
ST_874,BK_7309,SC_618,B20,Regular,True,Available,
ST_875,BK_2413,SC_39,D14,Regular,True,Booked,
ST_876,BK_1162,SC_392,D7,Premium,True,Booked,
ST_877,BK_5844,SC_48,C11,Regular,True,Booked,
ST_878,,SC_397,A18,Premium,True,Booked,
ST_880,BK_7449,SC_461,A16,VIP,True,Available,
ST_881,,SC_742,D15,Regular,True,Available,
ST_882,BK_1465,SC_417,C7,Premium,True,Booked,
ST_883,BK_8513,SC_88,A1,Premium,True,Booked,
ST_884,,SC_148,D12,Regular,True,Reserved,
ST_886,BK_3706,SC_72,B14,Premium,True,Booked,
ST_887,BK_7514,SC_704,E20,Regular,True,Booked,
ST_889,BK_8100,SC_400,D14,Premium,True,Booked,
ST_891,BK_5485,SC_466,B19,Premium,True,Reserved,
ST_893,,SC_611,A20,Regular,True,Booked,
ST_894,BK_8164,SC_555,C17,Regular,True,Booked,
ST_895,BK_2241,SC_794,E18,Regular,True,Available,
ST_896,BK_4968,SC_109,E15,VIP,True,Booked,
ST_897,BK_2688,SC_415,A6,Regular,True,Available,
ST_898,BK_2952,SC_451,E14,Regular,True,Booked,
ST_899,BK_3631,SC_925,E5,Premium,True,Booked,
ST_900,BK_2613,SC_798,A7,Premium,True,Booked,
ST_901,BK_9325,SC_394,E10,Regular,True,Booked,
ST_902,BK_1940,SC_798,B11,Regular,True,Booked,
ST_903,BK_2857,SC_931,D4,Regular,True,Available,
ST_904,BK_4401,SC_604,D20,Regular,True,Booked,
ST_905,BK_1346,SC_390,A17,Regular,True,Available,
ST_906,BK_907,SC_78,A13,Regular,True,Booked,
ST_907,BK_2779,SC_50,B9,Regular,True,Reserved,
ST_908,BK_5564,SC_99,E9,Premium,True,Available,
ST_909,BK_4000,SC_693,B20,Regular,True,Booked,
ST_910,BK_2259,SC_400,D11,Premium,True,Available,
ST_912,BK_9491,SC_510,B12,Premium,True,Booked,
ST_913,BK_3108,SC_496,E11,Regular,True,Booked,
ST_915,BK_8047,SC_718,E16,Premium,True,Booked,
ST_916,BK_7075,SC_406,A10,Regular,True,Available,
ST_917,BK_6598,SC_250,A3,Regular,True,Booked,
ST_918,BK_8009,SC_603,D16,VIP,True,Booked,
ST_919,BK_4293,SC_667,A12,Regular,True,Available,
ST_920,BK_4011,SC_168,D18,Regular,True,Booked,
ST_921,BK_4057,SC_355,A8,VIP,True,Reserved,
ST_922,BK_6068,SC_726,A18,Premium,True,Booked,
ST_923,BK_4527,SC_512,E6,Regular,True,Booked,
ST_924,BK_9280,SC_188,C19,Regular,True,Available,
ST_925,BK_7079,SC_596,A5,Regular,True,Booked,
ST_926,,SC_31,D5,Premium,True,Reserved,
ST_927,BK_7639,SC_169,B20,VIP,True,Booked,
ST_928,,SC_842,C17,Premium,True,Available,
ST_930,BK_2229,SC_374,C18,Regular,True,Booked,
ST_931,BK_7541,SC_46,E1,Regular,True,Reserved,
ST_932,BK_3676,SC_886,D16,Premium,True,Booked,
ST_933,BK_7436,SC_483,B2,Regular,True,Available,
ST_935,BK_9894,SC_972,C7,Regular,True,Booked,
ST_936,BK_3370,SC_261,A18,Regular,True,Booked,
ST_939,BK_9207,SC_780,A12,Regular,True,Available,
ST_940,BK_9755,SC_506,B19,Premium,True,Available,
ST_941,BK_8782,SC_426,A13,Regular,True,Available,
ST_943,,SC_315,E18,Regular,True,Available,
ST_944,BK_2991,SC_779,B8,Regular,True,Booked,
ST_945,BK_9305,SC_855,B20,Regular,True,Booked,
ST_946,BK_5682,SC_96,D4,Regular,True,Booked,
ST_947,BK_9064,SC_435,C12,Regular,True,Reserved,
ST_949,BK_5663,SC_982,C5,Regular,True,Booked,
ST_950,BK_1454,SC_479,D16,Premium,True,Booked,
ST_951,BK_2287,SC_2,C9,Regular,True,Available,
ST_953,BK_975,SC_153,A8,VIP,True,Booked,
ST_954,BK_5742,SC_327,D18,Regular,True,Booked,
ST_955,,SC_223,B11,Premium,True,Available,
ST_956,BK_6530,SC_477,A6,Regular,True,Booked,
ST_957,,SC_800,D2,Premium,True,Booked,
ST_958,BK_475,SC_390,E8,Regular,True,Booked,
ST_959,BK_6817,SC_97,D16,Regular,True,Available,
ST_960,BK_7908,SC_219,C6,Regular,True,Booked,
ST_961,,SC_755,B7,Regular,True,Booked,
ST_962,BK_2782,SC_547,A19,Premium,True,Booked,
ST_963,BK_3692,SC_672,D19,VIP,True,Available,
ST_964,BK_3587,SC_607,C9,Premium,True,Available,
ST_966,BK_9296,SC_655,B2,Regular,True,Booked,
ST_967,BK_5316,SC_92,A3,Regular,True,Booked,
ST_971,,SC_286,A7,Premium,True,Booked,
ST_972,,SC_145,A19,Regular,True,Booked,
ST_973,,SC_269,D10,Premium,True,Booked,
ST_974,BK_5393,SC_910,E10,Premium,True,Booked,
ST_976,,SC_675,C8,Premium,True,Booked,
ST_977,BK_933,SC_41,B14,Regular,True,Booked,
ST_978,BK_2302,SC_47,C14,Regular,True,Available,
ST_979,BK_4944,SC_728,B20,Premium,True,Booked,
ST_980,BK_3598,SC_307,B12,Regular,True,Booked,
ST_981,BK_661,SC_193,E1,Regular,True,Booked,
ST_982,BK_958,SC_122,C19,Regular,True,Booked,
ST_983,BK_5006,SC_278,B10,VIP,True,Booked,
ST_984,BK_6813,SC_368,B14,Regular,True,Available,
ST_985,BK_1001,SC_752,A7,Premium,True,Booked,
ST_986,BK_1625,SC_56,A20,Premium,True,Booked,
ST_987,BK_7736,SC_43,E14,VIP,True,Booked,
ST_988,,SC_356,B9,Premium,True,Booked,
ST_989,BK_1008,SC_135,B18,VIP,True,Booked,
ST_990,BK_4062,SC_329,B20,Regular,True,Booked,
ST_991,BK_6274,SC_547,C11,Regular,True,Available,
ST_992,BK_9258,SC_140,E18,Regular,True,Booked,
ST_993,,SC_100,B15,Regular,True,Booked,
ST_994,BK_6434,SC_885,D3,Premium,True,Booked,
ST_995,BK_8436,SC_379,E2,Regular,True,Booked,
ST_996,BK_8284,SC_798,B9,Regular,True,Booked,
ST_997,BK_1006,SC_503,D16,Premium,True,Available,
ST_999,,SC_238,D18,Premium,True,Booked,
ST_1000,BK_8683,SC_588,C4,Premium,True,Available,
ST_1001,,SC_11,E3,VIP,True,Booked,
ST_1002,BK_9185,SC_776,A14,Premium,True,Booked,
ST_1004,BK_1666,SC_401,C9,Premium,True,Booked,
ST_1005,,SC_80,E19,Premium,True,Booked,
ST_1006,BK_4749,SC_781,C8,Premium,True,Available,
ST_1007,,SC_673,A17,Regular,True,Available,
ST_1008,BK_3317,SC_302,C13,VIP,True,Booked,
ST_1009,BK_6423,SC_405,C15,Premium,True,Booked,
ST_1010,BK_9510,SC_387,B6,Regular,True,Available,
ST_1011,BK_2275,SC_194,B3,Regular,True,Booked,
ST_1012,,SC_62,D12,Regular,True,Available,
ST_1013,BK_9963,SC_292,D16,Regular,True,Available,
ST_1014,,SC_648,B15,Premium,True,Booked,
ST_1015,BK_2638,SC_281,A15,Regular,True,Booked,
ST_1017,BK_3847,SC_446,E9,Premium,True,Reserved,
ST_1018,BK_6010,SC_169,D2,Premium,True,Available,
ST_1019,BK_5632,SC_640,C17,Regular,True,Booked,
ST_1021,BK_9737,SC_648,C5,Premium,True,Booked,
ST_1022,BK_8903,SC_744,D4,Regular,True,Booked,
ST_1023,,SC_167,C19,Premium,True,Booked,
ST_1024,BK_2406,SC_47,C7,Premium,True,Booked,
ST_1025,BK_9022,SC_133,A9,Regular,True,Reserved,
ST_1026,BK_1128,SC_150,E4,Regular,True,Booked,
ST_1027,BK_5741,SC_517,C20,Regular,True,Reserved,
ST_1028,BK_526,SC_880,D10,Regular,True,Booked,
ST_1029,BK_2447,SC_307,A15,Premium,True,Booked,
ST_1031,BK_8491,SC_891,E7,VIP,True,Booked,
ST_1032,BK_2592,SC_94,C1,VIP,True,Available,
ST_1033,BK_4081,SC_253,A13,Regular,True,Booked,
ST_1035,BK_9606,SC_828,E3,Premium,True,Reserved,
ST_1036,BK_9126,SC_403,A13,Premium,True,Booked,
ST_1037,BK_4644,SC_307,A11,Regular,True,Booked,
ST_1038,BK_10,SC_65,D15,Regular,True,Booked,
ST_1040,BK_3860,SC_653,C10,VIP,True,Booked,
ST_1041,BK_5040,SC_957,E14,Premium,True,Available,
ST_1042,BK_2834,SC_512,E15,Regular,True,Reserved,
ST_1043,,SC_749,E16,Premium,True,Reserved,
ST_1044,BK_4499,SC_392,B15,Premium,True,Booked,
ST_1045,BK_5186,SC_3,A11,Regular,True,Booked,
ST_1046,,SC_876,E15,Premium,True,Booked,
ST_1048,BK_9861,SC_442,B2,Regular,True,Booked,
ST_1049,BK_6957,SC_904,B17,Regular,True,Booked,
ST_1050,BK_9969,SC_423,E20,Premium,True,Booked,
ST_1051,BK_9948,SC_190,E7,Premium,True,Available,
ST_1052,,SC_520,E5,Regular,True,Booked,
ST_1053,BK_4005,SC_600,B19,Premium,True,Booked,
ST_1054,BK_3408,SC_660,B2,VIP,True,Booked,
ST_1055,,SC_479,D8,Regular,True,Booked,
ST_1056,,SC_722,B9,VIP,True,Booked,
ST_1057,,SC_780,A15,VIP,True,Booked,
ST_1059,BK_9691,SC_394,D1,Regular,True,Booked,
ST_1060,BK_3706,SC_372,A20,Regular,True,Booked,
ST_1061,BK_2474,SC_850,E6,Premium,True,Available,
ST_1062,BK_224,SC_781,D6,Regular,True,Available,
ST_1063,BK_6107,SC_542,D14,Premium,True,Booked,
ST_1064,BK_3638,SC_865,A2,Regular,True,Booked,
ST_1065,BK_864,SC_159,C6,Premium,True,Booked,
ST_1066,BK_9270,SC_480,B8,Regular,True,Booked,
ST_1067,BK_1786,SC_13,E1,Regular,True,Booked,
ST_1068,BK_928,SC_652,A13,Regular,True,Booked,
ST_1069,BK_6295,SC_159,D15,Regular,True,Available,
ST_1070,BK_6294,SC_130,E12,Regular,True,Booked,
ST_1071,BK_1295,SC_302,C16,Regular,True,Booked,
ST_1072,BK_5258,SC_582,B2,VIP,True,Available,
ST_1073,BK_9348,SC_901,E5,Premium,True,Reserved,
ST_1074,BK_424,SC_179,C20,Premium,True,Booked,
ST_1075,BK_4107,SC_387,C10,VIP,True,Available,
ST_1076,BK_2906,SC_565,A2,Regular,True,Available,
ST_1077,BK_9302,SC_7,E10,Premium,True,Booked,
ST_1078,BK_6262,SC_531,B9,Regular,True,Booked,
ST_1080,BK_1398,SC_341,A3,Regular,True,Booked,
ST_1081,BK_258,SC_740,C4,Regular,True,Booked,
ST_1082,BK_7715,SC_754,D16,Regular,True,Booked,
ST_1083,BK_6549,SC_400,B9,VIP,True,Booked,
ST_1085,BK_8179,SC_874,E18,Regular,True,Booked,
ST_1086,BK_721,SC_48,B6,Premium,True,Booked,
ST_1087,BK_6056,SC_1,C14,Premium,True,Booked,
ST_1088,,SC_687,A15,Premium,True,Booked,
ST_1089,BK_2844,SC_623,A12,Premium,True,Reserved,
ST_1090,,SC_204,B11,Regular,True,Reserved,
ST_1091,,SC_357,B14,Premium,True,Booked,
ST_1092,BK_4320,SC_135,E11,Regular,True,Booked,
ST_1093,,SC_503,A8,Regular,True,Booked,
ST_1094,,SC_36,A11,VIP,True,Booked,
ST_1095,,SC_410,D4,Regular,True,Available,
ST_1096,BK_4918,SC_506,D2,Regular,True,Booked,
ST_1097,BK_9030,SC_742,C20,Premium,True,Booked,
ST_1098,BK_333,SC_485,B9,Premium,True,Booked,
ST_1100,BK_5464,SC_209,A13,Regular,True,Available,
ST_1101,BK_3478,SC_276,D12,Premium,True,Available,
ST_1102,BK_4364,SC_629,A19,Regular,True,Booked,
ST_1103,BK_6413,SC_849,D19,Regular,True,Booked,
ST_1104,,SC_196,E1,Regular,True,Booked,
ST_1106,BK_32,SC_521,E13,Regular,True,Reserved,
ST_1107,BK_2423,SC_344,C15,VIP,True,Booked,
ST_1108,BK_5628,SC_664,A15,Regular,True,Booked,
ST_1110,,SC_881,A3,Premium,True,Booked,
ST_1111,BK_122,SC_390,E20,Regular,True,Booked,
ST_1113,BK_7918,SC_45,E6,Regular,True,Available,
ST_1114,BK_9455,SC_557,A14,Premium,True,Booked,
ST_1115,,SC_864,A12,Premium,True,Available,
ST_1116,BK_8379,SC_700,E11,Regular,True,Booked,
ST_1117,BK_173,SC_602,A1,Regular,True,Booked,
ST_1120,BK_5796,SC_978,B4,Regular,True,Booked,
ST_1121,BK_2406,SC_293,B20,Regular,True,Booked,
ST_1122,BK_1585,SC_596,E2,Regular,True,Booked,
ST_1123,BK_2349,SC_56,B15,Regular,True,Booked,
ST_1124,BK_3400,SC_587,C12,Premium,True,Booked,
ST_1126,BK_2702,SC_415,E3,VIP,True,Available,
ST_1127,BK_5259,SC_222,E2,Regular,True,Booked,
ST_1128,BK_3645,SC_996,D14,Premium,True,Booked,
ST_1129,BK_4311,SC_5,C17,VIP,True,Booked,
ST_1130,BK_8082,SC_978,B3,Premium,True,Available,
ST_1131,BK_1301,SC_361,A7,Premium,True,Booked,
ST_1132,BK_4141,SC_462,C15,Regular,True,Booked,
ST_1133,BK_5745,SC_767,C5,Regular,True,Booked,
ST_1134,BK_1984,SC_163,B13,Regular,True,Available,
ST_1135,BK_5583,SC_152,C3,Regular,True,Available,
ST_1136,BK_2102,SC_549,A10,Regular,True,Booked,
ST_1137,BK_695,SC_600,A20,Premium,True,Booked,
ST_1138,,SC_738,B6,Premium,True,Available,
ST_1139,BK_4450,SC_451,E4,VIP,True,Booked,
ST_1140,BK_5607,SC_209,C6,Regular,True,Reserved,
ST_1141,BK_7031,SC_298,E3,Premium,True,Booked,
ST_1142,BK_2497,SC_352,C13,Premium,True,Available,
ST_1143,BK_9218,SC_899,C19,Premium,True,Booked,
ST_1144,BK_6652,SC_77,A7,Regular,True,Booked,
ST_1145,BK_420,SC_42,C18,Premium,True,Booked,
ST_1146,BK_1924,SC_23,C14,Regular,True,Booked,
ST_1147,BK_1889,SC_169,D20,Regular,True,Booked,
ST_1148,BK_6997,SC_658,C13,Regular,True,Booked,
ST_1149,,SC_895,A6,Regular,True,Booked,
ST_1150,BK_5642,SC_213,A13,Premium,True,Booked,
ST_1151,,SC_396,A2,Premium,True,Booked,
ST_1152,BK_1784,SC_726,B12,Regular,True,Booked,
ST_1155,BK_4495,SC_501,C16,Regular,True,Booked,
ST_1157,,SC_925,E17,Premium,True,Booked,
ST_1158,,SC_731,E11,Premium,True,Reserved,
ST_1159,BK_7928,SC_666,B16,VIP,True,Booked,
ST_1160,BK_2440,SC_351,C2,Premium,True,Booked,
ST_1161,BK_9919,SC_873,C18,Premium,True,Booked,
ST_1162,BK_1668,SC_484,D18,VIP,True,Booked,
ST_1163,BK_9976,SC_246,B18,Regular,True,Reserved,
ST_1164,BK_4295,SC_726,A20,Regular,True,Booked,
ST_1165,BK_9448,SC_910,E19,Regular,True,Booked,
ST_1166,BK_843,SC_155,C17,Premium,True,Available,
ST_1167,BK_9948,SC_88,A2,Regular,True,Booked,
ST_1168,BK_7989,SC_264,B7,Premium,True,Booked,
ST_1169,BK_2565,SC_326,E15,Regular,True,Booked,
ST_1170,BK_784,SC_854,B16,Premium,True,Booked,
ST_1171,BK_2559,SC_525,C7,Premium,True,Booked,
ST_1172,BK_5896,SC_125,B8,VIP,True,Reserved,
ST_1174,BK_9769,SC_139,C10,Regular,True,Booked,
ST_1175,BK_9282,SC_931,A16,Regular,True,Reserved,
ST_1176,BK_8138,SC_782,D4,Regular,True,Booked,
ST_1177,BK_9175,SC_98,B3,Premium,True,Booked,
ST_1178,,SC_573,D2,Premium,True,Booked,
ST_1180,,SC_128,A2,Regular,True,Booked,
ST_1181,BK_8885,SC_321,A2,Regular,True,Booked,
ST_1183,BK_5165,SC_199,D11,Regular,True,Booked,
ST_1184,,SC_708,D18,Premium,True,Booked,
ST_1185,BK_352,SC_428,A12,Regular,True,Booked,
ST_1188,BK_2897,SC_378,C6,Regular,True,Available,
ST_1191,,SC_196,D3,Premium,True,Booked,
ST_1192,,SC_631,B12,Regular,True,Booked,
ST_1193,BK_338,SC_812,A13,Regular,True,Available,
ST_1194,BK_9051,SC_161,B9,Premium,True,Booked,
ST_1196,BK_2551,SC_823,A8,Premium,True,Booked,
ST_1197,,SC_543,E7,Regular,True,Booked,
ST_1198,BK_90,SC_656,C10,Regular,True,Available,
ST_1200,BK_1150,SC_111,C3,Regular,True,Available,
ST_1202,BK_6327,SC_195,C2,VIP,True,Available,
ST_1203,BK_2188,SC_297,B6,Regular,True,Booked,
ST_1204,BK_614,SC_710,D12,Regular,True,Booked,
ST_1205,BK_9814,SC_554,B18,Regular,True,Booked,
ST_1206,BK_999,SC_859,B7,Regular,True,Available,
ST_1208,BK_8024,SC_590,E10,Regular,True,Booked,
ST_1209,BK_6992,SC_295,E4,Regular,True,Available,
ST_1211,BK_8918,SC_143,B6,Premium,True,Available,
ST_1212,BK_4406,SC_634,D14,Premium,True,Available,
ST_1213,BK_6680,SC_951,E13,Premium,True,Booked,
ST_1215,BK_9138,SC_298,E20,Premium,True,Available,
ST_1216,,SC_550,B14,VIP,True,Booked,
ST_1217,BK_9989,SC_57,C9,VIP,True,Booked,
ST_1218,BK_7542,SC_101,E7,Premium,True,Booked,
ST_1219,BK_828,SC_306,A9,VIP,True,Booked,
ST_1220,BK_3803,SC_471,A2,Regular,True,Booked,
ST_1221,BK_5381,SC_526,A15,VIP,True,Reserved,
ST_1222,BK_1297,SC_480,E2,Regular,True,Reserved,
ST_1223,BK_1068,SC_129,D1,Regular,True,Available,
ST_1224,,SC_666,B14,Regular,True,Booked,
ST_1225,BK_81,SC_744,E3,Premium,True,Booked,
ST_1226,BK_6256,SC_821,E12,Regular,True,Booked,
ST_1227,,SC_255,A11,Regular,True,Booked,
ST_1228,BK_7940,SC_941,C7,VIP,True,Booked,
ST_1229,BK_2594,SC_911,C1,Premium,True,Available,
ST_1230,BK_7621,SC_748,E20,Premium,True,Booked,
ST_1232,BK_5179,SC_429,B19,Regular,True,Booked,
ST_1233,BK_2695,SC_450,A15,Premium,True,Booked,
ST_1234,BK_4244,SC_596,E14,Regular,True,Booked,
ST_1235,BK_9508,SC_429,C7,Premium,True,Available,
ST_1236,BK_2445,SC_546,C13,Regular,True,Reserved,
ST_1237,BK_7553,SC_85,E4,Premium,True,Booked,
ST_1238,BK_3365,SC_985,C8,VIP,True,Booked,
ST_1239,BK_1587,SC_821,C14,Premium,True,Booked,
ST_1242,BK_6542,SC_207,B19,Regular,True,Booked,
ST_1243,BK_1970,SC_392,D2,Premium,True,Booked,
ST_1244,,SC_99,A6,Regular,True,Booked,
ST_1245,,SC_36,E7,Regular,True,Booked,
ST_1246,BK_1577,SC_790,C9,Regular,True,Booked,
ST_1247,BK_6824,SC_284,D3,Premium,True,Reserved,
ST_1248,BK_2321,SC_760,D16,Regular,True,Booked,
ST_1249,BK_9434,SC_843,A17,Regular,True,Available,
ST_1250,BK_3016,SC_90,C10,Premium,True,Booked,
ST_1251,BK_2988,SC_456,D5,Regular,True,Booked,
ST_1253,BK_2692,SC_440,A14,Regular,True,Booked,
ST_1254,BK_4166,SC_167,C2,Regular,True,Booked,
ST_1255,BK_5449,SC_355,B16,Regular,True,Available,
ST_1256,BK_3773,SC_760,D3,Regular,True,Reserved,
ST_1257,,SC_821,C7,VIP,True,Available,
ST_1258,BK_9951,SC_586,C15,Premium,True,Available,
ST_1259,BK_8836,SC_481,A20,Regular,True,Booked,
ST_1260,BK_5291,SC_869,B17,Regular,True,Booked,
ST_1262,BK_5858,SC_745,D11,Regular,True,Booked,
ST_1263,BK_3233,SC_75,E9,Premium,True,Booked,
ST_1264,,SC_856,B13,VIP,True,Reserved,
ST_1265,,SC_298,E8,Regular,True,Booked,
ST_1266,BK_4730,SC_2,A13,Premium,True,Available,
ST_1267,,SC_413,C7,Premium,True,Available,
ST_1268,,SC_149,E9,Premium,True,Booked,
ST_1269,BK_1353,SC_889,D11,Regular,True,Booked,
ST_1270,BK_4766,SC_980,D14,Regular,True,Booked,
ST_1271,BK_981,SC_246,B7,Premium,True,Booked,
ST_1272,BK_5466,SC_336,A5,Regular,True,Booked,
ST_1274,BK_6724,SC_265,A14,VIP,True,Booked,
ST_1275,BK_5886,SC_4,B13,Regular,True,Available,
ST_1276,BK_1148,SC_529,A11,Premium,True,Booked,
ST_1277,BK_3116,SC_272,A4,Regular,True,Booked,
ST_1278,BK_8016,SC_584,C12,Regular,True,Booked,
ST_1279,BK_4512,SC_610,D3,Regular,True,Booked,
ST_1281,BK_646,SC_318,D14,Regular,True,Reserved,
ST_1282,BK_4369,SC_79,D8,Regular,True,Reserved,
ST_1283,BK_6001,SC_546,C17,Premium,True,Booked,
ST_1284,,SC_169,E6,Premium,True,Booked,
ST_1285,BK_4766,SC_187,B18,VIP,True,Booked,
ST_1286,BK_2683,SC_28,B13,Premium,True,Booked,
ST_1287,BK_1417,SC_146,C16,Regular,True,Booked,
ST_1288,BK_9603,SC_650,C4,Premium,True,Booked,
ST_1289,BK_2913,SC_844,E19,Premium,True,Booked,
ST_1290,,SC_952,E18,Premium,True,Booked,
ST_1291,,SC_334,C20,Regular,True,Booked,
ST_1292,BK_2220,SC_115,E19,Premium,True,Booked,
ST_1293,BK_9449,SC_140,A2,Premium,True,Reserved,
ST_1294,BK_4053,SC_606,E20,Premium,True,Booked,
ST_1295,BK_1555,SC_709,D18,Regular,True,Booked,
ST_1296,BK_9699,SC_404,A15,Premium,True,Booked,
ST_1297,BK_6381,SC_594,E3,Premium,True,Booked,
ST_1298,BK_7363,SC_726,A6,Premium,True,Booked,
ST_1299,BK_2689,SC_2,C8,VIP,True,Booked,
ST_1300,,SC_982,E14,Regular,True,Available,
ST_1301,BK_3983,SC_437,D20,Regular,True,Available,
ST_1302,BK_6689,SC_741,D4,Regular,True,Booked,
ST_1303,BK_2479,SC_887,C16,Premium,True,Booked,
ST_1304,,SC_83,D14,Premium,True,Booked,
ST_1305,,SC_334,A17,Premium,True,Booked,
ST_1306,BK_374,SC_36,C5,Premium,True,Available,
ST_1308,,SC_403,A4,Regular,True,Booked,
ST_1309,BK_5689,SC_519,E20,VIP,True,Reserved,
ST_1310,,SC_738,B19,Premium,True,Booked,
ST_1311,BK_1853,SC_86,C11,Regular,True,Booked,
ST_1312,BK_5644,SC_182,D11,Premium,True,Available,
ST_1313,BK_2178,SC_920,A4,Premium,True,Available,
ST_1314,BK_3135,SC_55,A12,Premium,True,Booked,
ST_1315,,SC_723,E8,Premium,True,Booked,
ST_1316,BK_4261,SC_586,D18,VIP,True,Booked,
ST_1318,BK_2247,SC_899,D19,Regular,True,Available,
ST_1319,BK_9707,SC_11,D3,Regular,True,Booked,
ST_1320,BK_3085,SC_641,A9,Regular,True,Booked,
ST_1321,BK_4311,SC_687,C8,Regular,True,Booked,
ST_1322,BK_5805,SC_633,B4,Regular,True,Booked,
ST_1323,BK_6607,SC_512,A6,Regular,True,Booked,
ST_1325,,SC_990,D14,VIP,True,Available,
ST_1327,BK_4999,SC_179,E15,Regular,True,Booked,
ST_1329,BK_2354,SC_267,A17,Premium,True,Booked,
ST_1330,BK_8944,SC_470,D1,Regular,True,Available,
ST_1331,,SC_366,E18,Regular,True,Booked,
ST_1332,BK_5117,SC_602,E15,Regular,True,Available,
ST_1333,,SC_507,A8,VIP,True,Available,
ST_1334,,SC_157,A13,Regular,True,Booked,
ST_1335,BK_8179,SC_35,E20,Regular,True,Booked,
ST_1336,BK_2083,SC_209,E20,Regular,True,Booked,
ST_1337,BK_8232,SC_693,C8,Regular,True,Booked,
ST_1338,BK_3750,SC_714,E6,Regular,True,Booked,
ST_1339,BK_2383,SC_72,D6,Regular,True,Booked,
ST_1340,,SC_972,A3,Regular,True,Reserved,
ST_1341,BK_7935,SC_706,D3,Regular,True,Available,
ST_1342,BK_3598,SC_392,A8,Regular,True,Booked,
ST_1343,BK_2423,SC_766,D4,Regular,True,Booked,
ST_1344,BK_3905,SC_455,C2,Regular,True,Booked,
ST_1345,BK_3961,SC_608,B3,Regular,True,Booked,
ST_1346,BK_9186,SC_798,B13,Premium,True,Booked,
ST_1348,BK_6027,SC_445,C11,Premium,True,Available,
ST_1349,,SC_45,D11,VIP,True,Booked,
ST_1350,BK_7204,SC_724,B12,VIP,True,Booked,
ST_1351,BK_7181,SC_888,C11,Premium,True,Booked,
ST_1352,BK_3239,SC_263,E7,Regular,True,Available,
ST_1354,,SC_544,C19,Regular,True,Available,
ST_1355,BK_15,SC_930,A15,Regular,True,Booked,
ST_1356,BK_8747,SC_139,B3,Premium,True,Booked,
ST_1357,BK_2807,SC_555,C1,Regular,True,Booked,
ST_1358,BK_4653,SC_125,E20,Regular,True,Booked,
ST_1359,BK_511,SC_220,B12,Regular,True,Reserved,
ST_1360,BK_5774,SC_708,D4,Regular,True,Booked,
ST_1361,BK_9234,SC_242,C20,Regular,True,Booked,
ST_1362,,SC_892,A1,Regular,True,Booked,
ST_1363,,SC_588,C8,Regular,True,Available,
ST_1364,BK_6405,SC_880,E14,Premium,True,Booked,
ST_1365,,SC_671,A1,Premium,True,Booked,
ST_1366,BK_1616,SC_38,E18,Regular,True,Available,
ST_1367,BK_9703,SC_12,E9,Premium,True,Booked,
ST_1369,BK_4411,SC_516,A6,Premium,True,Booked,
ST_1370,BK_1239,SC_575,E19,Premium,True,Booked,
ST_1371,BK_4228,SC_39,C2,Regular,True,Booked,
ST_1372,BK_9534,SC_112,A2,Premium,True,Booked,
ST_1373,BK_3109,SC_31,D17,Regular,True,Booked,
ST_1374,BK_1800,SC_630,E15,Premium,True,Available,
ST_1375,BK_2337,SC_876,B6,Premium,True,Booked,
ST_1376,BK_3009,SC_352,D7,Regular,True,Booked,
ST_1377,BK_6910,SC_966,A4,Regular,True,Booked,
ST_1378,BK_6957,SC_576,C20,Regular,True,Available,
ST_1379,BK_1971,SC_37,C8,Premium,True,Booked,
ST_1380,BK_5029,SC_249,A10,Regular,True,Booked,
ST_1381,,SC_509,D18,Premium,True,Booked,
ST_1382,BK_1816,SC_603,D5,Regular,True,Booked,
ST_1383,BK_9433,SC_97,D7,Premium,True,Booked,
ST_1384,BK_9223,SC_238,A8,VIP,True,Reserved,
ST_1386,,SC_293,B15,Premium,True,Booked,
ST_1387,BK_690,SC_440,B18,Regular,True,Booked,
ST_1388,,SC_809,D13,Premium,True,Available,
ST_1389,BK_9223,SC_54,D17,Premium,True,Booked,
ST_1390,BK_5432,SC_236,E5,VIP,True,Booked,
ST_1391,BK_7378,SC_85,B12,Regular,True,Booked,
ST_1392,BK_3707,SC_77,A16,Regular,True,Available,
ST_1393,BK_3004,SC_633,A6,Premium,True,Booked,
ST_1394,,SC_1000,D3,Regular,True,Booked,
ST_1395,BK_2967,SC_409,D13,Regular,True,Booked,
ST_1396,BK_7593,SC_683,D20,Premium,True,Available,
ST_1397,BK_2625,SC_279,C6,Regular,True,Available,
ST_1398,BK_4664,SC_647,B2,Premium,True,Available,
ST_1399,,SC_503,B4,Regular,True,Booked,
ST_1400,BK_7751,SC_608,B10,Regular,True,Booked,
ST_1401,BK_1116,SC_163,E10,VIP,True,Booked,
ST_1402,BK_4540,SC_42,D18,Regular,True,Reserved,
ST_1403,BK_9375,SC_186,D1,Regular,True,Booked,
ST_1404,BK_7791,SC_808,E3,VIP,True,Booked,
ST_1405,,SC_116,B15,Regular,True,Booked,
ST_1406,BK_2313,SC_499,A7,Regular,True,Booked,
ST_1407,BK_8551,SC_673,E14,Premium,True,Reserved,
ST_1408,BK_1034,SC_503,E13,Regular,True,Booked,
ST_1409,BK_8133,SC_234,D14,Premium,True,Available,
ST_1410,BK_482,SC_926,E8,Regular,True,Reserved,
ST_1411,BK_370,SC_560,D4,Regular,True,Booked,
ST_1413,BK_1984,SC_567,D13,Regular,True,Available,
ST_1415,BK_2926,SC_220,B3,Premium,True,Booked,
ST_1416,BK_71,SC_348,A18,Regular,True,Booked,
ST_1417,BK_9980,SC_776,C13,Regular,True,Available,
ST_1419,BK_5853,SC_304,D16,Premium,True,Booked,
ST_1420,BK_2745,SC_66,E18,Regular,True,Booked,
ST_1421,BK_9579,SC_319,D17,Premium,True,Available,
ST_1422,BK_3700,SC_573,E6,Premium,True,Booked,
ST_1423,BK_6999,SC_257,B6,Regular,True,Reserved,
ST_1424,BK_5052,SC_949,C11,Regular,True,Booked,
ST_1425,BK_9138,SC_324,E2,Regular,True,Booked,
ST_1426,BK_3397,SC_85,E12,Regular,True,Booked,
ST_1427,BK_8208,SC_368,C16,Regular,True,Booked,
ST_1428,BK_8960,SC_341,C14,Premium,True,Available,
ST_1429,BK_672,SC_803,E2,Regular,True,Available,
ST_1430,,SC_27,B15,Premium,True,Booked,
ST_1431,BK_5557,SC_592,D9,Regular,True,Booked,
ST_1432,BK_9966,SC_480,A12,Premium,True,Booked,
ST_1433,BK_3116,SC_700,D12,Regular,True,Available,
ST_1434,BK_7666,SC_792,D13,Regular,True,Booked,
ST_1435,BK_5300,SC_882,B12,Regular,True,Available,
ST_1436,BK_4216,SC_94,D12,Regular,True,Booked,
ST_1437,,SC_374,A18,Regular,True,Booked,
ST_1438,,SC_422,D3,Premium,True,Booked,
ST_1439,BK_8553,SC_475,D11,Regular,True,Available,
ST_1442,BK_5026,SC_601,A2,Premium,True,Available,
ST_1444,BK_3366,SC_450,C20,Premium,True,Booked,
ST_1445,BK_7519,SC_978,B10,Premium,True,Booked,
ST_1446,,SC_326,D3,Regular,True,Booked,
ST_1447,BK_7625,SC_487,A12,VIP,True,Booked,
ST_1448,BK_3227,SC_547,E10,Premium,True,Booked,
ST_1450,BK_206,SC_194,D8,Premium,True,Booked,
ST_1451,BK_7906,SC_207,E1,VIP,True,Available,
ST_1453,BK_3179,SC_173,B12,Regular,True,Booked,
ST_1454,,SC_171,E1,Premium,True,Booked,
ST_1455,BK_5535,SC_403,A1,Regular,True,Booked,
ST_1456,BK_7066,SC_828,C3,Regular,True,Booked,
ST_1457,BK_6719,SC_163,C8,Regular,True,Available,
ST_1458,BK_8206,SC_799,E8,Regular,True,Booked,
ST_1459,BK_23,SC_435,A6,VIP,True,Booked,
ST_1460,BK_1832,SC_526,D17,Regular,True,Available,
ST_1461,BK_5602,SC_848,C13,Regular,True,Booked,
ST_1462,BK_3941,SC_21,B3,Regular,True,Available,
ST_1463,BK_4693,SC_775,C5,Regular,True,Booked,
ST_1464,BK_324,SC_323,E15,Premium,True,Booked,
ST_1465,BK_1015,SC_367,D3,Regular,True,Booked,
ST_1466,BK_471,SC_723,E6,Regular,True,Booked,
ST_1467,BK_4822,SC_548,B19,Regular,True,Booked,
ST_1468,BK_2162,SC_351,A3,VIP,True,Available,
ST_1469,BK_6454,SC_209,A9,Premium,True,Booked,
ST_1470,BK_8024,SC_183,A20,Regular,True,Booked,
ST_1471,,SC_856,B18,VIP,True,Booked,
ST_1472,BK_3579,SC_967,A1,Premium,True,Reserved,
ST_1473,BK_8087,SC_925,C4,Regular,True,Available,
ST_1474,BK_908,SC_634,A7,Regular,True,Booked,
ST_1476,BK_6614,SC_40,A2,VIP,True,Available,
ST_1477,BK_4389,SC_399,E12,Premium,True,Booked,
ST_1478,BK_6534,SC_230,C7,Premium,True,Booked,
ST_1479,,SC_533,C12,Regular,True,Available,
ST_1480,BK_4882,SC_806,C10,Regular,True,Booked,
ST_1481,,SC_564,E20,Regular,True,Available,
ST_1482,BK_5931,SC_872,B8,Regular,True,Available,
ST_1483,BK_4353,SC_584,B13,Premium,True,Available,
ST_1484,BK_583,SC_150,E18,Regular,True,Booked,
ST_1485,,SC_229,E2,Regular,True,Available,
ST_1486,,SC_524,C9,Premium,True,Booked,
ST_1487,BK_1462,SC_761,E14,Regular,True,Booked,
ST_1488,BK_7595,SC_307,A10,VIP,True,Booked,
ST_1490,BK_7865,SC_689,B17,Premium,True,Available,
ST_1491,,SC_477,D19,Regular,True,Available,
ST_1492,,SC_894,D4,Regular,True,Booked,
ST_1493,BK_120,SC_910,E13,Premium,True,Available,
ST_1494,BK_4053,SC_133,C8,Regular,True,Available,
ST_1495,BK_9904,SC_600,E14,Regular,True,Reserved,
ST_1496,,SC_58,C17,VIP,True,Booked,
ST_1497,BK_7428,SC_214,C13,Regular,True,Booked,
ST_1498,BK_3026,SC_158,E7,Premium,True,Booked,
ST_1500,BK_2424,SC_293,E9,Regular,True,Reserved,
ST_1501,BK_9927,SC_899,E13,Regular,True,Booked,
ST_1502,,SC_55,A19,Regular,True,Available,
ST_1503,BK_8128,SC_239,A4,Premium,True,Booked,
ST_1504,BK_442,SC_766,A5,Regular,True,Reserved,
ST_1505,BK_8466,SC_390,B7,VIP,True,Booked,
ST_1506,BK_3964,SC_731,C14,VIP,True,Reserved,
ST_1507,BK_3431,SC_309,A2,Premium,True,Booked,
ST_1508,BK_3553,SC_381,D14,Premium,True,Available,
ST_1509,BK_7172,SC_860,A7,VIP,True,Booked,
ST_1511,BK_4185,SC_149,C11,Regular,True,Booked,
ST_1512,BK_4775,SC_592,B5,Regular,True,Available,
ST_1513,,SC_426,C11,Premium,True,Booked,
ST_1514,,SC_309,D11,Premium,True,Booked,
ST_1515,BK_5334,SC_759,B20,Regular,True,Booked,
ST_1516,BK_9511,SC_732,A2,VIP,True,Booked,
ST_1517,BK_7991,SC_332,B10,Regular,True,Booked,
ST_1519,BK_5545,SC_360,C8,Premium,True,Booked,
ST_1520,BK_8233,SC_217,B7,Regular,True,Booked,
ST_1521,BK_9786,SC_776,A11,VIP,True,Reserved,
ST_1522,BK_3721,SC_928,E16,Regular,True,Available,
ST_1523,,SC_10,B5,Premium,True,Booked,
ST_1524,BK_7046,SC_867,E4,Regular,True,Booked,
ST_1525,BK_8371,SC_851,C1,Regular,True,Booked,
ST_1526,BK_3539,SC_101,D5,Regular,True,Booked,
ST_1527,BK_9399,SC_709,A4,Premium,True,Booked,
ST_1529,BK_5788,SC_636,B14,Premium,True,Booked,
ST_1530,BK_6291,SC_31,B4,Regular,True,Booked,
ST_1531,,SC_921,E18,Premium,True,Available,
ST_1532,,SC_886,B6,Regular,True,Booked,
ST_1533,,SC_869,B20,VIP,True,Booked,
ST_1534,BK_3280,SC_545,A9,Regular,True,Booked,
ST_1535,BK_1397,SC_142,A3,Premium,True,Available,
ST_1536,BK_6449,SC_398,C15,VIP,True,Available,
ST_1537,BK_1390,SC_652,B20,Regular,True,Booked,
ST_1538,BK_7634,SC_124,E13,Regular,True,Booked,
ST_1539,BK_2351,SC_47,C2,Regular,True,Reserved,
ST_1540,BK_4354,SC_297,B5,Regular,True,Available,
ST_1541,BK_3503,SC_118,E1,Regular,True,Booked,
ST_1542,BK_4169,SC_792,C20,Premium,True,Booked,
ST_1543,BK_7440,SC_769,B12,VIP,True,Booked,
ST_1544,,SC_956,B16,Regular,True,Booked,
ST_1545,BK_2006,SC_84,B1,Premium,True,Booked,
ST_1546,BK_1530,SC_136,C17,Premium,True,Available,
ST_1548,BK_9582,SC_291,B18,Regular,True,Booked,
ST_1550,BK_4931,SC_267,C3,Regular,True,Booked,
ST_1552,BK_7709,SC_127,B18,Premium,True,Booked,
ST_1553,BK_2214,SC_614,A19,Regular,True,Booked,
ST_1554,BK_270,SC_515,B19,Regular,True,Booked,
ST_1555,,SC_979,B12,Regular,True,Booked,
ST_1556,BK_4294,SC_970,C8,Regular,True,Reserved,
ST_1557,BK_3839,SC_820,A20,Premium,True,Booked,
ST_1558,BK_3477,SC_828,C15,Regular,True,Reserved,
ST_1559,BK_4473,SC_937,C7,Regular,True,Booked,
ST_1561,BK_5443,SC_887,C6,Premium,True,Booked,
ST_1562,BK_92,SC_67,C5,Premium,True,Available,
ST_1563,,SC_9,C6,Regular,True,Booked,
ST_1564,BK_1574,SC_257,A13,Regular,True,Booked,
ST_1565,BK_891,SC_25,E7,Regular,True,Booked,
ST_1566,BK_7520,SC_929,A4,Premium,True,Booked,
ST_1568,BK_7429,SC_350,D20,Regular,True,Booked,
ST_1569,,SC_9,A20,VIP,True,Booked,
ST_1570,BK_3223,SC_727,E13,Regular,True,Available,
ST_1571,BK_4902,SC_497,A3,Regular,True,Booked,
ST_1572,BK_3259,SC_607,E3,Regular,True,Booked,
ST_1573,BK_6483,SC_382,E5,VIP,True,Booked,
ST_1574,,SC_905,D4,Regular,True,Booked,
ST_1575,BK_3086,SC_667,E6,Regular,True,Booked,
ST_1576,BK_7303,SC_843,D3,Regular,True,Available,
ST_1577,BK_6847,SC_987,A19,Regular,True,Reserved,
ST_1578,BK_3170,SC_805,C7,Regular,True,Booked,
ST_1579,BK_5930,SC_140,C9,Regular,True,Booked,
ST_1580,,SC_798,C15,Regular,True,Booked,
ST_1581,BK_7867,SC_812,D18,Premium,True,Booked,
ST_1582,BK_8550,SC_38,D9,Regular,True,Booked,
ST_1584,BK_329,SC_858,A11,Premium,True,Booked,
ST_1585,,SC_369,E17,VIP,True,Booked,
ST_1586,BK_7997,SC_264,A5,Regular,True,Available,
ST_1587,BK_9502,SC_871,D16,Regular,True,Booked,
ST_1588,BK_9935,SC_788,B4,Regular,True,Booked,
ST_1589,BK_5516,SC_322,A17,VIP,True,Booked,
ST_1590,,SC_809,D16,Regular,True,Available,
ST_1591,BK_9683,SC_390,E6,Premium,True,Available,
ST_1592,BK_2314,SC_49,C2,Regular,True,Booked,
ST_1593,,SC_736,E13,Regular,True,Booked,
ST_1594,BK_3547,SC_889,B11,Premium,True,Booked,
ST_1595,BK_6540,SC_790,B2,Premium,True,Available,
ST_1596,BK_2314,SC_242,E9,Regular,True,Booked,
ST_1597,,SC_323,D18,Regular,True,Available,
ST_1598,,SC_937,E20,Premium,True,Available,
ST_1599,BK_4675,SC_750,B13,Regular,True,Booked,
ST_1600,BK_2649,SC_782,A8,VIP,True,Booked,
ST_1601,BK_6160,SC_809,C13,Premium,True,Booked,
ST_1602,BK_662,SC_417,E19,Premium,True,Booked,
ST_1603,BK_6145,SC_638,C16,Regular,True,Available,
ST_1604,BK_4236,SC_612,A8,Premium,True,Booked,
ST_1605,BK_9399,SC_527,E15,Regular,True,Available,
ST_1606,BK_4389,SC_997,C1,Premium,True,Booked,
ST_1607,BK_2746,SC_66,E13,Regular,True,Booked,
ST_1608,BK_3123,SC_138,B2,Regular,True,Available,
ST_1610,BK_5651,SC_940,A19,Premium,True,Booked,
ST_1611,BK_6095,SC_920,D2,Regular,True,Booked,
ST_1612,BK_3816,SC_958,D13,Regular,True,Booked,
ST_1613,BK_7590,SC_354,C18,Premium,True,Available,
ST_1614,BK_2245,SC_949,E16,VIP,True,Booked,
ST_1616,BK_4626,SC_349,A13,Regular,True,Reserved,
ST_1617,BK_9024,SC_679,E19,Regular,True,Booked,
ST_1618,BK_8236,SC_198,A11,Premium,True,Booked,
ST_1619,BK_916,SC_491,B19,Regular,True,Booked,
ST_1620,BK_2914,SC_701,A9,Premium,True,Booked,
ST_1621,,SC_201,E14,Regular,True,Booked,
ST_1622,BK_2011,SC_336,C11,Regular,True,Booked,
ST_1623,BK_234,SC_372,C14,Regular,True,Booked,
ST_1624,BK_4510,SC_82,E12,Premium,True,Available,
ST_1625,BK_2428,SC_955,B1,Regular,True,Booked,
ST_1627,BK_5971,SC_981,C19,Premium,True,Booked,
ST_1628,,SC_358,B17,Regular,True,Booked,
ST_1629,BK_8177,SC_969,B2,Regular,True,Reserved,
ST_1630,BK_3507,SC_237,E3,Premium,True,Booked,
ST_1631,,SC_443,D13,Regular,True,Reserved,
ST_1632,BK_5346,SC_972,E16,Premium,True,Booked,
ST_1633,,SC_785,A14,Premium,True,Booked,
ST_1634,BK_7574,SC_318,C18,Premium,True,Booked,
ST_1635,BK_5096,SC_234,C8,Premium,True,Available,
ST_1636,,SC_754,C3,Regular,True,Reserved,
ST_1637,BK_5936,SC_39,B18,Regular,True,Available,
ST_1638,BK_7205,SC_523,C2,Premium,True,Booked,
ST_1639,BK_3904,SC_795,A20,VIP,True,Booked,
ST_1640,BK_4597,SC_217,D9,Premium,True,Booked,
ST_1641,BK_8651,SC_668,A2,Regular,True,Booked,
ST_1642,,SC_879,C17,Regular,True,Booked,
ST_1643,BK_1330,SC_563,B9,Regular,True,Reserved,
ST_1644,BK_7767,SC_368,B6,Regular,True,Booked,
ST_1645,BK_5097,SC_322,E3,Regular,True,Available,
ST_1646,BK_2807,SC_980,B11,Premium,True,Booked,
ST_1647,BK_7900,SC_28,D13,Premium,True,Booked,
ST_1649,BK_4407,SC_58,E11,Regular,True,Booked,
ST_1650,BK_6863,SC_289,E18,VIP,True,Available,
ST_1651,,SC_399,A20,Regular,True,Available,
ST_1652,BK_4626,SC_730,B7,Regular,True,Booked,
ST_1653,BK_1920,SC_355,A20,Regular,True,Booked,
ST_1654,BK_2448,SC_251,C14,Regular,True,Booked,
ST_1655,,SC_358,B19,VIP,True,Booked,
ST_1656,BK_9477,SC_378,E17,Premium,True,Available,
ST_1657,BK_7330,SC_951,A12,Regular,True,Booked,
ST_1658,BK_6800,SC_931,E12,Premium,True,Reserved,
ST_1660,,SC_36,C3,Regular,True,Booked,
ST_1661,BK_7837,SC_68,E10,Regular,True,Booked,
ST_1662,BK_3436,SC_469,D3,Premium,True,Booked,
ST_1663,BK_2691,SC_43,D6,Regular,True,Booked,
ST_1664,BK_3462,SC_475,E2,Premium,True,Reserved,
ST_1665,BK_3355,SC_533,E8,Regular,True,Booked,
ST_1666,BK_3507,SC_839,D8,Premium,True,Booked,
ST_1668,BK_921,SC_572,B5,Premium,True,Booked,
ST_1669,BK_403,SC_758,C18,Regular,True,Booked,
ST_1670,BK_8750,SC_239,D3,VIP,True,Booked,
ST_1671,BK_2929,SC_21,D8,Regular,True,Booked,
ST_1672,BK_9583,SC_120,B11,Regular,True,Booked,
ST_1673,BK_7471,SC_824,E12,Regular,True,Booked,
ST_1674,BK_7968,SC_632,E6,Premium,True,Available,
ST_1675,,SC_940,C5,Premium,True,Booked,
ST_1677,BK_5235,SC_932,B4,Regular,True,Booked,
ST_1678,,SC_753,B3,Regular,True,Available,
ST_1679,BK_5679,SC_59,E4,Premium,True,Booked,
ST_1680,,SC_599,E1,Premium,True,Available,
ST_1681,BK_8456,SC_91,A9,Regular,True,Available,
ST_1682,BK_8977,SC_445,D10,Premium,True,Available,
ST_1683,BK_4698,SC_963,A1,Regular,True,Available,
ST_1684,BK_8956,SC_517,B4,Regular,True,Available,
ST_1685,,SC_911,D13,Regular,True,Booked,
ST_1686,BK_2353,SC_796,E13,Regular,True,Booked,
ST_1687,BK_3666,SC_951,A4,Regular,True,Booked,
ST_1688,BK_2426,SC_644,B5,Premium,True,Booked,
ST_1689,BK_4208,SC_715,A6,Regular,True,Reserved,
ST_1691,BK_7273,SC_371,E7,VIP,True,Available,
ST_1693,BK_7458,SC_272,C6,Regular,True,Booked,
ST_1695,BK_5154,SC_872,B4,Regular,True,Booked,
ST_1696,,SC_271,E5,Premium,True,Reserved,
ST_1697,BK_2609,SC_946,C10,Regular,True,Available,
ST_1700,BK_9337,SC_554,C19,Regular,True,Booked,
ST_1701,BK_3713,SC_315,A15,Regular,True,Booked,
ST_1702,BK_8276,SC_795,E19,Regular,True,Booked,
ST_1703,BK_422,SC_368,C10,Regular,True,Booked,
ST_1704,BK_6422,SC_293,A12,Premium,True,Booked,
ST_1705,BK_5943,SC_272,B4,Regular,True,Available,
ST_1706,BK_5285,SC_178,E13,Regular,True,Booked,
ST_1707,BK_5300,SC_80,D3,Regular,True,Booked,
ST_1708,BK_9214,SC_781,C1,Regular,True,Booked,
ST_1709,,SC_304,C9,Regular,True,Booked,
ST_1710,BK_4503,SC_252,E14,Regular,True,Available,
ST_1711,BK_8438,SC_861,C19,Premium,True,Booked,
ST_1712,BK_3637,SC_573,C17,Premium,True,Booked,
ST_1713,BK_6660,SC_44,A3,Premium,True,Booked,
ST_1714,BK_9668,SC_37,C14,Regular,True,Available,
ST_1715,BK_5594,SC_570,A20,VIP,True,Booked,
ST_1716,BK_2903,SC_501,D20,Regular,True,Available,
ST_1717,BK_8081,SC_555,E14,Premium,True,Booked,
ST_1718,BK_6872,SC_997,B10,Premium,True,Reserved,
ST_1719,BK_6035,SC_80,A10,Regular,True,Reserved,
ST_1720,BK_7747,SC_748,B19,Premium,True,Available,
ST_1721,BK_7463,SC_241,C4,Regular,True,Booked,
ST_1722,BK_8517,SC_50,B19,Regular,True,Booked,
ST_1723,BK_8646,SC_147,A11,Regular,True,Available,
ST_1724,BK_6737,SC_697,A8,Premium,True,Available,
ST_1725,BK_5820,SC_233,D16,VIP,True,Available,
ST_1726,BK_9579,SC_610,C6,Premium,True,Booked,
ST_1727,BK_1083,SC_52,C9,Regular,True,Reserved,
ST_1728,BK_722,SC_308,A5,Regular,True,Available,
ST_1729,,SC_520,E2,Regular,True,Booked,
ST_1730,BK_5002,SC_855,E9,Premium,True,Available,
ST_1731,BK_6872,SC_861,D3,Regular,True,Reserved,
ST_1732,,SC_608,E19,Regular,True,Booked,
ST_1733,,SC_689,D11,Premium,True,Booked,
ST_1734,BK_9474,SC_846,D3,Regular,True,Booked,
ST_1735,BK_8765,SC_184,A6,Premium,True,Available,
ST_1736,BK_4788,SC_627,A13,Premium,True,Available,
ST_1737,BK_9156,SC_792,E20,Regular,True,Available,
ST_1739,,SC_433,A7,Regular,True,Booked,
ST_1740,BK_6692,SC_243,A7,Regular,True,Booked,
ST_1741,BK_1720,SC_395,C16,Regular,True,Reserved,
ST_1742,,SC_929,D16,Premium,True,Booked,
ST_1743,BK_5843,SC_89,E7,Premium,True,Booked,
ST_1744,BK_5296,SC_436,E9,Regular,True,Available,
ST_1745,,SC_851,D18,Regular,True,Booked,
ST_1746,BK_8168,SC_874,C3,Regular,True,Available,
ST_1747,,SC_621,E15,Regular,True,Booked,
ST_1749,BK_5988,SC_34,D18,Regular,True,Available,
ST_1750,BK_3353,SC_111,B4,Regular,True,Booked,
ST_1752,,SC_215,D12,Regular,True,Booked,
ST_1753,BK_4407,SC_725,C9,Premium,True,Reserved,
ST_1754,,SC_116,C17,Regular,True,Booked,
ST_1755,,SC_401,B5,Premium,True,Booked,
ST_1756,BK_7393,SC_118,B17,Regular,True,Booked,
ST_1757,BK_3327,SC_419,B17,Regular,True,Available,
ST_1758,BK_1371,SC_527,C13,Regular,True,Booked,
ST_1759,BK_1173,SC_397,E3,Regular,True,Booked,
ST_1760,,SC_786,B10,Premium,True,Booked,
ST_1761,BK_383,SC_226,A20,Premium,True,Booked,
ST_1762,BK_2752,SC_912,D10,Regular,True,Booked,
ST_1763,BK_2241,SC_587,B5,Regular,True,Booked,
ST_1764,BK_9278,SC_474,B16,Premium,True,Booked,
ST_1765,,SC_424,D5,VIP,True,Booked,
ST_1766,BK_3662,SC_429,C20,Premium,True,Booked,
ST_1767,BK_7156,SC_899,C2,Regular,True,Booked,
ST_1769,BK_2922,SC_943,A9,Regular,True,Available,
ST_1770,BK_6559,SC_810,C11,Regular,True,Available,
ST_1771,BK_5629,SC_343,E18,VIP,True,Booked,
ST_1772,,SC_218,D4,Regular,True,Available,
ST_1773,BK_9470,SC_252,E12,Premium,True,Booked,
ST_1774,,SC_555,D1,Premium,True,Available,
ST_1775,BK_5101,SC_365,A9,Regular,True,Booked,
ST_1776,BK_3701,SC_697,E13,Premium,True,Booked,
ST_1777,BK_4104,SC_230,D6,Regular,True,Available,
ST_1778,BK_6115,SC_12,A16,Regular,True,Booked,
ST_1779,BK_1077,SC_783,A1,Regular,True,Available,
ST_1780,,SC_574,E14,Premium,True,Booked,
ST_1781,BK_8508,SC_667,E13,Regular,True,Booked,
ST_1782,BK_192,SC_320,D5,Regular,True,Booked,
ST_1783,BK_1793,SC_502,D19,Regular,True,Reserved,
ST_1784,BK_1202,SC_428,B19,Regular,True,Available,
ST_1785,BK_5245,SC_760,E8,Premium,True,Booked,
ST_1786,BK_3702,SC_151,C14,Premium,True,Booked,
ST_1787,BK_7958,SC_575,A6,Regular,True,Booked,
ST_1788,,SC_408,A7,Regular,True,Booked,
ST_1790,BK_2660,SC_929,B1,VIP,True,Booked,
ST_1791,,SC_856,B8,Regular,True,Booked,
ST_1792,BK_1663,SC_127,D20,Premium,True,Available,
ST_1793,BK_5371,SC_627,A9,VIP,True,Booked,
ST_1794,BK_363,SC_392,D19,VIP,True,Available,
ST_1795,BK_5303,SC_233,D14,Regular,True,Available,
ST_1796,BK_9405,SC_131,B15,Premium,True,Available,
ST_1797,BK_7021,SC_478,A8,Regular,True,Booked,
ST_1798,BK_3919,SC_561,C3,Regular,True,Available,
ST_1799,,SC_132,C20,Premium,True,Booked,
ST_1800,,SC_245,C11,Premium,True,Booked,
ST_1801,BK_339,SC_606,D17,Premium,True,Booked,
ST_1802,BK_3748,SC_453,B19,Premium,True,Booked,
ST_1803,BK_7317,SC_753,C16,Regular,True,Booked,
ST_1805,BK_1437,SC_177,B9,Regular,True,Booked,
ST_1806,BK_3598,SC_755,A15,Regular,True,Available,
ST_1807,,SC_362,E17,Regular,True,Booked,
ST_1808,BK_7411,SC_934,D19,Regular,True,Available,
ST_1809,,SC_101,E19,VIP,True,Booked,
ST_1810,BK_4491,SC_672,D17,Premium,True,Available,
ST_1811,BK_5132,SC_49,B12,Regular,True,Booked,
ST_1812,BK_6252,SC_260,C18,Regular,True,Booked,
ST_1815,BK_250,SC_896,D6,Regular,True,Booked,
ST_1816,BK_8408,SC_516,E17,Premium,True,Booked,
ST_1817,BK_9248,SC_57,C13,Regular,True,Booked,
ST_1818,BK_183,SC_313,A18,Regular,True,Available,
ST_1820,BK_4551,SC_181,A18,Premium,True,Booked,
ST_1821,BK_8878,SC_891,D5,VIP,True,Booked,
ST_1822,BK_3270,SC_5,B12,Regular,True,Available,
ST_1823,BK_9209,SC_78,D6,VIP,True,Available,
ST_1824,BK_895,SC_985,C7,Regular,True,Reserved,
ST_1825,BK_9562,SC_457,E5,Regular,True,Booked,
ST_1826,,SC_678,A10,Premium,True,Booked,
ST_1827,BK_5221,SC_752,D9,Regular,True,Available,
ST_1828,BK_6308,SC_45,D6,Premium,True,Booked,
ST_1829,BK_3183,SC_859,A6,Regular,True,Reserved,
ST_1830,BK_6005,SC_851,E1,Regular,True,Reserved,
ST_1831,BK_8875,SC_106,D6,Regular,True,Available,
ST_1832,BK_3022,SC_144,E3,Regular,True,Booked,
ST_1833,BK_1791,SC_876,E8,Regular,True,Booked,
ST_1834,,SC_296,A12,Regular,True,Booked,
ST_1835,BK_8274,SC_851,A3,Regular,True,Booked,
ST_1836,BK_2845,SC_700,B12,Premium,True,Reserved,
ST_1837,BK_3003,SC_181,C5,Premium,True,Booked,
ST_1838,BK_9979,SC_592,A11,Regular,True,Reserved,
ST_1840,BK_475,SC_558,C17,Premium,True,Available,
ST_1841,,SC_495,D14,Regular,True,Booked,
ST_1842,,SC_524,D9,Premium,True,Booked,
ST_1844,BK_7019,SC_677,E2,Premium,True,Available,
ST_1845,,SC_872,B10,Regular,True,Reserved,
ST_1846,BK_4615,SC_335,B15,Regular,True,Booked,
ST_1848,BK_9388,SC_332,B3,Regular,True,Available,
ST_1849,BK_2986,SC_732,D10,Regular,True,Booked,
ST_1850,BK_9379,SC_662,A16,Regular,True,Booked,
ST_1851,,SC_354,C10,Regular,True,Booked,
ST_1852,BK_1030,SC_174,A19,Regular,True,Booked,
ST_1853,BK_8138,SC_675,E15,Regular,True,Booked,
ST_1854,BK_960,SC_401,E11,Regular,True,Available,
ST_1855,BK_6874,SC_327,D13,Regular,True,Booked,
ST_1857,BK_4001,SC_382,A3,Regular,True,Available,
ST_1858,BK_5044,SC_598,D18,Regular,True,Reserved,
ST_1859,BK_3838,SC_411,A10,Regular,True,Booked,
ST_1861,BK_961,SC_938,C18,Premium,True,Booked,
ST_1862,BK_7309,SC_641,E15,VIP,True,Booked,
ST_1863,,SC_604,D1,Premium,True,Booked,
ST_1865,BK_4695,SC_129,A14,Regular,True,Booked,
ST_1866,BK_8259,SC_292,E12,Premium,True,Available,
ST_1867,BK_4579,SC_303,C6,Premium,True,Booked,
ST_1868,BK_2318,SC_430,D3,VIP,True,Available,
ST_1869,BK_9035,SC_857,A7,Premium,True,Booked,
ST_1870,BK_1509,SC_347,B1,Regular,True,Available,
ST_1871,BK_8606,SC_122,C20,Regular,True,Booked,
ST_1873,,SC_358,D11,VIP,True,Booked,
ST_1874,BK_4059,SC_919,E7,Regular,True,Booked,
ST_1875,,SC_245,A15,Premium,True,Booked,
ST_1876,BK_2289,SC_149,D7,VIP,True,Available,
ST_1877,BK_3048,SC_687,D11,Premium,True,Reserved,
ST_1878,BK_6049,SC_935,B12,Premium,True,Booked,
ST_1879,,SC_306,C1,VIP,True,Available,
ST_1881,BK_3683,SC_501,C1,Premium,True,Booked,
ST_1882,BK_1870,SC_353,E6,Regular,True,Reserved,
ST_1884,BK_6477,SC_454,A8,VIP,True,Available,
ST_1885,,SC_171,A9,Premium,True,Booked,
ST_1886,,SC_907,A4,Regular,True,Booked,
ST_1887,BK_411,SC_937,B18,Premium,True,Available,
ST_1888,BK_1942,SC_630,D14,Regular,True,Reserved,
ST_1889,BK_6425,SC_673,E1,Premium,True,Booked,
ST_1891,BK_8784,SC_400,B5,Regular,True,Booked,
ST_1892,BK_4652,SC_424,C2,Regular,True,Booked,
ST_1893,BK_8921,SC_35,A20,Regular,True,Booked,
ST_1894,BK_9071,SC_970,D5,Regular,True,Booked,
ST_1895,BK_1823,SC_54,D4,Regular,True,Booked,
ST_1896,,SC_824,A11,Regular,True,Booked,
ST_1897,BK_1948,SC_892,E12,Premium,True,Booked,
ST_1898,BK_6573,SC_647,D20,VIP,True,Available,
ST_1899,BK_4626,SC_237,B12,Premium,True,Booked,
ST_1900,BK_566,SC_552,C2,Regular,True,Booked,
ST_1901,BK_8025,SC_569,D17,Premium,True,Booked,
ST_1902,BK_8166,SC_864,E12,VIP,True,Booked,
ST_1903,BK_8146,SC_931,B18,Regular,True,Booked,
ST_1904,BK_2542,SC_544,E15,Regular,True,Booked,
ST_1905,BK_7859,SC_588,A1,Regular,True,Booked,
ST_1906,BK_6922,SC_993,D16,VIP,True,Booked,
ST_1907,BK_8217,SC_516,E8,Regular,True,Booked,
ST_1908,BK_7119,SC_412,B7,Premium,True,Reserved,
ST_1910,BK_7726,SC_930,C2,Regular,True,Booked,
ST_1911,,SC_594,D4,VIP,True,Available,
ST_1912,,SC_974,D18,VIP,True,Booked,
ST_1913,BK_3834,SC_501,A11,Regular,True,Reserved,
ST_1914,BK_1835,SC_824,B4,Regular,True,Available,
ST_1915,BK_6764,SC_815,C17,Regular,True,Booked,
ST_1917,BK_3070,SC_12,C9,Regular,True,Reserved,
ST_1918,BK_8520,SC_87,B19,Premium,True,Booked,
ST_1919,BK_7821,SC_520,E6,Regular,True,Available,
ST_1920,BK_4605,SC_284,A7,VIP,True,Booked,
ST_1921,BK_2988,SC_18,C6,VIP,True,Booked,
ST_1922,BK_8497,SC_70,C20,Regular,True,Booked,
ST_1924,BK_4626,SC_674,E6,Regular,True,Available,
ST_1925,BK_6936,SC_599,D19,Regular,True,Booked,
ST_1926,,SC_356,C10,Regular,True,Booked,
ST_1927,BK_2103,SC_620,D15,Regular,True,Booked,
ST_1929,BK_2471,SC_646,E19,Regular,True,Booked,
ST_1930,BK_3436,SC_569,D16,Regular,True,Booked,
ST_1931,,SC_106,D7,Premium,True,Booked,
ST_1932,BK_4317,SC_745,E11,Regular,True,Available,
ST_1933,BK_85,SC_964,A20,Regular,True,Available,
ST_1934,BK_1152,SC_190,A14,Regular,True,Reserved,
ST_1935,BK_5662,SC_461,D8,Regular,True,Booked,
ST_1936,BK_9853,SC_415,E2,Regular,True,Booked,
ST_1937,BK_7737,SC_689,B15,Regular,True,Available,
ST_1938,BK_1175,SC_25,A1,Premium,True,Available,
ST_1939,BK_9645,SC_270,B1,Premium,True,Booked,
ST_1940,BK_6321,SC_835,B4,Regular,True,Booked,
ST_1941,BK_3511,SC_716,D7,Regular,True,Booked,
ST_1942,BK_1695,SC_250,A11,VIP,True,Reserved,
ST_1943,,SC_597,C7,Premium,True,Booked,
ST_1944,,SC_993,C1,Premium,True,Booked,
ST_1945,BK_5596,SC_673,C18,VIP,True,Available,
ST_1947,BK_947,SC_573,B14,VIP,True,Available,
ST_1948,,SC_562,B4,Regular,True,Booked,
ST_1949,BK_9504,SC_236,A19,Premium,True,Available,
ST_1950,BK_5152,SC_637,C1,Premium,True,Reserved,
ST_1951,BK_661,SC_722,D11,Premium,True,Booked,
ST_1952,BK_9585,SC_44,E1,Regular,True,Booked,
ST_1953,BK_6603,SC_636,D14,Premium,True,Booked,
ST_1955,,SC_35,A15,Premium,True,Booked,
ST_1956,BK_568,SC_899,E10,Premium,True,Available,
ST_1957,BK_8307,SC_205,E17,Premium,True,Booked,
ST_1958,BK_9202,SC_537,B5,Premium,True,Booked,
ST_1959,BK_6339,SC_160,C3,Regular,True,Booked,
ST_1960,BK_524,SC_349,B3,Premium,True,Booked,
ST_1961,,SC_756,D13,Regular,True,Booked,
ST_1962,BK_7057,SC_199,B1,Premium,True,Booked,
ST_1963,BK_462,SC_752,D18,Premium,True,Booked,
ST_1964,BK_7404,SC_368,C1,Regular,True,Booked,
ST_1965,BK_6753,SC_173,D11,VIP,True,Booked,
ST_1966,BK_4581,SC_593,D9,Regular,True,Booked,
ST_1967,BK_540,SC_742,D8,Premium,True,Booked,
ST_1969,BK_719,SC_597,C14,Regular,True,Booked,
ST_1970,BK_9316,SC_532,D17,Regular,True,Booked,
ST_1971,BK_7122,SC_946,D8,Premium,True,Available,
ST_1972,,SC_170,E20,Regular,True,Booked,
ST_1973,,SC_234,D5,Premium,True,Available,
ST_1974,BK_7255,SC_235,C11,VIP,True,Booked,
ST_1975,BK_4142,SC_922,A16,Regular,True,Available,
ST_1976,BK_7466,SC_263,B2,Regular,True,Booked,
ST_1977,BK_5123,SC_606,B20,Premium,True,Booked,
ST_1979,,SC_898,A1,Regular,True,Booked,
ST_1981,BK_8808,SC_533,D11,Regular,True,Booked,
ST_1982,BK_5697,SC_1,C7,Regular,True,Booked,
ST_1984,BK_8009,SC_236,E15,Regular,True,Booked,
ST_1985,BK_4925,SC_221,C2,Regular,True,Available,
ST_1986,,SC_14,C5,Regular,True,Booked,
ST_1987,BK_8501,SC_311,E20,Premium,True,Booked,
ST_1989,BK_2604,SC_106,B3,Premium,True,Available,
ST_1990,BK_4455,SC_293,B13,Regular,True,Booked,
ST_1991,BK_7528,SC_259,B17,Regular,True,Available,
ST_1992,BK_9481,SC_667,D5,Regular,True,Booked,
ST_1993,BK_9286,SC_261,D10,Regular,True,Booked,
ST_1994,BK_9825,SC_29,B17,VIP,True,Available,
ST_1995,BK_2751,SC_819,B2,Regular,True,Booked,
ST_1996,BK_1061,SC_384,B13,Regular,True,Available,
ST_1998,BK_3541,SC_989,E3,Regular,True,Booked,
ST_1999,BK_3491,SC_61,D6,VIP,True,Reserved,
ST_2000,BK_914,SC_601,C6,Premium,True,Booked,
ST_2001,BK_9488,SC_442,D16,Premium,True,Available,
ST_2002,BK_7188,SC_258,E6,Regular,True,Booked,
ST_2003,BK_7647,SC_480,A7,Regular,True,Available,
ST_2004,BK_6083,SC_590,A2,Premium,True,Available,
ST_2006,BK_4043,SC_494,B2,Regular,True,Booked,
ST_2007,,SC_177,A17,Regular,True,Booked,
ST_2008,,SC_191,A6,Regular,True,Booked,
ST_2009,BK_639,SC_776,C10,Regular,True,Booked,
ST_2011,BK_3409,SC_836,C10,Regular,True,Booked,
ST_2012,,SC_507,A1,Premium,True,Booked,
ST_2013,BK_2793,SC_965,D16,Regular,True,Booked,
ST_2014,BK_70,SC_167,A2,Regular,True,Booked,
ST_2015,BK_1349,SC_715,C10,VIP,True,Booked,
ST_2016,,SC_645,E17,VIP,True,Booked,
ST_2017,,SC_777,D20,Premium,True,Booked,
ST_2019,BK_7147,SC_709,B10,Premium,True,Available,
ST_2020,BK_158,SC_916,C17,Regular,True,Booked,
ST_2021,BK_6881,SC_622,E1,VIP,True,Booked,
ST_2022,BK_5917,SC_175,A14,Regular,True,Booked,
ST_2023,BK_8980,SC_141,E3,Regular,True,Booked,
ST_2024,BK_3218,SC_422,B13,Premium,True,Booked,
ST_2025,BK_4426,SC_16,C11,Regular,True,Booked,
ST_2026,BK_6327,SC_632,A3,Premium,True,Booked,
ST_2027,,SC_158,D17,Premium,True,Available,
ST_2028,BK_7652,SC_224,C13,VIP,True,Available,
ST_2030,BK_9902,SC_374,A12,Regular,True,Booked,
ST_2031,,SC_929,B7,VIP,True,Booked,
ST_2032,BK_9030,SC_531,C4,Regular,True,Booked,
ST_2033,BK_370,SC_806,A17,Premium,True,Booked,
ST_2034,BK_7129,SC_230,A6,Regular,True,Available,
ST_2035,BK_4575,SC_262,C12,Regular,True,Reserved,
ST_2036,BK_1075,SC_355,D2,Premium,True,Available,
ST_2037,BK_435,SC_508,A3,Regular,True,Booked,
ST_2038,BK_9937,SC_627,E19,Regular,True,Available,
ST_2040,BK_9584,SC_68,E8,Regular,True,Reserved,
ST_2041,BK_8116,SC_475,D15,Premium,True,Booked,
ST_2042,BK_9251,SC_316,E20,Regular,True,Booked,
ST_2043,BK_7902,SC_61,D1,Premium,True,Booked,
ST_2045,BK_9854,SC_344,C1,Regular,True,Available,
ST_2046,BK_6620,SC_79,C12,Regular,True,Booked,
ST_2047,BK_1458,SC_788,E14,Regular,True,Booked,
ST_2048,,SC_224,B4,Regular,True,Available,
ST_2050,BK_2244,SC_94,D19,Regular,True,Booked,
ST_2051,BK_1285,SC_567,E11,Regular,True,Booked,
ST_2053,,SC_712,C18,Regular,True,Booked,
ST_2054,,SC_604,A19,Regular,True,Booked,
ST_2055,,SC_769,D14,Premium,True,Booked,
ST_2056,BK_4559,SC_718,B8,Regular,True,Available,
ST_2057,BK_8172,SC_116,D9,VIP,True,Booked,
ST_2059,,SC_457,E17,Regular,True,Booked,
ST_2060,BK_2256,SC_300,A2,Regular,True,Booked,
ST_2061,,SC_379,A19,Regular,True,Booked,
ST_2062,BK_5833,SC_117,C10,Premium,True,Reserved,
ST_2063,BK_4865,SC_906,A3,Premium,True,Booked,
ST_2064,BK_4836,SC_484,E17,Premium,True,Booked,
ST_2065,BK_1447,SC_988,B4,Regular,True,Reserved,
ST_2066,,SC_476,C1,Premium,True,Booked,
ST_2067,BK_7908,SC_803,D8,Premium,True,Booked,
ST_2068,BK_5884,SC_412,E10,Regular,True,Reserved,
ST_2069,BK_9535,SC_598,B11,Regular,True,Booked,
ST_2070,BK_4083,SC_61,B1,Premium,True,Available,
ST_2071,BK_6460,SC_340,D16,Regular,True,Booked,
ST_2072,BK_6928,SC_724,C20,VIP,True,Available,
ST_2073,BK_8051,SC_385,A10,Regular,True,Available,
ST_2074,BK_1669,SC_844,B4,Regular,True,Booked,
ST_2075,,SC_62,B20,Premium,True,Booked,
ST_2077,BK_1691,SC_773,E5,Regular,True,Available,
ST_2078,BK_8088,SC_402,C11,Premium,True,Booked,
ST_2080,,SC_44,D9,Premium,True,Reserved,
ST_2081,,SC_738,B5,Regular,True,Booked,
ST_2082,BK_3998,SC_854,C20,Regular,True,Booked,
ST_2083,BK_657,SC_846,E20,Premium,True,Booked,
ST_2084,BK_9973,SC_313,A14,Regular,True,Booked,
ST_2085,BK_4814,SC_973,A10,Premium,True,Booked,
ST_2087,BK_3963,SC_260,B3,Regular,True,Booked,
ST_2088,,SC_946,C1,Regular,True,Booked,
ST_2089,BK_5410,SC_931,B14,VIP,True,Booked,
ST_2091,,SC_437,A10,Premium,True,Booked,
ST_2092,BK_502,SC_271,B4,Premium,True,Available,
ST_2093,BK_2840,SC_369,C18,Regular,True,Booked,
ST_2094,BK_2066,SC_109,B16,Regular,True,Booked,
ST_2095,BK_9477,SC_196,E6,VIP,True,Available,
ST_2096,,SC_195,B14,Regular,True,Available,
ST_2097,BK_2960,SC_806,B12,Regular,True,Booked,
ST_2098,BK_9828,SC_810,B16,VIP,True,Booked,
ST_2099,,SC_83,C17,Regular,True,Booked,
ST_2100,BK_3642,SC_462,D8,Regular,True,Booked,
ST_2102,BK_4774,SC_103,A5,Regular,True,Booked,
ST_2104,BK_2637,SC_816,E6,Premium,True,Available,
ST_2105,,SC_376,C7,VIP,True,Booked,
ST_2106,BK_3957,SC_566,D8,Regular,True,Booked,
ST_2107,BK_4826,SC_308,D1,Regular,True,Booked,
ST_2108,BK_3304,SC_876,D8,Regular,True,Booked,
ST_2109,BK_4248,SC_792,C18,Premium,True,Booked,
ST_2110,BK_6295,SC_589,C11,Premium,True,Booked,
ST_2111,BK_4827,SC_246,E2,Regular,True,Booked,
ST_2112,BK_7847,SC_326,C3,Premium,True,Booked,
ST_2113,BK_2509,SC_943,A19,Premium,True,Booked,
ST_2114,BK_8029,SC_532,A14,Regular,True,Booked,
ST_2115,BK_5494,SC_302,C14,Regular,True,Available,
ST_2116,BK_4279,SC_968,B6,VIP,True,Booked,
ST_2118,BK_6480,SC_171,D14,Regular,True,Reserved,
ST_2119,BK_308,SC_262,B10,Regular,True,Available,
ST_2120,BK_9114,SC_979,C17,Regular,True,Booked,
ST_2121,BK_4154,SC_209,E14,VIP,True,Booked,
ST_2122,BK_6190,SC_715,C18,Regular,True,Booked,
ST_2124,BK_979,SC_49,E12,Premium,True,Reserved,
ST_2125,BK_1675,SC_541,C15,Regular,True,Reserved,
ST_2126,BK_8154,SC_885,D10,Regular,True,Booked,
ST_2128,BK_8524,SC_467,C2,Regular,True,Available,
ST_2130,,SC_293,A6,Regular,True,Booked,
ST_2131,BK_3373,SC_243,B3,VIP,True,Booked,
ST_2132,BK_7100,SC_648,D6,Premium,True,Booked,
ST_2133,BK_3805,SC_429,B20,Regular,True,Reserved,
ST_2135,BK_781,SC_885,C4,Regular,True,Reserved,
ST_2136,BK_7181,SC_718,E15,Premium,True,Booked,
ST_2137,,SC_260,C3,Premium,True,Reserved,
ST_2138,,SC_50,B3,Premium,True,Booked,
ST_2139,BK_9124,SC_832,B15,Premium,True,Booked,
ST_2141,,SC_270,C3,Premium,True,Booked,
ST_2142,BK_4586,SC_424,C17,Premium,True,Booked,
ST_2143,BK_8754,SC_470,A3,Premium,True,Booked,
ST_2144,BK_5538,SC_914,A9,Regular,True,Booked,
ST_2145,BK_2025,SC_115,B5,Regular,True,Booked,
ST_2146,BK_1982,SC_276,A7,Regular,True,Reserved,
ST_2147,BK_1263,SC_373,E8,VIP,True,Booked,
ST_2148,BK_800,SC_270,E18,Regular,True,Booked,
ST_2149,BK_9902,SC_190,E10,Regular,True,Booked,
ST_2150,BK_7322,SC_47,E20,Regular,True,Booked,
ST_2151,BK_8608,SC_561,C2,Regular,True,Booked,
ST_2152,,SC_872,D20,Regular,True,Booked,
ST_2153,BK_9081,SC_678,C13,VIP,True,Booked,
ST_2154,BK_1277,SC_298,C6,Premium,True,Available,
ST_2155,BK_5511,SC_170,B18,Regular,True,Available,
ST_2156,BK_3030,SC_821,D17,VIP,True,Available,
ST_2157,BK_9743,SC_359,E20,VIP,True,Booked,
ST_2158,BK_5227,SC_172,A11,Premium,True,Booked,
ST_2160,BK_633,SC_583,C13,Regular,True,Booked,
ST_2162,BK_4790,SC_181,E13,Regular,True,Booked,
ST_2164,BK_1683,SC_479,B7,Regular,True,Booked,
ST_2165,BK_1987,SC_413,C19,Premium,True,Booked,
ST_2166,BK_1061,SC_987,D18,Premium,True,Reserved,
ST_2167,BK_8396,SC_862,B2,Premium,True,Reserved,
ST_2168,BK_7055,SC_276,C10,Regular,True,Booked,
ST_2169,BK_9177,SC_54,A2,VIP,True,Booked,
ST_2170,,SC_202,B13,Regular,True,Booked,
ST_2171,BK_6040,SC_376,D13,Regular,True,Booked,
ST_2173,BK_1717,SC_457,C7,Regular,True,Booked,
ST_2175,,SC_598,E1,VIP,True,Booked,
ST_2176,BK_9225,SC_757,C12,Regular,True,Reserved,
ST_2177,BK_2524,SC_692,B6,VIP,True,Booked,
ST_2178,BK_7399,SC_662,E5,Regular,True,Available,
ST_2179,,SC_72,D15,Premium,True,Booked,
ST_2180,,SC_350,B15,Regular,True,Booked,
ST_2181,BK_197,SC_887,C13,Regular,True,Booked,
ST_2182,BK_4904,SC_408,A18,Regular,True,Booked,
ST_2183,,SC_11,D8,Regular,True,Booked,
ST_2184,BK_1288,SC_998,E4,Regular,True,Booked,
ST_2186,,SC_130,B5,Premium,True,Booked,
ST_2187,BK_4633,SC_381,E11,Premium,True,Available,
ST_2188,BK_7817,SC_716,D3,Regular,True,Available,
ST_2189,,SC_22,C16,Premium,True,Booked,
ST_2190,BK_3054,SC_235,A20,Regular,True,Booked,
ST_2191,,SC_554,B19,Regular,True,Reserved,
ST_2192,,SC_297,D10,Premium,True,Booked,
ST_2193,,SC_193,A17,Premium,True,Reserved,
ST_2195,BK_9621,SC_233,C20,VIP,True,Reserved,
ST_2196,BK_9300,SC_21,A9,Regular,True,Booked,
ST_2197,,SC_609,A6,Regular,True,Available,
ST_2198,BK_3554,SC_974,D5,Premium,True,Booked,
ST_2200,BK_331,SC_102,C20,Premium,True,Booked,
ST_2201,BK_1248,SC_955,D1,Regular,True,Booked,
ST_2202,BK_3143,SC_823,B11,Regular,True,Booked,
ST_2203,BK_3494,SC_546,E2,Premium,True,Booked,
ST_2204,,SC_284,B7,Regular,True,Booked,
ST_2205,BK_6163,SC_402,A11,Regular,True,Booked,
ST_2207,BK_5067,SC_146,A15,Regular,True,Booked,
ST_2208,BK_3251,SC_630,D4,Premium,True,Booked,
ST_2209,BK_6914,SC_904,B9,Regular,True,Booked,
ST_2210,BK_2503,SC_151,D15,Premium,True,Booked,
ST_2211,,SC_901,A2,Premium,True,Booked,
ST_2212,BK_7739,SC_368,A11,VIP,True,Available,
ST_2213,,SC_115,E20,Regular,True,Booked,
ST_2214,,SC_91,C19,Regular,True,Booked,
ST_2215,BK_7086,SC_36,A12,Regular,True,Available,
ST_2216,BK_8820,SC_580,C4,Premium,True,Booked,
ST_2217,BK_7226,SC_381,C16,Premium,True,Booked,
ST_2218,BK_5698,SC_872,C19,Regular,True,Booked,
ST_2219,BK_6532,SC_612,B4,Regular,True,Booked,
ST_2220,,SC_515,E3,Regular,True,Available,
ST_2221,BK_9664,SC_200,B19,VIP,True,Booked,
ST_2222,,SC_423,D11,Premium,True,Booked,
ST_2223,,SC_48,B14,Regular,True,Available,
ST_2224,,SC_238,D13,VIP,True,Booked,
ST_2225,BK_8783,SC_631,D4,Premium,True,Booked,
ST_2226,BK_9320,SC_219,D10,Regular,True,Booked,
ST_2227,BK_7092,SC_510,B13,Regular,True,Available,
ST_2228,BK_4895,SC_998,D2,VIP,True,Available,
ST_2229,BK_751,SC_393,E8,Regular,True,Booked,
ST_2230,BK_6762,SC_126,C5,Premium,True,Booked,
ST_2231,BK_5101,SC_317,A10,Premium,True,Booked,
ST_2232,BK_7457,SC_752,A5,Regular,True,Available,
ST_2233,BK_637,SC_681,C20,Premium,True,Booked,
ST_2235,BK_4745,SC_354,E19,Regular,True,Available,
ST_2236,BK_8518,SC_610,C4,Regular,True,Booked,
ST_2237,BK_684,SC_658,B19,Premium,True,Booked,
ST_2238,BK_3663,SC_538,E4,Regular,True,Booked,
ST_2239,,SC_130,A11,Regular,True,Booked,
ST_2240,BK_9118,SC_541,B5,Premium,True,Reserved,
ST_2241,BK_5326,SC_939,C5,Premium,True,Booked,
ST_2242,BK_4025,SC_113,D16,Premium,True,Booked,
ST_2243,BK_2358,SC_598,E4,Regular,True,Booked,
ST_2244,BK_8420,SC_907,D7,Regular,True,Reserved,
ST_2245,BK_4312,SC_150,C14,Premium,True,Booked,
ST_2247,BK_6059,SC_352,C8,Premium,True,Booked,
ST_2248,BK_2644,SC_922,E15,VIP,True,Booked,
ST_2249,BK_4060,SC_108,A20,Regular,True,Available,
ST_2250,BK_7210,SC_290,A4,Regular,True,Booked,
ST_2251,BK_2276,SC_216,B9,Premium,True,Booked,
ST_2252,BK_8707,SC_772,D11,Regular,True,Booked,
ST_2253,BK_4337,SC_221,D3,VIP,True,Booked,
ST_2254,BK_8376,SC_918,B8,Regular,True,Booked,
ST_2255,BK_2706,SC_585,A14,Regular,True,Booked,
ST_2256,,SC_485,D11,Regular,True,Available,
ST_2257,BK_495,SC_540,D19,Regular,True,Booked,
ST_2258,,SC_629,D9,Regular,True,Available,
ST_2259,BK_8164,SC_337,E16,Regular,True,Booked,
ST_2260,BK_7252,SC_912,C13,Regular,True,Booked,
ST_2261,BK_7240,SC_842,C11,Regular,True,Available,
ST_2262,BK_8220,SC_495,A19,VIP,True,Booked,
ST_2263,BK_6633,SC_228,C5,Premium,True,Available,
ST_2264,BK_7757,SC_753,B1,Premium,True,Booked,
ST_2266,BK_8986,SC_865,C6,Regular,True,Reserved,
ST_2269,BK_174,SC_822,D4,Regular,True,Reserved,
ST_2270,BK_1757,SC_386,C11,Regular,True,Available,
ST_2271,BK_9488,SC_788,C3,Regular,True,Booked,
ST_2272,BK_2206,SC_693,D19,VIP,True,Reserved,
ST_2273,BK_4241,SC_73,C14,Regular,True,Available,
ST_2274,BK_1494,SC_824,B19,Regular,True,Booked,
ST_2275,,SC_763,B4,Regular,True,Booked,
ST_2276,BK_8134,SC_951,A11,Regular,True,Booked,
ST_2277,BK_9416,SC_45,C15,Premium,True,Booked,
ST_2278,BK_5492,SC_364,D18,Regular,True,Booked,
ST_2279,BK_2558,SC_329,E11,Regular,True,Booked,
ST_2281,BK_2873,SC_367,B9,Premium,True,Available,
ST_2282,BK_5374,SC_864,E2,Regular,True,Booked,
ST_2283,BK_6487,SC_235,B6,Regular,True,Booked,
ST_2284,BK_2331,SC_456,B12,Regular,True,Reserved,
ST_2285,BK_8705,SC_460,A7,VIP,True,Reserved,
ST_2286,,SC_174,E9,Regular,True,Booked,
ST_2287,BK_5202,SC_43,A5,Regular,True,Booked,
ST_2288,BK_7795,SC_284,C10,Regular,True,Booked,
ST_2289,BK_5524,SC_387,B10,VIP,True,Booked,
ST_2291,BK_6391,SC_402,E11,VIP,True,Booked,
ST_2292,BK_468,SC_731,B1,Regular,True,Booked,
ST_2294,,SC_19,E8,Regular,True,Booked,
ST_2295,BK_6404,SC_772,E11,Premium,True,Booked,
ST_2296,BK_1475,SC_619,E11,Regular,True,Booked,
ST_2297,,SC_211,B20,Regular,True,Booked,
ST_2298,BK_14,SC_881,C3,VIP,True,Booked,
ST_2300,BK_8329,SC_540,A17,Regular,True,Booked,
ST_2301,BK_5199,SC_114,D3,Premium,True,Booked,
ST_2302,BK_3838,SC_533,C13,Premium,True,Available,
ST_2303,BK_3316,SC_139,D10,Regular,True,Booked,
ST_2304,BK_3967,SC_815,E2,Regular,True,Available,
ST_2305,BK_9114,SC_885,D1,Regular,True,Booked,
ST_2306,BK_9328,SC_156,B17,VIP,True,Booked,
ST_2307,BK_1350,SC_448,C1,Regular,True,Booked,
ST_2308,BK_9329,SC_879,D4,Regular,True,Available,
ST_2309,BK_5740,SC_197,D5,VIP,True,Booked,
ST_2310,BK_2733,SC_447,A11,Premium,True,Booked,
ST_2311,BK_2218,SC_255,C3,Premium,True,Booked,
ST_2312,BK_5540,SC_9,B13,Regular,True,Booked,
ST_2313,BK_5979,SC_165,E11,Premium,True,Booked,
ST_2314,BK_4779,SC_245,B20,VIP,True,Booked,
ST_2315,BK_8186,SC_283,D20,Premium,True,Booked,
ST_2316,BK_7095,SC_322,A2,Regular,True,Booked,
ST_2318,,SC_942,E2,Premium,True,Available,
ST_2319,BK_286,SC_291,D11,VIP,True,Reserved,
ST_2320,BK_6279,SC_175,B6,Premium,True,Booked,
ST_2321,BK_3808,SC_777,C5,Premium,True,Available,
ST_2323,,SC_602,B19,Premium,True,Booked,
ST_2324,BK_14,SC_113,A3,Premium,True,Booked,
ST_2325,BK_4487,SC_304,C12,Regular,True,Booked,
ST_2326,BK_819,SC_699,A6,Regular,True,Booked,
ST_2328,BK_1494,SC_287,A3,Premium,True,Booked,
ST_2329,BK_2652,SC_227,D4,Regular,True,Booked,
ST_2330,BK_5607,SC_145,B13,Regular,True,Reserved,
ST_2331,BK_6345,SC_329,C2,Regular,True,Booked,
ST_2332,BK_4079,SC_385,C16,Regular,True,Reserved,
ST_2333,BK_1561,SC_183,E12,Regular,True,Available,
ST_2334,BK_7673,SC_655,B1,Regular,True,Booked,
ST_2335,BK_243,SC_992,B20,Regular,True,Booked,
ST_2336,,SC_247,E4,VIP,True,Booked,
ST_2337,BK_2068,SC_853,D14,Premium,True,Booked,
ST_2338,BK_7886,SC_730,A8,Regular,True,Available,
ST_2339,BK_1244,SC_476,A15,Regular,True,Reserved,
ST_2340,BK_5265,SC_400,C4,Regular,True,Available,
ST_2341,BK_2629,SC_299,C1,VIP,True,Booked,
ST_2343,BK_7663,SC_638,A12,Regular,True,Available,
ST_2344,BK_6089,SC_748,B7,Regular,True,Booked,
ST_2345,BK_8084,SC_785,B17,Regular,True,Booked,
ST_2346,BK_1960,SC_419,A2,Premium,True,Booked,
ST_2347,BK_8964,SC_101,C20,Regular,True,Booked,
ST_2348,,SC_352,C12,Regular,True,Booked,
ST_2349,BK_9379,SC_970,C17,Regular,True,Booked,
ST_2350,BK_2121,SC_280,D19,Premium,True,Booked,
ST_2351,,SC_353,E4,Regular,True,Booked,
ST_2353,BK_5610,SC_848,D8,Premium,True,Booked,
ST_2355,,SC_84,C2,Premium,True,Available,
ST_2356,BK_3839,SC_220,E18,VIP,True,Booked,
ST_2357,BK_3602,SC_688,C5,Premium,True,Booked,
ST_2358,BK_6145,SC_296,B12,Regular,True,Booked,
ST_2359,BK_5628,SC_96,D7,Premium,True,Booked,
ST_2360,BK_2773,SC_987,B1,Premium,True,Booked,
ST_2361,BK_4042,SC_247,B2,Regular,True,Booked,
ST_2362,BK_3641,SC_815,D9,Premium,True,Booked,
ST_2363,BK_8504,SC_941,D18,Premium,True,Booked,
ST_2364,,SC_157,A11,Regular,True,Booked,
ST_2365,BK_5156,SC_780,C1,Premium,True,Booked,
ST_2366,,SC_654,A10,Regular,True,Booked,
ST_2368,BK_835,SC_502,A3,Regular,True,Booked,
ST_2370,BK_435,SC_926,C19,Regular,True,Booked,
ST_2371,,SC_374,E12,Regular,True,Booked,
ST_2372,BK_3294,SC_348,C7,Regular,True,Booked,
ST_2373,BK_5031,SC_227,C11,Regular,True,Booked,
ST_2374,BK_5235,SC_343,C1,Premium,True,Available,
ST_2375,,SC_277,B7,Premium,True,Available,
ST_2376,,SC_706,D8,Regular,True,Available,
ST_2378,BK_7405,SC_390,B5,Premium,True,Booked,
ST_2379,BK_5487,SC_650,D13,Regular,True,Booked,
ST_2380,BK_3922,SC_648,B8,Regular,True,Reserved,
ST_2381,BK_9040,SC_339,B3,VIP,True,Booked,
ST_2384,BK_4795,SC_577,E4,Regular,True,Booked,
ST_2385,BK_7299,SC_328,A4,Regular,True,Booked,
ST_2386,BK_3884,SC_362,C19,Regular,True,Booked,
ST_2387,,SC_467,A7,Premium,True,Reserved,
ST_2388,BK_8252,SC_939,B18,Regular,True,Booked,
ST_2389,BK_231,SC_718,D13,Regular,True,Booked,
ST_2390,BK_335,SC_306,B14,Regular,True,Available,
ST_2391,BK_2779,SC_807,A16,Regular,True,Booked,
ST_2392,BK_1215,SC_875,E13,Regular,True,Booked,
ST_2393,,SC_352,A1,Premium,True,Booked,
ST_2394,BK_3539,SC_700,B18,VIP,True,Booked,
ST_2395,BK_6002,SC_865,A7,Regular,True,Booked,
ST_2396,BK_7386,SC_687,D17,Regular,True,Reserved,
ST_2398,BK_7359,SC_367,B10,Regular,True,Booked,
ST_2399,,SC_427,C10,Premium,True,Booked,
ST_2400,BK_961,SC_541,B10,VIP,True,Booked,
ST_2401,,SC_57,A14,Premium,True,Available,
ST_2402,BK_950,SC_274,B13,Regular,True,Booked,
ST_2404,,SC_856,D8,Regular,True,Booked,
ST_2405,BK_7632,SC_817,C1,Premium,True,Available,
ST_2406,BK_553,SC_174,D11,Regular,True,Booked,
ST_2407,,SC_711,B13,Regular,True,Booked,
ST_2408,BK_3202,SC_600,D17,Regular,True,Available,
ST_2409,,SC_265,D10,Regular,True,Booked,
ST_2410,BK_6603,SC_986,E20,Premium,True,Available,
ST_2411,BK_5011,SC_239,C1,Regular,True,Available,
ST_2412,BK_589,SC_355,D16,Regular,True,Available,
ST_2413,BK_6286,SC_823,B5,Regular,True,Booked,
ST_2415,BK_2529,SC_30,E13,Premium,True,Available,
ST_2418,BK_90,SC_18,E13,Regular,True,Booked,
ST_2419,BK_2595,SC_263,C6,Regular,True,Booked,
ST_2420,BK_1394,SC_637,C3,Premium,True,Booked,
ST_2421,BK_5973,SC_80,E15,Regular,True,Booked,
ST_2422,BK_760,SC_300,A5,Premium,True,Booked,
ST_2423,BK_7700,SC_356,A11,Regular,True,Booked,
ST_2424,BK_4562,SC_718,A7,Premium,True,Booked,
ST_2425,BK_5882,SC_87,C5,VIP,True,Booked,
ST_2426,,SC_813,C2,Premium,True,Reserved,
ST_2427,BK_2517,SC_8,A10,Regular,True,Available,
ST_2428,,SC_646,D3,Premium,True,Booked,
ST_2429,BK_6792,SC_639,A18,Regular,True,Available,
ST_2430,,SC_68,D17,Premium,True,Available,
ST_2431,BK_4540,SC_712,B14,Regular,True,Booked,
ST_2432,BK_9113,SC_950,C13,Regular,True,Booked,
ST_2434,BK_6499,SC_429,A11,Regular,True,Booked,
ST_2435,BK_1877,SC_537,D20,Regular,True,Booked,
ST_2436,BK_4430,SC_456,A1,Regular,True,Booked,
ST_2437,,SC_104,A19,Regular,True,Booked,
ST_2438,BK_380,SC_798,C17,Regular,True,Booked,
ST_2440,BK_7665,SC_2,A7,Regular,True,Booked,
ST_2441,BK_3786,SC_619,B1,Regular,True,Available,
ST_2442,,SC_314,E16,Premium,True,Booked,
ST_2445,BK_3815,SC_392,C17,VIP,True,Booked,
ST_2446,BK_1158,SC_33,A1,Premium,True,Booked,
ST_2447,BK_6149,SC_134,E16,VIP,True,Booked,
ST_2449,,SC_24,A13,VIP,True,Booked,
ST_2450,,SC_214,E13,Premium,True,Booked,
ST_2452,BK_6099,SC_386,C7,Premium,True,Reserved,
ST_2453,,SC_787,A9,Premium,True,Booked,
ST_2454,BK_83,SC_606,D2,Regular,True,Booked,
ST_2455,,SC_433,B10,Premium,True,Booked,
ST_2456,BK_7165,SC_533,C17,Regular,True,Booked,
ST_2457,BK_6199,SC_440,C7,Regular,True,Booked,
ST_2458,,SC_58,A13,Regular,True,Booked,
ST_2459,,SC_75,B18,Regular,True,Booked,
ST_2460,BK_583,SC_21,D3,Regular,True,Booked,
ST_2461,BK_1784,SC_303,A3,Regular,True,Booked,
ST_2462,BK_9737,SC_444,B8,Regular,True,Booked,
ST_2463,BK_6035,SC_426,E12,Premium,True,Available,
ST_2464,BK_1905,SC_805,C6,Regular,True,Booked,
ST_2465,BK_3060,SC_610,B4,Premium,True,Booked,
ST_2466,,SC_110,D11,Regular,True,Booked,
ST_2467,BK_836,SC_443,C4,Regular,True,Booked,
ST_2468,,SC_202,D15,Regular,True,Available,
ST_2469,,SC_435,E11,Regular,True,Booked,
ST_2470,,SC_140,E4,Regular,True,Available,
ST_2471,BK_9179,SC_390,D15,Regular,True,Booked,
ST_2472,BK_1378,SC_30,B7,VIP,True,Available,
ST_2473,BK_8392,SC_992,A9,Premium,True,Reserved,
ST_2474,BK_8578,SC_860,B13,VIP,True,Booked,
ST_2475,BK_3229,SC_40,B19,VIP,True,Booked,
ST_2476,BK_205,SC_212,A3,Regular,True,Booked,
ST_2477,BK_1960,SC_813,A6,VIP,True,Booked,
ST_2478,BK_5349,SC_883,C6,Regular,True,Available,
ST_2479,BK_142,SC_118,D3,Regular,True,Booked,
ST_2480,BK_2721,SC_253,A15,Regular,True,Booked,
ST_2481,BK_4719,SC_618,E6,VIP,True,Booked,
ST_2482,BK_5065,SC_147,D18,Regular,True,Booked,
ST_2483,BK_651,SC_67,C18,Regular,True,Booked,
ST_2484,BK_9428,SC_351,B4,Regular,True,Booked,
ST_2485,BK_2228,SC_385,D17,Regular,True,Booked,
ST_2487,BK_1654,SC_581,B19,Regular,True,Booked,
ST_2488,BK_8441,SC_386,E11,Premium,True,Booked,
ST_2489,BK_9756,SC_610,C5,Premium,True,Booked,
ST_2490,,SC_892,A19,Regular,True,Available,
ST_2491,BK_4465,SC_606,B16,Premium,True,Booked,
ST_2492,BK_5920,SC_788,B16,Regular,True,Booked,
ST_2493,BK_8116,SC_278,C20,Regular,True,Booked,
ST_2494,BK_5328,SC_12,D20,Premium,True,Booked,
ST_2496,,SC_910,A12,Regular,True,Reserved,
ST_2497,BK_4787,SC_21,D6,Regular,True,Reserved,
ST_2498,BK_8440,SC_655,A20,Premium,True,Booked,
ST_2499,BK_2221,SC_85,E7,Premium,True,Booked,
ST_2500,BK_817,SC_91,D13,Regular,True,Booked,
ST_2501,BK_7769,SC_584,D10,Regular,True,Available,
ST_2502,BK_8108,SC_901,B5,Regular,True,Booked,
ST_2504,BK_206,SC_608,D17,Regular,True,Booked,
ST_2506,BK_45,SC_45,B17,Regular,True,Booked,
ST_2507,BK_2691,SC_999,A11,Regular,True,Available,
ST_2508,BK_2204,SC_574,B1,Regular,True,Booked,
ST_2509,BK_3272,SC_287,E9,Regular,True,Booked,
ST_2510,BK_3458,SC_214,E6,Regular,True,Booked,
ST_2511,BK_2507,SC_262,D12,Regular,True,Booked,
ST_2512,BK_7647,SC_900,B19,VIP,True,Booked,
ST_2513,BK_9369,SC_424,E15,Premium,True,Booked,
ST_2514,BK_5332,SC_503,A1,Regular,True,Booked,
ST_2515,BK_5739,SC_473,D1,Premium,True,Available,
ST_2517,BK_5186,SC_896,E4,Regular,True,Booked,
ST_2518,BK_8520,SC_89,B7,Premium,True,Booked,
ST_2519,BK_5663,SC_655,B15,Premium,True,Available,
ST_2520,BK_6886,SC_129,D17,Premium,True,Available,
ST_2521,BK_2677,SC_188,A2,Regular,True,Booked,
ST_2522,BK_3213,SC_592,E12,Regular,True,Booked,
ST_2523,,SC_248,A6,Regular,True,Available,
ST_2524,BK_6235,SC_385,A17,Regular,True,Booked,
ST_2526,BK_4313,SC_527,D1,Premium,True,Booked,
ST_2527,BK_779,SC_110,D15,Regular,True,Available,
ST_2528,BK_3287,SC_968,B4,Regular,True,Booked,
ST_2529,BK_2146,SC_586,A11,Regular,True,Booked,
ST_2530,BK_9751,SC_765,E4,Regular,True,Available,
ST_2531,BK_1891,SC_885,D20,Regular,True,Booked,
ST_2532,,SC_948,E6,Premium,True,Reserved,
ST_2533,BK_6609,SC_4,A15,Regular,True,Booked,
ST_2534,,SC_578,D19,VIP,True,Booked,
ST_2535,BK_2812,SC_616,E18,Premium,True,Available,
ST_2537,BK_4358,SC_41,B7,Regular,True,Available,
ST_2539,,SC_334,A14,Regular,True,Available,
ST_2540,,SC_699,E10,Regular,True,Reserved,
ST_2541,,SC_865,D19,Regular,True,Reserved,
ST_2542,BK_1074,SC_784,B7,Regular,True,Booked,
ST_2543,BK_1492,SC_390,A7,Regular,True,Booked,
ST_2544,BK_8500,SC_851,A9,Regular,True,Reserved,
ST_2546,BK_6213,SC_590,C4,Regular,True,Booked,
ST_2547,BK_2278,SC_526,B9,Premium,True,Reserved,
ST_2549,BK_203,SC_688,C7,Premium,True,Booked,
ST_2550,BK_6493,SC_381,B18,Regular,True,Booked,
ST_2552,BK_7229,SC_115,D4,Regular,True,Reserved,
ST_2553,BK_8224,SC_513,D6,Premium,True,Booked,
ST_2554,BK_4779,SC_776,B3,Regular,True,Booked,
ST_2555,BK_6775,SC_587,A3,Regular,True,Booked,
ST_2556,,SC_19,B7,Regular,True,Available,
ST_2557,,SC_570,B18,Premium,True,Booked,
ST_2558,BK_4931,SC_257,D3,Regular,True,Available,
ST_2559,BK_1050,SC_156,A5,Regular,True,Available,
ST_2561,BK_3079,SC_742,A10,Premium,True,Booked,
ST_2562,BK_5212,SC_743,E11,Regular,True,Reserved,
ST_2563,BK_6308,SC_899,A3,Premium,True,Reserved,
ST_2564,BK_6417,SC_627,A14,Regular,True,Booked,
ST_2565,BK_7358,SC_131,C19,Regular,True,Booked,
ST_2566,,SC_210,C8,VIP,True,Booked,
ST_2567,BK_7828,SC_361,B6,Regular,True,Booked,
ST_2568,BK_4095,SC_711,D6,Premium,True,Booked,
ST_2569,BK_8188,SC_582,D16,Premium,True,Booked,
ST_2571,BK_6453,SC_404,C10,Premium,True,Reserved,
ST_2572,,SC_980,E18,Regular,True,Booked,
ST_2573,BK_3411,SC_918,D5,Regular,True,Booked,
ST_2574,BK_1654,SC_745,D8,Premium,True,Booked,
ST_2575,BK_2270,SC_627,E10,Regular,True,Booked,
ST_2576,BK_3632,SC_989,E15,Regular,True,Booked,
ST_2577,BK_3598,SC_283,A18,Regular,True,Booked,
ST_2578,BK_3632,SC_758,A9,Premium,True,Booked,
ST_2579,BK_6187,SC_437,A8,Regular,True,Booked,
ST_2580,BK_1260,SC_238,A20,Premium,True,Booked,
ST_2581,,SC_17,C17,Regular,True,Booked,
ST_2582,BK_1112,SC_346,B11,Regular,True,Booked,
ST_2583,BK_256,SC_140,B12,Regular,True,Reserved,
ST_2584,BK_413,SC_523,D20,Regular,True,Available,
ST_2585,BK_4097,SC_402,D18,Premium,True,Booked,
ST_2586,BK_1914,SC_554,B9,Regular,True,Available,
ST_2587,BK_745,SC_251,E7,Regular,True,Booked,
ST_2588,,SC_356,E18,Regular,True,Available,
ST_2589,,SC_91,A19,Regular,True,Booked,
ST_2590,BK_6255,SC_487,B7,Regular,True,Reserved,
ST_2591,BK_1779,SC_97,B17,Premium,True,Booked,
ST_2592,BK_4341,SC_761,B7,Regular,True,Booked,
ST_2593,,SC_857,E14,Regular,True,Booked,
ST_2594,BK_323,SC_400,E19,Premium,True,Available,
ST_2595,BK_537,SC_856,D1,Regular,True,Booked,
ST_2596,BK_5243,SC_813,A20,Premium,True,Available,
ST_2597,BK_249,SC_200,E8,Regular,True,Booked,
ST_2598,BK_4228,SC_946,C15,Regular,True,Booked,
ST_2599,BK_9995,SC_430,C18,VIP,True,Booked,
ST_2600,BK_1518,SC_987,A2,Regular,True,Booked,
ST_2601,BK_2280,SC_341,E19,Premium,True,Available,
ST_2602,BK_2106,SC_900,C6,Regular,True,Booked,
ST_2603,BK_8413,SC_47,B2,Regular,True,Booked,
ST_2604,BK_1209,SC_941,D8,Regular,True,Booked,
ST_2605,BK_9106,SC_445,A1,Premium,True,Booked,
ST_2606,BK_8072,SC_396,C5,Premium,True,Available,
ST_2607,BK_1140,SC_392,B18,Premium,True,Available,
ST_2608,BK_3185,SC_279,D14,Regular,True,Available,
ST_2609,BK_9421,SC_301,A9,Premium,True,Available,
ST_2610,BK_2453,SC_507,C5,Regular,True,Booked,
ST_2611,BK_3003,SC_137,A6,Regular,True,Reserved,
ST_2612,,SC_341,D12,Premium,True,Booked,
ST_2613,BK_6090,SC_647,C3,Regular,True,Booked,
ST_2614,BK_7827,SC_572,E17,Regular,True,Booked,
ST_2615,BK_6941,SC_177,B19,Regular,True,Booked,
ST_2616,,SC_625,E4,Regular,True,Available,
ST_2618,,SC_162,E18,Regular,True,Booked,
ST_2619,BK_8706,SC_368,E5,Regular,True,Booked,
ST_2620,BK_3216,SC_587,B18,VIP,True,Reserved,
ST_2621,,SC_916,E7,Regular,True,Booked,
ST_2622,BK_780,SC_920,E15,Premium,True,Reserved,
ST_2624,BK_1753,SC_675,C16,Regular,True,Booked,
ST_2626,,SC_404,B15,Regular,True,Booked,
ST_2627,BK_7022,SC_721,B1,Regular,True,Booked,
ST_2629,BK_3528,SC_421,C8,Regular,True,Booked,
ST_2630,BK_3084,SC_336,C9,Regular,True,Booked,
ST_2632,BK_7955,SC_994,D13,Premium,True,Booked,
ST_2633,BK_4954,SC_251,C9,Premium,True,Booked,
ST_2634,BK_8463,SC_344,C4,Premium,True,Available,
ST_2635,BK_6744,SC_329,A8,Regular,True,Booked,
ST_2636,,SC_503,C1,VIP,True,Booked,
ST_2637,BK_865,SC_83,D19,VIP,True,Booked,
ST_2639,,SC_759,D14,Regular,True,Available,
ST_2640,BK_3999,SC_455,E10,Regular,True,Booked,
ST_2641,BK_8948,SC_922,E6,Premium,True,Booked,
ST_2642,BK_4284,SC_930,C8,Regular,True,Booked,
ST_2643,BK_3145,SC_270,C8,Premium,True,Booked,
ST_2645,BK_8307,SC_312,B5,Regular,True,Booked,
ST_2646,BK_712,SC_701,B5,Regular,True,Booked,
ST_2647,BK_9580,SC_483,A16,Regular,True,Booked,
ST_2648,BK_3200,SC_423,C6,Regular,True,Reserved,
ST_2649,,SC_150,C5,Premium,True,Booked,
ST_2650,BK_6020,SC_988,B12,Regular,True,Booked,
ST_2651,BK_9878,SC_325,D8,Regular,True,Booked,
ST_2652,BK_1453,SC_776,B9,Premium,True,Booked,
ST_2653,BK_3017,SC_385,E8,Regular,True,Available,
ST_2654,BK_3449,SC_457,E20,Regular,True,Booked,
ST_2655,BK_9210,SC_612,B8,VIP,True,Booked,
ST_2656,BK_4395,SC_220,C18,Regular,True,Available,
ST_2658,BK_808,SC_998,E9,Regular,True,Booked,
ST_2659,BK_4664,SC_387,E7,Premium,True,Booked,
ST_2661,BK_6835,SC_957,E1,Premium,True,Available,
ST_2663,BK_7196,SC_317,A8,VIP,True,Available,
ST_2664,BK_2689,SC_167,A18,Premium,True,Booked,
ST_2665,BK_8856,SC_495,D16,Premium,True,Booked,
ST_2666,,SC_855,B10,Regular,True,Booked,
ST_2667,BK_2604,SC_291,A1,VIP,True,Booked,
ST_2669,BK_2916,SC_408,A4,Regular,True,Available,
ST_2670,BK_5099,SC_767,B8,Premium,True,Booked,
ST_2671,,SC_136,A3,Regular,True,Available,
ST_2672,BK_8098,SC_506,C18,Regular,True,Available,
ST_2673,BK_7461,SC_800,B7,Regular,True,Booked,
ST_2675,BK_5224,SC_957,D18,Regular,True,Reserved,
ST_2676,BK_6074,SC_629,B7,Regular,True,Booked,
ST_2678,BK_5527,SC_214,B13,Premium,True,Booked,
ST_2681,BK_1250,SC_481,D3,Regular,True,Booked,
ST_2682,BK_9559,SC_90,C15,Premium,True,Booked,
ST_2683,BK_1886,SC_925,A8,Regular,True,Booked,
ST_2684,BK_5583,SC_656,B7,Regular,True,Booked,
ST_2685,BK_5668,SC_965,C18,Regular,True,Booked,
ST_2686,BK_8811,SC_359,E19,Premium,True,Booked,
ST_2687,BK_3881,SC_252,E6,Regular,True,Booked,
ST_2688,BK_7510,SC_366,D13,Regular,True,Booked,
ST_2689,BK_378,SC_13,A12,Regular,True,Available,
ST_2690,BK_5948,SC_648,B5,Regular,True,Booked,
ST_2691,BK_665,SC_462,C19,VIP,True,Booked,
ST_2692,BK_5186,SC_557,D4,Premium,True,Booked,
ST_2694,BK_6675,SC_300,D9,Regular,True,Booked,
ST_2696,BK_1543,SC_700,C5,Regular,True,Available,
ST_2697,BK_8660,SC_79,C19,Regular,True,Booked,
ST_2698,BK_9822,SC_49,E15,VIP,True,Booked,
ST_2699,BK_3927,SC_999,E15,Regular,True,Booked,
ST_2700,BK_1014,SC_301,A20,Regular,True,Available,
ST_2701,BK_6193,SC_347,A11,VIP,True,Booked,
ST_2702,BK_9177,SC_333,E15,Regular,True,Booked,
ST_2703,,SC_22,D3,Premium,True,Reserved,
ST_2704,BK_1121,SC_206,E6,VIP,True,Booked,
ST_2705,,SC_651,E4,Premium,True,Booked,
ST_2706,BK_9001,SC_633,B3,Regular,True,Available,
ST_2707,BK_1495,SC_795,B7,Regular,True,Available,
ST_2708,BK_595,SC_106,A11,Regular,True,Reserved,
ST_2709,BK_384,SC_784,E7,Regular,True,Booked,
ST_2710,BK_1148,SC_957,D1,Regular,True,Reserved,
ST_2711,BK_6479,SC_631,B4,Regular,True,Available,
ST_2712,,SC_305,D18,Premium,True,Booked,
ST_2713,BK_6734,SC_426,A20,VIP,True,Booked,
ST_2714,BK_5939,SC_910,A13,Regular,True,Booked,
ST_2715,BK_4368,SC_218,B11,VIP,True,Booked,
ST_2716,BK_6548,SC_988,D4,Regular,True,Reserved,
ST_2717,BK_2163,SC_725,A16,Premium,True,Available,
ST_2718,BK_4370,SC_177,A18,Regular,True,Booked,
ST_2719,BK_6807,SC_817,B8,VIP,True,Booked,
ST_2720,,SC_964,B4,Premium,True,Booked,
ST_2721,BK_7283,SC_938,E5,Premium,True,Booked,
ST_2722,BK_3831,SC_365,C16,Regular,True,Booked,
ST_2723,BK_8290,SC_28,C2,Regular,True,Booked,
ST_2724,BK_7275,SC_989,E8,Regular,True,Booked,
ST_2725,BK_5111,SC_362,C6,VIP,True,Booked,
ST_2726,BK_795,SC_790,C19,Regular,True,Booked,
ST_2727,,SC_588,E5,Premium,True,Booked,
ST_2728,,SC_359,A15,Premium,True,Available,
ST_2729,,SC_363,C14,Regular,True,Booked,
ST_2730,,SC_520,D19,Regular,True,Booked,
ST_2731,BK_4717,SC_622,D2,Regular,True,Available,
ST_2733,BK_8008,SC_688,D11,VIP,True,Booked,
ST_2735,BK_6881,SC_999,B18,Regular,True,Booked,
ST_2736,BK_4295,SC_614,B9,VIP,True,Booked,
ST_2737,BK_5597,SC_793,E6,VIP,True,Booked,
ST_2738,BK_4173,SC_814,B18,Premium,True,Reserved,
ST_2739,BK_4096,SC_22,B7,Regular,True,Booked,
ST_2740,BK_4016,SC_577,C19,Regular,True,Available,
ST_2741,BK_98,SC_607,A4,Regular,True,Booked,
ST_2742,,SC_153,A2,Premium,True,Booked,
ST_2743,BK_293,SC_464,C9,Regular,True,Available,
ST_2744,BK_9977,SC_558,B1,Premium,True,Booked,
ST_2745,BK_7301,SC_611,E15,Regular,True,Booked,
ST_2746,,SC_232,A1,Regular,True,Booked,
ST_2747,BK_962,SC_118,C17,Regular,True,Booked,
ST_2748,BK_5755,SC_153,E7,Regular,True,Available,
ST_2749,,SC_126,C4,Premium,True,Booked,
ST_2750,BK_2747,SC_474,A19,VIP,True,Booked,
ST_2751,BK_4157,SC_880,A2,Regular,True,Booked,
ST_2752,,SC_746,B6,Premium,True,Booked,
ST_2753,BK_549,SC_896,A3,Premium,True,Booked,
ST_2754,BK_8959,SC_628,D1,Regular,True,Booked,
ST_2756,BK_4253,SC_465,C5,VIP,True,Booked,
ST_2757,BK_7895,SC_937,A13,Regular,True,Booked,
ST_2758,BK_394,SC_15,A13,Regular,True,Reserved,
ST_2759,,SC_584,D1,Premium,True,Booked,
ST_2760,BK_6020,SC_511,A4,Regular,True,Booked,
ST_2761,BK_8754,SC_683,B14,Regular,True,Booked,
ST_2762,BK_4621,SC_661,B13,Regular,True,Available,
ST_2764,BK_7070,SC_240,C7,Regular,True,Booked,
ST_2765,,SC_814,A4,Regular,True,Booked,
ST_2766,,SC_93,E8,Regular,True,Booked,
ST_2768,BK_3327,SC_1,B10,Premium,True,Booked,
ST_2769,,SC_428,C11,Premium,True,Booked,
ST_2771,BK_6439,SC_169,A18,Premium,True,Available,
ST_2772,BK_2400,SC_824,C14,Regular,True,Booked,
ST_2773,BK_7812,SC_41,A19,Regular,True,Available,
ST_2774,BK_1200,SC_200,E20,Premium,True,Available,
ST_2775,BK_4037,SC_857,C16,Premium,True,Booked,
ST_2776,,SC_29,B2,Premium,True,Booked,
ST_2777,BK_1027,SC_951,E2,Premium,True,Booked,
ST_2778,BK_9674,SC_813,A12,Regular,True,Reserved,
ST_2779,BK_6659,SC_583,E16,Regular,True,Booked,
ST_2780,BK_3514,SC_992,C6,Regular,True,Available,
ST_2781,BK_4351,SC_724,D3,Regular,True,Booked,
ST_2782,BK_3914,SC_83,D16,Regular,True,Booked,
ST_2783,BK_9011,SC_941,B18,Regular,True,Available,
ST_2785,,SC_412,A12,Premium,True,Reserved,
ST_2786,BK_3232,SC_394,C19,Regular,True,Available,
ST_2787,BK_4433,SC_621,B1,Premium,True,Booked,
ST_2788,,SC_627,D18,Regular,True,Booked,
ST_2789,BK_5622,SC_940,B16,Regular,True,Booked,
ST_2790,BK_2609,SC_920,B19,Premium,True,Available,
ST_2791,BK_9927,SC_208,D6,Regular,True,Booked,
ST_2792,,SC_634,D18,Regular,True,Available,
ST_2793,BK_6871,SC_886,C16,Regular,True,Booked,
ST_2794,BK_9554,SC_619,B6,Regular,True,Available,
ST_2795,BK_7431,SC_644,B11,Regular,True,Booked,
ST_2796,BK_1034,SC_427,A17,Regular,True,Booked,
ST_2797,BK_1365,SC_929,C2,VIP,True,Reserved,
ST_2798,,SC_220,E11,Premium,True,Available,
ST_2799,BK_5574,SC_699,E7,Premium,True,Booked,
ST_2800,BK_106,SC_915,B10,Regular,True,Booked,
ST_2802,BK_2940,SC_305,E19,Regular,True,Booked,
ST_2804,,SC_811,C13,Premium,True,Booked,
ST_2805,BK_6729,SC_322,C10,Regular,True,Booked,
ST_2806,BK_4822,SC_859,B2,Regular,True,Booked,
ST_2807,,SC_323,A18,Regular,True,Available,
ST_2808,BK_6674,SC_416,D4,Premium,True,Reserved,
ST_2809,BK_8784,SC_429,E12,Premium,True,Booked,
ST_2810,BK_973,SC_100,D1,Premium,True,Booked,
ST_2811,BK_7706,SC_864,A2,Premium,True,Booked,
ST_2812,BK_2906,SC_4,B12,Regular,True,Reserved,
ST_2813,BK_7761,SC_879,C5,Premium,True,Booked,
ST_2814,BK_1996,SC_224,A16,Premium,True,Booked,
ST_2815,,SC_803,C12,Regular,True,Booked,
ST_2818,BK_7123,SC_755,D18,Regular,True,Available,
ST_2819,,SC_437,B5,Regular,True,Booked,
ST_2820,,SC_333,A14,Regular,True,Booked,
ST_2821,,SC_798,E5,Regular,True,Available,
ST_2822,BK_2919,SC_957,A18,Premium,True,Booked,
ST_2823,BK_1423,SC_748,A7,VIP,True,Booked,
ST_2824,BK_6484,SC_199,E16,Regular,True,Booked,
ST_2825,BK_958,SC_299,C16,Regular,True,Booked,
ST_2826,BK_3034,SC_1000,E16,VIP,True,Booked,
ST_2827,,SC_1,B18,Premium,True,Booked,
ST_2829,BK_9103,SC_306,E7,Regular,True,Booked,
ST_2830,BK_6050,SC_968,B13,Regular,True,Reserved,
ST_2831,BK_5810,SC_671,B8,Premium,True,Reserved,
ST_2832,,SC_136,B2,Premium,True,Available,
ST_2833,BK_4549,SC_135,B3,Regular,True,Booked,
ST_2835,BK_8248,SC_650,E13,VIP,True,Booked,
ST_2836,BK_2370,SC_641,E6,Regular,True,Booked,
ST_2837,BK_8282,SC_378,A20,Regular,True,Available,
ST_2838,BK_3964,SC_132,E12,Regular,True,Booked,
ST_2840,BK_1251,SC_772,C20,Premium,True,Booked,
ST_2841,BK_528,SC_555,E7,Regular,True,Available,
ST_2842,,SC_351,A15,Regular,True,Booked,
ST_2844,BK_5994,SC_849,B8,Premium,True,Booked,
ST_2845,BK_3609,SC_423,D1,Regular,True,Reserved,
ST_2846,BK_9375,SC_593,E14,Premium,True,Booked,
ST_2847,BK_7146,SC_565,C13,Regular,True,Booked,
ST_2848,BK_2284,SC_950,B19,Regular,True,Available,
ST_2849,BK_7980,SC_222,B3,Premium,True,Booked,
ST_2850,BK_574,SC_281,A12,Regular,True,Available,
ST_2851,BK_6421,SC_281,B4,Regular,True,Booked,
ST_2852,BK_1321,SC_723,E13,Premium,True,Available,
ST_2853,BK_2899,SC_520,B1,Regular,True,Available,
ST_2854,BK_1673,SC_458,D6,Premium,True,Booked,
ST_2855,,SC_911,B19,Regular,True,Reserved,
ST_2856,BK_8273,SC_226,D18,Regular,True,Booked,
ST_2857,BK_9272,SC_188,C7,Premium,True,Booked,
ST_2858,BK_8086,SC_586,B17,Premium,True,Booked,
ST_2859,BK_1703,SC_132,D14,Regular,True,Booked,
ST_2860,BK_1513,SC_657,A5,Regular,True,Booked,
ST_2861,BK_4883,SC_211,B3,VIP,True,Booked,
ST_2862,,SC_835,D4,Regular,True,Reserved,
ST_2863,BK_1068,SC_230,C1,Premium,True,Available,
ST_2864,BK_122,SC_362,D2,Premium,True,Booked,
ST_2865,BK_1203,SC_262,D5,Premium,True,Booked,
ST_2866,BK_8877,SC_20,B6,Premium,True,Booked,
ST_2867,,SC_19,E17,Regular,True,Available,
ST_2868,BK_9780,SC_4,D19,Regular,True,Available,
ST_2869,BK_9420,SC_316,A2,Regular,True,Booked,
ST_2870,,SC_281,D11,Regular,True,Booked,
ST_2871,BK_916,SC_115,B8,Premium,True,Booked,
ST_2873,BK_6306,SC_323,A11,Premium,True,Booked,
ST_2874,,SC_750,A3,Premium,True,Booked,
ST_2875,,SC_377,C19,VIP,True,Booked,
ST_2876,BK_4136,SC_43,B12,Premium,True,Booked,
ST_2877,BK_359,SC_998,B16,Regular,True,Booked,
ST_2878,,SC_96,E11,Regular,True,Reserved,
ST_2879,BK_2748,SC_908,B6,Premium,True,Booked,
ST_2880,BK_217,SC_948,E15,Premium,True,Available,
ST_2881,BK_4601,SC_606,C13,Regular,True,Booked,
ST_2882,BK_9359,SC_31,E7,Regular,True,Booked,
ST_2883,BK_2961,SC_681,A16,Regular,True,Available,
ST_2884,BK_6597,SC_12,A12,Regular,True,Booked,
ST_2885,,SC_451,A3,VIP,True,Booked,
ST_2886,BK_4182,SC_466,B16,Premium,True,Reserved,
ST_2887,BK_5712,SC_571,E19,Regular,True,Booked,
ST_2888,BK_416,SC_252,E9,Premium,True,Available,
ST_2889,BK_3909,SC_856,C13,Premium,True,Available,
ST_2890,BK_301,SC_688,C17,VIP,True,Booked,
ST_2891,BK_1307,SC_754,D8,Premium,True,Available,
ST_2892,BK_1562,SC_915,E14,Regular,True,Booked,
ST_2893,BK_5999,SC_15,B9,Premium,True,Booked,
ST_2894,,SC_755,E17,Regular,True,Booked,
ST_2895,BK_3377,SC_461,C6,Premium,True,Booked,
ST_2896,BK_7730,SC_674,A11,Regular,True,Available,
ST_2897,BK_8354,SC_731,A5,Premium,True,Booked,
ST_2898,BK_4450,SC_850,D5,Regular,True,Available,
ST_2899,BK_9119,SC_963,C3,Regular,True,Booked,
ST_2900,BK_6396,SC_769,D2,Regular,True,Booked,
ST_2902,,SC_843,C18,VIP,True,Booked,
ST_2903,,SC_875,A3,VIP,True,Available,
ST_2904,BK_1487,SC_570,D9,Premium,True,Reserved,
ST_2905,,SC_379,B14,Regular,True,Available,
ST_2906,BK_5496,SC_349,C17,Regular,True,Booked,
ST_2907,BK_5978,SC_392,A12,Regular,True,Booked,
ST_2908,BK_4419,SC_127,A6,Regular,True,Booked,
ST_2909,BK_6532,SC_745,E10,Premium,True,Reserved,
ST_2910,BK_6283,SC_40,D9,Regular,True,Booked,
ST_2911,BK_914,SC_570,D12,Regular,True,Booked,
ST_2913,,SC_115,E1,Premium,True,Booked,
ST_2914,,SC_736,C6,Regular,True,Available,
ST_2915,BK_1733,SC_239,C15,Premium,True,Reserved,
ST_2916,BK_6970,SC_352,B19,Regular,True,Booked,
ST_2917,BK_3094,SC_125,D15,Premium,True,Booked,
ST_2918,,SC_739,B7,Premium,True,Booked,
ST_2919,BK_6691,SC_288,E10,Premium,True,Booked,
ST_2920,BK_5026,SC_387,C15,Premium,True,Booked,
ST_2922,BK_9146,SC_501,C17,Regular,True,Available,
ST_2923,,SC_558,A4,VIP,True,Booked,
ST_2924,BK_4628,SC_440,E20,Premium,True,Booked,
ST_2925,BK_8684,SC_756,A17,Premium,True,Booked,
ST_2926,,SC_309,D3,Premium,True,Booked,
ST_2927,BK_9248,SC_985,D11,Regular,True,Booked,
ST_2928,BK_3569,SC_120,B20,Regular,True,Booked,
ST_2929,,SC_689,D16,Regular,True,Booked,
ST_2930,BK_9603,SC_79,D5,Premium,True,Booked,
ST_2931,BK_1393,SC_424,A1,Regular,True,Available,
ST_2932,BK_6906,SC_149,C15,Regular,True,Available,
ST_2933,,SC_157,C19,Regular,True,Booked,
ST_2934,BK_8573,SC_98,B10,Regular,True,Booked,
ST_2936,,SC_654,B11,Regular,True,Booked,
ST_2937,BK_8315,SC_304,B7,Premium,True,Booked,
ST_2939,,SC_202,C15,Premium,True,Booked,
ST_2940,,SC_28,D4,Regular,True,Booked,
ST_2941,,SC_707,E13,Premium,True,Available,
ST_2942,BK_7252,SC_934,D20,Regular,True,Booked,
ST_2943,BK_5226,SC_49,C3,Regular,True,Booked,
ST_2944,BK_687,SC_541,B13,VIP,True,Booked,
ST_2945,BK_7356,SC_572,C12,Regular,True,Booked,
ST_2946,BK_8955,SC_783,E19,Regular,True,Booked,
ST_2947,BK_1119,SC_344,B2,Regular,True,Booked,
ST_2948,BK_5719,SC_335,B11,Regular,True,Available,
ST_2949,,SC_239,B20,Regular,True,Available,
ST_2951,BK_1053,SC_413,A17,Premium,True,Available,
ST_2952,BK_1757,SC_845,D16,Premium,True,Booked,
ST_2954,BK_7226,SC_192,E20,Premium,True,Booked,
ST_2955,BK_6946,SC_617,E18,Regular,True,Booked,
ST_2956,BK_7313,SC_290,D14,Premium,True,Booked,
ST_2957,BK_2552,SC_374,B9,Premium,True,Booked,
ST_2958,,SC_248,E2,Regular,True,Booked,
ST_2959,BK_7761,SC_580,A2,Regular,True,Reserved,
ST_2960,BK_33,SC_706,B19,Regular,True,Booked,
ST_2961,,SC_787,B10,Regular,True,Available,
ST_2962,BK_4703,SC_638,E2,Regular,True,Booked,
ST_2963,BK_6499,SC_148,A13,Regular,True,Booked,
ST_2964,BK_2700,SC_783,B3,Premium,True,Booked,
ST_2965,BK_7958,SC_245,B15,Regular,True,Booked,
ST_2966,BK_1169,SC_982,E8,Regular,True,Available,
ST_2967,BK_7538,SC_509,A10,Regular,True,Reserved,
ST_2969,BK_7547,SC_296,D1,Premium,True,Booked,
ST_2972,BK_986,SC_664,A11,Regular,True,Reserved,
ST_2973,BK_8011,SC_138,E18,Premium,True,Booked,
ST_2974,BK_815,SC_171,D5,Premium,True,Booked,
ST_2975,BK_1285,SC_250,D11,Regular,True,Available,
ST_2976,BK_8179,SC_179,C12,Premium,True,Reserved,
ST_2977,BK_7013,SC_497,E3,Regular,True,Booked,
ST_2979,BK_6747,SC_829,B13,Regular,True,Booked,
ST_2980,BK_6755,SC_704,E10,Regular,True,Booked,
ST_2981,BK_6995,SC_275,D2,Premium,True,Booked,
ST_2982,,SC_920,D8,Premium,True,Booked,
ST_2983,BK_7193,SC_781,C14,Regular,True,Booked,
ST_2984,BK_267,SC_935,A14,Regular,True,Booked,
ST_2985,BK_8982,SC_594,D11,Regular,True,Booked,
ST_2986,,SC_701,D4,Regular,True,Booked,
ST_2987,,SC_781,C12,Regular,True,Booked,
ST_2988,BK_562,SC_952,E1,Regular,True,Reserved,
ST_2989,BK_3507,SC_259,C10,Premium,True,Available,
ST_2990,,SC_719,E4,Regular,True,Booked,
ST_2991,BK_5739,SC_602,B11,Premium,True,Booked,
ST_2992,,SC_186,B15,Regular,True,Booked,
ST_2993,BK_4066,SC_29,E16,Premium,True,Booked,
ST_2995,BK_5274,SC_575,B14,Regular,True,Booked,
ST_2996,BK_4262,SC_379,E1,Regular,True,Booked,
ST_2997,BK_147,SC_817,C16,Regular,True,Available,
ST_2998,BK_7993,SC_356,D1,Regular,True,Reserved,
ST_2999,BK_9293,SC_776,A2,Regular,True,Booked,
ST_3000,BK_6189,SC_346,A16,Regular,True,Booked,
ST_3001,BK_8931,SC_767,B14,Regular,True,Booked,
ST_3003,BK_5456,SC_43,D5,Regular,True,Booked,
ST_3004,BK_4637,SC_756,A9,Regular,True,Booked,
ST_3005,BK_9073,SC_258,D17,VIP,True,Reserved,
ST_3006,BK_345,SC_715,D11,Premium,True,Available,
ST_3007,BK_2442,SC_915,E8,Regular,True,Booked,
ST_3008,BK_1470,SC_512,D20,Premium,True,Reserved,
ST_3009,BK_5126,SC_741,A18,Regular,True,Booked,
ST_3010,,SC_678,B1,Regular,True,Booked,
ST_3011,BK_4517,SC_322,D4,Regular,True,Booked,
ST_3012,BK_5450,SC_202,A8,Regular,True,Booked,
ST_3013,BK_7922,SC_264,A19,Regular,True,Available,
ST_3014,BK_9517,SC_608,D15,Premium,True,Booked,
ST_3016,,SC_21,A20,Regular,True,Booked,
ST_3017,BK_8296,SC_821,C1,Regular,True,Booked,
ST_3018,,SC_720,E1,Premium,True,Available,
ST_3019,,SC_677,E15,Regular,True,Booked,
ST_3020,BK_185,SC_193,B3,Regular,True,Booked,
ST_3022,BK_6785,SC_858,D5,Regular,True,Booked,
ST_3023,BK_67,SC_817,B10,Regular,True,Available,
ST_3024,BK_3086,SC_567,A5,Regular,True,Booked,
ST_3025,BK_8629,SC_14,B17,Regular,True,Reserved,
ST_3026,BK_4343,SC_433,A8,Premium,True,Booked,
ST_3027,BK_3548,SC_891,A1,Regular,True,Reserved,
ST_3028,,SC_794,A1,Regular,True,Booked,
ST_3029,,SC_729,D3,VIP,True,Available,
ST_3030,BK_2379,SC_612,D17,Regular,True,Available,
ST_3031,BK_2337,SC_195,A6,Regular,True,Booked,
ST_3032,BK_9392,SC_376,A2,Regular,True,Available,
ST_3033,BK_3759,SC_450,A18,Regular,True,Available,
ST_3034,BK_1731,SC_778,E3,Regular,True,Booked,
ST_3035,BK_7522,SC_167,C1,VIP,True,Booked,
ST_3036,,SC_722,A3,Premium,True,Booked,
ST_3037,BK_5712,SC_804,A20,Regular,True,Booked,
ST_3038,BK_4266,SC_371,C13,Regular,True,Booked,
ST_3040,,SC_832,B2,Regular,True,Booked,
ST_3041,BK_2624,SC_754,C4,Regular,True,Booked,
ST_3042,BK_3144,SC_928,D7,Premium,True,Booked,
ST_3044,BK_7144,SC_688,D17,Regular,True,Available,
ST_3045,BK_2487,SC_950,C4,Regular,True,Reserved,
ST_3046,BK_6051,SC_905,D15,Regular,True,Booked,
ST_3047,,SC_32,D6,Premium,True,Booked,
ST_3048,BK_9494,SC_182,A9,Regular,True,Booked,
ST_3049,BK_6712,SC_221,B7,Regular,True,Available,
ST_3050,BK_5481,SC_754,A19,Premium,True,Available,
ST_3052,BK_6711,SC_285,C12,VIP,True,Reserved,
ST_3053,BK_5189,SC_881,B9,Regular,True,Booked,
ST_3054,,SC_641,D7,Regular,True,Booked,
ST_3055,BK_7725,SC_436,D11,Premium,True,Available,
ST_3056,BK_7380,SC_80,E4,Premium,True,Booked,
ST_3057,BK_9883,SC_819,B14,Premium,True,Booked,
ST_3058,BK_5266,SC_762,C12,Regular,True,Available,
ST_3059,,SC_347,D20,Regular,True,Reserved,
ST_3060,BK_3832,SC_481,D18,VIP,True,Booked,
ST_3061,BK_8097,SC_411,A2,Regular,True,Booked,
ST_3062,BK_7020,SC_714,D10,Regular,True,Booked,
ST_3063,BK_9646,SC_493,C3,Premium,True,Available,
ST_3064,BK_5598,SC_563,A11,Premium,True,Reserved,
ST_3065,BK_598,SC_157,C20,Premium,True,Reserved,
ST_3066,BK_3381,SC_257,D17,VIP,True,Booked,
ST_3067,BK_5678,SC_574,E1,Regular,True,Booked,
ST_3069,BK_6084,SC_523,A17,Premium,True,Booked,
ST_3070,BK_9242,SC_765,B20,Regular,True,Booked,
ST_3071,BK_3730,SC_180,C7,Regular,True,Reserved,
ST_3073,BK_8632,SC_381,D10,Premium,True,Reserved,
ST_3074,BK_920,SC_743,D6,Premium,True,Booked,
ST_3075,BK_7759,SC_483,D4,VIP,True,Available,
ST_3077,BK_746,SC_997,C20,Regular,True,Booked,
ST_3078,BK_4349,SC_753,E11,Regular,True,Booked,
ST_3079,BK_7734,SC_615,C1,VIP,True,Reserved,
ST_3081,BK_9393,SC_206,D2,Premium,True,Booked,
ST_3083,BK_3195,SC_180,A11,Regular,True,Booked,
ST_3084,BK_7078,SC_995,A9,VIP,True,Booked,
ST_3086,BK_5450,SC_18,A15,Premium,True,Booked,
ST_3088,,SC_672,D7,Regular,True,Booked,
ST_3090,BK_2740,SC_260,C17,Regular,True,Available,
ST_3091,BK_546,SC_701,E8,Regular,True,Reserved,
ST_3092,BK_7131,SC_992,B17,Regular,True,Booked,
ST_3093,BK_3941,SC_336,C4,Regular,True,Reserved,
ST_3094,BK_6613,SC_436,E2,Regular,True,Reserved,
ST_3095,BK_5480,SC_726,A9,Regular,True,Booked,
ST_3096,,SC_150,E6,Premium,True,Available,
ST_3097,BK_2080,SC_468,C6,Regular,True,Booked,
ST_3098,BK_773,SC_712,D15,Premium,True,Reserved,
ST_3099,,SC_586,C11,Regular,True,Booked,
ST_3100,,SC_68,D14,Regular,True,Booked,
ST_3101,BK_8456,SC_48,E18,Premium,True,Booked,
ST_3102,BK_8703,SC_549,B4,Premium,True,Booked,
ST_3103,BK_9062,SC_278,C14,Regular,True,Booked,
ST_3104,BK_951,SC_362,B18,Premium,True,Booked,
ST_3105,,SC_222,B15,Regular,True,Booked,
ST_3106,,SC_372,E13,Premium,True,Booked,
ST_3107,,SC_949,E17,Regular,True,Booked,
ST_3109,BK_7290,SC_654,B7,Premium,True,Booked,
ST_3111,BK_9343,SC_145,C19,VIP,True,Booked,
ST_3112,BK_4340,SC_323,B7,Regular,True,Booked,
ST_3113,BK_712,SC_265,E7,Premium,True,Booked,
ST_3115,BK_995,SC_629,B6,Regular,True,Available,
ST_3116,BK_7418,SC_369,B8,Regular,True,Booked,
ST_3117,BK_8541,SC_523,A12,Regular,True,Booked,
ST_3118,BK_4254,SC_13,C7,Regular,True,Available,
ST_3119,BK_4933,SC_296,B3,Regular,True,Booked,
ST_3120,,SC_101,B17,Regular,True,Booked,
ST_3121,BK_5711,SC_480,C1,Regular,True,Booked,
ST_3122,BK_2402,SC_241,D10,Premium,True,Booked,
ST_3123,,SC_301,E8,Regular,True,Booked,
ST_3124,BK_2307,SC_466,D19,Regular,True,Booked,
ST_3125,BK_5751,SC_979,B13,VIP,True,Booked,
ST_3126,BK_7746,SC_255,A15,Premium,True,Booked,
ST_3127,BK_8001,SC_562,B5,Regular,True,Booked,
ST_3129,BK_3644,SC_173,E11,Regular,True,Available,
ST_3131,BK_7235,SC_896,A16,Regular,True,Booked,
ST_3132,BK_6527,SC_632,B10,Regular,True,Available,
ST_3133,,SC_84,D16,Premium,True,Booked,
ST_3134,BK_7970,SC_480,E6,Regular,True,Booked,
ST_3135,BK_448,SC_990,A15,Regular,True,Available,
ST_3136,BK_7378,SC_707,C17,Regular,True,Booked,
ST_3137,BK_6581,SC_874,D2,Regular,True,Booked,
ST_3138,BK_2852,SC_400,A2,Premium,True,Available,
ST_3139,BK_4844,SC_98,D9,Regular,True,Available,
ST_3140,BK_9770,SC_252,B20,Regular,True,Available,
ST_3141,BK_2484,SC_339,A3,Premium,True,Booked,
ST_3142,,SC_400,A12,Regular,True,Reserved,
ST_3143,BK_2272,SC_192,C4,Regular,True,Available,
ST_3144,BK_2459,SC_331,A13,Regular,True,Booked,
ST_3145,BK_4670,SC_900,B15,Regular,True,Booked,
ST_3146,BK_7411,SC_743,A4,Regular,True,Booked,
ST_3147,,SC_389,C14,Regular,True,Booked,
ST_3148,,SC_939,D1,Premium,True,Booked,
ST_3149,BK_1784,SC_946,E15,Regular,True,Reserved,
ST_3150,BK_4321,SC_264,D1,Regular,True,Booked,
ST_3151,BK_4115,SC_146,A11,Premium,True,Booked,
ST_3153,BK_2357,SC_256,A2,Regular,True,Reserved,
ST_3154,,SC_302,D15,Premium,True,Reserved,
ST_3155,BK_7196,SC_768,D1,Premium,True,Booked,
ST_3156,BK_2466,SC_352,C15,Premium,True,Booked,
ST_3157,BK_3265,SC_1,C6,Regular,True,Available,
ST_3158,BK_8824,SC_175,A10,Regular,True,Booked,
ST_3159,BK_944,SC_875,D17,Regular,True,Booked,
ST_3160,,SC_793,E12,Regular,True,Booked,
ST_3162,BK_965,SC_234,D17,Regular,True,Reserved,
ST_3163,BK_3005,SC_31,A9,Regular,True,Reserved,
ST_3164,BK_6172,SC_676,E13,Premium,True,Booked,
ST_3165,BK_427,SC_248,D11,Premium,True,Booked,
ST_3166,BK_1139,SC_50,C15,Regular,True,Booked,
ST_3169,BK_796,SC_104,D15,Regular,True,Booked,
ST_3172,BK_6759,SC_941,E1,Regular,True,Booked,
ST_3173,BK_3223,SC_308,C16,Regular,True,Booked,
ST_3174,BK_4488,SC_544,A20,Regular,True,Booked,
ST_3175,,SC_935,E3,Premium,True,Booked,
ST_3176,BK_3758,SC_721,D14,Regular,True,Booked,
ST_3177,BK_3710,SC_66,B12,Regular,True,Booked,
ST_3178,,SC_823,C15,VIP,True,Booked,
ST_3180,,SC_665,D10,Regular,True,Available,
ST_3181,BK_7193,SC_16,C6,Regular,True,Booked,
ST_3182,BK_8110,SC_998,D13,Premium,True,Booked,
ST_3183,,SC_873,D12,Regular,True,Booked,
ST_3184,BK_9913,SC_527,E20,Premium,True,Booked,
ST_3186,BK_4355,SC_65,C5,Regular,True,Booked,
ST_3188,BK_9413,SC_512,A8,Regular,True,Booked,
ST_3189,BK_9197,SC_27,B19,VIP,True,Booked,
ST_3191,BK_9485,SC_151,D19,Regular,True,Booked,
ST_3192,,SC_620,E5,Regular,True,Reserved,
ST_3194,BK_8809,SC_756,A10,Regular,True,Available,
ST_3195,BK_5250,SC_592,C8,Premium,True,Reserved,
ST_3196,BK_6900,SC_898,E5,Premium,True,Available,
ST_3197,BK_8542,SC_491,B14,VIP,True,Reserved,
ST_3198,BK_899,SC_725,C12,Premium,True,Available,
ST_3199,,SC_625,B15,Regular,True,Booked,
ST_3200,BK_9730,SC_643,B16,Regular,True,Booked,
ST_3201,BK_4576,SC_167,D1,VIP,True,Available,
ST_3202,,SC_89,E17,Regular,True,Booked,
ST_3203,BK_6886,SC_777,E16,Regular,True,Booked,
ST_3204,,SC_506,E12,Regular,True,Booked,
ST_3205,BK_9963,SC_162,E13,Premium,True,Booked,
ST_3206,BK_8517,SC_168,B13,Premium,True,Booked,
ST_3207,BK_7098,SC_255,D17,Regular,True,Booked,
ST_3208,BK_1712,SC_302,A17,Regular,True,Booked,
ST_3209,BK_6913,SC_400,A8,Regular,True,Available,
ST_3210,BK_6626,SC_177,D3,VIP,True,Booked,
ST_3211,BK_2882,SC_711,E12,Premium,True,Booked,
ST_3213,BK_234,SC_847,C5,Premium,True,Available,
ST_3214,BK_9196,SC_26,A2,Regular,True,Booked,
ST_3215,BK_3906,SC_744,B12,Regular,True,Available,
ST_3216,BK_5194,SC_699,B17,Regular,True,Available,
ST_3217,BK_3556,SC_305,E14,Regular,True,Booked,
ST_3218,,SC_237,B20,Regular,True,Booked,
ST_3219,BK_8652,SC_623,C2,Premium,True,Booked,
ST_3220,BK_2066,SC_14,E3,Premium,True,Reserved,
ST_3221,BK_8058,SC_97,E5,Regular,True,Available,
ST_3223,,SC_726,C7,Regular,True,Booked,
ST_3225,BK_9338,SC_472,C7,VIP,True,Booked,
ST_3226,BK_3613,SC_298,D1,VIP,True,Booked,
ST_3227,BK_3657,SC_384,B11,Premium,True,Booked,
ST_3228,BK_575,SC_918,A19,Premium,True,Booked,
ST_3229,BK_9097,SC_994,B1,Regular,True,Booked,
ST_3230,BK_9898,SC_546,C5,Premium,True,Booked,
ST_3233,,SC_62,C5,Regular,True,Booked,
ST_3234,,SC_707,E1,Regular,True,Reserved,
ST_3235,,SC_39,A12,Regular,True,Available,
ST_3236,BK_8628,SC_968,C13,Premium,True,Booked,
ST_3237,BK_1779,SC_246,E17,Premium,True,Booked,
ST_3238,BK_3901,SC_515,D20,Regular,True,Available,
ST_3239,,SC_20,A1,Premium,True,Booked,
ST_3240,BK_6749,SC_867,B17,Regular,True,Booked,
ST_3241,,SC_726,B16,Regular,True,Booked,
ST_3242,BK_169,SC_55,E15,Regular,True,Booked,
ST_3243,BK_9748,SC_415,A3,Premium,True,Available,
ST_3244,BK_7913,SC_345,B18,VIP,True,Booked,
ST_3245,,SC_562,E13,Premium,True,Booked,
ST_3246,,SC_357,A17,Premium,True,Available,
ST_3247,BK_8646,SC_939,D2,Regular,True,Reserved,
ST_3248,BK_6822,SC_52,B20,Regular,True,Available,
ST_3249,BK_5702,SC_676,B20,VIP,True,Booked,
ST_3250,BK_5466,SC_990,E3,Premium,True,Booked,
ST_3251,BK_3729,SC_607,A9,VIP,True,Booked,
ST_3253,BK_3328,SC_813,B12,Premium,True,Reserved,
ST_3254,BK_9219,SC_245,A6,VIP,True,Reserved,
ST_3255,BK_5431,SC_855,E1,Regular,True,Booked,
ST_3256,BK_4213,SC_998,A3,Regular,True,Reserved,
ST_3257,BK_7063,SC_28,B17,Regular,True,Reserved,
ST_3259,BK_1564,SC_799,D13,Regular,True,Booked,
ST_3260,BK_1509,SC_560,B15,Premium,True,Booked,
ST_3262,BK_9650,SC_48,C1,Premium,True,Booked,
ST_3263,,SC_504,E9,Regular,True,Booked,
ST_3264,,SC_919,E2,Regular,True,Available,
ST_3265,,SC_675,C12,Premium,True,Booked,
ST_3267,BK_3249,SC_575,B10,VIP,True,Available,
ST_3270,BK_776,SC_981,B14,Regular,True,Available,
ST_3272,BK_5479,SC_58,A3,Regular,True,Available,
ST_3273,BK_2895,SC_772,D18,Regular,True,Available,
ST_3274,,SC_798,A3,Premium,True,Available,
ST_3275,,SC_905,E2,Premium,True,Booked,
ST_3276,BK_2931,SC_548,A17,Regular,True,Booked,
ST_3277,BK_5716,SC_294,D11,Regular,True,Booked,
ST_3278,BK_3899,SC_865,E17,Premium,True,Available,
ST_3279,BK_1807,SC_545,D3,Regular,True,Booked,
ST_3280,BK_8362,SC_399,C4,VIP,True,Available,
ST_3281,BK_133,SC_99,A18,Regular,True,Booked,
ST_3282,BK_6183,SC_594,B12,Regular,True,Available,
ST_3283,,SC_571,C10,Premium,True,Booked,
ST_3284,,SC_574,B17,Regular,True,Booked,
ST_3285,BK_2925,SC_200,C20,Regular,True,Booked,
ST_3286,,SC_985,D5,Regular,True,Available,
ST_3287,,SC_213,C15,Regular,True,Booked,
ST_3288,BK_9945,SC_994,C6,Regular,True,Booked,
ST_3289,BK_3513,SC_517,C16,Premium,True,Reserved,
ST_3290,BK_5063,SC_904,E18,Regular,True,Booked,
ST_3291,BK_8747,SC_33,B15,Regular,True,Booked,
ST_3292,,SC_54,E5,Premium,True,Reserved,
ST_3293,,SC_487,E8,Regular,True,Booked,
ST_3294,BK_6747,SC_683,B3,Regular,True,Booked,
ST_3295,BK_6705,SC_942,B15,Regular,True,Booked,
ST_3296,BK_2610,SC_27,E20,Premium,True,Reserved,
ST_3297,BK_7109,SC_677,A11,Regular,True,Booked,
ST_3298,BK_7117,SC_700,E13,Premium,True,Booked,
ST_3299,BK_4649,SC_976,B5,Premium,True,Available,
ST_3300,,SC_6,E8,Regular,True,Booked,
ST_3301,BK_9975,SC_244,A19,Regular,True,Booked,
ST_3302,BK_6842,SC_384,B4,Premium,True,Booked,
ST_3303,BK_4274,SC_2,B14,Premium,True,Booked,
ST_3304,BK_7877,SC_430,D15,Premium,True,Booked,
ST_3305,BK_4282,SC_728,C19,VIP,True,Booked,
ST_3306,BK_4940,SC_615,A9,Regular,True,Reserved,
ST_3308,BK_8819,SC_464,A1,Premium,True,Booked,
ST_3310,BK_5271,SC_128,C11,Regular,True,Available,
ST_3311,BK_4930,SC_217,D3,Premium,True,Booked,
ST_3312,BK_3204,SC_413,B5,Premium,True,Booked,
ST_3313,BK_4546,SC_523,B20,Regular,True,Booked,
ST_3314,BK_1986,SC_894,D1,Regular,True,Booked,
ST_3317,,SC_259,D17,Premium,True,Booked,
ST_3318,BK_7263,SC_83,D4,Regular,True,Reserved,
ST_3319,BK_4374,SC_466,C9,Regular,True,Available,
ST_3320,BK_180,SC_197,A9,Regular,True,Booked,
ST_3321,BK_6327,SC_41,A17,VIP,True,Booked,
ST_3322,BK_6144,SC_68,D8,Premium,True,Booked,
ST_3323,,SC_685,A16,Premium,True,Available,
ST_3324,BK_8564,SC_889,D20,Regular,True,Available,
ST_3327,BK_5268,SC_428,E2,Regular,True,Booked,
ST_3328,BK_2765,SC_441,C1,Regular,True,Available,
ST_3329,BK_7551,SC_90,D19,Premium,True,Booked,
ST_3330,BK_1349,SC_703,A7,Regular,True,Available,
ST_3331,BK_9481,SC_325,E18,Regular,True,Booked,
ST_3332,BK_5215,SC_274,E3,Premium,True,Available,
ST_3333,BK_9241,SC_922,D18,Premium,True,Available,
ST_3334,BK_346,SC_218,A4,Regular,True,Booked,
ST_3335,BK_204,SC_306,E3,Regular,True,Booked,
ST_3336,BK_9011,SC_793,A2,Regular,True,Booked,
ST_3337,BK_9241,SC_207,A6,Regular,True,Available,
ST_3338,,SC_72,E4,Regular,True,Booked,
ST_3339,BK_3895,SC_253,D4,Premium,True,Booked,
ST_3341,BK_392,SC_622,B14,Premium,True,Available,
ST_3343,BK_3175,SC_54,E7,Regular,True,Booked,
ST_3344,BK_5438,SC_495,A1,Regular,True,Booked,
ST_3346,BK_9487,SC_303,E15,Premium,True,Available,
ST_3347,BK_912,SC_895,D15,Regular,True,Available,
ST_3348,BK_6487,SC_551,E15,Regular,True,Booked,
ST_3349,BK_8831,SC_895,D9,Premium,True,Available,
ST_3350,BK_2353,SC_828,A9,Regular,True,Booked,
ST_3351,BK_8589,SC_121,E18,Premium,True,Booked,
ST_3352,BK_560,SC_51,E8,Premium,True,Available,
ST_3353,BK_9419,SC_469,C1,Premium,True,Booked,
ST_3354,BK_9649,SC_227,D5,Regular,True,Booked,
ST_3355,,SC_6,C3,Regular,True,Booked,
ST_3356,BK_2370,SC_981,B8,Regular,True,Booked,
ST_3357,,SC_813,D4,Regular,True,Booked,
ST_3358,,SC_24,B4,Regular,True,Booked,
ST_3359,BK_2940,SC_342,D8,Regular,True,Booked,
ST_3360,,SC_27,D18,Regular,True,Available,
ST_3361,BK_8821,SC_523,A6,Regular,True,Reserved,
ST_3362,BK_7542,SC_112,A20,Regular,True,Booked,
ST_3363,BK_2363,SC_5,E7,Premium,True,Booked,
ST_3364,,SC_95,D16,VIP,True,Booked,
ST_3365,,SC_299,A17,VIP,True,Booked,
ST_3367,BK_6970,SC_464,D17,Regular,True,Booked,
ST_3368,BK_1752,SC_896,C8,VIP,True,Booked,
ST_3369,BK_8321,SC_411,D20,Regular,True,Booked,
ST_3371,,SC_603,E6,Regular,True,Booked,
ST_3372,,SC_517,E13,Premium,True,Available,
ST_3373,BK_4160,SC_912,B5,Regular,True,Booked,
ST_3374,BK_4099,SC_588,E1,Regular,True,Available,
ST_3376,BK_2219,SC_952,A20,VIP,True,Booked,
ST_3378,BK_4865,SC_222,C5,Premium,True,Booked,
ST_3379,,SC_424,D10,Premium,True,Booked,
ST_3380,BK_27,SC_581,B17,Premium,True,Booked,
ST_3381,BK_942,SC_641,D19,Regular,True,Booked,
ST_3382,BK_3759,SC_931,D8,Regular,True,Booked,
ST_3383,BK_8029,SC_62,B1,Regular,True,Booked,
ST_3384,BK_1705,SC_5,D11,Regular,True,Reserved,
ST_3385,BK_2624,SC_978,A5,Regular,True,Booked,
ST_3386,,SC_823,B13,Regular,True,Booked,
ST_3387,,SC_742,A14,Regular,True,Booked,
ST_3388,BK_9533,SC_43,C15,Regular,True,Booked,
ST_3389,BK_4975,SC_216,D2,Premium,True,Reserved,
ST_3390,BK_9565,SC_421,D5,Regular,True,Reserved,
ST_3391,BK_1414,SC_384,B1,Regular,True,Booked,
ST_3393,BK_443,SC_545,A10,Regular,True,Reserved,
ST_3394,BK_4401,SC_171,D11,Premium,True,Booked,
ST_3395,BK_7499,SC_5,E18,Regular,True,Reserved,
ST_3396,BK_9026,SC_30,A15,Regular,True,Booked,
ST_3397,BK_3765,SC_508,A12,Regular,True,Available,
ST_3398,BK_7634,SC_150,C20,VIP,True,Booked,
ST_3399,BK_9960,SC_362,D14,Regular,True,Booked,
ST_3400,BK_3358,SC_42,D8,Regular,True,Booked,
ST_3401,BK_6710,SC_209,E7,Regular,True,Booked,
ST_3404,BK_723,SC_730,B6,Premium,True,Booked,
ST_3405,BK_7367,SC_942,D7,Regular,True,Booked,
ST_3406,BK_2131,SC_389,E3,Regular,True,Booked,
ST_3407,BK_6082,SC_144,B2,Regular,True,Booked,
ST_3408,BK_829,SC_262,B6,Regular,True,Booked,
ST_3409,BK_8098,SC_515,B17,Regular,True,Booked,
ST_3410,BK_8582,SC_393,A16,Premium,True,Reserved,
ST_3411,BK_6978,SC_285,C7,Regular,True,Booked,
ST_3412,BK_501,SC_849,D8,Regular,True,Booked,
ST_3413,BK_3497,SC_939,E7,Regular,True,Booked,
ST_3414,,SC_437,C6,Premium,True,Booked,
ST_3416,BK_7038,SC_582,B5,Regular,True,Booked,
ST_3417,BK_5804,SC_625,A7,Regular,True,Reserved,
ST_3420,BK_992,SC_198,C2,Regular,True,Booked,
ST_3421,,SC_578,A15,Premium,True,Booked,
ST_3422,,SC_203,D18,Premium,True,Booked,
ST_3423,BK_6124,SC_579,C15,Premium,True,Available,
ST_3425,BK_2647,SC_96,D11,Regular,True,Booked,
ST_3426,BK_2729,SC_512,C17,Regular,True,Booked,
ST_3427,BK_7817,SC_816,C11,Regular,True,Booked,
ST_3428,BK_7203,SC_814,B8,Regular,True,Available,
ST_3429,BK_3303,SC_529,C18,Regular,True,Available,
ST_3430,BK_2080,SC_39,C1,Regular,True,Booked,
ST_3431,BK_3562,SC_716,D2,Regular,True,Booked,
ST_3432,BK_2653,SC_847,B14,Regular,True,Booked,
ST_3433,BK_8102,SC_910,E14,Regular,True,Reserved,
ST_3435,BK_6693,SC_922,E5,Regular,True,Reserved,
ST_3436,BK_7185,SC_660,D16,Premium,True,Booked,
ST_3437,BK_1043,SC_75,B16,Regular,True,Available,
ST_3438,BK_4419,SC_606,D14,VIP,True,Booked,
ST_3439,BK_7515,SC_547,B18,Regular,True,Reserved,
ST_3440,BK_619,SC_536,A17,Regular,True,Booked,
ST_3441,,SC_293,C15,Regular,True,Booked,
ST_3442,BK_3261,SC_918,D8,Premium,True,Available,
ST_3443,BK_2925,SC_170,D6,Regular,True,Booked,
ST_3444,,SC_892,C18,Premium,True,Reserved,
ST_3445,BK_3559,SC_469,A2,Regular,True,Available,
ST_3446,BK_7008,SC_623,D20,Regular,True,Booked,
ST_3447,BK_5453,SC_675,C14,Premium,True,Available,
ST_3448,BK_6103,SC_722,E18,Regular,True,Booked,
ST_3449,BK_6211,SC_796,E7,Regular,True,Available,
ST_3450,BK_8410,SC_85,C12,Premium,True,Booked,
ST_3451,BK_4347,SC_436,C1,Premium,True,Booked,
ST_3452,BK_5222,SC_900,D14,Regular,True,Available,
ST_3454,BK_3495,SC_133,E6,Premium,True,Booked,
ST_3455,BK_4270,SC_343,A17,Regular,True,Booked,
ST_3456,BK_3317,SC_382,B20,Premium,True,Available,
ST_3457,BK_8008,SC_637,C20,Regular,True,Booked,
ST_3458,BK_8254,SC_656,E7,Premium,True,Booked,
ST_3459,BK_2513,SC_800,B11,VIP,True,Available,
ST_3460,BK_681,SC_144,C18,Regular,True,Booked,
ST_3462,BK_3753,SC_396,E7,Regular,True,Booked,
ST_3463,,SC_5,D1,Regular,True,Booked,
ST_3464,BK_1814,SC_898,D11,Regular,True,Booked,
ST_3465,BK_5599,SC_638,C18,Regular,True,Available,
ST_3466,BK_3656,SC_137,A19,Regular,True,Booked,
ST_3467,,SC_899,D2,VIP,True,Booked,
ST_3468,,SC_722,C4,Regular,True,Booked,
ST_3469,BK_9102,SC_184,D16,Premium,True,Available,
ST_3470,BK_597,SC_538,A1,VIP,True,Booked,
ST_3471,BK_8676,SC_677,C16,Premium,True,Available,
ST_3472,BK_3005,SC_262,E15,Regular,True,Booked,
ST_3474,BK_6650,SC_216,D19,Regular,True,Booked,
ST_3475,BK_1545,SC_679,A10,Regular,True,Booked,
ST_3476,,SC_230,A3,Premium,True,Booked,
ST_3477,BK_1910,SC_915,B2,VIP,True,Available,
ST_3478,BK_2467,SC_690,D20,Regular,True,Booked,
ST_3479,BK_1028,SC_419,A15,Premium,True,Available,
ST_3480,BK_6671,SC_392,D9,Regular,True,Booked,
ST_3481,BK_6934,SC_499,C14,Premium,True,Booked,
ST_3482,BK_6901,SC_972,D13,Regular,True,Booked,
ST_3483,BK_6143,SC_931,E4,Premium,True,Booked,
ST_3484,BK_7407,SC_846,B12,Premium,True,Booked,
ST_3486,BK_5301,SC_803,B16,Premium,True,Available,
ST_3487,,SC_138,E12,VIP,True,Booked,
ST_3488,BK_9601,SC_637,E14,VIP,True,Available,
ST_3490,BK_9103,SC_110,B20,VIP,True,Reserved,
ST_3491,BK_7310,SC_485,E5,Regular,True,Booked,
ST_3492,BK_9436,SC_50,A18,Premium,True,Booked,
ST_3493,,SC_985,E5,Premium,True,Booked,
ST_3494,,SC_748,D17,Premium,True,Available,
ST_3495,BK_5266,SC_625,E3,Regular,True,Available,
ST_3497,BK_7918,SC_378,A18,Regular,True,Reserved,
ST_3498,BK_1157,SC_462,C10,Regular,True,Booked,
ST_3499,,SC_934,D14,Regular,True,Available,
ST_3500,,SC_400,B19,Regular,True,Booked,
ST_3501,,SC_867,E13,Regular,True,Booked,
ST_3502,BK_8349,SC_633,A18,VIP,True,Booked,
ST_3504,BK_5799,SC_916,A11,Regular,True,Available,
ST_3506,BK_2177,SC_57,D19,Regular,True,Booked,
ST_3507,BK_6192,SC_597,D8,Premium,True,Booked,
ST_3509,BK_2225,SC_252,B17,Premium,True,Booked,
ST_3510,BK_7198,SC_142,C6,Regular,True,Booked,
ST_3511,,SC_394,C12,Regular,True,Booked,
ST_3513,,SC_532,E15,Regular,True,Reserved,
ST_3514,BK_3440,SC_480,D16,Regular,True,Booked,
ST_3515,BK_8648,SC_465,D2,Regular,True,Booked,
ST_3516,,SC_578,E1,Regular,True,Booked,
ST_3517,BK_1054,SC_155,A11,Regular,True,Booked,
ST_3518,BK_4454,SC_436,C16,Premium,True,Booked,
ST_3519,BK_6875,SC_926,A8,Regular,True,Reserved,
ST_3520,BK_5222,SC_995,E16,VIP,True,Available,
ST_3521,BK_4627,SC_969,A12,Regular,True,Reserved,
ST_3522,,SC_272,D14,Premium,True,Booked,
ST_3523,BK_2687,SC_302,D20,Premium,True,Booked,
ST_3524,BK_3599,SC_297,E4,Premium,True,Booked,
ST_3525,BK_7520,SC_528,B15,Premium,True,Booked,
ST_3526,,SC_169,C20,Premium,True,Available,
ST_3527,BK_4365,SC_474,B10,Regular,True,Booked,
ST_3528,,SC_828,E15,Regular,True,Booked,
ST_3529,BK_2305,SC_544,D12,Premium,True,Booked,
ST_3530,,SC_538,D12,Regular,True,Reserved,
ST_3531,,SC_395,A15,Premium,True,Booked,
ST_3532,BK_7944,SC_922,C2,Regular,True,Booked,
ST_3533,BK_7168,SC_216,C10,Regular,True,Available,
ST_3534,BK_8798,SC_533,C5,Regular,True,Booked,
ST_3535,,SC_989,B18,Premium,True,Reserved,
ST_3536,BK_7088,SC_177,D6,Premium,True,Booked,
ST_3537,BK_3429,SC_652,C3,Premium,True,Booked,
ST_3538,,SC_68,C19,Regular,True,Booked,
ST_3539,BK_9943,SC_908,C4,Premium,True,Booked,
ST_3540,BK_1342,SC_70,A14,Regular,True,Booked,
ST_3541,BK_9134,SC_594,C15,Regular,True,Booked,
ST_3542,BK_6473,SC_773,E18,Regular,True,Available,
ST_3544,BK_7884,SC_11,C9,Regular,True,Booked,
ST_3545,BK_3639,SC_721,E4,Regular,True,Booked,
ST_3546,,SC_604,A11,Regular,True,Booked,
ST_3547,BK_9165,SC_613,B1,Regular,True,Booked,
ST_3548,BK_7011,SC_749,C17,Regular,True,Booked,
ST_3549,BK_831,SC_143,C14,Premium,True,Booked,
ST_3550,BK_1878,SC_45,B18,Premium,True,Booked,
ST_3551,BK_5061,SC_330,D4,Regular,True,Reserved,
ST_3552,BK_1177,SC_763,C15,Regular,True,Booked,
ST_3553,BK_2228,SC_183,C13,Regular,True,Booked,
ST_3554,BK_1345,SC_69,E3,Premium,True,Booked,
ST_3555,BK_93,SC_496,C4,Premium,True,Booked,
ST_3556,,SC_755,B1,Regular,True,Booked,
ST_3557,BK_5195,SC_351,E12,Premium,True,Available,
ST_3558,BK_8698,SC_781,B5,Premium,True,Reserved,
ST_3559,BK_6766,SC_45,E14,VIP,True,Booked,
ST_3560,BK_713,SC_808,B19,Regular,True,Booked,
ST_3561,BK_4033,SC_50,B8,VIP,True,Booked,
ST_3562,BK_7537,SC_687,C6,Regular,True,Booked,
ST_3563,BK_505,SC_151,B8,Premium,True,Booked,
ST_3564,BK_6322,SC_900,D7,VIP,True,Available,
ST_3565,BK_7963,SC_285,A8,Regular,True,Booked,
ST_3566,BK_5804,SC_616,D4,Regular,True,Booked,
ST_3567,BK_1613,SC_63,A12,Premium,True,Booked,
ST_3568,BK_2349,SC_122,B6,VIP,True,Booked,
ST_3569,BK_7045,SC_433,D6,Premium,True,Available,
ST_3570,BK_9181,SC_46,D2,Regular,True,Booked,
ST_3571,BK_3656,SC_242,A8,Regular,True,Booked,
ST_3572,BK_9584,SC_501,E8,Regular,True,Available,
ST_3573,BK_2272,SC_192,B15,Regular,True,Booked,
ST_3574,BK_1847,SC_863,B15,Premium,True,Booked,
ST_3575,BK_5904,SC_872,D11,Regular,True,Booked,
ST_3577,BK_436,SC_939,E20,Premium,True,Booked,
ST_3578,BK_8314,SC_193,D17,Premium,True,Booked,
ST_3579,BK_26,SC_219,D4,Premium,True,Booked,
ST_3580,BK_1540,SC_337,D6,Regular,True,Available,
ST_3581,BK_2298,SC_61,E15,Regular,True,Booked,
ST_3582,BK_3690,SC_667,A1,Premium,True,Booked,
ST_3583,BK_3835,SC_901,C18,Regular,True,Booked,
ST_3584,BK_5331,SC_361,A2,Regular,True,Booked,
ST_3585,BK_1644,SC_871,D5,Regular,True,Booked,
ST_3586,BK_7114,SC_501,A20,Premium,True,Booked,
ST_3587,BK_2437,SC_887,E20,Regular,True,Booked,
ST_3589,,SC_657,D3,VIP,True,Booked,
ST_3590,BK_7801,SC_650,E18,Regular,True,Booked,
ST_3591,,SC_233,E20,Regular,True,Available,
ST_3593,BK_6381,SC_485,A10,Regular,True,Available,
ST_3594,BK_8221,SC_145,D18,Regular,True,Booked,
ST_3595,BK_4540,SC_903,C6,Regular,True,Booked,
ST_3596,BK_1556,SC_345,B20,Regular,True,Booked,
ST_3597,BK_627,SC_196,C20,Regular,True,Booked,
ST_3599,BK_4887,SC_330,B5,Regular,True,Booked,
ST_3600,BK_8706,SC_610,C14,Regular,True,Booked,
ST_3601,BK_5512,SC_795,D3,Regular,True,Booked,
ST_3602,BK_9832,SC_262,A20,Premium,True,Booked,
ST_3603,BK_4971,SC_973,E2,Regular,True,Booked,
ST_3604,,SC_190,A2,Premium,True,Reserved,
ST_3605,BK_2124,SC_527,A6,VIP,True,Booked,
ST_3606,BK_433,SC_912,C7,Premium,True,Booked,
ST_3607,BK_6401,SC_715,C5,Regular,True,Reserved,
ST_3608,BK_8988,SC_240,B18,Premium,True,Booked,
ST_3609,BK_7356,SC_51,A10,VIP,True,Available,
ST_3611,BK_4557,SC_663,C6,Regular,True,Booked,
ST_3612,BK_8132,SC_226,B11,VIP,True,Reserved,
ST_3613,BK_8175,SC_68,A9,Premium,True,Booked,
ST_3614,BK_1869,SC_1,D11,Premium,True,Booked,
ST_3615,,SC_314,C9,Regular,True,Booked,
ST_3616,BK_8278,SC_327,E18,Regular,True,Booked,
ST_3617,BK_8202,SC_627,A8,VIP,True,Booked,
ST_3618,BK_844,SC_59,C17,Premium,True,Available,
ST_3619,BK_5403,SC_941,D9,Premium,True,Available,
ST_3620,,SC_350,A19,Regular,True,Booked,
ST_3621,BK_4844,SC_821,C6,VIP,True,Booked,
ST_3622,BK_7947,SC_297,A3,Regular,True,Booked,
ST_3623,BK_8602,SC_592,D11,Regular,True,Available,
ST_3624,BK_7343,SC_662,C18,VIP,True,Booked,
ST_3625,BK_7096,SC_206,A14,Premium,True,Booked,
ST_3626,BK_2474,SC_633,A8,Premium,True,Booked,
ST_3627,BK_1492,SC_353,D5,Premium,True,Reserved,
ST_3628,,SC_435,D1,Regular,True,Reserved,
ST_3629,BK_1807,SC_428,D7,Regular,True,Available,
ST_3630,BK_830,SC_614,C3,VIP,True,Available,
ST_3632,BK_2495,SC_287,E10,Premium,True,Booked,
ST_3635,BK_8362,SC_83,C8,Regular,True,Booked,
ST_3636,BK_8414,SC_295,E5,Regular,True,Booked,
ST_3637,BK_3495,SC_255,C15,Regular,True,Available,
ST_3638,BK_7316,SC_903,D2,Regular,True,Available,
ST_3639,BK_8608,SC_976,A2,Regular,True,Booked,
ST_3640,BK_9482,SC_61,E9,Regular,True,Booked,
ST_3641,BK_4845,SC_582,D5,Regular,True,Available,
ST_3642,BK_4315,SC_118,D4,Premium,True,Available,
ST_3643,BK_6324,SC_315,A9,Premium,True,Booked,
ST_3644,BK_8588,SC_276,E6,Premium,True,Booked,
ST_3645,BK_1894,SC_640,B9,Regular,True,Reserved,
ST_3646,BK_8583,SC_796,D15,VIP,True,Booked,
ST_3647,,SC_985,E8,VIP,True,Booked,
ST_3648,BK_4699,SC_141,A20,Regular,True,Booked,
ST_3649,BK_5343,SC_930,C19,Regular,True,Booked,
ST_3650,BK_6896,SC_990,C18,Premium,True,Booked,
ST_3652,BK_8797,SC_634,E13,Regular,True,Booked,
ST_3654,BK_6770,SC_145,A9,Regular,True,Booked,
ST_3655,BK_2628,SC_11,C12,Regular,True,Booked,
ST_3656,BK_2641,SC_62,D18,Regular,True,Booked,
ST_3657,BK_6931,SC_773,A7,VIP,True,Available,
ST_3659,BK_5749,SC_836,A7,Premium,True,Booked,
ST_3660,,SC_961,C18,Regular,True,Booked,
ST_3661,,SC_2,E12,Regular,True,Booked,
ST_3662,BK_8569,SC_608,E6,Premium,True,Available,
ST_3664,,SC_292,A2,Regular,True,Reserved,
ST_3665,,SC_777,C6,Regular,True,Available,
ST_3666,BK_8311,SC_536,E4,Premium,True,Booked,
ST_3667,,SC_350,C14,Regular,True,Booked,
ST_3668,BK_9443,SC_175,A1,Regular,True,Booked,
ST_3669,BK_8184,SC_295,C18,Premium,True,Reserved,
ST_3670,BK_6028,SC_904,C18,Regular,True,Booked,
ST_3672,BK_9476,SC_359,B12,Regular,True,Booked,
ST_3673,BK_5882,SC_10,A12,Premium,True,Booked,
ST_3674,BK_6822,SC_824,B7,Regular,True,Reserved,
ST_3675,BK_5171,SC_621,B4,Regular,True,Reserved,
ST_3676,BK_9751,SC_709,D16,Regular,True,Reserved,
ST_3677,BK_4336,SC_874,B7,Premium,True,Booked,
ST_3678,BK_7520,SC_794,D11,Premium,True,Booked,
ST_3680,BK_5856,SC_256,C5,Regular,True,Booked,
ST_3682,BK_6370,SC_808,B4,Regular,True,Booked,
ST_3683,BK_6697,SC_491,B3,Regular,True,Booked,
ST_3684,BK_4973,SC_271,E10,Regular,True,Booked,
ST_3685,BK_8609,SC_181,E16,Regular,True,Booked,
ST_3686,BK_966,SC_499,B17,Premium,True,Booked,
ST_3687,BK_675,SC_365,D17,Regular,True,Reserved,
ST_3688,BK_4380,SC_335,E9,Regular,True,Booked,
ST_3689,BK_3290,SC_788,B17,VIP,True,Available,
ST_3690,BK_2465,SC_152,B11,Regular,True,Booked,
ST_3692,BK_5688,SC_188,B8,Regular,True,Booked,
ST_3693,BK_5182,SC_577,D15,Regular,True,Booked,
ST_3694,BK_4686,SC_776,B12,Regular,True,Reserved,
ST_3695,,SC_786,D9,Premium,True,Available,
ST_3696,BK_3584,SC_169,B6,Regular,True,Booked,
ST_3697,,SC_300,A4,Premium,True,Booked,
ST_3698,BK_3314,SC_582,A10,Regular,True,Booked,
ST_3699,BK_274,SC_616,D8,Regular,True,Booked,
ST_3700,BK_7284,SC_84,D11,Premium,True,Available,
ST_3701,,SC_142,C2,Premium,True,Booked,
ST_3702,,SC_653,A3,Premium,True,Reserved,
ST_3703,BK_9937,SC_647,B11,Premium,True,Booked,
ST_3704,BK_1960,SC_306,E8,VIP,True,Booked,
ST_3705,BK_3395,SC_836,E12,Premium,True,Booked,
ST_3706,BK_7752,SC_403,D4,Premium,True,Booked,
ST_3707,BK_2421,SC_455,A4,VIP,True,Booked,
ST_3708,BK_2524,SC_937,E19,Regular,True,Booked,
ST_3709,BK_9892,SC_384,C15,Premium,True,Booked,
ST_3710,,SC_672,C14,VIP,True,Booked,
ST_3711,,SC_709,E8,Regular,True,Available,
ST_3712,BK_7605,SC_46,C13,Regular,True,Booked,
ST_3713,BK_4161,SC_765,D16,Regular,True,Available,
ST_3714,BK_7574,SC_679,D15,Regular,True,Available,
ST_3716,,SC_179,B17,Premium,True,Booked,
ST_3717,BK_1658,SC_453,D17,Premium,True,Booked,
ST_3718,BK_2071,SC_441,D7,Regular,True,Available,
ST_3720,BK_5795,SC_281,E18,Regular,True,Booked,
ST_3721,BK_6873,SC_264,A10,Premium,True,Booked,
ST_3723,BK_5987,SC_474,B14,Regular,True,Booked,
ST_3724,BK_4117,SC_269,C2,Regular,True,Available,
ST_3725,BK_526,SC_545,D16,Regular,True,Booked,
ST_3726,BK_4859,SC_291,E3,Regular,True,Available,
ST_3727,BK_2144,SC_824,C5,Regular,True,Available,
ST_3728,BK_8662,SC_540,B18,Regular,True,Booked,
ST_3729,BK_6853,SC_719,A13,Premium,True,Booked,
ST_3730,BK_3022,SC_799,E9,Regular,True,Available,
ST_3731,BK_1251,SC_236,E7,Regular,True,Booked,
ST_3733,BK_1393,SC_787,A7,Regular,True,Available,
ST_3734,BK_4393,SC_874,C9,VIP,True,Booked,
ST_3735,BK_4588,SC_965,E13,Premium,True,Reserved,
ST_3736,BK_6893,SC_79,D12,Regular,True,Booked,
ST_3738,BK_6423,SC_239,C7,Regular,True,Booked,
ST_3739,BK_8645,SC_951,A2,Regular,True,Booked,
ST_3740,BK_2619,SC_85,E16,Regular,True,Booked,
ST_3741,BK_8783,SC_397,A8,Premium,True,Booked,
ST_3742,BK_3843,SC_115,C19,Regular,True,Booked,
ST_3743,BK_3330,SC_140,C15,Regular,True,Booked,
ST_3744,BK_5733,SC_293,E7,Regular,True,Available,
ST_3745,BK_8843,SC_417,D18,Premium,True,Booked,
ST_3746,BK_6011,SC_336,B11,Regular,True,Booked,
ST_3748,BK_2443,SC_414,E6,Premium,True,Available,
ST_3750,,SC_355,B9,Regular,True,Booked,
ST_3752,BK_8729,SC_273,D8,Regular,True,Booked,
ST_3753,BK_9941,SC_731,B11,Premium,True,Booked,
ST_3754,,SC_169,E18,Regular,True,Available,
ST_3755,,SC_79,E7,Regular,True,Booked,
ST_3756,BK_6098,SC_802,C5,Regular,True,Booked,
ST_3757,BK_6237,SC_986,A5,Regular,True,Booked,
ST_3758,BK_2885,SC_281,B6,Premium,True,Booked,
ST_3759,BK_1573,SC_518,A7,Premium,True,Booked,
ST_3760,,SC_687,E4,Regular,True,Available,
ST_3761,BK_9776,SC_433,A15,Premium,True,Available,
ST_3762,BK_534,SC_856,A18,Premium,True,Booked,
ST_3763,BK_6234,SC_598,E10,Regular,True,Booked,
ST_3765,BK_6882,SC_376,E5,Regular,True,Reserved,
ST_3766,BK_6253,SC_986,E5,Regular,True,Reserved,
ST_3768,BK_5031,SC_591,C9,Premium,True,Booked,
ST_3769,BK_7009,SC_952,A13,Regular,True,Reserved,
ST_3770,BK_1768,SC_265,B11,Regular,True,Booked,
ST_3771,BK_8525,SC_885,E14,Premium,True,Booked,
ST_3773,BK_1280,SC_998,A6,Regular,True,Booked,
ST_3774,BK_7436,SC_588,B5,Premium,True,Booked,
ST_3775,BK_1871,SC_48,D13,Regular,True,Booked,
ST_3776,BK_1852,SC_3,A9,Regular,True,Booked,
ST_3777,,SC_529,E13,VIP,True,Reserved,
ST_3778,BK_3223,SC_174,E20,Regular,True,Booked,
ST_3779,BK_6914,SC_200,D6,Regular,True,Booked,
ST_3780,BK_5522,SC_333,E10,Premium,True,Reserved,
ST_3781,,SC_635,A10,VIP,True,Reserved,
ST_3782,BK_1097,SC_995,C13,Premium,True,Booked,
ST_3784,,SC_275,A16,Premium,True,Reserved,
ST_3785,BK_7514,SC_455,C11,Regular,True,Booked,
ST_3786,BK_9057,SC_985,B15,Regular,True,Booked,
ST_3787,BK_9719,SC_555,D20,Premium,True,Booked,
ST_3789,BK_6958,SC_575,E2,Premium,True,Available,
ST_3790,BK_6229,SC_471,E15,Premium,True,Booked,
ST_3792,BK_1647,SC_7,C17,Regular,True,Booked,
ST_3793,,SC_958,A7,Regular,True,Reserved,
ST_3794,BK_6450,SC_805,E17,Regular,True,Reserved,
ST_3795,BK_1377,SC_72,B6,VIP,True,Booked,
ST_3796,BK_7520,SC_728,E20,Premium,True,Booked,
ST_3797,BK_3025,SC_678,C12,Regular,True,Booked,
ST_3798,BK_3854,SC_547,B13,VIP,True,Booked,
ST_3799,BK_5716,SC_606,B18,Premium,True,Available,
ST_3800,BK_4800,SC_893,D5,Regular,True,Booked,
ST_3801,BK_3236,SC_787,B7,Premium,True,Available,
ST_3802,,SC_63,C16,Regular,True,Available,
ST_3803,BK_406,SC_342,A19,Premium,True,Booked,
ST_3805,BK_591,SC_540,E10,Premium,True,Booked,
ST_3806,,SC_275,B12,Premium,True,Available,
ST_3807,,SC_496,E13,Premium,True,Booked,
ST_3808,BK_8280,SC_229,D13,Regular,True,Available,
ST_3809,BK_5161,SC_674,A10,Regular,True,Booked,
ST_3810,BK_7215,SC_616,C15,Regular,True,Available,
ST_3811,BK_4706,SC_313,D2,VIP,True,Booked,
ST_3812,BK_2912,SC_113,C3,Regular,True,Booked,
ST_3813,BK_5549,SC_545,B8,Regular,True,Available,
ST_3814,,SC_802,E2,Premium,True,Booked,
ST_3815,BK_1685,SC_192,A9,Premium,True,Available,
ST_3816,,SC_988,B17,Regular,True,Available,
ST_3817,BK_1575,SC_364,E14,Regular,True,Booked,
ST_3818,BK_4734,SC_683,A18,VIP,True,Available,
ST_3819,BK_34,SC_748,E3,VIP,True,Available,
ST_3821,BK_1851,SC_215,A17,Regular,True,Reserved,
ST_3822,,SC_720,C17,Regular,True,Booked,
ST_3823,BK_3126,SC_124,B9,Regular,True,Booked,
ST_3824,BK_5249,SC_561,A19,Premium,True,Booked,
ST_3825,BK_403,SC_74,C1,VIP,True,Booked,
ST_3826,,SC_784,D5,Regular,True,Booked,
ST_3827,BK_7812,SC_372,A9,Regular,True,Booked,
ST_3828,BK_5680,SC_860,A6,Premium,True,Reserved,
ST_3829,BK_4142,SC_406,E11,VIP,True,Available,
ST_3830,BK_8992,SC_302,E12,Regular,True,Reserved,
ST_3831,BK_3292,SC_908,A2,Regular,True,Booked,
ST_3832,BK_2066,SC_839,D3,Regular,True,Available,
ST_3834,,SC_510,D6,Premium,True,Available,
ST_3837,BK_7675,SC_905,D11,Regular,True,Booked,
ST_3838,BK_8523,SC_383,A3,Premium,True,Booked,
ST_3839,BK_2442,SC_29,C9,Regular,True,Available,
ST_3840,BK_4536,SC_625,E12,Regular,True,Booked,
ST_3841,BK_1791,SC_982,E19,Premium,True,Booked,
ST_3842,BK_1294,SC_629,D17,Regular,True,Reserved,
ST_3843,BK_2038,SC_231,D18,Regular,True,Booked,
ST_3844,BK_4254,SC_779,B4,Premium,True,Available,
ST_3846,BK_9009,SC_505,A14,Regular,True,Booked,
ST_3847,BK_4529,SC_240,E17,Regular,True,Available,
ST_3848,,SC_353,C8,Premium,True,Booked,
ST_3850,BK_6461,SC_775,E13,Regular,True,Available,
ST_3851,,SC_137,B6,Regular,True,Booked,
ST_3853,BK_1502,SC_22,B16,VIP,True,Booked,
ST_3854,BK_8700,SC_725,D18,Regular,True,Reserved,
ST_3855,BK_6808,SC_466,C17,VIP,True,Booked,
ST_3856,BK_4417,SC_115,E9,VIP,True,Available,
ST_3858,BK_4452,SC_283,D13,Regular,True,Booked,
ST_3860,BK_2314,SC_403,E2,Premium,True,Booked,
ST_3861,BK_776,SC_382,E10,Regular,True,Booked,
ST_3863,BK_1110,SC_419,D14,Regular,True,Booked,
ST_3864,BK_4695,SC_207,D11,Regular,True,Booked,
ST_3865,BK_3308,SC_274,A7,Regular,True,Available,
ST_3866,BK_9032,SC_402,B15,Regular,True,Reserved,
ST_3867,BK_9302,SC_630,E12,Premium,True,Reserved,
ST_3868,BK_2824,SC_914,B16,Regular,True,Booked,
ST_3869,BK_2298,SC_142,C14,Regular,True,Available,
ST_3871,BK_2811,SC_66,A14,Premium,True,Booked,
ST_3872,BK_6167,SC_528,D2,Regular,True,Booked,
ST_3873,BK_7730,SC_78,A12,Premium,True,Booked,
ST_3874,BK_4681,SC_243,C16,VIP,True,Booked,
ST_3875,BK_619,SC_102,B7,Regular,True,Booked,
ST_3877,BK_2703,SC_566,C1,VIP,True,Booked,
ST_3878,,SC_949,D15,Regular,True,Available,
ST_3879,BK_498,SC_940,A2,Regular,True,Booked,
ST_3880,BK_71,SC_927,C1,Premium,True,Booked,
ST_3881,BK_1638,SC_193,D14,Regular,True,Booked,
ST_3882,,SC_896,D18,Premium,True,Reserved,
ST_3883,,SC_99,B19,Regular,True,Booked,
ST_3885,BK_8412,SC_527,B9,VIP,True,Booked,
ST_3886,BK_6136,SC_591,D15,Premium,True,Booked,
ST_3888,BK_3110,SC_460,C4,Premium,True,Available,
ST_3889,BK_3865,SC_601,C7,Premium,True,Booked,
ST_3890,,SC_908,D15,Regular,True,Booked,
ST_3891,BK_2372,SC_1,A1,Premium,True,Booked,
ST_3892,BK_963,SC_918,E10,VIP,True,Booked,
ST_3893,BK_5654,SC_273,B11,Regular,True,Available,
ST_3894,BK_8318,SC_863,D9,Premium,True,Booked,
ST_3895,BK_9638,SC_938,C14,Regular,True,Booked,
ST_3897,BK_4137,SC_174,B20,Regular,True,Booked,
ST_3899,BK_7384,SC_404,D5,Premium,True,Booked,
ST_3900,BK_6008,SC_658,A7,Regular,True,Booked,
ST_3901,BK_4218,SC_776,A17,VIP,True,Booked,
ST_3902,BK_5387,SC_807,A5,Regular,True,Available,
ST_3903,,SC_966,C19,Premium,True,Booked,
ST_3904,BK_6211,SC_379,D3,Premium,True,Reserved,
ST_3905,BK_4517,SC_562,E7,Regular,True,Booked,
ST_3906,BK_63,SC_290,E13,Regular,True,Booked,
ST_3907,BK_4190,SC_555,E2,Regular,True,Reserved,
ST_3908,BK_7419,SC_124,A13,Premium,True,Booked,
ST_3909,BK_8139,SC_363,B18,Regular,True,Booked,
ST_3910,BK_7423,SC_722,E9,VIP,True,Booked,
ST_3911,BK_4985,SC_695,D12,Regular,True,Booked,
ST_3913,BK_8298,SC_579,A7,Regular,True,Reserved,
ST_3914,BK_853,SC_961,A13,Regular,True,Booked,
ST_3915,BK_3904,SC_513,C6,Regular,True,Booked,
ST_3917,BK_8824,SC_454,A19,Regular,True,Booked,
ST_3918,BK_4976,SC_908,E17,Regular,True,Booked,
ST_3919,BK_3312,SC_799,C18,Premium,True,Available,
ST_3920,,SC_898,B12,Premium,True,Booked,
ST_3921,BK_2687,SC_165,C18,Premium,True,Booked,
ST_3922,BK_8541,SC_345,C1,Premium,True,Reserved,
ST_3923,BK_4286,SC_424,D6,Regular,True,Available,
ST_3924,,SC_762,A17,Regular,True,Reserved,
ST_3925,,SC_668,E7,Regular,True,Booked,
ST_3926,BK_6837,SC_550,A8,Regular,True,Available,
ST_3927,BK_2944,SC_816,E19,Regular,True,Booked,
ST_3928,BK_1523,SC_218,C13,Regular,True,Booked,
ST_3929,BK_2395,SC_30,D17,VIP,True,Booked,
ST_3930,,SC_357,E5,Regular,True,Booked,
ST_3931,BK_1070,SC_336,A6,Premium,True,Booked,
ST_3933,BK_7046,SC_414,B20,Premium,True,Booked,
ST_3935,BK_9894,SC_856,E10,Regular,True,Booked,
ST_3936,BK_5136,SC_803,B3,Premium,True,Booked,
ST_3937,BK_1492,SC_790,E14,Premium,True,Available,
ST_3938,BK_1299,SC_708,B10,Regular,True,Booked,
ST_3939,,SC_549,D15,Premium,True,Booked,
ST_3940,,SC_805,A4,Regular,True,Booked,
ST_3941,BK_9565,SC_912,C16,VIP,True,Booked,
ST_3942,BK_510,SC_45,E12,Regular,True,Available,
ST_3943,BK_3069,SC_873,C9,Regular,True,Booked,
ST_3944,BK_2411,SC_354,B19,Premium,True,Booked,
ST_3945,,SC_468,B15,Regular,True,Booked,
ST_3946,BK_6007,SC_378,D2,Regular,True,Booked,
ST_3947,BK_3199,SC_580,E4,Regular,True,Booked,
ST_3948,BK_9467,SC_260,D20,Regular,True,Booked,
ST_3949,BK_938,SC_507,B17,Premium,True,Booked,
ST_3950,BK_3217,SC_17,D17,Regular,True,Available,
ST_3951,,SC_881,E3,Regular,True,Booked,
ST_3952,BK_4806,SC_86,B2,Premium,True,Booked,
ST_3953,BK_5273,SC_744,B7,Regular,True,Booked,
ST_3954,BK_2816,SC_544,C13,Premium,True,Booked,
ST_3955,,SC_303,B17,Premium,True,Booked,
ST_3956,,SC_276,B15,Premium,True,Reserved,
ST_3959,BK_664,SC_864,A16,VIP,True,Booked,
ST_3960,BK_481,SC_701,E5,Regular,True,Booked,
ST_3962,,SC_761,B17,Regular,True,Reserved,
ST_3963,BK_1998,SC_809,D3,Premium,True,Booked,
ST_3964,BK_7698,SC_767,A1,Premium,True,Booked,
ST_3965,BK_7772,SC_955,E4,Regular,True,Available,
ST_3966,BK_7663,SC_879,E9,Premium,True,Booked,
ST_3967,BK_6507,SC_327,C15,VIP,True,Reserved,
ST_3968,BK_3521,SC_732,E2,Regular,True,Booked,
ST_3969,,SC_582,B18,Premium,True,Booked,
ST_3971,BK_1738,SC_811,E9,VIP,True,Booked,
ST_3973,BK_6372,SC_736,E3,Premium,True,Booked,
ST_3974,BK_2564,SC_328,C14,Regular,True,Booked,
ST_3975,BK_5601,SC_998,E13,Regular,True,Available,
ST_3977,BK_2723,SC_89,E13,Regular,True,Available,
ST_3978,BK_8854,SC_679,A13,Regular,True,Available,
ST_3979,,SC_672,B4,Premium,True,Available,
ST_3980,,SC_244,C1,VIP,True,Booked,
ST_3982,BK_1230,SC_730,A10,Regular,True,Available,
ST_3983,BK_2857,SC_167,E5,Regular,True,Booked,
ST_3984,,SC_774,C17,Regular,True,Booked,
ST_3985,,SC_931,D9,Regular,True,Booked,
ST_3986,BK_4381,SC_306,C16,Regular,True,Booked,
ST_3987,BK_1002,SC_52,A15,Premium,True,Booked,
ST_3988,BK_7539,SC_747,D8,VIP,True,Booked,
ST_3989,BK_1676,SC_194,E9,Regular,True,Booked,
ST_3991,BK_150,SC_431,B18,Premium,True,Booked,
ST_3992,BK_6548,SC_279,E5,Regular,True,Available,
ST_3994,BK_1206,SC_422,A4,VIP,True,Booked,
ST_3995,,SC_893,C5,VIP,True,Available,
ST_3996,,SC_497,C17,Regular,True,Booked,
ST_3997,BK_4043,SC_787,A17,Regular,True,Booked,
ST_3998,BK_7661,SC_903,A14,Regular,True,Available,
ST_3999,BK_8391,SC_414,E13,Regular,True,Booked,
ST_4000,BK_8095,SC_967,D19,Regular,True,Booked,
ST_4001,,SC_606,C9,Regular,True,Booked,
ST_4002,BK_1426,SC_893,D9,Premium,True,Available,
ST_4003,BK_5167,SC_384,B14,Regular,True,Reserved,
ST_4004,BK_9426,SC_786,D13,Regular,True,Booked,
ST_4005,,SC_306,A10,Regular,True,Booked,
ST_4006,BK_7693,SC_167,B16,Regular,True,Booked,
ST_4007,BK_1437,SC_174,E18,Regular,True,Booked,
ST_4008,BK_7578,SC_989,B12,Regular,True,Available,
ST_4009,BK_2304,SC_430,E3,Regular,True,Booked,
ST_4010,BK_7353,SC_378,E9,Regular,True,Booked,
ST_4011,BK_3935,SC_966,E10,Premium,True,Booked,
ST_4012,,SC_708,D11,VIP,True,Booked,
ST_4013,BK_7975,SC_267,B3,Regular,True,Booked,
ST_4014,BK_7334,SC_299,A12,Premium,True,Booked,
ST_4015,BK_7977,SC_538,B16,Regular,True,Available,
ST_4016,BK_2325,SC_926,C9,VIP,True,Booked,
ST_4018,BK_5537,SC_34,B6,Regular,True,Booked,
ST_4019,BK_2981,SC_318,A20,Premium,True,Booked,
ST_4020,BK_5469,SC_774,E11,Premium,True,Booked,
ST_4021,BK_8542,SC_905,B2,Premium,True,Booked,
ST_4022,BK_2614,SC_548,C16,Premium,True,Booked,
ST_4024,,SC_814,E1,Regular,True,Booked,
ST_4025,BK_734,SC_166,D4,Regular,True,Booked,
ST_4026,BK_1114,SC_397,D13,VIP,True,Booked,
ST_4028,BK_7929,SC_291,B5,Regular,True,Booked,
ST_4029,BK_7353,SC_353,D11,Regular,True,Available,
ST_4030,,SC_196,E18,Premium,True,Booked,
ST_4031,BK_9071,SC_45,D10,Regular,True,Booked,
ST_4032,BK_3852,SC_115,E18,Regular,True,Booked,
ST_4033,BK_3013,SC_802,B11,Premium,True,Reserved,
ST_4034,,SC_9,E12,VIP,True,Booked,
ST_4035,,SC_873,E7,Regular,True,Booked,
ST_4036,BK_2900,SC_598,A15,Regular,True,Reserved,
ST_4037,BK_742,SC_40,C2,Regular,True,Booked,
ST_4038,BK_2121,SC_98,E8,Premium,True,Booked,
ST_4039,BK_3323,SC_882,B2,Premium,True,Booked,
ST_4040,BK_2341,SC_383,C10,Premium,True,Available,
ST_4041,BK_7579,SC_615,C4,Regular,True,Booked,
ST_4042,BK_5682,SC_358,E20,Premium,True,Available,
ST_4044,BK_1232,SC_321,D12,Regular,True,Reserved,
ST_4045,,SC_392,A9,Regular,True,Booked,
ST_4046,BK_4601,SC_251,C18,Premium,True,Booked,
ST_4047,BK_932,SC_451,B13,Premium,True,Booked,
ST_4048,BK_1912,SC_193,E6,Regular,True,Booked,
ST_4049,BK_6043,SC_42,A13,Regular,True,Reserved,
ST_4050,BK_2870,SC_741,C3,Regular,True,Available,
ST_4051,BK_8463,SC_989,C1,VIP,True,Available,
ST_4052,BK_3076,SC_766,B5,Premium,True,Booked,
ST_4053,BK_8340,SC_228,C19,Regular,True,Booked,
ST_4054,BK_4551,SC_127,D5,Regular,True,Reserved,
ST_4055,BK_6672,SC_172,C14,Premium,True,Reserved,
ST_4056,BK_7856,SC_487,C15,Regular,True,Booked,
ST_4057,BK_3676,SC_790,E18,Premium,True,Booked,
ST_4058,,SC_758,D10,Regular,True,Booked,
ST_4059,BK_2715,SC_863,C6,Regular,True,Available,
ST_4060,BK_7711,SC_580,B11,Premium,True,Booked,
ST_4061,BK_9873,SC_640,A4,Regular,True,Booked,
ST_4062,BK_1045,SC_503,E1,Premium,True,Booked,
ST_4063,BK_1961,SC_93,B19,Regular,True,Booked,
ST_4064,BK_1151,SC_2,E11,Regular,True,Booked,
ST_4065,BK_655,SC_712,E18,Premium,True,Available,
ST_4066,BK_9272,SC_22,C8,Premium,True,Booked,
ST_4067,BK_1317,SC_900,A13,Premium,True,Reserved,
ST_4068,,SC_448,B20,Regular,True,Booked,
ST_4069,BK_8595,SC_386,D19,Premium,True,Available,
ST_4070,BK_775,SC_137,B12,Premium,True,Booked,
ST_4071,BK_5251,SC_929,E14,Regular,True,Booked,
ST_4072,BK_1476,SC_248,E1,Regular,True,Available,
ST_4073,BK_6196,SC_339,C5,Premium,True,Available,
ST_4074,BK_9461,SC_53,B4,Regular,True,Booked,
ST_4075,BK_7832,SC_650,D7,Premium,True,Booked,
ST_4076,BK_482,SC_4,A5,Regular,True,Available,
ST_4077,BK_5978,SC_996,D20,Regular,True,Booked,
ST_4078,BK_9488,SC_237,B7,Regular,True,Booked,
ST_4079,BK_5098,SC_597,A17,Premium,True,Booked,
ST_4080,,SC_646,A17,Regular,True,Reserved,
ST_4081,BK_1042,SC_366,E2,Premium,True,Booked,
ST_4082,,SC_313,B6,Regular,True,Available,
ST_4084,BK_9192,SC_398,B16,Regular,True,Available,
ST_4085,BK_8619,SC_363,D1,Regular,True,Booked,
ST_4086,,SC_602,B14,Regular,True,Booked,
ST_4087,,SC_315,A7,Regular,True,Booked,
ST_4088,BK_2916,SC_524,D10,Regular,True,Booked,
ST_4089,BK_5280,SC_347,E10,Regular,True,Booked,
ST_4090,,SC_507,A10,Premium,True,Reserved,
ST_4093,BK_5347,SC_772,E5,VIP,True,Booked,
ST_4094,BK_3,SC_502,B17,Regular,True,Booked,
ST_4095,BK_8822,SC_213,B12,Regular,True,Available,
ST_4096,BK_7033,SC_9,A4,Regular,True,Booked,
ST_4097,BK_5062,SC_151,D16,VIP,True,Booked,
ST_4099,BK_7731,SC_473,A10,Regular,True,Booked,
ST_4100,BK_8743,SC_881,E4,Regular,True,Booked,
ST_4101,BK_2870,SC_774,D18,Regular,True,Booked,
ST_4102,,SC_83,B4,Premium,True,Booked,
ST_4103,BK_664,SC_601,B17,Regular,True,Booked,
ST_4105,BK_9088,SC_956,E10,Premium,True,Booked,
ST_4106,BK_2498,SC_155,A16,VIP,True,Booked,
ST_4107,BK_9742,SC_894,D19,Premium,True,Available,
ST_4108,BK_1178,SC_621,B19,Premium,True,Booked,
ST_4109,BK_8657,SC_234,D7,Regular,True,Available,
ST_4110,BK_8942,SC_665,C18,VIP,True,Booked,
ST_4111,BK_1449,SC_609,C3,Premium,True,Available,
ST_4112,BK_7660,SC_901,D1,Regular,True,Booked,
ST_4113,BK_8430,SC_927,B13,Premium,True,Booked,
ST_4114,BK_5045,SC_661,C20,Regular,True,Booked,
ST_4115,BK_9743,SC_200,C1,Regular,True,Booked,
ST_4116,BK_9872,SC_219,C12,VIP,True,Booked,
ST_4118,BK_3227,SC_227,B15,Premium,True,Available,
ST_4119,,SC_138,C9,Regular,True,Reserved,
ST_4120,BK_2914,SC_782,A11,VIP,True,Booked,
ST_4121,BK_9970,SC_93,D16,Regular,True,Booked,
ST_4122,,SC_693,E8,Premium,True,Booked,
ST_4123,BK_2848,SC_197,A17,Regular,True,Booked,
ST_4124,BK_253,SC_517,A18,Premium,True,Reserved,
ST_4125,BK_1903,SC_139,D5,Regular,True,Booked,
ST_4127,BK_1736,SC_485,A5,Premium,True,Available,
ST_4128,BK_4256,SC_723,C13,VIP,True,Reserved,
ST_4129,BK_5571,SC_786,C13,Regular,True,Booked,
ST_4130,BK_5391,SC_344,B3,Regular,True,Booked,
ST_4131,BK_8124,SC_914,A19,Regular,True,Booked,
ST_4132,BK_5739,SC_898,A8,Regular,True,Reserved,
ST_4133,BK_7761,SC_240,A2,VIP,True,Booked,
ST_4134,BK_9075,SC_299,D17,Regular,True,Booked,
ST_4135,,SC_620,A1,Regular,True,Booked,
ST_4136,BK_6546,SC_175,D15,Regular,True,Booked,
ST_4138,BK_796,SC_142,C9,Premium,True,Available,
ST_4139,BK_9625,SC_501,C13,Regular,True,Available,
ST_4140,BK_4803,SC_238,C12,Premium,True,Booked,
ST_4143,BK_2206,SC_177,B10,VIP,True,Booked,
ST_4144,BK_6946,SC_416,A2,Premium,True,Booked,
ST_4145,BK_3710,SC_545,A18,Premium,True,Booked,
ST_4146,BK_3252,SC_583,B2,Regular,True,Booked,
ST_4147,BK_2488,SC_512,E3,Premium,True,Booked,
ST_4149,BK_1343,SC_738,D13,Premium,True,Booked,
ST_4150,BK_4307,SC_361,A20,Regular,True,Booked,
ST_4151,BK_8052,SC_577,A17,Regular,True,Booked,
ST_4152,BK_8796,SC_9,E9,Premium,True,Available,
ST_4153,,SC_91,A4,Premium,True,Available,
ST_4154,BK_8925,SC_727,D9,Premium,True,Booked,
ST_4155,BK_2120,SC_548,B16,VIP,True,Booked,
ST_4157,BK_6704,SC_868,A10,VIP,True,Booked,
ST_4158,BK_8631,SC_607,D4,Regular,True,Booked,
ST_4159,BK_1216,SC_209,D14,Premium,True,Available,
ST_4160,BK_8837,SC_312,D9,Regular,True,Booked,
ST_4161,BK_5727,SC_216,D20,Regular,True,Booked,
ST_4162,BK_8594,SC_231,E12,Regular,True,Booked,
ST_4163,,SC_920,C5,Premium,True,Available,
ST_4164,BK_11,SC_260,C2,Regular,True,Booked,
ST_4165,BK_3272,SC_516,B18,Regular,True,Booked,
ST_4166,,SC_6,C20,Regular,True,Booked,
ST_4167,BK_291,SC_552,B10,Regular,True,Booked,
ST_4168,BK_1442,SC_427,D10,Premium,True,Reserved,
ST_4169,BK_8030,SC_367,A11,Regular,True,Available,
ST_4171,,SC_458,C18,Premium,True,Booked,
ST_4172,BK_7207,SC_370,E15,Premium,True,Booked,
ST_4173,BK_9980,SC_907,D13,Regular,True,Available,
ST_4175,,SC_113,E11,Premium,True,Booked,
ST_4176,BK_4159,SC_233,E18,Premium,True,Booked,
ST_4178,,SC_176,B16,Regular,True,Booked,
ST_4179,BK_4581,SC_153,E9,Regular,True,Booked,
ST_4180,,SC_916,A4,Regular,True,Booked,
ST_4181,,SC_776,B19,Regular,True,Booked,
ST_4183,BK_1026,SC_173,A6,Regular,True,Booked,
ST_4184,BK_9907,SC_575,C6,VIP,True,Available,
ST_4186,BK_1768,SC_180,D4,Regular,True,Reserved,
ST_4187,BK_3187,SC_798,A17,Regular,True,Booked,
ST_4188,BK_9702,SC_967,D2,Premium,True,Booked,
ST_4189,BK_1223,SC_590,E9,Regular,True,Booked,
ST_4190,BK_7458,SC_221,E7,Regular,True,Booked,
ST_4191,BK_4434,SC_153,D4,Premium,True,Booked,
ST_4192,,SC_220,A3,Premium,True,Booked,
ST_4194,BK_3528,SC_548,D6,Premium,True,Booked,
ST_4196,BK_357,SC_419,D7,Premium,True,Booked,
ST_4197,BK_7887,SC_219,E5,Premium,True,Booked,
ST_4198,BK_2308,SC_704,C10,VIP,True,Booked,
ST_4199,BK_7192,SC_899,A15,Premium,True,Booked,
ST_4201,BK_6114,SC_316,D3,Regular,True,Booked,
ST_4202,BK_9697,SC_121,A2,Regular,True,Available,
ST_4203,BK_6786,SC_584,A6,Premium,True,Reserved,
ST_4204,,SC_906,C11,Regular,True,Booked,
ST_4205,BK_4446,SC_234,D15,Premium,True,Booked,
ST_4206,BK_9991,SC_860,C18,Regular,True,Available,
ST_4209,BK_2001,SC_457,D18,Regular,True,Available,
ST_4210,BK_7425,SC_436,E15,Premium,True,Booked,
ST_4211,BK_2969,SC_638,A19,Premium,True,Booked,
ST_4212,BK_5067,SC_372,E9,Regular,True,Booked,
ST_4213,,SC_99,B3,Regular,True,Available,
ST_4214,,SC_565,D11,Premium,True,Available,
ST_4215,BK_2268,SC_950,A13,Premium,True,Booked,
ST_4216,BK_1007,SC_938,A18,Regular,True,Booked,
ST_4217,BK_3746,SC_895,A14,Regular,True,Booked,
ST_4218,BK_68,SC_804,D16,Regular,True,Booked,
ST_4219,BK_655,SC_405,B20,Regular,True,Booked,
ST_4220,,SC_884,E14,Regular,True,Booked,
ST_4221,,SC_358,D7,Regular,True,Booked,
ST_4223,BK_4279,SC_773,B2,Premium,True,Reserved,
ST_4224,BK_4560,SC_664,D13,Regular,True,Booked,
ST_4225,BK_7870,SC_17,E6,Regular,True,Booked,
ST_4226,,SC_506,D4,Regular,True,Booked,
ST_4227,BK_1968,SC_744,B8,VIP,True,Booked,
ST_4229,BK_5602,SC_644,A1,Premium,True,Booked,
ST_4230,BK_7229,SC_190,B2,Premium,True,Booked,
ST_4231,BK_2291,SC_732,C8,Premium,True,Booked,
ST_4232,BK_4812,SC_203,D11,Regular,True,Booked,
ST_4233,BK_7380,SC_940,D12,VIP,True,Booked,
ST_4234,BK_9507,SC_357,E9,Premium,True,Reserved,
ST_4236,BK_2051,SC_940,E16,Regular,True,Booked,
ST_4237,BK_2125,SC_138,D14,Regular,True,Available,
ST_4238,BK_3673,SC_610,C11,Regular,True,Booked,
ST_4240,BK_4715,SC_211,B19,VIP,True,Booked,
ST_4241,BK_1110,SC_454,E6,Regular,True,Booked,
ST_4242,BK_1890,SC_502,A9,Regular,True,Booked,
ST_4243,BK_914,SC_65,C19,VIP,True,Booked,
ST_4244,BK_5575,SC_398,C2,VIP,True,Booked,
ST_4245,BK_5166,SC_311,B4,Premium,True,Booked,
ST_4246,BK_6736,SC_803,C8,Regular,True,Booked,
ST_4247,,SC_428,B12,Regular,True,Booked,
ST_4248,BK_4746,SC_82,E3,Regular,True,Booked,
ST_4249,BK_8779,SC_701,E12,Regular,True,Booked,
ST_4250,BK_315,SC_156,A6,Premium,True,Available,
ST_4251,BK_5409,SC_159,D6,Premium,True,Available,
ST_4252,,SC_132,E9,Regular,True,Booked,
ST_4253,BK_5290,SC_192,D16,Regular,True,Booked,
ST_4254,BK_2834,SC_298,E13,VIP,True,Available,
ST_4256,BK_9536,SC_773,E4,Regular,True,Available,
ST_4257,,SC_563,C2,Premium,True,Reserved,
ST_4259,BK_235,SC_353,B17,VIP,True,Booked,
ST_4260,BK_8042,SC_819,A7,Premium,True,Booked,
ST_4261,BK_6374,SC_800,C19,Premium,True,Booked,
ST_4263,BK_9631,SC_615,D12,Regular,True,Available,
ST_4264,BK_7837,SC_757,E13,Regular,True,Booked,
ST_4265,BK_2170,SC_365,A7,VIP,True,Booked,
ST_4266,BK_5385,SC_548,C10,Regular,True,Available,
ST_4267,BK_3711,SC_221,A8,Premium,True,Booked,
ST_4268,BK_7435,SC_998,D18,Regular,True,Booked,
ST_4269,BK_7241,SC_278,C7,Regular,True,Booked,
ST_4270,BK_6901,SC_27,B3,Premium,True,Available,
ST_4271,BK_9811,SC_739,A7,Regular,True,Available,
ST_4272,,SC_395,D6,Premium,True,Booked,
ST_4273,,SC_87,B7,Regular,True,Booked,
ST_4275,BK_9106,SC_129,D10,Regular,True,Booked,
ST_4276,BK_9089,SC_915,A20,Premium,True,Booked,
ST_4277,BK_1053,SC_565,B10,Regular,True,Booked,
ST_4278,BK_9650,SC_448,D8,Regular,True,Available,
ST_4279,BK_9081,SC_247,C12,Regular,True,Available,
ST_4281,BK_8614,SC_592,B15,Regular,True,Booked,
ST_4282,BK_1936,SC_128,E4,VIP,True,Booked,
ST_4283,BK_7881,SC_842,B1,Regular,True,Booked,
ST_4284,BK_9818,SC_19,C13,Premium,True,Reserved,
ST_4285,BK_5914,SC_592,B3,Regular,True,Available,
ST_4286,BK_1740,SC_896,A5,Regular,True,Booked,
ST_4287,,SC_977,C14,VIP,True,Booked,
ST_4288,BK_5136,SC_98,B9,Premium,True,Booked,
ST_4290,BK_9940,SC_26,B18,Regular,True,Available,
ST_4291,BK_4347,SC_421,E9,Regular,True,Booked,
ST_4292,BK_1419,SC_726,D18,Regular,True,Available,
ST_4293,BK_4433,SC_994,A9,Regular,True,Available,
ST_4294,BK_5798,SC_990,D20,Regular,True,Booked,
ST_4297,BK_7812,SC_630,B8,Regular,True,Booked,
ST_4298,BK_1908,SC_24,B1,Premium,True,Available,
ST_4300,BK_3221,SC_660,C2,Premium,True,Booked,
ST_4301,BK_1572,SC_386,B9,VIP,True,Booked,
ST_4303,BK_4836,SC_687,A11,VIP,True,Booked,
ST_4304,BK_1687,SC_759,B14,Premium,True,Available,
ST_4305,BK_4151,SC_606,D20,Premium,True,Booked,
ST_4306,BK_9616,SC_289,C8,Regular,True,Reserved,
ST_4307,BK_5751,SC_399,C3,Regular,True,Booked,
ST_4308,,SC_511,B14,Premium,True,Booked,
ST_4309,BK_3986,SC_45,E8,Premium,True,Booked,
ST_4311,BK_2886,SC_685,E4,Regular,True,Available,
ST_4313,BK_2808,SC_392,E14,Regular,True,Booked,
ST_4314,BK_3949,SC_495,A17,Premium,True,Booked,
ST_4316,BK_2378,SC_403,D16,Regular,True,Available,
ST_4317,BK_8132,SC_361,E12,Premium,True,Booked,
ST_4318,BK_1675,SC_621,D14,Regular,True,Booked,
ST_4319,,SC_446,C11,Regular,True,Booked,
ST_4321,,SC_250,C5,Regular,True,Booked,
ST_4322,BK_2885,SC_419,E14,Premium,True,Booked,
ST_4323,BK_8999,SC_324,C7,Regular,True,Booked,
ST_4324,BK_9036,SC_260,E5,Premium,True,Booked,
ST_4325,,SC_721,C16,Regular,True,Booked,
ST_4327,BK_7552,SC_97,D15,Regular,True,Available,
ST_4329,BK_2096,SC_291,D18,Regular,True,Booked,
ST_4330,BK_6989,SC_860,C17,Regular,True,Booked,
ST_4331,BK_2311,SC_508,B19,Regular,True,Available,
ST_4332,BK_8767,SC_665,B14,Regular,True,Reserved,
ST_4333,,SC_481,A3,Regular,True,Booked,
ST_4334,BK_1303,SC_75,C15,Regular,True,Booked,
ST_4335,BK_4417,SC_419,A5,Regular,True,Booked,
ST_4336,BK_6631,SC_586,E13,Premium,True,Booked,
ST_4337,BK_8595,SC_92,E3,Regular,True,Booked,
ST_4338,BK_9271,SC_888,B2,Premium,True,Booked,
ST_4339,BK_4814,SC_346,C7,VIP,True,Available,
ST_4340,BK_13,SC_476,D4,Regular,True,Booked,
ST_4342,BK_9149,SC_219,E9,Premium,True,Booked,
ST_4344,BK_2699,SC_132,A7,Regular,True,Booked,
ST_4346,BK_7716,SC_445,B17,Regular,True,Available,
ST_4347,BK_2430,SC_199,C20,Premium,True,Booked,
ST_4349,BK_9742,SC_628,B19,Premium,True,Available,
ST_4350,BK_1128,SC_326,E11,Regular,True,Available,
ST_4351,BK_8827,SC_472,A2,Regular,True,Available,
ST_4352,,SC_8,A18,Regular,True,Available,
ST_4354,BK_8355,SC_612,E12,Regular,True,Reserved,
ST_4355,BK_923,SC_859,B4,Regular,True,Available,
ST_4356,BK_8506,SC_989,D19,Regular,True,Booked,
ST_4357,BK_5388,SC_251,B10,Premium,True,Booked,
ST_4358,BK_1840,SC_864,C18,Regular,True,Booked,
ST_4359,BK_5939,SC_32,B15,Regular,True,Booked,
ST_4360,BK_770,SC_662,D11,Regular,True,Available,
ST_4361,BK_8171,SC_247,D9,Regular,True,Available,
ST_4362,BK_2817,SC_491,D18,VIP,True,Booked,
ST_4363,,SC_793,B7,Premium,True,Booked,
ST_4364,,SC_139,A10,Premium,True,Booked,
ST_4365,,SC_807,D2,Regular,True,Booked,
ST_4366,BK_9222,SC_813,D2,VIP,True,Reserved,
ST_4368,BK_3170,SC_276,D16,Regular,True,Booked,
ST_4369,BK_2647,SC_306,B4,Premium,True,Reserved,
ST_4370,BK_6048,SC_767,C18,Regular,True,Booked,
ST_4372,BK_436,SC_69,B8,Premium,True,Booked,
ST_4373,BK_2800,SC_455,D14,Premium,True,Available,
ST_4374,BK_8083,SC_313,E12,Premium,True,Booked,
ST_4375,BK_3813,SC_615,E14,Regular,True,Available,
ST_4376,BK_512,SC_209,E2,Regular,True,Booked,
ST_4377,BK_6090,SC_517,E19,Regular,True,Booked,
ST_4378,BK_8611,SC_44,D3,VIP,True,Booked,
ST_4379,BK_1160,SC_102,E10,Regular,True,Booked,
ST_4380,BK_9970,SC_190,C14,Regular,True,Booked,
ST_4381,,SC_133,D17,Regular,True,Booked,
ST_4382,BK_3336,SC_623,A14,Premium,True,Booked,
ST_4383,BK_3980,SC_608,A11,Premium,True,Booked,
ST_4384,BK_2499,SC_937,A7,Regular,True,Booked,
ST_4385,BK_9694,SC_151,A3,Regular,True,Booked,
ST_4386,BK_3582,SC_644,E9,Regular,True,Booked,
ST_4387,BK_3484,SC_560,D6,Regular,True,Available,
ST_4388,BK_7032,SC_278,D2,Premium,True,Booked,
ST_4390,BK_5738,SC_181,E8,Regular,True,Booked,
ST_4391,BK_5888,SC_711,E11,Regular,True,Available,
ST_4393,BK_5437,SC_12,D6,Regular,True,Available,
ST_4394,,SC_515,B15,Premium,True,Booked,
ST_4395,BK_7602,SC_337,D5,Regular,True,Reserved,
ST_4396,BK_9741,SC_656,C1,Premium,True,Available,
ST_4398,BK_7011,SC_774,A13,Premium,True,Booked,
ST_4399,BK_510,SC_675,B12,Premium,True,Reserved,
ST_4400,BK_1697,SC_805,B6,VIP,True,Booked,
ST_4401,BK_4806,SC_597,C19,Premium,True,Booked,
ST_4402,BK_7942,SC_759,A18,Regular,True,Reserved,
ST_4404,BK_6992,SC_540,B5,Regular,True,Booked,
ST_4405,,SC_179,C15,VIP,True,Booked,
ST_4406,BK_2034,SC_226,A6,Regular,True,Booked,
ST_4407,BK_8609,SC_34,B14,Premium,True,Booked,
ST_4410,BK_10,SC_136,E11,Regular,True,Booked,
ST_4411,BK_2028,SC_369,B2,Regular,True,Booked,
ST_4412,BK_7435,SC_993,D15,Regular,True,Booked,
ST_4413,BK_320,SC_943,B17,Regular,True,Booked,
ST_4414,BK_9643,SC_981,E18,Regular,True,Booked,
ST_4415,,SC_991,B18,Regular,True,Booked,
ST_4417,BK_2376,SC_212,D15,Regular,True,Booked,
ST_4419,BK_7916,SC_628,E9,Regular,True,Booked,
ST_4421,BK_9689,SC_873,D17,Regular,True,Booked,
ST_4422,BK_8881,SC_124,D16,VIP,True,Booked,
ST_4423,BK_2578,SC_414,B13,Regular,True,Booked,
ST_4424,BK_2761,SC_27,C20,Premium,True,Reserved,
ST_4425,,SC_451,C16,Regular,True,Available,
ST_4426,BK_33,SC_738,B15,Regular,True,Booked,
ST_4428,BK_3564,SC_455,E16,Regular,True,Booked,
ST_4429,BK_1407,SC_183,D12,Premium,True,Booked,
ST_4431,BK_2616,SC_650,D20,Premium,True,Reserved,
ST_4433,BK_7839,SC_312,A17,VIP,True,Reserved,
ST_4434,BK_1739,SC_228,E14,Regular,True,Available,
ST_4435,BK_1934,SC_509,D15,Regular,True,Available,
ST_4437,BK_8237,SC_901,C4,Premium,True,Available,
ST_4439,BK_5425,SC_34,A19,Regular,True,Available,
ST_4440,BK_563,SC_24,A20,Premium,True,Available,
ST_4441,BK_6805,SC_671,B3,Premium,True,Booked,
ST_4442,BK_3928,SC_619,C19,Regular,True,Booked,
ST_4443,BK_5873,SC_223,A8,Regular,True,Booked,
ST_4444,,SC_674,A7,Regular,True,Available,
ST_4445,BK_1229,SC_746,C5,Regular,True,Reserved,
ST_4446,BK_7001,SC_693,D9,VIP,True,Reserved,
ST_4447,BK_260,SC_469,C3,Regular,True,Booked,
ST_4449,,SC_869,B9,Premium,True,Available,
ST_4450,BK_7637,SC_149,C12,Premium,True,Reserved,
ST_4451,BK_2743,SC_536,E12,Regular,True,Booked,
ST_4452,BK_4419,SC_161,C7,Regular,True,Reserved,
ST_4453,,SC_402,C13,Regular,True,Booked,
ST_4454,BK_9688,SC_437,B12,Premium,True,Booked,
ST_4455,BK_2071,SC_428,B4,Premium,True,Booked,
ST_4456,BK_4937,SC_869,A12,VIP,True,Booked,
ST_4457,BK_3186,SC_930,C14,Regular,True,Booked,
ST_4458,BK_9011,SC_18,C8,Premium,True,Booked,
ST_4459,BK_2516,SC_740,A3,Regular,True,Booked,
ST_4460,,SC_18,E15,Regular,True,Booked,
ST_4461,BK_3901,SC_479,D1,Premium,True,Booked,
ST_4463,BK_7755,SC_943,B5,Regular,True,Available,
ST_4465,BK_9224,SC_307,D1,Premium,True,Booked,
ST_4467,BK_7498,SC_889,C19,Regular,True,Available,
ST_4468,BK_7331,SC_239,C16,Regular,True,Booked,
ST_4469,,SC_407,E14,Regular,True,Booked,
ST_4470,BK_7016,SC_753,A11,Regular,True,Booked,
ST_4471,BK_1675,SC_963,E19,Regular,True,Booked,
ST_4473,,SC_687,B7,VIP,True,Booked,
ST_4474,BK_6067,SC_378,C11,Regular,True,Reserved,
ST_4476,,SC_72,E5,Regular,True,Booked,
ST_4477,BK_4670,SC_518,C9,VIP,True,Booked,
ST_4478,BK_6808,SC_81,E15,Premium,True,Booked,
ST_4479,,SC_332,C15,Premium,True,Booked,
ST_4480,BK_6478,SC_249,A14,VIP,True,Reserved,
ST_4482,BK_5096,SC_178,B6,Regular,True,Booked,
ST_4483,BK_4292,SC_964,C16,Regular,True,Booked,
ST_4486,BK_2924,SC_218,A20,Premium,True,Booked,
ST_4487,BK_742,SC_253,B2,Premium,True,Booked,
ST_4488,BK_8369,SC_894,A11,Premium,True,Booked,
ST_4490,BK_4546,SC_591,A7,Regular,True,Booked,
ST_4491,BK_7461,SC_177,C19,Regular,True,Booked,
ST_4493,BK_3221,SC_967,E7,Premium,True,Booked,
ST_4494,BK_6522,SC_417,A15,Regular,True,Booked,
ST_4495,,SC_78,D12,Regular,True,Available,
ST_4496,BK_4506,SC_644,A10,Premium,True,Booked,
ST_4497,BK_2376,SC_554,C6,Premium,True,Booked,
ST_4498,BK_113,SC_267,E19,Premium,True,Booked,
ST_4499,BK_4862,SC_467,A17,VIP,True,Booked,
ST_4500,BK_7313,SC_546,E12,Premium,True,Booked,
ST_4501,,SC_792,E17,Regular,True,Booked,
ST_4502,,SC_672,B9,Premium,True,Available,
ST_4504,BK_8777,SC_916,A6,Premium,True,Booked,
ST_4505,,SC_650,C7,Premium,True,Booked,
ST_4506,BK_3854,SC_928,E19,Premium,True,Booked,
ST_4508,BK_3038,SC_723,C11,Regular,True,Booked,
ST_4509,BK_3220,SC_134,E7,Regular,True,Booked,
ST_4510,BK_5988,SC_408,C19,Regular,True,Booked,
ST_4511,BK_1334,SC_901,B2,Premium,True,Booked,
ST_4512,BK_31,SC_339,D17,Premium,True,Available,
ST_4513,BK_5824,SC_973,C11,Regular,True,Available,
ST_4514,BK_6822,SC_64,C9,Regular,True,Available,
ST_4515,BK_6682,SC_934,A2,Regular,True,Booked,
ST_4517,,SC_516,E1,Regular,True,Booked,
ST_4518,BK_9693,SC_241,C15,Regular,True,Booked,
ST_4519,BK_9493,SC_793,C3,Regular,True,Booked,
ST_4520,BK_1034,SC_912,E18,VIP,True,Booked,
ST_4522,BK_7070,SC_828,D9,Premium,True,Available,
ST_4523,,SC_927,E3,Regular,True,Booked,
ST_4524,,SC_12,D12,Premium,True,Booked,
ST_4525,,SC_5,D16,Regular,True,Reserved,
ST_4526,BK_7383,SC_224,C3,Premium,True,Booked,
ST_4527,,SC_635,D7,Regular,True,Booked,
ST_4528,BK_2276,SC_256,E20,VIP,True,Reserved,
ST_4529,BK_7469,SC_148,E8,Regular,True,Booked,
ST_4530,BK_6301,SC_222,D7,Premium,True,Booked,
ST_4531,,SC_957,A17,Regular,True,Booked,
ST_4532,BK_9475,SC_757,A13,Regular,True,Reserved,
ST_4533,BK_5578,SC_758,A12,Regular,True,Available,
ST_4534,BK_6470,SC_720,C4,Regular,True,Booked,
ST_4535,BK_115,SC_82,B3,Regular,True,Booked,
ST_4536,BK_1244,SC_260,A13,Regular,True,Booked,
ST_4537,,SC_857,E5,VIP,True,Booked,
ST_4538,BK_4173,SC_466,E10,Regular,True,Booked,
ST_4539,,SC_475,B7,VIP,True,Booked,
ST_4540,BK_6871,SC_308,A18,Premium,True,Available,
ST_4541,BK_7775,SC_501,A13,Premium,True,Booked,
ST_4543,BK_9596,SC_499,C18,Premium,True,Booked,
ST_4544,BK_6986,SC_470,D14,Regular,True,Available,
ST_4545,BK_9663,SC_251,C7,Regular,True,Reserved,
ST_4546,BK_8426,SC_858,A19,Regular,True,Reserved,
ST_4548,BK_9390,SC_828,B20,Regular,True,Booked,
ST_4549,BK_5941,SC_670,B9,VIP,True,Available,
ST_4550,,SC_437,D17,Regular,True,Available,
ST_4551,BK_8867,SC_769,B16,Regular,True,Booked,
ST_4552,BK_8232,SC_339,A1,Regular,True,Available,
ST_4553,BK_9390,SC_908,A1,Premium,True,Reserved,
ST_4554,,SC_518,C10,Regular,True,Booked,
ST_4555,BK_6183,SC_867,B15,Regular,True,Booked,
ST_4557,BK_7963,SC_43,C12,Regular,True,Booked,
ST_4558,BK_9716,SC_772,E18,Regular,True,Booked,
ST_4559,BK_2903,SC_898,E3,Regular,True,Booked,
ST_4560,,SC_122,E15,Regular,True,Booked,
ST_4561,,SC_406,D13,VIP,True,Booked,
ST_4563,BK_9105,SC_100,B17,Premium,True,Booked,
ST_4564,BK_4448,SC_654,E1,VIP,True,Booked,
ST_4565,BK_8118,SC_342,B6,Regular,True,Booked,
ST_4566,BK_9675,SC_104,D7,Premium,True,Booked,
ST_4567,BK_8547,SC_621,D2,Regular,True,Booked,
ST_4570,BK_5061,SC_211,C17,Regular,True,Reserved,
ST_4571,BK_4192,SC_214,D13,Regular,True,Reserved,
ST_4572,BK_5523,SC_495,A9,Regular,True,Available,
ST_4573,BK_7705,SC_781,D19,Premium,True,Booked,
ST_4574,,SC_622,A12,Regular,True,Booked,
ST_4575,,SC_246,B8,Regular,True,Booked,
ST_4577,BK_5572,SC_226,D9,Regular,True,Booked,
ST_4578,,SC_207,C3,Premium,True,Booked,
ST_4580,BK_9944,SC_963,E16,Regular,True,Booked,
ST_4581,BK_858,SC_552,A10,Regular,True,Booked,
ST_4582,BK_3512,SC_846,D17,Premium,True,Booked,
ST_4583,BK_7255,SC_202,C1,Regular,True,Booked,
ST_4584,BK_633,SC_213,C2,VIP,True,Reserved,
ST_4585,BK_9548,SC_926,A11,Regular,True,Booked,
ST_4587,BK_2062,SC_883,C20,VIP,True,Available,
ST_4588,BK_6887,SC_331,A9,Regular,True,Booked,
ST_4589,BK_3852,SC_574,E16,VIP,True,Booked,
ST_4590,,SC_96,B19,Regular,True,Booked,
ST_4591,BK_5508,SC_261,E10,Regular,True,Reserved,
ST_4592,BK_2821,SC_615,D20,VIP,True,Available,
ST_4593,BK_7203,SC_929,E16,Regular,True,Booked,
ST_4594,BK_6882,SC_781,E12,Regular,True,Booked,
ST_4595,BK_7563,SC_729,E12,Premium,True,Reserved,
ST_4597,BK_9799,SC_44,C12,Regular,True,Reserved,
ST_4598,BK_2145,SC_196,E2,Regular,True,Booked,
ST_4599,BK_4353,SC_646,A9,Premium,True,Available,
ST_4600,BK_3159,SC_501,C4,Regular,True,Available,
ST_4601,BK_5584,SC_607,C13,Premium,True,Booked,
ST_4602,,SC_920,C6,Premium,True,Booked,
ST_4603,BK_7771,SC_740,E13,Regular,True,Booked,
ST_4605,BK_4096,SC_974,D1,VIP,True,Reserved,
ST_4606,BK_6342,SC_537,C18,Regular,True,Booked,
ST_4607,BK_8747,SC_603,A18,Regular,True,Reserved,
ST_4608,BK_8213,SC_442,B12,Regular,True,Booked,
ST_4609,BK_7044,SC_462,D20,Regular,True,Booked,
ST_4610,BK_505,SC_927,D6,Regular,True,Booked,
ST_4611,BK_129,SC_37,A6,Regular,True,Booked,
ST_4613,BK_8909,SC_872,A5,Regular,True,Booked,
ST_4614,BK_2660,SC_177,E16,Premium,True,Booked,
ST_4616,,SC_782,D15,Regular,True,Booked,
ST_4617,BK_9223,SC_334,D5,Regular,True,Booked,
ST_4619,BK_6780,SC_658,D14,Regular,True,Booked,
ST_4620,BK_9048,SC_707,E17,Regular,True,Booked,
ST_4621,,SC_776,B8,Regular,True,Booked,
ST_4622,BK_8169,SC_396,E6,Regular,True,Booked,
ST_4623,BK_3490,SC_290,E4,Regular,True,Booked,
ST_4624,BK_4571,SC_45,E19,Regular,True,Booked,
ST_4625,BK_7462,SC_547,C20,Regular,True,Booked,
ST_4626,BK_7408,SC_829,A9,Regular,True,Booked,
ST_4627,BK_6602,SC_896,C18,Premium,True,Booked,
ST_4628,BK_6999,SC_753,B10,Premium,True,Available,
ST_4629,BK_9196,SC_253,C5,Regular,True,Booked,
ST_4631,BK_6176,SC_273,A8,Regular,True,Available,
ST_4632,BK_4070,SC_659,D15,Premium,True,Booked,
ST_4633,BK_4892,SC_949,A10,Regular,True,Booked,
ST_4635,BK_5801,SC_754,A10,Regular,True,Reserved,
ST_4636,BK_9107,SC_68,A12,Regular,True,Booked,
ST_4637,BK_6001,SC_812,A15,Premium,True,Booked,
ST_4638,BK_776,SC_806,A15,Premium,True,Booked,
ST_4639,,SC_479,E3,Regular,True,Available,
ST_4640,,SC_201,E5,Regular,True,Booked,
ST_4641,,SC_948,A9,Regular,True,Reserved,
ST_4642,BK_1470,SC_758,E11,Regular,True,Booked,
ST_4643,BK_7284,SC_245,E10,Regular,True,Available,
ST_4644,BK_3753,SC_602,D1,Regular,True,Available,
ST_4645,,SC_96,B9,Premium,True,Booked,
ST_4646,BK_8363,SC_885,C5,Premium,True,Booked,
ST_4647,BK_4515,SC_358,C7,Regular,True,Booked,
ST_4649,BK_4582,SC_746,E8,Regular,True,Booked,
ST_4651,BK_1443,SC_871,E4,Premium,True,Available,
ST_4652,BK_4515,SC_322,E14,Premium,True,Booked,
ST_4653,,SC_390,B2,Premium,True,Booked,
ST_4654,BK_2408,SC_455,E19,VIP,True,Booked,
ST_4655,BK_6479,SC_220,E4,Regular,True,Booked,
ST_4656,,SC_569,D13,VIP,True,Available,
ST_4657,,SC_181,B18,Regular,True,Booked,
ST_4658,BK_2823,SC_858,D17,Regular,True,Booked,
ST_4660,,SC_443,B12,Regular,True,Available,
ST_4661,BK_9072,SC_758,C6,Premium,True,Available,
ST_4662,,SC_709,E19,Premium,True,Available,
ST_4664,,SC_319,C7,Premium,True,Booked,
ST_4665,,SC_484,B14,Regular,True,Booked,
ST_4666,BK_5064,SC_911,E18,Regular,True,Booked,
ST_4667,BK_3184,SC_402,A6,Premium,True,Booked,
ST_4668,BK_1484,SC_612,B2,Regular,True,Booked,
ST_4669,,SC_177,A10,Regular,True,Booked,
ST_4671,,SC_779,A18,Premium,True,Available,
ST_4672,BK_6990,SC_435,A15,Premium,True,Booked,
ST_4673,BK_3312,SC_754,E5,Regular,True,Reserved,
ST_4674,BK_9394,SC_740,A8,Regular,True,Booked,
ST_4675,BK_1926,SC_596,A16,Regular,True,Booked,
ST_4676,BK_206,SC_230,D20,VIP,True,Booked,
ST_4677,BK_738,SC_159,D13,Premium,True,Available,
ST_4678,BK_5945,SC_712,E9,Regular,True,Booked,
ST_4679,BK_8656,SC_16,A15,Regular,True,Available,
ST_4680,BK_4444,SC_268,E9,Regular,True,Reserved,
ST_4681,,SC_18,A14,Regular,True,Booked,
ST_4682,BK_648,SC_156,A19,VIP,True,Available,
ST_4683,,SC_409,D16,Regular,True,Booked,
ST_4684,,SC_143,E14,Premium,True,Booked,
ST_4686,BK_3470,SC_448,D19,Regular,True,Booked,
ST_4687,BK_3551,SC_165,A12,Regular,True,Available,
ST_4688,BK_6607,SC_908,C15,Regular,True,Available,
ST_4689,BK_4472,SC_297,B3,Regular,True,Reserved,
ST_4690,BK_9118,SC_654,B5,Premium,True,Booked,
ST_4691,BK_2524,SC_839,B4,Regular,True,Booked,
ST_4692,BK_2237,SC_318,A13,Premium,True,Available,
ST_4693,BK_8780,SC_118,D18,VIP,True,Booked,
ST_4695,,SC_400,C3,Regular,True,Reserved,
ST_4696,BK_1022,SC_72,C8,Regular,True,Booked,
ST_4697,BK_7709,SC_485,B13,Regular,True,Booked,
ST_4698,BK_4774,SC_569,A14,Premium,True,Booked,
ST_4700,BK_9668,SC_800,A1,Regular,True,Booked,
ST_4701,BK_9984,SC_274,E6,Regular,True,Booked,
ST_4702,BK_697,SC_59,E8,Premium,True,Booked,
ST_4703,BK_5714,SC_407,D20,Regular,True,Available,
ST_4704,BK_395,SC_37,E16,Regular,True,Available,
ST_4705,BK_3241,SC_469,E11,Regular,True,Reserved,
ST_4707,BK_6917,SC_708,D17,Regular,True,Booked,
ST_4709,BK_4299,SC_118,E3,Regular,True,Booked,
ST_4710,BK_1391,SC_706,A16,Regular,True,Booked,
ST_4711,BK_8806,SC_125,C14,Premium,True,Booked,
ST_4713,BK_5209,SC_180,D1,Premium,True,Booked,
ST_4714,,SC_607,C8,Premium,True,Reserved,
ST_4715,BK_9995,SC_629,A18,Regular,True,Booked,
ST_4717,BK_5247,SC_814,A3,Regular,True,Booked,
ST_4719,BK_4836,SC_73,E19,Regular,True,Booked,
ST_4720,BK_5546,SC_851,A20,Regular,True,Booked,
ST_4722,,SC_413,B20,Regular,True,Booked,
ST_4724,BK_4156,SC_672,E13,Regular,True,Booked,
ST_4725,BK_7593,SC_479,D7,Premium,True,Booked,
ST_4726,BK_2315,SC_583,A2,Regular,True,Available,
ST_4727,BK_207,SC_359,C1,Premium,True,Reserved,
ST_4728,BK_2558,SC_977,E4,Premium,True,Booked,
ST_4730,BK_3169,SC_932,A3,Regular,True,Booked,
ST_4731,,SC_629,B19,Regular,True,Available,
ST_4732,BK_8449,SC_446,B8,Premium,True,Booked,
ST_4733,,SC_622,B19,Premium,True,Booked,
ST_4734,BK_4507,SC_311,D20,Regular,True,Booked,
ST_4735,,SC_858,A5,Premium,True,Booked,
ST_4736,BK_4308,SC_15,C8,Premium,True,Booked,
ST_4737,,SC_370,D20,Regular,True,Booked,
ST_4739,BK_9650,SC_128,A16,Premium,True,Booked,
ST_4740,BK_4729,SC_996,A8,Regular,True,Booked,
ST_4741,,SC_474,A13,Regular,True,Booked,
ST_4744,BK_322,SC_233,D17,Regular,True,Booked,
ST_4745,BK_3669,SC_809,C1,Regular,True,Available,
ST_4746,BK_6008,SC_884,A19,Regular,True,Booked,
ST_4748,,SC_510,B11,Regular,True,Booked,
ST_4749,BK_4559,SC_866,A17,VIP,True,Booked,
ST_4750,BK_8679,SC_30,D14,Regular,True,Booked,
ST_4751,BK_8609,SC_44,A8,Regular,True,Booked,
ST_4752,BK_3775,SC_203,A3,Regular,True,Booked,
ST_4753,BK_1808,SC_152,D5,Regular,True,Booked,
ST_4754,BK_5258,SC_994,C1,VIP,True,Booked,
ST_4755,BK_3638,SC_92,B5,Regular,True,Booked,
ST_4756,BK_3652,SC_186,C2,Regular,True,Booked,
ST_4757,BK_4972,SC_493,B4,Premium,True,Booked,
ST_4758,BK_9486,SC_366,B8,Regular,True,Booked,
ST_4760,BK_6038,SC_513,C5,Regular,True,Booked,
ST_4763,BK_6556,SC_695,B14,VIP,True,Booked,
ST_4764,BK_7320,SC_3,C5,Regular,True,Booked,
ST_4765,BK_5605,SC_12,B4,Regular,True,Booked,
ST_4766,BK_1302,SC_253,E11,Regular,True,Available,
ST_4767,BK_3450,SC_951,C1,Regular,True,Reserved,
ST_4768,BK_5227,SC_317,C16,Premium,True,Available,
ST_4769,BK_2230,SC_510,B4,Regular,True,Booked,
ST_4770,BK_3170,SC_312,B18,Regular,True,Booked,
ST_4771,BK_914,SC_968,E8,Premium,True,Booked,
ST_4772,BK_2949,SC_260,C14,Regular,True,Booked,
ST_4773,BK_9426,SC_32,B2,Regular,True,Booked,
ST_4775,BK_7052,SC_401,D12,VIP,True,Reserved,
ST_4776,BK_1654,SC_493,C8,Premium,True,Booked,
ST_4777,BK_1202,SC_419,E19,Regular,True,Booked,
ST_4778,,SC_507,B13,Premium,True,Booked,
ST_4779,BK_5505,SC_849,A8,Regular,True,Booked,
ST_4780,BK_5974,SC_6,B17,Regular,True,Booked,
ST_4781,BK_238,SC_161,B13,Regular,True,Booked,
ST_4782,,SC_942,B16,Regular,True,Available,
ST_4783,BK_7043,SC_811,C2,Regular,True,Booked,
ST_4784,BK_768,SC_355,D8,Regular,True,Reserved,
ST_4785,BK_4749,SC_124,E18,Premium,True,Booked,
ST_4786,BK_7358,SC_197,B8,Regular,True,Booked,
ST_4787,BK_8782,SC_220,D2,Premium,True,Booked,
ST_4788,BK_3257,SC_257,D7,Premium,True,Booked,
ST_4789,BK_6267,SC_319,E12,Regular,True,Booked,
ST_4790,,SC_353,A1,VIP,True,Booked,
ST_4791,BK_5480,SC_187,C7,Regular,True,Booked,
ST_4792,,SC_386,D5,VIP,True,Booked,
ST_4793,BK_3333,SC_202,A11,Regular,True,Available,
ST_4794,BK_6732,SC_842,E16,Regular,True,Booked,
ST_4795,BK_1526,SC_907,E17,Regular,True,Reserved,
ST_4796,BK_8890,SC_667,B18,VIP,True,Booked,
ST_4797,BK_9012,SC_843,E19,Premium,True,Booked,
ST_4798,,SC_836,C11,Regular,True,Reserved,
ST_4799,,SC_524,A7,Premium,True,Booked,
ST_4800,BK_8223,SC_549,C11,Regular,True,Booked,
ST_4801,BK_535,SC_229,D11,Premium,True,Reserved,
ST_4802,BK_9628,SC_280,A2,Regular,True,Booked,
ST_4803,,SC_612,B13,Regular,True,Booked,
ST_4804,BK_7287,SC_982,B5,Regular,True,Booked,
ST_4805,BK_6264,SC_356,D9,Regular,True,Available,
ST_4806,BK_3078,SC_402,C19,Premium,True,Booked,
ST_4807,BK_2845,SC_455,D8,Regular,True,Booked,
ST_4808,BK_4409,SC_639,D3,Regular,True,Available,
ST_4809,BK_6859,SC_407,E16,VIP,True,Booked,
ST_4810,BK_9378,SC_620,E10,Regular,True,Booked,
ST_4811,BK_4698,SC_88,B16,Regular,True,Booked,
ST_4812,BK_3088,SC_948,D16,Premium,True,Booked,
ST_4814,BK_7451,SC_10,A19,Regular,True,Reserved,
ST_4816,BK_3175,SC_120,A15,VIP,True,Booked,
ST_4817,BK_2922,SC_740,D10,Regular,True,Booked,
ST_4818,,SC_224,B17,Premium,True,Booked,
ST_4819,BK_2954,SC_231,C20,Regular,True,Booked,
ST_4821,BK_5629,SC_13,A17,VIP,True,Available,
ST_4822,,SC_180,B16,Regular,True,Booked,
ST_4823,BK_6107,SC_965,E10,Regular,True,Booked,
ST_4824,BK_6931,SC_205,E2,VIP,True,Booked,
ST_4825,BK_5795,SC_680,E2,Premium,True,Booked,
ST_4826,BK_2977,SC_984,B11,Premium,True,Reserved,
ST_4827,BK_9196,SC_200,A19,Regular,True,Available,
ST_4829,BK_308,SC_970,E8,Regular,True,Booked,
ST_4831,BK_3597,SC_399,D19,Regular,True,Booked,
ST_4832,BK_9504,SC_45,C8,Regular,True,Reserved,
ST_4833,BK_609,SC_165,C15,Regular,True,Booked,
ST_4835,BK_1532,SC_479,A5,Premium,True,Booked,
ST_4836,BK_5516,SC_313,D20,Regular,True,Booked,
ST_4837,BK_2445,SC_693,A10,Regular,True,Booked,
ST_4838,BK_466,SC_166,A3,VIP,True,Available,
ST_4839,BK_1499,SC_884,E6,Regular,True,Reserved,
ST_4840,BK_2990,SC_551,E16,Regular,True,Booked,
ST_4841,BK_6454,SC_102,D15,Premium,True,Available,
ST_4842,BK_9647,SC_217,B10,Regular,True,Booked,
ST_4845,BK_4574,SC_657,D12,Premium,True,Booked,
ST_4846,BK_8842,SC_681,C5,Premium,True,Booked,
ST_4847,BK_5797,SC_2,A17,VIP,True,Reserved,
ST_4848,BK_152,SC_321,B1,Premium,True,Booked,
ST_4850,BK_9543,SC_1,D3,Regular,True,Booked,
ST_4852,BK_3403,SC_319,E10,Regular,True,Booked,
ST_4853,BK_2101,SC_85,E19,Premium,True,Booked,
ST_4855,BK_8487,SC_110,A4,Premium,True,Booked,
ST_4856,BK_6799,SC_572,D2,VIP,True,Booked,
ST_4857,BK_646,SC_542,C19,Regular,True,Booked,
ST_4858,BK_8281,SC_192,D3,Premium,True,Available,
ST_4859,BK_9623,SC_390,D16,Regular,True,Booked,
ST_4861,BK_5960,SC_994,D19,Regular,True,Booked,
ST_4863,BK_1587,SC_67,E7,Regular,True,Booked,
ST_4864,,SC_845,D6,Regular,True,Booked,
ST_4865,BK_9922,SC_196,E13,Regular,True,Booked,
ST_4866,BK_3390,SC_578,A16,Regular,True,Booked,
ST_4867,BK_7274,SC_606,B13,Regular,True,Available,
ST_4868,BK_1378,SC_768,A11,Regular,True,Booked,
ST_4869,BK_1203,SC_381,A13,Premium,True,Booked,
ST_4870,BK_4954,SC_753,A12,Regular,True,Reserved,
ST_4871,BK_8144,SC_72,E18,Regular,True,Booked,
ST_4872,BK_2603,SC_862,A4,Regular,True,Booked,
ST_4873,BK_4810,SC_112,B7,Premium,True,Booked,
ST_4874,BK_7625,SC_503,C9,Regular,True,Booked,
ST_4876,BK_2140,SC_602,B5,Premium,True,Booked,
ST_4877,BK_3085,SC_401,D8,VIP,True,Reserved,
ST_4878,BK_2652,SC_174,B7,Regular,True,Booked,
ST_4879,BK_7758,SC_986,C19,Regular,True,Booked,
ST_4880,BK_8210,SC_846,E7,Regular,True,Reserved,
ST_4881,BK_1065,SC_988,B8,Premium,True,Booked,
ST_4882,BK_418,SC_61,D3,Regular,True,Booked,
ST_4883,,SC_506,D19,Regular,True,Available,
ST_4884,BK_9720,SC_349,E18,Regular,True,Booked,
ST_4885,BK_1402,SC_126,B6,Regular,True,Booked,
ST_4887,BK_8444,SC_89,C3,Premium,True,Available,
ST_4888,BK_760,SC_550,B2,Regular,True,Booked,
ST_4889,,SC_78,E2,Regular,True,Available,
ST_4890,BK_1955,SC_12,D17,Premium,True,Booked,
ST_4891,BK_1908,SC_292,B3,Regular,True,Booked,
ST_4892,BK_3281,SC_903,A13,Regular,True,Booked,
ST_4893,BK_5319,SC_375,D13,Regular,True,Booked,
ST_4896,,SC_760,A1,Regular,True,Booked,
ST_4897,BK_633,SC_710,B4,Premium,True,Available,
ST_4898,BK_9328,SC_199,A11,Premium,True,Reserved,
ST_4899,BK_2945,SC_683,E14,Premium,True,Available,
ST_4900,BK_3946,SC_330,C6,Regular,True,Booked,
ST_4901,BK_8629,SC_485,E6,VIP,True,Booked,
ST_4903,BK_8929,SC_712,B4,Regular,True,Booked,
ST_4904,BK_3054,SC_404,C8,Regular,True,Available,
ST_4905,BK_6732,SC_589,B9,Regular,True,Booked,
ST_4907,BK_199,SC_313,E20,Regular,True,Booked,
ST_4908,BK_9221,SC_703,B20,Regular,True,Booked,
ST_4909,BK_2759,SC_493,C7,Regular,True,Booked,
ST_4910,BK_4460,SC_892,A5,Regular,True,Booked,
ST_4911,BK_7769,SC_846,B4,Regular,True,Available,
ST_4912,BK_1375,SC_813,E9,Premium,True,Booked,
ST_4913,,SC_270,D14,Regular,True,Booked,
ST_4914,BK_1189,SC_790,B18,Premium,True,Booked,
ST_4915,BK_3048,SC_762,E7,Premium,True,Booked,
ST_4916,BK_2762,SC_843,B17,Regular,True,Available,
ST_4917,BK_5848,SC_503,D11,Premium,True,Available,
ST_4918,,SC_150,D2,Regular,True,Booked,
ST_4919,BK_593,SC_399,D16,VIP,True,Booked,
ST_4920,,SC_241,C17,Regular,True,Available,
ST_4921,BK_5012,SC_547,D20,Regular,True,Booked,
ST_4922,BK_7050,SC_631,B6,Regular,True,Booked,
ST_4923,BK_3004,SC_725,A1,Premium,True,Booked,
ST_4924,BK_1475,SC_703,E9,Regular,True,Available,
ST_4925,BK_5245,SC_587,D14,Regular,True,Booked,
ST_4926,BK_2005,SC_851,A14,Premium,True,Booked,
ST_4927,BK_5235,SC_874,B6,Regular,True,Booked,
ST_4928,BK_9516,SC_998,C12,Regular,True,Reserved,
ST_4930,,SC_334,D10,VIP,True,Booked,
ST_4931,BK_8083,SC_473,C2,Regular,True,Available,
ST_4932,BK_2462,SC_892,E15,Regular,True,Available,
ST_4934,BK_9973,SC_901,A7,Regular,True,Available,
ST_4935,BK_5879,SC_810,E11,VIP,True,Booked,
ST_4936,BK_3992,SC_879,B20,Regular,True,Booked,
ST_4937,BK_1056,SC_142,B2,Regular,True,Reserved,
ST_4938,BK_6961,SC_701,C11,Regular,True,Booked,
ST_4939,BK_9970,SC_75,D2,VIP,True,Booked,
ST_4940,BK_900,SC_989,B17,Premium,True,Booked,
ST_4941,BK_4857,SC_657,B19,Regular,True,Reserved,
ST_4942,,SC_339,E3,Regular,True,Booked,
ST_4943,,SC_755,C5,Regular,True,Booked,
ST_4944,BK_7427,SC_984,A14,Premium,True,Available,
ST_4945,BK_7718,SC_202,A7,Regular,True,Booked,
ST_4946,,SC_548,C13,Regular,True,Reserved,
ST_4948,BK_7075,SC_575,A5,Regular,True,Booked,
ST_4949,BK_7140,SC_912,B2,Premium,True,Booked,
ST_4950,BK_2205,SC_393,D13,Regular,True,Booked,
ST_4951,BK_2620,SC_64,B1,VIP,True,Booked,
ST_4952,BK_3385,SC_780,A13,Regular,True,Available,
ST_4953,BK_1341,SC_435,C8,Regular,True,Booked,
ST_4954,BK_5375,SC_667,C8,Regular,True,Booked,
ST_4955,BK_330,SC_757,C17,Regular,True,Booked,
ST_4956,BK_9927,SC_496,C10,Regular,True,Booked,
ST_4957,BK_8231,SC_197,D18,Regular,True,Booked,
ST_4958,BK_3481,SC_375,B6,Premium,True,Booked,
ST_4960,BK_4206,SC_71,C2,Regular,True,Booked,
ST_4961,BK_616,SC_549,B7,Premium,True,Booked,
ST_4962,BK_9809,SC_421,C15,Premium,True,Booked,
ST_4963,BK_3462,SC_781,B6,VIP,True,Booked,
ST_4964,BK_7594,SC_473,E20,Regular,True,Available,
ST_4965,BK_1248,SC_999,C16,Regular,True,Booked,
ST_4966,BK_2383,SC_593,B9,Regular,True,Booked,
ST_4968,BK_1942,SC_995,C5,Regular,True,Booked,
ST_4969,,SC_537,A1,Premium,True,Booked,
ST_4970,BK_4693,SC_670,B11,Regular,True,Booked,
ST_4971,BK_1177,SC_701,B3,VIP,True,Reserved,
ST_4972,BK_5882,SC_115,D10,Regular,True,Booked,
ST_4973,BK_7816,SC_360,D10,Premium,True,Booked,
ST_4975,BK_6359,SC_199,C1,Regular,True,Available,
ST_4976,BK_1594,SC_237,E9,Regular,True,Booked,
ST_4978,BK_8095,SC_292,A13,Regular,True,Available,
ST_4979,BK_4838,SC_611,B18,Regular,True,Booked,
ST_4980,BK_4582,SC_213,A18,Regular,True,Booked,
ST_4981,BK_2159,SC_298,C13,Regular,True,Available,
ST_4982,BK_6906,SC_928,C2,Regular,True,Booked,
ST_4984,BK_1370,SC_928,A9,Regular,True,Booked,
ST_4985,BK_7224,SC_197,E8,Regular,True,Booked,
ST_4986,,SC_908,E16,VIP,True,Available,
ST_4987,BK_60,SC_882,B7,Regular,True,Reserved,
ST_4988,BK_7382,SC_226,C10,Premium,True,Booked,
ST_4989,BK_3484,SC_569,B18,VIP,True,Booked,
ST_4990,BK_6465,SC_715,D4,Regular,True,Available,
ST_4991,,SC_563,B17,Premium,True,Booked,
ST_4992,,SC_58,B6,Premium,True,Reserved,
ST_4993,BK_9604,SC_55,B3,Premium,True,Booked,
ST_4994,BK_9515,SC_404,B2,Regular,True,Available,
ST_4995,BK_6216,SC_409,A1,Premium,True,Booked,
ST_4996,BK_6386,SC_243,E8,Premium,True,Booked,
ST_4997,BK_4833,SC_757,A5,Premium,True,Available,
ST_4998,BK_8929,SC_664,B19,Regular,True,Booked,
ST_4999,BK_7882,SC_741,E17,Regular,True,Booked,
ST_5000,BK_5564,SC_440,A17,Regular,True,Reserved,
ST_5001,BK_4107,SC_786,D20,Regular,True,Booked,
ST_5003,BK_8197,SC_569,B1,Regular,True,Booked,
ST_5004,BK_518,SC_985,A12,Regular,True,Booked,
ST_5005,,SC_156,E10,Premium,True,Available,
ST_5006,,SC_368,B12,Premium,True,Booked,
ST_5008,BK_9465,SC_249,A19,Premium,True,Reserved,
ST_5009,BK_5886,SC_555,B6,Premium,True,Reserved,
ST_5010,,SC_664,B14,Regular,True,Booked,
ST_5011,BK_9107,SC_851,C2,Premium,True,Booked,
ST_5012,BK_9665,SC_279,E13,VIP,True,Booked,
ST_5014,BK_624,SC_792,A11,Regular,True,Booked,
ST_5015,,SC_652,C13,Premium,True,Booked,
ST_5016,BK_4067,SC_715,E15,Premium,True,Booked,
ST_5017,BK_7057,SC_453,A10,Regular,True,Booked,
ST_5018,BK_3908,SC_398,E20,Regular,True,Reserved,
ST_5019,BK_9658,SC_397,C11,Regular,True,Booked,
ST_5020,,SC_42,B1,Regular,True,Available,
ST_5022,BK_795,SC_402,D1,Premium,True,Booked,
ST_5023,BK_3198,SC_898,E12,Premium,True,Booked,
ST_5025,BK_9068,SC_937,E11,Regular,True,Booked,
ST_5026,BK_9123,SC_541,A6,Regular,True,Reserved,
ST_5028,BK_6717,SC_38,C2,Regular,True,Reserved,
ST_5029,BK_2279,SC_884,E12,Regular,True,Booked,
ST_5030,BK_5948,SC_508,E7,VIP,True,Booked,
ST_5031,BK_7437,SC_46,D19,Regular,True,Booked,
ST_5032,BK_8402,SC_395,B11,Premium,True,Booked,
ST_5033,BK_9184,SC_538,A11,Premium,True,Booked,
ST_5034,BK_2269,SC_231,E3,Regular,True,Booked,
ST_5035,BK_86,SC_144,D2,Premium,True,Booked,
ST_5036,BK_8559,SC_872,B13,VIP,True,Booked,
ST_5037,BK_572,SC_898,D9,Premium,True,Booked,
ST_5038,BK_3592,SC_740,A6,Regular,True,Booked,
ST_5039,BK_1858,SC_529,C7,Regular,True,Available,
ST_5040,BK_9481,SC_73,E9,Regular,True,Booked,
ST_5041,BK_7338,SC_326,E18,Regular,True,Reserved,
ST_5042,BK_8722,SC_745,C19,Premium,True,Booked,
ST_5043,,SC_977,B14,VIP,True,Available,
ST_5044,,SC_578,B19,Regular,True,Booked,
ST_5045,BK_5163,SC_747,C5,Regular,True,Booked,
ST_5046,BK_4485,SC_208,D3,Regular,True,Booked,
ST_5047,BK_4383,SC_798,B5,Regular,True,Booked,
ST_5048,BK_4631,SC_859,E18,Regular,True,Booked,
ST_5049,,SC_24,D20,Regular,True,Reserved,
ST_5050,BK_3769,SC_31,D1,Premium,True,Available,
ST_5051,BK_16,SC_938,E11,Regular,True,Booked,
ST_5052,BK_9973,SC_423,D10,Regular,True,Booked,
ST_5053,,SC_104,C14,VIP,True,Booked,
ST_5055,BK_1454,SC_775,C3,Regular,True,Booked,
ST_5056,BK_4574,SC_861,B9,Premium,True,Booked,
ST_5057,BK_3667,SC_515,C15,Premium,True,Booked,
ST_5058,BK_7745,SC_982,B6,VIP,True,Booked,
ST_5059,BK_3700,SC_96,B1,Regular,True,Booked,
ST_5060,,SC_84,A8,Regular,True,Booked,
ST_5061,BK_1154,SC_996,D19,Regular,True,Available,
ST_5062,BK_8660,SC_721,C4,Premium,True,Reserved,
ST_5063,,SC_141,A11,Regular,True,Available,
ST_5064,BK_2864,SC_650,E7,Regular,True,Booked,
ST_5065,BK_3076,SC_491,A15,Regular,True,Booked,
ST_5066,BK_6634,SC_906,E11,Regular,True,Booked,
ST_5067,BK_1,SC_303,C20,Regular,True,Booked,
ST_5070,BK_4724,SC_159,D8,Premium,True,Booked,
ST_5072,BK_6001,SC_3,A15,Regular,True,Booked,
ST_5073,BK_9438,SC_24,B13,Premium,True,Available,
ST_5074,BK_894,SC_330,A8,Regular,True,Booked,
ST_5076,,SC_494,D13,VIP,True,Reserved,
ST_5077,BK_223,SC_719,B13,Regular,True,Available,
ST_5078,BK_1789,SC_570,A14,Regular,True,Available,
ST_5079,BK_5954,SC_706,E1,VIP,True,Booked,
ST_5080,BK_1660,SC_481,B15,Regular,True,Booked,
ST_5081,BK_6003,SC_360,C10,Regular,True,Booked,
ST_5082,BK_1673,SC_286,C13,Regular,True,Booked,
ST_5084,BK_7828,SC_138,B3,Premium,True,Booked,
ST_5085,BK_5781,SC_305,B5,Regular,True,Booked,
ST_5088,BK_9275,SC_43,E4,Regular,True,Available,
ST_5091,,SC_111,A5,Premium,True,Available,
ST_5092,BK_8033,SC_614,A5,Premium,True,Booked,
ST_5093,,SC_926,B18,VIP,True,Booked,
ST_5094,BK_2242,SC_241,D14,Regular,True,Booked,
ST_5095,BK_4172,SC_967,A19,Premium,True,Available,
ST_5096,,SC_441,E4,Premium,True,Booked,
ST_5098,BK_4661,SC_391,E5,Regular,True,Booked,
ST_5099,BK_1019,SC_929,A11,Premium,True,Booked,
ST_5100,,SC_327,E12,Regular,True,Reserved,
ST_5101,BK_1556,SC_898,A12,VIP,True,Booked,
ST_5102,BK_994,SC_457,D4,Regular,True,Available,
ST_5103,,SC_155,C2,Regular,True,Reserved,
ST_5104,BK_934,SC_555,C19,Regular,True,Available,
ST_5105,,SC_557,A5,Regular,True,Booked,
ST_5106,BK_8058,SC_113,B9,Regular,True,Booked,
ST_5108,BK_8773,SC_561,B7,Premium,True,Booked,
ST_5110,BK_272,SC_518,A10,Regular,True,Available,
ST_5111,BK_5324,SC_262,C19,Regular,True,Booked,
ST_5112,BK_3082,SC_140,A18,VIP,True,Booked,
ST_5113,BK_5065,SC_659,A7,Regular,True,Reserved,
ST_5114,BK_654,SC_78,C16,Premium,True,Booked,
ST_5115,BK_381,SC_497,A14,Regular,True,Booked,
ST_5117,BK_6298,SC_76,D11,Regular,True,Available,
ST_5118,BK_7489,SC_810,C16,Regular,True,Booked,
ST_5119,BK_9898,SC_748,A2,Regular,True,Booked,
ST_5121,BK_4376,SC_202,C4,Regular,True,Booked,
ST_5122,BK_8972,SC_207,D19,Premium,True,Booked,
ST_5124,BK_5804,SC_252,B6,Premium,True,Available,
ST_5125,BK_8728,SC_865,A14,VIP,True,Reserved,
ST_5126,BK_951,SC_517,C12,Premium,True,Booked,
ST_5127,BK_4941,SC_297,B7,Regular,True,Booked,
ST_5128,BK_2926,SC_849,B9,Premium,True,Available,
ST_5129,,SC_521,B13,Premium,True,Booked,
ST_5130,BK_8841,SC_5,C11,Premium,True,Booked,
ST_5131,BK_6929,SC_370,E9,Premium,True,Booked,
ST_5132,BK_3992,SC_564,A4,Premium,True,Booked,
ST_5133,BK_4796,SC_652,D4,VIP,True,Booked,
ST_5134,,SC_758,C3,Regular,True,Available,
ST_5135,BK_2031,SC_308,A2,Regular,True,Booked,
ST_5137,BK_4166,SC_194,D6,Premium,True,Booked,
ST_5138,,SC_436,D10,Premium,True,Booked,
ST_5139,,SC_551,A2,VIP,True,Booked,
ST_5140,BK_3682,SC_666,B19,VIP,True,Booked,
ST_5141,BK_5011,SC_673,C14,Regular,True,Available,
ST_5142,,SC_300,A9,Regular,True,Booked,
ST_5144,BK_805,SC_507,D6,Regular,True,Reserved,
ST_5145,BK_5313,SC_993,A14,Premium,True,Available,
ST_5146,BK_226,SC_155,A9,Regular,True,Booked,
ST_5148,BK_4219,SC_273,B5,Regular,True,Booked,
ST_5149,BK_9007,SC_941,D4,Regular,True,Booked,
ST_5150,BK_6802,SC_593,B6,Regular,True,Booked,
ST_5151,BK_3322,SC_980,C13,Regular,True,Booked,
ST_5152,BK_4008,SC_662,C14,Premium,True,Booked,
ST_5154,BK_5892,SC_408,E3,VIP,True,Booked,
ST_5155,BK_5325,SC_596,E19,Regular,True,Booked,
ST_5157,BK_4257,SC_914,A11,Premium,True,Available,
ST_5158,BK_9210,SC_780,B6,Premium,True,Booked,
ST_5159,BK_2878,SC_496,D16,Premium,True,Reserved,
ST_5160,BK_267,SC_969,C17,Regular,True,Available,
ST_5161,,SC_499,C2,VIP,True,Reserved,
ST_5162,BK_6385,SC_129,D13,Regular,True,Booked,
ST_5163,BK_7520,SC_823,A2,Regular,True,Booked,
ST_5164,BK_7054,SC_480,D4,Regular,True,Booked,
ST_5165,BK_7484,SC_190,C16,Premium,True,Booked,
ST_5166,BK_6313,SC_362,E5,Regular,True,Reserved,
ST_5167,BK_8179,SC_562,D20,Premium,True,Booked,
ST_5168,,SC_8,C14,Premium,True,Available,
ST_5169,BK_6722,SC_800,B2,Premium,True,Available,
ST_5170,BK_7584,SC_318,C11,Regular,True,Booked,
ST_5171,BK_4482,SC_184,E11,Premium,True,Booked,
ST_5172,,SC_393,C12,Regular,True,Booked,
ST_5173,BK_6785,SC_488,E3,Regular,True,Available,
ST_5175,,SC_733,B19,Premium,True,Available,
ST_5176,,SC_130,D8,Regular,True,Reserved,
ST_5178,BK_6817,SC_384,D16,Premium,True,Reserved,
ST_5179,BK_7818,SC_370,C19,Regular,True,Booked,
ST_5181,BK_3752,SC_124,D4,Regular,True,Booked,
ST_5182,,SC_685,E11,Regular,True,Booked,
ST_5183,BK_8532,SC_940,B5,Regular,True,Available,
ST_5184,,SC_277,A7,VIP,True,Available,
ST_5185,BK_1706,SC_235,A5,Premium,True,Booked,
ST_5186,BK_3019,SC_1,A7,Premium,True,Booked,
ST_5187,BK_6450,SC_305,B9,Regular,True,Booked,
ST_5188,BK_7685,SC_628,B15,Regular,True,Booked,
ST_5189,BK_7202,SC_687,A16,Regular,True,Reserved,
ST_5191,BK_2801,SC_255,E9,Regular,True,Booked,
ST_5192,,SC_645,E15,Regular,True,Available,
ST_5193,,SC_339,B17,Premium,True,Booked,
ST_5194,BK_9360,SC_478,D3,Premium,True,Available,
ST_5195,BK_3926,SC_223,D5,Regular,True,Available,
ST_5196,BK_97,SC_461,E20,Regular,True,Available,
ST_5197,BK_2947,SC_215,E9,Regular,True,Available,
ST_5198,BK_3437,SC_353,C18,Regular,True,Available,
ST_5200,,SC_301,C11,Regular,True,Booked,
ST_5203,BK_5386,SC_656,C9,Premium,True,Booked,
ST_5204,BK_6359,SC_503,C4,Regular,True,Booked,
ST_5206,BK_1031,SC_85,D8,Premium,True,Reserved,
ST_5207,BK_1965,SC_37,A13,Regular,True,Booked,
ST_5208,BK_6367,SC_835,B1,Regular,True,Booked,
ST_5210,BK_8133,SC_282,D3,Regular,True,Booked,
ST_5211,BK_2287,SC_753,C4,Regular,True,Booked,
ST_5212,BK_169,SC_889,C3,Premium,True,Booked,
ST_5214,BK_7336,SC_122,B4,Regular,True,Booked,
ST_5216,BK_4690,SC_529,A4,Premium,True,Booked,
ST_5217,BK_1564,SC_375,C11,Regular,True,Reserved,
ST_5218,BK_2561,SC_368,C5,Premium,True,Available,
ST_5219,BK_1740,SC_572,B4,Regular,True,Booked,
ST_5220,,SC_356,B3,VIP,True,Available,
ST_5221,,SC_21,C15,Regular,True,Booked,
ST_5222,BK_6268,SC_916,E10,Premium,True,Booked,
ST_5223,,SC_919,D7,Premium,True,Booked,
ST_5225,BK_5396,SC_949,E14,Regular,True,Booked,
ST_5226,BK_9561,SC_34,D13,Premium,True,Booked,
ST_5227,BK_398,SC_348,B2,Regular,True,Booked,
ST_5230,,SC_296,C1,Premium,True,Booked,
ST_5231,BK_672,SC_468,D2,Regular,True,Booked,
ST_5232,BK_5793,SC_177,B3,Regular,True,Booked,
ST_5234,BK_2597,SC_398,E17,Regular,True,Booked,
ST_5235,BK_729,SC_974,E13,Regular,True,Booked,
ST_5236,,SC_863,C7,VIP,True,Booked,
ST_5237,BK_4834,SC_131,A4,Regular,True,Available,
ST_5238,BK_4193,SC_594,B2,Regular,True,Booked,
ST_5239,BK_764,SC_536,D12,Regular,True,Booked,
ST_5240,BK_2331,SC_247,D16,Regular,True,Booked,
ST_5241,BK_9753,SC_798,C13,Regular,True,Available,
ST_5243,BK_6048,SC_147,E12,Regular,True,Available,
ST_5244,BK_4614,SC_74,A17,Premium,True,Reserved,
ST_5245,BK_6180,SC_856,D19,VIP,True,Reserved,
ST_5246,BK_3935,SC_695,D1,Regular,True,Available,
ST_5247,BK_4849,SC_223,C16,Regular,True,Booked,
ST_5249,BK_3356,SC_155,A14,Regular,True,Booked,
ST_5250,BK_3716,SC_101,B1,Premium,True,Booked,
ST_5251,BK_8640,SC_263,C3,Premium,True,Booked,
ST_5252,BK_110,SC_513,B13,Regular,True,Booked,
ST_5253,BK_5411,SC_509,A11,Premium,True,Available,
ST_5254,BK_5035,SC_653,A13,VIP,True,Booked,
ST_5257,,SC_7,A7,Regular,True,Booked,
ST_5258,BK_2025,SC_385,E11,Premium,True,Booked,
ST_5260,,SC_152,C20,Regular,True,Booked,
ST_5261,BK_2480,SC_173,D18,Regular,True,Booked,
ST_5264,BK_7097,SC_622,D12,Premium,True,Booked,
ST_5265,BK_627,SC_283,B10,Premium,True,Reserved,
ST_5266,BK_1422,SC_567,D16,Regular,True,Available,
ST_5267,BK_2198,SC_740,A11,VIP,True,Available,
ST_5268,BK_6926,SC_170,B6,Regular,True,Booked,
ST_5269,BK_7768,SC_246,C16,Regular,True,Reserved,
ST_5270,BK_1355,SC_80,C17,Regular,True,Available,
ST_5271,BK_2972,SC_281,C20,Regular,True,Booked,
ST_5272,BK_3083,SC_454,D10,Regular,True,Booked,
ST_5273,BK_9993,SC_688,D20,Regular,True,Booked,
ST_5274,BK_366,SC_301,A12,Premium,True,Booked,
ST_5275,BK_1825,SC_334,D18,Regular,True,Reserved,
ST_5276,BK_9927,SC_497,C5,Regular,True,Booked,
ST_5277,BK_9857,SC_629,D7,Regular,True,Booked,
ST_5278,BK_1475,SC_298,A11,Regular,True,Reserved,
ST_5279,BK_3524,SC_52,C8,Regular,True,Booked,
ST_5281,BK_6799,SC_458,B8,Regular,True,Booked,
ST_5282,,SC_70,D12,Regular,True,Booked,
ST_5284,BK_807,SC_867,E12,Premium,True,Available,
ST_5285,BK_2975,SC_473,E5,VIP,True,Reserved,
ST_5288,BK_7936,SC_270,A10,Premium,True,Booked,
ST_5289,BK_8082,SC_315,C8,Regular,True,Booked,
ST_5290,BK_1990,SC_397,A9,Premium,True,Reserved,
ST_5291,BK_3189,SC_518,B7,Regular,True,Booked,
ST_5292,BK_787,SC_391,D20,Regular,True,Available,
ST_5293,BK_472,SC_383,B3,Regular,True,Booked,
ST_5294,BK_9097,SC_584,D11,VIP,True,Booked,
ST_5295,BK_109,SC_868,B19,Premium,True,Booked,
ST_5297,BK_4555,SC_525,E13,Premium,True,Booked,
ST_5299,BK_3096,SC_544,D17,Regular,True,Booked,
ST_5301,BK_7732,SC_501,D7,Premium,True,Booked,
ST_5302,BK_3579,SC_473,C17,Regular,True,Available,
ST_5303,BK_9290,SC_38,E7,Regular,True,Booked,
ST_5304,BK_9457,SC_154,C3,Premium,True,Available,
ST_5306,BK_4488,SC_322,C17,Regular,True,Available,
ST_5307,,SC_22,D15,Regular,True,Available,
ST_5308,BK_2584,SC_600,D11,Premium,True,Available,
ST_5309,BK_8639,SC_82,A7,Premium,True,Booked,
ST_5310,BK_8640,SC_685,E2,Regular,True,Booked,
ST_5312,BK_8980,SC_307,B3,Regular,True,Booked,
ST_5313,BK_7437,SC_996,D5,Regular,True,Available,
ST_5314,BK_5723,SC_966,E20,VIP,True,Available,
ST_5315,BK_2951,SC_537,D7,Premium,True,Booked,
ST_5316,,SC_587,C10,Regular,True,Booked,
ST_5317,,SC_99,C17,Regular,True,Booked,
ST_5318,BK_9856,SC_324,E17,Regular,True,Booked,
ST_5319,BK_9591,SC_617,E10,Premium,True,Booked,
ST_5321,BK_7336,SC_103,A4,Premium,True,Booked,
ST_5322,BK_4624,SC_406,E4,Regular,True,Booked,
ST_5323,BK_66,SC_821,E20,Regular,True,Booked,
ST_5325,BK_9054,SC_813,C12,Regular,True,Booked,
ST_5326,BK_8839,SC_282,A12,Regular,True,Booked,
ST_5327,BK_4573,SC_794,B8,Regular,True,Available,
ST_5328,BK_6903,SC_943,D5,Regular,True,Available,
ST_5329,BK_9224,SC_484,B15,Regular,True,Available,
ST_5331,BK_1082,SC_657,C3,Regular,True,Booked,
ST_5332,,SC_373,E6,Regular,True,Booked,
ST_5333,BK_8365,SC_140,D7,Regular,True,Available,
ST_5334,BK_5073,SC_578,A13,Regular,True,Booked,
ST_5335,,SC_381,D13,Regular,True,Reserved,
ST_5336,,SC_302,A19,Regular,True,Booked,
ST_5337,BK_2604,SC_464,E18,Regular,True,Booked,
ST_5338,,SC_455,E15,Regular,True,Booked,
ST_5339,BK_5262,SC_386,D20,Premium,True,Available,
ST_5340,,SC_66,A16,Premium,True,Available,
ST_5341,BK_1541,SC_126,B19,Regular,True,Booked,
ST_5342,,SC_446,E10,Regular,True,Booked,
ST_5343,BK_3644,SC_257,A1,VIP,True,Reserved,
ST_5344,BK_657,SC_803,B6,Premium,True,Booked,
ST_5345,BK_1879,SC_67,D17,Premium,True,Reserved,
ST_5346,,SC_817,E19,Premium,True,Booked,
ST_5347,BK_9167,SC_127,C14,Regular,True,Booked,
ST_5348,,SC_204,A11,Regular,True,Booked,
ST_5349,BK_9319,SC_42,B4,Regular,True,Booked,
ST_5350,BK_464,SC_58,E8,Regular,True,Available,
ST_5351,BK_317,SC_943,B13,Regular,True,Available,
ST_5352,BK_8998,SC_80,D4,Regular,True,Booked,
ST_5353,BK_4504,SC_353,B15,VIP,True,Booked,
ST_5354,BK_7704,SC_921,A16,Regular,True,Booked,
ST_5356,BK_4744,SC_276,B6,Regular,True,Available,
ST_5357,BK_8860,SC_44,A19,VIP,True,Available,
ST_5358,,SC_238,B13,Premium,True,Booked,
ST_5360,BK_5757,SC_710,D18,Premium,True,Booked,
ST_5361,BK_5236,SC_487,D19,VIP,True,Booked,
ST_5362,BK_3550,SC_83,A2,Premium,True,Booked,
ST_5363,BK_5076,SC_104,D1,Premium,True,Booked,
ST_5364,BK_419,SC_23,C7,Premium,True,Booked,
ST_5368,BK_8700,SC_193,C7,Regular,True,Booked,
ST_5369,BK_536,SC_806,D8,Regular,True,Reserved,
ST_5370,BK_940,SC_67,D20,Premium,True,Booked,
ST_5371,,SC_161,C16,Premium,True,Booked,
ST_5373,BK_6966,SC_930,D3,Premium,True,Booked,
ST_5374,BK_288,SC_939,B7,Regular,True,Booked,
ST_5375,BK_1080,SC_502,B15,Regular,True,Booked,
ST_5376,,SC_462,E2,Regular,True,Available,
ST_5378,BK_3439,SC_218,E6,Regular,True,Booked,
ST_5379,BK_172,SC_472,B17,VIP,True,Booked,
ST_5380,BK_2881,SC_582,C17,VIP,True,Available,
ST_5381,BK_3887,SC_590,C3,Regular,True,Booked,
ST_5382,,SC_19,B18,Regular,True,Booked,
ST_5383,BK_2840,SC_355,C19,Regular,True,Reserved,
ST_5384,BK_78,SC_916,B12,Premium,True,Booked,
ST_5385,BK_6512,SC_579,A8,Premium,True,Booked,
ST_5386,BK_6405,SC_395,D15,Regular,True,Booked,
ST_5387,,SC_608,E18,Regular,True,Available,
ST_5388,BK_9535,SC_220,A20,Regular,True,Booked,
ST_5389,,SC_213,B11,Premium,True,Booked,
ST_5390,,SC_214,D11,VIP,True,Booked,
ST_5391,BK_4497,SC_134,D10,Premium,True,Available,
ST_5392,BK_5548,SC_165,B9,Regular,True,Booked,
ST_5393,BK_4247,SC_51,D1,Regular,True,Available,
ST_5394,BK_2036,SC_233,A3,Regular,True,Booked,
ST_5395,BK_3029,SC_857,C19,Regular,True,Booked,
ST_5396,BK_9844,SC_202,D1,Premium,True,Available,
ST_5397,BK_9155,SC_407,E17,Regular,True,Booked,
ST_5398,BK_1008,SC_53,E18,Premium,True,Booked,
ST_5399,BK_899,SC_229,D16,Premium,True,Booked,
ST_5401,,SC_547,D13,Premium,True,Booked,
ST_5402,BK_3966,SC_572,C5,Regular,True,Booked,
ST_5404,BK_8276,SC_743,E15,Premium,True,Available,
ST_5405,BK_731,SC_732,A10,Premium,True,Available,
ST_5406,,SC_593,E9,Premium,True,Available,
ST_5407,BK_4444,SC_267,E8,Premium,True,Booked,
ST_5408,BK_7627,SC_664,D16,Premium,True,Booked,
ST_5409,BK_7221,SC_136,C12,VIP,True,Booked,
ST_5411,,SC_80,C1,VIP,True,Booked,
ST_5412,BK_6347,SC_658,E4,Premium,True,Booked,
ST_5414,BK_5026,SC_209,C7,Regular,True,Booked,
ST_5415,BK_5388,SC_148,B17,VIP,True,Available,
ST_5417,BK_8802,SC_603,C14,Premium,True,Booked,
ST_5418,BK_7835,SC_809,A5,Regular,True,Booked,
ST_5420,BK_978,SC_740,D4,Premium,True,Reserved,
ST_5421,BK_8677,SC_996,E15,Premium,True,Available,
ST_5422,BK_4593,SC_407,B14,VIP,True,Booked,
ST_5423,,SC_470,E10,Regular,True,Available,
ST_5424,BK_5673,SC_700,B1,Regular,True,Available,
ST_5425,BK_1372,SC_326,D11,Regular,True,Booked,
ST_5427,BK_5583,SC_531,C15,Regular,True,Booked,
ST_5428,BK_9589,SC_337,C17,Premium,True,Available,
ST_5429,BK_1973,SC_465,E10,Premium,True,Booked,
ST_5431,BK_8896,SC_630,E7,Premium,True,Booked,
ST_5434,BK_7395,SC_227,D3,Regular,True,Booked,
ST_5435,BK_4933,SC_223,E13,Regular,True,Booked,
ST_5436,BK_6428,SC_444,B16,Regular,True,Booked,
ST_5437,BK_9846,SC_194,A10,Regular,True,Available,
ST_5438,BK_3810,SC_850,E15,Premium,True,Booked,
ST_5439,BK_6346,SC_441,B16,Regular,True,Available,
ST_5440,BK_1592,SC_752,C10,Regular,True,Booked,
ST_5441,BK_6169,SC_278,C19,Regular,True,Available,
ST_5442,BK_2350,SC_495,E19,Premium,True,Booked,
ST_5443,BK_7983,SC_165,B4,Regular,True,Booked,
ST_5444,BK_3797,SC_236,C9,VIP,True,Booked,
ST_5445,,SC_728,C2,Regular,True,Booked,
ST_5446,BK_4899,SC_197,B5,Regular,True,Booked,
ST_5448,,SC_394,A13,Premium,True,Booked,
ST_5449,,SC_967,D8,Regular,True,Booked,
ST_5450,,SC_205,A6,Regular,True,Booked,
ST_5451,BK_4702,SC_920,A9,VIP,True,Available,
ST_5452,BK_4660,SC_976,D8,Regular,True,Reserved,
ST_5453,BK_7341,SC_340,E5,Regular,True,Booked,
ST_5454,BK_4605,SC_345,B8,Premium,True,Available,
ST_5455,BK_3237,SC_115,D14,Regular,True,Booked,
ST_5456,BK_1697,SC_576,D18,Premium,True,Booked,
ST_5457,BK_6940,SC_207,B8,Regular,True,Reserved,
ST_5458,BK_672,SC_892,D10,Regular,True,Available,
ST_5459,BK_9524,SC_93,C8,Premium,True,Booked,
ST_5460,BK_4540,SC_525,C5,Premium,True,Available,
ST_5461,BK_9002,SC_915,B7,Premium,True,Booked,
ST_5462,BK_3371,SC_248,E16,Regular,True,Reserved,
ST_5463,BK_4923,SC_580,B12,Regular,True,Booked,
ST_5465,BK_6681,SC_382,A20,Regular,True,Booked,
ST_5466,BK_9250,SC_148,D17,Regular,True,Available,
ST_5467,BK_1867,SC_139,C7,Premium,True,Reserved,
ST_5468,BK_2626,SC_400,A13,Regular,True,Booked,
ST_5469,BK_5154,SC_160,E15,Regular,True,Available,
ST_5471,,SC_683,C3,Regular,True,Booked,
ST_5472,BK_7724,SC_661,D19,Premium,True,Booked,
ST_5474,BK_3302,SC_257,B17,Regular,True,Available,
ST_5475,BK_1279,SC_347,E16,Premium,True,Booked,
ST_5476,BK_36,SC_719,C5,Regular,True,Booked,
ST_5477,,SC_105,A1,Premium,True,Booked,
ST_5478,BK_3664,SC_622,C10,Regular,True,Booked,
ST_5479,,SC_480,A10,Premium,True,Booked,
ST_5480,BK_755,SC_53,B12,Premium,True,Booked,
ST_5481,BK_1911,SC_128,E13,Premium,True,Booked,
ST_5482,BK_3344,SC_144,E15,Regular,True,Booked,
ST_5484,,SC_412,B6,Regular,True,Booked,
ST_5485,BK_1919,SC_323,B17,Regular,True,Available,
ST_5486,BK_4697,SC_594,E14,Regular,True,Booked,
ST_5487,,SC_906,E17,Premium,True,Booked,
ST_5488,BK_6856,SC_817,E15,VIP,True,Booked,
ST_5489,BK_294,SC_718,B14,Regular,True,Available,
ST_5490,BK_6074,SC_675,C5,Regular,True,Available,
ST_5491,,SC_23,B9,Regular,True,Available,
ST_5492,BK_5007,SC_138,A8,Regular,True,Available,
ST_5493,BK_7601,SC_585,A8,Premium,True,Booked,
ST_5495,,SC_901,B17,Regular,True,Available,
ST_5496,BK_271,SC_916,D3,Regular,True,Booked,
ST_5497,BK_1561,SC_103,C16,Regular,True,Reserved,
ST_5498,BK_2798,SC_617,C9,Premium,True,Booked,
ST_5499,BK_7256,SC_877,A6,Regular,True,Available,
ST_5500,,SC_67,A15,Regular,True,Booked,
ST_5501,BK_5627,SC_265,B17,Regular,True,Booked,
ST_5502,BK_9929,SC_302,A10,Regular,True,Booked,
ST_5503,BK_6658,SC_40,D12,Regular,True,Booked,
ST_5504,BK_7701,SC_146,A17,Regular,True,Booked,
ST_5505,BK_9250,SC_742,A17,Regular,True,Available,
ST_5506,,SC_532,A6,Regular,True,Booked,
ST_5509,BK_4015,SC_62,C18,VIP,True,Booked,
ST_5510,BK_7859,SC_162,A2,Premium,True,Booked,
ST_5511,BK_142,SC_754,A7,Regular,True,Booked,
ST_5512,,SC_3,C14,Regular,True,Booked,
ST_5513,,SC_275,A13,Regular,True,Booked,
ST_5514,BK_7882,SC_863,C10,Regular,True,Booked,
ST_5515,BK_510,SC_335,E18,Regular,True,Booked,
ST_5516,BK_269,SC_278,E13,Premium,True,Available,
ST_5517,BK_5074,SC_715,C8,Regular,True,Booked,
ST_5518,BK_9258,SC_476,B1,Regular,True,Available,
ST_5519,BK_9757,SC_120,C1,VIP,True,Booked,
ST_5520,BK_933,SC_956,A3,VIP,True,Booked,
ST_5521,,SC_583,E13,Regular,True,Reserved,
ST_5523,BK_3637,SC_656,A20,Regular,True,Booked,
ST_5524,,SC_671,B6,Regular,True,Booked,
ST_5525,BK_5851,SC_47,D18,Premium,True,Booked,
ST_5526,,SC_755,B20,Regular,True,Available,
ST_5527,BK_6107,SC_409,C3,Premium,True,Booked,
ST_5529,BK_2204,SC_969,D19,Regular,True,Reserved,
ST_5530,BK_4684,SC_903,D10,Regular,True,Booked,
ST_5531,BK_4932,SC_433,C2,Regular,True,Available,
ST_5533,BK_1396,SC_223,E3,Premium,True,Reserved,
ST_5534,BK_2528,SC_431,E14,VIP,True,Booked,
ST_5535,BK_6378,SC_442,B9,Premium,True,Reserved,
ST_5536,BK_4364,SC_518,D16,Regular,True,Available,
ST_5538,BK_9231,SC_36,E8,VIP,True,Booked,
ST_5539,BK_60,SC_835,E5,VIP,True,Available,
ST_5540,BK_3587,SC_920,D18,Premium,True,Booked,
ST_5541,BK_6060,SC_867,E5,Regular,True,Booked,
ST_5542,BK_8049,SC_456,D12,Premium,True,Booked,
ST_5544,BK_5710,SC_171,B6,Regular,True,Available,
ST_5546,,SC_664,D14,VIP,True,Available,
ST_5547,BK_3255,SC_785,C9,Premium,True,Available,
ST_5548,BK_7895,SC_159,E2,VIP,True,Booked,
ST_5549,BK_4887,SC_485,A4,Premium,True,Reserved,
ST_5550,BK_9923,SC_116,A9,Regular,True,Booked,
ST_5551,BK_3362,SC_506,A6,Regular,True,Available,
ST_5552,BK_3385,SC_658,C8,Regular,True,Booked,
ST_5553,BK_4705,SC_775,D7,Regular,True,Available,
ST_5554,BK_934,SC_765,D7,Regular,True,Booked,
ST_5555,BK_1048,SC_445,E3,Regular,True,Booked,
ST_5556,BK_6800,SC_585,E4,Premium,True,Booked,
ST_5559,BK_391,SC_763,B15,Regular,True,Booked,
ST_5560,BK_5329,SC_506,A14,Premium,True,Booked,
ST_5562,BK_9350,SC_611,A4,VIP,True,Booked,
ST_5563,BK_8578,SC_384,B16,Regular,True,Available,
ST_5564,BK_1953,SC_578,D4,VIP,True,Booked,
ST_5565,BK_6710,SC_359,B2,Regular,True,Booked,
ST_5566,BK_4495,SC_741,A2,Regular,True,Available,
ST_5567,BK_7483,SC_883,B11,Premium,True,Booked,
ST_5568,,SC_577,A3,Regular,True,Booked,
ST_5570,BK_7327,SC_366,B14,Regular,True,Booked,
ST_5571,BK_6138,SC_832,E20,VIP,True,Booked,
ST_5572,BK_9971,SC_607,D19,Regular,True,Booked,
ST_5573,BK_2893,SC_456,B7,Regular,True,Booked,
ST_5574,BK_1346,SC_53,A11,Regular,True,Reserved,
ST_5575,BK_703,SC_935,C16,Regular,True,Reserved,
ST_5577,BK_422,SC_967,B4,VIP,True,Booked,
ST_5579,BK_9563,SC_294,E3,Regular,True,Available,
ST_5580,BK_439,SC_160,A18,Regular,True,Booked,
ST_5581,BK_5964,SC_209,A2,Regular,True,Reserved,
ST_5583,BK_2486,SC_876,A15,Regular,True,Booked,
ST_5586,,SC_375,A4,Regular,True,Booked,
ST_5587,,SC_978,C7,Regular,True,Available,
ST_5588,BK_9043,SC_305,E16,Regular,True,Available,
ST_5591,BK_9760,SC_442,C6,Regular,True,Booked,
ST_5594,,SC_823,E3,Regular,True,Available,
ST_5595,BK_3766,SC_30,C19,Premium,True,Booked,
ST_5596,BK_681,SC_999,D5,Regular,True,Available,
ST_5597,BK_3483,SC_884,A13,Regular,True,Booked,
ST_5599,BK_1361,SC_596,A6,Premium,True,Booked,
ST_5600,BK_4054,SC_622,D13,Regular,True,Booked,
ST_5601,BK_5890,SC_541,D16,Regular,True,Reserved,
ST_5602,BK_4936,SC_212,E8,Premium,True,Available,
ST_5603,,SC_883,B17,Premium,True,Booked,
ST_5604,BK_5432,SC_937,A1,Regular,True,Booked,
ST_5606,,SC_697,E8,Premium,True,Booked,
ST_5607,BK_1626,SC_774,A10,Premium,True,Available,
ST_5608,BK_9250,SC_998,E20,Regular,True,Booked,
ST_5609,BK_1576,SC_767,E19,Regular,True,Available,
ST_5610,BK_7928,SC_861,A4,Regular,True,Booked,
ST_5612,BK_3879,SC_586,E18,Premium,True,Booked,
ST_5613,BK_1075,SC_250,C12,Premium,True,Booked,
ST_5614,,SC_9,B11,Premium,True,Available,
ST_5615,BK_8158,SC_121,C13,VIP,True,Booked,
ST_5617,BK_1270,SC_693,A19,Regular,True,Booked,
ST_5618,BK_6479,SC_351,E3,VIP,True,Booked,
ST_5619,BK_8134,SC_524,E7,Premium,True,Reserved,
ST_5620,BK_1987,SC_557,B7,Premium,True,Booked,
ST_5621,BK_9044,SC_143,C20,Regular,True,Booked,
ST_5622,,SC_160,D18,Regular,True,Available,
ST_5623,BK_481,SC_718,A19,Regular,True,Reserved,
ST_5624,BK_9149,SC_659,E18,Regular,True,Booked,
ST_5625,BK_815,SC_506,B3,Regular,True,Available,
ST_5626,BK_6643,SC_547,B8,Regular,True,Booked,
ST_5627,BK_3356,SC_778,B7,VIP,True,Booked,
ST_5630,BK_8862,SC_979,E9,Premium,True,Booked,
ST_5631,BK_5744,SC_230,C6,Regular,True,Booked,
ST_5632,BK_5825,SC_297,B9,Regular,True,Booked,
ST_5633,BK_7242,SC_111,D1,Regular,True,Booked,
ST_5634,BK_8371,SC_956,E14,Regular,True,Booked,
ST_5635,BK_6784,SC_128,E20,Premium,True,Available,
ST_5636,BK_4934,SC_502,D16,Premium,True,Booked,
ST_5637,BK_276,SC_376,E8,Premium,True,Booked,
ST_5638,BK_6981,SC_849,C8,Premium,True,Booked,
ST_5640,BK_5342,SC_957,E13,Regular,True,Available,
ST_5641,BK_8765,SC_83,B10,Regular,True,Booked,
ST_5642,BK_9571,SC_579,E8,Regular,True,Booked,
ST_5643,BK_9242,SC_587,E16,Regular,True,Available,
ST_5644,BK_6522,SC_333,E9,Regular,True,Available,
ST_5645,,SC_740,A4,Premium,True,Booked,
ST_5646,BK_9278,SC_911,C5,Regular,True,Booked,
ST_5647,BK_3096,SC_473,C13,Regular,True,Booked,
ST_5648,BK_7799,SC_839,E4,VIP,True,Available,
ST_5650,BK_6187,SC_741,D8,Regular,True,Booked,
ST_5651,BK_4520,SC_544,E3,Regular,True,Booked,
ST_5652,BK_4092,SC_904,A7,VIP,True,Booked,
ST_5653,BK_9286,SC_103,C2,Regular,True,Booked,
ST_5654,BK_52,SC_218,C11,Regular,True,Available,
ST_5655,BK_1459,SC_422,E16,Regular,True,Booked,
ST_5656,BK_5529,SC_633,E10,Premium,True,Booked,
ST_5657,BK_5756,SC_236,D3,Regular,True,Booked,
ST_5658,BK_1456,SC_203,B12,Premium,True,Booked,
ST_5659,,SC_86,A17,Regular,True,Booked,
ST_5660,BK_7844,SC_276,C19,Regular,True,Reserved,
ST_5661,BK_4353,SC_240,A12,Regular,True,Booked,
ST_5663,BK_4568,SC_23,B15,VIP,True,Reserved,
ST_5664,BK_3262,SC_680,C14,Regular,True,Available,
ST_5665,BK_5188,SC_508,B3,Regular,True,Booked,
ST_5666,BK_7159,SC_792,A20,Regular,True,Available,
ST_5667,BK_6643,SC_98,C13,Premium,True,Booked,
ST_5668,BK_8890,SC_594,E2,Regular,True,Booked,
ST_5669,BK_230,SC_408,B17,Regular,True,Booked,
ST_5670,BK_4306,SC_99,C11,Premium,True,Reserved,
ST_5671,BK_1908,SC_133,D13,Regular,True,Booked,
ST_5672,BK_1002,SC_988,A11,Regular,True,Booked,
ST_5673,BK_5972,SC_386,A19,Premium,True,Booked,
ST_5674,BK_6028,SC_384,A9,Regular,True,Booked,
ST_5675,BK_640,SC_886,B13,Regular,True,Booked,
ST_5676,BK_5749,SC_874,E15,Premium,True,Booked,
ST_5677,BK_8365,SC_50,D6,Regular,True,Booked,
ST_5678,,SC_688,C1,Regular,True,Booked,
ST_5679,BK_3428,SC_716,E20,Regular,True,Available,
ST_5680,BK_186,SC_249,C19,Regular,True,Booked,
ST_5681,,SC_294,D10,Regular,True,Booked,
ST_5682,BK_3597,SC_952,E19,Premium,True,Reserved,
ST_5683,BK_6029,SC_411,E6,Regular,True,Booked,
ST_5684,BK_8158,SC_69,C2,Regular,True,Booked,
ST_5686,BK_5573,SC_579,B18,Regular,True,Available,
ST_5687,BK_5872,SC_518,D3,Premium,True,Booked,
ST_5688,BK_6064,SC_710,A6,Regular,True,Booked,
ST_5689,,SC_722,B8,Regular,True,Available,
ST_5690,BK_5099,SC_920,C2,Premium,True,Booked,
ST_5691,BK_7097,SC_819,B17,Premium,True,Booked,
ST_5692,BK_2798,SC_115,C2,VIP,True,Booked,
ST_5693,BK_2951,SC_747,B18,VIP,True,Booked,
ST_5695,BK_4411,SC_6,D3,Premium,True,Available,
ST_5696,BK_6236,SC_693,C3,Premium,True,Booked,
ST_5697,BK_1273,SC_733,D10,Premium,True,Booked,
ST_5698,,SC_350,E17,Premium,True,Available,
ST_5699,BK_1678,SC_98,A7,Premium,True,Available,
ST_5701,BK_7487,SC_433,C12,Premium,True,Booked,
ST_5702,BK_6930,SC_223,A4,VIP,True,Booked,
ST_5703,BK_2472,SC_611,C14,Regular,True,Booked,
ST_5704,BK_8091,SC_215,D7,Regular,True,Available,
ST_5705,BK_736,SC_863,E11,Regular,True,Booked,
ST_5706,BK_108,SC_551,D18,Regular,True,Reserved,
ST_5707,BK_9340,SC_967,D6,Regular,True,Booked,
ST_5708,BK_2788,SC_168,E7,Regular,True,Reserved,
ST_5709,BK_2897,SC_906,A10,VIP,True,Booked,
ST_5710,,SC_33,C12,Regular,True,Booked,
ST_5711,BK_3768,SC_805,A2,Regular,True,Booked,
ST_5712,BK_8297,SC_162,C7,Regular,True,Booked,
ST_5713,BK_5463,SC_847,A8,Premium,True,Booked,
ST_5714,BK_5995,SC_639,C6,Regular,True,Booked,
ST_5715,,SC_996,A13,Regular,True,Booked,
ST_5716,BK_2539,SC_886,C17,Regular,True,Booked,
ST_5717,BK_4741,SC_366,B1,Regular,True,Booked,
ST_5719,BK_7018,SC_66,E20,Premium,True,Booked,
ST_5720,,SC_363,A8,Regular,True,Booked,
ST_5721,BK_2936,SC_410,E8,Regular,True,Booked,
ST_5722,BK_8627,SC_95,C16,Premium,True,Booked,
ST_5724,BK_8366,SC_365,D14,Regular,True,Available,
ST_5725,BK_4139,SC_999,C15,Regular,True,Available,
ST_5726,BK_7452,SC_414,A4,Premium,True,Available,
ST_5727,BK_6828,SC_543,D19,Regular,True,Booked,
ST_5728,BK_3217,SC_744,B11,Regular,True,Available,
ST_5729,BK_2507,SC_140,D10,Premium,True,Booked,
ST_5730,BK_1724,SC_646,D10,Regular,True,Reserved,
ST_5731,BK_9274,SC_194,B14,Regular,True,Booked,
ST_5733,BK_5247,SC_850,D8,Regular,True,Booked,
ST_5735,BK_2465,SC_976,C15,Regular,True,Booked,
ST_5736,,SC_739,D3,Premium,True,Booked,
ST_5737,BK_6723,SC_1000,D2,Premium,True,Available,
ST_5738,BK_4293,SC_267,B15,Premium,True,Available,
ST_5739,BK_4689,SC_907,B5,Regular,True,Booked,
ST_5740,BK_5428,SC_617,A20,Regular,True,Booked,
ST_5741,BK_1534,SC_345,E9,Regular,True,Booked,
ST_5742,BK_7750,SC_662,D7,Regular,True,Booked,
ST_5743,BK_3187,SC_813,C6,VIP,True,Booked,
ST_5744,BK_4626,SC_96,D13,Regular,True,Booked,
ST_5745,BK_3477,SC_554,B15,Regular,True,Available,
ST_5746,BK_9940,SC_973,B12,Premium,True,Booked,
ST_5748,BK_4469,SC_268,E15,Premium,True,Available,
ST_5749,,SC_635,D9,Premium,True,Booked,
ST_5750,BK_3876,SC_327,C5,Regular,True,Available,
ST_5751,,SC_808,D5,Regular,True,Available,
ST_5753,,SC_76,C9,Regular,True,Booked,
ST_5755,BK_7157,SC_824,A17,Regular,True,Available,
ST_5756,BK_2702,SC_740,A19,Regular,True,Booked,
ST_5757,BK_4784,SC_11,D15,Premium,True,Booked,
ST_5758,BK_3057,SC_760,B5,VIP,True,Booked,
ST_5759,BK_1686,SC_56,E12,Regular,True,Available,
ST_5762,BK_4006,SC_906,E16,Premium,True,Booked,
ST_5763,,SC_473,C14,Regular,True,Booked,
ST_5764,BK_272,SC_12,E6,Premium,True,Available,
ST_5765,BK_1857,SC_319,D12,Regular,True,Booked,
ST_5766,BK_5617,SC_367,A5,Regular,True,Available,
ST_5767,BK_5099,SC_874,A10,Regular,True,Booked,
ST_5770,BK_6927,SC_64,A16,Regular,True,Reserved,
ST_5773,BK_8465,SC_905,D2,Premium,True,Booked,
ST_5774,BK_5582,SC_389,C18,Regular,True,Booked,
ST_5775,,SC_278,E15,Regular,True,Booked,
ST_5776,BK_891,SC_601,C16,Premium,True,Booked,
ST_5778,BK_6887,SC_114,C14,Regular,True,Booked,
ST_5780,BK_9156,SC_115,E15,Premium,True,Booked,
ST_5781,,SC_46,E16,Premium,True,Booked,
ST_5782,BK_6739,SC_43,A12,Regular,True,Booked,
ST_5784,BK_7616,SC_314,D12,VIP,True,Booked,
ST_5785,BK_9187,SC_219,C16,Premium,True,Reserved,
ST_5786,BK_3619,SC_193,A10,Regular,True,Booked,
ST_5787,BK_327,SC_519,A16,Premium,True,Available,
ST_5788,BK_4012,SC_30,E11,VIP,True,Available,
ST_5789,BK_7722,SC_105,D17,Regular,True,Booked,
ST_5790,BK_481,SC_726,D1,Premium,True,Booked,
ST_5791,BK_3208,SC_369,B3,Regular,True,Available,
ST_5792,BK_2349,SC_935,A8,Premium,True,Reserved,
ST_5793,BK_5617,SC_823,E13,Regular,True,Available,
ST_5795,BK_2515,SC_961,B5,Regular,True,Booked,
ST_5796,BK_5653,SC_294,E15,Regular,True,Booked,
ST_5798,BK_3286,SC_48,B13,Regular,True,Booked,
ST_5799,,SC_370,D16,Regular,True,Available,
ST_5800,BK_6186,SC_660,E4,Regular,True,Booked,
ST_5801,BK_3910,SC_95,E16,Premium,True,Booked,
ST_5803,,SC_672,D4,VIP,True,Booked,
ST_5804,BK_8056,SC_7,A8,Regular,True,Booked,
ST_5805,BK_9156,SC_509,C14,Regular,True,Booked,
ST_5807,BK_5846,SC_697,B18,VIP,True,Booked,
ST_5808,,SC_202,C8,Regular,True,Booked,
ST_5809,BK_6117,SC_994,E4,Regular,True,Reserved,
ST_5810,BK_4911,SC_136,E4,Regular,True,Booked,
ST_5811,BK_2722,SC_419,E6,Regular,True,Booked,
ST_5812,BK_9745,SC_874,E9,Regular,True,Available,
ST_5813,BK_9747,SC_104,C11,Regular,True,Booked,
ST_5814,BK_8845,SC_25,E5,Regular,True,Booked,
ST_5815,BK_1376,SC_611,A9,Regular,True,Available,
ST_5817,BK_5912,SC_81,B14,Regular,True,Booked,
ST_5818,BK_8364,SC_128,C18,Regular,True,Available,
ST_5820,BK_9054,SC_31,E14,Regular,True,Booked,
ST_5821,BK_8241,SC_58,C6,Regular,True,Booked,
ST_5822,BK_236,SC_874,B12,Regular,True,Booked,
ST_5823,BK_7255,SC_602,D7,Regular,True,Booked,
ST_5824,BK_1210,SC_821,A11,Regular,True,Reserved,
ST_5825,BK_804,SC_135,E2,Premium,True,Booked,
ST_5826,BK_2462,SC_612,E14,Regular,True,Booked,
ST_5827,,SC_621,E16,Regular,True,Available,
ST_5828,BK_8414,SC_478,C14,Regular,True,Booked,
ST_5829,BK_115,SC_598,A13,Premium,True,Booked,
ST_5830,,SC_241,B4,Regular,True,Reserved,
ST_5831,BK_2494,SC_995,D16,Regular,True,Booked,
ST_5832,BK_3650,SC_920,C19,Regular,True,Available,
ST_5833,BK_6672,SC_732,B15,VIP,True,Booked,
ST_5834,BK_9554,SC_387,E2,Regular,True,Booked,
ST_5835,BK_3860,SC_404,C11,Regular,True,Booked,
ST_5836,BK_2960,SC_168,C3,Premium,True,Available,
ST_5837,BK_366,SC_31,E1,Premium,True,Booked,
ST_5838,,SC_750,C3,Regular,True,Booked,
ST_5842,BK_5840,SC_431,E8,Regular,True,Booked,
ST_5843,BK_942,SC_635,D17,Premium,True,Available,
ST_5844,BK_7647,SC_854,A15,Premium,True,Reserved,
ST_5845,BK_9420,SC_922,B18,Regular,True,Reserved,
ST_5846,BK_8455,SC_22,E17,Premium,True,Reserved,
ST_5847,BK_3190,SC_1,E10,Regular,True,Available,
ST_5848,,SC_495,B18,Regular,True,Booked,
ST_5849,BK_4343,SC_710,A9,Premium,True,Booked,
ST_5851,,SC_11,C19,Regular,True,Available,
ST_5853,BK_8040,SC_87,C10,Regular,True,Booked,
ST_5854,,SC_655,D7,Regular,True,Booked,
ST_5855,BK_8194,SC_182,D5,VIP,True,Available,
ST_5856,BK_7425,SC_55,A4,Regular,True,Reserved,
ST_5857,,SC_678,A2,Regular,True,Booked,
ST_5858,BK_9501,SC_768,B15,Regular,True,Booked,
ST_5859,BK_4706,SC_526,C12,Premium,True,Booked,
ST_5860,BK_8615,SC_904,C8,Regular,True,Booked,
ST_5861,BK_257,SC_594,A18,Premium,True,Booked,
ST_5862,BK_1093,SC_268,C9,VIP,True,Booked,
ST_5864,BK_9669,SC_424,C19,Regular,True,Booked,
ST_5865,BK_3366,SC_50,D7,Regular,True,Reserved,
ST_5866,BK_3478,SC_328,E17,VIP,True,Booked,
ST_5868,BK_8808,SC_881,E12,Regular,True,Booked,
ST_5869,BK_5075,SC_219,C10,VIP,True,Booked,
ST_5870,BK_6775,SC_928,C6,Regular,True,Available,
ST_5871,BK_8182,SC_904,E14,Premium,True,Booked,
ST_5872,BK_8759,SC_116,D12,Regular,True,Available,
ST_5873,BK_851,SC_905,A8,Regular,True,Booked,
ST_5875,BK_6477,SC_665,C5,Premium,True,Available,
ST_5876,BK_858,SC_255,D1,Regular,True,Reserved,
ST_5877,BK_7590,SC_324,E13,Premium,True,Booked,
ST_5878,BK_2478,SC_602,C6,Regular,True,Booked,
ST_5879,BK_4248,SC_397,A6,VIP,True,Booked,
ST_5880,BK_8900,SC_293,C20,Premium,True,Booked,
ST_5881,BK_8936,SC_10,C1,Premium,True,Available,
ST_5882,BK_6514,SC_885,B4,Premium,True,Available,
ST_5883,BK_3533,SC_325,D20,Premium,True,Booked,
ST_5885,BK_9767,SC_345,B2,Regular,True,Reserved,
ST_5886,BK_9210,SC_280,C19,Regular,True,Available,
ST_5889,BK_6813,SC_536,B5,Regular,True,Booked,
ST_5890,BK_5396,SC_884,C5,VIP,True,Booked,
ST_5891,BK_826,SC_113,B17,Regular,True,Booked,
ST_5892,BK_6269,SC_426,B9,Premium,True,Available,
ST_5893,BK_1131,SC_683,B8,Premium,True,Booked,
ST_5896,BK_7460,SC_987,B10,Regular,True,Booked,
ST_5897,BK_8354,SC_948,D10,VIP,True,Booked,
ST_5898,,SC_493,E16,Premium,True,Booked,
ST_5900,,SC_389,D8,Regular,True,Available,
ST_5901,,SC_60,A10,Regular,True,Reserved,
ST_5902,BK_7455,SC_421,A15,Premium,True,Booked,
ST_5903,,SC_752,B8,Premium,True,Booked,
ST_5904,BK_1487,SC_961,C10,Premium,True,Booked,
ST_5905,BK_7817,SC_446,B3,Premium,True,Booked,
ST_5906,BK_4073,SC_648,A5,Regular,True,Available,
ST_5907,BK_9477,SC_884,D7,Premium,True,Available,
ST_5908,,SC_135,D14,Regular,True,Booked,
ST_5909,BK_7282,SC_843,C2,VIP,True,Booked,
ST_5910,,SC_857,C13,Premium,True,Booked,
ST_5911,BK_7887,SC_390,C6,Premium,True,Booked,
ST_5912,BK_3189,SC_460,C19,Regular,True,Booked,
ST_5913,BK_1207,SC_740,B11,Premium,True,Booked,
ST_5914,BK_9809,SC_181,A15,Regular,True,Booked,
ST_5915,BK_7235,SC_282,C16,Regular,True,Booked,
ST_5916,BK_1400,SC_193,A14,Regular,True,Booked,
ST_5917,BK_849,SC_181,E7,Premium,True,Reserved,
ST_5918,,SC_352,C6,Regular,True,Booked,
ST_5919,BK_8584,SC_20,E16,Regular,True,Booked,
ST_5920,BK_7481,SC_985,E18,Premium,True,Booked,
ST_5921,BK_8890,SC_294,C11,Regular,True,Booked,
ST_5923,BK_3387,SC_991,B20,Regular,True,Booked,
ST_5924,BK_7730,SC_389,E14,Regular,True,Booked,
ST_5925,BK_2155,SC_386,C15,Premium,True,Available,
ST_5927,BK_6798,SC_497,B18,Premium,True,Available,
ST_5929,BK_9871,SC_798,E18,VIP,True,Booked,
ST_5931,BK_9358,SC_458,C6,Regular,True,Booked,
ST_5932,BK_5398,SC_179,B4,Regular,True,Available,
ST_5933,BK_9756,SC_663,C14,Premium,True,Reserved,
ST_5934,BK_6974,SC_5,C2,Regular,True,Booked,
ST_5935,BK_2216,SC_215,D16,Regular,True,Reserved,
ST_5936,BK_5453,SC_371,B16,Premium,True,Booked,
ST_5938,BK_7489,SC_92,C10,Regular,True,Booked,
ST_5942,BK_1692,SC_894,E11,Regular,True,Booked,
ST_5943,BK_1141,SC_312,A8,VIP,True,Reserved,
ST_5944,BK_281,SC_302,D3,Premium,True,Available,
ST_5945,BK_8236,SC_76,D8,Premium,True,Booked,
ST_5946,,SC_353,E16,Premium,True,Available,
ST_5947,,SC_224,A13,Regular,True,Booked,
ST_5948,BK_588,SC_242,B17,Premium,True,Booked,
ST_5949,BK_6614,SC_454,E11,Regular,True,Booked,
ST_5950,,SC_935,D17,Premium,True,Booked,
ST_5951,,SC_961,A12,Premium,True,Booked,
ST_5953,BK_6949,SC_948,A7,Regular,True,Available,
ST_5954,BK_7797,SC_977,B18,Regular,True,Reserved,
ST_5956,BK_5092,SC_768,A9,Premium,True,Booked,
ST_5957,BK_2858,SC_412,E18,Regular,True,Booked,
ST_5958,BK_8050,SC_68,D15,Premium,True,Reserved,
ST_5959,BK_496,SC_905,A9,Regular,True,Booked,
ST_5960,BK_9913,SC_115,D7,Regular,True,Booked,
ST_5961,BK_860,SC_860,C7,Regular,True,Booked,
ST_5962,BK_5152,SC_819,B11,Premium,True,Booked,
ST_5963,,SC_524,A4,Regular,True,Booked,
ST_5964,,SC_57,B1,Regular,True,Available,
ST_5965,BK_4399,SC_760,B7,Regular,True,Booked,
ST_5966,BK_3191,SC_133,A13,Regular,True,Booked,
ST_5967,BK_7835,SC_743,D11,Regular,True,Booked,
ST_5968,BK_6053,SC_148,B5,Regular,True,Booked,
ST_5970,BK_6691,SC_912,D11,Premium,True,Booked,
ST_5971,BK_9337,SC_252,A2,Regular,True,Booked,
ST_5972,BK_5575,SC_699,D16,Regular,True,Available,
ST_5973,BK_5588,SC_273,C11,VIP,True,Reserved,
ST_5974,BK_8366,SC_463,B18,Premium,True,Booked,
ST_5975,BK_6705,SC_330,C8,Regular,True,Booked,
ST_5979,BK_2719,SC_597,E9,VIP,True,Reserved,
ST_5980,BK_3801,SC_802,E15,Regular,True,Booked,
ST_5981,BK_8279,SC_518,D11,Premium,True,Reserved,
ST_5984,BK_8627,SC_327,E4,VIP,True,Reserved,
ST_5986,,SC_874,A17,Regular,True,Booked,
ST_5988,BK_3503,SC_864,B13,Premium,True,Booked,
ST_5989,BK_8086,SC_299,B6,Regular,True,Booked,
ST_5990,,SC_752,B17,Regular,True,Reserved,
ST_5991,,SC_68,E15,Premium,True,Available,
ST_5992,BK_3752,SC_401,C7,Premium,True,Booked,
ST_5993,BK_5491,SC_72,C17,Premium,True,Available,
ST_5995,BK_6398,SC_980,C10,Regular,True,Booked,
ST_5996,BK_7690,SC_48,C9,Premium,True,Booked,
ST_5997,BK_7408,SC_965,D3,Regular,True,Booked,
ST_5998,BK_4764,SC_739,A1,Premium,True,Available,
ST_5999,BK_1285,SC_894,D14,Premium,True,Booked,
ST_6000,BK_6894,SC_609,E1,Regular,True,Available,
ST_6001,BK_5241,SC_38,E14,Regular,True,Booked,
ST_6002,BK_436,SC_92,B13,Regular,True,Reserved,
ST_6003,BK_3450,SC_976,C1,Premium,True,Booked,
ST_6004,BK_6559,SC_366,C2,Premium,True,Booked,
ST_6005,,SC_73,E14,Regular,True,Reserved,
ST_6006,BK_5855,SC_760,E1,Regular,True,Booked,
ST_6007,BK_7737,SC_738,A19,Premium,True,Booked,
ST_6008,BK_9396,SC_471,B2,Premium,True,Booked,
ST_6009,BK_3530,SC_293,C2,Regular,True,Booked,
ST_6010,,SC_493,C17,Regular,True,Available,
ST_6011,BK_7302,SC_72,C16,Regular,True,Booked,
ST_6012,BK_3106,SC_138,E9,Premium,True,Available,
ST_6013,BK_8342,SC_639,C16,Regular,True,Booked,
ST_6015,BK_9676,SC_104,B5,Premium,True,Booked,
ST_6016,,SC_372,C5,Regular,True,Booked,
ST_6017,BK_8841,SC_843,B3,Regular,True,Booked,
ST_6019,,SC_933,B3,Regular,True,Available,
ST_6020,BK_7977,SC_644,C20,Premium,True,Booked,
ST_6021,BK_6165,SC_931,B19,VIP,True,Booked,
ST_6022,BK_9894,SC_807,E2,Regular,True,Booked,
ST_6024,BK_8620,SC_88,D5,Regular,True,Reserved,
ST_6025,BK_9724,SC_513,A4,Regular,True,Booked,
ST_6027,BK_8189,SC_567,E1,Regular,True,Booked,
ST_6028,BK_2924,SC_9,C3,Premium,True,Booked,
ST_6029,BK_6156,SC_851,D1,Regular,True,Available,
ST_6030,BK_9931,SC_545,B15,VIP,True,Booked,
ST_6031,BK_3206,SC_463,D10,Regular,True,Booked,
ST_6032,,SC_402,B9,Regular,True,Available,
ST_6033,,SC_345,C16,VIP,True,Available,
ST_6034,BK_6469,SC_942,A5,Regular,True,Booked,
ST_6035,BK_3359,SC_407,C1,VIP,True,Available,
ST_6036,BK_2882,SC_900,C14,Regular,True,Booked,
ST_6037,BK_7984,SC_188,C5,Premium,True,Booked,
ST_6038,BK_9544,SC_619,C7,Premium,True,Booked,
ST_6039,,SC_748,A18,Regular,True,Booked,
ST_6040,BK_1892,SC_548,A11,Regular,True,Booked,
ST_6041,BK_3605,SC_872,E15,Regular,True,Reserved,
ST_6042,BK_9959,SC_419,E4,Regular,True,Reserved,
ST_6043,BK_6579,SC_377,A9,Regular,True,Booked,
ST_6044,BK_1310,SC_505,C9,Regular,True,Available,
ST_6046,BK_8357,SC_235,A3,Premium,True,Available,
ST_6047,BK_9032,SC_481,E14,Premium,True,Booked,
ST_6048,BK_7870,SC_951,A7,Regular,True,Booked,
ST_6049,,SC_30,B4,Premium,True,Booked,
ST_6050,BK_4486,SC_752,C2,Regular,True,Reserved,
ST_6052,BK_4270,SC_914,A18,Regular,True,Reserved,
ST_6054,BK_9930,SC_214,C6,Regular,True,Available,
ST_6055,BK_257,SC_675,A18,Regular,True,Booked,
ST_6056,BK_8172,SC_335,A19,Premium,True,Available,
ST_6057,BK_2931,SC_867,D3,Premium,True,Booked,
ST_6058,BK_5783,SC_318,B19,Regular,True,Booked,
ST_6059,,SC_123,A20,Premium,True,Reserved,
ST_6060,,SC_77,D10,Premium,True,Booked,
ST_6061,BK_1652,SC_980,A3,Premium,True,Booked,
ST_6062,BK_5203,SC_538,D17,Regular,True,Booked,
ST_6063,BK_462,SC_265,B4,Premium,True,Available,
ST_6064,BK_9647,SC_973,A4,Regular,True,Booked,
ST_6066,BK_2838,SC_46,A13,Regular,True,Available,
ST_6067,,SC_357,C20,Regular,True,Reserved,
ST_6068,BK_3373,SC_128,D20,Regular,True,Reserved,
ST_6070,BK_2825,SC_357,D5,Premium,True,Booked,
ST_6071,BK_2505,SC_803,A5,Regular,True,Booked,
ST_6072,BK_1386,SC_920,E11,Premium,True,Booked,
ST_6074,BK_1251,SC_368,E11,Regular,True,Reserved,
ST_6075,BK_5715,SC_615,E4,Regular,True,Booked,
ST_6076,BK_7417,SC_537,A17,Premium,True,Available,
ST_6078,BK_8933,SC_675,A9,Premium,True,Booked,
ST_6079,BK_2828,SC_816,C16,Regular,True,Reserved,
ST_6080,BK_3585,SC_360,D11,Regular,True,Reserved,
ST_6082,BK_9184,SC_546,B5,Regular,True,Booked,
ST_6083,BK_32,SC_242,A13,Regular,True,Booked,
ST_6084,BK_8118,SC_130,A10,Regular,True,Booked,
ST_6085,,SC_16,B11,Regular,True,Booked,
ST_6086,BK_7804,SC_7,C7,Regular,True,Booked,
ST_6087,BK_1443,SC_558,E8,Regular,True,Booked,
ST_6088,BK_6999,SC_904,A9,Regular,True,Available,
ST_6089,BK_9119,SC_167,C8,Regular,True,Booked,
ST_6090,BK_4554,SC_170,A12,Regular,True,Booked,
ST_6091,BK_7099,SC_969,D4,Regular,True,Reserved,
ST_6092,BK_9704,SC_474,A20,Premium,True,Available,
ST_6093,BK_3762,SC_15,C2,Premium,True,Booked,
ST_6096,BK_6607,SC_64,A13,VIP,True,Available,
ST_6097,BK_1968,SC_715,A2,Regular,True,Booked,
ST_6098,,SC_2,A1,Premium,True,Booked,
ST_6099,BK_5907,SC_946,B3,Premium,True,Booked,
ST_6100,,SC_367,E1,VIP,True,Booked,
ST_6101,BK_2297,SC_376,D15,Premium,True,Available,
ST_6102,BK_2074,SC_93,A1,Regular,True,Available,
ST_6103,BK_4172,SC_921,C13,Regular,True,Booked,
ST_6104,,SC_610,D18,Regular,True,Booked,
ST_6105,BK_2235,SC_302,E16,Regular,True,Available,
ST_6106,BK_791,SC_520,E16,Regular,True,Booked,
ST_6107,,SC_167,E8,Regular,True,Reserved,
ST_6108,BK_6245,SC_190,E4,Regular,True,Reserved,
ST_6109,BK_7292,SC_399,B18,Regular,True,Available,
ST_6110,BK_4849,SC_355,D9,Regular,True,Booked,
ST_6111,BK_4655,SC_519,C20,Premium,True,Booked,
ST_6112,BK_9034,SC_515,A9,Regular,True,Reserved,
ST_6113,BK_7634,SC_431,D5,Regular,True,Available,
ST_6114,BK_2003,SC_688,E15,Premium,True,Booked,
ST_6115,BK_5072,SC_736,E9,Regular,True,Booked,
ST_6117,,SC_886,D1,Regular,True,Available,
ST_6118,BK_3327,SC_634,A19,Premium,True,Booked,
ST_6119,,SC_521,B5,Premium,True,Booked,
ST_6120,BK_4234,SC_314,A12,Regular,True,Available,
ST_6121,BK_2089,SC_227,B18,Premium,True,Booked,
ST_6123,BK_5879,SC_207,B13,Premium,True,Booked,
ST_6124,BK_7291,SC_980,C19,Regular,True,Booked,
ST_6125,BK_7931,SC_195,C8,Premium,True,Booked,
ST_6126,BK_5385,SC_617,D11,Regular,True,Booked,
ST_6127,BK_6418,SC_863,C11,Regular,True,Available,
ST_6129,BK_4969,SC_135,E14,Premium,True,Booked,
ST_6130,BK_5258,SC_433,A19,Regular,True,Booked,
ST_6131,BK_2122,SC_933,D1,Premium,True,Available,
ST_6132,BK_6325,SC_887,C3,Premium,True,Booked,
ST_6133,BK_5046,SC_727,A15,Regular,True,Booked,
ST_6134,BK_6208,SC_759,B7,Regular,True,Booked,
ST_6135,BK_1416,SC_135,D9,Premium,True,Booked,
ST_6137,BK_7597,SC_100,B13,Regular,True,Booked,
ST_6138,BK_6646,SC_216,B16,Regular,True,Booked,
ST_6139,BK_7700,SC_613,E5,Regular,True,Reserved,
ST_6140,BK_3235,SC_469,C13,Regular,True,Booked,
ST_6142,BK_9074,SC_491,A13,VIP,True,Booked,
ST_6144,BK_4875,SC_769,A18,VIP,True,Booked,
ST_6146,BK_4612,SC_96,C10,Premium,True,Booked,
ST_6147,,SC_581,D18,Premium,True,Reserved,
ST_6148,,SC_303,A16,Regular,True,Available,
ST_6149,BK_8728,SC_758,B5,Regular,True,Available,
ST_6151,BK_431,SC_722,A13,Premium,True,Booked,
ST_6152,,SC_394,C3,VIP,True,Available,
ST_6153,BK_8470,SC_235,B4,Regular,True,Available,
ST_6154,BK_1448,SC_946,C12,Regular,True,Booked,
ST_6156,BK_9294,SC_866,B5,Regular,True,Available,
ST_6157,BK_8540,SC_808,B3,Regular,True,Available,
ST_6158,BK_852,SC_656,C6,Premium,True,Booked,
ST_6159,BK_7380,SC_321,C4,VIP,True,Booked,
ST_6160,BK_395,SC_752,E16,Regular,True,Booked,
ST_6161,,SC_113,D13,VIP,True,Booked,
ST_6162,BK_501,SC_952,D9,VIP,True,Booked,
ST_6164,BK_6208,SC_89,D18,Premium,True,Booked,
ST_6166,BK_5780,SC_229,C2,Premium,True,Booked,
ST_6167,BK_5594,SC_729,D10,Regular,True,Booked,
ST_6169,BK_2812,SC_475,A15,Regular,True,Available,
ST_6170,,SC_637,A8,Regular,True,Booked,
ST_6171,BK_527,SC_367,D6,VIP,True,Booked,
ST_6172,BK_7008,SC_584,E14,Premium,True,Available,
ST_6173,BK_8454,SC_817,D13,Premium,True,Booked,
ST_6174,BK_1875,SC_727,C14,Premium,True,Booked,
ST_6175,,SC_991,A12,Regular,True,Booked,
ST_6176,,SC_83,A19,Regular,True,Booked,
ST_6177,BK_7484,SC_782,C12,Regular,True,Reserved,
ST_6178,BK_9136,SC_808,C18,Regular,True,Booked,
ST_6181,,SC_519,D18,Regular,True,Reserved,
ST_6182,,SC_160,A6,Premium,True,Reserved,
ST_6183,BK_5760,SC_19,A16,Premium,True,Booked,
ST_6184,BK_1490,SC_808,D6,Premium,True,Available,
ST_6185,BK_3488,SC_741,B19,Premium,True,Booked,
ST_6186,BK_997,SC_205,D10,Regular,True,Available,
ST_6187,BK_8962,SC_68,D16,Regular,True,Reserved,
ST_6188,BK_6853,SC_969,E3,VIP,True,Booked,
ST_6189,BK_8481,SC_301,A4,Regular,True,Booked,
ST_6190,BK_1551,SC_286,B12,Regular,True,Reserved,
ST_6191,,SC_966,C14,Premium,True,Booked,
ST_6193,BK_9329,SC_812,C18,Regular,True,Reserved,
ST_6195,BK_6229,SC_772,A2,Regular,True,Booked,
ST_6197,BK_8082,SC_607,E13,Premium,True,Available,
ST_6198,,SC_383,B14,Regular,True,Booked,
ST_6199,BK_4998,SC_524,D1,Premium,True,Booked,
ST_6200,BK_9245,SC_453,A17,Regular,True,Available,
ST_6202,BK_1550,SC_238,A7,Regular,True,Reserved,
ST_6203,BK_5227,SC_85,C18,Premium,True,Booked,
ST_6204,BK_3925,SC_206,C15,Premium,True,Booked,
ST_6205,,SC_957,D17,Premium,True,Available,
ST_6206,BK_1656,SC_234,A19,Regular,True,Booked,
ST_6207,BK_5047,SC_243,A15,Regular,True,Booked,
ST_6208,BK_9900,SC_128,B9,Premium,True,Booked,
ST_6209,BK_3704,SC_403,C1,Regular,True,Booked,
ST_6210,BK_2148,SC_129,D9,Premium,True,Booked,
ST_6211,,SC_246,D12,Regular,True,Available,
ST_6212,BK_1025,SC_788,A5,Premium,True,Booked,
ST_6213,BK_6781,SC_446,B19,Premium,True,Reserved,
ST_6214,BK_419,SC_670,B7,Premium,True,Available,
ST_6215,,SC_507,C17,Regular,True,Reserved,
ST_6218,BK_6094,SC_195,C12,Regular,True,Booked,
ST_6219,BK_965,SC_899,D6,Premium,True,Booked,
ST_6220,BK_1270,SC_795,A6,Regular,True,Booked,
ST_6222,BK_5778,SC_251,B9,Regular,True,Booked,
ST_6223,BK_194,SC_376,C12,Regular,True,Booked,
ST_6224,BK_5566,SC_419,C5,Regular,True,Reserved,
ST_6225,BK_7758,SC_159,A3,Regular,True,Reserved,
ST_6226,BK_520,SC_888,C18,Regular,True,Booked,
ST_6227,BK_9966,SC_305,C15,Premium,True,Booked,
ST_6228,BK_4339,SC_503,B11,Premium,True,Booked,
ST_6229,BK_9082,SC_593,B16,Regular,True,Reserved,
ST_6230,BK_1120,SC_585,E9,Premium,True,Available,
ST_6231,BK_4011,SC_257,C14,Regular,True,Booked,
ST_6232,BK_1275,SC_628,C4,Regular,True,Booked,
ST_6233,BK_6584,SC_888,E1,Regular,True,Booked,
ST_6234,BK_1049,SC_165,A1,Regular,True,Reserved,
ST_6235,BK_8369,SC_16,D13,Regular,True,Booked,
ST_6236,BK_5721,SC_504,D1,Premium,True,Booked,
ST_6237,BK_5310,SC_887,A3,Regular,True,Booked,
ST_6238,BK_98,SC_611,A6,Premium,True,Booked,
ST_6239,BK_7579,SC_217,B6,Regular,True,Booked,
ST_6240,BK_7879,SC_94,B3,Regular,True,Booked,
ST_6241,BK_352,SC_13,D17,Premium,True,Booked,
ST_6242,BK_1491,SC_448,A20,Regular,True,Booked,
ST_6243,BK_3245,SC_646,D7,Regular,True,Booked,
ST_6244,BK_1946,SC_977,E16,Regular,True,Available,
ST_6245,,SC_188,A4,Regular,True,Reserved,
ST_6246,BK_2092,SC_765,A8,Premium,True,Booked,
ST_6248,BK_1412,SC_315,E6,Premium,True,Available,
ST_6250,BK_1686,SC_731,A18,Premium,True,Reserved,
ST_6251,BK_5153,SC_819,A2,Premium,True,Available,
ST_6252,BK_6949,SC_342,E2,Premium,True,Booked,
ST_6255,BK_308,SC_451,C10,Regular,True,Booked,
ST_6257,BK_875,SC_606,B14,Regular,True,Booked,
ST_6258,BK_6575,SC_427,C15,Regular,True,Booked,
ST_6260,BK_508,SC_367,B18,Regular,True,Booked,
ST_6261,BK_1692,SC_91,A5,Premium,True,Booked,
ST_6265,BK_4517,SC_784,D11,VIP,True,Booked,
ST_6266,BK_3710,SC_51,E5,Premium,True,Booked,
ST_6267,BK_1113,SC_424,A15,Regular,True,Reserved,
ST_6269,BK_2484,SC_187,B7,Regular,True,Reserved,
ST_6271,BK_1955,SC_849,B15,Regular,True,Booked,
ST_6272,BK_7508,SC_982,B9,VIP,True,Booked,
ST_6273,BK_4503,SC_158,D3,Regular,True,Booked,
ST_6274,BK_1558,SC_896,B6,Regular,True,Available,
ST_6276,BK_298,SC_372,D18,Regular,True,Booked,
ST_6277,BK_5850,SC_160,D1,Premium,True,Booked,
ST_6278,BK_9219,SC_932,D1,Premium,True,Available,
ST_6281,BK_8743,SC_483,E11,Regular,True,Available,
ST_6282,BK_3388,SC_596,C14,Regular,True,Reserved,
ST_6284,BK_9781,SC_215,A16,Regular,True,Booked,
ST_6285,,SC_638,A17,Premium,True,Booked,
ST_6287,BK_5488,SC_243,E3,Regular,True,Booked,
ST_6288,BK_8734,SC_411,A3,Regular,True,Reserved,
ST_6290,BK_7585,SC_806,D13,Premium,True,Booked,
ST_6291,BK_6270,SC_606,A1,Regular,True,Booked,
ST_6292,BK_1967,SC_681,A5,Regular,True,Booked,
ST_6293,BK_7302,SC_727,A5,Regular,True,Booked,
ST_6294,BK_5205,SC_251,E11,Regular,True,Booked,
ST_6295,BK_7957,SC_721,A10,Regular,True,Booked,
ST_6296,,SC_670,C19,Premium,True,Booked,
ST_6297,,SC_142,B13,Premium,True,Booked,
ST_6300,,SC_176,C10,Regular,True,Booked,
ST_6301,,SC_562,C16,Regular,True,Booked,
ST_6302,BK_1686,SC_918,D18,VIP,True,Booked,
ST_6304,BK_4814,SC_82,C15,Regular,True,Booked,
ST_6305,BK_6599,SC_203,B18,Premium,True,Booked,
ST_6306,BK_1872,SC_281,C16,Regular,True,Reserved,
ST_6307,BK_2005,SC_895,E11,Regular,True,Booked,
ST_6308,,SC_688,A10,Regular,True,Available,
ST_6309,,SC_776,C9,Premium,True,Reserved,
ST_6311,,SC_513,D20,Regular,True,Booked,
ST_6314,BK_1121,SC_15,A2,Regular,True,Booked,
ST_6315,BK_2506,SC_710,B14,Regular,True,Reserved,
ST_6316,BK_5931,SC_166,C16,Regular,True,Booked,
ST_6317,BK_138,SC_181,A8,Regular,True,Available,
ST_6319,BK_3971,SC_135,C9,Regular,True,Reserved,
ST_6320,,SC_843,E7,Regular,True,Reserved,
ST_6322,BK_2352,SC_322,B20,VIP,True,Booked,
ST_6323,,SC_683,D14,Premium,True,Booked,
ST_6324,BK_2873,SC_507,B2,Premium,True,Booked,
ST_6325,BK_1370,SC_27,B16,Regular,True,Booked,
ST_6326,BK_8768,SC_187,D12,Premium,True,Booked,
ST_6327,BK_6534,SC_796,C10,Regular,True,Booked,
ST_6330,BK_321,SC_204,D1,Premium,True,Available,
ST_6331,BK_9753,SC_258,C20,Regular,True,Booked,
ST_6332,BK_4834,SC_666,C20,Regular,True,Available,
ST_6334,,SC_609,D14,Regular,True,Reserved,
ST_6335,BK_7575,SC_171,C17,Premium,True,Booked,
ST_6336,BK_68,SC_427,B18,VIP,True,Booked,
ST_6337,BK_3145,SC_723,B14,Regular,True,Booked,
ST_6338,BK_4314,SC_648,A15,Regular,True,Available,
ST_6339,,SC_678,C7,VIP,True,Booked,
ST_6340,BK_4110,SC_968,B16,Regular,True,Booked,
ST_6341,,SC_253,E13,Premium,True,Reserved,
ST_6342,BK_1010,SC_604,B9,Regular,True,Booked,
ST_6343,,SC_614,D17,Regular,True,Booked,
ST_6345,BK_9347,SC_895,B6,Regular,True,Reserved,
ST_6346,BK_1315,SC_636,A13,Regular,True,Booked,
ST_6347,BK_4445,SC_211,E16,Premium,True,Booked,
ST_6348,BK_7176,SC_370,A4,Regular,True,Booked,
ST_6349,BK_9095,SC_935,B3,Regular,True,Available,
ST_6350,BK_1538,SC_601,A13,Regular,True,Booked,
ST_6351,BK_6430,SC_75,C18,Regular,True,Available,
ST_6352,BK_1025,SC_703,E12,Premium,True,Booked,
ST_6353,BK_6270,SC_779,C1,Regular,True,Booked,
ST_6354,BK_7521,SC_250,A12,VIP,True,Available,
ST_6355,BK_6271,SC_809,C18,Regular,True,Booked,
ST_6356,BK_3338,SC_810,A19,Regular,True,Booked,
ST_6357,BK_4095,SC_843,A9,Regular,True,Booked,
ST_6358,BK_5578,SC_176,D12,Premium,True,Booked,
ST_6359,BK_5428,SC_873,E18,Regular,True,Booked,
ST_6361,BK_4829,SC_600,D13,Regular,True,Booked,
ST_6362,BK_6609,SC_229,A2,Regular,True,Available,
ST_6363,BK_2763,SC_545,E2,Regular,True,Available,
ST_6364,BK_3964,SC_153,E11,Regular,True,Reserved,
ST_6367,BK_3041,SC_602,B10,Regular,True,Available,
ST_6368,BK_6627,SC_329,E12,Regular,True,Available,
ST_6369,BK_7922,SC_609,E7,Premium,True,Booked,
ST_6370,BK_9173,SC_386,E8,Premium,True,Booked,
ST_6371,BK_180,SC_276,E4,Premium,True,Booked,
ST_6372,,SC_788,C6,Regular,True,Booked,
ST_6373,BK_9343,SC_547,D2,Regular,True,Reserved,
ST_6374,BK_9911,SC_569,B2,Regular,True,Booked,
ST_6375,BK_1985,SC_504,A17,Premium,True,Booked,
ST_6376,BK_8422,SC_138,C7,Regular,True,Booked,
ST_6377,BK_3378,SC_142,C11,Premium,True,Booked,
ST_6378,,SC_131,A13,Regular,True,Booked,
ST_6379,BK_5897,SC_444,E19,Regular,True,Available,
ST_6381,,SC_823,D16,Regular,True,Available,
ST_6382,,SC_356,A8,Regular,True,Booked,
ST_6383,BK_997,SC_144,A20,VIP,True,Available,
ST_6384,BK_7003,SC_456,D7,Regular,True,Available,
ST_6386,BK_1098,SC_370,C10,Premium,True,Available,
ST_6387,BK_6822,SC_461,E5,Regular,True,Booked,
ST_6388,BK_6674,SC_925,C10,Regular,True,Booked,
ST_6389,BK_2875,SC_567,C8,Regular,True,Reserved,
ST_6390,BK_7135,SC_179,E20,Regular,True,Available,
ST_6391,BK_3616,SC_986,D10,VIP,True,Available,
ST_6392,BK_522,SC_65,C17,Regular,True,Booked,
ST_6393,BK_7184,SC_415,A9,Regular,True,Available,
ST_6394,BK_1539,SC_413,A19,Premium,True,Available,
ST_6395,BK_7042,SC_250,B18,Regular,True,Booked,
ST_6397,BK_3200,SC_635,A16,Premium,True,Reserved,
ST_6398,BK_2235,SC_661,C5,Premium,True,Booked,
ST_6400,BK_2325,SC_660,E12,Premium,True,Booked,
ST_6401,BK_234,SC_235,B3,Premium,True,Available,
ST_6402,BK_4788,SC_575,B4,Regular,True,Booked,
ST_6404,BK_9725,SC_393,C5,Regular,True,Booked,
ST_6405,,SC_865,D4,Premium,True,Available,
ST_6406,BK_5192,SC_726,A13,Premium,True,Available,
ST_6407,BK_582,SC_375,C8,Premium,True,Booked,
ST_6408,BK_1661,SC_842,B5,Regular,True,Reserved,
ST_6409,BK_2196,SC_645,E3,Premium,True,Booked,
ST_6411,BK_5557,SC_926,C2,Regular,True,Booked,
ST_6412,BK_5866,SC_873,D11,Regular,True,Booked,
ST_6414,BK_1361,SC_51,B6,Regular,True,Booked,
ST_6416,BK_7320,SC_969,A14,Regular,True,Available,
ST_6417,BK_4485,SC_447,E17,Regular,True,Booked,
ST_6418,,SC_715,A20,Premium,True,Booked,
ST_6419,,SC_135,C19,Premium,True,Available,
ST_6420,,SC_918,C7,Regular,True,Booked,
ST_6422,BK_4466,SC_494,D4,Regular,True,Booked,
ST_6423,BK_5961,SC_18,A1,Premium,True,Booked,
ST_6424,,SC_475,C8,Regular,True,Booked,
ST_6425,BK_5324,SC_952,B4,VIP,True,Booked,
ST_6426,,SC_324,E8,Regular,True,Booked,
ST_6427,BK_4003,SC_142,B12,Premium,True,Booked,
ST_6428,BK_2503,SC_718,B1,Regular,True,Booked,
ST_6429,BK_9658,SC_542,B6,Regular,True,Booked,
ST_6430,BK_9065,SC_34,B3,Regular,True,Booked,
ST_6431,BK_5811,SC_926,D20,Regular,True,Booked,
ST_6432,BK_3047,SC_80,C6,Regular,True,Available,
ST_6433,BK_2905,SC_868,B17,Regular,True,Booked,
ST_6435,BK_3070,SC_127,E13,Premium,True,Booked,
ST_6436,BK_8213,SC_437,D8,Regular,True,Booked,
ST_6437,,SC_458,B4,Regular,True,Available,
ST_6438,BK_4043,SC_445,D8,VIP,True,Booked,
ST_6439,BK_378,SC_505,A6,Regular,True,Booked,
ST_6440,,SC_765,D18,Premium,True,Available,
ST_6441,BK_3491,SC_974,E10,Regular,True,Booked,
ST_6442,,SC_632,C7,Regular,True,Booked,
ST_6443,,SC_393,D2,Regular,True,Booked,
ST_6444,BK_8877,SC_736,A11,Regular,True,Booked,
ST_6445,BK_6772,SC_404,B10,Regular,True,Booked,
ST_6446,BK_4718,SC_17,D8,Premium,True,Available,
ST_6447,BK_9907,SC_550,A18,Regular,True,Available,
ST_6448,BK_8002,SC_955,D16,Regular,True,Reserved,
ST_6449,BK_6129,SC_688,A14,Regular,True,Booked,
ST_6450,BK_8663,SC_564,A14,Premium,True,Booked,
ST_6451,BK_4605,SC_510,D10,Premium,True,Booked,
ST_6453,BK_3096,SC_811,D1,Regular,True,Available,
ST_6454,BK_1667,SC_270,D10,Regular,True,Booked,
ST_6455,BK_6607,SC_296,C10,Premium,True,Booked,
ST_6456,BK_7626,SC_368,B7,Regular,True,Reserved,
ST_6458,BK_7948,SC_882,B9,Regular,True,Booked,
ST_6460,BK_8877,SC_205,C7,VIP,True,Available,
ST_6462,,SC_186,D11,Premium,True,Booked,
ST_6463,BK_6536,SC_214,E1,Premium,True,Booked,
ST_6465,BK_7832,SC_161,A7,Regular,True,Booked,
ST_6467,BK_2066,SC_665,C11,Regular,True,Available,
ST_6468,BK_997,SC_845,A12,Premium,True,Booked,
ST_6469,BK_3217,SC_215,E20,Regular,True,Booked,
ST_6471,BK_9503,SC_480,B6,Regular,True,Booked,
ST_6472,,SC_760,E19,Premium,True,Available,
ST_6473,BK_5325,SC_293,C9,Regular,True,Booked,
ST_6474,BK_1898,SC_56,B5,Premium,True,Booked,
ST_6475,BK_4875,SC_3,E9,Premium,True,Available,
ST_6476,BK_7535,SC_515,C18,Premium,True,Booked,
ST_6477,BK_6732,SC_174,E6,VIP,True,Booked,
ST_6478,BK_7981,SC_644,E11,Regular,True,Booked,
ST_6479,BK_7517,SC_635,B5,Regular,True,Booked,
ST_6480,BK_6629,SC_415,A17,Regular,True,Available,
ST_6481,BK_1357,SC_630,C9,Regular,True,Available,
ST_6483,BK_7961,SC_250,C13,Premium,True,Booked,
ST_6484,BK_1659,SC_50,A1,Regular,True,Booked,
ST_6485,BK_1853,SC_54,E1,Regular,True,Booked,
ST_6486,BK_8099,SC_224,E1,Regular,True,Booked,
ST_6487,BK_7007,SC_248,B15,Regular,True,Available,
ST_6488,BK_3820,SC_731,E3,Regular,True,Booked,
ST_6489,,SC_900,A10,Regular,True,Booked,
ST_6490,BK_5824,SC_650,C20,Regular,True,Booked,
ST_6491,BK_769,SC_430,A11,Premium,True,Available,
ST_6492,BK_1296,SC_222,D18,Regular,True,Booked,
ST_6493,BK_3031,SC_507,B16,Regular,True,Available,
ST_6494,BK_687,SC_143,B9,Premium,True,Available,
ST_6495,BK_5771,SC_399,E7,VIP,True,Booked,
ST_6496,BK_9663,SC_675,B5,VIP,True,Available,
ST_6497,BK_7475,SC_88,A16,Regular,True,Booked,
ST_6498,BK_3103,SC_385,A11,Regular,True,Booked,
ST_6499,BK_9259,SC_823,E14,VIP,True,Available,
ST_6500,BK_1767,SC_567,C1,Regular,True,Available,
ST_6501,BK_2093,SC_29,A17,Regular,True,Booked,
ST_6502,,SC_979,A11,Regular,True,Booked,
ST_6503,BK_6782,SC_540,C2,Regular,True,Reserved,
ST_6504,BK_5285,SC_210,A5,VIP,True,Booked,
ST_6505,BK_7791,SC_160,E16,Regular,True,Booked,
ST_6506,BK_423,SC_931,B10,Premium,True,Booked,
ST_6507,BK_2034,SC_166,C13,Regular,True,Booked,
ST_6508,BK_5349,SC_480,E4,Regular,True,Booked,
ST_6509,BK_4622,SC_660,B11,Regular,True,Available,
ST_6510,BK_5467,SC_550,E18,Regular,True,Booked,
ST_6511,BK_4637,SC_988,A20,Premium,True,Booked,
ST_6512,BK_8064,SC_360,C16,Regular,True,Booked,
ST_6514,BK_5629,SC_627,A15,Regular,True,Available,
ST_6515,,SC_485,A3,Regular,True,Booked,
ST_6516,BK_5594,SC_520,A10,Premium,True,Booked,
ST_6517,,SC_384,C6,Regular,True,Booked,
ST_6518,BK_6138,SC_261,C4,Regular,True,Booked,
ST_6519,BK_1136,SC_589,A9,VIP,True,Booked,
ST_6520,BK_9002,SC_43,B16,Regular,True,Available,
ST_6522,,SC_928,C4,Regular,True,Booked,
ST_6524,,SC_645,E6,Regular,True,Available,
ST_6526,BK_1555,SC_12,C16,Premium,True,Booked,
ST_6527,BK_5321,SC_228,D1,Premium,True,Booked,
ST_6528,BK_7052,SC_480,B14,Premium,True,Booked,
ST_6530,BK_6897,SC_240,E10,Premium,True,Available,
ST_6531,BK_3762,SC_98,D18,Premium,True,Booked,
ST_6532,BK_8678,SC_859,D15,Premium,True,Booked,
ST_6533,,SC_891,C18,Premium,True,Booked,
ST_6534,BK_634,SC_143,D8,Regular,True,Available,
ST_6536,BK_3059,SC_800,D5,Premium,True,Reserved,
ST_6537,,SC_477,C2,Regular,True,Booked,
ST_6538,BK_6007,SC_656,B20,Premium,True,Booked,
ST_6540,BK_763,SC_970,E3,Regular,True,Available,
ST_6542,BK_5085,SC_171,B10,Regular,True,Booked,
ST_6543,BK_2584,SC_561,A1,Regular,True,Booked,
ST_6545,BK_8071,SC_566,D10,Regular,True,Available,
ST_6547,BK_7027,SC_113,D1,Premium,True,Available,
ST_6548,BK_831,SC_89,E8,Regular,True,Booked,
ST_6549,,SC_633,E4,Regular,True,Booked,
ST_6550,BK_5805,SC_269,D4,Regular,True,Available,
ST_6551,BK_6058,SC_769,B6,Regular,True,Booked,
ST_6553,BK_3912,SC_670,D4,Premium,True,Booked,
ST_6554,BK_9783,SC_763,A9,Regular,True,Booked,
ST_6555,BK_9045,SC_918,C5,Regular,True,Available,
ST_6556,BK_6117,SC_184,E1,Premium,True,Available,
ST_6557,BK_8490,SC_246,A10,Regular,True,Booked,
ST_6559,BK_3395,SC_347,D8,Premium,True,Reserved,
ST_6560,BK_1301,SC_35,D1,Regular,True,Available,
ST_6561,BK_7571,SC_142,D6,Premium,True,Booked,
ST_6562,BK_2106,SC_618,E10,Premium,True,Booked,
ST_6563,BK_9758,SC_241,D9,Regular,True,Booked,
ST_6564,,SC_946,A4,Premium,True,Booked,
ST_6565,BK_1951,SC_217,E2,VIP,True,Booked,
ST_6566,,SC_222,C13,VIP,True,Available,
ST_6567,BK_1128,SC_23,B16,Premium,True,Booked,
ST_6568,BK_2727,SC_821,B10,Regular,True,Booked,
ST_6570,BK_25,SC_208,B5,Regular,True,Booked,
ST_6572,BK_3443,SC_956,B14,Regular,True,Available,
ST_6573,BK_4164,SC_149,C6,Premium,True,Reserved,
ST_6574,BK_5832,SC_132,E18,Regular,True,Reserved,
ST_6575,,SC_339,C18,Regular,True,Reserved,
ST_6576,BK_9478,SC_39,E10,Regular,True,Reserved,
ST_6577,BK_9599,SC_773,B14,Regular,True,Booked,
ST_6578,BK_9722,SC_65,E11,Regular,True,Booked,
ST_6579,BK_6759,SC_814,D9,Regular,True,Booked,
ST_6580,BK_2114,SC_106,C2,Regular,True,Booked,
ST_6581,BK_7128,SC_311,D18,Regular,True,Booked,
ST_6582,BK_3617,SC_637,C12,VIP,True,Booked,
ST_6583,BK_9536,SC_866,A2,Premium,True,Booked,
ST_6584,,SC_885,E15,Premium,True,Booked,
ST_6585,BK_6991,SC_443,E7,VIP,True,Booked,
ST_6586,BK_8651,SC_269,B3,Regular,True,Booked,
ST_6587,BK_1795,SC_286,A12,Regular,True,Reserved,
ST_6589,BK_1902,SC_329,B4,Regular,True,Booked,
ST_6590,BK_8790,SC_447,A8,Regular,True,Booked,
ST_6591,BK_2120,SC_351,A18,Regular,True,Booked,
ST_6592,BK_1675,SC_249,B1,Premium,True,Booked,
ST_6593,BK_9689,SC_79,C3,VIP,True,Reserved,
ST_6595,BK_3108,SC_973,D14,VIP,True,Booked,
ST_6596,,SC_302,C3,Regular,True,Booked,
ST_6597,BK_8762,SC_256,A16,Regular,True,Booked,
ST_6598,,SC_32,E12,VIP,True,Available,
ST_6599,,SC_986,E13,Regular,True,Booked,
ST_6600,BK_482,SC_446,C10,Premium,True,Available,
ST_6601,BK_1682,SC_90,C14,VIP,True,Booked,
ST_6602,BK_9785,SC_82,D1,VIP,True,Booked,
ST_6603,BK_6497,SC_824,E2,Premium,True,Reserved,
ST_6604,BK_388,SC_532,B6,Regular,True,Booked,
ST_6605,BK_7203,SC_203,C7,Premium,True,Booked,
ST_6606,BK_7202,SC_325,C15,Regular,True,Available,
ST_6608,,SC_150,D17,Regular,True,Booked,
ST_6609,BK_4454,SC_174,D15,Premium,True,Booked,
ST_6610,BK_808,SC_478,E16,Regular,True,Booked,
ST_6611,BK_3598,SC_538,A5,Regular,True,Available,
ST_6612,BK_5418,SC_981,D8,Regular,True,Booked,
ST_6614,BK_1961,SC_844,E18,Regular,True,Booked,
ST_6615,BK_3651,SC_212,C20,Premium,True,Reserved,
ST_6617,,SC_523,E12,Regular,True,Booked,
ST_6619,BK_2580,SC_140,B2,Premium,True,Booked,
ST_6621,BK_5083,SC_256,D18,Regular,True,Booked,
ST_6622,BK_4099,SC_373,B19,Premium,True,Booked,
ST_6623,BK_1450,SC_653,C11,Regular,True,Booked,
ST_6624,BK_2529,SC_376,B3,Regular,True,Booked,
ST_6625,BK_7739,SC_674,E8,Premium,True,Reserved,
ST_6626,,SC_311,B5,Regular,True,Booked,
ST_6627,BK_6028,SC_832,D6,Regular,True,Available,
ST_6628,BK_6648,SC_77,E8,Premium,True,Booked,
ST_6629,BK_1849,SC_765,E8,Regular,True,Booked,
ST_6630,BK_9065,SC_776,D10,Regular,True,Available,
ST_6631,BK_794,SC_416,C2,Premium,True,Booked,
ST_6632,BK_3734,SC_714,C8,Regular,True,Reserved,
ST_6634,BK_7064,SC_120,C9,Regular,True,Booked,
ST_6635,,SC_324,A6,Regular,True,Booked,
ST_6636,BK_5891,SC_301,E5,Regular,True,Booked,
ST_6637,BK_6259,SC_68,B18,Regular,True,Booked,
ST_6638,BK_9998,SC_401,E3,Regular,True,Booked,
ST_6639,,SC_478,A19,Regular,True,Available,
ST_6640,BK_2151,SC_603,C9,Regular,True,Booked,
ST_6641,,SC_128,D8,Regular,True,Booked,
ST_6643,BK_9210,SC_416,D20,Regular,True,Available,
ST_6644,,SC_344,A11,Premium,True,Available,
ST_6645,BK_7392,SC_364,B11,Regular,True,Booked,
ST_6647,BK_1086,SC_343,D7,Premium,True,Available,
ST_6648,,SC_292,E19,VIP,True,Booked,
ST_6650,BK_3366,SC_755,B9,Regular,True,Booked,
ST_6651,BK_7339,SC_332,B2,Premium,True,Booked,
ST_6652,BK_2308,SC_748,E19,VIP,True,Available,
ST_6653,BK_279,SC_899,A16,Regular,True,Available,
ST_6654,BK_6575,SC_181,E19,Regular,True,Booked,
ST_6655,BK_4242,SC_644,B8,Regular,True,Booked,
ST_6656,BK_8953,SC_393,C18,Regular,True,Booked,
ST_6657,BK_3326,SC_62,D17,Premium,True,Booked,
ST_6658,BK_9765,SC_120,A20,Premium,True,Booked,
ST_6659,BK_2373,SC_285,C10,Regular,True,Booked,
ST_6660,BK_1388,SC_526,B10,Premium,True,Booked,
ST_6662,BK_3397,SC_577,A10,Regular,True,Available,
ST_6663,BK_7539,SC_785,A8,VIP,True,Available,
ST_6664,BK_8444,SC_302,D7,Regular,True,Available,
ST_6665,BK_6068,SC_689,C2,Regular,True,Booked,
ST_6666,BK_2201,SC_570,E4,Regular,True,Available,
ST_6668,BK_5961,SC_996,D3,Premium,True,Available,
ST_6669,BK_1004,SC_253,A18,Regular,True,Booked,
ST_6670,BK_2721,SC_339,D1,Regular,True,Available,
ST_6671,BK_4226,SC_191,D9,Premium,True,Booked,
ST_6672,BK_1382,SC_766,A8,Regular,True,Available,
ST_6674,BK_360,SC_98,C11,Regular,True,Available,
ST_6675,BK_7984,SC_994,C3,Regular,True,Booked,
ST_6676,,SC_632,E15,Regular,True,Booked,
ST_6677,BK_3334,SC_160,C7,Regular,True,Booked,
ST_6678,BK_5160,SC_968,C17,Regular,True,Available,
ST_6680,BK_1935,SC_543,B4,Regular,True,Booked,
ST_6681,BK_9565,SC_303,D13,Regular,True,Booked,
ST_6682,BK_5065,SC_850,B3,Regular,True,Booked,
ST_6684,BK_6550,SC_431,B19,Regular,True,Booked,
ST_6685,BK_3466,SC_787,E3,Premium,True,Booked,
ST_6686,BK_9453,SC_690,D18,Regular,True,Booked,
ST_6687,BK_8399,SC_981,C8,VIP,True,Available,
ST_6688,,SC_294,D7,Regular,True,Booked,
ST_6689,BK_5611,SC_563,A5,Regular,True,Booked,
ST_6690,BK_6047,SC_110,A18,Regular,True,Available,
ST_6691,BK_1110,SC_45,B13,Regular,True,Booked,
ST_6692,BK_9089,SC_635,E16,Regular,True,Booked,
ST_6693,BK_1443,SC_272,E5,Premium,True,Booked,
ST_6695,BK_2504,SC_422,D2,Premium,True,Booked,
ST_6696,BK_3847,SC_780,A2,Regular,True,Booked,
ST_6697,BK_1754,SC_637,A12,Regular,True,Booked,
ST_6698,BK_4796,SC_542,A19,VIP,True,Booked,
ST_6699,BK_4730,SC_124,E20,Regular,True,Booked,
ST_6700,BK_9437,SC_265,E11,Regular,True,Booked,
ST_6701,BK_184,SC_540,A12,Regular,True,Booked,
ST_6702,BK_1852,SC_994,E8,Premium,True,Booked,
ST_6703,,SC_446,E19,Regular,True,Booked,
ST_6704,BK_4666,SC_729,A7,Premium,True,Booked,
ST_6707,BK_5457,SC_180,D9,Regular,True,Booked,
ST_6708,BK_1571,SC_908,C3,Regular,True,Booked,
ST_6709,BK_964,SC_252,B3,Premium,True,Booked,
ST_6710,BK_8030,SC_464,E20,Regular,True,Reserved,
ST_6712,,SC_525,C9,VIP,True,Booked,
ST_6713,,SC_748,E6,VIP,True,Booked,
ST_6714,BK_8530,SC_396,C12,Regular,True,Booked,
ST_6715,BK_9012,SC_91,D11,Regular,True,Booked,
ST_6716,BK_2452,SC_573,B9,Regular,True,Booked,
ST_6717,BK_6071,SC_182,B20,Regular,True,Booked,
ST_6718,,SC_948,C15,VIP,True,Booked,
ST_6719,,SC_137,D9,Regular,True,Booked,
ST_6720,BK_9940,SC_124,A18,Regular,True,Available,
ST_6721,BK_7717,SC_72,E14,Premium,True,Booked,
ST_6722,BK_7112,SC_548,E17,Regular,True,Booked,
ST_6723,BK_9570,SC_369,E6,VIP,True,Booked,
ST_6724,,SC_80,A9,Regular,True,Available,
ST_6725,BK_7666,SC_836,B1,Regular,True,Booked,
ST_6726,BK_7349,SC_701,E17,Regular,True,Booked,
ST_6728,BK_7103,SC_886,C4,Premium,True,Reserved,
ST_6730,,SC_249,A12,Regular,True,Booked,
ST_6731,BK_3642,SC_599,D5,Premium,True,Booked,
ST_6732,BK_3410,SC_275,C6,Regular,True,Booked,
ST_6733,BK_5609,SC_356,A20,Regular,True,Available,
ST_6734,BK_6029,SC_401,C11,Premium,True,Available,
ST_6735,BK_5423,SC_488,A14,Regular,True,Booked,
ST_6736,BK_2267,SC_437,E17,Regular,True,Booked,
ST_6737,BK_9580,SC_488,A19,Regular,True,Booked,
ST_6738,,SC_191,C3,Regular,True,Booked,
ST_6739,BK_7734,SC_462,E8,Regular,True,Reserved,
ST_6740,BK_3595,SC_709,B16,Regular,True,Booked,
ST_6741,,SC_374,C7,VIP,True,Reserved,
ST_6743,BK_1120,SC_660,B8,Regular,True,Available,
ST_6744,BK_3026,SC_520,B12,Premium,True,Available,
ST_6746,BK_6090,SC_125,E3,Premium,True,Booked,
ST_6747,BK_4749,SC_342,A5,Regular,True,Booked,
ST_6748,BK_115,SC_585,C16,Premium,True,Booked,
ST_6750,BK_2801,SC_80,E1,VIP,True,Booked,
ST_6751,BK_6387,SC_991,A13,Premium,True,Booked,
ST_6752,BK_9866,SC_541,B3,Premium,True,Booked,
ST_6753,BK_180,SC_946,E14,Regular,True,Booked,
ST_6754,,SC_360,E17,VIP,True,Available,
ST_6755,,SC_617,E14,Premium,True,Available,
ST_6756,BK_2554,SC_887,C18,Premium,True,Available,
ST_6757,,SC_211,A9,Regular,True,Available,
ST_6758,BK_3054,SC_903,B1,Regular,True,Available,
ST_6759,BK_3339,SC_813,A9,Regular,True,Booked,
ST_6760,BK_1957,SC_8,C9,Regular,True,Reserved,
ST_6761,BK_7108,SC_777,C3,VIP,True,Available,
ST_6764,BK_3500,SC_725,D2,Premium,True,Booked,
ST_6765,BK_6351,SC_620,D5,Regular,True,Booked,
ST_6766,BK_1760,SC_41,D18,Regular,True,Available,
ST_6768,BK_8240,SC_120,E12,Regular,True,Reserved,
ST_6769,BK_9298,SC_282,C7,Regular,True,Available,
ST_6771,BK_4511,SC_270,D12,VIP,True,Booked,
ST_6772,BK_2750,SC_218,A7,VIP,True,Available,
ST_6774,BK_5829,SC_881,C15,Regular,True,Available,
ST_6775,BK_4819,SC_443,D5,Regular,True,Booked,
ST_6777,BK_4403,SC_372,E12,Premium,True,Booked,
ST_6778,BK_4622,SC_644,C12,Regular,True,Reserved,
ST_6779,BK_2136,SC_927,E4,Premium,True,Booked,
ST_6780,BK_7448,SC_524,E8,Regular,True,Booked,
ST_6781,BK_644,SC_608,E17,Premium,True,Booked,
ST_6783,BK_3267,SC_200,C8,Regular,True,Booked,
ST_6784,BK_7004,SC_287,B2,Regular,True,Booked,
ST_6786,BK_1682,SC_241,C14,Premium,True,Available,
ST_6787,BK_498,SC_295,D1,Regular,True,Booked,
ST_6788,BK_1497,SC_854,B20,Premium,True,Booked,
ST_6789,BK_7913,SC_583,A18,VIP,True,Available,
ST_6790,BK_3291,SC_16,D5,Regular,True,Booked,
ST_6791,BK_5637,SC_893,C17,Regular,True,Reserved,
ST_6792,BK_8665,SC_558,E15,Regular,True,Booked,
ST_6793,BK_4965,SC_90,C7,Premium,True,Booked,
ST_6796,BK_8067,SC_935,A18,Regular,True,Booked,
ST_6797,BK_927,SC_774,E2,Regular,True,Booked,
ST_6798,BK_9152,SC_288,D13,Regular,True,Available,
ST_6799,BK_9942,SC_978,D19,Premium,True,Booked,
ST_6800,BK_9995,SC_541,B9,VIP,True,Booked,
ST_6801,BK_733,SC_148,A18,Regular,True,Booked,
ST_6802,BK_6288,SC_149,C17,Regular,True,Booked,
ST_6803,BK_7937,SC_491,E9,Regular,True,Available,
ST_6804,BK_8230,SC_134,C1,Regular,True,Booked,
ST_6805,BK_9726,SC_125,A18,Premium,True,Booked,
ST_6806,BK_9106,SC_298,B7,Regular,True,Booked,
ST_6807,BK_1571,SC_603,C1,Premium,True,Booked,
ST_6808,BK_7203,SC_951,B16,Premium,True,Reserved,
ST_6809,BK_9847,SC_1000,D20,Premium,True,Booked,
ST_6810,,SC_972,D5,Regular,True,Booked,
ST_6811,BK_9260,SC_863,E12,Premium,True,Booked,
ST_6812,BK_4601,SC_274,C2,Regular,True,Booked,
ST_6813,,SC_245,E19,Premium,True,Booked,
ST_6814,BK_3229,SC_625,A19,Regular,True,Booked,
ST_6815,BK_5267,SC_347,B14,Regular,True,Reserved,
ST_6816,BK_8501,SC_916,C1,Regular,True,Booked,
ST_6818,BK_2801,SC_747,D14,VIP,True,Booked,
ST_6819,,SC_273,E3,Regular,True,Booked,
ST_6820,BK_2225,SC_557,A6,VIP,True,Booked,
ST_6821,BK_3710,SC_289,E7,Regular,True,Booked,
ST_6822,BK_5721,SC_230,C14,VIP,True,Booked,
ST_6823,BK_8847,SC_811,E8,Regular,True,Booked,
ST_6824,BK_5011,SC_216,C14,Regular,True,Booked,
ST_6825,BK_6087,SC_270,A14,Premium,True,Booked,
ST_6826,BK_2497,SC_748,B10,Regular,True,Booked,
ST_6828,BK_2064,SC_572,C15,Regular,True,Booked,
ST_6829,BK_1458,SC_26,D11,Regular,True,Booked,
ST_6830,BK_9674,SC_620,C1,VIP,True,Booked,
ST_6831,,SC_660,D18,Premium,True,Booked,
ST_6832,,SC_714,C9,Regular,True,Booked,
ST_6833,BK_154,SC_392,E18,Regular,True,Booked,
ST_6834,BK_5510,SC_340,D13,Regular,True,Booked,
ST_6835,BK_6344,SC_744,B5,Regular,True,Reserved,
ST_6836,,SC_842,D13,Regular,True,Booked,
ST_6838,,SC_963,B11,Regular,True,Reserved,
ST_6842,BK_2146,SC_674,B10,VIP,True,Booked,
ST_6843,BK_2510,SC_554,A19,Regular,True,Available,
ST_6844,BK_764,SC_198,D11,Premium,True,Booked,
ST_6845,BK_5360,SC_893,D3,Premium,True,Booked,
ST_6846,BK_4552,SC_251,A20,Premium,True,Booked,
ST_6847,,SC_916,B10,Premium,True,Booked,
ST_6848,BK_4600,SC_161,D14,Premium,True,Booked,
ST_6850,BK_3478,SC_201,B19,VIP,True,Reserved,
ST_6851,BK_585,SC_877,C17,Premium,True,Available,
ST_6852,,SC_480,A3,Premium,True,Booked,
ST_6853,BK_2615,SC_865,E16,Regular,True,Available,
ST_6854,,SC_430,A18,Premium,True,Reserved,
ST_6856,BK_7275,SC_214,C16,Premium,True,Booked,
ST_6857,BK_5566,SC_230,B4,Regular,True,Booked,
ST_6858,BK_4918,SC_171,B12,Premium,True,Available,
ST_6859,BK_9032,SC_773,D9,Regular,True,Booked,
ST_6861,BK_3765,SC_349,B13,Premium,True,Reserved,
ST_6862,,SC_652,B7,Regular,True,Available,
ST_6863,BK_4578,SC_141,C11,Regular,True,Booked,
ST_6864,BK_3493,SC_747,A13,Premium,True,Booked,
ST_6865,BK_480,SC_297,C10,Premium,True,Booked,
ST_6866,BK_232,SC_440,D4,Premium,True,Booked,
ST_6867,BK_614,SC_40,A16,Regular,True,Booked,
ST_6868,BK_819,SC_280,B3,Regular,True,Booked,
ST_6869,BK_4721,SC_943,B20,Regular,True,Booked,
ST_6870,BK_751,SC_732,C16,VIP,True,Available,
ST_6871,BK_5837,SC_329,C20,Regular,True,Booked,
ST_6872,BK_2597,SC_282,D19,Premium,True,Reserved,
ST_6873,BK_5897,SC_238,A14,Premium,True,Booked,
ST_6874,BK_7273,SC_600,B17,Regular,True,Available,
ST_6875,BK_7215,SC_213,B2,VIP,True,Booked,
ST_6876,BK_1500,SC_374,C1,Premium,True,Booked,
ST_6877,BK_4857,SC_372,A4,Regular,True,Booked,
ST_6878,BK_4652,SC_431,D13,Regular,True,Booked,
ST_6880,BK_8791,SC_368,A3,Regular,True,Reserved,
ST_6881,BK_4184,SC_364,C2,Regular,True,Booked,
ST_6882,,SC_408,A19,Regular,True,Reserved,
ST_6883,BK_1509,SC_697,E19,VIP,True,Available,
ST_6884,BK_2644,SC_720,B3,Premium,True,Booked,
ST_6885,BK_1542,SC_798,C2,Premium,True,Available,
ST_6886,,SC_1000,E9,Regular,True,Reserved,
ST_6887,,SC_973,D19,Regular,True,Available,
ST_6888,BK_5618,SC_140,E19,Regular,True,Booked,
ST_6889,BK_5746,SC_859,B1,Regular,True,Booked,
ST_6890,BK_1620,SC_195,E16,Premium,True,Available,
ST_6891,BK_5212,SC_14,E17,Regular,True,Available,
ST_6892,BK_1085,SC_501,B9,Premium,True,Booked,
ST_6893,BK_9571,SC_44,E19,Premium,True,Booked,
ST_6894,BK_787,SC_421,B2,Regular,True,Booked,
ST_6895,,SC_65,B15,Premium,True,Booked,
ST_6896,BK_9338,SC_409,D8,VIP,True,Available,
ST_6897,BK_59,SC_471,A20,Regular,True,Booked,
ST_6898,BK_3752,SC_619,A11,Premium,True,Booked,
ST_6899,,SC_20,A8,Regular,True,Booked,
ST_6901,BK_3750,SC_45,C6,Regular,True,Booked,
ST_6902,BK_9117,SC_478,A10,Premium,True,Booked,
ST_6904,BK_8529,SC_186,C10,Regular,True,Reserved,
ST_6905,,SC_473,C11,Regular,True,Available,
ST_6906,BK_8889,SC_286,D14,Regular,True,Available,
ST_6907,BK_4209,SC_749,C14,VIP,True,Booked,
ST_6908,,SC_680,E8,Regular,True,Booked,
ST_6909,BK_1798,SC_245,A20,Premium,True,Booked,
ST_6910,BK_9957,SC_762,B1,VIP,True,Available,
ST_6911,BK_618,SC_741,C5,Regular,True,Booked,
ST_6912,BK_3443,SC_666,E19,Premium,True,Booked,
ST_6913,BK_5454,SC_11,E18,Premium,True,Booked,
ST_6914,BK_635,SC_48,D4,VIP,True,Booked,
ST_6916,BK_2267,SC_260,E10,Regular,True,Available,
ST_6918,BK_4971,SC_884,B5,Premium,True,Booked,
ST_6919,BK_3940,SC_210,A6,Regular,True,Booked,
ST_6920,BK_166,SC_68,C10,Premium,True,Booked,
ST_6921,BK_2213,SC_547,B1,Premium,True,Available,
ST_6922,BK_4057,SC_280,B20,Regular,True,Available,
ST_6923,,SC_200,A13,Regular,True,Booked,
ST_6925,,SC_709,A3,Regular,True,Booked,
ST_6926,,SC_384,D13,Regular,True,Booked,
ST_6927,,SC_881,D5,Regular,True,Booked,
ST_6928,BK_7483,SC_501,E5,Regular,True,Booked,
ST_6929,BK_127,SC_662,D5,Premium,True,Reserved,
ST_6930,,SC_301,E9,Regular,True,Booked,
ST_6931,,SC_106,C3,Regular,True,Booked,
ST_6932,BK_2453,SC_51,A16,VIP,True,Reserved,
ST_6933,BK_3107,SC_575,E1,VIP,True,Booked,
ST_6934,BK_6966,SC_921,E20,Premium,True,Booked,
ST_6937,BK_2272,SC_66,B16,Premium,True,Booked,
ST_6939,BK_3554,SC_345,B14,Regular,True,Booked,
ST_6941,BK_6202,SC_239,A12,Premium,True,Reserved,
ST_6942,BK_6081,SC_491,B4,Regular,True,Booked,
ST_6943,BK_6133,SC_571,E7,VIP,True,Booked,
ST_6944,BK_9739,SC_675,E1,Premium,True,Available,
ST_6945,BK_9769,SC_982,B3,Premium,True,Booked,
ST_6946,BK_7883,SC_250,A8,Regular,True,Available,
ST_6947,BK_5042,SC_470,B9,Premium,True,Booked,
ST_6948,BK_1269,SC_829,D12,Regular,True,Available,
ST_6949,,SC_919,A17,Premium,True,Booked,
ST_6950,BK_1063,SC_925,D6,Regular,True,Booked,
ST_6952,BK_6042,SC_308,A6,Regular,True,Booked,
ST_6955,BK_8556,SC_110,E20,Regular,True,Booked,
ST_6956,,SC_206,E9,Premium,True,Booked,
ST_6957,BK_6000,SC_792,E18,Regular,True,Booked,
ST_6958,BK_3240,SC_241,C5,Regular,True,Booked,
ST_6959,BK_435,SC_767,E4,Regular,True,Booked,
ST_6960,BK_1503,SC_648,C9,Regular,True,Booked,
ST_6961,BK_4468,SC_777,B5,Regular,True,Booked,
ST_6962,BK_999,SC_413,C17,Premium,True,Reserved,
ST_6963,BK_7826,SC_182,A7,Regular,True,Booked,
ST_6966,BK_8603,SC_580,D7,Regular,True,Booked,
ST_6967,BK_8693,SC_4,B2,Regular,True,Booked,
ST_6968,BK_4171,SC_412,C4,Premium,True,Booked,
ST_6969,BK_5018,SC_333,D9,Regular,True,Reserved,
ST_6970,BK_1773,SC_908,E5,Regular,True,Available,
ST_6971,,SC_664,C1,Regular,True,Available,
ST_6972,BK_2229,SC_850,B9,Premium,True,Booked,
ST_6973,BK_4804,SC_723,E17,VIP,True,Booked,
ST_6974,BK_868,SC_73,D5,Regular,True,Available,
ST_6976,BK_75,SC_256,A15,Regular,True,Reserved,
ST_6977,BK_4153,SC_251,D10,Regular,True,Booked,
ST_6980,BK_1261,SC_759,D11,Regular,True,Available,
ST_6981,BK_3668,SC_567,E2,Regular,True,Booked,
ST_6982,BK_6344,SC_555,B14,Regular,True,Booked,
ST_6983,BK_8052,SC_401,A13,Premium,True,Reserved,
ST_6986,,SC_589,E2,Premium,True,Booked,
ST_6989,BK_9797,SC_19,E18,Regular,True,Available,
ST_6990,BK_2856,SC_251,C13,VIP,True,Available,
ST_6991,BK_1497,SC_366,D15,Regular,True,Available,
ST_6992,BK_5164,SC_729,A6,VIP,True,Booked,
ST_6993,BK_6803,SC_700,E10,VIP,True,Booked,
ST_6994,BK_1308,SC_711,D9,Regular,True,Booked,
ST_6995,BK_5419,SC_354,A7,Regular,True,Available,
ST_6996,BK_3058,SC_979,B16,Regular,True,Booked,
ST_6998,BK_2715,SC_291,A6,Regular,True,Available,
ST_6999,BK_9415,SC_232,A15,Premium,True,Booked,
ST_7001,BK_4921,SC_992,A10,Regular,True,Reserved,
ST_7003,BK_5303,SC_991,E17,Premium,True,Booked,
ST_7004,BK_6793,SC_869,D3,Premium,True,Booked,
ST_7005,BK_2907,SC_628,A16,Regular,True,Booked,
ST_7007,BK_8596,SC_271,E1,Premium,True,Booked,
ST_7008,BK_6370,SC_951,B3,Regular,True,Booked,
ST_7009,BK_1459,SC_111,A17,Regular,True,Booked,
ST_7011,BK_199,SC_847,E3,Regular,True,Booked,
ST_7012,BK_5594,SC_542,B2,Regular,True,Booked,
ST_7013,,SC_203,E19,Premium,True,Booked,
ST_7016,BK_7178,SC_856,B12,Premium,True,Booked,
ST_7017,,SC_807,A6,Regular,True,Booked,
ST_7018,BK_3012,SC_304,B6,Regular,True,Booked,
ST_7019,BK_8700,SC_813,E4,Regular,True,Booked,
ST_7020,BK_2802,SC_977,C6,Regular,True,Booked,
ST_7021,BK_8208,SC_543,A3,Regular,True,Booked,
ST_7022,BK_3249,SC_673,C2,Regular,True,Booked,
ST_7023,BK_4035,SC_309,C12,VIP,True,Available,
ST_7024,BK_8773,SC_298,D8,Regular,True,Booked,
ST_7026,BK_323,SC_716,C11,VIP,True,Reserved,
ST_7027,BK_7015,SC_506,E13,Regular,True,Booked,
ST_7028,BK_3526,SC_829,B18,Premium,True,Booked,
ST_7029,BK_9207,SC_864,C7,Regular,True,Booked,
ST_7031,BK_7086,SC_695,E12,Regular,True,Reserved,
ST_7032,BK_7791,SC_551,B14,Regular,True,Available,
ST_7034,BK_6574,SC_94,D18,Regular,True,Booked,
ST_7035,,SC_305,D3,VIP,True,Booked,
ST_7037,BK_6604,SC_590,C16,Premium,True,Booked,
ST_7038,BK_7924,SC_512,D2,Premium,True,Booked,
ST_7039,BK_7081,SC_92,A11,Regular,True,Reserved,
ST_7040,BK_1064,SC_186,E7,Regular,True,Booked,
ST_7041,BK_7098,SC_677,B15,Premium,True,Booked,
ST_7042,BK_721,SC_817,A20,Regular,True,Booked,
ST_7043,BK_6845,SC_701,B15,Regular,True,Booked,
ST_7045,BK_8134,SC_872,C12,VIP,True,Available,
ST_7046,BK_7359,SC_807,A3,Premium,True,Booked,
ST_7047,,SC_256,C17,Regular,True,Available,
ST_7048,BK_7541,SC_848,A14,Premium,True,Reserved,
ST_7049,BK_1333,SC_33,C1,Regular,True,Available,
ST_7050,BK_677,SC_572,D7,Premium,True,Available,
ST_7051,,SC_512,B7,Regular,True,Booked,
ST_7052,BK_4607,SC_657,C8,Regular,True,Booked,
ST_7053,BK_2459,SC_423,E19,Premium,True,Reserved,
ST_7054,BK_6302,SC_911,C11,Regular,True,Reserved,
ST_7055,BK_5599,SC_410,A4,Regular,True,Reserved,
ST_7056,BK_4760,SC_436,B16,Regular,True,Available,
ST_7057,BK_1247,SC_675,E6,Premium,True,Available,
ST_7058,BK_2160,SC_285,D17,Premium,True,Available,
ST_7059,BK_6188,SC_86,A7,Regular,True,Available,
ST_7060,BK_2729,SC_228,D7,Premium,True,Available,
ST_7061,BK_1807,SC_20,D1,Premium,True,Booked,
ST_7063,,SC_932,C9,VIP,True,Booked,
ST_7066,BK_5449,SC_628,A17,Regular,True,Booked,
ST_7067,BK_4275,SC_450,B20,Premium,True,Booked,
ST_7068,BK_1945,SC_23,B6,Regular,True,Booked,
ST_7069,BK_6800,SC_970,C5,Premium,True,Booked,
ST_7070,BK_1908,SC_819,D7,Premium,True,Reserved,
ST_7071,,SC_739,C10,Regular,True,Booked,
ST_7073,,SC_236,B1,Regular,True,Reserved,
ST_7074,BK_1213,SC_963,C8,Regular,True,Booked,
ST_7075,BK_8231,SC_845,E9,VIP,True,Booked,
ST_7076,,SC_458,C15,Regular,True,Booked,
ST_7077,BK_2000,SC_51,C16,Regular,True,Booked,
ST_7080,BK_3027,SC_952,D18,Premium,True,Booked,
ST_7082,BK_7808,SC_763,D13,Regular,True,Available,
ST_7083,BK_3189,SC_208,D14,Regular,True,Booked,
ST_7084,BK_2023,SC_2,E1,Premium,True,Booked,
ST_7085,BK_3318,SC_289,C9,Regular,True,Booked,
ST_7087,BK_2932,SC_652,B3,VIP,True,Available,
ST_7088,BK_4274,SC_57,B17,Regular,True,Booked,
ST_7089,,SC_213,C12,Regular,True,Booked,
ST_7090,BK_1684,SC_29,C5,Regular,True,Booked,
ST_7091,BK_9624,SC_82,B1,Premium,True,Booked,
ST_7092,BK_2493,SC_817,C8,Regular,True,Booked,
ST_7093,BK_8026,SC_344,C16,Regular,True,Booked,
ST_7095,BK_2044,SC_350,A9,VIP,True,Booked,
ST_7096,BK_3892,SC_238,B4,VIP,True,Booked,
ST_7097,BK_6360,SC_715,D7,Premium,True,Reserved,
ST_7098,,SC_48,A3,Regular,True,Booked,
ST_7099,,SC_251,E1,Regular,True,Booked,
ST_7100,BK_7948,SC_92,A16,Premium,True,Booked,
ST_7102,,SC_517,C8,Premium,True,Booked,
ST_7103,BK_9383,SC_769,C13,Regular,True,Booked,
ST_7104,BK_9038,SC_599,A10,Premium,True,Available,
ST_7105,,SC_174,B3,Regular,True,Booked,
ST_7106,,SC_780,A20,Premium,True,Available,
ST_7107,,SC_889,A7,VIP,True,Reserved,
ST_7108,BK_2251,SC_177,A2,Regular,True,Booked,
ST_7109,BK_7763,SC_675,E18,Premium,True,Booked,
ST_7110,BK_1091,SC_938,D17,Regular,True,Available,
ST_7111,BK_2952,SC_271,D19,Regular,True,Booked,
ST_7112,BK_3301,SC_216,D11,Premium,True,Booked,
ST_7113,BK_2324,SC_323,D19,Regular,True,Available,
ST_7115,BK_8935,SC_343,B20,Regular,True,Booked,
ST_7116,BK_4949,SC_364,A15,Regular,True,Booked,
ST_7117,,SC_880,B2,Premium,True,Booked,
ST_7118,,SC_337,B12,Regular,True,Booked,
ST_7119,,SC_7,E2,Regular,True,Reserved,
ST_7121,BK_1791,SC_149,D20,Regular,True,Available,
ST_7122,BK_999,SC_121,E2,Premium,True,Booked,
ST_7123,BK_8927,SC_1,E15,Regular,True,Booked,
ST_7125,BK_8870,SC_393,E3,Regular,True,Booked,
ST_7126,BK_1471,SC_518,E14,Premium,True,Booked,
ST_7127,BK_8673,SC_368,D20,Premium,True,Booked,
ST_7129,BK_5457,SC_930,D2,Regular,True,Available,
ST_7130,BK_9772,SC_572,D13,Regular,True,Reserved,
ST_7131,BK_9645,SC_996,A1,Regular,True,Booked,
ST_7133,BK_3382,SC_583,D19,Regular,True,Booked,
ST_7134,BK_9489,SC_787,A16,Regular,True,Booked,
ST_7136,BK_7349,SC_328,C13,Premium,True,Available,
ST_7137,BK_9545,SC_301,A2,Regular,True,Booked,
ST_7140,BK_6119,SC_336,E9,Regular,True,Booked,
ST_7141,BK_5203,SC_746,E16,Premium,True,Booked,
ST_7142,BK_687,SC_342,A13,Regular,True,Booked,
ST_7143,,SC_855,D14,Regular,True,Available,
ST_7144,BK_7073,SC_895,A19,Regular,True,Available,
ST_7145,BK_1127,SC_263,B6,Regular,True,Booked,
ST_7146,BK_4093,SC_102,D2,Regular,True,Reserved,
ST_7147,BK_796,SC_198,C6,Premium,True,Booked,
ST_7148,,SC_926,C15,Regular,True,Booked,
ST_7149,BK_4062,SC_360,C18,VIP,True,Reserved,
ST_7150,BK_1145,SC_993,C19,Premium,True,Booked,
ST_7151,BK_528,SC_488,E14,Premium,True,Available,
ST_7152,BK_5529,SC_335,B6,Premium,True,Available,
ST_7153,,SC_634,A1,VIP,True,Available,
ST_7154,BK_4666,SC_662,D17,Regular,True,Available,
ST_7155,BK_2336,SC_873,A3,VIP,True,Booked,
ST_7156,BK_1171,SC_1,D20,VIP,True,Booked,
ST_7157,BK_1771,SC_970,E6,Regular,True,Available,
ST_7158,BK_3605,SC_997,E5,Regular,True,Booked,
ST_7159,BK_9772,SC_177,A4,Regular,True,Booked,
ST_7160,BK_1865,SC_146,E4,Regular,True,Booked,
ST_7162,BK_3189,SC_91,B2,Regular,True,Booked,
ST_7163,BK_2035,SC_179,D18,Regular,True,Booked,
ST_7164,BK_6490,SC_783,E17,Regular,True,Booked,
ST_7165,BK_445,SC_671,C15,Regular,True,Booked,
ST_7166,BK_1182,SC_882,C14,Regular,True,Booked,
ST_7167,BK_2169,SC_271,A12,VIP,True,Booked,
ST_7168,BK_8353,SC_318,A18,Regular,True,Booked,
ST_7169,BK_6454,SC_972,C18,Regular,True,Booked,
ST_7172,BK_657,SC_594,E9,VIP,True,Booked,
ST_7173,BK_2175,SC_693,E12,Regular,True,Available,
ST_7174,BK_7286,SC_123,D10,Regular,True,Booked,
ST_7176,BK_7828,SC_309,A3,VIP,True,Booked,
ST_7177,,SC_484,C3,Premium,True,Reserved,
ST_7179,,SC_988,D6,Regular,True,Reserved,
ST_7180,BK_5929,SC_584,D8,Regular,True,Booked,
ST_7181,BK_4317,SC_67,A3,Regular,True,Booked,
ST_7182,BK_71,SC_293,D20,Regular,True,Available,
ST_7183,BK_5296,SC_354,A20,Regular,True,Booked,
ST_7184,BK_6594,SC_692,D15,Premium,True,Booked,
ST_7186,BK_8955,SC_918,B14,Regular,True,Booked,
ST_7189,BK_2035,SC_330,E13,Premium,True,Booked,
ST_7190,BK_9394,SC_10,C8,Premium,True,Booked,
ST_7191,BK_1322,SC_706,A8,Regular,True,Available,
ST_7192,,SC_259,A15,VIP,True,Available,
ST_7193,BK_5316,SC_961,D17,Regular,True,Booked,
ST_7194,BK_234,SC_767,A7,Premium,True,Booked,
ST_7195,BK_3883,SC_571,A20,Regular,True,Booked,
ST_7196,,SC_888,E11,Regular,True,Booked,
ST_7197,BK_4504,SC_776,B6,VIP,True,Booked,
ST_7198,BK_9253,SC_282,B10,Premium,True,Available,
ST_7199,BK_5104,SC_37,E2,Regular,True,Booked,
ST_7200,,SC_784,E14,Premium,True,Booked,
ST_7201,BK_1022,SC_844,E14,Premium,True,Reserved,
ST_7202,BK_4339,SC_622,E18,Premium,True,Booked,
ST_7203,BK_790,SC_598,A4,Regular,True,Reserved,
ST_7204,BK_972,SC_706,E10,Regular,True,Booked,
ST_7205,BK_7901,SC_820,A3,VIP,True,Available,
ST_7206,BK_8718,SC_483,E8,Regular,True,Booked,
ST_7207,,SC_707,E19,Regular,True,Booked,
ST_7208,BK_6659,SC_49,D16,Regular,True,Booked,
ST_7209,BK_2425,SC_546,B7,Regular,True,Booked,
ST_7210,BK_2776,SC_608,A13,Premium,True,Booked,
ST_7211,BK_890,SC_192,C12,Premium,True,Booked,
ST_7212,BK_5134,SC_153,A18,Premium,True,Available,
ST_7213,BK_2903,SC_188,D3,Premium,True,Available,
ST_7214,BK_6643,SC_144,A13,Regular,True,Available,
ST_7215,BK_9904,SC_121,D1,VIP,True,Booked,
ST_7216,BK_9424,SC_807,A8,Regular,True,Booked,
ST_7217,BK_1092,SC_47,D17,Regular,True,Booked,
ST_7218,BK_6865,SC_309,A15,Premium,True,Booked,
ST_7219,BK_6167,SC_249,C6,Premium,True,Booked,
ST_7220,,SC_258,A13,Regular,True,Booked,
ST_7221,BK_3953,SC_967,C10,Regular,True,Booked,
ST_7222,,SC_180,D13,Regular,True,Available,
ST_7223,BK_7593,SC_864,A10,Regular,True,Booked,
ST_7224,BK_3928,SC_948,B7,Regular,True,Booked,
ST_7225,BK_9719,SC_89,B6,Regular,True,Booked,
ST_7226,BK_9673,SC_241,B15,Regular,True,Booked,
ST_7228,BK_1758,SC_940,C18,VIP,True,Booked,
ST_7229,BK_4917,SC_692,A20,VIP,True,Booked,
ST_7230,,SC_640,D18,Premium,True,Reserved,
ST_7231,BK_6058,SC_756,D16,VIP,True,Booked,
ST_7232,BK_1344,SC_29,B12,Regular,True,Booked,
ST_7234,BK_5274,SC_685,D5,Regular,True,Booked,
ST_7235,,SC_9,B20,Regular,True,Available,
ST_7237,,SC_296,A2,Regular,True,Booked,
ST_7238,,SC_907,A17,Premium,True,Available,
ST_7240,BK_4747,SC_935,A11,Premium,True,Booked,
ST_7241,BK_1317,SC_291,E2,VIP,True,Booked,
ST_7243,BK_60,SC_497,C3,Premium,True,Available,
ST_7245,BK_1760,SC_614,D18,Regular,True,Available,
ST_7246,BK_8328,SC_337,D9,Premium,True,Booked,
ST_7248,BK_2399,SC_192,A11,Regular,True,Booked,
ST_7249,,SC_807,B11,Premium,True,Booked,
ST_7250,BK_1571,SC_563,D10,Regular,True,Booked,
ST_7251,BK_7390,SC_139,C19,Regular,True,Booked,
ST_7252,BK_8158,SC_419,A13,Regular,True,Reserved,
ST_7253,,SC_610,E2,Regular,True,Available,
ST_7254,BK_910,SC_948,B5,Regular,True,Booked,
ST_7255,BK_9794,SC_84,B16,Regular,True,Available,
ST_7256,BK_6166,SC_557,A19,Regular,True,Booked,
ST_7257,BK_3147,SC_402,A15,Regular,True,Reserved,
ST_7258,,SC_469,D6,Regular,True,Booked,
ST_7259,BK_881,SC_847,A16,Regular,True,Booked,
ST_7260,BK_2028,SC_104,E14,Regular,True,Reserved,
ST_7261,BK_2080,SC_537,B7,VIP,True,Available,
ST_7262,BK_8692,SC_193,D5,Regular,True,Booked,
ST_7263,BK_3538,SC_903,D7,Regular,True,Booked,
ST_7264,,SC_681,D6,VIP,True,Booked,
ST_7265,BK_9616,SC_290,E18,Regular,True,Booked,
ST_7266,BK_9330,SC_756,A20,Premium,True,Booked,
ST_7267,BK_7946,SC_634,B1,Regular,True,Booked,
ST_7268,BK_1,SC_441,C15,Regular,True,Booked,
ST_7269,BK_9150,SC_784,E20,Premium,True,Booked,
ST_7271,,SC_848,E17,Regular,True,Booked,
ST_7272,BK_6817,SC_733,A15,Regular,True,Booked,
ST_7273,BK_1782,SC_81,C13,Regular,True,Booked,
ST_7274,BK_4449,SC_296,A20,Premium,True,Booked,
ST_7275,BK_1463,SC_131,E5,Premium,True,Booked,
ST_7276,,SC_335,C4,Regular,True,Available,
ST_7277,BK_7044,SC_369,B16,Regular,True,Booked,
ST_7278,BK_1152,SC_382,A18,Regular,True,Booked,
ST_7279,BK_1659,SC_537,D5,Regular,True,Reserved,
ST_7280,BK_1363,SC_130,B18,Premium,True,Booked,
ST_7281,BK_4246,SC_384,E6,Regular,True,Booked,
ST_7282,,SC_810,C1,Regular,True,Booked,
ST_7283,BK_3581,SC_306,E15,Regular,True,Booked,
ST_7284,,SC_423,D17,Regular,True,Reserved,
ST_7286,BK_5620,SC_285,B3,Premium,True,Reserved,
ST_7288,BK_3145,SC_483,E9,Regular,True,Booked,
ST_7289,BK_1008,SC_951,B8,Regular,True,Booked,
ST_7290,BK_7915,SC_723,E7,VIP,True,Booked,
ST_7291,BK_5129,SC_448,A12,Premium,True,Available,
ST_7293,BK_5778,SC_136,E16,Regular,True,Reserved,
ST_7294,BK_8035,SC_121,B17,Regular,True,Booked,
ST_7295,BK_7236,SC_240,D8,Regular,True,Booked,
ST_7296,,SC_330,E7,Regular,True,Booked,
ST_7297,BK_6540,SC_606,A8,Regular,True,Booked,
ST_7298,BK_1940,SC_216,D13,Regular,True,Booked,
ST_7299,BK_7807,SC_495,A8,Regular,True,Booked,
ST_7300,BK_9488,SC_679,B4,Regular,True,Booked,
ST_7301,BK_5382,SC_437,A3,Regular,True,Booked,
ST_7302,BK_8584,SC_714,E13,Regular,True,Booked,
ST_7303,BK_1086,SC_344,C17,Premium,True,Booked,
ST_7304,BK_5510,SC_411,C15,Regular,True,Booked,
ST_7305,,SC_46,A4,Premium,True,Reserved,
ST_7306,,SC_591,E8,Regular,True,Reserved,
ST_7307,BK_7674,SC_563,C20,Regular,True,Booked,
ST_7308,BK_2595,SC_721,D16,Premium,True,Available,
ST_7310,BK_3911,SC_111,B7,Premium,True,Booked,
ST_7311,BK_185,SC_453,D9,Regular,True,Booked,
ST_7313,BK_5348,SC_879,A14,Regular,True,Booked,
ST_7315,BK_4971,SC_664,C4,Premium,True,Booked,
ST_7316,BK_9731,SC_136,E2,Premium,True,Booked,
ST_7317,BK_7109,SC_747,C20,Regular,True,Available,
ST_7318,,SC_44,A14,Regular,True,Booked,
ST_7320,BK_7129,SC_399,B13,Regular,True,Booked,
ST_7322,BK_8155,SC_16,E7,Premium,True,Booked,
ST_7323,BK_2244,SC_580,A17,Regular,True,Booked,
ST_7325,BK_6524,SC_862,C8,VIP,True,Booked,
ST_7327,BK_5909,SC_847,B12,VIP,True,Booked,
ST_7329,BK_8503,SC_998,A14,Regular,True,Booked,
ST_7330,BK_8876,SC_139,C9,Regular,True,Available,
ST_7331,BK_2100,SC_24,B12,Regular,True,Booked,
ST_7332,,SC_477,C16,Regular,True,Booked,
ST_7333,BK_7818,SC_463,C8,Regular,True,Booked,
ST_7334,BK_311,SC_195,E19,Regular,True,Booked,
ST_7335,BK_8171,SC_313,B20,Regular,True,Booked,
ST_7336,BK_4254,SC_275,A10,Regular,True,Available,
ST_7337,BK_8852,SC_484,C12,Regular,True,Booked,
ST_7338,,SC_760,C12,Regular,True,Available,
ST_7339,BK_8984,SC_140,E3,Regular,True,Booked,
ST_7341,BK_3821,SC_551,B7,VIP,True,Booked,
ST_7343,BK_5589,SC_360,B17,Premium,True,Booked,
ST_7344,BK_3730,SC_882,E15,Premium,True,Available,
ST_7345,BK_2381,SC_315,B5,Regular,True,Available,
ST_7346,BK_2952,SC_169,C10,Regular,True,Booked,
ST_7347,BK_8375,SC_238,B20,Regular,True,Booked,
ST_7348,BK_1494,SC_111,D5,Regular,True,Available,
ST_7349,,SC_884,B18,Regular,True,Booked,
ST_7351,,SC_168,D15,Regular,True,Booked,
ST_7352,BK_5157,SC_520,B20,Regular,True,Booked,
ST_7356,BK_8965,SC_802,C18,Regular,True,Booked,
ST_7357,BK_3488,SC_828,A5,Premium,True,Booked,
ST_7359,,SC_572,C2,Regular,True,Booked,
ST_7360,BK_2293,SC_968,E2,Regular,True,Booked,
ST_7361,BK_7061,SC_378,C4,Premium,True,Booked,
ST_7363,,SC_134,A3,Regular,True,Booked,
ST_7364,BK_8801,SC_7,C18,VIP,True,Booked,
ST_7365,BK_8889,SC_956,B20,Premium,True,Booked,
ST_7367,BK_2324,SC_30,E15,Premium,True,Booked,
ST_7368,BK_1317,SC_814,A18,Regular,True,Booked,
ST_7370,BK_3917,SC_167,A16,Premium,True,Available,
ST_7371,BK_1566,SC_354,E20,Regular,True,Available,
ST_7372,BK_7414,SC_707,E11,Regular,True,Available,
ST_7373,BK_8100,SC_577,D11,Premium,True,Booked,
ST_7374,BK_1540,SC_267,A18,Regular,True,Available,
ST_7375,BK_9894,SC_45,B5,Premium,True,Available,
ST_7376,BK_9440,SC_204,D3,Premium,True,Booked,
ST_7377,BK_1407,SC_171,C1,Regular,True,Available,
ST_7378,BK_8606,SC_13,B12,VIP,True,Booked,
ST_7379,BK_9416,SC_908,B14,Premium,True,Available,
ST_7380,BK_2205,SC_178,D15,Regular,True,Available,
ST_7381,,SC_467,D14,Premium,True,Booked,
ST_7382,BK_6159,SC_429,A17,Regular,True,Booked,
ST_7383,,SC_7,D4,Regular,True,Booked,
ST_7384,BK_8199,SC_845,B8,Regular,True,Booked,
ST_7387,BK_7517,SC_665,E2,Regular,True,Available,
ST_7388,BK_2845,SC_454,D13,Regular,True,Available,
ST_7389,BK_4301,SC_308,D4,VIP,True,Booked,
ST_7390,BK_5722,SC_180,C20,Premium,True,Booked,
ST_7391,BK_4374,SC_286,A8,Premium,True,Booked,
ST_7394,,SC_95,D2,Regular,True,Booked,
ST_7395,BK_5003,SC_807,E4,Regular,True,Booked,
ST_7396,BK_7626,SC_155,A20,Regular,True,Booked,
ST_7397,BK_5884,SC_525,D11,Regular,True,Booked,
ST_7398,BK_3057,SC_699,E2,Regular,True,Booked,
ST_7399,BK_4425,SC_394,C16,Regular,True,Booked,
ST_7400,BK_7392,SC_969,B1,Regular,True,Booked,
ST_7401,BK_6883,SC_194,B20,Regular,True,Booked,
ST_7404,BK_748,SC_42,D12,Regular,True,Available,
ST_7405,BK_3449,SC_970,E14,Premium,True,Booked,
ST_7406,BK_9486,SC_202,E13,Regular,True,Booked,
ST_7407,BK_978,SC_544,B16,Premium,True,Booked,
ST_7408,BK_570,SC_355,D20,Regular,True,Booked,
ST_7409,BK_5758,SC_955,E15,Regular,True,Booked,
ST_7410,BK_383,SC_724,D10,Regular,True,Booked,
ST_7411,,SC_504,A19,Premium,True,Booked,
ST_7412,BK_8196,SC_609,B2,Premium,True,Available,
ST_7414,BK_6775,SC_835,E18,Regular,True,Available,
ST_7415,BK_7291,SC_640,E12,Regular,True,Available,
ST_7416,BK_9349,SC_690,C9,Regular,True,Booked,
ST_7417,,SC_724,E18,VIP,True,Booked,
ST_7418,BK_6240,SC_282,C10,Regular,True,Booked,
ST_7419,BK_3564,SC_64,E4,Premium,True,Booked,
ST_7420,BK_5179,SC_59,D2,Premium,True,Available,
ST_7421,BK_7134,SC_941,C11,Regular,True,Booked,
ST_7423,BK_8097,SC_681,A14,Regular,True,Booked,
ST_7425,BK_2478,SC_42,A10,Regular,True,Reserved,
ST_7426,BK_1927,SC_607,C5,Premium,True,Booked,
ST_7427,BK_4132,SC_551,A16,Regular,True,Reserved,
ST_7428,BK_8287,SC_351,A9,Premium,True,Booked,
ST_7429,BK_206,SC_988,B11,Regular,True,Available,
ST_7430,BK_803,SC_552,E3,Regular,True,Booked,
ST_7432,BK_8541,SC_597,E2,Premium,True,Booked,
ST_7433,,SC_619,A10,Regular,True,Available,
ST_7434,BK_7219,SC_972,A14,Premium,True,Booked,
ST_7436,,SC_800,A4,Premium,True,Booked,
ST_7437,BK_8511,SC_427,D8,Regular,True,Booked,
ST_7438,BK_7527,SC_51,B8,VIP,True,Booked,
ST_7439,BK_3103,SC_814,C1,Regular,True,Available,
ST_7440,BK_4020,SC_260,A14,Regular,True,Booked,
ST_7441,BK_9862,SC_442,C2,Regular,True,Booked,
ST_7443,BK_3655,SC_306,A8,Premium,True,Booked,
ST_7444,BK_4875,SC_836,A16,Regular,True,Available,
ST_7445,BK_9458,SC_57,C3,Regular,True,Booked,
ST_7446,BK_4823,SC_506,D11,Regular,True,Available,
ST_7447,BK_5890,SC_168,B3,Regular,True,Available,
ST_7448,,SC_730,E12,Regular,True,Booked,
ST_7449,BK_1477,SC_245,B12,Premium,True,Booked,
ST_7451,BK_2398,SC_366,A17,VIP,True,Booked,
ST_7452,BK_2650,SC_485,A8,Regular,True,Booked,
ST_7453,BK_6331,SC_242,D15,Regular,True,Booked,
ST_7454,BK_5710,SC_742,E9,VIP,True,Available,
ST_7455,BK_7915,SC_409,B3,Regular,True,Available,
ST_7456,,SC_386,D1,Regular,True,Booked,
ST_7458,BK_9280,SC_295,A1,Regular,True,Reserved,
ST_7459,BK_7857,SC_537,B9,Regular,True,Booked,
ST_7460,BK_458,SC_219,C7,Regular,True,Booked,
ST_7461,BK_7794,SC_386,D16,Regular,True,Available,
ST_7462,BK_5824,SC_664,A4,Regular,True,Booked,
ST_7463,BK_6223,SC_938,B11,Regular,True,Booked,
ST_7464,BK_844,SC_739,E7,Regular,True,Booked,
ST_7465,BK_5213,SC_268,C17,Premium,True,Booked,
ST_7466,BK_2223,SC_298,D14,VIP,True,Available,
ST_7468,BK_7913,SC_353,C14,Premium,True,Booked,
ST_7469,BK_6630,SC_652,D9,Regular,True,Available,
ST_7471,BK_5256,SC_660,C11,Regular,True,Booked,
ST_7472,BK_4100,SC_54,A20,Premium,True,Reserved,
ST_7474,BK_4460,SC_385,B3,Regular,True,Booked,
ST_7475,BK_7090,SC_585,B4,Premium,True,Booked,
ST_7476,BK_4876,SC_289,D3,Regular,True,Reserved,
ST_7477,BK_8445,SC_656,E10,Regular,True,Booked,
ST_7478,BK_4139,SC_375,E5,Regular,True,Reserved,
ST_7480,BK_2762,SC_367,B13,Regular,True,Booked,
ST_7481,BK_707,SC_336,B18,Regular,True,Booked,
ST_7483,BK_7881,SC_77,D12,Regular,True,Booked,
ST_7484,BK_519,SC_843,D15,Regular,True,Booked,
ST_7485,BK_3171,SC_584,A1,Premium,True,Available,
ST_7486,BK_9183,SC_687,E10,Regular,True,Booked,
ST_7487,BK_1961,SC_444,E18,Regular,True,Booked,
ST_7489,BK_9445,SC_299,E15,Premium,True,Booked,
ST_7490,BK_1059,SC_862,E11,Regular,True,Available,
ST_7491,BK_2625,SC_592,C7,VIP,True,Booked,
ST_7492,BK_291,SC_527,D19,Regular,True,Booked,
ST_7493,BK_7374,SC_704,E16,Premium,True,Reserved,
ST_7494,,SC_666,D4,Premium,True,Booked,
ST_7495,BK_2948,SC_844,B2,Regular,True,Booked,
ST_7497,BK_4490,SC_927,D15,Regular,True,Booked,
ST_7498,BK_4655,SC_386,E16,Regular,True,Booked,
ST_7499,,SC_807,B12,Regular,True,Booked,
ST_7500,BK_4120,SC_445,E12,Premium,True,Booked,
ST_7503,BK_2989,SC_673,C6,Premium,True,Booked,
ST_7504,BK_7809,SC_599,C8,VIP,True,Booked,
ST_7505,BK_4562,SC_205,C2,Regular,True,Available,
ST_7506,BK_2834,SC_662,C2,Regular,True,Booked,
ST_7507,BK_3299,SC_250,D13,Regular,True,Booked,
ST_7509,BK_9030,SC_4,C12,Premium,True,Booked,
ST_7510,,SC_880,C10,VIP,True,Reserved,
ST_7511,BK_2375,SC_286,D6,Regular,True,Booked,
ST_7514,BK_3616,SC_892,D18,Premium,True,Booked,
ST_7515,BK_4845,SC_814,E17,Regular,True,Booked,
ST_7518,BK_9044,SC_209,D8,Regular,True,Available,
ST_7520,BK_6374,SC_47,A10,Premium,True,Booked,
ST_7521,BK_2751,SC_957,A11,Regular,True,Booked,
ST_7522,BK_7594,SC_25,D13,VIP,True,Booked,
ST_7523,,SC_677,B2,Premium,True,Booked,
ST_7525,BK_7245,SC_958,A8,Regular,True,Booked,
ST_7526,,SC_157,A19,Regular,True,Booked,
ST_7527,BK_8935,SC_112,D15,Regular,True,Booked,
ST_7528,BK_9297,SC_817,D17,Regular,True,Reserved,
ST_7529,BK_856,SC_787,E10,Regular,True,Reserved,
ST_7530,BK_2624,SC_992,D19,Premium,True,Booked,
ST_7531,BK_9560,SC_575,C19,Regular,True,Booked,
ST_7532,BK_6250,SC_948,A17,Regular,True,Booked,
ST_7533,,SC_470,B12,VIP,True,Booked,
ST_7534,,SC_823,A12,VIP,True,Booked,
ST_7535,BK_260,SC_939,D15,Regular,True,Booked,
ST_7536,BK_9332,SC_776,A18,Regular,True,Available,
ST_7537,BK_1397,SC_165,C14,Premium,True,Booked,
ST_7540,,SC_989,D8,Regular,True,Available,
ST_7542,BK_5110,SC_935,A16,Regular,True,Booked,
ST_7544,BK_520,SC_261,D15,VIP,True,Booked,
ST_7545,,SC_723,E11,Premium,True,Booked,
ST_7546,BK_9780,SC_575,B18,Premium,True,Booked,
ST_7547,BK_2672,SC_979,C14,Regular,True,Booked,
ST_7548,BK_5875,SC_572,B16,Premium,True,Available,
ST_7549,BK_2344,SC_383,E15,VIP,True,Booked,
ST_7550,BK_2793,SC_117,B18,Premium,True,Available,
ST_7551,BK_2034,SC_46,D15,Premium,True,Booked,
ST_7553,,SC_353,B9,VIP,True,Booked,
ST_7555,BK_5334,SC_920,B2,Regular,True,Booked,
ST_7556,BK_4264,SC_279,A15,Regular,True,Available,
ST_7557,BK_1644,SC_731,C1,Regular,True,Booked,
ST_7558,BK_6537,SC_663,E16,Regular,True,Booked,
ST_7560,BK_169,SC_613,D11,Regular,True,Available,
ST_7562,BK_5349,SC_714,D18,Regular,True,Available,
ST_7563,,SC_287,A18,Regular,True,Booked,
ST_7564,BK_8136,SC_1000,D7,Regular,True,Available,
ST_7565,BK_9657,SC_542,D12,Regular,True,Booked,
ST_7566,BK_4484,SC_965,C16,Regular,True,Booked,
ST_7567,BK_1958,SC_302,B4,Regular,True,Booked,
ST_7568,BK_3092,SC_978,E17,Regular,True,Reserved,
ST_7571,BK_3985,SC_172,E16,Regular,True,Booked,
ST_7572,BK_61,SC_843,B1,Regular,True,Booked,
ST_7574,,SC_96,A1,Premium,True,Booked,
ST_7575,BK_5485,SC_552,C19,VIP,True,Booked,
ST_7576,BK_9608,SC_747,D11,Regular,True,Booked,
ST_7577,BK_4560,SC_533,E19,Regular,True,Booked,
ST_7578,BK_6491,SC_358,E14,Premium,True,Booked,
ST_7579,BK_5816,SC_883,A14,Regular,True,Reserved,
ST_7580,BK_2718,SC_701,C18,Regular,True,Booked,
ST_7581,,SC_699,B2,Regular,True,Booked,
ST_7582,BK_5542,SC_790,C5,Regular,True,Booked,
ST_7585,BK_9970,SC_8,B15,Premium,True,Available,
ST_7586,BK_3370,SC_433,C16,Regular,True,Booked,
ST_7587,BK_6294,SC_217,C10,VIP,True,Available,
ST_7588,BK_6987,SC_643,E20,Premium,True,Booked,
ST_7589,BK_7476,SC_741,D2,Regular,True,Available,
ST_7590,BK_4654,SC_908,E3,Regular,True,Booked,
ST_7591,BK_6835,SC_24,E5,Regular,True,Available,
ST_7592,BK_6134,SC_50,E12,VIP,True,Booked,
ST_7593,BK_9491,SC_252,E18,Premium,True,Available,
ST_7596,BK_6595,SC_309,C15,Regular,True,Booked,
ST_7597,BK_6886,SC_517,E17,Premium,True,Available,
ST_7598,BK_2045,SC_510,E4,Premium,True,Booked,
ST_7599,BK_4712,SC_182,D14,Regular,True,Booked,
ST_7602,,SC_76,A15,Regular,True,Booked,
ST_7603,BK_7608,SC_85,D1,Regular,True,Booked,
ST_7604,BK_5880,SC_90,E19,Premium,True,Booked,
ST_7605,BK_5438,SC_84,B4,Regular,True,Booked,
ST_7606,,SC_499,E13,Premium,True,Booked,
ST_7607,BK_82,SC_1000,E17,VIP,True,Booked,
ST_7610,BK_5781,SC_612,A2,Regular,True,Reserved,
ST_7611,BK_1295,SC_245,C18,Regular,True,Booked,
ST_7612,,SC_877,C10,Premium,True,Reserved,
ST_7613,BK_3705,SC_904,E16,Premium,True,Booked,
ST_7614,BK_4020,SC_299,D20,VIP,True,Booked,
ST_7615,BK_6945,SC_286,B13,Regular,True,Booked,
ST_7616,BK_9858,SC_829,D10,Regular,True,Booked,
ST_7617,BK_1693,SC_181,D19,Regular,True,Booked,
ST_7618,BK_2511,SC_839,B17,Premium,True,Available,
ST_7619,BK_5598,SC_828,A17,Premium,True,Booked,
ST_7620,BK_5167,SC_128,C13,Premium,True,Booked,
ST_7621,BK_4737,SC_284,E6,Premium,True,Booked,
ST_7622,BK_8501,SC_475,C19,Regular,True,Booked,
ST_7623,BK_5828,SC_746,B3,Regular,True,Booked,
ST_7624,BK_9282,SC_607,B18,Premium,True,Booked,
ST_7625,BK_6558,SC_949,C2,Premium,True,Available,
ST_7627,BK_3362,SC_621,C12,Premium,True,Booked,
ST_7628,BK_8197,SC_20,E18,Premium,True,Booked,
ST_7630,BK_5012,SC_992,D15,Regular,True,Booked,
ST_7633,BK_8663,SC_129,B14,Regular,True,Reserved,
ST_7634,BK_4482,SC_391,C16,VIP,True,Booked,
ST_7635,BK_8549,SC_4,C19,Regular,True,Booked,
ST_7636,BK_8857,SC_889,B18,Regular,True,Booked,
ST_7638,BK_8083,SC_680,D10,Premium,True,Reserved,
ST_7639,BK_5891,SC_79,C9,Regular,True,Available,
ST_7640,BK_6455,SC_675,A5,Premium,True,Booked,
ST_7643,BK_6657,SC_166,A16,Regular,True,Booked,
ST_7644,BK_8760,SC_234,C18,Regular,True,Booked,
ST_7645,BK_4884,SC_92,B15,Regular,True,Booked,
ST_7646,BK_3206,SC_285,A20,Premium,True,Booked,
ST_7647,BK_5568,SC_625,A3,Regular,True,Booked,
ST_7648,BK_6065,SC_545,E19,Premium,True,Available,
ST_7649,BK_7363,SC_279,A13,Regular,True,Booked,
ST_7650,BK_5209,SC_632,D10,Regular,True,Booked,
ST_7651,BK_4140,SC_414,D3,Regular,True,Booked,
ST_7652,BK_2765,SC_768,A3,Regular,True,Booked,
ST_7653,BK_4848,SC_846,B5,Regular,True,Available,
ST_7654,BK_930,SC_454,E15,Regular,True,Booked,
ST_7655,BK_8577,SC_100,C9,Regular,True,Booked,
ST_7656,BK_5934,SC_47,A6,Premium,True,Booked,
ST_7657,BK_3687,SC_807,D13,Regular,True,Booked,
ST_7659,,SC_158,A19,Regular,True,Booked,
ST_7660,BK_6760,SC_650,D6,Premium,True,Booked,
ST_7662,,SC_991,B5,Premium,True,Booked,
ST_7664,BK_687,SC_604,B5,Regular,True,Available,
ST_7665,BK_5088,SC_234,B11,Regular,True,Available,
ST_7666,BK_9921,SC_445,D19,Regular,True,Booked,
ST_7667,,SC_240,D12,Regular,True,Booked,
ST_7668,BK_6124,SC_786,D1,Regular,True,Booked,
ST_7670,,SC_162,E20,Regular,True,Reserved,
ST_7671,BK_2942,SC_467,A9,Regular,True,Booked,
ST_7672,,SC_671,E10,Regular,True,Available,
ST_7673,BK_382,SC_918,A12,Regular,True,Available,
ST_7674,BK_9331,SC_596,B11,Premium,True,Booked,
ST_7676,BK_2819,SC_731,D7,VIP,True,Reserved,
ST_7677,BK_5993,SC_312,C19,Regular,True,Booked,
ST_7678,BK_7585,SC_640,D11,Premium,True,Booked,
ST_7680,BK_392,SC_289,E2,Regular,True,Booked,
ST_7681,,SC_4,E15,Premium,True,Booked,
ST_7682,,SC_169,E3,Regular,True,Reserved,
ST_7683,BK_257,SC_598,D5,Premium,True,Booked,
ST_7684,BK_3230,SC_104,A6,Regular,True,Booked,
ST_7686,BK_4087,SC_941,E18,Regular,True,Booked,
ST_7687,BK_2912,SC_929,C9,Premium,True,Booked,
ST_7688,BK_5297,SC_938,B5,Regular,True,Booked,
ST_7689,,SC_937,A17,VIP,True,Available,
ST_7691,BK_8547,SC_147,B3,Regular,True,Booked,
ST_7692,BK_3826,SC_711,E2,Regular,True,Booked,
ST_7693,BK_1388,SC_709,E15,Regular,True,Booked,
ST_7694,BK_2371,SC_34,C6,Regular,True,Booked,
ST_7695,BK_103,SC_441,B13,VIP,True,Available,
ST_7696,BK_182,SC_122,D17,Regular,True,Booked,
ST_7698,,SC_141,A18,VIP,True,Booked,
ST_7700,BK_5016,SC_83,A1,Premium,True,Booked,
ST_7701,BK_2138,SC_283,A12,Regular,True,Booked,
ST_7702,BK_2026,SC_367,E15,Regular,True,Booked,
ST_7703,BK_8960,SC_935,C19,VIP,True,Booked,
ST_7704,BK_999,SC_244,C15,Premium,True,Booked,
ST_7705,BK_3128,SC_976,D9,Regular,True,Available,
ST_7706,BK_7292,SC_477,D18,VIP,True,Booked,
ST_7707,BK_7177,SC_790,C10,Regular,True,Booked,
ST_7708,BK_6300,SC_215,C6,Regular,True,Booked,
ST_7709,BK_7091,SC_688,D13,Regular,True,Booked,
ST_7711,BK_6906,SC_999,E10,Regular,True,Booked,
ST_7712,BK_8051,SC_33,E17,Regular,True,Reserved,
ST_7713,BK_8594,SC_316,D2,Regular,True,Reserved,
ST_7714,BK_543,SC_832,D9,Premium,True,Booked,
ST_7715,BK_6467,SC_350,A10,Premium,True,Booked,
ST_7717,BK_5795,SC_64,B4,Regular,True,Booked,
ST_7718,BK_3997,SC_12,D11,VIP,True,Booked,
ST_7719,,SC_230,C18,Premium,True,Booked,
ST_7720,BK_7493,SC_69,D10,Regular,True,Reserved,
ST_7722,BK_5971,SC_885,E17,Regular,True,Available,
ST_7723,BK_3982,SC_978,B1,VIP,True,Booked,
ST_7724,,SC_670,E14,Premium,True,Available,
ST_7725,BK_9430,SC_391,B16,VIP,True,Booked,
ST_7726,BK_6327,SC_585,D12,Regular,True,Booked,
ST_7727,,SC_865,D14,Regular,True,Booked,
ST_7728,BK_8810,SC_594,D18,Regular,True,Reserved,
ST_7729,,SC_919,E14,Premium,True,Reserved,
ST_7730,BK_4123,SC_759,E7,Regular,True,Available,
ST_7731,BK_7922,SC_543,A16,Premium,True,Booked,
ST_7732,BK_2079,SC_226,E10,Regular,True,Booked,
ST_7733,,SC_480,B1,Premium,True,Available,
ST_7734,BK_9577,SC_400,B4,Regular,True,Booked,
ST_7735,BK_3533,SC_155,A4,Regular,True,Booked,
ST_7736,,SC_763,A10,Regular,True,Available,
ST_7737,,SC_968,D3,Regular,True,Booked,
ST_7738,BK_4017,SC_28,A7,Regular,True,Booked,
ST_7739,BK_1291,SC_334,C13,Regular,True,Reserved,
ST_7740,BK_3881,SC_287,D12,Regular,True,Available,
ST_7742,BK_8019,SC_323,A16,Regular,True,Available,
ST_7743,BK_2035,SC_814,B17,Regular,True,Booked,
ST_7745,,SC_644,E10,Regular,True,Booked,
ST_7746,BK_3803,SC_311,D15,Regular,True,Available,
ST_7747,BK_4741,SC_756,A12,VIP,True,Booked,
ST_7748,,SC_631,B20,Regular,True,Reserved,
ST_7749,,SC_600,D15,Premium,True,Booked,
ST_7750,,SC_216,A11,Regular,True,Booked,
ST_7751,BK_8388,SC_285,E13,Regular,True,Booked,
ST_7753,BK_9099,SC_611,E17,Regular,True,Booked,
ST_7755,,SC_769,D20,VIP,True,Booked,
ST_7756,BK_4741,SC_710,B7,Regular,True,Available,
ST_7758,BK_9868,SC_555,B1,VIP,True,Booked,
ST_7760,BK_2107,SC_732,D7,Premium,True,Booked,
ST_7761,,SC_336,B14,Regular,True,Booked,
ST_7762,BK_7036,SC_951,D11,Regular,True,Booked,
ST_7763,,SC_821,E2,Premium,True,Available,
ST_7764,BK_3554,SC_424,A16,Regular,True,Available,
ST_7765,BK_3254,SC_687,C19,Regular,True,Booked,
ST_7766,BK_7189,SC_925,C13,Premium,True,Booked,
ST_7767,BK_8535,SC_567,E7,Regular,True,Available,
ST_7768,BK_4019,SC_48,C10,Regular,True,Booked,
ST_7769,BK_9325,SC_950,A17,Premium,True,Booked,
ST_7771,BK_3195,SC_996,D10,Regular,True,Booked,
ST_7772,BK_739,SC_222,D11,Regular,True,Reserved,
ST_7773,BK_330,SC_886,C7,Regular,True,Available,
ST_7774,BK_3579,SC_715,E7,Regular,True,Booked,
ST_7775,BK_1901,SC_480,E8,Regular,True,Booked,
ST_7776,,SC_829,E14,Regular,True,Available,
ST_7777,BK_4015,SC_213,C5,VIP,True,Available,
ST_7778,BK_3390,SC_255,D11,Premium,True,Booked,
ST_7779,BK_3273,SC_792,D19,Premium,True,Available,
ST_7781,,SC_480,D12,Premium,True,Booked,
ST_7782,BK_5748,SC_462,E1,Premium,True,Booked,
ST_7783,BK_3233,SC_313,E18,Regular,True,Booked,
ST_7784,BK_992,SC_651,C7,Premium,True,Booked,
ST_7785,BK_6928,SC_772,E7,Regular,True,Reserved,
ST_7786,BK_1764,SC_738,E19,VIP,True,Booked,
ST_7787,BK_6967,SC_232,D17,Regular,True,Booked,
ST_7788,BK_1251,SC_634,A15,Regular,True,Booked,
ST_7790,BK_9215,SC_757,E11,Premium,True,Booked,
ST_7791,BK_4995,SC_641,B4,Premium,True,Booked,
ST_7792,BK_6742,SC_502,B6,Regular,True,Reserved,
ST_7794,BK_1153,SC_114,B7,Regular,True,Booked,
ST_7795,BK_8762,SC_613,C17,Regular,True,Booked,
ST_7796,BK_4509,SC_628,B18,VIP,True,Booked,
ST_7797,BK_837,SC_57,E2,Regular,True,Booked,
ST_7798,BK_4562,SC_832,A14,Premium,True,Reserved,
ST_7799,,SC_880,C2,Regular,True,Booked,
ST_7800,,SC_184,C19,Premium,True,Booked,
ST_7801,BK_796,SC_576,A7,Regular,True,Booked,
ST_7802,BK_5100,SC_926,D6,Regular,True,Booked,
ST_7803,BK_3841,SC_208,C7,Regular,True,Available,
ST_7804,,SC_937,B20,Regular,True,Available,
ST_7805,BK_7570,SC_991,B9,Regular,True,Booked,
ST_7806,BK_9602,SC_692,C5,Regular,True,Booked,
ST_7807,,SC_757,E10,Regular,True,Available,
ST_7808,BK_3609,SC_899,C8,Premium,True,Reserved,
ST_7809,BK_740,SC_213,E15,Regular,True,Booked,
ST_7810,BK_4303,SC_272,D11,Premium,True,Booked,
ST_7811,BK_2743,SC_332,C14,Regular,True,Available,
ST_7812,BK_2499,SC_718,A5,Regular,True,Booked,
ST_7813,BK_4029,SC_469,E15,Premium,True,Booked,
ST_7814,BK_9378,SC_491,B11,Premium,True,Booked,
ST_7815,BK_4201,SC_806,A19,Regular,True,Booked,
ST_7816,,SC_98,A14,Regular,True,Booked,
ST_7818,BK_4557,SC_972,A20,Regular,True,Booked,
ST_7819,BK_991,SC_390,B14,VIP,True,Available,
ST_7820,BK_5718,SC_901,C12,Regular,True,Booked,
ST_7822,BK_4654,SC_792,A4,Premium,True,Available,
ST_7824,BK_7772,SC_257,B4,VIP,True,Booked,
ST_7825,,SC_491,D20,VIP,True,Booked,
ST_7826,,SC_115,D5,Premium,True,Booked,
ST_7827,BK_5084,SC_243,B4,Regular,True,Available,
ST_7828,BK_7123,SC_643,D3,Premium,True,Reserved,
ST_7831,BK_2977,SC_488,C6,Regular,True,Booked,
ST_7833,BK_5327,SC_159,B1,Regular,True,Reserved,
ST_7834,BK_8503,SC_787,B1,Premium,True,Available,
ST_7835,BK_6865,SC_932,E16,Regular,True,Booked,
ST_7836,BK_6827,SC_443,A2,Premium,True,Reserved,
ST_7837,BK_4543,SC_369,D7,Premium,True,Booked,
ST_7839,BK_1503,SC_829,E11,Regular,True,Booked,
ST_7840,BK_2857,SC_373,E14,Regular,True,Available,
ST_7842,BK_5184,SC_787,A13,Regular,True,Available,
ST_7843,BK_858,SC_714,D8,Regular,True,Booked,
ST_7844,BK_415,SC_934,E20,Regular,True,Booked,
ST_7845,BK_3558,SC_372,D2,Regular,True,Booked,
ST_7846,,SC_879,E8,VIP,True,Booked,
ST_7847,BK_9437,SC_614,D2,Premium,True,Reserved,
ST_7848,BK_2814,SC_640,A11,VIP,True,Booked,
ST_7849,BK_3791,SC_205,E16,Premium,True,Available,
ST_7850,BK_6066,SC_850,A16,Regular,True,Booked,
ST_7851,,SC_399,A16,Regular,True,Booked,
ST_7852,,SC_866,B2,Premium,True,Reserved,
ST_7853,BK_5774,SC_302,E2,Premium,True,Reserved,
ST_7854,BK_9128,SC_589,E11,Premium,True,Booked,
ST_7856,BK_2292,SC_502,D11,Premium,True,Booked,
ST_7857,BK_9484,SC_542,B9,Regular,True,Available,
ST_7858,BK_643,SC_179,E8,Regular,True,Booked,
ST_7860,BK_4407,SC_921,D7,Regular,True,Reserved,
ST_7861,BK_1772,SC_451,A1,Regular,True,Booked,
ST_7862,BK_2160,SC_409,E2,Regular,True,Booked,
ST_7863,BK_1223,SC_251,B8,Premium,True,Booked,
ST_7866,BK_7083,SC_617,C7,Regular,True,Booked,
ST_7867,BK_8044,SC_654,E20,Regular,True,Available,
ST_7868,BK_3201,SC_390,E2,Regular,True,Reserved,
ST_7869,BK_568,SC_369,C3,Regular,True,Available,
ST_7871,BK_7855,SC_532,C1,Regular,True,Booked,
ST_7874,BK_5333,SC_888,A11,Premium,True,Available,
ST_7875,BK_2905,SC_95,B7,Regular,True,Booked,
ST_7876,BK_6621,SC_667,C12,Premium,True,Reserved,
ST_7877,BK_2092,SC_457,D10,Premium,True,Available,
ST_7878,BK_6832,SC_842,A9,Premium,True,Reserved,
ST_7879,BK_1613,SC_30,A14,VIP,True,Booked,
ST_7880,BK_172,SC_857,A10,Regular,True,Booked,
ST_7881,,SC_577,A4,Premium,True,Booked,
ST_7882,BK_2274,SC_4,D15,Regular,True,Available,
ST_7884,BK_2091,SC_45,B20,Premium,True,Booked,
ST_7885,BK_2579,SC_116,B9,Premium,True,Available,
ST_7886,BK_6167,SC_707,E4,Premium,True,Available,
ST_7887,BK_3671,SC_128,C7,Regular,True,Booked,
ST_7888,BK_3913,SC_28,B2,VIP,True,Available,
ST_7890,BK_4385,SC_151,E8,Premium,True,Available,
ST_7891,,SC_394,D17,VIP,True,Booked,
ST_7892,BK_8361,SC_987,B16,Regular,True,Booked,
ST_7893,BK_3074,SC_268,C18,Regular,True,Reserved,
ST_7894,BK_5761,SC_744,E15,Regular,True,Booked,
ST_7895,,SC_727,D4,Premium,True,Available,
ST_7896,BK_153,SC_159,B20,Premium,True,Booked,
ST_7897,BK_3756,SC_12,A10,Regular,True,Booked,
ST_7900,BK_8940,SC_340,C9,Regular,True,Booked,
ST_7901,BK_3676,SC_969,C5,Premium,True,Available,
ST_7902,BK_1276,SC_540,D7,Regular,True,Booked,
ST_7903,BK_9564,SC_233,A20,Regular,True,Booked,
ST_7905,BK_514,SC_798,C10,Premium,True,Booked,
ST_7906,,SC_726,A16,Regular,True,Booked,
ST_7907,BK_6002,SC_566,A4,Regular,True,Booked,
ST_7909,BK_2887,SC_93,C20,Regular,True,Available,
ST_7910,BK_5114,SC_521,B14,Regular,True,Reserved,
ST_7911,BK_3413,SC_796,C12,Regular,True,Booked,
ST_7913,BK_6122,SC_109,E7,Premium,True,Reserved,
ST_7914,BK_8804,SC_453,E18,Regular,True,Booked,
ST_7915,BK_6929,SC_580,D13,Regular,True,Booked,
ST_7917,BK_6509,SC_653,C2,Regular,True,Booked,
ST_7918,BK_3848,SC_331,D20,VIP,True,Booked,
ST_7920,BK_4066,SC_330,B20,Regular,True,Booked,
ST_7921,BK_5687,SC_560,B19,Regular,True,Reserved,
ST_7922,BK_3337,SC_699,B12,VIP,True,Booked,
ST_7924,BK_3265,SC_986,D4,Regular,True,Reserved,
ST_7925,BK_4166,SC_285,C2,Regular,True,Reserved,
ST_7926,BK_3985,SC_180,D7,Regular,True,Available,
ST_7927,BK_169,SC_532,A18,Regular,True,Available,
ST_7928,BK_9714,SC_963,B8,Regular,True,Booked,
ST_7929,,SC_844,A11,Regular,True,Booked,
ST_7930,BK_7879,SC_861,B13,Regular,True,Available,
ST_7931,BK_7551,SC_533,A16,Regular,True,Available,
ST_7932,BK_6825,SC_339,C14,Premium,True,Booked,
ST_7933,BK_2015,SC_136,C11,Regular,True,Booked,
ST_7935,BK_1173,SC_291,E4,Premium,True,Available,
ST_7936,BK_9663,SC_390,E19,Premium,True,Booked,
ST_7937,BK_7112,SC_886,C14,Regular,True,Booked,
ST_7938,BK_6095,SC_160,D2,Regular,True,Available,
ST_7940,BK_1667,SC_949,C12,Premium,True,Booked,
ST_7941,BK_6002,SC_60,A5,Premium,True,Booked,
ST_7942,BK_4909,SC_807,D7,Premium,True,Available,
ST_7943,BK_8522,SC_596,E16,Premium,True,Available,
ST_7945,BK_4212,SC_994,E9,Regular,True,Reserved,
ST_7946,BK_6023,SC_741,A17,Premium,True,Booked,
ST_7947,,SC_585,C11,Regular,True,Booked,
ST_7948,BK_5934,SC_78,E7,Regular,True,Booked,
ST_7949,BK_9354,SC_172,A1,Premium,True,Available,
ST_7950,BK_3228,SC_11,A18,Regular,True,Available,
ST_7951,BK_3071,SC_869,D16,Regular,True,Available,
ST_7952,BK_3405,SC_955,B4,Premium,True,Available,
ST_7953,BK_2673,SC_610,B18,Premium,True,Reserved,
ST_7954,,SC_794,A20,Regular,True,Booked,
ST_7955,BK_325,SC_375,D19,Regular,True,Booked,
ST_7956,BK_9965,SC_356,C20,Regular,True,Booked,
ST_7957,BK_3867,SC_511,A8,Regular,True,Booked,
ST_7958,BK_6626,SC_128,B15,Regular,True,Available,
ST_7959,BK_6033,SC_511,B15,Premium,True,Reserved,
ST_7960,BK_2377,SC_278,B20,Premium,True,Booked,
ST_7961,BK_6946,SC_440,E14,Premium,True,Booked,
ST_7962,BK_6186,SC_968,B2,Regular,True,Booked,
ST_7963,BK_7637,SC_733,B15,Regular,True,Reserved,
ST_7964,BK_9513,SC_108,B12,Regular,True,Booked,
ST_7965,BK_6487,SC_202,E19,Regular,True,Booked,
ST_7967,BK_6481,SC_322,B1,Regular,True,Booked,
ST_7969,BK_6074,SC_760,A7,Regular,True,Booked,
ST_7970,BK_166,SC_61,B17,Regular,True,Reserved,
ST_7971,BK_9369,SC_441,B17,Regular,True,Booked,
ST_7972,BK_6544,SC_38,C3,Premium,True,Available,
ST_7973,BK_950,SC_85,C4,Regular,True,Booked,
ST_7974,BK_1220,SC_922,B19,VIP,True,Booked,
ST_7975,BK_7829,SC_361,C16,Premium,True,Booked,
ST_7976,,SC_268,E18,Regular,True,Reserved,
ST_7977,,SC_82,C2,Regular,True,Booked,
ST_7978,BK_8695,SC_106,A9,Premium,True,Booked,
ST_7979,BK_8315,SC_104,B16,Regular,True,Booked,
ST_7980,BK_2000,SC_997,B12,Premium,True,Booked,
ST_7981,,SC_280,A4,Regular,True,Booked,
ST_7982,,SC_687,C4,Premium,True,Booked,
ST_7983,BK_4362,SC_126,E15,Premium,True,Booked,
ST_7984,BK_9184,SC_268,B13,Regular,True,Available,
ST_7985,BK_8952,SC_43,E19,Regular,True,Booked,
ST_7987,BK_812,SC_335,E6,Regular,True,Booked,
ST_7989,BK_510,SC_86,A19,Premium,True,Booked,
ST_7991,BK_6755,SC_176,D3,Regular,True,Booked,
ST_7992,BK_7111,SC_858,E7,Regular,True,Reserved,
ST_7993,BK_8752,SC_283,C12,Regular,True,Booked,
ST_7994,BK_3970,SC_544,C14,Premium,True,Booked,
ST_7995,BK_8480,SC_448,A15,VIP,True,Booked,
ST_7997,BK_9007,SC_743,B1,Regular,True,Available,
ST_7998,BK_1941,SC_393,C2,Regular,True,Booked,
ST_7999,BK_4403,SC_92,A20,Premium,True,Booked,
ST_8002,BK_7132,SC_328,E14,Regular,True,Booked,
ST_8003,,SC_910,E3,Premium,True,Booked,
ST_8004,BK_5030,SC_639,E1,Regular,True,Reserved,
ST_8005,,SC_427,E10,Regular,True,Booked,
ST_8006,BK_1032,SC_813,B13,Regular,True,Booked,
ST_8007,BK_5215,SC_89,C18,Premium,True,Booked,
ST_8008,BK_2834,SC_24,C15,Regular,True,Booked,
ST_8009,BK_1098,SC_646,B11,Regular,True,Booked,
ST_8010,BK_4446,SC_653,C16,Premium,True,Available,
ST_8011,BK_4768,SC_166,D15,Premium,True,Available,
ST_8012,BK_3320,SC_77,E10,Premium,True,Booked,
ST_8013,BK_1239,SC_98,D2,Regular,True,Booked,
ST_8015,,SC_33,A17,VIP,True,Available,
ST_8016,BK_3618,SC_20,D4,Regular,True,Booked,
ST_8018,BK_1812,SC_21,C8,Regular,True,Booked,
ST_8019,BK_9166,SC_177,B20,Premium,True,Booked,
ST_8020,BK_3462,SC_885,C13,Premium,True,Booked,
ST_8021,BK_2506,SC_922,E11,Regular,True,Booked,
ST_8022,BK_4983,SC_221,D16,Premium,True,Booked,
ST_8024,BK_4199,SC_513,B6,Regular,True,Booked,
ST_8025,BK_8323,SC_53,B1,Regular,True,Booked,
ST_8027,BK_763,SC_448,E20,Regular,True,Booked,
ST_8028,BK_739,SC_835,D10,Premium,True,Reserved,
ST_8029,BK_5505,SC_372,D12,Premium,True,Booked,
ST_8030,BK_7151,SC_182,E13,Premium,True,Available,
ST_8031,,SC_933,B10,Regular,True,Available,
ST_8032,BK_9973,SC_76,D1,Regular,True,Booked,
ST_8033,BK_2341,SC_192,D15,Regular,True,Booked,
ST_8034,BK_3026,SC_891,A4,Regular,True,Booked,
ST_8035,BK_7569,SC_476,D12,Regular,True,Booked,
ST_8036,BK_3655,SC_10,D18,Regular,True,Booked,
ST_8037,BK_8320,SC_590,B10,Regular,True,Booked,
ST_8038,BK_418,SC_203,B1,Regular,True,Booked,
ST_8039,BK_4088,SC_676,C8,Regular,True,Booked,
ST_8040,BK_1550,SC_835,B12,Regular,True,Booked,
ST_8041,,SC_188,C12,Regular,True,Booked,
ST_8042,BK_4632,SC_912,B14,Regular,True,Booked,
ST_8043,BK_4138,SC_155,E14,Premium,True,Booked,
ST_8044,BK_4141,SC_904,D19,VIP,True,Booked,
ST_8046,BK_8020,SC_330,A11,Premium,True,Reserved,
ST_8047,BK_2775,SC_378,B14,Regular,True,Booked,
ST_8048,BK_386,SC_64,B18,Regular,True,Booked,
ST_8049,BK_4815,SC_616,E11,Regular,True,Booked,
ST_8050,BK_7940,SC_993,E9,Premium,True,Available,
ST_8051,BK_9826,SC_5,C14,Regular,True,Booked,
ST_8052,,SC_378,B18,Regular,True,Booked,
ST_8053,BK_6564,SC_822,C19,Regular,True,Booked,
ST_8055,BK_1915,SC_454,E1,Regular,True,Booked,
ST_8056,BK_1395,SC_586,E19,Regular,True,Booked,
ST_8057,BK_7411,SC_873,E10,Regular,True,Reserved,
ST_8058,BK_395,SC_401,D11,Premium,True,Available,
ST_8059,BK_1849,SC_78,B15,Regular,True,Booked,
ST_8060,BK_5999,SC_151,B19,Regular,True,Booked,
ST_8061,BK_1460,SC_440,D8,Regular,True,Booked,
ST_8062,BK_336,SC_903,D20,VIP,True,Booked,
ST_8064,BK_7543,SC_237,A1,Premium,True,Booked,
ST_8066,BK_6064,SC_515,A8,Regular,True,Booked,
ST_8067,,SC_865,A6,Premium,True,Booked,
ST_8069,BK_1857,SC_265,D14,Premium,True,Booked,
ST_8070,BK_8621,SC_327,E13,Regular,True,Available,
ST_8071,BK_7239,SC_922,C13,Premium,True,Booked,
ST_8073,,SC_644,D4,VIP,True,Booked,
ST_8074,BK_6386,SC_546,C18,Premium,True,Reserved,
ST_8075,BK_9062,SC_369,D1,Premium,True,Reserved,
ST_8078,BK_7177,SC_646,C2,Premium,True,Reserved,
ST_8079,BK_1651,SC_678,C2,Premium,True,Booked,
ST_8080,,SC_785,B14,Regular,True,Booked,
ST_8081,BK_2348,SC_309,A12,Regular,True,Booked,
ST_8085,BK_5473,SC_25,A10,VIP,True,Available,
ST_8086,BK_5390,SC_202,E2,Premium,True,Available,
ST_8087,BK_246,SC_335,B12,Regular,True,Booked,
ST_8088,BK_4329,SC_656,D2,Regular,True,Booked,
ST_8089,BK_5698,SC_699,E16,Regular,True,Reserved,
ST_8090,,SC_473,B12,VIP,True,Booked,
ST_8091,BK_9570,SC_793,E8,Regular,True,Booked,
ST_8092,BK_5121,SC_23,E17,Regular,True,Reserved,
ST_8093,BK_8297,SC_281,B19,VIP,True,Booked,
ST_8094,BK_7675,SC_193,E3,Premium,True,Available,
ST_8095,BK_8508,SC_646,C4,Premium,True,Available,
ST_8096,BK_4504,SC_286,C10,Regular,True,Booked,
ST_8097,BK_340,SC_197,D7,Regular,True,Booked,
ST_8098,BK_3806,SC_730,A16,Regular,True,Available,
ST_8101,BK_7152,SC_864,D3,Regular,True,Available,
ST_8103,BK_2695,SC_739,E11,VIP,True,Booked,
ST_8104,BK_9585,SC_949,C1,Regular,True,Booked,
ST_8105,BK_3453,SC_885,D18,Regular,True,Booked,
ST_8107,BK_3807,SC_466,A9,VIP,True,Booked,
ST_8109,BK_7880,SC_628,E3,Regular,True,Booked,
ST_8110,,SC_146,B2,Regular,True,Booked,
ST_8111,BK_7418,SC_926,C7,Premium,True,Reserved,
ST_8112,,SC_163,A3,VIP,True,Booked,
ST_8113,BK_4427,SC_979,D9,Premium,True,Booked,
ST_8114,BK_7984,SC_647,C16,Premium,True,Reserved,
ST_8116,BK_3594,SC_653,A20,Premium,True,Booked,
ST_8118,BK_8452,SC_441,D4,Regular,True,Booked,
ST_8119,BK_1114,SC_520,B15,Regular,True,Booked,
ST_8120,BK_7355,SC_96,B2,VIP,True,Booked,
ST_8121,BK_9109,SC_53,A16,VIP,True,Booked,
ST_8122,BK_2456,SC_82,D15,Regular,True,Booked,
ST_8123,,SC_886,B7,VIP,True,Booked,
ST_8124,,SC_76,C10,Regular,True,Available,
ST_8125,BK_4685,SC_341,C15,Premium,True,Booked,
ST_8126,,SC_567,D2,VIP,True,Booked,
ST_8128,BK_8052,SC_92,E10,Regular,True,Booked,
ST_8129,BK_8339,SC_456,E13,Regular,True,Booked,
ST_8130,BK_2587,SC_133,D2,VIP,True,Available,
ST_8131,BK_5119,SC_760,C9,Premium,True,Booked,
ST_8132,BK_2443,SC_33,D13,Premium,True,Booked,
ST_8133,BK_6132,SC_2,D10,Regular,True,Booked,
ST_8134,BK_8244,SC_340,C14,Regular,True,Booked,
ST_8135,BK_14,SC_240,A6,Regular,True,Available,
ST_8136,BK_5590,SC_395,B10,Premium,True,Booked,
ST_8137,BK_6349,SC_970,E1,Regular,True,Booked,
ST_8138,BK_572,SC_29,A7,VIP,True,Reserved,
ST_8139,BK_4731,SC_183,B14,Regular,True,Booked,
ST_8140,BK_2659,SC_132,A2,Premium,True,Booked,
ST_8141,BK_7129,SC_467,A15,Regular,True,Available,
ST_8142,BK_6381,SC_648,B17,Regular,True,Reserved,
ST_8143,BK_5470,SC_248,A2,VIP,True,Available,
ST_8144,BK_906,SC_324,E14,Premium,True,Booked,
ST_8145,BK_8655,SC_134,D12,Regular,True,Booked,
ST_8146,,SC_99,E17,Regular,True,Booked,
ST_8147,,SC_102,D20,Regular,True,Booked,
ST_8148,,SC_136,D9,Premium,True,Booked,
ST_8149,,SC_914,D19,Premium,True,Booked,
ST_8150,,SC_779,B10,Regular,True,Booked,
ST_8151,BK_6550,SC_541,E4,Regular,True,Reserved,
ST_8152,BK_777,SC_766,E3,Premium,True,Booked,
ST_8153,BK_4950,SC_790,A11,Premium,True,Booked,
ST_8154,BK_3708,SC_318,A17,Regular,True,Booked,
ST_8155,BK_9038,SC_794,E15,Premium,True,Booked,
ST_8156,BK_8931,SC_879,E18,Premium,True,Reserved,
ST_8157,BK_2438,SC_343,E16,Regular,True,Booked,
ST_8158,BK_9664,SC_76,B14,Premium,True,Available,
ST_8159,BK_8576,SC_998,A16,Regular,True,Reserved,
ST_8164,BK_6188,SC_16,E12,VIP,True,Available,
ST_8165,BK_6412,SC_131,B16,Regular,True,Booked,
ST_8166,BK_1520,SC_928,E14,Regular,True,Booked,
ST_8167,BK_5546,SC_606,C3,Regular,True,Available,
ST_8168,,SC_100,C5,VIP,True,Booked,
ST_8169,BK_3841,SC_286,B18,Regular,True,Available,
ST_8170,BK_6221,SC_152,A9,Regular,True,Booked,
ST_8172,BK_3610,SC_188,D1,Regular,True,Booked,
ST_8174,,SC_413,B10,Regular,True,Booked,
ST_8175,,SC_742,D17,Regular,True,Available,
ST_8177,BK_2091,SC_38,B15,Regular,True,Booked,
ST_8178,BK_9500,SC_815,D12,Regular,True,Available,
ST_8180,,SC_414,A9,Regular,True,Booked,
ST_8181,BK_759,SC_403,D1,Regular,True,Available,
ST_8182,BK_3085,SC_203,A10,Regular,True,Booked,
ST_8183,BK_7407,SC_163,C18,Premium,True,Reserved,
ST_8184,BK_4931,SC_886,B1,Premium,True,Booked,
ST_8186,BK_6590,SC_318,D15,Premium,True,Reserved,
ST_8188,BK_6555,SC_723,C14,Premium,True,Booked,
ST_8189,BK_3814,SC_998,D3,Regular,True,Booked,
ST_8190,BK_5839,SC_214,D1,Premium,True,Reserved,
ST_8192,,SC_86,A5,Regular,True,Available,
ST_8193,BK_7333,SC_620,B18,VIP,True,Reserved,
ST_8194,BK_4411,SC_471,D2,Regular,True,Available,
ST_8195,BK_525,SC_461,E9,Regular,True,Booked,
ST_8196,BK_4388,SC_260,E11,Premium,True,Booked,
ST_8197,BK_2508,SC_998,E12,Regular,True,Booked,
ST_8198,BK_660,SC_399,D9,VIP,True,Available,
ST_8199,BK_4491,SC_93,B7,VIP,True,Available,
ST_8201,BK_1900,SC_393,A20,Regular,True,Available,
ST_8202,BK_8551,SC_862,A2,Regular,True,Available,
ST_8203,,SC_819,D5,Regular,True,Booked,
ST_8205,BK_6115,SC_999,A5,Premium,True,Reserved,
ST_8207,BK_5649,SC_685,B14,Regular,True,Booked,
ST_8208,,SC_600,B10,Regular,True,Booked,
ST_8210,,SC_745,B19,Premium,True,Booked,
ST_8211,BK_5948,SC_613,C3,Premium,True,Available,
ST_8212,BK_644,SC_946,A10,Premium,True,Booked,
ST_8213,BK_9329,SC_221,B4,Premium,True,Available,
ST_8214,BK_6539,SC_66,A13,Regular,True,Booked,
ST_8215,BK_6717,SC_542,E6,Premium,True,Booked,
ST_8216,,SC_697,A19,Premium,True,Available,
ST_8217,,SC_478,C20,Regular,True,Available,
ST_8218,,SC_90,D6,Regular,True,Available,
ST_8221,BK_5666,SC_810,D4,Regular,True,Reserved,
ST_8222,BK_6298,SC_340,B7,Regular,True,Available,
ST_8223,BK_4365,SC_162,C16,Premium,True,Booked,
ST_8224,BK_1327,SC_674,A9,Regular,True,Booked,
ST_8225,BK_89,SC_956,D14,Regular,True,Booked,
ST_8226,BK_7363,SC_316,B16,Regular,True,Available,
ST_8228,,SC_131,A17,Regular,True,Booked,
ST_8230,BK_9878,SC_208,E17,VIP,True,Available,
ST_8231,BK_9225,SC_15,C12,Premium,True,Booked,
ST_8233,BK_6116,SC_610,D6,Regular,True,Booked,
ST_8234,BK_8534,SC_313,D3,Premium,True,Reserved,
ST_8235,BK_9214,SC_709,D19,Premium,True,Booked,
ST_8236,BK_1884,SC_9,C16,Regular,True,Available,
ST_8237,,SC_844,C8,Regular,True,Available,
ST_8238,BK_7628,SC_223,D14,Regular,True,Reserved,
ST_8239,BK_8378,SC_800,D11,Regular,True,Booked,
ST_8240,BK_4318,SC_39,C10,Premium,True,Booked,
ST_8241,BK_2578,SC_767,E10,Regular,True,Booked,
ST_8242,,SC_538,E6,Regular,True,Available,
ST_8243,BK_3531,SC_634,E16,Premium,True,Booked,
ST_8244,BK_9087,SC_676,E12,Premium,True,Booked,
ST_8245,,SC_899,D11,Regular,True,Available,
ST_8246,BK_809,SC_475,E16,Premium,True,Booked,
ST_8247,BK_2636,SC_213,E8,Regular,True,Available,
ST_8248,BK_9230,SC_941,E4,Regular,True,Booked,
ST_8249,BK_3874,SC_893,D18,Premium,True,Available,
ST_8251,BK_1202,SC_536,A6,Regular,True,Booked,
ST_8252,BK_5798,SC_182,E18,VIP,True,Booked,
ST_8253,,SC_478,A14,Regular,True,Booked,
ST_8254,BK_2484,SC_433,C5,Regular,True,Booked,
ST_8255,BK_8185,SC_11,C5,Regular,True,Booked,
ST_8256,BK_4896,SC_570,A13,Premium,True,Booked,
ST_8257,BK_4661,SC_951,C15,Premium,True,Booked,
ST_8259,BK_8378,SC_241,D3,Premium,True,Booked,
ST_8261,BK_2229,SC_565,A12,Premium,True,Reserved,
ST_8262,,SC_823,E15,VIP,True,Booked,
ST_8263,BK_5342,SC_56,D11,Premium,True,Booked,
ST_8264,BK_2361,SC_891,B17,Regular,True,Booked,
ST_8265,BK_6612,SC_233,B19,Premium,True,Booked,
ST_8266,BK_9123,SC_87,D10,Regular,True,Booked,
ST_8267,,SC_22,C4,Regular,True,Booked,
ST_8268,BK_2884,SC_726,D17,Regular,True,Booked,
ST_8269,BK_3840,SC_40,A4,Premium,True,Available,
ST_8270,BK_7574,SC_991,C13,Premium,True,Reserved,
ST_8271,BK_7532,SC_457,D12,Premium,True,Booked,
ST_8274,BK_7544,SC_356,C13,Premium,True,Booked,
ST_8275,BK_8784,SC_209,B18,Premium,True,Booked,
ST_8277,BK_391,SC_868,D7,Regular,True,Booked,
ST_8278,,SC_569,A7,Regular,True,Booked,
ST_8279,BK_9250,SC_541,D9,Regular,True,Booked,
ST_8280,BK_4115,SC_390,D11,Premium,True,Booked,
ST_8281,BK_6697,SC_337,B5,Regular,True,Booked,
ST_8282,BK_2406,SC_857,A5,Regular,True,Booked,
ST_8283,BK_4928,SC_883,B1,Regular,True,Booked,
ST_8284,BK_9459,SC_235,E5,Regular,True,Booked,
ST_8286,BK_6034,SC_25,D14,Regular,True,Available,
ST_8287,,SC_1000,C9,Premium,True,Booked,
ST_8288,BK_8250,SC_377,D14,Regular,True,Booked,
ST_8290,BK_4546,SC_701,C10,Regular,True,Available,
ST_8291,BK_7231,SC_750,B3,Regular,True,Booked,
ST_8292,BK_4953,SC_846,D20,Regular,True,Booked,
ST_8293,BK_1769,SC_800,C7,VIP,True,Available,
ST_8294,,SC_190,A1,Regular,True,Booked,
ST_8296,BK_2994,SC_348,B17,Premium,True,Booked,
ST_8297,BK_2047,SC_408,E18,Regular,True,Available,
ST_8298,BK_5913,SC_251,D8,Premium,True,Booked,
ST_8299,BK_2312,SC_587,E7,Regular,True,Booked,
ST_8300,BK_9445,SC_623,C19,Premium,True,Reserved,
ST_8301,BK_5368,SC_748,E5,Regular,True,Booked,
ST_8302,BK_4168,SC_292,E13,Regular,True,Booked,
ST_8303,BK_8128,SC_806,C3,Regular,True,Available,
ST_8304,BK_144,SC_484,A20,Premium,True,Available,
ST_8305,BK_4476,SC_44,B7,Regular,True,Booked,
ST_8306,BK_6047,SC_762,E4,Regular,True,Available,
ST_8307,BK_8657,SC_787,C12,Premium,True,Available,
ST_8308,BK_3216,SC_760,B3,VIP,True,Booked,
ST_8309,BK_2655,SC_742,C18,Regular,True,Available,
ST_8310,BK_7677,SC_845,B1,Regular,True,Booked,
ST_8313,BK_8892,SC_872,A12,Regular,True,Booked,
ST_8314,,SC_100,E15,Regular,True,Booked,
ST_8315,BK_5638,SC_933,D8,Regular,True,Booked,
ST_8317,,SC_861,D8,Regular,True,Booked,
ST_8319,BK_8073,SC_536,A4,Regular,True,Booked,
ST_8321,BK_7212,SC_987,B13,Premium,True,Booked,
ST_8322,BK_9829,SC_892,B13,Regular,True,Booked,
ST_8323,,SC_116,E9,Regular,True,Reserved,
ST_8324,BK_6230,SC_29,D19,Regular,True,Available,
ST_8325,BK_2427,SC_496,D9,Regular,True,Booked,
ST_8326,,SC_29,D9,VIP,True,Available,
ST_8327,BK_7367,SC_795,E2,Regular,True,Booked,
ST_8328,BK_1572,SC_493,C12,Premium,True,Available,
ST_8329,BK_6785,SC_195,A18,Premium,True,Booked,
ST_8330,BK_4386,SC_528,B2,Regular,True,Booked,
ST_8331,BK_1170,SC_980,A20,Premium,True,Booked,
ST_8333,BK_9765,SC_993,B2,Regular,True,Available,
ST_8334,BK_169,SC_710,A16,Premium,True,Booked,
ST_8335,BK_7730,SC_47,C9,Regular,True,Available,
ST_8336,BK_9118,SC_620,E14,Regular,True,Booked,
ST_8339,BK_8688,SC_478,E1,VIP,True,Booked,
ST_8340,,SC_700,A8,Premium,True,Booked,
ST_8341,,SC_550,B11,Premium,True,Booked,
ST_8342,BK_4534,SC_985,B16,Regular,True,Booked,
ST_8343,BK_6227,SC_527,B13,Regular,True,Booked,
ST_8344,BK_25,SC_133,A14,Regular,True,Available,
ST_8345,BK_5267,SC_638,E16,Regular,True,Booked,
ST_8347,BK_1942,SC_470,A14,Regular,True,Booked,
ST_8349,,SC_448,B13,Regular,True,Available,
ST_8350,,SC_259,C15,Premium,True,Available,
ST_8351,BK_6465,SC_949,C9,Premium,True,Available,
ST_8352,BK_7320,SC_950,D9,Premium,True,Available,
ST_8354,BK_1800,SC_130,B10,Premium,True,Available,
ST_8355,BK_6828,SC_1000,C3,Regular,True,Booked,
ST_8358,BK_2203,SC_178,C8,Premium,True,Available,
ST_8360,,SC_565,B3,Premium,True,Booked,
ST_8361,BK_146,SC_487,B8,Regular,True,Booked,
ST_8362,BK_1871,SC_230,D7,Premium,True,Booked,
ST_8364,BK_7111,SC_462,A9,Regular,True,Booked,
ST_8365,,SC_510,E9,Premium,True,Booked,
ST_8366,BK_4796,SC_421,D16,Premium,True,Booked,
ST_8367,,SC_305,E10,Premium,True,Reserved,
ST_8368,BK_2776,SC_851,E2,VIP,True,Available,
ST_8369,BK_6554,SC_437,D14,Regular,True,Booked,
ST_8370,BK_1779,SC_566,C7,Regular,True,Booked,
ST_8371,BK_4294,SC_972,E18,Premium,True,Booked,
ST_8372,BK_3708,SC_714,C16,Regular,True,Booked,
ST_8373,BK_5243,SC_29,C3,Regular,True,Available,
ST_8374,BK_8529,SC_335,A13,Premium,True,Reserved,
ST_8375,BK_9198,SC_965,C1,Regular,True,Booked,
ST_8376,BK_7343,SC_103,A6,Premium,True,Booked,
ST_8377,BK_2203,SC_86,D12,Premium,True,Reserved,
ST_8378,BK_85,SC_305,C4,Regular,True,Booked,
ST_8379,BK_2799,SC_210,D15,Regular,True,Booked,
ST_8380,,SC_693,C13,Premium,True,Booked,
ST_8381,BK_3448,SC_353,A15,Premium,True,Booked,
ST_8382,BK_8927,SC_756,B5,VIP,True,Reserved,
ST_8383,BK_4364,SC_805,D16,Regular,True,Available,
ST_8384,,SC_850,E11,Regular,True,Booked,
ST_8385,BK_8713,SC_156,D20,Regular,True,Booked,
ST_8386,BK_20,SC_118,B2,Regular,True,Booked,
ST_8387,BK_6726,SC_307,A6,Regular,True,Booked,
ST_8388,BK_336,SC_8,B4,Regular,True,Reserved,
ST_8389,BK_3497,SC_844,A3,Regular,True,Booked,
ST_8390,BK_4001,SC_412,B20,Premium,True,Available,
ST_8391,BK_8891,SC_97,E17,Regular,True,Booked,
ST_8392,,SC_914,C1,Regular,True,Booked,
ST_8393,BK_636,SC_652,A2,Regular,True,Available,
ST_8394,BK_9571,SC_935,D20,VIP,True,Available,
ST_8395,BK_2610,SC_991,D11,Regular,True,Available,
ST_8397,BK_1871,SC_353,A17,Regular,True,Booked,
ST_8398,BK_640,SC_660,D1,Regular,True,Booked,
ST_8399,BK_6319,SC_447,B14,Regular,True,Reserved,
ST_8400,BK_6116,SC_363,E17,Regular,True,Available,
ST_8401,BK_463,SC_719,D17,Regular,True,Booked,
ST_8402,BK_2584,SC_212,A8,Premium,True,Reserved,
ST_8404,BK_6829,SC_731,D16,Premium,True,Booked,
ST_8405,BK_6715,SC_544,C1,Premium,True,Booked,
ST_8406,,SC_302,A8,Regular,True,Reserved,
ST_8407,BK_5474,SC_528,D12,Premium,True,Reserved,
ST_8409,BK_8225,SC_546,E11,Premium,True,Available,
ST_8411,BK_1570,SC_610,E14,Regular,True,Booked,
ST_8412,BK_4010,SC_915,C5,Regular,True,Available,
ST_8414,BK_7746,SC_322,E20,Premium,True,Reserved,
ST_8415,BK_4482,SC_386,B6,Regular,True,Available,
ST_8416,BK_2163,SC_399,E6,Regular,True,Available,
ST_8417,BK_6775,SC_967,D16,VIP,True,Booked,
ST_8418,BK_4439,SC_533,A2,VIP,True,Booked,
ST_8420,BK_6005,SC_91,A11,Regular,True,Booked,
ST_8421,,SC_739,E6,Regular,True,Booked,
ST_8422,BK_7381,SC_240,C14,Premium,True,Booked,
ST_8423,BK_7115,SC_484,C15,Regular,True,Available,
ST_8424,BK_9659,SC_147,C12,Regular,True,Booked,
ST_8426,BK_4020,SC_406,E12,Regular,True,Booked,
ST_8428,BK_8876,SC_299,A19,Premium,True,Booked,
ST_8430,BK_3867,SC_985,B13,Regular,True,Available,
ST_8431,BK_221,SC_893,E18,Premium,True,Booked,
ST_8432,BK_612,SC_633,A7,Premium,True,Reserved,
ST_8433,BK_5594,SC_748,E4,Regular,True,Booked,
ST_8434,BK_5458,SC_788,D12,Premium,True,Booked,
ST_8435,BK_4374,SC_31,B18,Regular,True,Booked,
ST_8436,BK_7807,SC_471,C16,Regular,True,Available,
ST_8438,BK_370,SC_63,C15,Regular,True,Booked,
ST_8439,BK_3380,SC_753,E7,Regular,True,Available,
ST_8440,BK_3306,SC_480,C5,VIP,True,Booked,
ST_8441,,SC_220,B6,Regular,True,Available,
ST_8443,BK_9018,SC_280,C5,Regular,True,Booked,
ST_8444,BK_2933,SC_886,A2,Premium,True,Booked,
ST_8445,BK_1962,SC_526,A12,Premium,True,Available,
ST_8446,BK_8409,SC_561,A9,Regular,True,Booked,
ST_8447,,SC_447,D17,VIP,True,Available,
ST_8448,,SC_564,A18,Regular,True,Booked,
ST_8449,BK_1826,SC_322,C16,Premium,True,Reserved,
ST_8450,BK_6706,SC_543,A14,Regular,True,Reserved,
ST_8451,BK_405,SC_964,E18,Regular,True,Booked,
ST_8453,BK_7530,SC_991,D14,Regular,True,Available,
ST_8454,BK_38,SC_12,E8,Regular,True,Available,
ST_8455,BK_898,SC_483,E4,Premium,True,Reserved,
ST_8457,BK_4282,SC_132,E15,Regular,True,Reserved,
ST_8458,BK_3842,SC_341,D14,Regular,True,Reserved,
ST_8459,BK_2774,SC_986,C11,Premium,True,Booked,
ST_8460,BK_6881,SC_273,E19,Regular,True,Available,
ST_8461,BK_1735,SC_401,A16,VIP,True,Booked,
ST_8462,BK_8517,SC_426,A4,VIP,True,Booked,
ST_8463,BK_3659,SC_229,C15,Regular,True,Reserved,
ST_8465,BK_9252,SC_7,C15,Regular,True,Booked,
ST_8466,,SC_168,D20,Premium,True,Booked,
ST_8467,,SC_337,E6,Regular,True,Booked,
ST_8468,BK_8275,SC_457,B16,Regular,True,Booked,
ST_8469,BK_1066,SC_332,D10,Premium,True,Booked,
ST_8470,,SC_914,B9,Regular,True,Available,
ST_8471,BK_7094,SC_205,E4,Regular,True,Booked,
ST_8472,,SC_421,C7,Regular,True,Booked,
ST_8473,BK_8988,SC_60,D17,Premium,True,Available,
ST_8476,BK_2365,SC_549,A9,Premium,True,Booked,
ST_8477,BK_1084,SC_268,D6,Premium,True,Reserved,
ST_8480,,SC_183,D10,Regular,True,Booked,
ST_8481,BK_8958,SC_918,A18,Regular,True,Booked,
ST_8482,,SC_332,C9,Premium,True,Booked,
ST_8483,,SC_733,B17,Premium,True,Booked,
ST_8484,BK_2923,SC_802,D15,Regular,True,Booked,
ST_8485,BK_8963,SC_864,C5,Regular,True,Booked,
ST_8487,BK_2268,SC_186,E18,Regular,True,Available,
ST_8488,BK_3505,SC_19,E4,Premium,True,Booked,
ST_8490,BK_5787,SC_873,A9,Premium,True,Booked,
ST_8491,BK_1851,SC_927,A2,Regular,True,Booked,
ST_8493,BK_9742,SC_502,E12,VIP,True,Reserved,
ST_8494,BK_3873,SC_507,B15,Premium,True,Available,
ST_8495,BK_3736,SC_262,D19,Regular,True,Booked,
ST_8497,,SC_950,E9,Premium,True,Available,
ST_8498,BK_8088,SC_925,D8,Regular,True,Booked,
ST_8499,,SC_320,C11,Premium,True,Booked,
ST_8500,BK_6678,SC_729,C1,Regular,True,Booked,
ST_8503,BK_7160,SC_304,A12,Premium,True,Booked,
ST_8504,BK_5200,SC_633,A20,Regular,True,Booked,
ST_8505,BK_6618,SC_661,B8,Premium,True,Booked,
ST_8506,BK_1737,SC_984,D4,Premium,True,Available,
ST_8507,BK_2778,SC_436,E4,Regular,True,Booked,
ST_8508,BK_153,SC_305,D5,Regular,True,Booked,
ST_8509,BK_9328,SC_540,E9,Regular,True,Available,
ST_8511,,SC_346,E12,Regular,True,Booked,
ST_8512,BK_7667,SC_361,B2,Premium,True,Booked,
ST_8514,BK_2368,SC_779,D15,Premium,True,Booked,
ST_8516,BK_2566,SC_306,E20,Regular,True,Available,
ST_8517,BK_1564,SC_123,E16,Premium,True,Booked,
ST_8518,BK_1443,SC_32,E19,Premium,True,Booked,
ST_8519,BK_5145,SC_473,D11,Regular,True,Booked,
ST_8521,BK_1258,SC_52,B11,Regular,True,Booked,
ST_8522,BK_673,SC_26,A17,Regular,True,Booked,
ST_8523,BK_7255,SC_950,A15,Premium,True,Booked,
ST_8524,BK_6875,SC_90,A16,Regular,True,Booked,
ST_8525,,SC_43,A18,Premium,True,Booked,
ST_8526,,SC_24,D19,Premium,True,Booked,
ST_8527,,SC_364,E12,Premium,True,Booked,
ST_8528,BK_1537,SC_217,C2,Regular,True,Booked,
ST_8530,BK_240,SC_750,A13,Premium,True,Booked,
ST_8531,BK_7603,SC_519,C11,Regular,True,Available,
ST_8532,BK_3080,SC_970,A19,Regular,True,Booked,
ST_8533,BK_8869,SC_738,D8,Regular,True,Reserved,
ST_8534,,SC_284,E15,Premium,True,Booked,
ST_8535,BK_8730,SC_670,A16,Premium,True,Available,
ST_8537,,SC_427,E15,Premium,True,Booked,
ST_8540,BK_6884,SC_984,E4,Regular,True,Booked,
ST_8541,BK_3227,SC_930,D14,Regular,True,Booked,
ST_8542,BK_3667,SC_6,C13,VIP,True,Booked,
ST_8545,,SC_868,A19,Premium,True,Booked,
ST_8546,BK_7535,SC_951,A14,Regular,True,Booked,
ST_8547,BK_9315,SC_984,C2,Premium,True,Available,
ST_8548,,SC_356,E15,Regular,True,Booked,
ST_8549,BK_2544,SC_54,E11,Premium,True,Booked,
ST_8551,BK_2860,SC_928,D1,Regular,True,Available,
ST_8552,,SC_637,C17,Regular,True,Booked,
ST_8553,BK_4100,SC_6,C9,Premium,True,Booked,
ST_8554,BK_1110,SC_865,C2,Regular,True,Booked,
ST_8555,BK_1683,SC_370,E5,Regular,True,Booked,
ST_8556,BK_7520,SC_943,B11,Regular,True,Booked,
ST_8557,BK_4079,SC_46,E19,Regular,True,Available,
ST_8558,BK_5653,SC_674,E12,Regular,True,Available,
ST_8559,,SC_867,A13,Premium,True,Booked,
ST_8561,BK_2478,SC_71,B5,Regular,True,Available,
ST_8562,BK_4337,SC_719,B17,Premium,True,Booked,
ST_8563,BK_4386,SC_112,D19,Regular,True,Available,
ST_8564,BK_9530,SC_869,D18,Regular,True,Booked,
ST_8565,BK_9353,SC_760,A2,Premium,True,Booked,
ST_8566,BK_6537,SC_26,A14,Regular,True,Available,
ST_8567,BK_4816,SC_632,B2,Premium,True,Booked,
ST_8568,BK_810,SC_995,C14,VIP,True,Booked,
ST_8569,BK_7711,SC_903,C4,Regular,True,Available,
ST_8570,BK_2826,SC_943,B10,Premium,True,Available,
ST_8571,BK_986,SC_753,A20,Regular,True,Booked,
ST_8572,BK_3204,SC_828,B10,Premium,True,Reserved,
ST_8573,BK_9057,SC_754,B5,VIP,True,Booked,
ST_8574,BK_2960,SC_282,B6,Premium,True,Booked,
ST_8575,BK_3593,SC_274,C20,Premium,True,Booked,
ST_8577,BK_6591,SC_847,B11,Regular,True,Available,
ST_8578,BK_3716,SC_690,D2,Regular,True,Booked,
ST_8580,BK_8747,SC_62,B15,Regular,True,Booked,
ST_8582,BK_346,SC_59,A19,Premium,True,Booked,
ST_8583,BK_7995,SC_929,E19,Regular,True,Booked,
ST_8585,BK_4944,SC_411,E2,VIP,True,Booked,
ST_8587,BK_9642,SC_327,E8,Regular,True,Booked,
ST_8588,BK_5072,SC_274,C17,Regular,True,Reserved,
ST_8589,BK_2152,SC_60,E16,Regular,True,Booked,
ST_8591,BK_2982,SC_656,E18,Premium,True,Available,
ST_8592,BK_5781,SC_182,C7,VIP,True,Available,
ST_8593,BK_3984,SC_370,A20,Regular,True,Reserved,
ST_8594,BK_6071,SC_804,E14,Regular,True,Booked,
ST_8598,,SC_762,A3,Premium,True,Reserved,
ST_8599,BK_6478,SC_995,A3,Regular,True,Booked,
ST_8600,BK_5610,SC_324,A13,Regular,True,Reserved,
ST_8601,,SC_77,E15,Regular,True,Available,
ST_8602,BK_6418,SC_115,E5,Regular,True,Booked,
ST_8603,BK_8383,SC_599,C13,Regular,True,Available,
ST_8604,BK_9601,SC_623,C17,Regular,True,Available,
ST_8605,,SC_56,C19,Regular,True,Booked,
ST_8606,BK_8877,SC_18,C17,Premium,True,Booked,
ST_8607,BK_2873,SC_728,D14,Regular,True,Available,
ST_8608,BK_3166,SC_355,E8,VIP,True,Booked,
ST_8613,,SC_252,D10,Regular,True,Booked,
ST_8614,BK_5867,SC_267,C6,Regular,True,Booked,
ST_8615,BK_6091,SC_784,A18,Premium,True,Reserved,
ST_8617,BK_250,SC_570,A8,Regular,True,Booked,
ST_8618,,SC_440,E15,Regular,True,Booked,
ST_8619,BK_3550,SC_668,D8,Regular,True,Booked,
ST_8620,BK_4162,SC_384,E1,Regular,True,Booked,
ST_8621,BK_2628,SC_493,C6,VIP,True,Booked,
ST_8623,BK_4476,SC_550,E20,Regular,True,Booked,
ST_8624,BK_7237,SC_228,C2,VIP,True,Booked,
ST_8625,BK_8133,SC_915,A12,Premium,True,Booked,
ST_8626,BK_7170,SC_726,D6,Regular,True,Booked,
ST_8627,BK_9390,SC_703,E2,Regular,True,Reserved,
ST_8628,BK_6936,SC_27,C11,VIP,True,Booked,
ST_8629,,SC_122,C18,Regular,True,Available,
ST_8630,BK_3107,SC_317,D19,Regular,True,Booked,
ST_8631,BK_3839,SC_701,B7,Regular,True,Booked,
ST_8632,BK_4865,SC_214,C8,Premium,True,Available,
ST_8633,,SC_533,D2,Regular,True,Booked,
ST_8635,BK_8327,SC_97,D17,VIP,True,Reserved,
ST_8636,,SC_141,B10,VIP,True,Booked,
ST_8637,BK_5213,SC_640,C15,Premium,True,Available,
ST_8638,BK_7689,SC_728,D20,Regular,True,Booked,
ST_8639,BK_3833,SC_88,E5,Premium,True,Booked,
ST_8640,,SC_710,C4,Premium,True,Reserved,
ST_8641,BK_5036,SC_585,A12,Premium,True,Booked,
ST_8642,BK_5537,SC_64,E12,Premium,True,Booked,
ST_8643,BK_4628,SC_236,B7,Regular,True,Available,
ST_8644,BK_8869,SC_25,A17,Regular,True,Booked,
ST_8645,,SC_190,D18,Regular,True,Booked,
ST_8647,BK_3286,SC_282,B8,Regular,True,Booked,
ST_8648,BK_6905,SC_591,B7,Regular,True,Available,
ST_8649,BK_587,SC_367,E18,Premium,True,Reserved,
ST_8650,,SC_401,C6,Regular,True,Booked,
ST_8651,BK_5104,SC_950,D20,Regular,True,Booked,
ST_8652,BK_1364,SC_218,D19,Premium,True,Reserved,
ST_8653,,SC_250,C8,Regular,True,Available,
ST_8654,BK_4549,SC_241,B5,Regular,True,Booked,
ST_8656,BK_8266,SC_363,E18,Regular,True,Booked,
ST_8658,BK_276,SC_205,B17,Premium,True,Available,
ST_8659,BK_3941,SC_772,B17,VIP,True,Reserved,
ST_8660,,SC_641,C20,Premium,True,Booked,
ST_8661,BK_2316,SC_361,C20,Regular,True,Available,
ST_8663,BK_8851,SC_619,E1,Premium,True,Available,
ST_8664,BK_5519,SC_61,A8,Premium,True,Available,
ST_8665,,SC_3,B19,Regular,True,Booked,
ST_8667,BK_696,SC_985,A2,Regular,True,Booked,
ST_8668,BK_8769,SC_367,E13,Regular,True,Booked,
ST_8670,BK_9871,SC_387,C5,Regular,True,Booked,
ST_8671,BK_611,SC_248,E10,Premium,True,Booked,
ST_8672,BK_3069,SC_442,A11,Premium,True,Booked,
ST_8673,BK_1884,SC_623,C18,VIP,True,Booked,
ST_8674,BK_4772,SC_491,C3,Regular,True,Reserved,
ST_8675,BK_7316,SC_704,A5,Regular,True,Available,
ST_8676,BK_7655,SC_874,D20,Regular,True,Booked,
ST_8677,,SC_250,C16,Premium,True,Booked,
ST_8678,BK_7140,SC_760,A16,Premium,True,Booked,
ST_8680,BK_1164,SC_961,C17,Premium,True,Booked,
ST_8681,BK_3840,SC_528,D1,Regular,True,Booked,
ST_8682,BK_4570,SC_894,A16,Regular,True,Booked,
ST_8683,BK_6389,SC_232,A3,Premium,True,Booked,
ST_8685,,SC_83,A13,Regular,True,Reserved,
ST_8687,BK_4010,SC_544,B13,Regular,True,Booked,
ST_8688,BK_4810,SC_116,B3,Premium,True,Booked,
ST_8690,BK_8150,SC_59,C8,Regular,True,Available,
ST_8691,BK_8515,SC_205,A20,Regular,True,Booked,
ST_8694,BK_9537,SC_709,D13,Premium,True,Reserved,
ST_8695,BK_1290,SC_277,D14,Regular,True,Booked,
ST_8696,BK_9385,SC_620,C18,Regular,True,Booked,
ST_8697,BK_2012,SC_24,D7,Premium,True,Booked,
ST_8698,,SC_921,B8,Regular,True,Booked,
ST_8699,BK_3944,SC_907,C15,Regular,True,Reserved,
ST_8700,BK_8082,SC_794,D3,Premium,True,Booked,
ST_8701,BK_3045,SC_859,D18,VIP,True,Booked,
ST_8702,BK_30,SC_376,A8,Regular,True,Booked,
ST_8703,,SC_724,E12,Regular,True,Booked,
ST_8704,BK_6132,SC_166,B17,Regular,True,Booked,
ST_8705,BK_5012,SC_901,A8,Regular,True,Available,
ST_8706,BK_443,SC_406,E14,Regular,True,Booked,
ST_8707,BK_5635,SC_446,E1,Regular,True,Booked,
ST_8708,BK_5570,SC_36,B17,Regular,True,Booked,
ST_8709,BK_7031,SC_628,E4,Premium,True,Available,
ST_8710,BK_4787,SC_839,C15,Premium,True,Booked,
ST_8711,BK_8294,SC_857,C4,Regular,True,Booked,
ST_8712,BK_1764,SC_710,C3,Regular,True,Booked,
ST_8713,BK_118,SC_182,C1,Premium,True,Booked,
ST_8714,,SC_873,B20,Regular,True,Available,
ST_8715,BK_3494,SC_984,D9,Regular,True,Booked,
ST_8716,BK_2070,SC_903,E6,Regular,True,Booked,
ST_8717,,SC_88,C2,VIP,True,Booked,
ST_8718,BK_3505,SC_741,A9,Premium,True,Booked,
ST_8719,BK_272,SC_206,E11,Regular,True,Booked,
ST_8720,BK_641,SC_523,B10,VIP,True,Booked,
ST_8721,BK_9225,SC_379,A20,Regular,True,Booked,
ST_8723,BK_8891,SC_78,D9,Regular,True,Available,
ST_8725,BK_3504,SC_644,C6,VIP,True,Booked,
ST_8726,BK_399,SC_817,A13,Premium,True,Reserved,
ST_8727,BK_1907,SC_38,B10,Regular,True,Reserved,
ST_8728,BK_754,SC_62,D4,Regular,True,Booked,
ST_8729,BK_5655,SC_325,C2,Regular,True,Booked,
ST_8730,BK_2354,SC_36,B7,Premium,True,Booked,
ST_8732,BK_4096,SC_18,C19,Regular,True,Booked,
ST_8733,BK_3312,SC_111,A4,Regular,True,Booked,
ST_8734,BK_8900,SC_652,E15,Regular,True,Available,
ST_8735,BK_425,SC_206,B16,Regular,True,Booked,
ST_8736,BK_482,SC_428,B15,Regular,True,Booked,
ST_8737,BK_3961,SC_680,E19,Regular,True,Available,
ST_8738,BK_6621,SC_244,E3,Regular,True,Booked,
ST_8739,BK_6763,SC_136,C7,Regular,True,Booked,
ST_8740,BK_2196,SC_750,E4,VIP,True,Available,
ST_8741,BK_1307,SC_97,A13,Premium,True,Available,
ST_8742,BK_6465,SC_765,A16,Regular,True,Booked,
ST_8743,BK_3927,SC_596,B4,Premium,True,Booked,
ST_8745,BK_6300,SC_385,C15,Regular,True,Booked,
ST_8746,BK_4950,SC_963,C12,Regular,True,Reserved,
ST_8747,BK_4132,SC_517,A14,Premium,True,Available,
ST_8748,BK_3046,SC_904,C2,Regular,True,Booked,
ST_8749,BK_4569,SC_485,B12,Premium,True,Booked,
ST_8750,BK_7269,SC_650,A1,VIP,True,Available,
ST_8752,,SC_911,E20,VIP,True,Reserved,
ST_8753,,SC_409,C11,Regular,True,Booked,
ST_8754,BK_4902,SC_305,A3,Regular,True,Available,
ST_8755,,SC_312,C8,Regular,True,Booked,
ST_8756,BK_6973,SC_475,A8,Premium,True,Booked,
ST_8757,BK_6714,SC_454,C1,Regular,True,Booked,
ST_8759,BK_5589,SC_465,C11,Regular,True,Reserved,
ST_8760,BK_9150,SC_571,B6,Premium,True,Booked,
ST_8761,BK_1756,SC_951,C4,Regular,True,Booked,
ST_8762,BK_9324,SC_360,A6,Regular,True,Reserved,
ST_8763,BK_6562,SC_787,D11,VIP,True,Booked,
ST_8764,BK_2349,SC_9,B5,Regular,True,Available,
ST_8765,BK_2796,SC_249,E18,Premium,True,Booked,
ST_8767,BK_8559,SC_932,E4,Premium,True,Booked,
ST_8769,BK_7332,SC_191,C2,Regular,True,Booked,
ST_8771,BK_2665,SC_817,D10,VIP,True,Booked,
ST_8772,BK_3530,SC_123,C13,Regular,True,Available,
ST_8773,BK_7970,SC_805,B16,Regular,True,Booked,
ST_8774,BK_5327,SC_243,E14,Premium,True,Booked,
ST_8775,BK_1900,SC_673,C9,Regular,True,Booked,
ST_8777,BK_4050,SC_20,B7,Regular,True,Available,
ST_8778,BK_9649,SC_681,E1,Regular,True,Reserved,
ST_8779,BK_1047,SC_665,D5,VIP,True,Booked,
ST_8781,BK_9351,SC_226,C16,Premium,True,Booked,
ST_8782,,SC_287,C1,Regular,True,Booked,
ST_8783,BK_3149,SC_525,A18,Regular,True,Booked,
ST_8784,BK_5697,SC_722,E12,VIP,True,Booked,
ST_8785,BK_8277,SC_939,D14,Premium,True,Booked,
ST_8786,BK_8231,SC_926,D15,Regular,True,Booked,
ST_8787,BK_2620,SC_756,E19,Regular,True,Booked,
ST_8788,,SC_101,D2,Regular,True,Reserved,
ST_8789,BK_9133,SC_844,A12,Premium,True,Booked,
ST_8790,,SC_263,D7,Regular,True,Booked,
ST_8792,BK_9669,SC_364,A3,Regular,True,Booked,
ST_8795,BK_9342,SC_457,D9,Regular,True,Booked,
ST_8796,BK_1794,SC_430,C12,Regular,True,Booked,
ST_8797,BK_2051,SC_63,C19,Regular,True,Booked,
ST_8798,BK_9248,SC_882,D6,Premium,True,Reserved,
ST_8799,BK_1622,SC_745,A4,Regular,True,Booked,
ST_8800,BK_9410,SC_930,B15,Regular,True,Booked,
ST_8801,BK_9516,SC_152,A7,Premium,True,Booked,
ST_8803,,SC_454,D19,Premium,True,Booked,
ST_8804,BK_3562,SC_814,D1,Regular,True,Booked,
ST_8805,BK_265,SC_883,C8,Regular,True,Booked,
ST_8806,BK_7908,SC_519,D4,VIP,True,Booked,
ST_8809,BK_714,SC_978,B13,Regular,True,Booked,
ST_8810,BK_740,SC_409,E18,Regular,True,Reserved,
ST_8811,BK_7720,SC_366,D4,Regular,True,Available,
ST_8812,BK_2151,SC_963,D11,Regular,True,Booked,
ST_8814,BK_9069,SC_807,C13,Premium,True,Available,
ST_8817,BK_6426,SC_475,E17,Premium,True,Booked,
ST_8818,BK_9685,SC_304,E10,VIP,True,Booked,
ST_8821,BK_1419,SC_383,A2,Premium,True,Booked,
ST_8822,BK_773,SC_264,D7,VIP,True,Booked,
ST_8823,BK_3467,SC_365,A11,Regular,True,Booked,
ST_8824,BK_5386,SC_68,D12,Regular,True,Booked,
ST_8826,BK_4154,SC_162,C3,Regular,True,Available,
ST_8827,BK_9593,SC_333,C9,Regular,True,Booked,
ST_8828,BK_5588,SC_341,D10,Regular,True,Booked,
ST_8829,BK_3522,SC_964,D12,VIP,True,Booked,
ST_8831,BK_6749,SC_585,B20,Premium,True,Booked,
ST_8832,BK_3185,SC_610,B19,Regular,True,Booked,
ST_8833,BK_8875,SC_477,B7,VIP,True,Booked,
ST_8834,BK_1441,SC_427,C9,Regular,True,Booked,
ST_8835,,SC_749,D6,Regular,True,Booked,
ST_8836,BK_6258,SC_415,B9,Regular,True,Booked,
ST_8837,BK_350,SC_201,E17,Regular,True,Reserved,
ST_8838,BK_44,SC_848,D16,Premium,True,Booked,
ST_8839,BK_8219,SC_243,E2,Regular,True,Booked,
ST_8842,BK_7859,SC_882,C6,Regular,True,Booked,
ST_8844,BK_1159,SC_167,A14,Premium,True,Booked,
ST_8845,BK_6236,SC_401,B20,Regular,True,Booked,
ST_8847,BK_9521,SC_84,A11,Premium,True,Reserved,
ST_8848,,SC_536,C20,Regular,True,Booked,
ST_8849,,SC_543,E16,Regular,True,Booked,
ST_8850,BK_178,SC_487,E11,Regular,True,Booked,
ST_8851,BK_7883,SC_395,C9,Regular,True,Available,
ST_8852,,SC_366,E17,Regular,True,Booked,
ST_8853,BK_9350,SC_467,D12,Premium,True,Available,
ST_8854,BK_9548,SC_387,B9,Premium,True,Booked,
ST_8855,BK_5176,SC_773,B5,Premium,True,Booked,
ST_8856,BK_8734,SC_403,A5,Premium,True,Booked,
ST_8857,BK_8545,SC_520,E19,VIP,True,Booked,
ST_8858,BK_6240,SC_525,E12,Regular,True,Booked,
ST_8859,,SC_191,D4,Premium,True,Booked,
ST_8861,,SC_746,A20,Regular,True,Available,
ST_8862,BK_8034,SC_228,B7,Premium,True,Booked,
ST_8863,,SC_152,A12,Regular,True,Booked,
ST_8864,BK_1286,SC_316,E15,Premium,True,Available,
ST_8865,BK_4958,SC_619,A4,Premium,True,Available,
ST_8866,BK_6124,SC_985,A18,Regular,True,Reserved,
ST_8867,BK_5957,SC_603,C16,Regular,True,Booked,
ST_8868,BK_1012,SC_597,D4,Premium,True,Booked,
ST_8869,BK_7589,SC_43,C6,Regular,True,Booked,
ST_8870,BK_8014,SC_256,E4,Regular,True,Booked,
ST_8871,,SC_211,B1,Regular,True,Booked,
ST_8873,BK_8593,SC_720,C16,VIP,True,Booked,
ST_8875,,SC_135,E9,Regular,True,Available,
ST_8876,,SC_548,A5,Regular,True,Booked,
ST_8878,BK_1728,SC_441,B19,VIP,True,Reserved,
ST_8879,BK_5221,SC_914,C6,Regular,True,Booked,
ST_8880,BK_500,SC_683,E2,VIP,True,Available,
ST_8881,BK_1309,SC_585,C17,Regular,True,Booked,
ST_8882,BK_8474,SC_575,C3,Regular,True,Available,
ST_8883,BK_3025,SC_695,B1,Regular,True,Booked,
ST_8884,BK_1664,SC_853,C1,Regular,True,Booked,
ST_8885,,SC_223,B7,Premium,True,Booked,
ST_8886,BK_4117,SC_855,C19,Premium,True,Booked,
ST_8887,BK_6899,SC_985,D16,Regular,True,Booked,
ST_8888,BK_8933,SC_849,D18,VIP,True,Reserved,
ST_8889,BK_7915,SC_766,B1,Regular,True,Booked,
ST_8890,BK_960,SC_322,D10,Regular,True,Booked,
ST_8891,BK_7131,SC_697,B15,Premium,True,Booked,
ST_8892,BK_2044,SC_302,D10,Premium,True,Booked,
ST_8893,BK_6163,SC_619,A19,Premium,True,Booked,
ST_8894,,SC_557,B8,Premium,True,Available,
ST_8895,BK_8991,SC_299,E17,Premium,True,Booked,
ST_8896,BK_5069,SC_213,B13,Premium,True,Booked,
ST_8897,BK_8827,SC_608,D6,Premium,True,Booked,
ST_8898,BK_9319,SC_845,D8,Regular,True,Booked,
ST_8899,BK_4861,SC_299,A3,Regular,True,Available,
ST_8900,BK_3746,SC_656,A10,Premium,True,Booked,
ST_8901,,SC_493,A5,Premium,True,Booked,
ST_8902,,SC_952,B13,Premium,True,Booked,
ST_8903,BK_8347,SC_867,E3,VIP,True,Reserved,
ST_8904,,SC_170,E7,VIP,True,Booked,
ST_8906,BK_7335,SC_385,B7,Regular,True,Booked,
ST_8908,,SC_763,E6,Regular,True,Booked,
ST_8909,BK_7576,SC_413,C12,Premium,True,Booked,
ST_8910,BK_3708,SC_56,A3,Premium,True,Reserved,
ST_8911,BK_7731,SC_525,E4,Premium,True,Booked,
ST_8912,,SC_154,B7,Regular,True,Booked,
ST_8913,,SC_413,B12,Premium,True,Booked,
ST_8915,BK_7530,SC_393,D12,Regular,True,Booked,
ST_8916,BK_1583,SC_685,A17,Premium,True,Booked,
ST_8917,BK_1386,SC_375,E2,Regular,True,Available,
ST_8918,BK_8050,SC_876,A11,Premium,True,Reserved,
ST_8919,BK_875,SC_54,D20,Premium,True,Booked,
ST_8920,,SC_781,C20,Regular,True,Booked,
ST_8921,BK_1398,SC_356,E14,Regular,True,Reserved,
ST_8922,,SC_517,B7,VIP,True,Booked,
ST_8923,BK_7415,SC_744,C6,Regular,True,Booked,
ST_8924,,SC_400,C7,VIP,True,Reserved,
ST_8925,BK_2167,SC_645,B18,Premium,True,Booked,
ST_8927,BK_3935,SC_557,C3,Premium,True,Booked,
ST_8928,BK_5997,SC_267,C12,VIP,True,Booked,
ST_8930,BK_814,SC_205,A4,Regular,True,Booked,
ST_8931,BK_9462,SC_360,B12,Regular,True,Available,
ST_8933,BK_5153,SC_762,D18,Regular,True,Booked,
ST_8935,BK_1063,SC_305,E9,Premium,True,Booked,
ST_8936,BK_2171,SC_558,E10,Premium,True,Booked,
ST_8937,BK_5313,SC_949,E7,Regular,True,Booked,
ST_8938,BK_7435,SC_719,D15,Premium,True,Booked,
ST_8939,BK_1477,SC_7,D6,Regular,True,Booked,
ST_8940,BK_1419,SC_708,B16,Regular,True,Booked,
ST_8941,,SC_738,C16,Premium,True,Booked,
ST_8942,,SC_232,C11,Regular,True,Booked,
ST_8943,BK_5149,SC_335,B4,Premium,True,Booked,
ST_8944,,SC_688,E18,Regular,True,Booked,
ST_8945,BK_660,SC_243,C7,Premium,True,Booked,
ST_8946,BK_4636,SC_125,E4,Regular,True,Booked,
ST_8947,BK_9860,SC_305,A4,Premium,True,Available,
ST_8948,BK_8722,SC_655,A6,VIP,True,Booked,
ST_8949,BK_9229,SC_723,B3,Regular,True,Booked,
ST_8953,BK_5163,SC_532,D16,Premium,True,Booked,
ST_8954,BK_5167,SC_393,A3,VIP,True,Available,
ST_8955,BK_6012,SC_793,E7,VIP,True,Booked,
ST_8956,BK_2332,SC_229,E18,VIP,True,Reserved,
ST_8958,BK_6948,SC_697,B2,Regular,True,Available,
ST_8959,BK_6329,SC_533,A14,Premium,True,Available,
ST_8961,BK_2843,SC_820,D4,Premium,True,Booked,
ST_8962,BK_9522,SC_39,D19,Regular,True,Booked,
ST_8964,,SC_263,B4,Premium,True,Booked,
ST_8966,BK_7861,SC_659,B8,Premium,True,Reserved,
ST_8967,BK_1391,SC_908,A7,Regular,True,Booked,
ST_8968,BK_9108,SC_800,E4,Regular,True,Booked,
ST_8970,BK_8210,SC_344,B9,VIP,True,Available,
ST_8971,BK_332,SC_525,A12,Premium,True,Available,
ST_8972,BK_8366,SC_332,E2,Premium,True,Booked,
ST_8973,BK_7374,SC_435,A19,Premium,True,Booked,
ST_8974,BK_824,SC_26,E1,Premium,True,Booked,
ST_8975,BK_9926,SC_259,C6,Premium,True,Reserved,
ST_8976,,SC_824,D1,Premium,True,Booked,
ST_8977,BK_462,SC_424,A11,VIP,True,Booked,
ST_8978,BK_5796,SC_824,B15,Premium,True,Booked,
ST_8979,BK_5799,SC_274,A14,Regular,True,Booked,
ST_8980,BK_4954,SC_479,D12,Regular,True,Reserved,
ST_8981,BK_6153,SC_307,E20,Regular,True,Reserved,
ST_8982,BK_9065,SC_227,D11,VIP,True,Reserved,
ST_8983,BK_8337,SC_772,E3,Regular,True,Available,
ST_8984,BK_4308,SC_327,E5,Regular,True,Available,
ST_8985,,SC_68,A4,Regular,True,Booked,
ST_8987,BK_7006,SC_823,B19,Regular,True,Available,
ST_8988,,SC_150,A7,Regular,True,Available,
ST_8989,,SC_219,D11,Premium,True,Booked,
ST_8990,BK_8439,SC_619,B17,Regular,True,Booked,
ST_8991,BK_2842,SC_203,E1,Regular,True,Booked,
ST_8992,BK_8933,SC_576,E14,Premium,True,Available,
ST_8993,BK_7092,SC_376,B11,Regular,True,Reserved,
ST_8994,BK_762,SC_89,A17,Regular,True,Booked,
ST_8995,BK_7112,SC_271,B16,Regular,True,Booked,
ST_8996,BK_8251,SC_899,D1,Regular,True,Booked,
ST_8997,BK_7276,SC_956,D7,Regular,True,Available,
ST_8998,BK_2379,SC_291,B17,Regular,True,Booked,
ST_9001,BK_8988,SC_441,A10,Premium,True,Booked,
ST_9002,BK_3699,SC_629,D8,Premium,True,Booked,
ST_9003,BK_4833,SC_755,A7,Regular,True,Booked,
ST_9004,BK_9973,SC_450,D15,Regular,True,Booked,
ST_9006,BK_646,SC_711,C7,Premium,True,Available,
ST_9007,BK_5865,SC_721,A1,Regular,True,Available,
ST_9009,BK_4801,SC_656,A4,Regular,True,Booked,
ST_9010,BK_9959,SC_697,A3,Regular,True,Booked,
ST_9011,BK_9483,SC_140,C11,Regular,True,Available,
ST_9012,BK_8709,SC_927,A3,Premium,True,Booked,
ST_9014,BK_9266,SC_239,C5,Premium,True,Booked,
ST_9015,BK_952,SC_728,C1,VIP,True,Booked,
ST_9017,BK_8227,SC_454,A17,VIP,True,Booked,
ST_9018,BK_4412,SC_352,B2,Regular,True,Booked,
ST_9019,,SC_72,A8,Regular,True,Booked,
ST_9020,BK_6751,SC_320,D14,Regular,True,Booked,
ST_9023,BK_8471,SC_13,D11,Regular,True,Booked,
ST_9024,,SC_103,C11,Premium,True,Booked,
ST_9025,BK_600,SC_805,C9,Premium,True,Reserved,
ST_9026,BK_7976,SC_235,C18,Regular,True,Booked,
ST_9027,,SC_19,A8,Regular,True,Booked,
ST_9028,BK_6599,SC_505,A12,Regular,True,Booked,
ST_9029,BK_9716,SC_589,C18,Premium,True,Reserved,
ST_9030,,SC_127,A10,Regular,True,Available,
ST_9032,BK_3146,SC_198,B14,Regular,True,Booked,
ST_9033,,SC_236,D9,VIP,True,Booked,
ST_9034,BK_8443,SC_940,A11,Regular,True,Booked,
ST_9035,,SC_9,A9,Premium,True,Booked,
ST_9036,BK_3861,SC_985,A19,Premium,True,Available,
ST_9037,BK_8696,SC_210,B11,Regular,True,Booked,
ST_9038,BK_1668,SC_842,E17,Regular,True,Booked,
ST_9039,BK_7305,SC_627,B19,Regular,True,Booked,
ST_9040,BK_264,SC_343,D5,VIP,True,Available,
ST_9041,BK_3237,SC_11,D4,Regular,True,Reserved,
ST_9042,BK_7413,SC_330,C9,Premium,True,Booked,
ST_9043,BK_6501,SC_915,C4,Premium,True,Booked,
ST_9044,BK_5553,SC_586,D9,Premium,True,Booked,
ST_9045,BK_6276,SC_422,C10,Premium,True,Booked,
ST_9046,,SC_765,C5,Regular,True,Reserved,
ST_9048,BK_8381,SC_888,E2,VIP,True,Available,
ST_9049,BK_9120,SC_868,D6,Regular,True,Booked,
ST_9050,BK_9156,SC_175,E14,Regular,True,Booked,
ST_9051,BK_6813,SC_48,C8,Regular,True,Reserved,
ST_9052,BK_877,SC_806,D16,Premium,True,Booked,
ST_9053,,SC_939,B4,Premium,True,Booked,
ST_9056,BK_9260,SC_362,A12,Regular,True,Available,
ST_9057,BK_1516,SC_509,C17,Regular,True,Booked,
ST_9058,BK_5491,SC_132,B3,Regular,True,Available,
ST_9059,BK_1565,SC_64,C20,VIP,True,Booked,
ST_9060,BK_1907,SC_614,A13,Premium,True,Booked,
ST_9061,BK_5852,SC_4,C1,VIP,True,Available,
ST_9063,,SC_493,A10,Premium,True,Available,
ST_9065,BK_3004,SC_931,E16,Regular,True,Available,
ST_9066,BK_1779,SC_607,A6,Regular,True,Booked,
ST_9068,BK_793,SC_910,A7,Premium,True,Booked,
ST_9070,BK_1869,SC_528,C20,Premium,True,Available,
ST_9071,BK_9773,SC_596,C18,Regular,True,Booked,
ST_9075,BK_7263,SC_589,A17,Premium,True,Booked,
ST_9076,BK_7366,SC_518,C4,Regular,True,Booked,
ST_9077,BK_1953,SC_991,C18,Premium,True,Booked,
ST_9080,BK_1039,SC_898,D6,Regular,True,Booked,
ST_9081,BK_5894,SC_802,C10,Regular,True,Booked,
ST_9082,BK_9367,SC_806,D19,Regular,True,Available,
ST_9083,,SC_169,A13,Regular,True,Available,
ST_9084,BK_8049,SC_506,C13,Regular,True,Booked,
ST_9085,BK_21,SC_59,D15,Regular,True,Booked,
ST_9087,BK_7436,SC_70,B17,Premium,True,Booked,
ST_9088,BK_1905,SC_469,D15,Regular,True,Booked,
ST_9090,BK_4154,SC_932,C7,Regular,True,Available,
ST_9091,BK_1942,SC_700,D15,Premium,True,Booked,
ST_9092,BK_5108,SC_236,B19,VIP,True,Booked,
ST_9093,BK_5653,SC_64,C8,Regular,True,Booked,
ST_9094,,SC_652,D17,Regular,True,Booked,
ST_9096,BK_7728,SC_807,E14,VIP,True,Reserved,
ST_9097,BK_5794,SC_854,E6,Regular,True,Booked,
ST_9098,BK_1113,SC_777,A18,Regular,True,Booked,
ST_9099,BK_9387,SC_325,D9,Regular,True,Available,
ST_9100,BK_3048,SC_108,A3,Regular,True,Booked,
ST_9101,BK_6599,SC_245,A18,Premium,True,Reserved,
ST_9102,BK_4326,SC_785,D19,Premium,True,Booked,
ST_9103,BK_9664,SC_850,D2,Premium,True,Available,
ST_9104,,SC_300,D2,Premium,True,Available,
ST_9106,BK_319,SC_241,E17,Regular,True,Booked,
ST_9107,BK_5959,SC_651,D16,Premium,True,Reserved,
ST_9109,BK_6603,SC_297,A12,Regular,True,Booked,
ST_9111,,SC_964,E1,Regular,True,Booked,
ST_9112,BK_2148,SC_61,A1,Regular,True,Booked,
ST_9113,BK_1311,SC_807,C3,Regular,True,Booked,
ST_9114,,SC_574,B20,Premium,True,Booked,
ST_9115,,SC_460,D11,Regular,True,Available,
ST_9117,BK_8455,SC_659,B13,Regular,True,Booked,
ST_9118,BK_7122,SC_175,A8,Premium,True,Booked,
ST_9120,,SC_599,C18,Premium,True,Available,
ST_9121,BK_4271,SC_335,B17,Regular,True,Booked,
ST_9122,BK_9348,SC_23,A7,VIP,True,Booked,
ST_9123,,SC_969,E12,Regular,True,Booked,
ST_9124,BK_2547,SC_181,B17,Premium,True,Booked,
ST_9126,BK_9548,SC_147,A10,Regular,True,Available,
ST_9127,BK_3646,SC_742,C15,Regular,True,Booked,
ST_9129,BK_1795,SC_10,E7,VIP,True,Booked,
ST_9131,BK_7320,SC_927,C13,Regular,True,Booked,
ST_9132,BK_9507,SC_560,A12,Regular,True,Booked,
ST_9133,BK_3592,SC_117,D4,Premium,True,Booked,
ST_9134,BK_4167,SC_523,C11,Regular,True,Available,
ST_9135,BK_2253,SC_408,A10,Regular,True,Booked,
ST_9136,BK_1375,SC_930,C7,Regular,True,Booked,
ST_9137,BK_6930,SC_101,C5,Regular,True,Booked,
ST_9138,BK_4125,SC_384,E19,Premium,True,Booked,
ST_9139,BK_7205,SC_115,D1,Premium,True,Available,
ST_9141,,SC_768,D16,Premium,True,Booked,
ST_9142,,SC_997,E12,Premium,True,Available,
ST_9144,BK_1759,SC_747,B5,Regular,True,Booked,
ST_9145,BK_6401,SC_594,B10,Premium,True,Booked,
ST_9146,BK_332,SC_672,A18,Regular,True,Booked,
ST_9148,BK_9692,SC_700,B4,Regular,True,Booked,
ST_9149,,SC_464,B12,Regular,True,Booked,
ST_9151,BK_6096,SC_336,D12,Premium,True,Booked,
ST_9152,BK_1625,SC_316,B3,VIP,True,Booked,
ST_9153,BK_369,SC_515,C10,Premium,True,Booked,
ST_9154,BK_920,SC_292,D14,Regular,True,Available,
ST_9155,BK_8516,SC_853,C3,Regular,True,Reserved,
ST_9156,BK_3566,SC_816,C18,Premium,True,Booked,
ST_9157,BK_9748,SC_399,B16,Regular,True,Booked,
ST_9158,BK_4053,SC_429,C8,Regular,True,Available,
ST_9159,BK_9813,SC_50,A3,Regular,True,Booked,
ST_9161,BK_3956,SC_578,D17,Regular,True,Booked,
ST_9162,,SC_42,A2,Regular,True,Booked,
ST_9164,BK_9809,SC_727,D2,Premium,True,Available,
ST_9165,BK_1739,SC_538,C20,Premium,True,Booked,
ST_9167,BK_8875,SC_397,C1,Regular,True,Booked,
ST_9169,BK_6836,SC_794,A9,Premium,True,Available,
ST_9170,BK_6531,SC_782,B3,Regular,True,Booked,
ST_9171,BK_87,SC_574,B13,Regular,True,Booked,
ST_9172,BK_1718,SC_323,D20,Regular,True,Booked,
ST_9173,BK_4219,SC_407,D13,VIP,True,Reserved,
ST_9174,BK_6726,SC_829,C4,Regular,True,Available,
ST_9175,,SC_32,B19,Regular,True,Booked,
ST_9176,BK_9670,SC_41,E20,Premium,True,Booked,
ST_9177,,SC_708,B13,VIP,True,Booked,
ST_9178,BK_3876,SC_729,A14,Premium,True,Booked,
ST_9179,,SC_494,D3,Regular,True,Booked,
ST_9180,BK_6174,SC_100,A9,Premium,True,Booked,
ST_9181,BK_498,SC_177,E18,Regular,True,Available,
ST_9182,BK_1903,SC_958,A12,Premium,True,Booked,
ST_9183,BK_1890,SC_419,D10,Regular,True,Booked,
ST_9184,BK_2922,SC_220,A4,Regular,True,Available,
ST_9185,BK_7356,SC_985,B14,VIP,True,Available,
ST_9186,BK_8121,SC_16,B12,Regular,True,Booked,
ST_9187,BK_333,SC_668,D9,Regular,True,Available,
ST_9188,,SC_968,C7,Premium,True,Booked,
ST_9189,BK_3281,SC_28,A10,Premium,True,Booked,
ST_9190,BK_8256,SC_557,D15,Regular,True,Reserved,
ST_9192,BK_1713,SC_330,A15,Regular,True,Booked,
ST_9193,BK_1002,SC_920,D3,Regular,True,Available,
ST_9194,BK_6687,SC_115,C13,Regular,True,Booked,
ST_9195,BK_3200,SC_541,A8,Premium,True,Booked,
ST_9196,BK_6440,SC_937,A15,Premium,True,Booked,
ST_9197,BK_2350,SC_377,D11,Regular,True,Booked,
ST_9198,BK_3343,SC_845,B17,Regular,True,Booked,
ST_9199,BK_2871,SC_670,D12,Premium,True,Booked,
ST_9200,BK_768,SC_423,E17,Premium,True,Booked,
ST_9201,BK_8690,SC_799,C15,Regular,True,Booked,
ST_9204,BK_3096,SC_403,D18,Regular,True,Booked,
ST_9205,BK_8799,SC_416,B16,Regular,True,Booked,
ST_9206,BK_6542,SC_86,A12,Premium,True,Reserved,
ST_9209,BK_5167,SC_916,E6,Regular,True,Booked,
ST_9210,BK_2539,SC_850,C11,Premium,True,Booked,
ST_9211,BK_6959,SC_635,C17,Regular,True,Booked,
ST_9212,,SC_346,B16,VIP,True,Reserved,
ST_9214,BK_5504,SC_799,A2,Regular,True,Available,
ST_9215,,SC_918,B10,Regular,True,Booked,
ST_9216,BK_2837,SC_779,C7,Premium,True,Booked,
ST_9217,BK_994,SC_297,C19,Regular,True,Available,
ST_9218,BK_6268,SC_469,A17,Premium,True,Booked,
ST_9219,BK_1878,SC_351,D13,Regular,True,Available,
ST_9220,BK_2071,SC_120,E18,Regular,True,Booked,
ST_9222,BK_5502,SC_163,A19,VIP,True,Booked,
ST_9223,BK_9474,SC_198,A13,Premium,True,Booked,
ST_9224,,SC_51,A13,Regular,True,Booked,
ST_9225,BK_6637,SC_351,E5,Regular,True,Booked,
ST_9226,BK_5717,SC_87,E19,Regular,True,Booked,
ST_9227,BK_3196,SC_9,A6,Regular,True,Booked,
ST_9228,BK_9857,SC_888,E10,Regular,True,Booked,
ST_9229,BK_15,SC_499,E9,Premium,True,Available,
ST_9230,BK_6799,SC_400,A1,Regular,True,Booked,
ST_9231,BK_1418,SC_272,E15,Regular,True,Reserved,
ST_9232,BK_5001,SC_275,C17,Premium,True,Booked,
ST_9233,BK_4898,SC_894,C5,Regular,True,Booked,
ST_9234,BK_594,SC_345,E10,Premium,True,Available,
ST_9235,BK_9168,SC_673,B13,Premium,True,Booked,
ST_9236,BK_8250,SC_319,B9,Premium,True,Reserved,
ST_9237,BK_5210,SC_800,B19,Regular,True,Available,
ST_9238,BK_6783,SC_78,C8,Regular,True,Booked,
ST_9239,BK_8121,SC_569,D2,Regular,True,Booked,
ST_9240,BK_7346,SC_278,D13,Regular,True,Booked,
ST_9241,BK_4254,SC_373,B13,Regular,True,Booked,
ST_9242,BK_8020,SC_246,A14,Premium,True,Booked,
ST_9243,BK_7473,SC_377,B1,VIP,True,Available,
ST_9245,BK_980,SC_506,A13,Regular,True,Booked,
ST_9246,,SC_341,B13,Regular,True,Booked,
ST_9247,BK_2884,SC_585,E19,Regular,True,Booked,
ST_9248,BK_3797,SC_887,A19,Premium,True,Reserved,
ST_9250,BK_8654,SC_369,A3,Premium,True,Available,
ST_9251,BK_5420,SC_319,B10,Regular,True,Available,
ST_9252,BK_4032,SC_282,E18,Regular,True,Available,
ST_9253,BK_9876,SC_181,C2,Regular,True,Available,
ST_9254,BK_5725,SC_823,C5,Regular,True,Booked,
ST_9255,BK_3234,SC_958,A17,Regular,True,Booked,
ST_9256,,SC_951,E4,Regular,True,Booked,
ST_9257,BK_9847,SC_451,D6,VIP,True,Booked,
ST_9258,,SC_697,C13,Premium,True,Booked,
ST_9260,BK_8090,SC_951,C14,Regular,True,Booked,
ST_9262,BK_6010,SC_888,E17,Regular,True,Booked,
ST_9263,BK_1197,SC_51,B1,Premium,True,Booked,
ST_9264,BK_7399,SC_967,B19,Regular,True,Booked,
ST_9265,BK_7308,SC_674,A15,Regular,True,Available,
ST_9266,BK_7139,SC_263,C18,Premium,True,Booked,
ST_9267,,SC_359,E13,Regular,True,Available,
ST_9269,BK_2919,SC_723,D16,Regular,True,Booked,
ST_9270,BK_5627,SC_517,A5,VIP,True,Booked,
ST_9272,BK_8598,SC_406,A12,Premium,True,Booked,
ST_9273,BK_7818,SC_239,C4,Premium,True,Booked,
ST_9274,BK_587,SC_510,D17,Regular,True,Booked,
ST_9278,BK_8498,SC_373,D15,Premium,True,Booked,
ST_9280,BK_9178,SC_714,E8,Premium,True,Available,
ST_9281,BK_9579,SC_625,B1,VIP,True,Available,
ST_9282,BK_837,SC_591,C12,Premium,True,Available,
ST_9285,BK_3018,SC_413,B18,Regular,True,Booked,
ST_9287,BK_7216,SC_578,A1,Regular,True,Available,
ST_9288,BK_817,SC_690,C16,Premium,True,Booked,
ST_9289,BK_6080,SC_397,E17,Regular,True,Booked,
ST_9290,,SC_60,B10,VIP,True,Booked,
ST_9291,,SC_427,A13,Premium,True,Booked,
ST_9292,BK_7636,SC_577,B5,VIP,True,Booked,
ST_9294,BK_7550,SC_64,C19,Regular,True,Booked,
ST_9295,BK_7720,SC_768,D15,Regular,True,Booked,
ST_9297,,SC_504,A6,VIP,True,Booked,
ST_9298,BK_2503,SC_468,E2,Regular,True,Available,
ST_9299,,SC_612,C3,Regular,True,Booked,
ST_9300,BK_7515,SC_550,A16,Premium,True,Booked,
ST_9301,,SC_607,B10,Premium,True,Available,
ST_9302,BK_8440,SC_149,B15,Regular,True,Booked,
ST_9303,BK_9876,SC_276,B4,Premium,True,Available,
ST_9304,BK_1138,SC_290,C8,Regular,True,Available,
ST_9305,BK_4336,SC_256,E16,Premium,True,Reserved,
ST_9307,BK_9650,SC_488,E20,Regular,True,Booked,
ST_9309,BK_7888,SC_150,B4,Premium,True,Available,
ST_9310,,SC_128,C20,Regular,True,Available,
ST_9311,BK_5719,SC_608,C18,VIP,True,Booked,
ST_9312,BK_8454,SC_187,C15,Premium,True,Booked,
ST_9313,BK_9788,SC_824,C13,Premium,True,Reserved,
ST_9315,BK_8350,SC_429,A5,Premium,True,Reserved,
ST_9316,BK_3417,SC_316,D17,Regular,True,Booked,
ST_9317,BK_5555,SC_860,D18,Premium,True,Reserved,
ST_9318,BK_6204,SC_515,A19,Regular,True,Booked,
ST_9319,BK_2837,SC_997,A7,Regular,True,Booked,
ST_9320,BK_3852,SC_421,C6,Premium,True,Booked,
ST_9321,BK_3178,SC_750,B5,Premium,True,Booked,
ST_9322,,SC_554,E6,Regular,True,Booked,
ST_9323,,SC_46,D3,Regular,True,Booked,
ST_9324,BK_2510,SC_755,C9,Regular,True,Available,
ST_9325,BK_9200,SC_911,E10,Regular,True,Booked,
ST_9326,BK_5254,SC_564,A20,Regular,True,Booked,
ST_9329,BK_143,SC_291,B12,Regular,True,Available,
ST_9330,BK_6098,SC_793,D5,Regular,True,Available,
ST_9331,BK_720,SC_281,A2,Regular,True,Booked,
ST_9332,BK_9926,SC_14,C9,Premium,True,Booked,
ST_9333,BK_5239,SC_879,C12,Regular,True,Booked,
ST_9334,BK_9672,SC_632,B6,VIP,True,Booked,
ST_9335,BK_2216,SC_448,E17,Regular,True,Booked,
ST_9336,BK_4015,SC_193,A3,VIP,True,Booked,
ST_9338,BK_6480,SC_207,A14,Regular,True,Booked,
ST_9339,BK_5437,SC_597,D1,Regular,True,Booked,
ST_9340,BK_126,SC_781,B8,Regular,True,Booked,
ST_9341,BK_3047,SC_20,B9,Regular,True,Available,
ST_9342,,SC_475,A14,Premium,True,Available,
ST_9343,BK_4208,SC_746,D20,VIP,True,Booked,
ST_9345,BK_7262,SC_880,E15,Regular,True,Booked,
ST_9346,BK_6257,SC_156,A3,Regular,True,Available,
ST_9348,BK_744,SC_374,E7,VIP,True,Booked,
ST_9349,BK_5009,SC_692,A19,Regular,True,Available,
ST_9350,BK_8177,SC_485,E18,Regular,True,Available,
ST_9351,BK_9663,SC_4,A12,Premium,True,Booked,
ST_9352,BK_9295,SC_926,E9,Premium,True,Booked,
ST_9353,,SC_378,B17,Regular,True,Booked,
ST_9354,BK_2452,SC_378,C17,Regular,True,Booked,
ST_9355,BK_8748,SC_796,A9,Regular,True,Booked,
ST_9356,BK_7896,SC_915,A16,Premium,True,Booked,
ST_9357,BK_2856,SC_887,C2,Regular,True,Booked,
ST_9359,BK_6822,SC_385,E18,Regular,True,Booked,
ST_9361,BK_83,SC_269,B13,Premium,True,Booked,
ST_9362,BK_3980,SC_580,E2,Regular,True,Booked,
ST_9363,BK_5872,SC_194,A3,Regular,True,Booked,
ST_9364,BK_4565,SC_356,E9,Regular,True,Booked,
ST_9365,,SC_777,B18,Regular,True,Booked,
ST_9367,BK_3631,SC_861,E11,Regular,True,Booked,
ST_9368,,SC_215,D9,Regular,True,Available,
ST_9369,BK_1991,SC_295,B10,Regular,True,Booked,
ST_9371,BK_9247,SC_901,E8,Premium,True,Booked,
ST_9376,BK_6260,SC_274,E4,Regular,True,Reserved,
ST_9377,BK_3025,SC_110,E6,Regular,True,Available,
ST_9378,BK_1288,SC_487,B16,Regular,True,Available,
ST_9379,,SC_307,A17,Regular,True,Booked,
ST_9380,BK_8529,SC_736,B11,Regular,True,Booked,
ST_9381,BK_2981,SC_398,C3,Regular,True,Booked,
ST_9383,BK_817,SC_720,C13,Premium,True,Booked,
ST_9385,BK_8940,SC_465,E20,Premium,True,Booked,
ST_9387,BK_7033,SC_362,E10,Regular,True,Booked,
ST_9388,BK_5178,SC_242,C9,Regular,True,Booked,
ST_9389,BK_6389,SC_810,E9,Premium,True,Booked,
ST_9390,BK_5313,SC_335,A3,Premium,True,Available,
ST_9391,BK_7553,SC_804,E16,Premium,True,Booked,
ST_9393,BK_4785,SC_367,E4,Regular,True,Booked,
ST_9394,BK_3215,SC_122,D3,Premium,True,Available,
ST_9396,BK_9573,SC_448,D9,Premium,True,Booked,
ST_9397,BK_8443,SC_359,E15,Regular,True,Booked,
ST_9398,,SC_849,E16,Regular,True,Booked,
ST_9399,,SC_865,D10,Regular,True,Booked,
ST_9400,BK_3287,SC_715,E4,Premium,True,Available,
ST_9401,BK_7457,SC_779,E5,Regular,True,Booked,
ST_9402,,SC_996,A2,VIP,True,Booked,
ST_9403,BK_90,SC_259,A10,Regular,True,Booked,
ST_9404,BK_49,SC_209,B6,Premium,True,Available,
ST_9405,BK_1935,SC_994,C11,VIP,True,Booked,
ST_9406,BK_2700,SC_132,A17,Regular,True,Booked,
ST_9407,BK_7493,SC_853,C10,Premium,True,Available,
ST_9409,BK_6192,SC_256,B4,Regular,True,Booked,
ST_9410,BK_4853,SC_973,B18,Regular,True,Reserved,
ST_9411,,SC_829,A12,Regular,True,Booked,
ST_9412,,SC_915,A5,VIP,True,Booked,
ST_9416,BK_1114,SC_139,B11,Regular,True,Booked,
ST_9417,BK_2478,SC_615,B1,Regular,True,Booked,
ST_9418,BK_7632,SC_354,B1,Regular,True,Reserved,
ST_9419,BK_6526,SC_774,C9,Premium,True,Booked,
ST_9420,BK_3964,SC_465,C12,Regular,True,Booked,
ST_9421,BK_2530,SC_782,E10,Premium,True,Booked,
ST_9422,BK_2795,SC_399,D4,Premium,True,Available,
ST_9424,BK_8084,SC_205,A12,Regular,True,Booked,
ST_9425,BK_6646,SC_575,A17,Regular,True,Booked,
ST_9427,BK_8970,SC_40,C14,Regular,True,Booked,
ST_9428,,SC_451,A2,Regular,True,Reserved,
ST_9429,BK_4075,SC_567,B18,Regular,True,Booked,
ST_9430,BK_3285,SC_383,C13,Premium,True,Booked,
ST_9431,BK_388,SC_405,D8,Regular,True,Booked,
ST_9432,BK_8238,SC_866,D3,Regular,True,Booked,
ST_9434,BK_581,SC_147,B9,Regular,True,Reserved,
ST_9435,BK_3500,SC_926,A4,Regular,True,Booked,
ST_9436,BK_1295,SC_788,E13,Regular,True,Booked,
ST_9437,BK_6781,SC_922,B11,Regular,True,Booked,
ST_9438,BK_6798,SC_373,A16,Premium,True,Reserved,
ST_9439,BK_264,SC_889,A18,Regular,True,Available,
ST_9441,BK_6744,SC_81,B3,Regular,True,Booked,
ST_9442,BK_698,SC_914,D10,Regular,True,Booked,
ST_9443,BK_837,SC_465,E16,Regular,True,Booked,
ST_9446,BK_3541,SC_433,A12,Regular,True,Booked,
ST_9447,BK_6168,SC_341,A8,Regular,True,Reserved,
ST_9449,BK_4148,SC_555,A7,VIP,True,Booked,
ST_9450,BK_838,SC_77,A8,Premium,True,Available,
ST_9451,BK_7252,SC_275,C5,Premium,True,Booked,
ST_9452,BK_6571,SC_658,A12,Regular,True,Booked,
ST_9453,BK_4795,SC_90,E17,Premium,True,Booked,
ST_9454,,SC_249,A16,Regular,True,Reserved,
ST_9455,BK_8376,SC_674,D13,Premium,True,Booked,
ST_9456,BK_3576,SC_545,B18,Premium,True,Booked,
ST_9457,,SC_937,D16,Premium,True,Booked,
ST_9458,BK_7402,SC_844,D3,Regular,True,Booked,
ST_9460,BK_2756,SC_6,E13,Premium,True,Booked,
ST_9461,BK_234,SC_800,B16,Regular,True,Booked,
ST_9462,BK_1374,SC_618,D5,Premium,True,Booked,
ST_9463,BK_8745,SC_299,E9,Regular,True,Booked,
ST_9464,BK_4217,SC_34,D17,Regular,True,Booked,
ST_9465,BK_8800,SC_294,E16,Premium,True,Booked,
ST_9466,BK_9105,SC_645,D19,Premium,True,Available,
ST_9467,,SC_662,E11,Premium,True,Booked,
ST_9469,BK_3039,SC_905,B9,Regular,True,Booked,
ST_9470,BK_3187,SC_666,B15,Regular,True,Available,
ST_9472,BK_4229,SC_880,A20,Premium,True,Booked,
ST_9474,BK_1154,SC_202,A5,Regular,True,Booked,
ST_9475,,SC_729,C10,Premium,True,Booked,
ST_9476,BK_2958,SC_121,B3,Premium,True,Booked,
ST_9477,BK_8555,SC_424,B2,Premium,True,Booked,
ST_9478,BK_716,SC_740,A12,Premium,True,Booked,
ST_9479,BK_4075,SC_71,A20,VIP,True,Booked,
ST_9480,BK_6115,SC_437,E2,Premium,True,Booked,
ST_9481,,SC_53,D8,Regular,True,Available,
ST_9482,,SC_966,D16,Premium,True,Reserved,
ST_9485,BK_2463,SC_646,B8,Premium,True,Booked,
ST_9486,,SC_284,D18,Regular,True,Booked,
ST_9487,BK_4475,SC_738,B2,Regular,True,Booked,
ST_9488,BK_6760,SC_292,D9,Premium,True,Booked,
ST_9489,BK_7176,SC_748,E17,Premium,True,Booked,
ST_9490,BK_5978,SC_547,A4,Regular,True,Booked,
ST_9491,BK_3704,SC_428,C4,Regular,True,Booked,
ST_9492,BK_5371,SC_351,E8,Regular,True,Booked,
ST_9493,BK_3511,SC_443,B17,VIP,True,Booked,
ST_9495,BK_1819,SC_645,B16,Regular,True,Booked,
ST_9496,BK_8877,SC_578,B9,Regular,True,Booked,
ST_9497,,SC_398,D8,Regular,True,Booked,
ST_9498,BK_101,SC_303,B15,Regular,True,Reserved,
ST_9500,BK_1895,SC_743,C1,Premium,True,Booked,
ST_9501,,SC_472,D18,Regular,True,Booked,
ST_9502,BK_6225,SC_640,B1,Regular,True,Booked,
ST_9503,,SC_128,B11,Premium,True,Booked,
ST_9504,BK_2826,SC_309,C3,Regular,True,Booked,
ST_9505,BK_7299,SC_822,A17,Regular,True,Booked,
ST_9506,BK_6257,SC_204,C9,Regular,True,Booked,
ST_9507,BK_1923,SC_17,D10,Regular,True,Booked,
ST_9511,BK_6414,SC_171,A15,Regular,True,Booked,
ST_9512,BK_5802,SC_695,B8,Regular,True,Booked,
ST_9513,BK_6965,SC_415,C14,Regular,True,Available,
ST_9514,BK_1929,SC_52,E11,Premium,True,Booked,
ST_9515,BK_4238,SC_594,E1,Regular,True,Booked,
ST_9517,BK_1504,SC_741,E20,Regular,True,Booked,
ST_9519,BK_6360,SC_730,B2,Premium,True,Available,
ST_9520,BK_7772,SC_656,C5,Regular,True,Booked,
ST_9521,BK_6659,SC_156,E14,Regular,True,Booked,
ST_9523,BK_1716,SC_40,D5,Regular,True,Booked,
ST_9524,BK_6961,SC_875,E9,Regular,True,Booked,
ST_9525,,SC_951,D13,Premium,True,Booked,
ST_9526,BK_5861,SC_620,B6,Premium,True,Available,
ST_9528,BK_4150,SC_896,A6,Premium,True,Booked,
ST_9529,BK_2034,SC_68,D18,Regular,True,Booked,
ST_9531,BK_7703,SC_724,C18,Regular,True,Booked,
ST_9532,BK_118,SC_891,C17,Regular,True,Booked,
ST_9535,BK_8815,SC_165,E18,Regular,True,Booked,
ST_9540,BK_8646,SC_941,B11,Premium,True,Available,
ST_9541,,SC_48,E15,Regular,True,Booked,
ST_9542,BK_7973,SC_219,B8,Regular,True,Booked,
ST_9543,BK_4563,SC_811,D9,Regular,True,Booked,
ST_9544,BK_4746,SC_231,B20,Regular,True,Booked,
ST_9545,BK_2949,SC_258,B6,Premium,True,Booked,
ST_9547,,SC_198,E8,Premium,True,Booked,
ST_9548,BK_4444,SC_822,C18,Regular,True,Booked,
ST_9549,BK_2940,SC_333,C15,Regular,True,Available,
ST_9551,BK_5167,SC_384,C11,Regular,True,Booked,
ST_9554,,SC_570,C3,Regular,True,Booked,
ST_9555,BK_6661,SC_908,A3,Regular,True,Available,
ST_9556,BK_5500,SC_562,A11,Regular,True,Available,
ST_9557,,SC_162,E10,Regular,True,Available,
ST_9559,BK_7076,SC_97,C20,VIP,True,Booked,
ST_9560,BK_2500,SC_284,D10,Premium,True,Booked,
ST_9561,BK_2911,SC_731,E5,Premium,True,Booked,
ST_9562,BK_310,SC_456,A13,VIP,True,Reserved,
ST_9563,BK_167,SC_300,C19,Premium,True,Booked,
ST_9564,BK_7086,SC_214,B17,Regular,True,Booked,
ST_9565,BK_2632,SC_829,B5,Regular,True,Booked,
ST_9566,BK_882,SC_904,A12,Premium,True,Available,
ST_9567,BK_2276,SC_375,A3,Premium,True,Available,
ST_9569,,SC_171,A8,Premium,True,Booked,
ST_9570,BK_1342,SC_113,C19,Premium,True,Booked,
ST_9571,BK_5645,SC_280,D11,Premium,True,Booked,
ST_9572,BK_1765,SC_136,C5,Regular,True,Booked,
ST_9574,BK_1187,SC_496,A4,Regular,True,Booked,
ST_9575,BK_5506,SC_941,B6,Premium,True,Booked,
ST_9576,,SC_126,D3,Premium,True,Booked,
ST_9577,BK_6474,SC_693,E2,VIP,True,Booked,
ST_9578,BK_7077,SC_882,C5,Regular,True,Booked,
ST_9580,BK_840,SC_65,D5,Regular,True,Available,
ST_9581,BK_2425,SC_1,E5,Premium,True,Available,
ST_9583,BK_176,SC_711,B14,VIP,True,Booked,
ST_9584,BK_140,SC_894,A18,Regular,True,Reserved,
ST_9586,BK_8728,SC_590,C17,Premium,True,Booked,
ST_9587,BK_768,SC_74,A18,Premium,True,Available,
ST_9589,BK_2714,SC_781,D9,VIP,True,Booked,
ST_9590,BK_2550,SC_168,A5,Premium,True,Reserved,
ST_9591,BK_8640,SC_269,A11,Regular,True,Booked,
ST_9592,BK_3631,SC_641,C12,Regular,True,Booked,
ST_9593,BK_6414,SC_874,E16,Regular,True,Reserved,
ST_9594,BK_2197,SC_108,C5,Regular,True,Booked,
ST_9595,,SC_366,B19,Premium,True,Booked,
ST_9596,BK_5943,SC_549,A20,Regular,True,Booked,
ST_9597,BK_4264,SC_329,D12,Regular,True,Reserved,
ST_9598,BK_3010,SC_264,D4,Regular,True,Booked,
ST_9599,BK_7660,SC_907,A5,Regular,True,Available,
ST_9600,,SC_835,A1,Premium,True,Booked,
ST_9601,BK_1575,SC_178,D17,Regular,True,Booked,
ST_9602,BK_9059,SC_929,D11,Premium,True,Available,
ST_9603,BK_1342,SC_886,A11,Regular,True,Booked,
ST_9604,BK_3998,SC_790,A17,Premium,True,Booked,
ST_9606,BK_1659,SC_47,B3,Regular,True,Booked,
ST_9607,BK_2091,SC_814,B14,Premium,True,Booked,
ST_9608,,SC_73,E12,Premium,True,Available,
ST_9611,BK_997,SC_727,C1,Regular,True,Booked,
ST_9612,BK_2770,SC_780,C5,Regular,True,Reserved,
ST_9613,BK_6513,SC_94,B17,Regular,True,Available,
ST_9615,BK_493,SC_54,C6,Premium,True,Booked,
ST_9616,BK_8008,SC_29,A20,Regular,True,Booked,
ST_9617,,SC_652,D10,Premium,True,Booked,
ST_9619,BK_8762,SC_343,C3,Premium,True,Booked,
ST_9620,,SC_508,A20,Regular,True,Available,
ST_9621,BK_340,SC_325,E1,VIP,True,Booked,
ST_9622,BK_3635,SC_44,E4,Regular,True,Booked,
ST_9623,BK_3073,SC_113,B7,VIP,True,Booked,
ST_9624,,SC_614,E2,Regular,True,Booked,
ST_9626,BK_4786,SC_4,C17,Premium,True,Booked,
ST_9628,BK_7783,SC_294,B15,VIP,True,Available,
ST_9630,BK_5840,SC_322,E4,Regular,True,Available,
ST_9633,BK_8054,SC_343,A8,Regular,True,Booked,
ST_9634,BK_6481,SC_811,C1,Regular,True,Booked,
ST_9636,,SC_371,B7,Regular,True,Reserved,
ST_9637,BK_2348,SC_330,A7,Regular,True,Booked,
ST_9638,BK_2142,SC_867,D9,Regular,True,Booked,
ST_9639,BK_6307,SC_614,E4,Regular,True,Booked,
ST_9640,BK_5041,SC_571,B5,Regular,True,Available,
ST_9641,BK_5079,SC_598,A19,Regular,True,Booked,
ST_9642,,SC_721,E20,Premium,True,Booked,
ST_9644,BK_7420,SC_18,A2,Regular,True,Booked,
ST_9645,,SC_950,E4,Regular,True,Booked,
ST_9646,BK_9064,SC_146,D7,Premium,True,Booked,
ST_9647,,SC_41,C20,VIP,True,Booked,
ST_9648,BK_3361,SC_117,A8,Premium,True,Booked,
ST_9649,BK_6189,SC_230,D13,Regular,True,Reserved,
ST_9650,BK_8966,SC_763,D11,Regular,True,Booked,
ST_9651,BK_9649,SC_265,B13,Regular,True,Available,
ST_9652,BK_7208,SC_230,D3,Regular,True,Available,
ST_9653,,SC_93,B6,Regular,True,Booked,
ST_9654,BK_2454,SC_680,D20,Regular,True,Available,
ST_9655,BK_6232,SC_361,D10,Regular,True,Reserved,
ST_9656,BK_5364,SC_695,D5,Premium,True,Reserved,
ST_9657,BK_3409,SC_82,D9,VIP,True,Booked,
ST_9658,BK_5279,SC_98,D11,Regular,True,Booked,
ST_9661,BK_4058,SC_709,A14,Regular,True,Booked,
ST_9662,BK_6167,SC_803,A13,Regular,True,Booked,
ST_9663,BK_7564,SC_188,D11,Regular,True,Available,
ST_9664,BK_5728,SC_480,D8,VIP,True,Booked,
ST_9666,BK_7816,SC_599,C7,Regular,True,Booked,
ST_9667,BK_1948,SC_460,C7,Regular,True,Booked,
ST_9670,,SC_964,D2,Regular,True,Available,
ST_9671,,SC_214,A8,Premium,True,Booked,
ST_9673,BK_1781,SC_203,E12,VIP,True,Booked,
ST_9674,BK_3191,SC_29,D8,Premium,True,Available,
ST_9675,BK_378,SC_122,A12,VIP,True,Booked,
ST_9677,BK_8049,SC_907,C18,VIP,True,Booked,
ST_9678,BK_3237,SC_376,E6,Regular,True,Available,
ST_9679,BK_8792,SC_219,E18,Regular,True,Booked,
ST_9680,BK_7408,SC_98,D6,VIP,True,Booked,
ST_9681,BK_6261,SC_33,C9,Regular,True,Booked,
ST_9682,BK_5492,SC_469,D7,Premium,True,Booked,
ST_9683,,SC_73,D12,Premium,True,Booked,
ST_9684,BK_3284,SC_304,C1,Regular,True,Booked,
ST_9685,BK_2869,SC_92,D9,Premium,True,Booked,
ST_9686,BK_1229,SC_213,E11,Regular,True,Available,
ST_9687,BK_2088,SC_599,B13,Regular,True,Reserved,
ST_9688,BK_3123,SC_800,B9,Regular,True,Booked,
ST_9689,,SC_755,D10,Regular,True,Available,
ST_9690,BK_4925,SC_468,D13,Regular,True,Booked,
ST_9691,BK_7254,SC_549,E16,Premium,True,Booked,
ST_9692,BK_9432,SC_504,E1,Premium,True,Available,
ST_9694,BK_9591,SC_810,A5,Regular,True,Available,
ST_9695,BK_2885,SC_249,E12,Regular,True,Available,
ST_9696,BK_4202,SC_905,A7,Regular,True,Available,
ST_9697,BK_5522,SC_397,A4,Regular,True,Available,
ST_9698,BK_5400,SC_911,E1,Premium,True,Booked,
ST_9701,,SC_116,A17,Regular,True,Booked,
ST_9702,,SC_779,B7,Regular,True,Booked,
ST_9704,BK_881,SC_322,C8,Regular,True,Booked,
ST_9705,,SC_428,A11,Regular,True,Available,
ST_9706,BK_8783,SC_722,B18,VIP,True,Booked,
ST_9707,BK_5521,SC_389,A16,Premium,True,Booked,
ST_9708,BK_9432,SC_813,C14,VIP,True,Booked,
ST_9709,BK_8895,SC_362,E11,VIP,True,Booked,
ST_9710,BK_7599,SC_652,B2,Regular,True,Booked,
ST_9711,BK_2981,SC_762,B17,Regular,True,Available,
ST_9712,BK_7988,SC_905,C7,Regular,True,Available,
ST_9713,BK_197,SC_558,B8,Premium,True,Available,
ST_9714,,SC_985,A16,Regular,True,Booked,
ST_9715,BK_8849,SC_301,E10,Regular,True,Available,
ST_9717,,SC_824,C16,Premium,True,Available,
ST_9718,BK_1893,SC_430,C4,Regular,True,Booked,
ST_9719,BK_4073,SC_668,C13,Regular,True,Booked,
ST_9720,BK_2808,SC_701,B10,Regular,True,Booked,
ST_9721,BK_7245,SC_671,A10,Premium,True,Available,
ST_9722,,SC_433,B6,Regular,True,Available,
ST_9723,,SC_763,C20,Regular,True,Booked,
ST_9724,BK_281,SC_237,A12,Regular,True,Booked,
ST_9725,,SC_687,B2,Regular,True,Booked,
ST_9728,BK_2487,SC_407,C15,Regular,True,Available,
ST_9729,BK_6084,SC_629,B16,Regular,True,Booked,
ST_9730,BK_4296,SC_340,C7,Regular,True,Available,
ST_9731,,SC_16,D10,Premium,True,Booked,
ST_9732,BK_8067,SC_296,D6,Regular,True,Available,
ST_9733,BK_190,SC_208,D13,Premium,True,Booked,
ST_9734,BK_3816,SC_303,C12,Regular,True,Available,
ST_9735,BK_9645,SC_925,C18,Premium,True,Available,
ST_9736,BK_458,SC_476,D9,Regular,True,Booked,
ST_9738,BK_6681,SC_167,D15,Regular,True,Booked,
ST_9739,BK_5053,SC_579,E19,Premium,True,Booked,
ST_9740,BK_6316,SC_361,B9,Premium,True,Available,
ST_9741,BK_5122,SC_866,A9,Premium,True,Booked,
ST_9742,,SC_585,B14,Regular,True,Booked,
ST_9743,BK_681,SC_313,B2,VIP,True,Booked,
ST_9744,BK_3537,SC_331,B8,Regular,True,Available,
ST_9746,BK_8220,SC_117,C4,Premium,True,Booked,
ST_9747,BK_9894,SC_353,B3,Regular,True,Available,
ST_9748,BK_6659,SC_864,A14,Premium,True,Available,
ST_9750,BK_9755,SC_650,A17,Regular,True,Booked,
ST_9751,BK_2350,SC_282,A8,Regular,True,Booked,
ST_9752,,SC_379,E15,Regular,True,Booked,
ST_9755,BK_2730,SC_973,D5,Regular,True,Booked,
ST_9756,BK_4517,SC_940,B8,Regular,True,Booked,
ST_9757,,SC_175,C3,Regular,True,Booked,
ST_9758,BK_6344,SC_384,D8,VIP,True,Booked,
ST_9759,BK_883,SC_516,B19,Regular,True,Booked,
ST_9760,BK_4588,SC_916,C18,Premium,True,Reserved,
ST_9761,BK_9271,SC_808,E11,Regular,True,Available,
ST_9762,BK_4703,SC_805,E16,Premium,True,Booked,
ST_9763,BK_141,SC_364,B13,Regular,True,Booked,
ST_9764,,SC_885,B10,Regular,True,Booked,
ST_9765,BK_850,SC_463,B3,Regular,True,Available,
ST_9766,BK_4301,SC_141,D16,Regular,True,Booked,
ST_9767,BK_4507,SC_264,A11,Regular,True,Available,
ST_9768,BK_2799,SC_655,C8,Regular,True,Booked,
ST_9769,BK_7665,SC_478,A18,Regular,True,Available,
ST_9770,BK_1451,SC_465,C20,Regular,True,Booked,
ST_9771,BK_9433,SC_272,A13,VIP,True,Available,
ST_9772,,SC_83,C4,VIP,True,Reserved,
ST_9773,BK_9561,SC_681,C7,Regular,True,Reserved,
ST_9774,BK_9822,SC_395,D16,Regular,True,Booked,
ST_9775,BK_8216,SC_471,C19,Regular,True,Available,
ST_9777,BK_8074,SC_929,A17,Regular,True,Available,
ST_9778,BK_3206,SC_182,E2,Premium,True,Available,
ST_9779,BK_719,SC_356,A18,Regular,True,Booked,
ST_9780,BK_665,SC_318,E18,VIP,True,Available,
ST_9781,BK_6298,SC_845,B2,Regular,True,Booked,
ST_9782,BK_1142,SC_725,D3,Premium,True,Booked,
ST_9783,BK_4754,SC_349,D3,Premium,True,Booked,
ST_9784,,SC_972,E5,Regular,True,Booked,
ST_9785,BK_1066,SC_22,E19,Regular,True,Booked,
ST_9786,,SC_342,C8,Regular,True,Booked,
ST_9787,BK_519,SC_529,E20,Premium,True,Reserved,
ST_9788,BK_7423,SC_99,B15,Regular,True,Available,
ST_9789,BK_2858,SC_594,D2,Premium,True,Booked,
ST_9791,BK_4704,SC_5,C4,Regular,True,Booked,
ST_9792,BK_5490,SC_977,E6,Regular,True,Reserved,
ST_9793,BK_3497,SC_741,B11,Regular,True,Available,
ST_9794,BK_3944,SC_874,C15,Regular,True,Booked,
ST_9795,BK_4183,SC_269,A13,Regular,True,Reserved,
ST_9797,BK_7262,SC_760,B15,Premium,True,Booked,
ST_9798,BK_8367,SC_706,D6,Premium,True,Reserved,
ST_9799,,SC_880,D9,Premium,True,Booked,
ST_9802,,SC_968,B18,Premium,True,Booked,
ST_9804,BK_9405,SC_502,A18,Premium,True,Booked,
ST_9806,,SC_226,C1,Regular,True,Booked,
ST_9807,BK_3915,SC_237,B16,Premium,True,Booked,
ST_9808,BK_5132,SC_463,E20,Regular,True,Booked,
ST_9809,BK_6308,SC_920,C17,Regular,True,Available,
ST_9810,,SC_260,E7,Premium,True,Booked,
ST_9811,BK_7023,SC_980,A7,VIP,True,Available,
ST_9813,BK_9395,SC_491,C10,Regular,True,Booked,
ST_9814,BK_4502,SC_752,C15,Regular,True,Booked,
ST_9816,BK_8584,SC_715,B6,Regular,True,Booked,
ST_9817,,SC_251,A4,Regular,True,Available,
ST_9819,BK_7099,SC_60,E8,Regular,True,Booked,
ST_9820,BK_2008,SC_688,A12,Regular,True,Available,
ST_9821,BK_3309,SC_281,E14,Regular,True,Booked,
ST_9822,BK_5637,SC_149,A14,VIP,True,Booked,
ST_9823,BK_5281,SC_618,E4,Regular,True,Booked,
ST_9824,BK_7105,SC_774,B11,Premium,True,Booked,
ST_9825,BK_7030,SC_997,D12,VIP,True,Reserved,
ST_9826,BK_9115,SC_49,B14,Regular,True,Available,
ST_9827,BK_6355,SC_542,B3,Regular,True,Available,
ST_9828,BK_1007,SC_888,A3,VIP,True,Booked,
ST_9829,BK_1294,SC_419,D19,Regular,True,Booked,
ST_9831,BK_2895,SC_480,C12,Regular,True,Booked,
ST_9832,BK_5713,SC_223,A5,Regular,True,Booked,
ST_9833,BK_7639,SC_273,D17,Regular,True,Reserved,
ST_9834,BK_9294,SC_213,B17,Premium,True,Booked,
ST_9835,BK_4873,SC_151,D12,Regular,True,Available,
ST_9836,BK_1696,SC_773,D16,Regular,True,Booked,
ST_9837,BK_8953,SC_951,E6,Regular,True,Booked,
ST_9838,,SC_389,D3,Regular,True,Available,
ST_9839,BK_6945,SC_736,E18,Premium,True,Booked,
ST_9840,BK_4320,SC_453,E2,Regular,True,Booked,
ST_9842,BK_3872,SC_77,C20,Regular,True,Reserved,
ST_9844,BK_3010,SC_191,A3,Premium,True,Booked,
ST_9846,BK_4738,SC_334,A19,Premium,True,Available,
ST_9847,BK_7045,SC_256,B2,Regular,True,Available,
ST_9850,BK_1437,SC_217,C7,Premium,True,Booked,
ST_9851,BK_2896,SC_786,E12,Regular,True,Available,
ST_9852,BK_1638,SC_479,E11,Regular,True,Reserved,
ST_9854,BK_4272,SC_633,B15,Regular,True,Booked,
ST_9855,,SC_619,C20,Regular,True,Booked,
ST_9856,BK_1594,SC_318,B9,VIP,True,Booked,
ST_9857,BK_6153,SC_993,A16,Regular,True,Booked,
ST_9858,,SC_239,E3,Premium,True,Booked,
ST_9859,BK_9378,SC_25,B13,Premium,True,Booked,
ST_9860,BK_7196,SC_167,B18,Regular,True,Booked,
ST_9861,BK_2891,SC_415,C1,Regular,True,Booked,
ST_9862,BK_7915,SC_15,E8,Regular,True,Booked,
ST_9863,BK_1286,SC_869,E15,Regular,True,Booked,
ST_9866,,SC_250,C6,VIP,True,Reserved,
ST_9867,BK_9994,SC_929,B2,Regular,True,Booked,
ST_9868,BK_4626,SC_933,D5,VIP,True,Booked,
ST_9869,BK_1757,SC_695,B19,Regular,True,Available,
ST_9871,BK_3480,SC_237,E13,VIP,True,Booked,
ST_9872,BK_7780,SC_340,C12,Regular,True,Booked,
ST_9873,BK_8937,SC_793,E1,Regular,True,Booked,
ST_9874,BK_1136,SC_206,C7,Regular,True,Booked,
ST_9875,BK_2325,SC_888,B9,Regular,True,Available,
ST_9876,BK_9644,SC_637,E6,Regular,True,Booked,
ST_9877,BK_8484,SC_710,E1,Regular,True,Booked,
ST_9878,BK_2002,SC_261,B4,Regular,True,Booked,
ST_9879,BK_9489,SC_2,E6,Regular,True,Available,
ST_9880,BK_3675,SC_966,C2,Premium,True,Available,
ST_9882,BK_9174,SC_451,E8,Regular,True,Available,
ST_9883,BK_6261,SC_407,B4,Premium,True,Booked,
ST_9884,BK_5175,SC_950,A14,Regular,True,Booked,
ST_9885,BK_2826,SC_555,A17,Regular,True,Booked,
ST_9886,,SC_320,C10,Premium,True,Booked,
ST_9887,BK_5661,SC_272,C2,VIP,True,Booked,
ST_9888,BK_370,SC_105,A9,Premium,True,Booked,
ST_9889,BK_2245,SC_371,C2,Regular,True,Booked,
ST_9890,BK_8987,SC_299,A14,VIP,True,Reserved,
ST_9891,BK_1387,SC_842,A13,Regular,True,Booked,
ST_9892,BK_882,SC_558,A17,Regular,True,Booked,
ST_9893,,SC_429,B11,Regular,True,Booked,
ST_9894,BK_6107,SC_722,A2,Regular,True,Reserved,
ST_9896,BK_4331,SC_89,A12,Regular,True,Booked,
ST_9897,BK_6418,SC_874,E4,Regular,True,Reserved,
ST_9898,BK_4047,SC_341,C12,Regular,True,Booked,
ST_9899,,SC_322,A14,Premium,True,Booked,
ST_9900,BK_7788,SC_75,E4,Premium,True,Available,
ST_9902,BK_203,SC_71,E4,Premium,True,Booked,
ST_9903,BK_7047,SC_49,C19,VIP,True,Booked,
ST_9904,BK_862,SC_116,B20,Regular,True,Booked,
ST_9905,BK_6421,SC_300,A18,Premium,True,Booked,
ST_9906,BK_2181,SC_481,A19,Regular,True,Available,
ST_9907,BK_4392,SC_168,A16,VIP,True,Booked,
ST_9909,BK_7108,SC_752,E20,Premium,True,Reserved,
ST_9910,BK_3766,SC_731,A19,Regular,True,Booked,
ST_9912,BK_5319,SC_665,D2,Regular,True,Booked,
ST_9913,BK_5875,SC_319,C6,Premium,True,Available,
ST_9914,BK_4007,SC_615,C9,Regular,True,Booked,
ST_9915,BK_8228,SC_478,B18,Regular,True,Reserved,
ST_9916,BK_5613,SC_150,E10,VIP,True,Booked,
ST_9917,BK_6609,SC_304,D2,Premium,True,Available,
ST_9918,BK_6588,SC_920,A20,Premium,True,Reserved,
ST_9919,BK_1566,SC_109,B12,Regular,True,Booked,
ST_9920,,SC_527,A14,Regular,True,Available,
ST_9921,BK_3632,SC_253,D18,Regular,True,Booked,
ST_9922,BK_4711,SC_322,D14,Regular,True,Booked,
ST_9923,BK_2021,SC_210,C4,Regular,True,Booked,
ST_9924,,SC_884,E17,VIP,True,Booked,
ST_9925,BK_9976,SC_88,E16,Regular,True,Available,
ST_9926,BK_9072,SC_35,B1,Regular,True,Booked,
ST_9927,BK_7080,SC_88,A3,Regular,True,Booked,
ST_9928,,SC_567,E17,Premium,True,Reserved,
ST_9929,BK_7327,SC_414,C1,Regular,True,Booked,
ST_9930,BK_3855,SC_465,B8,Regular,True,Booked,
ST_9931,BK_331,SC_190,C1,Premium,True,Booked,
ST_9932,,SC_303,A12,Regular,True,Booked,
ST_9933,BK_4240,SC_763,B7,Regular,True,Available,
ST_9935,BK_1380,SC_167,C14,Regular,True,Booked,
ST_9936,BK_4833,SC_141,D11,Regular,True,Available,
ST_9937,BK_4799,SC_469,A14,Premium,True,Booked,
ST_9938,BK_6760,SC_218,A15,Regular,True,Available,
ST_9939,BK_2094,SC_619,E3,Premium,True,Booked,
ST_9941,BK_150,SC_172,A20,Regular,True,Booked,
ST_9942,BK_519,SC_352,A5,VIP,True,Available,
ST_9943,BK_5253,SC_632,D15,Premium,True,Booked,
ST_9944,BK_5958,SC_996,C5,Premium,True,Booked,
ST_9945,BK_7162,SC_88,E4,Regular,True,Reserved,
ST_9947,,SC_977,C11,Regular,True,Booked,
ST_9948,BK_5362,SC_264,C5,Premium,True,Booked,
ST_9949,,SC_893,A15,Regular,True,Available,
ST_9951,,SC_253,B10,Premium,True,Booked,
ST_9952,BK_7239,SC_170,D5,Premium,True,Booked,
ST_9953,BK_5756,SC_431,C12,Regular,True,Booked,
ST_9954,,SC_305,D15,Regular,True,Booked,
ST_9955,BK_8392,SC_583,B19,Regular,True,Booked,
ST_9956,BK_4240,SC_671,D12,Regular,True,Booked,
ST_9958,BK_6208,SC_748,B11,Regular,True,Booked,
ST_9959,,SC_922,A6,Regular,True,Booked,
ST_9960,BK_8196,SC_578,D18,VIP,True,Booked,
ST_9961,BK_2090,SC_203,D19,VIP,True,Booked,
ST_9962,BK_2409,SC_796,C11,Regular,True,Booked,
ST_9963,BK_1008,SC_206,C5,Regular,True,Booked,
ST_9964,,SC_493,A3,Premium,True,Reserved,
ST_9965,BK_9383,SC_94,E13,Premium,True,Available,
ST_9966,BK_1055,SC_320,B14,Regular,True,Available,
ST_9967,BK_9194,SC_24,D9,Regular,True,Booked,
ST_9968,BK_275,SC_194,E18,Regular,True,Reserved,
ST_9969,BK_3540,SC_182,E12,Regular,True,Booked,
ST_9970,BK_3245,SC_829,B20,Regular,True,Available,
ST_9971,BK_1072,SC_577,D1,Regular,True,Booked,
ST_9972,BK_3477,SC_303,A18,Regular,True,Booked,
ST_9974,BK_5054,SC_126,D11,Regular,True,Booked,
ST_9975,BK_7860,SC_816,E15,Premium,True,Booked,
ST_9976,BK_9774,SC_993,D13,Premium,True,Booked,
ST_9977,BK_2884,SC_202,D19,Premium,True,Booked,
ST_9978,BK_3355,SC_422,C11,Premium,True,Booked,
ST_9980,,SC_249,C15,Regular,True,Reserved,
ST_9981,BK_6644,SC_97,B9,Regular,True,Booked,
ST_9982,BK_5084,SC_48,A9,Premium,True,Booked,
ST_9983,BK_5050,SC_152,C19,Regular,True,Booked,
ST_9984,BK_3479,SC_730,D13,Premium,True,Available,
ST_9986,,SC_163,A16,Premium,True,Available,
ST_9987,BK_4917,SC_410,E7,Premium,True,Booked,
ST_9988,BK_7203,SC_627,E5,Regular,True,Booked,
ST_9989,BK_5176,SC_244,A3,Regular,True,Available,
ST_9990,,SC_727,A2,Regular,True,Booked,
ST_9992,BK_2044,SC_321,D19,Regular,True,Booked,
ST_9993,BK_5413,SC_824,C1,VIP,True,Reserved,
ST_9994,BK_687,SC_656,D17,Regular,True,Reserved,
ST_9995,BK_8439,SC_456,A9,VIP,True,Available,
ST_9996,BK_8045,SC_261,C6,Premium,True,Available,
ST_9997,BK_8568,SC_721,B9,Regular,True,Reserved,
ST_9998,BK_2926,SC_154,A8,Premium,True,Booked,
ST_9999,BK_7363,SC_234,E8,Regular,True,Booked,
ST_10000,BK_6864,SC_31,E15,Regular,True,Booked,
