show_id,movie_id,theater_id,screen_id,show_date,start_time,price,available_seats,status
SH_1,MV_2044,TH_489,SC_148,2024-04-06,22:30:00,174.34,139,active
SH_2,MV_7789,TH_291,SC_908,2025-01-26,17:15:00,241.59,100,active
SH_3,MV_4143,TH_364,SC_195,2023-05-19,17:30:00,438.29,158,active
SH_4,MV_905,TH_257,SC_303,2024-07-26,14:30:00,459.39,179,active
SH_5,MV_1508,TH_288,SC_101,2025-02-10,17:15:00,416.48,195,active
SH_6,MV_2162,TH_219,SC_36,2024-05-18,21:15:00,388.59,134,active
SH_7,MV_571,TH_454,SC_663,2024-01-19,18:15:00,267.64,180,active
SH_8,MV_5483,TH_214,SC_757,2025-05-27,21:15:00,496.43,171,active
SH_9,MV_2040,TH_499,SC_512,2023-04-04,20:30:00,406.38,60,active
SH_10,MV_859,TH_452,SC_699,2024-04-06,19:45:00,304.13,197,active
SH_11,MV_6350,TH_451,SC_232,2024-08-31,20:00:00,234.85,168,active
SH_12,MV_7365,TH_383,SC_588,2023-04-23,22:00:00,270.7,159,active
SH_13,MV_7264,TH_401,SC_50,2024-05-11,10:45:00,423.47,74,active
SH_14,MV_9537,TH_258,SC_622,2025-12-18,13:15:00,150.02,194,active
SH_15,MV_7266,TH_307,SC_2,2024-08-16,15:30:00,490.76,81,active
SH_16,MV_514,TH_358,SC_638,2024-07-17,14:15:00,361.44,182,active
SH_17,MV_5416,TH_383,SC_212,2023-02-19,12:30:00,313.9,176,active
SH_19,MV_6995,TH_388,SC_111,2025-09-15,22:45:00,461.07,192,active
SH_20,MV_4140,TH_50,SC_220,2023-11-04,21:15:00,381.14,114,active
SH_21,MV_526,TH_107,SC_650,2024-06-02,15:00:00,216.3,82,active
SH_22,MV_5442,TH_381,SC_177,2023-01-04,17:30:00,244.71,176,active
SH_23,MV_5053,TH_136,SC_12,2024-02-18,11:45:00,448.07,143,active
SH_24,MV_9089,TH_386,SC_714,2024-03-27,18:00:00,471.59,64,active
SH_25,MV_9331,TH_227,SC_177,2025-08-02,13:15:00,473.11,101,active
SH_26,MV_1791,TH_344,SC_655,2023-09-07,10:45:00,183.29,88,active
SH_27,MV_6903,TH_355,SC_166,2025-06-04,18:30:00,254.37,144,active
SH_28,MV_3240,TH_421,SC_96,2023-05-08,21:15:00,296.62,160,active
SH_29,MV_3226,TH_139,SC_6,2023-09-07,13:00:00,152.28,126,active
SH_30,MV_2961,TH_24,SC_451,2024-03-11,22:45:00,330.52,92,active
SH_31,MV_3529,TH_218,SC_507,2023-11-19,19:45:00,419.64,55,active
SH_32,MV_3832,TH_112,SC_454,2025-11-23,14:45:00,371.27,170,active
SH_33,MV_7024,TH_196,SC_526,2023-10-21,18:00:00,327.97,164,active
SH_35,MV_4316,TH_453,SC_620,2024-11-29,11:00:00,431.93,167,active
SH_37,MV_4120,TH_352,SC_110,2023-09-10,22:15:00,171.47,183,active
SH_38,MV_2734,TH_443,SC_115,2025-07-10,19:00:00,417.91,133,active
SH_39,MV_959,TH_415,SC_88,2023-07-07,21:15:00,418.25,80,active
SH_40,MV_4372,TH_262,SC_403,2023-10-22,18:15:00,167.07,129,active
SH_41,MV_8793,TH_114,SC_410,2024-02-09,10:30:00,245.2,102,active
SH_42,MV_8031,TH_461,SC_83,2025-11-06,21:45:00,291.86,185,active
SH_43,MV_6936,TH_488,SC_749,2023-04-17,11:00:00,498.21,74,active
SH_44,MV_6968,TH_486,SC_623,2023-08-22,14:30:00,314.16,79,active
SH_45,MV_2274,TH_500,SC_147,2024-11-22,21:15:00,408.44,197,active
SH_46,MV_2449,TH_149,SC_54,2025-05-15,21:45:00,273.82,164,active
SH_48,MV_8165,TH_97,SC_109,2023-02-02,21:15:00,235.05,76,active
SH_50,MV_1209,TH_156,SC_772,2024-12-14,20:45:00,454.09,118,active
SH_51,MV_9092,TH_278,SC_43,2023-03-26,22:45:00,177.88,107,active
SH_52,MV_4072,TH_334,SC_803,2025-07-02,19:30:00,415.87,58,active
SH_54,MV_8068,TH_477,SC_200,2024-03-09,20:45:00,475.27,137,active
SH_55,MV_5088,TH_274,SC_81,2023-06-18,12:15:00,357.15,52,active
SH_56,MV_9058,TH_261,SC_555,2023-07-12,21:45:00,419.33,108,active
SH_57,MV_2670,TH_408,SC_195,2024-09-09,22:45:00,291.09,171,active
SH_60,MV_5206,TH_314,SC_931,2023-09-27,10:00:00,255.0,185,active
SH_61,MV_2860,TH_431,SC_715,2024-11-22,21:30:00,286.26,142,active
SH_62,MV_4046,TH_118,SC_64,2024-08-01,12:00:00,463.86,102,active
SH_63,MV_5687,TH_442,SC_767,2025-02-19,15:00:00,257.56,88,active
SH_64,MV_2745,TH_250,SC_327,2023-03-11,17:15:00,405.39,191,active
SH_65,MV_3972,TH_253,SC_186,2023-07-02,17:45:00,244.69,51,active
SH_66,MV_2481,TH_433,SC_919,2025-02-27,12:15:00,288.62,133,active
SH_67,MV_963,TH_300,SC_445,2024-11-05,18:15:00,428.54,72,active
SH_68,MV_4912,TH_44,SC_364,2023-04-10,14:45:00,354.52,174,active
SH_69,MV_8477,TH_483,SC_389,2024-04-06,17:30:00,394.91,110,active
SH_70,MV_3849,TH_441,SC_916,2025-01-15,20:15:00,438.62,68,active
SH_71,MV_4321,TH_33,SC_272,2024-02-21,21:45:00,220.77,125,active
SH_72,MV_9258,TH_391,SC_175,2025-08-01,22:45:00,327.6,59,active
SH_73,MV_3962,TH_331,SC_31,2024-01-08,19:15:00,329.36,195,active
SH_74,MV_8838,TH_102,SC_368,2024-07-28,18:00:00,403.08,191,active
SH_75,MV_6123,TH_365,SC_676,2023-03-12,16:30:00,363.89,172,active
SH_76,MV_370,TH_427,SC_392,2024-01-12,22:00:00,279.98,127,active
SH_77,MV_8254,TH_15,SC_989,2025-06-17,17:15:00,237.62,55,active
SH_78,MV_2224,TH_11,SC_760,2024-11-07,22:15:00,221.16,136,active
SH_79,MV_5342,TH_22,SC_929,2024-08-31,15:45:00,485.84,123,active
SH_81,MV_1370,TH_8,SC_711,2025-12-28,15:00:00,483.57,197,active
SH_82,MV_6068,TH_105,SC_998,2023-07-28,11:00:00,470.81,101,active
SH_83,MV_6784,TH_331,SC_113,2024-05-30,19:45:00,216.91,84,active
SH_84,MV_3599,TH_124,SC_461,2023-05-16,12:45:00,366.13,158,active
SH_85,MV_1737,TH_35,SC_775,2024-10-26,10:15:00,389.48,146,active
SH_86,MV_5406,TH_287,SC_351,2023-09-19,11:15:00,487.11,179,active
SH_87,MV_4758,TH_187,SC_577,2024-01-06,22:30:00,273.09,92,active
SH_88,MV_5755,TH_315,SC_961,2024-07-22,16:45:00,478.23,95,active
SH_89,MV_6646,TH_154,SC_796,2025-10-16,15:00:00,318.18,124,active
SH_90,MV_7696,TH_362,SC_322,2024-09-16,15:00:00,390.81,81,active
SH_91,MV_4061,TH_308,SC_378,2024-08-31,13:45:00,220.11,127,active
SH_92,MV_4384,TH_16,SC_938,2023-10-28,20:00:00,425.69,111,active
SH_93,MV_3341,TH_3,SC_740,2023-03-07,11:00:00,150.59,97,active
SH_94,MV_4361,TH_458,SC_83,2025-09-20,11:45:00,454.83,187,active
SH_95,MV_635,TH_293,SC_12,2025-07-09,20:00:00,179.34,55,active
SH_96,MV_2749,TH_381,SC_508,2025-01-14,12:00:00,303.97,53,active
SH_97,MV_7322,TH_87,SC_178,2024-05-09,19:15:00,489.61,101,active
SH_98,MV_577,TH_335,SC_286,2023-08-30,21:45:00,496.97,83,active
SH_99,MV_2459,TH_457,SC_294,2023-03-20,14:45:00,340.01,125,active
SH_100,MV_4275,TH_179,SC_796,2025-03-12,13:30:00,393.44,157,active
SH_101,MV_1277,TH_486,SC_137,2023-05-04,13:15:00,226.24,185,active
SH_102,MV_9309,TH_144,SC_42,2025-08-12,18:45:00,353.22,190,active
SH_103,MV_5180,TH_209,SC_821,2024-10-29,14:00:00,221.56,145,active
SH_104,MV_4456,TH_265,SC_941,2023-08-13,21:00:00,165.81,191,active
SH_105,MV_724,TH_72,SC_564,2023-01-03,14:15:00,309.56,136,active
SH_106,MV_1337,TH_391,SC_405,2025-03-01,13:00:00,319.67,188,active
SH_107,MV_9021,TH_311,SC_150,2025-10-14,14:00:00,328.6,99,active
SH_108,MV_4228,TH_344,SC_904,2024-05-19,15:00:00,357.15,52,active
SH_109,MV_6177,TH_456,SC_615,2023-08-25,14:00:00,416.48,57,active
SH_110,MV_3038,TH_274,SC_240,2025-11-09,17:00:00,470.85,136,active
SH_111,MV_5149,TH_169,SC_929,2025-08-06,19:45:00,169.17,139,active
SH_112,MV_9844,TH_57,SC_575,2025-11-19,13:30:00,497.41,162,active
SH_113,MV_6079,TH_350,SC_176,2025-10-01,13:45:00,184.62,120,active
SH_114,MV_3314,TH_147,SC_441,2023-04-11,22:00:00,231.21,80,active
SH_115,MV_7124,TH_245,SC_395,2025-07-30,21:45:00,465.91,179,active
SH_116,MV_8968,TH_143,SC_815,2023-07-23,22:45:00,465.66,99,active
SH_117,MV_6665,TH_350,SC_42,2025-11-21,16:45:00,343.45,83,active
SH_118,MV_6118,TH_203,SC_465,2024-02-24,14:00:00,237.24,127,active
SH_119,MV_4732,TH_351,SC_908,2023-12-16,19:15:00,480.88,177,active
SH_120,MV_880,TH_290,SC_36,2024-07-30,10:00:00,259.91,55,active
SH_121,MV_2871,TH_388,SC_688,2024-11-11,14:30:00,230.19,55,active
SH_122,MV_2918,TH_266,SC_581,2025-02-20,16:45:00,249.55,157,active
SH_123,MV_261,TH_191,SC_196,2024-02-25,17:15:00,436.75,191,active
SH_124,MV_5969,TH_307,SC_990,2024-12-10,14:45:00,435.6,85,active
SH_125,MV_3435,TH_206,SC_700,2024-03-04,10:30:00,411.56,176,active
SH_126,MV_5710,TH_140,SC_479,2025-07-18,11:00:00,346.21,84,active
SH_127,MV_6460,TH_74,SC_374,2025-01-22,13:00:00,179.38,148,active
SH_128,MV_9849,TH_175,SC_272,2024-07-07,13:15:00,306.02,57,active
SH_129,MV_4505,TH_351,SC_860,2023-12-20,21:30:00,486.18,63,active
SH_130,MV_6375,TH_122,SC_171,2025-08-18,12:30:00,459.11,143,active
SH_131,MV_1444,TH_203,SC_231,2025-11-21,15:30:00,456.08,64,active
SH_132,MV_3881,TH_417,SC_183,2025-09-07,16:45:00,228.02,72,active
SH_133,MV_7021,TH_151,SC_750,2025-09-28,13:30:00,391.98,116,active
SH_134,MV_4307,TH_383,SC_323,2025-09-13,21:15:00,251.08,157,active
SH_135,MV_9184,TH_292,SC_550,2024-08-07,22:15:00,192.36,119,active
SH_136,MV_2046,TH_404,SC_62,2025-04-26,18:45:00,451.48,77,active
SH_137,MV_8397,TH_275,SC_94,2024-11-30,22:45:00,180.8,89,active
SH_138,MV_3131,TH_82,SC_287,2023-09-08,19:45:00,194.89,182,active
SH_139,MV_523,TH_27,SC_330,2024-11-18,16:00:00,416.7,185,active
SH_140,MV_9475,TH_347,SC_572,2023-02-23,20:45:00,358.75,140,active
SH_141,MV_935,TH_221,SC_836,2024-04-10,14:15:00,435.01,75,active
SH_142,MV_7244,TH_460,SC_210,2023-10-07,22:30:00,434.23,50,active
SH_143,MV_217,TH_19,SC_861,2024-01-02,12:00:00,411.33,122,active
SH_144,MV_3233,TH_329,SC_821,2024-09-29,15:15:00,312.77,110,active
SH_145,MV_1736,TH_137,SC_147,2024-03-17,22:00:00,380.05,63,active
SH_146,MV_4018,TH_141,SC_810,2023-12-24,14:45:00,330.57,161,active
SH_147,MV_4858,TH_394,SC_174,2023-08-26,19:00:00,224.85,116,active
SH_148,MV_3963,TH_317,SC_270,2024-12-05,18:45:00,172.32,170,active
SH_150,MV_5115,TH_244,SC_740,2024-12-27,15:15:00,401.29,53,active
SH_151,MV_5019,TH_73,SC_950,2023-05-31,20:15:00,373.61,146,active
SH_152,MV_9650,TH_458,SC_658,2025-11-04,20:45:00,204.36,56,active
SH_153,MV_4700,TH_62,SC_7,2023-10-31,10:30:00,201.16,75,active
SH_156,MV_8955,TH_261,SC_896,2023-12-27,10:15:00,218.11,114,active
SH_157,MV_1580,TH_32,SC_978,2024-10-02,17:15:00,325.43,148,active
SH_158,MV_9846,TH_313,SC_327,2025-06-04,17:45:00,207.78,66,active
SH_159,MV_5678,TH_106,SC_979,2025-07-31,12:00:00,494.26,189,active
SH_160,MV_4456,TH_12,SC_523,2024-01-06,12:00:00,481.14,60,active
SH_161,MV_2130,TH_190,SC_357,2025-09-03,12:30:00,478.16,98,active
SH_162,MV_8303,TH_352,SC_358,2024-05-20,22:45:00,404.49,196,active
SH_163,MV_5022,TH_382,SC_106,2023-05-29,10:00:00,360.5,108,active
SH_164,MV_4826,TH_63,SC_958,2023-02-09,19:30:00,281.45,176,active
SH_165,MV_4572,TH_176,SC_179,2023-07-05,14:45:00,316.96,141,active
SH_166,MV_1325,TH_118,SC_741,2025-03-21,15:45:00,499.55,109,active
SH_167,MV_3036,TH_398,SC_469,2025-09-04,15:45:00,274.81,180,active
SH_168,MV_327,TH_400,SC_678,2025-05-11,18:15:00,205.16,77,active
SH_169,MV_3295,TH_244,SC_63,2025-07-13,10:00:00,454.64,163,active
SH_170,MV_4774,TH_60,SC_154,2023-12-31,12:15:00,329.37,117,active
SH_171,MV_8025,TH_430,SC_212,2025-09-04,16:15:00,237.13,93,active
SH_172,MV_9655,TH_448,SC_538,2025-08-25,12:15:00,189.34,152,active
SH_173,MV_5717,TH_468,SC_339,2025-11-09,13:45:00,247.88,186,active
SH_174,MV_9325,TH_190,SC_21,2025-11-17,11:15:00,248.88,141,active
SH_175,MV_5045,TH_315,SC_895,2025-12-18,10:30:00,376.83,149,active
SH_176,MV_7706,TH_374,SC_54,2024-03-21,11:15:00,208.81,55,active
SH_177,MV_3598,TH_248,SC_561,2023-11-08,13:30:00,494.27,118,active
SH_178,MV_2683,TH_156,SC_869,2023-11-02,15:30:00,333.26,182,active
SH_179,MV_2655,TH_31,SC_727,2023-04-09,20:00:00,403.24,52,active
SH_180,MV_2306,TH_487,SC_523,2025-02-16,12:45:00,330.02,105,active
SH_181,MV_6737,TH_229,SC_56,2024-03-17,17:15:00,390.22,190,active
SH_182,MV_3752,TH_11,SC_757,2024-10-16,19:30:00,482.84,72,active
SH_183,MV_5743,TH_230,SC_671,2025-12-05,12:30:00,367.71,103,active
SH_184,MV_6201,TH_445,SC_481,2025-05-14,22:45:00,171.34,154,active
SH_185,MV_2276,TH_131,SC_267,2024-07-11,13:45:00,412.92,168,active
SH_186,MV_982,TH_238,SC_372,2025-05-07,18:45:00,274.93,177,active
SH_187,MV_1833,TH_225,SC_311,2025-01-07,11:30:00,317.02,50,active
SH_188,MV_2231,TH_213,SC_772,2025-09-12,17:00:00,283.87,171,active
SH_189,MV_773,TH_449,SC_330,2023-08-27,16:15:00,458.67,154,active
SH_190,MV_3303,TH_317,SC_76,2023-11-11,14:30:00,188.01,120,active
SH_191,MV_7885,TH_246,SC_134,2024-03-18,12:45:00,314.95,157,active
SH_192,MV_9489,TH_11,SC_309,2024-11-02,10:30:00,441.5,185,active
SH_193,MV_6001,TH_480,SC_307,2025-03-23,21:15:00,335.87,149,active
SH_194,MV_8367,TH_41,SC_234,2023-02-12,20:15:00,440.62,83,active
SH_196,MV_6523,TH_111,SC_547,2024-04-13,18:45:00,488.02,99,active
SH_197,MV_9611,TH_352,SC_732,2024-01-22,22:00:00,235.34,112,active
SH_198,MV_5086,TH_97,SC_880,2024-07-15,21:15:00,293.16,187,active
SH_200,MV_116,TH_1,SC_756,2024-06-17,22:15:00,156.83,52,active
SH_201,MV_9102,TH_14,SC_92,2023-06-06,11:30:00,339.02,74,active
SH_202,MV_9935,TH_242,SC_413,2024-05-28,16:30:00,313.68,173,active
SH_203,MV_8078,TH_447,SC_988,2024-02-24,12:30:00,412.61,75,active
SH_204,MV_4888,TH_495,SC_145,2024-07-31,14:45:00,487.97,139,active
SH_206,MV_638,TH_494,SC_431,2023-10-15,12:15:00,234.71,129,active
SH_207,MV_8230,TH_144,SC_105,2023-07-12,20:00:00,247.27,198,active
SH_208,MV_7114,TH_8,SC_115,2023-04-17,20:45:00,173.48,131,active
SH_209,MV_2657,TH_168,SC_714,2025-12-28,13:15:00,343.89,84,active
SH_210,MV_6382,TH_295,SC_821,2023-09-30,16:00:00,376.06,84,active
SH_211,MV_6036,TH_498,SC_265,2025-08-19,13:15:00,273.48,188,active
SH_212,MV_3146,TH_385,SC_303,2023-03-02,10:15:00,370.11,82,active
SH_213,MV_6881,TH_21,SC_227,2023-10-07,21:00:00,164.62,73,active
SH_215,MV_8275,TH_401,SC_151,2024-01-15,14:45:00,165.83,166,active
SH_216,MV_7576,TH_408,SC_744,2023-04-20,14:15:00,354.67,119,active
SH_217,MV_8761,TH_496,SC_807,2024-10-09,13:45:00,489.34,118,active
SH_218,MV_5864,TH_301,SC_621,2024-03-06,20:15:00,290.52,142,active
SH_219,MV_7888,TH_71,SC_860,2023-01-05,21:45:00,221.1,121,active
SH_220,MV_7316,TH_252,SC_710,2025-08-21,16:00:00,296.44,54,active
SH_221,MV_5158,TH_142,SC_44,2024-04-21,15:45:00,277.67,85,active
SH_222,MV_9613,TH_343,SC_509,2025-03-27,10:00:00,207.54,192,active
SH_223,MV_3691,TH_389,SC_54,2025-03-07,16:30:00,324.69,192,active
SH_224,MV_4485,TH_167,SC_18,2025-12-12,19:45:00,468.45,187,active
SH_225,MV_5511,TH_9,SC_615,2025-10-11,13:00:00,307.39,115,active
SH_227,MV_3134,TH_392,SC_163,2024-09-05,15:30:00,352.51,97,active
SH_228,MV_5401,TH_331,SC_674,2025-09-26,21:45:00,386.42,80,active
SH_229,MV_9537,TH_262,SC_998,2024-09-27,10:15:00,465.08,70,active
SH_230,MV_1648,TH_164,SC_922,2023-05-04,10:45:00,289.18,198,active
SH_231,MV_6807,TH_377,SC_389,2024-03-06,17:30:00,279.49,67,active
SH_232,MV_1136,TH_89,SC_742,2023-03-23,18:30:00,388.43,136,active
SH_234,MV_114,TH_134,SC_512,2023-07-07,21:45:00,479.31,190,active
SH_235,MV_7721,TH_85,SC_882,2024-03-10,20:15:00,386.94,74,active
SH_236,MV_6169,TH_89,SC_704,2025-04-21,21:45:00,336.66,166,active
SH_238,MV_1467,TH_42,SC_236,2025-01-23,13:30:00,466.42,191,active
SH_239,MV_4241,TH_245,SC_883,2024-08-30,13:00:00,239.33,65,active
SH_240,MV_3820,TH_195,SC_873,2023-05-01,17:15:00,417.61,115,active
SH_241,MV_311,TH_389,SC_880,2024-11-19,19:30:00,297.16,188,active
SH_242,MV_9253,TH_149,SC_88,2023-11-12,11:45:00,190.51,87,active
SH_243,MV_6469,TH_415,SC_688,2025-03-14,17:30:00,494.28,74,active
SH_244,MV_7888,TH_28,SC_502,2024-04-20,21:30:00,248.84,157,active
SH_245,MV_5092,TH_67,SC_105,2024-01-02,20:00:00,373.56,77,active
SH_246,MV_8808,TH_441,SC_175,2023-12-18,12:00:00,305.4,180,active
SH_247,MV_2828,TH_343,SC_261,2024-12-23,21:30:00,282.07,55,active
SH_248,MV_9894,TH_301,SC_174,2024-02-23,17:30:00,217.64,195,active
SH_249,MV_1837,TH_67,SC_884,2023-12-06,22:45:00,402.74,191,active
SH_250,MV_6927,TH_461,SC_205,2025-06-12,16:15:00,254.81,94,active
SH_251,MV_6289,TH_51,SC_271,2023-11-28,13:00:00,365.23,60,active
SH_252,MV_9060,TH_171,SC_845,2024-06-11,15:45:00,261.88,74,active
SH_253,MV_963,TH_104,SC_668,2024-11-07,19:00:00,238.19,96,active
SH_254,MV_9401,TH_164,SC_785,2023-02-10,16:45:00,352.21,97,active
SH_255,MV_6801,TH_283,SC_286,2025-02-12,16:00:00,170.72,195,active
SH_256,MV_45,TH_239,SC_206,2023-04-22,14:00:00,203.13,164,active
SH_257,MV_4249,TH_232,SC_410,2023-02-07,16:45:00,417.44,131,active
SH_258,MV_7720,TH_183,SC_956,2024-07-07,21:30:00,328.4,108,active
SH_259,MV_2532,TH_252,SC_869,2023-02-19,22:30:00,303.48,164,active
SH_260,MV_7691,TH_455,SC_526,2023-07-23,18:45:00,212.75,156,active
SH_261,MV_5059,TH_355,SC_74,2023-07-22,17:00:00,375.53,163,active
SH_262,MV_7368,TH_269,SC_14,2025-04-19,20:15:00,482.89,193,active
SH_263,MV_2598,TH_448,SC_861,2025-10-10,14:15:00,293.88,132,active
SH_264,MV_6348,TH_321,SC_707,2025-09-26,22:15:00,309.99,187,active
SH_266,MV_935,TH_284,SC_120,2023-01-08,21:30:00,274.0,172,active
SH_267,MV_8613,TH_173,SC_540,2023-07-28,12:15:00,439.12,78,active
SH_268,MV_4173,TH_66,SC_243,2025-10-15,15:15:00,218.7,154,active
SH_269,MV_9227,TH_186,SC_76,2025-06-20,10:15:00,283.2,143,active
SH_270,MV_5385,TH_241,SC_356,2025-09-28,11:45:00,399.1,168,active
SH_271,MV_7964,TH_79,SC_520,2024-10-17,22:30:00,330.91,135,active
SH_272,MV_1634,TH_264,SC_911,2025-08-07,18:15:00,424.6,88,active
SH_273,MV_9327,TH_250,SC_533,2023-03-19,11:30:00,490.03,96,active
SH_274,MV_960,TH_109,SC_200,2024-01-30,22:30:00,450.35,55,active
SH_277,MV_5519,TH_203,SC_230,2024-08-06,15:45:00,406.24,192,active
SH_278,MV_2025,TH_193,SC_873,2024-04-14,21:30:00,282.87,126,active
SH_279,MV_7,TH_259,SC_345,2024-12-29,16:45:00,374.3,196,active
SH_280,MV_5337,TH_207,SC_485,2023-12-03,16:30:00,193.77,74,active
SH_281,MV_2281,TH_199,SC_849,2025-11-10,22:45:00,391.05,73,active
SH_282,MV_1089,TH_305,SC_859,2025-02-15,11:30:00,453.17,145,active
SH_284,MV_9487,TH_15,SC_963,2024-10-25,19:45:00,346.51,104,active
SH_285,MV_4073,TH_319,SC_494,2024-12-07,18:45:00,217.28,76,active
SH_286,MV_4293,TH_424,SC_589,2024-07-07,11:15:00,452.13,156,active
SH_287,MV_95,TH_428,SC_903,2025-04-22,22:45:00,191.43,194,active
SH_289,MV_7013,TH_179,SC_483,2024-06-07,18:45:00,188.85,113,active
SH_291,MV_478,TH_238,SC_807,2024-12-20,11:45:00,351.61,79,active
SH_292,MV_7157,TH_214,SC_196,2023-05-12,12:45:00,344.29,95,active
SH_293,MV_3848,TH_431,SC_864,2025-08-15,16:15:00,159.4,117,active
SH_294,MV_7783,TH_248,SC_114,2025-02-11,22:15:00,253.56,181,active
SH_295,MV_5848,TH_110,SC_352,2025-06-01,12:45:00,353.8,78,active
SH_296,MV_4953,TH_404,SC_779,2024-01-10,21:45:00,352.04,195,active
SH_297,MV_2450,TH_97,SC_253,2025-01-21,20:00:00,304.37,91,active
SH_298,MV_9156,TH_417,SC_306,2024-06-09,22:45:00,471.25,105,active
SH_299,MV_6029,TH_190,SC_483,2025-09-14,15:30:00,362.23,195,active
SH_300,MV_7555,TH_68,SC_657,2025-05-30,14:45:00,218.3,128,active
SH_302,MV_6300,TH_249,SC_227,2024-09-01,18:15:00,380.82,145,active
SH_303,MV_910,TH_20,SC_442,2023-10-07,15:30:00,333.56,84,active
SH_304,MV_8970,TH_381,SC_336,2023-12-28,20:30:00,411.92,195,active
SH_307,MV_1317,TH_18,SC_671,2023-11-20,19:00:00,217.15,145,active
SH_308,MV_7945,TH_76,SC_98,2024-12-13,22:15:00,304.61,153,active
SH_309,MV_3965,TH_376,SC_211,2024-03-19,21:45:00,465.22,146,active
SH_310,MV_1280,TH_298,SC_142,2023-03-26,19:45:00,372.69,52,active
SH_311,MV_1758,TH_443,SC_49,2024-09-11,16:00:00,491.59,145,active
SH_312,MV_8359,TH_420,SC_53,2024-05-12,22:30:00,360.55,99,active
SH_313,MV_1671,TH_316,SC_277,2025-06-02,21:30:00,336.39,133,active
SH_314,MV_1108,TH_453,SC_247,2024-06-24,10:00:00,463.61,172,active
SH_315,MV_905,TH_174,SC_726,2023-11-25,17:00:00,338.02,152,active
SH_316,MV_174,TH_144,SC_949,2023-10-07,15:15:00,182.32,183,active
SH_317,MV_6687,TH_441,SC_941,2025-11-17,12:30:00,450.63,155,active
SH_319,MV_3801,TH_102,SC_143,2025-09-29,11:00:00,232.16,116,active
SH_320,MV_2243,TH_377,SC_176,2024-12-19,15:30:00,386.38,152,active
SH_322,MV_8619,TH_334,SC_510,2023-08-05,12:30:00,236.26,67,active
SH_323,MV_1242,TH_397,SC_342,2024-03-13,10:00:00,409.89,163,active
SH_324,MV_1765,TH_161,SC_558,2024-04-30,14:00:00,368.89,169,active
SH_325,MV_6216,TH_309,SC_112,2023-12-27,20:45:00,466.99,138,active
SH_327,MV_6969,TH_295,SC_42,2025-05-08,12:45:00,418.63,56,active
SH_328,MV_8854,TH_374,SC_57,2025-03-11,16:00:00,411.12,114,active
SH_330,MV_5812,TH_32,SC_351,2024-12-27,16:15:00,364.3,57,active
SH_332,MV_5666,TH_227,SC_651,2025-12-01,14:30:00,281.41,171,active
SH_333,MV_4351,TH_498,SC_836,2023-07-29,16:00:00,314.24,156,active
SH_334,MV_9935,TH_351,SC_542,2025-01-01,16:00:00,408.47,76,active
SH_335,MV_1502,TH_219,SC_599,2024-11-25,18:00:00,169.21,164,active
SH_336,MV_7068,TH_271,SC_444,2023-01-25,10:30:00,377.87,191,active
SH_337,MV_780,TH_94,SC_132,2023-06-16,16:30:00,435.2,190,active
SH_338,MV_207,TH_273,SC_206,2024-06-23,17:30:00,198.42,175,active
SH_340,MV_7184,TH_66,SC_920,2023-04-08,17:15:00,312.11,148,active
SH_341,MV_1845,TH_120,SC_726,2023-10-19,10:30:00,334.85,199,active
SH_342,MV_7487,TH_164,SC_7,2023-05-09,18:15:00,486.44,118,active
SH_343,MV_7532,TH_35,SC_943,2025-08-18,18:45:00,250.3,104,active
SH_344,MV_8447,TH_255,SC_309,2024-05-09,21:15:00,456.2,130,active
SH_345,MV_7649,TH_406,SC_301,2025-04-19,12:00:00,338.35,156,active
SH_346,MV_1406,TH_222,SC_309,2025-06-01,12:15:00,429.62,119,active
SH_347,MV_6940,TH_498,SC_341,2024-06-04,11:45:00,482.38,66,active
SH_348,MV_2793,TH_309,SC_829,2024-11-01,10:00:00,426.02,117,active
SH_349,MV_8144,TH_180,SC_719,2025-05-05,20:00:00,380.52,153,active
SH_350,MV_1334,TH_152,SC_569,2024-10-17,10:00:00,230.36,81,active
SH_351,MV_4302,TH_67,SC_279,2024-05-08,12:30:00,347.05,79,active
SH_353,MV_2982,TH_5,SC_197,2024-12-26,18:30:00,285.84,148,active
SH_354,MV_5791,TH_340,SC_765,2023-03-02,22:00:00,162.4,132,active
SH_355,MV_1603,TH_395,SC_688,2023-06-08,12:30:00,422.47,134,active
SH_356,MV_7300,TH_252,SC_996,2024-04-08,13:30:00,422.31,155,active
SH_357,MV_4508,TH_238,SC_570,2023-06-18,15:45:00,414.58,69,active
SH_358,MV_9487,TH_456,SC_806,2023-04-13,15:00:00,416.69,91,active
SH_359,MV_6460,TH_369,SC_637,2024-07-02,17:15:00,322.0,149,active
SH_360,MV_4188,TH_2,SC_523,2025-12-02,15:30:00,318.71,172,active
SH_361,MV_7722,TH_395,SC_242,2023-08-31,10:45:00,245.15,70,active
SH_362,MV_9189,TH_381,SC_941,2025-10-07,15:15:00,233.73,77,active
SH_363,MV_5127,TH_354,SC_880,2025-07-02,18:00:00,446.54,122,active
SH_364,MV_9646,TH_451,SC_454,2025-10-28,14:15:00,258.66,105,active
SH_365,MV_297,TH_480,SC_792,2023-10-31,17:00:00,363.44,196,active
SH_367,MV_3743,TH_448,SC_575,2023-06-19,22:00:00,438.8,181,active
SH_368,MV_7253,TH_302,SC_502,2025-04-02,22:45:00,212.77,110,active
SH_369,MV_4992,TH_183,SC_339,2024-03-26,15:45:00,375.44,162,active
SH_370,MV_596,TH_340,SC_784,2023-11-17,20:45:00,216.69,138,active
SH_371,MV_1749,TH_441,SC_984,2024-03-27,11:45:00,201.36,85,active
SH_372,MV_3248,TH_175,SC_365,2025-01-16,10:45:00,401.84,120,active
SH_373,MV_9559,TH_288,SC_317,2024-12-03,10:15:00,174.11,52,active
SH_374,MV_5783,TH_222,SC_325,2025-05-28,17:15:00,285.93,120,active
SH_375,MV_4989,TH_102,SC_738,2024-10-08,20:45:00,259.36,75,active
SH_377,MV_775,TH_224,SC_118,2024-08-15,13:00:00,357.83,141,active
SH_378,MV_7933,TH_324,SC_724,2023-10-09,10:45:00,207.72,128,active
SH_379,MV_3679,TH_128,SC_343,2025-04-15,21:30:00,360.19,95,active
SH_380,MV_3579,TH_448,SC_697,2025-01-04,21:45:00,251.07,76,active
SH_382,MV_4791,TH_397,SC_778,2025-05-19,14:00:00,435.33,155,active
SH_383,MV_8729,TH_490,SC_948,2025-07-12,22:45:00,434.9,198,active
SH_384,MV_8614,TH_476,SC_965,2024-08-23,15:00:00,352.42,169,active
SH_385,MV_2211,TH_41,SC_80,2024-12-22,21:30:00,398.04,133,active
SH_386,MV_3861,TH_353,SC_169,2025-08-02,22:45:00,369.28,117,active
SH_387,MV_3143,TH_111,SC_513,2025-04-06,15:00:00,271.55,156,active
SH_388,MV_5743,TH_363,SC_679,2023-11-15,17:30:00,402.24,102,active
SH_389,MV_1177,TH_228,SC_796,2023-09-16,11:45:00,360.36,187,active
SH_390,MV_1621,TH_118,SC_428,2025-04-16,13:45:00,365.7,128,active
SH_391,MV_2695,TH_145,SC_996,2023-04-13,11:15:00,428.53,124,active
SH_392,MV_6370,TH_229,SC_441,2024-01-08,16:30:00,473.84,151,active
SH_394,MV_8068,TH_416,SC_245,2023-07-21,11:15:00,424.71,126,active
SH_395,MV_4980,TH_118,SC_528,2024-06-12,13:30:00,376.34,150,active
SH_396,MV_2711,TH_472,SC_496,2025-03-15,21:45:00,373.63,127,active
SH_397,MV_8035,TH_258,SC_178,2023-12-11,20:45:00,153.86,142,active
SH_398,MV_4795,TH_265,SC_441,2025-03-21,15:30:00,403.39,114,active
SH_399,MV_3817,TH_135,SC_306,2023-10-08,21:45:00,217.47,190,active
SH_400,MV_2246,TH_325,SC_334,2025-12-16,19:45:00,476.82,131,active
SH_401,MV_7009,TH_117,SC_473,2025-03-10,21:30:00,258.48,54,active
SH_402,MV_1520,TH_423,SC_622,2023-09-19,10:30:00,437.7,113,active
SH_403,MV_3768,TH_364,SC_136,2025-04-20,15:45:00,383.89,135,active
SH_404,MV_5071,TH_151,SC_891,2024-09-11,15:30:00,294.67,115,active
SH_405,MV_5029,TH_197,SC_969,2023-01-13,22:15:00,213.63,123,active
SH_406,MV_4336,TH_13,SC_560,2024-03-17,19:15:00,297.58,64,active
SH_409,MV_4302,TH_73,SC_217,2024-07-25,11:15:00,232.76,109,active
SH_410,MV_6665,TH_8,SC_942,2023-01-29,16:30:00,430.56,147,active
SH_411,MV_9657,TH_32,SC_819,2023-08-22,12:45:00,216.55,71,active
SH_412,MV_6425,TH_366,SC_95,2024-08-19,10:45:00,243.14,104,active
SH_413,MV_3994,TH_290,SC_286,2024-08-18,10:30:00,159.68,114,active
SH_414,MV_6264,TH_290,SC_87,2025-11-24,21:00:00,285.78,121,active
SH_415,MV_7138,TH_328,SC_428,2024-04-07,11:00:00,343.87,50,active
SH_416,MV_9806,TH_445,SC_549,2023-05-07,19:00:00,321.84,186,active
SH_417,MV_7325,TH_336,SC_210,2024-08-03,20:45:00,285.74,199,active
SH_418,MV_8064,TH_78,SC_288,2025-05-13,15:45:00,422.25,74,active
SH_419,MV_5035,TH_397,SC_545,2024-01-13,22:00:00,469.59,93,active
SH_420,MV_2916,TH_462,SC_565,2024-06-21,15:45:00,298.98,109,active
SH_421,MV_6520,TH_455,SC_390,2024-07-10,21:00:00,338.32,112,active
SH_422,MV_3570,TH_248,SC_473,2024-08-31,15:45:00,348.04,113,active
SH_423,MV_3607,TH_97,SC_315,2025-07-10,14:45:00,270.39,130,active
SH_424,MV_7205,TH_437,SC_229,2025-09-09,19:00:00,217.62,93,active
SH_425,MV_4590,TH_117,SC_567,2023-08-10,15:45:00,298.6,144,active
SH_427,MV_1725,TH_279,SC_673,2023-07-18,13:30:00,255.21,89,active
SH_428,MV_7067,TH_411,SC_670,2023-10-29,19:30:00,171.6,104,active
SH_429,MV_3797,TH_469,SC_805,2024-08-03,22:45:00,491.43,118,active
SH_430,MV_3997,TH_445,SC_570,2024-06-14,21:15:00,465.27,103,active
SH_431,MV_174,TH_352,SC_354,2023-03-15,21:45:00,423.15,191,active
SH_433,MV_2743,TH_235,SC_706,2024-04-19,19:00:00,193.8,50,active
SH_436,MV_4973,TH_168,SC_904,2024-05-31,14:45:00,252.59,153,active
SH_437,MV_6352,TH_398,SC_89,2024-08-11,17:30:00,160.52,161,active
SH_438,MV_6144,TH_374,SC_448,2025-01-15,19:15:00,320.81,185,active
SH_439,MV_3814,TH_439,SC_89,2023-03-04,13:15:00,324.47,65,active
SH_440,MV_3403,TH_1,SC_442,2024-05-02,11:30:00,453.69,50,active
SH_441,MV_5909,TH_357,SC_526,2025-08-24,16:30:00,333.91,143,active
SH_442,MV_7858,TH_19,SC_868,2025-09-11,20:15:00,289.49,190,active
SH_443,MV_5148,TH_198,SC_471,2023-07-25,19:15:00,183.8,128,active
SH_444,MV_1855,TH_290,SC_543,2023-04-23,21:30:00,338.71,167,active
SH_445,MV_9318,TH_234,SC_14,2023-07-19,22:45:00,360.55,82,active
SH_446,MV_4099,TH_437,SC_620,2023-06-17,15:15:00,460.05,133,active
SH_447,MV_6364,TH_48,SC_955,2024-06-21,19:15:00,198.45,50,active
SH_448,MV_6669,TH_336,SC_232,2025-11-30,14:15:00,220.43,69,active
SH_449,MV_7509,TH_262,SC_222,2025-07-01,11:45:00,454.86,165,active
SH_450,MV_8689,TH_274,SC_651,2025-06-12,19:45:00,273.89,74,active
SH_452,MV_2209,TH_156,SC_367,2025-05-18,21:45:00,417.35,160,active
SH_453,MV_1500,TH_260,SC_689,2023-05-10,21:45:00,201.27,160,active
SH_454,MV_9871,TH_110,SC_919,2023-01-10,18:45:00,212.64,113,active
SH_455,MV_2480,TH_320,SC_866,2023-01-15,16:30:00,414.58,121,active
SH_456,MV_1377,TH_119,SC_269,2023-09-02,22:00:00,459.46,96,active
SH_457,MV_2374,TH_397,SC_581,2025-11-24,12:15:00,437.81,66,active
SH_458,MV_4676,TH_485,SC_497,2023-12-31,20:15:00,456.84,86,active
SH_459,MV_3192,TH_3,SC_653,2025-02-17,12:45:00,196.09,155,active
SH_460,MV_3961,TH_137,SC_443,2025-10-11,19:15:00,423.82,66,active
SH_462,MV_8689,TH_470,SC_775,2025-09-15,19:00:00,324.2,89,active
SH_463,MV_7696,TH_40,SC_313,2024-09-12,21:15:00,422.26,167,active
SH_464,MV_691,TH_193,SC_760,2023-04-26,20:00:00,458.59,181,active
SH_465,MV_1070,TH_488,SC_722,2025-09-30,10:30:00,359.48,106,active
SH_468,MV_4391,TH_81,SC_536,2025-03-07,17:15:00,181.0,107,active
SH_469,MV_4851,TH_179,SC_969,2023-11-04,21:45:00,316.05,60,active
SH_470,MV_3470,TH_343,SC_50,2024-03-10,14:30:00,207.23,58,active
SH_471,MV_485,TH_214,SC_572,2025-08-21,21:45:00,184.57,155,active
SH_473,MV_7769,TH_151,SC_958,2025-03-24,21:30:00,391.33,79,active
SH_474,MV_9926,TH_491,SC_536,2025-03-04,15:45:00,334.99,102,active
SH_475,MV_6050,TH_195,SC_427,2024-01-29,15:45:00,168.69,184,active
SH_476,MV_3914,TH_37,SC_546,2024-02-28,19:30:00,434.3,80,active
SH_478,MV_7909,TH_29,SC_912,2023-04-18,21:45:00,185.79,90,active
SH_479,MV_9938,TH_222,SC_9,2024-08-28,12:15:00,314.09,51,active
SH_480,MV_5584,TH_140,SC_822,2024-09-17,10:45:00,195.8,89,active
SH_481,MV_4657,TH_140,SC_277,2023-11-26,22:00:00,393.2,108,active
SH_482,MV_7253,TH_59,SC_613,2024-03-14,15:00:00,196.1,110,active
SH_483,MV_5054,TH_395,SC_600,2024-12-05,18:00:00,240.69,136,active
SH_484,MV_7678,TH_311,SC_625,2023-12-06,22:30:00,185.58,148,active
SH_485,MV_2338,TH_460,SC_888,2023-10-07,21:15:00,298.31,145,active
SH_486,MV_2931,TH_210,SC_609,2024-03-15,16:00:00,283.11,181,active
SH_487,MV_5140,TH_372,SC_896,2024-05-07,21:00:00,435.75,185,active
SH_488,MV_7816,TH_172,SC_313,2025-10-26,15:00:00,397.92,165,active
SH_489,MV_4857,TH_173,SC_385,2024-06-15,22:15:00,425.99,76,active
SH_490,MV_7906,TH_321,SC_398,2025-02-14,10:15:00,496.5,78,active
SH_491,MV_1732,TH_415,SC_69,2023-01-06,15:30:00,496.95,184,active
SH_492,MV_429,TH_139,SC_20,2025-07-15,12:00:00,200.7,146,active
SH_493,MV_5202,TH_194,SC_288,2025-03-24,22:15:00,304.17,125,active
SH_494,MV_1027,TH_178,SC_20,2024-04-30,21:00:00,327.12,71,active
SH_495,MV_5243,TH_117,SC_497,2025-08-14,14:15:00,208.11,143,active
SH_497,MV_5182,TH_419,SC_426,2025-03-20,21:00:00,484.23,99,active
SH_498,MV_1025,TH_176,SC_623,2025-03-28,14:30:00,389.01,148,active
SH_499,MV_826,TH_46,SC_34,2024-08-22,22:45:00,241.94,182,active
SH_500,MV_8562,TH_295,SC_408,2024-05-23,11:15:00,370.6,62,active
SH_501,MV_5043,TH_203,SC_867,2025-10-15,14:00:00,200.05,58,active
SH_502,MV_9754,TH_239,SC_423,2023-07-07,16:30:00,466.95,51,active
SH_503,MV_5023,TH_421,SC_71,2025-10-03,20:45:00,233.69,112,active
SH_504,MV_3385,TH_12,SC_501,2025-08-14,12:15:00,338.56,156,active
SH_505,MV_1723,TH_48,SC_544,2023-03-12,18:15:00,304.02,141,active
SH_506,MV_579,TH_193,SC_846,2025-05-16,17:15:00,266.91,122,active
SH_507,MV_8119,TH_500,SC_727,2024-12-01,12:45:00,451.82,197,active
SH_508,MV_580,TH_261,SC_113,2023-08-08,19:30:00,457.32,178,active
SH_509,MV_2098,TH_90,SC_658,2025-02-06,14:45:00,460.39,179,active
SH_510,MV_6088,TH_75,SC_236,2025-04-20,11:15:00,405.23,114,active
SH_511,MV_3125,TH_95,SC_238,2025-06-08,21:15:00,425.33,141,active
SH_512,MV_2108,TH_474,SC_165,2025-07-27,21:00:00,427.21,74,active
SH_513,MV_5421,TH_251,SC_621,2024-10-09,21:45:00,184.97,89,active
SH_514,MV_8284,TH_8,SC_463,2024-05-23,13:15:00,209.69,147,active
SH_515,MV_9020,TH_195,SC_719,2025-11-14,22:30:00,214.91,120,active
SH_516,MV_4939,TH_334,SC_516,2024-03-16,12:45:00,427.01,158,active
SH_518,MV_9133,TH_256,SC_576,2023-11-21,22:45:00,215.19,189,active
SH_519,MV_6170,TH_357,SC_618,2024-11-01,16:45:00,476.62,169,active
SH_520,MV_507,TH_31,SC_308,2023-11-16,18:30:00,453.61,157,active
SH_521,MV_4890,TH_278,SC_565,2023-01-14,13:15:00,190.58,59,active
SH_522,MV_783,TH_207,SC_35,2025-08-23,11:00:00,383.32,148,active
SH_523,MV_8073,TH_485,SC_615,2025-07-08,11:15:00,457.17,89,active
SH_524,MV_6411,TH_205,SC_317,2023-11-17,10:45:00,208.5,86,active
SH_525,MV_9589,TH_137,SC_223,2024-02-11,14:30:00,241.53,82,active
SH_526,MV_6430,TH_113,SC_596,2023-07-30,20:15:00,354.0,87,active
SH_527,MV_5312,TH_460,SC_594,2023-02-25,11:00:00,442.5,84,active
SH_528,MV_502,TH_476,SC_205,2024-05-02,22:45:00,295.49,115,active
SH_529,MV_9910,TH_77,SC_66,2023-04-19,11:30:00,215.2,148,active
SH_532,MV_7437,TH_2,SC_916,2024-05-28,20:45:00,477.3,60,active
SH_533,MV_9102,TH_153,SC_235,2023-08-10,19:30:00,321.06,83,active
SH_534,MV_6199,TH_132,SC_767,2024-09-08,14:00:00,283.22,64,active
SH_535,MV_2821,TH_129,SC_744,2023-04-10,11:00:00,324.86,189,active
SH_536,MV_9843,TH_139,SC_352,2025-07-17,12:15:00,321.81,100,active
SH_537,MV_7040,TH_236,SC_584,2025-07-21,18:15:00,187.32,117,active
SH_538,MV_8831,TH_374,SC_718,2025-09-14,10:00:00,487.71,57,active
SH_539,MV_2698,TH_308,SC_703,2025-08-08,11:00:00,397.71,134,active
SH_540,MV_8958,TH_256,SC_699,2024-03-19,10:00:00,270.3,126,active
SH_541,MV_6911,TH_428,SC_521,2023-03-01,14:15:00,411.87,60,active
SH_542,MV_4886,TH_355,SC_305,2025-12-19,13:30:00,463.4,86,active
SH_543,MV_2011,TH_468,SC_716,2024-07-31,21:30:00,303.92,164,active
SH_544,MV_4439,TH_202,SC_395,2023-06-01,22:15:00,231.89,135,active
SH_545,MV_9422,TH_243,SC_638,2023-03-01,11:30:00,178.73,160,active
SH_546,MV_8736,TH_115,SC_194,2023-07-15,11:15:00,412.26,127,active
SH_547,MV_5707,TH_344,SC_957,2023-09-07,13:00:00,189.31,159,active
SH_548,MV_8957,TH_66,SC_491,2023-05-16,15:45:00,279.77,81,active
SH_549,MV_5736,TH_339,SC_81,2024-04-19,13:30:00,392.77,151,active
SH_550,MV_9521,TH_489,SC_701,2025-06-21,16:15:00,162.69,179,active
SH_551,MV_8221,TH_482,SC_746,2023-10-04,14:30:00,493.42,99,active
SH_552,MV_9302,TH_53,SC_375,2025-11-11,18:30:00,325.43,96,active
SH_553,MV_4563,TH_24,SC_415,2024-10-08,21:15:00,304.38,166,active
SH_554,MV_5340,TH_244,SC_935,2024-08-14,13:30:00,475.33,183,active
SH_555,MV_3953,TH_175,SC_295,2025-08-03,12:00:00,487.07,174,active
SH_556,MV_9006,TH_301,SC_413,2025-02-25,19:00:00,292.1,87,active
SH_557,MV_6055,TH_188,SC_544,2023-02-07,19:15:00,248.48,164,active
SH_558,MV_2356,TH_471,SC_793,2025-03-18,18:00:00,312.58,119,active
SH_559,MV_9496,TH_99,SC_766,2025-12-27,19:30:00,295.78,73,active
SH_560,MV_662,TH_106,SC_282,2025-07-25,10:00:00,476.13,127,active
SH_563,MV_5665,TH_90,SC_877,2025-03-03,10:45:00,474.58,120,active
SH_564,MV_4252,TH_395,SC_641,2024-12-14,11:00:00,464.25,94,active
SH_565,MV_7521,TH_71,SC_536,2024-02-22,17:00:00,217.92,90,active
SH_566,MV_2333,TH_11,SC_237,2024-05-12,10:45:00,180.95,52,active
SH_567,MV_3306,TH_2,SC_366,2024-11-11,12:15:00,474.17,68,active
SH_568,MV_1970,TH_51,SC_290,2024-04-08,14:15:00,211.28,72,active
SH_569,MV_7523,TH_344,SC_536,2024-10-06,18:15:00,170.85,156,active
SH_570,MV_6083,TH_277,SC_229,2025-06-03,17:30:00,303.88,187,active
SH_571,MV_5072,TH_12,SC_458,2023-11-16,12:15:00,243.56,174,active
SH_572,MV_4430,TH_386,SC_281,2025-10-31,13:15:00,490.19,169,active
SH_573,MV_5851,TH_424,SC_795,2025-10-14,17:15:00,482.02,53,active
SH_575,MV_7231,TH_43,SC_232,2025-11-24,16:00:00,308.72,119,active
SH_576,MV_3332,TH_19,SC_171,2025-04-20,16:15:00,439.62,58,active
SH_578,MV_6070,TH_127,SC_406,2024-07-20,10:45:00,445.76,162,active
SH_579,MV_3168,TH_39,SC_73,2023-07-28,14:00:00,291.25,121,active
SH_580,MV_5026,TH_315,SC_361,2024-05-15,11:30:00,489.11,110,active
SH_581,MV_436,TH_459,SC_364,2023-04-11,19:15:00,322.85,141,active
SH_582,MV_6299,TH_131,SC_787,2023-12-08,17:45:00,295.63,187,active
SH_583,MV_5287,TH_481,SC_643,2025-10-23,19:00:00,378.29,105,active
SH_584,MV_1998,TH_36,SC_549,2025-02-26,18:30:00,435.93,52,active
SH_585,MV_961,TH_475,SC_481,2023-06-23,20:00:00,192.24,160,active
SH_586,MV_2673,TH_226,SC_550,2024-03-23,14:45:00,167.01,126,active
SH_587,MV_1074,TH_370,SC_200,2024-10-30,22:45:00,249.67,75,active
SH_588,MV_7731,TH_63,SC_510,2025-04-18,17:15:00,474.64,66,active
SH_589,MV_9266,TH_55,SC_784,2024-01-03,17:15:00,239.29,87,active
SH_590,MV_879,TH_383,SC_496,2023-07-27,12:45:00,437.26,81,active
SH_591,MV_7349,TH_184,SC_91,2025-10-17,19:15:00,208.24,132,active
SH_592,MV_8595,TH_209,SC_571,2023-04-28,11:30:00,459.48,151,active
SH_593,MV_9871,TH_405,SC_711,2025-08-11,16:30:00,189.51,119,active
SH_595,MV_9038,TH_407,SC_83,2025-06-03,21:00:00,376.71,171,active
SH_596,MV_3012,TH_193,SC_10,2023-03-07,22:00:00,452.61,184,active
SH_597,MV_8641,TH_492,SC_689,2025-12-13,10:00:00,179.22,117,active
SH_598,MV_6479,TH_338,SC_231,2024-02-01,18:45:00,465.85,60,active
SH_599,MV_1307,TH_362,SC_55,2023-06-15,11:45:00,490.68,107,active
SH_601,MV_1260,TH_108,SC_49,2023-01-03,22:15:00,269.2,137,active
SH_602,MV_6831,TH_482,SC_395,2024-10-24,11:00:00,193.37,55,active
SH_603,MV_9613,TH_234,SC_745,2024-11-28,21:00:00,495.54,171,active
SH_604,MV_2660,TH_294,SC_456,2025-05-31,19:00:00,235.39,148,active
SH_605,MV_5360,TH_372,SC_526,2023-08-09,14:30:00,168.35,89,active
SH_608,MV_5751,TH_398,SC_433,2024-11-11,18:30:00,440.65,159,active
SH_609,MV_1770,TH_110,SC_169,2024-02-08,15:30:00,447.48,190,active
SH_610,MV_503,TH_268,SC_548,2024-01-19,15:15:00,471.67,177,active
SH_611,MV_9984,TH_326,SC_334,2024-05-09,11:30:00,279.01,165,active
SH_612,MV_4303,TH_294,SC_8,2024-01-23,20:30:00,246.9,59,active
SH_613,MV_6010,TH_409,SC_752,2025-06-11,21:00:00,457.32,199,active
SH_615,MV_1441,TH_203,SC_176,2025-11-19,21:45:00,407.68,94,active
SH_616,MV_7819,TH_100,SC_174,2023-01-09,19:15:00,378.26,57,active
SH_617,MV_2693,TH_328,SC_839,2024-11-21,19:00:00,288.89,133,active
SH_618,MV_7774,TH_187,SC_663,2025-03-03,20:15:00,256.9,133,active
SH_619,MV_3417,TH_35,SC_205,2025-02-26,11:30:00,265.63,140,active
SH_620,MV_207,TH_290,SC_375,2024-08-30,15:30:00,296.01,52,active
SH_621,MV_6685,TH_374,SC_235,2025-01-29,20:15:00,263.29,180,active
SH_623,MV_5886,TH_381,SC_976,2023-01-18,15:45:00,177.75,169,active
SH_624,MV_668,TH_308,SC_847,2023-04-20,11:15:00,358.57,74,active
SH_625,MV_7868,TH_112,SC_941,2024-06-11,18:15:00,453.67,167,active
SH_626,MV_1911,TH_458,SC_766,2025-01-09,11:15:00,312.17,120,active
SH_627,MV_4527,TH_455,SC_283,2024-04-17,14:15:00,407.16,196,active
SH_628,MV_7872,TH_438,SC_635,2025-05-29,19:30:00,235.9,101,active
SH_629,MV_6609,TH_103,SC_56,2023-02-23,12:45:00,394.3,139,active
SH_630,MV_4646,TH_160,SC_422,2023-09-09,20:30:00,155.18,164,active
SH_632,MV_6632,TH_132,SC_806,2025-10-21,11:15:00,379.24,61,active
SH_633,MV_4841,TH_47,SC_876,2024-07-24,22:15:00,360.39,116,active
SH_634,MV_5930,TH_45,SC_848,2025-08-16,19:45:00,347.49,104,active
SH_635,MV_706,TH_426,SC_221,2023-09-30,21:45:00,260.87,106,active
SH_636,MV_7631,TH_108,SC_864,2023-01-02,17:45:00,237.34,51,active
SH_637,MV_2301,TH_260,SC_97,2025-11-29,11:45:00,344.64,66,active
SH_638,MV_3456,TH_228,SC_315,2025-06-08,20:45:00,427.1,88,active
SH_640,MV_7646,TH_210,SC_922,2023-02-24,20:15:00,316.94,122,active
SH_641,MV_8621,TH_464,SC_892,2025-09-10,22:30:00,192.73,54,active
SH_643,MV_5301,TH_333,SC_938,2023-02-18,11:00:00,232.66,71,active
SH_644,MV_7778,TH_427,SC_13,2025-09-20,13:00:00,252.42,110,active
SH_645,MV_8321,TH_208,SC_57,2023-07-20,12:45:00,457.14,191,active
SH_646,MV_9277,TH_109,SC_59,2025-01-24,13:45:00,363.18,107,active
SH_647,MV_7782,TH_334,SC_330,2023-01-16,21:30:00,167.5,182,active
SH_649,MV_3249,TH_195,SC_580,2025-03-23,21:15:00,201.36,97,active
SH_650,MV_951,TH_390,SC_524,2024-03-29,18:00:00,497.96,90,active
SH_651,MV_3508,TH_340,SC_350,2024-04-01,11:30:00,370.36,61,active
SH_652,MV_7686,TH_49,SC_355,2023-12-25,14:00:00,200.95,199,active
SH_653,MV_2806,TH_390,SC_81,2023-02-27,16:45:00,363.91,169,active
SH_654,MV_99,TH_252,SC_76,2024-05-02,13:45:00,497.7,116,active
SH_655,MV_8106,TH_117,SC_622,2023-10-27,18:30:00,277.8,53,active
SH_656,MV_5008,TH_209,SC_251,2025-12-15,15:45:00,404.97,102,active
SH_657,MV_9759,TH_366,SC_419,2024-01-30,22:00:00,398.09,78,active
SH_658,MV_1961,TH_410,SC_47,2025-08-13,10:30:00,449.16,186,active
SH_659,MV_4508,TH_323,SC_695,2025-10-31,16:30:00,283.55,167,active
SH_660,MV_6985,TH_125,SC_574,2024-04-06,14:30:00,354.45,124,active
SH_661,MV_7033,TH_146,SC_808,2025-06-04,18:00:00,272.13,101,active
SH_662,MV_6547,TH_320,SC_488,2024-09-05,17:15:00,376.09,157,active
SH_663,MV_3948,TH_13,SC_467,2023-06-30,14:15:00,370.41,58,active
SH_664,MV_4853,TH_101,SC_320,2024-08-03,10:45:00,314.94,177,active
SH_665,MV_3828,TH_307,SC_377,2025-12-24,22:45:00,380.65,66,active
SH_666,MV_7679,TH_201,SC_183,2023-03-17,19:45:00,199.89,50,active
SH_667,MV_579,TH_93,SC_644,2025-05-06,12:30:00,166.9,184,active
SH_668,MV_5760,TH_216,SC_590,2023-12-05,16:15:00,493.02,96,active
SH_669,MV_1446,TH_265,SC_345,2024-06-04,22:30:00,270.95,196,active
SH_670,MV_1923,TH_159,SC_525,2024-12-04,18:15:00,399.33,173,active
SH_671,MV_849,TH_251,SC_586,2024-10-16,22:30:00,152.62,78,active
SH_672,MV_5253,TH_257,SC_927,2023-05-29,14:00:00,252.15,196,active
SH_674,MV_6142,TH_227,SC_982,2023-11-23,14:00:00,171.21,139,active
SH_675,MV_5282,TH_172,SC_27,2023-05-29,20:15:00,220.45,191,active
SH_676,MV_9516,TH_410,SC_563,2024-06-27,22:30:00,408.08,185,active
SH_677,MV_9515,TH_250,SC_110,2025-09-14,21:00:00,251.87,182,active
SH_678,MV_5254,TH_491,SC_374,2024-10-19,22:15:00,221.7,72,active
SH_679,MV_9370,TH_339,SC_389,2024-10-01,14:15:00,400.79,142,active
SH_680,MV_6648,TH_56,SC_536,2025-10-29,22:30:00,495.92,72,active
SH_681,MV_2325,TH_192,SC_159,2023-11-19,12:15:00,372.79,88,active
SH_682,MV_8990,TH_444,SC_916,2025-06-11,17:00:00,403.12,132,active
SH_683,MV_3157,TH_322,SC_110,2025-11-03,22:15:00,339.76,154,active
SH_684,MV_889,TH_331,SC_832,2024-01-01,20:45:00,463.01,105,active
SH_685,MV_5963,TH_484,SC_657,2024-07-06,18:15:00,450.46,135,active
SH_686,MV_3326,TH_236,SC_501,2023-11-22,10:30:00,377.26,98,active
SH_687,MV_5331,TH_423,SC_446,2025-02-06,17:45:00,492.29,144,active
SH_688,MV_8405,TH_15,SC_588,2025-12-20,15:45:00,308.97,101,active
SH_689,MV_1747,TH_31,SC_66,2024-12-30,20:15:00,248.33,179,active
SH_690,MV_4490,TH_430,SC_385,2023-07-20,14:00:00,292.52,136,active
SH_691,MV_6004,TH_185,SC_635,2023-07-15,20:30:00,242.6,75,active
SH_692,MV_8181,TH_199,SC_955,2025-09-22,21:30:00,152.16,148,active
SH_693,MV_6939,TH_170,SC_137,2023-07-24,16:45:00,363.01,59,active
SH_694,MV_8844,TH_180,SC_934,2023-12-03,12:45:00,423.33,71,active
SH_695,MV_6721,TH_236,SC_939,2023-04-29,16:45:00,258.12,125,active
SH_696,MV_9545,TH_149,SC_450,2024-06-01,18:45:00,419.91,192,active
SH_697,MV_5945,TH_77,SC_609,2025-03-10,15:45:00,165.45,155,active
SH_698,MV_3596,TH_286,SC_996,2025-10-05,20:00:00,460.48,99,active
SH_699,MV_2008,TH_231,SC_421,2025-04-15,14:00:00,384.46,79,active
SH_700,MV_1929,TH_456,SC_555,2023-04-11,11:15:00,452.94,113,active
SH_701,MV_8028,TH_164,SC_131,2024-12-24,20:30:00,442.56,180,active
SH_702,MV_7684,TH_55,SC_993,2025-01-19,21:00:00,226.72,93,active
SH_703,MV_791,TH_362,SC_128,2025-08-09,21:15:00,240.23,143,active
SH_704,MV_1745,TH_188,SC_596,2023-12-22,11:45:00,257.64,197,active
SH_705,MV_8246,TH_374,SC_576,2024-10-19,18:00:00,208.56,88,active
SH_706,MV_9403,TH_413,SC_804,2023-10-23,19:15:00,253.85,55,active
SH_707,MV_2786,TH_327,SC_204,2025-08-13,16:45:00,399.86,112,active
SH_708,MV_1953,TH_185,SC_372,2023-08-08,15:00:00,423.02,197,active
SH_709,MV_7225,TH_332,SC_458,2024-03-02,15:00:00,305.04,53,active
SH_710,MV_666,TH_101,SC_131,2024-08-31,12:30:00,246.19,198,active
SH_711,MV_6567,TH_428,SC_105,2024-02-07,12:00:00,309.14,144,active
SH_713,MV_9161,TH_478,SC_349,2023-03-28,17:15:00,247.94,128,active
SH_714,MV_2506,TH_235,SC_779,2025-04-17,15:45:00,242.07,63,active
SH_715,MV_2772,TH_182,SC_216,2024-05-05,16:15:00,189.18,91,active
SH_716,MV_2310,TH_254,SC_316,2024-03-04,13:15:00,454.98,80,active
SH_719,MV_5443,TH_234,SC_744,2023-03-02,20:45:00,349.8,101,active
SH_720,MV_7801,TH_12,SC_11,2025-03-05,13:30:00,323.34,94,active
SH_722,MV_9174,TH_384,SC_312,2023-05-30,20:30:00,472.71,117,active
SH_723,MV_9106,TH_410,SC_306,2025-06-08,20:15:00,359.13,84,active
SH_725,MV_2757,TH_344,SC_787,2023-09-19,18:30:00,416.27,109,active
SH_726,MV_4778,TH_319,SC_347,2023-12-22,11:45:00,347.6,116,active
SH_727,MV_641,TH_285,SC_832,2025-02-05,22:30:00,399.62,133,active
SH_728,MV_9606,TH_45,SC_49,2025-04-17,21:15:00,396.35,199,active
SH_729,MV_6491,TH_56,SC_48,2023-05-23,19:00:00,236.92,156,active
SH_730,MV_1541,TH_371,SC_839,2024-10-26,11:45:00,470.54,167,active
SH_731,MV_656,TH_146,SC_707,2025-07-11,18:30:00,448.1,104,active
SH_732,MV_6105,TH_54,SC_316,2024-06-30,17:45:00,495.53,97,active
SH_733,MV_6900,TH_343,SC_363,2025-07-10,21:30:00,457.43,76,active
SH_734,MV_5195,TH_309,SC_487,2025-09-12,11:45:00,490.31,124,active
SH_735,MV_6518,TH_474,SC_121,2023-02-09,15:15:00,245.7,92,active
SH_736,MV_3428,TH_283,SC_169,2025-01-04,19:00:00,209.26,62,active
SH_738,MV_3306,TH_466,SC_334,2024-02-15,18:00:00,442.62,59,active
SH_739,MV_8887,TH_228,SC_309,2024-12-19,17:30:00,232.81,99,active
SH_740,MV_5132,TH_27,SC_437,2023-10-09,11:15:00,331.37,135,active
SH_742,MV_1132,TH_118,SC_414,2025-04-02,22:00:00,473.73,74,active
SH_743,MV_3520,TH_417,SC_506,2024-04-11,13:45:00,284.38,176,active
SH_744,MV_1995,TH_330,SC_117,2024-03-27,13:15:00,411.7,57,active
SH_745,MV_589,TH_406,SC_376,2025-01-01,16:15:00,410.5,113,active
SH_747,MV_5797,TH_213,SC_736,2025-01-28,19:45:00,330.85,104,active
SH_748,MV_913,TH_32,SC_241,2024-04-28,18:45:00,413.09,164,active
SH_749,MV_996,TH_124,SC_792,2023-07-09,22:15:00,460.0,88,active
SH_750,MV_5952,TH_274,SC_272,2025-09-06,10:15:00,217.53,193,active
SH_751,MV_6620,TH_46,SC_41,2024-03-02,19:00:00,265.59,154,active
SH_752,MV_2974,TH_366,SC_37,2024-04-05,10:15:00,332.76,170,active
SH_753,MV_3516,TH_38,SC_809,2024-11-03,18:45:00,431.44,189,active
SH_754,MV_9064,TH_326,SC_474,2024-03-12,22:30:00,315.17,105,active
SH_755,MV_6124,TH_357,SC_812,2024-07-16,17:45:00,235.43,127,active
SH_756,MV_5912,TH_255,SC_286,2024-11-19,21:15:00,458.36,64,active
SH_757,MV_624,TH_70,SC_233,2024-11-23,15:30:00,297.83,178,active
SH_758,MV_6050,TH_301,SC_365,2023-06-25,12:15:00,370.2,121,active
SH_759,MV_5950,TH_127,SC_203,2023-04-15,16:15:00,176.81,96,active
SH_760,MV_1573,TH_162,SC_995,2024-08-11,15:45:00,358.46,95,active
SH_761,MV_2675,TH_107,SC_475,2024-07-07,11:15:00,469.92,178,active
SH_762,MV_8201,TH_307,SC_614,2023-04-26,21:15:00,156.79,56,active
SH_763,MV_7612,TH_9,SC_906,2024-11-11,18:45:00,309.88,91,active
SH_764,MV_4434,TH_383,SC_678,2025-10-14,21:45:00,422.51,52,active
SH_765,MV_8210,TH_137,SC_616,2025-06-07,20:30:00,323.39,192,active
SH_767,MV_5825,TH_170,SC_245,2025-12-26,19:15:00,319.28,152,active
SH_768,MV_9374,TH_226,SC_219,2024-11-23,16:45:00,188.42,106,active
SH_769,MV_1348,TH_59,SC_654,2024-12-30,19:30:00,160.74,76,active
SH_770,MV_4338,TH_53,SC_292,2025-11-28,15:30:00,181.32,199,active
SH_771,MV_173,TH_301,SC_274,2023-01-31,10:00:00,235.85,158,active
SH_772,MV_3779,TH_346,SC_581,2023-07-27,14:30:00,381.68,123,active
SH_773,MV_730,TH_33,SC_28,2023-01-14,21:00:00,199.69,124,active
SH_775,MV_170,TH_99,SC_86,2025-06-20,17:30:00,490.23,142,active
SH_776,MV_1084,TH_461,SC_630,2023-01-20,17:45:00,336.89,174,active
SH_777,MV_8512,TH_302,SC_116,2025-10-09,11:00:00,431.05,123,active
SH_778,MV_1373,TH_161,SC_575,2025-07-15,10:00:00,402.41,126,active
SH_779,MV_7472,TH_158,SC_984,2023-12-08,12:00:00,362.85,72,active
SH_780,MV_4076,TH_364,SC_458,2024-01-14,15:15:00,308.61,157,active
SH_781,MV_8333,TH_498,SC_876,2025-11-17,16:15:00,160.99,51,active
SH_782,MV_9091,TH_208,SC_477,2024-09-05,12:00:00,485.62,147,active
SH_783,MV_4970,TH_31,SC_622,2024-10-17,16:15:00,230.04,81,active
SH_784,MV_9155,TH_285,SC_744,2023-04-23,14:00:00,328.13,119,active
SH_785,MV_3678,TH_396,SC_676,2023-09-20,10:00:00,447.05,137,active
SH_786,MV_1218,TH_82,SC_570,2025-06-15,15:30:00,299.07,95,active
SH_787,MV_3315,TH_460,SC_571,2025-09-11,10:30:00,174.5,101,active
SH_788,MV_1311,TH_412,SC_335,2024-05-21,16:45:00,318.71,69,active
SH_789,MV_6608,TH_50,SC_229,2024-10-15,19:15:00,365.51,132,active
SH_792,MV_5939,TH_191,SC_689,2024-09-02,18:00:00,461.26,106,active
SH_793,MV_2959,TH_416,SC_872,2024-07-01,14:45:00,186.17,68,active
SH_794,MV_8068,TH_193,SC_570,2023-07-25,15:45:00,225.82,108,active
SH_795,MV_7051,TH_90,SC_182,2024-12-19,22:45:00,183.61,52,active
SH_796,MV_3749,TH_396,SC_504,2025-12-08,20:15:00,286.79,105,active
SH_797,MV_6804,TH_291,SC_409,2025-09-28,12:15:00,179.41,72,active
SH_798,MV_3674,TH_316,SC_988,2025-02-18,20:15:00,445.32,149,active
SH_799,MV_5549,TH_71,SC_228,2024-10-01,18:45:00,362.44,177,active
SH_800,MV_1939,TH_153,SC_676,2025-07-21,13:15:00,345.46,100,active
SH_801,MV_3090,TH_94,SC_994,2024-05-07,21:15:00,390.34,119,active
SH_802,MV_3547,TH_491,SC_907,2023-09-24,13:00:00,278.34,95,active
SH_804,MV_5483,TH_77,SC_80,2023-03-22,14:15:00,461.24,131,active
SH_805,MV_6875,TH_435,SC_583,2023-03-29,12:45:00,375.05,191,active
SH_806,MV_3352,TH_149,SC_666,2025-10-31,22:15:00,347.96,136,active
SH_807,MV_1524,TH_478,SC_283,2024-11-30,13:00:00,394.13,146,active
SH_808,MV_9751,TH_82,SC_462,2025-11-21,21:00:00,385.56,158,active
SH_809,MV_7307,TH_9,SC_211,2024-01-23,18:15:00,402.47,184,active
SH_810,MV_2210,TH_463,SC_170,2024-07-02,13:00:00,286.9,171,active
SH_811,MV_3547,TH_352,SC_295,2025-03-01,14:30:00,179.14,102,active
SH_813,MV_6516,TH_291,SC_403,2024-03-09,21:15:00,337.75,102,active
SH_814,MV_2056,TH_290,SC_891,2025-09-30,16:45:00,266.08,66,active
SH_815,MV_3177,TH_413,SC_163,2024-03-07,11:00:00,414.56,69,active
SH_816,MV_1312,TH_275,SC_406,2024-06-01,15:45:00,172.75,70,active
SH_817,MV_1819,TH_31,SC_458,2024-01-18,11:30:00,496.26,92,active
SH_819,MV_6023,TH_319,SC_97,2023-01-01,13:45:00,204.59,141,active
SH_820,MV_8517,TH_147,SC_517,2023-12-08,18:15:00,387.12,121,active
SH_821,MV_6476,TH_408,SC_208,2023-12-05,21:30:00,415.1,141,active
SH_822,MV_7105,TH_423,SC_253,2025-08-18,10:00:00,271.08,51,active
SH_823,MV_2495,TH_500,SC_647,2025-11-16,14:15:00,209.8,196,active
SH_824,MV_8217,TH_420,SC_600,2025-07-30,12:00:00,261.92,124,active
SH_825,MV_8359,TH_164,SC_961,2025-07-06,11:00:00,441.69,168,active
SH_826,MV_1523,TH_425,SC_526,2025-04-15,11:30:00,392.45,117,active
SH_827,MV_9267,TH_472,SC_881,2023-06-26,13:30:00,284.22,185,active
SH_828,MV_3105,TH_293,SC_249,2023-01-11,19:30:00,338.95,182,active
SH_830,MV_995,TH_162,SC_248,2023-10-14,17:00:00,459.01,112,active
SH_831,MV_6967,TH_358,SC_813,2023-04-24,17:45:00,239.81,82,active
SH_832,MV_9982,TH_24,SC_401,2024-08-11,15:30:00,198.5,117,active
SH_833,MV_2474,TH_106,SC_426,2025-07-11,15:00:00,325.2,190,active
SH_835,MV_5455,TH_345,SC_105,2024-03-06,15:00:00,396.86,169,active
SH_836,MV_1460,TH_371,SC_63,2023-08-06,19:45:00,377.3,105,active
SH_837,MV_9619,TH_231,SC_17,2025-04-29,14:45:00,187.36,138,active
SH_839,MV_3490,TH_69,SC_997,2025-05-17,18:30:00,465.02,123,active
SH_840,MV_5043,TH_244,SC_148,2023-05-26,17:15:00,171.73,176,active
SH_841,MV_4901,TH_356,SC_545,2023-05-19,15:30:00,384.38,103,active
SH_842,MV_4318,TH_475,SC_194,2024-02-24,12:30:00,362.65,75,active
SH_843,MV_8174,TH_500,SC_86,2025-10-14,19:45:00,150.25,84,active
SH_844,MV_8374,TH_92,SC_448,2024-12-13,21:30:00,461.01,117,active
SH_845,MV_4760,TH_285,SC_263,2023-03-31,12:30:00,242.38,184,active
SH_846,MV_2253,TH_420,SC_235,2024-07-18,22:30:00,285.41,77,active
SH_847,MV_9075,TH_283,SC_158,2023-12-16,22:45:00,337.27,192,active
SH_848,MV_8508,TH_63,SC_785,2023-04-15,13:30:00,156.04,159,active
SH_849,MV_1364,TH_488,SC_627,2025-11-04,12:30:00,334.53,122,active
SH_850,MV_168,TH_484,SC_426,2023-10-02,16:15:00,157.39,158,active
SH_851,MV_268,TH_110,SC_385,2023-08-01,15:45:00,420.44,122,active
SH_852,MV_9079,TH_260,SC_312,2024-09-25,13:15:00,178.18,126,active
SH_853,MV_9353,TH_176,SC_858,2023-01-01,19:45:00,440.38,155,active
SH_854,MV_914,TH_469,SC_726,2023-08-29,16:45:00,338.1,67,active
SH_855,MV_5632,TH_175,SC_82,2025-05-29,13:00:00,414.18,173,active
SH_856,MV_9487,TH_135,SC_999,2023-05-17,13:00:00,313.74,198,active
SH_857,MV_403,TH_61,SC_955,2023-07-07,10:00:00,321.27,126,active
SH_858,MV_3717,TH_318,SC_809,2024-01-14,12:30:00,447.84,190,active
SH_859,MV_9902,TH_487,SC_352,2023-03-22,16:30:00,323.09,174,active
SH_860,MV_9785,TH_45,SC_222,2024-03-03,15:15:00,418.0,112,active
SH_861,MV_5885,TH_43,SC_231,2023-12-17,17:45:00,497.72,131,active
SH_862,MV_7137,TH_153,SC_988,2023-06-25,20:30:00,262.07,192,active
SH_863,MV_6312,TH_471,SC_158,2024-02-22,22:15:00,261.01,125,active
SH_864,MV_9683,TH_70,SC_979,2025-11-21,11:30:00,215.17,115,active
SH_865,MV_1305,TH_300,SC_935,2024-12-30,22:45:00,372.32,186,active
SH_866,MV_403,TH_252,SC_733,2024-07-18,17:30:00,456.01,51,active
SH_868,MV_3700,TH_351,SC_447,2025-04-15,19:00:00,315.93,168,active
SH_869,MV_6468,TH_99,SC_479,2023-10-11,14:30:00,468.76,181,active
SH_870,MV_742,TH_187,SC_78,2023-10-10,13:15:00,170.19,80,active
SH_871,MV_2837,TH_472,SC_16,2024-12-31,13:15:00,215.86,178,active
SH_872,MV_3778,TH_133,SC_80,2024-05-10,12:15:00,481.7,113,active
SH_873,MV_6320,TH_379,SC_436,2024-02-06,13:00:00,406.36,67,active
SH_874,MV_7148,TH_210,SC_946,2024-06-15,10:30:00,339.94,140,active
SH_875,MV_5106,TH_457,SC_517,2025-05-24,12:30:00,214.0,85,active
SH_876,MV_9816,TH_495,SC_769,2023-06-15,16:00:00,238.63,63,active
SH_877,MV_2871,TH_314,SC_41,2024-10-31,17:00:00,371.79,159,active
SH_878,MV_4847,TH_500,SC_171,2025-11-13,14:00:00,383.95,96,active
SH_879,MV_664,TH_32,SC_462,2024-08-27,16:00:00,296.47,90,active
SH_880,MV_2276,TH_332,SC_93,2023-11-14,15:00:00,234.52,159,active
SH_881,MV_6752,TH_303,SC_747,2023-05-22,22:15:00,157.88,190,active
SH_882,MV_4540,TH_393,SC_118,2025-06-22,13:00:00,264.46,195,active
SH_883,MV_7409,TH_109,SC_33,2025-03-02,18:00:00,409.81,185,active
SH_886,MV_8684,TH_51,SC_373,2023-10-14,12:00:00,262.41,92,active
SH_888,MV_5142,TH_492,SC_343,2024-02-12,17:45:00,393.89,130,active
SH_889,MV_6740,TH_223,SC_56,2025-10-19,15:45:00,482.14,86,active
SH_890,MV_8060,TH_124,SC_938,2024-02-02,13:15:00,388.77,141,active
SH_892,MV_5742,TH_484,SC_618,2025-01-16,13:00:00,395.72,174,active
SH_893,MV_3790,TH_388,SC_136,2025-01-26,10:15:00,397.64,182,active
SH_894,MV_8043,TH_276,SC_786,2023-08-31,11:00:00,332.86,94,active
SH_895,MV_8760,TH_419,SC_744,2024-12-31,17:30:00,409.79,110,active
SH_896,MV_4564,TH_206,SC_150,2023-01-04,14:00:00,323.3,52,active
SH_897,MV_1053,TH_401,SC_302,2023-12-13,20:15:00,495.74,134,active
SH_898,MV_2047,TH_436,SC_72,2024-09-11,14:45:00,194.78,175,active
SH_899,MV_4176,TH_117,SC_479,2025-01-26,12:30:00,199.82,64,active
SH_900,MV_672,TH_478,SC_715,2025-03-08,13:45:00,248.43,62,active
SH_901,MV_6923,TH_113,SC_536,2025-09-27,14:15:00,245.93,115,active
SH_902,MV_6255,TH_325,SC_984,2023-11-20,11:00:00,347.18,179,active
SH_903,MV_5498,TH_331,SC_994,2024-04-29,13:00:00,421.08,55,active
SH_905,MV_6270,TH_266,SC_199,2023-01-18,21:45:00,216.26,116,active
SH_906,MV_4085,TH_383,SC_552,2023-03-20,12:15:00,374.44,90,active
SH_907,MV_3458,TH_257,SC_566,2023-08-20,18:15:00,394.16,87,active
SH_908,MV_1069,TH_132,SC_716,2024-06-26,17:15:00,411.62,135,active
SH_909,MV_9702,TH_434,SC_65,2023-06-20,17:30:00,306.18,88,active
SH_910,MV_5291,TH_498,SC_368,2024-08-25,22:45:00,465.64,115,active
SH_912,MV_8979,TH_159,SC_217,2023-02-23,18:45:00,376.7,196,active
SH_913,MV_5616,TH_196,SC_806,2023-05-06,21:00:00,492.22,65,active
SH_914,MV_5585,TH_333,SC_574,2023-11-25,11:00:00,353.94,191,active
SH_915,MV_8475,TH_464,SC_659,2024-08-10,15:30:00,379.95,189,active
SH_916,MV_7323,TH_36,SC_495,2025-03-27,13:00:00,182.96,77,active
SH_917,MV_4330,TH_107,SC_140,2025-10-23,14:45:00,444.67,190,active
SH_918,MV_4619,TH_220,SC_133,2023-09-16,14:45:00,363.33,193,active
SH_919,MV_1554,TH_495,SC_993,2024-11-18,12:45:00,305.65,110,active
SH_920,MV_1664,TH_33,SC_709,2023-04-26,21:30:00,307.4,91,active
SH_921,MV_3807,TH_424,SC_372,2024-02-03,10:15:00,459.14,81,active
SH_922,MV_99,TH_98,SC_616,2025-05-22,20:15:00,340.64,147,active
SH_923,MV_7005,TH_469,SC_875,2023-11-23,18:00:00,257.06,175,active
SH_924,MV_9162,TH_296,SC_895,2024-11-15,18:15:00,426.02,169,active
SH_925,MV_2978,TH_237,SC_608,2023-04-02,15:45:00,281.18,164,active
SH_926,MV_6538,TH_171,SC_442,2024-06-02,10:00:00,390.86,144,active
SH_928,MV_4902,TH_186,SC_576,2025-10-05,14:00:00,350.22,59,active
SH_929,MV_2690,TH_67,SC_819,2024-04-09,19:00:00,159.43,129,active
SH_930,MV_6200,TH_401,SC_475,2024-04-18,13:30:00,478.15,78,active
SH_931,MV_9437,TH_118,SC_812,2023-04-29,20:45:00,434.63,108,active
SH_932,MV_9240,TH_431,SC_578,2025-10-29,21:30:00,244.27,195,active
SH_933,MV_9489,TH_192,SC_585,2023-01-28,16:45:00,409.29,64,active
SH_934,MV_4500,TH_311,SC_555,2023-06-15,16:45:00,382.98,98,active
SH_935,MV_3897,TH_340,SC_78,2023-03-21,21:15:00,370.38,105,active
SH_936,MV_7840,TH_240,SC_446,2024-01-17,13:45:00,451.8,75,active
SH_937,MV_9776,TH_158,SC_327,2023-10-15,14:00:00,478.38,128,active
SH_938,MV_785,TH_231,SC_30,2024-10-27,10:30:00,352.03,115,active
SH_939,MV_3736,TH_139,SC_948,2024-02-06,16:45:00,242.9,143,active
SH_940,MV_2441,TH_21,SC_289,2025-10-16,22:15:00,466.87,165,active
SH_941,MV_1138,TH_211,SC_680,2024-01-27,16:15:00,182.84,57,active
SH_942,MV_2321,TH_382,SC_171,2025-06-30,17:30:00,224.56,154,active
SH_943,MV_7945,TH_403,SC_635,2024-06-16,16:00:00,249.35,72,active
SH_945,MV_2356,TH_350,SC_275,2024-10-12,13:30:00,472.65,117,active
SH_946,MV_1735,TH_415,SC_632,2024-03-06,13:30:00,229.69,71,active
SH_947,MV_1084,TH_196,SC_829,2024-03-14,15:00:00,233.35,197,active
SH_948,MV_8659,TH_211,SC_15,2024-09-15,20:30:00,338.13,197,active
SH_949,MV_1503,TH_348,SC_893,2023-04-16,16:15:00,161.09,81,active
SH_950,MV_2953,TH_251,SC_259,2025-04-25,16:30:00,486.58,170,active
SH_953,MV_9181,TH_290,SC_598,2024-07-29,16:00:00,393.22,155,active
SH_954,MV_3900,TH_76,SC_874,2024-01-14,21:15:00,420.04,135,active
SH_955,MV_450,TH_189,SC_45,2024-12-12,22:30:00,284.27,86,active
SH_956,MV_78,TH_472,SC_374,2025-11-26,10:15:00,437.54,104,active
SH_957,MV_5580,TH_41,SC_414,2025-12-08,12:30:00,418.75,189,active
SH_958,MV_2179,TH_182,SC_988,2023-02-20,16:30:00,327.33,177,active
SH_959,MV_1823,TH_9,SC_387,2024-10-11,16:45:00,451.86,193,active
SH_960,MV_7229,TH_20,SC_376,2023-10-20,22:30:00,446.76,126,active
SH_961,MV_5523,TH_166,SC_587,2025-12-01,12:30:00,320.01,112,active
SH_962,MV_5195,TH_247,SC_250,2023-05-16,16:45:00,335.55,80,active
SH_963,MV_3585,TH_331,SC_554,2023-08-06,21:45:00,445.86,79,active
SH_964,MV_1708,TH_9,SC_62,2023-06-11,10:45:00,272.98,92,active
SH_965,MV_210,TH_248,SC_326,2023-09-02,22:15:00,184.56,182,active
SH_966,MV_4389,TH_243,SC_710,2023-02-18,16:45:00,456.03,122,active
SH_967,MV_1475,TH_473,SC_725,2024-12-29,20:15:00,208.02,51,active
SH_968,MV_5862,TH_29,SC_593,2023-03-17,15:00:00,455.2,94,active
SH_969,MV_6578,TH_162,SC_767,2023-09-19,10:15:00,378.08,169,active
SH_971,MV_5976,TH_309,SC_224,2024-12-03,17:00:00,418.43,60,active
SH_972,MV_704,TH_464,SC_77,2025-12-09,20:00:00,198.22,84,active
SH_973,MV_3216,TH_247,SC_814,2024-05-11,22:45:00,417.66,171,active
SH_974,MV_9576,TH_120,SC_629,2025-08-11,20:45:00,243.5,72,active
SH_975,MV_3132,TH_124,SC_437,2025-01-02,16:45:00,478.22,173,active
SH_976,MV_9288,TH_452,SC_32,2025-03-05,12:45:00,182.17,191,active
SH_977,MV_8291,TH_82,SC_744,2025-03-02,18:15:00,466.69,116,active
SH_978,MV_835,TH_77,SC_226,2024-03-11,10:15:00,403.24,146,active
SH_979,MV_9634,TH_150,SC_855,2025-06-09,18:00:00,230.46,159,active
SH_980,MV_1885,TH_54,SC_483,2025-09-11,17:00:00,250.94,188,active
SH_981,MV_5554,TH_16,SC_82,2024-08-21,21:15:00,474.58,180,active
SH_983,MV_9173,TH_197,SC_135,2023-07-05,13:00:00,436.24,161,active
SH_984,MV_7844,TH_214,SC_370,2025-02-26,20:15:00,272.55,74,active
SH_986,MV_5608,TH_2,SC_263,2023-05-07,22:30:00,173.03,85,active
SH_987,MV_9932,TH_46,SC_593,2023-08-03,20:15:00,213.88,120,active
SH_988,MV_4052,TH_422,SC_867,2024-07-11,12:30:00,171.03,144,active
SH_989,MV_4969,TH_500,SC_628,2023-08-28,21:00:00,420.83,76,active
SH_990,MV_9188,TH_470,SC_612,2023-06-27,20:15:00,330.93,161,active
SH_991,MV_1803,TH_484,SC_885,2025-05-11,12:15:00,222.64,163,active
SH_992,MV_7820,TH_463,SC_546,2024-01-06,20:45:00,448.94,132,active
SH_994,MV_3984,TH_139,SC_816,2023-01-22,16:45:00,362.1,79,active
SH_996,MV_7049,TH_476,SC_336,2024-03-28,16:30:00,194.35,182,active
SH_997,MV_9548,TH_290,SC_413,2023-03-11,10:00:00,455.41,171,active
SH_998,MV_6113,TH_309,SC_621,2024-02-04,10:15:00,457.72,175,active
SH_1001,MV_6543,TH_414,SC_904,2023-12-31,20:00:00,488.08,140,active
SH_1002,MV_65,TH_405,SC_191,2025-06-04,14:45:00,455.49,65,active
SH_1003,MV_8720,TH_449,SC_68,2025-07-10,16:00:00,302.75,92,active
SH_1004,MV_137,TH_498,SC_788,2024-01-30,17:45:00,338.78,148,active
SH_1005,MV_3468,TH_252,SC_108,2024-08-02,19:00:00,163.77,133,active
SH_1006,MV_7287,TH_441,SC_135,2024-03-11,11:00:00,446.69,61,active
SH_1007,MV_6975,TH_229,SC_339,2023-11-05,18:15:00,170.98,96,active
SH_1008,MV_115,TH_136,SC_315,2024-11-29,22:45:00,205.82,64,active
SH_1009,MV_9203,TH_208,SC_280,2023-12-01,20:00:00,219.59,60,active
SH_1010,MV_1175,TH_125,SC_468,2023-12-26,21:45:00,443.38,191,active
SH_1012,MV_258,TH_416,SC_812,2025-10-23,21:00:00,306.32,195,active
SH_1013,MV_5689,TH_345,SC_309,2025-07-17,12:45:00,430.14,129,active
SH_1014,MV_9974,TH_81,SC_357,2024-11-08,19:45:00,437.13,173,active
SH_1015,MV_9746,TH_306,SC_483,2023-04-15,11:45:00,166.57,50,active
SH_1016,MV_4105,TH_472,SC_984,2023-01-25,19:00:00,332.56,69,active
SH_1017,MV_7882,TH_90,SC_930,2025-08-04,22:00:00,151.53,103,active
SH_1018,MV_9314,TH_38,SC_592,2025-04-24,18:45:00,441.85,169,active
SH_1020,MV_1010,TH_343,SC_385,2024-12-11,22:15:00,150.91,81,active
SH_1021,MV_9175,TH_40,SC_780,2023-07-01,21:15:00,205.51,82,active
SH_1022,MV_804,TH_283,SC_172,2025-12-28,15:15:00,175.75,67,active
SH_1023,MV_9807,TH_121,SC_320,2024-03-09,19:00:00,298.57,192,active
SH_1024,MV_8799,TH_131,SC_985,2023-09-10,14:45:00,343.78,111,active
SH_1025,MV_3092,TH_111,SC_920,2023-06-07,17:45:00,351.81,184,active
SH_1026,MV_7091,TH_323,SC_525,2024-10-05,17:45:00,259.58,132,active
SH_1028,MV_8125,TH_315,SC_866,2025-01-23,17:45:00,442.24,153,active
SH_1029,MV_7792,TH_238,SC_436,2025-03-13,10:15:00,486.93,129,active
SH_1030,MV_2360,TH_422,SC_941,2025-02-11,20:15:00,496.75,191,active
SH_1031,MV_6690,TH_353,SC_873,2025-10-27,16:45:00,340.62,117,active
SH_1034,MV_317,TH_445,SC_126,2023-03-17,17:30:00,401.86,69,active
SH_1035,MV_1155,TH_147,SC_417,2023-05-12,11:00:00,417.42,59,active
SH_1036,MV_6880,TH_421,SC_92,2023-09-01,19:30:00,460.66,64,active
SH_1037,MV_5636,TH_280,SC_73,2024-11-16,21:30:00,207.84,122,active
SH_1038,MV_7666,TH_103,SC_574,2025-01-27,13:30:00,247.0,122,active
SH_1039,MV_8474,TH_206,SC_859,2025-03-02,10:00:00,436.86,153,active
SH_1040,MV_2773,TH_17,SC_980,2023-12-28,22:15:00,420.63,60,active
SH_1041,MV_3883,TH_470,SC_387,2025-01-25,11:45:00,295.4,187,active
SH_1044,MV_7405,TH_37,SC_309,2024-06-06,12:30:00,342.28,156,active
SH_1046,MV_4262,TH_110,SC_44,2024-04-24,15:00:00,251.98,160,active
SH_1047,MV_3989,TH_112,SC_812,2023-08-24,21:45:00,207.32,139,active
SH_1048,MV_9585,TH_1,SC_171,2024-03-30,21:45:00,489.64,100,active
SH_1049,MV_7715,TH_109,SC_476,2024-10-07,18:30:00,208.47,192,active
SH_1050,MV_9057,TH_451,SC_284,2025-08-27,11:15:00,343.92,74,active
SH_1051,MV_5489,TH_285,SC_672,2024-05-23,22:30:00,177.79,107,active
SH_1052,MV_3908,TH_132,SC_78,2025-11-08,14:00:00,178.39,163,active
SH_1053,MV_2165,TH_216,SC_745,2025-04-29,13:30:00,176.91,143,active
SH_1054,MV_8613,TH_252,SC_193,2023-07-23,20:15:00,478.11,53,active
SH_1055,MV_1598,TH_313,SC_202,2025-08-02,22:00:00,269.25,137,active
SH_1056,MV_7091,TH_115,SC_655,2025-08-27,11:15:00,289.66,123,active
SH_1057,MV_9754,TH_309,SC_997,2025-04-22,18:45:00,366.97,77,active
SH_1058,MV_8205,TH_274,SC_663,2024-02-03,13:30:00,367.91,160,active
SH_1059,MV_1033,TH_424,SC_743,2023-02-22,14:45:00,204.27,105,active
SH_1060,MV_8659,TH_436,SC_252,2023-09-21,20:00:00,211.66,62,active
SH_1061,MV_7126,TH_189,SC_201,2025-10-09,21:00:00,209.72,199,active
SH_1062,MV_9913,TH_428,SC_175,2025-11-12,14:45:00,309.05,134,active
SH_1063,MV_4590,TH_106,SC_187,2023-01-30,18:15:00,173.43,87,active
SH_1064,MV_2987,TH_493,SC_662,2024-04-13,12:00:00,323.61,129,active
SH_1065,MV_765,TH_414,SC_938,2025-08-05,13:00:00,255.67,168,active
SH_1066,MV_317,TH_288,SC_368,2025-09-19,16:45:00,155.85,90,active
SH_1067,MV_6161,TH_262,SC_405,2023-08-04,17:30:00,370.42,104,active
SH_1068,MV_9820,TH_2,SC_603,2025-11-08,18:45:00,311.26,125,active
SH_1069,MV_1979,TH_451,SC_926,2024-07-27,14:15:00,391.34,177,active
SH_1070,MV_6640,TH_359,SC_259,2025-12-20,11:15:00,357.07,178,active
SH_1071,MV_2705,TH_186,SC_646,2024-05-20,16:00:00,234.04,157,active
SH_1072,MV_2363,TH_341,SC_31,2025-04-22,14:15:00,480.16,56,active
SH_1073,MV_8515,TH_53,SC_281,2023-05-28,13:45:00,374.11,70,active
SH_1074,MV_7011,TH_288,SC_966,2023-09-19,19:30:00,288.56,75,active
SH_1075,MV_7911,TH_388,SC_288,2023-03-10,13:45:00,280.22,96,active
SH_1076,MV_4079,TH_241,SC_861,2024-04-11,16:15:00,456.02,109,active
SH_1078,MV_414,TH_91,SC_884,2025-12-02,14:00:00,300.17,129,active
SH_1079,MV_616,TH_149,SC_712,2024-08-26,17:45:00,470.87,108,active
SH_1080,MV_3506,TH_107,SC_43,2025-07-08,15:30:00,185.14,82,active
SH_1081,MV_8818,TH_416,SC_718,2025-08-18,11:45:00,459.58,80,active
SH_1082,MV_4789,TH_487,SC_884,2024-09-19,15:30:00,294.92,54,active
SH_1083,MV_206,TH_294,SC_907,2024-01-04,12:15:00,298.26,172,active
SH_1084,MV_2876,TH_298,SC_601,2025-08-13,14:30:00,169.6,66,active
SH_1085,MV_4855,TH_34,SC_200,2023-07-21,17:30:00,194.71,150,active
SH_1086,MV_6246,TH_55,SC_9,2023-09-12,20:15:00,208.91,79,active
SH_1088,MV_8600,TH_466,SC_314,2023-06-10,20:45:00,227.2,84,active
SH_1089,MV_9937,TH_439,SC_747,2025-04-14,14:30:00,265.25,91,active
SH_1090,MV_5348,TH_1,SC_862,2023-07-22,21:45:00,443.42,195,active
SH_1091,MV_8043,TH_219,SC_16,2025-04-13,15:15:00,203.29,71,active
SH_1093,MV_509,TH_288,SC_114,2023-10-24,16:30:00,410.98,131,active
SH_1094,MV_2127,TH_192,SC_855,2025-10-27,22:00:00,388.91,137,active
SH_1095,MV_6449,TH_372,SC_758,2024-02-03,16:00:00,375.13,152,active
SH_1096,MV_1832,TH_8,SC_277,2023-07-03,13:45:00,434.8,149,active
SH_1097,MV_2936,TH_93,SC_145,2024-01-16,12:45:00,256.37,80,active
SH_1098,MV_3532,TH_193,SC_285,2025-09-03,21:45:00,277.28,196,active
SH_1099,MV_5895,TH_251,SC_928,2024-11-10,18:15:00,324.57,101,active
SH_1101,MV_3971,TH_84,SC_330,2025-09-05,12:30:00,392.44,67,active
SH_1102,MV_1694,TH_401,SC_655,2025-06-13,17:15:00,255.88,133,active
SH_1103,MV_6707,TH_258,SC_212,2025-08-23,12:15:00,331.89,165,active
SH_1104,MV_7250,TH_266,SC_235,2025-10-08,16:45:00,291.93,189,active
SH_1105,MV_3252,TH_387,SC_480,2025-03-09,10:45:00,470.67,195,active
SH_1108,MV_2681,TH_112,SC_243,2023-06-08,17:15:00,158.53,152,active
SH_1109,MV_7424,TH_451,SC_665,2023-11-17,17:00:00,337.63,158,active
SH_1110,MV_2637,TH_272,SC_89,2024-01-13,22:30:00,393.45,105,active
SH_1111,MV_2575,TH_164,SC_395,2023-08-08,17:45:00,397.79,117,active
SH_1112,MV_4335,TH_372,SC_149,2025-05-15,12:30:00,441.21,77,active
SH_1113,MV_8553,TH_428,SC_646,2024-08-12,21:30:00,424.96,122,active
SH_1114,MV_4868,TH_231,SC_372,2024-06-02,22:30:00,304.84,172,active
SH_1115,MV_9514,TH_439,SC_356,2025-10-07,17:45:00,282.27,88,active
SH_1116,MV_2451,TH_149,SC_128,2023-01-29,18:15:00,369.78,88,active
SH_1117,MV_7139,TH_466,SC_369,2024-08-15,20:45:00,168.65,90,active
SH_1118,MV_7535,TH_244,SC_815,2023-04-02,14:30:00,416.6,196,active
SH_1119,MV_3072,TH_22,SC_343,2023-12-24,12:15:00,217.6,72,active
SH_1120,MV_9890,TH_396,SC_651,2025-07-13,10:45:00,272.41,136,active
SH_1121,MV_2432,TH_437,SC_59,2024-05-25,19:15:00,338.04,135,active
SH_1122,MV_292,TH_274,SC_353,2025-02-07,21:45:00,182.29,177,active
SH_1124,MV_4406,TH_113,SC_276,2025-01-11,11:30:00,160.13,199,active
SH_1125,MV_8773,TH_288,SC_444,2025-05-06,17:45:00,444.79,146,active
SH_1127,MV_720,TH_102,SC_998,2025-08-13,14:15:00,298.76,108,active
SH_1128,MV_3155,TH_235,SC_598,2025-07-13,18:15:00,282.56,129,active
SH_1129,MV_2279,TH_364,SC_190,2023-04-24,20:15:00,456.16,107,active
SH_1131,MV_9621,TH_175,SC_753,2024-04-18,12:45:00,271.05,147,active
SH_1132,MV_6218,TH_360,SC_812,2025-07-07,17:00:00,403.05,134,active
SH_1133,MV_8877,TH_396,SC_567,2025-06-01,15:45:00,451.66,130,active
SH_1135,MV_2740,TH_230,SC_227,2023-05-24,13:45:00,443.85,147,active
SH_1136,MV_3249,TH_137,SC_337,2025-12-07,10:15:00,179.86,112,active
SH_1137,MV_1908,TH_1,SC_591,2024-12-23,11:00:00,378.71,149,active
SH_1138,MV_5843,TH_92,SC_908,2024-06-01,17:30:00,233.98,124,active
SH_1139,MV_5162,TH_424,SC_656,2024-10-05,16:15:00,217.32,106,active
SH_1140,MV_5695,TH_188,SC_25,2024-06-02,10:30:00,451.04,111,active
SH_1141,MV_506,TH_168,SC_554,2024-06-01,14:00:00,220.33,185,active
SH_1142,MV_2009,TH_98,SC_408,2023-08-04,14:45:00,225.14,61,active
SH_1143,MV_8285,TH_444,SC_617,2025-08-23,17:00:00,156.92,137,active
SH_1144,MV_796,TH_35,SC_346,2024-10-02,18:45:00,380.84,135,active
SH_1145,MV_9862,TH_122,SC_212,2025-06-04,20:15:00,350.48,119,active
SH_1146,MV_1797,TH_257,SC_793,2025-01-31,16:00:00,247.09,125,active
SH_1147,MV_1087,TH_460,SC_98,2025-10-11,10:30:00,162.85,73,active
SH_1148,MV_270,TH_46,SC_873,2023-09-20,17:30:00,490.44,51,active
SH_1149,MV_2578,TH_420,SC_829,2025-07-29,13:30:00,303.55,137,active
SH_1150,MV_9159,TH_151,SC_577,2024-01-10,12:00:00,287.21,167,active
SH_1151,MV_3992,TH_352,SC_80,2023-01-15,13:15:00,314.7,76,active
SH_1152,MV_5268,TH_439,SC_932,2024-04-21,21:30:00,263.59,129,active
SH_1153,MV_3587,TH_53,SC_253,2025-03-29,11:15:00,169.61,102,active
SH_1154,MV_9703,TH_180,SC_345,2023-02-13,22:30:00,360.66,145,active
SH_1156,MV_7965,TH_420,SC_131,2025-12-29,14:00:00,442.0,154,active
SH_1157,MV_6213,TH_344,SC_905,2025-05-18,17:30:00,478.4,83,active
SH_1158,MV_1266,TH_55,SC_939,2025-02-02,13:30:00,350.12,90,active
SH_1159,MV_5846,TH_295,SC_363,2023-06-09,20:45:00,310.83,106,active
SH_1160,MV_3308,TH_392,SC_499,2025-08-08,13:30:00,472.16,189,active
SH_1161,MV_9211,TH_43,SC_955,2024-04-19,11:45:00,376.68,171,active
SH_1162,MV_357,TH_216,SC_631,2024-07-21,11:45:00,399.36,129,active
SH_1163,MV_451,TH_142,SC_812,2025-02-12,17:45:00,455.35,106,active
SH_1164,MV_7548,TH_409,SC_655,2024-01-22,17:45:00,189.17,161,active
SH_1165,MV_4552,TH_37,SC_499,2025-05-23,22:00:00,220.68,99,active
SH_1166,MV_1675,TH_184,SC_219,2023-06-11,15:45:00,379.54,190,active
SH_1167,MV_5838,TH_288,SC_232,2023-01-14,18:15:00,357.04,159,active
SH_1168,MV_4799,TH_122,SC_424,2024-05-23,22:00:00,277.85,189,active
SH_1169,MV_2171,TH_217,SC_134,2025-08-04,11:30:00,285.98,129,active
SH_1170,MV_5148,TH_341,SC_517,2025-09-04,20:00:00,441.72,182,active
SH_1171,MV_3728,TH_416,SC_146,2024-09-19,16:00:00,152.56,63,active
SH_1172,MV_2533,TH_326,SC_772,2024-08-07,10:30:00,485.79,172,active
SH_1173,MV_4558,TH_72,SC_303,2025-08-16,14:30:00,212.28,124,active
SH_1175,MV_3490,TH_400,SC_855,2023-10-18,14:15:00,391.36,186,active
SH_1176,MV_54,TH_170,SC_607,2024-12-04,20:00:00,325.27,70,active
SH_1177,MV_3010,TH_312,SC_22,2025-05-29,18:15:00,364.51,169,active
SH_1178,MV_9549,TH_18,SC_965,2024-08-27,11:15:00,313.4,188,active
SH_1179,MV_7002,TH_345,SC_238,2025-07-22,22:30:00,462.51,159,active
SH_1180,MV_6177,TH_142,SC_137,2024-11-17,14:45:00,233.67,165,active
SH_1181,MV_9610,TH_200,SC_52,2024-12-13,16:15:00,351.59,109,active
SH_1182,MV_6671,TH_170,SC_683,2025-10-26,15:15:00,428.87,161,active
SH_1183,MV_7767,TH_174,SC_887,2023-08-03,16:30:00,251.68,107,active
SH_1184,MV_8720,TH_220,SC_398,2024-03-29,20:30:00,283.2,67,active
SH_1185,MV_8868,TH_498,SC_869,2025-02-21,20:30:00,358.86,143,active
SH_1186,MV_3575,TH_138,SC_102,2023-05-21,20:45:00,236.57,59,active
SH_1187,MV_5698,TH_288,SC_133,2025-04-20,20:30:00,301.87,71,active
SH_1188,MV_209,TH_125,SC_108,2024-03-20,18:00:00,322.31,148,active
SH_1189,MV_9832,TH_452,SC_271,2023-11-29,12:45:00,247.55,87,active
SH_1190,MV_2594,TH_421,SC_689,2023-10-08,13:45:00,257.08,171,active
SH_1191,MV_4367,TH_106,SC_340,2024-09-06,14:45:00,434.52,84,active
SH_1192,MV_3747,TH_273,SC_86,2023-08-29,18:00:00,409.61,189,active
SH_1193,MV_8121,TH_291,SC_300,2024-05-21,14:00:00,254.09,158,active
SH_1194,MV_9648,TH_12,SC_835,2025-10-15,20:00:00,330.83,178,active
SH_1195,MV_423,TH_146,SC_262,2024-09-23,16:45:00,335.75,111,active
SH_1196,MV_3985,TH_441,SC_663,2024-12-24,21:30:00,297.59,136,active
SH_1197,MV_8202,TH_112,SC_10,2025-05-10,22:00:00,282.89,102,active
SH_1198,MV_4425,TH_417,SC_326,2025-05-17,12:15:00,356.83,129,active
SH_1199,MV_6246,TH_193,SC_695,2025-08-22,16:00:00,377.68,112,active
SH_1200,MV_4929,TH_243,SC_342,2023-11-30,15:45:00,461.15,133,active
SH_1201,MV_4436,TH_311,SC_949,2023-12-24,15:30:00,311.34,116,active
SH_1202,MV_8022,TH_389,SC_703,2024-09-11,15:00:00,370.99,125,active
SH_1203,MV_8277,TH_38,SC_577,2023-06-07,13:45:00,215.16,97,active
SH_1204,MV_4532,TH_342,SC_648,2024-12-02,13:30:00,337.86,111,active
SH_1205,MV_9688,TH_336,SC_188,2025-02-10,16:00:00,189.84,60,active
SH_1206,MV_8975,TH_316,SC_943,2025-08-15,18:30:00,207.6,93,active
SH_1207,MV_9,TH_294,SC_863,2023-12-14,21:45:00,304.74,87,active
SH_1208,MV_5029,TH_402,SC_993,2025-09-21,11:30:00,355.0,120,active
SH_1209,MV_7313,TH_481,SC_572,2024-03-07,17:45:00,417.79,96,active
SH_1210,MV_1397,TH_63,SC_387,2024-06-25,10:30:00,152.2,168,active
SH_1211,MV_379,TH_221,SC_20,2025-04-28,16:15:00,465.89,192,active
SH_1212,MV_5757,TH_150,SC_972,2024-12-06,19:45:00,177.44,181,active
SH_1214,MV_8405,TH_444,SC_562,2023-02-20,13:45:00,284.1,93,active
SH_1215,MV_4667,TH_379,SC_743,2025-12-17,18:30:00,432.94,117,active
SH_1216,MV_1897,TH_91,SC_765,2025-01-23,22:30:00,453.53,145,active
SH_1217,MV_1595,TH_17,SC_304,2023-06-24,16:45:00,251.64,160,active
SH_1218,MV_7880,TH_377,SC_208,2024-08-13,22:15:00,353.14,110,active
SH_1219,MV_4976,TH_434,SC_543,2025-02-27,17:00:00,480.0,109,active
SH_1220,MV_3921,TH_105,SC_333,2024-07-09,20:30:00,182.2,155,active
SH_1221,MV_3140,TH_495,SC_157,2023-01-15,22:00:00,481.25,153,active
SH_1222,MV_2167,TH_306,SC_538,2025-10-05,15:00:00,499.24,66,active
SH_1223,MV_5555,TH_496,SC_676,2025-04-21,19:45:00,259.31,54,active
SH_1224,MV_5763,TH_336,SC_779,2025-12-21,15:30:00,353.65,133,active
SH_1225,MV_8661,TH_353,SC_230,2023-11-13,11:30:00,236.13,176,active
SH_1226,MV_9433,TH_184,SC_397,2025-12-04,20:00:00,467.11,140,active
SH_1227,MV_4287,TH_472,SC_36,2023-05-16,21:30:00,168.79,184,active
SH_1228,MV_8813,TH_232,SC_875,2025-04-01,21:45:00,424.43,148,active
SH_1229,MV_3325,TH_75,SC_372,2025-04-19,13:30:00,239.82,187,active
SH_1231,MV_7534,TH_286,SC_235,2024-10-17,22:15:00,226.67,173,active
SH_1232,MV_843,TH_364,SC_407,2025-03-02,14:15:00,305.25,199,active
SH_1233,MV_3395,TH_345,SC_661,2025-06-19,15:15:00,343.9,168,active
SH_1234,MV_1279,TH_325,SC_986,2025-11-17,15:15:00,243.36,73,active
SH_1235,MV_400,TH_202,SC_259,2023-10-12,11:15:00,171.53,85,active
SH_1236,MV_8484,TH_283,SC_325,2024-12-19,10:00:00,397.45,98,active
SH_1237,MV_2657,TH_350,SC_812,2025-05-13,15:30:00,362.52,58,active
SH_1238,MV_3307,TH_61,SC_481,2025-12-01,14:45:00,223.53,88,active
SH_1241,MV_8623,TH_228,SC_710,2025-05-11,15:45:00,260.23,137,active
SH_1242,MV_6770,TH_142,SC_774,2025-04-06,11:00:00,156.03,130,active
SH_1243,MV_3167,TH_261,SC_523,2025-07-23,22:00:00,240.2,65,active
SH_1244,MV_262,TH_464,SC_484,2024-09-09,11:45:00,451.85,66,active
SH_1245,MV_741,TH_241,SC_583,2023-06-01,10:15:00,242.56,126,active
SH_1246,MV_3092,TH_426,SC_43,2024-02-17,22:45:00,368.89,59,active
SH_1247,MV_2788,TH_272,SC_885,2025-04-30,18:15:00,197.91,65,active
SH_1249,MV_2984,TH_75,SC_567,2023-02-08,15:30:00,474.53,100,active
SH_1250,MV_5080,TH_17,SC_363,2025-01-27,21:30:00,154.15,180,active
SH_1251,MV_1001,TH_192,SC_545,2023-03-11,17:45:00,180.17,74,active
SH_1252,MV_5618,TH_169,SC_700,2024-05-30,14:00:00,439.91,115,active
SH_1254,MV_3808,TH_441,SC_832,2024-04-28,20:30:00,479.58,147,active
SH_1255,MV_5803,TH_29,SC_277,2023-08-23,20:15:00,340.78,103,active
SH_1256,MV_8790,TH_101,SC_366,2023-05-24,20:00:00,478.43,108,active
SH_1257,MV_2390,TH_392,SC_763,2025-03-29,19:00:00,432.61,69,active
SH_1258,MV_8544,TH_45,SC_387,2025-08-14,12:15:00,474.6,83,active
SH_1259,MV_647,TH_189,SC_621,2025-02-18,20:45:00,358.75,116,active
SH_1260,MV_8209,TH_37,SC_747,2024-11-12,17:00:00,313.8,158,active
SH_1261,MV_4202,TH_52,SC_367,2024-10-18,12:00:00,434.61,143,active
SH_1262,MV_2678,TH_361,SC_997,2023-10-08,10:30:00,487.92,57,active
SH_1263,MV_752,TH_411,SC_586,2023-02-03,19:00:00,383.58,94,active
SH_1264,MV_128,TH_92,SC_79,2024-06-04,17:30:00,231.92,139,active
SH_1265,MV_3119,TH_275,SC_26,2024-03-27,10:00:00,322.1,76,active
SH_1266,MV_302,TH_48,SC_129,2023-09-19,11:00:00,176.55,157,active
SH_1267,MV_7013,TH_270,SC_985,2023-10-27,22:00:00,422.37,148,active
SH_1268,MV_938,TH_477,SC_30,2023-03-03,17:30:00,294.13,173,active
SH_1269,MV_4680,TH_304,SC_181,2024-01-08,14:30:00,333.54,148,active
SH_1270,MV_9698,TH_431,SC_679,2023-11-25,17:15:00,323.65,56,active
SH_1271,MV_6503,TH_380,SC_537,2024-07-06,13:30:00,313.35,106,active
SH_1272,MV_3517,TH_14,SC_303,2024-03-04,12:45:00,233.15,51,active
SH_1273,MV_5694,TH_75,SC_543,2024-09-16,16:00:00,428.6,88,active
SH_1274,MV_5831,TH_316,SC_151,2023-03-24,18:15:00,161.21,129,active
SH_1275,MV_7009,TH_384,SC_562,2023-01-04,10:15:00,420.56,198,active
SH_1276,MV_7362,TH_152,SC_182,2024-05-12,18:30:00,381.96,52,active
SH_1277,MV_352,TH_451,SC_431,2024-03-06,22:45:00,408.07,167,active
SH_1280,MV_2813,TH_13,SC_1,2025-07-20,15:00:00,190.87,51,active
SH_1281,MV_9370,TH_309,SC_991,2023-09-28,13:15:00,356.96,111,active
SH_1283,MV_117,TH_410,SC_600,2024-09-02,14:00:00,310.54,192,active
SH_1284,MV_4712,TH_444,SC_842,2023-05-26,19:30:00,325.88,84,active
SH_1285,MV_1126,TH_465,SC_188,2024-09-14,19:30:00,173.15,162,active
SH_1286,MV_2431,TH_156,SC_477,2023-12-28,19:30:00,439.33,123,active
SH_1287,MV_85,TH_12,SC_20,2025-02-28,11:15:00,478.62,141,active
SH_1289,MV_7028,TH_426,SC_241,2024-08-27,12:45:00,477.43,123,active
SH_1290,MV_4598,TH_24,SC_968,2023-12-19,14:00:00,247.11,158,active
SH_1292,MV_7930,TH_457,SC_573,2025-01-30,22:45:00,421.19,84,active
SH_1293,MV_9455,TH_25,SC_814,2023-10-20,22:45:00,490.28,114,active
SH_1294,MV_693,TH_98,SC_171,2025-10-22,22:00:00,329.37,95,active
SH_1295,MV_6566,TH_143,SC_867,2024-10-06,15:00:00,481.29,78,active
SH_1296,MV_4129,TH_380,SC_999,2025-10-08,22:45:00,446.89,71,active
SH_1297,MV_6123,TH_354,SC_294,2025-01-28,14:00:00,287.02,59,active
SH_1298,MV_1707,TH_217,SC_228,2024-05-25,21:45:00,227.26,75,active
SH_1299,MV_1623,TH_388,SC_615,2024-04-28,19:15:00,171.91,140,active
SH_1300,MV_7570,TH_476,SC_25,2023-10-10,22:00:00,241.81,65,active
SH_1301,MV_7347,TH_49,SC_1,2023-07-06,17:30:00,403.78,147,active
SH_1302,MV_1070,TH_50,SC_796,2024-10-08,11:30:00,214.44,199,active
SH_1303,MV_8900,TH_202,SC_760,2023-11-23,17:45:00,433.36,171,active
SH_1304,MV_9029,TH_133,SC_731,2024-06-06,11:15:00,293.88,155,active
SH_1305,MV_1394,TH_42,SC_594,2024-06-04,19:30:00,352.98,85,active
SH_1307,MV_1490,TH_378,SC_111,2023-07-10,13:15:00,400.52,111,active
SH_1308,MV_6977,TH_215,SC_48,2023-07-23,18:00:00,471.51,126,active
SH_1309,MV_8858,TH_172,SC_184,2023-03-11,17:30:00,181.74,181,active
SH_1310,MV_5533,TH_207,SC_16,2025-08-10,13:15:00,183.68,64,active
SH_1312,MV_5173,TH_168,SC_463,2025-11-13,10:15:00,259.98,188,active
SH_1313,MV_7284,TH_432,SC_496,2023-06-07,20:15:00,212.79,169,active
SH_1314,MV_4756,TH_172,SC_465,2024-03-13,20:00:00,355.74,107,active
SH_1315,MV_1845,TH_469,SC_263,2024-04-25,12:00:00,211.46,190,active
SH_1316,MV_6501,TH_498,SC_386,2024-12-27,15:30:00,386.84,158,active
SH_1317,MV_896,TH_180,SC_26,2025-02-08,13:15:00,320.43,186,active
SH_1318,MV_8563,TH_427,SC_85,2023-05-11,20:00:00,240.5,157,active
SH_1319,MV_548,TH_408,SC_341,2025-04-26,15:00:00,458.98,148,active
SH_1321,MV_629,TH_231,SC_676,2023-02-01,10:00:00,286.52,181,active
SH_1322,MV_4097,TH_220,SC_49,2024-02-13,19:15:00,454.28,143,active
SH_1323,MV_559,TH_42,SC_104,2025-07-02,21:15:00,313.56,68,active
SH_1324,MV_237,TH_155,SC_268,2025-08-07,20:45:00,335.97,137,active
SH_1325,MV_8823,TH_382,SC_504,2023-03-18,18:45:00,380.29,134,active
SH_1326,MV_9217,TH_149,SC_12,2025-08-02,11:00:00,259.83,138,active
SH_1327,MV_4928,TH_459,SC_67,2023-01-28,11:45:00,329.71,173,active
SH_1328,MV_5182,TH_139,SC_784,2023-09-17,11:00:00,163.29,176,active
SH_1329,MV_1872,TH_390,SC_324,2025-05-12,19:00:00,430.72,66,active
SH_1330,MV_8360,TH_428,SC_305,2024-08-24,12:30:00,461.65,169,active
SH_1332,MV_9138,TH_452,SC_609,2023-09-17,12:30:00,257.25,195,active
SH_1333,MV_9045,TH_18,SC_97,2024-08-10,15:00:00,342.1,166,active
SH_1334,MV_7189,TH_289,SC_260,2023-03-01,18:45:00,377.43,174,active
SH_1335,MV_5560,TH_67,SC_74,2023-01-10,20:45:00,346.6,154,active
SH_1336,MV_8439,TH_121,SC_117,2024-04-28,12:30:00,400.76,119,active
SH_1337,MV_1864,TH_439,SC_465,2025-08-04,18:15:00,216.45,144,active
SH_1338,MV_1167,TH_20,SC_91,2023-06-19,15:30:00,315.83,116,active
SH_1339,MV_9048,TH_315,SC_252,2024-07-25,11:15:00,415.89,102,active
SH_1340,MV_6772,TH_404,SC_261,2023-07-21,14:45:00,453.55,120,active
SH_1341,MV_3950,TH_394,SC_739,2023-06-26,15:15:00,440.92,113,active
SH_1342,MV_3467,TH_294,SC_4,2024-11-08,10:45:00,199.2,71,active
SH_1343,MV_7019,TH_408,SC_783,2023-05-12,11:45:00,276.7,139,active
SH_1344,MV_3588,TH_410,SC_91,2023-03-02,18:45:00,367.91,115,active
SH_1345,MV_1317,TH_222,SC_621,2023-09-07,21:15:00,228.93,139,active
SH_1346,MV_5351,TH_158,SC_921,2024-10-02,21:00:00,229.34,168,active
SH_1347,MV_6605,TH_336,SC_235,2023-10-24,20:30:00,419.12,185,active
SH_1348,MV_7974,TH_195,SC_94,2023-07-06,20:00:00,326.81,62,active
SH_1349,MV_8086,TH_426,SC_69,2023-04-06,11:15:00,273.44,133,active
SH_1350,MV_1959,TH_206,SC_276,2023-09-16,10:15:00,223.82,151,active
SH_1351,MV_9878,TH_166,SC_648,2024-09-15,15:45:00,415.89,183,active
SH_1352,MV_8114,TH_430,SC_967,2023-01-12,16:15:00,332.04,80,active
SH_1353,MV_4151,TH_1,SC_295,2024-06-19,10:45:00,428.63,125,active
SH_1354,MV_1943,TH_32,SC_116,2024-05-08,12:00:00,348.9,190,active
SH_1355,MV_7363,TH_408,SC_415,2023-09-28,11:15:00,371.88,72,active
SH_1356,MV_2786,TH_27,SC_232,2023-03-06,12:15:00,182.69,126,active
SH_1357,MV_2528,TH_193,SC_186,2024-12-22,12:30:00,430.14,116,active
SH_1358,MV_1996,TH_317,SC_347,2024-11-19,13:45:00,396.06,127,active
SH_1359,MV_930,TH_220,SC_332,2023-06-23,15:45:00,302.3,82,active
SH_1360,MV_5970,TH_63,SC_159,2025-03-05,12:00:00,414.99,135,active
SH_1361,MV_6881,TH_391,SC_658,2025-03-25,14:15:00,157.11,73,active
SH_1362,MV_3553,TH_53,SC_636,2023-12-01,14:45:00,338.17,196,active
SH_1363,MV_3365,TH_371,SC_596,2025-11-02,20:00:00,444.25,108,active
SH_1364,MV_9332,TH_39,SC_581,2025-01-03,17:00:00,247.87,79,active
SH_1365,MV_6470,TH_360,SC_601,2025-02-08,21:45:00,465.21,145,active
SH_1366,MV_4476,TH_366,SC_477,2023-03-14,13:15:00,205.12,119,active
SH_1367,MV_1907,TH_75,SC_589,2023-11-01,20:45:00,297.61,126,active
SH_1368,MV_5227,TH_281,SC_469,2025-03-26,17:30:00,346.48,64,active
SH_1369,MV_5435,TH_63,SC_460,2023-12-16,13:30:00,496.04,161,active
SH_1370,MV_3928,TH_409,SC_200,2023-08-13,20:00:00,489.71,113,active
SH_1371,MV_3782,TH_40,SC_963,2023-10-22,12:00:00,407.71,142,active
SH_1372,MV_5328,TH_281,SC_872,2023-04-28,12:15:00,287.37,119,active
SH_1373,MV_7748,TH_91,SC_10,2024-05-20,22:45:00,477.48,138,active
SH_1374,MV_1107,TH_317,SC_550,2025-03-15,18:45:00,237.23,135,active
SH_1376,MV_1362,TH_471,SC_903,2025-11-05,20:15:00,291.53,155,active
SH_1377,MV_3583,TH_54,SC_105,2025-03-14,13:30:00,407.51,80,active
SH_1378,MV_2428,TH_202,SC_140,2025-07-18,21:15:00,438.93,58,active
SH_1379,MV_2200,TH_44,SC_352,2024-08-12,10:00:00,426.99,138,active
SH_1380,MV_5154,TH_32,SC_495,2023-01-31,15:15:00,410.29,179,active
SH_1381,MV_8842,TH_359,SC_483,2023-02-09,11:45:00,199.87,124,active
SH_1382,MV_4563,TH_254,SC_493,2025-04-29,18:45:00,277.13,61,active
SH_1383,MV_8321,TH_212,SC_994,2023-04-10,17:15:00,208.84,101,active
SH_1384,MV_9056,TH_278,SC_961,2023-01-31,13:00:00,235.76,162,active
SH_1385,MV_6746,TH_441,SC_921,2024-05-15,13:00:00,463.85,199,active
SH_1386,MV_8503,TH_454,SC_638,2023-10-11,16:30:00,431.99,65,active
SH_1387,MV_1818,TH_118,SC_683,2023-11-01,11:15:00,233.42,132,active
SH_1388,MV_7772,TH_136,SC_51,2024-01-03,11:00:00,248.49,126,active
SH_1389,MV_5896,TH_207,SC_885,2023-11-26,21:00:00,157.06,197,active
SH_1390,MV_4470,TH_263,SC_113,2023-07-03,12:45:00,226.58,96,active
SH_1391,MV_5960,TH_32,SC_73,2023-08-26,16:15:00,439.98,83,active
SH_1392,MV_4748,TH_268,SC_950,2025-04-01,16:30:00,407.4,90,active
SH_1393,MV_9166,TH_316,SC_966,2025-08-12,22:30:00,369.81,110,active
SH_1394,MV_9151,TH_188,SC_14,2024-07-12,19:00:00,407.47,128,active
SH_1395,MV_7975,TH_110,SC_128,2025-07-04,13:45:00,483.63,98,active
SH_1397,MV_8493,TH_318,SC_217,2025-03-27,19:45:00,361.17,101,active
SH_1398,MV_6041,TH_399,SC_323,2024-12-14,12:45:00,451.47,162,active
SH_1399,MV_1891,TH_37,SC_255,2025-12-08,19:45:00,321.98,127,active
SH_1400,MV_351,TH_105,SC_796,2025-01-02,16:30:00,258.18,196,active
SH_1401,MV_3078,TH_235,SC_342,2024-04-11,22:00:00,449.58,92,active
SH_1402,MV_2527,TH_483,SC_82,2025-09-18,14:30:00,262.82,155,active
SH_1403,MV_4694,TH_316,SC_477,2025-05-30,19:15:00,423.58,180,active
SH_1404,MV_6551,TH_475,SC_853,2023-05-28,11:15:00,153.19,89,active
SH_1405,MV_8445,TH_143,SC_255,2025-12-25,15:30:00,440.82,180,active
SH_1406,MV_7419,TH_246,SC_274,2024-04-15,11:30:00,167.2,104,active
SH_1407,MV_6782,TH_373,SC_86,2025-10-14,15:00:00,209.23,144,active
SH_1408,MV_4898,TH_92,SC_327,2025-05-21,11:15:00,471.01,196,active
SH_1409,MV_4942,TH_420,SC_468,2025-01-27,14:45:00,271.72,123,active
SH_1410,MV_4026,TH_119,SC_656,2023-08-04,20:30:00,446.12,120,active
SH_1411,MV_3633,TH_321,SC_952,2024-08-13,22:15:00,344.19,166,active
SH_1412,MV_998,TH_318,SC_235,2023-07-18,10:00:00,343.47,159,active
SH_1413,MV_3594,TH_328,SC_138,2024-07-23,11:30:00,486.51,150,active
SH_1414,MV_7997,TH_3,SC_177,2024-03-16,14:00:00,197.9,76,active
SH_1415,MV_2049,TH_196,SC_178,2024-03-26,17:30:00,221.84,189,active
SH_1416,MV_9960,TH_92,SC_203,2024-09-25,11:45:00,299.6,133,active
SH_1418,MV_5111,TH_443,SC_272,2024-07-22,14:15:00,322.13,181,active
SH_1419,MV_9554,TH_296,SC_587,2024-08-03,20:30:00,382.9,73,active
SH_1420,MV_8420,TH_323,SC_93,2025-04-15,12:30:00,346.41,151,active
SH_1421,MV_1695,TH_183,SC_523,2023-12-26,16:15:00,279.88,111,active
SH_1422,MV_3998,TH_246,SC_877,2023-08-26,20:45:00,481.15,52,active
SH_1423,MV_3324,TH_379,SC_292,2025-02-07,20:15:00,260.14,146,active
SH_1424,MV_1525,TH_120,SC_749,2023-08-09,11:00:00,301.7,167,active
SH_1425,MV_4682,TH_347,SC_393,2023-09-15,19:30:00,157.91,196,active
SH_1426,MV_5192,TH_238,SC_407,2023-03-23,20:15:00,195.8,167,active
SH_1427,MV_5873,TH_499,SC_324,2023-01-22,13:00:00,352.75,152,active
SH_1428,MV_9015,TH_260,SC_215,2023-05-16,19:15:00,188.01,138,active
SH_1429,MV_2890,TH_471,SC_473,2025-11-02,17:00:00,177.54,76,active
SH_1430,MV_8505,TH_231,SC_186,2023-01-23,14:15:00,305.22,193,active
SH_1431,MV_2610,TH_261,SC_908,2025-10-07,22:00:00,484.16,129,active
SH_1433,MV_6795,TH_386,SC_86,2024-09-24,22:30:00,496.72,83,active
SH_1434,MV_9955,TH_110,SC_349,2023-08-31,21:45:00,484.8,170,active
SH_1435,MV_3366,TH_36,SC_546,2025-07-03,19:15:00,194.53,70,active
SH_1436,MV_368,TH_42,SC_990,2024-02-02,11:00:00,224.61,171,active
SH_1437,MV_8448,TH_195,SC_385,2024-07-20,12:00:00,319.42,126,active
SH_1438,MV_2729,TH_407,SC_18,2023-10-16,13:45:00,423.32,176,active
SH_1439,MV_1379,TH_53,SC_799,2025-01-22,22:15:00,343.52,128,active
SH_1440,MV_8834,TH_491,SC_976,2025-02-02,19:00:00,337.25,140,active
SH_1442,MV_3897,TH_412,SC_706,2023-06-01,13:00:00,299.04,194,active
SH_1444,MV_7296,TH_90,SC_342,2025-03-16,18:00:00,495.18,124,active
SH_1445,MV_4353,TH_331,SC_876,2023-04-07,19:15:00,387.06,83,active
SH_1446,MV_5996,TH_192,SC_865,2024-08-28,11:30:00,251.48,104,active
SH_1447,MV_8963,TH_240,SC_283,2024-05-04,17:00:00,377.69,61,active
SH_1448,MV_177,TH_4,SC_949,2024-04-21,17:45:00,279.19,126,active
SH_1449,MV_556,TH_344,SC_828,2025-02-03,16:15:00,339.39,156,active
SH_1450,MV_8885,TH_175,SC_415,2024-07-04,16:15:00,184.39,87,active
SH_1451,MV_7361,TH_214,SC_899,2023-12-13,19:45:00,374.16,98,active
SH_1452,MV_2744,TH_66,SC_746,2025-08-10,19:30:00,418.95,78,active
SH_1453,MV_7141,TH_227,SC_572,2024-07-18,19:15:00,154.0,131,active
SH_1454,MV_3256,TH_445,SC_528,2024-01-05,11:00:00,398.49,54,active
SH_1455,MV_5077,TH_457,SC_237,2025-03-08,15:15:00,379.74,69,active
SH_1457,MV_602,TH_80,SC_152,2025-12-26,16:30:00,290.11,70,active
SH_1458,MV_4119,TH_354,SC_219,2024-01-27,11:00:00,355.06,149,active
SH_1459,MV_4957,TH_189,SC_527,2025-04-19,11:30:00,445.1,119,active
SH_1460,MV_5075,TH_223,SC_2,2024-05-19,13:30:00,279.02,195,active
SH_1463,MV_9290,TH_222,SC_255,2023-08-12,12:15:00,194.6,173,active
SH_1464,MV_1984,TH_348,SC_877,2023-02-18,20:00:00,182.62,125,active
SH_1466,MV_3362,TH_13,SC_483,2024-03-05,19:45:00,420.37,56,active
SH_1467,MV_2201,TH_275,SC_810,2023-10-25,17:00:00,391.76,139,active
SH_1468,MV_5727,TH_302,SC_142,2025-07-28,11:15:00,418.86,106,active
SH_1469,MV_4021,TH_21,SC_517,2024-08-25,14:15:00,456.9,173,active
SH_1470,MV_7822,TH_20,SC_39,2025-10-21,12:45:00,425.71,112,active
SH_1471,MV_7696,TH_476,SC_780,2023-04-19,10:30:00,361.94,64,active
SH_1472,MV_5163,TH_11,SC_807,2023-12-17,15:15:00,154.24,52,active
SH_1473,MV_4973,TH_448,SC_606,2025-02-20,18:00:00,398.6,109,active
SH_1475,MV_6456,TH_296,SC_599,2025-12-30,20:30:00,252.81,174,active
SH_1476,MV_7368,TH_493,SC_99,2024-10-30,20:45:00,497.55,136,active
SH_1477,MV_9366,TH_201,SC_41,2025-01-12,14:30:00,341.01,66,active
SH_1478,MV_2246,TH_60,SC_758,2024-04-15,15:00:00,458.23,169,active
SH_1479,MV_807,TH_300,SC_509,2023-06-11,18:45:00,346.78,113,active
SH_1480,MV_1959,TH_299,SC_524,2025-05-10,15:30:00,405.06,59,active
SH_1481,MV_300,TH_336,SC_761,2023-10-07,16:00:00,370.1,124,active
SH_1482,MV_8746,TH_37,SC_200,2025-12-05,18:00:00,407.71,89,active
SH_1483,MV_4973,TH_393,SC_188,2024-10-26,16:45:00,174.19,152,active
SH_1484,MV_9847,TH_276,SC_285,2024-07-09,16:30:00,277.2,156,active
SH_1485,MV_6185,TH_152,SC_295,2025-03-28,10:30:00,433.73,149,active
SH_1486,MV_6650,TH_159,SC_513,2023-07-07,19:30:00,156.96,191,active
SH_1487,MV_7120,TH_450,SC_151,2025-08-24,16:30:00,172.48,91,active
SH_1488,MV_948,TH_324,SC_217,2024-03-14,13:15:00,172.9,174,active
SH_1489,MV_3200,TH_325,SC_478,2024-06-23,21:00:00,351.53,199,active
SH_1490,MV_3736,TH_473,SC_966,2024-12-20,14:45:00,449.32,125,active
SH_1491,MV_2281,TH_487,SC_985,2025-01-20,10:15:00,402.52,68,active
SH_1492,MV_9995,TH_134,SC_37,2024-04-12,17:00:00,208.1,142,active
SH_1493,MV_952,TH_252,SC_966,2025-08-31,16:30:00,191.17,174,active
SH_1495,MV_9623,TH_331,SC_941,2024-02-22,10:15:00,453.27,119,active
SH_1498,MV_359,TH_148,SC_763,2024-10-18,20:30:00,264.84,168,active
SH_1499,MV_8386,TH_79,SC_213,2023-05-21,16:45:00,400.28,153,active
SH_1500,MV_9270,TH_433,SC_955,2023-06-12,21:15:00,205.02,194,active
SH_1501,MV_4625,TH_397,SC_33,2024-11-25,11:30:00,223.46,161,active
SH_1502,MV_7265,TH_279,SC_398,2025-09-05,15:15:00,448.28,113,active
SH_1503,MV_3295,TH_476,SC_525,2025-07-27,10:45:00,330.03,91,active
SH_1504,MV_8199,TH_452,SC_247,2025-04-10,12:15:00,492.39,189,active
SH_1505,MV_216,TH_105,SC_732,2025-11-21,19:30:00,426.03,56,active
SH_1506,MV_8877,TH_288,SC_673,2024-04-22,21:00:00,279.12,150,active
SH_1508,MV_2258,TH_338,SC_504,2023-11-14,21:30:00,176.5,55,active
SH_1510,MV_3552,TH_157,SC_174,2025-06-02,21:15:00,446.05,183,active
SH_1511,MV_1184,TH_98,SC_136,2025-03-24,10:00:00,336.32,159,active
SH_1512,MV_1283,TH_473,SC_910,2025-08-21,20:15:00,241.71,110,active
SH_1513,MV_7414,TH_97,SC_697,2024-04-07,20:00:00,382.32,68,active
SH_1514,MV_5345,TH_167,SC_137,2023-03-11,10:15:00,289.5,159,active
SH_1515,MV_7187,TH_413,SC_742,2023-05-21,20:45:00,195.09,123,active
SH_1516,MV_4341,TH_434,SC_145,2025-02-05,21:30:00,459.66,161,active
SH_1517,MV_6637,TH_98,SC_82,2023-04-04,13:15:00,187.4,187,active
SH_1520,MV_6374,TH_480,SC_94,2024-03-25,16:15:00,287.77,76,active
SH_1521,MV_6400,TH_364,SC_656,2025-05-31,18:15:00,209.58,128,active
SH_1522,MV_2209,TH_327,SC_914,2025-04-14,10:45:00,273.9,66,active
SH_1523,MV_2914,TH_476,SC_364,2024-07-13,12:15:00,150.67,119,active
SH_1524,MV_6087,TH_62,SC_56,2023-12-30,14:30:00,383.99,175,active
SH_1525,MV_8081,TH_19,SC_518,2025-05-01,21:00:00,259.52,192,active
SH_1527,MV_817,TH_19,SC_436,2025-07-13,15:45:00,287.64,68,active
SH_1528,MV_1582,TH_457,SC_671,2024-11-04,19:45:00,323.86,113,active
SH_1529,MV_8830,TH_268,SC_394,2024-08-12,17:15:00,369.16,162,active
SH_1530,MV_9107,TH_69,SC_13,2023-07-11,10:00:00,238.25,198,active
SH_1531,MV_5026,TH_219,SC_701,2023-02-09,22:15:00,221.54,130,active
SH_1532,MV_255,TH_321,SC_875,2023-06-04,18:45:00,207.36,141,active
SH_1533,MV_4846,TH_194,SC_889,2023-03-23,13:30:00,421.87,152,active
SH_1534,MV_4513,TH_237,SC_233,2025-05-01,12:15:00,410.35,171,active
SH_1535,MV_2710,TH_104,SC_544,2023-05-21,15:00:00,368.54,50,active
SH_1536,MV_5762,TH_310,SC_643,2023-03-01,12:45:00,471.79,125,active
SH_1537,MV_7007,TH_484,SC_196,2023-09-03,22:30:00,488.37,76,active
SH_1538,MV_7866,TH_202,SC_494,2025-03-15,13:15:00,332.88,128,active
SH_1539,MV_5232,TH_477,SC_57,2023-11-14,20:15:00,322.3,181,active
SH_1540,MV_6621,TH_486,SC_939,2024-09-21,11:45:00,213.1,180,active
SH_1542,MV_8949,TH_183,SC_904,2024-08-11,12:00:00,237.78,124,active
SH_1543,MV_3002,TH_97,SC_360,2024-10-29,11:15:00,157.45,127,active
SH_1544,MV_4851,TH_26,SC_824,2024-10-01,13:30:00,239.39,190,active
SH_1546,MV_9909,TH_155,SC_461,2024-07-02,12:30:00,260.26,126,active
SH_1547,MV_4627,TH_446,SC_961,2023-05-16,19:15:00,214.28,138,active
SH_1548,MV_3738,TH_282,SC_260,2023-08-31,13:00:00,337.9,197,active
SH_1550,MV_4775,TH_360,SC_35,2025-08-27,17:00:00,417.19,57,active
SH_1551,MV_2491,TH_149,SC_231,2025-05-10,11:00:00,284.47,137,active
SH_1552,MV_5583,TH_462,SC_198,2024-11-12,15:15:00,364.01,86,active
SH_1553,MV_7220,TH_270,SC_351,2024-03-29,18:30:00,187.92,104,active
SH_1554,MV_1657,TH_490,SC_552,2023-01-30,17:45:00,252.56,71,active
SH_1555,MV_2839,TH_464,SC_137,2024-12-30,12:00:00,470.36,144,active
SH_1556,MV_9634,TH_67,SC_113,2024-08-02,17:00:00,388.98,60,active
SH_1557,MV_3171,TH_330,SC_131,2023-04-11,18:00:00,267.92,154,active
SH_1559,MV_4081,TH_232,SC_345,2023-06-03,20:45:00,178.22,141,active
SH_1560,MV_4972,TH_19,SC_683,2025-05-02,15:30:00,456.27,57,active
SH_1561,MV_5236,TH_473,SC_546,2023-09-23,17:45:00,263.57,165,active
SH_1562,MV_5390,TH_318,SC_511,2024-02-04,16:30:00,225.35,150,active
SH_1563,MV_4566,TH_39,SC_46,2024-06-06,20:15:00,253.42,113,active
SH_1564,MV_332,TH_157,SC_436,2023-03-01,11:15:00,488.64,164,active
SH_1565,MV_6185,TH_404,SC_17,2024-12-01,21:00:00,241.47,104,active
SH_1566,MV_9932,TH_46,SC_740,2025-11-26,22:15:00,287.54,71,active
SH_1567,MV_7346,TH_452,SC_106,2024-09-16,20:15:00,234.84,191,active
SH_1569,MV_6966,TH_307,SC_65,2024-02-09,12:00:00,494.14,139,active
SH_1570,MV_337,TH_359,SC_456,2024-10-28,22:30:00,495.2,196,active
SH_1571,MV_3330,TH_327,SC_290,2025-10-03,18:15:00,351.94,119,active
SH_1572,MV_3881,TH_487,SC_679,2023-09-06,12:30:00,346.84,148,active
SH_1573,MV_7423,TH_101,SC_470,2025-08-31,10:15:00,422.14,89,active
SH_1574,MV_9864,TH_12,SC_359,2023-07-25,15:45:00,165.49,77,active
SH_1575,MV_3871,TH_110,SC_150,2025-09-12,14:15:00,381.21,152,active
SH_1576,MV_8369,TH_234,SC_521,2024-08-25,17:30:00,193.51,172,active
SH_1577,MV_8070,TH_64,SC_911,2025-10-30,13:45:00,233.24,195,active
SH_1578,MV_7401,TH_430,SC_353,2025-08-28,20:45:00,281.77,108,active
SH_1580,MV_1889,TH_366,SC_996,2024-10-15,11:45:00,466.82,53,active
SH_1581,MV_7107,TH_197,SC_64,2023-06-12,16:15:00,456.37,178,active
SH_1582,MV_7827,TH_403,SC_450,2025-05-13,13:15:00,482.12,52,active
SH_1583,MV_8879,TH_411,SC_905,2025-11-26,14:45:00,177.22,126,active
SH_1584,MV_4397,TH_456,SC_2,2024-10-19,20:15:00,371.38,132,active
SH_1585,MV_2055,TH_485,SC_545,2024-09-13,15:45:00,364.15,198,active
SH_1586,MV_5761,TH_352,SC_536,2025-06-11,11:00:00,473.9,171,active
SH_1588,MV_4784,TH_340,SC_711,2024-04-19,14:00:00,259.98,170,active
SH_1589,MV_2962,TH_345,SC_901,2023-05-01,18:45:00,484.76,77,active
SH_1590,MV_8037,TH_43,SC_942,2023-03-11,11:30:00,203.69,176,active
SH_1591,MV_1803,TH_77,SC_170,2024-07-22,22:45:00,429.83,71,active
SH_1592,MV_6634,TH_123,SC_656,2025-10-16,20:15:00,325.79,70,active
SH_1593,MV_2952,TH_392,SC_158,2025-10-30,22:45:00,377.38,82,active
SH_1594,MV_4427,TH_204,SC_618,2025-07-23,18:45:00,392.38,109,active
SH_1595,MV_2139,TH_7,SC_800,2025-06-18,17:30:00,478.46,80,active
SH_1597,MV_8927,TH_54,SC_666,2025-08-10,15:30:00,174.49,139,active
SH_1598,MV_594,TH_363,SC_325,2024-06-16,13:45:00,222.62,107,active
SH_1599,MV_7572,TH_495,SC_950,2025-12-23,18:30:00,471.02,78,active
SH_1600,MV_6240,TH_152,SC_839,2023-08-14,21:45:00,378.57,197,active
SH_1602,MV_1250,TH_220,SC_33,2023-09-08,21:15:00,206.52,150,active
SH_1603,MV_6274,TH_140,SC_333,2025-11-08,19:30:00,392.06,75,active
SH_1605,MV_6999,TH_333,SC_152,2023-11-03,11:30:00,161.74,138,active
SH_1606,MV_5056,TH_249,SC_981,2023-09-14,21:15:00,287.3,194,active
SH_1607,MV_352,TH_283,SC_550,2025-07-31,17:45:00,390.77,59,active
SH_1608,MV_96,TH_491,SC_86,2025-03-31,22:30:00,317.84,169,active
SH_1609,MV_455,TH_44,SC_426,2025-02-15,12:30:00,243.34,79,active
SH_1611,MV_3168,TH_312,SC_551,2025-06-12,22:30:00,466.73,177,active
SH_1612,MV_5420,TH_49,SC_1,2023-08-07,13:15:00,377.82,50,active
SH_1613,MV_4247,TH_230,SC_517,2024-09-15,19:30:00,209.85,108,active
SH_1614,MV_9117,TH_460,SC_135,2023-11-29,14:15:00,303.09,199,active
SH_1615,MV_7389,TH_379,SC_57,2025-09-23,14:30:00,296.18,75,active
SH_1616,MV_8981,TH_150,SC_240,2025-09-10,11:30:00,297.7,132,active
SH_1617,MV_8384,TH_122,SC_84,2025-07-17,14:00:00,188.34,113,active
SH_1618,MV_6134,TH_6,SC_21,2025-03-16,19:45:00,428.9,64,active
SH_1619,MV_9334,TH_199,SC_619,2024-03-27,11:30:00,420.95,197,active
SH_1620,MV_2989,TH_290,SC_888,2024-12-14,22:30:00,430.59,128,active
SH_1621,MV_651,TH_422,SC_914,2023-04-04,22:30:00,178.47,55,active
SH_1623,MV_4189,TH_299,SC_174,2023-06-28,16:15:00,478.68,145,active
SH_1624,MV_19,TH_239,SC_868,2024-02-21,18:45:00,484.92,80,active
SH_1625,MV_3049,TH_344,SC_997,2023-03-04,11:30:00,210.04,154,active
SH_1626,MV_6372,TH_155,SC_170,2023-05-08,13:30:00,220.13,85,active
SH_1627,MV_1377,TH_230,SC_781,2023-09-23,13:00:00,196.65,194,active
SH_1628,MV_306,TH_307,SC_552,2024-10-26,18:15:00,361.5,81,active
SH_1629,MV_3971,TH_50,SC_607,2023-09-01,14:45:00,151.76,82,active
SH_1630,MV_1173,TH_239,SC_585,2024-01-28,13:15:00,458.88,194,active
SH_1631,MV_2660,TH_156,SC_867,2025-09-07,11:30:00,452.58,113,active
SH_1632,MV_3434,TH_67,SC_474,2023-10-20,16:15:00,162.29,51,active
SH_1634,MV_2157,TH_119,SC_520,2024-08-12,22:45:00,399.84,103,active
SH_1635,MV_6820,TH_210,SC_125,2024-07-16,19:15:00,476.0,89,active
SH_1637,MV_4210,TH_384,SC_941,2023-11-18,21:15:00,326.56,87,active
SH_1638,MV_4983,TH_437,SC_668,2024-06-15,19:45:00,458.08,121,active
SH_1639,MV_7705,TH_19,SC_260,2025-11-13,22:15:00,193.46,149,active
SH_1640,MV_78,TH_279,SC_400,2023-03-03,11:00:00,186.56,81,active
SH_1641,MV_5247,TH_75,SC_580,2023-10-16,15:15:00,276.43,96,active
SH_1644,MV_9956,TH_205,SC_320,2023-06-21,20:15:00,249.74,80,active
SH_1645,MV_3538,TH_431,SC_964,2024-03-20,14:00:00,321.49,167,active
SH_1646,MV_469,TH_95,SC_264,2025-05-30,15:30:00,244.82,171,active
SH_1647,MV_2990,TH_147,SC_938,2023-12-09,21:00:00,250.15,67,active
SH_1648,MV_2886,TH_119,SC_996,2023-12-26,18:00:00,382.39,117,active
SH_1649,MV_2559,TH_91,SC_991,2023-02-26,10:15:00,242.04,51,active
SH_1650,MV_4772,TH_211,SC_692,2023-05-24,15:00:00,189.98,153,active
SH_1651,MV_1364,TH_377,SC_511,2023-03-04,17:30:00,497.53,71,active
SH_1652,MV_3827,TH_304,SC_952,2024-09-30,18:15:00,181.22,126,active
SH_1653,MV_6247,TH_222,SC_387,2024-01-01,22:30:00,224.24,192,active
SH_1654,MV_710,TH_409,SC_993,2024-10-26,19:45:00,295.22,133,active
SH_1657,MV_111,TH_14,SC_824,2025-09-22,13:00:00,388.81,185,active
SH_1658,MV_7045,TH_163,SC_577,2024-09-11,18:15:00,357.02,98,active
SH_1659,MV_7604,TH_387,SC_159,2023-12-07,17:30:00,228.01,191,active
SH_1660,MV_6833,TH_185,SC_319,2024-04-27,13:15:00,334.39,137,active
SH_1661,MV_6495,TH_207,SC_205,2025-11-08,17:00:00,371.73,187,active
SH_1662,MV_5369,TH_272,SC_994,2023-10-25,15:45:00,392.27,145,active
SH_1663,MV_6475,TH_135,SC_47,2025-01-23,17:15:00,174.4,50,active
SH_1664,MV_8098,TH_269,SC_963,2024-06-06,18:45:00,198.08,121,active
SH_1665,MV_4476,TH_454,SC_758,2025-07-12,13:30:00,438.4,96,active
SH_1666,MV_5788,TH_235,SC_586,2023-06-04,14:00:00,166.86,79,active
SH_1667,MV_7873,TH_214,SC_798,2023-06-25,16:15:00,389.75,146,active
SH_1668,MV_2941,TH_211,SC_730,2024-12-13,19:30:00,491.64,61,active
SH_1669,MV_2711,TH_388,SC_224,2025-05-09,16:15:00,362.1,145,active
SH_1670,MV_2442,TH_104,SC_877,2024-01-19,16:00:00,245.31,124,active
SH_1671,MV_7512,TH_208,SC_45,2025-08-31,21:15:00,378.32,111,active
SH_1672,MV_7216,TH_76,SC_232,2024-08-10,16:00:00,151.09,55,active
SH_1673,MV_3858,TH_159,SC_15,2024-02-10,13:15:00,369.61,152,active
SH_1674,MV_69,TH_133,SC_188,2024-03-18,22:30:00,482.78,139,active
SH_1675,MV_3026,TH_435,SC_599,2023-01-03,11:30:00,173.13,139,active
SH_1677,MV_7680,TH_42,SC_325,2024-12-01,11:45:00,422.49,110,active
SH_1678,MV_3816,TH_213,SC_958,2024-11-09,13:45:00,178.64,148,active
SH_1679,MV_3666,TH_241,SC_468,2023-05-19,22:45:00,309.15,139,active
SH_1680,MV_9117,TH_145,SC_675,2025-03-21,16:45:00,345.45,138,active
SH_1681,MV_5053,TH_460,SC_22,2024-11-27,20:00:00,493.14,73,active
SH_1682,MV_8502,TH_491,SC_24,2025-12-21,13:15:00,449.7,158,active
SH_1683,MV_3902,TH_422,SC_267,2024-08-17,18:30:00,160.66,82,active
SH_1684,MV_3930,TH_475,SC_782,2023-06-27,11:15:00,295.35,150,active
SH_1685,MV_2041,TH_345,SC_597,2025-06-15,21:45:00,189.8,113,active
SH_1686,MV_894,TH_186,SC_545,2025-05-12,18:30:00,365.52,189,active
SH_1687,MV_6540,TH_85,SC_140,2024-11-14,16:15:00,383.8,181,active
SH_1688,MV_5083,TH_345,SC_152,2024-10-06,17:00:00,177.79,137,active
SH_1689,MV_3534,TH_404,SC_622,2025-05-21,15:15:00,241.37,104,active
SH_1690,MV_2548,TH_284,SC_957,2025-07-08,18:45:00,342.07,185,active
SH_1691,MV_7603,TH_68,SC_267,2023-04-11,22:00:00,436.95,148,active
SH_1693,MV_5792,TH_221,SC_577,2023-11-02,18:00:00,189.3,66,active
SH_1694,MV_9843,TH_188,SC_137,2024-02-06,22:15:00,187.39,177,active
SH_1696,MV_8971,TH_304,SC_766,2025-05-18,14:15:00,447.46,166,active
SH_1697,MV_1269,TH_264,SC_262,2024-02-27,22:45:00,267.98,160,active
SH_1698,MV_1100,TH_294,SC_780,2023-03-12,15:30:00,432.54,65,active
SH_1699,MV_7641,TH_163,SC_746,2023-05-24,20:15:00,355.87,86,active
SH_1700,MV_1268,TH_307,SC_76,2025-01-15,17:15:00,278.64,176,active
SH_1701,MV_794,TH_333,SC_868,2023-12-23,11:45:00,169.38,88,active
SH_1702,MV_1302,TH_18,SC_79,2023-11-08,13:15:00,417.44,143,active
SH_1703,MV_8902,TH_188,SC_545,2025-04-17,22:45:00,313.79,152,active
SH_1704,MV_2138,TH_460,SC_275,2025-07-21,17:30:00,260.05,57,active
SH_1705,MV_6397,TH_248,SC_678,2025-01-12,17:00:00,253.21,73,active
SH_1707,MV_8897,TH_220,SC_697,2025-08-15,11:30:00,205.95,163,active
SH_1708,MV_7871,TH_132,SC_964,2025-02-15,12:30:00,481.04,108,active
SH_1710,MV_5413,TH_386,SC_358,2024-04-02,11:30:00,200.22,87,active
SH_1711,MV_9670,TH_16,SC_80,2023-08-13,18:00:00,354.65,110,active
SH_1712,MV_9225,TH_268,SC_285,2023-09-01,19:45:00,371.3,104,active
SH_1713,MV_6991,TH_254,SC_578,2023-12-21,18:30:00,193.26,186,active
SH_1714,MV_8747,TH_1,SC_679,2024-08-03,19:15:00,325.36,116,active
SH_1715,MV_8852,TH_302,SC_881,2025-11-04,21:00:00,406.95,119,active
SH_1716,MV_5430,TH_357,SC_766,2025-02-02,10:00:00,314.58,124,active
SH_1717,MV_7251,TH_391,SC_594,2025-08-17,17:30:00,319.81,173,active
SH_1719,MV_4095,TH_68,SC_868,2024-02-12,13:45:00,180.28,74,active
SH_1721,MV_4850,TH_256,SC_29,2023-05-02,12:00:00,356.5,115,active
SH_1722,MV_8055,TH_436,SC_59,2025-04-13,19:45:00,396.08,194,active
SH_1723,MV_90,TH_205,SC_586,2025-10-10,11:45:00,291.28,137,active
SH_1724,MV_9915,TH_63,SC_721,2023-12-22,16:45:00,167.6,190,active
SH_1726,MV_2827,TH_46,SC_198,2024-04-17,18:15:00,493.5,69,active
SH_1728,MV_812,TH_222,SC_906,2024-10-16,11:45:00,291.0,179,active
SH_1729,MV_7594,TH_113,SC_600,2024-01-10,18:15:00,174.88,190,active
SH_1730,MV_4702,TH_214,SC_633,2024-09-02,11:30:00,435.9,112,active
SH_1732,MV_9124,TH_344,SC_986,2024-01-12,17:00:00,172.37,196,active
SH_1733,MV_8105,TH_335,SC_864,2024-10-30,10:45:00,463.91,103,active
SH_1735,MV_2305,TH_239,SC_397,2023-09-25,18:00:00,414.41,73,active
SH_1736,MV_8600,TH_75,SC_621,2023-06-10,12:45:00,250.93,182,active
SH_1737,MV_5928,TH_193,SC_877,2025-11-10,13:15:00,390.71,98,active
SH_1738,MV_2570,TH_62,SC_369,2024-08-22,18:00:00,460.88,134,active
SH_1739,MV_8913,TH_140,SC_383,2025-06-02,12:45:00,402.34,91,active
SH_1740,MV_446,TH_325,SC_415,2025-07-04,14:15:00,153.69,99,active
SH_1741,MV_3723,TH_129,SC_61,2023-12-30,21:15:00,259.38,198,active
SH_1742,MV_6239,TH_292,SC_117,2024-01-19,21:30:00,254.0,75,active
SH_1743,MV_1785,TH_56,SC_846,2024-06-21,14:45:00,413.64,144,active
SH_1744,MV_9531,TH_109,SC_652,2023-12-01,17:30:00,272.33,192,active
SH_1745,MV_121,TH_483,SC_645,2024-01-28,17:00:00,385.76,193,active
SH_1746,MV_500,TH_136,SC_18,2023-02-24,16:30:00,261.67,99,active
SH_1747,MV_875,TH_428,SC_227,2023-03-25,16:45:00,346.34,150,active
SH_1748,MV_3606,TH_243,SC_19,2023-06-12,22:30:00,157.6,81,active
SH_1749,MV_2209,TH_62,SC_566,2025-04-08,12:15:00,170.67,125,active
SH_1750,MV_4893,TH_155,SC_617,2024-10-06,18:15:00,292.03,125,active
SH_1751,MV_1693,TH_407,SC_946,2023-11-24,18:15:00,220.59,68,active
SH_1752,MV_5191,TH_455,SC_81,2023-05-12,18:15:00,309.55,140,active
SH_1753,MV_27,TH_232,SC_589,2025-10-06,13:15:00,410.77,107,active
SH_1754,MV_1791,TH_237,SC_740,2024-08-08,18:30:00,416.29,159,active
SH_1755,MV_4957,TH_32,SC_290,2024-09-16,18:00:00,257.81,87,active
SH_1756,MV_5161,TH_303,SC_746,2023-07-07,19:15:00,207.73,148,active
SH_1757,MV_2091,TH_470,SC_578,2024-09-19,17:30:00,155.95,161,active
SH_1758,MV_4893,TH_10,SC_839,2023-07-30,22:15:00,436.18,82,active
SH_1759,MV_1150,TH_156,SC_776,2025-05-25,11:00:00,313.06,144,active
SH_1760,MV_3877,TH_116,SC_199,2025-11-01,20:00:00,414.07,182,active
SH_1761,MV_6730,TH_163,SC_711,2025-09-26,14:45:00,157.53,134,active
SH_1762,MV_4183,TH_293,SC_132,2025-03-30,22:45:00,204.86,171,active
SH_1763,MV_9747,TH_390,SC_621,2023-11-30,20:45:00,409.56,91,active
SH_1765,MV_2717,TH_463,SC_270,2023-08-01,16:45:00,361.79,151,active
SH_1766,MV_549,TH_372,SC_65,2025-06-06,19:00:00,238.66,108,active
SH_1767,MV_9828,TH_238,SC_320,2024-08-29,11:15:00,235.73,174,active
SH_1768,MV_3349,TH_123,SC_477,2024-08-23,20:00:00,234.61,77,active
SH_1769,MV_4837,TH_276,SC_485,2023-01-03,16:45:00,435.01,91,active
SH_1770,MV_5478,TH_419,SC_358,2024-10-25,15:15:00,164.9,125,active
SH_1771,MV_7914,TH_443,SC_85,2023-11-13,10:30:00,442.06,107,active
SH_1772,MV_2162,TH_383,SC_755,2025-11-29,14:00:00,475.01,70,active
SH_1773,MV_3499,TH_335,SC_610,2024-05-07,12:30:00,266.66,170,active
SH_1774,MV_1071,TH_286,SC_142,2023-05-20,10:15:00,350.67,75,active
SH_1775,MV_1125,TH_36,SC_746,2023-08-02,16:00:00,164.03,176,active
SH_1776,MV_4754,TH_436,SC_895,2025-02-08,17:45:00,405.81,174,active
SH_1777,MV_8184,TH_34,SC_403,2023-02-09,15:15:00,325.04,167,active
SH_1778,MV_6842,TH_86,SC_762,2024-07-01,14:00:00,258.23,170,active
SH_1779,MV_1536,TH_207,SC_117,2024-12-10,10:30:00,373.66,106,active
SH_1780,MV_5126,TH_306,SC_704,2023-11-04,15:15:00,452.52,199,active
SH_1781,MV_5395,TH_64,SC_37,2024-03-07,16:00:00,377.24,70,active
SH_1782,MV_3054,TH_294,SC_128,2023-12-13,12:00:00,219.17,71,active
SH_1783,MV_4125,TH_401,SC_176,2023-03-27,17:00:00,245.57,158,active
SH_1784,MV_8998,TH_323,SC_323,2025-04-07,14:00:00,386.42,191,active
SH_1785,MV_5596,TH_338,SC_323,2024-11-19,15:45:00,405.66,75,active
SH_1786,MV_878,TH_264,SC_622,2025-10-22,13:15:00,438.72,198,active
SH_1787,MV_6530,TH_21,SC_681,2024-12-16,11:00:00,340.52,153,active
SH_1788,MV_1583,TH_445,SC_474,2024-12-05,21:30:00,371.69,100,active
SH_1789,MV_2364,TH_355,SC_3,2025-05-19,10:00:00,481.42,72,active
SH_1790,MV_1959,TH_80,SC_456,2023-06-24,14:30:00,480.46,79,active
SH_1791,MV_7130,TH_19,SC_479,2025-06-12,20:00:00,194.43,96,active
SH_1792,MV_8926,TH_341,SC_628,2024-12-05,12:30:00,174.4,62,active
SH_1793,MV_3627,TH_152,SC_914,2023-07-21,18:30:00,479.12,191,active
SH_1794,MV_8159,TH_474,SC_792,2023-04-13,22:15:00,304.41,90,active
SH_1795,MV_8161,TH_62,SC_778,2024-09-25,10:30:00,384.59,95,active
SH_1796,MV_8928,TH_262,SC_844,2025-11-25,18:00:00,297.56,196,active
SH_1797,MV_7391,TH_299,SC_596,2025-01-16,10:15:00,236.54,50,active
SH_1798,MV_5294,TH_378,SC_159,2024-07-13,19:45:00,316.37,190,active
SH_1799,MV_1447,TH_349,SC_470,2025-03-26,13:30:00,232.2,175,active
SH_1800,MV_3613,TH_263,SC_205,2024-09-13,19:45:00,252.68,105,active
SH_1801,MV_1552,TH_207,SC_990,2024-07-09,13:45:00,335.36,88,active
SH_1802,MV_4714,TH_42,SC_811,2025-07-02,21:30:00,180.21,164,active
SH_1803,MV_4718,TH_261,SC_142,2024-04-10,18:00:00,194.53,101,active
SH_1804,MV_1062,TH_200,SC_222,2023-07-02,21:15:00,168.84,133,active
SH_1806,MV_571,TH_144,SC_200,2024-02-21,18:15:00,217.36,182,active
SH_1807,MV_4248,TH_475,SC_806,2025-07-26,20:15:00,282.35,144,active
SH_1808,MV_2534,TH_221,SC_177,2023-06-12,12:00:00,174.77,145,active
SH_1809,MV_1365,TH_192,SC_495,2025-10-18,22:15:00,246.01,172,active
SH_1810,MV_853,TH_330,SC_11,2023-05-22,17:00:00,178.83,174,active
SH_1811,MV_4738,TH_376,SC_322,2023-12-15,21:30:00,239.37,184,active
SH_1812,MV_4731,TH_291,SC_336,2024-05-25,16:00:00,235.11,127,active
SH_1813,MV_8213,TH_415,SC_234,2024-10-11,17:00:00,433.06,53,active
SH_1814,MV_3857,TH_17,SC_165,2024-05-14,19:15:00,485.24,110,active
SH_1815,MV_7786,TH_185,SC_94,2024-06-10,21:30:00,352.58,59,active
SH_1816,MV_4085,TH_461,SC_746,2023-07-03,13:15:00,497.8,183,active
SH_1817,MV_4057,TH_132,SC_907,2024-08-17,15:00:00,470.4,123,active
SH_1818,MV_228,TH_177,SC_747,2025-09-12,16:15:00,371.06,141,active
SH_1819,MV_7343,TH_168,SC_72,2024-10-06,17:00:00,286.62,122,active
SH_1820,MV_6316,TH_109,SC_331,2024-01-14,15:45:00,309.45,95,active
SH_1821,MV_876,TH_251,SC_824,2023-08-25,12:45:00,329.0,96,active
SH_1822,MV_3004,TH_451,SC_390,2024-12-18,16:00:00,276.77,115,active
SH_1823,MV_7715,TH_17,SC_562,2024-01-07,22:15:00,463.06,89,active
SH_1824,MV_8797,TH_263,SC_606,2023-11-04,12:15:00,205.4,111,active
SH_1825,MV_1588,TH_414,SC_3,2023-07-03,21:15:00,312.56,106,active
SH_1826,MV_728,TH_480,SC_270,2023-04-15,10:30:00,373.41,177,active
SH_1827,MV_4948,TH_488,SC_554,2025-09-02,21:15:00,354.09,182,active
SH_1828,MV_9377,TH_247,SC_567,2025-10-30,13:15:00,436.79,61,active
SH_1829,MV_3040,TH_499,SC_750,2024-12-30,22:30:00,469.13,187,active
SH_1830,MV_83,TH_361,SC_275,2023-12-21,19:45:00,275.97,99,active
SH_1831,MV_793,TH_124,SC_781,2024-11-26,17:30:00,328.58,135,active
SH_1832,MV_7791,TH_47,SC_447,2025-06-28,12:45:00,446.63,124,active
SH_1834,MV_1198,TH_195,SC_916,2023-05-10,17:00:00,410.07,131,active
SH_1835,MV_8603,TH_187,SC_288,2025-05-19,12:45:00,277.37,80,active
SH_1836,MV_6752,TH_37,SC_715,2024-10-10,16:00:00,309.23,105,active
SH_1837,MV_8043,TH_385,SC_703,2023-11-11,19:30:00,335.88,104,active
SH_1839,MV_7525,TH_369,SC_707,2025-01-27,14:45:00,166.03,167,active
SH_1840,MV_5861,TH_44,SC_358,2023-07-14,20:45:00,225.35,158,active
SH_1842,MV_5602,TH_286,SC_134,2023-03-31,22:30:00,489.49,161,active
SH_1844,MV_596,TH_33,SC_485,2024-03-06,12:30:00,292.83,138,active
SH_1845,MV_7753,TH_72,SC_200,2025-08-02,12:15:00,357.46,162,active
SH_1846,MV_6473,TH_424,SC_704,2023-12-17,16:15:00,419.52,112,active
SH_1848,MV_7167,TH_379,SC_730,2024-03-28,11:15:00,407.67,142,active
SH_1849,MV_4693,TH_200,SC_900,2024-11-12,15:15:00,214.87,113,active
SH_1850,MV_1037,TH_237,SC_144,2024-01-23,13:45:00,161.54,56,active
SH_1851,MV_484,TH_196,SC_848,2024-06-22,12:00:00,371.79,110,active
SH_1852,MV_5465,TH_430,SC_308,2023-11-29,22:15:00,362.82,197,active
SH_1853,MV_5372,TH_151,SC_472,2025-02-06,11:00:00,434.32,186,active
SH_1854,MV_9438,TH_474,SC_429,2024-04-18,22:15:00,498.21,62,active
SH_1855,MV_3744,TH_273,SC_282,2024-03-20,20:00:00,365.06,53,active
SH_1856,MV_9922,TH_161,SC_44,2024-03-01,10:30:00,378.03,90,active
SH_1857,MV_1354,TH_20,SC_822,2025-04-01,21:45:00,280.33,116,active
SH_1858,MV_7965,TH_108,SC_714,2023-05-24,11:45:00,414.22,135,active
SH_1859,MV_3031,TH_332,SC_292,2025-09-06,12:45:00,481.63,88,active
SH_1860,MV_6754,TH_59,SC_914,2025-07-26,14:45:00,210.47,92,active
SH_1861,MV_2787,TH_136,SC_53,2025-11-09,11:45:00,265.94,131,active
SH_1862,MV_26,TH_103,SC_637,2025-08-01,16:15:00,175.38,56,active
SH_1863,MV_8921,TH_498,SC_472,2023-04-04,19:00:00,421.86,138,active
SH_1864,MV_7867,TH_426,SC_221,2023-07-30,21:30:00,194.79,94,active
SH_1865,MV_2622,TH_216,SC_652,2023-02-01,11:30:00,432.84,177,active
SH_1866,MV_3882,TH_185,SC_807,2025-11-18,11:15:00,441.81,162,active
SH_1867,MV_6292,TH_458,SC_889,2025-04-17,14:15:00,302.88,111,active
SH_1868,MV_1389,TH_445,SC_193,2023-03-28,11:00:00,365.44,169,active
SH_1869,MV_9275,TH_498,SC_765,2024-09-12,20:45:00,434.04,186,active
SH_1870,MV_2333,TH_17,SC_46,2024-12-19,18:15:00,481.78,159,active
SH_1871,MV_7970,TH_114,SC_963,2024-06-07,12:15:00,156.92,87,active
SH_1872,MV_4707,TH_117,SC_795,2025-06-03,16:00:00,420.89,103,active
SH_1873,MV_6249,TH_474,SC_601,2024-09-24,20:15:00,376.24,66,active
SH_1874,MV_5939,TH_114,SC_881,2025-12-24,16:30:00,207.43,123,active
SH_1875,MV_505,TH_249,SC_952,2024-06-29,12:15:00,468.47,51,active
SH_1876,MV_2487,TH_210,SC_493,2025-04-13,15:30:00,438.32,180,active
SH_1877,MV_416,TH_10,SC_719,2024-11-17,13:45:00,235.66,58,active
SH_1878,MV_7330,TH_419,SC_327,2023-11-01,18:00:00,368.01,123,active
SH_1879,MV_3865,TH_419,SC_578,2023-02-26,14:45:00,249.27,77,active
SH_1880,MV_2005,TH_169,SC_700,2025-08-02,10:15:00,414.9,121,active
SH_1883,MV_9278,TH_31,SC_494,2024-06-20,16:30:00,435.37,144,active
SH_1885,MV_971,TH_459,SC_12,2025-12-25,12:30:00,450.33,143,active
SH_1886,MV_2655,TH_148,SC_85,2025-07-31,22:00:00,236.91,95,active
SH_1887,MV_5322,TH_357,SC_399,2024-05-11,17:30:00,301.87,176,active
SH_1888,MV_2946,TH_167,SC_591,2023-04-21,19:00:00,278.59,57,active
SH_1889,MV_3667,TH_204,SC_133,2025-11-02,19:15:00,464.94,58,active
SH_1890,MV_8246,TH_381,SC_336,2024-10-18,14:15:00,460.51,185,active
SH_1891,MV_1049,TH_169,SC_124,2025-07-30,22:30:00,441.49,169,active
SH_1892,MV_9543,TH_141,SC_372,2024-11-19,20:45:00,454.24,146,active
SH_1893,MV_5170,TH_284,SC_400,2025-04-27,22:00:00,185.74,148,active
SH_1894,MV_3747,TH_459,SC_627,2024-04-25,15:45:00,257.72,78,active
SH_1895,MV_9664,TH_43,SC_591,2024-05-14,16:15:00,159.42,143,active
SH_1896,MV_7139,TH_318,SC_846,2023-04-11,17:00:00,172.87,93,active
SH_1897,MV_6731,TH_447,SC_578,2025-07-09,10:00:00,310.27,149,active
SH_1898,MV_644,TH_286,SC_422,2024-09-06,21:00:00,482.56,157,active
SH_1899,MV_62,TH_394,SC_81,2023-11-15,15:15:00,235.84,151,active
SH_1900,MV_641,TH_277,SC_996,2023-06-09,17:00:00,244.44,59,active
SH_1901,MV_3355,TH_192,SC_77,2023-02-07,13:00:00,255.39,157,active
SH_1902,MV_1672,TH_177,SC_208,2023-12-01,20:30:00,403.14,100,active
SH_1903,MV_4884,TH_427,SC_455,2023-05-02,20:45:00,228.81,112,active
SH_1904,MV_1239,TH_390,SC_864,2024-09-08,18:00:00,285.76,62,active
SH_1905,MV_3166,TH_428,SC_69,2024-07-12,10:30:00,264.4,134,active
SH_1906,MV_1986,TH_178,SC_16,2023-11-07,18:30:00,204.51,83,active
SH_1907,MV_3038,TH_99,SC_347,2024-12-13,20:30:00,206.89,142,active
SH_1908,MV_9192,TH_263,SC_550,2023-08-10,14:15:00,210.59,170,active
SH_1909,MV_1560,TH_164,SC_549,2024-05-30,11:30:00,196.0,123,active
SH_1910,MV_1872,TH_51,SC_491,2025-03-14,14:15:00,152.55,98,active
SH_1911,MV_449,TH_324,SC_766,2024-12-10,21:30:00,434.35,80,active
SH_1912,MV_6853,TH_178,SC_285,2025-12-04,10:15:00,200.23,71,active
SH_1913,MV_8888,TH_38,SC_389,2025-03-17,18:00:00,217.33,142,active
SH_1914,MV_6452,TH_269,SC_478,2024-12-26,16:15:00,199.22,118,active
SH_1916,MV_1113,TH_297,SC_567,2023-08-03,21:45:00,162.08,191,active
SH_1917,MV_2831,TH_280,SC_348,2023-11-24,12:45:00,434.03,82,active
SH_1918,MV_4897,TH_181,SC_368,2023-06-15,14:30:00,319.36,87,active
SH_1920,MV_9852,TH_69,SC_285,2024-05-16,15:00:00,465.09,183,active
SH_1921,MV_5256,TH_434,SC_728,2025-08-06,10:30:00,210.19,142,active
SH_1922,MV_7403,TH_45,SC_757,2024-05-27,16:00:00,475.4,85,active
SH_1923,MV_5063,TH_221,SC_417,2023-04-17,13:00:00,240.31,186,active
SH_1924,MV_1403,TH_29,SC_528,2023-02-26,13:30:00,304.09,126,active
SH_1925,MV_77,TH_230,SC_48,2024-10-17,18:15:00,210.83,175,active
SH_1926,MV_3022,TH_335,SC_422,2024-12-13,13:15:00,268.18,52,active
SH_1927,MV_9595,TH_194,SC_293,2023-07-25,17:45:00,355.24,79,active
SH_1928,MV_1154,TH_293,SC_584,2025-03-12,16:00:00,160.2,80,active
SH_1929,MV_1936,TH_54,SC_371,2023-02-28,20:45:00,314.96,137,active
SH_1930,MV_8522,TH_195,SC_204,2023-01-24,22:00:00,154.22,74,active
SH_1931,MV_7004,TH_344,SC_543,2025-12-27,17:45:00,479.72,140,active
SH_1932,MV_2014,TH_264,SC_440,2025-11-03,16:00:00,477.76,166,active
SH_1933,MV_9654,TH_337,SC_236,2023-06-05,15:30:00,357.37,59,active
SH_1935,MV_7833,TH_109,SC_156,2023-12-31,22:15:00,152.47,144,active
SH_1936,MV_4609,TH_271,SC_785,2025-10-06,20:00:00,347.47,53,active
SH_1937,MV_3845,TH_19,SC_765,2025-01-27,20:00:00,163.06,187,active
SH_1939,MV_9514,TH_360,SC_14,2025-12-30,13:00:00,496.03,125,active
SH_1940,MV_310,TH_46,SC_507,2024-03-29,18:00:00,237.49,106,active
SH_1941,MV_2139,TH_296,SC_849,2025-05-12,18:45:00,218.76,197,active
SH_1942,MV_7719,TH_15,SC_327,2023-01-13,12:00:00,340.97,167,active
SH_1943,MV_3550,TH_119,SC_218,2023-08-02,21:30:00,393.23,63,active
SH_1944,MV_3125,TH_339,SC_564,2023-10-01,16:00:00,231.92,100,active
SH_1945,MV_2764,TH_72,SC_593,2025-01-24,16:30:00,490.28,194,active
SH_1946,MV_7945,TH_208,SC_365,2025-05-31,12:45:00,482.37,141,active
SH_1947,MV_2051,TH_370,SC_224,2025-09-05,14:30:00,256.62,93,active
SH_1948,MV_726,TH_159,SC_96,2024-01-20,19:45:00,222.07,160,active
SH_1949,MV_2005,TH_449,SC_75,2025-06-02,19:30:00,328.86,198,active
SH_1950,MV_5010,TH_40,SC_518,2025-05-11,10:00:00,421.35,138,active
SH_1951,MV_7580,TH_379,SC_430,2024-11-08,11:00:00,263.2,86,active
SH_1952,MV_4498,TH_431,SC_320,2024-02-14,11:30:00,350.55,103,active
SH_1953,MV_2637,TH_81,SC_140,2025-09-21,21:15:00,313.89,175,active
SH_1954,MV_7936,TH_366,SC_980,2024-05-24,12:00:00,499.42,74,active
SH_1955,MV_3371,TH_119,SC_408,2025-03-08,20:15:00,300.72,151,active
SH_1956,MV_2847,TH_239,SC_528,2024-09-27,16:45:00,488.66,155,active
SH_1957,MV_6172,TH_19,SC_739,2024-04-17,18:45:00,278.12,80,active
SH_1958,MV_3974,TH_121,SC_740,2023-03-06,12:30:00,166.24,158,active
SH_1960,MV_5198,TH_208,SC_566,2025-08-03,11:45:00,219.46,84,active
SH_1961,MV_8132,TH_324,SC_760,2023-05-12,10:15:00,403.85,128,active
SH_1962,MV_8100,TH_68,SC_939,2025-06-18,17:15:00,326.4,60,active
SH_1963,MV_6769,TH_101,SC_188,2024-11-22,15:45:00,494.29,179,active
SH_1964,MV_1480,TH_211,SC_967,2023-01-16,15:45:00,205.31,167,active
SH_1965,MV_7975,TH_206,SC_327,2023-10-31,16:45:00,314.79,142,active
SH_1966,MV_1225,TH_436,SC_766,2025-09-15,17:15:00,363.95,54,active
SH_1967,MV_7992,TH_118,SC_710,2025-12-05,16:45:00,213.8,199,active
SH_1968,MV_7607,TH_258,SC_679,2025-10-31,15:15:00,243.64,73,active
SH_1969,MV_7917,TH_97,SC_766,2024-11-14,16:45:00,342.98,103,active
SH_1970,MV_2267,TH_134,SC_267,2024-07-23,17:15:00,435.71,160,active
SH_1971,MV_7490,TH_110,SC_687,2023-04-27,18:15:00,373.96,86,active
SH_1972,MV_5657,TH_372,SC_38,2025-12-19,22:30:00,151.25,111,active
SH_1973,MV_5360,TH_243,SC_943,2023-08-07,19:30:00,287.39,98,active
SH_1974,MV_5661,TH_385,SC_613,2024-12-09,18:45:00,242.18,143,active
SH_1975,MV_5287,TH_63,SC_89,2024-04-10,19:15:00,392.53,113,active
SH_1976,MV_4917,TH_125,SC_124,2025-02-21,21:30:00,207.4,114,active
SH_1977,MV_7128,TH_461,SC_366,2023-09-25,18:00:00,232.81,61,active
SH_1978,MV_5843,TH_78,SC_951,2024-10-14,14:00:00,220.7,84,active
SH_1979,MV_3605,TH_115,SC_839,2024-08-23,14:15:00,382.44,77,active
SH_1982,MV_5321,TH_257,SC_629,2023-09-07,22:45:00,195.58,192,active
SH_1983,MV_62,TH_468,SC_116,2024-01-09,14:30:00,196.87,84,active
SH_1984,MV_1020,TH_341,SC_212,2024-08-30,18:00:00,396.56,65,active
SH_1985,MV_1286,TH_205,SC_199,2023-11-26,17:00:00,349.87,125,active
SH_1987,MV_121,TH_368,SC_562,2023-08-21,14:15:00,273.87,113,active
SH_1988,MV_3997,TH_7,SC_202,2023-01-19,13:00:00,431.21,142,active
SH_1990,MV_8494,TH_294,SC_888,2023-10-24,14:00:00,478.59,179,active
SH_1991,MV_3870,TH_151,SC_51,2024-03-12,18:15:00,197.2,170,active
SH_1992,MV_3371,TH_357,SC_937,2024-07-08,17:00:00,307.82,74,active
SH_1993,MV_4984,TH_315,SC_321,2023-11-02,20:45:00,293.49,88,active
SH_1994,MV_5382,TH_191,SC_212,2023-05-19,21:00:00,240.74,126,active
SH_1996,MV_3611,TH_26,SC_258,2025-11-19,11:00:00,330.48,94,active
SH_1997,MV_5967,TH_283,SC_148,2023-11-01,15:00:00,355.81,165,active
SH_1998,MV_3094,TH_351,SC_339,2025-08-30,22:45:00,437.36,124,active
SH_1999,MV_8572,TH_434,SC_955,2025-10-06,11:30:00,404.48,121,active
SH_2000,MV_7282,TH_471,SC_114,2024-09-02,19:15:00,256.74,91,active
SH_2001,MV_9204,TH_328,SC_583,2025-04-09,19:45:00,278.79,99,active
SH_2002,MV_2567,TH_307,SC_281,2025-08-21,17:00:00,275.01,50,active
SH_2003,MV_1420,TH_188,SC_413,2024-01-01,14:30:00,307.7,77,active
SH_2004,MV_9960,TH_85,SC_456,2024-04-09,16:45:00,222.55,98,active
SH_2006,MV_4376,TH_304,SC_874,2024-04-22,20:00:00,351.85,69,active
SH_2007,MV_5269,TH_373,SC_368,2023-03-03,12:15:00,365.78,104,active
SH_2008,MV_1965,TH_306,SC_467,2024-11-09,14:00:00,207.57,64,active
SH_2009,MV_9323,TH_446,SC_776,2023-08-30,12:30:00,390.9,113,active
SH_2010,MV_5499,TH_319,SC_531,2023-12-23,20:00:00,429.94,132,active
SH_2011,MV_2339,TH_118,SC_657,2023-05-15,14:30:00,357.88,182,active
SH_2012,MV_7060,TH_193,SC_224,2024-05-15,21:30:00,329.01,158,active
SH_2013,MV_8404,TH_187,SC_269,2025-06-20,21:30:00,232.61,126,active
SH_2014,MV_9331,TH_370,SC_848,2024-07-01,13:30:00,331.86,196,active
SH_2015,MV_6779,TH_207,SC_891,2025-07-08,12:00:00,252.03,108,active
SH_2016,MV_707,TH_223,SC_655,2024-07-07,17:45:00,344.37,191,active
SH_2017,MV_1132,TH_452,SC_282,2024-11-08,11:15:00,202.68,149,active
SH_2018,MV_8813,TH_203,SC_725,2023-03-12,12:45:00,429.91,199,active
SH_2019,MV_9084,TH_263,SC_399,2023-03-09,13:45:00,415.29,176,active
SH_2020,MV_4292,TH_88,SC_555,2024-02-04,14:00:00,494.21,154,active
SH_2021,MV_8529,TH_410,SC_468,2024-12-04,10:45:00,164.36,56,active
SH_2022,MV_7368,TH_493,SC_655,2024-04-08,11:30:00,226.55,162,active
SH_2023,MV_6996,TH_94,SC_67,2023-01-24,17:00:00,428.45,185,active
SH_2024,MV_1980,TH_496,SC_435,2023-05-18,15:30:00,274.13,100,active
SH_2025,MV_4916,TH_481,SC_344,2023-03-10,14:15:00,475.38,117,active
SH_2026,MV_2696,TH_246,SC_94,2023-05-11,14:15:00,408.18,79,active
SH_2027,MV_2101,TH_480,SC_970,2025-09-26,17:30:00,226.85,94,active
SH_2028,MV_4725,TH_481,SC_587,2023-05-13,18:15:00,156.49,176,active
SH_2029,MV_4283,TH_150,SC_857,2024-01-02,20:15:00,431.34,162,active
SH_2030,MV_8586,TH_67,SC_862,2023-08-20,12:45:00,257.25,72,active
SH_2031,MV_1628,TH_241,SC_63,2025-05-12,12:15:00,366.28,185,active
SH_2032,MV_7334,TH_431,SC_860,2024-05-09,14:15:00,476.73,116,active
SH_2033,MV_4149,TH_147,SC_156,2025-09-23,17:00:00,243.37,119,active
SH_2034,MV_6211,TH_488,SC_509,2023-07-19,15:45:00,454.48,185,active
SH_2035,MV_6150,TH_476,SC_469,2023-10-11,21:00:00,225.54,139,active
SH_2036,MV_2751,TH_327,SC_919,2025-06-28,14:15:00,419.38,145,active
SH_2037,MV_3212,TH_500,SC_387,2025-03-20,14:45:00,220.12,128,active
SH_2038,MV_4903,TH_194,SC_152,2025-12-05,22:45:00,273.37,92,active
SH_2039,MV_9066,TH_308,SC_750,2023-09-14,17:30:00,463.65,122,active
SH_2040,MV_133,TH_346,SC_806,2024-12-24,11:30:00,476.67,127,active
SH_2041,MV_1217,TH_99,SC_183,2023-09-14,18:30:00,465.83,186,active
SH_2042,MV_7556,TH_86,SC_150,2023-12-06,19:00:00,300.75,139,active
SH_2043,MV_7009,TH_155,SC_159,2025-07-22,16:00:00,329.72,138,active
SH_2044,MV_105,TH_125,SC_673,2023-05-11,19:00:00,223.2,58,active
SH_2045,MV_6648,TH_393,SC_11,2023-06-30,12:30:00,176.21,76,active
SH_2047,MV_850,TH_152,SC_157,2023-04-18,11:45:00,348.58,172,active
SH_2048,MV_5779,TH_400,SC_715,2023-08-09,15:45:00,460.53,129,active
SH_2049,MV_9006,TH_382,SC_137,2025-07-11,15:45:00,470.3,65,active
SH_2050,MV_7187,TH_115,SC_524,2024-12-23,11:30:00,168.54,119,active
SH_2051,MV_3808,TH_4,SC_2,2023-10-30,12:30:00,276.03,83,active
SH_2052,MV_2135,TH_36,SC_483,2023-01-09,18:45:00,402.53,199,active
SH_2053,MV_3724,TH_393,SC_256,2024-07-07,12:00:00,326.65,105,active
SH_2054,MV_8441,TH_93,SC_146,2023-06-27,21:15:00,468.94,91,active
SH_2055,MV_9971,TH_485,SC_14,2024-03-30,16:15:00,166.89,140,active
SH_2057,MV_808,TH_155,SC_798,2024-08-11,16:00:00,460.08,115,active
SH_2058,MV_8396,TH_440,SC_505,2024-12-11,17:30:00,378.9,141,active
SH_2059,MV_1989,TH_427,SC_999,2023-06-22,22:15:00,446.04,59,active
SH_2060,MV_8783,TH_107,SC_727,2025-12-18,16:00:00,227.26,87,active
SH_2061,MV_9491,TH_54,SC_290,2023-08-13,12:00:00,274.7,124,active
SH_2062,MV_6871,TH_2,SC_8,2024-02-21,21:30:00,392.97,81,active
SH_2063,MV_9194,TH_489,SC_290,2023-08-16,20:45:00,421.3,77,active
SH_2064,MV_2594,TH_92,SC_161,2024-01-11,12:45:00,461.27,136,active
SH_2065,MV_9997,TH_387,SC_494,2024-08-13,10:15:00,271.73,174,active
SH_2066,MV_8818,TH_169,SC_689,2024-07-31,16:30:00,484.31,138,active
SH_2067,MV_994,TH_205,SC_360,2025-04-27,18:45:00,283.32,108,active
SH_2068,MV_6170,TH_92,SC_275,2024-03-12,14:45:00,164.21,196,active
SH_2069,MV_6362,TH_311,SC_697,2023-01-17,19:45:00,377.13,82,active
SH_2070,MV_3859,TH_113,SC_787,2023-05-12,12:00:00,250.27,97,active
SH_2071,MV_5511,TH_323,SC_761,2025-03-30,17:00:00,283.16,92,active
SH_2072,MV_4360,TH_23,SC_186,2023-10-23,19:15:00,193.63,169,active
SH_2073,MV_8110,TH_218,SC_419,2025-01-26,19:45:00,202.87,102,active
SH_2074,MV_9277,TH_424,SC_746,2024-10-07,17:30:00,151.68,106,active
SH_2075,MV_2721,TH_98,SC_43,2023-09-05,22:30:00,285.19,162,active
SH_2076,MV_9158,TH_48,SC_549,2023-04-06,14:15:00,386.98,92,active
SH_2077,MV_13,TH_389,SC_29,2024-06-01,11:30:00,179.39,152,active
SH_2078,MV_7254,TH_167,SC_123,2023-05-24,20:45:00,323.29,151,active
SH_2079,MV_4713,TH_208,SC_647,2025-08-11,17:30:00,266.06,132,active
SH_2080,MV_5116,TH_19,SC_153,2025-04-28,17:00:00,244.16,85,active
SH_2081,MV_6659,TH_379,SC_457,2023-05-07,16:15:00,341.41,126,active
SH_2082,MV_982,TH_446,SC_196,2023-08-31,16:15:00,273.74,127,active
SH_2083,MV_5918,TH_243,SC_733,2023-07-04,14:30:00,292.68,105,active
SH_2084,MV_8192,TH_318,SC_453,2025-11-12,12:00:00,475.2,62,active
SH_2085,MV_7432,TH_205,SC_567,2025-06-06,22:45:00,474.12,65,active
SH_2086,MV_8550,TH_423,SC_319,2025-05-03,17:45:00,458.86,103,active
SH_2087,MV_9028,TH_412,SC_765,2025-08-05,17:00:00,448.88,183,active
SH_2088,MV_7716,TH_53,SC_414,2024-08-30,17:00:00,285.98,60,active
SH_2089,MV_6899,TH_156,SC_458,2024-12-05,12:00:00,384.6,135,active
SH_2090,MV_5594,TH_43,SC_613,2024-10-01,14:45:00,151.27,177,active
SH_2092,MV_7164,TH_427,SC_230,2024-03-04,10:30:00,175.04,62,active
SH_2093,MV_3109,TH_339,SC_828,2024-06-25,22:15:00,325.85,65,active
SH_2095,MV_2565,TH_181,SC_145,2023-10-15,13:00:00,187.07,178,active
SH_2096,MV_934,TH_67,SC_790,2025-10-13,13:45:00,204.02,166,active
SH_2097,MV_2405,TH_285,SC_915,2024-07-17,22:00:00,163.05,51,active
SH_2098,MV_5600,TH_376,SC_264,2025-04-11,17:45:00,321.55,150,active
SH_2099,MV_8393,TH_269,SC_860,2023-09-07,22:45:00,368.25,166,active
SH_2100,MV_3616,TH_233,SC_355,2023-12-25,14:45:00,201.39,83,active
SH_2103,MV_9013,TH_314,SC_929,2024-10-17,20:00:00,320.59,110,active
SH_2104,MV_896,TH_113,SC_369,2023-09-21,16:30:00,375.26,184,active
SH_2105,MV_4525,TH_127,SC_849,2025-09-28,12:45:00,238.45,90,active
SH_2106,MV_4908,TH_362,SC_995,2024-06-27,15:00:00,227.41,180,active
SH_2107,MV_775,TH_231,SC_135,2024-10-18,22:15:00,456.33,148,active
SH_2109,MV_2645,TH_369,SC_232,2024-03-08,15:15:00,330.1,146,active
SH_2110,MV_5215,TH_169,SC_70,2023-10-12,16:00:00,309.22,61,active
SH_2111,MV_1377,TH_465,SC_652,2023-08-09,17:15:00,218.86,64,active
SH_2112,MV_7123,TH_90,SC_475,2024-05-10,20:45:00,303.79,143,active
SH_2113,MV_4433,TH_449,SC_369,2023-06-10,22:15:00,166.54,92,active
SH_2115,MV_2775,TH_57,SC_89,2023-12-11,10:00:00,467.65,189,active
SH_2116,MV_1814,TH_348,SC_996,2023-04-03,15:45:00,376.75,79,active
SH_2117,MV_4452,TH_342,SC_84,2023-07-07,14:30:00,455.89,104,active
SH_2118,MV_493,TH_283,SC_508,2025-02-10,17:30:00,202.29,193,active
SH_2121,MV_3426,TH_332,SC_166,2024-12-30,19:00:00,405.71,95,active
SH_2122,MV_5590,TH_302,SC_961,2024-04-05,13:00:00,463.38,89,active
SH_2123,MV_3220,TH_122,SC_773,2023-06-03,11:30:00,226.13,182,active
SH_2124,MV_1514,TH_75,SC_317,2025-02-13,12:15:00,291.86,96,active
SH_2125,MV_9384,TH_82,SC_312,2023-08-15,12:00:00,443.04,163,active
SH_2127,MV_152,TH_498,SC_863,2025-12-15,15:00:00,152.4,100,active
SH_2128,MV_7064,TH_127,SC_279,2023-07-05,21:15:00,166.69,116,active
SH_2129,MV_5637,TH_159,SC_194,2023-11-26,22:00:00,167.17,138,active
SH_2130,MV_8602,TH_124,SC_75,2024-10-08,18:45:00,381.73,101,active
SH_2131,MV_1093,TH_86,SC_907,2023-06-17,22:00:00,195.03,70,active
SH_2132,MV_2382,TH_40,SC_38,2023-03-13,13:45:00,476.96,83,active
SH_2133,MV_9732,TH_397,SC_904,2023-11-15,13:00:00,284.63,66,active
SH_2134,MV_7544,TH_418,SC_693,2025-09-28,12:30:00,193.93,148,active
SH_2135,MV_8256,TH_258,SC_767,2025-02-23,15:30:00,444.18,190,active
SH_2136,MV_5322,TH_351,SC_116,2025-02-24,12:00:00,378.29,63,active
SH_2138,MV_9846,TH_250,SC_537,2024-08-02,16:45:00,426.87,122,active
SH_2139,MV_9140,TH_483,SC_106,2024-08-08,21:30:00,331.9,62,active
SH_2140,MV_4595,TH_178,SC_134,2023-03-08,15:00:00,183.24,78,active
SH_2141,MV_2722,TH_210,SC_866,2024-10-30,22:15:00,410.05,142,active
SH_2142,MV_150,TH_329,SC_39,2025-09-21,20:45:00,435.08,149,active
SH_2143,MV_8757,TH_190,SC_566,2025-12-28,14:15:00,165.92,162,active
SH_2144,MV_1700,TH_485,SC_835,2024-11-14,11:45:00,442.23,97,active
SH_2146,MV_3946,TH_112,SC_938,2025-06-21,18:30:00,408.27,60,active
SH_2147,MV_3549,TH_226,SC_688,2025-07-09,11:15:00,466.22,106,active
SH_2148,MV_3796,TH_436,SC_218,2025-11-04,16:30:00,211.77,180,active
SH_2149,MV_3028,TH_81,SC_577,2024-08-12,18:00:00,364.71,173,active
SH_2150,MV_5676,TH_135,SC_659,2023-04-16,11:15:00,475.8,195,active
SH_2151,MV_5037,TH_273,SC_2,2025-09-23,15:30:00,246.79,84,active
SH_2152,MV_8452,TH_431,SC_655,2023-06-29,21:30:00,400.51,153,active
SH_2153,MV_1125,TH_93,SC_179,2025-01-14,15:30:00,245.87,96,active
SH_2155,MV_1761,TH_423,SC_608,2024-04-05,16:15:00,353.45,71,active
SH_2156,MV_7057,TH_294,SC_44,2025-01-28,21:45:00,365.68,176,active
SH_2157,MV_21,TH_159,SC_23,2025-12-03,14:45:00,407.49,165,active
SH_2158,MV_8027,TH_500,SC_359,2024-05-26,20:30:00,455.33,187,active
SH_2159,MV_7419,TH_222,SC_989,2024-05-30,10:15:00,312.68,185,active
SH_2160,MV_9703,TH_118,SC_329,2024-04-16,18:00:00,490.62,84,active
SH_2161,MV_1546,TH_311,SC_850,2025-06-27,13:15:00,164.46,131,active
SH_2162,MV_3039,TH_327,SC_765,2023-11-08,20:00:00,381.96,181,active
SH_2163,MV_8422,TH_211,SC_467,2023-03-17,13:15:00,183.38,116,active
SH_2164,MV_7378,TH_452,SC_483,2023-10-10,22:45:00,300.95,127,active
SH_2165,MV_6938,TH_283,SC_296,2025-12-04,22:30:00,222.06,171,active
SH_2167,MV_356,TH_464,SC_768,2024-11-08,14:00:00,459.07,98,active
SH_2168,MV_359,TH_30,SC_106,2024-07-16,16:00:00,219.17,131,active
SH_2169,MV_9945,TH_103,SC_803,2025-04-20,17:00:00,177.65,106,active
SH_2170,MV_3821,TH_294,SC_483,2025-06-12,14:00:00,164.74,83,active
SH_2171,MV_7486,TH_51,SC_190,2023-11-25,18:45:00,447.45,181,active
SH_2172,MV_8919,TH_238,SC_931,2024-01-14,21:00:00,279.4,69,active
SH_2173,MV_2006,TH_347,SC_75,2024-06-02,12:00:00,243.77,101,active
SH_2174,MV_1287,TH_428,SC_832,2025-12-26,22:00:00,436.73,163,active
SH_2176,MV_7175,TH_288,SC_926,2025-05-05,12:00:00,392.11,162,active
SH_2177,MV_2821,TH_150,SC_98,2025-08-16,10:45:00,263.05,182,active
SH_2178,MV_5712,TH_464,SC_447,2023-10-13,16:00:00,295.48,143,active
SH_2179,MV_526,TH_473,SC_233,2024-10-09,10:30:00,263.41,78,active
SH_2180,MV_8471,TH_460,SC_116,2024-09-09,17:45:00,374.89,145,active
SH_2181,MV_244,TH_435,SC_244,2024-03-31,21:15:00,353.67,154,active
SH_2182,MV_7024,TH_299,SC_296,2023-07-23,22:00:00,391.87,195,active
SH_2184,MV_9169,TH_281,SC_144,2025-06-21,18:30:00,259.55,56,active
SH_2185,MV_1076,TH_427,SC_359,2025-07-25,22:15:00,485.03,59,active
SH_2186,MV_8230,TH_485,SC_121,2025-05-12,17:00:00,230.76,61,active
SH_2188,MV_8849,TH_176,SC_318,2024-08-13,13:30:00,351.43,143,active
SH_2189,MV_6628,TH_224,SC_265,2025-09-03,17:30:00,418.26,82,active
SH_2190,MV_9006,TH_175,SC_862,2023-04-16,17:00:00,202.8,172,active
SH_2192,MV_1269,TH_254,SC_25,2023-05-02,12:00:00,459.69,77,active
SH_2193,MV_6363,TH_155,SC_495,2025-12-28,11:15:00,255.48,194,active
SH_2194,MV_9504,TH_218,SC_680,2024-06-16,15:45:00,334.56,193,active
SH_2195,MV_3654,TH_486,SC_701,2023-05-14,19:00:00,265.81,162,active
SH_2196,MV_417,TH_31,SC_881,2023-01-14,18:45:00,159.54,66,active
SH_2197,MV_2264,TH_487,SC_502,2025-03-03,22:00:00,191.78,184,active
SH_2198,MV_5465,TH_39,SC_615,2025-01-03,14:30:00,477.64,121,active
SH_2199,MV_3988,TH_280,SC_127,2025-02-22,10:00:00,470.92,145,active
SH_2200,MV_4727,TH_459,SC_509,2024-04-27,12:30:00,229.94,89,active
SH_2201,MV_6753,TH_319,SC_234,2023-04-16,22:15:00,375.72,171,active
SH_2202,MV_9251,TH_24,SC_140,2023-03-11,21:30:00,368.83,190,active
SH_2203,MV_9927,TH_456,SC_22,2023-06-12,14:45:00,358.36,103,active
SH_2204,MV_8629,TH_358,SC_485,2025-07-19,19:30:00,205.23,120,active
SH_2205,MV_2220,TH_356,SC_676,2023-04-03,17:30:00,372.9,102,active
SH_2206,MV_4048,TH_27,SC_308,2025-12-08,10:15:00,255.18,97,active
SH_2207,MV_8529,TH_192,SC_731,2023-08-26,20:45:00,224.65,186,active
SH_2208,MV_5294,TH_10,SC_974,2025-07-01,12:45:00,421.67,72,active
SH_2209,MV_8571,TH_441,SC_767,2024-03-14,14:15:00,357.95,122,active
SH_2210,MV_3113,TH_393,SC_121,2023-10-29,18:00:00,498.53,147,active
SH_2211,MV_7832,TH_419,SC_977,2024-01-25,15:45:00,213.3,64,active
SH_2212,MV_7329,TH_367,SC_769,2025-03-04,22:00:00,273.14,113,active
SH_2213,MV_7013,TH_391,SC_84,2025-11-16,12:15:00,171.09,186,active
SH_2214,MV_3693,TH_30,SC_633,2023-03-27,20:45:00,374.1,142,active
SH_2216,MV_3939,TH_346,SC_340,2023-05-22,11:30:00,361.61,91,active
SH_2217,MV_2964,TH_209,SC_619,2023-03-13,14:30:00,304.89,171,active
SH_2218,MV_7359,TH_408,SC_85,2024-01-17,19:15:00,186.12,110,active
SH_2219,MV_199,TH_459,SC_190,2024-08-23,18:00:00,465.52,104,active
SH_2220,MV_797,TH_62,SC_230,2024-05-29,19:00:00,153.95,80,active
SH_2221,MV_3375,TH_453,SC_989,2025-05-01,17:45:00,340.48,92,active
SH_2222,MV_7837,TH_92,SC_395,2025-08-03,21:30:00,378.78,164,active
SH_2223,MV_1787,TH_206,SC_183,2025-12-14,14:30:00,308.0,199,active
SH_2224,MV_5939,TH_245,SC_291,2025-04-23,20:45:00,233.08,132,active
SH_2225,MV_2349,TH_479,SC_673,2023-09-09,16:30:00,396.01,98,active
SH_2226,MV_4211,TH_311,SC_724,2025-10-17,16:45:00,402.72,69,active
SH_2227,MV_2396,TH_125,SC_769,2023-09-30,18:30:00,199.76,70,active
SH_2228,MV_9469,TH_414,SC_447,2025-07-11,10:00:00,262.51,161,active
SH_2229,MV_1076,TH_386,SC_304,2025-03-17,15:00:00,238.36,180,active
SH_2230,MV_1254,TH_240,SC_259,2025-04-02,11:45:00,218.23,56,active
SH_2231,MV_81,TH_367,SC_457,2023-04-17,11:45:00,157.05,105,active
SH_2232,MV_3876,TH_407,SC_652,2023-06-09,13:00:00,322.95,140,active
SH_2233,MV_7755,TH_260,SC_804,2024-02-10,11:15:00,302.42,70,active
SH_2234,MV_1975,TH_444,SC_444,2023-06-03,20:30:00,310.91,198,active
SH_2235,MV_2222,TH_397,SC_880,2025-06-13,16:00:00,387.28,153,active
SH_2236,MV_4675,TH_18,SC_885,2024-05-07,17:15:00,412.56,189,active
SH_2237,MV_8382,TH_300,SC_156,2023-07-01,11:00:00,231.68,99,active
SH_2238,MV_8280,TH_90,SC_363,2025-04-27,12:00:00,367.49,138,active
SH_2239,MV_9590,TH_273,SC_876,2024-08-23,17:00:00,192.43,87,active
SH_2240,MV_9932,TH_7,SC_65,2024-03-27,11:45:00,498.71,70,active
SH_2241,MV_3035,TH_285,SC_303,2024-04-12,15:30:00,491.43,91,active
SH_2242,MV_5927,TH_124,SC_578,2024-04-27,14:15:00,315.83,107,active
SH_2243,MV_6532,TH_431,SC_800,2023-05-18,19:30:00,453.92,144,active
SH_2244,MV_4156,TH_432,SC_674,2025-01-19,15:15:00,340.51,77,active
SH_2245,MV_6729,TH_290,SC_652,2023-12-23,15:30:00,234.52,66,active
SH_2246,MV_7251,TH_263,SC_291,2024-08-04,17:15:00,255.32,144,active
SH_2247,MV_2019,TH_74,SC_68,2025-08-22,17:00:00,444.32,101,active
SH_2248,MV_8750,TH_90,SC_766,2025-02-27,21:45:00,484.8,173,active
SH_2249,MV_1937,TH_478,SC_601,2025-08-30,22:30:00,202.48,98,active
SH_2250,MV_1061,TH_441,SC_47,2024-04-09,19:00:00,200.47,68,active
SH_2251,MV_7103,TH_171,SC_278,2023-01-25,15:30:00,294.99,70,active
SH_2252,MV_9537,TH_234,SC_143,2023-01-13,15:30:00,395.09,199,active
SH_2253,MV_5101,TH_461,SC_629,2023-11-17,20:00:00,158.71,141,active
SH_2254,MV_9586,TH_276,SC_586,2023-02-27,10:30:00,240.61,134,active
SH_2255,MV_4580,TH_291,SC_430,2025-08-23,17:15:00,451.53,67,active
SH_2256,MV_2049,TH_398,SC_276,2024-11-03,18:00:00,229.31,173,active
SH_2257,MV_91,TH_371,SC_427,2024-07-20,17:45:00,379.29,81,active
SH_2258,MV_6868,TH_120,SC_241,2024-01-17,16:45:00,465.62,149,active
SH_2259,MV_6567,TH_308,SC_776,2023-05-19,14:15:00,472.8,65,active
SH_2260,MV_1891,TH_342,SC_778,2023-04-04,17:00:00,189.13,100,active
SH_2261,MV_3251,TH_56,SC_531,2025-12-16,10:30:00,498.84,183,active
SH_2262,MV_5741,TH_241,SC_408,2025-07-04,12:45:00,166.59,139,active
SH_2263,MV_6526,TH_488,SC_995,2024-04-13,22:00:00,484.98,115,active
SH_2264,MV_2694,TH_5,SC_455,2025-07-12,12:00:00,370.32,58,active
SH_2265,MV_7063,TH_83,SC_478,2025-12-15,14:00:00,483.63,132,active
SH_2266,MV_8322,TH_328,SC_814,2025-01-21,11:15:00,423.5,88,active
SH_2267,MV_6366,TH_71,SC_775,2024-09-21,13:00:00,327.64,138,active
SH_2268,MV_6428,TH_17,SC_87,2025-12-20,15:00:00,296.37,107,active
SH_2271,MV_334,TH_491,SC_387,2023-08-07,16:00:00,334.18,182,active
SH_2273,MV_5201,TH_353,SC_259,2024-12-22,13:15:00,298.1,174,active
SH_2274,MV_1229,TH_228,SC_472,2024-09-18,18:15:00,178.8,166,active
SH_2276,MV_9085,TH_190,SC_680,2025-11-21,17:30:00,327.12,71,active
SH_2278,MV_2888,TH_40,SC_194,2023-05-14,20:00:00,336.78,133,active
SH_2279,MV_2063,TH_165,SC_783,2025-05-18,13:00:00,422.97,82,active
SH_2280,MV_8525,TH_378,SC_973,2024-08-11,20:30:00,183.98,162,active
SH_2282,MV_560,TH_481,SC_212,2023-09-09,21:30:00,205.55,96,active
SH_2284,MV_6902,TH_369,SC_237,2025-11-23,18:00:00,391.92,139,active
SH_2285,MV_7685,TH_132,SC_729,2025-03-08,15:30:00,499.2,86,active
SH_2286,MV_5611,TH_386,SC_441,2024-10-28,20:45:00,151.81,116,active
SH_2287,MV_5168,TH_137,SC_364,2025-12-25,12:30:00,393.42,60,active
SH_2288,MV_4032,TH_86,SC_292,2023-01-25,19:00:00,446.16,189,active
SH_2290,MV_4996,TH_237,SC_812,2023-09-04,22:30:00,372.93,127,active
SH_2291,MV_5435,TH_413,SC_409,2024-08-21,14:45:00,437.61,166,active
SH_2292,MV_8540,TH_357,SC_431,2023-01-31,16:45:00,473.9,176,active
SH_2293,MV_2686,TH_79,SC_415,2024-01-29,12:00:00,453.46,186,active
SH_2294,MV_6006,TH_248,SC_199,2024-01-15,20:00:00,222.09,69,active
SH_2295,MV_6379,TH_305,SC_716,2025-10-08,13:00:00,364.38,139,active
SH_2296,MV_2270,TH_292,SC_458,2024-01-22,22:00:00,150.48,150,active
SH_2297,MV_608,TH_245,SC_203,2024-01-06,10:00:00,177.29,76,active
SH_2298,MV_3332,TH_6,SC_175,2023-01-12,10:45:00,440.55,53,active
SH_2299,MV_9555,TH_256,SC_608,2023-04-30,22:00:00,313.37,147,active
SH_2300,MV_7175,TH_395,SC_54,2023-08-09,20:45:00,460.42,98,active
SH_2301,MV_9411,TH_112,SC_926,2023-10-17,15:45:00,253.29,136,active
SH_2302,MV_5884,TH_276,SC_683,2025-08-29,18:45:00,380.95,133,active
SH_2303,MV_1516,TH_347,SC_468,2023-11-28,20:00:00,407.15,179,active
SH_2304,MV_8200,TH_170,SC_862,2024-03-31,19:45:00,367.38,157,active
SH_2305,MV_977,TH_223,SC_898,2025-05-10,17:15:00,370.87,70,active
SH_2306,MV_3949,TH_441,SC_744,2025-02-20,14:15:00,275.91,70,active
SH_2307,MV_2073,TH_365,SC_631,2023-02-10,19:30:00,499.63,190,active
SH_2308,MV_7216,TH_182,SC_121,2025-07-27,22:15:00,235.88,51,active
SH_2309,MV_8595,TH_348,SC_234,2024-08-08,19:30:00,295.29,125,active
SH_2310,MV_5496,TH_147,SC_353,2025-05-14,21:15:00,170.03,108,active
SH_2311,MV_3265,TH_19,SC_277,2025-07-27,11:00:00,404.76,87,active
SH_2312,MV_8175,TH_128,SC_951,2023-09-24,22:00:00,382.39,159,active
SH_2313,MV_5447,TH_417,SC_111,2023-12-31,10:15:00,250.94,132,active
SH_2314,MV_7828,TH_422,SC_467,2024-03-30,14:45:00,486.87,139,active
SH_2316,MV_5011,TH_264,SC_654,2024-05-01,12:00:00,381.56,157,active
SH_2317,MV_1978,TH_34,SC_981,2024-06-13,11:00:00,411.62,138,active
SH_2318,MV_978,TH_453,SC_256,2024-10-31,17:45:00,159.91,164,active
SH_2319,MV_6287,TH_255,SC_143,2025-10-21,19:45:00,241.78,147,active
SH_2320,MV_3817,TH_438,SC_379,2023-12-15,20:45:00,273.57,134,active
SH_2321,MV_3341,TH_145,SC_45,2023-04-25,14:15:00,347.11,153,active
SH_2322,MV_6036,TH_272,SC_320,2024-06-08,20:45:00,160.45,51,active
SH_2323,MV_8467,TH_171,SC_259,2024-04-12,17:15:00,361.19,150,active
SH_2325,MV_4406,TH_167,SC_493,2024-08-30,21:00:00,367.66,182,active
SH_2326,MV_5621,TH_478,SC_79,2024-10-16,15:15:00,273.0,143,active
SH_2327,MV_2054,TH_143,SC_472,2023-09-19,14:00:00,221.78,161,active
SH_2328,MV_4741,TH_225,SC_255,2023-11-26,11:30:00,416.81,83,active
SH_2329,MV_130,TH_161,SC_912,2025-09-10,18:45:00,412.96,195,active
SH_2330,MV_7138,TH_1,SC_58,2023-12-05,15:30:00,242.68,129,active
SH_2331,MV_963,TH_484,SC_227,2024-08-25,20:00:00,310.27,178,active
SH_2332,MV_3970,TH_204,SC_362,2025-10-26,20:45:00,476.96,185,active
SH_2333,MV_8282,TH_342,SC_871,2025-05-22,13:30:00,283.41,153,active
SH_2335,MV_7243,TH_303,SC_43,2023-06-27,13:30:00,377.7,124,active
SH_2336,MV_1854,TH_98,SC_633,2024-07-06,21:45:00,175.79,93,active
SH_2337,MV_1105,TH_186,SC_91,2025-07-19,14:00:00,254.82,147,active
SH_2338,MV_8208,TH_326,SC_854,2025-02-05,14:30:00,299.99,53,active
SH_2339,MV_4119,TH_475,SC_515,2023-04-23,12:45:00,168.1,143,active
SH_2340,MV_3350,TH_37,SC_882,2025-09-06,14:45:00,299.96,59,active
SH_2341,MV_4327,TH_296,SC_111,2023-06-29,20:45:00,152.24,69,active
SH_2342,MV_7601,TH_81,SC_56,2024-02-18,18:45:00,295.39,140,active
SH_2343,MV_4061,TH_312,SC_995,2023-09-18,17:45:00,369.04,152,active
SH_2344,MV_1718,TH_72,SC_972,2025-05-24,15:00:00,331.36,95,active
SH_2345,MV_3878,TH_387,SC_244,2024-06-03,14:15:00,341.21,159,active
SH_2346,MV_3635,TH_261,SC_92,2024-09-17,14:00:00,267.26,130,active
SH_2347,MV_6768,TH_330,SC_750,2025-12-05,17:00:00,265.17,198,active
SH_2348,MV_498,TH_418,SC_70,2024-02-11,16:30:00,475.52,181,active
SH_2349,MV_4336,TH_272,SC_494,2023-09-17,22:45:00,262.35,195,active
SH_2351,MV_1661,TH_226,SC_893,2024-06-29,21:15:00,336.68,118,active
SH_2352,MV_9433,TH_317,SC_473,2023-07-26,12:45:00,347.02,162,active
SH_2353,MV_5579,TH_61,SC_651,2023-02-02,17:00:00,198.83,115,active
SH_2354,MV_3650,TH_325,SC_654,2024-09-01,20:30:00,346.37,60,active
SH_2355,MV_723,TH_430,SC_274,2023-11-29,11:00:00,463.96,181,active
SH_2356,MV_6841,TH_97,SC_670,2025-11-04,22:30:00,315.92,156,active
SH_2357,MV_8558,TH_483,SC_660,2025-06-11,14:00:00,497.64,77,active
SH_2358,MV_4478,TH_492,SC_475,2024-11-08,13:45:00,271.45,181,active
SH_2359,MV_4451,TH_59,SC_286,2024-04-27,17:15:00,407.77,149,active
SH_2360,MV_9181,TH_297,SC_109,2023-04-15,16:30:00,311.34,92,active
SH_2361,MV_2293,TH_342,SC_676,2024-01-04,19:45:00,308.02,91,active
SH_2362,MV_9113,TH_122,SC_561,2023-08-31,14:30:00,337.15,134,active
SH_2363,MV_3017,TH_466,SC_868,2025-08-28,18:15:00,316.12,184,active
SH_2364,MV_4323,TH_167,SC_620,2025-12-21,14:30:00,454.46,111,active
SH_2365,MV_2439,TH_422,SC_939,2024-07-17,21:30:00,392.1,80,active
SH_2366,MV_2717,TH_95,SC_732,2025-05-16,19:15:00,377.17,138,active
SH_2367,MV_4992,TH_212,SC_930,2025-06-17,19:30:00,497.97,161,active
SH_2368,MV_3035,TH_57,SC_479,2023-03-18,16:45:00,239.85,54,active
SH_2369,MV_359,TH_175,SC_327,2024-04-11,21:15:00,490.42,138,active
SH_2370,MV_4960,TH_343,SC_456,2023-07-01,10:30:00,429.95,178,active
SH_2371,MV_2368,TH_130,SC_317,2024-07-08,20:30:00,312.86,54,active
SH_2372,MV_8752,TH_388,SC_782,2024-07-05,22:15:00,471.29,196,active
SH_2373,MV_3426,TH_53,SC_334,2023-09-08,20:45:00,353.6,182,active
SH_2374,MV_6331,TH_212,SC_162,2025-11-22,15:30:00,176.44,185,active
SH_2375,MV_7539,TH_123,SC_487,2025-11-07,21:00:00,155.85,109,active
SH_2376,MV_6371,TH_288,SC_12,2024-08-02,19:45:00,151.54,150,active
SH_2378,MV_5586,TH_339,SC_946,2023-06-03,14:15:00,231.96,164,active
SH_2379,MV_8782,TH_488,SC_484,2025-12-23,16:30:00,350.85,158,active
SH_2380,MV_4978,TH_356,SC_292,2025-02-07,18:45:00,486.24,67,active
SH_2381,MV_5929,TH_32,SC_903,2025-12-04,11:00:00,191.27,59,active
SH_2382,MV_9422,TH_339,SC_836,2025-10-01,20:15:00,420.67,174,active
SH_2383,MV_2839,TH_329,SC_986,2024-08-25,10:00:00,424.32,93,active
SH_2385,MV_8839,TH_404,SC_262,2023-03-26,21:15:00,248.86,92,active
SH_2386,MV_9083,TH_31,SC_631,2025-06-23,22:00:00,435.47,181,active
SH_2387,MV_4906,TH_60,SC_757,2025-09-10,16:30:00,157.42,157,active
SH_2388,MV_898,TH_378,SC_808,2024-09-22,19:00:00,499.63,179,active
SH_2389,MV_8092,TH_13,SC_167,2023-04-09,17:30:00,249.36,139,active
SH_2390,MV_8989,TH_483,SC_352,2025-03-18,15:00:00,341.74,81,active
SH_2391,MV_2664,TH_383,SC_560,2025-04-10,15:15:00,284.89,177,active
SH_2392,MV_3082,TH_349,SC_108,2025-08-17,21:30:00,416.57,179,active
SH_2393,MV_1849,TH_158,SC_677,2023-05-28,18:45:00,183.25,108,active
SH_2394,MV_254,TH_439,SC_359,2023-12-17,19:15:00,328.83,174,active
SH_2395,MV_4165,TH_169,SC_155,2023-02-09,17:30:00,279.31,105,active
SH_2396,MV_1575,TH_461,SC_703,2024-02-21,17:45:00,228.47,123,active
SH_2397,MV_4235,TH_279,SC_399,2025-01-10,17:00:00,271.34,76,active
SH_2398,MV_766,TH_283,SC_752,2024-12-08,22:45:00,328.54,188,active
SH_2399,MV_8387,TH_242,SC_892,2023-03-15,14:15:00,187.4,125,active
SH_2400,MV_409,TH_154,SC_625,2023-05-29,17:15:00,457.89,104,active
SH_2401,MV_5082,TH_51,SC_104,2023-04-07,18:00:00,466.95,68,active
SH_2402,MV_2666,TH_245,SC_93,2024-06-08,13:15:00,473.33,158,active
SH_2403,MV_35,TH_368,SC_683,2024-02-05,22:45:00,351.81,114,active
SH_2405,MV_1878,TH_414,SC_447,2025-09-19,17:15:00,379.03,156,active
SH_2406,MV_3739,TH_450,SC_129,2023-03-31,11:00:00,278.75,193,active
SH_2407,MV_7581,TH_326,SC_324,2023-11-17,10:30:00,333.46,102,active
SH_2408,MV_4274,TH_313,SC_462,2025-04-16,16:45:00,175.98,139,active
SH_2409,MV_1154,TH_391,SC_720,2025-11-29,19:15:00,368.2,152,active
SH_2411,MV_9795,TH_90,SC_241,2024-10-20,13:30:00,393.99,148,active
SH_2412,MV_3815,TH_470,SC_604,2025-11-03,17:45:00,258.54,170,active
SH_2413,MV_4882,TH_144,SC_167,2024-03-06,10:30:00,269.59,139,active
SH_2415,MV_7587,TH_64,SC_537,2023-06-11,15:00:00,184.22,95,active
SH_2416,MV_9855,TH_221,SC_1000,2023-11-23,15:30:00,307.58,53,active
SH_2417,MV_3658,TH_78,SC_433,2024-04-07,13:30:00,420.1,177,active
SH_2418,MV_39,TH_83,SC_759,2024-05-15,16:45:00,492.87,81,active
SH_2420,MV_54,TH_372,SC_965,2023-07-08,13:00:00,300.7,50,active
SH_2421,MV_5086,TH_87,SC_441,2024-05-30,22:00:00,238.38,127,active
SH_2422,MV_4378,TH_158,SC_86,2025-07-04,18:30:00,305.2,87,active
SH_2423,MV_6348,TH_101,SC_798,2025-08-01,21:15:00,327.33,51,active
SH_2424,MV_5810,TH_463,SC_294,2023-02-17,17:30:00,274.83,65,active
SH_2425,MV_4672,TH_22,SC_767,2025-06-20,13:00:00,290.29,90,active
SH_2427,MV_40,TH_318,SC_297,2023-11-24,10:00:00,309.98,197,active
SH_2428,MV_8319,TH_385,SC_211,2025-10-22,10:15:00,184.41,161,active
SH_2429,MV_8743,TH_493,SC_372,2025-04-13,18:15:00,366.37,99,active
SH_2430,MV_103,TH_395,SC_948,2025-02-10,21:15:00,455.48,146,active
SH_2431,MV_5779,TH_433,SC_445,2024-06-18,12:30:00,295.81,100,active
SH_2432,MV_7061,TH_316,SC_785,2025-11-07,20:00:00,227.21,173,active
SH_2433,MV_4697,TH_41,SC_152,2024-02-20,18:30:00,186.94,65,active
SH_2434,MV_7114,TH_461,SC_527,2023-01-07,17:15:00,354.69,89,active
SH_2435,MV_3460,TH_397,SC_930,2024-04-07,13:30:00,433.32,59,active
SH_2436,MV_6509,TH_489,SC_887,2025-11-26,16:00:00,238.74,154,active
SH_2437,MV_999,TH_286,SC_288,2024-04-12,16:30:00,323.78,197,active
SH_2438,MV_6808,TH_276,SC_895,2024-08-23,10:15:00,227.13,192,active
SH_2439,MV_9637,TH_183,SC_934,2025-12-24,20:30:00,285.46,162,active
SH_2440,MV_5654,TH_498,SC_864,2023-09-11,10:45:00,340.3,148,active
SH_2441,MV_8753,TH_385,SC_748,2023-06-07,13:45:00,305.81,103,active
SH_2442,MV_7441,TH_194,SC_591,2024-09-18,17:30:00,391.53,140,active
SH_2443,MV_8891,TH_493,SC_842,2024-07-14,22:45:00,225.89,159,active
SH_2444,MV_9224,TH_97,SC_48,2023-01-21,14:00:00,271.99,132,active
SH_2445,MV_2108,TH_434,SC_562,2025-09-19,13:45:00,150.79,53,active
SH_2446,MV_8201,TH_212,SC_76,2024-07-22,15:45:00,495.22,154,active
SH_2447,MV_6681,TH_74,SC_875,2025-08-20,20:15:00,179.17,75,active
SH_2448,MV_5522,TH_79,SC_83,2024-08-04,10:30:00,369.89,64,active
SH_2449,MV_8011,TH_119,SC_444,2025-06-25,22:45:00,370.7,152,active
SH_2450,MV_2918,TH_388,SC_360,2024-06-26,16:15:00,379.94,122,active
SH_2451,MV_5835,TH_253,SC_515,2025-06-13,22:15:00,416.72,182,active
SH_2452,MV_43,TH_117,SC_981,2025-12-12,22:00:00,441.6,69,active
SH_2453,MV_3230,TH_396,SC_126,2023-05-31,21:30:00,243.5,151,active
SH_2454,MV_3261,TH_58,SC_264,2023-11-26,22:45:00,408.5,182,active
SH_2455,MV_2760,TH_229,SC_659,2023-11-01,22:15:00,301.54,73,active
SH_2456,MV_9533,TH_472,SC_793,2023-08-31,17:30:00,421.92,88,active
SH_2457,MV_8852,TH_2,SC_680,2024-07-16,18:30:00,195.77,89,active
SH_2458,MV_1401,TH_435,SC_784,2025-01-13,10:45:00,238.56,190,active
SH_2459,MV_582,TH_475,SC_211,2024-02-11,21:45:00,358.1,56,active
SH_2460,MV_7841,TH_378,SC_329,2024-08-24,12:00:00,240.97,98,active
SH_2461,MV_8601,TH_317,SC_675,2025-10-15,19:00:00,498.99,167,active
SH_2463,MV_7890,TH_376,SC_964,2023-02-14,15:15:00,449.12,73,active
SH_2464,MV_6780,TH_437,SC_588,2023-10-27,22:45:00,447.21,186,active
SH_2465,MV_1327,TH_229,SC_1000,2024-04-10,11:15:00,446.01,74,active
SH_2466,MV_8452,TH_418,SC_969,2024-03-12,19:00:00,493.12,52,active
SH_2467,MV_7000,TH_234,SC_768,2023-07-30,22:45:00,454.97,121,active
SH_2468,MV_9958,TH_258,SC_537,2023-06-14,16:45:00,200.44,98,active
SH_2469,MV_3608,TH_168,SC_396,2024-01-14,21:45:00,473.08,120,active
SH_2470,MV_3185,TH_412,SC_922,2023-07-08,11:15:00,297.37,198,active
SH_2471,MV_8645,TH_166,SC_246,2025-04-11,22:30:00,452.05,65,active
SH_2472,MV_8894,TH_108,SC_43,2024-01-29,12:45:00,341.93,171,active
SH_2474,MV_2404,TH_483,SC_575,2025-06-13,22:15:00,265.51,71,active
SH_2475,MV_1768,TH_393,SC_262,2024-06-13,10:15:00,188.28,82,active
SH_2477,MV_1558,TH_286,SC_125,2023-12-23,13:45:00,460.68,173,active
SH_2478,MV_3640,TH_115,SC_298,2025-06-27,16:00:00,330.44,95,active
SH_2479,MV_4378,TH_29,SC_335,2024-05-03,17:45:00,499.22,71,active
SH_2480,MV_9032,TH_58,SC_469,2025-04-05,15:30:00,253.63,107,active
SH_2481,MV_1677,TH_397,SC_419,2024-02-16,14:30:00,262.53,189,active
SH_2482,MV_5052,TH_285,SC_247,2023-05-11,16:30:00,300.38,91,active
SH_2483,MV_1386,TH_161,SC_272,2025-07-22,16:45:00,498.04,79,active
SH_2484,MV_5226,TH_342,SC_51,2023-05-06,20:30:00,213.3,84,active
SH_2485,MV_7567,TH_201,SC_115,2023-04-08,10:00:00,214.31,164,active
SH_2486,MV_779,TH_308,SC_135,2023-01-28,10:45:00,197.76,91,active
SH_2487,MV_1584,TH_381,SC_910,2024-11-10,14:00:00,237.0,99,active
SH_2488,MV_4385,TH_63,SC_173,2023-11-10,12:00:00,429.84,196,active
SH_2490,MV_9439,TH_474,SC_836,2025-02-10,20:30:00,168.35,50,active
SH_2491,MV_3464,TH_163,SC_851,2024-08-12,12:30:00,171.49,159,active
SH_2492,MV_7796,TH_181,SC_302,2024-09-22,11:15:00,499.07,64,active
SH_2493,MV_3697,TH_225,SC_679,2023-07-10,20:30:00,347.8,165,active
SH_2494,MV_4187,TH_111,SC_592,2023-05-31,13:15:00,209.06,104,active
SH_2495,MV_5401,TH_421,SC_594,2023-05-13,21:00:00,403.49,106,active
SH_2496,MV_3497,TH_236,SC_505,2024-09-22,17:15:00,280.55,181,active
SH_2498,MV_6562,TH_209,SC_81,2024-10-05,13:30:00,225.24,139,active
SH_2499,MV_4164,TH_456,SC_37,2024-03-29,15:15:00,160.14,118,active
SH_2500,MV_3265,TH_79,SC_203,2023-05-29,17:45:00,488.66,158,active
SH_2502,MV_967,TH_337,SC_908,2023-10-23,10:00:00,166.22,51,active
SH_2503,MV_7268,TH_275,SC_804,2023-06-25,14:00:00,425.42,152,active
SH_2504,MV_7067,TH_161,SC_741,2024-11-05,10:15:00,151.05,58,active
SH_2505,MV_4961,TH_319,SC_776,2024-04-08,11:45:00,360.61,137,active
SH_2506,MV_2416,TH_278,SC_27,2023-04-14,19:15:00,354.6,84,active
SH_2507,MV_6973,TH_255,SC_881,2025-11-20,18:15:00,153.75,80,active
SH_2508,MV_6621,TH_350,SC_660,2024-12-13,15:45:00,407.26,194,active
SH_2509,MV_3583,TH_440,SC_174,2024-04-01,15:45:00,360.8,132,active
SH_2510,MV_2067,TH_28,SC_586,2023-07-14,22:15:00,181.4,187,active
SH_2511,MV_4562,TH_115,SC_560,2025-03-24,17:45:00,304.43,67,active
SH_2512,MV_784,TH_10,SC_676,2023-01-13,11:15:00,384.77,96,active
SH_2513,MV_3342,TH_282,SC_59,2024-12-06,20:15:00,301.02,74,active
SH_2516,MV_2652,TH_483,SC_139,2023-11-01,19:00:00,235.53,124,active
SH_2517,MV_6454,TH_72,SC_805,2024-05-13,10:45:00,427.0,152,active
SH_2518,MV_6323,TH_324,SC_689,2023-02-04,21:00:00,430.46,122,active
SH_2519,MV_5409,TH_129,SC_437,2024-09-09,10:00:00,376.87,142,active
SH_2520,MV_6643,TH_163,SC_29,2023-12-21,11:15:00,360.95,92,active
SH_2521,MV_7266,TH_365,SC_444,2025-02-12,14:45:00,480.24,69,active
SH_2522,MV_2476,TH_334,SC_154,2025-06-01,17:15:00,196.89,154,active
SH_2523,MV_9431,TH_106,SC_137,2024-06-29,18:15:00,250.56,83,active
SH_2525,MV_2509,TH_273,SC_726,2025-11-25,18:45:00,218.8,60,active
SH_2526,MV_4303,TH_3,SC_633,2023-12-16,15:00:00,263.83,191,active
SH_2527,MV_1567,TH_379,SC_88,2023-06-13,17:00:00,189.83,150,active
SH_2528,MV_2755,TH_197,SC_91,2023-03-02,14:30:00,285.67,172,active
SH_2529,MV_8911,TH_447,SC_458,2023-10-26,12:15:00,267.25,129,active
SH_2530,MV_3613,TH_93,SC_879,2025-04-28,21:15:00,352.95,146,active
SH_2531,MV_614,TH_310,SC_115,2025-03-14,18:00:00,194.08,128,active
SH_2532,MV_2955,TH_364,SC_238,2025-02-14,21:30:00,427.08,117,active
SH_2533,MV_13,TH_76,SC_601,2025-12-27,12:30:00,408.57,106,active
SH_2534,MV_9228,TH_261,SC_823,2023-03-01,20:30:00,314.85,90,active
SH_2535,MV_3663,TH_112,SC_207,2023-02-19,22:45:00,278.17,53,active
SH_2536,MV_156,TH_393,SC_264,2025-06-05,19:00:00,181.29,129,active
SH_2537,MV_8749,TH_51,SC_785,2024-02-24,13:45:00,287.99,122,active
SH_2538,MV_481,TH_443,SC_457,2025-02-23,10:30:00,372.16,197,active
SH_2539,MV_6432,TH_184,SC_368,2023-04-08,11:00:00,154.84,181,active
SH_2540,MV_417,TH_314,SC_317,2024-01-12,18:45:00,340.2,76,active
SH_2541,MV_5024,TH_467,SC_610,2025-08-09,10:00:00,488.47,144,active
SH_2542,MV_3096,TH_457,SC_327,2025-10-11,11:30:00,233.9,198,active
SH_2543,MV_1041,TH_455,SC_332,2025-12-29,22:00:00,248.81,182,active
SH_2544,MV_5292,TH_217,SC_25,2025-11-22,20:30:00,348.89,191,active
SH_2545,MV_3859,TH_422,SC_822,2023-11-10,10:15:00,453.96,105,active
SH_2546,MV_560,TH_32,SC_245,2024-01-18,11:45:00,472.07,193,active
SH_2547,MV_9996,TH_127,SC_196,2023-07-15,16:45:00,325.36,56,active
SH_2548,MV_6505,TH_445,SC_30,2025-05-06,17:30:00,330.22,168,active
SH_2549,MV_3832,TH_333,SC_601,2025-09-23,18:00:00,316.77,155,active
SH_2550,MV_5783,TH_426,SC_400,2023-12-22,22:45:00,363.04,163,active
SH_2551,MV_5545,TH_236,SC_287,2024-08-28,22:30:00,426.38,102,active
SH_2552,MV_9261,TH_51,SC_426,2023-09-05,19:15:00,467.75,51,active
SH_2554,MV_9313,TH_396,SC_757,2023-04-04,22:45:00,305.86,123,active
SH_2555,MV_2141,TH_332,SC_939,2025-08-17,16:30:00,355.08,63,active
SH_2556,MV_7261,TH_254,SC_106,2024-06-25,14:00:00,494.43,150,active
SH_2557,MV_7149,TH_361,SC_278,2024-04-12,21:30:00,328.38,89,active
SH_2558,MV_3792,TH_494,SC_996,2025-08-29,19:00:00,206.12,148,active
SH_2559,MV_5813,TH_121,SC_350,2024-04-27,18:15:00,375.73,113,active
SH_2561,MV_895,TH_126,SC_122,2024-12-12,15:00:00,324.79,78,active
SH_2562,MV_3295,TH_485,SC_333,2024-12-16,19:45:00,234.13,118,active
SH_2563,MV_4817,TH_329,SC_634,2023-05-23,19:00:00,249.4,130,active
SH_2564,MV_6078,TH_392,SC_843,2023-09-02,22:15:00,485.04,116,active
SH_2565,MV_1504,TH_300,SC_114,2025-04-17,15:30:00,410.38,187,active
SH_2568,MV_9192,TH_113,SC_384,2023-07-28,15:30:00,454.78,155,active
SH_2569,MV_598,TH_424,SC_427,2024-01-11,16:45:00,311.8,74,active
SH_2570,MV_7015,TH_159,SC_421,2025-05-02,14:15:00,210.58,101,active
SH_2571,MV_210,TH_10,SC_727,2025-01-15,10:30:00,389.78,165,active
SH_2572,MV_1472,TH_45,SC_730,2024-12-01,17:15:00,466.0,127,active
SH_2574,MV_7779,TH_226,SC_935,2023-08-07,16:15:00,223.12,166,active
SH_2575,MV_236,TH_287,SC_43,2024-11-04,22:00:00,416.43,92,active
SH_2576,MV_7350,TH_192,SC_37,2023-09-30,15:30:00,337.83,149,active
SH_2578,MV_1864,TH_428,SC_773,2024-01-28,22:15:00,375.11,89,active
SH_2579,MV_3021,TH_435,SC_792,2025-02-26,13:15:00,493.15,138,active
SH_2580,MV_519,TH_412,SC_272,2025-01-11,15:30:00,243.63,113,active
SH_2581,MV_7998,TH_180,SC_406,2024-05-25,22:15:00,272.91,142,active
SH_2582,MV_6914,TH_440,SC_365,2024-06-24,19:30:00,183.32,84,active
SH_2583,MV_7305,TH_20,SC_60,2023-10-14,21:15:00,243.26,120,active
SH_2584,MV_1393,TH_439,SC_853,2025-09-09,15:15:00,340.18,71,active
SH_2585,MV_2753,TH_210,SC_576,2024-10-28,17:30:00,336.94,114,active
SH_2586,MV_8875,TH_74,SC_518,2023-10-05,18:45:00,195.03,175,active
SH_2587,MV_4333,TH_484,SC_995,2023-01-04,17:00:00,237.01,123,active
SH_2589,MV_1179,TH_98,SC_381,2025-04-07,12:30:00,384.82,179,active
SH_2590,MV_9469,TH_247,SC_35,2024-07-30,19:00:00,313.21,134,active
SH_2591,MV_6913,TH_472,SC_602,2024-03-13,22:00:00,282.96,160,active
SH_2592,MV_244,TH_457,SC_853,2025-06-12,18:30:00,179.72,73,active
SH_2593,MV_2276,TH_360,SC_72,2024-01-23,11:30:00,258.49,63,active
SH_2594,MV_5927,TH_101,SC_135,2025-03-06,11:15:00,484.85,194,active
SH_2595,MV_6866,TH_442,SC_171,2025-03-14,20:00:00,467.13,121,active
SH_2596,MV_2068,TH_191,SC_629,2024-06-17,20:00:00,391.77,113,active
SH_2597,MV_7348,TH_122,SC_234,2023-10-28,11:45:00,303.94,149,active
SH_2598,MV_1580,TH_405,SC_504,2025-12-05,14:15:00,182.16,132,active
SH_2599,MV_9143,TH_108,SC_289,2023-06-13,21:45:00,255.61,153,active
SH_2600,MV_3875,TH_172,SC_933,2023-04-02,15:45:00,459.49,108,active
SH_2601,MV_4062,TH_272,SC_170,2023-07-01,13:30:00,407.86,54,active
SH_2603,MV_7411,TH_304,SC_100,2024-09-10,22:15:00,460.99,85,active
SH_2604,MV_7889,TH_400,SC_453,2024-02-10,21:45:00,487.83,58,active
SH_2605,MV_7222,TH_177,SC_166,2025-06-28,10:15:00,377.98,94,active
SH_2606,MV_3897,TH_265,SC_636,2025-05-03,21:30:00,186.82,115,active
SH_2607,MV_8881,TH_284,SC_79,2023-06-02,14:45:00,214.25,106,active
SH_2608,MV_8383,TH_113,SC_851,2025-02-16,12:00:00,280.72,92,active
SH_2609,MV_1775,TH_22,SC_585,2024-01-31,21:30:00,287.64,142,active
SH_2610,MV_7450,TH_127,SC_217,2024-05-22,16:15:00,174.24,179,active
SH_2611,MV_5431,TH_203,SC_477,2023-10-24,17:45:00,178.37,148,active
SH_2612,MV_2512,TH_199,SC_768,2023-12-15,21:15:00,311.12,73,active
SH_2613,MV_5356,TH_190,SC_750,2023-12-20,21:00:00,467.17,136,active
SH_2614,MV_7838,TH_330,SC_967,2023-11-11,21:45:00,362.68,50,active
SH_2615,MV_4427,TH_230,SC_551,2024-02-17,15:00:00,188.51,198,active
SH_2616,MV_1078,TH_233,SC_361,2025-06-27,10:00:00,338.78,180,active
SH_2617,MV_1294,TH_226,SC_989,2025-09-23,22:30:00,489.22,152,active
SH_2618,MV_1472,TH_394,SC_204,2023-04-12,22:15:00,237.41,115,active
SH_2619,MV_2500,TH_200,SC_578,2024-04-08,13:30:00,333.52,64,active
SH_2620,MV_2859,TH_371,SC_409,2023-02-10,11:30:00,163.31,169,active
SH_2621,MV_8484,TH_123,SC_339,2025-02-08,22:15:00,402.04,118,active
SH_2622,MV_5241,TH_346,SC_352,2025-10-07,14:15:00,283.08,66,active
SH_2623,MV_6509,TH_262,SC_314,2025-12-25,11:30:00,215.78,159,active
SH_2624,MV_9410,TH_457,SC_435,2024-03-13,18:00:00,321.48,77,active
SH_2625,MV_2869,TH_17,SC_901,2024-01-22,15:30:00,265.68,142,active
SH_2626,MV_2941,TH_314,SC_126,2025-12-25,17:00:00,383.49,146,active
SH_2627,MV_7710,TH_429,SC_357,2024-01-14,10:45:00,458.7,199,active
SH_2628,MV_8093,TH_275,SC_464,2023-10-07,15:00:00,399.1,142,active
SH_2629,MV_7895,TH_356,SC_456,2023-07-21,19:30:00,302.39,145,active
SH_2630,MV_6576,TH_398,SC_179,2023-12-31,21:00:00,336.31,161,active
SH_2631,MV_3821,TH_454,SC_465,2023-02-13,20:45:00,352.84,124,active
SH_2634,MV_6928,TH_209,SC_277,2025-12-06,22:30:00,295.22,197,active
SH_2635,MV_8684,TH_357,SC_50,2025-01-03,14:15:00,231.29,76,active
SH_2636,MV_8021,TH_131,SC_663,2024-08-04,15:30:00,187.28,63,active
SH_2637,MV_9906,TH_182,SC_173,2024-03-28,20:15:00,328.48,167,active
SH_2638,MV_821,TH_348,SC_285,2023-06-25,15:00:00,173.54,94,active
SH_2639,MV_8110,TH_365,SC_112,2023-10-16,10:45:00,453.22,151,active
SH_2640,MV_3204,TH_148,SC_358,2023-07-12,14:30:00,349.83,173,active
SH_2641,MV_9512,TH_300,SC_639,2024-03-30,22:30:00,479.51,170,active
SH_2642,MV_1515,TH_355,SC_340,2025-08-06,17:15:00,410.02,160,active
SH_2643,MV_9053,TH_494,SC_888,2023-02-03,17:15:00,335.04,51,active
SH_2644,MV_6998,TH_422,SC_933,2024-10-25,20:00:00,459.04,194,active
SH_2645,MV_999,TH_56,SC_786,2025-09-15,18:30:00,246.76,54,active
SH_2647,MV_7448,TH_405,SC_399,2024-02-01,12:15:00,468.48,181,active
SH_2648,MV_6229,TH_234,SC_871,2025-09-07,17:45:00,471.82,122,active
SH_2649,MV_2654,TH_453,SC_632,2025-04-06,19:15:00,320.41,142,active
SH_2650,MV_2742,TH_15,SC_521,2023-08-28,20:00:00,376.99,160,active
SH_2651,MV_3221,TH_226,SC_638,2023-04-17,21:15:00,331.24,198,active
SH_2652,MV_9887,TH_143,SC_807,2025-09-09,22:30:00,306.48,82,active
SH_2653,MV_1077,TH_99,SC_950,2025-06-07,13:30:00,362.31,97,active
SH_2654,MV_4945,TH_127,SC_509,2023-06-25,11:00:00,171.81,78,active
SH_2655,MV_8190,TH_419,SC_69,2023-05-15,22:45:00,397.48,194,active
SH_2656,MV_3601,TH_327,SC_108,2025-11-27,11:15:00,235.31,59,active
SH_2657,MV_1127,TH_241,SC_772,2024-11-30,18:30:00,280.53,193,active
SH_2658,MV_6040,TH_238,SC_491,2024-11-04,14:45:00,179.06,146,active
SH_2659,MV_2851,TH_359,SC_129,2025-12-29,13:00:00,163.13,143,active
SH_2660,MV_9889,TH_210,SC_989,2025-07-11,10:30:00,400.05,130,active
SH_2661,MV_10,TH_38,SC_503,2023-03-29,16:45:00,436.54,79,active
SH_2662,MV_3095,TH_19,SC_711,2023-04-18,19:45:00,418.63,164,active
SH_2663,MV_5418,TH_449,SC_606,2024-03-24,13:15:00,216.99,83,active
SH_2664,MV_3872,TH_401,SC_416,2023-01-07,21:45:00,475.6,86,active
SH_2665,MV_337,TH_358,SC_942,2024-03-19,21:15:00,263.55,148,active
SH_2666,MV_485,TH_342,SC_985,2025-11-08,12:30:00,338.84,157,active
SH_2667,MV_7079,TH_158,SC_567,2025-04-26,15:45:00,462.15,98,active
SH_2668,MV_9430,TH_130,SC_754,2023-03-20,12:00:00,167.95,95,active
SH_2669,MV_6030,TH_114,SC_177,2024-06-22,13:00:00,486.39,106,active
SH_2670,MV_1582,TH_136,SC_458,2024-08-10,14:45:00,343.06,62,active
SH_2671,MV_7627,TH_63,SC_727,2024-08-08,15:30:00,454.22,156,active
SH_2672,MV_426,TH_408,SC_53,2025-03-15,17:45:00,197.76,53,active
SH_2673,MV_7182,TH_426,SC_778,2024-07-21,16:00:00,315.46,61,active
SH_2674,MV_9415,TH_136,SC_382,2025-04-26,11:15:00,484.38,101,active
SH_2675,MV_9408,TH_3,SC_667,2024-04-05,20:30:00,264.19,164,active
SH_2676,MV_5727,TH_38,SC_417,2024-02-18,18:30:00,362.59,152,active
SH_2677,MV_8437,TH_212,SC_95,2023-10-04,15:00:00,212.37,171,active
SH_2678,MV_3149,TH_496,SC_353,2023-06-27,14:45:00,275.14,141,active
SH_2679,MV_7329,TH_340,SC_497,2023-05-11,12:00:00,336.93,162,active
SH_2680,MV_6072,TH_253,SC_636,2025-05-27,15:00:00,412.66,144,active
SH_2681,MV_3069,TH_472,SC_728,2023-08-16,21:00:00,349.41,58,active
SH_2682,MV_2035,TH_442,SC_564,2025-01-15,12:30:00,277.97,160,active
SH_2683,MV_8397,TH_355,SC_487,2024-03-26,13:15:00,433.6,124,active
SH_2684,MV_7972,TH_13,SC_647,2023-09-17,13:45:00,419.28,107,active
SH_2686,MV_755,TH_46,SC_87,2025-08-02,12:45:00,177.54,91,active
SH_2687,MV_5899,TH_378,SC_32,2023-12-06,11:00:00,278.73,164,active
SH_2688,MV_391,TH_280,SC_573,2025-07-31,19:00:00,335.36,121,active
SH_2689,MV_5832,TH_179,SC_531,2024-04-18,18:15:00,390.23,79,active
SH_2690,MV_1687,TH_410,SC_774,2025-11-16,20:45:00,281.98,185,active
SH_2691,MV_2832,TH_160,SC_861,2025-02-24,21:00:00,220.57,175,active
SH_2692,MV_6692,TH_7,SC_692,2023-01-26,12:45:00,378.55,168,active
SH_2693,MV_6314,TH_305,SC_205,2023-11-25,15:45:00,173.63,87,active
SH_2694,MV_5249,TH_90,SC_658,2025-09-22,16:45:00,402.95,118,active
SH_2695,MV_5102,TH_468,SC_829,2024-08-21,11:45:00,299.18,166,active
SH_2696,MV_6401,TH_122,SC_589,2025-11-06,11:30:00,461.79,88,active
SH_2697,MV_8767,TH_17,SC_874,2024-10-16,16:00:00,364.02,189,active
SH_2698,MV_3788,TH_164,SC_998,2023-01-05,15:30:00,468.99,107,active
SH_2699,MV_1200,TH_430,SC_332,2024-08-16,21:30:00,338.27,109,active
SH_2700,MV_5205,TH_80,SC_550,2024-08-13,18:15:00,299.37,139,active
SH_2702,MV_385,TH_479,SC_836,2024-01-07,14:30:00,224.21,108,active
SH_2703,MV_6419,TH_223,SC_877,2024-06-24,14:15:00,206.01,193,active
SH_2704,MV_2869,TH_78,SC_927,2023-02-26,11:00:00,460.3,130,active
SH_2705,MV_8210,TH_393,SC_377,2024-11-26,20:30:00,266.36,177,active
SH_2706,MV_6073,TH_430,SC_483,2023-07-05,17:15:00,415.83,65,active
SH_2707,MV_5433,TH_40,SC_126,2023-03-24,17:45:00,378.34,150,active
SH_2708,MV_314,TH_357,SC_142,2025-01-04,10:00:00,288.19,105,active
SH_2709,MV_3066,TH_316,SC_706,2023-11-27,14:30:00,299.2,78,active
SH_2710,MV_9009,TH_54,SC_710,2025-01-06,14:15:00,180.98,144,active
SH_2711,MV_4659,TH_88,SC_397,2023-10-16,13:00:00,264.35,91,active
SH_2712,MV_5204,TH_88,SC_778,2025-12-11,22:30:00,230.1,116,active
SH_2713,MV_1798,TH_61,SC_464,2023-02-08,10:45:00,385.1,110,active
SH_2716,MV_7453,TH_400,SC_586,2025-12-07,17:15:00,449.3,165,active
SH_2717,MV_8303,TH_75,SC_146,2025-03-09,22:30:00,347.54,181,active
SH_2718,MV_9009,TH_263,SC_823,2025-07-16,10:45:00,222.18,111,active
SH_2719,MV_1199,TH_145,SC_869,2023-05-26,14:45:00,314.29,107,active
SH_2720,MV_6075,TH_422,SC_561,2025-07-11,21:30:00,329.0,193,active
SH_2722,MV_5849,TH_411,SC_32,2024-04-17,15:30:00,391.47,159,active
SH_2723,MV_7136,TH_458,SC_19,2024-06-01,18:15:00,236.48,113,active
SH_2724,MV_7032,TH_248,SC_341,2024-03-29,17:15:00,169.2,171,active
SH_2725,MV_5975,TH_392,SC_444,2023-05-31,14:30:00,284.19,178,active
SH_2726,MV_7894,TH_406,SC_478,2025-02-23,20:15:00,150.1,93,active
SH_2727,MV_4147,TH_15,SC_176,2024-08-13,20:45:00,434.9,175,active
SH_2728,MV_472,TH_235,SC_42,2024-01-19,17:00:00,469.1,128,active
SH_2729,MV_5618,TH_399,SC_344,2025-09-12,22:15:00,294.79,179,active
SH_2730,MV_1471,TH_5,SC_76,2023-09-12,22:00:00,197.49,119,active
SH_2731,MV_1272,TH_265,SC_192,2023-04-14,17:30:00,442.17,149,active
SH_2732,MV_5411,TH_249,SC_324,2025-04-13,13:00:00,162.16,139,active
SH_2734,MV_8394,TH_154,SC_740,2025-04-28,11:15:00,446.97,150,active
SH_2735,MV_593,TH_31,SC_927,2025-04-08,15:15:00,334.07,192,active
SH_2737,MV_392,TH_314,SC_699,2024-08-21,15:45:00,278.83,110,active
SH_2738,MV_4802,TH_49,SC_58,2024-08-23,20:30:00,419.39,182,active
SH_2739,MV_8151,TH_218,SC_156,2023-08-25,14:15:00,455.14,149,active
SH_2740,MV_9913,TH_120,SC_403,2025-07-22,14:30:00,165.72,167,active
SH_2741,MV_4546,TH_414,SC_835,2024-02-01,11:45:00,191.44,132,active
SH_2742,MV_7771,TH_271,SC_25,2024-03-31,12:15:00,408.17,100,active
SH_2743,MV_842,TH_371,SC_816,2023-11-05,11:15:00,153.62,189,active
SH_2744,MV_2303,TH_498,SC_795,2025-07-21,16:15:00,337.53,86,active
SH_2745,MV_8022,TH_326,SC_701,2024-07-26,17:30:00,243.5,153,active
SH_2747,MV_5974,TH_444,SC_230,2025-08-24,21:15:00,384.41,86,active
SH_2748,MV_2398,TH_379,SC_365,2023-10-27,14:45:00,445.81,75,active
SH_2750,MV_2903,TH_233,SC_48,2024-10-18,18:45:00,200.52,138,active
SH_2751,MV_884,TH_429,SC_829,2023-08-07,20:15:00,152.02,163,active
SH_2752,MV_5347,TH_374,SC_331,2024-06-11,21:00:00,263.93,182,active
SH_2753,MV_9897,TH_168,SC_160,2023-11-03,21:45:00,190.68,123,active
SH_2754,MV_7471,TH_463,SC_581,2023-03-19,11:00:00,269.0,108,active
SH_2755,MV_3778,TH_234,SC_318,2025-01-20,22:15:00,160.51,104,active
SH_2756,MV_8499,TH_111,SC_611,2023-03-18,12:00:00,416.87,134,active
SH_2757,MV_6831,TH_63,SC_866,2025-05-23,20:00:00,388.33,134,active
SH_2758,MV_6105,TH_332,SC_150,2025-10-15,11:15:00,193.46,50,active
SH_2759,MV_7457,TH_424,SC_653,2025-09-02,20:15:00,191.5,82,active
SH_2760,MV_595,TH_288,SC_793,2025-08-28,17:45:00,272.02,74,active
SH_2761,MV_6967,TH_98,SC_265,2025-03-03,12:30:00,446.6,147,active
SH_2762,MV_9473,TH_15,SC_283,2024-05-01,22:00:00,156.08,144,active
SH_2764,MV_4755,TH_265,SC_991,2025-10-28,16:45:00,393.17,193,active
SH_2765,MV_4666,TH_35,SC_708,2023-07-03,17:15:00,428.56,76,active
SH_2766,MV_4279,TH_375,SC_956,2023-10-13,20:30:00,388.86,152,active
SH_2767,MV_5882,TH_406,SC_240,2024-04-11,10:45:00,471.05,169,active
SH_2768,MV_830,TH_40,SC_197,2024-01-18,20:30:00,443.86,52,active
SH_2769,MV_3421,TH_477,SC_955,2023-11-16,17:15:00,468.11,162,active
SH_2770,MV_9816,TH_79,SC_905,2024-12-30,14:15:00,382.7,75,active
SH_2771,MV_7210,TH_125,SC_209,2024-11-19,13:15:00,491.8,169,active
SH_2772,MV_4559,TH_499,SC_135,2023-03-19,13:45:00,254.38,69,active
SH_2773,MV_9955,TH_303,SC_914,2024-04-25,13:45:00,449.26,137,active
SH_2775,MV_7161,TH_333,SC_230,2024-03-17,15:45:00,316.76,53,active
SH_2777,MV_3290,TH_214,SC_871,2023-11-19,14:15:00,487.42,53,active
SH_2778,MV_5951,TH_1,SC_993,2024-05-25,14:30:00,244.67,114,active
SH_2779,MV_8121,TH_19,SC_887,2023-09-14,19:15:00,175.27,183,active
SH_2780,MV_2697,TH_252,SC_46,2023-10-30,22:00:00,393.15,115,active
SH_2781,MV_9926,TH_102,SC_790,2024-07-06,10:15:00,306.41,185,active
SH_2782,MV_5413,TH_392,SC_270,2024-09-09,10:30:00,324.14,189,active
SH_2783,MV_9527,TH_151,SC_292,2025-02-26,11:45:00,209.95,129,active
SH_2784,MV_1730,TH_336,SC_549,2024-07-11,16:00:00,152.5,116,active
SH_2785,MV_4907,TH_438,SC_584,2024-01-23,19:30:00,433.81,129,active
SH_2787,MV_8662,TH_414,SC_611,2024-10-31,22:15:00,385.59,81,active
SH_2788,MV_6013,TH_332,SC_84,2024-06-06,11:00:00,474.44,74,active
SH_2789,MV_4380,TH_31,SC_808,2023-11-22,17:30:00,454.53,101,active
SH_2790,MV_2460,TH_329,SC_213,2023-12-03,15:00:00,305.17,136,active
SH_2791,MV_8002,TH_222,SC_35,2025-11-30,19:45:00,172.7,154,active
SH_2792,MV_8793,TH_89,SC_91,2023-09-17,10:15:00,303.47,136,active
SH_2793,MV_5332,TH_336,SC_513,2024-05-26,12:45:00,411.21,167,active
SH_2794,MV_1930,TH_372,SC_634,2024-11-09,21:45:00,409.71,145,active
SH_2796,MV_2241,TH_229,SC_635,2025-05-28,21:30:00,424.34,173,active
SH_2797,MV_9711,TH_357,SC_507,2025-12-26,20:45:00,373.15,89,active
SH_2798,MV_968,TH_158,SC_468,2025-07-03,13:15:00,363.33,95,active
SH_2799,MV_958,TH_366,SC_970,2025-03-31,12:45:00,199.89,140,active
SH_2800,MV_1565,TH_499,SC_367,2025-09-05,13:30:00,448.84,123,active
SH_2801,MV_4987,TH_163,SC_124,2024-03-28,18:45:00,202.71,175,active
SH_2802,MV_6240,TH_23,SC_416,2025-02-14,15:00:00,215.23,84,active
SH_2803,MV_9754,TH_314,SC_566,2023-04-20,14:15:00,162.77,149,active
SH_2804,MV_7933,TH_157,SC_337,2023-07-26,21:00:00,299.12,54,active
SH_2805,MV_1453,TH_410,SC_865,2023-09-19,19:15:00,356.24,153,active
SH_2806,MV_6178,TH_12,SC_948,2023-07-30,12:30:00,266.34,125,active
SH_2807,MV_9222,TH_71,SC_283,2023-11-01,10:30:00,455.06,199,active
SH_2808,MV_6684,TH_341,SC_474,2025-01-15,21:00:00,195.36,65,active
SH_2809,MV_242,TH_213,SC_423,2024-03-06,11:45:00,362.51,164,active
SH_2811,MV_2842,TH_17,SC_706,2025-01-20,20:00:00,439.55,70,active
SH_2812,MV_9418,TH_117,SC_703,2025-05-08,10:00:00,244.24,95,active
SH_2813,MV_5377,TH_47,SC_982,2024-04-25,19:45:00,397.78,80,active
SH_2814,MV_1841,TH_497,SC_365,2024-10-11,12:45:00,282.81,131,active
SH_2815,MV_8514,TH_56,SC_392,2025-09-10,11:15:00,448.57,167,active
SH_2816,MV_8316,TH_331,SC_723,2025-06-16,15:45:00,357.39,106,active
SH_2817,MV_2569,TH_331,SC_286,2023-05-11,19:45:00,446.49,178,active
SH_2818,MV_4587,TH_468,SC_183,2025-01-31,21:15:00,321.03,189,active
SH_2819,MV_5712,TH_355,SC_762,2024-04-22,14:45:00,264.96,180,active
SH_2820,MV_4625,TH_207,SC_353,2023-08-22,17:30:00,426.15,156,active
SH_2821,MV_2481,TH_471,SC_639,2024-10-03,12:00:00,476.95,93,active
SH_2822,MV_4240,TH_312,SC_92,2024-07-10,22:00:00,465.85,192,active
SH_2824,MV_4704,TH_287,SC_654,2024-01-10,17:00:00,290.31,156,active
SH_2825,MV_2733,TH_255,SC_181,2023-05-06,10:30:00,490.16,171,active
SH_2826,MV_7490,TH_139,SC_787,2024-11-01,14:00:00,334.43,118,active
SH_2828,MV_6553,TH_140,SC_416,2024-02-07,11:30:00,300.09,126,active
SH_2830,MV_3972,TH_160,SC_546,2024-02-25,12:00:00,243.49,121,active
SH_2831,MV_4795,TH_346,SC_50,2023-09-19,17:00:00,157.95,115,active
SH_2832,MV_6571,TH_109,SC_550,2023-02-23,21:00:00,163.73,198,active
SH_2833,MV_2960,TH_443,SC_668,2025-06-03,15:45:00,440.05,110,active
SH_2834,MV_9178,TH_265,SC_253,2023-04-28,20:00:00,373.69,80,active
SH_2835,MV_5880,TH_3,SC_5,2025-09-04,14:30:00,408.85,133,active
SH_2836,MV_3434,TH_434,SC_467,2024-03-23,17:45:00,433.64,82,active
SH_2837,MV_8537,TH_317,SC_423,2024-08-31,18:45:00,230.45,115,active
SH_2838,MV_7472,TH_280,SC_675,2023-06-13,12:30:00,209.07,104,active
SH_2839,MV_7639,TH_217,SC_586,2024-05-07,14:45:00,431.19,176,active
SH_2841,MV_1821,TH_114,SC_289,2023-09-28,19:45:00,485.58,140,active
SH_2842,MV_3359,TH_81,SC_693,2025-09-05,16:30:00,467.83,172,active
SH_2843,MV_6849,TH_39,SC_562,2023-10-17,15:30:00,237.58,196,active
SH_2844,MV_1751,TH_88,SC_443,2025-11-06,13:00:00,299.53,124,active
SH_2845,MV_3367,TH_69,SC_864,2025-08-20,17:45:00,323.4,147,active
SH_2846,MV_6847,TH_17,SC_942,2024-11-09,21:30:00,367.84,67,active
SH_2848,MV_9649,TH_313,SC_165,2025-07-09,15:45:00,480.0,186,active
SH_2849,MV_4763,TH_56,SC_849,2025-10-15,13:30:00,334.25,167,active
SH_2850,MV_2261,TH_406,SC_256,2023-07-25,14:30:00,354.11,50,active
SH_2851,MV_8127,TH_97,SC_911,2024-05-29,18:45:00,460.0,134,active
SH_2852,MV_2675,TH_45,SC_746,2024-03-27,14:45:00,434.49,144,active
SH_2853,MV_2005,TH_422,SC_858,2025-01-08,13:30:00,460.2,76,active
SH_2854,MV_860,TH_191,SC_191,2023-12-03,14:00:00,361.89,124,active
SH_2855,MV_4034,TH_209,SC_783,2025-01-15,17:00:00,421.42,180,active
SH_2856,MV_9829,TH_97,SC_994,2023-07-24,20:15:00,225.31,155,active
SH_2857,MV_8915,TH_396,SC_503,2023-12-30,21:45:00,407.97,157,active
SH_2858,MV_1950,TH_24,SC_234,2024-05-13,19:00:00,405.28,133,active
SH_2859,MV_417,TH_16,SC_648,2025-12-10,15:30:00,183.75,122,active
SH_2860,MV_6383,TH_437,SC_646,2025-12-12,22:30:00,290.73,146,active
SH_2861,MV_4048,TH_78,SC_188,2025-09-15,15:00:00,352.02,177,active
SH_2862,MV_4220,TH_65,SC_90,2023-12-11,14:15:00,460.38,110,active
SH_2863,MV_9522,TH_427,SC_967,2024-03-14,18:00:00,171.35,121,active
SH_2864,MV_1281,TH_372,SC_294,2023-02-06,17:00:00,363.47,58,active
SH_2865,MV_758,TH_117,SC_170,2025-10-01,16:15:00,496.34,122,active
SH_2866,MV_9124,TH_236,SC_861,2023-01-14,20:00:00,191.95,148,active
SH_2867,MV_3567,TH_269,SC_982,2023-05-05,20:00:00,151.62,185,active
SH_2868,MV_8117,TH_155,SC_658,2024-02-21,16:30:00,154.27,118,active
SH_2869,MV_6504,TH_420,SC_612,2025-05-14,10:00:00,264.81,144,active
SH_2870,MV_476,TH_115,SC_297,2024-08-06,22:15:00,299.37,101,active
SH_2871,MV_4109,TH_208,SC_812,2025-01-19,10:45:00,354.67,69,active
SH_2872,MV_972,TH_70,SC_520,2023-02-14,18:15:00,362.43,123,active
SH_2873,MV_7173,TH_305,SC_91,2025-05-22,17:00:00,360.48,129,active
SH_2874,MV_7729,TH_178,SC_938,2023-06-02,16:45:00,230.67,131,active
SH_2876,MV_35,TH_66,SC_819,2025-10-16,19:00:00,236.48,154,active
SH_2877,MV_640,TH_168,SC_782,2025-04-09,12:15:00,458.33,67,active
SH_2878,MV_7500,TH_272,SC_982,2024-08-11,11:45:00,312.48,193,active
SH_2879,MV_9699,TH_295,SC_371,2024-05-07,10:30:00,285.36,68,active
SH_2880,MV_6583,TH_410,SC_961,2025-07-30,12:30:00,472.63,75,active
SH_2881,MV_1345,TH_71,SC_523,2025-01-31,20:15:00,210.4,135,active
SH_2882,MV_7245,TH_127,SC_743,2025-12-20,20:15:00,383.33,59,active
SH_2883,MV_1851,TH_24,SC_564,2024-08-13,17:00:00,486.83,85,active
SH_2884,MV_7391,TH_350,SC_106,2024-12-02,15:45:00,245.0,186,active
SH_2885,MV_5803,TH_208,SC_447,2024-12-04,13:45:00,360.01,56,active
SH_2887,MV_8322,TH_272,SC_444,2024-10-20,15:30:00,274.81,163,active
SH_2888,MV_3142,TH_118,SC_141,2024-02-14,13:15:00,461.27,65,active
SH_2889,MV_5989,TH_262,SC_631,2024-12-16,14:30:00,188.87,145,active
SH_2890,MV_8828,TH_490,SC_877,2024-08-04,19:00:00,355.52,195,active
SH_2891,MV_2203,TH_320,SC_191,2025-12-21,10:15:00,468.17,109,active
SH_2892,MV_8456,TH_435,SC_671,2023-05-20,13:45:00,274.06,136,active
SH_2893,MV_4882,TH_373,SC_66,2025-04-27,18:00:00,151.02,157,active
SH_2894,MV_5623,TH_329,SC_276,2023-02-20,16:00:00,405.72,148,active
SH_2895,MV_6019,TH_150,SC_658,2024-12-27,19:30:00,295.54,123,active
SH_2896,MV_8329,TH_93,SC_341,2025-02-25,11:15:00,268.2,142,active
SH_2897,MV_2254,TH_406,SC_403,2023-09-25,14:00:00,403.7,171,active
SH_2898,MV_1628,TH_108,SC_184,2023-05-07,15:00:00,287.75,178,active
SH_2899,MV_5539,TH_365,SC_59,2025-10-24,10:00:00,429.07,175,active
SH_2900,MV_5924,TH_116,SC_742,2024-06-05,19:45:00,274.08,68,active
SH_2901,MV_2710,TH_414,SC_181,2025-11-14,20:15:00,458.1,104,active
SH_2903,MV_5356,TH_451,SC_523,2024-11-23,17:15:00,471.43,74,active
SH_2904,MV_775,TH_264,SC_229,2023-04-24,13:15:00,276.96,163,active
SH_2905,MV_6161,TH_471,SC_998,2025-12-24,19:30:00,165.36,118,active
SH_2906,MV_3617,TH_387,SC_604,2025-03-03,21:00:00,296.99,106,active
SH_2907,MV_1884,TH_62,SC_794,2024-02-03,13:30:00,208.93,65,active
SH_2908,MV_7608,TH_199,SC_664,2025-07-19,18:15:00,254.0,120,active
SH_2909,MV_6455,TH_217,SC_195,2023-05-13,10:45:00,184.83,62,active
SH_2911,MV_9479,TH_229,SC_464,2023-12-02,11:30:00,458.93,142,active
SH_2912,MV_2459,TH_336,SC_745,2025-09-05,13:00:00,243.01,81,active
SH_2913,MV_3548,TH_100,SC_343,2023-06-28,13:15:00,477.31,88,active
SH_2914,MV_5351,TH_117,SC_821,2025-03-13,20:30:00,447.72,174,active
SH_2918,MV_4360,TH_384,SC_234,2024-12-12,11:00:00,266.5,197,active
SH_2919,MV_4171,TH_353,SC_41,2023-07-14,15:15:00,312.07,163,active
SH_2920,MV_2637,TH_71,SC_632,2024-11-19,17:15:00,199.44,140,active
SH_2921,MV_4401,TH_49,SC_812,2025-04-04,14:45:00,331.14,75,active
SH_2922,MV_6485,TH_348,SC_442,2025-01-27,10:45:00,470.66,121,active
SH_2923,MV_9551,TH_85,SC_202,2023-08-02,10:00:00,395.53,55,active
SH_2924,MV_7751,TH_310,SC_752,2024-03-09,20:15:00,325.82,93,active
SH_2925,MV_686,TH_89,SC_529,2023-02-27,12:45:00,214.62,52,active
SH_2926,MV_9172,TH_329,SC_645,2023-05-30,10:15:00,446.34,188,active
SH_2927,MV_2253,TH_150,SC_297,2023-09-13,16:30:00,163.05,90,active
SH_2929,MV_3407,TH_76,SC_377,2025-06-18,17:30:00,214.21,185,active
SH_2930,MV_9229,TH_206,SC_548,2024-08-03,17:00:00,462.5,130,active
SH_2931,MV_4174,TH_70,SC_77,2025-06-08,15:00:00,157.07,137,active
SH_2932,MV_9901,TH_230,SC_968,2023-09-10,12:15:00,456.19,61,active
SH_2933,MV_5692,TH_42,SC_30,2024-08-24,14:15:00,283.54,168,active
SH_2934,MV_1962,TH_101,SC_848,2024-07-06,16:45:00,293.97,195,active
SH_2935,MV_3327,TH_141,SC_888,2025-10-08,17:30:00,275.74,164,active
SH_2936,MV_8555,TH_372,SC_736,2024-01-25,17:45:00,166.97,124,active
SH_2939,MV_8990,TH_359,SC_740,2025-05-01,16:45:00,416.7,169,active
SH_2940,MV_8976,TH_295,SC_988,2023-04-02,21:30:00,449.25,79,active
SH_2941,MV_8614,TH_335,SC_325,2023-11-11,19:15:00,448.47,65,active
SH_2942,MV_9262,TH_227,SC_491,2023-08-27,18:30:00,237.96,103,active
SH_2943,MV_5816,TH_80,SC_453,2023-12-01,18:15:00,332.79,118,active
SH_2944,MV_345,TH_399,SC_103,2024-12-05,21:30:00,460.79,167,active
SH_2945,MV_5376,TH_457,SC_774,2025-11-11,16:15:00,313.08,112,active
SH_2946,MV_3673,TH_462,SC_935,2025-09-26,14:00:00,289.43,148,active
SH_2947,MV_9826,TH_30,SC_729,2023-12-02,18:30:00,388.85,153,active
SH_2948,MV_9366,TH_293,SC_140,2025-07-23,15:45:00,296.64,191,active
SH_2949,MV_4666,TH_27,SC_279,2025-03-27,18:15:00,234.47,151,active
SH_2950,MV_2008,TH_230,SC_103,2024-04-22,13:45:00,389.43,188,active
SH_2952,MV_679,TH_242,SC_162,2023-03-20,16:15:00,304.39,52,active
SH_2953,MV_6574,TH_36,SC_3,2023-01-13,21:30:00,292.89,168,active
SH_2954,MV_2451,TH_423,SC_379,2025-06-20,21:15:00,344.32,185,active
SH_2955,MV_5650,TH_478,SC_634,2024-11-08,17:30:00,292.97,61,active
SH_2956,MV_2404,TH_481,SC_150,2024-09-05,22:30:00,262.65,196,active
SH_2957,MV_5000,TH_162,SC_943,2024-07-11,11:45:00,360.93,54,active
SH_2958,MV_1032,TH_415,SC_138,2025-08-21,16:45:00,159.99,109,active
SH_2959,MV_1408,TH_93,SC_533,2024-03-18,21:45:00,292.18,172,active
SH_2960,MV_7158,TH_482,SC_171,2023-09-19,18:00:00,391.27,86,active
SH_2962,MV_4940,TH_56,SC_93,2025-03-08,10:45:00,196.68,167,active
SH_2963,MV_3668,TH_166,SC_873,2025-05-19,20:00:00,160.72,166,active
SH_2964,MV_7270,TH_413,SC_184,2024-01-31,17:30:00,468.82,100,active
SH_2966,MV_6458,TH_182,SC_525,2023-10-17,17:45:00,466.88,176,active
SH_2967,MV_854,TH_138,SC_175,2025-09-29,19:15:00,249.95,185,active
SH_2968,MV_9921,TH_82,SC_906,2024-02-23,22:45:00,485.3,162,active
SH_2969,MV_3125,TH_111,SC_655,2023-07-03,20:30:00,243.91,163,active
SH_2970,MV_9508,TH_153,SC_34,2023-11-25,19:45:00,329.98,183,active
SH_2971,MV_2854,TH_165,SC_160,2023-10-25,19:45:00,283.5,107,active
SH_2972,MV_9136,TH_409,SC_287,2025-09-09,15:00:00,278.51,155,active
SH_2973,MV_159,TH_486,SC_116,2025-01-20,15:30:00,238.64,104,active
SH_2974,MV_1963,TH_241,SC_472,2025-08-25,21:30:00,341.55,187,active
SH_2975,MV_4957,TH_54,SC_798,2025-03-29,10:30:00,483.84,129,active
SH_2976,MV_6175,TH_457,SC_543,2023-12-22,21:30:00,434.43,74,active
SH_2977,MV_209,TH_79,SC_414,2023-12-14,13:45:00,230.34,77,active
SH_2978,MV_6609,TH_149,SC_269,2025-12-25,17:15:00,318.43,105,active
SH_2979,MV_3018,TH_383,SC_855,2025-07-26,14:00:00,318.66,81,active
SH_2980,MV_3662,TH_143,SC_213,2023-09-03,14:30:00,355.14,141,active
SH_2981,MV_545,TH_198,SC_205,2025-06-07,20:45:00,152.95,137,active
SH_2982,MV_7148,TH_52,SC_177,2024-05-18,20:45:00,381.29,195,active
SH_2983,MV_6676,TH_194,SC_549,2024-08-11,21:00:00,314.67,199,active
SH_2984,MV_7793,TH_131,SC_313,2024-04-28,11:15:00,201.94,136,active
SH_2985,MV_3783,TH_133,SC_759,2023-12-02,22:00:00,213.09,69,active
SH_2986,MV_8889,TH_360,SC_813,2025-11-16,10:15:00,310.92,56,active
SH_2987,MV_8874,TH_130,SC_848,2023-03-04,20:15:00,472.44,95,active
SH_2988,MV_3496,TH_140,SC_839,2025-03-03,19:00:00,300.96,81,active
SH_2989,MV_7480,TH_46,SC_817,2023-11-12,10:15:00,321.89,177,active
SH_2991,MV_3489,TH_422,SC_956,2024-06-04,21:15:00,481.86,142,active
SH_2992,MV_8898,TH_432,SC_232,2025-03-17,14:30:00,499.27,177,active
SH_2993,MV_4944,TH_5,SC_299,2024-09-29,18:15:00,479.74,157,active
SH_2994,MV_3345,TH_65,SC_708,2023-01-03,11:15:00,249.68,100,active
SH_2995,MV_1085,TH_324,SC_946,2023-03-23,11:45:00,175.48,92,active
SH_2996,MV_1918,TH_301,SC_685,2024-04-18,21:45:00,222.22,147,active
SH_2997,MV_3079,TH_395,SC_100,2025-06-08,12:15:00,245.75,194,active
SH_2999,MV_6906,TH_336,SC_948,2023-04-07,22:30:00,452.64,123,active
SH_3000,MV_7124,TH_334,SC_594,2024-01-17,10:30:00,385.18,98,active
SH_3002,MV_8209,TH_268,SC_671,2025-04-13,11:15:00,470.05,156,active
SH_3003,MV_8902,TH_110,SC_685,2025-07-08,10:45:00,460.95,111,active
SH_3004,MV_1341,TH_473,SC_853,2024-05-02,19:00:00,348.59,84,active
SH_3005,MV_3433,TH_340,SC_15,2023-08-24,16:30:00,385.92,65,active
SH_3006,MV_7841,TH_126,SC_580,2023-11-25,10:00:00,305.0,83,active
SH_3008,MV_2315,TH_380,SC_738,2023-12-08,18:30:00,293.01,97,active
SH_3010,MV_7624,TH_276,SC_289,2023-01-28,13:45:00,437.17,160,active
SH_3011,MV_5211,TH_61,SC_216,2024-06-23,15:00:00,484.67,104,active
SH_3012,MV_3244,TH_335,SC_391,2025-01-11,14:30:00,304.34,80,active
SH_3013,MV_9314,TH_249,SC_939,2024-06-12,16:30:00,160.41,58,active
SH_3015,MV_4548,TH_171,SC_867,2025-09-25,22:15:00,245.31,58,active
SH_3016,MV_5720,TH_5,SC_340,2023-01-17,15:15:00,426.77,83,active
SH_3017,MV_5699,TH_317,SC_617,2025-10-11,20:30:00,435.18,94,active
SH_3018,MV_3020,TH_266,SC_769,2023-09-06,15:45:00,213.48,81,active
SH_3019,MV_9483,TH_151,SC_285,2025-04-20,16:15:00,189.04,197,active
SH_3020,MV_3031,TH_268,SC_184,2025-12-13,16:45:00,223.94,179,active
SH_3021,MV_8826,TH_245,SC_957,2023-05-13,16:00:00,472.09,112,active
SH_3022,MV_8584,TH_95,SC_138,2025-08-06,16:30:00,481.18,99,active
SH_3023,MV_4887,TH_497,SC_333,2025-11-18,21:30:00,181.47,148,active
SH_3024,MV_738,TH_283,SC_536,2025-10-04,19:45:00,185.65,185,active
SH_3025,MV_711,TH_279,SC_133,2025-03-09,12:30:00,176.89,166,active
SH_3026,MV_9962,TH_253,SC_258,2023-07-13,16:30:00,378.93,143,active
SH_3027,MV_8148,TH_293,SC_510,2023-12-10,21:45:00,370.75,134,active
SH_3028,MV_4381,TH_3,SC_948,2023-01-06,10:45:00,229.72,96,active
SH_3029,MV_4360,TH_440,SC_993,2023-10-27,20:45:00,245.92,99,active
SH_3030,MV_1968,TH_249,SC_822,2024-07-18,12:45:00,404.12,63,active
SH_3031,MV_5272,TH_255,SC_839,2024-04-30,20:00:00,159.25,116,active
SH_3032,MV_1067,TH_121,SC_844,2023-10-09,12:30:00,395.34,138,active
SH_3033,MV_6667,TH_313,SC_912,2023-02-24,14:00:00,338.02,53,active
SH_3034,MV_9074,TH_263,SC_793,2023-11-03,21:45:00,267.76,78,active
SH_3035,MV_1029,TH_449,SC_773,2023-04-23,21:15:00,272.53,65,active
SH_3037,MV_1906,TH_146,SC_714,2023-10-19,12:00:00,438.78,191,active
SH_3038,MV_6889,TH_180,SC_31,2023-05-29,16:15:00,334.93,55,active
SH_3039,MV_2792,TH_175,SC_156,2023-10-28,19:15:00,349.01,136,active
SH_3040,MV_692,TH_341,SC_695,2025-10-22,11:15:00,289.22,65,active
SH_3041,MV_1850,TH_286,SC_903,2024-06-07,16:45:00,497.11,155,active
SH_3042,MV_5509,TH_244,SC_353,2025-05-25,15:00:00,497.51,108,active
SH_3043,MV_1300,TH_23,SC_832,2024-12-07,14:00:00,293.47,161,active
SH_3044,MV_418,TH_91,SC_679,2023-08-04,10:30:00,294.4,175,active
SH_3045,MV_7165,TH_19,SC_44,2023-12-20,10:15:00,271.89,110,active
SH_3046,MV_4249,TH_440,SC_762,2024-03-03,10:00:00,360.06,132,active
SH_3047,MV_4558,TH_210,SC_437,2025-06-11,15:15:00,178.78,57,active
SH_3048,MV_3503,TH_82,SC_169,2023-08-19,11:00:00,386.28,110,active
SH_3050,MV_2580,TH_354,SC_922,2023-10-11,15:00:00,363.51,149,active
SH_3051,MV_657,TH_72,SC_274,2025-04-17,16:00:00,225.89,154,active
SH_3052,MV_9163,TH_300,SC_496,2025-02-02,12:45:00,418.27,128,active
SH_3053,MV_594,TH_422,SC_179,2024-06-10,12:00:00,424.97,174,active
SH_3054,MV_265,TH_189,SC_610,2024-04-22,22:15:00,470.12,87,active
SH_3055,MV_7189,TH_2,SC_378,2023-10-13,16:45:00,200.44,95,active
SH_3056,MV_252,TH_339,SC_750,2024-05-18,10:15:00,334.05,75,active
SH_3057,MV_3692,TH_256,SC_315,2024-05-31,17:15:00,223.19,90,active
SH_3058,MV_8010,TH_85,SC_918,2023-10-18,20:15:00,393.28,70,active
SH_3059,MV_3994,TH_90,SC_209,2025-09-23,14:45:00,479.09,80,active
SH_3060,MV_7966,TH_389,SC_161,2024-11-28,18:00:00,154.02,58,active
SH_3061,MV_6960,TH_415,SC_807,2024-07-25,22:45:00,344.61,199,active
SH_3062,MV_2200,TH_325,SC_647,2023-04-09,16:30:00,150.63,81,active
SH_3063,MV_6394,TH_344,SC_893,2023-02-06,10:30:00,175.71,174,active
SH_3064,MV_7005,TH_240,SC_524,2025-09-20,20:30:00,226.02,194,active
SH_3065,MV_9335,TH_473,SC_137,2023-01-27,16:15:00,454.22,112,active
SH_3067,MV_9331,TH_340,SC_502,2025-06-24,14:00:00,421.45,135,active
SH_3068,MV_2855,TH_17,SC_332,2025-08-11,18:30:00,285.0,167,active
SH_3069,MV_8376,TH_282,SC_612,2024-06-24,12:30:00,211.26,74,active
SH_3070,MV_1268,TH_457,SC_722,2025-01-02,13:45:00,311.17,180,active
SH_3072,MV_1544,TH_102,SC_997,2024-02-24,18:15:00,459.59,108,active
SH_3073,MV_4353,TH_205,SC_845,2024-06-12,14:30:00,181.1,180,active
SH_3074,MV_7299,TH_103,SC_774,2025-08-26,19:00:00,151.2,115,active
SH_3075,MV_8048,TH_37,SC_454,2023-09-08,12:00:00,467.7,191,active
SH_3076,MV_1676,TH_58,SC_110,2024-01-05,18:00:00,350.99,135,active
SH_3077,MV_461,TH_315,SC_876,2024-07-21,18:45:00,313.31,142,active
SH_3078,MV_9101,TH_271,SC_262,2023-03-06,22:00:00,272.86,137,active
SH_3079,MV_9640,TH_369,SC_31,2024-01-01,11:15:00,176.82,132,active
SH_3080,MV_9165,TH_369,SC_990,2023-04-27,18:45:00,389.33,77,active
SH_3081,MV_3410,TH_335,SC_672,2024-10-11,16:00:00,397.01,97,active
SH_3082,MV_1505,TH_75,SC_127,2023-06-16,15:00:00,398.7,62,active
SH_3083,MV_4110,TH_182,SC_123,2023-04-19,17:15:00,162.14,108,active
SH_3084,MV_3469,TH_202,SC_371,2023-08-04,22:45:00,232.44,92,active
SH_3085,MV_4584,TH_292,SC_412,2023-02-12,11:45:00,325.42,94,active
SH_3086,MV_1160,TH_201,SC_85,2024-04-13,22:00:00,432.72,132,active
SH_3087,MV_5411,TH_31,SC_95,2023-05-23,22:00:00,413.89,53,active
SH_3088,MV_3523,TH_249,SC_501,2025-04-02,21:00:00,455.03,131,active
SH_3089,MV_2770,TH_332,SC_613,2024-10-18,16:00:00,491.71,107,active
SH_3090,MV_7323,TH_349,SC_790,2024-12-06,20:30:00,168.09,176,active
SH_3092,MV_6616,TH_436,SC_844,2025-10-15,19:00:00,360.11,64,active
SH_3094,MV_8796,TH_84,SC_512,2025-05-19,21:45:00,174.14,97,active
SH_3095,MV_7147,TH_60,SC_703,2023-11-02,19:45:00,312.13,94,active
SH_3096,MV_4314,TH_169,SC_780,2024-08-09,16:30:00,482.32,156,active
SH_3097,MV_8065,TH_233,SC_302,2025-08-12,18:00:00,245.36,104,active
SH_3098,MV_4296,TH_422,SC_808,2024-04-13,21:00:00,479.11,85,active
SH_3099,MV_410,TH_275,SC_715,2025-10-13,18:00:00,260.69,79,active
SH_3100,MV_2419,TH_113,SC_47,2023-10-16,22:00:00,370.41,87,active
SH_3101,MV_1861,TH_247,SC_414,2025-07-30,19:45:00,236.21,158,active
SH_3102,MV_4736,TH_86,SC_98,2024-09-13,17:45:00,394.54,59,active
SH_3103,MV_3556,TH_377,SC_493,2023-09-02,18:00:00,411.5,79,active
SH_3104,MV_2136,TH_324,SC_201,2023-02-05,12:30:00,232.37,107,active
SH_3105,MV_2649,TH_368,SC_469,2023-10-02,11:15:00,159.27,80,active
SH_3106,MV_8913,TH_97,SC_782,2024-11-20,14:30:00,351.83,124,active
SH_3108,MV_7749,TH_53,SC_121,2024-02-19,11:30:00,364.82,133,active
SH_3109,MV_121,TH_400,SC_257,2025-12-29,20:30:00,469.23,171,active
SH_3110,MV_1239,TH_381,SC_996,2023-11-14,12:00:00,479.22,104,active
SH_3111,MV_6349,TH_405,SC_149,2024-06-14,10:45:00,374.21,132,active
SH_3112,MV_9480,TH_164,SC_106,2024-01-11,21:15:00,347.17,181,active
SH_3113,MV_4874,TH_495,SC_159,2025-05-08,21:30:00,419.6,137,active
SH_3114,MV_4490,TH_196,SC_677,2025-04-26,15:45:00,331.12,173,active
SH_3115,MV_9225,TH_499,SC_699,2025-04-06,20:30:00,452.2,121,active
SH_3116,MV_5329,TH_302,SC_703,2024-07-01,16:15:00,298.51,118,active
SH_3117,MV_1847,TH_20,SC_397,2024-11-21,12:00:00,345.46,199,active
SH_3118,MV_9600,TH_73,SC_448,2025-06-12,10:45:00,271.7,62,active
SH_3119,MV_6919,TH_14,SC_940,2025-09-03,11:30:00,314.53,116,active
SH_3120,MV_8159,TH_156,SC_692,2025-05-02,12:00:00,381.83,76,active
SH_3121,MV_8116,TH_60,SC_896,2024-04-10,11:45:00,312.56,146,active
SH_3122,MV_3879,TH_104,SC_60,2023-12-08,15:30:00,439.38,102,active
SH_3124,MV_9206,TH_467,SC_653,2024-11-25,11:30:00,408.26,104,active
SH_3125,MV_6900,TH_153,SC_650,2023-06-11,11:45:00,232.87,139,active
SH_3126,MV_155,TH_125,SC_42,2024-06-07,14:30:00,162.11,190,active
SH_3127,MV_9940,TH_169,SC_511,2023-12-04,10:00:00,323.3,170,active
SH_3128,MV_4978,TH_423,SC_625,2023-08-11,18:45:00,273.26,172,active
SH_3129,MV_7758,TH_499,SC_765,2024-11-26,14:30:00,259.62,114,active
SH_3130,MV_50,TH_107,SC_650,2023-06-12,22:45:00,445.96,177,active
SH_3131,MV_1849,TH_61,SC_957,2023-02-01,17:45:00,445.91,60,active
SH_3132,MV_2569,TH_356,SC_151,2024-08-14,22:45:00,338.31,83,active
SH_3133,MV_4666,TH_258,SC_481,2023-05-18,21:45:00,394.67,118,active
SH_3134,MV_1470,TH_256,SC_317,2024-02-18,12:30:00,355.24,185,active
SH_3136,MV_6991,TH_486,SC_845,2023-09-27,11:00:00,358.86,57,active
SH_3137,MV_3966,TH_303,SC_759,2023-05-11,17:30:00,253.64,57,active
SH_3138,MV_6537,TH_372,SC_321,2025-10-10,17:45:00,212.12,145,active
SH_3139,MV_5544,TH_441,SC_73,2025-06-06,10:00:00,230.71,194,active
SH_3140,MV_672,TH_78,SC_361,2024-06-28,19:45:00,273.59,163,active
SH_3141,MV_5775,TH_218,SC_292,2024-07-02,20:45:00,352.77,158,active
SH_3142,MV_7316,TH_95,SC_866,2023-10-14,15:00:00,368.31,156,active
SH_3143,MV_1339,TH_206,SC_135,2025-08-18,11:30:00,185.15,112,active
SH_3144,MV_210,TH_117,SC_906,2025-11-29,12:15:00,328.96,134,active
SH_3145,MV_8007,TH_96,SC_973,2024-03-26,21:15:00,468.83,93,active
SH_3146,MV_4467,TH_294,SC_989,2023-09-22,17:00:00,491.08,123,active
SH_3147,MV_9916,TH_199,SC_856,2023-08-04,17:45:00,166.29,150,active
SH_3148,MV_2597,TH_382,SC_264,2023-11-04,21:15:00,273.18,159,active
SH_3149,MV_2032,TH_171,SC_186,2023-01-31,21:15:00,411.9,182,active
SH_3150,MV_6124,TH_412,SC_109,2023-04-09,21:15:00,420.96,146,active
SH_3151,MV_8151,TH_480,SC_711,2023-09-08,15:15:00,484.5,152,active
SH_3152,MV_1384,TH_497,SC_487,2025-10-17,16:15:00,220.24,98,active
SH_3153,MV_4347,TH_428,SC_973,2023-10-06,11:30:00,159.33,60,active
SH_3154,MV_5402,TH_243,SC_196,2023-01-19,16:15:00,371.91,131,active
SH_3155,MV_844,TH_112,SC_965,2023-11-28,13:00:00,384.69,124,active
SH_3156,MV_4106,TH_418,SC_512,2025-03-27,20:30:00,235.34,57,active
SH_3157,MV_2045,TH_230,SC_614,2024-01-25,13:30:00,387.14,149,active
SH_3158,MV_7852,TH_247,SC_718,2023-08-24,19:45:00,481.89,168,active
SH_3161,MV_3422,TH_332,SC_558,2024-07-05,18:15:00,307.97,88,active
SH_3162,MV_8540,TH_325,SC_822,2025-10-08,16:45:00,477.02,107,active
SH_3164,MV_6774,TH_320,SC_268,2023-02-08,20:45:00,317.13,157,active
SH_3165,MV_320,TH_127,SC_610,2025-01-13,10:15:00,175.71,189,active
SH_3166,MV_560,TH_99,SC_494,2024-06-26,21:15:00,450.63,184,active
SH_3168,MV_9151,TH_214,SC_240,2023-10-13,17:45:00,309.01,185,active
SH_3169,MV_9646,TH_258,SC_820,2024-02-21,20:30:00,489.84,153,active
SH_3171,MV_8693,TH_316,SC_297,2024-02-29,15:15:00,319.4,51,active
SH_3172,MV_4217,TH_12,SC_212,2024-06-09,15:15:00,484.9,114,active
SH_3173,MV_9474,TH_428,SC_726,2024-02-10,20:15:00,469.94,129,active
SH_3174,MV_3919,TH_407,SC_912,2023-05-18,20:15:00,287.82,93,active
SH_3176,MV_4438,TH_448,SC_619,2025-09-04,18:30:00,431.46,186,active
SH_3177,MV_4709,TH_306,SC_755,2023-02-16,18:30:00,380.25,112,active
SH_3178,MV_5619,TH_487,SC_139,2025-09-12,17:30:00,200.37,159,active
SH_3180,MV_7030,TH_376,SC_865,2023-06-18,10:15:00,424.54,87,active
SH_3181,MV_7169,TH_458,SC_884,2024-05-13,20:45:00,355.76,85,active
SH_3182,MV_5995,TH_136,SC_607,2024-12-07,10:45:00,190.7,107,active
SH_3183,MV_3955,TH_275,SC_794,2024-02-26,20:45:00,432.68,175,active
SH_3184,MV_7032,TH_167,SC_654,2023-12-02,16:30:00,378.9,93,active
SH_3185,MV_5087,TH_434,SC_538,2025-03-27,12:30:00,274.24,54,active
SH_3186,MV_8280,TH_222,SC_39,2024-10-22,21:30:00,453.4,154,active
SH_3187,MV_6151,TH_249,SC_256,2023-05-08,22:45:00,170.6,163,active
SH_3188,MV_7008,TH_493,SC_639,2023-06-05,11:45:00,199.91,52,active
SH_3189,MV_4313,TH_491,SC_89,2024-09-25,21:30:00,162.57,84,active
SH_3190,MV_2094,TH_318,SC_978,2023-06-30,17:00:00,489.72,111,active
SH_3191,MV_6034,TH_416,SC_729,2023-01-12,17:15:00,313.45,110,active
SH_3192,MV_3470,TH_420,SC_130,2024-03-01,15:30:00,355.28,144,active
SH_3193,MV_5510,TH_147,SC_928,2025-03-06,22:45:00,251.19,84,active
SH_3194,MV_2749,TH_95,SC_603,2025-01-10,16:30:00,494.55,177,active
SH_3195,MV_3075,TH_245,SC_121,2025-06-18,18:45:00,330.87,164,active
SH_3196,MV_5384,TH_478,SC_319,2023-05-01,10:30:00,221.29,121,active
SH_3197,MV_3082,TH_261,SC_688,2023-09-14,12:45:00,494.77,184,active
SH_3198,MV_8252,TH_155,SC_752,2025-12-04,13:00:00,317.59,178,active
SH_3199,MV_379,TH_472,SC_587,2025-03-24,13:00:00,191.83,114,active
SH_3200,MV_1062,TH_174,SC_675,2023-10-14,13:45:00,307.86,157,active
SH_3201,MV_4673,TH_385,SC_941,2023-12-26,12:45:00,444.93,128,active
SH_3202,MV_1043,TH_95,SC_808,2023-07-05,19:15:00,285.11,83,active
SH_3203,MV_406,TH_305,SC_786,2024-05-20,15:45:00,326.11,127,active
SH_3204,MV_966,TH_400,SC_66,2024-08-31,17:00:00,377.07,109,active
SH_3205,MV_2784,TH_304,SC_131,2024-05-10,21:00:00,489.89,163,active
SH_3206,MV_3948,TH_106,SC_440,2023-05-03,22:30:00,330.01,98,active
SH_3207,MV_9220,TH_483,SC_103,2023-06-25,19:15:00,444.87,109,active
SH_3208,MV_3155,TH_416,SC_350,2024-05-01,10:30:00,364.06,63,active
SH_3209,MV_734,TH_437,SC_740,2024-03-01,21:45:00,162.96,74,active
SH_3210,MV_6722,TH_130,SC_640,2024-11-29,15:15:00,304.62,179,active
SH_3211,MV_5614,TH_47,SC_588,2023-10-27,22:00:00,453.75,103,active
SH_3212,MV_3181,TH_452,SC_74,2023-10-11,19:15:00,357.72,132,active
SH_3213,MV_9410,TH_184,SC_567,2023-01-13,12:45:00,441.09,140,active
SH_3214,MV_8170,TH_146,SC_182,2024-07-16,22:15:00,404.2,145,active
SH_3215,MV_186,TH_229,SC_38,2023-01-15,10:00:00,324.17,125,active
SH_3216,MV_3591,TH_26,SC_82,2023-04-13,16:45:00,250.45,98,active
SH_3217,MV_5212,TH_230,SC_103,2023-05-26,13:15:00,480.36,56,active
SH_3218,MV_3674,TH_172,SC_967,2024-06-05,10:15:00,378.86,102,active
SH_3219,MV_7964,TH_493,SC_542,2025-12-09,11:15:00,497.8,146,active
SH_3220,MV_355,TH_3,SC_904,2025-02-25,13:45:00,191.4,140,active
SH_3221,MV_3646,TH_329,SC_714,2024-03-29,11:00:00,176.8,194,active
SH_3223,MV_3909,TH_334,SC_143,2023-04-05,15:30:00,467.79,132,active
SH_3224,MV_2161,TH_369,SC_627,2025-07-08,13:15:00,460.98,176,active
SH_3225,MV_4533,TH_375,SC_579,2023-07-15,15:15:00,481.57,88,active
SH_3226,MV_4365,TH_247,SC_900,2024-06-04,20:00:00,194.91,188,active
SH_3227,MV_7696,TH_373,SC_875,2023-04-04,17:00:00,379.36,160,active
SH_3228,MV_4337,TH_335,SC_491,2024-09-26,10:30:00,205.02,69,active
SH_3229,MV_3947,TH_415,SC_139,2023-04-13,18:45:00,198.61,180,active
SH_3230,MV_8921,TH_52,SC_180,2025-09-15,12:15:00,388.05,87,active
SH_3232,MV_7887,TH_241,SC_942,2025-03-01,15:45:00,333.42,72,active
SH_3233,MV_899,TH_104,SC_915,2025-12-12,19:15:00,199.9,196,active
SH_3234,MV_4691,TH_293,SC_999,2023-05-31,14:45:00,184.65,109,active
SH_3235,MV_1523,TH_379,SC_619,2024-10-01,21:00:00,423.05,64,active
SH_3237,MV_5035,TH_168,SC_235,2025-10-05,12:00:00,392.35,138,active
SH_3238,MV_4079,TH_130,SC_881,2023-01-14,17:15:00,489.87,117,active
SH_3239,MV_3695,TH_248,SC_537,2024-12-05,13:00:00,173.66,103,active
SH_3240,MV_5569,TH_297,SC_811,2023-02-27,19:15:00,417.87,95,active
SH_3241,MV_6434,TH_125,SC_703,2025-07-07,18:15:00,420.76,75,active
SH_3242,MV_988,TH_378,SC_386,2025-12-01,20:15:00,453.56,161,active
SH_3243,MV_9571,TH_105,SC_613,2024-07-20,22:15:00,234.41,187,active
SH_3244,MV_828,TH_203,SC_268,2023-12-17,11:45:00,159.06,151,active
SH_3245,MV_9949,TH_377,SC_943,2024-06-16,22:15:00,340.85,161,active
SH_3246,MV_4345,TH_113,SC_299,2024-06-08,16:00:00,217.57,82,active
SH_3248,MV_1851,TH_353,SC_802,2025-04-28,19:00:00,191.67,192,active
SH_3249,MV_149,TH_38,SC_932,2024-09-13,18:30:00,199.93,157,active
SH_3250,MV_699,TH_70,SC_36,2023-07-05,15:30:00,454.61,110,active
SH_3251,MV_6645,TH_250,SC_248,2024-07-09,11:45:00,380.04,104,active
SH_3252,MV_8665,TH_467,SC_934,2025-07-23,15:00:00,283.62,77,active
SH_3253,MV_574,TH_238,SC_822,2024-12-24,16:00:00,172.01,120,active
SH_3254,MV_1347,TH_294,SC_125,2024-06-03,10:30:00,346.99,182,active
SH_3255,MV_706,TH_181,SC_19,2025-09-30,18:45:00,297.75,113,active
SH_3256,MV_3836,TH_295,SC_363,2025-10-23,20:00:00,365.0,96,active
SH_3257,MV_2658,TH_355,SC_142,2023-09-19,13:45:00,473.06,139,active
SH_3258,MV_5090,TH_440,SC_891,2023-01-18,19:00:00,231.87,53,active
SH_3259,MV_8891,TH_209,SC_451,2024-10-13,16:45:00,238.64,144,active
SH_3260,MV_3816,TH_115,SC_903,2025-11-04,18:45:00,482.51,97,active
SH_3261,MV_1850,TH_313,SC_795,2023-05-28,10:15:00,366.27,118,active
SH_3262,MV_5697,TH_262,SC_286,2025-05-15,17:15:00,256.28,81,active
SH_3263,MV_5127,TH_121,SC_933,2025-03-30,17:15:00,193.25,158,active
SH_3264,MV_7051,TH_153,SC_999,2023-12-09,22:15:00,455.17,103,active
SH_3265,MV_889,TH_331,SC_616,2023-09-04,15:45:00,239.87,170,active
SH_3266,MV_8710,TH_111,SC_803,2025-10-26,10:00:00,381.93,173,active
SH_3267,MV_9349,TH_458,SC_744,2024-01-10,16:15:00,436.3,90,active
SH_3268,MV_2852,TH_25,SC_187,2025-12-29,13:45:00,406.57,159,active
SH_3269,MV_6107,TH_23,SC_501,2025-06-21,18:00:00,267.83,121,active
SH_3270,MV_9496,TH_211,SC_783,2024-09-26,21:45:00,407.38,118,active
SH_3271,MV_7733,TH_158,SC_130,2024-04-11,15:30:00,439.59,54,active
SH_3273,MV_3098,TH_444,SC_178,2023-05-07,20:30:00,417.33,104,active
SH_3274,MV_6938,TH_396,SC_233,2025-01-23,12:15:00,375.59,161,active
SH_3277,MV_8942,TH_441,SC_761,2025-01-07,20:30:00,435.15,113,active
SH_3278,MV_1633,TH_70,SC_873,2024-09-16,16:45:00,228.51,92,active
SH_3279,MV_3278,TH_309,SC_647,2024-01-10,19:45:00,316.07,178,active
SH_3280,MV_1273,TH_326,SC_376,2023-02-01,15:45:00,174.51,115,active
SH_3281,MV_2842,TH_344,SC_206,2025-05-01,11:45:00,277.55,175,active
SH_3282,MV_8230,TH_138,SC_101,2024-04-03,21:45:00,486.92,82,active
SH_3283,MV_6694,TH_46,SC_480,2025-03-22,17:00:00,162.23,117,active
SH_3284,MV_2345,TH_161,SC_282,2024-03-13,15:15:00,491.93,52,active
SH_3285,MV_9787,TH_429,SC_673,2024-04-16,17:30:00,165.06,183,active
SH_3286,MV_6658,TH_264,SC_298,2023-01-11,17:30:00,186.9,72,active
SH_3288,MV_9836,TH_266,SC_270,2023-05-09,19:45:00,346.92,103,active
SH_3289,MV_8392,TH_312,SC_334,2023-05-15,11:00:00,209.5,125,active
SH_3290,MV_8898,TH_182,SC_933,2024-06-27,19:30:00,222.07,174,active
SH_3291,MV_7484,TH_294,SC_74,2023-01-17,13:30:00,249.52,179,active
SH_3292,MV_2371,TH_159,SC_842,2025-06-07,14:45:00,470.88,143,active
SH_3293,MV_7265,TH_173,SC_993,2024-07-31,22:45:00,339.35,105,active
SH_3294,MV_9099,TH_479,SC_505,2024-03-05,17:15:00,389.2,113,active
SH_3295,MV_6163,TH_376,SC_792,2024-02-29,13:45:00,300.33,149,active
SH_3296,MV_4965,TH_43,SC_772,2024-01-22,16:15:00,436.26,75,active
SH_3297,MV_5547,TH_160,SC_255,2023-12-17,21:45:00,428.45,142,active
SH_3298,MV_8655,TH_58,SC_44,2024-07-08,10:30:00,342.84,194,active
SH_3299,MV_7046,TH_126,SC_51,2025-09-15,20:30:00,475.75,172,active
SH_3300,MV_5443,TH_401,SC_821,2024-06-29,11:00:00,260.96,94,active
SH_3301,MV_1744,TH_293,SC_348,2024-03-30,11:00:00,299.26,194,active
SH_3302,MV_7408,TH_373,SC_995,2025-01-15,19:45:00,429.46,102,active
SH_3303,MV_2426,TH_303,SC_639,2023-02-08,20:30:00,262.32,181,active
SH_3304,MV_3165,TH_119,SC_127,2025-01-25,17:30:00,235.48,161,active
SH_3305,MV_9923,TH_490,SC_916,2024-11-05,14:00:00,345.84,174,active
SH_3307,MV_6114,TH_201,SC_645,2023-09-04,10:45:00,350.73,196,active
SH_3308,MV_8805,TH_6,SC_714,2024-04-22,11:00:00,208.45,114,active
SH_3309,MV_2209,TH_204,SC_578,2024-04-15,20:00:00,354.97,140,active
SH_3310,MV_8291,TH_485,SC_366,2023-05-14,19:30:00,323.87,80,active
SH_3311,MV_7977,TH_365,SC_778,2024-08-26,17:00:00,265.86,158,active
SH_3312,MV_1848,TH_98,SC_53,2024-07-21,16:00:00,448.05,163,active
SH_3313,MV_4852,TH_115,SC_419,2024-02-05,22:45:00,271.82,188,active
SH_3314,MV_9478,TH_494,SC_762,2024-03-13,20:45:00,429.99,136,active
SH_3315,MV_5580,TH_338,SC_298,2025-03-08,22:30:00,435.18,171,active
SH_3316,MV_590,TH_202,SC_545,2023-11-13,17:15:00,452.52,150,active
SH_3317,MV_1764,TH_258,SC_205,2023-06-26,22:45:00,352.49,97,active
SH_3318,MV_3651,TH_252,SC_387,2023-06-24,14:45:00,364.15,77,active
SH_3319,MV_8993,TH_321,SC_564,2025-08-12,21:45:00,434.0,129,active
SH_3320,MV_1792,TH_22,SC_673,2025-03-30,19:30:00,201.32,88,active
SH_3322,MV_4897,TH_292,SC_181,2023-01-26,16:00:00,285.63,68,active
SH_3323,MV_6457,TH_66,SC_736,2024-04-21,19:45:00,178.22,119,active
SH_3324,MV_5786,TH_364,SC_171,2023-08-06,12:30:00,260.34,124,active
SH_3325,MV_3917,TH_432,SC_360,2023-05-02,21:00:00,156.74,120,active
SH_3326,MV_8596,TH_112,SC_356,2025-07-20,16:00:00,243.01,95,active
SH_3327,MV_6784,TH_276,SC_920,2023-09-29,13:30:00,188.37,136,active
SH_3328,MV_2948,TH_327,SC_540,2025-01-11,17:15:00,431.33,170,active
SH_3329,MV_3447,TH_475,SC_596,2023-02-13,16:15:00,247.73,195,active
SH_3331,MV_302,TH_156,SC_309,2024-07-31,19:00:00,380.44,76,active
SH_3332,MV_6257,TH_449,SC_182,2025-06-15,11:45:00,452.0,194,active
SH_3333,MV_7296,TH_393,SC_147,2024-01-06,21:15:00,471.16,105,active
SH_3334,MV_7895,TH_486,SC_443,2023-06-21,10:45:00,156.45,65,active
SH_3336,MV_4658,TH_496,SC_121,2025-03-14,22:30:00,367.09,50,active
SH_3337,MV_9536,TH_180,SC_671,2024-04-03,12:45:00,340.17,182,active
SH_3338,MV_5486,TH_176,SC_736,2023-11-09,18:45:00,193.58,148,active
SH_3339,MV_4158,TH_466,SC_868,2025-03-23,14:15:00,266.52,71,active
SH_3340,MV_758,TH_316,SC_836,2023-06-08,20:00:00,285.81,125,active
SH_3341,MV_2951,TH_280,SC_809,2023-05-25,15:15:00,487.44,141,active
SH_3344,MV_2044,TH_355,SC_83,2023-05-01,11:30:00,215.28,107,active
SH_3345,MV_6017,TH_66,SC_672,2023-09-29,16:15:00,401.66,167,active
SH_3346,MV_2003,TH_289,SC_321,2024-05-23,22:15:00,348.4,91,active
SH_3348,MV_7132,TH_37,SC_517,2024-07-06,14:00:00,409.26,84,active
SH_3349,MV_9575,TH_106,SC_407,2023-12-09,19:15:00,318.67,155,active
SH_3350,MV_8774,TH_423,SC_493,2025-06-10,13:30:00,458.2,120,active
SH_3351,MV_1942,TH_267,SC_426,2024-09-30,11:15:00,486.53,126,active
SH_3352,MV_9673,TH_243,SC_943,2024-01-28,13:30:00,326.84,118,active
SH_3353,MV_1371,TH_60,SC_774,2023-05-06,21:45:00,487.27,198,active
SH_3354,MV_4426,TH_302,SC_88,2023-03-27,20:45:00,463.22,181,active
SH_3356,MV_8236,TH_338,SC_286,2024-12-17,14:15:00,380.27,137,active
SH_3357,MV_520,TH_19,SC_108,2024-06-24,17:30:00,239.75,189,active
SH_3358,MV_8835,TH_371,SC_460,2025-06-28,14:45:00,441.65,139,active
SH_3359,MV_3706,TH_450,SC_643,2025-08-16,12:45:00,496.08,80,active
SH_3360,MV_5922,TH_3,SC_74,2025-04-05,20:30:00,320.81,126,active
SH_3361,MV_5533,TH_265,SC_956,2025-07-01,21:00:00,190.69,153,active
SH_3362,MV_3485,TH_104,SC_210,2024-10-30,10:30:00,453.94,178,active
SH_3363,MV_7516,TH_441,SC_706,2024-09-24,11:30:00,280.1,196,active
SH_3364,MV_7988,TH_144,SC_869,2025-05-07,22:15:00,434.66,179,active
SH_3365,MV_3220,TH_103,SC_412,2024-11-03,16:00:00,273.0,59,active
SH_3366,MV_3062,TH_121,SC_703,2025-02-23,10:45:00,270.87,126,active
SH_3368,MV_4958,TH_300,SC_855,2024-01-10,10:30:00,482.19,145,active
SH_3369,MV_7866,TH_442,SC_753,2025-08-09,10:00:00,396.14,171,active
SH_3370,MV_8826,TH_15,SC_856,2023-01-04,17:15:00,359.88,175,active
SH_3371,MV_6693,TH_349,SC_636,2025-10-31,10:30:00,384.23,113,active
SH_3372,MV_6358,TH_471,SC_237,2023-12-04,13:45:00,482.01,98,active
SH_3373,MV_1697,TH_326,SC_871,2023-11-01,17:15:00,266.19,131,active
SH_3374,MV_9306,TH_230,SC_354,2023-10-21,17:00:00,378.77,68,active
SH_3375,MV_5595,TH_23,SC_203,2025-01-02,22:15:00,296.91,191,active
SH_3376,MV_8667,TH_342,SC_73,2023-06-06,16:15:00,239.7,135,active
SH_3377,MV_5339,TH_267,SC_646,2024-02-26,20:30:00,405.37,158,active
SH_3378,MV_7019,TH_278,SC_654,2023-10-02,14:45:00,344.3,176,active
SH_3379,MV_3602,TH_383,SC_872,2025-04-02,11:00:00,495.74,64,active
SH_3380,MV_4632,TH_176,SC_440,2024-01-08,12:00:00,185.71,126,active
SH_3381,MV_3218,TH_317,SC_470,2024-06-21,22:00:00,305.93,50,active
SH_3382,MV_3670,TH_458,SC_250,2025-12-03,11:30:00,417.05,114,active
SH_3383,MV_4666,TH_447,SC_529,2023-08-26,19:30:00,437.92,170,active
SH_3384,MV_678,TH_348,SC_403,2025-07-14,22:45:00,272.14,96,active
SH_3385,MV_9592,TH_156,SC_95,2023-11-17,11:45:00,158.92,171,active
SH_3386,MV_2208,TH_477,SC_135,2024-11-16,22:45:00,428.06,132,active
SH_3387,MV_7772,TH_333,SC_706,2023-01-25,19:30:00,262.88,136,active
SH_3388,MV_5266,TH_201,SC_875,2023-12-06,18:45:00,276.45,93,active
SH_3389,MV_4431,TH_474,SC_785,2023-11-05,19:45:00,441.21,162,active
SH_3390,MV_4423,TH_271,SC_948,2024-05-04,16:15:00,270.82,116,active
SH_3391,MV_6057,TH_342,SC_193,2024-07-01,14:30:00,431.95,176,active
SH_3392,MV_6363,TH_265,SC_379,2025-02-10,22:45:00,379.27,143,active
SH_3393,MV_1143,TH_196,SC_671,2025-01-25,22:45:00,207.76,169,active
SH_3394,MV_9426,TH_493,SC_373,2023-09-10,20:00:00,457.17,63,active
SH_3395,MV_2925,TH_56,SC_810,2025-10-28,15:45:00,333.91,119,active
SH_3396,MV_408,TH_262,SC_786,2024-10-15,12:00:00,490.0,174,active
SH_3397,MV_3354,TH_318,SC_993,2025-02-18,10:00:00,197.81,193,active
SH_3398,MV_2858,TH_1,SC_220,2023-04-29,16:00:00,382.52,167,active
SH_3399,MV_7616,TH_219,SC_491,2024-02-27,10:30:00,231.21,118,active
SH_3401,MV_8433,TH_344,SC_201,2023-06-14,14:15:00,480.88,183,active
SH_3402,MV_3167,TH_332,SC_201,2025-05-25,11:30:00,280.22,198,active
SH_3403,MV_8512,TH_164,SC_634,2024-06-18,13:15:00,443.4,136,active
SH_3404,MV_8372,TH_372,SC_224,2025-10-14,10:00:00,456.97,187,active
SH_3405,MV_7028,TH_65,SC_218,2023-07-18,10:15:00,377.99,73,active
SH_3406,MV_5978,TH_89,SC_643,2023-06-25,20:00:00,482.08,83,active
SH_3408,MV_5592,TH_287,SC_562,2025-10-04,19:30:00,371.39,189,active
SH_3409,MV_6674,TH_233,SC_573,2023-12-25,18:00:00,432.82,142,active
SH_3410,MV_8479,TH_410,SC_36,2025-02-09,14:15:00,287.42,128,active
SH_3411,MV_7602,TH_251,SC_657,2023-12-30,21:45:00,480.67,54,active
SH_3412,MV_1809,TH_479,SC_730,2023-05-14,16:30:00,314.43,84,active
SH_3413,MV_6642,TH_436,SC_137,2024-10-21,15:15:00,496.73,196,active
SH_3415,MV_4637,TH_123,SC_895,2023-09-22,13:00:00,184.21,83,active
SH_3416,MV_8262,TH_296,SC_120,2025-01-07,10:15:00,373.3,149,active
SH_3417,MV_7261,TH_122,SC_106,2025-02-17,12:00:00,388.97,134,active
SH_3418,MV_3457,TH_232,SC_946,2025-04-02,21:30:00,158.31,169,active
SH_3419,MV_4165,TH_270,SC_86,2023-08-19,21:30:00,397.84,69,active
SH_3420,MV_5636,TH_154,SC_441,2024-12-29,17:30:00,397.03,102,active
SH_3421,MV_2738,TH_473,SC_610,2025-11-30,20:30:00,428.79,70,active
SH_3422,MV_2772,TH_242,SC_468,2024-06-25,16:45:00,264.84,117,active
SH_3424,MV_3790,TH_157,SC_270,2024-01-19,14:30:00,424.43,93,active
SH_3425,MV_5682,TH_339,SC_215,2024-12-17,11:45:00,359.09,54,active
SH_3426,MV_5112,TH_403,SC_796,2024-05-15,19:30:00,386.97,60,active
SH_3427,MV_1185,TH_262,SC_855,2024-10-13,17:15:00,477.04,131,active
SH_3429,MV_5350,TH_164,SC_73,2024-06-23,13:30:00,473.04,100,active
SH_3430,MV_5042,TH_51,SC_48,2025-09-09,20:15:00,432.95,92,active
SH_3431,MV_7727,TH_208,SC_926,2023-12-09,14:30:00,485.17,65,active
SH_3432,MV_2352,TH_426,SC_518,2025-09-30,11:30:00,490.71,103,active
SH_3433,MV_3278,TH_175,SC_23,2024-04-19,18:30:00,314.75,96,active
SH_3435,MV_398,TH_443,SC_15,2024-08-25,12:30:00,442.47,168,active
SH_3436,MV_5742,TH_460,SC_574,2025-09-22,16:30:00,275.31,159,active
SH_3437,MV_9667,TH_81,SC_623,2025-10-02,11:15:00,476.71,107,active
SH_3438,MV_7505,TH_220,SC_654,2023-05-12,20:45:00,152.0,140,active
SH_3439,MV_4363,TH_12,SC_335,2024-05-23,14:45:00,434.73,99,active
SH_3441,MV_7869,TH_289,SC_42,2024-06-17,19:00:00,370.49,62,active
SH_3442,MV_2819,TH_452,SC_68,2025-03-14,19:00:00,368.41,145,active
SH_3443,MV_291,TH_487,SC_497,2024-05-30,13:30:00,201.82,135,active
SH_3444,MV_6034,TH_341,SC_721,2025-06-08,18:00:00,361.07,62,active
SH_3446,MV_279,TH_275,SC_104,2023-03-07,14:15:00,374.86,150,active
SH_3447,MV_6058,TH_61,SC_211,2025-04-23,19:45:00,422.78,105,active
SH_3448,MV_7290,TH_122,SC_154,2025-12-26,12:45:00,163.93,142,active
SH_3449,MV_338,TH_337,SC_115,2025-05-29,21:15:00,373.21,161,active
SH_3450,MV_2812,TH_325,SC_63,2023-05-01,14:45:00,347.81,99,active
SH_3451,MV_8930,TH_65,SC_654,2025-07-16,12:30:00,388.68,173,active
SH_3452,MV_1207,TH_462,SC_851,2023-12-13,12:45:00,312.41,183,active
SH_3453,MV_1226,TH_337,SC_551,2024-02-14,11:45:00,169.86,103,active
SH_3454,MV_4926,TH_17,SC_172,2023-02-13,13:45:00,379.54,148,active
SH_3455,MV_1181,TH_103,SC_151,2023-09-01,22:30:00,396.49,124,active
SH_3456,MV_2804,TH_93,SC_104,2023-09-18,13:30:00,496.7,195,active
SH_3457,MV_2228,TH_277,SC_56,2025-12-05,12:15:00,362.27,151,active
SH_3458,MV_1901,TH_95,SC_614,2025-11-09,20:15:00,333.14,77,active
SH_3459,MV_6435,TH_23,SC_785,2023-03-30,18:30:00,435.98,131,active
SH_3460,MV_1187,TH_402,SC_566,2024-12-05,16:15:00,321.04,64,active
SH_3463,MV_8469,TH_428,SC_332,2023-04-29,18:15:00,337.63,103,active
SH_3464,MV_900,TH_75,SC_330,2023-05-10,17:45:00,272.03,94,active
SH_3465,MV_3618,TH_177,SC_48,2023-02-28,22:15:00,161.33,187,active
SH_3466,MV_3524,TH_299,SC_301,2025-08-23,19:15:00,262.14,54,active
SH_3467,MV_2032,TH_178,SC_335,2025-05-11,13:15:00,456.51,83,active
SH_3468,MV_9551,TH_336,SC_934,2025-03-15,22:45:00,363.84,70,active
SH_3469,MV_5167,TH_116,SC_423,2024-06-09,14:45:00,298.72,130,active
SH_3470,MV_7465,TH_118,SC_122,2024-09-29,15:15:00,432.36,76,active
SH_3471,MV_7608,TH_135,SC_328,2024-07-03,13:45:00,261.25,166,active
SH_3472,MV_1902,TH_76,SC_47,2024-11-22,19:15:00,201.81,104,active
SH_3473,MV_3133,TH_349,SC_563,2025-02-12,10:15:00,433.85,153,active
SH_3474,MV_6633,TH_350,SC_991,2024-06-01,16:30:00,418.28,110,active
SH_3475,MV_4851,TH_210,SC_814,2025-09-04,16:30:00,487.73,111,active
SH_3476,MV_4568,TH_214,SC_213,2023-09-06,18:30:00,217.33,64,active
SH_3478,MV_8131,TH_193,SC_192,2025-12-09,11:15:00,177.78,165,active
SH_3479,MV_5320,TH_180,SC_104,2025-05-15,13:45:00,150.71,163,active
SH_3480,MV_1922,TH_385,SC_940,2025-11-11,15:45:00,421.96,193,active
SH_3481,MV_2074,TH_352,SC_512,2025-06-29,17:00:00,406.44,199,active
SH_3482,MV_9337,TH_280,SC_806,2024-10-06,20:00:00,220.62,82,active
SH_3483,MV_6959,TH_108,SC_567,2023-05-24,14:30:00,304.05,150,active
SH_3484,MV_7710,TH_303,SC_219,2023-09-09,17:45:00,308.03,67,active
SH_3485,MV_738,TH_90,SC_183,2025-05-26,15:00:00,228.93,160,active
SH_3486,MV_9472,TH_306,SC_86,2025-05-22,13:45:00,168.69,160,active
SH_3487,MV_711,TH_72,SC_139,2025-11-09,14:45:00,438.29,196,active
SH_3488,MV_3409,TH_343,SC_804,2025-03-05,10:00:00,307.7,81,active
SH_3489,MV_9952,TH_344,SC_633,2023-04-16,10:15:00,200.61,163,active
SH_3490,MV_6850,TH_32,SC_718,2025-08-10,13:15:00,290.98,111,active
SH_3491,MV_5450,TH_3,SC_996,2024-03-24,19:45:00,201.45,119,active
SH_3492,MV_4290,TH_484,SC_95,2024-11-10,11:45:00,177.98,161,active
SH_3494,MV_8469,TH_481,SC_371,2025-10-15,17:00:00,440.94,148,active
SH_3495,MV_4536,TH_237,SC_390,2024-08-06,19:30:00,397.41,183,active
SH_3496,MV_4633,TH_143,SC_159,2025-02-08,12:15:00,179.07,160,active
SH_3498,MV_8527,TH_359,SC_931,2024-07-15,20:15:00,153.22,184,active
SH_3500,MV_2949,TH_341,SC_167,2023-03-10,14:30:00,498.69,102,active
SH_3501,MV_3870,TH_132,SC_477,2023-08-09,13:00:00,171.38,92,active
SH_3502,MV_2704,TH_425,SC_344,2024-08-17,13:45:00,388.19,74,active
SH_3503,MV_423,TH_82,SC_410,2024-10-05,20:30:00,166.05,77,active
SH_3504,MV_8682,TH_372,SC_574,2023-10-27,16:45:00,324.24,133,active
SH_3505,MV_9660,TH_134,SC_109,2024-08-18,13:00:00,258.01,93,active
SH_3506,MV_3800,TH_331,SC_505,2025-09-05,15:00:00,391.45,58,active
SH_3507,MV_4372,TH_405,SC_877,2025-12-21,13:45:00,181.62,57,active
SH_3508,MV_6205,TH_357,SC_400,2025-12-06,14:15:00,369.24,197,active
SH_3509,MV_514,TH_453,SC_496,2025-02-11,17:15:00,238.09,136,active
SH_3510,MV_8905,TH_421,SC_972,2025-06-23,18:30:00,353.39,131,active
SH_3511,MV_6238,TH_398,SC_171,2024-12-20,11:45:00,204.0,196,active
SH_3512,MV_6820,TH_413,SC_261,2023-02-09,22:30:00,437.72,139,active
SH_3513,MV_1818,TH_118,SC_322,2025-05-15,16:00:00,432.42,111,active
SH_3516,MV_1785,TH_122,SC_479,2024-07-13,17:15:00,211.89,85,active
SH_3517,MV_8386,TH_329,SC_731,2023-03-10,20:30:00,204.95,124,active
SH_3519,MV_1326,TH_385,SC_217,2025-09-02,22:30:00,401.12,82,active
SH_3520,MV_1170,TH_368,SC_867,2023-08-15,20:15:00,166.07,126,active
SH_3521,MV_5226,TH_122,SC_352,2024-07-24,19:45:00,412.65,132,active
SH_3522,MV_4769,TH_407,SC_763,2023-11-07,14:30:00,392.41,79,active
SH_3523,MV_3304,TH_21,SC_757,2024-07-08,10:00:00,282.82,176,active
SH_3524,MV_3433,TH_248,SC_391,2023-01-02,15:30:00,458.19,58,active
SH_3525,MV_580,TH_77,SC_692,2024-08-08,13:45:00,409.1,64,active
SH_3526,MV_2023,TH_123,SC_997,2024-11-12,17:15:00,357.66,90,active
SH_3527,MV_5769,TH_420,SC_662,2024-11-12,20:15:00,459.72,165,active
SH_3528,MV_7317,TH_463,SC_748,2024-04-01,14:30:00,324.33,76,active
SH_3529,MV_1610,TH_245,SC_362,2025-09-12,16:30:00,314.55,60,active
SH_3530,MV_3358,TH_455,SC_323,2025-03-26,22:30:00,456.35,83,active
SH_3531,MV_2363,TH_288,SC_374,2025-08-24,13:00:00,488.03,67,active
SH_3532,MV_3420,TH_90,SC_250,2024-08-10,21:30:00,253.49,188,active
SH_3533,MV_1501,TH_129,SC_12,2025-02-08,14:00:00,363.01,113,active
SH_3534,MV_330,TH_183,SC_750,2025-05-20,11:15:00,226.29,193,active
SH_3535,MV_4013,TH_239,SC_738,2024-08-12,11:30:00,451.82,61,active
SH_3536,MV_7530,TH_500,SC_940,2024-02-07,19:00:00,434.86,98,active
SH_3537,MV_6724,TH_47,SC_776,2024-01-25,13:15:00,151.84,82,active
SH_3538,MV_8801,TH_217,SC_710,2025-03-10,17:15:00,444.97,132,active
SH_3539,MV_7914,TH_275,SC_887,2025-03-24,22:45:00,330.15,128,active
SH_3540,MV_8556,TH_119,SC_303,2024-08-29,13:30:00,456.63,168,active
SH_3541,MV_6647,TH_346,SC_448,2023-11-13,11:45:00,450.69,110,active
SH_3542,MV_2305,TH_458,SC_375,2023-08-25,21:30:00,378.74,127,active
SH_3543,MV_3182,TH_287,SC_302,2023-02-02,14:00:00,240.29,168,active
SH_3544,MV_2937,TH_164,SC_124,2023-03-14,18:00:00,330.07,179,active
SH_3545,MV_9733,TH_153,SC_864,2025-03-17,12:30:00,218.56,101,active
SH_3546,MV_6317,TH_315,SC_155,2023-12-09,19:45:00,301.14,126,active
SH_3547,MV_3304,TH_368,SC_216,2025-12-06,10:45:00,367.02,72,active
SH_3548,MV_3453,TH_454,SC_181,2023-05-10,22:00:00,280.38,199,active
SH_3549,MV_5246,TH_138,SC_743,2025-01-20,12:15:00,238.28,123,active
SH_3550,MV_6702,TH_325,SC_451,2024-10-24,21:30:00,495.13,101,active
SH_3551,MV_5463,TH_347,SC_882,2023-09-15,12:00:00,260.33,167,active
SH_3553,MV_7121,TH_447,SC_31,2024-08-25,22:15:00,160.42,176,active
SH_3554,MV_9984,TH_126,SC_848,2025-01-28,13:30:00,322.04,78,active
SH_3555,MV_4481,TH_456,SC_54,2025-09-12,21:30:00,457.56,130,active
SH_3556,MV_3005,TH_257,SC_443,2024-11-26,20:00:00,242.69,122,active
SH_3557,MV_2194,TH_389,SC_632,2023-11-14,22:30:00,260.32,165,active
SH_3558,MV_7929,TH_29,SC_805,2024-06-08,12:45:00,285.65,69,active
SH_3559,MV_8168,TH_165,SC_779,2025-04-23,12:00:00,247.06,172,active
SH_3560,MV_9638,TH_491,SC_125,2025-08-21,17:15:00,182.5,97,active
SH_3561,MV_8971,TH_85,SC_448,2025-12-11,19:45:00,161.45,91,active
SH_3562,MV_9205,TH_374,SC_356,2024-01-22,19:30:00,406.36,160,active
SH_3563,MV_601,TH_322,SC_803,2025-06-18,12:15:00,300.28,55,active
SH_3564,MV_8848,TH_465,SC_466,2024-09-09,11:30:00,214.88,116,active
SH_3565,MV_1185,TH_34,SC_781,2024-03-15,21:45:00,387.57,94,active
SH_3566,MV_367,TH_450,SC_320,2025-11-13,17:45:00,492.55,127,active
SH_3567,MV_6300,TH_83,SC_998,2023-01-13,18:45:00,492.25,163,active
SH_3568,MV_4120,TH_242,SC_750,2025-04-27,13:00:00,173.18,86,active
SH_3569,MV_997,TH_163,SC_7,2023-03-25,16:15:00,408.76,179,active
SH_3570,MV_7501,TH_5,SC_125,2023-12-18,11:30:00,291.17,124,active
SH_3571,MV_3752,TH_202,SC_739,2024-04-06,22:45:00,415.52,89,active
SH_3572,MV_8507,TH_167,SC_488,2025-09-01,21:00:00,326.34,186,active
SH_3573,MV_3427,TH_96,SC_650,2024-11-06,11:15:00,406.5,69,active
SH_3574,MV_6147,TH_13,SC_299,2023-01-31,19:15:00,183.98,155,active
SH_3575,MV_8927,TH_347,SC_257,2023-02-05,19:30:00,430.36,139,active
SH_3576,MV_3886,TH_152,SC_156,2025-03-26,18:00:00,431.71,141,active
SH_3577,MV_495,TH_135,SC_620,2025-11-06,21:30:00,227.68,168,active
SH_3579,MV_8265,TH_87,SC_155,2025-03-13,12:30:00,278.76,66,active
SH_3580,MV_2058,TH_398,SC_181,2025-06-09,20:15:00,161.29,62,active
SH_3581,MV_2853,TH_289,SC_752,2023-05-03,18:30:00,346.37,76,active
SH_3582,MV_5025,TH_386,SC_345,2024-10-29,16:30:00,372.17,157,active
SH_3583,MV_556,TH_376,SC_904,2024-07-02,21:30:00,433.13,142,active
SH_3585,MV_4410,TH_11,SC_715,2024-04-26,21:15:00,223.39,191,active
SH_3586,MV_2172,TH_75,SC_36,2023-07-07,15:30:00,305.82,175,active
SH_3588,MV_8923,TH_95,SC_856,2025-04-02,19:30:00,238.13,135,active
SH_3589,MV_2286,TH_485,SC_650,2025-06-20,15:00:00,371.91,152,active
SH_3590,MV_2911,TH_238,SC_114,2024-11-09,20:00:00,397.74,188,active
SH_3591,MV_5487,TH_148,SC_245,2024-06-01,13:00:00,420.91,109,active
SH_3592,MV_9341,TH_251,SC_552,2023-01-25,10:30:00,211.47,89,active
SH_3593,MV_4307,TH_252,SC_571,2025-05-04,20:30:00,354.16,59,active
SH_3594,MV_2648,TH_178,SC_2,2023-05-02,14:15:00,473.81,175,active
SH_3595,MV_9881,TH_436,SC_692,2025-12-06,17:15:00,489.04,150,active
SH_3596,MV_7793,TH_311,SC_460,2023-12-01,10:00:00,151.1,156,active
SH_3597,MV_4788,TH_248,SC_366,2023-10-21,10:00:00,192.07,61,active
SH_3598,MV_3365,TH_433,SC_104,2025-12-28,21:30:00,253.29,100,active
SH_3599,MV_3459,TH_319,SC_175,2023-05-19,12:30:00,479.25,186,active
SH_3600,MV_2072,TH_207,SC_719,2023-08-25,10:45:00,413.04,196,active
SH_3601,MV_2516,TH_443,SC_245,2023-08-21,15:30:00,336.44,88,active
SH_3602,MV_2880,TH_207,SC_643,2025-09-22,16:30:00,197.79,123,active
SH_3603,MV_1969,TH_429,SC_158,2024-12-24,13:15:00,381.07,63,active
SH_3604,MV_6788,TH_168,SC_582,2025-09-30,20:45:00,432.5,179,active
SH_3605,MV_3677,TH_417,SC_774,2025-06-26,20:15:00,177.66,119,active
SH_3606,MV_7226,TH_114,SC_219,2024-09-25,18:45:00,447.86,126,active
SH_3607,MV_5845,TH_339,SC_664,2023-01-07,13:30:00,338.05,118,active
SH_3608,MV_3446,TH_4,SC_949,2023-06-04,22:15:00,442.16,194,active
SH_3609,MV_6451,TH_450,SC_419,2025-10-31,19:30:00,213.91,104,active
SH_3611,MV_4754,TH_112,SC_214,2025-01-26,15:45:00,305.1,61,active
SH_3612,MV_8134,TH_308,SC_993,2024-08-21,19:30:00,397.4,79,active
SH_3613,MV_3958,TH_291,SC_762,2025-06-01,17:00:00,339.85,109,active
SH_3614,MV_2594,TH_103,SC_578,2023-11-23,15:00:00,294.83,63,active
SH_3615,MV_7279,TH_171,SC_773,2024-07-30,21:30:00,217.82,129,active
SH_3617,MV_6562,TH_260,SC_532,2025-10-01,14:00:00,278.86,93,active
SH_3618,MV_5135,TH_320,SC_443,2025-06-13,22:00:00,428.21,162,active
SH_3619,MV_6892,TH_19,SC_678,2024-08-15,18:30:00,303.2,102,active
SH_3620,MV_5968,TH_86,SC_354,2023-09-21,10:30:00,275.57,66,active
SH_3621,MV_8411,TH_13,SC_413,2025-05-01,14:00:00,344.89,130,active
SH_3622,MV_5947,TH_237,SC_109,2025-02-04,11:00:00,477.44,188,active
SH_3623,MV_6513,TH_67,SC_623,2024-10-17,19:15:00,431.65,167,active
SH_3624,MV_9090,TH_342,SC_408,2025-05-12,14:00:00,493.37,69,active
SH_3625,MV_2515,TH_217,SC_623,2025-08-19,19:00:00,344.0,171,active
SH_3626,MV_5229,TH_491,SC_325,2023-04-20,20:15:00,418.54,150,active
SH_3627,MV_8438,TH_176,SC_314,2025-08-24,17:30:00,212.65,66,active
SH_3628,MV_1229,TH_49,SC_980,2025-12-19,10:15:00,466.65,95,active
SH_3629,MV_8798,TH_428,SC_768,2023-07-12,18:15:00,341.45,112,active
SH_3630,MV_1734,TH_354,SC_247,2023-08-26,18:30:00,239.96,147,active
SH_3631,MV_5634,TH_246,SC_949,2025-01-12,12:45:00,487.85,118,active
SH_3632,MV_9689,TH_485,SC_597,2024-06-09,11:00:00,468.58,98,active
SH_3633,MV_2695,TH_463,SC_426,2025-03-23,21:15:00,194.11,99,active
SH_3634,MV_2155,TH_417,SC_210,2024-01-16,19:45:00,341.0,140,active
SH_3635,MV_7760,TH_100,SC_733,2023-10-05,12:00:00,243.07,190,active
SH_3636,MV_7164,TH_183,SC_457,2024-09-26,16:00:00,411.95,175,active
SH_3637,MV_3233,TH_146,SC_641,2024-11-13,15:15:00,364.2,73,active
SH_3638,MV_5736,TH_200,SC_728,2023-12-28,22:15:00,274.6,59,active
SH_3639,MV_6815,TH_58,SC_196,2025-01-31,16:15:00,398.44,145,active
SH_3640,MV_7193,TH_93,SC_251,2025-12-19,18:00:00,469.72,94,active
SH_3641,MV_454,TH_53,SC_528,2025-06-11,22:30:00,408.58,157,active
SH_3642,MV_7619,TH_411,SC_10,2024-02-06,11:30:00,279.06,89,active
SH_3643,MV_2163,TH_85,SC_268,2024-07-22,18:30:00,255.78,76,active
SH_3645,MV_9461,TH_281,SC_767,2023-08-30,14:30:00,388.56,78,active
SH_3646,MV_8369,TH_421,SC_551,2024-02-20,14:45:00,255.89,186,active
SH_3647,MV_1061,TH_375,SC_933,2024-10-16,21:45:00,374.57,70,active
SH_3648,MV_5883,TH_40,SC_821,2023-03-22,22:15:00,480.97,135,active
SH_3649,MV_2222,TH_415,SC_378,2023-12-30,19:00:00,154.5,181,active
SH_3651,MV_8476,TH_402,SC_244,2023-06-02,21:45:00,320.92,177,active
SH_3652,MV_9758,TH_461,SC_979,2025-07-25,16:00:00,336.3,176,active
SH_3653,MV_4811,TH_353,SC_885,2023-10-04,14:15:00,318.72,71,active
SH_3654,MV_9513,TH_459,SC_849,2025-12-26,10:15:00,155.67,167,active
SH_3655,MV_5645,TH_100,SC_144,2023-07-14,20:15:00,451.38,194,active
SH_3656,MV_2124,TH_73,SC_613,2024-07-25,12:15:00,189.5,159,active
SH_3657,MV_5695,TH_172,SC_311,2025-11-08,18:30:00,305.53,120,active
SH_3658,MV_6171,TH_338,SC_550,2025-10-22,12:15:00,171.81,125,active
SH_3659,MV_9932,TH_238,SC_255,2023-01-20,12:00:00,217.66,155,active
SH_3660,MV_7374,TH_109,SC_4,2025-11-27,10:30:00,433.57,137,active
SH_3661,MV_7471,TH_356,SC_710,2023-06-02,10:30:00,335.45,146,active
SH_3662,MV_8713,TH_67,SC_349,2025-12-15,17:00:00,265.24,151,active
SH_3663,MV_6064,TH_181,SC_674,2025-09-06,17:15:00,162.22,119,active
SH_3665,MV_3194,TH_350,SC_843,2023-07-20,10:45:00,438.33,147,active
SH_3666,MV_401,TH_71,SC_208,2025-08-15,16:30:00,304.58,81,active
SH_3667,MV_1515,TH_301,SC_776,2024-04-02,19:45:00,269.89,182,active
SH_3668,MV_3098,TH_378,SC_788,2023-01-17,12:15:00,324.29,91,active
SH_3669,MV_3766,TH_462,SC_16,2025-11-07,12:00:00,379.09,74,active
SH_3670,MV_3721,TH_451,SC_62,2024-07-23,11:30:00,448.71,144,active
SH_3671,MV_475,TH_105,SC_75,2023-12-03,21:00:00,396.66,59,active
SH_3672,MV_4132,TH_464,SC_336,2025-11-27,20:45:00,333.84,128,active
SH_3673,MV_9126,TH_102,SC_34,2024-04-08,10:00:00,253.12,190,active
SH_3674,MV_4132,TH_477,SC_354,2023-02-11,12:30:00,483.23,95,active
SH_3675,MV_3980,TH_367,SC_222,2024-06-22,22:00:00,373.26,156,active
SH_3676,MV_1604,TH_90,SC_710,2023-08-12,18:00:00,253.37,100,active
SH_3677,MV_5269,TH_50,SC_415,2025-11-24,20:00:00,265.51,63,active
SH_3678,MV_2624,TH_304,SC_589,2024-03-23,13:15:00,189.65,174,active
SH_3679,MV_9078,TH_103,SC_775,2024-03-29,11:00:00,282.83,81,active
SH_3680,MV_5371,TH_255,SC_169,2024-01-07,22:00:00,343.75,148,active
SH_3681,MV_8529,TH_37,SC_42,2024-03-22,10:30:00,427.89,101,active
SH_3682,MV_147,TH_225,SC_533,2023-01-29,12:30:00,169.67,51,active
SH_3683,MV_3652,TH_49,SC_882,2023-03-30,14:45:00,222.01,195,active
SH_3684,MV_3631,TH_99,SC_545,2025-06-06,14:15:00,368.31,128,active
SH_3685,MV_4715,TH_64,SC_621,2025-02-03,20:00:00,152.22,156,active
SH_3686,MV_947,TH_314,SC_241,2025-06-04,21:45:00,216.01,155,active
SH_3687,MV_7021,TH_350,SC_21,2024-01-26,13:30:00,272.41,81,active
SH_3688,MV_664,TH_400,SC_889,2024-09-19,21:30:00,401.51,142,active
SH_3689,MV_2191,TH_447,SC_854,2025-03-16,20:45:00,228.91,88,active
SH_3690,MV_4512,TH_279,SC_111,2024-05-02,11:30:00,368.82,153,active
SH_3691,MV_5493,TH_404,SC_256,2024-05-01,10:15:00,468.51,118,active
SH_3693,MV_1953,TH_48,SC_167,2024-08-01,15:00:00,404.53,177,active
SH_3694,MV_375,TH_165,SC_90,2024-04-18,10:15:00,289.39,119,active
SH_3695,MV_1053,TH_367,SC_873,2023-10-18,19:45:00,414.59,151,active
SH_3696,MV_7086,TH_209,SC_430,2025-03-29,12:45:00,308.58,136,active
SH_3697,MV_3485,TH_291,SC_149,2023-05-04,18:30:00,358.19,58,active
SH_3698,MV_5730,TH_461,SC_240,2023-09-27,15:45:00,357.7,106,active
SH_3701,MV_2339,TH_456,SC_222,2023-04-23,22:45:00,411.83,136,active
SH_3702,MV_9206,TH_12,SC_353,2024-12-05,10:30:00,178.03,58,active
SH_3704,MV_4653,TH_147,SC_211,2025-04-10,20:00:00,190.61,153,active
SH_3705,MV_2810,TH_260,SC_401,2025-12-15,19:15:00,357.55,125,active
SH_3706,MV_4535,TH_491,SC_110,2025-05-11,21:30:00,405.6,81,active
SH_3707,MV_3478,TH_311,SC_569,2023-07-01,15:15:00,297.66,112,active
SH_3708,MV_4410,TH_478,SC_171,2024-06-07,18:45:00,218.77,54,active
SH_3709,MV_316,TH_467,SC_988,2024-09-06,20:45:00,449.71,155,active
SH_3710,MV_1821,TH_120,SC_495,2024-04-12,10:30:00,239.25,150,active
SH_3711,MV_9026,TH_22,SC_970,2023-03-29,13:45:00,465.44,51,active
SH_3712,MV_5651,TH_287,SC_803,2024-10-16,11:30:00,397.97,167,active
SH_3713,MV_1673,TH_253,SC_387,2025-09-02,22:30:00,207.83,66,active
SH_3714,MV_3563,TH_11,SC_311,2024-10-22,19:15:00,459.66,177,active
SH_3715,MV_2733,TH_492,SC_787,2025-02-13,11:00:00,426.08,139,active
SH_3716,MV_5718,TH_348,SC_939,2025-01-09,21:00:00,308.77,98,active
SH_3718,MV_1441,TH_57,SC_18,2024-10-27,13:00:00,278.02,70,active
SH_3720,MV_6902,TH_247,SC_145,2025-08-23,16:00:00,421.76,175,active
SH_3721,MV_5814,TH_429,SC_526,2024-04-28,12:00:00,411.55,188,active
SH_3722,MV_2571,TH_427,SC_283,2024-09-10,21:15:00,384.88,58,active
SH_3723,MV_9999,TH_391,SC_989,2025-02-20,21:00:00,310.3,139,active
SH_3725,MV_3638,TH_394,SC_744,2024-07-16,17:45:00,175.55,135,active
SH_3726,MV_5823,TH_201,SC_283,2024-12-19,22:45:00,450.56,128,active
SH_3727,MV_8260,TH_200,SC_844,2023-11-05,22:15:00,282.16,127,active
SH_3728,MV_595,TH_486,SC_142,2023-04-12,13:00:00,434.67,91,active
SH_3729,MV_9163,TH_51,SC_285,2024-11-24,15:15:00,340.66,94,active
SH_3730,MV_1996,TH_94,SC_143,2023-10-21,13:45:00,250.7,197,active
SH_3731,MV_6504,TH_482,SC_766,2024-11-05,22:00:00,357.21,153,active
SH_3733,MV_1838,TH_454,SC_277,2024-01-19,20:00:00,292.99,149,active
SH_3735,MV_5897,TH_487,SC_998,2025-09-09,14:45:00,312.68,114,active
SH_3737,MV_3478,TH_438,SC_1000,2025-04-13,12:30:00,304.67,105,active
SH_3738,MV_4530,TH_180,SC_231,2024-10-04,15:00:00,498.03,144,active
SH_3739,MV_5011,TH_278,SC_84,2024-01-11,22:15:00,323.55,198,active
SH_3740,MV_7497,TH_343,SC_606,2024-06-08,22:00:00,193.75,174,active
SH_3741,MV_7568,TH_139,SC_969,2023-09-11,19:00:00,183.04,124,active
SH_3742,MV_2588,TH_129,SC_873,2024-02-03,17:45:00,434.53,54,active
SH_3743,MV_7497,TH_271,SC_437,2024-09-10,19:30:00,365.44,173,active
SH_3744,MV_8115,TH_95,SC_640,2023-04-01,17:15:00,385.23,57,active
SH_3745,MV_7998,TH_318,SC_640,2023-12-01,18:30:00,491.28,54,active
SH_3746,MV_1170,TH_223,SC_407,2025-10-14,19:45:00,476.02,186,active
SH_3747,MV_1474,TH_219,SC_448,2023-01-23,15:00:00,325.56,101,active
SH_3748,MV_4673,TH_186,SC_855,2024-02-13,16:15:00,242.71,135,active
SH_3749,MV_4415,TH_263,SC_391,2023-01-30,19:15:00,491.44,96,active
SH_3750,MV_2653,TH_16,SC_880,2025-11-19,22:30:00,191.94,65,active
SH_3751,MV_2462,TH_418,SC_571,2025-01-04,22:00:00,432.64,135,active
SH_3752,MV_8136,TH_316,SC_46,2023-08-30,15:30:00,474.43,191,active
SH_3753,MV_8133,TH_96,SC_858,2023-05-17,16:45:00,321.71,128,active
SH_3754,MV_7934,TH_16,SC_892,2025-09-09,15:30:00,180.95,68,active
SH_3755,MV_2166,TH_222,SC_417,2024-10-06,22:30:00,486.42,151,active
SH_3756,MV_5714,TH_235,SC_301,2024-12-05,12:45:00,323.0,181,active
SH_3757,MV_1844,TH_198,SC_475,2025-08-14,16:45:00,482.91,184,active
SH_3758,MV_7342,TH_343,SC_291,2025-11-23,10:45:00,179.46,163,active
SH_3761,MV_2981,TH_26,SC_395,2024-02-25,10:00:00,396.88,90,active
SH_3762,MV_8739,TH_205,SC_905,2024-07-01,18:00:00,257.84,77,active
SH_3764,MV_1895,TH_498,SC_750,2024-10-09,20:45:00,415.92,131,active
SH_3765,MV_7893,TH_338,SC_633,2024-10-30,10:30:00,313.65,165,active
SH_3766,MV_5165,TH_30,SC_629,2023-03-12,15:15:00,260.81,178,active
SH_3767,MV_4845,TH_449,SC_554,2023-01-23,10:45:00,300.7,145,active
SH_3768,MV_6692,TH_107,SC_30,2023-04-29,19:00:00,219.4,150,active
SH_3769,MV_1928,TH_378,SC_744,2025-11-24,11:15:00,244.16,112,active
SH_3770,MV_76,TH_390,SC_625,2024-03-24,19:45:00,176.74,148,active
SH_3771,MV_386,TH_453,SC_172,2025-01-18,19:30:00,416.76,52,active
SH_3772,MV_8848,TH_206,SC_527,2025-01-08,12:45:00,151.32,55,active
SH_3773,MV_9566,TH_92,SC_181,2023-09-08,12:45:00,216.64,102,active
SH_3774,MV_6068,TH_144,SC_692,2023-07-20,16:30:00,350.27,172,active
SH_3775,MV_5284,TH_124,SC_194,2024-02-14,17:00:00,460.82,141,active
SH_3776,MV_2998,TH_230,SC_813,2024-11-27,10:15:00,169.39,150,active
SH_3777,MV_7230,TH_206,SC_158,2025-05-01,11:15:00,417.97,145,active
SH_3778,MV_4709,TH_42,SC_302,2025-09-02,19:15:00,242.2,193,active
SH_3780,MV_6968,TH_88,SC_860,2024-08-13,17:00:00,418.04,50,active
SH_3781,MV_9344,TH_185,SC_798,2025-10-20,21:30:00,216.97,114,active
SH_3782,MV_1541,TH_152,SC_108,2025-06-10,17:45:00,476.17,186,active
SH_3783,MV_2140,TH_330,SC_430,2023-08-31,13:15:00,163.01,95,active
SH_3784,MV_4345,TH_79,SC_209,2023-11-01,11:15:00,445.93,106,active
SH_3785,MV_9948,TH_325,SC_984,2023-11-13,21:00:00,403.74,136,active
SH_3786,MV_2116,TH_222,SC_159,2024-04-30,10:45:00,159.03,154,active
SH_3787,MV_8007,TH_18,SC_690,2023-07-19,14:45:00,287.2,56,active
SH_3788,MV_9272,TH_486,SC_278,2024-04-23,10:30:00,178.91,166,active
SH_3789,MV_9743,TH_436,SC_316,2025-06-05,15:00:00,391.11,176,active
SH_3790,MV_429,TH_135,SC_587,2024-07-18,17:00:00,326.76,51,active
SH_3791,MV_3110,TH_46,SC_541,2024-04-06,16:15:00,244.26,98,active
SH_3792,MV_3008,TH_312,SC_217,2025-08-10,11:00:00,355.48,180,active
SH_3793,MV_9521,TH_365,SC_454,2025-10-08,10:45:00,196.88,117,active
SH_3795,MV_6474,TH_115,SC_283,2025-05-10,10:00:00,153.12,184,active
SH_3796,MV_8881,TH_341,SC_784,2023-01-27,14:00:00,257.98,173,active
SH_3797,MV_4005,TH_498,SC_159,2024-07-15,21:45:00,375.07,77,active
SH_3800,MV_2552,TH_424,SC_876,2025-05-06,15:00:00,233.41,66,active
SH_3802,MV_3464,TH_353,SC_510,2024-01-19,22:15:00,217.56,63,active
SH_3803,MV_9055,TH_359,SC_84,2023-12-19,11:30:00,394.65,52,active
SH_3804,MV_9017,TH_328,SC_473,2023-11-23,19:30:00,329.52,158,active
SH_3805,MV_5559,TH_242,SC_981,2023-08-01,17:30:00,177.46,91,active
SH_3806,MV_3684,TH_354,SC_716,2023-12-14,12:00:00,437.77,152,active
SH_3807,MV_626,TH_434,SC_741,2024-01-15,14:30:00,402.7,156,active
SH_3808,MV_1518,TH_401,SC_371,2024-08-04,20:15:00,386.76,63,active
SH_3809,MV_5885,TH_108,SC_297,2023-12-04,10:45:00,257.44,122,active
SH_3810,MV_6526,TH_61,SC_328,2025-11-21,19:45:00,398.86,164,active
SH_3811,MV_2740,TH_11,SC_28,2024-03-28,21:45:00,314.11,56,active
SH_3812,MV_7401,TH_222,SC_74,2023-11-03,18:15:00,227.88,153,active
SH_3813,MV_1825,TH_393,SC_563,2024-05-22,11:00:00,159.1,110,active
SH_3814,MV_2235,TH_173,SC_562,2023-02-22,19:30:00,426.75,197,active
SH_3815,MV_8631,TH_76,SC_78,2023-09-23,11:30:00,268.21,148,active
SH_3816,MV_8063,TH_441,SC_362,2025-06-14,10:45:00,410.08,165,active
SH_3817,MV_3749,TH_47,SC_344,2025-10-28,15:30:00,233.02,153,active
SH_3818,MV_4665,TH_170,SC_427,2025-03-28,12:15:00,248.9,167,active
SH_3820,MV_8203,TH_91,SC_687,2024-09-13,19:30:00,261.81,199,active
SH_3821,MV_4220,TH_17,SC_711,2025-12-20,18:45:00,480.97,101,active
SH_3822,MV_2439,TH_381,SC_871,2025-02-19,20:45:00,288.91,64,active
SH_3823,MV_3331,TH_312,SC_680,2023-05-13,18:15:00,218.48,157,active
SH_3824,MV_1533,TH_149,SC_429,2023-01-26,18:15:00,448.27,196,active
SH_3825,MV_7586,TH_7,SC_707,2024-12-21,16:15:00,320.34,144,active
SH_3826,MV_8547,TH_372,SC_990,2025-04-28,22:15:00,377.58,81,active
SH_3827,MV_5362,TH_278,SC_957,2023-07-12,16:15:00,235.62,57,active
SH_3828,MV_1247,TH_487,SC_620,2025-01-20,10:00:00,337.03,140,active
SH_3829,MV_2098,TH_297,SC_36,2024-02-13,22:45:00,418.78,65,active
SH_3830,MV_3813,TH_43,SC_323,2025-08-31,12:30:00,236.86,179,active
SH_3831,MV_3500,TH_389,SC_829,2024-11-29,12:00:00,201.08,159,active
SH_3832,MV_4628,TH_306,SC_252,2025-08-31,15:15:00,177.8,54,active
SH_3833,MV_8063,TH_273,SC_659,2025-09-15,14:30:00,426.9,164,active
SH_3834,MV_6092,TH_227,SC_528,2023-05-08,16:45:00,317.54,139,active
SH_3835,MV_3993,TH_251,SC_832,2023-03-01,13:15:00,391.07,129,active
SH_3836,MV_8439,TH_145,SC_610,2024-11-23,20:15:00,426.8,75,active
SH_3837,MV_1322,TH_286,SC_10,2025-12-23,20:30:00,163.24,149,active
SH_3838,MV_4989,TH_407,SC_38,2024-08-30,17:45:00,413.21,76,active
SH_3839,MV_4443,TH_222,SC_634,2025-11-25,10:15:00,290.27,61,active
SH_3840,MV_9267,TH_356,SC_993,2025-03-17,18:30:00,377.08,181,active
SH_3841,MV_8984,TH_468,SC_633,2024-11-25,14:30:00,458.7,75,active
SH_3842,MV_1114,TH_35,SC_260,2024-08-28,16:30:00,231.17,121,active
SH_3843,MV_6416,TH_500,SC_381,2025-02-21,16:15:00,184.86,54,active
SH_3844,MV_9607,TH_473,SC_304,2024-03-06,10:30:00,429.01,134,active
SH_3845,MV_6621,TH_69,SC_618,2024-06-09,13:45:00,411.64,134,active
SH_3846,MV_6005,TH_354,SC_815,2024-08-20,20:15:00,359.42,132,active
SH_3848,MV_2088,TH_322,SC_588,2025-02-02,12:00:00,486.54,53,active
SH_3849,MV_9475,TH_191,SC_104,2023-11-04,19:15:00,496.76,133,active
SH_3850,MV_7588,TH_42,SC_998,2023-02-19,11:45:00,152.6,141,active
SH_3851,MV_8853,TH_419,SC_867,2023-08-31,18:00:00,310.65,153,active
SH_3852,MV_616,TH_138,SC_517,2025-10-25,11:15:00,374.91,135,active
SH_3853,MV_9381,TH_489,SC_51,2023-04-07,19:00:00,193.49,72,active
SH_3854,MV_7523,TH_385,SC_465,2024-03-15,21:15:00,253.52,173,active
SH_3855,MV_1080,TH_149,SC_65,2023-07-03,13:30:00,176.58,53,active
SH_3856,MV_5317,TH_180,SC_113,2024-10-01,11:30:00,315.0,167,active
SH_3857,MV_3543,TH_49,SC_929,2024-05-09,21:45:00,217.57,90,active
SH_3858,MV_5281,TH_45,SC_720,2024-11-14,10:45:00,484.04,101,active
SH_3859,MV_2690,TH_395,SC_318,2025-07-05,11:00:00,385.78,197,active
SH_3860,MV_2201,TH_454,SC_967,2023-01-18,15:45:00,232.24,63,active
SH_3861,MV_7919,TH_323,SC_762,2023-06-01,22:15:00,366.74,80,active
SH_3862,MV_8195,TH_405,SC_348,2025-01-23,14:00:00,299.75,159,active
SH_3863,MV_4856,TH_171,SC_73,2024-10-19,15:00:00,411.76,140,active
SH_3864,MV_8825,TH_96,SC_614,2025-09-22,22:00:00,252.78,133,active
SH_3865,MV_1453,TH_155,SC_861,2024-06-24,12:00:00,403.18,141,active
SH_3866,MV_9436,TH_18,SC_393,2023-07-27,17:15:00,231.14,149,active
SH_3867,MV_6673,TH_185,SC_92,2025-04-13,12:45:00,193.96,143,active
SH_3868,MV_7896,TH_34,SC_894,2023-03-06,12:45:00,298.74,130,active
SH_3869,MV_244,TH_350,SC_128,2023-08-28,20:15:00,215.71,172,active
SH_3870,MV_502,TH_155,SC_976,2024-04-18,21:30:00,311.84,152,active
SH_3871,MV_9723,TH_331,SC_989,2023-07-22,18:30:00,484.3,135,active
SH_3872,MV_2464,TH_385,SC_496,2023-01-02,20:30:00,454.06,163,active
SH_3873,MV_6395,TH_91,SC_314,2023-02-22,20:30:00,201.8,160,active
SH_3874,MV_3690,TH_379,SC_636,2023-01-11,13:15:00,311.08,116,active
SH_3876,MV_4274,TH_449,SC_136,2024-05-13,13:45:00,425.64,156,active
SH_3877,MV_8252,TH_46,SC_901,2024-01-12,15:15:00,483.76,152,active
SH_3878,MV_1545,TH_309,SC_407,2023-11-27,19:00:00,246.6,116,active
SH_3879,MV_2777,TH_49,SC_40,2024-05-12,21:15:00,282.19,91,active
SH_3880,MV_5892,TH_398,SC_257,2024-10-28,20:30:00,352.59,184,active
SH_3881,MV_2159,TH_373,SC_8,2025-08-05,21:15:00,469.44,114,active
SH_3882,MV_8011,TH_55,SC_237,2023-06-14,20:00:00,374.11,139,active
SH_3883,MV_5653,TH_301,SC_426,2024-09-16,22:30:00,395.47,113,active
SH_3884,MV_4807,TH_63,SC_258,2025-03-31,15:30:00,347.62,89,active
SH_3885,MV_2231,TH_372,SC_389,2024-03-31,14:45:00,424.95,81,active
SH_3886,MV_4699,TH_198,SC_903,2024-01-14,10:00:00,332.95,191,active
SH_3888,MV_7438,TH_12,SC_407,2023-08-05,12:00:00,427.14,139,active
SH_3889,MV_6905,TH_115,SC_43,2024-03-21,22:30:00,386.41,184,active
SH_3890,MV_6447,TH_440,SC_900,2025-09-26,20:45:00,238.22,62,active
SH_3891,MV_3523,TH_421,SC_753,2023-04-07,22:45:00,353.79,129,active
SH_3892,MV_2041,TH_129,SC_883,2024-01-03,18:15:00,206.87,153,active
SH_3893,MV_7511,TH_402,SC_672,2025-05-09,17:00:00,323.62,149,active
SH_3894,MV_9044,TH_66,SC_964,2025-10-17,13:15:00,202.56,156,active
SH_3895,MV_2547,TH_279,SC_997,2024-12-06,16:30:00,165.43,172,active
SH_3896,MV_4776,TH_343,SC_849,2023-08-10,18:30:00,225.33,117,active
SH_3897,MV_1233,TH_466,SC_777,2023-10-24,18:45:00,222.63,105,active
SH_3898,MV_7130,TH_100,SC_239,2025-09-28,17:45:00,215.52,170,active
SH_3901,MV_4500,TH_309,SC_233,2025-03-03,19:30:00,242.48,146,active
SH_3903,MV_5616,TH_298,SC_300,2025-03-09,17:30:00,256.62,181,active
SH_3904,MV_8496,TH_65,SC_811,2024-12-10,16:30:00,227.6,159,active
SH_3905,MV_534,TH_42,SC_92,2024-11-21,20:30:00,460.69,108,active
SH_3906,MV_9329,TH_66,SC_280,2025-05-01,21:00:00,326.09,150,active
SH_3907,MV_1939,TH_28,SC_147,2024-06-27,17:15:00,460.35,58,active
SH_3908,MV_4317,TH_182,SC_746,2023-10-27,19:00:00,419.31,148,active
SH_3909,MV_1873,TH_470,SC_650,2023-10-08,17:00:00,359.73,59,active
SH_3910,MV_8536,TH_126,SC_549,2023-05-09,16:15:00,460.66,152,active
SH_3912,MV_4782,TH_196,SC_511,2025-12-04,10:00:00,476.54,87,active
SH_3913,MV_7314,TH_315,SC_621,2024-08-22,13:30:00,180.71,72,active
SH_3914,MV_771,TH_296,SC_126,2025-12-30,17:30:00,326.02,74,active
SH_3915,MV_37,TH_199,SC_42,2023-11-26,16:30:00,403.38,181,active
SH_3916,MV_6220,TH_192,SC_390,2024-06-16,15:00:00,193.35,78,active
SH_3917,MV_8305,TH_156,SC_659,2024-01-12,18:15:00,190.37,147,active
SH_3918,MV_3393,TH_460,SC_44,2023-10-03,16:00:00,367.61,124,active
SH_3919,MV_5733,TH_94,SC_700,2025-07-07,11:45:00,317.62,93,active
SH_3920,MV_9695,TH_18,SC_811,2025-11-01,21:30:00,421.14,75,active
SH_3921,MV_9258,TH_299,SC_401,2025-10-29,13:15:00,428.12,61,active
SH_3922,MV_6807,TH_431,SC_329,2023-08-16,19:15:00,440.47,116,active
SH_3923,MV_4244,TH_208,SC_506,2024-04-28,17:15:00,343.5,66,active
SH_3925,MV_5895,TH_216,SC_387,2024-04-23,12:45:00,378.72,86,active
SH_3926,MV_1850,TH_375,SC_429,2023-11-09,18:45:00,156.0,54,active
SH_3927,MV_5847,TH_418,SC_444,2023-03-17,12:15:00,409.22,72,active
SH_3928,MV_9435,TH_407,SC_174,2025-03-24,21:45:00,189.86,168,active
SH_3929,MV_6199,TH_220,SC_509,2023-08-26,11:15:00,208.96,180,active
SH_3930,MV_2378,TH_293,SC_949,2023-09-29,20:30:00,208.45,170,active
SH_3931,MV_7011,TH_341,SC_315,2025-06-12,19:15:00,484.78,82,active
SH_3932,MV_8406,TH_445,SC_41,2025-11-08,21:15:00,473.6,99,active
SH_3933,MV_9903,TH_8,SC_367,2024-05-13,13:30:00,161.31,146,active
SH_3934,MV_3376,TH_302,SC_958,2023-04-02,20:45:00,211.39,123,active
SH_3935,MV_7745,TH_155,SC_714,2024-09-24,10:15:00,269.83,95,active
SH_3936,MV_7253,TH_256,SC_39,2023-03-20,19:15:00,153.81,189,active
SH_3937,MV_8743,TH_435,SC_973,2023-09-03,18:45:00,308.64,177,active
SH_3938,MV_4875,TH_47,SC_992,2023-05-25,14:15:00,356.87,76,active
SH_3939,MV_3477,TH_263,SC_67,2025-03-17,11:00:00,450.67,53,active
SH_3940,MV_3792,TH_438,SC_910,2025-03-11,21:30:00,357.59,139,active
SH_3941,MV_522,TH_181,SC_387,2023-08-04,13:15:00,417.77,144,active
SH_3942,MV_2928,TH_208,SC_416,2024-04-17,20:15:00,232.09,145,active
SH_3943,MV_8603,TH_30,SC_374,2024-09-30,21:00:00,382.94,163,active
SH_3944,MV_1102,TH_477,SC_1,2024-11-22,19:00:00,159.07,175,active
SH_3945,MV_6266,TH_417,SC_668,2025-09-19,22:15:00,157.04,79,active
SH_3946,MV_5265,TH_311,SC_361,2024-12-09,16:30:00,186.17,85,active
SH_3947,MV_2469,TH_85,SC_871,2023-07-07,16:00:00,347.63,57,active
SH_3948,MV_8585,TH_305,SC_714,2025-10-19,14:00:00,300.99,125,active
SH_3949,MV_5539,TH_409,SC_299,2023-10-08,22:30:00,473.22,65,active
SH_3951,MV_4040,TH_156,SC_761,2025-02-03,12:30:00,282.23,166,active
SH_3952,MV_2429,TH_424,SC_671,2023-10-18,14:15:00,414.44,111,active
SH_3953,MV_4648,TH_321,SC_34,2024-11-24,14:45:00,334.13,79,active
SH_3954,MV_9891,TH_165,SC_915,2023-04-05,21:15:00,217.14,56,active
SH_3955,MV_3054,TH_184,SC_106,2023-07-29,14:45:00,205.21,84,active
SH_3956,MV_4348,TH_264,SC_210,2023-02-11,15:15:00,333.83,62,active
SH_3957,MV_3908,TH_219,SC_379,2024-10-18,14:00:00,150.66,179,active
SH_3958,MV_430,TH_265,SC_258,2025-02-26,15:45:00,269.77,178,active
SH_3959,MV_3101,TH_457,SC_932,2023-09-13,20:30:00,456.91,50,active
SH_3960,MV_2490,TH_399,SC_313,2024-06-08,20:30:00,471.38,173,active
SH_3961,MV_7598,TH_218,SC_676,2025-05-16,21:45:00,295.46,88,active
SH_3962,MV_2472,TH_127,SC_610,2024-07-14,15:45:00,344.83,86,active
SH_3963,MV_2548,TH_326,SC_934,2025-05-18,20:00:00,307.2,191,active
SH_3964,MV_1708,TH_47,SC_272,2025-07-18,21:00:00,225.02,175,active
SH_3965,MV_5641,TH_281,SC_853,2025-07-10,15:15:00,379.88,152,active
SH_3966,MV_1452,TH_289,SC_85,2024-01-06,20:15:00,469.2,58,active
SH_3968,MV_2068,TH_376,SC_903,2023-02-21,20:30:00,212.54,125,active
SH_3969,MV_8828,TH_65,SC_52,2024-08-26,22:45:00,173.5,87,active
SH_3970,MV_9662,TH_384,SC_272,2025-07-20,16:15:00,177.1,105,active
SH_3971,MV_3058,TH_481,SC_581,2025-08-30,16:30:00,227.51,161,active
SH_3972,MV_6639,TH_359,SC_223,2024-03-22,15:15:00,287.2,58,active
SH_3973,MV_6128,TH_416,SC_835,2023-03-26,18:45:00,248.44,136,active
SH_3974,MV_6496,TH_426,SC_814,2025-09-08,19:30:00,481.67,107,active
SH_3975,MV_1261,TH_64,SC_518,2025-08-30,10:00:00,322.02,158,active
SH_3976,MV_7718,TH_245,SC_758,2024-11-13,16:15:00,258.05,148,active
SH_3977,MV_3806,TH_184,SC_982,2023-07-04,12:00:00,317.6,163,active
SH_3979,MV_8433,TH_290,SC_170,2023-06-10,11:45:00,478.54,144,active
SH_3980,MV_1825,TH_13,SC_407,2023-10-21,14:15:00,228.55,108,active
SH_3982,MV_5136,TH_268,SC_533,2025-06-11,20:00:00,154.5,100,active
SH_3984,MV_3844,TH_114,SC_247,2024-09-29,10:30:00,261.2,124,active
SH_3985,MV_2498,TH_245,SC_994,2023-09-23,22:15:00,293.71,65,active
SH_3986,MV_6610,TH_394,SC_18,2025-07-14,22:15:00,191.85,158,active
SH_3987,MV_8955,TH_199,SC_561,2023-02-25,11:15:00,438.78,65,active
SH_3988,MV_2987,TH_492,SC_863,2024-10-19,11:45:00,385.58,97,active
SH_3989,MV_9691,TH_386,SC_521,2023-09-18,20:00:00,481.05,119,active
SH_3990,MV_2438,TH_82,SC_893,2024-10-23,19:30:00,211.44,154,active
SH_3991,MV_2841,TH_135,SC_760,2024-11-24,11:15:00,314.37,101,active
SH_3992,MV_1433,TH_96,SC_531,2024-09-10,22:15:00,268.66,192,active
SH_3993,MV_1020,TH_205,SC_709,2025-10-12,20:15:00,386.34,110,active
SH_3994,MV_4205,TH_363,SC_732,2023-04-23,18:00:00,278.54,146,active
SH_3995,MV_8080,TH_431,SC_96,2025-03-08,19:30:00,189.21,110,active
SH_3996,MV_9715,TH_69,SC_450,2025-11-14,21:15:00,433.23,173,active
SH_3997,MV_2015,TH_445,SC_71,2023-01-30,13:45:00,418.1,178,active
SH_3998,MV_7320,TH_239,SC_532,2024-01-11,18:30:00,339.46,61,active
SH_3999,MV_3558,TH_320,SC_461,2024-03-09,15:45:00,187.49,181,active
SH_4000,MV_7195,TH_238,SC_790,2024-07-15,13:00:00,250.41,171,active
SH_4001,MV_6544,TH_57,SC_89,2023-01-09,12:00:00,262.26,126,active
SH_4002,MV_3395,TH_130,SC_26,2023-12-10,12:15:00,485.87,111,active
SH_4003,MV_8034,TH_315,SC_593,2025-08-11,19:45:00,187.16,154,active
SH_4004,MV_3428,TH_129,SC_180,2024-07-21,18:15:00,156.87,152,active
SH_4006,MV_7928,TH_365,SC_5,2025-08-10,19:15:00,261.29,56,active
SH_4007,MV_4515,TH_294,SC_217,2025-06-12,19:15:00,412.7,194,active
SH_4008,MV_9404,TH_80,SC_424,2025-07-24,11:30:00,398.4,118,active
SH_4009,MV_1510,TH_341,SC_263,2025-01-12,17:15:00,439.86,97,active
SH_4010,MV_1133,TH_451,SC_502,2023-12-12,11:45:00,416.89,197,active
SH_4011,MV_9994,TH_447,SC_231,2024-08-30,11:15:00,317.4,191,active
SH_4012,MV_9872,TH_375,SC_967,2025-06-20,15:30:00,391.37,192,active
SH_4014,MV_4688,TH_297,SC_571,2025-04-04,21:30:00,446.55,70,active
SH_4015,MV_3427,TH_307,SC_637,2023-11-11,12:15:00,259.67,105,active
SH_4016,MV_8770,TH_84,SC_106,2023-04-09,15:30:00,354.64,55,active
SH_4018,MV_1568,TH_211,SC_364,2023-06-11,18:00:00,374.33,151,active
SH_4020,MV_5702,TH_369,SC_249,2025-02-23,20:15:00,335.52,162,active
SH_4021,MV_7554,TH_48,SC_651,2025-04-07,16:15:00,324.97,177,active
SH_4022,MV_7893,TH_39,SC_311,2025-03-15,11:30:00,363.47,98,active
SH_4024,MV_237,TH_113,SC_952,2023-03-25,16:15:00,303.32,139,active
SH_4025,MV_1687,TH_257,SC_746,2024-01-18,17:30:00,422.41,185,active
SH_4026,MV_1351,TH_291,SC_660,2025-12-28,16:00:00,164.42,175,active
SH_4027,MV_865,TH_165,SC_331,2025-04-30,20:45:00,193.71,81,active
SH_4029,MV_1634,TH_99,SC_885,2024-04-07,17:45:00,364.48,174,active
SH_4030,MV_2044,TH_473,SC_900,2025-12-27,22:00:00,248.71,160,active
SH_4031,MV_6632,TH_482,SC_972,2025-01-15,19:00:00,152.37,112,active
SH_4033,MV_7962,TH_277,SC_218,2023-01-16,14:30:00,471.56,89,active
SH_4034,MV_8,TH_409,SC_835,2024-04-07,22:45:00,247.02,153,active
SH_4035,MV_5737,TH_207,SC_51,2024-10-05,20:00:00,241.79,177,active
SH_4036,MV_3532,TH_248,SC_147,2024-06-06,18:15:00,498.7,93,active
SH_4037,MV_7883,TH_49,SC_339,2024-06-26,17:00:00,368.89,177,active
SH_4038,MV_8556,TH_36,SC_843,2025-09-01,22:15:00,263.59,181,active
SH_4039,MV_157,TH_204,SC_922,2024-06-22,20:00:00,352.13,134,active
SH_4040,MV_5253,TH_280,SC_443,2023-03-08,20:00:00,280.62,77,active
SH_4041,MV_6163,TH_436,SC_415,2024-05-11,18:45:00,237.76,145,active
SH_4042,MV_3235,TH_234,SC_237,2025-03-07,16:00:00,322.92,179,active
SH_4043,MV_816,TH_213,SC_243,2024-08-25,22:45:00,463.76,109,active
SH_4044,MV_7220,TH_26,SC_853,2023-06-26,11:45:00,283.38,93,active
SH_4045,MV_4607,TH_102,SC_621,2025-11-12,14:00:00,290.49,152,active
SH_4046,MV_961,TH_339,SC_638,2023-06-28,22:45:00,283.41,172,active
SH_4047,MV_5890,TH_348,SC_844,2025-02-06,14:30:00,341.92,69,active
SH_4049,MV_3958,TH_230,SC_532,2024-08-10,14:00:00,393.96,83,active
SH_4050,MV_7599,TH_358,SC_200,2025-11-09,11:15:00,461.57,185,active
SH_4052,MV_3333,TH_293,SC_138,2025-10-19,10:45:00,219.82,58,active
SH_4053,MV_7638,TH_488,SC_61,2025-06-06,10:45:00,220.91,157,active
SH_4054,MV_5710,TH_344,SC_863,2024-05-03,14:15:00,204.18,198,active
SH_4055,MV_5130,TH_389,SC_129,2023-12-02,14:15:00,225.05,73,active
SH_4056,MV_4077,TH_61,SC_137,2023-10-26,11:30:00,393.4,116,active
SH_4057,MV_9460,TH_34,SC_772,2024-02-01,22:15:00,487.59,94,active
SH_4058,MV_3911,TH_311,SC_122,2025-04-23,12:45:00,486.27,106,active
SH_4059,MV_8173,TH_168,SC_142,2025-06-08,21:45:00,350.22,172,active
SH_4060,MV_4845,TH_87,SC_563,2024-02-20,20:30:00,330.49,175,active
SH_4061,MV_3460,TH_191,SC_980,2023-06-06,20:00:00,204.14,124,active
SH_4062,MV_9895,TH_411,SC_745,2023-01-08,10:15:00,178.64,62,active
SH_4063,MV_9496,TH_246,SC_55,2023-03-25,22:15:00,168.61,152,active
SH_4064,MV_8602,TH_36,SC_916,2023-12-20,12:30:00,424.25,197,active
SH_4065,MV_4707,TH_22,SC_950,2024-05-01,14:00:00,483.8,89,active
SH_4066,MV_2595,TH_82,SC_345,2025-08-25,17:15:00,302.57,53,active
SH_4067,MV_6440,TH_164,SC_268,2023-08-31,16:30:00,178.63,87,active
SH_4068,MV_3808,TH_128,SC_545,2024-08-27,22:15:00,392.96,140,active
SH_4069,MV_2273,TH_468,SC_142,2023-10-05,13:15:00,467.75,122,active
SH_4071,MV_9565,TH_437,SC_183,2024-04-13,12:45:00,234.59,185,active
SH_4072,MV_2540,TH_259,SC_391,2024-01-28,11:45:00,168.5,162,active
SH_4073,MV_9421,TH_213,SC_645,2025-11-29,13:45:00,397.26,66,active
SH_4075,MV_6047,TH_287,SC_202,2024-03-25,13:00:00,187.98,154,active
SH_4076,MV_7570,TH_214,SC_470,2025-06-19,12:30:00,499.52,184,active
SH_4077,MV_3660,TH_79,SC_673,2023-12-04,14:30:00,161.17,184,active
SH_4078,MV_3476,TH_271,SC_872,2024-10-14,17:15:00,330.43,148,active
SH_4079,MV_1721,TH_368,SC_908,2025-10-07,12:15:00,237.2,118,active
SH_4080,MV_8630,TH_393,SC_327,2024-06-09,10:15:00,347.32,107,active
SH_4081,MV_6327,TH_218,SC_27,2023-11-04,21:15:00,161.1,134,active
SH_4082,MV_6052,TH_153,SC_178,2023-05-24,14:30:00,265.68,178,active
SH_4083,MV_5983,TH_186,SC_360,2023-10-17,18:45:00,448.74,111,active
SH_4085,MV_835,TH_331,SC_819,2025-08-24,11:45:00,276.52,184,active
SH_4086,MV_8208,TH_412,SC_286,2023-02-06,18:00:00,370.88,119,active
SH_4087,MV_9734,TH_70,SC_520,2023-05-23,19:45:00,224.47,59,active
SH_4088,MV_4184,TH_129,SC_769,2025-12-26,12:30:00,449.29,195,active
SH_4089,MV_5554,TH_136,SC_921,2023-12-05,10:15:00,288.4,162,active
SH_4090,MV_4418,TH_431,SC_747,2024-01-02,12:15:00,437.4,83,active
SH_4091,MV_1411,TH_439,SC_280,2025-01-03,16:30:00,421.03,91,active
SH_4092,MV_3548,TH_304,SC_609,2024-12-18,17:15:00,259.19,57,active
SH_4093,MV_2368,TH_411,SC_237,2023-04-20,10:45:00,391.73,155,active
SH_4095,MV_9952,TH_434,SC_617,2025-04-25,22:45:00,154.31,64,active
SH_4096,MV_5266,TH_129,SC_147,2023-06-13,10:45:00,430.61,129,active
SH_4097,MV_5230,TH_189,SC_689,2025-02-17,10:45:00,389.78,150,active
SH_4098,MV_8827,TH_66,SC_142,2024-10-21,17:45:00,241.18,54,active
SH_4100,MV_6790,TH_262,SC_151,2025-02-19,17:30:00,276.8,109,active
SH_4101,MV_710,TH_110,SC_331,2025-02-05,21:30:00,159.17,115,active
SH_4103,MV_9978,TH_417,SC_29,2023-07-27,15:15:00,298.61,69,active
SH_4104,MV_3498,TH_234,SC_141,2025-12-01,14:45:00,195.46,175,active
SH_4105,MV_3831,TH_116,SC_63,2024-06-05,14:00:00,234.95,87,active
SH_4106,MV_512,TH_138,SC_891,2025-08-15,19:15:00,247.96,105,active
SH_4107,MV_4058,TH_26,SC_981,2025-08-05,22:15:00,318.9,154,active
SH_4108,MV_6026,TH_391,SC_241,2023-07-28,12:00:00,411.23,161,active
SH_4109,MV_4729,TH_294,SC_639,2025-07-21,21:00:00,402.89,150,active
SH_4111,MV_1435,TH_36,SC_591,2025-05-20,20:15:00,320.8,161,active
SH_4112,MV_3227,TH_104,SC_505,2025-07-28,22:45:00,172.48,77,active
SH_4113,MV_2840,TH_392,SC_956,2025-02-26,15:30:00,467.04,74,active
SH_4114,MV_185,TH_486,SC_286,2024-02-14,21:15:00,317.78,60,active
SH_4115,MV_3646,TH_136,SC_371,2025-07-21,20:45:00,457.67,189,active
SH_4116,MV_3298,TH_138,SC_385,2024-09-17,19:30:00,328.47,176,active
SH_4117,MV_5872,TH_331,SC_745,2024-04-22,15:45:00,419.37,82,active
SH_4118,MV_5086,TH_338,SC_333,2023-12-10,21:15:00,329.77,96,active
SH_4119,MV_3809,TH_142,SC_317,2025-10-29,13:45:00,295.92,154,active
SH_4120,MV_5522,TH_382,SC_273,2024-03-09,14:30:00,285.94,126,active
SH_4121,MV_5000,TH_34,SC_264,2025-09-11,20:45:00,257.57,117,active
SH_4122,MV_44,TH_340,SC_752,2023-09-28,15:00:00,181.8,183,active
SH_4123,MV_2611,TH_167,SC_273,2025-10-13,12:45:00,277.62,156,active
SH_4124,MV_2499,TH_246,SC_533,2023-03-14,11:45:00,313.2,60,active
SH_4125,MV_6207,TH_209,SC_847,2025-09-17,19:45:00,273.99,69,active
SH_4127,MV_536,TH_133,SC_360,2024-03-02,22:00:00,330.35,183,active
SH_4128,MV_2681,TH_290,SC_307,2023-01-29,15:45:00,192.49,173,active
SH_4129,MV_8759,TH_464,SC_14,2025-03-03,21:45:00,471.11,84,active
SH_4130,MV_2761,TH_114,SC_443,2023-05-31,19:45:00,450.24,183,active
SH_4131,MV_6565,TH_397,SC_416,2023-09-14,22:45:00,195.31,75,active
SH_4132,MV_5485,TH_300,SC_716,2025-12-13,15:30:00,310.99,64,active
SH_4133,MV_3784,TH_336,SC_454,2025-09-27,10:15:00,254.52,76,active
SH_4134,MV_883,TH_492,SC_632,2025-02-24,19:45:00,204.57,59,active
SH_4135,MV_1435,TH_35,SC_942,2024-12-26,13:00:00,385.92,196,active
SH_4136,MV_8150,TH_206,SC_23,2025-02-12,21:15:00,151.01,64,active
SH_4137,MV_2437,TH_433,SC_317,2024-02-25,17:00:00,494.72,102,active
SH_4138,MV_7504,TH_220,SC_232,2025-02-24,13:45:00,362.8,60,active
SH_4139,MV_3903,TH_342,SC_123,2025-05-21,20:15:00,247.68,168,active
SH_4140,MV_3211,TH_482,SC_386,2023-08-12,14:15:00,374.57,75,active
SH_4141,MV_8160,TH_143,SC_163,2024-07-10,11:30:00,183.31,196,active
SH_4142,MV_7513,TH_333,SC_829,2023-06-29,10:00:00,279.04,147,active
SH_4143,MV_1962,TH_492,SC_871,2024-12-28,17:30:00,228.53,194,active
SH_4144,MV_776,TH_404,SC_343,2025-03-13,17:00:00,175.11,110,active
SH_4145,MV_1251,TH_248,SC_284,2023-12-28,12:00:00,465.89,111,active
SH_4147,MV_961,TH_63,SC_324,2023-10-18,21:45:00,350.32,87,active
SH_4148,MV_9936,TH_212,SC_815,2024-06-07,21:30:00,499.58,186,active
SH_4149,MV_210,TH_146,SC_75,2025-11-24,16:45:00,361.59,106,active
SH_4150,MV_8457,TH_283,SC_205,2023-04-12,15:15:00,482.4,177,active
SH_4151,MV_5473,TH_135,SC_888,2025-05-18,21:30:00,245.81,152,active
SH_4152,MV_898,TH_247,SC_994,2024-02-09,20:00:00,266.99,168,active
SH_4154,MV_995,TH_164,SC_529,2024-06-21,22:15:00,348.91,166,active
SH_4155,MV_7625,TH_52,SC_938,2025-08-17,11:00:00,383.29,102,active
SH_4156,MV_9736,TH_251,SC_690,2023-01-20,15:15:00,498.3,61,active
SH_4157,MV_3160,TH_247,SC_6,2023-12-08,10:30:00,408.94,198,active
SH_4158,MV_823,TH_334,SC_465,2025-06-11,12:30:00,162.88,64,active
SH_4159,MV_5409,TH_96,SC_499,2024-09-29,19:30:00,465.34,67,active
SH_4160,MV_3934,TH_178,SC_854,2024-09-04,12:45:00,272.94,102,active
SH_4161,MV_2802,TH_448,SC_879,2024-05-28,21:45:00,491.82,52,active
SH_4162,MV_4983,TH_182,SC_610,2024-11-29,21:30:00,347.11,60,active
SH_4163,MV_6119,TH_180,SC_27,2023-12-09,12:00:00,171.6,129,active
SH_4164,MV_6747,TH_260,SC_77,2024-07-08,19:15:00,228.08,195,active
SH_4165,MV_9968,TH_181,SC_308,2025-04-17,22:00:00,349.45,110,active
SH_4166,MV_4426,TH_332,SC_718,2023-08-16,21:30:00,336.53,118,active
SH_4167,MV_4229,TH_225,SC_518,2025-12-13,10:30:00,274.64,61,active
SH_4168,MV_723,TH_275,SC_106,2024-01-10,20:15:00,451.06,151,active
SH_4169,MV_601,TH_467,SC_602,2023-09-12,14:30:00,196.83,82,active
SH_4170,MV_70,TH_121,SC_529,2025-07-20,17:30:00,386.08,182,active
SH_4171,MV_9828,TH_459,SC_235,2024-01-07,21:30:00,257.98,114,active
SH_4172,MV_7804,TH_136,SC_519,2024-03-22,22:15:00,200.94,184,active
SH_4173,MV_1013,TH_281,SC_221,2024-05-08,16:45:00,257.38,142,active
SH_4174,MV_3374,TH_368,SC_194,2024-09-29,21:45:00,211.85,165,active
SH_4175,MV_3403,TH_343,SC_660,2023-04-13,21:15:00,218.11,153,active
SH_4177,MV_7753,TH_439,SC_105,2024-09-29,22:00:00,168.9,101,active
SH_4178,MV_2162,TH_266,SC_722,2025-08-10,20:00:00,238.89,172,active
SH_4179,MV_976,TH_68,SC_584,2024-12-26,22:00:00,496.05,167,active
SH_4180,MV_2911,TH_158,SC_294,2025-12-11,20:15:00,155.47,81,active
SH_4181,MV_5723,TH_142,SC_730,2023-03-22,19:30:00,209.8,112,active
SH_4182,MV_8290,TH_322,SC_537,2024-10-16,10:30:00,366.71,184,active
SH_4183,MV_4576,TH_152,SC_817,2024-01-23,13:15:00,449.79,124,active
SH_4184,MV_8175,TH_323,SC_812,2025-08-08,22:00:00,163.92,187,active
SH_4185,MV_3062,TH_3,SC_533,2024-02-25,13:30:00,376.96,142,active
SH_4186,MV_1965,TH_73,SC_614,2025-02-20,20:00:00,325.58,192,active
SH_4187,MV_9603,TH_57,SC_293,2025-12-01,19:45:00,313.18,147,active
SH_4189,MV_7742,TH_473,SC_387,2025-12-14,20:30:00,170.94,95,active
SH_4190,MV_5186,TH_134,SC_690,2025-05-10,19:30:00,171.79,195,active
SH_4191,MV_4316,TH_184,SC_74,2024-01-19,22:45:00,243.91,56,active
SH_4192,MV_2552,TH_277,SC_491,2023-02-18,16:45:00,267.26,95,active
SH_4193,MV_9740,TH_459,SC_249,2025-06-17,16:15:00,374.69,189,active
SH_4194,MV_7279,TH_5,SC_156,2023-01-01,18:45:00,464.62,194,active
SH_4195,MV_8671,TH_237,SC_82,2024-09-12,14:30:00,294.74,129,active
SH_4196,MV_8037,TH_168,SC_935,2024-06-12,12:45:00,479.23,57,active
SH_4197,MV_2436,TH_99,SC_82,2023-10-09,15:30:00,160.69,129,active
SH_4198,MV_7402,TH_102,SC_458,2023-01-18,18:15:00,359.35,88,active
SH_4199,MV_1203,TH_59,SC_844,2025-11-13,18:30:00,350.62,80,active
SH_4200,MV_1743,TH_108,SC_769,2023-01-30,21:00:00,474.67,95,active
SH_4201,MV_3545,TH_7,SC_499,2025-11-09,16:15:00,222.61,96,active
SH_4202,MV_7794,TH_22,SC_538,2025-02-24,16:15:00,301.55,144,active
SH_4203,MV_2343,TH_68,SC_856,2025-01-02,22:15:00,267.01,190,active
SH_4204,MV_1869,TH_44,SC_630,2024-09-10,20:00:00,445.4,142,active
SH_4205,MV_6782,TH_362,SC_87,2024-10-24,22:00:00,451.03,59,active
SH_4206,MV_8828,TH_113,SC_207,2024-08-20,13:00:00,308.49,60,active
SH_4207,MV_5564,TH_247,SC_396,2024-09-12,12:15:00,496.58,88,active
SH_4208,MV_7917,TH_481,SC_53,2023-11-12,13:45:00,272.07,151,active
SH_4209,MV_1313,TH_461,SC_353,2025-12-06,21:45:00,295.81,92,active
SH_4210,MV_3365,TH_214,SC_368,2024-08-25,12:00:00,405.9,174,active
SH_4211,MV_5023,TH_62,SC_412,2025-07-10,18:00:00,367.43,52,active
SH_4212,MV_9804,TH_228,SC_38,2025-10-07,13:30:00,288.71,55,active
SH_4213,MV_7866,TH_19,SC_853,2025-06-21,16:00:00,365.56,111,active
SH_4214,MV_1115,TH_444,SC_170,2023-02-20,17:15:00,281.72,60,active
SH_4215,MV_352,TH_121,SC_228,2025-02-15,20:15:00,451.07,68,active
SH_4216,MV_4505,TH_29,SC_543,2023-11-12,16:00:00,473.49,85,active
SH_4217,MV_9331,TH_15,SC_933,2024-04-25,17:15:00,314.7,177,active
SH_4218,MV_2762,TH_184,SC_19,2025-11-30,16:45:00,359.01,59,active
SH_4219,MV_9051,TH_277,SC_664,2024-08-06,18:45:00,281.34,68,active
SH_4220,MV_3977,TH_33,SC_218,2023-04-07,16:30:00,410.42,195,active
SH_4221,MV_3058,TH_357,SC_843,2024-03-09,12:30:00,155.56,198,active
SH_4222,MV_4537,TH_329,SC_207,2025-07-13,17:00:00,287.63,156,active
SH_4224,MV_8886,TH_172,SC_280,2024-07-03,21:45:00,437.9,88,active
SH_4225,MV_3868,TH_299,SC_249,2024-08-11,17:15:00,390.15,189,active
SH_4226,MV_9024,TH_324,SC_53,2024-09-21,15:15:00,480.74,196,active
SH_4227,MV_4164,TH_212,SC_812,2023-06-17,16:00:00,209.62,128,active
SH_4228,MV_7320,TH_293,SC_54,2023-04-02,20:30:00,159.15,186,active
SH_4229,MV_1937,TH_429,SC_886,2023-09-03,10:45:00,390.06,172,active
SH_4230,MV_3303,TH_40,SC_369,2024-01-04,17:15:00,390.88,126,active
SH_4231,MV_691,TH_27,SC_389,2023-05-01,20:45:00,236.78,162,active
SH_4232,MV_2105,TH_90,SC_711,2024-05-10,20:30:00,354.53,159,active
SH_4234,MV_6558,TH_154,SC_326,2023-05-31,13:45:00,379.87,187,active
SH_4235,MV_9625,TH_263,SC_335,2024-11-18,17:15:00,224.17,77,active
SH_4236,MV_2775,TH_103,SC_575,2024-03-28,10:00:00,275.9,64,active
SH_4237,MV_8256,TH_42,SC_893,2025-06-30,13:30:00,290.89,118,active
SH_4238,MV_2902,TH_361,SC_631,2025-10-30,19:00:00,391.91,136,active
SH_4239,MV_974,TH_332,SC_987,2023-01-18,15:45:00,415.69,58,active
SH_4240,MV_6052,TH_432,SC_375,2024-01-16,18:00:00,263.41,183,active
SH_4241,MV_2887,TH_221,SC_736,2025-06-19,16:45:00,355.72,96,active
SH_4242,MV_4671,TH_327,SC_216,2024-01-12,18:00:00,268.5,64,active
SH_4243,MV_5301,TH_339,SC_336,2023-04-17,15:00:00,487.72,117,active
SH_4244,MV_7067,TH_16,SC_431,2025-11-13,20:45:00,459.46,151,active
SH_4245,MV_1766,TH_92,SC_871,2025-09-18,14:30:00,329.64,175,active
SH_4246,MV_4098,TH_235,SC_187,2024-06-21,10:45:00,493.93,72,active
SH_4247,MV_2801,TH_332,SC_127,2024-08-27,18:15:00,294.0,144,active
SH_4248,MV_441,TH_231,SC_460,2023-09-06,14:45:00,244.91,124,active
SH_4249,MV_1042,TH_299,SC_350,2023-12-30,15:30:00,253.58,152,active
SH_4250,MV_1132,TH_186,SC_536,2023-04-19,16:30:00,417.86,117,active
SH_4251,MV_7378,TH_34,SC_655,2024-07-24,15:45:00,471.14,174,active
SH_4252,MV_1652,TH_441,SC_16,2023-01-11,10:45:00,196.28,55,active
SH_4254,MV_6596,TH_150,SC_719,2025-05-23,12:00:00,418.79,94,active
SH_4255,MV_3395,TH_334,SC_532,2025-08-16,10:30:00,319.09,109,active
SH_4256,MV_4855,TH_21,SC_199,2024-04-30,15:45:00,191.68,138,active
SH_4257,MV_4072,TH_338,SC_34,2023-06-24,13:45:00,179.06,111,active
SH_4258,MV_8688,TH_411,SC_755,2023-06-09,21:45:00,215.3,64,active
SH_4259,MV_3394,TH_181,SC_381,2023-11-18,10:00:00,285.01,135,active
SH_4260,MV_1279,TH_424,SC_63,2023-06-24,16:30:00,180.84,147,active
SH_4261,MV_7802,TH_482,SC_423,2025-11-11,21:45:00,154.41,59,active
SH_4262,MV_9706,TH_292,SC_170,2023-04-03,10:30:00,188.37,192,active
SH_4263,MV_8172,TH_360,SC_614,2023-09-21,19:30:00,435.6,100,active
SH_4264,MV_8702,TH_205,SC_7,2024-10-28,21:45:00,463.81,179,active
SH_4265,MV_5393,TH_193,SC_182,2024-12-27,17:30:00,335.72,156,active
SH_4267,MV_2843,TH_130,SC_493,2025-11-18,16:30:00,239.28,139,active
SH_4268,MV_1842,TH_249,SC_766,2023-08-07,17:00:00,187.36,192,active
SH_4269,MV_2265,TH_212,SC_401,2024-09-01,11:45:00,286.05,173,active
SH_4270,MV_5295,TH_444,SC_860,2024-05-01,19:00:00,431.47,168,active
SH_4271,MV_4141,TH_410,SC_105,2023-07-17,22:30:00,456.93,109,active
SH_4272,MV_6830,TH_34,SC_25,2023-01-14,12:30:00,171.52,167,active
SH_4274,MV_8851,TH_120,SC_653,2023-09-27,20:00:00,292.41,179,active
SH_4275,MV_9098,TH_190,SC_362,2025-09-26,17:00:00,381.6,107,active
SH_4276,MV_5128,TH_93,SC_690,2024-09-03,20:15:00,499.89,83,active
SH_4277,MV_5481,TH_97,SC_727,2024-06-19,16:30:00,310.72,188,active
SH_4279,MV_3389,TH_315,SC_356,2025-05-18,17:30:00,170.01,76,active
SH_4280,MV_3685,TH_203,SC_101,2024-10-09,11:15:00,284.58,179,active
SH_4281,MV_1520,TH_493,SC_427,2024-11-16,17:30:00,202.14,71,active
SH_4283,MV_634,TH_346,SC_158,2025-05-30,15:45:00,358.08,71,active
SH_4284,MV_3387,TH_176,SC_774,2025-10-12,19:45:00,441.73,183,active
SH_4285,MV_8164,TH_399,SC_854,2024-05-30,13:30:00,293.09,158,active
SH_4286,MV_7047,TH_448,SC_820,2023-03-27,17:45:00,206.42,79,active
SH_4287,MV_8405,TH_461,SC_442,2023-03-06,13:00:00,482.75,132,active
SH_4289,MV_411,TH_238,SC_241,2023-01-18,14:00:00,499.76,196,active
SH_4290,MV_6924,TH_243,SC_337,2025-04-10,14:15:00,319.32,138,active
SH_4292,MV_8887,TH_225,SC_955,2025-05-26,20:00:00,448.42,191,active
SH_4293,MV_5241,TH_381,SC_129,2024-10-16,22:45:00,199.41,103,active
SH_4294,MV_9590,TH_15,SC_314,2023-09-29,14:15:00,454.98,104,active
SH_4295,MV_2203,TH_352,SC_631,2025-01-05,18:00:00,208.84,164,active
SH_4296,MV_3155,TH_114,SC_6,2025-06-13,11:15:00,271.04,142,active
SH_4297,MV_8518,TH_356,SC_995,2024-01-23,18:45:00,432.54,103,active
SH_4298,MV_1206,TH_7,SC_136,2024-03-30,19:45:00,314.76,105,active
SH_4299,MV_6356,TH_477,SC_394,2023-12-10,16:00:00,483.25,108,active
SH_4300,MV_4263,TH_424,SC_192,2023-09-02,17:00:00,344.39,184,active
SH_4301,MV_3372,TH_309,SC_613,2025-03-10,14:15:00,407.85,147,active
SH_4302,MV_1367,TH_33,SC_315,2023-01-24,12:45:00,496.51,134,active
SH_4303,MV_9301,TH_436,SC_727,2023-01-26,16:30:00,312.49,147,active
SH_4304,MV_8213,TH_250,SC_265,2024-09-08,11:15:00,274.26,59,active
SH_4305,MV_1685,TH_494,SC_301,2024-12-28,21:00:00,309.95,184,active
SH_4306,MV_592,TH_372,SC_768,2025-01-03,17:00:00,343.96,124,active
SH_4308,MV_2314,TH_165,SC_994,2025-07-06,18:45:00,408.14,166,active
SH_4309,MV_5156,TH_358,SC_965,2024-07-22,11:45:00,346.51,107,active
SH_4310,MV_7326,TH_235,SC_933,2024-12-28,11:30:00,283.91,155,active
SH_4311,MV_4970,TH_310,SC_245,2023-09-06,15:00:00,464.35,125,active
SH_4312,MV_6298,TH_282,SC_409,2023-10-28,14:15:00,476.56,121,active
SH_4313,MV_2484,TH_205,SC_8,2025-07-23,14:45:00,430.98,81,active
SH_4314,MV_2244,TH_273,SC_594,2023-01-14,16:45:00,268.8,106,active
SH_4315,MV_1984,TH_392,SC_301,2024-10-04,11:30:00,429.28,86,active
SH_4316,MV_7233,TH_73,SC_793,2023-03-26,10:00:00,483.47,170,active
SH_4317,MV_329,TH_102,SC_716,2023-05-07,14:00:00,175.69,185,active
SH_4318,MV_2292,TH_70,SC_242,2025-03-30,11:15:00,437.62,73,active
SH_4319,MV_1557,TH_51,SC_940,2025-03-30,16:45:00,252.6,72,active
SH_4320,MV_978,TH_362,SC_989,2023-03-22,15:45:00,237.52,81,active
SH_4321,MV_3562,TH_494,SC_575,2024-10-23,17:30:00,184.48,67,active
SH_4322,MV_5187,TH_354,SC_600,2025-05-13,14:00:00,470.68,129,active
SH_4323,MV_6879,TH_198,SC_547,2023-08-11,21:30:00,404.4,137,active
SH_4324,MV_1051,TH_212,SC_571,2024-06-29,18:15:00,390.26,131,active
SH_4325,MV_6121,TH_113,SC_805,2023-11-23,10:00:00,244.5,61,active
SH_4326,MV_5673,TH_71,SC_758,2023-08-28,10:00:00,483.44,105,active
SH_4327,MV_4357,TH_21,SC_681,2024-01-05,21:45:00,204.53,81,active
SH_4328,MV_5935,TH_433,SC_52,2025-02-20,11:45:00,368.41,165,active
SH_4329,MV_9060,TH_368,SC_666,2023-03-24,12:45:00,209.72,93,active
SH_4330,MV_2731,TH_58,SC_941,2025-04-15,18:45:00,324.51,63,active
SH_4331,MV_5741,TH_239,SC_949,2024-11-15,10:15:00,351.93,87,active
SH_4332,MV_9929,TH_261,SC_206,2025-05-15,13:30:00,284.6,104,active
SH_4333,MV_5168,TH_456,SC_325,2025-03-05,15:00:00,368.18,183,active
SH_4335,MV_7061,TH_362,SC_750,2023-06-29,16:45:00,314.0,111,active
SH_4336,MV_1725,TH_80,SC_711,2025-10-18,22:45:00,273.12,108,active
SH_4337,MV_4477,TH_419,SC_747,2024-07-08,10:15:00,340.06,69,active
SH_4338,MV_5209,TH_10,SC_445,2023-08-02,14:00:00,432.9,90,active
SH_4340,MV_3823,TH_481,SC_934,2023-12-31,14:45:00,160.64,164,active
SH_4341,MV_5227,TH_240,SC_336,2023-06-05,10:30:00,423.12,65,active
SH_4342,MV_6332,TH_111,SC_710,2024-01-30,17:45:00,310.1,109,active
SH_4343,MV_1883,TH_225,SC_421,2025-07-11,17:15:00,396.48,50,active
SH_4344,MV_1830,TH_221,SC_411,2024-04-05,17:15:00,200.75,71,active
SH_4346,MV_6905,TH_46,SC_511,2024-11-22,13:00:00,456.56,175,active
SH_4347,MV_8474,TH_64,SC_155,2025-03-01,18:45:00,364.24,56,active
SH_4348,MV_5755,TH_128,SC_722,2024-07-25,21:15:00,321.81,167,active
SH_4349,MV_1576,TH_432,SC_926,2025-06-26,19:00:00,299.8,104,active
SH_4350,MV_5743,TH_49,SC_746,2024-07-11,18:30:00,211.22,128,active
SH_4351,MV_6652,TH_485,SC_138,2023-08-04,22:15:00,151.33,87,active
SH_4353,MV_8155,TH_435,SC_115,2023-05-18,10:45:00,214.34,53,active
SH_4354,MV_3539,TH_12,SC_484,2023-06-01,19:15:00,486.03,72,active
SH_4355,MV_3800,TH_263,SC_367,2024-12-22,19:00:00,350.92,52,active
SH_4356,MV_7591,TH_444,SC_875,2025-09-07,17:15:00,278.69,74,active
SH_4357,MV_6153,TH_151,SC_87,2023-09-18,13:30:00,410.57,167,active
SH_4358,MV_95,TH_37,SC_950,2025-07-19,11:30:00,455.99,111,active
SH_4359,MV_9356,TH_110,SC_666,2023-02-13,10:30:00,352.16,114,active
SH_4360,MV_876,TH_254,SC_195,2023-12-11,10:45:00,308.0,193,active
SH_4361,MV_4418,TH_350,SC_284,2023-11-06,22:30:00,398.41,115,active
SH_4362,MV_2964,TH_280,SC_527,2025-07-24,13:15:00,360.98,78,active
SH_4363,MV_2986,TH_25,SC_849,2025-10-02,19:00:00,481.86,135,active
SH_4364,MV_9458,TH_134,SC_874,2025-03-03,21:30:00,384.2,141,active
SH_4365,MV_8129,TH_478,SC_306,2023-04-19,21:45:00,296.71,141,active
SH_4366,MV_4286,TH_293,SC_101,2025-10-26,16:45:00,388.42,134,active
SH_4367,MV_2082,TH_194,SC_727,2023-07-08,16:00:00,307.02,85,active
SH_4368,MV_9939,TH_204,SC_118,2025-07-05,20:00:00,492.82,156,active
SH_4369,MV_7607,TH_368,SC_633,2025-03-16,20:30:00,271.99,93,active
SH_4370,MV_5311,TH_341,SC_326,2024-07-23,12:45:00,269.37,158,active
SH_4371,MV_7735,TH_336,SC_123,2023-06-02,12:15:00,423.43,134,active
SH_4372,MV_8084,TH_381,SC_678,2025-04-17,15:00:00,448.59,157,active
SH_4373,MV_6052,TH_219,SC_268,2025-04-18,18:00:00,170.55,59,active
SH_4374,MV_9461,TH_328,SC_681,2025-06-01,11:00:00,156.88,88,active
SH_4376,MV_1499,TH_293,SC_466,2024-02-06,16:15:00,375.43,128,active
SH_4377,MV_6250,TH_333,SC_932,2024-11-02,19:45:00,245.22,76,active
SH_4378,MV_9036,TH_406,SC_74,2023-03-30,13:30:00,253.17,57,active
SH_4379,MV_4335,TH_357,SC_749,2025-08-12,12:15:00,259.42,193,active
SH_4380,MV_4139,TH_436,SC_58,2025-10-28,14:15:00,350.47,184,active
SH_4381,MV_9118,TH_307,SC_184,2023-01-29,15:00:00,177.65,70,active
SH_4382,MV_6508,TH_448,SC_50,2023-05-18,16:30:00,156.32,182,active
SH_4383,MV_2448,TH_4,SC_956,2024-01-23,22:30:00,480.83,101,active
SH_4384,MV_3399,TH_392,SC_544,2023-08-05,14:30:00,485.7,153,active
SH_4385,MV_1051,TH_389,SC_343,2024-12-26,12:45:00,300.95,82,active
SH_4386,MV_35,TH_110,SC_197,2025-03-19,20:30:00,460.98,157,active
SH_4387,MV_7114,TH_88,SC_172,2024-04-18,22:30:00,290.99,93,active
SH_4388,MV_7379,TH_389,SC_850,2024-02-29,21:30:00,303.7,56,active
SH_4389,MV_6255,TH_189,SC_970,2023-05-21,22:15:00,366.87,93,active
SH_4390,MV_6126,TH_97,SC_744,2023-06-10,20:15:00,152.05,72,active
SH_4391,MV_4238,TH_41,SC_506,2024-10-24,13:45:00,248.36,190,active
SH_4392,MV_2567,TH_486,SC_856,2023-05-09,12:45:00,356.1,161,active
SH_4393,MV_7596,TH_497,SC_547,2025-04-23,15:30:00,336.32,124,active
SH_4394,MV_6537,TH_474,SC_440,2024-03-26,13:15:00,475.3,89,active
SH_4395,MV_2142,TH_421,SC_632,2023-11-20,22:15:00,424.61,108,active
SH_4396,MV_3118,TH_87,SC_601,2023-03-29,11:30:00,291.78,76,active
SH_4397,MV_4295,TH_400,SC_142,2024-07-13,15:00:00,433.93,109,active
SH_4399,MV_6454,TH_63,SC_106,2025-05-08,12:30:00,230.95,50,active
SH_4400,MV_5738,TH_318,SC_566,2024-10-27,19:15:00,482.35,187,active
SH_4401,MV_6913,TH_293,SC_157,2025-03-30,16:45:00,177.05,163,active
SH_4402,MV_3739,TH_359,SC_100,2024-02-07,20:15:00,452.99,154,active
SH_4403,MV_7232,TH_465,SC_591,2025-08-14,22:00:00,189.18,91,active
SH_4404,MV_5644,TH_386,SC_59,2023-01-17,12:15:00,352.64,129,active
SH_4405,MV_9456,TH_323,SC_38,2025-06-19,17:30:00,232.41,100,active
SH_4406,MV_1,TH_258,SC_688,2023-01-07,19:00:00,249.43,96,active
SH_4407,MV_9588,TH_421,SC_832,2023-06-02,18:45:00,474.98,53,active
SH_4409,MV_9581,TH_244,SC_609,2023-11-23,11:45:00,189.36,174,active
SH_4410,MV_354,TH_440,SC_261,2023-01-11,18:00:00,437.81,166,active
SH_4411,MV_4075,TH_357,SC_274,2023-03-10,14:30:00,351.82,194,active
SH_4412,MV_7767,TH_40,SC_918,2023-12-14,22:00:00,303.46,163,active
SH_4413,MV_3042,TH_242,SC_996,2025-01-09,17:45:00,491.78,188,active
SH_4414,MV_3768,TH_220,SC_247,2024-08-10,17:30:00,386.53,53,active
SH_4415,MV_6753,TH_397,SC_213,2025-09-15,15:00:00,353.24,113,active
SH_4416,MV_7501,TH_276,SC_249,2025-10-15,15:45:00,242.55,176,active
SH_4417,MV_2447,TH_28,SC_231,2023-12-09,16:45:00,323.96,116,active
SH_4418,MV_5999,TH_273,SC_474,2025-05-08,17:15:00,426.71,144,active
SH_4419,MV_4210,TH_241,SC_766,2023-04-23,21:30:00,301.0,107,active
SH_4420,MV_9825,TH_43,SC_561,2023-08-07,15:30:00,278.13,160,active
SH_4421,MV_3405,TH_262,SC_876,2024-07-20,17:00:00,440.74,104,active
SH_4422,MV_4554,TH_27,SC_247,2023-02-27,20:00:00,486.01,121,active
SH_4423,MV_4655,TH_456,SC_82,2025-10-30,19:15:00,169.33,131,active
SH_4424,MV_4234,TH_477,SC_817,2024-09-03,16:30:00,426.48,157,active
SH_4425,MV_6013,TH_381,SC_879,2023-01-13,19:45:00,260.83,118,active
SH_4426,MV_8374,TH_433,SC_145,2024-06-27,12:15:00,277.78,52,active
SH_4427,MV_3343,TH_19,SC_865,2023-09-21,22:00:00,260.99,94,active
SH_4428,MV_4299,TH_450,SC_523,2024-03-05,12:45:00,367.73,83,active
SH_4429,MV_1470,TH_196,SC_655,2024-05-11,17:15:00,498.62,139,active
SH_4430,MV_7670,TH_205,SC_554,2023-07-16,10:00:00,350.49,165,active
SH_4431,MV_9495,TH_270,SC_905,2025-09-23,20:00:00,163.38,137,active
SH_4432,MV_8671,TH_330,SC_540,2023-08-25,11:15:00,324.02,174,active
SH_4433,MV_7857,TH_128,SC_312,2025-02-25,19:30:00,457.27,127,active
SH_4435,MV_22,TH_322,SC_635,2024-03-21,11:30:00,266.08,156,active
SH_4436,MV_9674,TH_258,SC_426,2024-09-06,11:30:00,299.9,88,active
SH_4437,MV_1799,TH_117,SC_473,2024-08-12,16:45:00,466.78,64,active
SH_4438,MV_9247,TH_489,SC_306,2025-07-15,11:30:00,175.25,168,active
SH_4439,MV_6274,TH_291,SC_133,2025-07-13,20:30:00,283.5,147,active
SH_4440,MV_6170,TH_308,SC_941,2025-08-24,11:00:00,181.49,54,active
SH_4442,MV_4421,TH_260,SC_234,2024-04-28,19:15:00,432.51,87,active
SH_4443,MV_492,TH_216,SC_414,2024-07-10,20:00:00,471.22,93,active
SH_4444,MV_6546,TH_367,SC_469,2025-05-05,12:30:00,226.36,111,active
SH_4445,MV_3208,TH_461,SC_745,2024-06-19,18:45:00,276.05,98,active
SH_4446,MV_6424,TH_283,SC_677,2023-10-25,21:30:00,365.56,171,active
SH_4447,MV_4260,TH_10,SC_138,2023-08-10,16:00:00,301.71,141,active
SH_4448,MV_4363,TH_281,SC_769,2025-11-03,19:30:00,466.22,57,active
SH_4449,MV_935,TH_54,SC_356,2023-03-29,11:00:00,352.3,163,active
SH_4450,MV_241,TH_78,SC_279,2023-01-15,15:45:00,414.41,187,active
SH_4451,MV_5143,TH_79,SC_592,2024-03-08,12:45:00,368.07,176,active
SH_4452,MV_9162,TH_15,SC_628,2024-10-23,11:45:00,201.55,122,active
SH_4453,MV_1604,TH_20,SC_473,2023-09-04,17:45:00,497.35,170,active
SH_4454,MV_8344,TH_72,SC_952,2024-10-17,13:15:00,396.38,173,active
SH_4455,MV_9027,TH_120,SC_663,2025-07-18,17:15:00,409.83,163,active
SH_4456,MV_7879,TH_174,SC_467,2024-12-12,20:30:00,404.74,103,active
SH_4457,MV_3152,TH_482,SC_97,2024-05-18,21:15:00,335.85,67,active
SH_4458,MV_7992,TH_9,SC_677,2023-02-06,17:45:00,251.02,137,active
SH_4459,MV_3092,TH_236,SC_803,2025-04-02,18:30:00,404.19,97,active
SH_4460,MV_4772,TH_483,SC_655,2023-07-10,19:00:00,421.68,149,active
SH_4461,MV_6454,TH_455,SC_749,2023-11-10,12:45:00,195.59,51,active
SH_4462,MV_534,TH_438,SC_101,2023-03-12,15:15:00,287.5,65,active
SH_4463,MV_4091,TH_82,SC_679,2023-05-01,20:15:00,470.61,184,active
SH_4464,MV_6967,TH_64,SC_625,2024-01-22,16:45:00,469.61,92,active
SH_4465,MV_9244,TH_107,SC_618,2024-12-21,22:00:00,172.96,145,active
SH_4466,MV_8423,TH_298,SC_523,2024-09-27,10:30:00,491.69,130,active
SH_4467,MV_7648,TH_203,SC_766,2023-04-02,11:15:00,325.32,159,active
SH_4470,MV_3271,TH_176,SC_793,2023-07-07,21:15:00,381.81,140,active
SH_4471,MV_4697,TH_184,SC_822,2023-10-31,20:30:00,453.97,150,active
SH_4472,MV_2169,TH_79,SC_836,2025-07-19,22:00:00,191.71,73,active
SH_4473,MV_2976,TH_352,SC_592,2025-05-05,11:30:00,327.39,137,active
SH_4474,MV_3998,TH_389,SC_172,2025-06-26,12:15:00,189.01,100,active
SH_4475,MV_3163,TH_24,SC_422,2025-05-06,15:45:00,327.82,163,active
SH_4476,MV_8225,TH_77,SC_563,2025-05-16,12:45:00,330.29,116,active
SH_4477,MV_5854,TH_254,SC_165,2025-07-13,17:45:00,400.56,179,active
SH_4479,MV_9160,TH_120,SC_820,2023-04-28,22:45:00,407.46,163,active
SH_4480,MV_9877,TH_241,SC_361,2023-06-06,11:15:00,403.36,64,active
SH_4481,MV_3156,TH_427,SC_726,2023-07-26,16:45:00,239.73,81,active
SH_4482,MV_1616,TH_228,SC_393,2025-08-04,15:30:00,304.34,154,active
SH_4483,MV_5741,TH_428,SC_58,2025-08-12,17:00:00,366.04,53,active
SH_4484,MV_1699,TH_76,SC_732,2023-11-28,11:30:00,396.5,101,active
SH_4485,MV_6952,TH_88,SC_853,2023-06-24,18:00:00,421.79,159,active
SH_4486,MV_3020,TH_335,SC_928,2025-08-01,21:15:00,376.58,155,active
SH_4487,MV_5831,TH_446,SC_756,2023-05-14,22:30:00,387.67,142,active
SH_4488,MV_6736,TH_46,SC_464,2024-01-01,17:30:00,249.8,175,active
SH_4489,MV_8434,TH_60,SC_905,2024-02-29,13:30:00,162.79,58,active
SH_4491,MV_12,TH_427,SC_821,2023-04-18,16:15:00,367.97,105,active
SH_4492,MV_9436,TH_38,SC_322,2025-06-26,14:30:00,415.43,96,active
SH_4493,MV_3518,TH_489,SC_203,2023-11-06,13:00:00,224.71,145,active
SH_4494,MV_6685,TH_45,SC_352,2024-01-02,18:00:00,327.2,178,active
SH_4495,MV_6044,TH_182,SC_941,2023-04-23,17:00:00,490.06,50,active
SH_4496,MV_3041,TH_466,SC_463,2024-04-04,11:30:00,461.88,172,active
SH_4497,MV_8041,TH_353,SC_229,2023-01-31,18:30:00,289.26,90,active
SH_4498,MV_8117,TH_214,SC_332,2023-04-10,16:30:00,188.65,172,active
SH_4499,MV_1134,TH_251,SC_768,2024-02-22,10:00:00,174.17,119,active
SH_4500,MV_4357,TH_158,SC_547,2024-06-01,14:45:00,329.43,91,active
SH_4501,MV_4552,TH_142,SC_493,2023-05-04,20:00:00,497.8,78,active
SH_4502,MV_2193,TH_242,SC_661,2023-10-31,18:30:00,298.63,106,active
SH_4503,MV_7734,TH_315,SC_652,2025-10-09,20:45:00,310.07,167,active
SH_4504,MV_2137,TH_78,SC_581,2023-04-28,16:30:00,233.45,176,active
SH_4505,MV_3194,TH_98,SC_426,2025-09-17,17:45:00,229.6,89,active
SH_4508,MV_306,TH_16,SC_304,2024-04-14,11:00:00,236.07,108,active
SH_4510,MV_3549,TH_414,SC_921,2025-03-07,22:15:00,498.55,188,active
SH_4511,MV_4748,TH_126,SC_372,2024-11-07,15:30:00,207.35,54,active
SH_4512,MV_5390,TH_426,SC_325,2024-08-26,15:00:00,450.75,144,active
SH_4513,MV_9450,TH_297,SC_513,2023-02-22,11:30:00,357.8,118,active
SH_4515,MV_6300,TH_311,SC_824,2025-07-05,11:00:00,337.78,164,active
SH_4516,MV_372,TH_26,SC_524,2024-03-19,14:15:00,389.77,153,active
SH_4517,MV_7149,TH_217,SC_851,2023-05-07,12:45:00,218.18,86,active
SH_4519,MV_8635,TH_304,SC_912,2023-01-09,14:45:00,283.88,174,active
SH_4520,MV_7519,TH_357,SC_177,2024-02-01,22:00:00,204.13,128,active
SH_4521,MV_3594,TH_51,SC_256,2024-12-18,15:30:00,267.57,119,active
SH_4523,MV_5177,TH_153,SC_760,2024-03-08,10:15:00,454.54,186,active
SH_4524,MV_5218,TH_425,SC_19,2024-09-09,18:00:00,213.62,122,active
SH_4525,MV_4022,TH_306,SC_187,2024-01-09,16:45:00,491.2,101,active
SH_4526,MV_8605,TH_72,SC_299,2025-01-08,17:45:00,417.21,69,active
SH_4527,MV_9145,TH_233,SC_976,2025-12-06,13:30:00,405.25,164,active
SH_4528,MV_806,TH_202,SC_942,2023-11-08,18:00:00,162.51,52,active
SH_4530,MV_1621,TH_349,SC_441,2024-11-28,19:45:00,472.47,133,active
SH_4531,MV_3925,TH_234,SC_546,2024-03-20,18:30:00,297.22,169,active
SH_4532,MV_2836,TH_276,SC_980,2023-08-11,10:15:00,382.67,74,active
SH_4533,MV_7233,TH_139,SC_738,2024-04-14,16:45:00,338.87,143,active
SH_4534,MV_4048,TH_202,SC_998,2024-07-23,10:00:00,329.74,53,active
SH_4535,MV_2663,TH_380,SC_778,2023-06-16,16:00:00,165.45,167,active
SH_4536,MV_3983,TH_349,SC_9,2023-12-19,14:30:00,351.03,73,active
SH_4537,MV_2057,TH_483,SC_991,2025-03-24,14:00:00,238.82,196,active
SH_4539,MV_1883,TH_128,SC_729,2025-01-10,21:45:00,380.17,186,active
SH_4540,MV_7705,TH_430,SC_743,2025-01-23,22:30:00,363.33,187,active
SH_4541,MV_1827,TH_5,SC_204,2025-03-07,15:30:00,208.42,65,active
SH_4542,MV_3904,TH_128,SC_239,2023-01-21,16:00:00,263.5,126,active
SH_4543,MV_6017,TH_303,SC_374,2023-01-10,20:45:00,279.5,76,active
SH_4544,MV_7538,TH_7,SC_106,2023-11-10,17:00:00,279.02,84,active
SH_4545,MV_4330,TH_215,SC_857,2023-06-13,17:15:00,386.41,156,active
SH_4546,MV_5576,TH_52,SC_168,2025-05-07,21:45:00,488.16,91,active
SH_4547,MV_5557,TH_338,SC_384,2023-06-08,13:30:00,157.89,190,active
SH_4548,MV_8360,TH_477,SC_88,2025-04-22,13:00:00,478.63,183,active
SH_4549,MV_6638,TH_150,SC_755,2024-02-01,18:15:00,246.0,175,active
SH_4550,MV_6185,TH_347,SC_617,2023-11-07,16:15:00,178.7,192,active
SH_4551,MV_6149,TH_79,SC_531,2024-09-25,22:00:00,397.51,132,active
SH_4553,MV_7495,TH_434,SC_470,2023-10-10,22:00:00,448.91,169,active
SH_4554,MV_1799,TH_16,SC_245,2024-06-18,19:15:00,246.54,55,active
SH_4555,MV_9570,TH_402,SC_50,2024-11-03,12:45:00,322.71,174,active
SH_4556,MV_1615,TH_412,SC_860,2024-02-12,15:45:00,435.71,93,active
SH_4557,MV_4811,TH_48,SC_889,2023-09-08,18:15:00,261.78,66,active
SH_4558,MV_5816,TH_157,SC_800,2025-02-09,15:45:00,377.46,111,active
SH_4559,MV_8231,TH_260,SC_966,2024-12-15,19:00:00,173.85,156,active
SH_4560,MV_9373,TH_123,SC_79,2023-06-09,14:45:00,296.51,118,active
SH_4562,MV_9847,TH_90,SC_681,2024-06-14,22:45:00,479.92,127,active
SH_4563,MV_8256,TH_36,SC_139,2023-10-17,21:45:00,356.93,120,active
SH_4564,MV_3122,TH_419,SC_933,2024-06-20,13:15:00,374.37,80,active
SH_4565,MV_8051,TH_190,SC_663,2024-02-20,11:45:00,151.62,78,active
SH_4566,MV_6847,TH_250,SC_356,2023-08-16,18:30:00,428.23,157,active
SH_4567,MV_2568,TH_456,SC_384,2024-11-13,10:30:00,274.52,129,active
SH_4568,MV_8944,TH_267,SC_618,2024-12-09,17:00:00,188.1,63,active
SH_4569,MV_8642,TH_240,SC_63,2023-05-07,16:30:00,339.09,180,active
SH_4570,MV_4608,TH_465,SC_223,2025-06-26,10:15:00,428.86,50,active
SH_4572,MV_7502,TH_500,SC_331,2025-04-04,21:15:00,170.42,159,active
SH_4573,MV_5134,TH_475,SC_602,2024-08-26,21:15:00,286.88,175,active
SH_4574,MV_2204,TH_193,SC_565,2024-02-25,15:00:00,371.28,196,active
SH_4575,MV_5373,TH_32,SC_50,2025-01-15,22:45:00,339.73,54,active
SH_4576,MV_5722,TH_395,SC_741,2025-02-08,17:30:00,235.6,145,active
SH_4577,MV_2524,TH_121,SC_429,2024-12-29,11:30:00,246.63,151,active
SH_4578,MV_3082,TH_348,SC_680,2024-06-28,14:00:00,354.61,198,active
SH_4579,MV_7800,TH_463,SC_62,2025-09-19,16:30:00,288.82,113,active
SH_4580,MV_6022,TH_137,SC_40,2024-08-10,19:00:00,455.31,147,active
SH_4581,MV_8068,TH_448,SC_722,2024-07-25,17:15:00,162.6,80,active
SH_4582,MV_9196,TH_254,SC_814,2025-01-05,20:15:00,284.03,123,active
SH_4583,MV_2150,TH_392,SC_36,2025-12-01,19:30:00,326.74,137,active
SH_4584,MV_6468,TH_170,SC_558,2025-02-12,10:00:00,358.58,188,active
SH_4585,MV_4996,TH_153,SC_355,2023-05-17,13:45:00,252.59,186,active
SH_4586,MV_5858,TH_460,SC_142,2023-01-05,10:00:00,397.12,72,active
SH_4588,MV_8533,TH_149,SC_92,2025-11-18,22:00:00,374.06,172,active
SH_4589,MV_1660,TH_13,SC_505,2024-02-21,18:00:00,204.9,119,active
SH_4590,MV_784,TH_378,SC_520,2023-04-25,13:00:00,478.4,116,active
SH_4591,MV_246,TH_269,SC_169,2023-03-01,21:15:00,284.05,98,active
SH_4592,MV_4817,TH_417,SC_989,2025-01-17,14:15:00,169.55,171,active
SH_4593,MV_6168,TH_459,SC_640,2024-08-01,12:45:00,158.65,76,active
SH_4594,MV_7808,TH_346,SC_740,2024-05-23,17:15:00,340.01,91,active
SH_4595,MV_7894,TH_51,SC_140,2023-11-28,19:15:00,306.05,160,active
SH_4596,MV_4079,TH_178,SC_807,2024-05-14,13:15:00,468.82,97,active
SH_4597,MV_6486,TH_305,SC_158,2025-10-25,17:00:00,446.18,58,active
SH_4598,MV_1715,TH_468,SC_598,2024-11-16,17:30:00,446.66,167,active
SH_4599,MV_8156,TH_338,SC_776,2023-05-19,13:15:00,439.32,143,active
SH_4600,MV_6007,TH_131,SC_81,2024-09-17,11:30:00,390.43,156,active
SH_4601,MV_9798,TH_430,SC_233,2023-07-02,18:15:00,219.11,115,active
SH_4602,MV_4834,TH_482,SC_38,2024-09-24,22:15:00,329.45,175,active
SH_4603,MV_7551,TH_67,SC_373,2023-08-29,10:00:00,486.47,76,active
SH_4604,MV_2232,TH_251,SC_806,2025-03-29,11:30:00,248.39,184,active
SH_4605,MV_5774,TH_123,SC_683,2023-10-05,20:45:00,414.09,188,active
SH_4606,MV_6872,TH_466,SC_977,2024-12-04,13:15:00,398.78,75,active
SH_4607,MV_8688,TH_115,SC_343,2023-11-04,18:30:00,191.13,86,active
SH_4608,MV_7644,TH_198,SC_466,2025-11-16,21:15:00,286.61,102,active
SH_4609,MV_5073,TH_76,SC_370,2024-11-10,16:45:00,190.55,127,active
SH_4610,MV_7779,TH_329,SC_268,2025-02-17,12:30:00,193.61,169,active
SH_4612,MV_8397,TH_5,SC_788,2025-05-07,20:30:00,188.25,98,active
SH_4613,MV_6695,TH_206,SC_546,2025-11-08,19:45:00,458.04,58,active
SH_4614,MV_4770,TH_183,SC_601,2024-07-05,15:45:00,354.79,182,active
SH_4615,MV_5329,TH_54,SC_286,2023-02-18,12:00:00,246.61,199,active
SH_4616,MV_482,TH_335,SC_512,2025-07-20,22:00:00,393.81,177,active
SH_4617,MV_9472,TH_467,SC_370,2025-10-29,13:45:00,219.25,81,active
SH_4618,MV_7187,TH_85,SC_762,2025-01-03,21:15:00,415.69,194,active
SH_4619,MV_2436,TH_357,SC_279,2023-02-21,16:15:00,430.57,135,active
SH_4620,MV_2416,TH_31,SC_9,2023-12-10,20:00:00,488.67,198,active
SH_4621,MV_7840,TH_193,SC_671,2024-01-29,21:45:00,405.19,61,active
SH_4622,MV_6064,TH_123,SC_864,2024-01-10,22:30:00,307.13,136,active
SH_4623,MV_6675,TH_98,SC_316,2024-11-03,19:30:00,152.73,81,active
SH_4624,MV_91,TH_437,SC_24,2025-02-17,13:45:00,499.36,135,active
SH_4625,MV_2033,TH_19,SC_223,2024-04-07,16:00:00,260.42,192,active
SH_4629,MV_7010,TH_417,SC_7,2025-10-17,15:30:00,415.08,80,active
SH_4630,MV_3408,TH_65,SC_280,2024-08-10,22:30:00,229.17,104,active
SH_4631,MV_6548,TH_79,SC_324,2023-07-03,20:00:00,490.35,158,active
SH_4632,MV_805,TH_413,SC_543,2024-07-25,11:15:00,314.75,99,active
SH_4633,MV_1647,TH_41,SC_638,2025-11-26,16:30:00,236.91,65,active
SH_4634,MV_5191,TH_314,SC_668,2023-02-03,19:30:00,196.81,75,active
SH_4635,MV_1098,TH_490,SC_348,2025-10-14,21:30:00,309.02,106,active
SH_4637,MV_440,TH_3,SC_128,2024-02-11,19:30:00,369.17,171,active
SH_4638,MV_5751,TH_56,SC_240,2024-11-10,10:30:00,192.76,176,active
SH_4639,MV_1808,TH_32,SC_113,2024-05-17,14:00:00,210.33,113,active
SH_4640,MV_9442,TH_181,SC_127,2025-07-22,13:15:00,322.18,144,active
SH_4641,MV_5121,TH_120,SC_294,2025-10-27,15:15:00,452.26,138,active
SH_4642,MV_5407,TH_6,SC_298,2023-03-04,10:45:00,405.18,74,active
SH_4643,MV_5893,TH_380,SC_969,2024-08-06,13:00:00,233.94,63,active
SH_4644,MV_699,TH_256,SC_404,2023-12-08,15:00:00,317.02,186,active
SH_4646,MV_9772,TH_360,SC_704,2023-04-02,12:00:00,353.81,197,active
SH_4647,MV_2275,TH_121,SC_47,2024-11-30,17:30:00,183.04,157,active
SH_4648,MV_8909,TH_151,SC_627,2025-06-27,18:45:00,324.82,128,active
SH_4650,MV_1413,TH_369,SC_353,2024-07-11,14:00:00,447.06,190,active
SH_4651,MV_7083,TH_202,SC_645,2023-11-11,22:30:00,470.96,76,active
SH_4653,MV_7637,TH_273,SC_200,2023-11-11,20:30:00,497.41,156,active
SH_4654,MV_1521,TH_334,SC_885,2025-07-09,10:00:00,340.33,119,active
SH_4655,MV_3193,TH_7,SC_484,2024-05-12,20:15:00,355.56,188,active
SH_4656,MV_9903,TH_172,SC_994,2025-01-06,12:45:00,472.0,79,active
SH_4657,MV_1585,TH_357,SC_142,2024-09-01,13:45:00,224.01,170,active
SH_4658,MV_1011,TH_203,SC_798,2025-03-11,15:00:00,476.11,193,active
SH_4659,MV_1585,TH_274,SC_607,2024-04-03,22:30:00,409.36,115,active
SH_4660,MV_7423,TH_49,SC_723,2024-06-21,21:45:00,460.03,184,active
SH_4661,MV_5041,TH_31,SC_367,2025-12-25,16:15:00,164.8,90,active
SH_4662,MV_6762,TH_355,SC_295,2023-02-28,11:45:00,457.17,154,active
SH_4663,MV_5071,TH_141,SC_714,2024-12-24,18:30:00,206.27,140,active
SH_4664,MV_7425,TH_102,SC_306,2024-05-17,16:45:00,291.98,85,active
SH_4665,MV_5425,TH_398,SC_977,2024-03-13,13:30:00,248.95,157,active
SH_4666,MV_4522,TH_230,SC_13,2023-02-28,10:00:00,239.03,163,active
SH_4667,MV_3391,TH_440,SC_62,2024-11-27,13:15:00,486.79,168,active
SH_4668,MV_2109,TH_451,SC_192,2025-04-01,10:15:00,376.3,154,active
SH_4669,MV_8892,TH_282,SC_76,2023-07-01,21:45:00,322.78,193,active
SH_4670,MV_6666,TH_130,SC_427,2023-12-21,22:00:00,408.54,126,active
SH_4671,MV_445,TH_28,SC_730,2024-06-20,12:30:00,258.58,172,active
SH_4672,MV_8152,TH_273,SC_242,2023-09-23,14:30:00,195.9,90,active
SH_4673,MV_9939,TH_94,SC_140,2025-04-13,10:45:00,467.87,89,active
SH_4674,MV_1599,TH_109,SC_977,2023-01-07,20:15:00,249.92,198,active
SH_4675,MV_7006,TH_498,SC_598,2024-09-15,22:45:00,316.48,116,active
SH_4676,MV_1392,TH_197,SC_55,2025-07-18,21:15:00,379.78,80,active
SH_4677,MV_2425,TH_456,SC_356,2025-10-30,21:15:00,359.77,81,active
SH_4678,MV_1113,TH_290,SC_867,2025-10-16,12:15:00,168.05,145,active
SH_4680,MV_4084,TH_180,SC_871,2024-05-10,10:30:00,327.8,102,active
SH_4681,MV_3953,TH_311,SC_259,2023-02-20,11:45:00,174.16,125,active
SH_4682,MV_1836,TH_200,SC_631,2025-09-06,13:45:00,340.57,157,active
SH_4683,MV_8548,TH_89,SC_285,2024-02-06,21:00:00,330.5,109,active
SH_4684,MV_8593,TH_486,SC_518,2024-07-21,18:45:00,204.12,75,active
SH_4685,MV_4112,TH_95,SC_407,2023-12-09,10:15:00,273.76,70,active
SH_4686,MV_1982,TH_25,SC_476,2025-05-31,15:30:00,351.09,73,active
SH_4687,MV_6607,TH_250,SC_753,2023-12-14,16:00:00,250.54,86,active
SH_4688,MV_8746,TH_371,SC_397,2024-01-28,17:30:00,317.93,183,active
SH_4689,MV_4929,TH_187,SC_327,2023-09-05,21:15:00,381.84,126,active
SH_4690,MV_9158,TH_229,SC_976,2023-03-12,16:00:00,211.93,116,active
SH_4691,MV_6091,TH_281,SC_930,2025-06-20,16:00:00,255.93,143,active
SH_4692,MV_3158,TH_92,SC_232,2025-03-15,12:00:00,322.44,137,active
SH_4693,MV_5430,TH_19,SC_318,2025-08-17,14:45:00,413.15,126,active
SH_4694,MV_5587,TH_128,SC_754,2025-09-23,21:00:00,178.92,50,active
SH_4695,MV_8964,TH_56,SC_641,2025-09-18,19:30:00,402.01,115,active
SH_4696,MV_6480,TH_16,SC_761,2024-02-23,19:30:00,249.69,197,active
SH_4697,MV_9230,TH_422,SC_499,2023-12-17,11:30:00,365.24,181,active
SH_4698,MV_9579,TH_215,SC_510,2023-04-18,15:15:00,166.74,91,active
SH_4699,MV_2758,TH_331,SC_127,2024-04-23,15:45:00,378.69,152,active
SH_4700,MV_5171,TH_162,SC_248,2023-10-26,20:45:00,433.24,130,active
SH_4702,MV_4415,TH_191,SC_548,2025-02-13,15:45:00,312.75,92,active
SH_4703,MV_1741,TH_208,SC_396,2025-04-12,13:30:00,174.19,177,active
SH_4704,MV_6400,TH_43,SC_48,2024-03-07,15:15:00,211.11,195,active
SH_4705,MV_5309,TH_482,SC_978,2023-10-28,21:15:00,203.58,150,active
SH_4706,MV_8867,TH_426,SC_656,2024-01-01,12:15:00,417.47,77,active
SH_4707,MV_3127,TH_315,SC_989,2025-08-16,20:30:00,381.85,190,active
SH_4708,MV_2595,TH_144,SC_888,2024-05-04,22:45:00,215.56,171,active
SH_4709,MV_7028,TH_122,SC_427,2025-06-12,15:00:00,376.43,77,active
SH_4710,MV_3578,TH_248,SC_332,2024-05-18,14:30:00,200.25,145,active
SH_4711,MV_806,TH_100,SC_66,2023-06-02,20:45:00,150.01,81,active
SH_4712,MV_2947,TH_90,SC_952,2025-03-28,11:30:00,221.52,98,active
SH_4713,MV_2835,TH_8,SC_397,2025-04-01,20:45:00,155.91,126,active
SH_4714,MV_3055,TH_299,SC_209,2025-10-24,17:45:00,303.31,63,active
SH_4715,MV_2904,TH_113,SC_744,2023-09-17,12:30:00,282.67,155,active
SH_4716,MV_941,TH_152,SC_77,2024-12-09,20:30:00,160.04,119,active
SH_4717,MV_5768,TH_224,SC_343,2025-10-20,15:30:00,178.84,73,active
SH_4718,MV_5441,TH_439,SC_210,2024-01-31,10:45:00,273.95,55,active
SH_4721,MV_7971,TH_9,SC_299,2023-04-23,19:45:00,220.9,122,active
SH_4722,MV_3600,TH_100,SC_379,2025-03-13,17:15:00,303.11,169,active
SH_4723,MV_4094,TH_217,SC_813,2025-02-11,20:45:00,157.16,83,active
SH_4724,MV_6463,TH_235,SC_252,2023-08-24,12:30:00,271.21,192,active
SH_4726,MV_9426,TH_20,SC_114,2023-01-10,16:00:00,378.49,186,active
SH_4727,MV_4323,TH_301,SC_894,2025-06-15,13:00:00,450.87,89,active
SH_4728,MV_7762,TH_170,SC_378,2025-01-22,19:15:00,218.22,91,active
SH_4729,MV_2642,TH_474,SC_108,2025-08-28,18:00:00,191.5,96,active
SH_4730,MV_2200,TH_57,SC_757,2023-08-05,12:45:00,466.88,156,active
SH_4731,MV_288,TH_94,SC_692,2023-12-11,10:45:00,301.17,97,active
SH_4732,MV_7492,TH_143,SC_27,2023-11-08,14:15:00,172.49,77,active
SH_4733,MV_9960,TH_487,SC_603,2024-11-03,13:45:00,446.04,97,active
SH_4734,MV_5428,TH_264,SC_973,2025-04-18,22:45:00,276.02,84,active
SH_4735,MV_273,TH_156,SC_745,2024-10-11,14:00:00,271.82,196,active
SH_4737,MV_7810,TH_427,SC_422,2025-05-14,12:45:00,285.17,167,active
SH_4738,MV_9356,TH_147,SC_711,2023-06-13,11:15:00,163.92,59,active
SH_4739,MV_9040,TH_260,SC_921,2024-03-20,12:00:00,238.7,165,active
SH_4741,MV_853,TH_440,SC_259,2025-06-23,22:30:00,152.77,99,active
SH_4742,MV_2013,TH_171,SC_635,2025-06-21,17:15:00,314.92,170,active
SH_4743,MV_4520,TH_404,SC_152,2024-08-29,19:00:00,235.59,144,active
SH_4744,MV_5795,TH_90,SC_668,2025-06-16,17:45:00,385.72,193,active
SH_4745,MV_7268,TH_293,SC_832,2024-04-08,16:45:00,252.89,168,active
SH_4746,MV_6645,TH_355,SC_413,2024-12-27,15:15:00,461.61,196,active
SH_4747,MV_8447,TH_484,SC_68,2024-02-14,16:30:00,162.12,191,active
SH_4748,MV_8020,TH_39,SC_562,2023-07-15,16:15:00,386.71,74,active
SH_4749,MV_4411,TH_267,SC_602,2023-10-21,22:15:00,154.71,196,active
SH_4750,MV_6506,TH_185,SC_169,2024-11-30,10:45:00,313.44,187,active
SH_4751,MV_9106,TH_266,SC_161,2024-02-07,20:00:00,414.35,62,active
SH_4752,MV_5103,TH_381,SC_855,2024-10-15,20:30:00,456.31,131,active
SH_4753,MV_4220,TH_85,SC_823,2023-02-16,18:45:00,153.36,147,active
SH_4754,MV_6009,TH_209,SC_868,2023-03-17,20:45:00,343.99,171,active
SH_4755,MV_8030,TH_167,SC_883,2023-10-18,11:30:00,305.39,174,active
SH_4756,MV_4679,TH_76,SC_132,2024-12-31,22:15:00,451.05,121,active
SH_4758,MV_8871,TH_487,SC_637,2023-11-11,12:30:00,258.81,90,active
SH_4759,MV_1598,TH_259,SC_18,2023-12-26,11:15:00,201.23,108,active
SH_4761,MV_4240,TH_315,SC_462,2025-02-14,12:30:00,427.59,169,active
SH_4762,MV_462,TH_277,SC_9,2023-04-27,12:15:00,318.58,107,active
SH_4763,MV_2129,TH_176,SC_70,2023-03-15,11:45:00,153.72,157,active
SH_4764,MV_2763,TH_408,SC_335,2023-05-06,11:45:00,348.06,121,active
SH_4765,MV_8097,TH_241,SC_128,2023-09-15,15:00:00,398.64,181,active
SH_4766,MV_3153,TH_61,SC_337,2024-07-30,22:30:00,364.67,182,active
SH_4767,MV_7478,TH_374,SC_680,2025-11-19,12:30:00,196.79,77,active
SH_4768,MV_2340,TH_81,SC_783,2023-11-16,16:00:00,439.6,137,active
SH_4769,MV_8753,TH_493,SC_968,2024-06-24,14:45:00,419.95,161,active
SH_4770,MV_6044,TH_271,SC_445,2023-08-16,22:45:00,330.82,175,active
SH_4771,MV_6382,TH_91,SC_248,2025-05-16,15:30:00,419.08,160,active
SH_4772,MV_4362,TH_206,SC_253,2025-11-23,13:45:00,180.88,83,active
SH_4773,MV_345,TH_250,SC_496,2024-10-02,17:45:00,347.12,77,active
SH_4774,MV_1452,TH_62,SC_895,2023-11-03,14:15:00,293.89,93,active
SH_4775,MV_7790,TH_393,SC_934,2024-02-12,15:45:00,375.91,176,active
SH_4776,MV_816,TH_169,SC_510,2023-12-11,12:00:00,241.31,99,active
SH_4777,MV_2244,TH_56,SC_907,2023-05-06,16:15:00,188.52,64,active
SH_4778,MV_3581,TH_167,SC_272,2025-10-01,14:30:00,342.31,83,active
SH_4779,MV_7178,TH_488,SC_362,2024-06-27,10:30:00,429.96,183,active
SH_4780,MV_6104,TH_455,SC_213,2023-03-10,10:45:00,499.25,133,active
SH_4781,MV_4128,TH_466,SC_285,2025-07-11,22:30:00,170.36,111,active
SH_4782,MV_5584,TH_283,SC_391,2023-10-14,11:45:00,331.14,156,active
SH_4784,MV_6072,TH_47,SC_965,2024-07-28,13:30:00,423.46,143,active
SH_4787,MV_7280,TH_495,SC_191,2023-01-26,16:00:00,170.29,102,active
SH_4788,MV_537,TH_325,SC_141,2024-03-18,20:00:00,353.27,114,active
SH_4789,MV_7110,TH_280,SC_67,2025-09-17,11:15:00,373.69,62,active
SH_4790,MV_8784,TH_439,SC_203,2024-09-15,20:15:00,327.33,75,active
SH_4791,MV_9454,TH_27,SC_601,2023-04-28,12:45:00,280.96,115,active
SH_4792,MV_2349,TH_138,SC_92,2025-08-24,14:00:00,497.17,154,active
SH_4793,MV_7493,TH_221,SC_973,2024-05-12,18:30:00,252.12,92,active
SH_4794,MV_9498,TH_418,SC_182,2024-10-09,10:30:00,180.95,103,active
SH_4795,MV_9546,TH_172,SC_461,2025-08-06,10:00:00,347.13,54,active
SH_4796,MV_6298,TH_55,SC_202,2023-12-01,11:45:00,373.29,118,active
SH_4797,MV_9626,TH_365,SC_974,2025-06-01,22:30:00,473.03,59,active
SH_4798,MV_2846,TH_131,SC_747,2024-08-10,12:45:00,239.35,133,active
SH_4799,MV_3393,TH_412,SC_466,2024-02-09,15:00:00,420.94,76,active
SH_4800,MV_1640,TH_226,SC_408,2025-10-19,13:15:00,189.03,88,active
SH_4801,MV_6395,TH_154,SC_75,2024-01-28,20:30:00,194.6,121,active
SH_4802,MV_2389,TH_404,SC_744,2025-02-12,16:00:00,363.09,66,active
SH_4803,MV_1215,TH_429,SC_158,2023-06-03,15:30:00,152.09,93,active
SH_4804,MV_328,TH_377,SC_157,2025-03-15,13:45:00,474.9,190,active
SH_4805,MV_9391,TH_354,SC_542,2024-03-17,17:30:00,375.66,160,active
SH_4806,MV_7752,TH_435,SC_893,2025-06-19,14:45:00,406.51,177,active
SH_4807,MV_7044,TH_430,SC_997,2023-10-19,17:15:00,353.27,52,active
SH_4808,MV_1114,TH_38,SC_411,2023-07-30,10:15:00,400.62,123,active
SH_4809,MV_5129,TH_432,SC_363,2024-08-17,13:45:00,233.04,146,active
SH_4810,MV_5781,TH_351,SC_637,2023-10-08,11:15:00,369.73,124,active
SH_4811,MV_4696,TH_442,SC_252,2024-06-24,12:00:00,326.89,138,active
SH_4812,MV_9759,TH_339,SC_110,2024-11-11,22:30:00,332.11,120,active
SH_4814,MV_8511,TH_19,SC_317,2025-01-25,18:15:00,162.46,154,active
SH_4815,MV_3257,TH_75,SC_704,2025-04-07,21:45:00,369.51,157,active
SH_4816,MV_7206,TH_45,SC_250,2023-03-09,17:30:00,290.2,148,active
SH_4817,MV_4251,TH_487,SC_519,2025-12-25,18:15:00,358.59,137,active
SH_4818,MV_6583,TH_149,SC_835,2024-04-22,17:30:00,157.11,97,active
SH_4819,MV_7237,TH_142,SC_140,2023-07-09,14:30:00,245.2,68,active
SH_4820,MV_995,TH_150,SC_158,2025-10-13,11:15:00,426.86,157,active
SH_4821,MV_3994,TH_96,SC_28,2023-06-01,13:15:00,348.66,174,active
SH_4822,MV_2620,TH_219,SC_378,2024-07-08,15:30:00,440.22,119,active
SH_4823,MV_6600,TH_339,SC_648,2023-06-05,14:45:00,356.03,57,active
SH_4824,MV_2651,TH_38,SC_835,2025-07-30,12:30:00,386.0,76,active
SH_4825,MV_867,TH_496,SC_918,2023-10-03,10:30:00,275.35,99,active
SH_4826,MV_6856,TH_146,SC_91,2025-05-29,20:45:00,455.79,62,active
SH_4827,MV_3556,TH_218,SC_25,2024-11-03,18:45:00,310.35,158,active
SH_4828,MV_5968,TH_419,SC_375,2023-05-01,14:00:00,369.31,199,active
SH_4830,MV_5649,TH_276,SC_891,2024-09-26,13:00:00,454.52,160,active
SH_4831,MV_9763,TH_92,SC_625,2023-04-16,15:00:00,427.39,58,active
SH_4832,MV_4979,TH_204,SC_765,2023-12-13,11:45:00,326.86,122,active
SH_4833,MV_110,TH_426,SC_75,2024-03-27,21:30:00,455.0,195,active
SH_4834,MV_3626,TH_288,SC_666,2025-06-24,22:00:00,217.91,177,active
SH_4835,MV_4411,TH_117,SC_772,2024-02-23,16:00:00,317.83,75,active
SH_4836,MV_6183,TH_232,SC_496,2023-10-02,18:15:00,230.89,187,active
SH_4838,MV_5240,TH_353,SC_723,2024-03-30,22:15:00,378.24,121,active
SH_4840,MV_9132,TH_346,SC_596,2023-05-29,20:00:00,283.23,187,active
SH_4841,MV_6190,TH_421,SC_601,2024-04-14,15:15:00,302.02,185,active
SH_4842,MV_3829,TH_43,SC_712,2025-06-17,20:45:00,314.25,167,active
SH_4843,MV_1745,TH_358,SC_887,2024-09-20,17:30:00,271.1,179,active
SH_4844,MV_1563,TH_130,SC_785,2025-05-05,15:00:00,425.1,156,active
SH_4845,MV_6245,TH_26,SC_847,2025-07-22,13:30:00,281.23,119,active
SH_4846,MV_5079,TH_321,SC_856,2023-04-20,17:30:00,265.99,114,active
SH_4847,MV_7343,TH_459,SC_846,2025-08-07,12:45:00,163.54,191,active
SH_4848,MV_1841,TH_334,SC_61,2023-11-14,20:30:00,430.9,125,active
SH_4849,MV_4351,TH_318,SC_97,2023-09-11,17:30:00,498.67,64,active
SH_4850,MV_4863,TH_310,SC_252,2024-12-22,16:15:00,179.63,130,active
SH_4851,MV_8310,TH_305,SC_222,2025-08-21,22:30:00,247.57,142,active
SH_4852,MV_5998,TH_451,SC_216,2025-05-03,18:15:00,322.49,80,active
SH_4853,MV_2729,TH_284,SC_515,2023-09-18,16:15:00,408.29,182,active
SH_4854,MV_2977,TH_313,SC_474,2023-07-26,11:00:00,445.61,73,active
SH_4855,MV_9161,TH_403,SC_931,2025-07-15,16:15:00,440.23,156,active
SH_4856,MV_6801,TH_120,SC_109,2023-05-25,19:45:00,313.5,141,active
SH_4857,MV_6401,TH_19,SC_349,2023-08-13,12:00:00,383.73,183,active
SH_4861,MV_9646,TH_243,SC_9,2024-04-25,19:45:00,485.33,61,active
SH_4862,MV_3017,TH_41,SC_307,2025-05-07,14:15:00,360.52,91,active
SH_4863,MV_6215,TH_377,SC_561,2025-11-24,16:00:00,297.17,181,active
SH_4864,MV_132,TH_401,SC_655,2025-01-25,18:30:00,264.92,175,active
SH_4865,MV_636,TH_348,SC_676,2024-06-14,11:15:00,329.74,162,active
SH_4866,MV_3261,TH_7,SC_645,2023-12-21,13:15:00,181.64,105,active
SH_4868,MV_9797,TH_73,SC_615,2024-03-06,16:30:00,267.29,175,active
SH_4869,MV_6322,TH_85,SC_641,2024-09-05,11:30:00,403.92,186,active
SH_4870,MV_3588,TH_154,SC_182,2025-09-09,12:30:00,338.8,89,active
SH_4871,MV_7672,TH_396,SC_447,2023-12-29,11:30:00,472.68,139,active
SH_4872,MV_5124,TH_314,SC_609,2023-02-27,18:45:00,209.47,172,active
SH_4873,MV_4439,TH_125,SC_31,2025-06-19,10:00:00,265.86,192,active
SH_4874,MV_7199,TH_251,SC_794,2023-02-16,12:15:00,240.98,87,active
SH_4875,MV_9661,TH_196,SC_551,2023-04-21,17:00:00,277.52,140,active
SH_4876,MV_1159,TH_156,SC_532,2023-11-01,18:30:00,256.08,166,active
SH_4877,MV_5620,TH_403,SC_5,2025-12-07,21:15:00,437.76,113,active
SH_4878,MV_15,TH_262,SC_38,2023-06-28,12:00:00,155.64,157,active
SH_4879,MV_7080,TH_228,SC_766,2023-02-09,11:00:00,229.51,144,active
SH_4880,MV_4373,TH_294,SC_329,2023-06-27,15:00:00,176.06,115,active
SH_4881,MV_820,TH_497,SC_93,2023-12-04,11:15:00,436.53,94,active
SH_4882,MV_1103,TH_34,SC_188,2024-08-24,12:30:00,330.69,64,active
SH_4883,MV_5458,TH_137,SC_727,2023-11-07,14:45:00,272.71,143,active
SH_4884,MV_444,TH_129,SC_46,2025-07-03,21:00:00,162.8,121,active
SH_4885,MV_4356,TH_279,SC_754,2024-03-30,14:00:00,239.85,127,active
SH_4886,MV_3685,TH_230,SC_552,2024-12-10,20:15:00,424.22,95,active
SH_4888,MV_3640,TH_51,SC_723,2024-07-06,21:00:00,288.44,153,active
SH_4889,MV_9711,TH_371,SC_865,2024-08-20,20:30:00,480.23,102,active
SH_4890,MV_8960,TH_332,SC_195,2025-10-30,13:45:00,163.16,102,active
SH_4891,MV_6108,TH_395,SC_665,2023-09-13,10:15:00,447.54,156,active
SH_4892,MV_9262,TH_431,SC_531,2024-01-11,10:00:00,387.4,184,active
SH_4893,MV_1984,TH_451,SC_322,2023-03-14,11:15:00,253.56,195,active
SH_4894,MV_9028,TH_2,SC_79,2025-11-11,19:45:00,314.55,83,active
SH_4895,MV_9907,TH_293,SC_112,2023-01-18,13:15:00,458.84,141,active
SH_4896,MV_8593,TH_53,SC_988,2024-12-22,13:30:00,192.88,174,active
SH_4897,MV_7280,TH_323,SC_194,2024-02-18,22:45:00,496.79,79,active
SH_4898,MV_6679,TH_424,SC_515,2025-11-11,18:00:00,180.97,77,active
SH_4900,MV_7803,TH_310,SC_287,2023-04-16,22:45:00,254.66,142,active
SH_4901,MV_5216,TH_301,SC_391,2024-08-17,19:30:00,202.67,59,active
SH_4902,MV_5494,TH_96,SC_327,2023-03-25,13:00:00,266.66,125,active
SH_4903,MV_9796,TH_173,SC_561,2024-09-20,18:00:00,255.31,81,active
SH_4904,MV_9511,TH_241,SC_564,2024-02-13,22:15:00,277.81,174,active
SH_4905,MV_5735,TH_164,SC_910,2025-11-19,17:30:00,349.48,171,active
SH_4906,MV_6899,TH_29,SC_485,2024-03-24,12:30:00,384.97,188,active
SH_4907,MV_4883,TH_305,SC_37,2024-12-29,11:30:00,411.47,156,active
SH_4909,MV_6156,TH_404,SC_505,2024-11-26,16:30:00,216.21,123,active
SH_4910,MV_9,TH_285,SC_769,2024-07-29,22:30:00,417.25,112,active
SH_4911,MV_8261,TH_485,SC_590,2023-02-20,18:30:00,359.86,118,active
SH_4912,MV_8967,TH_26,SC_204,2025-05-01,19:30:00,177.4,93,active
SH_4913,MV_6981,TH_21,SC_211,2024-09-23,19:45:00,375.1,112,active
SH_4914,MV_7256,TH_455,SC_322,2024-04-13,21:30:00,478.45,96,active
SH_4916,MV_181,TH_461,SC_354,2023-09-27,20:15:00,302.69,172,active
SH_4917,MV_2445,TH_329,SC_729,2025-10-07,12:00:00,347.9,177,active
SH_4918,MV_12,TH_332,SC_140,2023-04-18,12:15:00,158.71,135,active
SH_4919,MV_8497,TH_474,SC_180,2023-12-15,18:45:00,488.31,148,active
SH_4920,MV_4649,TH_404,SC_39,2024-08-20,20:45:00,194.88,155,active
SH_4921,MV_1049,TH_142,SC_948,2024-04-21,19:45:00,165.25,77,active
SH_4922,MV_6389,TH_59,SC_946,2023-06-20,12:15:00,328.56,197,active
SH_4923,MV_4842,TH_433,SC_162,2023-10-02,16:30:00,426.08,146,active
SH_4924,MV_4951,TH_92,SC_773,2023-10-29,15:30:00,255.02,174,active
SH_4925,MV_1958,TH_64,SC_101,2025-02-12,16:30:00,375.36,180,active
SH_4926,MV_1279,TH_422,SC_855,2023-04-10,19:15:00,251.94,143,active
SH_4927,MV_2214,TH_169,SC_922,2024-04-19,11:15:00,499.67,145,active
SH_4928,MV_7417,TH_179,SC_399,2025-01-06,10:45:00,432.99,138,active
SH_4930,MV_3199,TH_431,SC_862,2025-05-21,17:45:00,186.06,102,active
SH_4931,MV_508,TH_280,SC_152,2025-10-17,19:30:00,197.79,136,active
SH_4932,MV_8408,TH_459,SC_128,2024-03-26,15:45:00,260.83,85,active
SH_4933,MV_7947,TH_394,SC_471,2024-10-08,17:45:00,385.7,119,active
SH_4934,MV_1245,TH_219,SC_47,2023-12-26,10:45:00,433.05,195,active
SH_4935,MV_9830,TH_428,SC_548,2023-07-22,19:00:00,471.99,91,active
SH_4936,MV_1564,TH_252,SC_744,2023-08-14,18:00:00,229.14,83,active
SH_4937,MV_1731,TH_18,SC_860,2023-12-05,18:00:00,498.07,158,active
SH_4938,MV_6957,TH_69,SC_424,2025-02-08,14:15:00,333.24,165,active
SH_4939,MV_6599,TH_191,SC_732,2024-04-20,21:15:00,441.8,136,active
SH_4940,MV_2148,TH_270,SC_632,2025-08-18,12:30:00,268.22,151,active
SH_4941,MV_4232,TH_218,SC_296,2024-02-25,14:45:00,434.9,110,active
SH_4942,MV_6464,TH_74,SC_98,2023-07-14,17:45:00,339.66,173,active
SH_4943,MV_2829,TH_378,SC_858,2025-04-05,18:30:00,459.26,138,active
SH_4944,MV_4389,TH_64,SC_394,2025-05-14,11:15:00,370.27,157,active
SH_4945,MV_2303,TH_443,SC_839,2024-08-28,21:45:00,298.27,84,active
SH_4946,MV_4471,TH_395,SC_645,2024-01-27,10:00:00,159.87,151,active
SH_4947,MV_2789,TH_312,SC_545,2025-09-26,11:00:00,222.34,171,active
SH_4948,MV_8425,TH_324,SC_215,2024-12-30,18:00:00,283.79,106,active
SH_4949,MV_5245,TH_98,SC_302,2023-10-02,16:00:00,434.99,167,active
SH_4950,MV_1885,TH_201,SC_851,2023-06-30,11:30:00,193.19,101,active
SH_4951,MV_4828,TH_83,SC_376,2025-04-06,15:15:00,360.39,62,active
SH_4952,MV_525,TH_29,SC_809,2023-01-01,17:30:00,251.13,148,active
SH_4953,MV_7975,TH_190,SC_955,2024-06-04,13:00:00,422.82,143,active
SH_4955,MV_7623,TH_206,SC_321,2025-10-09,21:45:00,496.6,144,active
SH_4956,MV_1,TH_175,SC_32,2025-02-26,13:00:00,483.97,168,active
SH_4957,MV_3641,TH_47,SC_670,2025-12-21,20:45:00,479.16,93,active
SH_4958,MV_38,TH_54,SC_327,2023-10-24,11:45:00,406.93,174,active
SH_4959,MV_5595,TH_20,SC_538,2024-08-16,15:30:00,206.94,185,active
SH_4960,MV_2177,TH_212,SC_16,2024-02-11,20:00:00,321.42,172,active
SH_4961,MV_4304,TH_341,SC_173,2023-07-25,22:00:00,183.67,99,active
SH_4962,MV_1517,TH_304,SC_472,2025-10-17,11:45:00,476.88,162,active
SH_4964,MV_4596,TH_423,SC_586,2023-03-24,19:00:00,385.53,150,active
SH_4965,MV_3386,TH_376,SC_882,2025-12-28,19:45:00,212.0,59,active
SH_4966,MV_3588,TH_133,SC_874,2024-03-16,22:15:00,353.13,121,active
SH_4967,MV_2107,TH_257,SC_356,2023-01-06,19:15:00,237.56,60,active
SH_4968,MV_7900,TH_356,SC_982,2025-09-29,12:30:00,419.79,146,active
SH_4970,MV_8939,TH_110,SC_95,2025-11-27,20:15:00,250.08,195,active
SH_4972,MV_2755,TH_140,SC_961,2025-05-26,17:30:00,476.37,97,active
SH_4973,MV_8778,TH_56,SC_664,2023-10-23,20:45:00,179.71,57,active
SH_4974,MV_32,TH_443,SC_399,2025-06-19,20:30:00,435.59,77,active
SH_4975,MV_5040,TH_384,SC_675,2025-10-30,10:30:00,403.56,65,active
SH_4976,MV_4712,TH_250,SC_471,2025-11-19,17:15:00,167.01,68,active
SH_4977,MV_2495,TH_492,SC_72,2025-11-05,22:15:00,425.34,100,active
SH_4978,MV_3529,TH_225,SC_699,2023-11-22,21:30:00,480.86,70,active
SH_4979,MV_9132,TH_363,SC_573,2023-11-16,18:45:00,339.0,119,active
SH_4980,MV_8542,TH_205,SC_248,2023-07-16,16:00:00,261.65,80,active
SH_4981,MV_5559,TH_334,SC_112,2024-05-17,14:15:00,347.03,172,active
SH_4982,MV_1724,TH_332,SC_859,2023-08-18,16:15:00,216.16,154,active
SH_4983,MV_4646,TH_77,SC_167,2024-08-26,19:15:00,414.51,120,active
SH_4984,MV_970,TH_90,SC_819,2025-07-03,14:30:00,381.51,63,active
SH_4985,MV_3641,TH_160,SC_49,2024-01-12,20:45:00,499.83,112,active
SH_4986,MV_8604,TH_344,SC_753,2023-03-08,18:00:00,218.71,160,active
SH_4987,MV_1149,TH_361,SC_981,2025-06-02,21:00:00,230.4,83,active
SH_4988,MV_2669,TH_381,SC_926,2023-05-29,18:00:00,496.38,96,active
SH_4989,MV_5706,TH_370,SC_577,2024-11-02,16:45:00,197.71,66,active
SH_4990,MV_1378,TH_100,SC_152,2025-08-01,13:00:00,363.07,51,active
SH_4991,MV_9929,TH_256,SC_633,2023-08-15,11:30:00,404.97,136,active
SH_4992,MV_521,TH_418,SC_282,2023-11-15,11:00:00,233.99,99,active
SH_4993,MV_8923,TH_87,SC_444,2024-08-17,17:45:00,467.9,84,active
SH_4994,MV_7155,TH_436,SC_570,2024-04-20,12:30:00,410.17,56,active
SH_4997,MV_4054,TH_477,SC_268,2025-04-25,12:30:00,403.06,85,active
SH_4999,MV_3039,TH_206,SC_132,2024-07-01,11:00:00,329.34,131,active
SH_5000,MV_5635,TH_236,SC_241,2025-12-29,11:45:00,177.59,162,active
SH_5001,MV_4793,TH_181,SC_621,2023-05-05,15:30:00,206.16,190,active
SH_5002,MV_6236,TH_214,SC_603,2024-04-09,19:00:00,392.32,122,active
SH_5003,MV_2495,TH_462,SC_131,2025-12-16,13:00:00,332.74,159,active
SH_5004,MV_2790,TH_490,SC_224,2024-06-05,12:00:00,207.84,73,active
SH_5005,MV_250,TH_341,SC_575,2023-10-26,18:15:00,250.86,158,active
SH_5006,MV_4773,TH_80,SC_61,2024-04-22,17:30:00,388.55,169,active
SH_5008,MV_1260,TH_257,SC_239,2025-04-25,14:30:00,352.75,99,active
SH_5009,MV_9163,TH_209,SC_773,2024-01-07,19:45:00,194.28,95,active
SH_5010,MV_4844,TH_294,SC_636,2025-11-21,12:30:00,395.49,91,active
SH_5011,MV_1512,TH_247,SC_180,2023-01-09,17:15:00,297.47,110,active
SH_5012,MV_5295,TH_220,SC_440,2023-05-19,12:45:00,403.34,126,active
SH_5013,MV_3355,TH_196,SC_24,2023-07-25,13:45:00,253.26,190,active
SH_5014,MV_8948,TH_156,SC_881,2024-12-18,20:30:00,434.38,129,active
SH_5015,MV_553,TH_494,SC_891,2025-07-11,20:00:00,278.83,133,active
SH_5016,MV_7366,TH_461,SC_195,2025-11-05,18:00:00,438.79,164,active
SH_5017,MV_9832,TH_430,SC_625,2025-03-31,21:00:00,362.02,85,active
SH_5018,MV_9849,TH_311,SC_373,2024-06-08,11:30:00,328.88,109,active
SH_5021,MV_6922,TH_310,SC_333,2023-12-09,16:45:00,337.28,85,active
SH_5023,MV_3588,TH_277,SC_260,2023-03-19,21:15:00,327.99,102,active
SH_5024,MV_5631,TH_345,SC_60,2024-03-17,19:45:00,480.84,195,active
SH_5025,MV_8497,TH_121,SC_572,2024-02-21,22:00:00,250.57,69,active
SH_5026,MV_2242,TH_315,SC_91,2025-04-28,17:30:00,219.61,113,active
SH_5027,MV_8858,TH_92,SC_48,2025-05-09,19:00:00,499.53,142,active
SH_5028,MV_1021,TH_415,SC_748,2024-06-11,16:45:00,220.66,89,active
SH_5029,MV_2201,TH_262,SC_6,2024-08-12,15:30:00,257.15,141,active
SH_5031,MV_2428,TH_254,SC_752,2024-12-06,20:45:00,492.56,188,active
SH_5032,MV_1591,TH_174,SC_746,2023-11-30,18:00:00,450.76,191,active
SH_5034,MV_1993,TH_415,SC_666,2024-09-02,14:15:00,239.95,92,active
SH_5035,MV_2404,TH_231,SC_25,2025-01-14,15:15:00,444.64,50,active
SH_5036,MV_6175,TH_258,SC_661,2025-08-15,18:45:00,248.22,59,active
SH_5037,MV_8001,TH_233,SC_280,2023-04-22,13:15:00,461.56,76,active
SH_5038,MV_7990,TH_34,SC_915,2023-03-19,14:15:00,382.74,65,active
SH_5039,MV_305,TH_306,SC_538,2025-11-16,19:00:00,485.44,105,active
SH_5040,MV_6659,TH_115,SC_396,2025-11-17,22:30:00,162.53,144,active
SH_5041,MV_9387,TH_273,SC_201,2025-03-09,16:45:00,377.37,110,active
SH_5042,MV_1040,TH_55,SC_714,2025-09-19,12:00:00,335.69,122,active
SH_5043,MV_232,TH_313,SC_980,2025-05-19,11:15:00,408.86,166,active
SH_5044,MV_7963,TH_321,SC_281,2023-05-20,10:45:00,374.76,180,active
SH_5045,MV_9291,TH_483,SC_472,2025-03-06,19:30:00,475.0,161,active
SH_5046,MV_7812,TH_29,SC_598,2024-10-02,14:00:00,261.17,145,active
SH_5047,MV_4931,TH_120,SC_782,2024-10-30,13:45:00,257.56,152,active
SH_5048,MV_6059,TH_97,SC_322,2025-08-24,17:30:00,480.23,92,active
SH_5049,MV_3712,TH_341,SC_976,2025-07-24,16:15:00,341.03,137,active
SH_5050,MV_9947,TH_6,SC_745,2025-07-08,22:30:00,278.04,54,active
SH_5051,MV_2948,TH_11,SC_907,2025-01-27,15:00:00,241.85,195,active
SH_5052,MV_3101,TH_137,SC_390,2024-03-12,20:00:00,260.29,160,active
SH_5053,MV_5164,TH_291,SC_930,2025-09-12,14:45:00,348.54,193,active
SH_5054,MV_7903,TH_344,SC_205,2024-01-07,11:00:00,250.98,113,active
SH_5055,MV_9814,TH_443,SC_182,2024-09-09,16:30:00,293.63,125,active
SH_5056,MV_7081,TH_346,SC_987,2023-06-07,20:00:00,400.05,91,active
SH_5058,MV_7302,TH_259,SC_193,2024-02-08,20:15:00,336.36,145,active
SH_5060,MV_2775,TH_285,SC_829,2025-04-15,22:00:00,369.09,159,active
SH_5061,MV_8520,TH_100,SC_939,2023-07-04,18:15:00,378.36,56,active
SH_5062,MV_4214,TH_468,SC_383,2023-07-13,22:30:00,223.84,67,active
SH_5063,MV_7173,TH_156,SC_368,2025-09-26,10:30:00,231.53,156,active
SH_5064,MV_818,TH_443,SC_648,2025-01-28,20:15:00,496.29,96,active
SH_5065,MV_8272,TH_263,SC_484,2024-03-09,19:00:00,153.74,124,active
SH_5066,MV_2052,TH_453,SC_54,2023-09-06,21:30:00,204.98,111,active
SH_5068,MV_5972,TH_18,SC_327,2023-11-27,16:45:00,383.91,155,active
SH_5069,MV_7495,TH_234,SC_710,2023-09-19,17:45:00,338.89,192,active
SH_5070,MV_3393,TH_33,SC_759,2023-08-21,16:30:00,258.7,74,active
SH_5071,MV_8324,TH_354,SC_41,2023-03-10,12:00:00,255.17,76,active
SH_5072,MV_8004,TH_321,SC_699,2024-07-01,16:45:00,238.57,119,active
SH_5073,MV_4336,TH_72,SC_969,2025-11-01,12:30:00,322.46,174,active
SH_5075,MV_6064,TH_238,SC_899,2024-10-01,13:45:00,225.19,66,active
SH_5076,MV_6400,TH_368,SC_467,2023-05-08,16:30:00,307.48,72,active
SH_5077,MV_847,TH_124,SC_64,2024-02-26,18:00:00,447.28,149,active
SH_5078,MV_280,TH_153,SC_549,2023-12-10,19:15:00,499.77,158,active
SH_5079,MV_9596,TH_386,SC_627,2025-04-08,19:00:00,252.48,151,active
SH_5080,MV_8412,TH_379,SC_99,2024-04-13,13:00:00,377.09,185,active
SH_5081,MV_3396,TH_286,SC_551,2023-08-09,19:30:00,362.35,155,active
SH_5082,MV_1491,TH_196,SC_966,2025-12-04,16:45:00,374.33,135,active
SH_5083,MV_939,TH_482,SC_864,2023-04-03,15:30:00,284.76,156,active
SH_5084,MV_8445,TH_144,SC_745,2023-04-09,12:15:00,294.45,154,active
SH_5086,MV_7888,TH_281,SC_767,2023-05-11,20:45:00,231.69,191,active
SH_5087,MV_5086,TH_485,SC_845,2025-01-04,22:15:00,334.4,61,active
SH_5088,MV_359,TH_491,SC_872,2025-04-10,17:45:00,266.95,198,active
SH_5090,MV_2558,TH_213,SC_210,2023-06-18,17:00:00,447.58,148,active
SH_5091,MV_9593,TH_100,SC_955,2023-03-06,12:45:00,223.04,106,active
SH_5092,MV_110,TH_27,SC_256,2025-12-04,11:30:00,282.5,193,active
SH_5093,MV_64,TH_109,SC_270,2025-07-11,12:15:00,471.54,135,active
SH_5094,MV_6340,TH_87,SC_989,2024-09-04,14:30:00,387.86,81,active
SH_5095,MV_7398,TH_326,SC_599,2025-10-07,20:00:00,301.36,116,active
SH_5096,MV_1772,TH_364,SC_124,2024-02-11,15:45:00,438.36,190,active
SH_5097,MV_7677,TH_280,SC_884,2025-10-25,15:45:00,190.1,170,active
SH_5098,MV_231,TH_468,SC_722,2024-11-13,12:15:00,319.04,52,active
SH_5099,MV_8530,TH_106,SC_305,2023-11-24,16:45:00,347.49,170,active
SH_5100,MV_2701,TH_52,SC_868,2024-10-21,14:15:00,351.18,137,active
SH_5101,MV_6897,TH_389,SC_732,2025-07-13,15:15:00,325.62,73,active
SH_5102,MV_3549,TH_154,SC_378,2025-10-08,18:45:00,483.12,193,active
SH_5103,MV_8962,TH_69,SC_441,2023-05-29,20:30:00,395.03,119,active
SH_5104,MV_8298,TH_26,SC_543,2023-05-16,14:30:00,474.25,166,active
SH_5105,MV_4823,TH_483,SC_399,2025-12-02,10:00:00,216.77,146,active
SH_5106,MV_1276,TH_256,SC_977,2024-10-29,20:15:00,286.81,187,active
SH_5107,MV_1671,TH_259,SC_389,2023-05-02,13:15:00,159.52,116,active
SH_5108,MV_6283,TH_387,SC_458,2024-03-24,20:30:00,187.77,110,active
SH_5109,MV_7289,TH_190,SC_68,2024-06-17,15:00:00,157.11,178,active
SH_5110,MV_5537,TH_301,SC_995,2024-02-06,21:15:00,347.42,103,active
SH_5113,MV_3065,TH_222,SC_518,2025-02-06,17:00:00,155.79,181,active
SH_5115,MV_7125,TH_390,SC_344,2024-05-08,22:00:00,450.05,51,active
SH_5116,MV_139,TH_1,SC_877,2024-04-05,22:30:00,476.83,104,active
SH_5117,MV_875,TH_138,SC_795,2024-04-01,15:30:00,454.2,190,active
SH_5118,MV_2330,TH_375,SC_180,2024-11-18,15:45:00,305.4,60,active
SH_5119,MV_1265,TH_202,SC_517,2023-10-04,13:30:00,397.15,153,active
SH_5120,MV_6307,TH_197,SC_368,2025-01-31,21:45:00,259.58,92,active
SH_5121,MV_8056,TH_197,SC_851,2023-06-13,19:30:00,266.07,192,active
SH_5122,MV_4837,TH_429,SC_422,2023-08-09,14:15:00,215.82,52,active
SH_5123,MV_4277,TH_388,SC_810,2024-11-04,22:30:00,356.69,164,active
SH_5124,MV_209,TH_341,SC_109,2023-06-16,11:00:00,361.73,181,active
SH_5125,MV_5334,TH_474,SC_361,2024-07-06,15:00:00,334.06,179,active
SH_5126,MV_9997,TH_63,SC_968,2025-07-07,19:15:00,392.32,141,active
SH_5127,MV_9968,TH_436,SC_688,2023-10-27,17:15:00,291.72,83,active
SH_5128,MV_1915,TH_52,SC_855,2024-03-12,22:45:00,468.78,94,active
SH_5129,MV_5679,TH_190,SC_560,2023-07-26,19:00:00,222.88,155,active
SH_5130,MV_6837,TH_457,SC_174,2023-05-23,20:45:00,338.27,106,active
SH_5132,MV_5368,TH_201,SC_198,2025-10-23,16:30:00,365.13,106,active
SH_5133,MV_4216,TH_80,SC_362,2025-12-12,16:45:00,269.23,119,active
SH_5134,MV_3233,TH_391,SC_479,2024-07-18,16:00:00,269.44,174,active
SH_5135,MV_5248,TH_156,SC_127,2024-06-20,19:15:00,359.04,68,active
SH_5136,MV_2197,TH_29,SC_952,2024-03-29,22:00:00,449.18,156,active
SH_5137,MV_3691,TH_201,SC_200,2025-09-12,18:15:00,254.65,128,active
SH_5138,MV_1913,TH_232,SC_416,2023-12-19,19:30:00,238.57,197,active
SH_5139,MV_9316,TH_39,SC_992,2025-04-26,18:45:00,446.91,187,active
SH_5140,MV_7449,TH_5,SC_653,2023-08-06,19:15:00,350.43,135,active
SH_5141,MV_2058,TH_391,SC_927,2023-06-15,17:45:00,170.1,188,active
SH_5142,MV_197,TH_382,SC_505,2023-05-29,21:45:00,181.75,160,active
SH_5143,MV_631,TH_82,SC_205,2025-11-26,19:45:00,163.45,116,active
SH_5144,MV_3149,TH_335,SC_780,2025-03-16,12:30:00,203.96,163,active
SH_5145,MV_5071,TH_57,SC_628,2025-02-27,22:45:00,353.24,112,active
SH_5146,MV_8229,TH_117,SC_853,2025-07-26,18:15:00,287.34,81,active
SH_5147,MV_5264,TH_25,SC_501,2025-07-30,10:45:00,168.45,107,active
SH_5148,MV_9125,TH_255,SC_774,2023-11-04,15:15:00,280.72,160,active
SH_5149,MV_9901,TH_452,SC_35,2024-07-07,13:30:00,478.39,121,active
SH_5150,MV_9153,TH_53,SC_701,2023-06-21,19:15:00,403.23,155,active
SH_5151,MV_7798,TH_400,SC_868,2025-12-26,13:30:00,162.63,75,active
SH_5152,MV_50,TH_149,SC_311,2024-11-22,14:45:00,360.69,141,active
SH_5153,MV_999,TH_2,SC_12,2025-11-23,11:30:00,242.47,106,active
SH_5155,MV_9475,TH_263,SC_658,2025-02-04,13:45:00,353.14,87,active
SH_5156,MV_4273,TH_65,SC_475,2024-03-31,19:45:00,446.15,190,active
SH_5157,MV_3961,TH_62,SC_704,2025-02-25,21:00:00,434.49,192,active
SH_5158,MV_4800,TH_485,SC_792,2023-04-24,18:30:00,285.64,62,active
SH_5159,MV_7712,TH_337,SC_201,2023-05-06,20:15:00,350.74,52,active
SH_5160,MV_3629,TH_298,SC_794,2023-10-28,18:30:00,456.09,85,active
SH_5162,MV_2774,TH_142,SC_68,2023-08-18,21:00:00,460.93,163,active
SH_5163,MV_9916,TH_343,SC_13,2023-09-01,13:00:00,376.06,65,active
SH_5164,MV_8783,TH_185,SC_207,2023-08-07,11:15:00,426.23,173,active
SH_5165,MV_1043,TH_46,SC_257,2023-04-19,11:15:00,246.57,111,active
SH_5166,MV_5842,TH_189,SC_468,2024-10-27,17:15:00,295.19,155,active
SH_5167,MV_9006,TH_231,SC_181,2025-09-22,16:30:00,388.76,199,active
SH_5168,MV_4157,TH_307,SC_6,2024-01-19,19:30:00,325.65,63,active
SH_5170,MV_6614,TH_219,SC_513,2024-08-09,19:00:00,184.72,80,active
SH_5171,MV_2670,TH_463,SC_757,2023-12-02,22:15:00,412.14,69,active
SH_5172,MV_5761,TH_430,SC_985,2025-01-26,14:15:00,355.42,55,active
SH_5173,MV_1826,TH_467,SC_212,2025-07-02,13:30:00,473.56,183,active
SH_5174,MV_8005,TH_271,SC_700,2025-12-14,11:00:00,180.36,123,active
SH_5175,MV_9511,TH_97,SC_193,2024-03-26,19:45:00,325.97,142,active
SH_5176,MV_1812,TH_230,SC_44,2025-04-15,15:15:00,186.77,116,active
SH_5177,MV_1424,TH_384,SC_700,2025-06-11,13:45:00,194.35,168,active
SH_5178,MV_7055,TH_90,SC_798,2024-08-08,22:30:00,237.69,50,active
SH_5179,MV_9362,TH_187,SC_235,2024-12-18,15:15:00,388.57,108,active
SH_5180,MV_2668,TH_213,SC_712,2025-02-23,10:00:00,280.4,179,active
SH_5181,MV_6380,TH_338,SC_910,2025-09-10,11:15:00,274.78,62,active
SH_5182,MV_2227,TH_28,SC_659,2025-07-13,17:45:00,240.35,193,active
SH_5183,MV_9550,TH_25,SC_96,2024-01-08,10:45:00,438.79,50,active
SH_5184,MV_2092,TH_370,SC_62,2025-10-01,14:00:00,166.49,165,active
SH_5185,MV_3886,TH_325,SC_208,2024-11-02,13:45:00,488.23,107,active
SH_5186,MV_5876,TH_172,SC_27,2024-12-16,18:30:00,249.2,172,active
SH_5187,MV_6252,TH_205,SC_288,2025-12-16,12:30:00,347.79,166,active
SH_5189,MV_4181,TH_76,SC_158,2024-06-17,14:15:00,488.56,140,active
SH_5190,MV_7168,TH_270,SC_787,2023-01-30,22:45:00,183.63,73,active
SH_5191,MV_4105,TH_176,SC_341,2023-07-04,18:00:00,465.25,183,active
SH_5193,MV_6985,TH_198,SC_607,2025-09-26,20:15:00,161.52,153,active
SH_5194,MV_5911,TH_143,SC_567,2025-11-13,12:00:00,312.14,165,active
SH_5195,MV_23,TH_165,SC_78,2025-06-10,11:30:00,247.72,152,active
SH_5196,MV_3586,TH_355,SC_429,2025-12-26,17:30:00,366.38,81,active
SH_5197,MV_7396,TH_423,SC_386,2024-02-05,18:30:00,331.3,121,active
SH_5198,MV_9046,TH_405,SC_272,2024-08-22,22:30:00,391.5,50,active
SH_5199,MV_425,TH_80,SC_989,2024-12-31,10:15:00,166.98,167,active
SH_5200,MV_3993,TH_252,SC_53,2024-11-20,17:45:00,431.18,188,active
SH_5201,MV_9009,TH_368,SC_196,2024-10-21,12:00:00,393.58,175,active
SH_5205,MV_3622,TH_272,SC_324,2023-11-14,12:45:00,439.23,140,active
SH_5207,MV_3372,TH_324,SC_343,2024-05-23,10:30:00,404.95,181,active
SH_5209,MV_2749,TH_71,SC_692,2025-07-27,13:30:00,261.25,187,active
SH_5211,MV_7623,TH_56,SC_140,2023-06-28,16:45:00,323.2,109,active
SH_5212,MV_2757,TH_79,SC_288,2025-09-24,20:00:00,318.58,148,active
SH_5213,MV_3907,TH_66,SC_124,2025-04-29,10:00:00,334.87,68,active
SH_5215,MV_6891,TH_202,SC_519,2024-06-14,18:00:00,265.4,158,active
SH_5216,MV_4423,TH_328,SC_740,2023-03-04,22:30:00,196.35,160,active
SH_5217,MV_5637,TH_160,SC_166,2025-04-01,12:45:00,390.11,177,active
SH_5218,MV_2477,TH_149,SC_958,2025-03-05,17:15:00,291.77,160,active
SH_5219,MV_2551,TH_339,SC_150,2025-03-19,19:00:00,394.28,125,active
SH_5221,MV_3426,TH_361,SC_74,2024-04-23,21:00:00,317.21,109,active
SH_5222,MV_3893,TH_455,SC_725,2024-12-11,17:00:00,280.79,110,active
SH_5223,MV_8589,TH_59,SC_836,2024-05-29,14:30:00,379.19,138,active
SH_5226,MV_706,TH_426,SC_249,2024-01-20,19:30:00,332.17,106,active
SH_5227,MV_7582,TH_133,SC_231,2025-04-04,19:15:00,151.56,194,active
SH_5228,MV_867,TH_361,SC_362,2024-02-14,21:45:00,450.19,162,active
SH_5229,MV_4126,TH_470,SC_160,2023-06-14,20:45:00,285.23,173,active
SH_5230,MV_9291,TH_149,SC_932,2024-04-10,12:15:00,357.15,184,active
SH_5232,MV_8178,TH_307,SC_405,2023-05-05,13:45:00,233.06,166,active
SH_5233,MV_4323,TH_274,SC_259,2023-04-30,13:15:00,383.25,118,active
SH_5234,MV_3384,TH_71,SC_884,2024-06-28,22:30:00,422.72,111,active
SH_5235,MV_5508,TH_24,SC_457,2023-03-30,19:45:00,219.59,103,active
SH_5236,MV_8813,TH_420,SC_516,2025-08-29,17:15:00,209.32,79,active
SH_5237,MV_6449,TH_200,SC_182,2023-06-18,18:00:00,417.82,64,active
SH_5238,MV_7656,TH_286,SC_28,2025-04-22,10:30:00,242.51,171,active
SH_5239,MV_9789,TH_179,SC_1000,2025-06-15,15:45:00,466.87,103,active
SH_5240,MV_4625,TH_98,SC_547,2023-11-04,22:00:00,311.38,73,active
SH_5241,MV_3252,TH_85,SC_914,2024-08-18,21:15:00,458.36,184,active
SH_5242,MV_2345,TH_389,SC_216,2023-11-28,21:45:00,231.32,87,active
SH_5243,MV_186,TH_224,SC_857,2024-07-04,18:45:00,223.55,131,active
SH_5244,MV_4343,TH_362,SC_882,2023-06-23,13:00:00,161.16,195,active
SH_5246,MV_4466,TH_459,SC_306,2023-03-12,16:00:00,276.07,50,active
SH_5248,MV_1368,TH_448,SC_881,2024-07-05,10:30:00,161.59,86,active
SH_5249,MV_7257,TH_263,SC_142,2025-11-23,14:15:00,268.26,127,active
SH_5251,MV_7560,TH_307,SC_260,2025-12-06,19:00:00,390.65,188,active
SH_5252,MV_1946,TH_12,SC_95,2025-12-26,16:45:00,387.38,171,active
SH_5253,MV_7512,TH_396,SC_693,2023-05-08,22:00:00,199.71,89,active
SH_5254,MV_4056,TH_311,SC_635,2025-10-10,10:15:00,409.04,119,active
SH_5255,MV_8750,TH_194,SC_407,2025-02-25,11:00:00,481.3,145,active
SH_5256,MV_1323,TH_93,SC_177,2024-03-18,16:15:00,347.87,167,active
SH_5257,MV_7959,TH_146,SC_445,2025-08-27,16:15:00,307.61,197,active
SH_5258,MV_7529,TH_149,SC_915,2024-06-26,15:45:00,494.31,173,active
SH_5259,MV_371,TH_398,SC_217,2025-01-31,16:30:00,477.97,185,active
SH_5260,MV_9691,TH_314,SC_724,2024-02-16,14:00:00,163.74,174,active
SH_5262,MV_2066,TH_144,SC_279,2024-04-19,11:15:00,492.5,124,active
SH_5264,MV_5104,TH_278,SC_957,2025-11-26,10:00:00,394.78,150,active
SH_5265,MV_1491,TH_264,SC_955,2025-04-28,19:45:00,385.57,151,active
SH_5266,MV_9403,TH_354,SC_700,2023-10-28,21:45:00,455.15,62,active
SH_5267,MV_7423,TH_271,SC_576,2023-05-22,21:15:00,260.47,137,active
SH_5268,MV_2571,TH_482,SC_728,2025-09-30,11:45:00,208.43,86,active
SH_5269,MV_5278,TH_243,SC_456,2023-06-25,21:45:00,339.87,92,active
SH_5270,MV_57,TH_71,SC_533,2023-10-08,14:00:00,206.5,180,active
SH_5271,MV_4046,TH_153,SC_542,2025-03-02,13:30:00,233.27,82,active
SH_5272,MV_3943,TH_264,SC_843,2024-11-06,19:15:00,312.81,89,active
SH_5273,MV_5502,TH_29,SC_967,2024-01-17,17:45:00,263.54,171,active
SH_5274,MV_564,TH_107,SC_248,2023-12-13,18:00:00,416.62,144,active
SH_5275,MV_8214,TH_489,SC_37,2024-12-13,18:30:00,150.15,102,active
SH_5276,MV_4880,TH_241,SC_317,2023-11-10,12:15:00,396.76,57,active
SH_5277,MV_6468,TH_446,SC_393,2025-02-17,17:00:00,223.48,93,active
SH_5279,MV_2077,TH_216,SC_251,2025-02-15,11:00:00,162.48,140,active
SH_5280,MV_6503,TH_337,SC_143,2023-09-19,15:15:00,409.4,108,active
SH_5281,MV_645,TH_198,SC_931,2025-08-19,11:45:00,185.62,147,active
SH_5282,MV_9316,TH_274,SC_829,2025-03-19,22:30:00,351.89,135,active
SH_5283,MV_3879,TH_436,SC_153,2025-05-30,17:00:00,244.67,111,active
SH_5285,MV_9971,TH_350,SC_126,2023-09-26,17:30:00,427.84,103,active
SH_5286,MV_9812,TH_442,SC_344,2025-05-09,14:45:00,202.59,111,active
SH_5287,MV_9979,TH_236,SC_293,2025-03-24,15:45:00,352.7,192,active
SH_5288,MV_4895,TH_249,SC_788,2023-04-07,20:00:00,372.55,126,active
SH_5289,MV_7105,TH_216,SC_163,2023-09-24,15:45:00,330.53,186,active
SH_5290,MV_7165,TH_235,SC_662,2025-05-29,10:00:00,169.6,97,active
SH_5291,MV_7990,TH_419,SC_276,2023-09-24,22:15:00,261.27,163,active
SH_5293,MV_2438,TH_386,SC_574,2023-02-21,12:15:00,279.75,80,active
SH_5294,MV_928,TH_232,SC_90,2025-10-23,10:15:00,455.73,97,active
SH_5295,MV_2225,TH_11,SC_839,2025-11-05,15:30:00,239.13,140,active
SH_5296,MV_2363,TH_204,SC_130,2025-09-04,22:30:00,399.04,89,active
SH_5297,MV_9808,TH_187,SC_30,2025-08-01,14:00:00,401.93,64,active
SH_5298,MV_5011,TH_225,SC_963,2023-08-22,20:45:00,327.92,150,active
SH_5300,MV_6342,TH_53,SC_331,2024-06-19,16:45:00,293.75,62,active
SH_5301,MV_9362,TH_278,SC_688,2023-05-01,13:00:00,234.13,64,active
SH_5302,MV_2271,TH_117,SC_512,2025-08-19,11:00:00,238.7,54,active
SH_5304,MV_7241,TH_250,SC_257,2024-05-10,12:15:00,218.47,54,active
SH_5305,MV_1507,TH_114,SC_417,2025-04-14,13:45:00,325.04,185,active
SH_5306,MV_8258,TH_139,SC_969,2023-08-11,22:30:00,365.28,96,active
SH_5308,MV_7766,TH_286,SC_238,2023-07-20,10:30:00,204.84,103,active
SH_5309,MV_6908,TH_46,SC_294,2023-12-14,11:30:00,410.13,107,active
SH_5311,MV_562,TH_463,SC_458,2024-05-11,22:00:00,178.6,118,active
SH_5312,MV_6122,TH_12,SC_258,2023-08-02,10:15:00,294.94,70,active
SH_5313,MV_788,TH_396,SC_131,2025-02-23,20:00:00,453.55,169,active
SH_5314,MV_7615,TH_465,SC_42,2023-05-25,21:30:00,342.89,192,active
SH_5315,MV_6175,TH_196,SC_298,2023-01-25,22:30:00,182.44,191,active
SH_5316,MV_988,TH_58,SC_65,2023-05-27,22:30:00,179.03,111,active
SH_5317,MV_5272,TH_457,SC_928,2025-05-16,21:45:00,484.43,174,active
SH_5320,MV_2649,TH_264,SC_288,2023-03-02,22:45:00,225.13,178,active
SH_5321,MV_2078,TH_72,SC_469,2023-10-25,12:00:00,175.32,131,active
SH_5322,MV_6565,TH_127,SC_11,2025-05-26,12:00:00,374.53,168,active
SH_5323,MV_8577,TH_159,SC_288,2023-12-28,14:00:00,314.19,156,active
SH_5324,MV_1744,TH_58,SC_29,2025-06-30,21:15:00,450.33,157,active
SH_5326,MV_9053,TH_462,SC_222,2024-11-06,17:30:00,152.72,77,active
SH_5327,MV_2483,TH_259,SC_99,2023-04-15,11:30:00,332.64,189,active
SH_5328,MV_1442,TH_98,SC_169,2024-08-15,17:00:00,296.96,189,active
SH_5329,MV_3344,TH_408,SC_246,2024-10-04,14:15:00,365.43,63,active
SH_5330,MV_8685,TH_265,SC_721,2024-07-06,17:15:00,412.68,180,active
SH_5331,MV_4753,TH_195,SC_153,2024-06-29,18:30:00,391.71,67,active
SH_5332,MV_4381,TH_224,SC_673,2024-03-21,12:45:00,347.93,52,active
SH_5333,MV_362,TH_457,SC_394,2024-02-13,22:30:00,318.62,87,active
SH_5334,MV_7908,TH_224,SC_458,2024-07-29,10:00:00,204.64,125,active
SH_5335,MV_896,TH_402,SC_67,2023-06-17,13:30:00,342.37,106,active
SH_5337,MV_1771,TH_61,SC_360,2024-09-18,20:45:00,213.8,152,active
SH_5338,MV_7348,TH_319,SC_66,2023-06-24,21:15:00,388.64,138,active
SH_5339,MV_2389,TH_48,SC_450,2024-09-28,18:30:00,473.38,113,active
SH_5340,MV_7079,TH_261,SC_44,2024-09-29,10:30:00,167.34,91,active
SH_5341,MV_4261,TH_221,SC_161,2024-07-08,15:15:00,428.58,189,active
SH_5342,MV_6034,TH_168,SC_695,2023-01-05,12:00:00,432.84,137,active
SH_5343,MV_9920,TH_168,SC_268,2025-12-27,21:30:00,490.54,86,active
SH_5344,MV_9072,TH_127,SC_943,2023-11-25,19:00:00,178.2,176,active
SH_5347,MV_2394,TH_371,SC_509,2023-04-18,14:15:00,499.08,183,active
SH_5349,MV_2609,TH_281,SC_366,2024-09-24,21:00:00,448.25,178,active
SH_5350,MV_2437,TH_7,SC_2,2025-08-24,22:15:00,196.22,124,active
SH_5351,MV_7608,TH_259,SC_895,2024-07-01,17:00:00,270.51,171,active
SH_5352,MV_235,TH_21,SC_785,2025-03-20,19:45:00,482.89,102,active
SH_5354,MV_4416,TH_289,SC_571,2023-03-22,22:15:00,355.07,68,active
SH_5355,MV_1820,TH_242,SC_554,2024-07-26,20:15:00,391.59,109,active
SH_5357,MV_5325,TH_308,SC_243,2024-07-15,19:45:00,353.42,146,active
SH_5358,MV_3162,TH_244,SC_848,2024-05-07,12:00:00,304.08,118,active
SH_5359,MV_6892,TH_302,SC_654,2023-06-12,17:30:00,361.12,189,active
SH_5360,MV_1362,TH_312,SC_750,2023-07-09,22:30:00,412.68,171,active
SH_5361,MV_1668,TH_491,SC_757,2024-10-31,18:15:00,458.73,170,active
SH_5362,MV_3787,TH_21,SC_464,2024-04-04,12:45:00,203.49,52,active
SH_5363,MV_100,TH_375,SC_322,2023-06-11,12:15:00,381.5,189,active
SH_5365,MV_160,TH_29,SC_688,2024-12-30,14:30:00,445.88,153,active
SH_5366,MV_6807,TH_423,SC_493,2024-09-17,18:00:00,410.2,179,active
SH_5367,MV_3098,TH_335,SC_386,2024-06-20,11:30:00,486.75,62,active
SH_5368,MV_2518,TH_298,SC_375,2025-07-20,13:15:00,223.85,73,active
SH_5369,MV_3853,TH_95,SC_483,2025-02-20,15:00:00,344.59,120,active
SH_5370,MV_1443,TH_301,SC_509,2024-05-20,20:30:00,167.41,100,active
SH_5371,MV_4735,TH_296,SC_472,2025-09-20,11:45:00,356.87,162,active
SH_5372,MV_6454,TH_240,SC_867,2023-06-13,18:15:00,328.98,116,active
SH_5373,MV_6766,TH_33,SC_44,2024-02-24,12:30:00,374.1,55,active
SH_5374,MV_4979,TH_404,SC_480,2025-11-14,11:00:00,329.17,138,active
SH_5375,MV_825,TH_7,SC_99,2025-02-13,12:30:00,434.49,173,active
SH_5376,MV_2387,TH_210,SC_756,2023-05-25,19:45:00,484.09,73,active
SH_5377,MV_6888,TH_455,SC_868,2024-04-19,21:00:00,186.73,196,active
SH_5378,MV_8212,TH_286,SC_402,2025-05-29,12:30:00,207.28,155,active
SH_5379,MV_4976,TH_408,SC_980,2023-11-20,22:30:00,227.55,93,active
SH_5380,MV_3527,TH_415,SC_939,2023-10-28,10:00:00,487.04,70,active
SH_5381,MV_287,TH_150,SC_428,2023-10-22,20:30:00,157.88,175,active
SH_5383,MV_1678,TH_423,SC_516,2023-04-17,10:00:00,451.94,178,active
SH_5384,MV_9822,TH_128,SC_416,2025-02-01,11:00:00,313.0,156,active
SH_5385,MV_9622,TH_128,SC_885,2023-04-02,12:45:00,280.84,94,active
SH_5386,MV_6335,TH_157,SC_252,2025-11-14,11:15:00,380.28,71,active
SH_5387,MV_2399,TH_380,SC_571,2025-04-22,13:30:00,237.63,95,active
SH_5388,MV_7495,TH_298,SC_804,2024-04-12,13:15:00,173.19,83,active
SH_5389,MV_7557,TH_316,SC_139,2023-06-12,14:30:00,349.5,114,active
SH_5390,MV_548,TH_4,SC_885,2024-08-18,14:45:00,346.89,57,active
SH_5391,MV_4284,TH_186,SC_321,2025-05-22,15:45:00,199.53,64,active
SH_5392,MV_9067,TH_473,SC_659,2023-08-28,11:45:00,462.79,132,active
SH_5393,MV_3490,TH_307,SC_794,2023-02-01,13:45:00,197.22,183,active
SH_5394,MV_9058,TH_244,SC_308,2024-10-28,19:00:00,305.09,91,active
SH_5395,MV_3307,TH_72,SC_324,2024-05-17,14:00:00,168.81,198,active
SH_5396,MV_1573,TH_171,SC_905,2023-05-03,16:45:00,164.06,128,active
SH_5397,MV_8515,TH_423,SC_594,2023-05-11,15:00:00,151.59,127,active
SH_5398,MV_9914,TH_52,SC_589,2025-11-29,20:45:00,301.62,64,active
SH_5399,MV_1891,TH_120,SC_609,2024-07-12,17:15:00,294.18,197,active
SH_5400,MV_1320,TH_427,SC_259,2024-08-26,14:15:00,246.2,153,active
SH_5401,MV_1748,TH_100,SC_728,2023-11-08,13:00:00,384.89,129,active
SH_5403,MV_3727,TH_116,SC_996,2024-06-05,22:45:00,473.13,71,active
SH_5404,MV_4120,TH_147,SC_745,2024-09-26,12:00:00,321.36,130,active
SH_5405,MV_4,TH_124,SC_393,2025-12-12,21:45:00,248.56,188,active
SH_5406,MV_4801,TH_480,SC_296,2024-03-25,14:45:00,286.92,100,active
SH_5407,MV_8612,TH_142,SC_961,2023-09-02,11:45:00,189.59,166,active
SH_5408,MV_9142,TH_346,SC_30,2024-06-14,13:15:00,192.12,107,active
SH_5409,MV_5040,TH_233,SC_72,2024-12-05,10:30:00,248.13,86,active
SH_5410,MV_5050,TH_452,SC_382,2025-12-09,11:30:00,255.49,126,active
SH_5411,MV_8698,TH_427,SC_429,2024-10-03,21:00:00,419.11,197,active
SH_5412,MV_6622,TH_204,SC_866,2024-09-10,21:00:00,422.4,158,active
SH_5413,MV_1224,TH_458,SC_832,2024-06-14,20:00:00,434.66,69,active
SH_5414,MV_8178,TH_258,SC_178,2023-06-10,17:45:00,268.81,124,active
SH_5416,MV_1732,TH_468,SC_948,2024-06-07,13:00:00,197.89,189,active
SH_5417,MV_3619,TH_103,SC_73,2024-04-10,18:45:00,201.15,170,active
SH_5418,MV_1464,TH_101,SC_862,2025-08-12,13:45:00,243.27,148,active
SH_5419,MV_2515,TH_320,SC_23,2025-04-28,13:00:00,385.05,93,active
SH_5420,MV_3577,TH_238,SC_127,2024-10-19,10:15:00,157.39,143,active
SH_5421,MV_3122,TH_297,SC_325,2025-11-20,15:30:00,499.37,157,active
SH_5422,MV_2442,TH_444,SC_660,2025-07-24,12:45:00,228.87,67,active
SH_5423,MV_5386,TH_363,SC_319,2025-01-09,13:00:00,293.3,109,active
SH_5424,MV_6540,TH_139,SC_887,2024-04-09,21:00:00,367.51,190,active
SH_5425,MV_533,TH_63,SC_344,2024-05-13,19:45:00,268.63,168,active
SH_5426,MV_7638,TH_179,SC_62,2023-07-30,17:45:00,365.69,161,active
SH_5427,MV_9528,TH_329,SC_3,2024-06-08,22:00:00,353.78,91,active
SH_5428,MV_2072,TH_377,SC_260,2024-07-06,18:45:00,343.67,83,active
SH_5429,MV_3493,TH_141,SC_920,2023-08-07,11:45:00,298.61,137,active
SH_5430,MV_5022,TH_436,SC_436,2023-01-09,19:00:00,365.78,131,active
SH_5431,MV_2903,TH_482,SC_847,2024-01-09,14:15:00,292.82,102,active
SH_5432,MV_6143,TH_358,SC_394,2023-08-18,22:45:00,440.99,117,active
SH_5433,MV_1766,TH_452,SC_93,2023-01-23,11:30:00,443.2,153,active
SH_5434,MV_245,TH_337,SC_759,2023-09-29,19:30:00,447.65,72,active
SH_5437,MV_6336,TH_478,SC_795,2025-02-07,11:30:00,224.88,124,active
SH_5438,MV_8466,TH_418,SC_601,2025-05-02,10:45:00,222.52,60,active
SH_5439,MV_8333,TH_484,SC_121,2024-03-09,21:15:00,198.19,75,active
SH_5440,MV_405,TH_493,SC_598,2024-10-27,12:15:00,279.9,68,active
SH_5441,MV_7455,TH_228,SC_652,2023-06-05,13:30:00,420.39,146,active
SH_5442,MV_2699,TH_95,SC_806,2023-11-24,17:30:00,326.11,67,active
SH_5443,MV_5811,TH_261,SC_46,2024-06-13,22:30:00,310.2,163,active
SH_5444,MV_8651,TH_42,SC_251,2025-11-10,21:30:00,310.17,142,active
SH_5445,MV_9262,TH_308,SC_716,2025-04-06,20:45:00,281.13,165,active
SH_5446,MV_7131,TH_358,SC_222,2023-10-06,19:15:00,371.72,151,active
SH_5448,MV_7091,TH_409,SC_431,2025-05-10,15:45:00,319.92,115,active
SH_5449,MV_1765,TH_466,SC_316,2023-10-09,12:15:00,308.55,148,active
SH_5450,MV_6519,TH_167,SC_40,2024-03-04,22:45:00,358.21,193,active
SH_5451,MV_4541,TH_393,SC_612,2024-04-17,16:00:00,161.79,123,active
SH_5452,MV_4522,TH_337,SC_82,2025-12-07,19:00:00,160.54,135,active
SH_5453,MV_3260,TH_89,SC_610,2024-05-31,18:30:00,365.04,132,active
SH_5454,MV_1995,TH_294,SC_654,2024-08-07,14:15:00,215.8,179,active
SH_5455,MV_3064,TH_453,SC_286,2025-10-29,11:15:00,432.29,156,active
SH_5456,MV_1076,TH_345,SC_531,2023-04-17,14:00:00,426.78,92,active
SH_5457,MV_664,TH_299,SC_319,2024-04-05,19:00:00,278.04,122,active
SH_5458,MV_7084,TH_26,SC_775,2024-10-02,17:45:00,383.65,128,active
SH_5459,MV_6636,TH_457,SC_335,2024-12-26,12:30:00,455.83,179,active
SH_5461,MV_1146,TH_61,SC_933,2024-10-05,19:45:00,475.34,50,active
SH_5462,MV_6649,TH_221,SC_24,2025-04-27,11:15:00,254.38,130,active
SH_5463,MV_8536,TH_493,SC_124,2023-10-18,17:45:00,454.5,68,active
SH_5464,MV_2779,TH_344,SC_473,2025-11-06,13:45:00,301.29,105,active
SH_5465,MV_9965,TH_500,SC_453,2024-01-14,19:30:00,479.29,112,active
SH_5466,MV_9123,TH_104,SC_483,2024-10-13,18:30:00,379.04,102,active
SH_5468,MV_119,TH_292,SC_586,2024-04-27,22:45:00,372.39,178,active
SH_5469,MV_4351,TH_173,SC_982,2025-06-28,18:15:00,213.03,174,active
SH_5470,MV_8649,TH_451,SC_805,2025-06-26,11:30:00,412.68,69,active
SH_5471,MV_8328,TH_323,SC_366,2024-02-22,10:30:00,430.17,179,active
SH_5472,MV_5427,TH_283,SC_476,2023-08-04,18:00:00,305.29,169,active
SH_5473,MV_594,TH_457,SC_305,2024-07-29,19:15:00,385.14,199,active
SH_5474,MV_2386,TH_488,SC_142,2024-07-27,12:45:00,323.99,70,active
SH_5475,MV_9698,TH_264,SC_854,2024-08-30,18:15:00,375.0,91,active
SH_5476,MV_7294,TH_120,SC_565,2025-10-02,19:45:00,199.81,89,active
SH_5479,MV_7548,TH_284,SC_630,2024-08-17,15:30:00,352.91,67,active
SH_5480,MV_5684,TH_79,SC_330,2024-08-07,17:00:00,490.24,172,active
SH_5482,MV_5598,TH_348,SC_32,2023-10-02,19:30:00,167.13,93,active
SH_5483,MV_8760,TH_442,SC_215,2023-04-17,15:45:00,346.34,189,active
SH_5484,MV_4276,TH_256,SC_78,2023-03-16,19:45:00,157.43,182,active
SH_5485,MV_9016,TH_403,SC_118,2023-10-27,18:15:00,372.58,167,active
SH_5486,MV_9652,TH_260,SC_796,2025-07-11,15:00:00,171.12,172,active
SH_5487,MV_9723,TH_341,SC_809,2025-10-14,21:30:00,493.08,119,active
SH_5488,MV_861,TH_277,SC_227,2024-03-14,18:15:00,459.18,92,active
SH_5489,MV_7045,TH_105,SC_455,2023-03-24,17:15:00,339.6,50,active
SH_5490,MV_1060,TH_22,SC_766,2025-04-01,12:15:00,457.09,175,active
SH_5491,MV_3219,TH_421,SC_59,2025-11-25,11:00:00,230.24,169,active
SH_5492,MV_8340,TH_342,SC_286,2024-04-30,14:15:00,393.88,195,active
SH_5493,MV_8519,TH_499,SC_283,2024-10-11,15:15:00,181.5,92,active
SH_5494,MV_2657,TH_53,SC_901,2025-02-12,22:30:00,444.9,114,active
SH_5495,MV_8311,TH_371,SC_549,2025-12-02,16:45:00,398.98,161,active
SH_5496,MV_1838,TH_53,SC_158,2025-08-30,22:45:00,404.37,99,active
SH_5497,MV_2195,TH_223,SC_581,2025-03-21,10:30:00,165.55,107,active
SH_5498,MV_2944,TH_123,SC_256,2024-08-10,11:30:00,403.79,76,active
SH_5499,MV_8863,TH_466,SC_27,2025-02-03,14:00:00,401.8,164,active
SH_5500,MV_3357,TH_390,SC_714,2025-07-24,14:00:00,188.75,96,active
SH_5501,MV_2636,TH_11,SC_29,2023-03-09,19:00:00,415.3,122,active
SH_5502,MV_6349,TH_38,SC_508,2023-01-16,20:15:00,208.22,53,active
SH_5503,MV_8011,TH_37,SC_545,2025-04-03,22:15:00,427.59,138,active
SH_5504,MV_3543,TH_411,SC_485,2025-08-06,10:00:00,218.29,142,active
SH_5505,MV_9946,TH_377,SC_353,2025-03-06,12:15:00,463.68,170,active
SH_5506,MV_2617,TH_131,SC_932,2023-06-20,14:00:00,436.37,191,active
SH_5507,MV_2041,TH_311,SC_188,2024-07-19,21:30:00,431.75,116,active
SH_5508,MV_3277,TH_443,SC_805,2025-05-24,15:15:00,230.85,139,active
SH_5509,MV_3021,TH_384,SC_866,2024-08-04,19:30:00,387.32,142,active
SH_5510,MV_1256,TH_126,SC_19,2023-11-15,12:30:00,217.82,171,active
SH_5511,MV_684,TH_186,SC_666,2023-09-19,11:15:00,388.86,125,active
SH_5512,MV_3749,TH_185,SC_320,2023-08-15,18:15:00,245.82,73,active
SH_5513,MV_9211,TH_110,SC_149,2024-02-20,10:15:00,406.75,122,active
SH_5514,MV_3489,TH_236,SC_400,2023-02-24,14:45:00,445.03,89,active
SH_5515,MV_826,TH_330,SC_461,2025-12-01,11:00:00,437.61,143,active
SH_5516,MV_2954,TH_486,SC_261,2024-04-29,15:15:00,350.49,51,active
SH_5517,MV_5722,TH_133,SC_73,2024-02-14,20:45:00,195.77,122,active
SH_5518,MV_1902,TH_192,SC_775,2024-10-15,11:15:00,188.48,69,active
SH_5519,MV_7345,TH_430,SC_58,2023-08-02,10:15:00,365.96,174,active
SH_5520,MV_4111,TH_223,SC_262,2025-09-13,20:45:00,237.44,174,active
SH_5521,MV_5823,TH_300,SC_48,2024-01-03,19:45:00,424.94,179,active
SH_5522,MV_523,TH_85,SC_886,2025-01-24,10:00:00,431.42,54,active
SH_5524,MV_4283,TH_485,SC_149,2024-02-09,13:45:00,277.13,194,active
SH_5525,MV_7794,TH_359,SC_201,2025-07-25,19:30:00,368.06,53,active
SH_5527,MV_9660,TH_336,SC_775,2024-12-25,15:30:00,402.48,53,active
SH_5528,MV_8297,TH_449,SC_474,2025-03-05,15:00:00,204.92,196,active
SH_5529,MV_1104,TH_139,SC_986,2024-08-08,15:30:00,328.01,63,active
SH_5530,MV_4510,TH_12,SC_226,2024-12-02,18:45:00,225.02,171,active
SH_5531,MV_4427,TH_207,SC_402,2024-01-26,21:45:00,396.51,73,active
SH_5532,MV_1889,TH_188,SC_143,2024-08-24,22:15:00,321.98,111,active
SH_5533,MV_5814,TH_99,SC_57,2023-07-12,10:45:00,414.39,182,active
SH_5534,MV_760,TH_44,SC_637,2025-10-23,11:15:00,241.81,102,active
SH_5535,MV_7698,TH_70,SC_571,2023-07-12,17:15:00,174.44,92,active
SH_5536,MV_6890,TH_421,SC_91,2023-12-17,22:15:00,472.41,129,active
SH_5537,MV_6699,TH_404,SC_399,2025-06-04,21:30:00,260.31,65,active
SH_5538,MV_3469,TH_38,SC_814,2025-11-19,16:30:00,228.67,53,active
SH_5539,MV_3013,TH_183,SC_603,2023-05-01,21:00:00,241.17,96,active
SH_5540,MV_5966,TH_416,SC_336,2024-12-29,22:00:00,466.32,109,active
SH_5541,MV_5373,TH_149,SC_820,2023-08-21,11:15:00,204.02,191,active
SH_5542,MV_5616,TH_310,SC_331,2023-12-21,11:45:00,219.93,148,active
SH_5544,MV_4091,TH_223,SC_863,2023-07-25,10:45:00,229.69,128,active
SH_5545,MV_1778,TH_330,SC_349,2024-09-21,17:30:00,270.07,137,active
SH_5546,MV_2470,TH_336,SC_340,2024-10-12,12:30:00,373.77,134,active
SH_5547,MV_6125,TH_116,SC_749,2023-04-18,16:45:00,370.76,87,active
SH_5548,MV_4537,TH_236,SC_853,2024-04-14,14:00:00,468.79,165,active
SH_5549,MV_6744,TH_483,SC_842,2025-02-27,20:45:00,383.47,179,active
SH_5550,MV_6357,TH_248,SC_504,2023-04-14,19:15:00,219.32,87,active
SH_5551,MV_232,TH_450,SC_371,2024-04-23,18:15:00,205.57,58,active
SH_5552,MV_7496,TH_219,SC_781,2024-07-21,16:15:00,255.05,143,active
SH_5553,MV_2170,TH_423,SC_121,2025-07-01,18:30:00,235.31,159,active
SH_5554,MV_4279,TH_150,SC_216,2024-08-02,14:15:00,198.61,175,active
SH_5555,MV_2653,TH_166,SC_725,2024-06-22,12:00:00,497.94,146,active
SH_5557,MV_6150,TH_362,SC_297,2025-07-11,14:00:00,249.6,163,active
SH_5558,MV_378,TH_91,SC_324,2023-11-11,16:45:00,167.51,79,active
SH_5559,MV_2571,TH_135,SC_320,2024-11-17,16:15:00,332.32,104,active
SH_5560,MV_7683,TH_364,SC_249,2023-12-09,20:45:00,172.72,75,active
SH_5561,MV_8057,TH_241,SC_793,2025-10-14,21:30:00,431.51,187,active
SH_5562,MV_3466,TH_438,SC_603,2025-05-23,19:15:00,195.68,60,active
SH_5563,MV_6291,TH_105,SC_391,2025-10-17,22:00:00,495.62,140,active
SH_5564,MV_4101,TH_106,SC_810,2024-05-22,21:30:00,381.31,50,active
SH_5565,MV_1547,TH_283,SC_393,2024-07-31,18:30:00,369.89,110,active
SH_5567,MV_4572,TH_447,SC_413,2024-06-20,12:30:00,207.2,169,active
SH_5568,MV_5041,TH_151,SC_507,2023-12-25,17:30:00,410.38,109,active
SH_5569,MV_7589,TH_259,SC_448,2024-12-09,19:00:00,278.36,106,active
SH_5570,MV_2809,TH_15,SC_640,2024-05-16,15:00:00,389.34,173,active
SH_5571,MV_2013,TH_335,SC_405,2024-09-17,11:00:00,483.42,117,active
SH_5572,MV_8455,TH_194,SC_651,2025-03-26,20:00:00,370.61,156,active
SH_5573,MV_7902,TH_232,SC_238,2025-05-20,14:15:00,412.54,129,active
SH_5574,MV_9652,TH_184,SC_752,2025-06-20,10:15:00,330.17,117,active
SH_5575,MV_9337,TH_315,SC_614,2023-10-22,13:00:00,208.13,194,active
SH_5576,MV_9642,TH_240,SC_280,2023-11-11,15:30:00,185.59,136,active
SH_5577,MV_4206,TH_481,SC_510,2023-08-29,19:15:00,435.82,195,active
SH_5578,MV_4039,TH_448,SC_516,2025-01-18,18:45:00,404.96,53,active
SH_5579,MV_6211,TH_71,SC_179,2024-07-23,15:15:00,476.88,162,active
SH_5580,MV_8241,TH_45,SC_205,2025-08-20,10:00:00,419.09,64,active
SH_5583,MV_8651,TH_425,SC_229,2025-09-13,11:30:00,358.91,145,active
SH_5584,MV_7949,TH_351,SC_922,2024-12-13,19:00:00,453.16,93,active
SH_5585,MV_3823,TH_492,SC_749,2023-11-14,16:15:00,179.13,180,active
SH_5586,MV_3052,TH_407,SC_179,2025-03-14,11:30:00,466.72,93,active
SH_5587,MV_8229,TH_74,SC_135,2024-01-30,14:15:00,209.53,106,active
SH_5589,MV_6031,TH_73,SC_270,2025-12-28,16:00:00,282.89,165,active
SH_5590,MV_5991,TH_173,SC_78,2023-05-17,13:30:00,387.82,104,active
SH_5591,MV_555,TH_303,SC_335,2024-04-14,12:30:00,387.77,91,active
SH_5592,MV_1347,TH_35,SC_143,2023-06-07,11:45:00,295.58,51,active
SH_5593,MV_5158,TH_8,SC_941,2024-04-28,21:30:00,151.79,72,active
SH_5594,MV_9497,TH_123,SC_211,2025-02-16,14:45:00,434.06,97,active
SH_5595,MV_6957,TH_52,SC_7,2025-12-01,12:15:00,357.56,54,active
SH_5596,MV_2896,TH_89,SC_648,2023-01-28,18:30:00,485.53,143,active
SH_5597,MV_1757,TH_421,SC_146,2024-06-08,14:15:00,164.5,154,active
SH_5598,MV_5321,TH_12,SC_89,2025-07-09,12:30:00,313.03,153,active
SH_5599,MV_5029,TH_290,SC_85,2025-06-06,20:00:00,162.57,196,active
SH_5600,MV_6451,TH_430,SC_661,2024-05-08,22:00:00,411.45,59,active
SH_5601,MV_8916,TH_456,SC_783,2024-05-21,12:15:00,193.65,128,active
SH_5602,MV_1276,TH_474,SC_888,2023-10-15,21:15:00,338.16,193,active
SH_5603,MV_256,TH_307,SC_849,2025-09-08,13:30:00,262.96,90,active
SH_5604,MV_3129,TH_116,SC_271,2024-07-14,13:15:00,276.63,99,active
SH_5605,MV_1565,TH_68,SC_991,2025-04-23,11:30:00,326.77,92,active
SH_5606,MV_3288,TH_49,SC_248,2024-08-21,11:15:00,481.75,123,active
SH_5607,MV_1610,TH_395,SC_578,2024-12-08,13:30:00,441.17,90,active
SH_5608,MV_7236,TH_467,SC_317,2025-11-11,18:00:00,389.99,187,active
SH_5609,MV_286,TH_469,SC_292,2025-08-20,11:15:00,393.83,81,active
SH_5610,MV_1586,TH_193,SC_701,2025-11-22,15:00:00,155.41,158,active
SH_5611,MV_4714,TH_377,SC_85,2023-06-27,10:30:00,459.18,70,active
SH_5612,MV_7216,TH_97,SC_177,2023-04-26,14:00:00,229.51,140,active
SH_5613,MV_1166,TH_128,SC_184,2025-11-18,21:30:00,360.97,132,active
SH_5614,MV_3566,TH_229,SC_487,2025-08-02,21:15:00,289.98,199,active
SH_5615,MV_7449,TH_293,SC_961,2023-11-29,18:15:00,407.52,131,active
SH_5616,MV_4428,TH_399,SC_150,2024-06-05,17:45:00,205.75,150,active
SH_5617,MV_1776,TH_321,SC_226,2024-07-13,19:30:00,426.52,127,active
SH_5618,MV_8504,TH_429,SC_305,2023-03-19,12:00:00,328.79,164,active
SH_5619,MV_729,TH_443,SC_915,2024-01-01,13:45:00,155.77,155,active
SH_5620,MV_4747,TH_481,SC_512,2025-08-03,20:15:00,190.0,140,active
SH_5621,MV_2741,TH_344,SC_340,2025-02-14,11:45:00,412.6,100,active
SH_5622,MV_3453,TH_123,SC_816,2025-03-26,10:30:00,196.1,161,active
SH_5623,MV_7778,TH_378,SC_69,2023-04-29,22:00:00,187.66,151,active
SH_5624,MV_1068,TH_110,SC_884,2023-09-16,13:45:00,214.64,110,active
SH_5625,MV_7376,TH_491,SC_640,2024-01-25,20:30:00,288.34,77,active
SH_5626,MV_5071,TH_123,SC_977,2025-05-22,20:15:00,177.2,170,active
SH_5627,MV_5433,TH_188,SC_141,2024-08-03,22:15:00,374.45,121,active
SH_5628,MV_7866,TH_175,SC_914,2024-02-25,19:15:00,480.28,65,active
SH_5629,MV_7325,TH_384,SC_135,2025-02-16,12:30:00,295.05,123,active
SH_5630,MV_2881,TH_360,SC_587,2023-11-09,16:30:00,252.8,96,active
SH_5631,MV_3646,TH_480,SC_768,2025-04-28,17:45:00,298.95,144,active
SH_5632,MV_8273,TH_441,SC_869,2024-03-17,21:30:00,369.7,188,active
SH_5633,MV_9993,TH_313,SC_299,2023-09-09,19:15:00,492.39,197,active
SH_5634,MV_459,TH_98,SC_347,2023-06-12,19:30:00,440.69,117,active
SH_5635,MV_8467,TH_166,SC_976,2023-10-04,14:00:00,165.7,99,active
SH_5636,MV_3859,TH_401,SC_202,2025-12-18,22:15:00,348.77,186,active
SH_5637,MV_7488,TH_55,SC_416,2023-09-28,16:45:00,181.94,72,active
SH_5638,MV_7162,TH_275,SC_5,2025-02-26,11:15:00,459.15,93,active
SH_5639,MV_993,TH_61,SC_410,2025-10-01,21:45:00,377.08,142,active
SH_5640,MV_3507,TH_453,SC_493,2025-02-11,14:15:00,307.72,50,active
SH_5641,MV_8049,TH_415,SC_204,2025-06-22,21:00:00,338.26,134,active
SH_5642,MV_2353,TH_221,SC_351,2024-02-02,11:00:00,267.38,153,active
SH_5643,MV_8555,TH_167,SC_15,2024-10-28,14:15:00,428.01,140,active
SH_5644,MV_4765,TH_378,SC_888,2024-06-08,16:00:00,197.59,116,active
SH_5645,MV_1863,TH_385,SC_963,2023-12-19,15:30:00,356.83,125,active
SH_5646,MV_5325,TH_451,SC_903,2023-10-05,13:30:00,465.41,55,active
SH_5647,MV_8800,TH_479,SC_5,2024-02-08,15:15:00,161.62,155,active
SH_5648,MV_5217,TH_112,SC_880,2023-09-02,14:30:00,160.36,104,active
SH_5649,MV_9490,TH_51,SC_967,2024-09-15,18:15:00,262.13,74,active
SH_5650,MV_7374,TH_236,SC_715,2025-10-29,10:30:00,379.05,191,active
SH_5651,MV_6181,TH_314,SC_383,2025-02-07,17:00:00,221.39,97,active
SH_5652,MV_7227,TH_71,SC_460,2025-07-13,11:15:00,481.4,83,active
SH_5653,MV_4038,TH_106,SC_372,2024-02-25,12:45:00,331.75,55,active
SH_5654,MV_7534,TH_217,SC_352,2025-02-07,18:15:00,403.33,170,active
SH_5655,MV_2952,TH_269,SC_723,2024-08-26,15:00:00,407.39,96,active
SH_5656,MV_3568,TH_47,SC_932,2024-06-23,18:30:00,195.18,131,active
SH_5657,MV_3911,TH_327,SC_650,2023-12-05,10:45:00,431.59,71,active
SH_5659,MV_8611,TH_168,SC_593,2023-12-03,16:30:00,317.39,111,active
SH_5660,MV_8313,TH_273,SC_571,2024-02-01,13:45:00,443.13,79,active
SH_5662,MV_8726,TH_470,SC_77,2024-09-22,14:30:00,290.03,130,active
SH_5663,MV_925,TH_379,SC_531,2024-10-18,18:15:00,386.86,157,active
SH_5664,MV_5225,TH_171,SC_546,2025-11-09,20:15:00,177.12,113,active
SH_5666,MV_6313,TH_468,SC_520,2023-03-05,19:30:00,198.62,156,active
SH_5667,MV_3163,TH_156,SC_295,2023-03-26,19:30:00,156.21,70,active
SH_5669,MV_5345,TH_355,SC_946,2024-11-29,22:15:00,178.8,188,active
SH_5670,MV_5942,TH_394,SC_334,2024-10-07,13:15:00,227.75,89,active
SH_5671,MV_2999,TH_38,SC_82,2025-12-07,17:15:00,449.62,167,active
SH_5672,MV_143,TH_439,SC_747,2025-02-19,22:30:00,290.78,69,active
SH_5673,MV_1114,TH_161,SC_808,2024-06-14,17:30:00,229.77,70,active
SH_5674,MV_5440,TH_287,SC_772,2023-07-14,15:15:00,365.67,71,active
SH_5675,MV_8678,TH_277,SC_406,2023-08-06,17:30:00,337.48,183,active
SH_5676,MV_2266,TH_104,SC_277,2023-08-28,20:30:00,361.94,169,active
SH_5677,MV_9445,TH_361,SC_754,2025-08-04,14:00:00,494.19,85,active
SH_5679,MV_460,TH_456,SC_177,2025-12-07,10:30:00,277.6,74,active
SH_5680,MV_7895,TH_261,SC_886,2023-01-19,16:00:00,377.58,176,active
SH_5681,MV_3162,TH_445,SC_872,2025-05-01,19:00:00,172.64,78,active
SH_5682,MV_7594,TH_308,SC_141,2025-01-29,18:30:00,446.18,163,active
SH_5683,MV_5615,TH_340,SC_363,2023-06-08,11:45:00,434.5,186,active
SH_5685,MV_1623,TH_474,SC_472,2025-01-04,12:00:00,423.6,55,active
SH_5686,MV_6167,TH_441,SC_973,2025-05-26,10:00:00,221.24,154,active
SH_5687,MV_5162,TH_441,SC_690,2025-01-10,11:00:00,265.68,54,active
SH_5688,MV_233,TH_421,SC_7,2024-03-26,16:00:00,221.11,58,active
SH_5689,MV_1724,TH_438,SC_999,2025-05-31,21:00:00,206.63,53,active
SH_5690,MV_7069,TH_363,SC_41,2024-01-04,13:30:00,463.43,113,active
SH_5691,MV_3236,TH_204,SC_304,2025-09-29,12:15:00,425.26,131,active
SH_5692,MV_4429,TH_75,SC_982,2023-05-04,17:30:00,401.61,67,active
SH_5693,MV_3324,TH_449,SC_720,2023-07-29,12:45:00,366.68,97,active
SH_5694,MV_4007,TH_287,SC_7,2023-02-17,17:00:00,158.89,104,active
SH_5695,MV_8746,TH_54,SC_776,2023-03-31,13:15:00,436.0,50,active
SH_5696,MV_4524,TH_455,SC_146,2025-06-02,13:45:00,409.48,148,active
SH_5697,MV_3813,TH_115,SC_407,2024-03-23,18:30:00,366.63,77,active
SH_5699,MV_9312,TH_345,SC_877,2023-12-05,19:45:00,336.4,71,active
SH_5700,MV_4383,TH_21,SC_872,2024-01-31,12:00:00,425.13,84,active
SH_5701,MV_4196,TH_217,SC_108,2025-10-08,16:00:00,375.78,95,active
SH_5702,MV_6061,TH_464,SC_873,2023-06-07,21:15:00,367.94,127,active
SH_5703,MV_4337,TH_64,SC_174,2025-05-06,17:30:00,233.47,118,active
SH_5706,MV_9362,TH_161,SC_507,2025-06-13,11:45:00,415.06,104,active
SH_5707,MV_8575,TH_38,SC_104,2024-05-10,22:45:00,181.62,61,active
SH_5708,MV_9996,TH_198,SC_368,2025-09-25,19:15:00,396.11,155,active
SH_5709,MV_6767,TH_109,SC_663,2023-12-02,17:15:00,403.07,181,active
SH_5710,MV_7067,TH_270,SC_580,2024-11-03,16:30:00,364.28,82,active
SH_5711,MV_9491,TH_337,SC_529,2023-12-22,10:45:00,195.76,109,active
SH_5712,MV_6139,TH_428,SC_607,2023-07-30,14:30:00,245.17,56,active
SH_5713,MV_10000,TH_380,SC_774,2023-02-05,10:15:00,419.55,71,active
SH_5714,MV_2205,TH_251,SC_844,2024-12-21,11:15:00,377.31,176,active
SH_5715,MV_1554,TH_347,SC_860,2024-03-23,15:15:00,153.91,50,active
SH_5716,MV_2245,TH_257,SC_85,2025-08-14,16:15:00,344.8,142,active
SH_5717,MV_7403,TH_35,SC_218,2024-08-29,11:00:00,432.45,171,active
SH_5718,MV_701,TH_279,SC_763,2025-10-04,12:00:00,430.62,67,active
SH_5720,MV_720,TH_399,SC_240,2024-01-26,13:00:00,371.51,123,active
SH_5721,MV_2234,TH_277,SC_212,2025-11-25,17:45:00,352.58,103,active
SH_5722,MV_5699,TH_409,SC_650,2023-01-28,21:45:00,327.88,85,active
SH_5723,MV_2720,TH_272,SC_701,2023-04-30,20:30:00,218.5,169,active
SH_5724,MV_4062,TH_222,SC_937,2025-08-27,11:45:00,485.38,150,active
SH_5725,MV_1789,TH_493,SC_544,2024-10-25,20:15:00,205.65,176,active
SH_5726,MV_700,TH_230,SC_731,2025-04-22,10:30:00,442.98,179,active
SH_5727,MV_3211,TH_91,SC_40,2025-03-30,11:30:00,412.05,133,active
SH_5728,MV_794,TH_434,SC_644,2023-05-13,13:45:00,384.82,116,active
SH_5729,MV_3015,TH_495,SC_509,2023-09-08,13:15:00,271.36,190,active
SH_5730,MV_1436,TH_258,SC_863,2024-01-14,14:15:00,239.17,99,active
SH_5731,MV_5142,TH_168,SC_244,2023-09-19,17:30:00,284.07,107,active
SH_5732,MV_5002,TH_291,SC_214,2023-10-28,19:00:00,458.85,129,active
SH_5734,MV_1776,TH_239,SC_22,2024-05-21,17:45:00,212.26,67,active
SH_5735,MV_2775,TH_268,SC_327,2023-07-30,22:45:00,428.49,87,active
SH_5736,MV_2309,TH_405,SC_525,2024-03-08,14:00:00,284.86,90,active
SH_5737,MV_6765,TH_462,SC_636,2023-12-23,13:45:00,473.4,123,active
SH_5738,MV_6888,TH_159,SC_389,2023-11-27,15:15:00,467.45,121,active
SH_5739,MV_7511,TH_252,SC_516,2024-02-12,16:45:00,384.42,63,active
SH_5741,MV_7956,TH_61,SC_660,2025-05-30,21:45:00,247.72,169,active
SH_5742,MV_8091,TH_371,SC_308,2024-07-24,22:45:00,180.84,197,active
SH_5743,MV_202,TH_269,SC_519,2024-11-10,11:15:00,184.95,167,active
SH_5744,MV_906,TH_106,SC_469,2024-02-03,16:30:00,185.1,63,active
SH_5745,MV_1462,TH_217,SC_392,2023-03-21,17:30:00,313.44,180,active
SH_5746,MV_8538,TH_211,SC_612,2023-12-23,17:30:00,213.0,66,active
SH_5747,MV_9433,TH_13,SC_445,2024-10-26,13:15:00,322.38,93,active
SH_5748,MV_1240,TH_158,SC_592,2025-09-06,21:00:00,169.64,193,active
SH_5749,MV_1908,TH_488,SC_935,2025-08-08,22:30:00,208.52,157,active
SH_5751,MV_9741,TH_403,SC_14,2025-06-08,22:00:00,268.08,131,active
SH_5752,MV_5701,TH_403,SC_666,2025-07-25,19:30:00,193.41,155,active
SH_5753,MV_3868,TH_252,SC_295,2023-12-15,10:30:00,425.39,130,active
SH_5756,MV_9598,TH_281,SC_55,2024-07-13,11:45:00,275.11,117,active
SH_5757,MV_5694,TH_27,SC_343,2023-08-16,22:00:00,319.1,76,active
SH_5758,MV_3084,TH_426,SC_400,2023-07-08,14:45:00,200.46,104,active
SH_5759,MV_6109,TH_316,SC_117,2025-01-01,20:00:00,290.58,157,active
SH_5760,MV_8680,TH_464,SC_419,2025-12-08,15:45:00,453.98,187,active
SH_5761,MV_5337,TH_393,SC_236,2023-03-28,19:45:00,263.01,91,active
SH_5762,MV_5749,TH_150,SC_158,2023-11-14,19:45:00,278.45,189,active
SH_5763,MV_4849,TH_476,SC_244,2025-10-05,19:30:00,456.77,150,active
SH_5764,MV_7526,TH_360,SC_360,2025-12-24,16:15:00,222.54,68,active
SH_5765,MV_8139,TH_92,SC_249,2025-11-22,15:00:00,456.14,60,active
SH_5766,MV_9929,TH_475,SC_422,2023-02-23,20:45:00,191.85,160,active
SH_5767,MV_3503,TH_187,SC_784,2024-06-17,12:00:00,252.01,152,active
SH_5768,MV_3076,TH_17,SC_712,2023-09-16,10:00:00,493.15,119,active
SH_5769,MV_5780,TH_306,SC_161,2024-01-21,12:15:00,360.55,174,active
SH_5770,MV_4804,TH_258,SC_648,2024-09-03,13:30:00,474.17,198,active
SH_5771,MV_4373,TH_166,SC_375,2023-06-16,22:15:00,317.9,66,active
SH_5773,MV_9905,TH_162,SC_744,2025-09-13,17:15:00,159.33,138,active
SH_5774,MV_970,TH_332,SC_183,2025-03-29,10:15:00,372.5,130,active
SH_5777,MV_3474,TH_362,SC_681,2024-11-29,11:30:00,178.82,119,active
SH_5778,MV_9475,TH_259,SC_758,2024-05-18,12:00:00,492.34,126,active
SH_5779,MV_8511,TH_196,SC_368,2025-09-11,16:30:00,492.76,126,active
SH_5780,MV_1182,TH_387,SC_312,2025-04-19,14:15:00,368.11,139,active
SH_5781,MV_1971,TH_182,SC_62,2023-03-14,16:00:00,424.15,185,active
SH_5783,MV_2739,TH_383,SC_493,2023-11-20,19:45:00,268.41,148,active
SH_5784,MV_2738,TH_162,SC_345,2023-03-27,16:00:00,439.98,102,active
SH_5785,MV_4276,TH_34,SC_887,2023-03-16,16:45:00,321.33,143,active
SH_5786,MV_6370,TH_117,SC_976,2024-09-08,11:15:00,362.73,199,active
SH_5787,MV_4549,TH_226,SC_375,2024-06-22,16:15:00,245.64,143,active
SH_5788,MV_3955,TH_279,SC_883,2023-10-16,10:30:00,319.06,61,active
SH_5789,MV_73,TH_199,SC_259,2025-04-14,11:45:00,359.01,108,active
SH_5790,MV_3182,TH_83,SC_316,2025-06-21,20:15:00,426.0,118,active
SH_5791,MV_6794,TH_211,SC_476,2023-07-26,16:45:00,255.7,199,active
SH_5792,MV_9558,TH_65,SC_326,2024-09-14,22:30:00,329.4,99,active
SH_5793,MV_504,TH_102,SC_926,2023-06-26,13:15:00,341.55,167,active
SH_5795,MV_3045,TH_355,SC_589,2025-12-08,11:15:00,317.6,57,active
SH_5796,MV_7153,TH_34,SC_849,2024-09-26,22:45:00,338.11,127,active
SH_5797,MV_396,TH_81,SC_436,2024-06-20,12:45:00,363.84,59,active
SH_5798,MV_4055,TH_188,SC_851,2025-12-25,12:00:00,200.57,133,active
SH_5799,MV_9417,TH_388,SC_408,2023-05-08,14:15:00,432.33,131,active
SH_5800,MV_4927,TH_421,SC_905,2023-06-03,22:30:00,194.25,167,active
SH_5801,MV_1182,TH_136,SC_39,2025-06-14,21:15:00,405.77,160,active
SH_5802,MV_9766,TH_317,SC_91,2023-01-08,16:45:00,188.07,94,active
SH_5803,MV_8774,TH_237,SC_916,2023-05-20,19:00:00,201.55,122,active
SH_5804,MV_864,TH_171,SC_390,2025-08-05,11:30:00,431.27,61,active
SH_5805,MV_7306,TH_32,SC_910,2024-08-31,14:30:00,487.73,137,active
SH_5806,MV_1053,TH_379,SC_997,2023-02-17,18:15:00,403.08,66,active
SH_5808,MV_9123,TH_164,SC_731,2024-07-07,21:15:00,485.75,138,active
SH_5810,MV_6484,TH_485,SC_209,2025-07-04,15:30:00,277.06,176,active
SH_5811,MV_3009,TH_424,SC_143,2025-10-21,17:30:00,242.91,98,active
SH_5812,MV_8699,TH_122,SC_166,2024-11-07,19:45:00,438.43,53,active
SH_5813,MV_6159,TH_413,SC_315,2024-01-04,19:15:00,225.95,169,active
SH_5814,MV_1685,TH_279,SC_627,2023-01-12,13:30:00,398.5,79,active
SH_5815,MV_3692,TH_134,SC_494,2023-10-22,18:15:00,480.84,79,active
SH_5816,MV_6551,TH_208,SC_184,2023-08-27,11:45:00,390.51,60,active
SH_5817,MV_8619,TH_434,SC_191,2025-11-30,22:15:00,488.67,161,active
SH_5818,MV_6749,TH_86,SC_688,2024-02-24,13:15:00,356.43,197,active
SH_5819,MV_5531,TH_38,SC_276,2025-04-24,10:30:00,313.72,141,active
SH_5820,MV_2802,TH_97,SC_594,2025-08-17,12:15:00,411.39,103,active
SH_5821,MV_6004,TH_316,SC_82,2025-12-25,17:30:00,341.06,71,active
SH_5822,MV_4471,TH_482,SC_984,2023-12-25,15:15:00,485.28,85,active
SH_5823,MV_882,TH_97,SC_8,2025-10-31,18:15:00,245.24,59,active
SH_5824,MV_9688,TH_467,SC_661,2025-04-24,21:45:00,465.58,158,active
SH_5825,MV_2470,TH_428,SC_636,2025-07-28,16:15:00,187.22,187,active
SH_5826,MV_4318,TH_138,SC_171,2024-07-17,18:15:00,495.53,59,active
SH_5827,MV_5695,TH_246,SC_920,2024-06-15,18:30:00,279.38,51,active
SH_5828,MV_6172,TH_253,SC_964,2024-12-24,16:30:00,358.92,162,active
SH_5829,MV_2239,TH_339,SC_419,2024-07-05,15:30:00,250.86,170,active
SH_5830,MV_7510,TH_346,SC_775,2023-07-09,17:15:00,451.11,154,active
SH_5831,MV_1865,TH_75,SC_683,2025-06-04,10:30:00,312.06,75,active
SH_5832,MV_7226,TH_167,SC_302,2024-02-21,10:00:00,263.22,144,active
SH_5833,MV_3387,TH_36,SC_677,2023-12-28,17:30:00,387.09,81,active
SH_5834,MV_1316,TH_157,SC_405,2023-09-10,10:45:00,467.99,146,active
SH_5835,MV_7965,TH_261,SC_513,2023-10-04,16:00:00,254.05,126,active
SH_5836,MV_1253,TH_370,SC_518,2023-03-09,10:00:00,260.5,111,active
SH_5837,MV_4156,TH_389,SC_277,2025-05-20,20:00:00,250.59,193,active
SH_5838,MV_151,TH_117,SC_186,2025-12-30,18:00:00,247.99,193,active
SH_5839,MV_3960,TH_430,SC_139,2023-07-07,12:45:00,370.17,92,active
SH_5840,MV_7381,TH_101,SC_587,2024-04-08,20:00:00,308.47,51,active
SH_5841,MV_9452,TH_198,SC_854,2024-04-12,16:15:00,159.7,98,active
SH_5842,MV_7098,TH_196,SC_174,2023-12-12,10:15:00,170.69,145,active
SH_5843,MV_5999,TH_27,SC_426,2024-03-18,10:15:00,391.86,59,active
SH_5844,MV_2777,TH_382,SC_753,2023-09-21,16:15:00,370.0,57,active
SH_5846,MV_3028,TH_73,SC_10,2024-06-27,20:00:00,485.36,151,active
SH_5848,MV_1111,TH_308,SC_76,2024-11-03,13:15:00,367.6,192,active
SH_5849,MV_6438,TH_458,SC_604,2025-01-13,16:30:00,289.09,114,active
SH_5850,MV_1578,TH_86,SC_502,2023-07-09,16:30:00,388.94,79,active
SH_5852,MV_5368,TH_74,SC_132,2023-12-26,11:00:00,312.46,63,active
SH_5853,MV_5918,TH_387,SC_480,2025-07-02,14:15:00,227.01,72,active
SH_5855,MV_1551,TH_221,SC_823,2025-02-20,13:15:00,488.57,77,active
SH_5856,MV_5133,TH_261,SC_688,2024-02-20,22:15:00,203.65,153,active
SH_5859,MV_3782,TH_428,SC_58,2023-12-31,18:15:00,484.16,160,active
SH_5860,MV_5862,TH_329,SC_693,2025-03-11,19:45:00,161.35,70,active
SH_5861,MV_7156,TH_17,SC_769,2023-11-06,22:00:00,254.84,61,active
SH_5862,MV_5634,TH_456,SC_325,2023-02-25,15:45:00,405.74,112,active
SH_5863,MV_6452,TH_54,SC_136,2024-08-07,21:45:00,477.96,80,active
SH_5865,MV_3670,TH_395,SC_367,2023-07-04,19:30:00,286.89,71,active
SH_5866,MV_476,TH_297,SC_707,2024-05-27,18:15:00,455.72,88,active
SH_5868,MV_4217,TH_237,SC_607,2024-07-30,14:45:00,311.04,180,active
SH_5869,MV_5909,TH_338,SC_268,2024-10-22,13:45:00,179.39,162,active
SH_5871,MV_311,TH_228,SC_667,2024-06-06,18:15:00,449.89,79,active
SH_5872,MV_3937,TH_355,SC_990,2025-06-26,19:45:00,374.8,178,active
SH_5874,MV_890,TH_492,SC_146,2024-11-12,13:30:00,373.08,155,active
SH_5875,MV_9128,TH_220,SC_68,2025-02-13,11:00:00,485.33,54,active
SH_5876,MV_2095,TH_172,SC_245,2023-05-28,16:45:00,314.78,95,active
SH_5877,MV_513,TH_150,SC_740,2025-05-17,17:15:00,475.08,84,active
SH_5878,MV_4922,TH_188,SC_581,2024-09-08,16:00:00,162.74,54,active
SH_5879,MV_2498,TH_98,SC_317,2023-12-06,11:15:00,429.41,147,active
SH_5881,MV_4340,TH_4,SC_956,2023-05-03,12:45:00,211.98,162,active
SH_5882,MV_7240,TH_224,SC_87,2023-02-10,19:30:00,452.47,103,active
SH_5883,MV_5061,TH_23,SC_363,2023-02-24,13:15:00,360.51,91,active
SH_5884,MV_3591,TH_440,SC_806,2025-08-10,21:30:00,278.73,199,active
SH_5885,MV_758,TH_305,SC_128,2024-11-11,18:45:00,424.86,65,active
SH_5886,MV_226,TH_348,SC_655,2023-08-18,11:45:00,314.11,84,active
SH_5887,MV_5773,TH_132,SC_511,2025-07-25,11:15:00,184.38,83,active
SH_5888,MV_5331,TH_460,SC_394,2024-07-27,15:45:00,463.28,63,active
SH_5889,MV_6773,TH_144,SC_188,2023-07-16,20:15:00,192.54,127,active
SH_5890,MV_6856,TH_318,SC_321,2023-11-17,14:15:00,415.31,194,active
SH_5891,MV_8119,TH_267,SC_335,2025-03-13,22:00:00,195.67,156,active
SH_5892,MV_9324,TH_264,SC_391,2025-09-24,20:45:00,411.1,146,active
SH_5893,MV_3016,TH_492,SC_96,2025-06-06,21:45:00,387.18,138,active
SH_5894,MV_3633,TH_24,SC_82,2024-08-12,22:45:00,203.12,195,active
SH_5895,MV_1352,TH_310,SC_912,2024-04-01,18:30:00,434.75,175,active
SH_5896,MV_1199,TH_119,SC_87,2025-01-25,14:15:00,395.79,84,active
SH_5897,MV_8684,TH_308,SC_227,2023-01-15,12:00:00,231.61,51,active
SH_5898,MV_9277,TH_98,SC_203,2025-10-29,14:00:00,209.68,118,active
SH_5899,MV_6834,TH_201,SC_796,2025-08-18,17:15:00,150.7,196,active
SH_5900,MV_6867,TH_210,SC_139,2023-01-07,16:30:00,485.41,98,active
SH_5901,MV_1941,TH_185,SC_463,2023-02-28,10:45:00,403.01,60,active
SH_5902,MV_440,TH_315,SC_322,2025-02-28,15:30:00,240.86,181,active
SH_5903,MV_6056,TH_50,SC_990,2023-09-07,15:15:00,360.49,140,active
SH_5904,MV_9472,TH_109,SC_790,2025-09-07,13:00:00,422.18,174,active
SH_5906,MV_4883,TH_455,SC_632,2024-08-07,19:00:00,425.75,127,active
SH_5907,MV_9556,TH_429,SC_901,2025-04-30,19:30:00,427.72,140,active
SH_5908,MV_5287,TH_343,SC_205,2023-02-18,10:30:00,186.35,190,active
SH_5909,MV_7987,TH_29,SC_357,2025-10-19,19:15:00,455.88,185,active
SH_5910,MV_6606,TH_162,SC_242,2024-05-26,12:00:00,168.83,142,active
SH_5911,MV_4600,TH_452,SC_619,2025-05-04,17:30:00,407.43,180,active
SH_5913,MV_1747,TH_319,SC_593,2025-01-26,20:15:00,457.89,70,active
SH_5914,MV_8826,TH_12,SC_663,2025-03-07,17:45:00,341.26,65,active
SH_5915,MV_7747,TH_479,SC_865,2024-04-16,14:00:00,281.01,179,active
SH_5916,MV_5039,TH_224,SC_211,2023-02-16,19:30:00,354.52,99,active
SH_5917,MV_329,TH_166,SC_190,2023-01-10,10:00:00,233.86,141,active
SH_5918,MV_4086,TH_91,SC_126,2024-03-16,20:00:00,219.05,108,active
SH_5919,MV_1737,TH_319,SC_782,2024-01-17,12:15:00,253.48,174,active
SH_5920,MV_126,TH_267,SC_804,2024-10-30,10:00:00,197.61,127,active
SH_5921,MV_9708,TH_233,SC_155,2024-02-07,12:45:00,193.69,175,active
SH_5922,MV_1188,TH_162,SC_641,2023-06-07,22:00:00,475.47,118,active
SH_5923,MV_2085,TH_266,SC_639,2024-11-14,11:15:00,420.59,158,active
SH_5924,MV_990,TH_191,SC_507,2025-10-08,19:15:00,212.21,76,active
SH_5925,MV_3744,TH_262,SC_264,2023-05-15,11:15:00,199.82,142,active
SH_5926,MV_8559,TH_90,SC_651,2024-11-03,20:30:00,304.77,173,active
SH_5928,MV_2738,TH_291,SC_656,2025-06-04,11:30:00,499.6,58,active
SH_5929,MV_8803,TH_354,SC_128,2025-11-03,19:30:00,321.47,173,active
SH_5930,MV_830,TH_434,SC_658,2024-07-23,15:45:00,306.96,104,active
SH_5931,MV_8766,TH_151,SC_863,2024-10-04,22:00:00,468.69,71,active
SH_5932,MV_7246,TH_291,SC_857,2023-05-18,17:15:00,356.31,57,active
SH_5933,MV_1307,TH_29,SC_30,2025-05-29,22:45:00,284.02,145,active
SH_5936,MV_2736,TH_291,SC_899,2023-09-04,19:15:00,222.64,177,active
SH_5937,MV_8732,TH_122,SC_115,2024-12-03,19:30:00,225.73,171,active
SH_5939,MV_3322,TH_482,SC_264,2024-09-09,22:30:00,494.73,125,active
SH_5940,MV_8047,TH_431,SC_619,2025-11-09,19:30:00,477.48,123,active
SH_5941,MV_8511,TH_4,SC_516,2025-01-13,18:30:00,164.07,172,active
SH_5942,MV_9150,TH_226,SC_908,2023-05-07,10:15:00,431.19,136,active
SH_5943,MV_3795,TH_281,SC_233,2025-11-19,12:15:00,410.85,161,active
SH_5944,MV_527,TH_171,SC_674,2023-12-29,16:00:00,383.05,182,active
SH_5945,MV_1413,TH_297,SC_480,2025-04-18,18:45:00,448.56,103,active
SH_5946,MV_9247,TH_239,SC_335,2024-04-16,18:45:00,179.05,154,active
SH_5947,MV_2714,TH_417,SC_424,2024-02-24,14:15:00,239.6,139,active
SH_5948,MV_1609,TH_383,SC_441,2023-09-11,11:30:00,203.29,149,active
SH_5949,MV_5314,TH_359,SC_941,2024-05-02,15:15:00,349.71,162,active
SH_5950,MV_9701,TH_114,SC_19,2023-01-09,12:15:00,302.35,110,active
SH_5951,MV_3988,TH_311,SC_74,2025-04-19,12:00:00,164.38,106,active
SH_5952,MV_3362,TH_1,SC_67,2023-09-26,12:15:00,398.37,94,active
SH_5953,MV_8512,TH_205,SC_730,2025-01-06,17:45:00,450.24,169,active
SH_5954,MV_2715,TH_123,SC_516,2023-04-07,18:30:00,488.77,92,active
SH_5955,MV_3720,TH_27,SC_149,2025-03-29,16:45:00,234.66,87,active
SH_5956,MV_2647,TH_101,SC_280,2023-11-03,18:15:00,243.68,146,active
SH_5957,MV_2678,TH_367,SC_883,2024-07-15,18:45:00,464.29,156,active
SH_5958,MV_1244,TH_279,SC_515,2025-12-26,13:45:00,329.2,197,active
SH_5959,MV_4750,TH_19,SC_49,2023-11-11,17:30:00,220.17,155,active
SH_5961,MV_9172,TH_217,SC_654,2024-06-14,18:45:00,445.47,93,active
SH_5962,MV_7555,TH_178,SC_100,2024-05-06,10:45:00,377.76,199,active
SH_5963,MV_444,TH_192,SC_690,2023-06-26,15:45:00,390.83,51,active
SH_5964,MV_2770,TH_138,SC_228,2025-06-17,20:15:00,465.61,153,active
SH_5965,MV_3223,TH_335,SC_937,2025-03-16,16:45:00,462.59,75,active
SH_5967,MV_2769,TH_101,SC_892,2025-06-10,20:15:00,239.54,132,active
SH_5968,MV_5440,TH_8,SC_894,2023-12-23,12:30:00,151.19,141,active
SH_5969,MV_2335,TH_439,SC_921,2025-07-24,10:15:00,430.89,102,active
SH_5970,MV_1668,TH_24,SC_148,2024-10-22,11:00:00,378.97,151,active
SH_5972,MV_2211,TH_2,SC_268,2025-11-16,11:45:00,473.43,109,active
SH_5973,MV_2955,TH_105,SC_544,2023-05-25,22:45:00,247.57,179,active
SH_5975,MV_1842,TH_305,SC_592,2025-09-07,14:15:00,178.32,58,active
SH_5976,MV_5131,TH_441,SC_538,2025-09-22,12:00:00,279.12,141,active
SH_5977,MV_2613,TH_365,SC_183,2023-01-17,22:30:00,445.34,97,active
SH_5978,MV_5947,TH_401,SC_152,2025-06-18,17:30:00,494.5,123,active
SH_5979,MV_771,TH_153,SC_460,2024-08-16,11:00:00,289.98,72,active
SH_5980,MV_9585,TH_337,SC_585,2025-03-31,12:00:00,495.41,134,active
SH_5981,MV_1978,TH_425,SC_986,2023-04-24,21:45:00,239.94,192,active
SH_5982,MV_757,TH_156,SC_234,2023-04-07,15:45:00,187.15,70,active
SH_5983,MV_3761,TH_340,SC_27,2025-09-13,21:00:00,485.77,161,active
SH_5984,MV_3788,TH_316,SC_545,2023-04-20,22:45:00,262.88,59,active
SH_5985,MV_8340,TH_192,SC_63,2025-05-22,20:15:00,366.95,108,active
SH_5986,MV_325,TH_373,SC_926,2025-12-13,12:15:00,214.42,93,active
SH_5987,MV_5313,TH_40,SC_309,2023-11-18,21:00:00,327.01,174,active
SH_5988,MV_9350,TH_391,SC_215,2024-11-09,14:00:00,211.11,189,active
SH_5989,MV_5224,TH_355,SC_758,2024-08-01,14:15:00,308.74,111,active
SH_5990,MV_3875,TH_196,SC_445,2025-06-17,18:15:00,310.96,71,active
SH_5991,MV_2154,TH_440,SC_508,2025-03-09,18:30:00,484.09,72,active
SH_5992,MV_2959,TH_353,SC_271,2024-05-22,14:30:00,240.74,92,active
SH_5993,MV_7433,TH_36,SC_412,2024-03-16,12:15:00,228.23,77,active
SH_5994,MV_3578,TH_215,SC_905,2023-12-21,19:30:00,336.04,109,active
SH_5995,MV_5890,TH_369,SC_291,2023-12-11,10:15:00,389.53,69,active
SH_5996,MV_5720,TH_453,SC_76,2025-01-27,20:30:00,241.69,158,active
SH_5997,MV_7891,TH_193,SC_196,2025-07-07,18:30:00,388.02,199,active
SH_5998,MV_210,TH_153,SC_101,2023-06-09,15:45:00,340.43,60,active
SH_5999,MV_9600,TH_260,SC_819,2023-05-23,11:00:00,253.78,51,active
SH_6001,MV_1277,TH_374,SC_142,2024-10-27,18:15:00,441.1,53,active
SH_6002,MV_8842,TH_421,SC_11,2023-05-15,17:15:00,456.01,105,active
SH_6003,MV_4305,TH_300,SC_167,2024-04-02,20:15:00,408.87,199,active
SH_6004,MV_4764,TH_48,SC_854,2025-03-29,20:30:00,398.77,174,active
SH_6006,MV_3343,TH_249,SC_167,2024-10-16,22:45:00,460.23,86,active
SH_6007,MV_2480,TH_446,SC_352,2024-12-27,20:45:00,362.91,105,active
SH_6008,MV_7960,TH_235,SC_192,2024-12-25,12:30:00,263.92,81,active
SH_6009,MV_8329,TH_240,SC_93,2025-03-16,16:45:00,294.66,156,active
SH_6010,MV_1280,TH_59,SC_14,2024-08-22,17:30:00,457.25,57,active
SH_6011,MV_5558,TH_242,SC_17,2023-12-01,16:15:00,452.69,65,active
SH_6012,MV_2347,TH_342,SC_214,2025-02-13,20:45:00,318.94,102,active
SH_6013,MV_3544,TH_352,SC_845,2025-02-25,10:30:00,235.9,128,active
SH_6014,MV_4131,TH_410,SC_99,2023-07-12,11:45:00,275.74,59,active
SH_6015,MV_6143,TH_53,SC_312,2024-09-13,13:15:00,340.83,148,active
SH_6016,MV_6008,TH_332,SC_153,2023-02-02,12:45:00,423.52,151,active
SH_6017,MV_7672,TH_166,SC_389,2025-02-10,20:45:00,461.01,120,active
SH_6018,MV_9474,TH_349,SC_57,2025-09-02,13:00:00,313.31,119,active
SH_6019,MV_5454,TH_210,SC_89,2025-02-25,12:00:00,358.33,94,active
SH_6020,MV_1382,TH_24,SC_888,2023-03-19,15:30:00,154.52,56,active
SH_6021,MV_718,TH_226,SC_629,2025-07-10,13:45:00,492.13,104,active
SH_6022,MV_4170,TH_253,SC_201,2025-10-02,11:00:00,497.83,143,active
SH_6023,MV_3206,TH_330,SC_750,2025-12-18,20:45:00,408.84,194,active
SH_6024,MV_9082,TH_342,SC_802,2024-12-06,18:30:00,227.2,78,active
SH_6025,MV_8384,TH_265,SC_427,2023-08-11,10:15:00,258.76,153,active
SH_6026,MV_8452,TH_27,SC_194,2023-11-01,22:30:00,156.57,72,active
SH_6027,MV_3330,TH_385,SC_12,2023-06-12,20:30:00,195.35,54,active
SH_6028,MV_5099,TH_78,SC_478,2025-09-01,17:30:00,460.41,111,active
SH_6030,MV_6025,TH_111,SC_657,2024-04-07,22:45:00,229.47,173,active
SH_6031,MV_8327,TH_235,SC_525,2025-08-04,17:45:00,169.81,149,active
SH_6032,MV_9539,TH_322,SC_757,2023-03-27,13:30:00,396.64,81,active
SH_6033,MV_2194,TH_161,SC_671,2024-06-21,14:15:00,368.76,64,active
SH_6035,MV_199,TH_182,SC_64,2025-04-07,20:00:00,427.72,184,active
SH_6036,MV_2798,TH_265,SC_207,2023-05-04,16:45:00,435.11,168,active
SH_6038,MV_7613,TH_110,SC_652,2023-02-27,22:45:00,237.23,90,active
SH_6039,MV_5290,TH_240,SC_137,2024-04-19,14:45:00,193.98,197,active
SH_6040,MV_8748,TH_428,SC_294,2023-08-21,22:15:00,252.26,57,active
SH_6041,MV_6369,TH_51,SC_378,2025-12-26,22:00:00,244.55,59,active
SH_6042,MV_8168,TH_373,SC_763,2023-02-22,20:45:00,254.22,173,active
SH_6043,MV_2789,TH_471,SC_865,2025-11-29,22:45:00,376.9,146,active
SH_6045,MV_8385,TH_470,SC_505,2025-04-09,21:15:00,173.81,157,active
SH_6046,MV_4780,TH_141,SC_135,2025-12-28,11:45:00,378.47,67,active
SH_6047,MV_2556,TH_166,SC_166,2024-12-15,13:30:00,472.06,119,active
SH_6048,MV_2611,TH_154,SC_161,2025-05-19,19:30:00,377.48,99,active
SH_6049,MV_5844,TH_432,SC_594,2025-08-17,10:00:00,161.14,128,active
SH_6050,MV_9704,TH_459,SC_337,2024-08-23,18:00:00,435.94,120,active
SH_6051,MV_1917,TH_34,SC_990,2025-12-12,20:00:00,292.92,108,active
SH_6052,MV_7336,TH_100,SC_49,2024-11-24,17:00:00,362.31,162,active
SH_6053,MV_5989,TH_418,SC_100,2024-01-16,14:45:00,205.03,138,active
SH_6054,MV_2686,TH_437,SC_230,2024-11-13,19:30:00,383.07,184,active
SH_6055,MV_4678,TH_425,SC_136,2025-05-30,22:00:00,309.92,93,active
SH_6056,MV_173,TH_333,SC_321,2023-11-29,13:15:00,407.75,133,active
SH_6057,MV_9281,TH_450,SC_740,2025-10-24,16:30:00,291.89,165,active
SH_6058,MV_8039,TH_213,SC_654,2024-12-01,14:30:00,284.08,59,active
SH_6059,MV_9439,TH_200,SC_301,2025-04-13,13:30:00,392.46,179,active
SH_6060,MV_8185,TH_395,SC_84,2025-08-05,11:00:00,229.45,162,active
SH_6063,MV_4599,TH_276,SC_986,2024-02-07,14:45:00,419.94,119,active
SH_6064,MV_6077,TH_392,SC_23,2025-10-14,19:15:00,202.68,101,active
SH_6065,MV_4883,TH_297,SC_581,2023-09-02,13:00:00,275.44,194,active
SH_6066,MV_8176,TH_184,SC_99,2025-10-12,13:00:00,354.56,61,active
SH_6067,MV_9732,TH_92,SC_612,2024-07-01,13:00:00,277.38,122,active
SH_6069,MV_8226,TH_96,SC_106,2025-05-25,16:45:00,390.41,93,active
SH_6070,MV_7770,TH_469,SC_672,2025-02-27,10:00:00,271.99,165,active
SH_6071,MV_6222,TH_115,SC_612,2023-07-12,16:30:00,175.79,58,active
SH_6073,MV_5781,TH_99,SC_987,2023-03-05,21:30:00,447.51,139,active
SH_6074,MV_6416,TH_333,SC_868,2024-05-02,16:15:00,299.14,103,active
SH_6075,MV_6022,TH_27,SC_856,2023-03-27,20:45:00,393.31,57,active
SH_6077,MV_2033,TH_432,SC_269,2025-11-07,19:15:00,390.23,152,active
SH_6079,MV_7428,TH_255,SC_93,2023-10-26,12:45:00,267.68,160,active
SH_6080,MV_2796,TH_8,SC_214,2024-05-25,20:30:00,376.69,60,active
SH_6081,MV_741,TH_49,SC_106,2024-07-12,22:45:00,177.53,145,active
SH_6082,MV_4752,TH_308,SC_75,2023-07-30,11:30:00,378.02,171,active
SH_6083,MV_1978,TH_138,SC_516,2023-11-11,13:00:00,440.84,173,active
SH_6084,MV_4984,TH_97,SC_930,2024-02-08,13:00:00,452.19,178,active
SH_6085,MV_233,TH_280,SC_206,2023-04-21,17:00:00,219.16,181,active
SH_6086,MV_6606,TH_483,SC_262,2024-04-26,21:45:00,393.88,104,active
SH_6087,MV_1324,TH_171,SC_169,2023-08-27,16:15:00,168.43,54,active
SH_6088,MV_729,TH_487,SC_859,2024-12-09,19:45:00,298.14,112,active
SH_6089,MV_8360,TH_54,SC_650,2025-07-12,14:30:00,190.09,69,active
SH_6090,MV_4071,TH_41,SC_875,2024-08-27,14:45:00,260.0,197,active
SH_6091,MV_1734,TH_338,SC_631,2024-10-07,11:45:00,285.82,116,active
SH_6092,MV_6016,TH_463,SC_894,2025-02-13,21:30:00,276.64,106,active
SH_6093,MV_5396,TH_151,SC_201,2024-07-05,16:15:00,354.8,93,active
SH_6094,MV_5953,TH_100,SC_690,2023-11-23,12:30:00,358.7,156,active
SH_6095,MV_8627,TH_461,SC_885,2024-04-30,20:15:00,416.35,83,active
SH_6096,MV_1982,TH_80,SC_5,2025-09-28,10:00:00,391.48,112,active
SH_6097,MV_9736,TH_262,SC_379,2024-06-17,19:15:00,183.54,51,active
SH_6098,MV_9111,TH_178,SC_622,2024-02-05,13:45:00,284.6,95,active
SH_6099,MV_1269,TH_48,SC_241,2024-05-26,11:00:00,215.76,57,active
SH_6101,MV_9062,TH_325,SC_731,2025-05-22,12:30:00,178.23,121,active
SH_6102,MV_6578,TH_390,SC_75,2024-08-04,11:45:00,163.79,103,active
SH_6103,MV_7330,TH_297,SC_161,2024-01-19,15:15:00,159.99,190,active
SH_6104,MV_2871,TH_364,SC_780,2025-06-18,22:45:00,356.02,148,active
SH_6105,MV_9297,TH_443,SC_453,2025-07-08,13:15:00,191.46,195,active
SH_6106,MV_4205,TH_131,SC_786,2024-03-29,17:30:00,400.42,193,active
SH_6107,MV_7204,TH_177,SC_190,2024-11-25,10:30:00,251.18,187,active
SH_6108,MV_1905,TH_423,SC_99,2023-09-19,14:00:00,483.53,181,active
SH_6109,MV_1939,TH_201,SC_208,2024-10-15,19:45:00,386.82,140,active
SH_6111,MV_5686,TH_473,SC_857,2023-01-28,18:15:00,251.13,95,active
SH_6112,MV_3303,TH_196,SC_952,2023-11-11,19:45:00,245.98,107,active
SH_6113,MV_10,TH_110,SC_527,2024-10-29,19:15:00,256.96,80,active
SH_6114,MV_4408,TH_185,SC_516,2025-11-16,13:30:00,345.49,89,active
SH_6115,MV_730,TH_188,SC_358,2023-01-14,22:00:00,243.41,186,active
SH_6116,MV_4315,TH_495,SC_671,2025-06-23,15:15:00,333.38,110,active
SH_6117,MV_8749,TH_480,SC_402,2023-07-17,21:00:00,160.31,109,active
SH_6119,MV_3048,TH_391,SC_424,2025-10-05,17:15:00,189.85,189,active
SH_6120,MV_8749,TH_307,SC_540,2023-01-02,17:45:00,327.3,96,active
SH_6121,MV_9601,TH_98,SC_969,2024-05-30,14:45:00,356.97,67,active
SH_6122,MV_7424,TH_45,SC_690,2023-11-13,19:15:00,226.75,158,active
SH_6123,MV_738,TH_25,SC_816,2023-04-24,15:45:00,445.95,79,active
SH_6124,MV_412,TH_206,SC_896,2023-01-06,21:00:00,305.36,130,active
SH_6125,MV_5195,TH_443,SC_234,2025-12-13,17:45:00,266.78,149,active
SH_6126,MV_1524,TH_148,SC_354,2023-06-08,18:15:00,322.18,107,active
SH_6127,MV_1519,TH_151,SC_778,2024-03-10,12:45:00,358.25,85,active
SH_6128,MV_2852,TH_5,SC_872,2025-10-31,10:30:00,196.5,105,active
SH_6129,MV_935,TH_382,SC_599,2025-06-30,20:45:00,360.62,175,active
SH_6130,MV_6670,TH_377,SC_908,2023-02-11,20:45:00,419.91,172,active
SH_6131,MV_6583,TH_55,SC_894,2023-01-16,10:45:00,402.56,146,active
SH_6132,MV_1327,TH_92,SC_30,2025-12-27,12:00:00,431.42,103,active
SH_6133,MV_5475,TH_488,SC_856,2023-02-01,12:45:00,445.91,131,active
SH_6134,MV_8848,TH_410,SC_9,2024-07-17,16:30:00,291.05,176,active
SH_6135,MV_7491,TH_105,SC_876,2025-02-01,21:45:00,273.54,141,active
SH_6136,MV_1378,TH_35,SC_829,2025-06-25,22:00:00,426.55,159,active
SH_6137,MV_6192,TH_408,SC_158,2023-08-23,11:30:00,173.36,53,active
SH_6138,MV_7165,TH_30,SC_142,2024-07-06,10:00:00,284.6,130,active
SH_6139,MV_6223,TH_81,SC_747,2024-12-22,20:15:00,243.16,143,active
SH_6140,MV_6603,TH_18,SC_314,2023-12-26,22:30:00,175.64,75,active
SH_6141,MV_3297,TH_82,SC_411,2023-04-05,16:00:00,365.37,148,active
SH_6142,MV_1740,TH_143,SC_630,2025-02-22,12:15:00,166.87,127,active
SH_6144,MV_7670,TH_75,SC_142,2025-02-24,12:45:00,162.13,56,active
SH_6145,MV_898,TH_400,SC_939,2024-03-25,10:30:00,428.49,83,active
SH_6146,MV_9322,TH_160,SC_978,2024-08-14,12:15:00,226.11,151,active
SH_6147,MV_6656,TH_395,SC_660,2023-06-22,10:15:00,227.09,198,active
SH_6148,MV_1650,TH_44,SC_824,2023-09-16,14:30:00,351.34,169,active
SH_6149,MV_5862,TH_360,SC_469,2024-09-14,17:30:00,386.9,167,active
SH_6150,MV_4628,TH_184,SC_468,2024-07-16,10:30:00,223.07,161,active
SH_6151,MV_3779,TH_150,SC_351,2023-04-04,10:45:00,180.32,94,active
SH_6152,MV_2666,TH_17,SC_760,2024-10-04,15:45:00,312.2,122,active
SH_6154,MV_3035,TH_428,SC_985,2023-02-19,15:15:00,457.11,82,active
SH_6155,MV_4673,TH_236,SC_963,2024-07-19,16:30:00,231.7,61,active
SH_6156,MV_6728,TH_424,SC_159,2024-07-31,21:30:00,481.32,192,active
SH_6157,MV_9162,TH_68,SC_201,2023-10-29,18:00:00,356.79,70,active
SH_6158,MV_8692,TH_475,SC_64,2025-06-15,13:00:00,279.19,189,active
SH_6159,MV_2922,TH_443,SC_394,2024-12-09,20:45:00,168.12,102,active
SH_6160,MV_5369,TH_165,SC_163,2025-03-21,14:00:00,337.62,124,active
SH_6161,MV_3087,TH_435,SC_115,2024-05-11,21:30:00,364.98,116,active
SH_6162,MV_4975,TH_14,SC_183,2024-11-09,14:15:00,428.14,176,active
SH_6164,MV_9540,TH_82,SC_88,2023-07-15,22:00:00,463.88,79,active
SH_6165,MV_7373,TH_442,SC_248,2025-03-02,12:45:00,218.03,119,active
SH_6166,MV_6545,TH_451,SC_198,2024-10-13,14:45:00,179.65,128,active
SH_6167,MV_8407,TH_75,SC_187,2025-03-21,12:15:00,202.67,135,active
SH_6168,MV_6420,TH_42,SC_130,2024-01-10,10:45:00,374.03,74,active
SH_6169,MV_9776,TH_82,SC_93,2023-07-24,21:30:00,410.37,185,active
SH_6170,MV_3311,TH_315,SC_284,2025-07-02,19:15:00,190.84,189,active
SH_6171,MV_8628,TH_246,SC_364,2025-05-01,15:00:00,154.91,127,active
SH_6172,MV_772,TH_385,SC_322,2023-08-16,16:45:00,484.25,129,active
SH_6173,MV_7202,TH_268,SC_265,2025-12-13,18:00:00,404.08,144,active
SH_6176,MV_5430,TH_103,SC_237,2024-05-21,12:30:00,206.36,192,active
SH_6177,MV_8191,TH_121,SC_13,2025-07-29,11:30:00,428.84,105,active
SH_6178,MV_3584,TH_270,SC_636,2025-07-30,20:45:00,341.51,137,active
SH_6180,MV_525,TH_393,SC_336,2023-09-25,12:15:00,273.02,144,active
SH_6181,MV_5269,TH_302,SC_291,2025-05-20,19:15:00,151.45,183,active
SH_6182,MV_5419,TH_55,SC_183,2023-06-09,16:15:00,446.9,69,active
SH_6183,MV_8526,TH_405,SC_709,2025-01-23,17:00:00,388.9,125,active
SH_6184,MV_4070,TH_350,SC_453,2023-10-03,16:15:00,321.87,77,active
SH_6186,MV_6305,TH_372,SC_44,2025-06-20,22:30:00,344.24,77,active
SH_6187,MV_6737,TH_326,SC_978,2024-05-10,19:00:00,426.75,162,active
SH_6188,MV_2222,TH_168,SC_286,2023-05-21,14:45:00,458.11,135,active
SH_6189,MV_31,TH_102,SC_120,2024-10-02,19:00:00,329.96,84,active
SH_6190,MV_5975,TH_301,SC_725,2024-07-01,12:45:00,165.92,184,active
SH_6191,MV_3535,TH_88,SC_607,2024-05-08,16:15:00,273.51,55,active
SH_6192,MV_8403,TH_160,SC_592,2025-11-14,14:15:00,422.93,176,active
SH_6193,MV_6956,TH_437,SC_639,2025-06-01,11:45:00,386.29,187,active
SH_6194,MV_3500,TH_389,SC_458,2024-07-12,11:00:00,429.41,88,active
SH_6195,MV_3455,TH_284,SC_494,2023-06-07,11:45:00,391.49,152,active
SH_6196,MV_7094,TH_249,SC_796,2025-12-13,19:30:00,376.3,125,active
SH_6197,MV_395,TH_49,SC_558,2024-03-21,22:45:00,341.1,147,active
SH_6198,MV_9585,TH_92,SC_814,2025-08-24,15:30:00,167.17,173,active
SH_6199,MV_7772,TH_489,SC_651,2025-07-07,11:45:00,269.52,171,active
SH_6200,MV_2111,TH_500,SC_495,2023-04-12,10:30:00,219.83,189,active
SH_6201,MV_503,TH_28,SC_144,2024-01-20,18:15:00,296.63,121,active
SH_6202,MV_8081,TH_318,SC_565,2024-01-12,22:00:00,284.91,86,active
SH_6203,MV_2833,TH_242,SC_466,2025-02-27,13:00:00,336.21,63,active
SH_6204,MV_2743,TH_34,SC_616,2024-11-17,22:45:00,456.35,122,active
SH_6205,MV_6168,TH_430,SC_413,2023-01-19,19:45:00,151.48,69,active
SH_6206,MV_8366,TH_261,SC_849,2023-01-08,19:15:00,184.17,93,active
SH_6207,MV_4748,TH_465,SC_576,2024-07-09,15:45:00,403.01,151,active
SH_6209,MV_4802,TH_99,SC_122,2025-09-12,21:00:00,265.22,71,active
SH_6210,MV_1424,TH_460,SC_580,2023-05-21,11:15:00,315.4,113,active
SH_6211,MV_5632,TH_279,SC_483,2025-11-10,22:45:00,325.75,54,active
SH_6212,MV_5943,TH_100,SC_258,2023-06-07,17:00:00,242.8,186,active
SH_6213,MV_467,TH_16,SC_294,2023-01-28,17:15:00,409.1,199,active
SH_6214,MV_6614,TH_487,SC_799,2023-07-12,18:00:00,154.96,59,active
SH_6215,MV_8110,TH_431,SC_926,2023-10-13,16:15:00,219.0,122,active
SH_6216,MV_8899,TH_228,SC_228,2023-03-28,19:45:00,350.56,199,active
SH_6217,MV_954,TH_401,SC_536,2024-06-03,13:15:00,453.36,153,active
SH_6219,MV_3087,TH_381,SC_446,2025-05-14,15:45:00,338.08,121,active
SH_6220,MV_7567,TH_111,SC_570,2023-01-19,20:00:00,389.91,148,active
SH_6221,MV_1423,TH_369,SC_341,2025-10-29,14:15:00,349.25,116,active
SH_6222,MV_1665,TH_211,SC_748,2023-08-08,10:15:00,331.69,75,active
SH_6223,MV_6772,TH_363,SC_127,2024-07-29,21:30:00,428.92,185,active
SH_6224,MV_3224,TH_496,SC_756,2025-09-13,21:45:00,300.31,176,active
SH_6226,MV_3356,TH_461,SC_341,2023-01-28,17:15:00,258.94,198,active
SH_6227,MV_8408,TH_179,SC_395,2023-09-12,21:00:00,369.72,142,active
SH_6228,MV_2311,TH_312,SC_740,2025-09-21,10:30:00,356.49,137,active
SH_6229,MV_7239,TH_195,SC_294,2023-05-30,21:15:00,339.43,185,active
SH_6230,MV_3355,TH_1,SC_118,2023-04-04,12:45:00,494.35,69,active
SH_6231,MV_851,TH_399,SC_150,2025-03-17,12:00:00,310.68,134,active
SH_6233,MV_1624,TH_278,SC_814,2023-10-04,21:45:00,234.52,76,active
SH_6234,MV_4846,TH_482,SC_271,2025-12-13,22:15:00,369.58,62,active
SH_6235,MV_2044,TH_333,SC_60,2025-06-05,19:45:00,162.47,78,active
SH_6236,MV_9774,TH_386,SC_456,2025-09-19,12:30:00,297.7,195,active
SH_6238,MV_5574,TH_497,SC_906,2024-08-04,14:15:00,214.59,68,active
SH_6239,MV_1544,TH_39,SC_404,2024-06-05,21:45:00,201.73,160,active
SH_6240,MV_1312,TH_458,SC_529,2024-06-09,21:00:00,498.97,188,active
SH_6241,MV_3138,TH_475,SC_824,2024-04-05,12:30:00,407.7,142,active
SH_6242,MV_7155,TH_43,SC_799,2025-08-13,21:30:00,203.5,70,active
SH_6243,MV_2067,TH_379,SC_731,2025-10-24,20:00:00,246.25,163,active
SH_6244,MV_2717,TH_61,SC_197,2023-06-05,16:15:00,302.99,119,active
SH_6245,MV_1220,TH_300,SC_803,2025-09-23,22:30:00,312.57,109,active
SH_6246,MV_2204,TH_494,SC_198,2023-07-09,19:30:00,396.09,89,active
SH_6247,MV_8111,TH_266,SC_350,2025-12-01,21:45:00,218.29,104,active
SH_6248,MV_5962,TH_483,SC_227,2025-09-16,13:00:00,192.77,104,active
SH_6249,MV_894,TH_142,SC_94,2023-05-06,16:45:00,235.7,90,active
SH_6250,MV_4093,TH_46,SC_31,2023-11-15,17:15:00,163.72,188,active
SH_6251,MV_2454,TH_389,SC_958,2025-12-27,18:30:00,351.41,159,active
SH_6252,MV_5254,TH_348,SC_273,2024-12-22,12:45:00,342.43,191,active
SH_6254,MV_2045,TH_130,SC_711,2023-10-09,18:00:00,346.99,181,active
SH_6255,MV_190,TH_220,SC_531,2024-10-10,10:30:00,469.8,197,active
SH_6256,MV_1867,TH_433,SC_110,2025-08-14,14:30:00,387.98,98,active
SH_6257,MV_8292,TH_154,SC_88,2024-12-22,11:30:00,213.26,190,active
SH_6258,MV_8309,TH_3,SC_81,2023-04-11,19:15:00,276.75,168,active
SH_6259,MV_2438,TH_88,SC_828,2023-03-20,16:00:00,497.08,159,active
SH_6260,MV_9552,TH_199,SC_711,2023-01-31,20:30:00,486.37,64,active
SH_6261,MV_9017,TH_132,SC_525,2023-07-17,21:00:00,402.17,70,active
SH_6262,MV_3410,TH_93,SC_591,2025-07-26,12:15:00,382.19,119,active
SH_6263,MV_3580,TH_215,SC_584,2024-05-18,22:00:00,306.67,160,active
SH_6264,MV_1115,TH_454,SC_19,2023-07-16,18:30:00,405.91,169,active
SH_6265,MV_5746,TH_72,SC_625,2025-03-05,11:00:00,248.45,68,active
SH_6266,MV_3714,TH_125,SC_69,2025-07-22,20:45:00,231.49,68,active
SH_6267,MV_140,TH_180,SC_101,2024-02-27,21:15:00,236.6,73,active
SH_6268,MV_436,TH_15,SC_950,2023-10-05,15:45:00,212.47,158,active
SH_6269,MV_5963,TH_163,SC_53,2024-09-06,22:45:00,427.42,93,active
SH_6270,MV_100,TH_234,SC_564,2024-12-10,14:00:00,171.75,189,active
SH_6271,MV_7701,TH_91,SC_116,2024-07-05,13:15:00,163.47,158,active
SH_6272,MV_8664,TH_219,SC_67,2023-11-28,16:00:00,197.53,177,active
SH_6273,MV_3183,TH_429,SC_130,2025-10-31,15:45:00,489.57,161,active
SH_6274,MV_8351,TH_100,SC_487,2024-06-19,16:30:00,335.85,117,active
SH_6275,MV_9213,TH_94,SC_267,2024-03-11,17:00:00,200.21,76,active
SH_6276,MV_4637,TH_327,SC_994,2023-03-18,17:30:00,205.44,153,active
SH_6277,MV_1943,TH_193,SC_814,2023-05-29,10:30:00,314.92,162,active
SH_6278,MV_447,TH_486,SC_999,2025-05-18,19:45:00,213.68,195,active
SH_6279,MV_5474,TH_429,SC_581,2024-05-30,12:00:00,211.79,110,active
SH_6280,MV_3364,TH_18,SC_179,2025-02-04,13:45:00,231.14,185,active
SH_6281,MV_8072,TH_222,SC_176,2025-09-28,21:30:00,489.72,114,active
SH_6282,MV_5551,TH_257,SC_357,2023-04-23,20:00:00,405.25,130,active
SH_6283,MV_9171,TH_382,SC_527,2024-07-09,17:45:00,204.93,157,active
SH_6284,MV_4520,TH_172,SC_157,2024-06-10,18:15:00,154.5,163,active
SH_6285,MV_3830,TH_180,SC_892,2023-11-17,19:30:00,249.1,158,active
SH_6286,MV_4044,TH_351,SC_633,2025-09-23,10:00:00,292.03,149,active
SH_6287,MV_9704,TH_87,SC_978,2023-07-11,22:30:00,278.16,146,active
SH_6288,MV_3414,TH_213,SC_987,2023-09-22,13:45:00,329.28,160,active
SH_6289,MV_4475,TH_484,SC_411,2024-12-10,11:15:00,459.2,146,active
SH_6290,MV_1884,TH_149,SC_957,2024-09-14,18:45:00,410.11,99,active
SH_6291,MV_7021,TH_394,SC_928,2024-06-02,18:00:00,261.79,108,active
SH_6292,MV_3999,TH_497,SC_974,2023-01-10,11:00:00,198.21,127,active
SH_6293,MV_5934,TH_108,SC_981,2023-09-05,14:15:00,482.99,154,active
SH_6294,MV_528,TH_354,SC_900,2023-07-23,16:15:00,372.67,71,active
SH_6295,MV_2466,TH_161,SC_123,2023-05-22,21:45:00,275.41,65,active
SH_6296,MV_1761,TH_382,SC_463,2025-06-10,22:30:00,173.92,60,active
SH_6297,MV_3196,TH_406,SC_474,2024-08-18,10:15:00,228.04,191,active
SH_6298,MV_7751,TH_325,SC_221,2025-11-30,17:00:00,493.86,85,active
SH_6300,MV_420,TH_44,SC_409,2023-08-10,22:30:00,476.29,67,active
SH_6303,MV_663,TH_283,SC_921,2024-10-19,11:30:00,344.77,106,active
SH_6304,MV_654,TH_358,SC_888,2025-09-12,20:45:00,298.62,60,active
SH_6305,MV_5810,TH_38,SC_986,2023-01-15,22:45:00,294.96,179,active
SH_6308,MV_7801,TH_309,SC_149,2025-08-02,13:00:00,219.8,197,active
SH_6309,MV_6941,TH_423,SC_759,2024-01-25,21:30:00,469.82,82,active
SH_6310,MV_3334,TH_488,SC_399,2025-03-03,15:45:00,427.24,130,active
SH_6311,MV_5351,TH_192,SC_475,2025-05-14,14:15:00,487.38,155,active
SH_6312,MV_4800,TH_147,SC_79,2025-08-20,15:30:00,368.69,145,active
SH_6313,MV_8553,TH_497,SC_331,2025-07-11,22:30:00,303.63,88,active
SH_6315,MV_1254,TH_270,SC_408,2024-06-02,21:15:00,384.53,62,active
SH_6316,MV_8027,TH_37,SC_360,2024-10-20,10:00:00,323.07,176,active
SH_6317,MV_8689,TH_379,SC_186,2025-11-07,15:30:00,289.95,127,active
SH_6318,MV_759,TH_376,SC_950,2023-08-02,20:30:00,303.91,161,active
SH_6319,MV_3918,TH_371,SC_561,2023-05-02,14:15:00,279.5,196,active
SH_6320,MV_4320,TH_374,SC_111,2024-09-27,17:45:00,491.95,148,active
SH_6321,MV_5939,TH_243,SC_988,2024-11-09,21:00:00,335.88,102,active
SH_6322,MV_3094,TH_293,SC_277,2024-05-29,15:00:00,437.43,182,active
SH_6323,MV_4281,TH_135,SC_934,2024-12-11,14:00:00,391.71,134,active
SH_6324,MV_8577,TH_485,SC_867,2024-11-22,15:15:00,309.66,121,active
SH_6325,MV_5465,TH_427,SC_589,2023-06-14,17:30:00,417.26,184,active
SH_6326,MV_4956,TH_337,SC_956,2025-03-05,21:15:00,229.42,116,active
SH_6327,MV_2879,TH_487,SC_725,2023-01-23,10:00:00,364.83,111,active
SH_6328,MV_4260,TH_14,SC_90,2023-12-04,14:45:00,174.15,163,active
SH_6329,MV_1433,TH_182,SC_361,2025-12-16,18:00:00,421.07,186,active
SH_6330,MV_191,TH_202,SC_233,2025-08-19,19:15:00,151.62,72,active
SH_6331,MV_8656,TH_177,SC_333,2024-07-26,14:30:00,300.38,102,active
SH_6332,MV_9271,TH_451,SC_234,2024-01-26,21:15:00,455.62,78,active
SH_6333,MV_2105,TH_447,SC_979,2024-04-28,13:15:00,346.68,194,active
SH_6334,MV_108,TH_387,SC_712,2023-02-20,18:00:00,375.65,118,active
SH_6335,MV_9579,TH_68,SC_910,2023-01-07,20:45:00,261.71,78,active
SH_6336,MV_2326,TH_30,SC_407,2025-05-13,10:15:00,367.55,127,active
SH_6337,MV_4912,TH_214,SC_710,2023-03-05,10:15:00,296.8,80,active
SH_6338,MV_9677,TH_277,SC_598,2025-07-05,13:00:00,223.9,124,active
SH_6339,MV_7687,TH_69,SC_146,2024-11-16,15:15:00,240.4,177,active
SH_6340,MV_1793,TH_330,SC_129,2025-11-04,22:15:00,245.93,57,active
SH_6341,MV_242,TH_119,SC_87,2024-01-10,13:30:00,306.11,171,active
SH_6342,MV_5239,TH_258,SC_597,2023-05-28,21:30:00,441.19,55,active
SH_6343,MV_6400,TH_101,SC_373,2025-09-22,17:00:00,296.8,86,active
SH_6345,MV_9619,TH_162,SC_167,2024-06-13,18:30:00,427.88,198,active
SH_6346,MV_5391,TH_398,SC_941,2024-04-28,10:00:00,395.14,142,active
SH_6347,MV_5098,TH_126,SC_390,2024-09-13,22:45:00,387.41,84,active
SH_6348,MV_7110,TH_41,SC_560,2024-09-29,11:30:00,410.36,116,active
SH_6349,MV_6422,TH_208,SC_516,2025-06-18,12:00:00,228.14,96,active
SH_6350,MV_8058,TH_333,SC_650,2023-07-14,18:45:00,468.06,68,active
SH_6351,MV_1973,TH_187,SC_56,2024-01-20,18:00:00,277.73,68,active
SH_6352,MV_5392,TH_22,SC_668,2024-11-09,16:45:00,191.33,87,active
SH_6353,MV_8250,TH_329,SC_968,2025-12-09,20:00:00,421.07,73,active
SH_6354,MV_6142,TH_450,SC_704,2023-01-29,16:45:00,202.57,54,active
SH_6355,MV_5298,TH_499,SC_654,2024-01-10,14:45:00,217.6,94,active
SH_6356,MV_4894,TH_196,SC_567,2025-09-22,21:15:00,261.0,79,active
SH_6357,MV_5274,TH_236,SC_399,2025-01-03,21:30:00,354.14,136,active
SH_6358,MV_4522,TH_480,SC_92,2025-08-17,21:30:00,278.96,147,active
SH_6359,MV_8173,TH_376,SC_321,2025-05-04,12:45:00,293.06,110,active
SH_6360,MV_510,TH_16,SC_122,2024-12-14,17:30:00,462.63,182,active
SH_6361,MV_3119,TH_419,SC_422,2025-02-01,17:00:00,333.02,179,active
SH_6362,MV_5157,TH_58,SC_879,2024-11-17,21:00:00,476.47,113,active
SH_6363,MV_8749,TH_234,SC_628,2024-06-06,15:00:00,382.58,145,active
SH_6364,MV_9083,TH_188,SC_63,2025-09-08,14:45:00,288.73,153,active
SH_6365,MV_4784,TH_430,SC_648,2024-07-14,13:45:00,290.77,127,active
SH_6366,MV_4765,TH_12,SC_213,2024-04-26,15:00:00,359.46,98,active
SH_6367,MV_5695,TH_334,SC_2,2024-10-20,14:00:00,303.53,133,active
SH_6368,MV_9455,TH_136,SC_849,2023-01-23,17:00:00,343.23,139,active
SH_6369,MV_3554,TH_214,SC_693,2023-01-03,18:45:00,452.35,175,active
SH_6370,MV_1855,TH_401,SC_213,2025-06-21,21:00:00,360.46,193,active
SH_6371,MV_5078,TH_111,SC_620,2024-02-26,16:45:00,233.23,196,active
SH_6372,MV_2002,TH_297,SC_846,2025-12-25,11:00:00,446.18,110,active
SH_6374,MV_3659,TH_100,SC_154,2025-05-28,14:00:00,280.29,99,active
SH_6375,MV_6593,TH_5,SC_257,2024-05-22,15:30:00,436.5,59,active
SH_6376,MV_5044,TH_143,SC_73,2024-01-12,19:00:00,340.1,58,active
SH_6377,MV_7898,TH_470,SC_345,2024-06-08,16:45:00,431.06,155,active
SH_6378,MV_3235,TH_304,SC_938,2025-08-25,21:15:00,439.3,110,active
SH_6379,MV_1125,TH_201,SC_997,2024-12-06,17:00:00,404.61,181,active
SH_6381,MV_5447,TH_335,SC_138,2025-12-05,11:00:00,390.92,153,active
SH_6382,MV_2273,TH_149,SC_501,2024-10-20,17:00:00,414.56,81,active
SH_6383,MV_9558,TH_282,SC_541,2024-03-22,19:30:00,219.71,103,active
SH_6384,MV_5370,TH_263,SC_899,2024-10-30,21:45:00,480.2,160,active
SH_6385,MV_1815,TH_225,SC_611,2023-04-06,16:45:00,405.44,164,active
SH_6386,MV_1289,TH_65,SC_110,2025-08-07,16:45:00,339.95,106,active
SH_6387,MV_8117,TH_319,SC_862,2023-10-06,18:45:00,160.97,164,active
SH_6388,MV_6302,TH_94,SC_314,2025-01-23,12:15:00,211.65,154,active
SH_6389,MV_877,TH_6,SC_335,2023-07-18,22:15:00,174.57,84,active
SH_6390,MV_1133,TH_221,SC_322,2025-11-30,11:30:00,329.7,63,active
SH_6391,MV_5599,TH_141,SC_133,2023-05-30,17:30:00,246.98,184,active
SH_6392,MV_1921,TH_168,SC_79,2024-02-03,18:30:00,185.71,118,active
SH_6393,MV_8870,TH_178,SC_118,2025-01-30,14:45:00,460.61,77,active
SH_6395,MV_1263,TH_302,SC_172,2025-10-31,19:00:00,244.82,152,active
SH_6396,MV_552,TH_213,SC_93,2024-07-10,22:00:00,427.29,77,active
SH_6399,MV_6709,TH_348,SC_914,2024-06-19,10:15:00,367.22,91,active
SH_6400,MV_4925,TH_383,SC_925,2025-05-05,13:30:00,383.9,121,active
SH_6401,MV_4847,TH_39,SC_494,2025-02-03,15:45:00,229.6,130,active
SH_6402,MV_6359,TH_225,SC_160,2024-12-07,18:45:00,167.88,91,active
SH_6403,MV_9264,TH_312,SC_198,2024-10-19,21:00:00,303.81,175,active
SH_6404,MV_2751,TH_334,SC_665,2025-02-08,12:45:00,225.93,181,active
SH_6405,MV_8010,TH_210,SC_143,2024-08-12,16:45:00,313.22,199,active
SH_6406,MV_5932,TH_393,SC_194,2025-04-25,21:45:00,384.83,190,active
SH_6407,MV_8209,TH_329,SC_444,2023-07-12,22:30:00,457.86,161,active
SH_6408,MV_832,TH_405,SC_574,2023-01-08,20:15:00,331.62,156,active
SH_6409,MV_4832,TH_342,SC_27,2023-10-14,15:30:00,167.63,174,active
SH_6410,MV_4196,TH_414,SC_192,2025-07-08,22:45:00,401.89,106,active
SH_6411,MV_732,TH_14,SC_504,2024-07-05,10:00:00,252.45,109,active
SH_6412,MV_1849,TH_206,SC_857,2023-05-11,16:15:00,209.08,111,active
SH_6414,MV_6534,TH_6,SC_35,2024-11-08,18:15:00,497.96,93,active
SH_6415,MV_6037,TH_56,SC_331,2024-04-15,12:15:00,336.66,179,active
SH_6416,MV_1427,TH_153,SC_935,2024-11-22,18:45:00,482.3,61,active
SH_6417,MV_4812,TH_418,SC_42,2023-09-16,12:15:00,269.77,120,active
SH_6418,MV_4152,TH_204,SC_311,2025-03-16,15:45:00,265.32,53,active
SH_6419,MV_2169,TH_124,SC_56,2023-07-10,16:00:00,299.83,176,active
SH_6422,MV_8476,TH_303,SC_655,2023-04-27,16:15:00,166.23,138,active
SH_6423,MV_7033,TH_184,SC_203,2024-04-29,10:00:00,454.25,127,active
SH_6424,MV_2267,TH_256,SC_572,2025-12-06,11:00:00,415.11,122,active
SH_6425,MV_4217,TH_376,SC_152,2023-11-11,20:30:00,192.75,135,active
SH_6426,MV_905,TH_375,SC_650,2025-03-05,17:00:00,395.23,131,active
SH_6427,MV_6134,TH_202,SC_946,2023-09-13,19:15:00,286.19,86,active
SH_6428,MV_3664,TH_415,SC_180,2024-04-29,22:45:00,431.9,70,active
SH_6430,MV_2815,TH_468,SC_128,2024-01-05,20:45:00,324.23,96,active
SH_6431,MV_3984,TH_136,SC_509,2025-04-14,22:30:00,173.31,100,active
SH_6432,MV_9592,TH_168,SC_403,2024-01-04,22:15:00,486.67,106,active
SH_6433,MV_5842,TH_16,SC_349,2023-02-07,21:15:00,436.95,142,active
SH_6434,MV_6667,TH_206,SC_447,2023-05-29,19:00:00,293.62,192,active
SH_6435,MV_1853,TH_403,SC_131,2025-04-25,11:45:00,476.16,143,active
SH_6436,MV_6327,TH_261,SC_332,2023-12-04,13:00:00,347.48,88,active
SH_6437,MV_3386,TH_214,SC_524,2025-01-22,19:30:00,431.81,177,active
SH_6438,MV_4480,TH_340,SC_416,2024-06-05,21:30:00,351.31,130,active
SH_6439,MV_8101,TH_387,SC_72,2025-06-08,11:00:00,203.49,88,active
SH_6440,MV_2987,TH_192,SC_66,2024-07-27,16:15:00,379.99,120,active
SH_6441,MV_9492,TH_321,SC_244,2024-06-10,12:45:00,157.57,194,active
SH_6442,MV_9678,TH_183,SC_518,2023-11-28,22:45:00,150.87,145,active
SH_6443,MV_5080,TH_10,SC_957,2025-06-20,12:15:00,214.76,104,active
SH_6444,MV_1638,TH_360,SC_379,2025-05-20,21:00:00,422.86,180,active
SH_6446,MV_5481,TH_6,SC_211,2023-09-25,10:30:00,202.34,71,active
SH_6447,MV_5136,TH_363,SC_372,2025-11-29,22:00:00,263.29,157,active
SH_6448,MV_4693,TH_412,SC_94,2024-01-23,16:00:00,291.95,155,active
SH_6449,MV_2129,TH_151,SC_206,2024-08-21,21:00:00,407.89,64,active
SH_6451,MV_8720,TH_208,SC_884,2024-05-12,17:00:00,167.03,155,active
SH_6452,MV_2921,TH_371,SC_952,2023-11-08,10:00:00,432.34,130,active
SH_6453,MV_120,TH_484,SC_774,2024-01-13,13:15:00,163.91,78,active
SH_6454,MV_5986,TH_480,SC_8,2023-04-23,12:15:00,308.82,91,active
SH_6455,MV_9308,TH_292,SC_350,2025-11-18,19:15:00,386.49,142,active
SH_6458,MV_4829,TH_427,SC_884,2023-07-21,12:15:00,459.22,100,active
SH_6459,MV_5696,TH_463,SC_509,2025-12-10,15:15:00,245.72,124,active
SH_6460,MV_221,TH_489,SC_175,2025-08-08,22:30:00,206.72,78,active
SH_6461,MV_7761,TH_299,SC_658,2024-04-09,15:45:00,288.74,154,active
SH_6462,MV_2792,TH_15,SC_18,2024-01-04,13:45:00,298.57,96,active
SH_6463,MV_8999,TH_339,SC_167,2023-03-29,17:00:00,371.0,135,active
SH_6464,MV_7743,TH_394,SC_611,2025-11-02,19:30:00,428.0,166,active
SH_6465,MV_6649,TH_88,SC_22,2023-10-18,14:30:00,244.74,112,active
SH_6466,MV_721,TH_231,SC_125,2024-03-22,18:45:00,493.67,71,active
SH_6467,MV_6603,TH_331,SC_314,2023-09-21,12:15:00,474.57,123,active
SH_6468,MV_8206,TH_156,SC_567,2024-07-04,13:45:00,416.81,100,active
SH_6469,MV_6224,TH_115,SC_50,2023-01-07,16:00:00,271.36,135,active
SH_6470,MV_328,TH_188,SC_50,2023-03-20,19:15:00,180.84,56,active
SH_6471,MV_8631,TH_340,SC_753,2025-02-12,20:45:00,309.02,53,active
SH_6472,MV_6192,TH_332,SC_978,2023-09-19,19:15:00,242.6,155,active
SH_6473,MV_7599,TH_105,SC_536,2024-08-05,13:00:00,178.6,104,active
SH_6474,MV_1223,TH_231,SC_563,2025-08-08,22:45:00,253.52,182,active
SH_6475,MV_8586,TH_446,SC_756,2023-05-23,21:00:00,174.97,80,active
SH_6476,MV_3688,TH_42,SC_366,2024-09-23,22:30:00,229.46,101,active
SH_6477,MV_5803,TH_68,SC_538,2024-03-18,15:00:00,247.0,133,active
SH_6478,MV_2121,TH_260,SC_989,2025-03-23,12:00:00,282.84,77,active
SH_6479,MV_7833,TH_492,SC_824,2023-07-30,17:30:00,262.79,78,active
SH_6481,MV_4225,TH_112,SC_515,2023-06-30,15:00:00,257.1,194,active
SH_6482,MV_7858,TH_61,SC_415,2024-01-12,14:45:00,358.08,189,active
SH_6483,MV_5702,TH_165,SC_610,2025-07-14,22:45:00,164.99,55,active
SH_6484,MV_2989,TH_182,SC_978,2023-04-05,18:15:00,442.52,160,active
SH_6485,MV_7836,TH_166,SC_317,2025-07-01,20:45:00,420.02,126,active
SH_6486,MV_2093,TH_243,SC_234,2024-04-21,22:45:00,469.95,84,active
SH_6487,MV_2588,TH_22,SC_415,2023-11-05,14:30:00,170.57,198,active
SH_6488,MV_6189,TH_409,SC_312,2025-07-13,19:30:00,242.28,117,active
SH_6489,MV_167,TH_301,SC_301,2025-10-26,18:30:00,426.94,108,active
SH_6490,MV_106,TH_372,SC_55,2023-06-18,13:15:00,220.32,167,active
SH_6491,MV_1355,TH_166,SC_41,2024-08-31,10:45:00,263.52,100,active
SH_6492,MV_2366,TH_179,SC_152,2023-02-07,17:00:00,261.06,160,active
SH_6493,MV_40,TH_272,SC_675,2025-05-14,22:30:00,353.32,115,active
SH_6494,MV_8637,TH_327,SC_90,2025-04-18,15:15:00,403.76,161,active
SH_6495,MV_5658,TH_373,SC_308,2025-03-09,11:15:00,311.47,82,active
SH_6496,MV_5526,TH_18,SC_934,2025-04-05,10:30:00,283.06,170,active
SH_6497,MV_6735,TH_113,SC_387,2025-11-10,18:00:00,181.12,136,active
SH_6499,MV_4822,TH_453,SC_79,2023-12-09,18:30:00,383.82,175,active
SH_6500,MV_4162,TH_380,SC_542,2025-06-07,18:00:00,475.76,193,active
SH_6501,MV_1957,TH_396,SC_562,2024-02-28,19:45:00,244.84,88,active
SH_6502,MV_5262,TH_278,SC_295,2025-11-06,22:45:00,330.43,159,active
SH_6503,MV_7033,TH_247,SC_754,2025-01-12,13:00:00,227.59,160,active
SH_6504,MV_4591,TH_89,SC_73,2024-09-28,18:00:00,373.78,141,active
SH_6505,MV_7625,TH_139,SC_544,2023-10-11,18:15:00,457.12,66,active
SH_6506,MV_5734,TH_451,SC_529,2025-10-13,15:15:00,442.97,129,active
SH_6507,MV_5089,TH_194,SC_972,2024-12-25,12:45:00,197.59,67,active
SH_6508,MV_1040,TH_97,SC_964,2023-07-19,22:15:00,488.23,168,active
SH_6509,MV_119,TH_40,SC_761,2025-10-26,16:45:00,279.6,134,active
SH_6510,MV_8286,TH_139,SC_83,2024-06-24,13:00:00,312.31,68,active
SH_6511,MV_2894,TH_478,SC_332,2023-05-21,14:45:00,395.68,122,active
SH_6512,MV_7825,TH_53,SC_898,2024-06-22,17:00:00,339.66,191,active
SH_6513,MV_8299,TH_197,SC_194,2024-03-25,18:30:00,433.47,149,active
SH_6514,MV_309,TH_214,SC_375,2024-03-14,15:00:00,162.49,97,active
SH_6515,MV_3417,TH_194,SC_61,2025-12-20,21:45:00,353.53,166,active
SH_6516,MV_925,TH_216,SC_46,2024-06-13,21:15:00,209.66,93,active
SH_6517,MV_1345,TH_211,SC_521,2024-02-26,14:15:00,382.05,62,active
SH_6518,MV_4766,TH_336,SC_863,2023-06-13,16:30:00,364.92,70,active
SH_6519,MV_4881,TH_54,SC_864,2025-10-07,14:30:00,358.75,145,active
SH_6520,MV_7941,TH_379,SC_403,2023-11-13,18:45:00,490.63,89,active
SH_6521,MV_8695,TH_412,SC_444,2023-04-09,17:15:00,186.36,141,active
SH_6522,MV_7418,TH_25,SC_908,2025-07-18,15:00:00,418.56,181,active
SH_6523,MV_1222,TH_102,SC_721,2025-08-03,14:15:00,349.96,53,active
SH_6524,MV_594,TH_438,SC_349,2025-06-15,20:45:00,426.38,57,active
SH_6527,MV_5194,TH_291,SC_738,2025-01-06,12:30:00,406.71,168,active
SH_6529,MV_1809,TH_13,SC_332,2023-07-15,18:30:00,281.15,63,active
SH_6530,MV_8716,TH_366,SC_938,2024-10-10,15:30:00,304.91,102,active
SH_6532,MV_122,TH_306,SC_740,2025-11-28,13:45:00,325.26,95,active
SH_6533,MV_9634,TH_404,SC_640,2025-02-10,10:30:00,479.99,159,active
SH_6534,MV_567,TH_490,SC_288,2025-11-14,13:30:00,171.72,98,active
SH_6537,MV_782,TH_356,SC_36,2024-12-30,21:00:00,305.95,124,active
SH_6538,MV_8310,TH_29,SC_121,2025-05-20,12:00:00,493.84,62,active
SH_6539,MV_6702,TH_444,SC_145,2023-06-23,17:30:00,251.94,159,active
SH_6540,MV_3024,TH_260,SC_137,2024-07-07,18:45:00,374.08,88,active
SH_6541,MV_389,TH_192,SC_272,2025-07-04,16:15:00,235.34,124,active
SH_6542,MV_8254,TH_90,SC_358,2023-02-23,18:30:00,216.8,141,active
SH_6543,MV_9675,TH_247,SC_317,2025-03-24,19:15:00,470.28,118,active
SH_6544,MV_382,TH_105,SC_520,2025-01-09,17:00:00,216.59,102,active
SH_6545,MV_8155,TH_490,SC_709,2023-11-07,11:30:00,402.92,66,active
SH_6546,MV_291,TH_351,SC_349,2023-04-22,16:15:00,434.97,65,active
SH_6547,MV_1987,TH_365,SC_690,2023-03-19,12:30:00,358.34,136,active
SH_6548,MV_7425,TH_103,SC_331,2025-10-16,21:00:00,428.39,186,active
SH_6549,MV_4254,TH_198,SC_579,2025-07-29,14:45:00,287.64,197,active
SH_6550,MV_1814,TH_293,SC_313,2023-07-08,22:15:00,200.05,68,active
SH_6551,MV_2392,TH_365,SC_174,2024-08-19,18:45:00,372.5,160,active
SH_6552,MV_2100,TH_319,SC_673,2024-09-25,21:00:00,182.32,195,active
SH_6553,MV_9160,TH_395,SC_286,2023-08-14,20:45:00,279.27,127,active
SH_6554,MV_6236,TH_310,SC_136,2025-05-22,19:00:00,329.52,53,active
SH_6555,MV_8069,TH_393,SC_674,2025-12-03,15:30:00,198.77,56,active
SH_6556,MV_1877,TH_149,SC_20,2024-05-30,22:15:00,428.46,117,active
SH_6557,MV_9963,TH_382,SC_271,2025-10-25,21:45:00,348.2,110,active
SH_6559,MV_6271,TH_88,SC_783,2023-03-02,21:45:00,397.51,140,active
SH_6560,MV_3498,TH_393,SC_689,2024-03-22,12:00:00,440.82,89,active
SH_6561,MV_8534,TH_170,SC_732,2024-10-15,15:30:00,331.15,91,active
SH_6562,MV_6343,TH_55,SC_628,2024-08-04,10:45:00,229.78,151,active
SH_6563,MV_8679,TH_392,SC_405,2023-12-22,21:45:00,361.58,108,active
SH_6564,MV_3208,TH_28,SC_13,2023-08-21,21:30:00,360.47,69,active
SH_6565,MV_6872,TH_303,SC_227,2025-05-17,14:30:00,298.84,148,active
SH_6566,MV_177,TH_106,SC_581,2023-12-03,19:45:00,409.05,69,active
SH_6568,MV_2338,TH_136,SC_815,2023-03-31,16:15:00,473.83,93,active
SH_6569,MV_48,TH_463,SC_148,2023-03-14,13:00:00,341.27,182,active
SH_6570,MV_8233,TH_390,SC_42,2023-05-31,20:15:00,161.13,177,active
SH_6571,MV_3106,TH_227,SC_324,2025-09-19,21:00:00,461.66,161,active
SH_6572,MV_7264,TH_270,SC_496,2024-11-10,16:45:00,240.35,132,active
SH_6573,MV_9206,TH_361,SC_381,2024-05-09,10:00:00,189.86,185,active
SH_6574,MV_2701,TH_182,SC_560,2025-05-26,15:45:00,391.08,86,active
SH_6575,MV_4516,TH_392,SC_138,2023-11-04,12:45:00,241.45,187,active
SH_6576,MV_8118,TH_337,SC_89,2025-11-22,11:30:00,327.67,144,active
SH_6577,MV_6826,TH_60,SC_256,2023-12-17,20:30:00,275.37,105,active
SH_6578,MV_2138,TH_359,SC_610,2025-07-05,21:15:00,498.93,75,active
SH_6579,MV_5470,TH_30,SC_918,2023-10-22,12:45:00,316.56,112,active
SH_6580,MV_1989,TH_268,SC_969,2023-12-09,18:15:00,274.78,64,active
SH_6581,MV_7443,TH_101,SC_740,2025-02-14,19:45:00,157.81,163,active
SH_6582,MV_7951,TH_145,SC_823,2024-06-13,11:15:00,342.92,153,active
SH_6583,MV_2085,TH_125,SC_617,2024-12-22,14:00:00,239.21,175,active
SH_6584,MV_3925,TH_152,SC_359,2025-02-14,21:30:00,164.95,135,active
SH_6585,MV_110,TH_474,SC_612,2025-09-30,17:15:00,370.79,111,active
SH_6586,MV_505,TH_120,SC_30,2024-07-29,20:00:00,264.55,50,active
SH_6587,MV_9961,TH_242,SC_934,2024-05-16,10:45:00,225.85,115,active
SH_6588,MV_892,TH_136,SC_562,2025-02-15,16:30:00,154.79,185,active
SH_6589,MV_7087,TH_439,SC_36,2025-12-24,22:30:00,297.4,167,active
SH_6590,MV_3845,TH_230,SC_352,2023-04-29,11:15:00,163.96,167,active
SH_6591,MV_5672,TH_280,SC_68,2025-09-19,18:45:00,220.19,199,active
SH_6592,MV_7660,TH_432,SC_40,2025-11-17,21:30:00,326.15,50,active
SH_6593,MV_9789,TH_264,SC_745,2025-03-11,14:15:00,228.85,99,active
SH_6594,MV_2265,TH_436,SC_358,2023-09-11,12:30:00,475.72,121,active
SH_6595,MV_4191,TH_98,SC_69,2023-11-20,13:45:00,235.17,57,active
SH_6596,MV_9781,TH_360,SC_844,2024-04-29,14:15:00,440.11,50,active
SH_6597,MV_380,TH_145,SC_529,2024-01-20,19:30:00,281.45,56,active
SH_6600,MV_4184,TH_186,SC_321,2025-10-30,13:45:00,267.26,196,active
SH_6601,MV_2289,TH_319,SC_621,2024-03-19,13:30:00,494.14,50,active
SH_6602,MV_6509,TH_222,SC_965,2024-10-21,22:45:00,242.75,177,active
SH_6603,MV_2722,TH_1,SC_271,2024-03-11,15:45:00,192.99,125,active
SH_6604,MV_7926,TH_241,SC_808,2023-06-17,18:30:00,268.97,135,active
SH_6605,MV_1388,TH_398,SC_942,2023-12-01,15:30:00,408.97,185,active
SH_6606,MV_6738,TH_455,SC_662,2024-06-15,20:00:00,371.65,150,active
SH_6607,MV_996,TH_219,SC_885,2025-02-20,21:15:00,380.62,192,active
SH_6608,MV_9108,TH_434,SC_56,2024-09-12,10:00:00,448.44,103,active
SH_6609,MV_7755,TH_35,SC_48,2024-07-05,11:15:00,224.45,88,active
SH_6610,MV_4915,TH_421,SC_710,2024-08-24,11:15:00,359.09,75,active
SH_6611,MV_486,TH_76,SC_374,2023-02-25,12:00:00,232.05,100,active
SH_6612,MV_7540,TH_29,SC_353,2024-08-27,11:15:00,194.75,169,active
SH_6613,MV_7393,TH_60,SC_43,2023-08-02,22:30:00,210.68,63,active
SH_6614,MV_6922,TH_389,SC_863,2023-09-30,17:15:00,167.25,161,active
SH_6615,MV_7620,TH_472,SC_10,2024-03-14,14:45:00,495.87,159,active
SH_6616,MV_9867,TH_387,SC_321,2023-09-17,13:45:00,181.51,87,active
SH_6617,MV_608,TH_80,SC_93,2023-03-24,11:00:00,263.45,151,active
SH_6618,MV_6162,TH_336,SC_681,2025-04-21,21:45:00,164.72,66,active
SH_6619,MV_8548,TH_440,SC_42,2023-10-31,19:45:00,302.07,87,active
SH_6620,MV_7544,TH_391,SC_864,2025-06-05,18:30:00,181.99,174,active
SH_6621,MV_7364,TH_297,SC_463,2025-11-19,20:15:00,494.05,86,active
SH_6622,MV_1182,TH_378,SC_287,2023-08-07,17:00:00,212.62,122,active
SH_6623,MV_6605,TH_37,SC_454,2024-04-22,15:45:00,336.93,196,active
SH_6625,MV_5,TH_313,SC_130,2023-10-23,14:30:00,314.22,176,active
SH_6626,MV_529,TH_270,SC_811,2023-07-18,14:45:00,277.13,65,active
SH_6627,MV_9374,TH_359,SC_152,2024-09-15,14:00:00,434.12,193,active
SH_6628,MV_1344,TH_128,SC_756,2025-03-04,19:00:00,229.94,55,active
SH_6630,MV_5970,TH_400,SC_350,2023-08-11,19:00:00,316.94,98,active
SH_6631,MV_4677,TH_356,SC_210,2025-10-19,11:15:00,176.33,68,active
SH_6632,MV_5457,TH_303,SC_977,2024-02-16,22:45:00,238.86,74,active
SH_6633,MV_6572,TH_337,SC_918,2025-10-27,20:15:00,338.29,151,active
SH_6635,MV_7567,TH_479,SC_843,2025-03-04,12:45:00,250.45,122,active
SH_6636,MV_9176,TH_142,SC_196,2025-06-12,14:15:00,339.83,166,active
SH_6637,MV_2362,TH_31,SC_752,2025-11-07,21:30:00,470.08,89,active
SH_6640,MV_8665,TH_348,SC_580,2024-06-07,16:15:00,483.35,69,active
SH_6641,MV_4864,TH_487,SC_161,2025-10-10,11:00:00,167.93,61,active
SH_6642,MV_8512,TH_450,SC_793,2023-04-26,12:00:00,464.56,180,active
SH_6643,MV_2209,TH_241,SC_526,2023-12-13,18:30:00,404.12,129,active
SH_6645,MV_3961,TH_71,SC_68,2024-06-17,15:30:00,200.65,135,active
SH_6646,MV_5471,TH_241,SC_563,2024-02-14,11:45:00,187.94,55,active
SH_6647,MV_5523,TH_244,SC_700,2024-07-30,20:15:00,318.2,87,active
SH_6648,MV_884,TH_353,SC_126,2024-07-07,16:30:00,182.12,148,active
SH_6650,MV_8386,TH_451,SC_289,2024-08-05,19:30:00,233.33,160,active
SH_6651,MV_5809,TH_64,SC_920,2024-05-06,10:30:00,462.03,87,active
SH_6652,MV_5186,TH_205,SC_406,2024-04-04,12:30:00,153.84,145,active
SH_6653,MV_575,TH_384,SC_905,2025-03-24,12:00:00,160.65,156,active
SH_6654,MV_7494,TH_361,SC_699,2024-10-10,22:00:00,350.75,142,active
SH_6655,MV_998,TH_301,SC_81,2024-06-28,20:30:00,472.66,170,active
SH_6656,MV_5619,TH_382,SC_413,2025-02-25,17:45:00,236.06,133,active
SH_6657,MV_6676,TH_100,SC_706,2025-04-16,14:45:00,367.02,71,active
SH_6658,MV_1682,TH_248,SC_952,2023-11-06,11:00:00,247.76,177,active
SH_6659,MV_4491,TH_110,SC_851,2025-10-24,17:15:00,362.57,191,active
SH_6660,MV_6341,TH_146,SC_867,2025-12-01,16:00:00,454.39,63,active
SH_6662,MV_685,TH_459,SC_297,2024-07-27,16:00:00,232.11,189,active
SH_6664,MV_8152,TH_424,SC_199,2023-05-17,22:15:00,192.94,159,active
SH_6665,MV_5953,TH_37,SC_256,2024-05-13,17:30:00,378.14,131,active
SH_6666,MV_6548,TH_74,SC_6,2024-05-21,19:30:00,324.27,185,active
SH_6667,MV_1211,TH_498,SC_788,2023-02-07,15:00:00,292.85,149,active
SH_6669,MV_3645,TH_108,SC_516,2023-04-07,10:30:00,162.21,158,active
SH_6670,MV_4747,TH_86,SC_597,2023-02-09,19:45:00,397.26,162,active
SH_6671,MV_4587,TH_97,SC_421,2025-03-12,17:30:00,162.22,108,active
SH_6672,MV_6626,TH_421,SC_247,2023-01-07,14:45:00,420.38,116,active
SH_6674,MV_300,TH_470,SC_987,2024-09-24,10:45:00,266.22,127,active
SH_6675,MV_3417,TH_127,SC_930,2024-01-07,15:00:00,323.7,57,active
SH_6676,MV_7269,TH_325,SC_829,2023-08-12,12:15:00,330.68,82,active
SH_6677,MV_6288,TH_51,SC_447,2024-10-30,11:15:00,165.68,163,active
SH_6678,MV_4088,TH_85,SC_191,2024-08-02,18:30:00,367.39,174,active
SH_6679,MV_947,TH_38,SC_621,2023-07-31,14:00:00,482.28,141,active
SH_6680,MV_1658,TH_3,SC_49,2024-02-11,14:45:00,435.24,175,active
SH_6682,MV_4701,TH_498,SC_31,2025-07-11,14:30:00,413.5,99,active
SH_6683,MV_2612,TH_426,SC_429,2024-08-07,10:30:00,461.49,139,active
SH_6684,MV_1562,TH_85,SC_460,2025-03-27,17:30:00,193.21,115,active
SH_6685,MV_9089,TH_337,SC_144,2024-04-14,14:00:00,438.78,178,active
SH_6686,MV_4091,TH_101,SC_560,2024-07-08,16:30:00,267.82,136,active
SH_6687,MV_6701,TH_425,SC_985,2025-09-01,17:45:00,197.11,144,active
SH_6689,MV_9373,TH_13,SC_8,2024-03-06,16:15:00,197.11,61,active
SH_6690,MV_2480,TH_395,SC_217,2023-05-21,20:45:00,420.61,183,active
SH_6691,MV_670,TH_302,SC_279,2023-07-17,11:00:00,216.83,115,active
SH_6692,MV_9381,TH_310,SC_184,2025-09-11,14:15:00,306.35,73,active
SH_6693,MV_8156,TH_60,SC_665,2023-04-24,15:15:00,176.72,119,active
SH_6694,MV_3960,TH_162,SC_680,2023-05-28,17:00:00,285.0,147,active
SH_6696,MV_9683,TH_227,SC_905,2025-06-26,16:00:00,413.18,155,active
SH_6697,MV_6665,TH_296,SC_752,2023-02-10,19:45:00,197.45,61,active
SH_6698,MV_3978,TH_279,SC_374,2025-01-31,14:30:00,206.87,87,active
SH_6699,MV_282,TH_111,SC_404,2025-12-06,21:45:00,314.66,178,active
SH_6700,MV_2888,TH_280,SC_552,2025-02-26,11:30:00,330.98,131,active
SH_6701,MV_5441,TH_199,SC_673,2024-08-17,22:30:00,353.17,134,active
SH_6702,MV_1616,TH_500,SC_790,2025-01-06,11:45:00,220.12,70,active
SH_6703,MV_3343,TH_50,SC_674,2023-04-11,21:15:00,450.33,156,active
SH_6704,MV_1503,TH_484,SC_787,2025-11-17,17:00:00,318.37,187,active
SH_6705,MV_7450,TH_73,SC_192,2024-04-20,16:30:00,193.15,70,active
SH_6706,MV_7690,TH_157,SC_520,2025-06-04,21:15:00,489.61,150,active
SH_6707,MV_5247,TH_463,SC_697,2025-02-14,21:45:00,194.88,90,active
SH_6708,MV_9983,TH_28,SC_479,2024-07-20,10:45:00,302.35,89,active
SH_6709,MV_3850,TH_281,SC_430,2025-12-21,18:00:00,287.89,74,active
SH_6710,MV_2315,TH_439,SC_329,2024-09-04,21:30:00,173.82,73,active
SH_6711,MV_3271,TH_470,SC_405,2023-01-06,15:45:00,184.68,103,active
SH_6712,MV_5653,TH_270,SC_258,2024-01-30,10:00:00,494.05,90,active
SH_6713,MV_987,TH_105,SC_538,2023-03-05,13:30:00,359.06,165,active
SH_6715,MV_83,TH_475,SC_918,2025-04-26,22:30:00,324.89,114,active
SH_6716,MV_8698,TH_152,SC_404,2024-08-17,11:45:00,276.57,89,active
SH_6717,MV_9237,TH_129,SC_475,2024-05-16,17:15:00,449.85,64,active
SH_6718,MV_3454,TH_21,SC_165,2024-01-06,11:30:00,210.27,50,active
SH_6720,MV_8266,TH_285,SC_700,2025-11-29,11:30:00,394.84,89,active
SH_6721,MV_7881,TH_124,SC_881,2023-09-24,14:15:00,487.32,64,active
SH_6722,MV_5145,TH_50,SC_583,2024-06-12,17:45:00,161.9,91,active
SH_6723,MV_6670,TH_326,SC_289,2023-06-25,15:00:00,186.73,132,active
SH_6724,MV_8510,TH_125,SC_104,2023-06-15,20:15:00,471.62,127,active
SH_6725,MV_1896,TH_169,SC_436,2024-02-21,16:00:00,178.18,106,active
SH_6726,MV_5330,TH_157,SC_71,2024-05-14,21:45:00,216.58,122,active
SH_6727,MV_3026,TH_28,SC_181,2025-11-18,16:15:00,164.38,114,active
SH_6729,MV_2587,TH_380,SC_421,2024-08-24,21:00:00,412.52,101,active
SH_6730,MV_8272,TH_401,SC_137,2023-02-09,19:30:00,276.33,99,active
SH_6731,MV_8474,TH_291,SC_413,2023-08-11,15:30:00,155.27,192,active
SH_6732,MV_1763,TH_365,SC_754,2025-10-10,13:45:00,260.36,96,active
SH_6733,MV_458,TH_498,SC_115,2024-04-15,21:45:00,418.89,197,active
SH_6734,MV_5104,TH_166,SC_835,2025-02-05,22:30:00,233.72,159,active
SH_6735,MV_2322,TH_34,SC_731,2025-11-27,12:00:00,374.28,154,active
SH_6736,MV_1658,TH_178,SC_919,2025-05-22,13:15:00,290.57,66,active
SH_6737,MV_7029,TH_145,SC_317,2023-11-27,20:00:00,199.39,173,active
SH_6738,MV_8638,TH_294,SC_62,2023-12-19,15:45:00,365.22,171,active
SH_6739,MV_2760,TH_42,SC_600,2024-05-25,18:00:00,346.47,121,active
SH_6740,MV_2978,TH_281,SC_541,2023-07-25,16:00:00,267.78,94,active
SH_6741,MV_4925,TH_427,SC_782,2025-01-18,22:45:00,279.28,160,active
SH_6742,MV_878,TH_51,SC_541,2025-10-14,22:15:00,352.66,147,active
SH_6744,MV_7746,TH_49,SC_813,2023-07-22,18:30:00,299.81,197,active
SH_6745,MV_5924,TH_15,SC_383,2024-02-07,16:00:00,388.93,161,active
SH_6746,MV_1584,TH_458,SC_56,2024-02-05,11:45:00,477.61,184,active
SH_6748,MV_1129,TH_208,SC_728,2025-07-14,18:00:00,309.65,132,active
SH_6749,MV_936,TH_7,SC_706,2025-09-05,20:15:00,442.74,143,active
SH_6750,MV_7350,TH_96,SC_598,2023-09-07,21:00:00,183.32,194,active
SH_6751,MV_6412,TH_197,SC_614,2023-11-26,18:30:00,431.12,67,active
SH_6752,MV_2941,TH_381,SC_10,2023-05-08,22:45:00,328.89,74,active
SH_6755,MV_8614,TH_299,SC_604,2023-07-08,14:00:00,245.02,172,active
SH_6756,MV_8143,TH_193,SC_533,2023-05-23,12:00:00,182.56,197,active
SH_6757,MV_4863,TH_482,SC_263,2023-08-03,18:30:00,255.69,103,active
SH_6758,MV_2087,TH_246,SC_690,2025-10-14,15:00:00,223.39,102,active
SH_6759,MV_8984,TH_38,SC_832,2024-05-10,19:30:00,289.77,124,active
SH_6760,MV_4626,TH_46,SC_982,2025-06-08,11:15:00,309.24,72,active
SH_6762,MV_3049,TH_437,SC_47,2024-03-03,17:15:00,394.99,153,active
SH_6763,MV_5451,TH_383,SC_487,2024-05-28,21:30:00,418.73,58,active
SH_6764,MV_6600,TH_351,SC_835,2025-04-13,16:00:00,196.64,76,active
SH_6765,MV_2563,TH_74,SC_774,2023-09-18,16:00:00,344.29,195,active
SH_6766,MV_8118,TH_445,SC_15,2024-09-03,10:15:00,262.73,104,active
SH_6767,MV_2844,TH_251,SC_851,2025-12-08,16:45:00,193.5,77,active
SH_6768,MV_4595,TH_11,SC_861,2023-07-09,13:00:00,422.52,146,active
SH_6769,MV_8345,TH_289,SC_872,2024-11-23,19:45:00,251.09,147,active
SH_6770,MV_3182,TH_6,SC_814,2024-05-26,15:45:00,362.71,188,active
SH_6772,MV_8965,TH_91,SC_301,2024-05-17,11:15:00,203.79,88,active
SH_6773,MV_8193,TH_252,SC_217,2023-05-02,17:30:00,357.3,112,active
SH_6775,MV_8231,TH_54,SC_829,2024-05-11,16:15:00,435.89,53,active
SH_6776,MV_9202,TH_411,SC_525,2024-11-30,13:45:00,329.9,123,active
SH_6777,MV_7883,TH_193,SC_885,2023-08-14,16:45:00,211.35,164,active
SH_6780,MV_9015,TH_114,SC_989,2025-11-02,12:30:00,320.26,160,active
SH_6781,MV_1978,TH_366,SC_864,2023-07-27,11:00:00,249.56,51,active
SH_6782,MV_4016,TH_85,SC_19,2023-11-07,17:00:00,219.56,89,active
SH_6783,MV_7637,TH_178,SC_179,2024-08-18,17:15:00,332.27,126,active
SH_6784,MV_2906,TH_318,SC_121,2025-09-25,20:45:00,155.6,67,active
SH_6785,MV_4692,TH_120,SC_785,2023-12-19,12:30:00,470.04,114,active
SH_6787,MV_5284,TH_3,SC_824,2023-03-21,22:00:00,175.17,117,active
SH_6788,MV_2142,TH_455,SC_584,2025-05-15,15:30:00,430.24,80,active
SH_6789,MV_4743,TH_153,SC_794,2023-05-27,16:45:00,266.91,129,active
SH_6790,MV_388,TH_434,SC_570,2025-01-26,17:30:00,454.97,98,active
SH_6791,MV_6376,TH_56,SC_63,2023-11-22,16:30:00,393.12,92,active
SH_6792,MV_7804,TH_83,SC_591,2025-10-31,10:00:00,464.95,187,active
SH_6793,MV_2819,TH_241,SC_660,2024-07-05,12:45:00,374.76,143,active
SH_6796,MV_2459,TH_274,SC_373,2025-06-11,10:00:00,226.89,102,active
SH_6797,MV_7607,TH_38,SC_351,2023-09-05,11:00:00,359.81,190,active
SH_6798,MV_8050,TH_385,SC_739,2024-11-09,15:30:00,152.65,78,active
SH_6799,MV_6716,TH_156,SC_4,2023-08-10,22:00:00,354.29,65,active
SH_6800,MV_6736,TH_294,SC_435,2023-03-10,18:00:00,363.31,56,active
SH_6802,MV_3277,TH_343,SC_567,2023-02-17,19:15:00,256.73,136,active
SH_6803,MV_3134,TH_466,SC_907,2025-01-06,14:15:00,298.75,109,active
SH_6805,MV_3700,TH_92,SC_618,2024-08-03,18:15:00,408.05,51,active
SH_6806,MV_6466,TH_96,SC_450,2023-10-13,16:15:00,331.46,176,active
SH_6807,MV_43,TH_111,SC_18,2023-08-09,10:45:00,152.13,101,active
SH_6808,MV_3508,TH_112,SC_608,2023-01-09,11:15:00,317.61,74,active
SH_6809,MV_8525,TH_209,SC_241,2025-04-16,10:15:00,241.83,94,active
SH_6810,MV_7904,TH_311,SC_667,2024-07-27,22:00:00,347.64,122,active
SH_6811,MV_49,TH_238,SC_462,2023-09-14,14:00:00,390.58,191,active
SH_6812,MV_1766,TH_134,SC_762,2023-06-02,20:45:00,426.58,194,active
SH_6813,MV_3403,TH_283,SC_795,2023-01-07,19:45:00,327.94,103,active
SH_6814,MV_5651,TH_493,SC_566,2023-12-09,16:15:00,476.59,63,active
SH_6815,MV_1096,TH_391,SC_234,2024-09-13,15:15:00,406.63,169,active
SH_6816,MV_4634,TH_108,SC_708,2023-08-03,22:15:00,470.04,84,active
SH_6817,MV_7119,TH_288,SC_199,2024-02-07,16:00:00,300.72,159,active
SH_6818,MV_7885,TH_312,SC_172,2023-04-09,20:45:00,369.29,126,active
SH_6819,MV_607,TH_176,SC_11,2023-07-01,17:00:00,278.15,96,active
SH_6820,MV_3205,TH_500,SC_36,2025-02-09,15:15:00,340.61,168,active
SH_6821,MV_8073,TH_188,SC_824,2025-05-15,14:45:00,496.89,143,active
SH_6822,MV_4813,TH_445,SC_468,2025-10-11,22:00:00,447.1,192,active
SH_6823,MV_2540,TH_78,SC_458,2023-01-02,15:45:00,424.38,65,active
SH_6824,MV_6029,TH_398,SC_574,2023-06-24,12:45:00,280.79,167,active
SH_6825,MV_971,TH_390,SC_320,2023-12-17,18:15:00,482.01,158,active
SH_6826,MV_8428,TH_283,SC_939,2023-03-23,20:45:00,227.33,167,active
SH_6827,MV_3232,TH_423,SC_817,2023-09-07,10:15:00,186.92,142,active
SH_6828,MV_1328,TH_182,SC_563,2024-12-05,21:00:00,358.08,76,active
SH_6829,MV_7132,TH_236,SC_963,2025-06-17,19:15:00,265.18,101,active
SH_6830,MV_1200,TH_125,SC_767,2023-09-18,20:30:00,429.27,95,active
SH_6832,MV_3553,TH_317,SC_963,2024-03-20,12:00:00,159.19,164,active
SH_6833,MV_4053,TH_52,SC_209,2025-11-18,15:30:00,395.99,66,active
SH_6835,MV_8264,TH_157,SC_843,2023-01-28,11:30:00,216.58,109,active
SH_6836,MV_1822,TH_499,SC_365,2025-12-30,20:15:00,430.41,119,active
SH_6837,MV_6112,TH_424,SC_24,2025-09-16,19:00:00,231.59,122,active
SH_6838,MV_2433,TH_441,SC_240,2024-09-02,11:00:00,394.97,77,active
SH_6839,MV_3374,TH_148,SC_564,2025-12-11,17:30:00,177.5,120,active
SH_6840,MV_6253,TH_199,SC_563,2024-12-03,21:30:00,189.53,142,active
SH_6841,MV_6026,TH_156,SC_525,2024-03-19,11:00:00,159.93,90,active
SH_6842,MV_6322,TH_263,SC_466,2023-06-06,15:45:00,332.54,155,active
SH_6843,MV_3873,TH_261,SC_268,2025-03-07,18:30:00,463.72,172,active
SH_6844,MV_9095,TH_143,SC_892,2023-10-23,17:15:00,182.1,159,active
SH_6847,MV_7768,TH_152,SC_756,2025-03-06,22:45:00,371.47,100,active
SH_6848,MV_2272,TH_233,SC_596,2025-06-18,13:00:00,219.93,99,active
SH_6849,MV_269,TH_433,SC_586,2025-07-20,17:15:00,468.96,52,active
SH_6850,MV_8134,TH_90,SC_889,2025-08-01,16:45:00,280.92,54,active
SH_6851,MV_6130,TH_209,SC_362,2024-12-05,22:30:00,400.11,85,active
SH_6852,MV_3055,TH_117,SC_471,2023-09-10,18:15:00,456.2,148,active
SH_6853,MV_3814,TH_490,SC_943,2024-12-06,10:30:00,294.79,173,active
SH_6854,MV_1134,TH_215,SC_75,2023-08-21,21:45:00,209.26,163,active
SH_6855,MV_7680,TH_82,SC_249,2024-12-19,19:00:00,363.14,50,active
SH_6856,MV_922,TH_480,SC_973,2023-08-10,16:15:00,462.77,178,active
SH_6858,MV_4780,TH_490,SC_68,2023-06-22,15:00:00,212.54,78,active
SH_6859,MV_7210,TH_459,SC_312,2025-12-13,20:00:00,265.9,118,active
SH_6860,MV_8716,TH_75,SC_291,2023-04-09,19:45:00,326.89,107,active
SH_6861,MV_3954,TH_291,SC_806,2023-10-25,22:30:00,325.47,101,active
SH_6862,MV_7672,TH_369,SC_672,2024-07-23,10:00:00,481.47,134,active
SH_6863,MV_9857,TH_406,SC_40,2023-03-19,10:15:00,459.15,164,active
SH_6864,MV_8344,TH_477,SC_574,2025-09-22,10:15:00,202.28,68,active
SH_6865,MV_1588,TH_454,SC_725,2023-09-22,20:15:00,270.82,126,active
SH_6866,MV_7966,TH_408,SC_210,2025-09-10,10:30:00,402.92,93,active
SH_6867,MV_1895,TH_304,SC_891,2023-05-04,18:15:00,461.23,143,active
SH_6869,MV_8028,TH_48,SC_618,2025-05-10,15:45:00,319.31,89,active
SH_6870,MV_1776,TH_67,SC_521,2023-03-10,14:45:00,428.28,160,active
SH_6871,MV_4753,TH_407,SC_571,2023-08-02,13:15:00,233.9,73,active
SH_6872,MV_5450,TH_382,SC_391,2025-08-06,12:30:00,487.83,191,active
SH_6873,MV_247,TH_412,SC_716,2024-01-13,12:15:00,372.66,190,active
SH_6874,MV_8248,TH_397,SC_976,2023-09-15,10:15:00,213.93,172,active
SH_6875,MV_1682,TH_494,SC_998,2024-02-27,16:15:00,268.74,161,active
SH_6876,MV_2964,TH_78,SC_963,2024-05-21,21:00:00,166.3,172,active
SH_6877,MV_797,TH_123,SC_651,2025-01-24,12:15:00,400.56,195,active
SH_6878,MV_9538,TH_454,SC_302,2025-08-07,20:45:00,172.61,75,active
SH_6879,MV_3478,TH_251,SC_999,2024-07-24,18:00:00,422.0,184,active
SH_6880,MV_7163,TH_236,SC_519,2024-04-29,13:15:00,309.04,99,active
SH_6881,MV_891,TH_138,SC_222,2023-05-25,22:30:00,214.13,114,active
SH_6882,MV_2225,TH_435,SC_293,2025-05-27,13:45:00,405.62,196,active
SH_6884,MV_220,TH_303,SC_536,2023-08-27,17:45:00,247.38,191,active
SH_6885,MV_7289,TH_249,SC_829,2024-04-10,17:45:00,264.8,150,active
SH_6886,MV_9415,TH_248,SC_877,2024-03-25,16:45:00,318.37,112,active
SH_6887,MV_5595,TH_459,SC_470,2024-11-20,11:45:00,315.55,93,active
SH_6888,MV_9940,TH_476,SC_992,2025-08-21,20:15:00,315.72,63,active
SH_6890,MV_9049,TH_345,SC_88,2024-09-02,17:15:00,413.22,87,active
SH_6891,MV_2406,TH_13,SC_390,2023-12-14,10:00:00,366.33,83,active
SH_6893,MV_879,TH_353,SC_224,2024-06-30,14:00:00,461.21,57,active
SH_6895,MV_3054,TH_24,SC_203,2023-01-12,19:30:00,186.94,178,active
SH_6896,MV_8375,TH_19,SC_863,2024-12-21,20:30:00,317.74,76,active
SH_6897,MV_9492,TH_331,SC_973,2025-01-22,10:45:00,264.47,51,active
SH_6898,MV_113,TH_9,SC_96,2025-02-04,19:45:00,310.47,197,active
SH_6899,MV_1030,TH_290,SC_548,2024-09-01,11:00:00,455.24,179,active
SH_6900,MV_271,TH_386,SC_497,2023-08-29,17:45:00,393.66,119,active
SH_6901,MV_3567,TH_475,SC_650,2025-09-23,19:00:00,215.79,147,active
SH_6902,MV_3728,TH_490,SC_73,2025-10-20,19:30:00,314.34,81,active
SH_6903,MV_3025,TH_430,SC_443,2025-09-01,11:00:00,346.04,145,active
SH_6904,MV_2461,TH_326,SC_590,2024-12-05,19:00:00,385.69,142,active
SH_6906,MV_9420,TH_225,SC_467,2024-10-20,13:00:00,405.85,127,active
SH_6907,MV_6583,TH_462,SC_297,2025-02-28,20:30:00,203.4,133,active
SH_6908,MV_1842,TH_127,SC_708,2023-08-02,13:45:00,171.71,79,active
SH_6909,MV_6485,TH_54,SC_529,2023-08-15,20:30:00,213.9,100,active
SH_6910,MV_43,TH_186,SC_749,2025-04-16,15:00:00,302.78,187,active
SH_6912,MV_3697,TH_456,SC_940,2025-10-13,13:30:00,226.66,99,active
SH_6913,MV_7723,TH_252,SC_958,2025-02-05,16:45:00,468.91,88,active
SH_6914,MV_2441,TH_484,SC_685,2024-01-19,21:30:00,204.76,148,active
SH_6915,MV_2654,TH_318,SC_88,2025-10-18,12:15:00,273.85,64,active
SH_6916,MV_7716,TH_306,SC_558,2023-01-19,20:30:00,417.15,92,active
SH_6917,MV_4737,TH_32,SC_729,2025-01-23,10:00:00,270.29,148,active
SH_6918,MV_2201,TH_243,SC_168,2023-01-28,13:00:00,200.96,107,active
SH_6920,MV_7396,TH_462,SC_232,2025-06-12,16:00:00,323.31,89,active
SH_6921,MV_2967,TH_145,SC_23,2024-07-03,15:30:00,479.51,93,active
SH_6922,MV_9154,TH_128,SC_704,2025-10-07,18:00:00,201.3,177,active
SH_6923,MV_3927,TH_198,SC_645,2024-03-06,11:45:00,465.48,129,active
SH_6924,MV_9537,TH_311,SC_63,2025-09-30,17:00:00,312.28,71,active
SH_6925,MV_2852,TH_120,SC_558,2024-08-26,12:45:00,481.12,90,active
SH_6926,MV_6200,TH_454,SC_766,2025-01-12,13:00:00,400.78,70,active
SH_6927,MV_6405,TH_104,SC_169,2023-01-26,21:15:00,470.36,142,active
SH_6928,MV_2186,TH_91,SC_931,2024-11-19,15:00:00,464.48,52,active
SH_6930,MV_9422,TH_303,SC_816,2023-04-15,21:15:00,280.29,110,active
SH_6931,MV_438,TH_130,SC_175,2024-03-03,13:15:00,223.52,189,active
SH_6932,MV_8488,TH_463,SC_920,2023-12-05,21:15:00,424.23,114,active
SH_6933,MV_7043,TH_309,SC_603,2025-11-29,19:00:00,173.39,67,active
SH_6934,MV_9881,TH_370,SC_935,2024-03-03,15:45:00,339.32,96,active
SH_6935,MV_194,TH_447,SC_87,2024-07-31,18:00:00,196.64,136,active
SH_6936,MV_3834,TH_60,SC_361,2023-01-13,12:00:00,463.6,162,active
SH_6938,MV_4683,TH_300,SC_873,2023-06-25,20:30:00,183.89,88,active
SH_6939,MV_798,TH_263,SC_695,2024-10-20,16:45:00,161.04,181,active
SH_6941,MV_3813,TH_245,SC_746,2024-12-03,15:00:00,346.09,81,active
SH_6942,MV_6730,TH_88,SC_657,2023-04-27,14:45:00,384.5,88,active
SH_6943,MV_2778,TH_191,SC_42,2025-11-30,21:15:00,392.62,176,active
SH_6944,MV_9609,TH_417,SC_693,2025-06-28,10:45:00,160.31,144,active
SH_6946,MV_8350,TH_167,SC_408,2025-10-18,22:45:00,188.33,155,active
SH_6947,MV_7585,TH_305,SC_721,2024-02-24,11:00:00,453.82,88,active
SH_6948,MV_5965,TH_73,SC_819,2024-08-28,18:45:00,166.59,174,active
SH_6949,MV_6750,TH_35,SC_579,2023-08-31,19:00:00,198.0,75,active
SH_6950,MV_2331,TH_219,SC_943,2023-07-20,11:15:00,314.69,52,active
SH_6952,MV_2358,TH_192,SC_938,2023-11-25,17:15:00,461.47,87,active
SH_6953,MV_3612,TH_421,SC_488,2023-02-27,11:45:00,269.43,148,active
SH_6954,MV_9616,TH_414,SC_187,2025-05-28,13:00:00,393.02,170,active
SH_6955,MV_906,TH_338,SC_636,2023-06-26,22:30:00,290.78,197,active
SH_6956,MV_7529,TH_191,SC_893,2023-06-12,14:15:00,326.78,74,active
SH_6957,MV_7858,TH_221,SC_728,2024-05-05,16:30:00,153.8,138,active
SH_6958,MV_4053,TH_290,SC_336,2025-02-12,21:00:00,453.91,66,active
SH_6959,MV_5665,TH_54,SC_685,2024-07-18,14:30:00,184.76,189,active
SH_6960,MV_1413,TH_473,SC_408,2024-07-27,20:15:00,280.65,193,active
SH_6961,MV_5579,TH_387,SC_80,2023-02-14,15:15:00,421.52,137,active
SH_6962,MV_8638,TH_184,SC_867,2025-03-25,13:45:00,166.03,192,active
SH_6963,MV_9481,TH_292,SC_4,2025-09-29,12:45:00,151.84,132,active
SH_6964,MV_8859,TH_155,SC_967,2024-09-17,18:45:00,458.67,118,active
SH_6965,MV_7378,TH_243,SC_309,2023-02-19,17:00:00,241.42,138,active
SH_6967,MV_7843,TH_478,SC_277,2024-10-20,12:30:00,155.07,184,active
SH_6968,MV_5623,TH_467,SC_398,2024-11-30,22:00:00,154.1,131,active
SH_6969,MV_6355,TH_113,SC_517,2025-11-30,17:30:00,315.08,148,active
SH_6970,MV_8489,TH_89,SC_673,2023-01-19,13:15:00,471.4,166,active
SH_6971,MV_9039,TH_198,SC_113,2025-03-27,16:45:00,402.48,146,active
SH_6972,MV_5281,TH_96,SC_22,2024-10-13,21:00:00,278.85,105,active
SH_6973,MV_3059,TH_180,SC_677,2025-11-09,11:30:00,496.37,181,active
SH_6974,MV_4478,TH_119,SC_671,2023-12-22,16:15:00,181.96,121,active
SH_6975,MV_6820,TH_132,SC_616,2024-06-16,11:30:00,346.46,182,active
SH_6976,MV_400,TH_80,SC_236,2025-01-13,17:30:00,178.66,97,active
SH_6977,MV_5821,TH_1,SC_803,2025-11-13,21:45:00,468.13,128,active
SH_6978,MV_3626,TH_443,SC_873,2025-08-31,18:45:00,251.91,129,active
SH_6979,MV_344,TH_315,SC_257,2023-05-04,15:45:00,474.74,138,active
SH_6980,MV_2733,TH_293,SC_518,2024-08-08,19:15:00,496.44,121,active
SH_6981,MV_8554,TH_148,SC_978,2025-10-16,19:00:00,293.36,170,active
SH_6982,MV_2840,TH_114,SC_685,2024-03-10,10:15:00,440.49,194,active
SH_6983,MV_9921,TH_231,SC_542,2023-10-06,16:30:00,435.66,79,active
SH_6984,MV_1767,TH_110,SC_648,2024-04-15,10:45:00,200.05,182,active
SH_6985,MV_2859,TH_205,SC_27,2024-06-12,20:15:00,274.84,86,active
SH_6986,MV_8170,TH_431,SC_442,2024-01-28,10:30:00,390.03,111,active
SH_6987,MV_4318,TH_83,SC_332,2023-04-14,14:00:00,454.0,102,active
SH_6988,MV_1081,TH_269,SC_973,2023-01-31,15:00:00,338.56,82,active
SH_6989,MV_3825,TH_149,SC_77,2025-07-24,18:45:00,437.72,193,active
SH_6990,MV_7915,TH_397,SC_361,2025-03-22,21:00:00,209.55,148,active
SH_6991,MV_5353,TH_297,SC_38,2023-07-15,13:45:00,228.16,55,active
SH_6994,MV_7799,TH_257,SC_272,2024-07-10,19:15:00,314.99,92,active
SH_6995,MV_7521,TH_15,SC_506,2025-07-08,10:15:00,455.93,132,active
SH_6996,MV_5225,TH_252,SC_599,2025-03-19,22:00:00,403.2,104,active
SH_6997,MV_9678,TH_389,SC_552,2023-03-24,15:00:00,453.48,195,active
SH_6998,MV_3968,TH_340,SC_518,2024-11-01,20:15:00,206.26,109,active
SH_6999,MV_7458,TH_442,SC_846,2024-11-18,16:00:00,464.74,123,active
SH_7001,MV_2192,TH_21,SC_507,2024-05-05,19:15:00,398.44,108,active
SH_7002,MV_9758,TH_91,SC_521,2023-12-13,17:15:00,418.35,107,active
SH_7003,MV_266,TH_257,SC_491,2023-09-22,10:45:00,476.76,166,active
SH_7004,MV_9843,TH_474,SC_168,2023-05-30,22:30:00,408.11,167,active
SH_7005,MV_7697,TH_151,SC_323,2025-08-03,20:15:00,406.46,78,active
SH_7006,MV_8438,TH_285,SC_884,2025-05-04,17:45:00,161.04,93,active
SH_7007,MV_1998,TH_93,SC_708,2023-03-13,14:30:00,423.1,109,active
SH_7008,MV_4323,TH_211,SC_431,2024-02-10,19:00:00,387.1,146,active
SH_7009,MV_4174,TH_426,SC_265,2025-02-01,22:15:00,420.22,60,active
SH_7010,MV_5872,TH_378,SC_600,2024-08-22,11:15:00,427.94,144,active
SH_7011,MV_8660,TH_377,SC_574,2024-01-02,12:00:00,342.42,131,active
SH_7012,MV_85,TH_143,SC_330,2024-12-27,12:30:00,211.29,51,active
SH_7013,MV_5343,TH_46,SC_912,2024-12-08,19:30:00,285.4,161,active
SH_7015,MV_9048,TH_394,SC_360,2023-03-31,14:45:00,371.89,75,active
SH_7017,MV_8197,TH_315,SC_347,2025-09-27,10:00:00,472.27,175,active
SH_7018,MV_5624,TH_218,SC_460,2025-10-27,11:15:00,397.93,148,active
SH_7019,MV_8042,TH_252,SC_466,2025-09-05,15:15:00,318.58,97,active
SH_7020,MV_4428,TH_418,SC_96,2025-02-28,22:30:00,368.97,71,active
SH_7021,MV_8377,TH_93,SC_527,2023-04-22,14:30:00,465.78,189,active
SH_7022,MV_5507,TH_42,SC_731,2025-02-28,18:45:00,317.71,194,active
SH_7024,MV_481,TH_334,SC_280,2023-11-21,22:15:00,253.96,125,active
SH_7025,MV_5181,TH_110,SC_871,2023-07-13,13:00:00,385.87,154,active
SH_7026,MV_6012,TH_185,SC_798,2025-12-27,14:00:00,342.96,176,active
SH_7027,MV_738,TH_328,SC_864,2024-06-26,11:15:00,352.22,140,active
SH_7028,MV_7166,TH_495,SC_307,2023-09-21,16:45:00,228.1,56,active
SH_7029,MV_1797,TH_389,SC_124,2023-01-09,17:45:00,153.06,133,active
SH_7030,MV_1806,TH_439,SC_321,2023-10-12,15:30:00,216.54,154,active
SH_7031,MV_127,TH_480,SC_400,2025-09-25,12:30:00,299.34,147,active
SH_7032,MV_5488,TH_458,SC_265,2024-08-31,21:30:00,422.83,119,active
SH_7033,MV_2820,TH_315,SC_835,2024-07-19,16:30:00,443.14,85,active
SH_7034,MV_9585,TH_220,SC_128,2023-01-27,15:45:00,435.45,102,active
SH_7035,MV_1060,TH_466,SC_377,2025-08-21,11:00:00,325.98,164,active
SH_7038,MV_839,TH_110,SC_428,2025-03-15,14:45:00,412.73,148,active
SH_7039,MV_8586,TH_326,SC_204,2023-12-22,21:45:00,429.56,68,active
SH_7040,MV_9115,TH_143,SC_240,2023-05-14,17:45:00,303.69,126,active
SH_7041,MV_506,TH_298,SC_748,2023-10-08,14:00:00,182.47,179,active
SH_7042,MV_1062,TH_363,SC_697,2023-06-04,21:00:00,211.72,60,active
SH_7043,MV_6313,TH_303,SC_73,2025-07-31,10:45:00,179.21,194,active
SH_7044,MV_8995,TH_444,SC_673,2025-04-11,17:15:00,312.85,156,active
SH_7045,MV_5230,TH_68,SC_862,2024-10-27,16:15:00,446.14,95,active
SH_7046,MV_2967,TH_322,SC_247,2025-10-30,13:45:00,399.02,126,active
SH_7048,MV_181,TH_83,SC_241,2024-09-28,11:30:00,162.29,168,active
SH_7049,MV_2160,TH_159,SC_620,2023-12-13,18:30:00,190.28,72,active
SH_7050,MV_5531,TH_396,SC_946,2023-10-16,13:00:00,422.01,175,active
SH_7051,MV_1201,TH_356,SC_423,2025-10-04,11:00:00,491.63,144,active
SH_7052,MV_181,TH_270,SC_546,2023-07-19,19:45:00,353.09,60,active
SH_7053,MV_4645,TH_155,SC_242,2025-09-11,17:15:00,475.7,70,active
SH_7054,MV_2344,TH_129,SC_1000,2025-10-19,17:30:00,253.63,129,active
SH_7055,MV_798,TH_344,SC_132,2023-06-03,21:00:00,175.6,193,active
SH_7056,MV_8243,TH_322,SC_623,2024-11-05,20:00:00,263.75,92,active
SH_7057,MV_8448,TH_329,SC_524,2023-04-13,21:00:00,247.78,191,active
SH_7058,MV_9805,TH_51,SC_14,2023-10-14,16:00:00,243.82,108,active
SH_7059,MV_8906,TH_349,SC_160,2023-03-24,14:30:00,253.23,151,active
SH_7060,MV_4998,TH_408,SC_491,2025-04-06,22:30:00,306.92,102,active
SH_7061,MV_6569,TH_152,SC_453,2024-10-03,15:15:00,488.37,82,active
SH_7062,MV_2336,TH_17,SC_208,2025-11-04,15:00:00,322.19,55,active
SH_7063,MV_3687,TH_276,SC_876,2024-06-16,11:15:00,246.34,146,active
SH_7064,MV_1080,TH_401,SC_399,2023-07-12,16:00:00,263.12,81,active
SH_7065,MV_6814,TH_337,SC_648,2025-09-18,12:15:00,270.44,65,active
SH_7066,MV_9277,TH_216,SC_351,2024-08-29,13:30:00,349.5,93,active
SH_7067,MV_9666,TH_248,SC_541,2024-04-10,11:30:00,347.54,170,active
SH_7068,MV_8330,TH_492,SC_607,2025-09-14,18:15:00,442.73,103,active
SH_7069,MV_6639,TH_259,SC_345,2024-10-10,13:45:00,184.36,172,active
SH_7070,MV_9304,TH_281,SC_615,2025-09-25,17:00:00,369.87,80,active
SH_7071,MV_6002,TH_142,SC_282,2023-01-24,21:00:00,157.77,113,active
SH_7072,MV_5916,TH_1,SC_674,2023-03-19,20:15:00,231.47,90,active
SH_7073,MV_927,TH_264,SC_334,2023-05-21,12:00:00,364.81,83,active
SH_7074,MV_1109,TH_174,SC_776,2025-07-11,16:30:00,246.01,121,active
SH_7076,MV_5778,TH_55,SC_236,2025-11-09,21:30:00,359.04,85,active
SH_7077,MV_4675,TH_380,SC_527,2023-03-31,17:15:00,381.15,86,active
SH_7078,MV_8706,TH_434,SC_910,2025-03-07,18:30:00,385.76,147,active
SH_7079,MV_5073,TH_381,SC_517,2024-02-22,21:15:00,353.43,120,active
SH_7080,MV_3958,TH_361,SC_885,2025-03-19,16:15:00,386.08,188,active
SH_7082,MV_5626,TH_310,SC_385,2023-09-02,22:45:00,439.64,91,active
SH_7083,MV_6857,TH_269,SC_159,2025-05-06,12:00:00,463.55,84,active
SH_7084,MV_6999,TH_324,SC_34,2025-02-03,11:00:00,273.03,61,active
SH_7085,MV_6947,TH_492,SC_7,2024-11-11,11:45:00,446.03,123,active
SH_7086,MV_5943,TH_486,SC_600,2024-12-11,11:30:00,384.82,97,active
SH_7087,MV_8310,TH_489,SC_810,2025-06-07,10:45:00,483.66,194,active
SH_7089,MV_3946,TH_222,SC_228,2024-05-25,15:30:00,194.61,168,active
SH_7090,MV_5921,TH_395,SC_523,2023-07-07,17:00:00,228.2,152,active
SH_7091,MV_2157,TH_167,SC_958,2025-04-11,10:30:00,377.59,148,active
SH_7092,MV_7918,TH_150,SC_475,2024-06-20,13:30:00,186.85,134,active
SH_7093,MV_3418,TH_402,SC_210,2024-11-08,18:30:00,248.58,110,active
SH_7094,MV_5820,TH_242,SC_845,2024-12-17,10:00:00,345.22,112,active
SH_7095,MV_4782,TH_371,SC_126,2024-07-14,14:30:00,333.98,194,active
SH_7096,MV_9380,TH_46,SC_230,2023-01-11,12:15:00,351.91,133,active
SH_7097,MV_4393,TH_241,SC_599,2023-10-29,14:00:00,437.27,60,active
SH_7099,MV_9041,TH_76,SC_135,2025-01-08,11:45:00,283.87,112,active
SH_7101,MV_5960,TH_398,SC_332,2024-05-03,20:00:00,382.21,84,active
SH_7102,MV_8201,TH_327,SC_271,2023-09-04,20:45:00,309.88,159,active
SH_7103,MV_7934,TH_189,SC_639,2025-01-13,20:30:00,496.63,159,active
SH_7104,MV_5674,TH_14,SC_292,2023-09-09,22:30:00,293.73,113,active
SH_7105,MV_9058,TH_197,SC_199,2023-01-09,19:00:00,260.79,95,active
SH_7107,MV_1930,TH_45,SC_631,2025-10-05,11:45:00,168.81,139,active
SH_7108,MV_4556,TH_152,SC_726,2024-06-10,21:30:00,324.19,76,active
SH_7109,MV_8179,TH_185,SC_218,2023-01-28,22:30:00,418.63,103,active
SH_7110,MV_1649,TH_279,SC_139,2024-01-04,16:15:00,414.04,84,active
SH_7111,MV_3125,TH_45,SC_143,2023-03-13,22:15:00,269.43,91,active
SH_7113,MV_4527,TH_158,SC_53,2024-12-02,15:15:00,355.14,73,active
SH_7116,MV_5782,TH_263,SC_29,2025-06-28,11:00:00,324.11,147,active
SH_7117,MV_9198,TH_427,SC_594,2023-02-12,15:00:00,160.96,181,active
SH_7118,MV_4096,TH_202,SC_628,2023-10-25,16:15:00,286.16,66,active
SH_7119,MV_8838,TH_285,SC_981,2023-10-22,22:15:00,278.1,149,active
SH_7121,MV_9597,TH_500,SC_860,2025-09-21,10:15:00,244.52,169,active
SH_7122,MV_8397,TH_126,SC_906,2025-02-20,13:30:00,475.2,56,active
SH_7124,MV_5558,TH_296,SC_336,2023-01-04,21:15:00,479.59,112,active
SH_7125,MV_7628,TH_65,SC_173,2025-12-02,22:00:00,479.81,81,active
SH_7126,MV_2174,TH_62,SC_70,2023-05-04,20:30:00,217.4,84,active
SH_7127,MV_1176,TH_402,SC_10,2024-03-03,17:45:00,169.76,197,active
SH_7128,MV_6196,TH_352,SC_201,2023-11-20,20:15:00,298.94,81,active
SH_7129,MV_3235,TH_97,SC_168,2024-12-29,14:45:00,391.67,164,active
SH_7130,MV_6651,TH_11,SC_921,2023-03-09,21:15:00,368.02,163,active
SH_7131,MV_1314,TH_150,SC_690,2024-08-12,10:15:00,309.01,169,active
SH_7132,MV_4343,TH_126,SC_241,2023-04-06,15:45:00,195.37,93,active
SH_7133,MV_4,TH_172,SC_389,2025-04-15,13:00:00,333.04,120,active
SH_7134,MV_5622,TH_417,SC_249,2024-01-19,15:45:00,357.79,150,active
SH_7135,MV_319,TH_80,SC_815,2024-09-01,15:30:00,272.75,136,active
SH_7137,MV_9965,TH_344,SC_888,2025-10-27,13:45:00,491.5,79,active
SH_7138,MV_2847,TH_308,SC_287,2025-06-28,15:00:00,389.37,117,active
SH_7139,MV_8502,TH_146,SC_131,2025-10-14,10:30:00,443.03,109,active
SH_7140,MV_3416,TH_31,SC_518,2024-07-22,11:30:00,197.72,166,active
SH_7141,MV_1856,TH_49,SC_118,2024-08-06,13:00:00,293.98,110,active
SH_7142,MV_5987,TH_369,SC_524,2025-07-05,14:30:00,211.34,60,active
SH_7143,MV_9987,TH_56,SC_578,2025-04-11,20:30:00,244.65,75,active
SH_7144,MV_5575,TH_340,SC_14,2024-09-25,17:45:00,223.64,128,active
SH_7145,MV_2333,TH_373,SC_506,2025-01-12,20:45:00,166.05,147,active
SH_7146,MV_415,TH_439,SC_981,2023-01-28,10:00:00,258.95,186,active
SH_7147,MV_4677,TH_365,SC_402,2024-11-06,12:15:00,354.86,87,active
SH_7149,MV_7141,TH_493,SC_951,2025-12-21,18:15:00,403.59,99,active
SH_7150,MV_1778,TH_465,SC_207,2024-01-11,22:15:00,240.39,62,active
SH_7151,MV_8527,TH_406,SC_839,2023-12-08,14:45:00,310.09,113,active
SH_7152,MV_7024,TH_456,SC_227,2023-12-22,21:00:00,354.03,121,active
SH_7154,MV_8468,TH_397,SC_926,2024-01-12,12:45:00,257.08,189,active
SH_7155,MV_7779,TH_117,SC_774,2024-12-07,15:30:00,269.66,186,active
SH_7156,MV_626,TH_263,SC_383,2024-10-04,13:30:00,208.2,65,active
SH_7157,MV_7998,TH_187,SC_78,2023-02-25,19:30:00,189.51,157,active
SH_7158,MV_7070,TH_463,SC_857,2025-09-21,21:15:00,397.52,140,active
SH_7159,MV_2114,TH_374,SC_381,2024-05-10,19:30:00,255.53,173,active
SH_7160,MV_1505,TH_181,SC_127,2025-05-04,21:15:00,432.81,162,active
SH_7161,MV_9552,TH_308,SC_628,2025-10-08,16:30:00,273.78,51,active
SH_7162,MV_282,TH_252,SC_389,2024-07-21,15:15:00,404.82,117,active
SH_7163,MV_6326,TH_5,SC_558,2023-10-11,18:45:00,403.52,52,active
SH_7164,MV_6189,TH_279,SC_20,2025-03-17,20:30:00,337.07,57,active
SH_7165,MV_8835,TH_377,SC_727,2023-10-15,21:30:00,455.49,124,active
SH_7166,MV_7457,TH_100,SC_309,2023-01-05,22:30:00,363.5,115,active
SH_7167,MV_1917,TH_174,SC_301,2023-02-05,22:30:00,455.23,156,active
SH_7168,MV_5497,TH_159,SC_323,2023-10-01,15:15:00,185.14,96,active
SH_7169,MV_4310,TH_210,SC_351,2025-05-25,16:15:00,368.14,100,active
SH_7171,MV_2671,TH_153,SC_884,2024-08-18,13:15:00,463.67,82,active
SH_7172,MV_6957,TH_371,SC_80,2023-10-14,10:45:00,483.87,138,active
SH_7173,MV_2544,TH_378,SC_104,2023-07-05,13:45:00,265.37,199,active
SH_7175,MV_3770,TH_143,SC_376,2025-05-06,18:45:00,324.22,138,active
SH_7177,MV_8672,TH_257,SC_220,2025-09-12,13:45:00,311.22,172,active
SH_7178,MV_2444,TH_462,SC_970,2025-03-12,13:15:00,422.71,143,active
SH_7179,MV_4349,TH_221,SC_347,2023-06-06,15:15:00,234.29,153,active
SH_7180,MV_1276,TH_266,SC_330,2024-01-12,12:45:00,284.09,135,active
SH_7181,MV_3749,TH_111,SC_785,2024-08-21,18:30:00,206.28,94,active
SH_7182,MV_2903,TH_485,SC_385,2023-03-25,21:00:00,369.64,110,active
SH_7183,MV_3852,TH_488,SC_630,2024-04-23,17:30:00,489.23,94,active
SH_7184,MV_1543,TH_28,SC_729,2024-08-31,22:45:00,204.42,183,active
SH_7185,MV_242,TH_353,SC_778,2024-07-30,16:30:00,470.21,157,active
SH_7186,MV_1637,TH_161,SC_200,2024-07-18,17:15:00,247.5,126,active
SH_7187,MV_2451,TH_383,SC_518,2025-09-21,20:45:00,300.45,63,active
SH_7188,MV_6168,TH_141,SC_445,2024-04-03,14:45:00,173.6,129,active
SH_7189,MV_6002,TH_59,SC_240,2024-03-13,13:00:00,199.32,76,active
SH_7190,MV_6704,TH_4,SC_948,2023-04-02,21:45:00,370.65,175,active
SH_7193,MV_3359,TH_313,SC_822,2023-01-11,16:15:00,189.85,173,active
SH_7194,MV_1122,TH_62,SC_884,2024-08-15,19:45:00,422.47,104,active
SH_7195,MV_1593,TH_341,SC_949,2023-12-23,16:30:00,287.17,54,active
SH_7196,MV_8372,TH_258,SC_42,2025-07-07,10:15:00,330.72,113,active
SH_7197,MV_8541,TH_197,SC_718,2023-03-24,10:00:00,244.62,58,active
SH_7198,MV_2423,TH_255,SC_600,2024-12-20,13:00:00,437.38,197,active
SH_7199,MV_5090,TH_236,SC_741,2024-08-06,16:30:00,472.98,192,active
SH_7200,MV_8956,TH_470,SC_790,2024-04-07,14:45:00,212.3,126,active
SH_7201,MV_7299,TH_146,SC_608,2025-01-01,11:00:00,250.35,146,active
SH_7202,MV_3771,TH_378,SC_804,2024-02-22,21:15:00,363.69,149,active
SH_7203,MV_8116,TH_275,SC_993,2025-03-07,21:00:00,438.23,184,active
SH_7204,MV_6670,TH_297,SC_809,2023-07-11,19:15:00,469.44,87,active
SH_7205,MV_472,TH_286,SC_45,2023-02-18,14:00:00,239.19,71,active
SH_7206,MV_9853,TH_462,SC_485,2024-02-09,11:45:00,355.38,169,active
SH_7207,MV_6728,TH_498,SC_188,2024-05-19,21:45:00,190.21,140,active
SH_7209,MV_7388,TH_270,SC_49,2023-03-31,19:15:00,469.62,61,active
SH_7210,MV_8715,TH_218,SC_395,2025-07-15,20:15:00,471.87,67,active
SH_7211,MV_9007,TH_187,SC_591,2025-11-05,22:45:00,182.28,170,active
SH_7212,MV_8374,TH_284,SC_787,2025-01-02,15:15:00,414.24,105,active
SH_7213,MV_4253,TH_171,SC_137,2023-08-30,14:00:00,227.04,129,active
SH_7214,MV_2895,TH_235,SC_392,2023-10-29,14:30:00,341.61,65,active
SH_7215,MV_6180,TH_420,SC_206,2024-07-29,16:00:00,282.03,54,active
SH_7216,MV_1096,TH_296,SC_577,2023-01-26,14:45:00,186.69,91,active
SH_7217,MV_206,TH_53,SC_631,2025-01-29,10:15:00,154.51,105,active
SH_7218,MV_8640,TH_82,SC_446,2023-07-28,15:30:00,249.56,63,active
SH_7219,MV_7802,TH_246,SC_7,2024-08-11,17:15:00,205.31,66,active
SH_7220,MV_7532,TH_36,SC_558,2025-10-16,16:30:00,312.52,51,active
SH_7221,MV_2991,TH_62,SC_241,2023-09-14,11:30:00,262.11,84,active
SH_7222,MV_6652,TH_334,SC_376,2024-08-13,16:15:00,472.82,191,active
SH_7223,MV_6231,TH_129,SC_721,2024-02-02,13:15:00,417.97,98,active
SH_7225,MV_3076,TH_111,SC_81,2025-08-18,21:45:00,459.49,112,active
SH_7226,MV_7490,TH_206,SC_120,2025-04-16,10:15:00,375.87,123,active
SH_7227,MV_7192,TH_5,SC_919,2023-07-06,15:30:00,328.74,84,active
SH_7228,MV_630,TH_399,SC_142,2025-01-06,19:15:00,210.77,124,active
SH_7229,MV_329,TH_453,SC_634,2024-01-29,21:30:00,362.44,195,active
SH_7230,MV_9414,TH_424,SC_868,2024-06-20,21:30:00,449.13,85,active
SH_7231,MV_3795,TH_407,SC_387,2023-02-08,15:15:00,297.52,67,active
SH_7232,MV_9169,TH_245,SC_903,2023-01-09,13:00:00,280.13,144,active
SH_7233,MV_6123,TH_40,SC_392,2023-02-16,17:00:00,211.31,99,active
SH_7234,MV_5423,TH_140,SC_991,2023-11-01,11:15:00,402.28,158,active
SH_7235,MV_1129,TH_43,SC_350,2023-05-26,10:00:00,303.09,116,active
SH_7236,MV_291,TH_435,SC_807,2025-09-29,11:15:00,473.23,179,active
SH_7237,MV_8242,TH_205,SC_635,2023-10-16,15:00:00,316.34,145,active
SH_7238,MV_8854,TH_169,SC_271,2025-05-23,21:15:00,247.86,110,active
SH_7239,MV_933,TH_359,SC_762,2024-12-17,20:00:00,467.81,128,active
SH_7240,MV_734,TH_483,SC_904,2023-10-15,10:30:00,379.85,101,active
SH_7241,MV_6121,TH_348,SC_462,2024-09-11,20:15:00,276.97,199,active
SH_7242,MV_2045,TH_389,SC_101,2024-12-23,22:00:00,312.17,109,active
SH_7243,MV_5087,TH_381,SC_359,2023-12-03,19:45:00,426.57,174,active
SH_7244,MV_4603,TH_476,SC_114,2024-02-29,16:00:00,347.32,198,active
SH_7245,MV_5710,TH_377,SC_285,2024-05-18,22:30:00,432.75,89,active
SH_7246,MV_5405,TH_406,SC_547,2024-03-31,12:15:00,490.33,124,active
SH_7247,MV_5389,TH_266,SC_159,2023-04-18,17:15:00,311.21,182,active
SH_7248,MV_4297,TH_30,SC_358,2025-07-05,10:30:00,379.08,72,active
SH_7249,MV_9398,TH_400,SC_958,2023-04-08,16:30:00,382.76,60,active
SH_7250,MV_6414,TH_416,SC_948,2025-01-16,14:45:00,462.18,99,active
SH_7251,MV_4737,TH_227,SC_706,2023-02-20,11:45:00,150.53,180,active
SH_7252,MV_2083,TH_457,SC_8,2024-11-13,18:00:00,151.48,53,active
SH_7254,MV_2899,TH_325,SC_99,2023-02-08,21:30:00,267.25,120,active
SH_7255,MV_2609,TH_487,SC_353,2023-07-02,12:00:00,486.55,193,active
SH_7256,MV_2899,TH_435,SC_158,2024-07-13,13:15:00,474.79,90,active
SH_7257,MV_8112,TH_496,SC_810,2024-05-14,10:30:00,314.35,109,active
SH_7258,MV_7882,TH_53,SC_353,2024-12-30,13:15:00,180.14,54,active
SH_7259,MV_5138,TH_134,SC_8,2024-04-26,22:45:00,400.08,157,active
SH_7260,MV_9554,TH_65,SC_313,2025-05-06,17:30:00,466.78,86,active
SH_7261,MV_9833,TH_441,SC_177,2023-12-06,14:30:00,356.75,120,active
SH_7262,MV_4514,TH_3,SC_55,2023-01-25,17:45:00,452.37,136,active
SH_7263,MV_6506,TH_464,SC_239,2025-10-09,14:45:00,345.95,83,active
SH_7264,MV_8178,TH_47,SC_620,2025-09-15,17:00:00,384.64,78,active
SH_7265,MV_363,TH_55,SC_378,2025-06-22,13:45:00,468.47,198,active
SH_7267,MV_4781,TH_456,SC_545,2024-11-07,17:30:00,266.8,84,active
SH_7268,MV_579,TH_448,SC_401,2023-03-31,21:00:00,381.9,147,active
SH_7269,MV_8038,TH_138,SC_33,2024-02-18,11:30:00,389.78,194,active
SH_7271,MV_7012,TH_464,SC_329,2023-02-20,14:00:00,247.56,65,active
SH_7272,MV_8653,TH_4,SC_178,2024-10-09,10:00:00,284.67,155,active
SH_7273,MV_4102,TH_263,SC_864,2023-11-27,18:15:00,447.72,90,active
SH_7274,MV_8464,TH_281,SC_116,2025-04-30,16:45:00,207.51,130,active
SH_7276,MV_4619,TH_19,SC_217,2024-01-23,12:00:00,474.86,121,active
SH_7277,MV_3606,TH_212,SC_182,2024-03-26,14:30:00,447.72,148,active
SH_7278,MV_2886,TH_488,SC_650,2024-02-13,21:00:00,337.23,143,active
SH_7279,MV_9912,TH_264,SC_169,2024-05-21,14:15:00,463.94,83,active
SH_7280,MV_4587,TH_381,SC_879,2025-10-04,22:00:00,374.05,170,active
SH_7281,MV_939,TH_111,SC_895,2025-04-04,17:00:00,346.21,140,active
SH_7282,MV_5892,TH_439,SC_973,2024-04-18,22:15:00,258.86,147,active
SH_7283,MV_8444,TH_316,SC_443,2025-11-27,11:00:00,222.97,197,active
SH_7284,MV_9508,TH_445,SC_63,2023-10-30,15:45:00,402.63,84,active
SH_7286,MV_8769,TH_85,SC_925,2024-01-06,11:15:00,165.62,111,active
SH_7287,MV_1775,TH_91,SC_677,2024-11-13,21:45:00,483.47,50,active
SH_7288,MV_8485,TH_346,SC_588,2024-01-09,18:30:00,245.94,87,active
SH_7289,MV_6284,TH_192,SC_180,2025-04-06,11:15:00,333.65,153,active
SH_7290,MV_669,TH_349,SC_508,2023-02-11,12:15:00,275.94,161,active
SH_7291,MV_5075,TH_431,SC_540,2023-07-16,22:30:00,184.63,182,active
SH_7292,MV_7981,TH_306,SC_882,2025-08-26,14:00:00,441.63,116,active
SH_7293,MV_6090,TH_64,SC_592,2024-08-17,12:15:00,158.48,125,active
SH_7294,MV_1384,TH_158,SC_615,2025-05-30,11:15:00,164.56,88,active
SH_7295,MV_5732,TH_145,SC_414,2025-03-01,10:00:00,280.58,173,active
SH_7296,MV_2445,TH_113,SC_212,2025-05-07,15:30:00,294.48,189,active
SH_7297,MV_4346,TH_71,SC_859,2023-02-08,22:45:00,466.76,52,active
SH_7298,MV_5040,TH_388,SC_730,2024-08-19,17:45:00,369.73,142,active
SH_7300,MV_5052,TH_434,SC_323,2023-12-07,18:15:00,247.15,125,active
SH_7301,MV_2420,TH_193,SC_822,2024-04-04,11:45:00,238.45,193,active
SH_7302,MV_1564,TH_69,SC_462,2023-03-29,10:45:00,165.24,189,active
SH_7303,MV_349,TH_269,SC_488,2023-09-15,22:15:00,420.16,50,active
SH_7304,MV_3664,TH_231,SC_542,2023-01-10,14:15:00,338.95,137,active
SH_7305,MV_4591,TH_74,SC_59,2024-01-24,18:00:00,324.78,175,active
SH_7306,MV_5804,TH_435,SC_450,2024-12-16,12:15:00,477.34,138,active
SH_7307,MV_381,TH_222,SC_279,2023-08-29,13:30:00,203.96,121,active
SH_7308,MV_8874,TH_251,SC_1000,2024-03-26,12:00:00,385.38,75,active
SH_7309,MV_5119,TH_353,SC_783,2025-03-02,21:45:00,451.17,61,active
SH_7310,MV_2113,TH_121,SC_579,2023-10-26,21:00:00,284.68,98,active
SH_7312,MV_508,TH_228,SC_808,2024-11-16,19:15:00,155.19,110,active
SH_7313,MV_7370,TH_306,SC_63,2024-01-27,20:45:00,254.81,110,active
SH_7314,MV_7361,TH_90,SC_716,2024-05-23,21:45:00,333.85,63,active
SH_7315,MV_132,TH_287,SC_868,2023-06-09,17:15:00,461.1,68,active
SH_7316,MV_4136,TH_204,SC_601,2024-08-26,12:00:00,416.45,65,active
SH_7317,MV_3111,TH_102,SC_849,2023-04-30,18:15:00,325.79,85,active
SH_7318,MV_9482,TH_284,SC_161,2024-05-31,22:45:00,169.21,83,active
SH_7320,MV_7382,TH_37,SC_875,2024-03-15,20:00:00,224.65,85,active
SH_7321,MV_3408,TH_222,SC_811,2023-07-14,20:00:00,385.1,160,active
SH_7322,MV_923,TH_221,SC_860,2024-12-31,12:45:00,187.93,178,active
SH_7323,MV_7019,TH_86,SC_453,2025-11-27,15:15:00,199.12,110,active
SH_7324,MV_3634,TH_381,SC_376,2025-11-23,20:45:00,168.65,163,active
SH_7325,MV_5113,TH_458,SC_956,2023-05-17,13:00:00,422.52,96,active
SH_7326,MV_1247,TH_276,SC_160,2025-07-19,18:00:00,325.19,197,active
SH_7327,MV_3615,TH_32,SC_929,2023-04-04,13:00:00,401.67,111,active
SH_7328,MV_3728,TH_271,SC_94,2023-04-14,12:00:00,243.91,125,active
SH_7329,MV_962,TH_99,SC_851,2023-12-24,21:30:00,319.35,188,active
SH_7330,MV_7898,TH_168,SC_903,2024-03-15,20:45:00,160.46,137,active
SH_7331,MV_9711,TH_407,SC_281,2025-09-19,22:30:00,411.16,187,active
SH_7332,MV_1628,TH_319,SC_327,2025-09-10,17:30:00,270.49,161,active
SH_7333,MV_875,TH_29,SC_550,2025-11-07,12:30:00,434.54,57,active
SH_7334,MV_3204,TH_206,SC_404,2023-04-17,11:00:00,427.57,69,active
SH_7335,MV_1163,TH_175,SC_648,2023-12-13,20:30:00,263.33,81,active
SH_7336,MV_8119,TH_330,SC_632,2023-07-29,16:15:00,325.16,137,active
SH_7337,MV_2860,TH_358,SC_904,2025-03-20,16:00:00,408.66,152,active
SH_7338,MV_883,TH_188,SC_566,2025-11-21,21:15:00,492.11,188,active
SH_7339,MV_8316,TH_346,SC_817,2025-12-13,20:00:00,179.33,119,active
SH_7340,MV_6512,TH_176,SC_755,2024-03-12,21:00:00,423.29,192,active
SH_7341,MV_4992,TH_304,SC_606,2024-02-07,16:15:00,341.81,181,active
SH_7342,MV_7684,TH_324,SC_750,2024-11-09,20:30:00,429.08,110,active
SH_7345,MV_7825,TH_271,SC_61,2024-11-26,10:15:00,349.19,75,active
SH_7346,MV_9003,TH_49,SC_918,2024-06-24,16:30:00,438.16,132,active
SH_7347,MV_7267,TH_70,SC_733,2025-06-20,19:30:00,342.81,188,active
SH_7348,MV_4155,TH_377,SC_540,2023-11-27,18:30:00,253.02,123,active
SH_7352,MV_6125,TH_301,SC_853,2025-09-12,10:30:00,286.89,158,active
SH_7353,MV_2284,TH_205,SC_513,2023-05-20,18:30:00,412.72,194,active
SH_7354,MV_822,TH_415,SC_824,2025-09-07,22:30:00,159.81,121,active
SH_7355,MV_7708,TH_442,SC_496,2023-04-27,16:30:00,332.7,58,active
SH_7356,MV_8927,TH_299,SC_76,2024-01-21,14:45:00,163.1,57,active
SH_7357,MV_5562,TH_322,SC_757,2025-07-21,16:15:00,457.76,57,active
SH_7358,MV_9178,TH_215,SC_756,2024-03-09,13:15:00,489.09,193,active
SH_7359,MV_7163,TH_153,SC_701,2024-05-09,12:45:00,456.39,138,active
SH_7360,MV_1200,TH_278,SC_969,2025-06-23,18:00:00,463.55,54,active
SH_7361,MV_2575,TH_260,SC_204,2025-01-04,20:00:00,150.81,160,active
SH_7363,MV_3085,TH_63,SC_129,2023-09-16,22:15:00,487.2,137,active
SH_7364,MV_5679,TH_349,SC_455,2024-03-10,12:00:00,297.87,137,active
SH_7366,MV_8800,TH_271,SC_496,2024-12-10,18:30:00,485.47,88,active
SH_7367,MV_2226,TH_145,SC_283,2024-04-30,22:15:00,405.54,162,active
SH_7368,MV_6822,TH_384,SC_247,2024-07-06,16:15:00,244.03,83,active
SH_7369,MV_997,TH_427,SC_638,2025-10-06,18:00:00,450.44,147,active
SH_7371,MV_3467,TH_123,SC_658,2024-06-12,15:00:00,176.35,166,active
SH_7372,MV_2170,TH_259,SC_88,2023-06-24,12:30:00,221.84,111,active
SH_7373,MV_7163,TH_125,SC_480,2024-06-21,21:00:00,180.19,105,active
SH_7374,MV_7928,TH_341,SC_455,2024-03-21,22:30:00,394.34,88,active
SH_7375,MV_7719,TH_358,SC_218,2024-07-22,12:00:00,365.96,72,active
SH_7376,MV_9127,TH_432,SC_661,2023-06-17,18:15:00,202.17,194,active
SH_7377,MV_2497,TH_491,SC_169,2023-03-23,14:15:00,407.96,71,active
SH_7378,MV_8148,TH_443,SC_558,2023-01-25,13:15:00,153.69,107,active
SH_7379,MV_940,TH_15,SC_678,2024-12-08,22:30:00,492.83,119,active
SH_7380,MV_994,TH_329,SC_59,2023-07-26,11:30:00,237.83,114,active
SH_7381,MV_674,TH_33,SC_706,2025-01-23,18:15:00,427.62,57,active
SH_7382,MV_6705,TH_117,SC_507,2025-07-14,16:30:00,406.58,197,active
SH_7383,MV_9933,TH_85,SC_1,2025-11-17,11:30:00,182.81,111,active
SH_7384,MV_1959,TH_220,SC_409,2023-09-09,14:45:00,314.44,104,active
SH_7385,MV_7466,TH_36,SC_264,2024-06-25,16:30:00,456.88,79,active
SH_7386,MV_1101,TH_136,SC_105,2025-05-22,21:15:00,281.03,89,active
SH_7387,MV_1422,TH_26,SC_609,2024-11-11,14:45:00,274.09,104,active
SH_7388,MV_5780,TH_365,SC_431,2024-07-18,11:45:00,230.17,117,active
SH_7389,MV_4733,TH_442,SC_733,2023-11-21,18:15:00,471.3,125,active
SH_7390,MV_1096,TH_408,SC_314,2025-12-30,12:45:00,495.63,75,active
SH_7391,MV_9477,TH_463,SC_876,2023-02-05,10:00:00,293.37,122,active
SH_7392,MV_6980,TH_36,SC_114,2024-10-12,13:30:00,493.32,63,active
SH_7393,MV_1159,TH_84,SC_639,2025-11-16,18:30:00,226.51,199,active
SH_7395,MV_1956,TH_15,SC_589,2023-01-04,20:15:00,473.02,118,active
SH_7396,MV_4595,TH_228,SC_160,2025-09-24,11:15:00,201.93,85,active
SH_7397,MV_3873,TH_140,SC_872,2025-10-14,15:00:00,325.59,133,active
SH_7398,MV_3426,TH_102,SC_166,2025-04-26,16:00:00,474.83,70,active
SH_7399,MV_8812,TH_88,SC_844,2025-07-05,13:45:00,275.81,77,active
SH_7403,MV_3799,TH_288,SC_260,2024-02-23,13:45:00,273.56,151,active
SH_7404,MV_6911,TH_68,SC_636,2025-12-01,10:00:00,355.11,190,active
SH_7405,MV_6717,TH_337,SC_567,2024-03-11,19:30:00,298.66,138,active
SH_7406,MV_7242,TH_23,SC_780,2025-07-18,16:45:00,477.47,118,active
SH_7407,MV_3732,TH_487,SC_566,2023-11-29,17:00:00,399.47,188,active
SH_7408,MV_2393,TH_263,SC_963,2024-02-17,12:00:00,436.33,184,active
SH_7409,MV_8812,TH_36,SC_931,2025-05-18,15:30:00,229.32,67,active
SH_7410,MV_9240,TH_474,SC_410,2024-04-05,22:15:00,401.28,194,active
SH_7411,MV_1106,TH_268,SC_110,2023-12-09,21:00:00,325.59,198,active
SH_7412,MV_3424,TH_79,SC_406,2023-11-22,19:15:00,493.49,195,active
SH_7413,MV_5476,TH_14,SC_693,2023-05-28,18:30:00,351.3,171,active
SH_7414,MV_9185,TH_274,SC_588,2024-11-12,19:45:00,422.61,177,active
SH_7415,MV_6999,TH_83,SC_935,2025-04-25,22:15:00,165.79,67,active
SH_7416,MV_3264,TH_425,SC_697,2023-11-01,11:15:00,441.77,185,active
SH_7417,MV_5473,TH_38,SC_755,2024-09-14,12:45:00,224.75,92,active
SH_7418,MV_4251,TH_129,SC_587,2023-04-01,19:30:00,366.28,196,active
SH_7419,MV_3349,TH_409,SC_377,2023-06-20,18:45:00,250.25,103,active
SH_7420,MV_1189,TH_393,SC_176,2025-02-20,16:30:00,332.64,57,active
SH_7421,MV_3639,TH_173,SC_442,2023-08-23,19:30:00,257.07,76,active
SH_7422,MV_2005,TH_229,SC_36,2025-04-20,18:45:00,200.17,199,active
SH_7423,MV_5485,TH_484,SC_630,2023-04-25,15:00:00,477.94,146,active
SH_7424,MV_503,TH_332,SC_583,2024-03-16,20:00:00,196.38,131,active
SH_7425,MV_3342,TH_93,SC_800,2025-12-24,22:45:00,468.61,146,active
SH_7426,MV_7102,TH_438,SC_545,2023-01-26,18:00:00,235.86,66,active
SH_7429,MV_1120,TH_279,SC_722,2023-01-19,14:15:00,499.23,191,active
SH_7430,MV_4215,TH_58,SC_16,2024-03-19,18:45:00,233.12,184,active
SH_7431,MV_6382,TH_103,SC_687,2024-12-30,15:30:00,279.67,155,active
SH_7432,MV_5734,TH_361,SC_850,2025-08-20,11:15:00,480.34,66,active
SH_7433,MV_8755,TH_128,SC_144,2025-12-24,22:45:00,361.79,69,active
SH_7434,MV_2539,TH_14,SC_96,2025-02-22,18:30:00,297.25,52,active
SH_7435,MV_2644,TH_201,SC_966,2025-12-29,15:45:00,428.3,91,active
SH_7436,MV_6780,TH_98,SC_563,2024-11-08,18:30:00,188.02,103,active
SH_7437,MV_8720,TH_379,SC_14,2025-11-04,15:30:00,193.67,195,active
SH_7439,MV_1816,TH_97,SC_670,2024-03-03,12:45:00,467.92,56,active
SH_7440,MV_2039,TH_388,SC_440,2023-07-24,11:30:00,203.99,100,active
SH_7441,MV_5173,TH_307,SC_211,2024-02-13,14:15:00,483.14,187,active
SH_7442,MV_3431,TH_54,SC_431,2023-07-17,18:30:00,317.71,156,active
SH_7443,MV_450,TH_290,SC_327,2024-08-01,22:45:00,252.86,65,active
SH_7445,MV_1016,TH_232,SC_101,2024-01-06,17:00:00,265.75,154,active
SH_7446,MV_9634,TH_56,SC_366,2023-02-07,15:15:00,156.86,98,active
SH_7447,MV_5895,TH_320,SC_114,2024-02-13,15:00:00,177.21,69,active
SH_7448,MV_9591,TH_320,SC_152,2024-02-20,10:45:00,442.25,59,active
SH_7449,MV_4391,TH_21,SC_578,2025-02-12,14:45:00,211.58,188,active
SH_7450,MV_4422,TH_360,SC_660,2024-10-07,19:00:00,265.72,149,active
SH_7451,MV_7551,TH_69,SC_680,2025-07-05,21:15:00,351.81,89,active
SH_7452,MV_7272,TH_215,SC_607,2025-01-18,22:30:00,421.19,61,active
SH_7453,MV_2244,TH_120,SC_594,2025-06-04,11:45:00,179.01,144,active
SH_7454,MV_7943,TH_464,SC_515,2025-05-18,14:15:00,416.11,166,active
SH_7455,MV_8582,TH_321,SC_712,2024-10-18,10:00:00,449.57,86,active
SH_7456,MV_8012,TH_219,SC_298,2025-04-05,13:00:00,277.75,176,active
SH_7457,MV_621,TH_39,SC_629,2023-03-01,16:45:00,235.98,131,active
SH_7458,MV_3641,TH_65,SC_591,2024-06-03,13:45:00,392.35,185,active
SH_7459,MV_867,TH_152,SC_505,2025-10-16,10:15:00,221.38,94,active
SH_7460,MV_4489,TH_36,SC_238,2024-09-29,13:00:00,439.3,94,active
SH_7461,MV_6247,TH_233,SC_710,2024-12-29,14:15:00,368.21,189,active
SH_7462,MV_6250,TH_255,SC_571,2023-03-25,17:30:00,211.16,121,active
SH_7463,MV_4324,TH_212,SC_137,2025-08-28,10:45:00,371.78,75,active
SH_7464,MV_1167,TH_188,SC_243,2023-06-26,22:15:00,466.28,62,active
SH_7465,MV_3091,TH_399,SC_218,2025-02-01,11:15:00,189.21,157,active
SH_7467,MV_5987,TH_408,SC_398,2024-06-28,16:15:00,303.65,132,active
SH_7468,MV_4933,TH_426,SC_54,2024-12-11,13:45:00,393.9,144,active
SH_7469,MV_2523,TH_188,SC_487,2025-10-06,11:30:00,291.68,89,active
SH_7471,MV_7243,TH_319,SC_678,2023-03-21,22:00:00,222.16,173,active
SH_7472,MV_820,TH_369,SC_603,2024-10-17,10:00:00,472.84,70,active
SH_7473,MV_1445,TH_427,SC_295,2024-11-14,16:15:00,443.39,55,active
SH_7474,MV_8527,TH_315,SC_307,2025-03-13,19:00:00,425.9,111,active
SH_7475,MV_4058,TH_452,SC_346,2024-06-10,11:30:00,252.33,98,active
SH_7476,MV_1300,TH_12,SC_795,2023-03-10,13:00:00,382.21,128,active
SH_7477,MV_5429,TH_317,SC_497,2023-08-28,20:00:00,168.77,149,active
SH_7479,MV_6151,TH_40,SC_672,2023-07-18,12:45:00,258.99,111,active
SH_7480,MV_7752,TH_442,SC_653,2023-12-23,22:45:00,198.22,109,active
SH_7481,MV_3009,TH_419,SC_240,2023-03-19,16:00:00,322.69,100,active
SH_7482,MV_8825,TH_340,SC_290,2024-12-08,17:30:00,191.12,58,active
SH_7483,MV_1879,TH_419,SC_75,2023-01-16,16:00:00,246.88,61,active
SH_7485,MV_9188,TH_235,SC_134,2024-12-27,22:45:00,300.43,196,active
SH_7486,MV_7373,TH_5,SC_647,2025-12-02,18:30:00,496.26,139,active
SH_7487,MV_6725,TH_339,SC_113,2025-10-18,22:00:00,228.74,114,active
SH_7489,MV_7901,TH_372,SC_776,2023-06-07,10:15:00,229.05,75,active
SH_7490,MV_8320,TH_291,SC_513,2025-01-30,17:15:00,436.75,173,active
SH_7491,MV_1291,TH_313,SC_566,2024-10-26,11:15:00,166.81,91,active
SH_7492,MV_7754,TH_131,SC_81,2025-10-15,12:15:00,376.85,62,active
SH_7493,MV_9005,TH_467,SC_86,2024-12-31,14:45:00,455.46,193,active
SH_7494,MV_8808,TH_122,SC_148,2023-02-01,20:45:00,318.18,126,active
SH_7496,MV_7852,TH_378,SC_288,2024-12-23,16:15:00,163.14,185,active
SH_7497,MV_5679,TH_452,SC_491,2024-06-04,17:30:00,425.68,77,active
SH_7498,MV_1127,TH_350,SC_19,2025-06-26,12:00:00,198.82,143,active
SH_7499,MV_4078,TH_373,SC_246,2024-01-07,11:00:00,233.64,152,active
SH_7500,MV_2916,TH_135,SC_968,2024-11-05,13:30:00,247.82,134,active
SH_7501,MV_3275,TH_474,SC_239,2023-01-24,22:00:00,483.46,75,active
SH_7502,MV_7008,TH_312,SC_409,2023-01-30,16:45:00,379.53,138,active
SH_7503,MV_1156,TH_412,SC_393,2023-04-05,21:00:00,273.28,133,active
SH_7504,MV_7369,TH_55,SC_1000,2024-04-10,17:15:00,465.15,110,active
SH_7505,MV_4848,TH_497,SC_587,2024-12-05,11:45:00,161.35,56,active
SH_7506,MV_1565,TH_491,SC_74,2024-03-18,17:15:00,388.84,159,active
SH_7507,MV_7865,TH_15,SC_821,2025-10-29,21:15:00,183.44,68,active
SH_7508,MV_1501,TH_88,SC_447,2023-08-28,17:00:00,194.02,142,active
SH_7509,MV_5520,TH_163,SC_718,2024-07-18,12:45:00,486.57,111,active
SH_7510,MV_6631,TH_237,SC_62,2024-11-30,12:30:00,232.01,62,active
SH_7511,MV_8595,TH_473,SC_182,2024-09-11,10:00:00,398.32,153,active
SH_7512,MV_322,TH_233,SC_741,2025-11-10,15:15:00,352.37,178,active
SH_7513,MV_3752,TH_471,SC_373,2024-11-08,12:45:00,308.53,162,active
SH_7514,MV_7438,TH_478,SC_149,2025-05-11,21:00:00,255.23,60,active
SH_7515,MV_511,TH_46,SC_312,2024-03-19,12:30:00,432.78,85,active
SH_7516,MV_939,TH_461,SC_980,2025-12-20,22:30:00,341.17,109,active
SH_7517,MV_9211,TH_45,SC_757,2023-04-08,13:30:00,400.63,184,active
SH_7519,MV_8318,TH_298,SC_784,2025-05-22,15:45:00,154.43,124,active
SH_7520,MV_3202,TH_434,SC_597,2023-09-21,14:45:00,347.66,83,active
SH_7521,MV_4810,TH_316,SC_264,2023-08-06,13:00:00,202.38,178,active
SH_7522,MV_2034,TH_430,SC_125,2025-10-02,17:45:00,372.78,74,active
SH_7523,MV_9275,TH_261,SC_893,2025-06-08,13:45:00,452.75,107,active
SH_7524,MV_699,TH_168,SC_907,2025-11-09,10:15:00,372.2,103,active
SH_7525,MV_6246,TH_168,SC_403,2024-01-21,14:45:00,480.69,129,active
SH_7526,MV_3390,TH_362,SC_239,2023-02-04,11:45:00,248.13,142,active
SH_7527,MV_730,TH_163,SC_237,2024-04-12,11:15:00,338.33,185,active
SH_7528,MV_4001,TH_28,SC_967,2023-10-12,18:00:00,313.16,59,active
SH_7529,MV_1591,TH_72,SC_581,2024-08-25,11:00:00,221.09,114,active
SH_7530,MV_9075,TH_104,SC_424,2025-10-09,18:45:00,159.98,87,active
SH_7531,MV_1935,TH_57,SC_968,2023-01-06,16:00:00,311.92,88,active
SH_7532,MV_4346,TH_99,SC_342,2024-06-23,10:30:00,177.27,199,active
SH_7533,MV_4808,TH_468,SC_630,2025-09-06,13:15:00,340.34,88,active
SH_7534,MV_1208,TH_401,SC_32,2024-03-10,18:00:00,211.1,110,active
SH_7535,MV_582,TH_59,SC_301,2024-01-05,14:30:00,494.62,169,active
SH_7536,MV_8322,TH_281,SC_507,2024-10-23,13:45:00,362.01,192,active
SH_7537,MV_1811,TH_275,SC_934,2025-10-28,22:45:00,170.21,148,active
SH_7539,MV_9412,TH_264,SC_940,2023-02-03,22:30:00,403.36,55,active
SH_7540,MV_8532,TH_297,SC_860,2025-07-03,12:30:00,355.87,76,active
SH_7541,MV_6580,TH_298,SC_636,2023-07-22,12:00:00,482.81,83,active
SH_7542,MV_1309,TH_476,SC_538,2023-06-07,12:00:00,175.79,125,active
SH_7543,MV_8979,TH_375,SC_656,2025-01-25,20:00:00,430.35,68,active
SH_7544,MV_4390,TH_145,SC_305,2024-04-01,17:45:00,351.38,141,active
SH_7545,MV_2517,TH_100,SC_518,2025-04-14,15:00:00,428.53,107,active
SH_7546,MV_8236,TH_58,SC_721,2025-01-21,10:15:00,183.0,142,active
SH_7547,MV_1346,TH_60,SC_788,2023-06-02,21:15:00,247.46,110,active
SH_7548,MV_2329,TH_413,SC_85,2024-12-03,19:00:00,230.51,179,active
SH_7549,MV_1897,TH_134,SC_227,2025-06-28,11:30:00,248.41,137,active
SH_7550,MV_9084,TH_394,SC_779,2023-06-13,17:45:00,216.06,113,active
SH_7551,MV_4882,TH_345,SC_704,2023-01-14,21:15:00,446.61,120,active
SH_7552,MV_345,TH_491,SC_503,2025-08-14,22:45:00,249.59,84,active
SH_7553,MV_5205,TH_404,SC_404,2024-03-04,16:30:00,192.15,111,active
SH_7554,MV_4434,TH_309,SC_723,2024-12-21,22:15:00,218.12,180,active
SH_7555,MV_7589,TH_414,SC_600,2023-09-02,17:30:00,234.76,189,active
SH_7557,MV_1928,TH_294,SC_347,2023-07-25,15:00:00,441.74,190,active
SH_7559,MV_5929,TH_252,SC_238,2025-08-29,12:45:00,401.73,135,active
SH_7560,MV_3035,TH_422,SC_842,2024-09-05,22:30:00,268.17,95,active
SH_7561,MV_8700,TH_141,SC_76,2023-10-24,21:30:00,190.7,156,active
SH_7562,MV_3180,TH_373,SC_533,2025-03-11,22:30:00,362.7,122,active
SH_7564,MV_1424,TH_30,SC_606,2024-02-29,20:15:00,303.14,178,active
SH_7565,MV_2214,TH_426,SC_783,2023-01-02,22:30:00,283.39,77,active
SH_7566,MV_4907,TH_255,SC_859,2023-01-07,17:30:00,440.6,162,active
SH_7567,MV_8117,TH_380,SC_23,2024-09-18,15:30:00,219.6,67,active
SH_7568,MV_5250,TH_227,SC_660,2023-10-29,14:00:00,426.4,86,active
SH_7569,MV_9868,TH_241,SC_520,2024-04-02,17:45:00,487.5,153,active
SH_7570,MV_3640,TH_335,SC_572,2024-10-21,18:30:00,382.11,193,active
SH_7571,MV_3735,TH_409,SC_191,2025-08-29,20:15:00,349.66,172,active
SH_7572,MV_6606,TH_355,SC_404,2024-11-06,22:00:00,370.53,163,active
SH_7573,MV_6290,TH_424,SC_353,2023-05-19,11:30:00,165.95,84,active
SH_7574,MV_8208,TH_322,SC_287,2025-05-07,19:45:00,397.51,158,active
SH_7575,MV_7790,TH_414,SC_816,2023-06-17,21:30:00,411.37,180,active
SH_7576,MV_9144,TH_350,SC_334,2023-12-19,11:45:00,469.25,196,active
SH_7577,MV_5525,TH_350,SC_811,2024-10-21,18:30:00,448.04,177,active
SH_7578,MV_5768,TH_376,SC_467,2025-04-27,19:15:00,327.52,102,active
SH_7580,MV_6896,TH_407,SC_533,2023-12-13,15:45:00,173.15,163,active
SH_7581,MV_548,TH_369,SC_1,2023-07-10,18:15:00,479.5,69,active
SH_7582,MV_4603,TH_392,SC_406,2025-04-08,11:00:00,377.36,87,active
SH_7583,MV_1138,TH_202,SC_869,2024-05-26,11:15:00,312.05,60,active
SH_7584,MV_8630,TH_395,SC_812,2024-06-10,13:15:00,275.82,182,active
SH_7585,MV_7841,TH_76,SC_41,2024-12-16,18:15:00,481.19,184,active
SH_7586,MV_1378,TH_226,SC_73,2024-04-17,14:00:00,482.21,150,active
SH_7587,MV_9170,TH_161,SC_611,2023-06-09,11:45:00,329.14,118,active
SH_7588,MV_9184,TH_12,SC_358,2023-11-27,16:15:00,473.05,99,active
SH_7589,MV_2983,TH_62,SC_160,2024-02-27,14:30:00,449.02,175,active
SH_7590,MV_3924,TH_453,SC_391,2023-09-09,10:45:00,154.29,142,active
SH_7591,MV_3959,TH_183,SC_875,2024-10-07,18:00:00,489.77,126,active
SH_7592,MV_8329,TH_351,SC_238,2025-12-29,17:00:00,486.07,156,active
SH_7593,MV_8047,TH_465,SC_609,2023-01-19,17:45:00,199.26,177,active
SH_7594,MV_4934,TH_80,SC_152,2024-01-17,16:00:00,308.45,113,active
SH_7595,MV_7392,TH_330,SC_506,2025-09-25,13:15:00,440.53,187,active
SH_7596,MV_1646,TH_178,SC_208,2025-06-04,19:00:00,333.26,62,active
SH_7597,MV_4873,TH_135,SC_1000,2024-03-26,14:15:00,394.06,168,active
SH_7598,MV_2175,TH_248,SC_391,2023-07-04,10:30:00,172.98,183,active
SH_7599,MV_2562,TH_193,SC_293,2023-03-26,18:45:00,389.53,57,active
SH_7600,MV_3163,TH_405,SC_950,2024-10-04,19:15:00,455.9,84,active
SH_7601,MV_9059,TH_116,SC_155,2024-07-08,17:45:00,286.84,171,active
SH_7602,MV_2815,TH_369,SC_200,2024-10-13,11:45:00,282.58,135,active
SH_7603,MV_7587,TH_383,SC_272,2024-06-16,14:30:00,155.43,101,active
SH_7604,MV_8753,TH_481,SC_91,2024-05-14,17:15:00,195.85,60,active
SH_7605,MV_911,TH_454,SC_692,2023-04-08,10:45:00,435.55,95,active
SH_7606,MV_8637,TH_146,SC_112,2023-12-20,13:45:00,174.4,120,active
SH_7607,MV_339,TH_492,SC_627,2023-07-11,20:30:00,435.93,190,active
SH_7608,MV_3575,TH_200,SC_806,2023-02-04,13:30:00,482.55,70,active
SH_7609,MV_5602,TH_233,SC_744,2023-01-20,16:45:00,401.29,186,active
SH_7610,MV_482,TH_397,SC_794,2023-05-12,18:30:00,440.12,131,active
SH_7611,MV_8016,TH_436,SC_854,2023-01-17,21:30:00,188.53,76,active
SH_7612,MV_6247,TH_311,SC_349,2024-11-01,19:45:00,489.28,173,active
SH_7613,MV_7973,TH_22,SC_328,2023-08-20,18:45:00,225.32,63,active
SH_7614,MV_7833,TH_1,SC_340,2025-12-12,10:45:00,437.52,172,active
SH_7615,MV_3135,TH_317,SC_722,2024-01-08,21:30:00,430.44,131,active
SH_7616,MV_7361,TH_314,SC_386,2024-09-05,14:15:00,225.06,150,active
SH_7618,MV_2495,TH_309,SC_271,2024-02-27,20:30:00,287.96,115,active
SH_7619,MV_412,TH_349,SC_363,2025-12-05,12:30:00,345.02,178,active
SH_7620,MV_7541,TH_499,SC_617,2025-01-24,14:30:00,180.39,164,active
SH_7621,MV_3373,TH_242,SC_372,2023-03-19,11:00:00,467.18,184,active
SH_7622,MV_7779,TH_50,SC_810,2024-07-16,11:00:00,168.93,190,active
SH_7623,MV_5119,TH_455,SC_548,2025-05-27,19:15:00,285.44,117,active
SH_7625,MV_4649,TH_353,SC_314,2024-08-05,22:00:00,263.55,145,active
SH_7626,MV_3276,TH_133,SC_655,2024-06-24,11:45:00,467.52,198,active
SH_7629,MV_6448,TH_183,SC_339,2025-01-22,21:45:00,460.86,57,active
SH_7631,MV_38,TH_294,SC_158,2025-10-13,11:45:00,200.69,81,active
SH_7632,MV_4392,TH_50,SC_491,2025-02-15,12:45:00,429.54,123,active
SH_7633,MV_9172,TH_171,SC_132,2025-01-15,19:30:00,168.34,131,active
SH_7634,MV_311,TH_79,SC_117,2024-06-04,15:30:00,207.94,134,active
SH_7635,MV_1102,TH_182,SC_972,2023-01-19,12:00:00,190.87,116,active
SH_7636,MV_3139,TH_450,SC_927,2024-02-11,17:30:00,185.37,62,active
SH_7637,MV_3735,TH_68,SC_979,2024-12-02,14:15:00,298.34,102,active
SH_7638,MV_6615,TH_292,SC_813,2024-09-26,21:00:00,498.38,106,active
SH_7639,MV_2809,TH_191,SC_38,2024-02-01,11:30:00,222.93,106,active
SH_7640,MV_8355,TH_328,SC_472,2023-08-15,12:15:00,167.09,79,active
SH_7641,MV_5348,TH_300,SC_914,2023-11-17,14:30:00,353.19,115,active
SH_7642,MV_1365,TH_319,SC_900,2025-05-25,11:30:00,393.58,130,active
SH_7643,MV_2625,TH_233,SC_239,2023-10-15,11:00:00,418.11,82,active
SH_7644,MV_5474,TH_96,SC_786,2023-09-17,19:45:00,337.49,175,active
SH_7645,MV_1492,TH_12,SC_615,2025-01-02,15:15:00,476.43,116,active
SH_7646,MV_5049,TH_201,SC_807,2025-06-09,18:15:00,421.81,192,active
SH_7647,MV_5713,TH_54,SC_37,2025-05-06,20:00:00,397.59,167,active
SH_7648,MV_7325,TH_61,SC_232,2023-11-19,21:45:00,319.89,129,active
SH_7649,MV_3624,TH_83,SC_733,2023-03-05,10:00:00,358.05,154,active
SH_7650,MV_6002,TH_313,SC_240,2023-07-14,12:45:00,347.98,97,active
SH_7651,MV_5943,TH_408,SC_334,2025-04-28,11:30:00,314.09,50,active
SH_7652,MV_3861,TH_447,SC_845,2025-08-23,20:15:00,396.2,101,active
SH_7653,MV_7131,TH_128,SC_165,2023-05-28,16:00:00,393.58,94,active
SH_7654,MV_6060,TH_31,SC_41,2024-02-19,11:45:00,193.41,185,active
SH_7655,MV_9484,TH_486,SC_602,2023-08-12,20:00:00,370.52,106,active
SH_7656,MV_9784,TH_368,SC_415,2023-12-29,17:15:00,317.31,97,active
SH_7657,MV_7730,TH_453,SC_331,2025-11-02,20:15:00,451.33,76,active
SH_7658,MV_218,TH_485,SC_345,2023-01-07,17:00:00,472.14,168,active
SH_7659,MV_5093,TH_250,SC_619,2025-12-24,10:45:00,347.49,189,active
SH_7660,MV_3959,TH_273,SC_5,2024-08-02,20:15:00,350.13,52,active
SH_7661,MV_2134,TH_266,SC_247,2023-10-20,11:30:00,392.34,50,active
SH_7662,MV_572,TH_399,SC_404,2024-09-08,12:00:00,174.61,70,active
SH_7663,MV_4492,TH_475,SC_938,2025-02-20,11:15:00,257.97,151,active
SH_7664,MV_455,TH_415,SC_80,2023-09-03,22:00:00,462.31,177,active
SH_7665,MV_2180,TH_487,SC_602,2023-01-31,15:30:00,337.65,155,active
SH_7666,MV_9846,TH_164,SC_389,2024-10-30,14:15:00,485.26,118,active
SH_7667,MV_2558,TH_204,SC_587,2024-12-31,19:15:00,314.19,140,active
SH_7668,MV_3043,TH_448,SC_653,2025-03-17,12:00:00,369.27,107,active
SH_7669,MV_857,TH_461,SC_321,2024-02-01,11:30:00,268.27,132,active
SH_7670,MV_6257,TH_424,SC_325,2024-12-19,19:15:00,163.22,138,active
SH_7672,MV_8401,TH_84,SC_162,2025-10-10,19:30:00,281.04,89,active
SH_7673,MV_3038,TH_129,SC_731,2025-08-22,12:00:00,299.48,51,active
SH_7675,MV_7323,TH_48,SC_815,2024-01-24,12:15:00,260.3,71,active
SH_7676,MV_992,TH_238,SC_172,2024-08-02,22:15:00,222.86,99,active
SH_7677,MV_3570,TH_181,SC_630,2024-12-11,14:00:00,412.54,142,active
SH_7678,MV_7360,TH_452,SC_704,2023-09-01,10:00:00,216.79,61,active
SH_7679,MV_2702,TH_322,SC_259,2023-01-22,10:45:00,489.26,154,active
SH_7680,MV_5277,TH_401,SC_160,2025-04-18,22:30:00,226.03,155,active
SH_7681,MV_2707,TH_156,SC_220,2023-04-15,11:00:00,184.49,185,active
SH_7682,MV_7996,TH_146,SC_213,2025-01-23,12:30:00,392.74,199,active
SH_7684,MV_3064,TH_76,SC_657,2023-08-07,19:15:00,203.2,175,active
SH_7685,MV_5190,TH_436,SC_580,2023-08-23,11:30:00,203.42,52,active
SH_7686,MV_9527,TH_178,SC_549,2024-05-24,20:15:00,472.53,196,active
SH_7687,MV_6137,TH_281,SC_274,2023-06-02,12:30:00,492.53,158,active
SH_7688,MV_3829,TH_163,SC_949,2023-09-11,21:15:00,496.36,163,active
SH_7689,MV_7352,TH_172,SC_102,2025-05-07,10:30:00,219.25,161,active
SH_7690,MV_6296,TH_95,SC_906,2025-03-15,22:00:00,381.58,176,active
SH_7692,MV_3288,TH_424,SC_79,2025-04-20,22:45:00,304.94,131,active
SH_7693,MV_1693,TH_350,SC_279,2025-11-10,13:30:00,467.53,103,active
SH_7694,MV_660,TH_68,SC_217,2023-05-03,10:30:00,483.34,166,active
SH_7695,MV_5744,TH_68,SC_104,2023-09-21,18:00:00,329.78,175,active
SH_7696,MV_9494,TH_352,SC_295,2023-01-21,15:15:00,184.49,64,active
SH_7697,MV_8712,TH_78,SC_763,2023-03-09,17:15:00,404.8,108,active
SH_7698,MV_1166,TH_438,SC_124,2023-01-15,19:45:00,200.56,62,active
SH_7699,MV_3780,TH_11,SC_908,2024-05-19,22:45:00,204.1,129,active
SH_7700,MV_7278,TH_335,SC_931,2024-03-12,10:00:00,272.7,62,active
SH_7701,MV_7343,TH_81,SC_302,2025-05-05,18:45:00,414.22,165,active
SH_7702,MV_6086,TH_400,SC_471,2023-03-11,14:30:00,247.27,177,active
SH_7704,MV_6987,TH_190,SC_842,2023-09-07,15:45:00,206.55,175,active
SH_7706,MV_7910,TH_197,SC_22,2023-02-15,14:30:00,361.29,96,active
SH_7707,MV_1356,TH_396,SC_974,2023-03-12,17:15:00,419.71,126,active
SH_7708,MV_9742,TH_244,SC_53,2023-12-28,11:15:00,342.99,135,active
SH_7710,MV_8881,TH_381,SC_409,2025-08-17,22:15:00,455.01,169,active
SH_7711,MV_341,TH_105,SC_256,2024-03-29,19:15:00,320.12,173,active
SH_7712,MV_3552,TH_462,SC_855,2023-10-26,12:15:00,233.06,157,active
SH_7713,MV_8231,TH_69,SC_597,2023-09-03,11:00:00,422.65,84,active
SH_7714,MV_940,TH_25,SC_638,2023-01-17,10:45:00,486.26,57,active
SH_7715,MV_2181,TH_316,SC_159,2024-02-05,14:00:00,245.51,123,active
SH_7716,MV_3699,TH_145,SC_488,2025-12-23,19:30:00,447.35,92,active
SH_7717,MV_9692,TH_425,SC_579,2024-07-29,13:30:00,259.66,173,active
SH_7718,MV_1121,TH_283,SC_219,2025-11-22,12:30:00,484.95,173,active
SH_7719,MV_108,TH_58,SC_137,2025-02-01,15:15:00,411.27,99,active
SH_7720,MV_1457,TH_40,SC_758,2024-11-22,11:00:00,334.54,97,active
SH_7721,MV_422,TH_112,SC_317,2023-07-10,18:00:00,185.76,164,active
SH_7722,MV_5615,TH_229,SC_329,2024-06-03,19:45:00,428.16,165,active
SH_7723,MV_833,TH_203,SC_964,2023-05-27,17:30:00,491.43,88,active
SH_7724,MV_1845,TH_121,SC_227,2023-05-27,20:45:00,409.73,183,active
SH_7725,MV_5303,TH_453,SC_378,2025-12-19,10:00:00,349.62,198,active
SH_7726,MV_1494,TH_207,SC_120,2023-06-14,14:15:00,375.27,116,active
SH_7727,MV_4665,TH_289,SC_158,2025-06-25,18:00:00,493.07,180,active
SH_7728,MV_5764,TH_73,SC_142,2023-08-19,18:45:00,435.11,77,active
SH_7729,MV_6434,TH_426,SC_355,2023-02-05,18:00:00,454.73,69,active
SH_7730,MV_6346,TH_30,SC_356,2025-12-19,21:30:00,445.09,186,active
SH_7731,MV_1864,TH_120,SC_146,2024-03-01,14:30:00,198.33,99,active
SH_7732,MV_7364,TH_397,SC_239,2025-05-19,20:00:00,176.13,166,active
SH_7733,MV_1385,TH_350,SC_756,2025-04-27,11:00:00,333.41,88,active
SH_7734,MV_3612,TH_43,SC_332,2024-01-03,14:15:00,158.04,131,active
SH_7735,MV_2156,TH_243,SC_572,2025-03-11,22:45:00,191.04,71,active
SH_7736,MV_6278,TH_419,SC_241,2024-05-05,12:45:00,330.38,96,active
SH_7737,MV_1978,TH_374,SC_40,2025-12-14,19:45:00,200.7,168,active
SH_7738,MV_7208,TH_118,SC_182,2023-07-16,19:00:00,402.6,73,active
SH_7739,MV_9497,TH_70,SC_268,2023-05-04,16:30:00,215.13,177,active
SH_7741,MV_2285,TH_8,SC_214,2024-09-03,17:45:00,155.81,141,active
SH_7742,MV_7143,TH_86,SC_868,2025-06-01,17:00:00,158.89,76,active
SH_7743,MV_5433,TH_394,SC_4,2025-09-28,11:15:00,181.85,110,active
SH_7744,MV_220,TH_184,SC_728,2023-08-31,20:45:00,462.04,110,active
SH_7745,MV_8816,TH_281,SC_160,2024-10-03,10:15:00,254.83,193,active
SH_7746,MV_698,TH_370,SC_191,2023-03-20,13:30:00,285.57,180,active
SH_7747,MV_3930,TH_282,SC_262,2024-11-23,14:30:00,186.85,83,active
SH_7748,MV_3304,TH_290,SC_780,2025-10-25,16:15:00,497.84,85,active
SH_7749,MV_4696,TH_96,SC_536,2023-10-25,14:00:00,304.67,175,active
SH_7750,MV_2045,TH_50,SC_184,2023-10-05,20:45:00,164.85,50,active
SH_7751,MV_8933,TH_72,SC_462,2025-06-11,21:15:00,218.82,176,active
SH_7752,MV_7519,TH_483,SC_545,2024-11-24,20:45:00,450.13,66,active
SH_7753,MV_2220,TH_260,SC_793,2024-08-18,18:00:00,238.37,77,active
SH_7754,MV_6858,TH_414,SC_123,2024-12-13,10:30:00,358.25,151,active
SH_7755,MV_5602,TH_38,SC_966,2024-12-20,17:15:00,268.63,80,active
SH_7757,MV_8160,TH_103,SC_442,2024-09-18,13:30:00,314.49,67,active
SH_7758,MV_8269,TH_463,SC_574,2024-09-03,11:30:00,249.45,106,active
SH_7759,MV_1197,TH_216,SC_700,2024-11-05,19:45:00,471.7,76,active
SH_7760,MV_4976,TH_6,SC_80,2024-08-05,18:30:00,446.91,188,active
SH_7761,MV_5808,TH_219,SC_360,2024-01-03,20:30:00,257.69,98,active
SH_7762,MV_9276,TH_257,SC_300,2023-05-30,10:30:00,169.12,171,active
SH_7763,MV_5406,TH_485,SC_25,2023-10-10,13:45:00,372.63,60,active
SH_7764,MV_8666,TH_406,SC_437,2024-02-09,15:30:00,399.24,165,active
SH_7765,MV_7639,TH_481,SC_95,2025-06-23,16:00:00,378.08,62,active
SH_7766,MV_1746,TH_51,SC_920,2024-10-08,17:15:00,290.18,167,active
SH_7767,MV_2376,TH_444,SC_262,2023-09-09,18:45:00,199.76,149,active
SH_7768,MV_8118,TH_240,SC_353,2023-05-31,12:45:00,322.52,197,active
SH_7770,MV_1632,TH_297,SC_704,2025-08-05,16:00:00,173.9,114,active
SH_7771,MV_3335,TH_70,SC_864,2025-03-02,11:15:00,292.79,122,active
SH_7772,MV_4865,TH_45,SC_270,2023-10-23,12:30:00,237.4,197,active
SH_7773,MV_5264,TH_409,SC_451,2024-03-22,13:00:00,426.39,75,active
SH_7774,MV_5418,TH_314,SC_178,2025-08-06,10:30:00,444.44,169,active
SH_7775,MV_5481,TH_213,SC_212,2023-11-12,11:30:00,258.52,71,active
SH_7776,MV_5594,TH_362,SC_994,2023-03-17,21:00:00,326.94,112,active
SH_7777,MV_5414,TH_321,SC_648,2025-02-16,21:45:00,353.64,159,active
SH_7778,MV_8895,TH_242,SC_894,2023-09-06,11:45:00,434.3,87,active
SH_7780,MV_2283,TH_272,SC_795,2025-11-03,19:30:00,424.05,143,active
SH_7781,MV_9677,TH_299,SC_868,2023-06-29,16:30:00,397.47,139,active
SH_7782,MV_132,TH_282,SC_175,2024-08-09,16:45:00,226.39,189,active
SH_7783,MV_3049,TH_391,SC_473,2023-07-14,10:30:00,264.19,176,active
SH_7784,MV_4198,TH_441,SC_487,2024-09-10,16:00:00,402.56,154,active
SH_7785,MV_6459,TH_242,SC_314,2024-09-01,10:45:00,498.14,149,active
SH_7786,MV_3395,TH_479,SC_143,2025-01-30,15:15:00,150.98,87,active
SH_7787,MV_932,TH_464,SC_798,2023-01-24,11:45:00,290.52,147,active
SH_7788,MV_6319,TH_282,SC_3,2024-07-13,20:45:00,263.25,129,active
SH_7789,MV_5794,TH_2,SC_298,2023-09-19,20:45:00,179.24,139,active
SH_7790,MV_9968,TH_281,SC_552,2023-12-31,18:30:00,174.25,136,active
SH_7792,MV_1549,TH_34,SC_183,2025-07-18,18:00:00,488.0,188,active
SH_7793,MV_3249,TH_149,SC_208,2024-11-07,13:15:00,160.09,178,active
SH_7794,MV_5015,TH_472,SC_704,2023-12-25,14:15:00,243.57,86,active
SH_7795,MV_6913,TH_402,SC_62,2024-09-26,18:15:00,302.19,177,active
SH_7796,MV_9690,TH_271,SC_197,2024-07-22,12:00:00,474.05,119,active
SH_7798,MV_2934,TH_411,SC_466,2023-02-13,22:15:00,203.59,133,active
SH_7799,MV_7898,TH_55,SC_879,2025-04-08,19:15:00,282.91,121,active
SH_7800,MV_5572,TH_467,SC_760,2025-11-18,11:30:00,294.87,193,active
SH_7802,MV_337,TH_407,SC_879,2023-03-11,11:00:00,470.23,187,active
SH_7803,MV_8941,TH_411,SC_483,2024-09-04,15:15:00,402.36,106,active
SH_7805,MV_6577,TH_159,SC_795,2023-12-12,17:45:00,267.93,165,active
SH_7806,MV_2757,TH_133,SC_40,2024-05-13,12:30:00,220.42,109,active
SH_7807,MV_3193,TH_50,SC_411,2025-06-24,18:15:00,152.19,71,active
SH_7808,MV_2755,TH_124,SC_772,2023-08-24,13:30:00,305.63,127,active
SH_7810,MV_8235,TH_119,SC_171,2025-10-31,16:45:00,188.51,112,active
SH_7811,MV_7025,TH_483,SC_239,2023-06-10,11:00:00,316.82,59,active
SH_7812,MV_7206,TH_89,SC_653,2023-08-15,22:30:00,224.18,120,active
SH_7813,MV_4443,TH_291,SC_437,2024-11-12,10:45:00,346.9,84,active
SH_7815,MV_4850,TH_279,SC_277,2025-08-14,18:00:00,353.48,165,active
SH_7816,MV_511,TH_470,SC_967,2025-05-17,22:30:00,367.65,118,active
SH_7817,MV_6037,TH_345,SC_769,2024-10-09,21:45:00,381.53,188,active
SH_7818,MV_8471,TH_44,SC_212,2023-07-27,13:45:00,373.75,118,active
SH_7819,MV_8561,TH_277,SC_990,2024-08-20,12:15:00,309.55,151,active
SH_7820,MV_1956,TH_175,SC_409,2023-01-17,15:00:00,280.49,184,active
SH_7821,MV_9684,TH_461,SC_708,2023-01-13,22:45:00,396.16,51,active
SH_7822,MV_3557,TH_237,SC_454,2023-10-16,14:15:00,452.51,153,active
SH_7823,MV_6455,TH_208,SC_611,2023-11-28,16:45:00,224.61,52,active
SH_7824,MV_4358,TH_118,SC_360,2025-05-19,16:30:00,240.27,95,active
SH_7825,MV_3187,TH_231,SC_37,2023-08-11,11:45:00,304.89,193,active
SH_7826,MV_6655,TH_133,SC_779,2025-05-28,11:45:00,270.05,58,active
SH_7827,MV_3950,TH_398,SC_726,2023-12-13,22:30:00,473.17,142,active
SH_7828,MV_7594,TH_253,SC_540,2023-05-27,20:15:00,433.4,179,active
SH_7829,MV_7218,TH_93,SC_88,2024-11-11,20:45:00,430.68,177,active
SH_7830,MV_3278,TH_424,SC_120,2023-08-13,17:15:00,231.18,89,active
SH_7831,MV_4028,TH_457,SC_430,2024-02-07,13:30:00,470.46,87,active
SH_7832,MV_938,TH_301,SC_105,2023-06-19,15:00:00,277.95,132,active
SH_7833,MV_4561,TH_294,SC_579,2023-05-03,14:00:00,281.67,192,active
SH_7834,MV_6871,TH_25,SC_963,2024-08-27,21:45:00,441.81,101,active
SH_7835,MV_6181,TH_483,SC_53,2024-12-18,13:45:00,387.22,182,active
SH_7836,MV_809,TH_33,SC_410,2023-07-02,22:15:00,185.97,185,active
SH_7837,MV_4581,TH_288,SC_212,2024-03-16,17:45:00,191.04,95,active
SH_7838,MV_1586,TH_300,SC_964,2024-06-04,16:15:00,497.04,137,active
SH_7839,MV_1232,TH_67,SC_927,2025-08-29,18:45:00,468.62,133,active
SH_7841,MV_5810,TH_384,SC_854,2023-10-26,20:45:00,294.02,138,active
SH_7842,MV_4385,TH_484,SC_942,2024-12-13,19:45:00,226.15,149,active
SH_7843,MV_3115,TH_191,SC_900,2023-07-25,12:45:00,386.6,115,active
SH_7844,MV_9358,TH_483,SC_898,2025-04-07,11:45:00,456.05,171,active
SH_7845,MV_3364,TH_375,SC_433,2024-02-08,18:15:00,281.75,119,active
SH_7847,MV_9438,TH_278,SC_1,2025-04-16,12:45:00,335.13,85,active
SH_7848,MV_4197,TH_443,SC_721,2024-03-08,14:15:00,236.26,95,active
SH_7849,MV_7437,TH_341,SC_724,2025-12-14,12:15:00,232.11,149,active
SH_7850,MV_8557,TH_492,SC_598,2023-12-17,20:30:00,245.33,196,active
SH_7851,MV_7905,TH_417,SC_428,2024-11-29,14:00:00,331.35,67,active
SH_7852,MV_1002,TH_92,SC_314,2024-06-08,12:15:00,245.09,77,active
SH_7853,MV_5405,TH_142,SC_725,2023-07-31,19:45:00,250.29,126,active
SH_7854,MV_1847,TH_379,SC_343,2024-04-11,13:15:00,357.83,83,active
SH_7855,MV_3985,TH_289,SC_727,2025-08-30,10:00:00,172.23,179,active
SH_7856,MV_7868,TH_286,SC_876,2023-09-06,17:00:00,248.59,195,active
SH_7858,MV_9175,TH_200,SC_901,2025-01-15,10:15:00,435.14,178,active
SH_7859,MV_6744,TH_47,SC_955,2023-02-11,20:30:00,230.24,146,active
SH_7860,MV_4897,TH_125,SC_974,2024-01-09,18:00:00,452.66,129,active
SH_7861,MV_4447,TH_482,SC_930,2025-01-29,22:15:00,324.9,71,active
SH_7862,MV_2319,TH_351,SC_567,2024-05-14,17:00:00,341.17,178,active
SH_7863,MV_7727,TH_337,SC_966,2023-05-01,14:00:00,421.35,139,active
SH_7864,MV_8611,TH_312,SC_544,2025-09-26,17:15:00,221.72,153,active
SH_7865,MV_573,TH_151,SC_871,2024-02-21,18:00:00,297.43,63,active
SH_7866,MV_9815,TH_180,SC_423,2025-04-17,11:30:00,352.61,81,active
SH_7867,MV_3986,TH_31,SC_14,2023-11-24,17:00:00,418.57,62,active
SH_7868,MV_7594,TH_356,SC_320,2023-12-02,11:45:00,410.87,116,active
SH_7869,MV_5256,TH_265,SC_404,2024-09-06,11:30:00,467.72,159,active
SH_7870,MV_772,TH_111,SC_588,2024-02-07,18:30:00,281.05,53,active
SH_7871,MV_7368,TH_195,SC_470,2025-02-08,15:45:00,313.08,70,active
SH_7872,MV_4361,TH_116,SC_610,2025-08-19,22:30:00,296.4,146,active
SH_7874,MV_9694,TH_31,SC_66,2025-11-08,18:45:00,265.97,121,active
SH_7875,MV_911,TH_110,SC_61,2023-12-18,14:15:00,338.73,173,active
SH_7876,MV_582,TH_366,SC_665,2025-10-06,15:45:00,426.13,76,active
SH_7877,MV_910,TH_219,SC_982,2023-05-14,20:15:00,166.74,175,active
SH_7878,MV_7894,TH_143,SC_378,2023-12-01,17:15:00,312.71,137,active
SH_7879,MV_4987,TH_29,SC_27,2024-02-15,12:30:00,225.43,130,active
SH_7880,MV_9082,TH_322,SC_549,2024-08-12,12:00:00,327.0,117,active
SH_7881,MV_7417,TH_269,SC_23,2025-06-18,12:15:00,267.68,161,active
SH_7883,MV_5709,TH_337,SC_91,2023-08-23,12:00:00,254.23,115,active
SH_7884,MV_7972,TH_266,SC_796,2023-10-08,13:30:00,344.17,155,active
SH_7885,MV_7412,TH_195,SC_665,2024-03-04,20:30:00,420.73,73,active
SH_7887,MV_2557,TH_258,SC_873,2024-12-21,17:15:00,212.72,112,active
SH_7889,MV_5835,TH_403,SC_532,2024-08-02,10:45:00,442.84,147,active
SH_7890,MV_3594,TH_243,SC_592,2025-09-16,17:30:00,447.15,198,active
SH_7891,MV_7155,TH_201,SC_984,2024-05-24,15:00:00,312.29,131,active
SH_7892,MV_3534,TH_190,SC_741,2024-04-11,16:00:00,498.61,54,active
SH_7893,MV_1961,TH_203,SC_722,2024-03-30,15:30:00,399.09,95,active
SH_7895,MV_7856,TH_449,SC_865,2023-09-30,11:30:00,190.67,107,active
SH_7896,MV_5475,TH_256,SC_91,2024-08-27,14:00:00,400.25,128,active
SH_7897,MV_3421,TH_335,SC_440,2025-03-13,12:30:00,496.56,174,active
SH_7899,MV_6403,TH_465,SC_775,2024-11-14,21:15:00,289.92,182,active
SH_7900,MV_8096,TH_287,SC_820,2024-03-15,12:00:00,239.4,75,active
SH_7901,MV_9970,TH_4,SC_538,2023-12-30,18:15:00,355.4,131,active
SH_7902,MV_5175,TH_122,SC_201,2024-12-16,14:45:00,238.65,166,active
SH_7903,MV_5792,TH_308,SC_990,2023-01-01,20:30:00,463.68,87,active
SH_7904,MV_1612,TH_392,SC_714,2025-06-23,17:45:00,250.59,137,active
SH_7905,MV_8687,TH_338,SC_487,2025-03-04,17:00:00,336.18,60,active
SH_7906,MV_54,TH_494,SC_66,2023-12-14,11:45:00,469.52,150,active
SH_7908,MV_1406,TH_35,SC_695,2023-08-02,10:15:00,235.68,95,active
SH_7910,MV_2619,TH_156,SC_151,2025-04-29,17:30:00,400.43,60,active
SH_7911,MV_8965,TH_207,SC_61,2023-10-26,18:30:00,196.19,56,active
SH_7912,MV_2299,TH_480,SC_958,2023-05-31,16:00:00,160.03,179,active
SH_7913,MV_448,TH_272,SC_663,2024-03-14,15:00:00,219.68,85,active
SH_7914,MV_4741,TH_152,SC_709,2024-01-24,22:15:00,167.78,176,active
SH_7915,MV_8481,TH_26,SC_900,2023-01-01,20:15:00,313.72,139,active
SH_7916,MV_1099,TH_123,SC_709,2024-08-02,16:45:00,377.82,73,active
SH_7917,MV_2664,TH_420,SC_481,2024-04-01,19:30:00,181.74,197,active
SH_7918,MV_7486,TH_206,SC_97,2024-07-18,13:30:00,336.81,93,active
SH_7919,MV_1939,TH_135,SC_334,2024-02-17,16:30:00,154.3,142,active
SH_7920,MV_2970,TH_443,SC_997,2024-04-12,12:15:00,408.25,95,active
SH_7921,MV_7923,TH_364,SC_681,2023-04-25,22:45:00,381.47,91,active
SH_7922,MV_1212,TH_110,SC_147,2023-05-08,12:00:00,233.13,95,active
SH_7924,MV_6769,TH_268,SC_235,2025-07-08,10:00:00,207.54,87,active
SH_7925,MV_2920,TH_483,SC_812,2025-09-25,19:00:00,158.46,192,active
SH_7926,MV_2048,TH_48,SC_48,2025-10-19,15:15:00,452.86,118,active
SH_7927,MV_9327,TH_299,SC_19,2025-08-24,17:45:00,431.06,132,active
SH_7928,MV_9669,TH_134,SC_537,2023-09-20,14:30:00,342.17,165,active
SH_7930,MV_7689,TH_293,SC_2,2024-07-25,10:15:00,174.5,144,active
SH_7931,MV_5738,TH_428,SC_480,2023-03-31,11:30:00,239.2,151,active
SH_7932,MV_3980,TH_334,SC_287,2023-06-23,16:15:00,275.23,136,active
SH_7933,MV_982,TH_289,SC_884,2024-09-19,17:45:00,167.37,175,active
SH_7934,MV_3444,TH_6,SC_673,2024-10-07,18:00:00,476.26,67,active
SH_7935,MV_1639,TH_53,SC_65,2023-06-26,21:15:00,206.46,99,active
SH_7936,MV_4718,TH_92,SC_99,2024-04-06,14:00:00,240.86,78,active
SH_7937,MV_6383,TH_153,SC_174,2024-02-09,13:15:00,328.97,138,active
SH_7938,MV_6011,TH_89,SC_892,2025-12-05,19:45:00,323.07,174,active
SH_7939,MV_4636,TH_6,SC_979,2025-08-17,12:30:00,184.84,66,active
SH_7940,MV_989,TH_391,SC_165,2024-01-18,16:30:00,410.04,78,active
SH_7941,MV_7224,TH_222,SC_964,2025-12-08,15:45:00,304.28,132,active
SH_7942,MV_5241,TH_7,SC_130,2024-10-28,11:30:00,204.07,61,active
SH_7943,MV_7788,TH_82,SC_460,2023-04-10,19:30:00,402.45,157,active
SH_7944,MV_6294,TH_470,SC_87,2024-04-04,14:45:00,488.9,184,active
SH_7945,MV_688,TH_362,SC_651,2023-02-18,16:30:00,489.1,80,active
SH_7946,MV_7893,TH_15,SC_131,2025-03-26,18:30:00,444.6,117,active
SH_7948,MV_725,TH_133,SC_138,2025-12-10,17:00:00,454.4,162,active
SH_7949,MV_8015,TH_15,SC_188,2024-05-29,17:45:00,304.18,72,active
SH_7950,MV_7600,TH_287,SC_26,2025-10-15,10:00:00,413.34,166,active
SH_7951,MV_7303,TH_220,SC_911,2024-11-08,21:15:00,316.37,124,active
SH_7952,MV_328,TH_452,SC_689,2024-11-14,10:00:00,455.75,194,active
SH_7954,MV_1838,TH_142,SC_786,2025-01-30,22:00:00,272.7,167,active
SH_7955,MV_4155,TH_187,SC_637,2023-12-05,11:45:00,150.2,67,active
SH_7956,MV_3118,TH_160,SC_887,2023-11-16,22:30:00,152.14,125,active
SH_7957,MV_3976,TH_178,SC_721,2023-12-04,10:30:00,391.63,108,active
SH_7958,MV_5016,TH_298,SC_706,2023-12-26,14:30:00,421.21,115,active
SH_7959,MV_7408,TH_233,SC_574,2023-05-05,19:15:00,226.63,138,active
SH_7960,MV_4736,TH_232,SC_233,2023-08-21,18:30:00,310.05,77,active
SH_7961,MV_121,TH_235,SC_32,2025-08-06,20:00:00,391.12,119,active
SH_7963,MV_8752,TH_91,SC_721,2024-11-22,19:45:00,422.59,107,active
SH_7964,MV_4177,TH_303,SC_765,2024-12-28,14:30:00,387.06,77,active
SH_7965,MV_2710,TH_475,SC_174,2024-05-07,11:00:00,396.7,71,active
SH_7966,MV_6611,TH_20,SC_812,2024-09-13,10:00:00,408.04,104,active
SH_7967,MV_9199,TH_221,SC_313,2023-01-17,19:15:00,249.13,147,active
SH_7968,MV_8407,TH_439,SC_849,2024-04-01,20:30:00,176.58,186,active
SH_7969,MV_2007,TH_234,SC_35,2023-08-02,11:30:00,315.43,180,active
SH_7970,MV_1884,TH_177,SC_761,2025-07-22,21:45:00,375.94,104,active
SH_7971,MV_4700,TH_342,SC_53,2025-06-05,10:00:00,200.22,55,active
SH_7972,MV_8065,TH_86,SC_863,2023-08-17,14:15:00,342.22,190,active
SH_7973,MV_8386,TH_113,SC_972,2024-01-16,20:15:00,391.13,137,active
SH_7974,MV_5360,TH_404,SC_940,2023-03-31,12:00:00,316.65,97,active
SH_7976,MV_3387,TH_233,SC_912,2023-07-17,13:45:00,458.52,137,active
SH_7978,MV_15,TH_92,SC_244,2023-03-04,13:45:00,203.07,115,active
SH_7979,MV_1769,TH_480,SC_302,2025-05-04,10:45:00,203.97,61,active
SH_7981,MV_7702,TH_454,SC_455,2023-10-15,11:00:00,412.16,145,active
SH_7982,MV_7233,TH_361,SC_332,2023-04-09,22:45:00,453.35,84,active
SH_7983,MV_6168,TH_88,SC_81,2025-08-03,11:30:00,415.33,53,active
SH_7984,MV_3921,TH_158,SC_367,2024-06-17,22:00:00,405.28,117,active
SH_7985,MV_205,TH_202,SC_582,2025-01-11,18:15:00,309.31,159,active
SH_7986,MV_4688,TH_373,SC_811,2025-09-16,12:00:00,465.66,104,active
SH_7987,MV_7623,TH_217,SC_718,2025-08-01,21:00:00,432.97,133,active
SH_7988,MV_9968,TH_122,SC_636,2023-01-19,10:45:00,242.99,108,active
SH_7989,MV_6496,TH_271,SC_504,2023-08-14,16:15:00,384.52,110,active
SH_7990,MV_7115,TH_360,SC_935,2025-03-09,12:15:00,452.77,148,active
SH_7991,MV_614,TH_433,SC_454,2025-12-05,19:15:00,430.57,79,active
SH_7992,MV_1927,TH_300,SC_719,2024-08-14,18:45:00,492.69,74,active
SH_7993,MV_5978,TH_372,SC_555,2025-07-16,15:00:00,422.24,113,active
SH_7994,MV_8398,TH_234,SC_292,2024-04-28,16:45:00,228.71,186,active
SH_7995,MV_221,TH_428,SC_18,2023-01-16,19:30:00,355.42,87,active
SH_7996,MV_7495,TH_388,SC_241,2025-11-20,13:00:00,344.0,150,active
SH_7997,MV_2234,TH_15,SC_481,2025-09-04,18:00:00,402.34,102,active
SH_7998,MV_6198,TH_307,SC_508,2023-04-15,18:00:00,469.67,119,active
SH_8000,MV_174,TH_285,SC_261,2024-04-25,19:15:00,378.04,86,active
SH_8001,MV_91,TH_316,SC_464,2025-05-18,14:15:00,423.97,90,active
SH_8002,MV_2353,TH_310,SC_117,2023-11-06,14:30:00,175.34,176,active
SH_8003,MV_7258,TH_143,SC_981,2025-08-31,18:30:00,223.33,137,active
SH_8005,MV_9968,TH_414,SC_117,2023-03-25,18:45:00,462.04,124,active
SH_8006,MV_8404,TH_459,SC_370,2024-12-08,20:30:00,375.18,104,active
SH_8007,MV_6301,TH_133,SC_382,2024-02-11,12:00:00,179.04,168,active
SH_8008,MV_1917,TH_314,SC_289,2025-01-29,17:00:00,494.77,122,active
SH_8009,MV_2328,TH_290,SC_311,2023-11-30,16:15:00,330.52,76,active
SH_8010,MV_9086,TH_464,SC_134,2025-10-17,18:00:00,457.33,106,active
SH_8011,MV_5844,TH_45,SC_190,2023-10-05,20:45:00,160.07,163,active
SH_8012,MV_4511,TH_289,SC_974,2023-12-25,17:45:00,355.15,59,active
SH_8013,MV_7422,TH_184,SC_828,2023-03-08,18:00:00,215.23,78,active
SH_8014,MV_5679,TH_446,SC_52,2023-06-23,21:30:00,308.39,188,active
SH_8015,MV_3657,TH_355,SC_988,2025-06-10,18:00:00,239.64,135,active
SH_8016,MV_1968,TH_120,SC_479,2023-10-15,17:00:00,488.5,66,active
SH_8017,MV_1989,TH_199,SC_178,2024-01-05,14:30:00,264.33,112,active
SH_8018,MV_8436,TH_178,SC_302,2024-09-03,22:00:00,309.21,66,active
SH_8019,MV_2487,TH_98,SC_195,2024-06-29,13:30:00,161.72,63,active
SH_8020,MV_5396,TH_72,SC_613,2023-08-19,20:00:00,495.01,73,active
SH_8021,MV_37,TH_184,SC_393,2023-06-11,12:45:00,185.19,165,active
SH_8022,MV_3621,TH_118,SC_210,2024-07-02,10:45:00,383.95,186,active
SH_8023,MV_19,TH_330,SC_320,2023-06-19,17:45:00,369.16,184,active
SH_8024,MV_2014,TH_167,SC_807,2024-09-17,10:00:00,327.29,164,active
SH_8025,MV_6036,TH_240,SC_604,2023-08-27,10:15:00,172.25,129,active
SH_8026,MV_4223,TH_395,SC_604,2023-10-17,19:45:00,283.1,105,active
SH_8027,MV_692,TH_140,SC_894,2023-05-05,17:15:00,175.84,54,active
SH_8028,MV_6504,TH_274,SC_732,2023-04-12,17:45:00,370.72,68,active
SH_8029,MV_2690,TH_143,SC_8,2024-04-26,12:30:00,310.44,84,active
SH_8030,MV_5637,TH_209,SC_621,2023-01-25,19:00:00,416.88,65,active
SH_8031,MV_2482,TH_17,SC_545,2025-12-28,19:30:00,234.47,114,active
SH_8032,MV_9897,TH_408,SC_149,2023-11-03,15:30:00,419.09,117,active
SH_8035,MV_6185,TH_138,SC_662,2023-04-09,19:15:00,386.51,168,active
SH_8036,MV_2842,TH_167,SC_383,2025-07-30,19:45:00,295.9,180,active
SH_8037,MV_8068,TH_385,SC_710,2024-01-14,17:45:00,426.72,135,active
SH_8038,MV_4033,TH_126,SC_2,2023-11-12,16:15:00,231.43,183,active
SH_8039,MV_339,TH_56,SC_159,2023-02-03,18:15:00,187.9,84,active
SH_8040,MV_7236,TH_259,SC_293,2025-09-05,21:30:00,165.44,151,active
SH_8041,MV_1669,TH_251,SC_472,2023-04-30,10:15:00,446.06,147,active
SH_8042,MV_5839,TH_492,SC_368,2025-12-20,14:45:00,218.16,182,active
SH_8043,MV_3999,TH_301,SC_976,2023-01-24,15:45:00,412.5,133,active
SH_8044,MV_8160,TH_475,SC_730,2023-12-31,20:00:00,166.7,184,active
SH_8045,MV_6164,TH_85,SC_739,2024-02-28,19:00:00,152.15,88,active
SH_8046,MV_5844,TH_250,SC_749,2024-09-10,11:15:00,227.74,76,active
SH_8047,MV_6948,TH_42,SC_239,2024-05-14,14:30:00,286.34,185,active
SH_8049,MV_4204,TH_272,SC_918,2024-10-15,18:30:00,252.03,108,active
SH_8050,MV_9768,TH_400,SC_687,2025-11-27,10:15:00,370.32,181,active
SH_8051,MV_7862,TH_424,SC_3,2024-10-15,18:30:00,291.81,141,active
SH_8052,MV_4725,TH_442,SC_67,2023-04-18,15:00:00,195.23,124,active
SH_8053,MV_6165,TH_182,SC_701,2023-12-22,18:45:00,240.67,134,active
SH_8054,MV_8022,TH_86,SC_986,2025-04-07,13:30:00,337.51,158,active
SH_8055,MV_3765,TH_190,SC_22,2024-12-19,13:00:00,455.69,184,active
SH_8056,MV_810,TH_473,SC_750,2024-08-05,22:45:00,194.09,155,active
SH_8057,MV_3367,TH_456,SC_167,2023-02-21,22:00:00,282.45,106,active
SH_8058,MV_7217,TH_335,SC_814,2024-05-19,22:00:00,418.25,147,active
SH_8059,MV_5657,TH_41,SC_550,2024-07-29,11:15:00,362.18,157,active
SH_8060,MV_7324,TH_15,SC_322,2025-05-30,21:15:00,436.85,184,active
SH_8061,MV_964,TH_312,SC_931,2023-04-18,21:30:00,174.83,182,active
SH_8062,MV_539,TH_172,SC_810,2024-12-19,17:30:00,362.86,53,active
SH_8063,MV_3816,TH_74,SC_249,2024-04-17,11:30:00,337.13,166,active
SH_8064,MV_6989,TH_429,SC_62,2023-05-24,15:45:00,242.53,74,active
SH_8065,MV_7640,TH_367,SC_144,2024-02-14,18:15:00,382.67,85,active
SH_8066,MV_4169,TH_265,SC_845,2023-01-15,17:15:00,349.18,61,active
SH_8067,MV_906,TH_414,SC_136,2024-05-18,13:30:00,219.43,65,active
SH_8068,MV_8892,TH_492,SC_445,2025-07-23,20:45:00,237.51,60,active
SH_8069,MV_2777,TH_158,SC_178,2023-05-05,17:45:00,234.84,61,active
SH_8070,MV_2548,TH_33,SC_346,2023-12-07,12:30:00,235.63,128,active
SH_8071,MV_9782,TH_267,SC_143,2025-08-14,22:15:00,209.59,92,active
SH_8072,MV_3625,TH_418,SC_551,2025-03-22,11:30:00,412.11,56,active
SH_8073,MV_2651,TH_322,SC_126,2023-07-14,21:15:00,163.9,93,active
SH_8074,MV_1977,TH_151,SC_997,2025-04-23,10:30:00,222.37,91,active
SH_8077,MV_1276,TH_144,SC_430,2023-02-08,11:45:00,224.61,162,active
SH_8078,MV_2020,TH_310,SC_862,2023-01-25,17:15:00,294.5,136,active
SH_8079,MV_8380,TH_221,SC_24,2023-03-27,15:45:00,341.02,138,active
SH_8080,MV_743,TH_291,SC_973,2025-12-21,17:00:00,330.64,188,active
SH_8081,MV_6851,TH_250,SC_680,2023-01-13,10:30:00,486.68,124,active
SH_8082,MV_364,TH_69,SC_298,2024-02-16,22:30:00,483.86,106,active
SH_8083,MV_2949,TH_350,SC_516,2023-02-18,15:30:00,368.93,194,active
SH_8084,MV_2490,TH_84,SC_986,2023-01-17,13:15:00,192.28,70,active
SH_8085,MV_4771,TH_122,SC_842,2023-02-23,21:30:00,499.83,83,active
SH_8086,MV_3307,TH_296,SC_244,2024-03-08,15:45:00,285.74,160,active
SH_8087,MV_2025,TH_124,SC_337,2025-08-13,11:15:00,378.83,173,active
SH_8088,MV_1429,TH_231,SC_79,2024-01-08,11:15:00,446.05,104,active
SH_8089,MV_4988,TH_341,SC_463,2023-08-21,13:15:00,467.23,95,active
SH_8090,MV_2128,TH_78,SC_413,2023-08-07,11:15:00,258.17,135,active
SH_8091,MV_8521,TH_399,SC_54,2025-11-18,22:30:00,392.86,152,active
SH_8092,MV_9415,TH_464,SC_916,2024-12-17,21:45:00,194.06,65,active
SH_8093,MV_907,TH_474,SC_616,2024-05-26,13:00:00,463.89,187,active
SH_8094,MV_2632,TH_293,SC_777,2025-11-02,10:30:00,364.03,180,active
SH_8095,MV_8947,TH_148,SC_218,2023-08-20,21:00:00,182.04,146,active
SH_8096,MV_2751,TH_120,SC_445,2025-01-27,22:45:00,250.22,65,active
SH_8097,MV_7287,TH_30,SC_558,2025-08-01,13:45:00,232.31,141,active
SH_8098,MV_9032,TH_279,SC_863,2023-05-20,18:15:00,459.75,197,active
SH_8099,MV_1816,TH_406,SC_301,2023-12-16,16:00:00,432.55,83,active
SH_8100,MV_9386,TH_181,SC_938,2024-09-16,15:30:00,192.26,93,active
SH_8101,MV_1948,TH_250,SC_782,2024-05-26,18:15:00,235.89,180,active
SH_8102,MV_1512,TH_50,SC_633,2025-04-28,21:45:00,258.05,172,active
SH_8103,MV_41,TH_207,SC_776,2023-04-14,14:00:00,172.03,110,active
SH_8104,MV_4359,TH_75,SC_331,2025-05-14,14:45:00,306.15,189,active
SH_8105,MV_9993,TH_254,SC_613,2024-04-06,18:45:00,402.54,138,active
SH_8106,MV_6761,TH_394,SC_20,2023-06-15,17:00:00,419.24,108,active
SH_8107,MV_8002,TH_264,SC_894,2024-01-15,10:45:00,451.28,142,active
SH_8108,MV_7552,TH_159,SC_901,2025-04-15,11:15:00,442.28,52,active
SH_8110,MV_4120,TH_89,SC_134,2024-04-22,10:00:00,159.56,58,active
SH_8111,MV_9682,TH_242,SC_616,2025-12-22,17:15:00,499.69,69,active
SH_8112,MV_1416,TH_234,SC_330,2024-04-25,17:45:00,255.49,116,active
SH_8113,MV_540,TH_120,SC_719,2023-03-06,15:30:00,224.62,171,active
SH_8114,MV_8855,TH_52,SC_221,2024-01-05,17:15:00,384.04,184,active
SH_8115,MV_3879,TH_45,SC_182,2024-11-03,16:30:00,372.75,62,active
SH_8116,MV_5626,TH_459,SC_72,2024-08-26,11:45:00,345.38,134,active
SH_8117,MV_8311,TH_4,SC_859,2024-01-21,18:30:00,227.66,70,active
SH_8118,MV_3715,TH_335,SC_285,2025-08-12,11:15:00,427.37,69,active
SH_8119,MV_7709,TH_294,SC_331,2024-01-20,11:45:00,199.57,183,active
SH_8120,MV_2847,TH_149,SC_240,2023-10-25,16:30:00,222.29,160,active
SH_8121,MV_6480,TH_484,SC_495,2024-07-21,22:45:00,315.1,158,active
SH_8122,MV_4397,TH_495,SC_39,2025-10-07,14:15:00,173.28,78,active
SH_8123,MV_9133,TH_98,SC_851,2024-10-02,10:30:00,150.91,162,active
SH_8124,MV_1692,TH_9,SC_757,2025-09-12,20:15:00,217.15,73,active
SH_8126,MV_8350,TH_420,SC_621,2023-10-23,14:45:00,161.96,99,active
SH_8127,MV_6738,TH_202,SC_27,2025-12-16,21:45:00,270.87,141,active
SH_8128,MV_6192,TH_433,SC_689,2023-11-29,21:30:00,390.13,143,active
SH_8129,MV_7130,TH_12,SC_197,2023-06-20,15:30:00,300.21,154,active
SH_8130,MV_4323,TH_88,SC_99,2024-11-22,10:00:00,182.24,103,active
SH_8131,MV_3011,TH_433,SC_324,2023-02-23,15:45:00,408.63,57,active
SH_8132,MV_5642,TH_464,SC_19,2024-12-17,19:45:00,213.89,161,active
SH_8133,MV_1832,TH_218,SC_356,2024-11-06,17:15:00,492.15,132,active
SH_8134,MV_6555,TH_383,SC_20,2024-12-13,11:00:00,329.88,70,active
SH_8135,MV_3671,TH_426,SC_604,2025-12-27,15:15:00,495.94,112,active
SH_8136,MV_7072,TH_287,SC_603,2023-09-17,19:45:00,341.14,96,active
SH_8137,MV_6893,TH_89,SC_631,2025-02-12,14:30:00,342.69,63,active
SH_8138,MV_4299,TH_470,SC_109,2025-01-27,17:30:00,424.94,135,active
SH_8139,MV_8634,TH_129,SC_259,2025-03-10,17:30:00,364.49,168,active
SH_8140,MV_6801,TH_19,SC_819,2023-04-21,18:15:00,445.74,197,active
SH_8142,MV_4422,TH_365,SC_183,2023-08-04,11:30:00,422.67,175,active
SH_8143,MV_5224,TH_102,SC_919,2024-06-24,13:30:00,178.91,54,active
SH_8144,MV_2263,TH_104,SC_128,2025-12-23,15:45:00,245.03,84,active
SH_8145,MV_787,TH_212,SC_796,2024-03-19,11:15:00,249.08,80,active
SH_8146,MV_7556,TH_151,SC_887,2025-11-01,20:15:00,267.96,181,active
SH_8147,MV_2865,TH_186,SC_239,2025-12-17,18:15:00,251.34,140,active
SH_8148,MV_4929,TH_302,SC_256,2023-10-02,10:15:00,261.79,168,active
SH_8149,MV_5279,TH_145,SC_298,2025-01-03,20:30:00,295.45,194,active
SH_8150,MV_2193,TH_296,SC_613,2025-06-13,14:15:00,206.55,101,active
SH_8151,MV_406,TH_55,SC_977,2024-05-19,18:45:00,380.6,126,active
SH_8152,MV_9703,TH_431,SC_329,2023-12-13,22:15:00,435.78,135,active
SH_8153,MV_1854,TH_238,SC_228,2024-08-10,14:45:00,407.75,105,active
SH_8155,MV_4111,TH_397,SC_935,2024-10-03,10:45:00,179.0,58,active
SH_8156,MV_3403,TH_86,SC_130,2023-02-10,19:30:00,318.03,101,active
SH_8157,MV_6891,TH_465,SC_951,2025-06-03,19:00:00,241.25,128,active
SH_8158,MV_3990,TH_47,SC_473,2024-10-07,12:45:00,188.24,196,active
SH_8159,MV_8606,TH_142,SC_908,2025-08-15,18:30:00,260.83,125,active
SH_8160,MV_6140,TH_468,SC_37,2025-12-30,22:15:00,293.81,56,active
SH_8161,MV_312,TH_272,SC_547,2025-05-13,22:45:00,487.52,174,active
SH_8162,MV_8187,TH_438,SC_773,2024-07-12,21:00:00,242.51,155,active
SH_8163,MV_8985,TH_347,SC_939,2023-07-25,16:15:00,347.67,64,active
SH_8165,MV_3389,TH_305,SC_532,2025-06-04,11:00:00,431.77,118,active
SH_8166,MV_4306,TH_264,SC_662,2024-12-19,12:15:00,399.58,147,active
SH_8167,MV_189,TH_399,SC_455,2024-02-15,22:15:00,321.72,119,active
SH_8169,MV_3038,TH_200,SC_558,2024-08-25,19:00:00,403.42,100,active
SH_8170,MV_5643,TH_60,SC_638,2024-05-24,22:30:00,236.17,59,active
SH_8171,MV_3998,TH_270,SC_395,2024-04-26,19:00:00,292.38,55,active
SH_8172,MV_8382,TH_492,SC_977,2025-01-12,13:00:00,223.14,172,active
SH_8173,MV_3898,TH_316,SC_883,2023-05-04,12:45:00,229.59,195,active
SH_8174,MV_5385,TH_5,SC_610,2025-04-27,22:15:00,353.36,71,active
SH_8175,MV_9705,TH_38,SC_180,2025-01-03,16:00:00,174.05,111,active
SH_8176,MV_9603,TH_429,SC_409,2024-09-11,17:45:00,175.83,170,active
SH_8177,MV_3387,TH_219,SC_366,2024-02-13,14:00:00,289.15,72,active
SH_8178,MV_8010,TH_289,SC_700,2023-03-08,18:00:00,245.14,67,active
SH_8179,MV_1062,TH_487,SC_632,2023-02-20,13:45:00,494.43,97,active
SH_8180,MV_9528,TH_74,SC_135,2024-01-02,15:00:00,209.98,198,active
SH_8181,MV_8950,TH_485,SC_590,2025-02-26,19:00:00,478.22,148,active
SH_8182,MV_1796,TH_212,SC_747,2024-03-13,14:15:00,363.31,57,active
SH_8183,MV_8999,TH_462,SC_86,2023-12-14,22:15:00,452.56,191,active
SH_8184,MV_1526,TH_284,SC_585,2024-11-28,19:00:00,484.94,168,active
SH_8185,MV_5391,TH_270,SC_2,2025-10-14,15:00:00,322.16,156,active
SH_8186,MV_7244,TH_122,SC_531,2025-10-29,12:30:00,282.56,133,active
SH_8187,MV_351,TH_253,SC_52,2024-01-23,11:45:00,455.19,71,active
SH_8188,MV_9556,TH_85,SC_821,2023-12-02,16:15:00,481.97,99,active
SH_8189,MV_2957,TH_123,SC_868,2024-06-22,21:30:00,360.92,78,active
SH_8190,MV_4301,TH_89,SC_197,2023-09-13,18:30:00,170.73,63,active
SH_8192,MV_5448,TH_401,SC_178,2025-01-03,14:00:00,236.97,111,active
SH_8193,MV_9080,TH_370,SC_513,2024-11-06,18:30:00,415.84,51,active
SH_8194,MV_6741,TH_357,SC_95,2025-03-09,15:00:00,346.79,126,active
SH_8195,MV_4399,TH_18,SC_968,2025-04-20,22:00:00,444.68,85,active
SH_8196,MV_9028,TH_255,SC_596,2024-06-26,12:15:00,184.96,158,active
SH_8197,MV_3334,TH_132,SC_679,2025-11-11,20:30:00,452.69,194,active
SH_8198,MV_8844,TH_167,SC_921,2025-07-07,14:15:00,209.63,89,active
SH_8199,MV_5174,TH_478,SC_869,2024-05-02,18:15:00,193.45,89,active
SH_8201,MV_2295,TH_212,SC_998,2024-06-28,22:00:00,303.56,105,active
SH_8202,MV_1325,TH_254,SC_964,2023-12-01,22:30:00,299.25,149,active
SH_8203,MV_7772,TH_63,SC_513,2024-11-20,18:30:00,484.99,64,active
SH_8205,MV_4872,TH_315,SC_147,2023-09-01,15:15:00,385.45,79,active
SH_8207,MV_2223,TH_104,SC_931,2024-07-11,10:30:00,387.79,118,active
SH_8208,MV_9362,TH_291,SC_617,2023-09-10,22:45:00,222.36,170,active
SH_8209,MV_2863,TH_365,SC_608,2023-10-02,20:00:00,394.27,54,active
SH_8210,MV_8349,TH_419,SC_344,2024-04-29,15:15:00,457.22,73,active
SH_8211,MV_3456,TH_142,SC_664,2023-05-21,16:30:00,472.54,100,active
SH_8212,MV_7870,TH_325,SC_65,2024-02-23,13:30:00,378.7,148,active
SH_8213,MV_1905,TH_387,SC_293,2025-05-03,20:15:00,314.86,189,active
SH_8214,MV_476,TH_350,SC_525,2024-05-17,13:15:00,291.15,195,active
SH_8215,MV_7425,TH_380,SC_622,2023-04-25,16:45:00,381.8,79,active
SH_8216,MV_2883,TH_118,SC_430,2023-03-31,20:45:00,212.0,173,active
SH_8217,MV_6556,TH_245,SC_980,2023-05-19,17:15:00,178.32,84,active
SH_8218,MV_8215,TH_151,SC_965,2024-02-21,12:45:00,402.02,101,active
SH_8221,MV_3786,TH_234,SC_851,2023-12-08,11:15:00,391.35,159,active
SH_8222,MV_4398,TH_358,SC_905,2023-03-10,14:15:00,245.39,124,active
SH_8224,MV_4768,TH_368,SC_891,2025-11-07,22:45:00,396.73,142,active
SH_8225,MV_6894,TH_283,SC_977,2024-06-27,22:00:00,424.86,50,active
SH_8226,MV_9270,TH_202,SC_718,2023-12-16,13:15:00,494.3,70,active
SH_8227,MV_5867,TH_249,SC_681,2023-01-16,14:30:00,492.2,60,active
SH_8228,MV_8946,TH_135,SC_97,2023-03-28,16:15:00,449.47,56,active
SH_8229,MV_350,TH_224,SC_280,2023-03-13,22:00:00,170.66,168,active
SH_8230,MV_3084,TH_382,SC_210,2025-05-07,14:15:00,153.1,89,active
SH_8231,MV_4093,TH_160,SC_728,2023-02-01,19:45:00,214.42,198,active
SH_8232,MV_896,TH_321,SC_115,2025-01-13,12:30:00,482.45,79,active
SH_8233,MV_7542,TH_252,SC_722,2023-08-13,13:45:00,457.95,199,active
SH_8234,MV_9746,TH_47,SC_497,2023-01-15,20:15:00,225.01,146,active
SH_8235,MV_4941,TH_428,SC_284,2024-02-02,13:45:00,399.05,54,active
SH_8236,MV_5170,TH_367,SC_354,2025-01-08,18:30:00,301.45,189,active
SH_8237,MV_6175,TH_159,SC_779,2024-11-01,12:15:00,459.53,199,active
SH_8238,MV_3081,TH_441,SC_23,2024-11-07,12:15:00,230.05,106,active
SH_8239,MV_7685,TH_225,SC_295,2023-08-26,14:30:00,168.13,91,active
SH_8240,MV_4435,TH_371,SC_753,2023-06-22,19:45:00,343.4,103,active
SH_8241,MV_2240,TH_484,SC_238,2023-11-14,18:00:00,232.36,71,active
SH_8242,MV_8789,TH_316,SC_82,2024-12-27,22:45:00,263.36,179,active
SH_8243,MV_211,TH_63,SC_981,2025-01-01,22:30:00,339.58,180,active
SH_8245,MV_8661,TH_17,SC_670,2025-04-12,22:00:00,475.13,111,active
SH_8246,MV_7837,TH_462,SC_788,2025-11-19,12:15:00,174.93,195,active
SH_8248,MV_7601,TH_282,SC_208,2025-07-25,17:30:00,333.57,168,active
SH_8249,MV_507,TH_320,SC_888,2025-03-10,10:00:00,164.08,147,active
SH_8250,MV_9560,TH_372,SC_631,2024-06-10,14:45:00,174.9,195,active
SH_8251,MV_6517,TH_219,SC_71,2024-07-05,17:00:00,474.22,158,active
SH_8252,MV_5096,TH_49,SC_616,2023-09-07,18:45:00,415.83,63,active
SH_8253,MV_1446,TH_204,SC_410,2023-02-18,21:15:00,361.57,59,active
SH_8254,MV_8580,TH_155,SC_762,2024-12-17,16:45:00,418.79,130,active
SH_8255,MV_5259,TH_445,SC_922,2023-03-25,10:15:00,401.52,53,active
SH_8258,MV_13,TH_349,SC_117,2024-05-19,18:45:00,176.24,138,active
SH_8259,MV_6172,TH_366,SC_891,2025-10-12,20:45:00,344.57,85,active
SH_8260,MV_3888,TH_126,SC_343,2023-02-01,22:45:00,227.4,51,active
SH_8261,MV_8095,TH_117,SC_821,2023-03-11,12:45:00,439.23,198,active
SH_8262,MV_4318,TH_221,SC_15,2024-04-25,12:00:00,226.35,69,active
SH_8263,MV_4809,TH_484,SC_850,2025-07-26,22:45:00,297.74,171,active
SH_8264,MV_6469,TH_181,SC_278,2024-06-11,13:00:00,226.75,195,active
SH_8265,MV_7283,TH_69,SC_793,2025-03-16,13:15:00,320.5,57,active
SH_8266,MV_4619,TH_354,SC_29,2025-01-17,18:30:00,438.86,81,active
SH_8267,MV_1556,TH_362,SC_155,2024-03-17,17:00:00,325.77,85,active
SH_8268,MV_3073,TH_245,SC_884,2025-04-14,17:45:00,182.94,81,active
SH_8269,MV_9299,TH_378,SC_67,2025-06-27,16:45:00,446.75,52,active
SH_8270,MV_6255,TH_205,SC_352,2023-02-17,14:45:00,262.43,160,active
SH_8271,MV_2017,TH_415,SC_6,2024-04-27,21:00:00,379.65,122,active
SH_8272,MV_3870,TH_51,SC_214,2023-11-03,21:30:00,369.94,137,active
SH_8273,MV_6231,TH_397,SC_681,2024-06-20,16:00:00,195.99,104,active
SH_8274,MV_1077,TH_34,SC_195,2024-06-19,11:15:00,497.21,65,active
SH_8275,MV_1945,TH_414,SC_49,2023-08-08,12:30:00,304.87,117,active
SH_8276,MV_1619,TH_197,SC_269,2024-12-03,20:00:00,274.59,86,active
SH_8277,MV_2013,TH_75,SC_858,2025-07-10,11:15:00,378.4,175,active
SH_8278,MV_8511,TH_442,SC_957,2025-01-06,13:15:00,266.58,68,active
SH_8279,MV_9704,TH_383,SC_980,2024-08-15,11:45:00,469.54,149,active
SH_8281,MV_6471,TH_92,SC_958,2024-08-18,16:30:00,220.13,82,active
SH_8282,MV_6119,TH_421,SC_99,2023-01-11,14:15:00,289.64,110,active
SH_8283,MV_1698,TH_8,SC_280,2024-11-29,12:15:00,158.84,60,active
SH_8284,MV_411,TH_255,SC_969,2024-07-19,11:30:00,241.77,146,active
SH_8285,MV_5610,TH_166,SC_658,2023-06-28,14:15:00,411.65,138,active
SH_8286,MV_4202,TH_90,SC_120,2023-10-08,20:15:00,345.83,194,active
SH_8287,MV_9032,TH_478,SC_390,2025-12-21,22:45:00,328.57,93,active
SH_8288,MV_3746,TH_111,SC_594,2024-11-10,11:30:00,236.96,172,active
SH_8289,MV_6638,TH_338,SC_133,2025-10-27,15:15:00,219.65,123,active
SH_8290,MV_5007,TH_242,SC_395,2023-04-25,15:45:00,334.89,133,active
SH_8291,MV_2527,TH_397,SC_815,2024-08-07,17:45:00,156.83,57,active
SH_8292,MV_615,TH_325,SC_593,2024-10-04,13:30:00,467.42,146,active
SH_8293,MV_2820,TH_102,SC_361,2025-05-05,10:15:00,485.91,55,active
SH_8294,MV_3987,TH_293,SC_337,2024-10-24,20:30:00,488.2,53,active
SH_8295,MV_4072,TH_89,SC_403,2025-03-16,12:45:00,323.61,65,active
SH_8296,MV_4612,TH_173,SC_876,2023-08-01,15:00:00,410.04,82,active
SH_8297,MV_4136,TH_321,SC_564,2025-05-04,17:30:00,293.32,96,active
SH_8298,MV_369,TH_162,SC_612,2024-08-26,15:45:00,408.49,100,active
SH_8299,MV_9008,TH_272,SC_175,2024-04-20,16:15:00,299.1,55,active
SH_8300,MV_6957,TH_181,SC_600,2025-05-09,15:45:00,191.25,102,active
SH_8302,MV_305,TH_114,SC_354,2023-01-13,16:30:00,411.67,170,active
SH_8303,MV_9012,TH_210,SC_541,2024-09-05,21:00:00,473.12,189,active
SH_8304,MV_4957,TH_52,SC_286,2024-03-24,19:45:00,261.22,175,active
SH_8306,MV_635,TH_285,SC_494,2024-06-28,20:00:00,288.35,151,active
SH_8307,MV_3960,TH_176,SC_97,2025-02-19,14:30:00,266.95,89,active
SH_8308,MV_3190,TH_19,SC_697,2025-08-19,13:45:00,425.53,148,active
SH_8310,MV_6955,TH_223,SC_376,2023-11-20,17:00:00,253.28,80,active
SH_8311,MV_2396,TH_350,SC_173,2024-06-13,16:15:00,462.08,177,active
SH_8312,MV_399,TH_438,SC_325,2025-11-26,19:00:00,152.44,184,active
SH_8313,MV_5812,TH_89,SC_708,2023-01-20,16:15:00,354.83,178,active
SH_8314,MV_7512,TH_395,SC_216,2024-07-30,19:15:00,300.7,195,active
SH_8315,MV_6536,TH_133,SC_41,2024-06-26,14:00:00,303.67,55,active
SH_8316,MV_8468,TH_187,SC_284,2025-07-12,22:30:00,387.37,160,active
SH_8317,MV_4720,TH_69,SC_793,2024-02-05,22:30:00,447.91,138,active
SH_8318,MV_6845,TH_265,SC_458,2023-03-19,22:15:00,379.59,177,active
SH_8320,MV_5144,TH_375,SC_146,2024-04-30,18:15:00,433.32,100,active
SH_8321,MV_2830,TH_72,SC_853,2023-04-02,14:15:00,186.52,61,active
SH_8322,MV_8569,TH_101,SC_608,2025-05-23,12:00:00,440.51,51,active
SH_8323,MV_7544,TH_387,SC_912,2025-11-12,18:30:00,326.3,126,active
SH_8324,MV_1090,TH_42,SC_673,2025-01-05,17:00:00,310.84,57,active
SH_8325,MV_9712,TH_425,SC_941,2025-03-31,11:45:00,258.16,114,active
SH_8326,MV_7738,TH_217,SC_435,2025-06-28,14:15:00,418.91,125,active
SH_8327,MV_5526,TH_186,SC_276,2024-07-06,13:15:00,153.27,180,active
SH_8328,MV_6984,TH_420,SC_131,2024-02-05,13:30:00,422.77,84,active
SH_8329,MV_217,TH_322,SC_14,2023-05-04,18:45:00,333.71,68,active
SH_8330,MV_4864,TH_273,SC_300,2025-05-31,22:15:00,444.59,89,active
SH_8331,MV_5685,TH_459,SC_296,2023-02-11,15:30:00,372.84,72,active
SH_8332,MV_6325,TH_331,SC_901,2024-05-18,15:00:00,282.54,83,active
SH_8333,MV_5235,TH_190,SC_435,2025-06-13,10:45:00,169.12,107,active
SH_8334,MV_6640,TH_477,SC_929,2025-08-26,11:00:00,481.84,56,active
SH_8335,MV_3769,TH_25,SC_333,2024-01-01,14:00:00,340.11,88,active
SH_8336,MV_8850,TH_46,SC_138,2024-05-19,21:15:00,413.6,120,active
SH_8337,MV_6077,TH_395,SC_676,2024-12-18,12:00:00,416.1,71,active
SH_8338,MV_6165,TH_265,SC_430,2025-04-11,14:30:00,468.96,62,active
SH_8339,MV_7463,TH_460,SC_12,2023-06-19,16:30:00,498.19,77,active
SH_8341,MV_1394,TH_115,SC_236,2025-07-02,22:45:00,377.2,96,active
SH_8342,MV_3560,TH_220,SC_29,2024-12-06,14:45:00,253.79,93,active
SH_8343,MV_9979,TH_398,SC_124,2024-02-27,13:30:00,296.81,154,active
SH_8345,MV_1904,TH_230,SC_474,2024-04-23,22:45:00,276.88,75,active
SH_8346,MV_7088,TH_352,SC_71,2023-09-24,20:30:00,349.38,83,active
SH_8347,MV_6287,TH_2,SC_365,2024-11-14,15:15:00,298.66,126,active
SH_8348,MV_3380,TH_56,SC_916,2023-05-27,16:45:00,423.68,71,active
SH_8349,MV_3447,TH_344,SC_426,2025-11-15,14:45:00,200.68,115,active
SH_8350,MV_8066,TH_160,SC_692,2024-12-26,20:30:00,437.72,114,active
SH_8351,MV_9680,TH_424,SC_474,2023-07-15,18:30:00,237.24,96,active
SH_8352,MV_1071,TH_74,SC_491,2024-05-02,18:00:00,376.02,182,active
SH_8353,MV_872,TH_365,SC_638,2025-10-03,21:15:00,344.71,171,active
SH_8354,MV_8654,TH_218,SC_324,2024-08-15,15:30:00,243.72,156,active
SH_8355,MV_767,TH_206,SC_441,2024-02-23,14:15:00,186.43,183,active
SH_8356,MV_8393,TH_434,SC_676,2024-01-24,16:15:00,316.45,65,active
SH_8359,MV_8547,TH_72,SC_412,2025-02-12,16:45:00,488.8,119,active
SH_8360,MV_654,TH_370,SC_239,2025-04-23,15:15:00,247.3,122,active
SH_8361,MV_4763,TH_110,SC_36,2024-01-27,17:30:00,373.22,118,active
SH_8362,MV_9055,TH_464,SC_13,2024-10-11,18:15:00,489.57,170,active
SH_8363,MV_7328,TH_364,SC_738,2025-01-05,15:15:00,164.95,160,active
SH_8364,MV_8000,TH_290,SC_932,2025-01-13,11:00:00,419.23,185,active
SH_8365,MV_170,TH_200,SC_45,2025-07-21,22:45:00,456.47,152,active
SH_8366,MV_9152,TH_452,SC_793,2025-10-18,19:30:00,464.58,68,active
SH_8367,MV_3638,TH_226,SC_314,2023-05-03,22:00:00,191.96,172,active
SH_8368,MV_4612,TH_330,SC_87,2025-11-04,12:00:00,213.92,166,active
SH_8369,MV_8811,TH_60,SC_991,2024-05-18,13:15:00,238.61,144,active
SH_8370,MV_9889,TH_4,SC_394,2024-09-17,13:15:00,336.95,119,active
SH_8371,MV_6989,TH_189,SC_715,2023-08-08,19:45:00,167.47,68,active
SH_8372,MV_5113,TH_147,SC_536,2025-08-22,14:15:00,231.56,107,active
SH_8374,MV_1836,TH_42,SC_435,2023-09-09,14:00:00,163.56,51,active
SH_8375,MV_5555,TH_227,SC_66,2024-04-06,16:45:00,203.16,91,active
SH_8376,MV_4924,TH_451,SC_862,2024-02-12,12:00:00,200.4,127,active
SH_8377,MV_412,TH_135,SC_600,2024-08-02,12:30:00,311.02,130,active
SH_8378,MV_4905,TH_109,SC_46,2024-01-20,20:30:00,438.25,67,active
SH_8379,MV_9854,TH_394,SC_782,2025-09-19,22:30:00,411.48,195,active
SH_8380,MV_7834,TH_401,SC_165,2025-11-27,14:15:00,364.09,120,active
SH_8381,MV_1757,TH_481,SC_537,2025-04-30,17:15:00,424.32,174,active
SH_8382,MV_6582,TH_208,SC_159,2023-04-01,16:00:00,494.49,140,active
SH_8384,MV_7740,TH_216,SC_383,2025-11-25,21:30:00,426.59,150,active
SH_8385,MV_1059,TH_399,SC_995,2023-10-15,10:15:00,245.71,107,active
SH_8386,MV_9963,TH_392,SC_26,2024-04-23,12:45:00,458.3,81,active
SH_8387,MV_4665,TH_428,SC_905,2023-10-14,22:45:00,379.1,161,active
SH_8389,MV_9766,TH_84,SC_914,2023-02-25,19:00:00,227.98,189,active
SH_8390,MV_3276,TH_204,SC_570,2025-08-22,12:30:00,305.05,176,active
SH_8391,MV_6810,TH_406,SC_402,2023-08-14,17:15:00,358.64,148,active
SH_8393,MV_5109,TH_298,SC_596,2025-06-10,22:30:00,174.28,134,active
SH_8394,MV_9954,TH_323,SC_415,2024-02-09,16:15:00,483.89,53,active
SH_8395,MV_8472,TH_105,SC_284,2025-08-06,20:45:00,480.25,63,active
SH_8396,MV_3206,TH_120,SC_399,2024-03-19,21:00:00,488.58,108,active
SH_8397,MV_6699,TH_404,SC_524,2024-06-02,17:00:00,167.34,183,active
SH_8398,MV_2438,TH_428,SC_74,2024-01-08,19:15:00,484.6,179,active
SH_8399,MV_4571,TH_317,SC_554,2025-12-28,13:15:00,454.21,136,active
SH_8400,MV_288,TH_121,SC_112,2025-02-03,12:15:00,238.21,173,active
SH_8404,MV_6791,TH_148,SC_145,2025-04-13,10:45:00,152.66,100,active
SH_8405,MV_8838,TH_203,SC_106,2023-11-02,15:30:00,474.66,139,active
SH_8407,MV_4377,TH_492,SC_270,2025-01-23,16:30:00,430.32,99,active
SH_8408,MV_8274,TH_407,SC_151,2023-10-23,15:45:00,191.49,177,active
SH_8409,MV_6791,TH_402,SC_419,2025-03-21,19:45:00,401.51,105,active
SH_8410,MV_3448,TH_118,SC_381,2025-05-06,18:00:00,491.2,99,active
SH_8411,MV_6413,TH_394,SC_583,2023-09-17,18:45:00,433.72,190,active
SH_8414,MV_2445,TH_208,SC_918,2024-05-19,20:45:00,200.52,194,active
SH_8415,MV_1832,TH_84,SC_997,2024-01-04,12:45:00,356.95,61,active
SH_8416,MV_2772,TH_311,SC_665,2024-08-15,13:45:00,499.89,82,active
SH_8417,MV_9991,TH_231,SC_468,2023-10-31,16:30:00,308.01,188,active
SH_8418,MV_5752,TH_439,SC_664,2024-07-17,19:30:00,409.75,56,active
SH_8419,MV_7990,TH_12,SC_416,2024-01-20,16:15:00,458.61,84,active
SH_8420,MV_5074,TH_29,SC_557,2025-11-27,17:45:00,232.03,112,active
SH_8422,MV_5467,TH_86,SC_53,2023-12-19,19:30:00,172.55,133,active
SH_8423,MV_981,TH_306,SC_410,2023-10-07,16:15:00,325.79,108,active
SH_8424,MV_7064,TH_58,SC_422,2023-01-14,18:30:00,284.41,102,active
SH_8425,MV_4448,TH_91,SC_321,2024-11-29,16:15:00,195.46,122,active
SH_8427,MV_2687,TH_65,SC_955,2025-07-18,21:15:00,177.49,160,active
SH_8428,MV_6710,TH_21,SC_925,2023-07-06,10:00:00,424.47,199,active
SH_8430,MV_6838,TH_93,SC_757,2025-09-26,20:00:00,391.37,151,active
SH_8431,MV_5127,TH_224,SC_168,2023-10-09,19:30:00,378.37,104,active
SH_8432,MV_8514,TH_235,SC_630,2024-03-11,18:45:00,383.78,68,active
SH_8433,MV_6331,TH_471,SC_124,2023-10-17,15:45:00,281.17,71,active
SH_8434,MV_9235,TH_163,SC_409,2023-09-15,10:30:00,232.86,92,active
SH_8436,MV_2624,TH_403,SC_301,2025-02-18,13:30:00,219.97,141,active
SH_8437,MV_4224,TH_407,SC_984,2024-01-02,22:45:00,281.66,78,active
SH_8438,MV_6851,TH_40,SC_386,2025-06-12,11:45:00,413.14,97,active
SH_8439,MV_8446,TH_130,SC_31,2023-09-25,11:00:00,393.72,125,active
SH_8440,MV_5515,TH_383,SC_602,2024-11-08,20:15:00,186.76,161,active
SH_8441,MV_6681,TH_385,SC_18,2025-10-20,11:30:00,396.85,197,active
SH_8442,MV_6306,TH_395,SC_517,2023-06-15,20:00:00,185.19,183,active
SH_8443,MV_8816,TH_332,SC_20,2024-04-20,10:30:00,456.78,106,active
SH_8444,MV_8266,TH_419,SC_636,2023-08-20,13:15:00,327.25,190,active
SH_8446,MV_2801,TH_8,SC_690,2025-09-21,10:15:00,314.36,105,active
SH_8447,MV_1410,TH_171,SC_658,2023-12-11,10:45:00,324.1,133,active
SH_8448,MV_8669,TH_260,SC_278,2023-11-28,20:30:00,183.87,93,active
SH_8449,MV_7754,TH_336,SC_887,2024-11-29,12:30:00,436.32,58,active
SH_8450,MV_5691,TH_207,SC_122,2023-10-25,19:00:00,369.27,78,active
SH_8451,MV_9867,TH_350,SC_308,2025-04-11,20:00:00,287.19,61,active
SH_8452,MV_7103,TH_406,SC_532,2024-01-23,17:15:00,227.83,58,active
SH_8453,MV_6267,TH_150,SC_956,2024-01-30,13:45:00,418.96,81,active
SH_8454,MV_3254,TH_315,SC_468,2024-06-25,21:00:00,478.19,84,active
SH_8455,MV_8398,TH_386,SC_325,2023-09-22,14:15:00,235.01,152,active
SH_8456,MV_691,TH_238,SC_353,2025-05-08,18:00:00,216.6,52,active
SH_8457,MV_1824,TH_60,SC_550,2024-11-13,21:15:00,230.6,195,active
SH_8458,MV_4965,TH_42,SC_634,2024-09-16,20:00:00,407.24,158,active
SH_8459,MV_2577,TH_98,SC_905,2023-11-17,19:15:00,462.74,176,active
SH_8460,MV_3794,TH_24,SC_991,2024-11-13,16:15:00,356.04,99,active
SH_8461,MV_6005,TH_404,SC_158,2023-08-12,20:45:00,456.77,153,active
SH_8462,MV_9517,TH_365,SC_934,2025-05-01,18:45:00,437.38,77,active
SH_8463,MV_262,TH_337,SC_355,2024-02-28,21:30:00,223.81,72,active
SH_8464,MV_7326,TH_115,SC_260,2024-04-19,20:45:00,245.63,77,active
SH_8465,MV_173,TH_407,SC_350,2024-06-03,11:30:00,228.55,173,active
SH_8466,MV_9786,TH_414,SC_518,2023-02-20,20:00:00,475.39,146,active
SH_8467,MV_6568,TH_477,SC_832,2024-11-03,16:30:00,295.4,120,active
SH_8468,MV_984,TH_228,SC_621,2024-09-26,12:45:00,318.87,121,active
SH_8469,MV_8409,TH_478,SC_316,2023-06-08,22:45:00,304.44,185,active
SH_8470,MV_569,TH_221,SC_404,2024-03-12,19:45:00,469.94,62,active
SH_8471,MV_5262,TH_285,SC_241,2023-08-11,14:30:00,433.78,128,active
SH_8472,MV_1150,TH_338,SC_148,2025-09-07,16:45:00,371.71,160,active
SH_8473,MV_1559,TH_146,SC_1000,2024-04-15,11:00:00,272.24,88,active
SH_8474,MV_2526,TH_385,SC_182,2025-08-22,10:00:00,457.39,142,active
SH_8475,MV_1354,TH_424,SC_193,2024-01-09,13:15:00,368.18,53,active
SH_8476,MV_4398,TH_399,SC_358,2023-01-05,22:00:00,352.63,185,active
SH_8478,MV_7560,TH_379,SC_857,2025-09-22,13:45:00,182.41,91,active
SH_8479,MV_683,TH_289,SC_687,2024-06-29,14:45:00,320.12,138,active
SH_8480,MV_7443,TH_366,SC_3,2024-09-04,10:15:00,184.07,72,active
SH_8481,MV_9076,TH_384,SC_283,2024-08-20,16:00:00,432.21,76,active
SH_8482,MV_8953,TH_161,SC_767,2024-03-21,15:30:00,499.12,143,active
SH_8483,MV_6314,TH_337,SC_237,2023-01-17,18:30:00,227.09,98,active
SH_8484,MV_6789,TH_272,SC_823,2023-11-28,22:15:00,482.66,112,active
SH_8485,MV_1711,TH_212,SC_361,2023-02-07,11:00:00,488.19,109,active
SH_8486,MV_6852,TH_118,SC_142,2025-11-12,12:45:00,348.0,93,active
SH_8487,MV_9729,TH_353,SC_144,2025-05-15,13:00:00,497.79,84,active
SH_8489,MV_9218,TH_68,SC_934,2023-01-25,15:00:00,309.88,62,active
SH_8491,MV_3033,TH_390,SC_836,2023-04-09,15:30:00,242.64,108,active
SH_8492,MV_4394,TH_219,SC_352,2024-02-22,10:30:00,497.79,115,active
SH_8493,MV_6568,TH_4,SC_382,2023-10-02,16:00:00,320.35,199,active
SH_8494,MV_6137,TH_211,SC_988,2023-03-16,15:30:00,226.07,80,active
SH_8495,MV_8411,TH_59,SC_677,2024-01-04,13:00:00,282.39,162,active
SH_8496,MV_8049,TH_481,SC_976,2025-02-04,21:30:00,326.03,192,active
SH_8497,MV_2547,TH_162,SC_896,2025-12-05,15:30:00,210.2,172,active
SH_8498,MV_6152,TH_461,SC_297,2024-02-28,19:30:00,256.02,174,active
SH_8499,MV_6190,TH_416,SC_664,2023-10-26,17:15:00,213.79,54,active
SH_8500,MV_3642,TH_397,SC_658,2023-11-12,10:00:00,490.93,109,active
SH_8501,MV_6228,TH_270,SC_693,2025-03-22,22:30:00,321.58,182,active
SH_8502,MV_5510,TH_304,SC_809,2025-08-21,13:00:00,473.7,55,active
SH_8503,MV_955,TH_69,SC_162,2025-02-11,22:30:00,167.65,75,active
SH_8505,MV_9096,TH_158,SC_442,2023-12-04,10:30:00,403.48,175,active
SH_8506,MV_4313,TH_92,SC_93,2025-01-28,21:30:00,185.84,52,active
SH_8507,MV_2985,TH_2,SC_90,2024-08-22,14:15:00,169.87,169,active
SH_8509,MV_9018,TH_477,SC_463,2025-11-20,22:15:00,499.69,53,active
SH_8510,MV_591,TH_32,SC_404,2023-09-01,17:30:00,152.58,120,active
SH_8511,MV_2184,TH_263,SC_437,2023-08-12,20:00:00,150.86,175,active
SH_8512,MV_7311,TH_415,SC_115,2023-01-25,12:30:00,395.88,82,active
SH_8513,MV_9231,TH_193,SC_422,2025-09-16,21:15:00,358.25,85,active
SH_8514,MV_7249,TH_403,SC_396,2023-12-29,10:30:00,235.59,173,active
SH_8515,MV_2065,TH_489,SC_198,2023-06-01,21:30:00,271.0,128,active
SH_8516,MV_4310,TH_381,SC_572,2025-11-05,19:15:00,158.73,128,active
SH_8517,MV_7040,TH_471,SC_585,2025-09-07,14:30:00,223.93,76,active
SH_8518,MV_4515,TH_463,SC_469,2023-02-10,10:00:00,212.8,123,active
SH_8519,MV_9665,TH_454,SC_296,2023-08-21,18:45:00,399.03,159,active
SH_8520,MV_8568,TH_8,SC_473,2023-05-28,21:00:00,347.24,119,active
SH_8521,MV_4143,TH_346,SC_478,2023-02-08,21:30:00,397.62,91,active
SH_8522,MV_8093,TH_251,SC_376,2024-11-07,20:45:00,381.4,55,active
SH_8523,MV_556,TH_408,SC_892,2025-02-14,12:45:00,435.25,131,active
SH_8524,MV_9537,TH_377,SC_618,2023-04-02,13:30:00,495.37,142,active
SH_8525,MV_4945,TH_253,SC_280,2024-06-19,22:00:00,243.84,174,active
SH_8527,MV_3219,TH_405,SC_658,2023-03-02,19:45:00,179.73,104,active
SH_8528,MV_4495,TH_227,SC_298,2024-11-26,13:45:00,327.38,182,active
SH_8529,MV_1469,TH_490,SC_71,2024-10-11,19:15:00,179.11,125,active
SH_8530,MV_5415,TH_193,SC_480,2025-07-29,19:15:00,165.86,167,active
SH_8531,MV_8098,TH_37,SC_167,2025-11-20,19:00:00,245.05,188,active
SH_8532,MV_7000,TH_55,SC_25,2023-10-08,19:45:00,469.93,82,active
SH_8533,MV_6490,TH_262,SC_762,2023-10-21,20:15:00,394.91,53,active
SH_8534,MV_2634,TH_332,SC_542,2023-01-24,18:00:00,419.14,86,active
SH_8535,MV_599,TH_30,SC_645,2024-02-02,21:30:00,366.72,197,active
SH_8537,MV_1474,TH_426,SC_497,2024-03-15,13:45:00,498.02,68,active
SH_8538,MV_3843,TH_291,SC_545,2024-10-20,13:15:00,241.22,66,active
SH_8539,MV_6267,TH_382,SC_907,2024-02-19,21:30:00,324.53,153,active
SH_8541,MV_4073,TH_442,SC_998,2025-05-04,15:30:00,404.79,130,active
SH_8542,MV_5314,TH_154,SC_462,2023-09-18,14:00:00,493.67,89,active
SH_8543,MV_7721,TH_191,SC_337,2023-06-17,10:30:00,397.92,77,active
SH_8544,MV_5631,TH_73,SC_529,2023-09-26,13:00:00,384.91,164,active
SH_8545,MV_6150,TH_211,SC_614,2023-12-15,10:00:00,231.04,129,active
SH_8546,MV_5622,TH_171,SC_201,2024-10-14,20:30:00,456.94,164,active
SH_8547,MV_2662,TH_356,SC_648,2023-07-22,10:45:00,233.78,188,active
SH_8548,MV_2327,TH_296,SC_648,2024-08-10,12:30:00,331.02,154,active
SH_8549,MV_2616,TH_18,SC_543,2025-06-01,21:45:00,465.98,112,active
SH_8550,MV_9094,TH_182,SC_930,2025-07-29,10:15:00,330.24,171,active
SH_8551,MV_7043,TH_351,SC_823,2024-12-25,17:30:00,438.51,193,active
SH_8552,MV_2096,TH_268,SC_651,2025-04-30,12:00:00,309.93,135,active
SH_8553,MV_2434,TH_208,SC_606,2024-07-10,15:15:00,332.86,168,active
SH_8554,MV_5154,TH_231,SC_628,2023-02-15,12:15:00,442.66,60,active
SH_8555,MV_139,TH_146,SC_812,2024-03-16,19:15:00,176.16,123,active
SH_8557,MV_1271,TH_176,SC_587,2024-09-10,13:15:00,164.82,106,active
SH_8558,MV_6272,TH_127,SC_206,2024-05-10,14:45:00,211.29,87,active
SH_8559,MV_1494,TH_385,SC_583,2024-07-07,14:15:00,408.81,68,active
SH_8560,MV_5404,TH_429,SC_867,2025-06-16,16:30:00,494.45,176,active
SH_8561,MV_4734,TH_27,SC_577,2025-07-18,18:30:00,438.99,56,active
SH_8562,MV_9002,TH_74,SC_504,2025-05-17,14:00:00,448.45,91,active
SH_8563,MV_1713,TH_362,SC_598,2025-04-22,19:30:00,347.82,108,active
SH_8564,MV_8003,TH_94,SC_485,2023-03-22,12:30:00,376.57,86,active
SH_8565,MV_9629,TH_151,SC_555,2025-11-01,16:30:00,438.39,136,active
SH_8566,MV_7288,TH_109,SC_252,2025-02-19,15:45:00,187.59,177,active
SH_8567,MV_3791,TH_233,SC_536,2023-09-08,17:00:00,195.36,124,active
SH_8569,MV_5653,TH_316,SC_265,2024-09-17,19:45:00,385.04,75,active
SH_8570,MV_1183,TH_316,SC_778,2025-10-11,10:30:00,362.47,189,active
SH_8571,MV_1162,TH_140,SC_181,2025-09-12,19:30:00,364.67,109,active
SH_8572,MV_3256,TH_305,SC_319,2025-05-20,21:30:00,420.2,170,active
SH_8573,MV_6732,TH_118,SC_299,2024-09-10,16:45:00,285.32,178,active
SH_8574,MV_7959,TH_109,SC_798,2025-06-02,22:45:00,211.03,199,active
SH_8575,MV_74,TH_71,SC_122,2024-04-24,20:30:00,425.23,122,active
SH_8576,MV_7935,TH_94,SC_290,2025-04-03,16:45:00,459.65,97,active
SH_8577,MV_7290,TH_450,SC_832,2023-12-04,12:30:00,278.23,73,active
SH_8578,MV_4834,TH_8,SC_807,2025-09-26,10:00:00,225.15,94,active
SH_8579,MV_8958,TH_46,SC_762,2023-09-01,14:30:00,204.91,178,active
SH_8580,MV_8074,TH_12,SC_474,2023-05-30,15:45:00,319.16,160,active
SH_8582,MV_5671,TH_477,SC_24,2024-09-26,19:00:00,198.89,97,active
SH_8583,MV_3212,TH_200,SC_470,2023-07-17,16:45:00,221.59,184,active
SH_8584,MV_8277,TH_426,SC_461,2024-01-24,14:15:00,400.74,166,active
SH_8585,MV_7977,TH_24,SC_60,2025-11-12,21:00:00,184.29,57,active
SH_8586,MV_2957,TH_119,SC_519,2023-08-06,15:15:00,408.39,162,active
SH_8587,MV_9249,TH_207,SC_51,2024-10-21,11:30:00,282.26,129,active
SH_8588,MV_1968,TH_488,SC_96,2024-03-08,20:45:00,441.53,159,active
SH_8589,MV_2813,TH_341,SC_98,2025-01-20,15:45:00,206.93,196,active
SH_8590,MV_8921,TH_190,SC_351,2025-11-02,18:00:00,482.5,84,active
SH_8591,MV_3462,TH_362,SC_149,2023-01-23,15:30:00,262.8,123,active
SH_8592,MV_9316,TH_425,SC_104,2025-08-24,15:15:00,179.85,198,active
SH_8593,MV_445,TH_73,SC_631,2024-12-21,12:00:00,267.32,80,active
SH_8594,MV_9345,TH_208,SC_95,2025-03-04,16:00:00,301.07,183,active
SH_8595,MV_7441,TH_480,SC_666,2025-01-31,22:30:00,491.49,171,active
SH_8596,MV_2900,TH_120,SC_887,2024-04-13,19:15:00,420.58,52,active
SH_8598,MV_3287,TH_116,SC_199,2024-05-27,10:15:00,290.62,174,active
SH_8600,MV_1473,TH_121,SC_142,2023-04-22,13:30:00,312.22,160,active
SH_8601,MV_5638,TH_57,SC_477,2023-04-27,17:30:00,372.19,169,active
SH_8602,MV_2706,TH_123,SC_606,2024-06-11,18:15:00,249.13,183,active
SH_8604,MV_2699,TH_489,SC_570,2023-04-20,12:30:00,464.22,86,active
SH_8605,MV_7703,TH_320,SC_484,2024-06-18,11:45:00,387.22,178,active
SH_8606,MV_7055,TH_73,SC_114,2024-11-05,18:15:00,255.47,160,active
SH_8607,MV_2390,TH_369,SC_125,2025-08-31,18:45:00,204.0,124,active
SH_8608,MV_2916,TH_362,SC_550,2023-12-06,11:30:00,386.69,114,active
SH_8609,MV_7152,TH_291,SC_133,2025-03-30,12:45:00,190.69,156,active
SH_8610,MV_6887,TH_420,SC_869,2023-10-10,10:00:00,177.65,92,active
SH_8611,MV_7186,TH_283,SC_457,2023-08-01,16:00:00,210.35,84,active
SH_8612,MV_7404,TH_394,SC_987,2023-04-04,17:15:00,265.98,147,active
SH_8613,MV_8517,TH_477,SC_647,2023-09-26,20:45:00,436.0,158,active
SH_8614,MV_6806,TH_247,SC_203,2024-12-24,19:00:00,377.74,61,active
SH_8615,MV_6757,TH_33,SC_134,2024-10-30,18:30:00,337.17,149,active
SH_8616,MV_8703,TH_361,SC_497,2024-04-18,16:30:00,156.49,61,active
SH_8617,MV_1049,TH_77,SC_769,2024-08-30,15:00:00,197.51,112,active
SH_8618,MV_728,TH_205,SC_723,2024-10-27,16:00:00,354.78,73,active
SH_8619,MV_258,TH_246,SC_620,2023-03-24,17:00:00,312.57,168,active
SH_8620,MV_9270,TH_214,SC_982,2023-03-17,22:30:00,364.48,74,active
SH_8622,MV_2337,TH_448,SC_972,2025-02-25,15:15:00,371.37,167,active
SH_8624,MV_7434,TH_159,SC_147,2025-05-15,21:15:00,291.95,189,active
SH_8625,MV_3318,TH_266,SC_873,2024-10-19,19:00:00,272.22,66,active
SH_8626,MV_6487,TH_385,SC_48,2024-11-10,14:45:00,184.95,160,active
SH_8627,MV_7802,TH_20,SC_304,2025-03-10,19:00:00,370.15,84,active
SH_8628,MV_4530,TH_474,SC_667,2023-04-04,17:00:00,194.99,189,active
SH_8629,MV_6305,TH_269,SC_12,2024-06-15,21:30:00,414.35,57,active
SH_8630,MV_4774,TH_480,SC_359,2024-08-25,17:30:00,246.79,154,active
SH_8631,MV_1186,TH_19,SC_995,2024-03-03,16:45:00,489.84,102,active
SH_8632,MV_6546,TH_140,SC_532,2025-02-01,13:15:00,402.55,130,active
SH_8633,MV_9622,TH_216,SC_250,2025-06-11,21:00:00,383.07,166,active
SH_8634,MV_2316,TH_149,SC_235,2023-03-25,21:15:00,268.77,149,active
SH_8635,MV_5725,TH_493,SC_517,2023-09-24,22:45:00,289.68,169,active
SH_8636,MV_8792,TH_91,SC_34,2024-01-04,21:15:00,299.16,72,active
SH_8637,MV_8936,TH_82,SC_424,2024-09-25,13:15:00,400.31,178,active
SH_8638,MV_8352,TH_450,SC_259,2023-02-05,15:15:00,341.95,95,active
SH_8639,MV_3982,TH_250,SC_516,2023-03-14,21:30:00,414.46,156,active
SH_8640,MV_3497,TH_181,SC_524,2024-01-17,18:00:00,394.72,63,active
SH_8641,MV_522,TH_320,SC_372,2023-07-02,19:15:00,365.65,145,active
SH_8642,MV_9379,TH_159,SC_558,2025-02-19,14:45:00,487.35,85,active
SH_8644,MV_4079,TH_363,SC_265,2023-12-14,12:00:00,282.09,64,active
SH_8645,MV_7709,TH_271,SC_887,2023-10-12,22:00:00,181.93,111,active
SH_8647,MV_5666,TH_127,SC_121,2025-04-11,15:00:00,262.35,173,active
SH_8648,MV_689,TH_246,SC_18,2025-03-27,18:15:00,455.56,54,active
SH_8649,MV_3385,TH_485,SC_74,2024-03-26,22:45:00,409.21,51,active
SH_8650,MV_405,TH_305,SC_109,2025-08-08,12:00:00,302.49,58,active
SH_8651,MV_3796,TH_293,SC_59,2025-04-20,10:00:00,411.58,164,active
SH_8652,MV_4485,TH_277,SC_497,2023-12-21,10:45:00,253.15,188,active
SH_8653,MV_6284,TH_273,SC_700,2025-01-31,20:15:00,279.87,168,active
SH_8654,MV_3144,TH_380,SC_746,2025-01-23,15:30:00,171.0,95,active
SH_8655,MV_8544,TH_471,SC_468,2025-03-02,12:00:00,489.06,183,active
SH_8656,MV_5250,TH_270,SC_795,2025-10-12,20:00:00,495.04,148,active
SH_8657,MV_2119,TH_472,SC_234,2023-12-16,21:30:00,411.82,84,active
SH_8658,MV_6631,TH_225,SC_872,2023-02-12,12:30:00,210.5,193,active
SH_8659,MV_6590,TH_218,SC_587,2024-03-11,18:45:00,298.4,98,active
SH_8661,MV_7495,TH_357,SC_614,2025-09-30,13:45:00,166.14,64,active
SH_8662,MV_1796,TH_214,SC_533,2023-01-21,12:15:00,475.82,129,active
SH_8663,MV_6050,TH_296,SC_811,2023-04-13,12:00:00,261.5,171,active
SH_8664,MV_3778,TH_374,SC_585,2025-05-24,10:30:00,166.91,149,active
SH_8665,MV_7935,TH_438,SC_754,2025-09-23,11:00:00,262.47,83,active
SH_8667,MV_9028,TH_482,SC_27,2023-03-18,10:00:00,366.59,58,active
SH_8668,MV_5398,TH_186,SC_488,2025-12-02,10:15:00,302.77,54,active
SH_8669,MV_5534,TH_109,SC_288,2025-07-21,14:15:00,450.82,54,active
SH_8670,MV_3169,TH_339,SC_950,2023-09-25,16:00:00,227.5,61,active
SH_8671,MV_1164,TH_432,SC_333,2025-06-01,17:15:00,173.7,63,active
SH_8672,MV_3732,TH_362,SC_379,2024-08-17,16:45:00,461.09,101,active
SH_8673,MV_3561,TH_245,SC_435,2023-10-28,15:30:00,168.14,85,active
SH_8674,MV_285,TH_90,SC_920,2024-11-29,11:45:00,352.6,173,active
SH_8675,MV_1541,TH_310,SC_437,2023-03-10,16:30:00,365.65,111,active
SH_8676,MV_5071,TH_421,SC_474,2025-07-24,15:30:00,289.85,102,active
SH_8677,MV_497,TH_148,SC_244,2024-10-20,21:15:00,458.14,184,active
SH_8678,MV_4895,TH_21,SC_105,2023-02-13,22:30:00,230.03,69,active
SH_8679,MV_9350,TH_393,SC_732,2023-07-05,21:15:00,447.99,154,active
SH_8680,MV_3156,TH_266,SC_178,2023-10-31,19:45:00,454.83,178,active
SH_8681,MV_5633,TH_57,SC_997,2023-01-14,15:15:00,419.59,52,active
SH_8682,MV_511,TH_477,SC_203,2025-11-28,22:15:00,490.81,197,active
SH_8683,MV_8298,TH_429,SC_515,2023-01-11,11:30:00,193.46,186,active
SH_8684,MV_8438,TH_273,SC_414,2025-01-21,22:30:00,344.94,108,active
SH_8685,MV_6926,TH_41,SC_993,2025-04-27,18:45:00,201.78,123,active
SH_8686,MV_2780,TH_268,SC_93,2023-06-02,11:15:00,441.76,62,active
SH_8687,MV_3505,TH_80,SC_70,2024-11-03,16:30:00,217.81,172,active
SH_8688,MV_9488,TH_125,SC_583,2025-02-10,17:45:00,150.79,102,active
SH_8689,MV_5627,TH_277,SC_80,2023-02-16,16:00:00,232.55,102,active
SH_8690,MV_6410,TH_299,SC_879,2024-11-29,13:15:00,168.56,120,active
SH_8691,MV_1950,TH_489,SC_537,2025-01-08,15:15:00,244.97,147,active
SH_8692,MV_4684,TH_331,SC_602,2023-10-01,18:15:00,217.77,68,active
SH_8693,MV_8175,TH_97,SC_803,2025-04-29,14:00:00,254.08,152,active
SH_8694,MV_2844,TH_414,SC_941,2024-06-28,18:45:00,311.48,107,active
SH_8695,MV_60,TH_405,SC_596,2025-11-07,13:45:00,432.32,98,active
SH_8696,MV_8375,TH_417,SC_932,2023-03-06,16:30:00,291.99,67,active
SH_8697,MV_7787,TH_286,SC_585,2024-07-02,15:00:00,376.8,195,active
SH_8698,MV_1096,TH_299,SC_301,2024-11-04,11:30:00,433.73,118,active
SH_8699,MV_3357,TH_134,SC_117,2025-08-24,20:45:00,248.19,68,active
SH_8700,MV_7857,TH_392,SC_178,2023-04-08,22:15:00,421.27,73,active
SH_8701,MV_6453,TH_156,SC_306,2024-03-10,21:15:00,248.59,141,active
SH_8702,MV_5097,TH_76,SC_988,2025-02-11,21:15:00,277.43,121,active
SH_8703,MV_7061,TH_202,SC_232,2024-02-09,13:15:00,331.47,155,active
SH_8704,MV_6890,TH_362,SC_513,2023-04-10,21:30:00,204.8,166,active
SH_8705,MV_8254,TH_260,SC_699,2023-05-04,21:45:00,160.67,92,active
SH_8706,MV_1113,TH_246,SC_922,2023-08-07,20:45:00,286.23,176,active
SH_8707,MV_3740,TH_361,SC_173,2024-05-20,10:15:00,468.25,176,active
SH_8709,MV_5933,TH_382,SC_895,2024-10-28,12:30:00,395.53,164,active
SH_8710,MV_5639,TH_19,SC_246,2023-09-20,15:15:00,241.69,124,active
SH_8711,MV_2034,TH_467,SC_1,2025-09-10,19:15:00,359.59,127,active
SH_8713,MV_345,TH_180,SC_916,2023-09-04,19:45:00,359.39,83,active
SH_8714,MV_2910,TH_456,SC_212,2023-12-09,12:00:00,443.33,94,active
SH_8715,MV_5026,TH_113,SC_997,2023-07-26,11:00:00,237.44,123,active
SH_8716,MV_5336,TH_281,SC_87,2024-10-19,11:30:00,381.35,107,active
SH_8717,MV_224,TH_225,SC_394,2023-09-30,14:30:00,449.56,88,active
SH_8718,MV_1760,TH_313,SC_720,2025-02-07,22:15:00,368.33,125,active
SH_8719,MV_1070,TH_130,SC_169,2025-06-02,13:00:00,439.46,154,active
SH_8721,MV_2934,TH_486,SC_182,2025-09-12,22:45:00,258.53,142,active
SH_8723,MV_9901,TH_473,SC_219,2025-11-02,15:00:00,494.8,195,active
SH_8724,MV_3131,TH_92,SC_203,2023-02-19,20:45:00,303.19,156,active
SH_8725,MV_8005,TH_126,SC_38,2024-11-21,17:00:00,287.55,154,active
SH_8726,MV_7414,TH_139,SC_664,2023-04-05,17:15:00,427.1,170,active
SH_8727,MV_8554,TH_189,SC_748,2024-12-21,18:00:00,257.68,112,active
SH_8728,MV_8780,TH_96,SC_118,2025-03-21,10:00:00,179.98,121,active
SH_8730,MV_1055,TH_296,SC_250,2023-04-26,21:00:00,416.52,108,active
SH_8731,MV_3851,TH_360,SC_898,2025-02-17,12:15:00,154.17,171,active
SH_8732,MV_6710,TH_209,SC_187,2023-07-12,21:45:00,352.97,57,active
SH_8733,MV_762,TH_237,SC_918,2023-04-09,10:00:00,260.45,108,active
SH_8734,MV_361,TH_453,SC_560,2023-03-06,21:15:00,164.67,165,active
SH_8735,MV_6442,TH_368,SC_155,2024-01-23,12:00:00,268.16,197,active
SH_8736,MV_915,TH_247,SC_261,2025-03-26,11:30:00,206.32,175,active
SH_8738,MV_8893,TH_471,SC_710,2025-02-11,17:45:00,441.5,168,active
SH_8739,MV_3321,TH_2,SC_80,2024-06-11,21:00:00,344.5,120,active
SH_8740,MV_4617,TH_108,SC_253,2024-12-19,12:00:00,295.31,53,active
SH_8741,MV_7646,TH_20,SC_83,2024-09-19,12:45:00,363.37,102,active
SH_8742,MV_3441,TH_128,SC_176,2023-02-17,12:30:00,203.74,54,active
SH_8743,MV_6512,TH_226,SC_711,2023-02-08,13:00:00,382.83,172,active
SH_8744,MV_8837,TH_201,SC_723,2025-11-28,11:15:00,469.55,56,active
SH_8746,MV_8416,TH_431,SC_150,2024-11-07,13:00:00,227.5,156,active
SH_8747,MV_3309,TH_81,SC_295,2025-08-28,12:00:00,206.4,88,active
SH_8748,MV_2911,TH_492,SC_179,2024-08-13,21:45:00,402.63,119,active
SH_8749,MV_1180,TH_259,SC_719,2023-01-04,17:15:00,198.46,141,active
SH_8750,MV_7558,TH_487,SC_287,2024-09-28,18:45:00,175.48,180,active
SH_8751,MV_4821,TH_166,SC_854,2023-02-20,10:15:00,303.39,123,active
SH_8752,MV_1918,TH_413,SC_140,2024-11-12,16:00:00,415.15,152,active
SH_8755,MV_5557,TH_231,SC_175,2023-03-22,22:00:00,244.57,77,active
SH_8756,MV_3469,TH_322,SC_336,2025-11-15,21:00:00,433.53,58,active
SH_8757,MV_9101,TH_348,SC_634,2025-05-09,18:15:00,197.01,56,active
SH_8758,MV_7750,TH_289,SC_806,2025-02-03,11:15:00,165.76,185,active
SH_8759,MV_3918,TH_167,SC_405,2024-02-11,16:45:00,382.3,85,active
SH_8760,MV_6732,TH_441,SC_627,2024-07-31,19:00:00,170.82,109,active
SH_8761,MV_6668,TH_351,SC_795,2023-07-22,16:15:00,446.36,54,active
SH_8762,MV_7509,TH_43,SC_594,2024-04-11,14:15:00,209.65,127,active
SH_8763,MV_8950,TH_2,SC_540,2025-05-30,20:45:00,281.55,99,active
SH_8764,MV_1922,TH_350,SC_214,2025-06-12,11:45:00,456.84,189,active
SH_8765,MV_6160,TH_444,SC_113,2024-10-29,14:30:00,389.95,106,active
SH_8766,MV_5733,TH_34,SC_30,2025-06-21,14:00:00,184.24,85,active
SH_8767,MV_4803,TH_73,SC_680,2024-08-30,11:45:00,375.22,64,active
SH_8768,MV_8418,TH_83,SC_341,2025-12-12,13:45:00,287.47,154,active
SH_8769,MV_7388,TH_217,SC_752,2023-06-28,17:00:00,316.06,180,active
SH_8770,MV_7562,TH_44,SC_451,2024-04-22,13:00:00,331.48,80,active
SH_8771,MV_2730,TH_486,SC_201,2024-11-08,15:30:00,484.31,52,active
SH_8773,MV_9765,TH_376,SC_932,2023-07-21,18:00:00,370.89,180,active
SH_8775,MV_1362,TH_443,SC_988,2023-03-26,17:00:00,480.04,88,active
SH_8776,MV_7609,TH_42,SC_938,2024-06-01,20:45:00,206.84,197,active
SH_8778,MV_3265,TH_496,SC_118,2025-08-10,17:00:00,277.12,107,active
SH_8779,MV_1822,TH_306,SC_853,2023-07-07,19:30:00,406.14,120,active
SH_8780,MV_9940,TH_177,SC_114,2025-06-20,10:00:00,423.85,122,active
SH_8781,MV_2298,TH_164,SC_670,2025-04-14,22:00:00,412.92,145,active
SH_8782,MV_5957,TH_457,SC_239,2023-07-13,19:00:00,223.71,156,active
SH_8783,MV_1636,TH_352,SC_521,2024-10-04,14:30:00,255.59,77,active
SH_8784,MV_4571,TH_468,SC_901,2023-01-12,13:15:00,314.26,72,active
SH_8785,MV_212,TH_98,SC_506,2025-07-05,12:30:00,494.3,54,active
SH_8786,MV_9812,TH_162,SC_161,2025-10-10,20:45:00,431.86,174,active
SH_8787,MV_1638,TH_47,SC_708,2024-02-06,20:15:00,468.2,55,active
SH_8788,MV_6815,TH_280,SC_456,2023-07-04,16:45:00,494.83,74,active
SH_8789,MV_9716,TH_440,SC_200,2025-05-24,15:45:00,156.06,118,active
SH_8790,MV_9826,TH_350,SC_757,2025-06-09,11:45:00,369.48,172,active
SH_8791,MV_81,TH_263,SC_518,2025-04-05,13:00:00,458.28,160,active
SH_8792,MV_1890,TH_250,SC_163,2023-10-22,21:30:00,354.83,149,active
SH_8793,MV_9935,TH_151,SC_925,2024-07-17,19:15:00,260.16,194,active
SH_8794,MV_8841,TH_150,SC_520,2023-01-05,18:30:00,322.33,108,active
SH_8795,MV_4363,TH_197,SC_182,2025-08-30,21:00:00,469.68,131,active
SH_8796,MV_3403,TH_438,SC_222,2025-03-19,19:30:00,401.4,166,active
SH_8797,MV_9128,TH_248,SC_469,2025-03-06,10:15:00,324.05,50,active
SH_8798,MV_3687,TH_96,SC_80,2023-10-12,22:45:00,437.76,104,active
SH_8799,MV_201,TH_369,SC_71,2025-09-24,22:30:00,234.91,183,active
SH_8800,MV_2954,TH_90,SC_61,2025-01-11,11:30:00,357.52,155,active
SH_8801,MV_8620,TH_286,SC_564,2024-08-19,22:30:00,207.3,102,active
SH_8802,MV_152,TH_6,SC_383,2025-12-21,11:15:00,395.46,123,active
SH_8803,MV_6781,TH_377,SC_217,2025-06-20,14:00:00,249.6,184,active
SH_8804,MV_2229,TH_179,SC_470,2023-08-11,17:15:00,228.91,141,active
SH_8805,MV_9300,TH_214,SC_620,2024-12-02,13:00:00,195.55,157,active
SH_8806,MV_980,TH_271,SC_915,2023-12-12,17:30:00,311.93,77,active
SH_8807,MV_8509,TH_220,SC_163,2025-11-02,13:45:00,293.46,129,active
SH_8808,MV_9471,TH_268,SC_608,2025-06-23,16:00:00,435.01,50,active
SH_8809,MV_7428,TH_42,SC_416,2024-11-01,10:30:00,178.54,91,active
SH_8812,MV_9650,TH_391,SC_978,2025-01-22,19:15:00,456.27,61,active
SH_8813,MV_4146,TH_149,SC_82,2024-02-22,15:15:00,424.4,195,active
SH_8815,MV_558,TH_216,SC_949,2025-08-31,11:45:00,192.65,172,active
SH_8816,MV_7099,TH_410,SC_456,2024-03-11,15:30:00,349.42,102,active
SH_8818,MV_5392,TH_495,SC_866,2023-05-06,12:15:00,415.98,129,active
SH_8819,MV_877,TH_60,SC_6,2024-03-05,10:30:00,323.51,126,active
SH_8820,MV_5181,TH_249,SC_383,2025-09-21,16:15:00,271.62,58,active
SH_8821,MV_6898,TH_70,SC_274,2024-11-24,21:45:00,426.51,180,active
SH_8822,MV_8525,TH_108,SC_220,2025-11-19,21:15:00,222.26,130,active
SH_8823,MV_2778,TH_175,SC_15,2025-02-12,11:30:00,365.83,93,active
SH_8825,MV_9653,TH_453,SC_618,2025-03-06,22:45:00,345.79,90,active
SH_8826,MV_6650,TH_17,SC_886,2024-07-02,16:00:00,226.81,77,active
SH_8827,MV_1671,TH_10,SC_665,2025-10-12,19:45:00,164.47,161,active
SH_8828,MV_8654,TH_32,SC_994,2023-01-10,18:30:00,402.63,56,active
SH_8829,MV_6452,TH_426,SC_194,2025-03-17,18:30:00,479.95,197,active
SH_8830,MV_8165,TH_167,SC_911,2024-05-09,14:15:00,325.83,183,active
SH_8831,MV_9281,TH_298,SC_48,2023-07-08,11:00:00,499.27,191,active
SH_8832,MV_4618,TH_16,SC_577,2025-06-13,15:15:00,268.61,145,active
SH_8833,MV_3551,TH_47,SC_476,2025-03-19,13:15:00,463.3,66,active
SH_8834,MV_436,TH_127,SC_819,2025-08-05,18:45:00,337.57,135,active
SH_8836,MV_5094,TH_68,SC_256,2023-03-06,11:30:00,499.25,79,active
SH_8837,MV_1321,TH_338,SC_281,2024-10-20,18:15:00,490.37,137,active
SH_8838,MV_476,TH_207,SC_854,2024-12-27,15:00:00,380.17,155,active
SH_8839,MV_7728,TH_312,SC_269,2024-01-06,21:45:00,217.06,50,active
SH_8840,MV_8087,TH_22,SC_636,2024-11-06,21:00:00,479.28,97,active
SH_8841,MV_9611,TH_489,SC_880,2024-02-28,21:00:00,296.73,160,active
SH_8842,MV_9806,TH_424,SC_807,2025-11-23,12:30:00,297.83,95,active
SH_8843,MV_871,TH_296,SC_205,2024-01-11,21:45:00,336.68,125,active
SH_8844,MV_9816,TH_384,SC_33,2024-03-17,14:00:00,251.47,97,active
SH_8845,MV_3642,TH_436,SC_376,2023-07-17,15:45:00,254.91,88,active
SH_8846,MV_4291,TH_192,SC_350,2025-06-27,22:30:00,478.6,101,active
SH_8848,MV_4130,TH_293,SC_513,2023-06-10,19:45:00,209.9,121,active
SH_8849,MV_1019,TH_60,SC_653,2023-11-04,13:00:00,495.93,169,active
SH_8850,MV_1351,TH_169,SC_55,2024-08-09,12:15:00,380.53,54,active
SH_8851,MV_4419,TH_56,SC_212,2024-02-29,19:15:00,485.77,143,active
SH_8852,MV_415,TH_382,SC_619,2024-02-21,21:15:00,491.54,68,active
SH_8854,MV_3668,TH_329,SC_761,2024-11-11,22:15:00,406.94,191,active
SH_8855,MV_5557,TH_275,SC_62,2025-03-27,22:15:00,495.09,125,active
SH_8856,MV_8260,TH_13,SC_811,2023-01-18,22:45:00,378.19,98,active
SH_8857,MV_3765,TH_99,SC_33,2024-04-15,21:45:00,198.81,133,active
SH_8858,MV_1674,TH_92,SC_577,2024-07-10,17:15:00,230.22,149,active
SH_8859,MV_3104,TH_437,SC_641,2025-11-18,14:45:00,232.44,191,active
SH_8860,MV_115,TH_276,SC_217,2025-01-15,14:30:00,190.07,144,active
SH_8861,MV_2009,TH_281,SC_262,2024-03-07,12:45:00,180.48,107,active
SH_8862,MV_4623,TH_259,SC_922,2025-02-23,19:15:00,467.96,119,active
SH_8863,MV_4195,TH_254,SC_928,2024-03-27,21:15:00,399.74,157,active
SH_8865,MV_2658,TH_435,SC_773,2025-02-11,16:30:00,173.54,105,active
SH_8866,MV_1937,TH_197,SC_857,2025-11-29,22:00:00,204.59,141,active
SH_8868,MV_6233,TH_309,SC_938,2025-04-13,10:30:00,278.04,81,active
SH_8869,MV_4973,TH_139,SC_664,2023-06-19,12:45:00,212.28,68,active
SH_8871,MV_4457,TH_130,SC_880,2024-03-12,12:15:00,415.74,181,active
SH_8872,MV_3098,TH_276,SC_132,2023-07-27,12:00:00,360.6,63,active
SH_8874,MV_1697,TH_338,SC_206,2023-11-01,16:15:00,468.91,118,active
SH_8875,MV_5436,TH_252,SC_324,2024-07-06,16:30:00,279.48,193,active
SH_8877,MV_4465,TH_333,SC_855,2024-10-30,13:15:00,338.74,104,active
SH_8878,MV_434,TH_223,SC_442,2023-01-28,12:45:00,387.28,66,active
SH_8879,MV_4510,TH_164,SC_435,2024-08-20,18:15:00,271.87,184,active
SH_8880,MV_9520,TH_425,SC_10,2023-05-16,13:30:00,296.12,108,active
SH_8881,MV_3366,TH_482,SC_916,2023-11-16,16:45:00,346.5,120,active
SH_8882,MV_4911,TH_159,SC_480,2023-02-23,21:00:00,210.36,152,active
SH_8883,MV_9822,TH_390,SC_519,2024-06-28,19:15:00,299.42,98,active
SH_8884,MV_6678,TH_424,SC_456,2025-02-23,18:45:00,298.02,140,active
SH_8885,MV_3181,TH_99,SC_17,2023-01-19,12:15:00,392.05,130,active
SH_8886,MV_5323,TH_42,SC_215,2023-08-03,12:30:00,376.45,115,active
SH_8887,MV_7955,TH_26,SC_255,2024-04-17,10:45:00,152.22,96,active
SH_8888,MV_6213,TH_436,SC_895,2025-12-21,14:00:00,192.3,118,active
SH_8889,MV_497,TH_341,SC_592,2025-11-08,18:00:00,464.03,167,active
SH_8890,MV_8798,TH_176,SC_100,2024-02-25,12:30:00,422.83,55,active
SH_8892,MV_4947,TH_293,SC_565,2025-10-23,18:30:00,156.51,51,active
SH_8893,MV_429,TH_133,SC_344,2025-01-07,21:30:00,184.87,76,active
SH_8894,MV_7773,TH_489,SC_337,2025-08-02,22:00:00,422.95,98,active
SH_8895,MV_8988,TH_490,SC_547,2024-07-02,13:00:00,474.93,81,active
SH_8896,MV_6190,TH_179,SC_159,2025-09-11,22:00:00,170.49,56,active
SH_8897,MV_8794,TH_121,SC_861,2025-07-05,14:30:00,168.38,145,active
SH_8898,MV_7681,TH_208,SC_997,2023-05-15,15:15:00,244.39,79,active
SH_8901,MV_411,TH_260,SC_844,2023-09-06,21:15:00,264.47,153,active
SH_8902,MV_7717,TH_298,SC_747,2024-07-31,16:30:00,192.59,64,active
SH_8903,MV_2242,TH_214,SC_263,2023-08-12,10:30:00,457.43,171,active
SH_8904,MV_1581,TH_445,SC_237,2024-02-19,21:45:00,362.31,197,active
SH_8905,MV_767,TH_371,SC_784,2023-04-24,14:30:00,359.52,137,active
SH_8906,MV_9925,TH_434,SC_985,2023-10-25,17:30:00,159.24,156,active
SH_8907,MV_2258,TH_289,SC_272,2023-12-10,12:15:00,428.16,62,active
SH_8908,MV_7127,TH_106,SC_91,2025-08-11,18:30:00,246.13,72,active
SH_8909,MV_3084,TH_310,SC_177,2025-05-19,20:30:00,460.47,113,active
SH_8910,MV_3325,TH_233,SC_604,2025-12-08,18:30:00,234.47,130,active
SH_8911,MV_9683,TH_282,SC_505,2024-07-12,10:15:00,379.31,188,active
SH_8912,MV_346,TH_255,SC_69,2024-12-30,17:30:00,429.91,159,active
SH_8913,MV_1083,TH_255,SC_832,2024-02-08,21:00:00,478.84,107,active
SH_8914,MV_8598,TH_48,SC_715,2023-07-21,16:15:00,188.0,57,active
SH_8915,MV_2016,TH_120,SC_294,2023-01-16,17:45:00,344.12,139,active
SH_8916,MV_9817,TH_43,SC_217,2025-03-23,16:30:00,410.9,163,active
SH_8918,MV_7807,TH_351,SC_422,2025-04-22,12:30:00,257.94,197,active
SH_8919,MV_6687,TH_432,SC_767,2025-01-26,15:30:00,485.66,193,active
SH_8920,MV_5430,TH_120,SC_331,2023-03-15,10:45:00,177.06,52,active
SH_8921,MV_9627,TH_75,SC_476,2024-10-19,12:45:00,324.29,59,active
SH_8922,MV_1236,TH_451,SC_908,2024-01-08,12:30:00,411.35,178,active
SH_8923,MV_865,TH_433,SC_980,2025-12-18,19:15:00,464.09,109,active
SH_8924,MV_1937,TH_91,SC_135,2025-10-19,14:00:00,433.84,96,active
SH_8925,MV_7077,TH_465,SC_549,2024-07-10,11:15:00,240.59,136,active
SH_8926,MV_7803,TH_96,SC_205,2025-03-25,17:45:00,177.4,127,active
SH_8927,MV_3256,TH_395,SC_991,2025-10-12,12:30:00,468.3,94,active
SH_8928,MV_9720,TH_11,SC_417,2024-04-21,11:30:00,175.15,56,active
SH_8929,MV_4206,TH_147,SC_416,2024-12-16,18:45:00,404.2,52,active
SH_8930,MV_7786,TH_69,SC_978,2023-02-26,21:30:00,366.57,178,active
SH_8931,MV_4549,TH_419,SC_118,2023-06-01,19:45:00,413.42,94,active
SH_8932,MV_2251,TH_39,SC_215,2023-12-15,17:00:00,327.89,183,active
SH_8933,MV_2855,TH_348,SC_758,2024-03-23,19:15:00,232.52,88,active
SH_8934,MV_4246,TH_281,SC_907,2023-10-19,15:15:00,156.34,71,active
SH_8935,MV_8818,TH_94,SC_282,2024-11-10,15:45:00,156.84,113,active
SH_8936,MV_962,TH_323,SC_26,2025-05-08,20:00:00,340.64,181,active
SH_8937,MV_6176,TH_142,SC_940,2023-05-06,12:00:00,435.68,128,active
SH_8938,MV_8570,TH_61,SC_143,2023-02-06,13:15:00,475.56,113,active
SH_8939,MV_8329,TH_76,SC_470,2024-11-12,21:15:00,470.52,60,active
SH_8940,MV_9475,TH_228,SC_135,2023-02-22,17:45:00,400.28,109,active
SH_8941,MV_8775,TH_17,SC_645,2024-02-24,18:45:00,456.92,170,active
SH_8942,MV_5366,TH_435,SC_83,2023-07-06,20:00:00,349.97,117,active
SH_8943,MV_4047,TH_119,SC_267,2023-04-06,13:45:00,322.37,77,active
SH_8944,MV_8035,TH_495,SC_373,2025-05-18,19:45:00,260.59,85,active
SH_8946,MV_6904,TH_326,SC_94,2024-08-03,17:00:00,203.14,157,active
SH_8947,MV_1512,TH_272,SC_165,2024-02-23,20:00:00,429.17,71,active
SH_8948,MV_7724,TH_29,SC_478,2024-10-23,14:00:00,489.59,70,active
SH_8949,MV_3469,TH_242,SC_139,2025-06-09,22:45:00,474.38,97,active
SH_8950,MV_553,TH_230,SC_101,2024-06-23,18:15:00,413.56,165,active
SH_8951,MV_7872,TH_31,SC_972,2025-12-23,13:00:00,252.49,123,active
SH_8952,MV_1993,TH_441,SC_343,2025-10-26,12:45:00,458.27,69,active
SH_8954,MV_2432,TH_176,SC_269,2023-11-23,18:30:00,181.32,80,active
SH_8955,MV_4500,TH_356,SC_699,2025-10-22,22:00:00,217.26,56,active
SH_8956,MV_2730,TH_350,SC_460,2024-05-21,17:00:00,329.75,59,active
SH_8957,MV_4187,TH_500,SC_290,2024-10-20,19:00:00,174.17,150,active
SH_8958,MV_3367,TH_358,SC_446,2025-03-17,21:30:00,182.91,100,active
SH_8960,MV_2082,TH_48,SC_27,2024-09-27,17:45:00,248.76,81,active
SH_8962,MV_8121,TH_282,SC_12,2023-06-20,13:00:00,338.89,84,active
SH_8963,MV_4031,TH_412,SC_105,2025-05-08,14:30:00,380.33,182,active
SH_8964,MV_3269,TH_461,SC_419,2024-10-14,22:15:00,204.19,94,active
SH_8966,MV_6066,TH_355,SC_862,2023-10-12,17:00:00,251.77,180,active
SH_8967,MV_1683,TH_361,SC_349,2023-12-18,15:15:00,376.38,185,active
SH_8968,MV_2959,TH_500,SC_949,2024-05-31,11:00:00,178.76,62,active
SH_8969,MV_8577,TH_126,SC_412,2024-08-25,17:00:00,440.95,137,active
SH_8970,MV_5758,TH_222,SC_137,2024-11-18,21:30:00,163.66,148,active
SH_8971,MV_1558,TH_154,SC_58,2025-08-12,13:15:00,370.99,196,active
SH_8972,MV_5441,TH_388,SC_175,2023-11-11,14:00:00,240.47,124,active
SH_8973,MV_3859,TH_43,SC_773,2025-06-24,18:45:00,464.28,191,active
SH_8974,MV_8229,TH_335,SC_480,2024-03-05,19:30:00,164.33,117,active
SH_8975,MV_4435,TH_356,SC_776,2025-01-31,13:45:00,189.43,194,active
SH_8976,MV_4673,TH_83,SC_994,2025-03-08,10:45:00,281.89,124,active
SH_8978,MV_9730,TH_116,SC_610,2023-05-28,16:30:00,441.5,164,active
SH_8979,MV_411,TH_344,SC_677,2025-05-16,22:00:00,186.18,150,active
SH_8980,MV_6015,TH_109,SC_146,2024-02-21,10:30:00,408.77,50,active
SH_8981,MV_7909,TH_300,SC_244,2023-01-15,18:45:00,411.86,174,active
SH_8982,MV_4219,TH_197,SC_446,2024-02-22,22:30:00,441.3,128,active
SH_8983,MV_7319,TH_133,SC_667,2024-04-21,16:00:00,440.11,79,active
SH_8984,MV_8505,TH_299,SC_750,2025-09-20,12:30:00,418.77,180,active
SH_8985,MV_5145,TH_188,SC_396,2024-01-17,15:15:00,250.45,109,active
SH_8986,MV_8234,TH_78,SC_395,2025-09-09,22:00:00,176.11,137,active
SH_8987,MV_9845,TH_185,SC_325,2025-01-29,22:15:00,297.41,98,active
SH_8988,MV_1177,TH_359,SC_251,2025-12-03,19:45:00,319.66,81,active
SH_8989,MV_2802,TH_314,SC_711,2024-02-18,13:45:00,299.15,71,active
SH_8990,MV_9705,TH_466,SC_551,2025-04-18,13:15:00,436.58,90,active
SH_8991,MV_3096,TH_202,SC_135,2025-06-01,21:30:00,184.87,85,active
SH_8992,MV_1185,TH_183,SC_861,2023-01-28,16:15:00,211.72,127,active
SH_8993,MV_5650,TH_318,SC_104,2024-06-20,10:15:00,362.29,164,active
SH_8995,MV_7963,TH_151,SC_675,2025-07-21,17:00:00,430.96,86,active
SH_8996,MV_53,TH_92,SC_453,2024-03-31,18:30:00,477.49,132,active
SH_8998,MV_3769,TH_57,SC_672,2023-07-13,13:45:00,401.6,188,active
SH_8999,MV_8649,TH_134,SC_589,2024-05-03,12:15:00,349.53,168,active
SH_9000,MV_3292,TH_307,SC_620,2023-04-09,21:45:00,362.42,126,active
SH_9002,MV_9663,TH_261,SC_129,2024-10-01,20:30:00,286.12,119,active
SH_9003,MV_8497,TH_486,SC_952,2023-04-17,22:45:00,238.41,133,active
SH_9004,MV_3841,TH_263,SC_207,2025-09-16,11:15:00,179.54,180,active
SH_9005,MV_6285,TH_14,SC_208,2024-09-08,20:45:00,188.01,147,active
SH_9007,MV_4985,TH_8,SC_560,2025-11-22,13:15:00,312.78,190,active
SH_9008,MV_9791,TH_434,SC_230,2025-03-26,15:15:00,161.26,184,active
SH_9009,MV_9111,TH_497,SC_159,2024-07-28,15:00:00,179.84,54,active
SH_9010,MV_25,TH_234,SC_447,2025-08-12,10:45:00,271.91,80,active
SH_9011,MV_6624,TH_171,SC_511,2023-05-11,20:15:00,185.55,138,active
SH_9012,MV_6703,TH_381,SC_688,2023-07-16,11:45:00,383.82,169,active
SH_9013,MV_7199,TH_1,SC_892,2025-07-11,13:00:00,181.16,84,active
SH_9014,MV_5100,TH_417,SC_968,2025-07-27,11:45:00,182.51,151,active
SH_9015,MV_4706,TH_160,SC_69,2025-12-27,16:00:00,320.21,179,active
SH_9016,MV_3277,TH_152,SC_987,2024-08-13,22:45:00,315.72,61,active
SH_9017,MV_4786,TH_402,SC_330,2024-06-04,12:30:00,396.06,76,active
SH_9018,MV_3429,TH_104,SC_200,2023-04-06,20:45:00,155.5,169,active
SH_9019,MV_6733,TH_75,SC_440,2025-09-08,19:00:00,313.07,161,active
SH_9020,MV_7750,TH_472,SC_102,2025-07-27,16:15:00,457.72,102,active
SH_9021,MV_8745,TH_343,SC_898,2025-07-17,15:45:00,177.89,145,active
SH_9022,MV_4122,TH_460,SC_40,2023-02-05,12:15:00,384.08,141,active
SH_9023,MV_2855,TH_159,SC_991,2024-04-02,11:30:00,232.13,152,active
SH_9024,MV_7321,TH_334,SC_394,2023-10-27,17:15:00,279.37,72,active
SH_9026,MV_1245,TH_498,SC_121,2025-05-08,11:45:00,260.53,198,active
SH_9029,MV_959,TH_41,SC_573,2024-05-03,19:30:00,270.06,180,active
SH_9030,MV_8218,TH_283,SC_480,2023-11-19,16:30:00,429.57,152,active
SH_9031,MV_1231,TH_12,SC_844,2024-06-01,22:00:00,477.27,184,active
SH_9032,MV_432,TH_37,SC_431,2023-11-05,22:00:00,364.06,186,active
SH_9033,MV_2049,TH_231,SC_282,2023-05-22,16:15:00,345.96,115,active
SH_9034,MV_2162,TH_312,SC_697,2025-02-24,14:15:00,228.99,193,active
SH_9035,MV_3282,TH_461,SC_615,2025-10-05,21:15:00,477.98,157,active
SH_9036,MV_5711,TH_12,SC_139,2024-11-12,14:30:00,482.22,148,active
SH_9037,MV_3696,TH_167,SC_284,2024-03-10,13:30:00,349.99,90,active
SH_9038,MV_1477,TH_470,SC_361,2025-09-18,22:45:00,155.97,194,active
SH_9039,MV_6437,TH_377,SC_318,2023-07-28,17:30:00,208.19,145,active
SH_9040,MV_2210,TH_371,SC_153,2025-06-10,13:45:00,400.97,89,active
SH_9042,MV_6199,TH_437,SC_775,2023-08-24,21:15:00,322.44,136,active
SH_9043,MV_4023,TH_403,SC_813,2023-05-12,20:45:00,473.65,102,active
SH_9044,MV_2867,TH_217,SC_940,2025-04-11,11:45:00,198.43,70,active
SH_9045,MV_3747,TH_201,SC_592,2025-02-02,22:30:00,277.44,95,active
SH_9046,MV_5371,TH_386,SC_50,2023-03-14,16:45:00,384.51,65,active
SH_9047,MV_1873,TH_482,SC_610,2024-12-10,19:45:00,177.68,198,active
SH_9048,MV_6172,TH_135,SC_815,2025-02-17,13:45:00,468.0,188,active
SH_9050,MV_3908,TH_262,SC_505,2025-06-21,14:30:00,364.29,86,active
SH_9051,MV_9600,TH_159,SC_128,2025-06-19,14:15:00,158.94,123,active
SH_9052,MV_4037,TH_367,SC_468,2023-01-21,14:45:00,257.68,151,active
SH_9054,MV_4197,TH_434,SC_603,2024-01-24,15:15:00,188.71,135,active
SH_9055,MV_2045,TH_344,SC_774,2023-06-29,14:15:00,163.62,175,active
SH_9057,MV_6311,TH_237,SC_436,2023-12-06,15:30:00,433.46,81,active
SH_9059,MV_4625,TH_375,SC_95,2025-04-19,22:15:00,410.46,174,active
SH_9061,MV_5090,TH_106,SC_50,2025-05-18,19:30:00,423.31,127,active
SH_9062,MV_6204,TH_409,SC_726,2023-06-11,12:30:00,437.7,177,active
SH_9063,MV_226,TH_367,SC_819,2023-04-16,15:45:00,271.95,196,active
SH_9064,MV_9621,TH_138,SC_718,2025-06-23,20:15:00,207.31,104,active
SH_9065,MV_1858,TH_429,SC_124,2023-02-27,20:15:00,150.4,177,active
SH_9066,MV_7614,TH_389,SC_81,2023-01-17,12:30:00,444.06,168,active
SH_9067,MV_1002,TH_69,SC_943,2023-08-28,17:15:00,446.87,181,active
SH_9068,MV_1314,TH_436,SC_640,2024-06-26,15:45:00,466.84,101,active
SH_9070,MV_6073,TH_273,SC_732,2023-08-25,16:15:00,205.49,59,active
SH_9072,MV_8454,TH_395,SC_740,2023-04-14,15:30:00,324.31,146,active
SH_9073,MV_1146,TH_25,SC_14,2024-01-29,19:15:00,271.82,86,active
SH_9074,MV_8973,TH_309,SC_736,2025-03-12,21:00:00,235.68,85,active
SH_9075,MV_710,TH_90,SC_303,2023-10-28,17:00:00,431.65,122,active
SH_9076,MV_3177,TH_153,SC_785,2025-02-22,18:00:00,314.92,58,active
SH_9077,MV_6690,TH_167,SC_880,2025-05-21,15:45:00,376.05,61,active
SH_9078,MV_1684,TH_86,SC_654,2024-02-24,17:15:00,383.9,58,active
SH_9079,MV_5148,TH_460,SC_899,2024-07-08,11:15:00,251.81,183,active
SH_9080,MV_1014,TH_280,SC_844,2025-07-09,18:30:00,191.44,194,active
SH_9081,MV_6824,TH_54,SC_501,2024-05-26,21:00:00,494.48,133,active
SH_9082,MV_63,TH_257,SC_766,2025-02-01,17:00:00,497.41,69,active
SH_9083,MV_4068,TH_26,SC_656,2025-11-23,19:30:00,472.26,170,active
SH_9084,MV_5927,TH_223,SC_340,2024-03-28,20:15:00,493.27,58,active
SH_9085,MV_3830,TH_206,SC_196,2023-01-26,13:30:00,327.16,128,active
SH_9086,MV_3705,TH_427,SC_331,2024-03-13,14:15:00,474.53,67,active
SH_9087,MV_3165,TH_339,SC_763,2023-02-02,14:30:00,256.0,76,active
SH_9088,MV_3044,TH_162,SC_681,2025-07-09,12:30:00,424.84,181,active
SH_9089,MV_1932,TH_340,SC_115,2025-05-08,18:30:00,435.84,149,active
SH_9090,MV_8421,TH_491,SC_298,2024-07-06,12:30:00,314.03,164,active
SH_9091,MV_5749,TH_54,SC_749,2025-05-10,15:30:00,206.94,189,active
SH_9092,MV_4204,TH_142,SC_570,2025-12-23,20:45:00,328.25,113,active
SH_9093,MV_3027,TH_432,SC_806,2025-06-10,19:15:00,179.49,84,active
SH_9094,MV_8903,TH_450,SC_639,2025-08-20,10:00:00,311.59,144,active
SH_9095,MV_6491,TH_418,SC_409,2025-11-03,17:00:00,340.65,127,active
SH_9096,MV_8465,TH_271,SC_393,2025-07-14,22:15:00,361.58,129,active
SH_9097,MV_5329,TH_394,SC_170,2023-07-15,14:15:00,273.39,113,active
SH_9098,MV_7472,TH_472,SC_397,2025-05-28,17:30:00,423.36,176,active
SH_9099,MV_8992,TH_471,SC_622,2023-04-09,16:45:00,443.56,166,active
SH_9100,MV_7861,TH_249,SC_683,2023-08-21,10:15:00,353.44,166,active
SH_9101,MV_8956,TH_453,SC_93,2025-08-01,19:15:00,293.07,83,active
SH_9103,MV_6107,TH_39,SC_922,2024-07-11,17:00:00,340.82,99,active
SH_9104,MV_8300,TH_33,SC_257,2025-07-03,15:15:00,270.83,140,active
SH_9105,MV_5249,TH_379,SC_315,2023-06-26,18:45:00,422.64,137,active
SH_9106,MV_1972,TH_40,SC_869,2024-07-22,18:15:00,177.69,168,active
SH_9107,MV_7209,TH_313,SC_644,2023-11-24,21:00:00,327.3,78,active
SH_9108,MV_1539,TH_4,SC_778,2025-03-25,17:00:00,209.32,117,active
SH_9109,MV_5138,TH_301,SC_847,2025-10-02,13:45:00,398.77,128,active
SH_9110,MV_5187,TH_351,SC_598,2024-09-25,21:45:00,341.86,147,active
SH_9111,MV_78,TH_473,SC_350,2025-11-24,14:00:00,307.61,131,active
SH_9112,MV_9642,TH_177,SC_883,2023-03-31,16:00:00,238.69,125,active
SH_9113,MV_5360,TH_65,SC_758,2023-03-11,17:45:00,422.87,119,active
SH_9114,MV_1171,TH_361,SC_795,2023-07-07,17:00:00,397.95,119,active
SH_9115,MV_6072,TH_445,SC_475,2024-05-21,13:15:00,420.96,160,active
SH_9116,MV_1409,TH_100,SC_857,2025-07-18,14:45:00,194.5,116,active
SH_9117,MV_3865,TH_132,SC_367,2024-05-03,13:45:00,380.72,111,active
SH_9118,MV_3641,TH_101,SC_676,2025-02-07,20:15:00,154.6,72,active
SH_9119,MV_54,TH_338,SC_912,2024-09-25,12:00:00,176.01,93,active
SH_9120,MV_6704,TH_264,SC_407,2025-12-06,19:30:00,332.76,51,active
SH_9121,MV_4607,TH_247,SC_311,2023-09-07,12:15:00,399.87,95,active
SH_9122,MV_2661,TH_420,SC_135,2025-09-21,12:30:00,223.16,108,active
SH_9123,MV_3541,TH_57,SC_969,2023-09-10,20:45:00,463.55,117,active
SH_9124,MV_323,TH_249,SC_283,2023-10-09,15:45:00,435.03,111,active
SH_9125,MV_8042,TH_411,SC_550,2024-11-17,20:45:00,431.88,67,active
SH_9127,MV_460,TH_452,SC_768,2025-09-28,13:30:00,317.48,80,active
SH_9128,MV_5275,TH_481,SC_27,2024-08-19,22:45:00,475.02,90,active
SH_9129,MV_1309,TH_460,SC_723,2024-05-19,14:45:00,430.8,136,active
SH_9130,MV_6352,TH_47,SC_175,2025-06-03,19:15:00,205.77,179,active
SH_9131,MV_2273,TH_17,SC_991,2024-06-19,13:30:00,437.04,154,active
SH_9132,MV_4260,TH_389,SC_510,2024-02-22,20:45:00,422.22,181,active
SH_9133,MV_6221,TH_302,SC_806,2024-05-14,22:15:00,176.03,88,active
SH_9134,MV_7870,TH_238,SC_767,2025-06-09,13:00:00,302.41,70,active
SH_9135,MV_6855,TH_10,SC_51,2024-08-26,17:45:00,351.69,193,active
SH_9137,MV_5299,TH_346,SC_563,2025-03-27,10:00:00,237.86,76,active
SH_9138,MV_3354,TH_45,SC_601,2025-11-04,19:15:00,466.84,85,active
SH_9139,MV_5001,TH_293,SC_43,2025-08-03,22:45:00,316.09,137,active
SH_9140,MV_4015,TH_293,SC_105,2023-02-20,19:30:00,475.05,119,active
SH_9141,MV_3458,TH_95,SC_943,2023-10-24,10:15:00,270.05,66,active
SH_9142,MV_9685,TH_3,SC_572,2025-03-14,22:45:00,150.61,52,active
SH_9143,MV_8900,TH_7,SC_195,2023-01-22,12:45:00,348.14,83,active
SH_9144,MV_1166,TH_70,SC_453,2024-12-04,15:00:00,487.03,134,active
SH_9145,MV_3646,TH_413,SC_931,2023-08-29,21:15:00,415.56,151,active
SH_9146,MV_1170,TH_151,SC_974,2025-02-07,16:15:00,293.01,50,active
SH_9147,MV_4263,TH_126,SC_956,2023-11-27,20:00:00,222.41,86,active
SH_9148,MV_6091,TH_325,SC_543,2023-07-29,10:45:00,170.8,76,active
SH_9149,MV_3510,TH_497,SC_892,2024-01-21,15:30:00,204.65,82,active
SH_9150,MV_4433,TH_162,SC_339,2025-10-27,11:15:00,216.74,96,active
SH_9152,MV_1809,TH_416,SC_861,2024-01-13,22:15:00,457.69,163,active
SH_9153,MV_5850,TH_140,SC_887,2023-02-08,17:15:00,496.53,55,active
SH_9154,MV_2129,TH_397,SC_41,2025-07-22,19:00:00,210.14,193,active
SH_9155,MV_4575,TH_396,SC_880,2025-08-22,17:15:00,476.29,195,active
SH_9156,MV_5743,TH_69,SC_72,2024-09-22,21:30:00,359.3,140,active
SH_9157,MV_1396,TH_107,SC_69,2025-07-10,13:45:00,166.12,141,active
SH_9159,MV_9362,TH_230,SC_829,2023-01-22,13:15:00,489.27,117,active
SH_9160,MV_2423,TH_415,SC_152,2023-08-17,15:30:00,467.88,50,active
SH_9161,MV_6398,TH_263,SC_159,2024-03-27,21:30:00,337.96,55,active
SH_9162,MV_7640,TH_412,SC_347,2024-05-27,21:00:00,294.25,90,active
SH_9163,MV_8843,TH_150,SC_292,2023-01-31,18:15:00,276.28,114,active
SH_9165,MV_1287,TH_219,SC_330,2023-09-11,20:00:00,490.13,94,active
SH_9166,MV_5568,TH_464,SC_521,2023-01-15,12:15:00,456.47,92,active
SH_9167,MV_5865,TH_240,SC_656,2024-01-11,22:00:00,422.11,51,active
SH_9168,MV_4626,TH_144,SC_223,2024-06-24,16:15:00,455.2,141,active
SH_9169,MV_6773,TH_169,SC_212,2023-02-24,14:15:00,254.45,194,active
SH_9170,MV_576,TH_439,SC_633,2024-10-25,18:30:00,417.76,166,active
SH_9172,MV_2207,TH_314,SC_886,2025-05-08,17:45:00,437.07,118,active
SH_9173,MV_3837,TH_298,SC_24,2024-07-01,21:30:00,264.62,51,active
SH_9174,MV_4685,TH_396,SC_879,2023-08-18,20:15:00,352.54,193,active
SH_9175,MV_3076,TH_378,SC_241,2023-11-14,16:30:00,341.91,160,active
SH_9176,MV_7325,TH_67,SC_263,2024-12-23,19:30:00,300.91,196,active
SH_9177,MV_5587,TH_389,SC_926,2023-07-04,10:45:00,155.32,58,active
SH_9178,MV_6697,TH_384,SC_321,2024-07-27,22:15:00,298.3,126,active
SH_9179,MV_1387,TH_146,SC_484,2023-11-26,12:15:00,336.25,51,active
SH_9180,MV_3650,TH_33,SC_231,2025-01-09,21:30:00,176.11,86,active
SH_9181,MV_5288,TH_105,SC_45,2024-01-08,15:30:00,435.74,161,active
SH_9182,MV_6105,TH_476,SC_601,2025-11-08,17:30:00,394.11,138,active
SH_9183,MV_4110,TH_422,SC_372,2023-08-05,15:15:00,232.63,119,active
SH_9184,MV_9037,TH_195,SC_332,2023-11-30,20:00:00,206.22,198,active
SH_9185,MV_1565,TH_124,SC_105,2024-08-02,11:15:00,367.87,129,active
SH_9187,MV_4219,TH_60,SC_386,2024-04-02,16:15:00,399.8,136,active
SH_9188,MV_7199,TH_196,SC_676,2024-01-22,19:00:00,270.33,89,active
SH_9189,MV_2607,TH_463,SC_726,2025-08-03,20:15:00,316.33,146,active
SH_9190,MV_1116,TH_279,SC_248,2025-03-06,17:00:00,174.4,71,active
SH_9191,MV_8820,TH_83,SC_999,2023-04-10,11:30:00,305.71,140,active
SH_9192,MV_2867,TH_121,SC_970,2025-06-04,13:15:00,473.99,167,active
SH_9193,MV_5744,TH_164,SC_457,2024-11-06,20:00:00,191.86,108,active
SH_9194,MV_2698,TH_135,SC_607,2023-06-07,14:00:00,312.67,147,active
SH_9195,MV_1329,TH_305,SC_738,2023-11-12,15:00:00,457.14,85,active
SH_9196,MV_2721,TH_243,SC_527,2024-06-04,22:30:00,196.76,68,active
SH_9197,MV_7571,TH_105,SC_309,2025-10-23,22:30:00,240.88,99,active
SH_9198,MV_6341,TH_46,SC_137,2025-02-12,11:15:00,424.29,150,active
SH_9199,MV_3865,TH_224,SC_701,2024-11-04,18:00:00,165.6,123,active
SH_9200,MV_4233,TH_32,SC_658,2024-08-11,19:45:00,158.58,96,active
SH_9201,MV_2368,TH_184,SC_747,2023-09-16,15:45:00,394.52,170,active
SH_9202,MV_7610,TH_247,SC_986,2025-04-27,20:15:00,318.03,64,active
SH_9203,MV_2094,TH_200,SC_599,2024-08-30,16:00:00,260.59,58,active
SH_9204,MV_2390,TH_472,SC_548,2025-05-20,16:00:00,325.24,165,active
SH_9206,MV_5272,TH_280,SC_50,2024-08-10,13:45:00,191.03,190,active
SH_9207,MV_7000,TH_55,SC_639,2024-06-07,10:00:00,293.52,60,active
SH_9208,MV_533,TH_364,SC_986,2025-10-06,19:45:00,245.36,75,active
SH_9209,MV_1238,TH_119,SC_786,2023-07-30,13:30:00,181.82,180,active
SH_9211,MV_8202,TH_243,SC_895,2024-11-01,19:15:00,256.5,150,active
SH_9212,MV_669,TH_123,SC_804,2024-04-26,17:30:00,261.05,190,active
SH_9213,MV_1240,TH_295,SC_460,2024-07-22,12:15:00,178.94,170,active
SH_9214,MV_9325,TH_220,SC_753,2025-05-03,17:00:00,433.35,111,active
SH_9216,MV_2557,TH_54,SC_8,2023-12-03,20:45:00,192.66,184,active
SH_9217,MV_7165,TH_443,SC_999,2023-08-13,21:15:00,337.23,171,active
SH_9218,MV_5875,TH_421,SC_200,2023-09-02,21:15:00,326.55,92,active
SH_9219,MV_1088,TH_245,SC_211,2024-05-13,20:15:00,207.33,111,active
SH_9220,MV_454,TH_102,SC_990,2025-08-25,11:15:00,151.71,50,active
SH_9221,MV_3503,TH_176,SC_311,2024-07-19,11:30:00,355.78,98,active
SH_9222,MV_6098,TH_71,SC_625,2024-08-15,22:30:00,429.1,104,active
SH_9223,MV_4049,TH_116,SC_761,2023-09-24,22:00:00,272.52,137,active
SH_9224,MV_5637,TH_163,SC_265,2025-01-05,20:45:00,183.49,181,active
SH_9226,MV_2262,TH_315,SC_461,2025-08-07,17:30:00,267.32,61,active
SH_9227,MV_1817,TH_119,SC_919,2025-09-17,18:45:00,176.06,72,active
SH_9228,MV_974,TH_8,SC_742,2025-09-29,19:45:00,199.51,139,active
SH_9229,MV_633,TH_125,SC_47,2024-01-06,18:45:00,278.86,108,active
SH_9230,MV_7985,TH_334,SC_544,2025-08-04,16:15:00,150.31,103,active
SH_9232,MV_8758,TH_105,SC_114,2025-05-05,19:00:00,320.61,103,active
SH_9233,MV_4291,TH_100,SC_802,2024-08-30,19:00:00,250.1,129,active
SH_9235,MV_6198,TH_351,SC_341,2025-12-14,22:00:00,368.2,117,active
SH_9236,MV_4236,TH_146,SC_284,2025-08-24,12:30:00,471.71,193,active
SH_9237,MV_9175,TH_65,SC_934,2025-08-24,12:45:00,204.99,109,active
SH_9238,MV_365,TH_439,SC_430,2024-02-17,16:30:00,361.24,182,active
SH_9239,MV_2185,TH_208,SC_724,2023-09-26,11:15:00,189.72,130,active
SH_9240,MV_9461,TH_52,SC_525,2025-04-26,13:00:00,231.24,66,active
SH_9241,MV_7922,TH_132,SC_344,2025-03-28,21:15:00,334.96,199,active
SH_9242,MV_6913,TH_359,SC_732,2024-11-26,19:15:00,481.34,131,active
SH_9243,MV_5777,TH_310,SC_602,2025-04-02,11:15:00,237.5,92,active
SH_9244,MV_1661,TH_475,SC_397,2025-02-04,22:30:00,412.66,115,active
SH_9246,MV_5784,TH_121,SC_87,2025-01-14,17:30:00,271.91,160,active
SH_9247,MV_7522,TH_403,SC_142,2024-01-13,22:15:00,152.27,199,active
SH_9248,MV_564,TH_429,SC_939,2025-02-15,20:15:00,389.01,110,active
SH_9249,MV_8332,TH_398,SC_4,2024-08-28,21:30:00,418.88,193,active
SH_9250,MV_475,TH_310,SC_544,2023-06-24,22:15:00,380.59,155,active
SH_9251,MV_2304,TH_143,SC_588,2023-08-21,18:30:00,280.3,75,active
SH_9252,MV_3419,TH_301,SC_846,2025-01-28,13:15:00,407.45,198,active
SH_9253,MV_7851,TH_101,SC_11,2025-07-29,17:00:00,208.31,94,active
SH_9254,MV_7747,TH_85,SC_750,2024-04-19,14:30:00,458.46,194,active
SH_9256,MV_2241,TH_244,SC_998,2023-04-09,10:45:00,273.71,129,active
SH_9257,MV_2362,TH_440,SC_76,2025-11-18,18:30:00,371.55,60,active
SH_9258,MV_6369,TH_92,SC_504,2024-10-03,11:15:00,150.47,175,active
SH_9259,MV_1004,TH_347,SC_963,2024-11-29,17:30:00,321.58,68,active
SH_9260,MV_4698,TH_319,SC_950,2024-05-28,14:30:00,283.43,194,active
SH_9261,MV_275,TH_373,SC_886,2024-12-30,16:15:00,247.23,164,active
SH_9262,MV_288,TH_407,SC_327,2023-08-01,10:15:00,354.32,160,active
SH_9263,MV_7376,TH_221,SC_925,2023-04-23,21:00:00,174.66,77,active
SH_9265,MV_5223,TH_265,SC_904,2025-05-02,19:30:00,308.84,144,active
SH_9266,MV_5214,TH_67,SC_251,2025-07-18,18:30:00,402.58,148,active
SH_9267,MV_5111,TH_164,SC_56,2025-10-24,19:30:00,267.24,119,active
SH_9268,MV_9154,TH_458,SC_782,2023-11-15,15:00:00,263.37,108,active
SH_9269,MV_2543,TH_432,SC_65,2025-07-25,14:45:00,281.74,185,active
SH_9270,MV_6753,TH_362,SC_563,2023-04-24,17:15:00,260.25,151,active
SH_9271,MV_4947,TH_382,SC_874,2024-07-19,17:15:00,471.75,100,active
SH_9272,MV_7072,TH_411,SC_543,2025-10-10,19:15:00,318.17,52,active
SH_9273,MV_6788,TH_455,SC_896,2024-09-23,13:30:00,274.75,102,active
SH_9274,MV_6962,TH_394,SC_589,2024-06-27,10:15:00,478.67,142,active
SH_9275,MV_224,TH_358,SC_614,2023-05-02,14:00:00,313.4,145,active
SH_9276,MV_9612,TH_321,SC_911,2023-06-24,18:00:00,183.52,189,active
SH_9277,MV_5932,TH_432,SC_475,2024-01-22,18:30:00,153.76,87,active
SH_9279,MV_5296,TH_223,SC_552,2025-05-18,22:30:00,310.17,148,active
SH_9280,MV_8754,TH_336,SC_531,2024-06-16,15:45:00,429.79,155,active
SH_9281,MV_8620,TH_478,SC_223,2023-08-24,21:00:00,252.46,181,active
SH_9284,MV_6849,TH_261,SC_286,2024-06-18,18:00:00,227.72,103,active
SH_9285,MV_5358,TH_115,SC_727,2025-04-13,16:30:00,357.34,90,active
SH_9286,MV_1459,TH_333,SC_748,2025-02-20,14:00:00,267.85,117,active
SH_9287,MV_1003,TH_476,SC_741,2025-09-11,13:30:00,417.45,132,active
SH_9288,MV_5203,TH_135,SC_167,2023-12-22,20:45:00,248.88,190,active
SH_9289,MV_3556,TH_126,SC_156,2023-12-25,10:15:00,167.71,77,active
SH_9290,MV_8515,TH_340,SC_610,2024-04-29,12:45:00,210.3,152,active
SH_9291,MV_4446,TH_385,SC_648,2024-05-21,22:45:00,250.95,165,active
SH_9292,MV_3076,TH_183,SC_570,2025-12-20,21:00:00,176.39,105,active
SH_9294,MV_614,TH_350,SC_95,2025-03-19,12:45:00,261.52,186,active
SH_9295,MV_5624,TH_392,SC_949,2023-05-12,12:30:00,383.42,175,active
SH_9296,MV_6630,TH_167,SC_775,2025-12-11,13:15:00,167.14,140,active
SH_9297,MV_5271,TH_439,SC_423,2024-03-16,15:45:00,494.11,98,active
SH_9298,MV_2674,TH_320,SC_239,2024-05-10,17:45:00,162.61,180,active
SH_9299,MV_2983,TH_346,SC_741,2023-09-23,17:00:00,458.63,166,active
SH_9300,MV_8073,TH_80,SC_995,2025-02-01,18:15:00,450.83,79,active
SH_9302,MV_2045,TH_350,SC_683,2023-06-24,11:30:00,386.91,115,active
SH_9303,MV_3188,TH_128,SC_218,2025-02-01,13:00:00,291.3,125,active
SH_9304,MV_5055,TH_316,SC_790,2024-04-13,11:00:00,150.13,77,active
SH_9305,MV_1528,TH_408,SC_819,2023-03-31,22:00:00,233.74,198,active
SH_9306,MV_1969,TH_179,SC_127,2023-02-07,22:45:00,265.02,76,active
SH_9307,MV_9109,TH_366,SC_103,2023-01-17,21:00:00,171.07,163,active
SH_9308,MV_2948,TH_317,SC_276,2024-03-04,19:30:00,404.87,97,active
SH_9309,MV_6709,TH_203,SC_758,2024-08-22,16:15:00,419.75,75,active
SH_9310,MV_4918,TH_161,SC_891,2025-03-04,22:00:00,480.96,141,active
SH_9311,MV_3894,TH_238,SC_158,2025-01-20,11:45:00,353.58,163,active
SH_9312,MV_6453,TH_238,SC_246,2023-11-02,13:45:00,228.72,130,active
SH_9314,MV_3558,TH_414,SC_885,2024-09-26,17:30:00,499.89,112,active
SH_9315,MV_3166,TH_375,SC_916,2025-09-27,15:30:00,398.51,70,active
SH_9316,MV_3641,TH_105,SC_74,2023-09-05,13:00:00,172.33,54,active
SH_9317,MV_1350,TH_92,SC_653,2025-05-22,16:30:00,321.69,67,active
SH_9318,MV_5764,TH_127,SC_876,2024-02-20,17:30:00,377.46,136,active
SH_9319,MV_5268,TH_348,SC_234,2025-01-18,18:45:00,158.82,109,active
SH_9320,MV_995,TH_175,SC_199,2023-05-22,21:45:00,461.24,199,active
SH_9321,MV_1619,TH_27,SC_18,2025-12-11,16:15:00,154.24,173,active
SH_9322,MV_5669,TH_299,SC_52,2023-05-12,11:00:00,317.76,84,active
SH_9324,MV_5334,TH_455,SC_197,2023-01-09,13:00:00,283.2,139,active
SH_9326,MV_687,TH_76,SC_32,2024-05-14,10:00:00,405.22,110,active
SH_9327,MV_2333,TH_252,SC_218,2023-05-21,14:00:00,338.4,84,active
SH_9328,MV_5085,TH_416,SC_523,2023-07-18,13:45:00,169.49,102,active
SH_9329,MV_6845,TH_363,SC_736,2023-05-07,20:00:00,426.82,155,active
SH_9330,MV_9063,TH_87,SC_915,2023-06-26,22:00:00,429.97,104,active
SH_9331,MV_297,TH_412,SC_846,2025-03-21,16:00:00,276.03,164,active
SH_9332,MV_759,TH_4,SC_597,2025-02-09,10:15:00,186.48,63,active
SH_9333,MV_9637,TH_128,SC_56,2025-05-17,10:30:00,289.64,160,active
SH_9334,MV_8895,TH_350,SC_289,2023-06-23,15:30:00,410.24,118,active
SH_9335,MV_4440,TH_55,SC_325,2024-07-16,19:00:00,378.33,169,active
SH_9336,MV_7734,TH_155,SC_447,2023-01-17,11:00:00,371.94,99,active
SH_9337,MV_8665,TH_315,SC_835,2023-02-09,15:45:00,189.27,72,active
SH_9338,MV_8860,TH_353,SC_474,2024-04-20,11:15:00,237.63,185,active
SH_9339,MV_8603,TH_167,SC_342,2023-06-26,12:45:00,196.68,173,active
SH_9340,MV_3573,TH_198,SC_906,2023-02-07,20:45:00,356.41,55,active
SH_9341,MV_3157,TH_423,SC_346,2023-03-12,12:45:00,463.22,189,active
SH_9343,MV_516,TH_394,SC_701,2024-02-01,17:45:00,223.56,99,active
SH_9344,MV_3101,TH_358,SC_629,2023-10-24,15:00:00,224.96,126,active
SH_9345,MV_961,TH_121,SC_742,2023-12-26,18:00:00,438.22,124,active
SH_9346,MV_4780,TH_105,SC_517,2024-08-08,19:00:00,497.13,161,active
SH_9347,MV_8358,TH_6,SC_882,2023-07-22,12:00:00,219.71,77,active
SH_9348,MV_9806,TH_48,SC_295,2025-11-22,16:15:00,350.57,188,active
SH_9350,MV_5650,TH_27,SC_46,2023-03-07,10:30:00,358.05,79,active
SH_9352,MV_2738,TH_167,SC_585,2023-09-12,11:45:00,486.19,128,active
SH_9354,MV_8119,TH_442,SC_709,2023-02-14,11:00:00,179.09,131,active
SH_9356,MV_8954,TH_96,SC_654,2024-11-10,15:30:00,356.2,65,active
SH_9357,MV_1903,TH_387,SC_130,2024-12-02,19:15:00,291.14,179,active
SH_9358,MV_2703,TH_127,SC_144,2025-07-15,20:15:00,411.04,113,active
SH_9359,MV_5775,TH_95,SC_454,2023-05-01,11:15:00,414.56,135,active
SH_9360,MV_4001,TH_140,SC_385,2023-11-18,10:30:00,438.39,149,active
SH_9361,MV_5009,TH_485,SC_354,2025-08-28,21:00:00,321.01,191,active
SH_9362,MV_1881,TH_436,SC_785,2023-04-05,11:15:00,437.68,117,active
SH_9363,MV_6752,TH_488,SC_520,2024-08-08,22:15:00,152.57,107,active
SH_9364,MV_1159,TH_156,SC_83,2024-03-22,12:30:00,234.57,165,active
SH_9365,MV_2639,TH_202,SC_957,2025-08-27,10:45:00,407.98,166,active
SH_9366,MV_3248,TH_471,SC_621,2023-06-11,10:30:00,392.5,83,active
SH_9369,MV_2708,TH_432,SC_488,2025-04-14,14:45:00,368.76,107,active
SH_9370,MV_3157,TH_245,SC_679,2024-01-16,19:45:00,280.59,152,active
SH_9371,MV_9279,TH_271,SC_258,2024-11-24,14:45:00,281.9,83,active
SH_9372,MV_4573,TH_19,SC_584,2025-05-12,14:30:00,451.41,153,active
SH_9374,MV_5623,TH_437,SC_456,2023-03-02,11:00:00,497.7,143,active
SH_9375,MV_1368,TH_48,SC_291,2025-10-05,15:00:00,192.69,154,active
SH_9376,MV_5554,TH_133,SC_864,2023-11-11,11:00:00,365.64,180,active
SH_9377,MV_5922,TH_346,SC_258,2025-10-23,12:30:00,411.48,199,active
SH_9378,MV_1772,TH_415,SC_71,2024-07-03,17:45:00,430.19,66,active
SH_9380,MV_2336,TH_414,SC_406,2023-02-15,10:45:00,408.77,151,active
SH_9381,MV_8203,TH_358,SC_672,2023-05-20,19:30:00,254.69,172,active
SH_9382,MV_3009,TH_326,SC_768,2023-07-13,19:15:00,312.4,52,active
SH_9383,MV_1746,TH_301,SC_335,2023-08-09,10:15:00,404.12,156,active
SH_9384,MV_3660,TH_133,SC_232,2025-07-10,10:15:00,405.74,188,active
SH_9385,MV_9728,TH_473,SC_112,2024-12-18,11:45:00,318.75,117,active
SH_9386,MV_7397,TH_310,SC_329,2025-11-05,11:00:00,395.81,177,active
SH_9387,MV_5892,TH_480,SC_403,2024-07-16,21:30:00,203.17,125,active
SH_9388,MV_4230,TH_193,SC_635,2023-07-04,17:00:00,347.54,182,active
SH_9389,MV_8441,TH_314,SC_741,2025-06-28,10:45:00,324.17,53,active
SH_9390,MV_2301,TH_339,SC_322,2023-01-27,17:15:00,294.24,173,active
SH_9391,MV_8628,TH_270,SC_233,2023-05-25,19:15:00,214.13,130,active
SH_9392,MV_4277,TH_118,SC_580,2023-04-13,19:00:00,233.39,96,active
SH_9393,MV_8543,TH_365,SC_318,2024-11-10,22:00:00,307.92,134,active
SH_9395,MV_6379,TH_298,SC_511,2024-01-23,16:00:00,488.27,179,active
SH_9397,MV_245,TH_34,SC_167,2023-09-07,13:45:00,330.38,60,active
SH_9398,MV_2636,TH_190,SC_349,2025-02-03,19:00:00,311.96,98,active
SH_9399,MV_9474,TH_152,SC_623,2025-07-13,18:00:00,236.97,173,active
SH_9400,MV_256,TH_161,SC_564,2025-09-10,21:30:00,339.61,145,active
SH_9401,MV_5111,TH_47,SC_731,2025-08-07,18:15:00,497.43,175,active
SH_9402,MV_6862,TH_467,SC_832,2023-10-20,18:00:00,368.26,87,active
SH_9403,MV_3832,TH_355,SC_732,2023-01-19,10:00:00,247.87,140,active
SH_9404,MV_1603,TH_6,SC_549,2024-01-03,22:30:00,434.59,88,active
SH_9405,MV_7159,TH_303,SC_227,2023-03-15,16:00:00,323.49,113,active
SH_9406,MV_6687,TH_495,SC_654,2025-01-18,12:30:00,438.31,167,active
SH_9408,MV_3377,TH_487,SC_867,2023-04-07,15:00:00,296.26,189,active
SH_9409,MV_4504,TH_27,SC_33,2024-09-01,12:30:00,293.73,148,active
SH_9410,MV_3794,TH_338,SC_9,2023-04-26,15:30:00,352.29,70,active
SH_9411,MV_8510,TH_335,SC_643,2025-09-10,10:30:00,172.53,142,active
SH_9412,MV_9612,TH_160,SC_94,2025-06-25,21:15:00,462.27,80,active
SH_9413,MV_2035,TH_270,SC_632,2023-01-03,20:00:00,263.56,197,active
SH_9414,MV_7493,TH_193,SC_515,2025-11-28,16:15:00,245.27,74,active
SH_9415,MV_8988,TH_220,SC_426,2024-07-03,19:15:00,313.32,96,active
SH_9417,MV_3024,TH_426,SC_563,2025-06-04,10:30:00,208.79,190,active
SH_9418,MV_8968,TH_159,SC_772,2025-10-29,18:45:00,278.25,190,active
SH_9419,MV_8133,TH_71,SC_179,2025-06-18,15:45:00,263.22,78,active
SH_9420,MV_5986,TH_417,SC_763,2023-04-23,10:15:00,474.25,158,active
SH_9421,MV_2904,TH_458,SC_354,2023-11-13,17:00:00,156.27,99,active
SH_9422,MV_2317,TH_234,SC_431,2023-02-25,22:15:00,300.64,195,active
SH_9423,MV_1056,TH_391,SC_371,2024-01-12,11:15:00,423.99,128,active
SH_9424,MV_836,TH_131,SC_234,2024-08-24,18:45:00,237.89,146,active
SH_9425,MV_9721,TH_243,SC_557,2025-04-03,18:45:00,363.54,152,active
SH_9427,MV_4307,TH_116,SC_401,2025-07-08,10:30:00,387.1,66,active
SH_9428,MV_6340,TH_82,SC_907,2023-07-01,11:00:00,471.22,147,active
SH_9429,MV_9577,TH_36,SC_369,2023-01-11,10:45:00,328.61,77,active
SH_9430,MV_9339,TH_142,SC_426,2023-12-28,10:15:00,166.81,80,active
SH_9431,MV_5983,TH_62,SC_697,2024-09-18,18:00:00,414.73,172,active
SH_9432,MV_8911,TH_337,SC_990,2025-04-02,13:15:00,384.47,167,active
SH_9433,MV_3289,TH_353,SC_17,2025-02-23,14:00:00,313.7,75,active
SH_9434,MV_317,TH_79,SC_979,2025-09-28,15:15:00,287.7,125,active
SH_9435,MV_7333,TH_477,SC_726,2024-09-21,13:15:00,240.42,185,active
SH_9436,MV_5666,TH_403,SC_813,2024-04-03,10:00:00,374.12,67,active
SH_9437,MV_5238,TH_97,SC_379,2025-08-06,13:45:00,271.8,191,active
SH_9438,MV_5207,TH_495,SC_324,2025-06-03,21:30:00,374.86,161,active
SH_9439,MV_5185,TH_143,SC_172,2024-04-05,12:30:00,359.37,100,active
SH_9440,MV_4403,TH_218,SC_352,2025-02-28,20:30:00,175.68,97,active
SH_9441,MV_2144,TH_66,SC_16,2024-06-02,18:30:00,488.23,123,active
SH_9442,MV_9360,TH_480,SC_763,2025-02-02,20:15:00,332.47,162,active
SH_9443,MV_4480,TH_424,SC_719,2025-04-09,22:00:00,473.78,169,active
SH_9444,MV_141,TH_353,SC_592,2025-08-02,20:45:00,388.04,199,active
SH_9445,MV_354,TH_34,SC_891,2024-05-10,16:45:00,290.75,192,active
SH_9447,MV_7345,TH_162,SC_920,2023-11-06,14:45:00,269.38,119,active
SH_9448,MV_9667,TH_301,SC_233,2024-04-04,11:15:00,384.58,126,active
SH_9449,MV_5643,TH_165,SC_172,2023-07-20,19:15:00,467.98,194,active
SH_9450,MV_8669,TH_91,SC_392,2025-02-02,21:30:00,162.79,101,active
SH_9451,MV_5399,TH_356,SC_922,2025-08-02,21:15:00,442.55,104,active
SH_9452,MV_6567,TH_478,SC_465,2024-09-03,12:00:00,207.2,66,active
SH_9453,MV_7867,TH_122,SC_76,2025-05-02,22:15:00,157.41,132,active
SH_9454,MV_3825,TH_459,SC_756,2024-08-02,12:45:00,300.35,60,active
SH_9456,MV_3135,TH_137,SC_997,2023-08-19,15:45:00,341.55,156,active
SH_9457,MV_9376,TH_288,SC_757,2025-03-06,18:45:00,177.14,109,active
SH_9458,MV_2086,TH_233,SC_138,2024-12-10,21:45:00,258.69,142,active
SH_9459,MV_95,TH_294,SC_930,2023-01-20,18:30:00,476.4,64,active
SH_9460,MV_3523,TH_310,SC_28,2024-06-19,15:30:00,283.22,152,active
SH_9461,MV_9152,TH_275,SC_273,2025-01-13,12:45:00,429.15,77,active
SH_9462,MV_6436,TH_297,SC_615,2024-08-18,19:15:00,353.17,83,active
SH_9463,MV_6612,TH_484,SC_564,2024-08-27,16:00:00,382.54,98,active
SH_9464,MV_9848,TH_286,SC_888,2024-11-04,16:45:00,276.68,162,active
SH_9465,MV_5096,TH_278,SC_729,2025-07-24,14:30:00,468.13,119,active
SH_9466,MV_9207,TH_344,SC_218,2025-12-15,19:30:00,243.96,78,active
SH_9467,MV_8453,TH_128,SC_455,2024-09-23,21:45:00,343.65,141,active
SH_9468,MV_1205,TH_438,SC_491,2025-07-13,15:00:00,341.35,67,active
SH_9469,MV_178,TH_165,SC_214,2023-10-28,21:15:00,276.44,149,active
SH_9470,MV_9381,TH_211,SC_779,2024-02-09,13:45:00,419.52,128,active
SH_9471,MV_128,TH_118,SC_116,2024-07-28,22:30:00,461.9,78,active
SH_9472,MV_8914,TH_52,SC_554,2023-12-28,14:30:00,333.43,73,active
SH_9473,MV_3386,TH_284,SC_84,2025-01-11,22:30:00,160.5,52,active
SH_9474,MV_2088,TH_483,SC_611,2024-01-06,10:45:00,173.71,196,active
SH_9475,MV_5068,TH_189,SC_963,2025-09-07,22:00:00,362.29,199,active
SH_9476,MV_6101,TH_240,SC_192,2025-01-19,15:00:00,482.34,195,active
SH_9477,MV_6909,TH_299,SC_561,2024-01-02,16:45:00,210.09,122,active
SH_9478,MV_9542,TH_141,SC_199,2024-08-10,21:30:00,261.09,135,active
SH_9479,MV_8505,TH_106,SC_511,2024-12-29,15:30:00,251.17,195,active
SH_9480,MV_7723,TH_47,SC_546,2024-10-23,13:00:00,357.67,66,active
SH_9481,MV_376,TH_118,SC_278,2024-02-12,11:30:00,279.86,97,active
SH_9482,MV_5541,TH_50,SC_948,2023-03-13,16:00:00,295.59,132,active
SH_9484,MV_8369,TH_220,SC_617,2024-05-07,10:45:00,421.3,196,active
SH_9488,MV_2097,TH_336,SC_594,2024-03-12,20:00:00,308.02,88,active
SH_9490,MV_4101,TH_442,SC_963,2024-10-04,12:30:00,166.93,89,active
SH_9491,MV_5556,TH_334,SC_157,2025-07-09,22:30:00,173.99,137,active
SH_9492,MV_7464,TH_415,SC_2,2024-10-19,18:30:00,484.05,56,active
SH_9493,MV_7756,TH_309,SC_415,2023-02-12,17:00:00,297.63,131,active
SH_9494,MV_1692,TH_139,SC_471,2025-02-03,19:30:00,472.41,62,active
SH_9495,MV_2140,TH_438,SC_569,2023-01-07,16:45:00,182.69,192,active
SH_9496,MV_8105,TH_298,SC_455,2025-08-10,18:15:00,265.04,84,active
SH_9497,MV_2836,TH_345,SC_33,2024-11-16,13:15:00,331.1,137,active
SH_9501,MV_3148,TH_400,SC_78,2025-02-20,15:00:00,271.73,93,active
SH_9502,MV_1368,TH_226,SC_229,2025-02-21,10:45:00,394.73,186,active
SH_9503,MV_2422,TH_102,SC_807,2023-08-26,22:15:00,463.34,98,active
SH_9504,MV_5680,TH_406,SC_308,2025-02-02,18:15:00,333.08,92,active
SH_9505,MV_8973,TH_105,SC_321,2023-06-24,10:00:00,467.04,115,active
SH_9506,MV_9466,TH_64,SC_978,2023-01-01,16:15:00,187.8,159,active
SH_9507,MV_743,TH_464,SC_942,2025-10-17,21:45:00,390.56,123,active
SH_9508,MV_4255,TH_7,SC_693,2024-09-06,18:15:00,471.88,145,active
SH_9509,MV_7342,TH_102,SC_281,2024-09-14,20:45:00,253.22,64,active
SH_9511,MV_3938,TH_241,SC_408,2023-01-25,17:30:00,187.37,55,active
SH_9512,MV_1374,TH_478,SC_744,2023-11-26,21:00:00,490.97,75,active
SH_9513,MV_9916,TH_448,SC_89,2023-11-01,19:00:00,197.65,96,active
SH_9514,MV_9856,TH_431,SC_742,2024-09-10,15:15:00,278.34,125,active
SH_9516,MV_4215,TH_111,SC_37,2024-10-07,21:00:00,389.76,51,active
SH_9517,MV_4274,TH_180,SC_748,2024-01-20,16:30:00,332.39,52,active
SH_9518,MV_877,TH_73,SC_757,2025-04-30,20:00:00,222.8,190,active
SH_9519,MV_397,TH_39,SC_167,2025-05-22,18:15:00,195.12,105,active
SH_9521,MV_6380,TH_301,SC_800,2024-03-16,22:15:00,381.07,175,active
SH_9524,MV_5716,TH_55,SC_865,2025-10-09,15:00:00,290.18,185,active
SH_9525,MV_3677,TH_425,SC_394,2023-01-06,18:00:00,254.06,125,active
SH_9526,MV_6336,TH_209,SC_38,2025-10-18,19:45:00,382.93,184,active
SH_9527,MV_1354,TH_171,SC_133,2023-09-24,19:15:00,349.93,194,active
SH_9528,MV_6911,TH_482,SC_640,2024-08-03,14:15:00,288.28,192,active
SH_9529,MV_9986,TH_177,SC_964,2024-03-22,21:15:00,424.48,144,active
SH_9530,MV_761,TH_281,SC_257,2025-05-20,11:15:00,449.83,157,active
SH_9531,MV_3385,TH_172,SC_846,2025-11-14,10:45:00,272.43,102,active
SH_9532,MV_7232,TH_228,SC_471,2023-05-10,20:00:00,466.74,138,active
SH_9533,MV_7113,TH_88,SC_577,2025-03-06,10:30:00,193.09,50,active
SH_9534,MV_2151,TH_440,SC_215,2023-06-02,16:30:00,356.29,91,active
SH_9535,MV_7067,TH_141,SC_892,2024-03-08,13:00:00,190.06,114,active
SH_9536,MV_3261,TH_61,SC_299,2025-07-07,21:45:00,447.39,106,active
SH_9537,MV_7659,TH_49,SC_762,2023-06-20,15:30:00,487.51,96,active
SH_9539,MV_7484,TH_156,SC_719,2025-01-25,14:00:00,323.82,186,active
SH_9540,MV_2791,TH_261,SC_668,2025-11-09,13:45:00,474.5,81,active
SH_9541,MV_1713,TH_442,SC_472,2024-05-26,21:15:00,234.8,76,active
SH_9542,MV_5577,TH_289,SC_334,2025-08-07,22:30:00,296.71,185,active
SH_9543,MV_8150,TH_169,SC_527,2024-02-13,16:45:00,194.72,89,active
SH_9544,MV_37,TH_331,SC_342,2024-06-22,16:30:00,251.22,98,active
SH_9545,MV_2221,TH_318,SC_204,2024-08-31,10:15:00,452.98,158,active
SH_9546,MV_5159,TH_37,SC_812,2024-09-28,17:30:00,233.54,155,active
SH_9547,MV_2812,TH_454,SC_210,2024-11-06,20:45:00,361.34,172,active
SH_9548,MV_161,TH_292,SC_325,2023-03-09,16:30:00,493.36,184,active
SH_9549,MV_6681,TH_212,SC_124,2024-06-06,17:00:00,411.28,134,active
SH_9550,MV_7514,TH_447,SC_722,2024-04-05,13:00:00,460.43,110,active
SH_9551,MV_4171,TH_36,SC_868,2024-12-26,13:00:00,163.66,156,active
SH_9552,MV_4993,TH_110,SC_99,2023-12-12,14:30:00,333.1,53,active
SH_9554,MV_4991,TH_151,SC_476,2024-06-10,19:15:00,374.86,150,active
SH_9555,MV_1186,TH_77,SC_431,2024-01-12,14:45:00,304.78,85,active
SH_9556,MV_1384,TH_247,SC_116,2023-03-03,16:30:00,479.26,194,active
SH_9557,MV_2468,TH_276,SC_14,2024-09-25,18:45:00,213.31,198,active
SH_9558,MV_6772,TH_462,SC_40,2025-11-06,14:30:00,333.69,173,active
SH_9559,MV_7111,TH_308,SC_845,2023-07-10,15:30:00,338.7,179,active
SH_9560,MV_7982,TH_357,SC_241,2024-01-10,19:15:00,496.21,141,active
SH_9561,MV_3535,TH_379,SC_410,2024-05-12,13:30:00,384.38,75,active
SH_9563,MV_3217,TH_101,SC_304,2024-01-14,19:15:00,171.89,55,active
SH_9564,MV_6571,TH_99,SC_126,2024-10-02,15:45:00,311.95,133,active
SH_9565,MV_7567,TH_460,SC_101,2024-12-30,22:15:00,310.64,170,active
SH_9566,MV_408,TH_404,SC_110,2023-01-03,17:45:00,252.75,148,active
SH_9567,MV_9440,TH_404,SC_662,2024-08-13,18:30:00,499.72,75,active
SH_9568,MV_5057,TH_201,SC_296,2024-03-19,17:00:00,328.17,87,active
SH_9569,MV_8857,TH_222,SC_372,2024-07-23,22:45:00,369.31,189,active
SH_9570,MV_4626,TH_52,SC_453,2025-02-08,17:30:00,481.2,65,active
SH_9571,MV_9130,TH_8,SC_151,2023-12-02,22:15:00,208.74,91,active
SH_9572,MV_5275,TH_451,SC_253,2024-03-07,10:30:00,364.86,115,active
SH_9573,MV_390,TH_457,SC_638,2024-09-23,11:45:00,384.53,163,active
SH_9574,MV_2455,TH_435,SC_222,2025-04-25,13:30:00,275.69,145,active
SH_9575,MV_3437,TH_374,SC_800,2024-03-14,15:15:00,417.88,174,active
SH_9576,MV_16,TH_323,SC_330,2023-11-26,13:45:00,434.17,173,active
SH_9577,MV_6301,TH_298,SC_146,2023-04-10,17:30:00,243.42,92,active
SH_9578,MV_307,TH_150,SC_762,2025-12-19,12:15:00,208.03,130,active
SH_9579,MV_7337,TH_184,SC_392,2025-05-24,13:15:00,496.37,158,active
SH_9580,MV_3162,TH_271,SC_845,2025-12-19,16:30:00,376.69,184,active
SH_9581,MV_1455,TH_500,SC_242,2025-12-18,10:45:00,428.67,112,active
SH_9582,MV_4207,TH_21,SC_229,2025-08-04,17:30:00,491.79,146,active
SH_9583,MV_2544,TH_389,SC_961,2024-07-08,18:15:00,427.4,126,active
SH_9584,MV_6186,TH_453,SC_400,2023-06-08,20:30:00,414.09,108,active
SH_9585,MV_9698,TH_33,SC_252,2024-07-07,17:15:00,453.02,63,active
SH_9586,MV_6388,TH_157,SC_437,2025-11-27,14:45:00,335.41,122,active
SH_9587,MV_8863,TH_97,SC_804,2025-08-12,19:15:00,262.37,80,active
SH_9588,MV_755,TH_209,SC_365,2025-10-08,18:30:00,396.88,131,active
SH_9591,MV_1851,TH_260,SC_683,2025-03-19,20:45:00,459.05,159,active
SH_9592,MV_673,TH_249,SC_154,2025-02-08,21:45:00,495.82,199,active
SH_9594,MV_6519,TH_397,SC_769,2024-03-24,11:00:00,262.79,135,active
SH_9595,MV_2519,TH_459,SC_383,2024-08-15,22:00:00,346.98,183,active
SH_9596,MV_4509,TH_185,SC_37,2025-04-29,16:45:00,323.84,155,active
SH_9597,MV_2714,TH_271,SC_640,2024-02-25,21:45:00,252.4,154,active
SH_9598,MV_5319,TH_39,SC_607,2023-03-14,12:15:00,228.28,67,active
SH_9599,MV_7011,TH_240,SC_856,2024-02-09,17:45:00,382.96,57,active
SH_9600,MV_9666,TH_184,SC_302,2025-03-27,14:15:00,491.45,137,active
SH_9601,MV_1983,TH_398,SC_609,2023-06-29,18:45:00,337.26,177,active
SH_9602,MV_8491,TH_371,SC_635,2023-09-26,19:45:00,497.26,120,active
SH_9603,MV_1464,TH_221,SC_32,2024-09-30,17:30:00,286.98,101,active
SH_9604,MV_6103,TH_59,SC_396,2025-08-18,17:15:00,351.21,132,active
SH_9605,MV_6182,TH_209,SC_81,2025-07-09,19:45:00,429.73,188,active
SH_9606,MV_9756,TH_32,SC_612,2024-09-23,22:30:00,324.62,154,active
SH_9607,MV_8545,TH_43,SC_680,2025-08-22,18:45:00,157.61,91,active
SH_9608,MV_2918,TH_177,SC_121,2023-02-21,10:30:00,488.59,85,active
SH_9609,MV_3292,TH_436,SC_204,2024-08-13,10:45:00,342.76,59,active
SH_9610,MV_7788,TH_199,SC_750,2024-02-12,14:00:00,354.83,155,active
SH_9611,MV_2582,TH_124,SC_972,2023-08-15,17:45:00,270.75,73,active
SH_9612,MV_1517,TH_3,SC_138,2025-11-18,12:30:00,200.83,156,active
SH_9613,MV_8479,TH_70,SC_592,2025-10-16,20:00:00,438.85,130,active
SH_9614,MV_7269,TH_436,SC_523,2023-08-03,12:00:00,375.98,120,active
SH_9615,MV_5247,TH_22,SC_34,2025-11-03,13:45:00,212.64,164,active
SH_9616,MV_7964,TH_124,SC_85,2025-04-06,12:15:00,236.34,111,active
SH_9617,MV_3883,TH_412,SC_619,2025-04-03,20:15:00,362.39,62,active
SH_9618,MV_7126,TH_141,SC_760,2024-09-06,21:00:00,277.88,152,active
SH_9619,MV_875,TH_371,SC_359,2023-01-05,11:15:00,480.62,103,active
SH_9620,MV_5855,TH_191,SC_934,2023-09-24,12:00:00,277.72,97,active
SH_9621,MV_9652,TH_381,SC_1000,2025-02-05,11:30:00,215.2,74,active
SH_9622,MV_7381,TH_81,SC_25,2025-10-28,19:45:00,205.71,180,active
SH_9623,MV_4458,TH_190,SC_562,2025-08-22,13:30:00,281.66,139,active
SH_9624,MV_961,TH_391,SC_725,2023-11-25,21:15:00,232.85,156,active
SH_9625,MV_3955,TH_483,SC_294,2025-05-25,18:15:00,381.9,195,active
SH_9626,MV_7549,TH_380,SC_399,2024-05-05,12:30:00,397.03,127,active
SH_9627,MV_9095,TH_178,SC_79,2023-07-04,10:30:00,453.94,123,active
SH_9628,MV_9456,TH_120,SC_839,2023-06-06,15:30:00,450.23,141,active
SH_9629,MV_6807,TH_236,SC_192,2024-11-06,17:30:00,455.42,103,active
SH_9630,MV_3524,TH_30,SC_464,2024-08-10,11:45:00,254.35,73,active
SH_9631,MV_7723,TH_287,SC_981,2024-12-01,10:45:00,488.22,80,active
SH_9632,MV_7874,TH_425,SC_323,2025-10-16,10:00:00,163.85,159,active
SH_9633,MV_4590,TH_310,SC_341,2024-03-09,15:15:00,270.22,125,active
SH_9636,MV_7400,TH_449,SC_62,2025-02-10,17:30:00,450.2,89,active
SH_9637,MV_8630,TH_276,SC_416,2025-10-15,12:00:00,398.74,152,active
SH_9638,MV_5343,TH_417,SC_516,2025-11-19,16:45:00,193.97,74,active
SH_9639,MV_2333,TH_302,SC_20,2023-12-01,19:45:00,342.66,188,active
SH_9640,MV_8131,TH_200,SC_632,2023-02-11,19:45:00,323.34,153,active
SH_9641,MV_2740,TH_141,SC_792,2025-08-17,17:15:00,206.15,88,active
SH_9642,MV_1706,TH_17,SC_755,2023-02-04,10:15:00,258.96,96,active
SH_9643,MV_9688,TH_233,SC_379,2024-06-30,16:30:00,398.22,165,active
SH_9645,MV_2146,TH_208,SC_799,2023-01-13,14:15:00,314.16,74,active
SH_9646,MV_4247,TH_116,SC_379,2023-08-17,16:30:00,331.91,114,active
SH_9647,MV_6122,TH_21,SC_887,2023-02-05,12:00:00,240.73,161,active
SH_9648,MV_3238,TH_293,SC_237,2024-10-25,13:30:00,223.9,88,active
SH_9649,MV_7841,TH_56,SC_343,2023-03-09,17:45:00,269.62,64,active
SH_9650,MV_5174,TH_309,SC_865,2025-07-06,16:45:00,272.9,73,active
SH_9651,MV_8994,TH_23,SC_727,2024-09-05,17:30:00,467.59,137,active
SH_9652,MV_9390,TH_451,SC_79,2023-11-10,11:00:00,306.49,145,active
SH_9654,MV_6690,TH_55,SC_963,2023-02-28,13:15:00,357.31,109,active
SH_9655,MV_8821,TH_440,SC_51,2023-05-31,13:30:00,308.98,138,active
SH_9656,MV_9995,TH_489,SC_790,2025-04-11,19:30:00,368.0,165,active
SH_9657,MV_92,TH_309,SC_7,2023-01-21,17:00:00,291.41,170,active
SH_9658,MV_3267,TH_180,SC_138,2025-06-07,18:45:00,280.07,117,active
SH_9659,MV_2461,TH_210,SC_19,2023-03-28,13:45:00,295.69,195,active
SH_9661,MV_540,TH_12,SC_518,2025-04-10,12:15:00,402.44,98,active
SH_9662,MV_1731,TH_18,SC_861,2025-04-30,22:00:00,290.77,68,active
SH_9664,MV_98,TH_335,SC_537,2023-07-19,12:45:00,371.2,76,active
SH_9665,MV_8318,TH_283,SC_218,2023-07-02,12:45:00,478.17,82,active
SH_9666,MV_7557,TH_57,SC_345,2023-04-20,19:00:00,336.25,150,active
SH_9667,MV_7518,TH_495,SC_123,2023-02-03,12:45:00,344.2,125,active
SH_9668,MV_2163,TH_326,SC_581,2024-10-04,22:15:00,253.15,117,active
SH_9669,MV_3739,TH_57,SC_692,2024-04-25,21:15:00,329.81,114,active
SH_9670,MV_5214,TH_456,SC_333,2023-08-09,20:00:00,187.55,103,active
SH_9671,MV_5756,TH_45,SC_867,2023-08-07,10:45:00,471.87,98,active
SH_9672,MV_5376,TH_16,SC_342,2025-03-07,18:00:00,327.25,197,active
SH_9673,MV_5366,TH_284,SC_594,2025-04-08,22:30:00,254.94,119,active
SH_9674,MV_3015,TH_152,SC_673,2023-07-14,14:30:00,343.99,132,active
SH_9675,MV_1838,TH_436,SC_235,2025-12-06,15:15:00,360.7,117,active
SH_9676,MV_5028,TH_286,SC_365,2023-11-18,12:45:00,418.95,52,active
SH_9677,MV_7723,TH_234,SC_894,2025-01-01,10:45:00,391.36,121,active
SH_9678,MV_3149,TH_97,SC_273,2023-02-24,11:15:00,449.1,152,active
SH_9680,MV_7205,TH_348,SC_435,2024-01-01,12:15:00,470.37,131,active
SH_9681,MV_8859,TH_139,SC_176,2024-11-29,21:00:00,205.36,100,active
SH_9682,MV_7345,TH_230,SC_680,2025-09-03,12:45:00,380.03,163,active
SH_9683,MV_3933,TH_60,SC_727,2025-02-28,16:15:00,249.18,194,active
SH_9684,MV_6835,TH_266,SC_3,2024-05-18,19:45:00,276.65,154,active
SH_9685,MV_3612,TH_322,SC_78,2023-01-31,17:15:00,222.7,53,active
SH_9686,MV_6345,TH_216,SC_966,2025-10-13,15:15:00,184.09,111,active
SH_9687,MV_9664,TH_305,SC_305,2025-01-22,12:15:00,423.12,68,active
SH_9688,MV_6790,TH_487,SC_822,2025-06-04,21:00:00,366.78,109,active
SH_9689,MV_9588,TH_171,SC_716,2023-02-13,16:30:00,384.5,68,active
SH_9690,MV_4205,TH_125,SC_782,2023-01-15,12:15:00,493.82,152,active
SH_9691,MV_302,TH_249,SC_503,2024-02-11,15:45:00,451.27,125,active
SH_9692,MV_139,TH_112,SC_671,2025-09-19,11:15:00,379.54,66,active
SH_9693,MV_8041,TH_224,SC_653,2025-04-23,17:00:00,361.01,67,active
SH_9694,MV_9097,TH_332,SC_118,2025-03-14,22:45:00,301.9,123,active
SH_9695,MV_1208,TH_281,SC_951,2025-12-04,10:45:00,457.54,133,active
SH_9696,MV_1243,TH_102,SC_644,2023-04-01,10:15:00,367.0,142,active
SH_9697,MV_9912,TH_362,SC_187,2024-05-26,16:00:00,387.72,55,active
SH_9698,MV_6367,TH_95,SC_318,2024-11-26,14:15:00,353.59,181,active
SH_9699,MV_6248,TH_328,SC_622,2023-10-07,19:45:00,459.25,166,active
SH_9701,MV_5038,TH_227,SC_752,2025-11-16,16:00:00,446.32,174,active
SH_9702,MV_2959,TH_140,SC_798,2023-09-19,19:45:00,472.52,98,active
SH_9703,MV_4304,TH_179,SC_557,2024-11-21,17:30:00,317.7,68,active
SH_9705,MV_3702,TH_207,SC_679,2025-09-15,18:00:00,459.07,161,active
SH_9706,MV_9004,TH_224,SC_752,2024-08-08,19:00:00,249.29,92,active
SH_9707,MV_8391,TH_183,SC_768,2023-02-17,20:30:00,482.17,79,active
SH_9709,MV_5168,TH_285,SC_967,2023-06-27,18:45:00,189.34,108,active
SH_9710,MV_1807,TH_245,SC_616,2023-04-01,18:45:00,366.32,108,active
SH_9711,MV_8153,TH_168,SC_707,2023-10-16,20:00:00,262.69,185,active
SH_9713,MV_2759,TH_175,SC_875,2024-04-30,17:00:00,203.8,138,active
SH_9715,MV_6084,TH_150,SC_731,2023-10-30,15:45:00,460.69,191,active
SH_9716,MV_8581,TH_9,SC_873,2025-07-24,14:15:00,193.57,122,active
SH_9717,MV_5921,TH_177,SC_994,2025-12-27,15:00:00,202.51,162,active
SH_9718,MV_7597,TH_194,SC_324,2023-06-17,18:00:00,415.99,51,active
SH_9719,MV_5090,TH_302,SC_423,2023-10-06,17:45:00,382.85,85,active
SH_9720,MV_6852,TH_33,SC_760,2025-10-07,16:00:00,487.39,175,active
SH_9721,MV_8404,TH_17,SC_746,2025-06-13,12:00:00,311.89,81,active
SH_9722,MV_8303,TH_177,SC_90,2024-05-31,20:45:00,404.06,50,active
SH_9723,MV_8404,TH_217,SC_565,2025-09-10,17:30:00,270.17,184,active
SH_9724,MV_1031,TH_9,SC_323,2025-07-12,15:15:00,478.04,108,active
SH_9725,MV_4649,TH_293,SC_646,2025-10-06,11:45:00,265.34,158,active
SH_9726,MV_7540,TH_494,SC_366,2024-06-02,15:45:00,271.55,67,active
SH_9727,MV_7428,TH_351,SC_450,2024-05-07,13:30:00,293.69,189,active
SH_9728,MV_4987,TH_66,SC_400,2024-06-10,15:45:00,333.01,63,active
SH_9729,MV_3469,TH_92,SC_259,2024-04-01,16:00:00,315.9,127,active
SH_9730,MV_7720,TH_336,SC_384,2024-12-13,22:15:00,288.82,187,active
SH_9733,MV_3466,TH_10,SC_203,2024-02-21,15:15:00,266.87,51,active
SH_9734,MV_1229,TH_53,SC_51,2025-03-26,20:45:00,151.12,53,active
SH_9735,MV_3249,TH_353,SC_665,2025-08-31,13:45:00,496.07,135,active
SH_9736,MV_9300,TH_55,SC_94,2024-08-09,21:30:00,410.1,52,active
SH_9737,MV_1720,TH_444,SC_15,2023-08-03,18:45:00,295.78,98,active
SH_9738,MV_1372,TH_21,SC_258,2024-06-15,15:45:00,339.98,198,active
SH_9739,MV_2179,TH_173,SC_697,2024-02-12,12:45:00,453.81,195,active
SH_9740,MV_1064,TH_326,SC_627,2024-02-22,11:45:00,314.53,194,active
SH_9741,MV_4902,TH_15,SC_416,2024-11-24,10:30:00,264.02,137,active
SH_9742,MV_4864,TH_461,SC_652,2023-06-10,18:45:00,353.58,132,active
SH_9745,MV_2973,TH_21,SC_493,2025-09-16,19:15:00,269.12,183,active
SH_9746,MV_4236,TH_440,SC_967,2025-12-14,19:30:00,255.65,169,active
SH_9748,MV_998,TH_303,SC_986,2025-04-02,19:00:00,150.48,133,active
SH_9749,MV_7953,TH_456,SC_894,2025-09-20,16:30:00,287.63,73,active
SH_9750,MV_6844,TH_495,SC_635,2025-04-15,17:00:00,185.47,148,active
SH_9751,MV_1951,TH_312,SC_293,2024-03-21,21:45:00,170.39,195,active
SH_9752,MV_9777,TH_34,SC_481,2023-10-30,15:15:00,439.24,137,active
SH_9753,MV_118,TH_426,SC_331,2025-11-18,12:15:00,322.12,99,active
SH_9754,MV_9571,TH_90,SC_220,2023-01-17,17:00:00,395.4,78,active
SH_9755,MV_4337,TH_400,SC_995,2024-12-17,13:30:00,483.28,162,active
SH_9756,MV_6395,TH_262,SC_606,2025-03-23,10:45:00,178.88,191,active
SH_9757,MV_5730,TH_325,SC_806,2025-08-15,14:00:00,169.75,106,active
SH_9758,MV_4036,TH_382,SC_309,2023-08-26,20:30:00,413.98,81,active
SH_9759,MV_3198,TH_361,SC_640,2025-04-28,13:30:00,391.66,83,active
SH_9760,MV_2667,TH_157,SC_413,2025-12-21,19:30:00,250.36,136,active
SH_9761,MV_331,TH_150,SC_723,2023-10-30,19:45:00,471.15,131,active
SH_9762,MV_9183,TH_12,SC_656,2025-06-16,14:15:00,189.22,172,active
SH_9763,MV_8630,TH_280,SC_178,2024-06-28,13:00:00,256.98,130,active
SH_9764,MV_9373,TH_207,SC_814,2023-10-14,14:45:00,371.43,199,active
SH_9766,MV_1815,TH_432,SC_43,2023-06-21,20:00:00,298.52,92,active
SH_9767,MV_2066,TH_305,SC_993,2023-09-15,19:00:00,422.53,113,active
SH_9769,MV_1090,TH_156,SC_342,2025-02-07,17:45:00,422.65,199,active
SH_9770,MV_2859,TH_23,SC_241,2023-03-25,21:30:00,289.87,127,active
SH_9771,MV_5217,TH_439,SC_665,2024-10-06,15:00:00,468.06,95,active
SH_9773,MV_5123,TH_341,SC_186,2023-07-21,22:30:00,438.46,76,active
SH_9774,MV_7006,TH_298,SC_523,2024-12-19,18:45:00,328.94,128,active
SH_9775,MV_6193,TH_401,SC_860,2023-03-07,11:30:00,335.28,198,active
SH_9776,MV_2927,TH_175,SC_103,2025-05-04,17:00:00,232.45,174,active
SH_9777,MV_4751,TH_179,SC_651,2023-11-09,17:45:00,384.86,62,active
SH_9778,MV_2646,TH_152,SC_195,2024-04-29,15:30:00,442.05,81,active
SH_9779,MV_2912,TH_372,SC_463,2025-04-02,16:45:00,448.38,127,active
SH_9780,MV_4312,TH_456,SC_468,2025-10-29,18:30:00,402.14,156,active
SH_9781,MV_9928,TH_443,SC_630,2023-10-06,22:15:00,473.04,51,active
SH_9782,MV_379,TH_349,SC_910,2023-05-27,12:15:00,285.39,109,active
SH_9783,MV_8328,TH_12,SC_979,2024-11-11,15:00:00,296.6,79,active
SH_9784,MV_2801,TH_111,SC_384,2025-03-18,12:15:00,271.17,183,active
SH_9785,MV_9997,TH_221,SC_76,2025-05-13,16:30:00,218.02,84,active
SH_9786,MV_8193,TH_322,SC_14,2024-07-05,22:15:00,458.42,199,active
SH_9787,MV_7578,TH_240,SC_294,2025-01-16,18:00:00,310.81,186,active
SH_9788,MV_1935,TH_121,SC_704,2025-06-10,22:00:00,173.95,137,active
SH_9789,MV_8492,TH_256,SC_538,2023-03-28,22:45:00,349.52,60,active
SH_9790,MV_4229,TH_404,SC_349,2025-07-25,18:30:00,321.37,116,active
SH_9792,MV_371,TH_152,SC_754,2023-01-28,21:15:00,476.84,189,active
SH_9794,MV_7896,TH_101,SC_599,2023-10-31,10:45:00,268.89,188,active
SH_9796,MV_7040,TH_105,SC_245,2025-01-21,18:30:00,354.99,157,active
SH_9797,MV_3134,TH_484,SC_235,2025-07-14,10:15:00,356.13,154,active
SH_9798,MV_7743,TH_118,SC_488,2024-01-06,10:15:00,162.41,191,active
SH_9799,MV_2705,TH_373,SC_749,2023-11-12,18:45:00,298.64,173,active
SH_9800,MV_9497,TH_55,SC_66,2023-02-11,13:15:00,182.59,96,active
SH_9801,MV_8699,TH_63,SC_536,2023-01-11,21:30:00,480.76,87,active
SH_9802,MV_8282,TH_478,SC_552,2023-04-16,18:00:00,485.84,146,active
SH_9803,MV_737,TH_488,SC_445,2023-06-28,22:30:00,360.85,135,active
SH_9804,MV_3503,TH_159,SC_427,2023-11-09,10:00:00,267.7,63,active
SH_9805,MV_8556,TH_466,SC_367,2024-02-07,17:15:00,435.69,127,active
SH_9806,MV_4189,TH_286,SC_888,2024-07-10,16:30:00,291.32,140,active
SH_9807,MV_4358,TH_275,SC_220,2025-07-29,22:00:00,381.81,151,active
SH_9808,MV_5720,TH_139,SC_805,2023-12-25,12:45:00,262.13,143,active
SH_9809,MV_5623,TH_54,SC_593,2023-04-18,14:30:00,374.37,176,active
SH_9810,MV_3638,TH_338,SC_315,2025-09-24,21:45:00,498.55,139,active
SH_9811,MV_787,TH_409,SC_324,2023-01-06,14:30:00,327.57,75,active
SH_9812,MV_6769,TH_314,SC_217,2025-09-29,10:15:00,435.82,53,active
SH_9814,MV_7362,TH_492,SC_303,2024-02-19,11:45:00,467.64,188,active
SH_9815,MV_7360,TH_231,SC_867,2023-10-29,18:30:00,374.59,80,active
SH_9816,MV_9178,TH_441,SC_766,2023-10-26,14:30:00,328.42,97,active
SH_9817,MV_6470,TH_228,SC_82,2023-05-03,13:30:00,475.83,173,active
SH_9818,MV_8306,TH_135,SC_201,2024-10-23,12:30:00,158.51,144,active
SH_9819,MV_1468,TH_404,SC_589,2024-08-17,16:15:00,242.54,53,active
SH_9820,MV_4044,TH_237,SC_666,2023-07-12,21:15:00,237.93,92,active
SH_9821,MV_5649,TH_164,SC_311,2023-06-14,16:00:00,402.94,66,active
SH_9822,MV_7111,TH_378,SC_276,2025-02-08,14:30:00,424.52,152,active
SH_9823,MV_885,TH_79,SC_91,2024-06-30,19:45:00,296.01,119,active
SH_9824,MV_9117,TH_143,SC_965,2025-06-18,17:30:00,477.43,129,active
SH_9825,MV_8067,TH_168,SC_422,2024-06-23,14:15:00,187.19,65,active
SH_9826,MV_7040,TH_10,SC_152,2024-04-30,10:30:00,406.07,126,active
SH_9827,MV_310,TH_386,SC_36,2025-11-01,19:30:00,231.84,110,active
SH_9828,MV_4639,TH_463,SC_958,2023-07-29,14:45:00,492.58,110,active
SH_9829,MV_5122,TH_369,SC_519,2024-04-23,12:15:00,443.98,67,active
SH_9830,MV_2635,TH_105,SC_407,2023-01-12,18:15:00,305.02,107,active
SH_9831,MV_4904,TH_339,SC_474,2023-11-08,22:00:00,163.95,96,active
SH_9833,MV_7568,TH_285,SC_744,2024-10-31,21:30:00,339.91,169,active
SH_9834,MV_8460,TH_172,SC_744,2025-05-03,21:30:00,444.11,66,active
SH_9835,MV_8926,TH_213,SC_60,2025-09-20,21:15:00,209.4,162,active
SH_9837,MV_7213,TH_109,SC_908,2025-02-04,18:15:00,382.28,156,active
SH_9838,MV_6826,TH_456,SC_739,2024-09-23,18:00:00,265.99,62,active
SH_9839,MV_7760,TH_170,SC_224,2023-04-24,12:15:00,240.14,162,active
SH_9840,MV_8900,TH_165,SC_175,2025-07-28,18:30:00,374.63,153,active
SH_9841,MV_8966,TH_166,SC_393,2025-05-08,17:30:00,303.34,80,active
SH_9843,MV_6286,TH_152,SC_200,2025-01-16,18:30:00,286.13,77,active
SH_9844,MV_1127,TH_456,SC_781,2025-11-21,15:45:00,351.67,196,active
SH_9845,MV_7178,TH_391,SC_919,2025-06-12,18:30:00,284.27,56,active
SH_9846,MV_5761,TH_378,SC_703,2024-07-22,11:00:00,276.66,171,active
SH_9847,MV_8959,TH_313,SC_145,2023-12-31,20:30:00,155.57,66,active
SH_9848,MV_294,TH_291,SC_437,2025-09-07,22:45:00,220.15,192,active
SH_9849,MV_3291,TH_304,SC_304,2024-03-24,19:15:00,234.35,83,active
SH_9850,MV_2391,TH_477,SC_237,2025-05-29,14:00:00,181.32,168,active
SH_9851,MV_1338,TH_108,SC_48,2023-04-28,20:30:00,236.32,66,active
SH_9852,MV_3136,TH_224,SC_209,2023-04-17,17:30:00,201.29,173,active
SH_9853,MV_1749,TH_344,SC_315,2025-07-11,12:00:00,257.09,134,active
SH_9854,MV_1298,TH_35,SC_91,2024-11-28,19:15:00,436.61,185,active
SH_9855,MV_2144,TH_311,SC_169,2024-11-07,20:15:00,164.19,107,active
SH_9856,MV_3758,TH_70,SC_43,2023-01-30,13:15:00,287.2,85,active
SH_9858,MV_611,TH_356,SC_445,2023-02-14,14:00:00,499.11,159,active
SH_9859,MV_3240,TH_202,SC_903,2025-02-28,18:45:00,225.37,130,active
SH_9860,MV_5510,TH_111,SC_349,2024-07-09,20:00:00,453.88,183,active
SH_9861,MV_809,TH_195,SC_601,2025-08-02,21:30:00,249.06,176,active
SH_9862,MV_3969,TH_437,SC_215,2025-01-19,11:00:00,396.75,179,active
SH_9863,MV_2065,TH_121,SC_596,2023-11-13,11:45:00,369.2,73,active
SH_9864,MV_103,TH_76,SC_230,2023-09-04,10:15:00,454.92,137,active
SH_9865,MV_4148,TH_449,SC_885,2023-05-21,17:30:00,449.16,136,active
SH_9866,MV_8516,TH_235,SC_398,2025-04-06,13:45:00,249.34,93,active
SH_9867,MV_691,TH_484,SC_798,2023-08-20,18:45:00,344.85,182,active
SH_9868,MV_306,TH_113,SC_872,2025-12-19,16:00:00,162.69,62,active
SH_9869,MV_8506,TH_212,SC_765,2023-01-13,21:00:00,345.32,78,active
SH_9870,MV_3545,TH_99,SC_440,2025-08-31,21:45:00,180.1,147,active
SH_9871,MV_1414,TH_197,SC_395,2025-01-28,10:45:00,412.05,136,active
SH_9872,MV_8037,TH_118,SC_134,2024-03-03,12:15:00,496.51,133,active
SH_9873,MV_2694,TH_43,SC_375,2025-01-07,15:00:00,284.59,173,active
SH_9874,MV_2668,TH_92,SC_520,2024-07-20,16:30:00,441.52,99,active
SH_9875,MV_6933,TH_23,SC_81,2023-05-11,16:30:00,286.82,82,active
SH_9876,MV_7454,TH_433,SC_130,2025-07-04,21:45:00,412.88,152,active
SH_9877,MV_790,TH_471,SC_242,2025-07-08,14:45:00,299.45,195,active
SH_9878,MV_766,TH_254,SC_743,2025-06-28,21:45:00,432.31,153,active
SH_9879,MV_2724,TH_162,SC_501,2025-08-23,16:45:00,296.33,105,active
SH_9880,MV_8656,TH_126,SC_45,2023-11-19,14:00:00,404.11,175,active
SH_9882,MV_3276,TH_349,SC_98,2024-11-03,15:30:00,410.36,69,active
SH_9883,MV_9803,TH_382,SC_545,2023-04-26,12:15:00,454.6,188,active
SH_9884,MV_6049,TH_479,SC_417,2023-04-16,18:00:00,175.15,122,active
SH_9885,MV_138,TH_359,SC_629,2024-01-10,21:15:00,462.9,87,active
SH_9886,MV_4940,TH_51,SC_882,2024-04-04,18:45:00,445.25,53,active
SH_9887,MV_7880,TH_297,SC_824,2024-06-29,12:15:00,277.28,54,active
SH_9889,MV_7668,TH_234,SC_844,2025-05-15,15:45:00,269.15,94,active
SH_9892,MV_7119,TH_493,SC_481,2025-11-01,11:15:00,437.41,154,active
SH_9893,MV_8429,TH_374,SC_349,2025-03-29,10:00:00,247.11,102,active
SH_9894,MV_318,TH_107,SC_777,2024-01-28,11:45:00,461.09,128,active
SH_9895,MV_4758,TH_176,SC_320,2025-11-17,20:30:00,376.02,125,active
SH_9896,MV_118,TH_350,SC_950,2025-06-24,14:00:00,180.67,119,active
SH_9897,MV_2833,TH_167,SC_443,2024-04-14,14:30:00,204.28,57,active
SH_9898,MV_8968,TH_251,SC_382,2024-10-08,13:00:00,390.6,91,active
SH_9899,MV_8765,TH_50,SC_835,2024-04-26,13:00:00,325.77,157,active
SH_9900,MV_5515,TH_95,SC_88,2025-11-20,19:30:00,483.39,50,active
SH_9901,MV_4648,TH_243,SC_328,2023-08-14,11:15:00,254.18,93,active
SH_9902,MV_9180,TH_332,SC_67,2024-04-01,17:15:00,170.58,132,active
SH_9903,MV_5780,TH_146,SC_285,2024-05-13,18:45:00,208.12,103,active
SH_9904,MV_2811,TH_359,SC_677,2025-10-22,21:00:00,305.53,100,active
SH_9905,MV_7136,TH_219,SC_113,2025-02-05,17:30:00,336.78,120,active
SH_9906,MV_8315,TH_360,SC_972,2024-02-12,14:30:00,415.49,145,active
SH_9907,MV_925,TH_3,SC_532,2025-03-24,12:30:00,156.6,57,active
SH_9908,MV_4210,TH_167,SC_812,2025-07-15,12:00:00,179.29,77,active
SH_9909,MV_9669,TH_440,SC_384,2025-05-15,11:30:00,270.98,87,active
SH_9910,MV_1463,TH_59,SC_131,2025-04-21,18:30:00,355.52,75,active
SH_9912,MV_7637,TH_343,SC_597,2024-07-11,16:30:00,464.14,84,active
SH_9914,MV_8566,TH_30,SC_958,2025-06-30,22:30:00,432.97,109,active
SH_9915,MV_7800,TH_56,SC_882,2023-10-21,14:00:00,443.03,137,active
SH_9916,MV_4737,TH_350,SC_865,2023-03-08,17:45:00,151.0,184,active
SH_9917,MV_7792,TH_6,SC_699,2023-05-02,15:45:00,311.35,189,active
SH_9918,MV_1364,TH_106,SC_507,2025-09-12,10:00:00,212.22,82,active
SH_9920,MV_1899,TH_178,SC_134,2025-02-21,15:00:00,350.61,80,active
SH_9921,MV_3806,TH_207,SC_987,2024-01-10,16:45:00,398.01,65,active
SH_9922,MV_1492,TH_75,SC_481,2025-05-18,13:00:00,343.92,199,active
SH_9923,MV_9045,TH_17,SC_150,2023-05-22,22:45:00,218.57,100,active
SH_9924,MV_2224,TH_75,SC_213,2025-04-26,10:15:00,160.74,90,active
SH_9925,MV_3904,TH_85,SC_378,2024-07-05,14:00:00,495.46,51,active
SH_9927,MV_6513,TH_272,SC_165,2024-09-08,10:30:00,168.81,133,active
SH_9928,MV_2851,TH_309,SC_578,2023-05-08,17:30:00,280.95,105,active
SH_9929,MV_618,TH_481,SC_356,2024-03-10,16:15:00,469.29,167,active
SH_9930,MV_5171,TH_464,SC_416,2024-01-13,18:30:00,314.31,189,active
SH_9931,MV_8322,TH_376,SC_24,2025-10-21,18:45:00,244.55,159,active
SH_9932,MV_7004,TH_128,SC_590,2023-05-08,15:45:00,261.41,78,active
SH_9933,MV_3415,TH_62,SC_678,2024-08-01,12:45:00,193.94,196,active
SH_9934,MV_5665,TH_111,SC_41,2023-02-12,16:15:00,278.55,192,active
SH_9935,MV_8241,TH_411,SC_33,2023-07-02,19:45:00,344.83,120,active
SH_9936,MV_3584,TH_492,SC_668,2023-05-25,10:30:00,339.64,151,active
SH_9937,MV_3942,TH_467,SC_876,2024-01-09,13:45:00,390.33,70,active
SH_9938,MV_9364,TH_122,SC_106,2024-02-12,17:00:00,318.02,196,active
SH_9939,MV_5549,TH_238,SC_470,2023-08-19,17:15:00,438.9,86,active
SH_9940,MV_4848,TH_110,SC_999,2023-09-25,10:15:00,270.05,154,active
SH_9941,MV_8961,TH_418,SC_41,2023-11-30,20:30:00,261.25,170,active
SH_9942,MV_7182,TH_249,SC_345,2024-09-28,16:30:00,199.67,158,active
SH_9943,MV_6430,TH_192,SC_853,2023-03-29,14:45:00,443.69,115,active
SH_9944,MV_3909,TH_201,SC_44,2023-06-27,18:45:00,304.5,55,active
SH_9945,MV_1049,TH_138,SC_21,2025-03-30,16:30:00,211.04,127,active
SH_9946,MV_4618,TH_249,SC_206,2023-08-24,17:45:00,437.46,104,active
SH_9947,MV_3576,TH_466,SC_73,2024-01-12,15:15:00,334.54,182,active
SH_9948,MV_1955,TH_325,SC_987,2023-03-05,22:45:00,171.06,184,active
SH_9949,MV_9291,TH_96,SC_585,2024-10-19,19:45:00,206.12,177,active
SH_9950,MV_8992,TH_417,SC_762,2023-10-04,10:00:00,188.92,190,active
SH_9951,MV_5527,TH_81,SC_177,2025-12-22,15:00:00,238.26,148,active
SH_9952,MV_6540,TH_374,SC_813,2023-01-23,13:00:00,215.48,101,active
SH_9953,MV_5254,TH_434,SC_398,2024-03-15,14:00:00,398.97,153,active
SH_9954,MV_1350,TH_197,SC_989,2023-04-07,11:30:00,488.56,53,active
SH_9956,MV_7372,TH_139,SC_378,2024-12-30,12:45:00,491.49,118,active
SH_9957,MV_5528,TH_477,SC_401,2025-06-10,15:45:00,154.56,76,active
SH_9958,MV_5349,TH_349,SC_555,2024-03-17,11:15:00,353.73,191,active
SH_9959,MV_3619,TH_250,SC_274,2024-11-23,10:30:00,384.07,62,active
SH_9960,MV_2260,TH_331,SC_357,2023-07-22,20:15:00,248.24,136,active
SH_9961,MV_306,TH_78,SC_236,2023-10-19,19:15:00,461.51,119,active
SH_9962,MV_9881,TH_166,SC_738,2023-02-23,13:30:00,225.96,110,active
SH_9963,MV_6747,TH_302,SC_448,2025-08-22,13:45:00,382.72,103,active
SH_9964,MV_2204,TH_410,SC_51,2023-08-13,13:15:00,303.09,170,active
SH_9965,MV_4584,TH_116,SC_94,2023-01-31,21:30:00,302.26,173,active
SH_9966,MV_8213,TH_279,SC_991,2023-04-20,15:00:00,377.05,78,active
SH_9967,MV_678,TH_256,SC_308,2023-04-03,20:15:00,334.39,116,active
SH_9968,MV_1507,TH_485,SC_901,2025-11-12,22:45:00,380.01,83,active
SH_9969,MV_8617,TH_176,SC_202,2024-02-12,21:30:00,440.84,191,active
SH_9970,MV_397,TH_223,SC_89,2025-08-10,12:15:00,192.4,139,active
SH_9971,MV_8080,TH_288,SC_578,2025-11-29,18:15:00,182.11,161,active
SH_9972,MV_5594,TH_294,SC_731,2023-08-16,12:30:00,420.45,71,active
SH_9973,MV_5628,TH_431,SC_638,2025-10-21,18:00:00,166.43,179,active
SH_9974,MV_9975,TH_423,SC_891,2023-02-12,14:00:00,195.73,54,active
SH_9975,MV_9596,TH_421,SC_173,2023-02-02,18:15:00,271.32,76,active
SH_9976,MV_6501,TH_434,SC_216,2023-11-11,19:45:00,428.77,193,active
SH_9977,MV_5497,TH_243,SC_468,2023-12-16,18:15:00,380.17,174,active
SH_9979,MV_6344,TH_4,SC_723,2024-08-12,10:30:00,416.77,69,active
SH_9980,MV_1466,TH_464,SC_846,2024-02-24,17:00:00,471.24,58,active
SH_9981,MV_544,TH_224,SC_191,2024-02-02,22:30:00,468.16,170,active
SH_9982,MV_4960,TH_150,SC_216,2025-03-30,22:00:00,208.7,191,active
SH_9983,MV_3367,TH_145,SC_836,2024-09-23,20:45:00,245.18,94,active
SH_9984,MV_3100,TH_117,SC_989,2023-02-20,12:15:00,305.16,135,active
SH_9985,MV_8558,TH_473,SC_344,2024-04-20,12:45:00,401.57,55,active
SH_9986,MV_9952,TH_364,SC_479,2023-10-29,19:00:00,499.93,69,active
SH_9987,MV_8598,TH_67,SC_400,2025-02-13,20:00:00,339.79,107,active
SH_9988,MV_2096,TH_373,SC_896,2025-12-01,10:45:00,206.34,102,active
SH_9991,MV_174,TH_22,SC_641,2023-09-04,12:15:00,230.64,139,active
SH_9992,MV_5191,TH_171,SC_126,2025-12-04,20:00:00,225.48,134,active
SH_9993,MV_285,TH_269,SC_92,2023-05-05,13:00:00,194.89,144,active
SH_9994,MV_1956,TH_176,SC_525,2025-02-14,22:00:00,346.83,194,active
SH_9995,MV_2627,TH_414,SC_562,2024-08-02,19:00:00,164.4,147,active
SH_9996,MV_9289,TH_96,SC_882,2023-01-31,17:15:00,407.58,163,active
SH_9997,MV_1373,TH_208,SC_940,2025-05-19,17:15:00,287.34,87,active
SH_9998,MV_9830,TH_37,SC_608,2025-01-11,16:15:00,339.55,110,active
SH_9999,MV_8825,TH_85,SC_312,2025-04-08,15:00:00,284.14,121,active
SH_10000,MV_7413,TH_211,SC_97,2023-01-29,11:45:00,172.58,172,active
