theater_id,brand_id,name,location,city,state
TH_1,BR_5,PVR Cinemas,Mangalore 101,Mangalore,Karnataka
TH_2,BR_1,Carnival Cinemas,Nagpur 247,Nagpur,Maharashtra
TH_3,BR_2,Cinepolis,Rajkot 160,Rajkot,Gujarat
TH_4,BR_6,Wave Cinemas,Ajmer 379,Ajmer,Rajasthan
TH_5,BR_2,Cinepolis,Jaipur 377,Jaipur,Rajasthan
TH_6,BR_3,INOX,Bhagalpur 228,Bhagalpur,Bihar
TH_7,BR_2,Cinepolis,Gaya 94,Gaya,Bihar
TH_8,BR_4,Miraj Cinemas,Gaya 14,Gaya,Bihar
TH_9,BR_6,Wave Cinemas,Bathinda 308,Bathinda,Punjab
TH_10,BR_1,Carnival Cinemas,Jalandhar 301,Jalandhar,Punjab
TH_11,BR_2,Cinepolis,Muzaffarpur 188,Muzaffarpur,Bihar
TH_12,BR_4,Miraj Cinemas,Bhagalpur 456,Bhagalpur,Bihar
TH_13,BR_4,Miraj Cinemas,Ujjain 296,Ujjain,Madhya Pradesh
TH_14,BR_6,Wave Cinemas,Belgaum 2,Belgaum,Karnataka
TH_15,BR_5,PVR Cinemas,Ludhiana 232,Ludhiana,Punjab
TH_16,BR_5,PVR Cinemas,Howrah 244,Howrah,West Bengal
TH_17,BR_5,PVR Cinemas,Mysore 142,Mysore,Karnataka
TH_18,BR_4,Miraj Cinemas,Varanasi 142,Varanasi,Uttar Pradesh
TH_19,BR_6,Wave Cinemas,Gaya 419,Gaya,Bihar
TH_20,BR_4,Miraj Cinemas,Bathinda 451,Bathinda,Punjab
TH_21,BR_4,Miraj Cinemas,Kota 90,Kota,Rajasthan
TH_22,BR_2,Cinepolis,Amritsar 315,Amritsar,Punjab
TH_23,BR_3,INOX,Salem 352,Salem,Tamil Nadu
TH_24,BR_1,Carnival Cinemas,Asansol 238,Asansol,West Bengal
TH_25,BR_4,Miraj Cinemas,Patna 73,Patna,Bihar
TH_26,BR_6,Wave Cinemas,Asansol 5,Asansol,West Bengal
TH_27,BR_3,INOX,Agra 253,Agra,Uttar Pradesh
TH_28,BR_4,Miraj Cinemas,Chennai 405,Chennai,Tamil Nadu
TH_29,BR_5,PVR Cinemas,Jaipur 182,Jaipur,Rajasthan
TH_30,BR_1,Carnival Cinemas,Patna 351,Patna,Bihar
TH_31,BR_1,Carnival Cinemas,Bhagalpur 199,Bhagalpur,Bihar
TH_32,BR_5,PVR Cinemas,Kolkata 410,Kolkata,West Bengal
TH_33,BR_1,Carnival Cinemas,Jabalpur 20,Jabalpur,Madhya Pradesh
TH_34,BR_2,Cinepolis,Gwalior 300,Gwalior,Madhya Pradesh
TH_35,BR_3,INOX,Mumbai 33,Mumbai,Maharashtra
TH_36,BR_3,INOX,Nashik 175,Nashik,Maharashtra
TH_37,BR_6,Wave Cinemas,Jaipur 67,Jaipur,Rajasthan
TH_38,BR_2,Cinepolis,Patiala 420,Patiala,Punjab
TH_39,BR_6,Wave Cinemas,Nagpur 316,Nagpur,Maharashtra
TH_40,BR_2,Cinepolis,Salem 412,Salem,Tamil Nadu
TH_41,BR_3,INOX,Bathinda 80,Bathinda,Punjab
TH_42,BR_5,PVR Cinemas,Jabalpur 189,Jabalpur,Madhya Pradesh
TH_43,BR_1,Carnival Cinemas,Varanasi 162,Varanasi,Uttar Pradesh
TH_44,BR_2,Cinepolis,Bathinda 340,Bathinda,Punjab
TH_45,BR_3,INOX,Ujjain 326,Ujjain,Madhya Pradesh
TH_46,BR_6,Wave Cinemas,Siliguri 492,Siliguri,West Bengal
TH_47,BR_1,Carnival Cinemas,Varanasi 487,Varanasi,Uttar Pradesh
TH_48,BR_6,Wave Cinemas,Bangalore 340,Bangalore,Karnataka
TH_49,BR_4,Miraj Cinemas,Hubli 34,Hubli,Karnataka
TH_50,BR_2,Cinepolis,Jaipur 223,Jaipur,Rajasthan
TH_51,BR_3,INOX,Asansol 348,Asansol,West Bengal
TH_52,BR_3,INOX,Ludhiana 161,Ludhiana,Punjab
TH_53,BR_3,INOX,Lucknow 354,Lucknow,Uttar Pradesh
TH_54,BR_2,Cinepolis,Surat 57,Surat,Gujarat
TH_55,BR_5,PVR Cinemas,Durgapur 50,Durgapur,West Bengal
TH_56,BR_4,Miraj Cinemas,Pune 61,Pune,Maharashtra
TH_57,BR_5,PVR Cinemas,Agra 61,Agra,Uttar Pradesh
TH_58,BR_1,Carnival Cinemas,Mysore 257,Mysore,Karnataka
TH_59,BR_1,Carnival Cinemas,Salem 68,Salem,Tamil Nadu
TH_60,BR_3,INOX,Kanpur 431,Kanpur,Uttar Pradesh
TH_61,BR_6,Wave Cinemas,Jalandhar 108,Jalandhar,Punjab
TH_62,BR_6,Wave Cinemas,Coimbatore 222,Coimbatore,Tamil Nadu
TH_63,BR_4,Miraj Cinemas,Chennai 337,Chennai,Tamil Nadu
TH_64,BR_4,Miraj Cinemas,Madurai 17,Madurai,Tamil Nadu
TH_65,BR_1,Carnival Cinemas,Hubli 418,Hubli,Karnataka
TH_66,BR_1,Carnival Cinemas,Tiruchirappalli 30,Tiruchirappalli,Tamil Nadu
TH_67,BR_4,Miraj Cinemas,Ludhiana 294,Ludhiana,Punjab
TH_68,BR_3,INOX,Salem 385,Salem,Tamil Nadu
TH_69,BR_5,PVR Cinemas,Vadodara 349,Vadodara,Gujarat
TH_70,BR_6,Wave Cinemas,Asansol 133,Asansol,West Bengal
TH_71,BR_2,Cinepolis,Bangalore 307,Bangalore,Karnataka
TH_72,BR_5,PVR Cinemas,Coimbatore 102,Coimbatore,Tamil Nadu
TH_73,BR_1,Carnival Cinemas,Kanpur 143,Kanpur,Uttar Pradesh
TH_74,BR_4,Miraj Cinemas,Chennai 370,Chennai,Tamil Nadu
TH_75,BR_2,Cinepolis,Ujjain 5,Ujjain,Madhya Pradesh
TH_76,BR_6,Wave Cinemas,Indore 304,Indore,Madhya Pradesh
TH_77,BR_5,PVR Cinemas,Mangalore 78,Mangalore,Karnataka
TH_78,BR_4,Miraj Cinemas,Patiala 13,Patiala,Punjab
TH_79,BR_5,PVR Cinemas,Agra 205,Agra,Uttar Pradesh
TH_80,BR_3,INOX,Pune 276,Pune,Maharashtra
TH_81,BR_3,INOX,Chennai 409,Chennai,Tamil Nadu
TH_82,BR_5,PVR Cinemas,Patna 69,Patna,Bihar
TH_83,BR_2,Cinepolis,Bhopal 212,Bhopal,Madhya Pradesh
TH_84,BR_2,Cinepolis,Madurai 306,Madurai,Tamil Nadu
TH_85,BR_3,INOX,Jabalpur 428,Jabalpur,Madhya Pradesh
TH_86,BR_2,Cinepolis,Bhagalpur 191,Bhagalpur,Bihar
TH_87,BR_6,Wave Cinemas,Bathinda 230,Bathinda,Punjab
TH_88,BR_3,INOX,Nashik 453,Nashik,Maharashtra
TH_89,BR_4,Miraj Cinemas,Jaipur 83,Jaipur,Rajasthan
TH_90,BR_3,INOX,Ujjain 451,Ujjain,Madhya Pradesh
TH_91,BR_4,Miraj Cinemas,Patna 334,Patna,Bihar
TH_92,BR_2,Cinepolis,Nagpur 390,Nagpur,Maharashtra
TH_93,BR_1,Carnival Cinemas,Mumbai 327,Mumbai,Maharashtra
TH_94,BR_5,PVR Cinemas,Mangalore 234,Mangalore,Karnataka
TH_95,BR_1,Carnival Cinemas,Lucknow 241,Lucknow,Uttar Pradesh
TH_96,BR_1,Carnival Cinemas,Mysore 10,Mysore,Karnataka
TH_97,BR_3,INOX,Kota 472,Kota,Rajasthan
TH_98,BR_6,Wave Cinemas,Nagpur 496,Nagpur,Maharashtra
TH_99,BR_6,Wave Cinemas,Rajkot 123,Rajkot,Gujarat
TH_100,BR_3,INOX,Kota 18,Kota,Rajasthan
TH_101,BR_6,Wave Cinemas,Bhavnagar 329,Bhavnagar,Gujarat
TH_102,BR_4,Miraj Cinemas,Bhagalpur 405,Bhagalpur,Bihar
TH_103,BR_3,INOX,Durgapur 373,Durgapur,West Bengal
TH_104,BR_1,Carnival Cinemas,Nashik 189,Nashik,Maharashtra
TH_105,BR_4,Miraj Cinemas,Amritsar 389,Amritsar,Punjab
TH_106,BR_1,Carnival Cinemas,Howrah 387,Howrah,West Bengal
TH_107,BR_6,Wave Cinemas,Bathinda 10,Bathinda,Punjab
TH_108,BR_6,Wave Cinemas,Varanasi 327,Varanasi,Uttar Pradesh
TH_109,BR_4,Miraj Cinemas,Hubli 311,Hubli,Karnataka
TH_110,BR_5,PVR Cinemas,Jaipur 397,Jaipur,Rajasthan
TH_111,BR_3,INOX,Gaya 319,Gaya,Bihar
TH_112,BR_6,Wave Cinemas,Purnia 141,Purnia,Bihar
TH_113,BR_1,Carnival Cinemas,Nagpur 498,Nagpur,Maharashtra
TH_114,BR_2,Cinepolis,Udaipur 319,Udaipur,Rajasthan
TH_115,BR_2,Cinepolis,Meerut 9,Meerut,Uttar Pradesh
TH_116,BR_4,Miraj Cinemas,Rajkot 113,Rajkot,Gujarat
TH_117,BR_4,Miraj Cinemas,Ujjain 84,Ujjain,Madhya Pradesh
TH_118,BR_6,Wave Cinemas,Varanasi 320,Varanasi,Uttar Pradesh
TH_119,BR_4,Miraj Cinemas,Amritsar 152,Amritsar,Punjab
TH_120,BR_1,Carnival Cinemas,Ajmer 163,Ajmer,Rajasthan
TH_121,BR_4,Miraj Cinemas,Varanasi 488,Varanasi,Uttar Pradesh
TH_122,BR_4,Miraj Cinemas,Pune 148,Pune,Maharashtra
TH_123,BR_3,INOX,Ujjain 219,Ujjain,Madhya Pradesh
TH_124,BR_4,Miraj Cinemas,Asansol 56,Asansol,West Bengal
TH_125,BR_2,Cinepolis,Ludhiana 28,Ludhiana,Punjab
TH_126,BR_3,INOX,Patiala 145,Patiala,Punjab
TH_127,BR_1,Carnival Cinemas,Mumbai 285,Mumbai,Maharashtra
TH_128,BR_5,PVR Cinemas,Surat 436,Surat,Gujarat
TH_129,BR_5,PVR Cinemas,Agra 35,Agra,Uttar Pradesh
TH_130,BR_4,Miraj Cinemas,Ujjain 17,Ujjain,Madhya Pradesh
TH_131,BR_4,Miraj Cinemas,Bhagalpur 52,Bhagalpur,Bihar
TH_132,BR_2,Cinepolis,Belgaum 135,Belgaum,Karnataka
TH_133,BR_2,Cinepolis,Howrah 498,Howrah,West Bengal
TH_134,BR_1,Carnival Cinemas,Ludhiana 133,Ludhiana,Punjab
TH_135,BR_5,PVR Cinemas,Kota 53,Kota,Rajasthan
TH_136,BR_2,Cinepolis,Ujjain 248,Ujjain,Madhya Pradesh
TH_137,BR_3,INOX,Udaipur 429,Udaipur,Rajasthan
TH_138,BR_4,Miraj Cinemas,Kolkata 153,Kolkata,West Bengal
TH_139,BR_6,Wave Cinemas,Ujjain 366,Ujjain,Madhya Pradesh
TH_140,BR_4,Miraj Cinemas,Patiala 389,Patiala,Punjab
TH_141,BR_1,Carnival Cinemas,Amritsar 161,Amritsar,Punjab
TH_142,BR_6,Wave Cinemas,Ajmer 210,Ajmer,Rajasthan
TH_143,BR_1,Carnival Cinemas,Indore 469,Indore,Madhya Pradesh
TH_144,BR_5,PVR Cinemas,Pune 485,Pune,Maharashtra
TH_145,BR_4,Miraj Cinemas,Madurai 339,Madurai,Tamil Nadu
TH_146,BR_4,Miraj Cinemas,Bangalore 422,Bangalore,Karnataka
TH_147,BR_1,Carnival Cinemas,Howrah 485,Howrah,West Bengal
TH_148,BR_6,Wave Cinemas,Belgaum 247,Belgaum,Karnataka
TH_149,BR_1,Carnival Cinemas,Tiruchirappalli 93,Tiruchirappalli,Tamil Nadu
TH_150,BR_3,INOX,Asansol 355,Asansol,West Bengal
TH_151,BR_4,Miraj Cinemas,Jabalpur 244,Jabalpur,Madhya Pradesh
TH_152,BR_1,Carnival Cinemas,Bhavnagar 294,Bhavnagar,Gujarat
TH_153,BR_1,Carnival Cinemas,Lucknow 496,Lucknow,Uttar Pradesh
TH_154,BR_3,INOX,Hubli 377,Hubli,Karnataka
TH_155,BR_1,Carnival Cinemas,Rajkot 69,Rajkot,Gujarat
TH_156,BR_1,Carnival Cinemas,Bangalore 146,Bangalore,Karnataka
TH_157,BR_3,INOX,Ludhiana 43,Ludhiana,Punjab
TH_158,BR_3,INOX,Pune 245,Pune,Maharashtra
TH_159,BR_4,Miraj Cinemas,Jabalpur 393,Jabalpur,Madhya Pradesh
TH_160,BR_6,Wave Cinemas,Kota 238,Kota,Rajasthan
TH_161,BR_1,Carnival Cinemas,Coimbatore 351,Coimbatore,Tamil Nadu
TH_162,BR_3,INOX,Nagpur 138,Nagpur,Maharashtra
TH_163,BR_5,PVR Cinemas,Meerut 84,Meerut,Uttar Pradesh
TH_164,BR_1,Carnival Cinemas,Surat 185,Surat,Gujarat
TH_165,BR_2,Cinepolis,Mysore 187,Mysore,Karnataka
TH_166,BR_5,PVR Cinemas,Madurai 408,Madurai,Tamil Nadu
TH_167,BR_5,PVR Cinemas,Mysore 63,Mysore,Karnataka
TH_168,BR_6,Wave Cinemas,Patiala 423,Patiala,Punjab
TH_169,BR_5,PVR Cinemas,Coimbatore 490,Coimbatore,Tamil Nadu
TH_170,BR_5,PVR Cinemas,Jodhpur 320,Jodhpur,Rajasthan
TH_171,BR_6,Wave Cinemas,Tiruchirappalli 100,Tiruchirappalli,Tamil Nadu
TH_172,BR_1,Carnival Cinemas,Amritsar 437,Amritsar,Punjab
TH_173,BR_1,Carnival Cinemas,Bhopal 188,Bhopal,Madhya Pradesh
TH_174,BR_4,Miraj Cinemas,Rajkot 269,Rajkot,Gujarat
TH_175,BR_6,Wave Cinemas,Coimbatore 453,Coimbatore,Tamil Nadu
TH_176,BR_2,Cinepolis,Bangalore 92,Bangalore,Karnataka
TH_177,BR_6,Wave Cinemas,Coimbatore 98,Coimbatore,Tamil Nadu
TH_178,BR_4,Miraj Cinemas,Jabalpur 382,Jabalpur,Madhya Pradesh
TH_179,BR_6,Wave Cinemas,Thane 409,Thane,Maharashtra
TH_180,BR_6,Wave Cinemas,Tiruchirappalli 73,Tiruchirappalli,Tamil Nadu
TH_181,BR_1,Carnival Cinemas,Pune 10,Pune,Maharashtra
TH_182,BR_3,INOX,Jalandhar 28,Jalandhar,Punjab
TH_183,BR_3,INOX,Siliguri 429,Siliguri,West Bengal
TH_184,BR_6,Wave Cinemas,Howrah 459,Howrah,West Bengal
TH_185,BR_3,INOX,Madurai 195,Madurai,Tamil Nadu
TH_186,BR_1,Carnival Cinemas,Nashik 92,Nashik,Maharashtra
TH_187,BR_5,PVR Cinemas,Kolkata 125,Kolkata,West Bengal
TH_188,BR_3,INOX,Bhagalpur 134,Bhagalpur,Bihar
TH_189,BR_3,INOX,Pune 397,Pune,Maharashtra
TH_190,BR_1,Carnival Cinemas,Ludhiana 219,Ludhiana,Punjab
TH_191,BR_3,INOX,Amritsar 426,Amritsar,Punjab
TH_192,BR_2,Cinepolis,Hubli 362,Hubli,Karnataka
TH_193,BR_6,Wave Cinemas,Jalandhar 149,Jalandhar,Punjab
TH_194,BR_3,INOX,Agra 162,Agra,Uttar Pradesh
TH_195,BR_4,Miraj Cinemas,Patna 194,Patna,Bihar
TH_196,BR_4,Miraj Cinemas,Jodhpur 339,Jodhpur,Rajasthan
TH_197,BR_6,Wave Cinemas,Chennai 239,Chennai,Tamil Nadu
TH_198,BR_4,Miraj Cinemas,Belgaum 94,Belgaum,Karnataka
TH_199,BR_4,Miraj Cinemas,Meerut 391,Meerut,Uttar Pradesh
TH_200,BR_6,Wave Cinemas,Belgaum 291,Belgaum,Karnataka
TH_201,BR_3,INOX,Amritsar 148,Amritsar,Punjab
TH_202,BR_2,Cinepolis,Durgapur 145,Durgapur,West Bengal
TH_203,BR_1,Carnival Cinemas,Siliguri 466,Siliguri,West Bengal
TH_204,BR_5,PVR Cinemas,Indore 80,Indore,Madhya Pradesh
TH_205,BR_4,Miraj Cinemas,Udaipur 408,Udaipur,Rajasthan
TH_206,BR_1,Carnival Cinemas,Kolkata 178,Kolkata,West Bengal
TH_207,BR_2,Cinepolis,Madurai 410,Madurai,Tamil Nadu
TH_208,BR_1,Carnival Cinemas,Madurai 214,Madurai,Tamil Nadu
TH_209,BR_6,Wave Cinemas,Bhavnagar 449,Bhavnagar,Gujarat
TH_210,BR_1,Carnival Cinemas,Siliguri 416,Siliguri,West Bengal
TH_211,BR_1,Carnival Cinemas,Ujjain 271,Ujjain,Madhya Pradesh
TH_212,BR_6,Wave Cinemas,Bhopal 492,Bhopal,Madhya Pradesh
TH_213,BR_2,Cinepolis,Ahmedabad 463,Ahmedabad,Gujarat
TH_214,BR_5,PVR Cinemas,Jabalpur 1,Jabalpur,Madhya Pradesh
TH_215,BR_3,INOX,Ludhiana 333,Ludhiana,Punjab
TH_216,BR_1,Carnival Cinemas,Gaya 292,Gaya,Bihar
TH_217,BR_2,Cinepolis,Surat 249,Surat,Gujarat
TH_218,BR_2,Cinepolis,Ahmedabad 82,Ahmedabad,Gujarat
TH_219,BR_5,PVR Cinemas,Asansol 77,Asansol,West Bengal
TH_220,BR_4,Miraj Cinemas,Pune 297,Pune,Maharashtra
TH_221,BR_2,Cinepolis,Asansol 456,Asansol,West Bengal
TH_222,BR_3,INOX,Mumbai 212,Mumbai,Maharashtra
TH_223,BR_4,Miraj Cinemas,Jalandhar 119,Jalandhar,Punjab
TH_224,BR_6,Wave Cinemas,Tiruchirappalli 415,Tiruchirappalli,Tamil Nadu
TH_225,BR_4,Miraj Cinemas,Mangalore 471,Mangalore,Karnataka
TH_226,BR_2,Cinepolis,Patiala 89,Patiala,Punjab
TH_227,BR_1,Carnival Cinemas,Siliguri 105,Siliguri,West Bengal
TH_228,BR_5,PVR Cinemas,Ujjain 301,Ujjain,Madhya Pradesh
TH_229,BR_2,Cinepolis,Kolkata 277,Kolkata,West Bengal
TH_230,BR_2,Cinepolis,Mangalore 382,Mangalore,Karnataka
TH_231,BR_6,Wave Cinemas,Lucknow 252,Lucknow,Uttar Pradesh
TH_232,BR_6,Wave Cinemas,Siliguri 44,Siliguri,West Bengal
TH_233,BR_6,Wave Cinemas,Madurai 254,Madurai,Tamil Nadu
TH_234,BR_6,Wave Cinemas,Durgapur 161,Durgapur,West Bengal
TH_235,BR_1,Carnival Cinemas,Amritsar 166,Amritsar,Punjab
TH_236,BR_2,Cinepolis,Ajmer 257,Ajmer,Rajasthan
TH_237,BR_5,PVR Cinemas,Salem 158,Salem,Tamil Nadu
TH_238,BR_2,Cinepolis,Gwalior 479,Gwalior,Madhya Pradesh
TH_239,BR_2,Cinepolis,Belgaum 490,Belgaum,Karnataka
TH_240,BR_4,Miraj Cinemas,Durgapur 412,Durgapur,West Bengal
TH_241,BR_1,Carnival Cinemas,Asansol 143,Asansol,West Bengal
TH_242,BR_4,Miraj Cinemas,Howrah 37,Howrah,West Bengal
TH_243,BR_5,PVR Cinemas,Coimbatore 75,Coimbatore,Tamil Nadu
TH_244,BR_3,INOX,Gwalior 433,Gwalior,Madhya Pradesh
TH_245,BR_5,PVR Cinemas,Tiruchirappalli 184,Tiruchirappalli,Tamil Nadu
TH_246,BR_5,PVR Cinemas,Muzaffarpur 285,Muzaffarpur,Bihar
TH_247,BR_3,INOX,Mumbai 162,Mumbai,Maharashtra
TH_248,BR_3,INOX,Kolkata 329,Kolkata,West Bengal
TH_249,BR_1,Carnival Cinemas,Bhopal 62,Bhopal,Madhya Pradesh
TH_250,BR_4,Miraj Cinemas,Muzaffarpur 155,Muzaffarpur,Bihar
TH_251,BR_6,Wave Cinemas,Amritsar 464,Amritsar,Punjab
TH_252,BR_2,Cinepolis,Kanpur 497,Kanpur,Uttar Pradesh
TH_253,BR_2,Cinepolis,Patiala 175,Patiala,Punjab
TH_254,BR_3,INOX,Ahmedabad 130,Ahmedabad,Gujarat
TH_255,BR_2,Cinepolis,Jabalpur 452,Jabalpur,Madhya Pradesh
TH_256,BR_5,PVR Cinemas,Madurai 449,Madurai,Tamil Nadu
TH_257,BR_3,INOX,Ludhiana 66,Ludhiana,Punjab
TH_258,BR_5,PVR Cinemas,Mangalore 171,Mangalore,Karnataka
TH_259,BR_2,Cinepolis,Indore 467,Indore,Madhya Pradesh
TH_260,BR_4,Miraj Cinemas,Bathinda 9,Bathinda,Punjab
TH_261,BR_6,Wave Cinemas,Varanasi 425,Varanasi,Uttar Pradesh
TH_262,BR_4,Miraj Cinemas,Patiala 449,Patiala,Punjab
TH_263,BR_2,Cinepolis,Asansol 420,Asansol,West Bengal
TH_264,BR_5,PVR Cinemas,Muzaffarpur 304,Muzaffarpur,Bihar
TH_265,BR_4,Miraj Cinemas,Ajmer 112,Ajmer,Rajasthan
TH_266,BR_5,PVR Cinemas,Mangalore 423,Mangalore,Karnataka
TH_267,BR_3,INOX,Udaipur 75,Udaipur,Rajasthan
TH_268,BR_6,Wave Cinemas,Amritsar 337,Amritsar,Punjab
TH_269,BR_2,Cinepolis,Kanpur 379,Kanpur,Uttar Pradesh
TH_270,BR_2,Cinepolis,Bhavnagar 477,Bhavnagar,Gujarat
TH_271,BR_6,Wave Cinemas,Kanpur 442,Kanpur,Uttar Pradesh
TH_272,BR_2,Cinepolis,Surat 17,Surat,Gujarat
TH_273,BR_5,PVR Cinemas,Agra 121,Agra,Uttar Pradesh
TH_274,BR_2,Cinepolis,Thane 156,Thane,Maharashtra
TH_275,BR_3,INOX,Amritsar 143,Amritsar,Punjab
TH_276,BR_4,Miraj Cinemas,Kota 236,Kota,Rajasthan
TH_277,BR_3,INOX,Pune 222,Pune,Maharashtra
TH_278,BR_3,INOX,Gwalior 235,Gwalior,Madhya Pradesh
TH_279,BR_3,INOX,Ujjain 375,Ujjain,Madhya Pradesh
TH_280,BR_2,Cinepolis,Howrah 218,Howrah,West Bengal
TH_281,BR_4,Miraj Cinemas,Gwalior 198,Gwalior,Madhya Pradesh
TH_282,BR_2,Cinepolis,Durgapur 225,Durgapur,West Bengal
TH_283,BR_5,PVR Cinemas,Durgapur 3,Durgapur,West Bengal
TH_284,BR_3,INOX,Jabalpur 497,Jabalpur,Madhya Pradesh
TH_285,BR_5,PVR Cinemas,Gwalior 147,Gwalior,Madhya Pradesh
TH_286,BR_3,INOX,Lucknow 476,Lucknow,Uttar Pradesh
TH_287,BR_6,Wave Cinemas,Amritsar 481,Amritsar,Punjab
TH_288,BR_2,Cinepolis,Durgapur 138,Durgapur,West Bengal
TH_289,BR_5,PVR Cinemas,Amritsar 451,Amritsar,Punjab
TH_290,BR_6,Wave Cinemas,Ahmedabad 443,Ahmedabad,Gujarat
TH_291,BR_1,Carnival Cinemas,Salem 129,Salem,Tamil Nadu
TH_292,BR_5,PVR Cinemas,Bangalore 420,Bangalore,Karnataka
TH_293,BR_3,INOX,Ahmedabad 229,Ahmedabad,Gujarat
TH_294,BR_3,INOX,Amritsar 236,Amritsar,Punjab
TH_295,BR_3,INOX,Ujjain 485,Ujjain,Madhya Pradesh
TH_296,BR_2,Cinepolis,Mangalore 339,Mangalore,Karnataka
TH_297,BR_4,Miraj Cinemas,Mysore 175,Mysore,Karnataka
TH_298,BR_5,PVR Cinemas,Coimbatore 44,Coimbatore,Tamil Nadu
TH_299,BR_5,PVR Cinemas,Pune 393,Pune,Maharashtra
TH_300,BR_4,Miraj Cinemas,Muzaffarpur 211,Muzaffarpur,Bihar
TH_301,BR_2,Cinepolis,Jaipur 40,Jaipur,Rajasthan
TH_302,BR_6,Wave Cinemas,Howrah 340,Howrah,West Bengal
TH_303,BR_3,INOX,Amritsar 288,Amritsar,Punjab
TH_304,BR_2,Cinepolis,Bathinda 62,Bathinda,Punjab
TH_305,BR_3,INOX,Hubli 15,Hubli,Karnataka
TH_306,BR_2,Cinepolis,Jabalpur 180,Jabalpur,Madhya Pradesh
TH_307,BR_2,Cinepolis,Muzaffarpur 498,Muzaffarpur,Bihar
TH_308,BR_3,INOX,Bhagalpur 429,Bhagalpur,Bihar
TH_309,BR_2,Cinepolis,Mumbai 424,Mumbai,Maharashtra
TH_310,BR_1,Carnival Cinemas,Jabalpur 174,Jabalpur,Madhya Pradesh
TH_311,BR_3,INOX,Lucknow 360,Lucknow,Uttar Pradesh
TH_312,BR_5,PVR Cinemas,Patna 10,Patna,Bihar
TH_313,BR_4,Miraj Cinemas,Kolkata 402,Kolkata,West Bengal
TH_314,BR_6,Wave Cinemas,Salem 131,Salem,Tamil Nadu
TH_315,BR_2,Cinepolis,Bangalore 431,Bangalore,Karnataka
TH_316,BR_5,PVR Cinemas,Ludhiana 291,Ludhiana,Punjab
TH_317,BR_5,PVR Cinemas,Gaya 28,Gaya,Bihar
TH_318,BR_3,INOX,Gaya 355,Gaya,Bihar
TH_319,BR_5,PVR Cinemas,Gwalior 197,Gwalior,Madhya Pradesh
TH_320,BR_4,Miraj Cinemas,Howrah 419,Howrah,West Bengal
TH_321,BR_5,PVR Cinemas,Patna 87,Patna,Bihar
TH_322,BR_3,INOX,Bhavnagar 423,Bhavnagar,Gujarat
TH_323,BR_6,Wave Cinemas,Tiruchirappalli 373,Tiruchirappalli,Tamil Nadu
TH_324,BR_1,Carnival Cinemas,Bangalore 452,Bangalore,Karnataka
TH_325,BR_5,PVR Cinemas,Purnia 431,Purnia,Bihar
TH_326,BR_2,Cinepolis,Nashik 172,Nashik,Maharashtra
TH_327,BR_6,Wave Cinemas,Mangalore 465,Mangalore,Karnataka
TH_328,BR_1,Carnival Cinemas,Nagpur 217,Nagpur,Maharashtra
TH_329,BR_1,Carnival Cinemas,Kota 315,Kota,Rajasthan
TH_330,BR_6,Wave Cinemas,Thane 41,Thane,Maharashtra
TH_331,BR_2,Cinepolis,Bhagalpur 173,Bhagalpur,Bihar
TH_332,BR_4,Miraj Cinemas,Chennai 297,Chennai,Tamil Nadu
TH_333,BR_2,Cinepolis,Gwalior 418,Gwalior,Madhya Pradesh
TH_334,BR_4,Miraj Cinemas,Mangalore 417,Mangalore,Karnataka
TH_335,BR_4,Miraj Cinemas,Hubli 91,Hubli,Karnataka
TH_336,BR_3,INOX,Jalandhar 460,Jalandhar,Punjab
TH_337,BR_1,Carnival Cinemas,Kolkata 106,Kolkata,West Bengal
TH_338,BR_4,Miraj Cinemas,Udaipur 247,Udaipur,Rajasthan
TH_339,BR_4,Miraj Cinemas,Surat 117,Surat,Gujarat
TH_340,BR_3,INOX,Mumbai 332,Mumbai,Maharashtra
TH_341,BR_3,INOX,Madurai 482,Madurai,Tamil Nadu
TH_342,BR_3,INOX,Pune 6,Pune,Maharashtra
TH_343,BR_6,Wave Cinemas,Chennai 286,Chennai,Tamil Nadu
TH_344,BR_5,PVR Cinemas,Mangalore 16,Mangalore,Karnataka
TH_345,BR_2,Cinepolis,Hubli 466,Hubli,Karnataka
TH_346,BR_6,Wave Cinemas,Patna 439,Patna,Bihar
TH_347,BR_1,Carnival Cinemas,Mumbai 351,Mumbai,Maharashtra
TH_348,BR_4,Miraj Cinemas,Muzaffarpur 244,Muzaffarpur,Bihar
TH_349,BR_6,Wave Cinemas,Udaipur 182,Udaipur,Rajasthan
TH_350,BR_1,Carnival Cinemas,Vadodara 7,Vadodara,Gujarat
TH_351,BR_6,Wave Cinemas,Mangalore 335,Mangalore,Karnataka
TH_352,BR_4,Miraj Cinemas,Chennai 115,Chennai,Tamil Nadu
TH_353,BR_2,Cinepolis,Ludhiana 139,Ludhiana,Punjab
TH_354,BR_6,Wave Cinemas,Surat 491,Surat,Gujarat
TH_355,BR_1,Carnival Cinemas,Nashik 283,Nashik,Maharashtra
TH_356,BR_5,PVR Cinemas,Bhagalpur 202,Bhagalpur,Bihar
TH_357,BR_1,Carnival Cinemas,Chennai 330,Chennai,Tamil Nadu
TH_358,BR_3,INOX,Mangalore 196,Mangalore,Karnataka
TH_359,BR_5,PVR Cinemas,Durgapur 234,Durgapur,West Bengal
TH_360,BR_3,INOX,Ahmedabad 186,Ahmedabad,Gujarat
TH_361,BR_5,PVR Cinemas,Salem 241,Salem,Tamil Nadu
TH_362,BR_1,Carnival Cinemas,Bhopal 126,Bhopal,Madhya Pradesh
TH_363,BR_2,Cinepolis,Ujjain 5,Ujjain,Madhya Pradesh
TH_364,BR_1,Carnival Cinemas,Hubli 449,Hubli,Karnataka
TH_365,BR_1,Carnival Cinemas,Asansol 293,Asansol,West Bengal
TH_366,BR_6,Wave Cinemas,Purnia 500,Purnia,Bihar
TH_367,BR_4,Miraj Cinemas,Surat 119,Surat,Gujarat
TH_368,BR_6,Wave Cinemas,Bhavnagar 342,Bhavnagar,Gujarat
TH_369,BR_4,Miraj Cinemas,Jalandhar 42,Jalandhar,Punjab
TH_370,BR_5,PVR Cinemas,Howrah 47,Howrah,West Bengal
TH_371,BR_2,Cinepolis,Nagpur 412,Nagpur,Maharashtra
TH_372,BR_5,PVR Cinemas,Kota 390,Kota,Rajasthan
TH_373,BR_2,Cinepolis,Belgaum 110,Belgaum,Karnataka
TH_374,BR_1,Carnival Cinemas,Meerut 212,Meerut,Uttar Pradesh
TH_375,BR_2,Cinepolis,Meerut 28,Meerut,Uttar Pradesh
TH_376,BR_3,INOX,Ujjain 302,Ujjain,Madhya Pradesh
TH_377,BR_4,Miraj Cinemas,Salem 59,Salem,Tamil Nadu
TH_378,BR_3,INOX,Nashik 35,Nashik,Maharashtra
TH_379,BR_6,Wave Cinemas,Pune 248,Pune,Maharashtra
TH_380,BR_2,Cinepolis,Ahmedabad 360,Ahmedabad,Gujarat
TH_381,BR_2,Cinepolis,Purnia 62,Purnia,Bihar
TH_382,BR_4,Miraj Cinemas,Jodhpur 314,Jodhpur,Rajasthan
TH_383,BR_1,Carnival Cinemas,Bhavnagar 357,Bhavnagar,Gujarat
TH_384,BR_2,Cinepolis,Surat 457,Surat,Gujarat
TH_385,BR_5,PVR Cinemas,Lucknow 6,Lucknow,Uttar Pradesh
TH_386,BR_4,Miraj Cinemas,Bhopal 191,Bhopal,Madhya Pradesh
TH_387,BR_3,INOX,Jabalpur 333,Jabalpur,Madhya Pradesh
TH_388,BR_1,Carnival Cinemas,Ludhiana 242,Ludhiana,Punjab
TH_389,BR_1,Carnival Cinemas,Asansol 452,Asansol,West Bengal
TH_390,BR_4,Miraj Cinemas,Kolkata 98,Kolkata,West Bengal
TH_391,BR_4,Miraj Cinemas,Bhavnagar 309,Bhavnagar,Gujarat
TH_392,BR_4,Miraj Cinemas,Indore 129,Indore,Madhya Pradesh
TH_393,BR_1,Carnival Cinemas,Jaipur 176,Jaipur,Rajasthan
TH_394,BR_2,Cinepolis,Howrah 244,Howrah,West Bengal
TH_395,BR_1,Carnival Cinemas,Mumbai 471,Mumbai,Maharashtra
TH_396,BR_2,Cinepolis,Agra 68,Agra,Uttar Pradesh
TH_397,BR_3,INOX,Agra 152,Agra,Uttar Pradesh
TH_398,BR_1,Carnival Cinemas,Coimbatore 244,Coimbatore,Tamil Nadu
TH_399,BR_1,Carnival Cinemas,Coimbatore 350,Coimbatore,Tamil Nadu
TH_400,BR_3,INOX,Ajmer 96,Ajmer,Rajasthan
TH_401,BR_6,Wave Cinemas,Belgaum 406,Belgaum,Karnataka
TH_402,BR_2,Cinepolis,Meerut 233,Meerut,Uttar Pradesh
TH_403,BR_1,Carnival Cinemas,Bhavnagar 437,Bhavnagar,Gujarat
TH_404,BR_6,Wave Cinemas,Howrah 184,Howrah,West Bengal
TH_405,BR_6,Wave Cinemas,Siliguri 393,Siliguri,West Bengal
TH_406,BR_6,Wave Cinemas,Ajmer 225,Ajmer,Rajasthan
TH_407,BR_1,Carnival Cinemas,Amritsar 433,Amritsar,Punjab
TH_408,BR_1,Carnival Cinemas,Kota 218,Kota,Rajasthan
TH_409,BR_2,Cinepolis,Jodhpur 203,Jodhpur,Rajasthan
TH_410,BR_5,PVR Cinemas,Mysore 143,Mysore,Karnataka
TH_411,BR_1,Carnival Cinemas,Gwalior 364,Gwalior,Madhya Pradesh
TH_412,BR_4,Miraj Cinemas,Jalandhar 451,Jalandhar,Punjab
TH_413,BR_3,INOX,Thane 211,Thane,Maharashtra
TH_414,BR_3,INOX,Ajmer 287,Ajmer,Rajasthan
TH_415,BR_3,INOX,Bhagalpur 205,Bhagalpur,Bihar
TH_416,BR_4,Miraj Cinemas,Bhopal 448,Bhopal,Madhya Pradesh
TH_417,BR_4,Miraj Cinemas,Jaipur 166,Jaipur,Rajasthan
TH_418,BR_6,Wave Cinemas,Varanasi 6,Varanasi,Uttar Pradesh
TH_419,BR_3,INOX,Bhavnagar 425,Bhavnagar,Gujarat
TH_420,BR_1,Carnival Cinemas,Bathinda 310,Bathinda,Punjab
TH_421,BR_5,PVR Cinemas,Kolkata 181,Kolkata,West Bengal
TH_422,BR_2,Cinepolis,Hubli 156,Hubli,Karnataka
TH_423,BR_4,Miraj Cinemas,Durgapur 109,Durgapur,West Bengal
TH_424,BR_5,PVR Cinemas,Ajmer 371,Ajmer,Rajasthan
TH_425,BR_3,INOX,Patiala 485,Patiala,Punjab
TH_426,BR_6,Wave Cinemas,Kota 161,Kota,Rajasthan
TH_427,BR_6,Wave Cinemas,Bhopal 361,Bhopal,Madhya Pradesh
TH_428,BR_5,PVR Cinemas,Bangalore 334,Bangalore,Karnataka
TH_429,BR_2,Cinepolis,Jodhpur 71,Jodhpur,Rajasthan
TH_430,BR_4,Miraj Cinemas,Tiruchirappalli 86,Tiruchirappalli,Tamil Nadu
TH_431,BR_3,INOX,Mysore 269,Mysore,Karnataka
TH_432,BR_5,PVR Cinemas,Bhagalpur 11,Bhagalpur,Bihar
TH_433,BR_6,Wave Cinemas,Bhopal 214,Bhopal,Madhya Pradesh
TH_434,BR_6,Wave Cinemas,Jodhpur 91,Jodhpur,Rajasthan
TH_435,BR_3,INOX,Madurai 327,Madurai,Tamil Nadu
TH_436,BR_4,Miraj Cinemas,Agra 131,Agra,Uttar Pradesh
TH_437,BR_3,INOX,Kota 423,Kota,Rajasthan
TH_438,BR_4,Miraj Cinemas,Udaipur 218,Udaipur,Rajasthan
TH_439,BR_1,Carnival Cinemas,Salem 138,Salem,Tamil Nadu
TH_440,BR_5,PVR Cinemas,Mangalore 165,Mangalore,Karnataka
TH_441,BR_3,INOX,Lucknow 221,Lucknow,Uttar Pradesh
TH_442,BR_1,Carnival Cinemas,Siliguri 7,Siliguri,West Bengal
TH_443,BR_5,PVR Cinemas,Amritsar 48,Amritsar,Punjab
TH_444,BR_3,INOX,Madurai 375,Madurai,Tamil Nadu
TH_445,BR_1,Carnival Cinemas,Agra 246,Agra,Uttar Pradesh
TH_446,BR_4,Miraj Cinemas,Bhopal 311,Bhopal,Madhya Pradesh
TH_447,BR_5,PVR Cinemas,Meerut 311,Meerut,Uttar Pradesh
TH_448,BR_2,Cinepolis,Ujjain 486,Ujjain,Madhya Pradesh
TH_449,BR_6,Wave Cinemas,Bhavnagar 153,Bhavnagar,Gujarat
TH_450,BR_5,PVR Cinemas,Rajkot 436,Rajkot,Gujarat
TH_451,BR_2,Cinepolis,Durgapur 70,Durgapur,West Bengal
TH_452,BR_2,Cinepolis,Ajmer 131,Ajmer,Rajasthan
TH_453,BR_5,PVR Cinemas,Ujjain 317,Ujjain,Madhya Pradesh
TH_454,BR_1,Carnival Cinemas,Lucknow 434,Lucknow,Uttar Pradesh
TH_455,BR_5,PVR Cinemas,Hubli 223,Hubli,Karnataka
TH_456,BR_1,Carnival Cinemas,Coimbatore 460,Coimbatore,Tamil Nadu
TH_457,BR_3,INOX,Bangalore 204,Bangalore,Karnataka
TH_458,BR_1,Carnival Cinemas,Bhavnagar 68,Bhavnagar,Gujarat
TH_459,BR_6,Wave Cinemas,Jaipur 148,Jaipur,Rajasthan
TH_460,BR_6,Wave Cinemas,Thane 93,Thane,Maharashtra
TH_461,BR_4,Miraj Cinemas,Durgapur 442,Durgapur,West Bengal
TH_462,BR_6,Wave Cinemas,Madurai 68,Madurai,Tamil Nadu
TH_463,BR_2,Cinepolis,Howrah 323,Howrah,West Bengal
TH_464,BR_3,INOX,Ajmer 226,Ajmer,Rajasthan
TH_465,BR_5,PVR Cinemas,Durgapur 318,Durgapur,West Bengal
TH_466,BR_2,Cinepolis,Mysore 348,Mysore,Karnataka
TH_467,BR_5,PVR Cinemas,Chennai 306,Chennai,Tamil Nadu
TH_468,BR_5,PVR Cinemas,Indore 88,Indore,Madhya Pradesh
TH_469,BR_4,Miraj Cinemas,Varanasi 406,Varanasi,Uttar Pradesh
TH_470,BR_2,Cinepolis,Mangalore 247,Mangalore,Karnataka
TH_471,BR_4,Miraj Cinemas,Purnia 323,Purnia,Bihar
TH_472,BR_5,PVR Cinemas,Thane 468,Thane,Maharashtra
TH_473,BR_3,INOX,Mumbai 459,Mumbai,Maharashtra
TH_474,BR_6,Wave Cinemas,Bhopal 250,Bhopal,Madhya Pradesh
TH_475,BR_3,INOX,Tiruchirappalli 101,Tiruchirappalli,Tamil Nadu
TH_476,BR_4,Miraj Cinemas,Gwalior 246,Gwalior,Madhya Pradesh
TH_477,BR_4,Miraj Cinemas,Bhopal 284,Bhopal,Madhya Pradesh
TH_478,BR_5,PVR Cinemas,Ajmer 254,Ajmer,Rajasthan
TH_479,BR_5,PVR Cinemas,Belgaum 282,Belgaum,Karnataka
TH_480,BR_5,PVR Cinemas,Bangalore 181,Bangalore,Karnataka
TH_481,BR_5,PVR Cinemas,Udaipur 150,Udaipur,Rajasthan
TH_482,BR_4,Miraj Cinemas,Jaipur 250,Jaipur,Rajasthan
TH_483,BR_6,Wave Cinemas,Ajmer 271,Ajmer,Rajasthan
TH_484,BR_3,INOX,Jalandhar 6,Jalandhar,Punjab
TH_485,BR_6,Wave Cinemas,Ludhiana 96,Ludhiana,Punjab
TH_486,BR_2,Cinepolis,Salem 83,Salem,Tamil Nadu
TH_487,BR_4,Miraj Cinemas,Ahmedabad 458,Ahmedabad,Gujarat
TH_488,BR_4,Miraj Cinemas,Agra 235,Agra,Uttar Pradesh
TH_489,BR_6,Wave Cinemas,Nagpur 361,Nagpur,Maharashtra
TH_490,BR_1,Carnival Cinemas,Vadodara 428,Vadodara,Gujarat
TH_491,BR_5,PVR Cinemas,Asansol 142,Asansol,West Bengal
TH_492,BR_1,Carnival Cinemas,Bhavnagar 120,Bhavnagar,Gujarat
TH_493,BR_6,Wave Cinemas,Mumbai 398,Mumbai,Maharashtra
TH_494,BR_4,Miraj Cinemas,Patiala 4,Patiala,Punjab
TH_495,BR_3,INOX,Varanasi 94,Varanasi,Uttar Pradesh
TH_496,BR_2,Cinepolis,Jalandhar 77,Jalandhar,Punjab
TH_497,BR_3,INOX,Mangalore 405,Mangalore,Karnataka
TH_498,BR_1,Carnival Cinemas,Vadodara 219,Vadodara,Gujarat
TH_499,BR_1,Carnival Cinemas,Ahmedabad 142,Ahmedabad,Gujarat
TH_500,BR_4,Miraj Cinemas,Ludhiana 105,Ludhiana,Punjab
TH_501,BR_5,PVR Cinemas,Hubli 12,Hubli,Karnataka
TH_502,BR_1,Carnival Cinemas,Bangalore 139,Bangalore,Karnataka
TH_503,BR_2,Cinepolis,Meerut 96,Meerut,Uttar Pradesh
TH_504,BR_6,Wave Cinemas,Agra 248,Agra,Uttar Pradesh
TH_505,BR_2,Cinepolis,Siliguri 315,Siliguri,West Bengal
TH_506,BR_3,INOX,Muzaffarpur 25,Muzaffarpur,Bihar
TH_507,BR_2,Cinepolis,Hubli 224,Hubli,Karnataka
TH_508,BR_4,Miraj Cinemas,Bhavnagar 192,Bhavnagar,Gujarat
TH_509,BR_6,Wave Cinemas,Coimbatore 480,Coimbatore,Tamil Nadu
TH_510,BR_1,Carnival Cinemas,Bhavnagar 57,Bhavnagar,Gujarat
TH_511,BR_2,Cinepolis,Coimbatore 269,Coimbatore,Tamil Nadu
TH_512,BR_4,Miraj Cinemas,Jalandhar 254,Jalandhar,Punjab
TH_513,BR_4,Miraj Cinemas,Udaipur 297,Udaipur,Rajasthan
TH_514,BR_6,Wave Cinemas,Nagpur 54,Nagpur,Maharashtra
TH_515,BR_5,PVR Cinemas,Gaya 461,Gaya,Bihar
TH_516,BR_5,PVR Cinemas,Kanpur 373,Kanpur,Uttar Pradesh
TH_517,BR_5,PVR Cinemas,Salem 379,Salem,Tamil Nadu
TH_518,BR_4,Miraj Cinemas,Surat 183,Surat,Gujarat
TH_519,BR_6,Wave Cinemas,Gwalior 38,Gwalior,Madhya Pradesh
TH_520,BR_4,Miraj Cinemas,Kolkata 371,Kolkata,West Bengal
TH_521,BR_4,Miraj Cinemas,Howrah 327,Howrah,West Bengal
TH_522,BR_2,Cinepolis,Jaipur 463,Jaipur,Rajasthan
TH_523,BR_3,INOX,Bathinda 250,Bathinda,Punjab
TH_524,BR_1,Carnival Cinemas,Bathinda 169,Bathinda,Punjab
TH_525,BR_4,Miraj Cinemas,Agra 439,Agra,Uttar Pradesh
TH_526,BR_6,Wave Cinemas,Varanasi 319,Varanasi,Uttar Pradesh
TH_527,BR_3,INOX,Mysore 352,Mysore,Karnataka
TH_528,BR_4,Miraj Cinemas,Kota 302,Kota,Rajasthan
TH_529,BR_5,PVR Cinemas,Bhavnagar 478,Bhavnagar,Gujarat
TH_530,BR_1,Carnival Cinemas,Ujjain 252,Ujjain,Madhya Pradesh
TH_531,BR_1,Carnival Cinemas,Tiruchirappalli 207,Tiruchirappalli,Tamil Nadu
TH_532,BR_5,PVR Cinemas,Jaipur 146,Jaipur,Rajasthan
TH_533,BR_1,Carnival Cinemas,Udaipur 19,Udaipur,Rajasthan
TH_534,BR_2,Cinepolis,Bangalore 349,Bangalore,Karnataka
TH_535,BR_3,INOX,Amritsar 449,Amritsar,Punjab
TH_536,BR_3,INOX,Mysore 53,Mysore,Karnataka
TH_537,BR_6,Wave Cinemas,Durgapur 134,Durgapur,West Bengal
TH_538,BR_2,Cinepolis,Hubli 63,Hubli,Karnataka
TH_539,BR_6,Wave Cinemas,Pune 168,Pune,Maharashtra
TH_540,BR_2,Cinepolis,Kota 176,Kota,Rajasthan
TH_541,BR_3,INOX,Amritsar 409,Amritsar,Punjab
TH_542,BR_5,PVR Cinemas,Thane 303,Thane,Maharashtra
TH_543,BR_1,Carnival Cinemas,Purnia 379,Purnia,Bihar
TH_544,BR_2,Cinepolis,Ahmedabad 55,Ahmedabad,Gujarat
TH_545,BR_3,INOX,Ajmer 486,Ajmer,Rajasthan
TH_546,BR_6,Wave Cinemas,Varanasi 96,Varanasi,Uttar Pradesh
TH_547,BR_1,Carnival Cinemas,Kota 433,Kota,Rajasthan
TH_548,BR_6,Wave Cinemas,Patiala 310,Patiala,Punjab
TH_549,BR_4,Miraj Cinemas,Mysore 207,Mysore,Karnataka
TH_550,BR_2,Cinepolis,Hubli 96,Hubli,Karnataka
TH_551,BR_3,INOX,Patiala 72,Patiala,Punjab
TH_552,BR_3,INOX,Coimbatore 404,Coimbatore,Tamil Nadu
TH_553,BR_3,INOX,Meerut 159,Meerut,Uttar Pradesh
TH_554,BR_2,Cinepolis,Jabalpur 447,Jabalpur,Madhya Pradesh
TH_555,BR_5,PVR Cinemas,Muzaffarpur 234,Muzaffarpur,Bihar
TH_556,BR_4,Miraj Cinemas,Udaipur 403,Udaipur,Rajasthan
TH_557,BR_5,PVR Cinemas,Bangalore 70,Bangalore,Karnataka
TH_558,BR_1,Carnival Cinemas,Lucknow 495,Lucknow,Uttar Pradesh
TH_559,BR_1,Carnival Cinemas,Tiruchirappalli 447,Tiruchirappalli,Tamil Nadu
TH_560,BR_3,INOX,Asansol 433,Asansol,West Bengal
TH_561,BR_6,Wave Cinemas,Tiruchirappalli 4,Tiruchirappalli,Tamil Nadu
TH_562,BR_6,Wave Cinemas,Indore 178,Indore,Madhya Pradesh
TH_563,BR_4,Miraj Cinemas,Patna 161,Patna,Bihar
TH_564,BR_4,Miraj Cinemas,Purnia 102,Purnia,Bihar
TH_565,BR_1,Carnival Cinemas,Bhagalpur 238,Bhagalpur,Bihar
TH_566,BR_1,Carnival Cinemas,Muzaffarpur 159,Muzaffarpur,Bihar
TH_567,BR_4,Miraj Cinemas,Ludhiana 316,Ludhiana,Punjab
TH_568,BR_3,INOX,Siliguri 358,Siliguri,West Bengal
TH_569,BR_5,PVR Cinemas,Mumbai 104,Mumbai,Maharashtra
TH_570,BR_6,Wave Cinemas,Howrah 161,Howrah,West Bengal
TH_571,BR_2,Cinepolis,Muzaffarpur 364,Muzaffarpur,Bihar
TH_572,BR_5,PVR Cinemas,Madurai 304,Madurai,Tamil Nadu
TH_573,BR_1,Carnival Cinemas,Madurai 233,Madurai,Tamil Nadu
TH_574,BR_4,Miraj Cinemas,Durgapur 90,Durgapur,West Bengal
TH_575,BR_2,Cinepolis,Udaipur 8,Udaipur,Rajasthan
TH_576,BR_6,Wave Cinemas,Kanpur 357,Kanpur,Uttar Pradesh
TH_577,BR_5,PVR Cinemas,Indore 277,Indore,Madhya Pradesh
TH_578,BR_4,Miraj Cinemas,Mysore 114,Mysore,Karnataka
TH_579,BR_5,PVR Cinemas,Nagpur 407,Nagpur,Maharashtra
TH_580,BR_3,INOX,Varanasi 274,Varanasi,Uttar Pradesh
TH_581,BR_3,INOX,Mumbai 445,Mumbai,Maharashtra
TH_582,BR_5,PVR Cinemas,Ajmer 183,Ajmer,Rajasthan
TH_583,BR_2,Cinepolis,Kota 49,Kota,Rajasthan
TH_584,BR_2,Cinepolis,Pune 371,Pune,Maharashtra
TH_585,BR_3,INOX,Bhavnagar 423,Bhavnagar,Gujarat
TH_586,BR_2,Cinepolis,Patiala 465,Patiala,Punjab
TH_587,BR_6,Wave Cinemas,Mangalore 323,Mangalore,Karnataka
TH_588,BR_3,INOX,Vadodara 467,Vadodara,Gujarat
TH_589,BR_4,Miraj Cinemas,Bhagalpur 206,Bhagalpur,Bihar
TH_590,BR_3,INOX,Jabalpur 257,Jabalpur,Madhya Pradesh
TH_591,BR_4,Miraj Cinemas,Gaya 460,Gaya,Bihar
TH_592,BR_2,Cinepolis,Purnia 448,Purnia,Bihar
TH_593,BR_1,Carnival Cinemas,Mumbai 304,Mumbai,Maharashtra
TH_594,BR_5,PVR Cinemas,Ajmer 75,Ajmer,Rajasthan
TH_595,BR_1,Carnival Cinemas,Salem 263,Salem,Tamil Nadu
TH_596,BR_1,Carnival Cinemas,Gwalior 128,Gwalior,Madhya Pradesh
TH_597,BR_3,INOX,Madurai 190,Madurai,Tamil Nadu
TH_598,BR_6,Wave Cinemas,Kanpur 30,Kanpur,Uttar Pradesh
TH_599,BR_6,Wave Cinemas,Surat 253,Surat,Gujarat
TH_600,BR_3,INOX,Muzaffarpur 375,Muzaffarpur,Bihar
TH_601,BR_6,Wave Cinemas,Mangalore 487,Mangalore,Karnataka
TH_602,BR_4,Miraj Cinemas,Patna 191,Patna,Bihar
TH_603,BR_3,INOX,Mangalore 395,Mangalore,Karnataka
TH_604,BR_1,Carnival Cinemas,Bathinda 415,Bathinda,Punjab
TH_605,BR_4,Miraj Cinemas,Jodhpur 1,Jodhpur,Rajasthan
TH_606,BR_1,Carnival Cinemas,Varanasi 38,Varanasi,Uttar Pradesh
TH_607,BR_6,Wave Cinemas,Bhopal 141,Bhopal,Madhya Pradesh
TH_608,BR_6,Wave Cinemas,Amritsar 393,Amritsar,Punjab
TH_609,BR_4,Miraj Cinemas,Madurai 484,Madurai,Tamil Nadu
TH_610,BR_5,PVR Cinemas,Howrah 278,Howrah,West Bengal
TH_611,BR_3,INOX,Indore 272,Indore,Madhya Pradesh
TH_612,BR_6,Wave Cinemas,Coimbatore 249,Coimbatore,Tamil Nadu
TH_613,BR_1,Carnival Cinemas,Howrah 202,Howrah,West Bengal
TH_614,BR_2,Cinepolis,Kota 458,Kota,Rajasthan
TH_615,BR_2,Cinepolis,Nagpur 227,Nagpur,Maharashtra
TH_616,BR_4,Miraj Cinemas,Patna 225,Patna,Bihar
TH_617,BR_4,Miraj Cinemas,Patna 94,Patna,Bihar
TH_618,BR_6,Wave Cinemas,Varanasi 31,Varanasi,Uttar Pradesh
TH_619,BR_4,Miraj Cinemas,Jalandhar 362,Jalandhar,Punjab
TH_620,BR_1,Carnival Cinemas,Madurai 193,Madurai,Tamil Nadu
TH_621,BR_4,Miraj Cinemas,Nagpur 485,Nagpur,Maharashtra
TH_622,BR_4,Miraj Cinemas,Bathinda 230,Bathinda,Punjab
TH_623,BR_3,INOX,Varanasi 292,Varanasi,Uttar Pradesh
TH_624,BR_4,Miraj Cinemas,Ludhiana 138,Ludhiana,Punjab
TH_625,BR_2,Cinepolis,Nashik 30,Nashik,Maharashtra
TH_626,BR_3,INOX,Nagpur 474,Nagpur,Maharashtra
TH_627,BR_1,Carnival Cinemas,Bhagalpur 212,Bhagalpur,Bihar
TH_628,BR_5,PVR Cinemas,Meerut 89,Meerut,Uttar Pradesh
TH_629,BR_5,PVR Cinemas,Mumbai 308,Mumbai,Maharashtra
TH_630,BR_4,Miraj Cinemas,Agra 110,Agra,Uttar Pradesh
TH_631,BR_4,Miraj Cinemas,Muzaffarpur 384,Muzaffarpur,Bihar
TH_632,BR_2,Cinepolis,Udaipur 385,Udaipur,Rajasthan
TH_633,BR_2,Cinepolis,Salem 35,Salem,Tamil Nadu
TH_634,BR_1,Carnival Cinemas,Lucknow 374,Lucknow,Uttar Pradesh
TH_635,BR_5,PVR Cinemas,Kolkata 40,Kolkata,West Bengal
TH_636,BR_2,Cinepolis,Bangalore 44,Bangalore,Karnataka
TH_637,BR_3,INOX,Asansol 157,Asansol,West Bengal
TH_638,BR_4,Miraj Cinemas,Agra 382,Agra,Uttar Pradesh
TH_639,BR_6,Wave Cinemas,Meerut 380,Meerut,Uttar Pradesh
TH_640,BR_4,Miraj Cinemas,Coimbatore 104,Coimbatore,Tamil Nadu
TH_641,BR_1,Carnival Cinemas,Bhavnagar 489,Bhavnagar,Gujarat
TH_642,BR_6,Wave Cinemas,Vadodara 35,Vadodara,Gujarat
TH_643,BR_1,Carnival Cinemas,Patiala 273,Patiala,Punjab
TH_644,BR_5,PVR Cinemas,Thane 80,Thane,Maharashtra
TH_645,BR_4,Miraj Cinemas,Kanpur 485,Kanpur,Uttar Pradesh
TH_646,BR_4,Miraj Cinemas,Kota 317,Kota,Rajasthan
TH_647,BR_1,Carnival Cinemas,Madurai 231,Madurai,Tamil Nadu
TH_648,BR_6,Wave Cinemas,Nashik 138,Nashik,Maharashtra
TH_649,BR_1,Carnival Cinemas,Ludhiana 238,Ludhiana,Punjab
TH_650,BR_3,INOX,Jodhpur 327,Jodhpur,Rajasthan
TH_651,BR_4,Miraj Cinemas,Patiala 26,Patiala,Punjab
TH_652,BR_1,Carnival Cinemas,Madurai 154,Madurai,Tamil Nadu
TH_653,BR_1,Carnival Cinemas,Tiruchirappalli 299,Tiruchirappalli,Tamil Nadu
TH_654,BR_3,INOX,Jabalpur 45,Jabalpur,Madhya Pradesh
TH_655,BR_1,Carnival Cinemas,Gwalior 431,Gwalior,Madhya Pradesh
TH_656,BR_1,Carnival Cinemas,Lucknow 24,Lucknow,Uttar Pradesh
TH_657,BR_3,INOX,Purnia 473,Purnia,Bihar
TH_658,BR_3,INOX,Bangalore 273,Bangalore,Karnataka
TH_659,BR_4,Miraj Cinemas,Patiala 303,Patiala,Punjab
TH_660,BR_6,Wave Cinemas,Jabalpur 229,Jabalpur,Madhya Pradesh
TH_661,BR_1,Carnival Cinemas,Udaipur 4,Udaipur,Rajasthan
TH_662,BR_3,INOX,Varanasi 470,Varanasi,Uttar Pradesh
TH_663,BR_5,PVR Cinemas,Meerut 285,Meerut,Uttar Pradesh
TH_664,BR_1,Carnival Cinemas,Ahmedabad 276,Ahmedabad,Gujarat
TH_665,BR_2,Cinepolis,Nagpur 10,Nagpur,Maharashtra
TH_666,BR_5,PVR Cinemas,Surat 15,Surat,Gujarat
TH_667,BR_5,PVR Cinemas,Meerut 149,Meerut,Uttar Pradesh
TH_668,BR_6,Wave Cinemas,Amritsar 146,Amritsar,Punjab
TH_669,BR_5,PVR Cinemas,Ludhiana 447,Ludhiana,Punjab
TH_670,BR_5,PVR Cinemas,Bangalore 111,Bangalore,Karnataka
TH_671,BR_6,Wave Cinemas,Chennai 358,Chennai,Tamil Nadu
TH_672,BR_1,Carnival Cinemas,Bangalore 480,Bangalore,Karnataka
TH_673,BR_1,Carnival Cinemas,Lucknow 350,Lucknow,Uttar Pradesh
TH_674,BR_4,Miraj Cinemas,Madurai 206,Madurai,Tamil Nadu
TH_675,BR_6,Wave Cinemas,Belgaum 341,Belgaum,Karnataka
TH_676,BR_2,Cinepolis,Ajmer 298,Ajmer,Rajasthan
TH_677,BR_6,Wave Cinemas,Udaipur 82,Udaipur,Rajasthan
TH_678,BR_4,Miraj Cinemas,Tiruchirappalli 116,Tiruchirappalli,Tamil Nadu
TH_679,BR_6,Wave Cinemas,Ujjain 438,Ujjain,Madhya Pradesh
TH_680,BR_6,Wave Cinemas,Lucknow 278,Lucknow,Uttar Pradesh
TH_681,BR_1,Carnival Cinemas,Gaya 164,Gaya,Bihar
TH_682,BR_3,INOX,Thane 332,Thane,Maharashtra
TH_683,BR_3,INOX,Chennai 126,Chennai,Tamil Nadu
TH_684,BR_6,Wave Cinemas,Indore 271,Indore,Madhya Pradesh
TH_685,BR_3,INOX,Indore 336,Indore,Madhya Pradesh
TH_686,BR_1,Carnival Cinemas,Jodhpur 162,Jodhpur,Rajasthan
TH_687,BR_5,PVR Cinemas,Bhopal 306,Bhopal,Madhya Pradesh
TH_688,BR_3,INOX,Kanpur 406,Kanpur,Uttar Pradesh
TH_689,BR_3,INOX,Hubli 72,Hubli,Karnataka
TH_690,BR_1,Carnival Cinemas,Jaipur 27,Jaipur,Rajasthan
TH_691,BR_3,INOX,Rajkot 466,Rajkot,Gujarat
TH_692,BR_2,Cinepolis,Coimbatore 136,Coimbatore,Tamil Nadu
TH_693,BR_6,Wave Cinemas,Bhagalpur 164,Bhagalpur,Bihar
TH_694,BR_3,INOX,Kanpur 357,Kanpur,Uttar Pradesh
TH_695,BR_4,Miraj Cinemas,Surat 453,Surat,Gujarat
TH_696,BR_4,Miraj Cinemas,Purnia 441,Purnia,Bihar
TH_697,BR_6,Wave Cinemas,Nashik 330,Nashik,Maharashtra
TH_698,BR_4,Miraj Cinemas,Nashik 161,Nashik,Maharashtra
TH_699,BR_4,Miraj Cinemas,Nashik 309,Nashik,Maharashtra
TH_700,BR_6,Wave Cinemas,Pune 85,Pune,Maharashtra
TH_701,BR_3,INOX,Durgapur 380,Durgapur,West Bengal
TH_702,BR_2,Cinepolis,Udaipur 261,Udaipur,Rajasthan
TH_703,BR_1,Carnival Cinemas,Chennai 283,Chennai,Tamil Nadu
TH_704,BR_5,PVR Cinemas,Rajkot 405,Rajkot,Gujarat
TH_705,BR_4,Miraj Cinemas,Vadodara 372,Vadodara,Gujarat
TH_706,BR_1,Carnival Cinemas,Nagpur 33,Nagpur,Maharashtra
TH_707,BR_2,Cinepolis,Vadodara 47,Vadodara,Gujarat
TH_708,BR_1,Carnival Cinemas,Meerut 82,Meerut,Uttar Pradesh
TH_709,BR_6,Wave Cinemas,Mangalore 175,Mangalore,Karnataka
TH_710,BR_1,Carnival Cinemas,Vadodara 161,Vadodara,Gujarat
TH_711,BR_1,Carnival Cinemas,Patiala 30,Patiala,Punjab
TH_712,BR_6,Wave Cinemas,Kolkata 494,Kolkata,West Bengal
TH_713,BR_2,Cinepolis,Varanasi 225,Varanasi,Uttar Pradesh
TH_714,BR_5,PVR Cinemas,Lucknow 425,Lucknow,Uttar Pradesh
TH_715,BR_3,INOX,Bangalore 118,Bangalore,Karnataka
TH_716,BR_1,Carnival Cinemas,Nashik 219,Nashik,Maharashtra
TH_717,BR_2,Cinepolis,Howrah 23,Howrah,West Bengal
TH_718,BR_2,Cinepolis,Amritsar 299,Amritsar,Punjab
TH_719,BR_5,PVR Cinemas,Chennai 490,Chennai,Tamil Nadu
TH_720,BR_4,Miraj Cinemas,Bathinda 485,Bathinda,Punjab
TH_721,BR_2,Cinepolis,Mangalore 230,Mangalore,Karnataka
TH_722,BR_3,INOX,Coimbatore 434,Coimbatore,Tamil Nadu
TH_723,BR_4,Miraj Cinemas,Madurai 443,Madurai,Tamil Nadu
TH_724,BR_6,Wave Cinemas,Mangalore 143,Mangalore,Karnataka
TH_725,BR_4,Miraj Cinemas,Bhopal 20,Bhopal,Madhya Pradesh
TH_726,BR_2,Cinepolis,Ludhiana 194,Ludhiana,Punjab
TH_727,BR_1,Carnival Cinemas,Salem 213,Salem,Tamil Nadu
TH_728,BR_5,PVR Cinemas,Agra 379,Agra,Uttar Pradesh
TH_729,BR_2,Cinepolis,Ajmer 188,Ajmer,Rajasthan
TH_730,BR_2,Cinepolis,Patiala 316,Patiala,Punjab
TH_731,BR_6,Wave Cinemas,Gaya 473,Gaya,Bihar
TH_732,BR_6,Wave Cinemas,Howrah 128,Howrah,West Bengal
TH_733,BR_6,Wave Cinemas,Belgaum 482,Belgaum,Karnataka
TH_734,BR_6,Wave Cinemas,Gwalior 54,Gwalior,Madhya Pradesh
TH_735,BR_1,Carnival Cinemas,Muzaffarpur 278,Muzaffarpur,Bihar
TH_736,BR_2,Cinepolis,Udaipur 245,Udaipur,Rajasthan
TH_737,BR_5,PVR Cinemas,Chennai 266,Chennai,Tamil Nadu
TH_738,BR_2,Cinepolis,Kolkata 6,Kolkata,West Bengal
TH_739,BR_2,Cinepolis,Bhopal 367,Bhopal,Madhya Pradesh
TH_740,BR_4,Miraj Cinemas,Asansol 59,Asansol,West Bengal
TH_741,BR_1,Carnival Cinemas,Purnia 239,Purnia,Bihar
TH_742,BR_4,Miraj Cinemas,Bhagalpur 96,Bhagalpur,Bihar
TH_743,BR_5,PVR Cinemas,Bangalore 160,Bangalore,Karnataka
TH_744,BR_3,INOX,Lucknow 166,Lucknow,Uttar Pradesh
TH_745,BR_5,PVR Cinemas,Bangalore 217,Bangalore,Karnataka
TH_746,BR_5,PVR Cinemas,Hubli 340,Hubli,Karnataka
TH_747,BR_3,INOX,Nashik 344,Nashik,Maharashtra
TH_748,BR_3,INOX,Pune 444,Pune,Maharashtra
TH_749,BR_1,Carnival Cinemas,Bhopal 253,Bhopal,Madhya Pradesh
TH_750,BR_4,Miraj Cinemas,Patna 37,Patna,Bihar
TH_751,BR_6,Wave Cinemas,Patna 68,Patna,Bihar
TH_752,BR_2,Cinepolis,Coimbatore 198,Coimbatore,Tamil Nadu
TH_753,BR_2,Cinepolis,Coimbatore 388,Coimbatore,Tamil Nadu
TH_754,BR_3,INOX,Mangalore 208,Mangalore,Karnataka
TH_755,BR_2,Cinepolis,Rajkot 465,Rajkot,Gujarat
TH_756,BR_5,PVR Cinemas,Ahmedabad 122,Ahmedabad,Gujarat
TH_757,BR_3,INOX,Mumbai 202,Mumbai,Maharashtra
TH_758,BR_5,PVR Cinemas,Jodhpur 186,Jodhpur,Rajasthan
TH_759,BR_2,Cinepolis,Durgapur 109,Durgapur,West Bengal
TH_760,BR_4,Miraj Cinemas,Agra 102,Agra,Uttar Pradesh
TH_761,BR_6,Wave Cinemas,Bhagalpur 210,Bhagalpur,Bihar
TH_762,BR_4,Miraj Cinemas,Bangalore 473,Bangalore,Karnataka
TH_763,BR_2,Cinepolis,Mangalore 484,Mangalore,Karnataka
TH_764,BR_5,PVR Cinemas,Belgaum 157,Belgaum,Karnataka
TH_765,BR_4,Miraj Cinemas,Bhavnagar 218,Bhavnagar,Gujarat
TH_766,BR_5,PVR Cinemas,Gaya 369,Gaya,Bihar
TH_767,BR_3,INOX,Mumbai 400,Mumbai,Maharashtra
TH_768,BR_6,Wave Cinemas,Kota 309,Kota,Rajasthan
TH_769,BR_2,Cinepolis,Pune 83,Pune,Maharashtra
TH_770,BR_2,Cinepolis,Nashik 220,Nashik,Maharashtra
TH_771,BR_6,Wave Cinemas,Patna 334,Patna,Bihar
TH_772,BR_2,Cinepolis,Muzaffarpur 394,Muzaffarpur,Bihar
TH_773,BR_5,PVR Cinemas,Purnia 162,Purnia,Bihar
TH_774,BR_2,Cinepolis,Bangalore 430,Bangalore,Karnataka
TH_775,BR_3,INOX,Ahmedabad 155,Ahmedabad,Gujarat
TH_776,BR_4,Miraj Cinemas,Gwalior 172,Gwalior,Madhya Pradesh
TH_777,BR_3,INOX,Hubli 135,Hubli,Karnataka
TH_778,BR_3,INOX,Bhopal 462,Bhopal,Madhya Pradesh
TH_779,BR_3,INOX,Kota 444,Kota,Rajasthan
TH_780,BR_2,Cinepolis,Jalandhar 351,Jalandhar,Punjab
TH_781,BR_4,Miraj Cinemas,Mumbai 224,Mumbai,Maharashtra
TH_782,BR_2,Cinepolis,Agra 378,Agra,Uttar Pradesh
TH_783,BR_5,PVR Cinemas,Indore 444,Indore,Madhya Pradesh
TH_784,BR_3,INOX,Meerut 496,Meerut,Uttar Pradesh
TH_785,BR_5,PVR Cinemas,Ahmedabad 385,Ahmedabad,Gujarat
TH_786,BR_3,INOX,Ujjain 383,Ujjain,Madhya Pradesh
TH_787,BR_6,Wave Cinemas,Kanpur 74,Kanpur,Uttar Pradesh
TH_788,BR_2,Cinepolis,Hubli 461,Hubli,Karnataka
TH_789,BR_5,PVR Cinemas,Coimbatore 254,Coimbatore,Tamil Nadu
TH_790,BR_6,Wave Cinemas,Patna 221,Patna,Bihar
TH_791,BR_1,Carnival Cinemas,Patiala 277,Patiala,Punjab
TH_792,BR_5,PVR Cinemas,Tiruchirappalli 172,Tiruchirappalli,Tamil Nadu
TH_793,BR_3,INOX,Chennai 191,Chennai,Tamil Nadu
TH_794,BR_3,INOX,Bhopal 232,Bhopal,Madhya Pradesh
TH_795,BR_3,INOX,Amritsar 372,Amritsar,Punjab
TH_796,BR_2,Cinepolis,Varanasi 187,Varanasi,Uttar Pradesh
TH_797,BR_4,Miraj Cinemas,Ludhiana 211,Ludhiana,Punjab
TH_798,BR_5,PVR Cinemas,Mangalore 34,Mangalore,Karnataka
TH_799,BR_5,PVR Cinemas,Patna 474,Patna,Bihar
TH_800,BR_4,Miraj Cinemas,Bathinda 142,Bathinda,Punjab
TH_801,BR_2,Cinepolis,Mumbai 175,Mumbai,Maharashtra
TH_802,BR_6,Wave Cinemas,Indore 65,Indore,Madhya Pradesh
TH_803,BR_3,INOX,Pune 57,Pune,Maharashtra
TH_804,BR_2,Cinepolis,Bhavnagar 28,Bhavnagar,Gujarat
TH_805,BR_3,INOX,Nashik 391,Nashik,Maharashtra
TH_806,BR_2,Cinepolis,Purnia 184,Purnia,Bihar
TH_807,BR_2,Cinepolis,Surat 279,Surat,Gujarat
TH_808,BR_3,INOX,Tiruchirappalli 307,Tiruchirappalli,Tamil Nadu
TH_809,BR_2,Cinepolis,Bhopal 464,Bhopal,Madhya Pradesh
TH_810,BR_1,Carnival Cinemas,Vadodara 444,Vadodara,Gujarat
TH_811,BR_3,INOX,Gwalior 385,Gwalior,Madhya Pradesh
TH_812,BR_5,PVR Cinemas,Patiala 110,Patiala,Punjab
TH_813,BR_4,Miraj Cinemas,Nashik 241,Nashik,Maharashtra
TH_814,BR_6,Wave Cinemas,Patiala 473,Patiala,Punjab
TH_815,BR_2,Cinepolis,Kota 22,Kota,Rajasthan
TH_816,BR_5,PVR Cinemas,Bangalore 40,Bangalore,Karnataka
TH_817,BR_5,PVR Cinemas,Durgapur 442,Durgapur,West Bengal
TH_818,BR_3,INOX,Coimbatore 309,Coimbatore,Tamil Nadu
TH_819,BR_5,PVR Cinemas,Ajmer 450,Ajmer,Rajasthan
TH_820,BR_4,Miraj Cinemas,Jabalpur 332,Jabalpur,Madhya Pradesh
TH_821,BR_5,PVR Cinemas,Madurai 268,Madurai,Tamil Nadu
TH_822,BR_3,INOX,Kota 254,Kota,Rajasthan
TH_823,BR_6,Wave Cinemas,Nagpur 388,Nagpur,Maharashtra
TH_824,BR_1,Carnival Cinemas,Bathinda 53,Bathinda,Punjab
TH_825,BR_5,PVR Cinemas,Mangalore 258,Mangalore,Karnataka
TH_826,BR_2,Cinepolis,Nagpur 100,Nagpur,Maharashtra
TH_827,BR_6,Wave Cinemas,Jabalpur 270,Jabalpur,Madhya Pradesh
TH_828,BR_1,Carnival Cinemas,Hubli 55,Hubli,Karnataka
TH_829,BR_1,Carnival Cinemas,Thane 154,Thane,Maharashtra
TH_830,BR_6,Wave Cinemas,Durgapur 266,Durgapur,West Bengal
TH_831,BR_2,Cinepolis,Patiala 159,Patiala,Punjab
TH_832,BR_4,Miraj Cinemas,Nashik 250,Nashik,Maharashtra
TH_833,BR_2,Cinepolis,Salem 322,Salem,Tamil Nadu
TH_834,BR_4,Miraj Cinemas,Patiala 168,Patiala,Punjab
TH_835,BR_4,Miraj Cinemas,Mumbai 112,Mumbai,Maharashtra
TH_836,BR_3,INOX,Bhopal 431,Bhopal,Madhya Pradesh
TH_837,BR_1,Carnival Cinemas,Ujjain 460,Ujjain,Madhya Pradesh
TH_838,BR_4,Miraj Cinemas,Asansol 101,Asansol,West Bengal
TH_839,BR_4,Miraj Cinemas,Kanpur 222,Kanpur,Uttar Pradesh
TH_840,BR_3,INOX,Mangalore 405,Mangalore,Karnataka
TH_841,BR_3,INOX,Ahmedabad 88,Ahmedabad,Gujarat
TH_842,BR_3,INOX,Coimbatore 179,Coimbatore,Tamil Nadu
TH_843,BR_6,Wave Cinemas,Rajkot 311,Rajkot,Gujarat
TH_844,BR_5,PVR Cinemas,Durgapur 354,Durgapur,West Bengal
TH_845,BR_2,Cinepolis,Belgaum 365,Belgaum,Karnataka
TH_846,BR_6,Wave Cinemas,Gwalior 141,Gwalior,Madhya Pradesh
TH_847,BR_1,Carnival Cinemas,Mumbai 172,Mumbai,Maharashtra
TH_848,BR_4,Miraj Cinemas,Madurai 367,Madurai,Tamil Nadu
TH_849,BR_6,Wave Cinemas,Patiala 253,Patiala,Punjab
TH_850,BR_1,Carnival Cinemas,Gwalior 247,Gwalior,Madhya Pradesh
TH_851,BR_6,Wave Cinemas,Varanasi 50,Varanasi,Uttar Pradesh
TH_852,BR_4,Miraj Cinemas,Thane 425,Thane,Maharashtra
TH_853,BR_2,Cinepolis,Asansol 92,Asansol,West Bengal
TH_854,BR_6,Wave Cinemas,Udaipur 108,Udaipur,Rajasthan
TH_855,BR_1,Carnival Cinemas,Mysore 277,Mysore,Karnataka
TH_856,BR_5,PVR Cinemas,Kota 18,Kota,Rajasthan
TH_857,BR_1,Carnival Cinemas,Hubli 278,Hubli,Karnataka
TH_858,BR_3,INOX,Patna 218,Patna,Bihar
TH_859,BR_5,PVR Cinemas,Meerut 122,Meerut,Uttar Pradesh
TH_860,BR_3,INOX,Mysore 341,Mysore,Karnataka
TH_861,BR_5,PVR Cinemas,Madurai 363,Madurai,Tamil Nadu
TH_862,BR_1,Carnival Cinemas,Indore 488,Indore,Madhya Pradesh
TH_863,BR_2,Cinepolis,Thane 231,Thane,Maharashtra
TH_864,BR_1,Carnival Cinemas,Salem 133,Salem,Tamil Nadu
TH_865,BR_1,Carnival Cinemas,Siliguri 381,Siliguri,West Bengal
TH_866,BR_6,Wave Cinemas,Jaipur 489,Jaipur,Rajasthan
TH_867,BR_4,Miraj Cinemas,Muzaffarpur 430,Muzaffarpur,Bihar
TH_868,BR_6,Wave Cinemas,Surat 198,Surat,Gujarat
TH_869,BR_4,Miraj Cinemas,Muzaffarpur 472,Muzaffarpur,Bihar
TH_870,BR_5,PVR Cinemas,Rajkot 321,Rajkot,Gujarat
TH_871,BR_2,Cinepolis,Rajkot 256,Rajkot,Gujarat
TH_872,BR_5,PVR Cinemas,Asansol 83,Asansol,West Bengal
TH_873,BR_2,Cinepolis,Surat 468,Surat,Gujarat
TH_874,BR_1,Carnival Cinemas,Bhagalpur 217,Bhagalpur,Bihar
TH_875,BR_2,Cinepolis,Amritsar 167,Amritsar,Punjab
TH_876,BR_3,INOX,Ujjain 438,Ujjain,Madhya Pradesh
TH_877,BR_4,Miraj Cinemas,Udaipur 338,Udaipur,Rajasthan
TH_878,BR_3,INOX,Durgapur 202,Durgapur,West Bengal
TH_879,BR_6,Wave Cinemas,Coimbatore 94,Coimbatore,Tamil Nadu
TH_880,BR_2,Cinepolis,Ahmedabad 78,Ahmedabad,Gujarat
TH_881,BR_2,Cinepolis,Jabalpur 484,Jabalpur,Madhya Pradesh
TH_882,BR_4,Miraj Cinemas,Mangalore 321,Mangalore,Karnataka
TH_883,BR_1,Carnival Cinemas,Purnia 351,Purnia,Bihar
TH_884,BR_2,Cinepolis,Mangalore 181,Mangalore,Karnataka
TH_885,BR_5,PVR Cinemas,Jodhpur 69,Jodhpur,Rajasthan
TH_886,BR_4,Miraj Cinemas,Jabalpur 42,Jabalpur,Madhya Pradesh
TH_887,BR_3,INOX,Patiala 304,Patiala,Punjab
TH_888,BR_1,Carnival Cinemas,Jodhpur 194,Jodhpur,Rajasthan
TH_889,BR_1,Carnival Cinemas,Thane 223,Thane,Maharashtra
TH_890,BR_4,Miraj Cinemas,Ajmer 389,Ajmer,Rajasthan
TH_891,BR_4,Miraj Cinemas,Mysore 49,Mysore,Karnataka
TH_892,BR_4,Miraj Cinemas,Bangalore 206,Bangalore,Karnataka
TH_893,BR_1,Carnival Cinemas,Siliguri 229,Siliguri,West Bengal
TH_894,BR_2,Cinepolis,Lucknow 185,Lucknow,Uttar Pradesh
TH_895,BR_1,Carnival Cinemas,Surat 69,Surat,Gujarat
TH_896,BR_2,Cinepolis,Jodhpur 35,Jodhpur,Rajasthan
TH_897,BR_3,INOX,Gwalior 207,Gwalior,Madhya Pradesh
TH_898,BR_1,Carnival Cinemas,Meerut 473,Meerut,Uttar Pradesh
TH_899,BR_1,Carnival Cinemas,Indore 474,Indore,Madhya Pradesh
TH_900,BR_3,INOX,Kanpur 214,Kanpur,Uttar Pradesh
TH_901,BR_6,Wave Cinemas,Gaya 166,Gaya,Bihar
TH_902,BR_2,Cinepolis,Bhopal 467,Bhopal,Madhya Pradesh
TH_903,BR_1,Carnival Cinemas,Patna 29,Patna,Bihar
TH_904,BR_6,Wave Cinemas,Varanasi 102,Varanasi,Uttar Pradesh
TH_905,BR_6,Wave Cinemas,Kanpur 49,Kanpur,Uttar Pradesh
TH_906,BR_6,Wave Cinemas,Indore 283,Indore,Madhya Pradesh
TH_907,BR_1,Carnival Cinemas,Jaipur 440,Jaipur,Rajasthan
TH_908,BR_1,Carnival Cinemas,Madurai 270,Madurai,Tamil Nadu
TH_909,BR_2,Cinepolis,Kota 256,Kota,Rajasthan
TH_910,BR_5,PVR Cinemas,Bhagalpur 296,Bhagalpur,Bihar
TH_911,BR_1,Carnival Cinemas,Nashik 263,Nashik,Maharashtra
TH_912,BR_4,Miraj Cinemas,Amritsar 98,Amritsar,Punjab
TH_913,BR_3,INOX,Gaya 461,Gaya,Bihar
TH_914,BR_3,INOX,Gaya 120,Gaya,Bihar
TH_915,BR_3,INOX,Mumbai 263,Mumbai,Maharashtra
TH_916,BR_4,Miraj Cinemas,Hubli 302,Hubli,Karnataka
TH_917,BR_4,Miraj Cinemas,Udaipur 184,Udaipur,Rajasthan
TH_918,BR_6,Wave Cinemas,Jabalpur 33,Jabalpur,Madhya Pradesh
TH_919,BR_3,INOX,Meerut 293,Meerut,Uttar Pradesh
TH_920,BR_1,Carnival Cinemas,Indore 24,Indore,Madhya Pradesh
TH_921,BR_5,PVR Cinemas,Ujjain 218,Ujjain,Madhya Pradesh
TH_922,BR_2,Cinepolis,Thane 46,Thane,Maharashtra
TH_923,BR_4,Miraj Cinemas,Jaipur 139,Jaipur,Rajasthan
TH_924,BR_5,PVR Cinemas,Hubli 20,Hubli,Karnataka
TH_925,BR_3,INOX,Tiruchirappalli 163,Tiruchirappalli,Tamil Nadu
TH_926,BR_6,Wave Cinemas,Meerut 311,Meerut,Uttar Pradesh
TH_927,BR_6,Wave Cinemas,Patna 494,Patna,Bihar
TH_928,BR_5,PVR Cinemas,Bhopal 289,Bhopal,Madhya Pradesh
TH_929,BR_2,Cinepolis,Bangalore 244,Bangalore,Karnataka
TH_930,BR_4,Miraj Cinemas,Asansol 71,Asansol,West Bengal
TH_931,BR_3,INOX,Jaipur 15,Jaipur,Rajasthan
TH_932,BR_5,PVR Cinemas,Kolkata 30,Kolkata,West Bengal
TH_933,BR_6,Wave Cinemas,Nashik 168,Nashik,Maharashtra
TH_934,BR_6,Wave Cinemas,Siliguri 461,Siliguri,West Bengal
TH_935,BR_3,INOX,Lucknow 479,Lucknow,Uttar Pradesh
TH_936,BR_4,Miraj Cinemas,Nashik 258,Nashik,Maharashtra
TH_937,BR_3,INOX,Patiala 181,Patiala,Punjab
TH_938,BR_4,Miraj Cinemas,Jabalpur 302,Jabalpur,Madhya Pradesh
TH_939,BR_1,Carnival Cinemas,Lucknow 102,Lucknow,Uttar Pradesh
TH_940,BR_5,PVR Cinemas,Siliguri 255,Siliguri,West Bengal
TH_941,BR_3,INOX,Hubli 328,Hubli,Karnataka
TH_942,BR_1,Carnival Cinemas,Coimbatore 235,Coimbatore,Tamil Nadu
TH_943,BR_5,PVR Cinemas,Kolkata 196,Kolkata,West Bengal
TH_944,BR_3,INOX,Mangalore 169,Mangalore,Karnataka
TH_945,BR_1,Carnival Cinemas,Bhagalpur 114,Bhagalpur,Bihar
TH_946,BR_4,Miraj Cinemas,Meerut 114,Meerut,Uttar Pradesh
TH_947,BR_5,PVR Cinemas,Bathinda 181,Bathinda,Punjab
TH_948,BR_2,Cinepolis,Udaipur 451,Udaipur,Rajasthan
TH_949,BR_6,Wave Cinemas,Nashik 242,Nashik,Maharashtra
TH_950,BR_5,PVR Cinemas,Nagpur 3,Nagpur,Maharashtra
TH_951,BR_2,Cinepolis,Jaipur 493,Jaipur,Rajasthan
TH_952,BR_2,Cinepolis,Gwalior 106,Gwalior,Madhya Pradesh
TH_953,BR_5,PVR Cinemas,Meerut 310,Meerut,Uttar Pradesh
TH_954,BR_1,Carnival Cinemas,Indore 366,Indore,Madhya Pradesh
TH_955,BR_5,PVR Cinemas,Asansol 439,Asansol,West Bengal
TH_956,BR_1,Carnival Cinemas,Madurai 123,Madurai,Tamil Nadu
TH_957,BR_3,INOX,Bangalore 236,Bangalore,Karnataka
TH_958,BR_1,Carnival Cinemas,Mumbai 485,Mumbai,Maharashtra
TH_959,BR_6,Wave Cinemas,Gaya 251,Gaya,Bihar
TH_960,BR_6,Wave Cinemas,Agra 164,Agra,Uttar Pradesh
TH_961,BR_4,Miraj Cinemas,Bathinda 364,Bathinda,Punjab
TH_962,BR_6,Wave Cinemas,Nagpur 182,Nagpur,Maharashtra
TH_963,BR_2,Cinepolis,Bhopal 361,Bhopal,Madhya Pradesh
TH_964,BR_3,INOX,Jabalpur 141,Jabalpur,Madhya Pradesh
TH_965,BR_5,PVR Cinemas,Gaya 211,Gaya,Bihar
TH_966,BR_2,Cinepolis,Meerut 208,Meerut,Uttar Pradesh
TH_967,BR_5,PVR Cinemas,Surat 202,Surat,Gujarat
TH_968,BR_5,PVR Cinemas,Chennai 165,Chennai,Tamil Nadu
TH_969,BR_4,Miraj Cinemas,Purnia 156,Purnia,Bihar
TH_970,BR_2,Cinepolis,Nashik 77,Nashik,Maharashtra
TH_971,BR_4,Miraj Cinemas,Bhopal 463,Bhopal,Madhya Pradesh
TH_972,BR_5,PVR Cinemas,Siliguri 494,Siliguri,West Bengal
TH_973,BR_3,INOX,Thane 269,Thane,Maharashtra
TH_974,BR_6,Wave Cinemas,Gaya 80,Gaya,Bihar
TH_975,BR_3,INOX,Jalandhar 462,Jalandhar,Punjab
TH_976,BR_4,Miraj Cinemas,Jaipur 493,Jaipur,Rajasthan
TH_977,BR_4,Miraj Cinemas,Durgapur 381,Durgapur,West Bengal
TH_978,BR_5,PVR Cinemas,Jalandhar 224,Jalandhar,Punjab
TH_979,BR_5,PVR Cinemas,Asansol 448,Asansol,West Bengal
TH_980,BR_5,PVR Cinemas,Patna 472,Patna,Bihar
TH_981,BR_5,PVR Cinemas,Agra 135,Agra,Uttar Pradesh
TH_982,BR_4,Miraj Cinemas,Chennai 461,Chennai,Tamil Nadu
TH_983,BR_6,Wave Cinemas,Coimbatore 428,Coimbatore,Tamil Nadu
TH_984,BR_3,INOX,Lucknow 325,Lucknow,Uttar Pradesh
TH_985,BR_6,Wave Cinemas,Coimbatore 113,Coimbatore,Tamil Nadu
TH_986,BR_2,Cinepolis,Gaya 409,Gaya,Bihar
TH_987,BR_4,Miraj Cinemas,Mumbai 464,Mumbai,Maharashtra
TH_988,BR_4,Miraj Cinemas,Mangalore 330,Mangalore,Karnataka
TH_989,BR_6,Wave Cinemas,Pune 237,Pune,Maharashtra
TH_990,BR_1,Carnival Cinemas,Pune 45,Pune,Maharashtra
TH_991,BR_5,PVR Cinemas,Muzaffarpur 465,Muzaffarpur,Bihar
TH_992,BR_1,Carnival Cinemas,Indore 490,Indore,Madhya Pradesh
TH_993,BR_6,Wave Cinemas,Gwalior 158,Gwalior,Madhya Pradesh
TH_994,BR_4,Miraj Cinemas,Jodhpur 39,Jodhpur,Rajasthan
TH_995,BR_3,INOX,Kanpur 60,Kanpur,Uttar Pradesh
TH_996,BR_2,Cinepolis,Bangalore 397,Bangalore,Karnataka
TH_997,BR_3,INOX,Coimbatore 457,Coimbatore,Tamil Nadu
TH_998,BR_1,Carnival Cinemas,Mysore 275,Mysore,Karnataka
TH_999,BR_1,Carnival Cinemas,Belgaum 478,Belgaum,Karnataka
TH_1000,BR_4,Miraj Cinemas,Tiruchirappalli 414,Tiruchirappalli,Tamil Nadu
TH_1001,BR_5,PVR Cinemas,Jalandhar 280,Jalandhar,Punjab
TH_1002,BR_1,Carnival Cinemas,Durgapur 14,Durgapur,West Bengal
TH_1003,BR_2,Cinepolis,Varanasi 94,Varanasi,Uttar Pradesh
TH_1004,BR_6,Wave Cinemas,Ajmer 462,Ajmer,Rajasthan
TH_1005,BR_2,Cinepolis,Madurai 183,Madurai,Tamil Nadu
TH_1006,BR_3,INOX,Siliguri 147,Siliguri,West Bengal
TH_1007,BR_2,Cinepolis,Bathinda 192,Bathinda,Punjab
TH_1008,BR_4,Miraj Cinemas,Kota 213,Kota,Rajasthan
TH_1009,BR_6,Wave Cinemas,Agra 23,Agra,Uttar Pradesh
TH_1010,BR_1,Carnival Cinemas,Gaya 463,Gaya,Bihar
TH_1011,BR_2,Cinepolis,Chennai 459,Chennai,Tamil Nadu
TH_1012,BR_4,Miraj Cinemas,Salem 299,Salem,Tamil Nadu
TH_1013,BR_4,Miraj Cinemas,Bhavnagar 119,Bhavnagar,Gujarat
TH_1014,BR_6,Wave Cinemas,Mumbai 244,Mumbai,Maharashtra
TH_1015,BR_5,PVR Cinemas,Ludhiana 193,Ludhiana,Punjab
TH_1016,BR_5,PVR Cinemas,Coimbatore 473,Coimbatore,Tamil Nadu
TH_1017,BR_5,PVR Cinemas,Agra 368,Agra,Uttar Pradesh
TH_1018,BR_4,Miraj Cinemas,Surat 122,Surat,Gujarat
TH_1019,BR_6,Wave Cinemas,Amritsar 184,Amritsar,Punjab
TH_1020,BR_4,Miraj Cinemas,Agra 193,Agra,Uttar Pradesh
TH_1021,BR_4,Miraj Cinemas,Siliguri 173,Siliguri,West Bengal
TH_1022,BR_2,Cinepolis,Purnia 469,Purnia,Bihar
TH_1023,BR_3,INOX,Mumbai 328,Mumbai,Maharashtra
TH_1024,BR_1,Carnival Cinemas,Bhopal 114,Bhopal,Madhya Pradesh
TH_1025,BR_4,Miraj Cinemas,Jalandhar 369,Jalandhar,Punjab
TH_1026,BR_6,Wave Cinemas,Tiruchirappalli 102,Tiruchirappalli,Tamil Nadu
TH_1027,BR_3,INOX,Coimbatore 101,Coimbatore,Tamil Nadu
TH_1028,BR_4,Miraj Cinemas,Jodhpur 182,Jodhpur,Rajasthan
TH_1029,BR_5,PVR Cinemas,Salem 471,Salem,Tamil Nadu
TH_1030,BR_1,Carnival Cinemas,Mumbai 110,Mumbai,Maharashtra
TH_1031,BR_1,Carnival Cinemas,Jaipur 106,Jaipur,Rajasthan
TH_1032,BR_5,PVR Cinemas,Mysore 340,Mysore,Karnataka
TH_1033,BR_1,Carnival Cinemas,Muzaffarpur 123,Muzaffarpur,Bihar
TH_1034,BR_2,Cinepolis,Pune 228,Pune,Maharashtra
TH_1035,BR_3,INOX,Meerut 487,Meerut,Uttar Pradesh
TH_1036,BR_3,INOX,Gwalior 236,Gwalior,Madhya Pradesh
TH_1037,BR_6,Wave Cinemas,Gwalior 138,Gwalior,Madhya Pradesh
TH_1038,BR_2,Cinepolis,Belgaum 251,Belgaum,Karnataka
TH_1039,BR_6,Wave Cinemas,Patiala 50,Patiala,Punjab
TH_1040,BR_2,Cinepolis,Mangalore 461,Mangalore,Karnataka
TH_1041,BR_3,INOX,Durgapur 430,Durgapur,West Bengal
TH_1042,BR_5,PVR Cinemas,Thane 241,Thane,Maharashtra
TH_1043,BR_1,Carnival Cinemas,Patiala 270,Patiala,Punjab
TH_1044,BR_2,Cinepolis,Ajmer 181,Ajmer,Rajasthan
TH_1045,BR_3,INOX,Jalandhar 455,Jalandhar,Punjab
TH_1046,BR_6,Wave Cinemas,Howrah 333,Howrah,West Bengal
TH_1047,BR_1,Carnival Cinemas,Meerut 173,Meerut,Uttar Pradesh
TH_1048,BR_6,Wave Cinemas,Udaipur 194,Udaipur,Rajasthan
TH_1049,BR_4,Miraj Cinemas,Pune 212,Pune,Maharashtra
TH_1050,BR_2,Cinepolis,Meerut 369,Meerut,Uttar Pradesh
TH_1051,BR_3,INOX,Mysore 179,Mysore,Karnataka
TH_1052,BR_3,INOX,Kota 298,Kota,Rajasthan
TH_1053,BR_3,INOX,Bangalore 15,Bangalore,Karnataka
TH_1054,BR_2,Cinepolis,Purnia 220,Purnia,Bihar
TH_1055,BR_5,PVR Cinemas,Nagpur 187,Nagpur,Maharashtra
TH_1056,BR_4,Miraj Cinemas,Gwalior 38,Gwalior,Madhya Pradesh
TH_1057,BR_5,PVR Cinemas,Salem 368,Salem,Tamil Nadu
TH_1058,BR_1,Carnival Cinemas,Ludhiana 324,Ludhiana,Punjab
TH_1059,BR_1,Carnival Cinemas,Ujjain 11,Ujjain,Madhya Pradesh
TH_1060,BR_3,INOX,Jabalpur 22,Jabalpur,Madhya Pradesh
TH_1061,BR_6,Wave Cinemas,Salem 272,Salem,Tamil Nadu
TH_1062,BR_6,Wave Cinemas,Coimbatore 34,Coimbatore,Tamil Nadu
TH_1063,BR_4,Miraj Cinemas,Thane 391,Thane,Maharashtra
TH_1064,BR_4,Miraj Cinemas,Muzaffarpur 374,Muzaffarpur,Bihar
TH_1065,BR_1,Carnival Cinemas,Durgapur 407,Durgapur,West Bengal
TH_1066,BR_1,Carnival Cinemas,Udaipur 72,Udaipur,Rajasthan
TH_1067,BR_4,Miraj Cinemas,Siliguri 436,Siliguri,West Bengal
TH_1068,BR_3,INOX,Patna 121,Patna,Bihar
TH_1069,BR_5,PVR Cinemas,Thane 182,Thane,Maharashtra
TH_1070,BR_6,Wave Cinemas,Bangalore 67,Bangalore,Karnataka
TH_1071,BR_2,Cinepolis,Pune 412,Pune,Maharashtra
TH_1072,BR_5,PVR Cinemas,Jaipur 145,Jaipur,Rajasthan
TH_1073,BR_1,Carnival Cinemas,Ajmer 165,Ajmer,Rajasthan
TH_1074,BR_4,Miraj Cinemas,Ahmedabad 290,Ahmedabad,Gujarat
TH_1075,BR_2,Cinepolis,Amritsar 214,Amritsar,Punjab
TH_1076,BR_6,Wave Cinemas,Coimbatore 310,Coimbatore,Tamil Nadu
TH_1077,BR_5,PVR Cinemas,Indore 94,Indore,Madhya Pradesh
TH_1078,BR_4,Miraj Cinemas,Kolkata 436,Kolkata,West Bengal
TH_1079,BR_5,PVR Cinemas,Madurai 478,Madurai,Tamil Nadu
TH_1080,BR_3,INOX,Durgapur 62,Durgapur,West Bengal
TH_1081,BR_3,INOX,Ajmer 308,Ajmer,Rajasthan
TH_1082,BR_5,PVR Cinemas,Patna 353,Patna,Bihar
TH_1083,BR_2,Cinepolis,Udaipur 242,Udaipur,Rajasthan
TH_1084,BR_2,Cinepolis,Varanasi 482,Varanasi,Uttar Pradesh
TH_1085,BR_3,INOX,Jaipur 420,Jaipur,Rajasthan
TH_1086,BR_2,Cinepolis,Bhopal 412,Bhopal,Madhya Pradesh
TH_1087,BR_6,Wave Cinemas,Mumbai 94,Mumbai,Maharashtra
TH_1088,BR_3,INOX,Lucknow 343,Lucknow,Uttar Pradesh
TH_1089,BR_4,Miraj Cinemas,Amritsar 60,Amritsar,Punjab
TH_1090,BR_3,INOX,Mysore 266,Mysore,Karnataka
TH_1091,BR_4,Miraj Cinemas,Bangalore 383,Bangalore,Karnataka
TH_1092,BR_2,Cinepolis,Siliguri 99,Siliguri,West Bengal
TH_1093,BR_1,Carnival Cinemas,Gwalior 459,Gwalior,Madhya Pradesh
TH_1094,BR_5,PVR Cinemas,Jodhpur 439,Jodhpur,Rajasthan
TH_1095,BR_1,Carnival Cinemas,Muzaffarpur 184,Muzaffarpur,Bihar
TH_1096,BR_1,Carnival Cinemas,Belgaum 411,Belgaum,Karnataka
TH_1097,BR_3,INOX,Thane 414,Thane,Maharashtra
TH_1098,BR_6,Wave Cinemas,Belgaum 83,Belgaum,Karnataka
TH_1099,BR_6,Wave Cinemas,Pune 480,Pune,Maharashtra
TH_1100,BR_3,INOX,Hubli 84,Hubli,Karnataka
TH_1101,BR_6,Wave Cinemas,Chennai 128,Chennai,Tamil Nadu
TH_1102,BR_4,Miraj Cinemas,Pune 436,Pune,Maharashtra
TH_1103,BR_3,INOX,Bhagalpur 268,Bhagalpur,Bihar
TH_1104,BR_1,Carnival Cinemas,Belgaum 236,Belgaum,Karnataka
TH_1105,BR_4,Miraj Cinemas,Salem 221,Salem,Tamil Nadu
TH_1106,BR_1,Carnival Cinemas,Bhopal 115,Bhopal,Madhya Pradesh
TH_1107,BR_6,Wave Cinemas,Ujjain 453,Ujjain,Madhya Pradesh
TH_1108,BR_6,Wave Cinemas,Varanasi 424,Varanasi,Uttar Pradesh
TH_1109,BR_4,Miraj Cinemas,Jodhpur 159,Jodhpur,Rajasthan
TH_1110,BR_5,PVR Cinemas,Siliguri 93,Siliguri,West Bengal
TH_1111,BR_3,INOX,Gwalior 119,Gwalior,Madhya Pradesh
TH_1112,BR_6,Wave Cinemas,Siliguri 210,Siliguri,West Bengal
TH_1113,BR_1,Carnival Cinemas,Indore 179,Indore,Madhya Pradesh
TH_1114,BR_2,Cinepolis,Gaya 71,Gaya,Bihar
TH_1115,BR_2,Cinepolis,Pune 313,Pune,Maharashtra
TH_1116,BR_4,Miraj Cinemas,Patna 99,Patna,Bihar
TH_1117,BR_4,Miraj Cinemas,Rajkot 121,Rajkot,Gujarat
TH_1118,BR_6,Wave Cinemas,Bathinda 61,Bathinda,Punjab
TH_1119,BR_4,Miraj Cinemas,Amritsar 404,Amritsar,Punjab
TH_1120,BR_1,Carnival Cinemas,Thane 8,Thane,Maharashtra
TH_1121,BR_4,Miraj Cinemas,Madurai 235,Madurai,Tamil Nadu
TH_1122,BR_4,Miraj Cinemas,Ajmer 13,Ajmer,Rajasthan
TH_1123,BR_3,INOX,Pune 438,Pune,Maharashtra
TH_1124,BR_4,Miraj Cinemas,Meerut 132,Meerut,Uttar Pradesh
TH_1125,BR_2,Cinepolis,Gwalior 434,Gwalior,Madhya Pradesh
TH_1126,BR_3,INOX,Ajmer 184,Ajmer,Rajasthan
TH_1127,BR_1,Carnival Cinemas,Purnia 448,Purnia,Bihar
TH_1128,BR_5,PVR Cinemas,Gaya 481,Gaya,Bihar
TH_1129,BR_5,PVR Cinemas,Ujjain 417,Ujjain,Madhya Pradesh
TH_1130,BR_4,Miraj Cinemas,Mangalore 346,Mangalore,Karnataka
TH_1131,BR_4,Miraj Cinemas,Belgaum 153,Belgaum,Karnataka
TH_1132,BR_2,Cinepolis,Surat 162,Surat,Gujarat
TH_1133,BR_2,Cinepolis,Mangalore 455,Mangalore,Karnataka
TH_1134,BR_1,Carnival Cinemas,Vadodara 28,Vadodara,Gujarat
TH_1135,BR_5,PVR Cinemas,Ahmedabad 237,Ahmedabad,Gujarat
TH_1136,BR_2,Cinepolis,Jaipur 61,Jaipur,Rajasthan
TH_1137,BR_3,INOX,Bhopal 55,Bhopal,Madhya Pradesh
TH_1138,BR_4,Miraj Cinemas,Jabalpur 486,Jabalpur,Madhya Pradesh
TH_1139,BR_6,Wave Cinemas,Hubli 145,Hubli,Karnataka
TH_1140,BR_4,Miraj Cinemas,Patna 145,Patna,Bihar
TH_1141,BR_1,Carnival Cinemas,Rajkot 89,Rajkot,Gujarat
TH_1142,BR_6,Wave Cinemas,Tiruchirappalli 418,Tiruchirappalli,Tamil Nadu
TH_1143,BR_1,Carnival Cinemas,Jodhpur 63,Jodhpur,Rajasthan
TH_1144,BR_5,PVR Cinemas,Indore 239,Indore,Madhya Pradesh
TH_1145,BR_4,Miraj Cinemas,Jaipur 119,Jaipur,Rajasthan
TH_1146,BR_4,Miraj Cinemas,Durgapur 304,Durgapur,West Bengal
TH_1147,BR_1,Carnival Cinemas,Asansol 323,Asansol,West Bengal
TH_1148,BR_6,Wave Cinemas,Varanasi 4,Varanasi,Uttar Pradesh
TH_1149,BR_1,Carnival Cinemas,Purnia 15,Purnia,Bihar
TH_1150,BR_3,INOX,Siliguri 337,Siliguri,West Bengal
TH_1151,BR_4,Miraj Cinemas,Bhavnagar 272,Bhavnagar,Gujarat
TH_1152,BR_1,Carnival Cinemas,Varanasi 6,Varanasi,Uttar Pradesh
TH_1153,BR_1,Carnival Cinemas,Varanasi 72,Varanasi,Uttar Pradesh
TH_1154,BR_3,INOX,Nagpur 207,Nagpur,Maharashtra
TH_1155,BR_1,Carnival Cinemas,Agra 7,Agra,Uttar Pradesh
TH_1156,BR_1,Carnival Cinemas,Varanasi 9,Varanasi,Uttar Pradesh
TH_1157,BR_3,INOX,Ajmer 382,Ajmer,Rajasthan
TH_1158,BR_3,INOX,Hubli 263,Hubli,Karnataka
TH_1159,BR_4,Miraj Cinemas,Bhopal 116,Bhopal,Madhya Pradesh
TH_1160,BR_6,Wave Cinemas,Bhopal 97,Bhopal,Madhya Pradesh
TH_1161,BR_1,Carnival Cinemas,Madurai 302,Madurai,Tamil Nadu
TH_1162,BR_3,INOX,Purnia 470,Purnia,Bihar
TH_1163,BR_5,PVR Cinemas,Jaipur 249,Jaipur,Rajasthan
TH_1164,BR_1,Carnival Cinemas,Ujjain 132,Ujjain,Madhya Pradesh
TH_1165,BR_2,Cinepolis,Patiala 498,Patiala,Punjab
TH_1166,BR_5,PVR Cinemas,Bangalore 82,Bangalore,Karnataka
TH_1167,BR_5,PVR Cinemas,Vadodara 240,Vadodara,Gujarat
TH_1168,BR_6,Wave Cinemas,Mangalore 98,Mangalore,Karnataka
TH_1169,BR_5,PVR Cinemas,Muzaffarpur 58,Muzaffarpur,Bihar
TH_1170,BR_5,PVR Cinemas,Howrah 398,Howrah,West Bengal
TH_1171,BR_6,Wave Cinemas,Vadodara 78,Vadodara,Gujarat
TH_1172,BR_1,Carnival Cinemas,Bangalore 341,Bangalore,Karnataka
TH_1173,BR_1,Carnival Cinemas,Patna 93,Patna,Bihar
TH_1174,BR_4,Miraj Cinemas,Siliguri 323,Siliguri,West Bengal
TH_1175,BR_6,Wave Cinemas,Nagpur 185,Nagpur,Maharashtra
TH_1176,BR_2,Cinepolis,Patiala 341,Patiala,Punjab
TH_1177,BR_6,Wave Cinemas,Vadodara 144,Vadodara,Gujarat
TH_1178,BR_4,Miraj Cinemas,Salem 275,Salem,Tamil Nadu
TH_1179,BR_6,Wave Cinemas,Meerut 449,Meerut,Uttar Pradesh
TH_1180,BR_6,Wave Cinemas,Jaipur 143,Jaipur,Rajasthan
TH_1181,BR_1,Carnival Cinemas,Purnia 476,Purnia,Bihar
TH_1182,BR_3,INOX,Varanasi 437,Varanasi,Uttar Pradesh
TH_1183,BR_3,INOX,Lucknow 90,Lucknow,Uttar Pradesh
TH_1184,BR_6,Wave Cinemas,Durgapur 246,Durgapur,West Bengal
TH_1185,BR_3,INOX,Bhavnagar 437,Bhavnagar,Gujarat
TH_1186,BR_1,Carnival Cinemas,Jabalpur 117,Jabalpur,Madhya Pradesh
TH_1187,BR_5,PVR Cinemas,Mangalore 500,Mangalore,Karnataka
TH_1188,BR_3,INOX,Salem 32,Salem,Tamil Nadu
TH_1189,BR_3,INOX,Asansol 193,Asansol,West Bengal
TH_1190,BR_1,Carnival Cinemas,Bathinda 158,Bathinda,Punjab
TH_1191,BR_3,INOX,Kota 186,Kota,Rajasthan
TH_1192,BR_2,Cinepolis,Ahmedabad 475,Ahmedabad,Gujarat
TH_1193,BR_6,Wave Cinemas,Muzaffarpur 453,Muzaffarpur,Bihar
TH_1194,BR_3,INOX,Salem 455,Salem,Tamil Nadu
TH_1195,BR_4,Miraj Cinemas,Nashik 102,Nashik,Maharashtra
TH_1196,BR_4,Miraj Cinemas,Bhavnagar 140,Bhavnagar,Gujarat
TH_1197,BR_6,Wave Cinemas,Salem 60,Salem,Tamil Nadu
TH_1198,BR_4,Miraj Cinemas,Durgapur 46,Durgapur,West Bengal
TH_1199,BR_4,Miraj Cinemas,Mysore 477,Mysore,Karnataka
TH_1200,BR_6,Wave Cinemas,Nashik 40,Nashik,Maharashtra
TH_1201,BR_3,INOX,Ludhiana 3,Ludhiana,Punjab
TH_1202,BR_2,Cinepolis,Gaya 50,Gaya,Bihar
TH_1203,BR_1,Carnival Cinemas,Kolkata 210,Kolkata,West Bengal
TH_1204,BR_5,PVR Cinemas,Mangalore 397,Mangalore,Karnataka
TH_1205,BR_4,Miraj Cinemas,Thane 229,Thane,Maharashtra
TH_1206,BR_1,Carnival Cinemas,Jalandhar 139,Jalandhar,Punjab
TH_1207,BR_2,Cinepolis,Surat 249,Surat,Gujarat
TH_1208,BR_1,Carnival Cinemas,Ludhiana 90,Ludhiana,Punjab
TH_1209,BR_6,Wave Cinemas,Bathinda 232,Bathinda,Punjab
TH_1210,BR_1,Carnival Cinemas,Gaya 488,Gaya,Bihar
TH_1211,BR_1,Carnival Cinemas,Bhavnagar 419,Bhavnagar,Gujarat
TH_1212,BR_6,Wave Cinemas,Udaipur 189,Udaipur,Rajasthan
TH_1213,BR_2,Cinepolis,Kanpur 82,Kanpur,Uttar Pradesh
TH_1214,BR_5,PVR Cinemas,Ujjain 314,Ujjain,Madhya Pradesh
TH_1215,BR_3,INOX,Indore 231,Indore,Madhya Pradesh
TH_1216,BR_1,Carnival Cinemas,Ajmer 238,Ajmer,Rajasthan
TH_1217,BR_2,Cinepolis,Durgapur 337,Durgapur,West Bengal
TH_1218,BR_2,Cinepolis,Surat 276,Surat,Gujarat
TH_1219,BR_5,PVR Cinemas,Jalandhar 375,Jalandhar,Punjab
TH_1220,BR_4,Miraj Cinemas,Indore 432,Indore,Madhya Pradesh
TH_1221,BR_2,Cinepolis,Bangalore 263,Bangalore,Karnataka
TH_1222,BR_3,INOX,Bhavnagar 453,Bhavnagar,Gujarat
TH_1223,BR_4,Miraj Cinemas,Kolkata 88,Kolkata,West Bengal
TH_1224,BR_6,Wave Cinemas,Hubli 496,Hubli,Karnataka
TH_1225,BR_4,Miraj Cinemas,Asansol 280,Asansol,West Bengal
TH_1226,BR_2,Cinepolis,Jabalpur 186,Jabalpur,Madhya Pradesh
TH_1227,BR_1,Carnival Cinemas,Pune 275,Pune,Maharashtra
TH_1228,BR_5,PVR Cinemas,Patna 64,Patna,Bihar
TH_1229,BR_2,Cinepolis,Patiala 451,Patiala,Punjab
TH_1230,BR_2,Cinepolis,Meerut 254,Meerut,Uttar Pradesh
TH_1231,BR_6,Wave Cinemas,Salem 420,Salem,Tamil Nadu
TH_1232,BR_6,Wave Cinemas,Jaipur 147,Jaipur,Rajasthan
TH_1233,BR_6,Wave Cinemas,Belgaum 447,Belgaum,Karnataka
TH_1234,BR_6,Wave Cinemas,Durgapur 396,Durgapur,West Bengal
TH_1235,BR_1,Carnival Cinemas,Asansol 263,Asansol,West Bengal
TH_1236,BR_2,Cinepolis,Chennai 155,Chennai,Tamil Nadu
TH_1237,BR_5,PVR Cinemas,Chennai 497,Chennai,Tamil Nadu
TH_1238,BR_2,Cinepolis,Asansol 75,Asansol,West Bengal
TH_1239,BR_2,Cinepolis,Belgaum 212,Belgaum,Karnataka
TH_1240,BR_4,Miraj Cinemas,Varanasi 446,Varanasi,Uttar Pradesh
TH_1241,BR_1,Carnival Cinemas,Durgapur 281,Durgapur,West Bengal
TH_1242,BR_4,Miraj Cinemas,Lucknow 12,Lucknow,Uttar Pradesh
TH_1243,BR_5,PVR Cinemas,Madurai 413,Madurai,Tamil Nadu
TH_1244,BR_3,INOX,Bhopal 293,Bhopal,Madhya Pradesh
TH_1245,BR_5,PVR Cinemas,Udaipur 209,Udaipur,Rajasthan
TH_1246,BR_5,PVR Cinemas,Nagpur 301,Nagpur,Maharashtra
TH_1247,BR_3,INOX,Surat 301,Surat,Gujarat
TH_1248,BR_3,INOX,Jodhpur 435,Jodhpur,Rajasthan
TH_1249,BR_1,Carnival Cinemas,Vadodara 339,Vadodara,Gujarat
TH_1250,BR_4,Miraj Cinemas,Nashik 280,Nashik,Maharashtra
TH_1251,BR_6,Wave Cinemas,Indore 115,Indore,Madhya Pradesh
TH_1252,BR_2,Cinepolis,Ludhiana 264,Ludhiana,Punjab
TH_1253,BR_2,Cinepolis,Hubli 440,Hubli,Karnataka
TH_1254,BR_3,INOX,Coimbatore 490,Coimbatore,Tamil Nadu
TH_1255,BR_2,Cinepolis,Siliguri 174,Siliguri,West Bengal
TH_1256,BR_5,PVR Cinemas,Muzaffarpur 86,Muzaffarpur,Bihar
TH_1257,BR_3,INOX,Pune 293,Pune,Maharashtra
TH_1258,BR_5,PVR Cinemas,Rajkot 487,Rajkot,Gujarat
TH_1259,BR_2,Cinepolis,Ujjain 482,Ujjain,Madhya Pradesh
TH_1260,BR_4,Miraj Cinemas,Jodhpur 335,Jodhpur,Rajasthan
TH_1261,BR_6,Wave Cinemas,Chennai 256,Chennai,Tamil Nadu
TH_1262,BR_4,Miraj Cinemas,Vadodara 274,Vadodara,Gujarat
TH_1263,BR_2,Cinepolis,Hubli 59,Hubli,Karnataka
TH_1264,BR_5,PVR Cinemas,Gaya 498,Gaya,Bihar
TH_1265,BR_4,Miraj Cinemas,Coimbatore 475,Coimbatore,Tamil Nadu
TH_1266,BR_5,PVR Cinemas,Surat 370,Surat,Gujarat
TH_1267,BR_3,INOX,Kanpur 348,Kanpur,Uttar Pradesh
TH_1268,BR_6,Wave Cinemas,Chennai 209,Chennai,Tamil Nadu
TH_1269,BR_2,Cinepolis,Hubli 358,Hubli,Karnataka
TH_1270,BR_2,Cinepolis,Mangalore 472,Mangalore,Karnataka
TH_1271,BR_6,Wave Cinemas,Nashik 269,Nashik,Maharashtra
TH_1272,BR_2,Cinepolis,Asansol 180,Asansol,West Bengal
TH_1273,BR_5,PVR Cinemas,Patiala 56,Patiala,Punjab
TH_1274,BR_2,Cinepolis,Asansol 256,Asansol,West Bengal
TH_1275,BR_3,INOX,Ludhiana 376,Ludhiana,Punjab
TH_1276,BR_4,Miraj Cinemas,Bathinda 18,Bathinda,Punjab
TH_1277,BR_3,INOX,Mangalore 3,Mangalore,Karnataka
TH_1278,BR_3,INOX,Ludhiana 391,Ludhiana,Punjab
TH_1279,BR_3,INOX,Ludhiana 210,Ludhiana,Punjab
TH_1280,BR_2,Cinepolis,Muzaffarpur 361,Muzaffarpur,Bihar
TH_1281,BR_4,Miraj Cinemas,Coimbatore 218,Coimbatore,Tamil Nadu
TH_1282,BR_2,Cinepolis,Nashik 369,Nashik,Maharashtra
TH_1283,BR_5,PVR Cinemas,Pune 83,Pune,Maharashtra
TH_1284,BR_3,INOX,Thane 398,Thane,Maharashtra
TH_1285,BR_5,PVR Cinemas,Agra 336,Agra,Uttar Pradesh
TH_1286,BR_3,INOX,Chennai 240,Chennai,Tamil Nadu
TH_1287,BR_6,Wave Cinemas,Meerut 260,Meerut,Uttar Pradesh
TH_1288,BR_2,Cinepolis,Belgaum 106,Belgaum,Karnataka
TH_1289,BR_5,PVR Cinemas,Gwalior 486,Gwalior,Madhya Pradesh
TH_1290,BR_6,Wave Cinemas,Muzaffarpur 436,Muzaffarpur,Bihar
TH_1291,BR_1,Carnival Cinemas,Thane 92,Thane,Maharashtra
TH_1292,BR_5,PVR Cinemas,Muzaffarpur 79,Muzaffarpur,Bihar
TH_1293,BR_3,INOX,Ahmedabad 305,Ahmedabad,Gujarat
TH_1294,BR_3,INOX,Belgaum 421,Belgaum,Karnataka
TH_1295,BR_3,INOX,Ahmedabad 239,Ahmedabad,Gujarat
TH_1296,BR_2,Cinepolis,Kota 80,Kota,Rajasthan
TH_1297,BR_4,Miraj Cinemas,Bhavnagar 24,Bhavnagar,Gujarat
TH_1298,BR_5,PVR Cinemas,Belgaum 272,Belgaum,Karnataka
TH_1299,BR_5,PVR Cinemas,Meerut 88,Meerut,Uttar Pradesh
TH_1300,BR_4,Miraj Cinemas,Patiala 367,Patiala,Punjab
TH_1301,BR_2,Cinepolis,Jodhpur 481,Jodhpur,Rajasthan
TH_1302,BR_6,Wave Cinemas,Ahmedabad 352,Ahmedabad,Gujarat
TH_1303,BR_3,INOX,Tiruchirappalli 9,Tiruchirappalli,Tamil Nadu
TH_1304,BR_2,Cinepolis,Gwalior 74,Gwalior,Madhya Pradesh
TH_1305,BR_3,INOX,Nashik 288,Nashik,Maharashtra
TH_1306,BR_2,Cinepolis,Chennai 320,Chennai,Tamil Nadu
TH_1307,BR_2,Cinepolis,Bhagalpur 164,Bhagalpur,Bihar
TH_1308,BR_3,INOX,Ajmer 461,Ajmer,Rajasthan
TH_1309,BR_2,Cinepolis,Mumbai 294,Mumbai,Maharashtra
TH_1310,BR_1,Carnival Cinemas,Jalandhar 447,Jalandhar,Punjab
TH_1311,BR_3,INOX,Muzaffarpur 492,Muzaffarpur,Bihar
TH_1312,BR_5,PVR Cinemas,Jaipur 381,Jaipur,Rajasthan
TH_1313,BR_4,Miraj Cinemas,Udaipur 485,Udaipur,Rajasthan
TH_1314,BR_6,Wave Cinemas,Agra 109,Agra,Uttar Pradesh
TH_1315,BR_2,Cinepolis,Siliguri 120,Siliguri,West Bengal
TH_1316,BR_5,PVR Cinemas,Mumbai 400,Mumbai,Maharashtra
TH_1317,BR_5,PVR Cinemas,Bhopal 347,Bhopal,Madhya Pradesh
TH_1318,BR_3,INOX,Purnia 472,Purnia,Bihar
TH_1319,BR_5,PVR Cinemas,Patna 399,Patna,Bihar
TH_1320,BR_4,Miraj Cinemas,Patna 343,Patna,Bihar
TH_1321,BR_5,PVR Cinemas,Salem 50,Salem,Tamil Nadu
TH_1322,BR_3,INOX,Howrah 161,Howrah,West Bengal
TH_1323,BR_6,Wave Cinemas,Bhopal 45,Bhopal,Madhya Pradesh
TH_1324,BR_1,Carnival Cinemas,Salem 406,Salem,Tamil Nadu
TH_1325,BR_5,PVR Cinemas,Ahmedabad 379,Ahmedabad,Gujarat
TH_1326,BR_2,Cinepolis,Siliguri 424,Siliguri,West Bengal
TH_1327,BR_6,Wave Cinemas,Jodhpur 150,Jodhpur,Rajasthan
TH_1328,BR_1,Carnival Cinemas,Bangalore 334,Bangalore,Karnataka
TH_1329,BR_1,Carnival Cinemas,Chennai 170,Chennai,Tamil Nadu
TH_1330,BR_6,Wave Cinemas,Gwalior 393,Gwalior,Madhya Pradesh
TH_1331,BR_2,Cinepolis,Jabalpur 411,Jabalpur,Madhya Pradesh
TH_1332,BR_4,Miraj Cinemas,Tiruchirappalli 374,Tiruchirappalli,Tamil Nadu
TH_1333,BR_2,Cinepolis,Bathinda 262,Bathinda,Punjab
TH_1334,BR_4,Miraj Cinemas,Thane 498,Thane,Maharashtra
TH_1335,BR_4,Miraj Cinemas,Belgaum 200,Belgaum,Karnataka
TH_1336,BR_3,INOX,Jalandhar 473,Jalandhar,Punjab
TH_1337,BR_1,Carnival Cinemas,Purnia 291,Purnia,Bihar
TH_1338,BR_4,Miraj Cinemas,Ajmer 256,Ajmer,Rajasthan
TH_1339,BR_4,Miraj Cinemas,Thane 438,Thane,Maharashtra
TH_1340,BR_3,INOX,Lucknow 459,Lucknow,Uttar Pradesh
TH_1341,BR_3,INOX,Bathinda 358,Bathinda,Punjab
TH_1342,BR_3,INOX,Gaya 386,Gaya,Bihar
TH_1343,BR_6,Wave Cinemas,Udaipur 352,Udaipur,Rajasthan
TH_1344,BR_5,PVR Cinemas,Ludhiana 335,Ludhiana,Punjab
TH_1345,BR_2,Cinepolis,Jodhpur 71,Jodhpur,Rajasthan
TH_1346,BR_6,Wave Cinemas,Tiruchirappalli 417,Tiruchirappalli,Tamil Nadu
TH_1347,BR_1,Carnival Cinemas,Jodhpur 467,Jodhpur,Rajasthan
TH_1348,BR_4,Miraj Cinemas,Belgaum 102,Belgaum,Karnataka
TH_1349,BR_6,Wave Cinemas,Patiala 379,Patiala,Punjab
TH_1350,BR_1,Carnival Cinemas,Bathinda 420,Bathinda,Punjab
TH_1351,BR_6,Wave Cinemas,Patiala 12,Patiala,Punjab
TH_1352,BR_4,Miraj Cinemas,Vadodara 162,Vadodara,Gujarat
TH_1353,BR_2,Cinepolis,Nagpur 276,Nagpur,Maharashtra
TH_1354,BR_6,Wave Cinemas,Asansol 310,Asansol,West Bengal
TH_1355,BR_1,Carnival Cinemas,Gaya 1,Gaya,Bihar
TH_1356,BR_5,PVR Cinemas,Tiruchirappalli 380,Tiruchirappalli,Tamil Nadu
TH_1357,BR_1,Carnival Cinemas,Jaipur 327,Jaipur,Rajasthan
TH_1358,BR_3,INOX,Amritsar 189,Amritsar,Punjab
TH_1359,BR_5,PVR Cinemas,Meerut 13,Meerut,Uttar Pradesh
TH_1360,BR_3,INOX,Bangalore 391,Bangalore,Karnataka
TH_1361,BR_5,PVR Cinemas,Mangalore 44,Mangalore,Karnataka
TH_1362,BR_1,Carnival Cinemas,Ludhiana 246,Ludhiana,Punjab
TH_1363,BR_2,Cinepolis,Madurai 320,Madurai,Tamil Nadu
TH_1364,BR_1,Carnival Cinemas,Salem 65,Salem,Tamil Nadu
TH_1365,BR_1,Carnival Cinemas,Bangalore 93,Bangalore,Karnataka
TH_1366,BR_6,Wave Cinemas,Madurai 447,Madurai,Tamil Nadu
TH_1367,BR_4,Miraj Cinemas,Varanasi 258,Varanasi,Uttar Pradesh
TH_1368,BR_6,Wave Cinemas,Jabalpur 294,Jabalpur,Madhya Pradesh
TH_1369,BR_4,Miraj Cinemas,Mysore 417,Mysore,Karnataka
TH_1370,BR_5,PVR Cinemas,Salem 66,Salem,Tamil Nadu
TH_1371,BR_2,Cinepolis,Lucknow 374,Lucknow,Uttar Pradesh
TH_1372,BR_5,PVR Cinemas,Amritsar 398,Amritsar,Punjab
TH_1373,BR_2,Cinepolis,Ajmer 169,Ajmer,Rajasthan
TH_1374,BR_1,Carnival Cinemas,Varanasi 129,Varanasi,Uttar Pradesh
TH_1375,BR_2,Cinepolis,Agra 241,Agra,Uttar Pradesh
TH_1376,BR_3,INOX,Jalandhar 208,Jalandhar,Punjab
TH_1377,BR_4,Miraj Cinemas,Agra 309,Agra,Uttar Pradesh
TH_1378,BR_3,INOX,Varanasi 314,Varanasi,Uttar Pradesh
TH_1379,BR_6,Wave Cinemas,Nagpur 256,Nagpur,Maharashtra
TH_1380,BR_2,Cinepolis,Bangalore 73,Bangalore,Karnataka
TH_1381,BR_2,Cinepolis,Gaya 274,Gaya,Bihar
TH_1382,BR_4,Miraj Cinemas,Vadodara 166,Vadodara,Gujarat
TH_1383,BR_1,Carnival Cinemas,Ujjain 110,Ujjain,Madhya Pradesh
TH_1384,BR_2,Cinepolis,Patna 368,Patna,Bihar
TH_1385,BR_5,PVR Cinemas,Vadodara 253,Vadodara,Gujarat
TH_1386,BR_4,Miraj Cinemas,Mysore 7,Mysore,Karnataka
TH_1387,BR_3,INOX,Kolkata 177,Kolkata,West Bengal
TH_1388,BR_1,Carnival Cinemas,Thane 340,Thane,Maharashtra
TH_1389,BR_1,Carnival Cinemas,Lucknow 170,Lucknow,Uttar Pradesh
TH_1390,BR_4,Miraj Cinemas,Ujjain 341,Ujjain,Madhya Pradesh
TH_1391,BR_4,Miraj Cinemas,Ujjain 60,Ujjain,Madhya Pradesh
TH_1392,BR_4,Miraj Cinemas,Udaipur 143,Udaipur,Rajasthan
TH_1393,BR_1,Carnival Cinemas,Ujjain 235,Ujjain,Madhya Pradesh
TH_1394,BR_2,Cinepolis,Kota 375,Kota,Rajasthan
TH_1395,BR_1,Carnival Cinemas,Jaipur 292,Jaipur,Rajasthan
TH_1396,BR_2,Cinepolis,Patna 447,Patna,Bihar
TH_1397,BR_3,INOX,Agra 66,Agra,Uttar Pradesh
TH_1398,BR_1,Carnival Cinemas,Salem 147,Salem,Tamil Nadu
TH_1399,BR_1,Carnival Cinemas,Bhagalpur 65,Bhagalpur,Bihar
TH_1400,BR_3,INOX,Patiala 37,Patiala,Punjab
TH_1401,BR_6,Wave Cinemas,Tiruchirappalli 106,Tiruchirappalli,Tamil Nadu
TH_1402,BR_2,Cinepolis,Jodhpur 406,Jodhpur,Rajasthan
TH_1403,BR_1,Carnival Cinemas,Gwalior 241,Gwalior,Madhya Pradesh
TH_1404,BR_6,Wave Cinemas,Varanasi 179,Varanasi,Uttar Pradesh
TH_1405,BR_6,Wave Cinemas,Bhavnagar 434,Bhavnagar,Gujarat
TH_1406,BR_6,Wave Cinemas,Howrah 311,Howrah,West Bengal
TH_1407,BR_1,Carnival Cinemas,Salem 210,Salem,Tamil Nadu
TH_1408,BR_1,Carnival Cinemas,Salem 54,Salem,Tamil Nadu
TH_1409,BR_2,Cinepolis,Howrah 217,Howrah,West Bengal
TH_1410,BR_5,PVR Cinemas,Udaipur 108,Udaipur,Rajasthan
TH_1411,BR_1,Carnival Cinemas,Asansol 267,Asansol,West Bengal
TH_1412,BR_4,Miraj Cinemas,Belgaum 408,Belgaum,Karnataka
TH_1413,BR_3,INOX,Jaipur 86,Jaipur,Rajasthan
TH_1414,BR_3,INOX,Asansol 195,Asansol,West Bengal
TH_1415,BR_3,INOX,Durgapur 264,Durgapur,West Bengal
TH_1416,BR_4,Miraj Cinemas,Kanpur 102,Kanpur,Uttar Pradesh
TH_1417,BR_4,Miraj Cinemas,Durgapur 47,Durgapur,West Bengal
TH_1418,BR_6,Wave Cinemas,Jalandhar 41,Jalandhar,Punjab
TH_1419,BR_3,INOX,Bhopal 186,Bhopal,Madhya Pradesh
TH_1420,BR_1,Carnival Cinemas,Siliguri 176,Siliguri,West Bengal
TH_1421,BR_5,PVR Cinemas,Coimbatore 345,Coimbatore,Tamil Nadu
TH_1422,BR_2,Cinepolis,Bangalore 371,Bangalore,Karnataka
TH_1423,BR_4,Miraj Cinemas,Hubli 441,Hubli,Karnataka
TH_1424,BR_5,PVR Cinemas,Surat 237,Surat,Gujarat
TH_1425,BR_3,INOX,Siliguri 86,Siliguri,West Bengal
TH_1426,BR_6,Wave Cinemas,Indore 189,Indore,Madhya Pradesh
TH_1427,BR_6,Wave Cinemas,Jalandhar 125,Jalandhar,Punjab
TH_1428,BR_5,PVR Cinemas,Salem 330,Salem,Tamil Nadu
TH_1429,BR_2,Cinepolis,Salem 175,Salem,Tamil Nadu
TH_1430,BR_4,Miraj Cinemas,Patiala 100,Patiala,Punjab
TH_1431,BR_3,INOX,Bhopal 79,Bhopal,Madhya Pradesh
TH_1432,BR_5,PVR Cinemas,Ajmer 378,Ajmer,Rajasthan
TH_1433,BR_6,Wave Cinemas,Gaya 447,Gaya,Bihar
TH_1434,BR_6,Wave Cinemas,Durgapur 412,Durgapur,West Bengal
TH_1435,BR_3,INOX,Chennai 158,Chennai,Tamil Nadu
TH_1436,BR_4,Miraj Cinemas,Meerut 56,Meerut,Uttar Pradesh
TH_1437,BR_3,INOX,Patiala 21,Patiala,Punjab
TH_1438,BR_4,Miraj Cinemas,Kolkata 392,Kolkata,West Bengal
TH_1439,BR_1,Carnival Cinemas,Meerut 271,Meerut,Uttar Pradesh
TH_1440,BR_5,PVR Cinemas,Agra 321,Agra,Uttar Pradesh
TH_1441,BR_3,INOX,Udaipur 486,Udaipur,Rajasthan
TH_1442,BR_1,Carnival Cinemas,Ludhiana 383,Ludhiana,Punjab
TH_1443,BR_5,PVR Cinemas,Udaipur 181,Udaipur,Rajasthan
TH_1444,BR_3,INOX,Jabalpur 11,Jabalpur,Madhya Pradesh
TH_1445,BR_1,Carnival Cinemas,Belgaum 122,Belgaum,Karnataka
TH_1446,BR_4,Miraj Cinemas,Muzaffarpur 409,Muzaffarpur,Bihar
TH_1447,BR_5,PVR Cinemas,Nagpur 468,Nagpur,Maharashtra
TH_1448,BR_2,Cinepolis,Udaipur 391,Udaipur,Rajasthan
TH_1449,BR_6,Wave Cinemas,Bangalore 275,Bangalore,Karnataka
TH_1450,BR_5,PVR Cinemas,Agra 49,Agra,Uttar Pradesh
TH_1451,BR_2,Cinepolis,Surat 302,Surat,Gujarat
TH_1452,BR_2,Cinepolis,Thane 134,Thane,Maharashtra
TH_1453,BR_5,PVR Cinemas,Rajkot 169,Rajkot,Gujarat
TH_1454,BR_1,Carnival Cinemas,Udaipur 239,Udaipur,Rajasthan
TH_1455,BR_5,PVR Cinemas,Salem 25,Salem,Tamil Nadu
TH_1456,BR_1,Carnival Cinemas,Jabalpur 420,Jabalpur,Madhya Pradesh
TH_1457,BR_3,INOX,Amritsar 467,Amritsar,Punjab
TH_1458,BR_1,Carnival Cinemas,Kolkata 50,Kolkata,West Bengal
TH_1459,BR_6,Wave Cinemas,Durgapur 50,Durgapur,West Bengal
TH_1460,BR_6,Wave Cinemas,Nashik 268,Nashik,Maharashtra
TH_1461,BR_4,Miraj Cinemas,Kota 291,Kota,Rajasthan
TH_1462,BR_6,Wave Cinemas,Bangalore 477,Bangalore,Karnataka
TH_1463,BR_2,Cinepolis,Kolkata 244,Kolkata,West Bengal
TH_1464,BR_3,INOX,Ludhiana 130,Ludhiana,Punjab
TH_1465,BR_5,PVR Cinemas,Bhavnagar 161,Bhavnagar,Gujarat
TH_1466,BR_2,Cinepolis,Bathinda 191,Bathinda,Punjab
TH_1467,BR_5,PVR Cinemas,Nagpur 51,Nagpur,Maharashtra
TH_1468,BR_5,PVR Cinemas,Madurai 48,Madurai,Tamil Nadu
TH_1469,BR_4,Miraj Cinemas,Indore 289,Indore,Madhya Pradesh
TH_1470,BR_2,Cinepolis,Kanpur 276,Kanpur,Uttar Pradesh
TH_1471,BR_4,Miraj Cinemas,Patiala 388,Patiala,Punjab
TH_1472,BR_5,PVR Cinemas,Nagpur 31,Nagpur,Maharashtra
TH_1473,BR_3,INOX,Kanpur 176,Kanpur,Uttar Pradesh
TH_1474,BR_6,Wave Cinemas,Pune 225,Pune,Maharashtra
TH_1475,BR_3,INOX,Nashik 210,Nashik,Maharashtra
TH_1476,BR_4,Miraj Cinemas,Muzaffarpur 146,Muzaffarpur,Bihar
TH_1477,BR_4,Miraj Cinemas,Jabalpur 463,Jabalpur,Madhya Pradesh
TH_1478,BR_5,PVR Cinemas,Jalandhar 277,Jalandhar,Punjab
TH_1479,BR_5,PVR Cinemas,Lucknow 53,Lucknow,Uttar Pradesh
TH_1480,BR_5,PVR Cinemas,Varanasi 82,Varanasi,Uttar Pradesh
TH_1481,BR_5,PVR Cinemas,Hubli 397,Hubli,Karnataka
TH_1482,BR_4,Miraj Cinemas,Rajkot 52,Rajkot,Gujarat
TH_1483,BR_6,Wave Cinemas,Surat 453,Surat,Gujarat
TH_1484,BR_3,INOX,Meerut 55,Meerut,Uttar Pradesh
TH_1485,BR_6,Wave Cinemas,Ujjain 58,Ujjain,Madhya Pradesh
TH_1486,BR_2,Cinepolis,Tiruchirappalli 305,Tiruchirappalli,Tamil Nadu
TH_1487,BR_4,Miraj Cinemas,Surat 93,Surat,Gujarat
TH_1488,BR_4,Miraj Cinemas,Bathinda 236,Bathinda,Punjab
TH_1489,BR_6,Wave Cinemas,Bhavnagar 91,Bhavnagar,Gujarat
TH_1490,BR_1,Carnival Cinemas,Thane 261,Thane,Maharashtra
TH_1491,BR_5,PVR Cinemas,Udaipur 19,Udaipur,Rajasthan
TH_1492,BR_1,Carnival Cinemas,Patiala 290,Patiala,Punjab
TH_1493,BR_6,Wave Cinemas,Asansol 118,Asansol,West Bengal
TH_1494,BR_4,Miraj Cinemas,Amritsar 99,Amritsar,Punjab
TH_1495,BR_3,INOX,Gwalior 66,Gwalior,Madhya Pradesh
TH_1496,BR_2,Cinepolis,Patiala 217,Patiala,Punjab
TH_1497,BR_3,INOX,Ludhiana 174,Ludhiana,Punjab
TH_1498,BR_1,Carnival Cinemas,Ludhiana 336,Ludhiana,Punjab
TH_1499,BR_1,Carnival Cinemas,Mangalore 194,Mangalore,Karnataka
TH_1500,BR_4,Miraj Cinemas,Siliguri 414,Siliguri,West Bengal
TH_1501,BR_5,PVR Cinemas,Ujjain 186,Ujjain,Madhya Pradesh
TH_1502,BR_1,Carnival Cinemas,Ahmedabad 69,Ahmedabad,Gujarat
TH_1503,BR_2,Cinepolis,Udaipur 312,Udaipur,Rajasthan
TH_1504,BR_6,Wave Cinemas,Purnia 500,Purnia,Bihar
TH_1505,BR_2,Cinepolis,Hubli 7,Hubli,Karnataka
TH_1506,BR_3,INOX,Patna 374,Patna,Bihar
TH_1507,BR_2,Cinepolis,Bangalore 393,Bangalore,Karnataka
TH_1508,BR_4,Miraj Cinemas,Varanasi 488,Varanasi,Uttar Pradesh
TH_1509,BR_6,Wave Cinemas,Surat 440,Surat,Gujarat
TH_1510,BR_1,Carnival Cinemas,Ajmer 368,Ajmer,Rajasthan
TH_1511,BR_2,Cinepolis,Ahmedabad 318,Ahmedabad,Gujarat
TH_1512,BR_4,Miraj Cinemas,Jalandhar 497,Jalandhar,Punjab
TH_1513,BR_4,Miraj Cinemas,Udaipur 273,Udaipur,Rajasthan
TH_1514,BR_6,Wave Cinemas,Rajkot 222,Rajkot,Gujarat
TH_1515,BR_5,PVR Cinemas,Bathinda 307,Bathinda,Punjab
TH_1516,BR_5,PVR Cinemas,Purnia 321,Purnia,Bihar
TH_1517,BR_5,PVR Cinemas,Ajmer 360,Ajmer,Rajasthan
TH_1518,BR_4,Miraj Cinemas,Bhagalpur 382,Bhagalpur,Bihar
TH_1519,BR_6,Wave Cinemas,Meerut 498,Meerut,Uttar Pradesh
TH_1520,BR_4,Miraj Cinemas,Agra 237,Agra,Uttar Pradesh
TH_1521,BR_4,Miraj Cinemas,Siliguri 343,Siliguri,West Bengal
TH_1522,BR_2,Cinepolis,Gaya 25,Gaya,Bihar
TH_1523,BR_3,INOX,Hubli 55,Hubli,Karnataka
TH_1524,BR_1,Carnival Cinemas,Meerut 195,Meerut,Uttar Pradesh
TH_1525,BR_4,Miraj Cinemas,Ujjain 500,Ujjain,Madhya Pradesh
TH_1526,BR_6,Wave Cinemas,Ludhiana 109,Ludhiana,Punjab
TH_1527,BR_3,INOX,Gaya 135,Gaya,Bihar
TH_1528,BR_4,Miraj Cinemas,Surat 274,Surat,Gujarat
TH_1529,BR_5,PVR Cinemas,Bangalore 14,Bangalore,Karnataka
TH_1530,BR_1,Carnival Cinemas,Bangalore 442,Bangalore,Karnataka
TH_1531,BR_1,Carnival Cinemas,Surat 308,Surat,Gujarat
TH_1532,BR_5,PVR Cinemas,Asansol 213,Asansol,West Bengal
TH_1533,BR_1,Carnival Cinemas,Durgapur 111,Durgapur,West Bengal
TH_1534,BR_2,Cinepolis,Jabalpur 66,Jabalpur,Madhya Pradesh
TH_1535,BR_3,INOX,Kanpur 16,Kanpur,Uttar Pradesh
TH_1536,BR_3,INOX,Madurai 453,Madurai,Tamil Nadu
TH_1537,BR_6,Wave Cinemas,Mysore 400,Mysore,Karnataka
TH_1538,BR_2,Cinepolis,Chennai 23,Chennai,Tamil Nadu
TH_1539,BR_6,Wave Cinemas,Kanpur 36,Kanpur,Uttar Pradesh
TH_1540,BR_2,Cinepolis,Coimbatore 284,Coimbatore,Tamil Nadu
TH_1541,BR_3,INOX,Jalandhar 193,Jalandhar,Punjab
TH_1542,BR_5,PVR Cinemas,Ajmer 17,Ajmer,Rajasthan
TH_1543,BR_1,Carnival Cinemas,Kolkata 398,Kolkata,West Bengal
TH_1544,BR_2,Cinepolis,Nashik 187,Nashik,Maharashtra
TH_1545,BR_3,INOX,Asansol 71,Asansol,West Bengal
TH_1546,BR_6,Wave Cinemas,Belgaum 273,Belgaum,Karnataka
TH_1547,BR_1,Carnival Cinemas,Bangalore 237,Bangalore,Karnataka
TH_1548,BR_6,Wave Cinemas,Belgaum 76,Belgaum,Karnataka
TH_1549,BR_4,Miraj Cinemas,Bhopal 487,Bhopal,Madhya Pradesh
TH_1550,BR_2,Cinepolis,Belgaum 70,Belgaum,Karnataka
TH_1551,BR_3,INOX,Nagpur 313,Nagpur,Maharashtra
TH_1552,BR_3,INOX,Kanpur 222,Kanpur,Uttar Pradesh
TH_1553,BR_3,INOX,Ahmedabad 103,Ahmedabad,Gujarat
TH_1554,BR_2,Cinepolis,Nashik 204,Nashik,Maharashtra
TH_1555,BR_5,PVR Cinemas,Meerut 304,Meerut,Uttar Pradesh
TH_1556,BR_4,Miraj Cinemas,Belgaum 261,Belgaum,Karnataka
TH_1557,BR_5,PVR Cinemas,Indore 142,Indore,Madhya Pradesh
TH_1558,BR_1,Carnival Cinemas,Nashik 350,Nashik,Maharashtra
TH_1559,BR_1,Carnival Cinemas,Ahmedabad 330,Ahmedabad,Gujarat
TH_1560,BR_3,INOX,Ajmer 475,Ajmer,Rajasthan
TH_1561,BR_6,Wave Cinemas,Kanpur 336,Kanpur,Uttar Pradesh
TH_1562,BR_6,Wave Cinemas,Muzaffarpur 489,Muzaffarpur,Bihar
TH_1563,BR_4,Miraj Cinemas,Chennai 69,Chennai,Tamil Nadu
TH_1564,BR_4,Miraj Cinemas,Thane 391,Thane,Maharashtra
TH_1565,BR_1,Carnival Cinemas,Tiruchirappalli 343,Tiruchirappalli,Tamil Nadu
TH_1566,BR_1,Carnival Cinemas,Patiala 41,Patiala,Punjab
TH_1567,BR_4,Miraj Cinemas,Ahmedabad 364,Ahmedabad,Gujarat
TH_1568,BR_3,INOX,Jabalpur 349,Jabalpur,Madhya Pradesh
TH_1569,BR_5,PVR Cinemas,Nagpur 10,Nagpur,Maharashtra
TH_1570,BR_6,Wave Cinemas,Lucknow 378,Lucknow,Uttar Pradesh
TH_1571,BR_2,Cinepolis,Kota 140,Kota,Rajasthan
TH_1572,BR_5,PVR Cinemas,Asansol 71,Asansol,West Bengal
TH_1573,BR_1,Carnival Cinemas,Madurai 416,Madurai,Tamil Nadu
TH_1574,BR_4,Miraj Cinemas,Mangalore 215,Mangalore,Karnataka
TH_1575,BR_2,Cinepolis,Tiruchirappalli 288,Tiruchirappalli,Tamil Nadu
TH_1576,BR_6,Wave Cinemas,Mangalore 136,Mangalore,Karnataka
TH_1577,BR_5,PVR Cinemas,Jodhpur 226,Jodhpur,Rajasthan
TH_1578,BR_4,Miraj Cinemas,Durgapur 318,Durgapur,West Bengal
TH_1579,BR_5,PVR Cinemas,Muzaffarpur 315,Muzaffarpur,Bihar
TH_1580,BR_3,INOX,Pune 442,Pune,Maharashtra
TH_1581,BR_3,INOX,Ludhiana 133,Ludhiana,Punjab
TH_1582,BR_5,PVR Cinemas,Ahmedabad 407,Ahmedabad,Gujarat
TH_1583,BR_2,Cinepolis,Rajkot 307,Rajkot,Gujarat
TH_1584,BR_2,Cinepolis,Ludhiana 272,Ludhiana,Punjab
TH_1585,BR_3,INOX,Nashik 399,Nashik,Maharashtra
TH_1586,BR_2,Cinepolis,Bangalore 335,Bangalore,Karnataka
TH_1587,BR_6,Wave Cinemas,Hubli 375,Hubli,Karnataka
TH_1588,BR_3,INOX,Meerut 119,Meerut,Uttar Pradesh
TH_1589,BR_4,Miraj Cinemas,Salem 89,Salem,Tamil Nadu
TH_1590,BR_3,INOX,Vadodara 155,Vadodara,Gujarat
TH_1591,BR_4,Miraj Cinemas,Nashik 203,Nashik,Maharashtra
TH_1592,BR_2,Cinepolis,Mysore 462,Mysore,Karnataka
TH_1593,BR_1,Carnival Cinemas,Kolkata 386,Kolkata,West Bengal
TH_1594,BR_5,PVR Cinemas,Lucknow 132,Lucknow,Uttar Pradesh
TH_1595,BR_1,Carnival Cinemas,Ludhiana 202,Ludhiana,Punjab
TH_1596,BR_1,Carnival Cinemas,Rajkot 408,Rajkot,Gujarat
TH_1597,BR_3,INOX,Indore 379,Indore,Madhya Pradesh
TH_1598,BR_6,Wave Cinemas,Muzaffarpur 386,Muzaffarpur,Bihar
TH_1599,BR_6,Wave Cinemas,Meerut 453,Meerut,Uttar Pradesh
TH_1600,BR_3,INOX,Gaya 15,Gaya,Bihar
TH_1601,BR_6,Wave Cinemas,Jalandhar 172,Jalandhar,Punjab
TH_1602,BR_4,Miraj Cinemas,Mysore 449,Mysore,Karnataka
TH_1603,BR_3,INOX,Pune 39,Pune,Maharashtra
TH_1604,BR_1,Carnival Cinemas,Siliguri 392,Siliguri,West Bengal
TH_1605,BR_4,Miraj Cinemas,Gwalior 95,Gwalior,Madhya Pradesh
TH_1606,BR_1,Carnival Cinemas,Jaipur 175,Jaipur,Rajasthan
TH_1607,BR_6,Wave Cinemas,Bangalore 191,Bangalore,Karnataka
TH_1608,BR_6,Wave Cinemas,Bangalore 66,Bangalore,Karnataka
TH_1609,BR_4,Miraj Cinemas,Varanasi 290,Varanasi,Uttar Pradesh
TH_1610,BR_5,PVR Cinemas,Bhagalpur 15,Bhagalpur,Bihar
TH_1611,BR_3,INOX,Meerut 424,Meerut,Uttar Pradesh
TH_1612,BR_6,Wave Cinemas,Agra 86,Agra,Uttar Pradesh
TH_1613,BR_1,Carnival Cinemas,Purnia 67,Purnia,Bihar
TH_1614,BR_2,Cinepolis,Bangalore 360,Bangalore,Karnataka
TH_1615,BR_2,Cinepolis,Chennai 174,Chennai,Tamil Nadu
TH_1616,BR_4,Miraj Cinemas,Ahmedabad 340,Ahmedabad,Gujarat
TH_1617,BR_4,Miraj Cinemas,Durgapur 260,Durgapur,West Bengal
TH_1618,BR_6,Wave Cinemas,Jalandhar 143,Jalandhar,Punjab
TH_1619,BR_4,Miraj Cinemas,Varanasi 4,Varanasi,Uttar Pradesh
TH_1620,BR_1,Carnival Cinemas,Agra 364,Agra,Uttar Pradesh
TH_1621,BR_4,Miraj Cinemas,Bathinda 494,Bathinda,Punjab
TH_1622,BR_4,Miraj Cinemas,Gwalior 245,Gwalior,Madhya Pradesh
TH_1623,BR_3,INOX,Gaya 142,Gaya,Bihar
TH_1624,BR_4,Miraj Cinemas,Ahmedabad 350,Ahmedabad,Gujarat
TH_1625,BR_2,Cinepolis,Surat 140,Surat,Gujarat
TH_1626,BR_3,INOX,Thane 351,Thane,Maharashtra
TH_1627,BR_1,Carnival Cinemas,Jabalpur 190,Jabalpur,Madhya Pradesh
TH_1628,BR_5,PVR Cinemas,Mangalore 123,Mangalore,Karnataka
TH_1629,BR_5,PVR Cinemas,Kota 232,Kota,Rajasthan
TH_1630,BR_4,Miraj Cinemas,Mumbai 319,Mumbai,Maharashtra
TH_1631,BR_4,Miraj Cinemas,Meerut 170,Meerut,Uttar Pradesh
TH_1632,BR_2,Cinepolis,Jabalpur 326,Jabalpur,Madhya Pradesh
TH_1633,BR_2,Cinepolis,Jabalpur 40,Jabalpur,Madhya Pradesh
TH_1634,BR_1,Carnival Cinemas,Agra 167,Agra,Uttar Pradesh
TH_1635,BR_5,PVR Cinemas,Chennai 167,Chennai,Tamil Nadu
TH_1636,BR_2,Cinepolis,Ajmer 121,Ajmer,Rajasthan
TH_1637,BR_3,INOX,Meerut 105,Meerut,Uttar Pradesh
TH_1638,BR_4,Miraj Cinemas,Bhavnagar 354,Bhavnagar,Gujarat
TH_1639,BR_6,Wave Cinemas,Bhagalpur 172,Bhagalpur,Bihar
TH_1640,BR_4,Miraj Cinemas,Patna 161,Patna,Bihar
TH_1641,BR_1,Carnival Cinemas,Coimbatore 398,Coimbatore,Tamil Nadu
TH_1642,BR_6,Wave Cinemas,Purnia 376,Purnia,Bihar
TH_1643,BR_1,Carnival Cinemas,Howrah 311,Howrah,West Bengal
TH_1644,BR_5,PVR Cinemas,Thane 3,Thane,Maharashtra
TH_1645,BR_4,Miraj Cinemas,Surat 208,Surat,Gujarat
TH_1646,BR_4,Miraj Cinemas,Tiruchirappalli 445,Tiruchirappalli,Tamil Nadu
TH_1647,BR_1,Carnival Cinemas,Nashik 291,Nashik,Maharashtra
TH_1648,BR_6,Wave Cinemas,Nashik 108,Nashik,Maharashtra
TH_1649,BR_1,Carnival Cinemas,Amritsar 130,Amritsar,Punjab
TH_1650,BR_3,INOX,Bhagalpur 194,Bhagalpur,Bihar
TH_1651,BR_4,Miraj Cinemas,Mumbai 2,Mumbai,Maharashtra
TH_1652,BR_1,Carnival Cinemas,Muzaffarpur 73,Muzaffarpur,Bihar
TH_1653,BR_1,Carnival Cinemas,Gaya 292,Gaya,Bihar
TH_1654,BR_3,INOX,Patna 475,Patna,Bihar
TH_1655,BR_1,Carnival Cinemas,Lucknow 237,Lucknow,Uttar Pradesh
TH_1656,BR_1,Carnival Cinemas,Coimbatore 435,Coimbatore,Tamil Nadu
TH_1657,BR_3,INOX,Ujjain 23,Ujjain,Madhya Pradesh
TH_1658,BR_3,INOX,Kota 450,Kota,Rajasthan
TH_1659,BR_4,Miraj Cinemas,Purnia 243,Purnia,Bihar
TH_1660,BR_6,Wave Cinemas,Indore 168,Indore,Madhya Pradesh
TH_1661,BR_1,Carnival Cinemas,Bhagalpur 38,Bhagalpur,Bihar
TH_1662,BR_3,INOX,Mysore 59,Mysore,Karnataka
TH_1663,BR_5,PVR Cinemas,Udaipur 392,Udaipur,Rajasthan
TH_1664,BR_1,Carnival Cinemas,Vadodara 367,Vadodara,Gujarat
TH_1665,BR_2,Cinepolis,Belgaum 410,Belgaum,Karnataka
TH_1666,BR_5,PVR Cinemas,Durgapur 431,Durgapur,West Bengal
TH_1667,BR_5,PVR Cinemas,Jodhpur 302,Jodhpur,Rajasthan
TH_1668,BR_6,Wave Cinemas,Kota 33,Kota,Rajasthan
TH_1669,BR_5,PVR Cinemas,Bhagalpur 102,Bhagalpur,Bihar
TH_1670,BR_5,PVR Cinemas,Howrah 328,Howrah,West Bengal
TH_1671,BR_6,Wave Cinemas,Mumbai 319,Mumbai,Maharashtra
TH_1672,BR_1,Carnival Cinemas,Tiruchirappalli 81,Tiruchirappalli,Tamil Nadu
TH_1673,BR_1,Carnival Cinemas,Howrah 210,Howrah,West Bengal
TH_1674,BR_4,Miraj Cinemas,Madurai 278,Madurai,Tamil Nadu
TH_1675,BR_6,Wave Cinemas,Ahmedabad 329,Ahmedabad,Gujarat
TH_1676,BR_2,Cinepolis,Ludhiana 269,Ludhiana,Punjab
TH_1677,BR_6,Wave Cinemas,Thane 311,Thane,Maharashtra
TH_1678,BR_4,Miraj Cinemas,Bhavnagar 433,Bhavnagar,Gujarat
TH_1679,BR_6,Wave Cinemas,Surat 286,Surat,Gujarat
TH_1680,BR_6,Wave Cinemas,Howrah 232,Howrah,West Bengal
TH_1681,BR_1,Carnival Cinemas,Ludhiana 404,Ludhiana,Punjab
TH_1682,BR_3,INOX,Mangalore 248,Mangalore,Karnataka
TH_1683,BR_3,INOX,Ludhiana 238,Ludhiana,Punjab
TH_1684,BR_6,Wave Cinemas,Pune 471,Pune,Maharashtra
TH_1685,BR_3,INOX,Pune 449,Pune,Maharashtra
TH_1686,BR_1,Carnival Cinemas,Patna 429,Patna,Bihar
TH_1687,BR_5,PVR Cinemas,Howrah 67,Howrah,West Bengal
TH_1688,BR_3,INOX,Kolkata 204,Kolkata,West Bengal
TH_1689,BR_3,INOX,Udaipur 114,Udaipur,Rajasthan
TH_1690,BR_1,Carnival Cinemas,Patiala 24,Patiala,Punjab
TH_1691,BR_3,INOX,Kolkata 379,Kolkata,West Bengal
TH_1692,BR_2,Cinepolis,Kolkata 379,Kolkata,West Bengal
TH_1693,BR_6,Wave Cinemas,Patna 495,Patna,Bihar
TH_1694,BR_3,INOX,Coimbatore 315,Coimbatore,Tamil Nadu
TH_1695,BR_4,Miraj Cinemas,Howrah 44,Howrah,West Bengal
TH_1696,BR_4,Miraj Cinemas,Ludhiana 17,Ludhiana,Punjab
TH_1697,BR_6,Wave Cinemas,Ajmer 287,Ajmer,Rajasthan
TH_1698,BR_4,Miraj Cinemas,Hubli 303,Hubli,Karnataka
TH_1699,BR_4,Miraj Cinemas,Thane 68,Thane,Maharashtra
TH_1700,BR_6,Wave Cinemas,Meerut 291,Meerut,Uttar Pradesh
TH_1701,BR_3,INOX,Mumbai 301,Mumbai,Maharashtra
TH_1702,BR_2,Cinepolis,Vadodara 428,Vadodara,Gujarat
TH_1703,BR_1,Carnival Cinemas,Kolkata 100,Kolkata,West Bengal
TH_1704,BR_5,PVR Cinemas,Patiala 71,Patiala,Punjab
TH_1705,BR_4,Miraj Cinemas,Jodhpur 352,Jodhpur,Rajasthan
TH_1706,BR_1,Carnival Cinemas,Varanasi 374,Varanasi,Uttar Pradesh
TH_1707,BR_2,Cinepolis,Muzaffarpur 377,Muzaffarpur,Bihar
TH_1708,BR_1,Carnival Cinemas,Jodhpur 265,Jodhpur,Rajasthan
TH_1709,BR_6,Wave Cinemas,Jalandhar 447,Jalandhar,Punjab
TH_1710,BR_1,Carnival Cinemas,Udaipur 59,Udaipur,Rajasthan
TH_1711,BR_1,Carnival Cinemas,Mangalore 494,Mangalore,Karnataka
TH_1712,BR_6,Wave Cinemas,Rajkot 202,Rajkot,Gujarat
TH_1713,BR_2,Cinepolis,Muzaffarpur 454,Muzaffarpur,Bihar
TH_1714,BR_5,PVR Cinemas,Jaipur 120,Jaipur,Rajasthan
TH_1715,BR_3,INOX,Hubli 488,Hubli,Karnataka
TH_1716,BR_1,Carnival Cinemas,Jaipur 386,Jaipur,Rajasthan
TH_1717,BR_2,Cinepolis,Jabalpur 50,Jabalpur,Madhya Pradesh
TH_1718,BR_2,Cinepolis,Howrah 349,Howrah,West Bengal
TH_1719,BR_5,PVR Cinemas,Jodhpur 200,Jodhpur,Rajasthan
TH_1720,BR_4,Miraj Cinemas,Bangalore 376,Bangalore,Karnataka
TH_1721,BR_2,Cinepolis,Bathinda 449,Bathinda,Punjab
TH_1722,BR_3,INOX,Nashik 189,Nashik,Maharashtra
TH_1723,BR_4,Miraj Cinemas,Nashik 169,Nashik,Maharashtra
TH_1724,BR_6,Wave Cinemas,Indore 43,Indore,Madhya Pradesh
TH_1725,BR_4,Miraj Cinemas,Jalandhar 129,Jalandhar,Punjab
TH_1726,BR_2,Cinepolis,Mumbai 450,Mumbai,Maharashtra
TH_1727,BR_1,Carnival Cinemas,Muzaffarpur 91,Muzaffarpur,Bihar
TH_1728,BR_5,PVR Cinemas,Kanpur 98,Kanpur,Uttar Pradesh
TH_1729,BR_2,Cinepolis,Kota 197,Kota,Rajasthan
TH_1730,BR_2,Cinepolis,Thane 412,Thane,Maharashtra
TH_1731,BR_6,Wave Cinemas,Varanasi 182,Varanasi,Uttar Pradesh
TH_1732,BR_6,Wave Cinemas,Siliguri 335,Siliguri,West Bengal
TH_1733,BR_6,Wave Cinemas,Bhavnagar 333,Bhavnagar,Gujarat
TH_1734,BR_6,Wave Cinemas,Muzaffarpur 452,Muzaffarpur,Bihar
TH_1735,BR_1,Carnival Cinemas,Varanasi 335,Varanasi,Uttar Pradesh
TH_1736,BR_2,Cinepolis,Rajkot 93,Rajkot,Gujarat
TH_1737,BR_5,PVR Cinemas,Ludhiana 189,Ludhiana,Punjab
TH_1738,BR_2,Cinepolis,Patna 359,Patna,Bihar
TH_1739,BR_2,Cinepolis,Lucknow 83,Lucknow,Uttar Pradesh
TH_1740,BR_4,Miraj Cinemas,Jalandhar 357,Jalandhar,Punjab
TH_1741,BR_1,Carnival Cinemas,Ajmer 269,Ajmer,Rajasthan
TH_1742,BR_4,Miraj Cinemas,Hubli 220,Hubli,Karnataka
TH_1743,BR_5,PVR Cinemas,Salem 54,Salem,Tamil Nadu
TH_1744,BR_3,INOX,Madurai 271,Madurai,Tamil Nadu
TH_1745,BR_5,PVR Cinemas,Udaipur 424,Udaipur,Rajasthan
TH_1746,BR_5,PVR Cinemas,Tiruchirappalli 421,Tiruchirappalli,Tamil Nadu
TH_1747,BR_3,INOX,Agra 193,Agra,Uttar Pradesh
TH_1748,BR_3,INOX,Salem 131,Salem,Tamil Nadu
TH_1749,BR_1,Carnival Cinemas,Lucknow 415,Lucknow,Uttar Pradesh
TH_1750,BR_4,Miraj Cinemas,Thane 88,Thane,Maharashtra
TH_1751,BR_6,Wave Cinemas,Muzaffarpur 147,Muzaffarpur,Bihar
TH_1752,BR_2,Cinepolis,Durgapur 490,Durgapur,West Bengal
TH_1753,BR_2,Cinepolis,Varanasi 385,Varanasi,Uttar Pradesh
TH_1754,BR_3,INOX,Howrah 38,Howrah,West Bengal
TH_1755,BR_2,Cinepolis,Salem 57,Salem,Tamil Nadu
TH_1756,BR_5,PVR Cinemas,Kota 65,Kota,Rajasthan
TH_1757,BR_3,INOX,Jaipur 97,Jaipur,Rajasthan
TH_1758,BR_5,PVR Cinemas,Asansol 172,Asansol,West Bengal
TH_1759,BR_2,Cinepolis,Gaya 338,Gaya,Bihar
TH_1760,BR_4,Miraj Cinemas,Mumbai 197,Mumbai,Maharashtra
TH_1761,BR_6,Wave Cinemas,Ajmer 107,Ajmer,Rajasthan
TH_1762,BR_4,Miraj Cinemas,Jalandhar 245,Jalandhar,Punjab
TH_1763,BR_2,Cinepolis,Bathinda 417,Bathinda,Punjab
TH_1764,BR_5,PVR Cinemas,Salem 80,Salem,Tamil Nadu
TH_1765,BR_4,Miraj Cinemas,Hubli 484,Hubli,Karnataka
TH_1766,BR_5,PVR Cinemas,Belgaum 302,Belgaum,Karnataka
TH_1767,BR_3,INOX,Asansol 447,Asansol,West Bengal
TH_1768,BR_6,Wave Cinemas,Belgaum 29,Belgaum,Karnataka
TH_1769,BR_2,Cinepolis,Bhopal 1,Bhopal,Madhya Pradesh
TH_1770,BR_2,Cinepolis,Vadodara 330,Vadodara,Gujarat
TH_1771,BR_6,Wave Cinemas,Madurai 444,Madurai,Tamil Nadu
TH_1772,BR_2,Cinepolis,Mumbai 153,Mumbai,Maharashtra
TH_1773,BR_5,PVR Cinemas,Surat 118,Surat,Gujarat
TH_1774,BR_2,Cinepolis,Udaipur 357,Udaipur,Rajasthan
TH_1775,BR_3,INOX,Patiala 292,Patiala,Punjab
TH_1776,BR_4,Miraj Cinemas,Kota 368,Kota,Rajasthan
TH_1777,BR_3,INOX,Agra 498,Agra,Uttar Pradesh
TH_1778,BR_3,INOX,Amritsar 214,Amritsar,Punjab
TH_1779,BR_3,INOX,Bhavnagar 232,Bhavnagar,Gujarat
TH_1780,BR_2,Cinepolis,Salem 303,Salem,Tamil Nadu
TH_1781,BR_4,Miraj Cinemas,Patna 158,Patna,Bihar
TH_1782,BR_2,Cinepolis,Chennai 8,Chennai,Tamil Nadu
TH_1783,BR_5,PVR Cinemas,Nagpur 211,Nagpur,Maharashtra
TH_1784,BR_3,INOX,Jodhpur 388,Jodhpur,Rajasthan
TH_1785,BR_5,PVR Cinemas,Jalandhar 249,Jalandhar,Punjab
TH_1786,BR_3,INOX,Udaipur 138,Udaipur,Rajasthan
TH_1787,BR_6,Wave Cinemas,Siliguri 493,Siliguri,West Bengal
TH_1788,BR_2,Cinepolis,Purnia 463,Purnia,Bihar
TH_1789,BR_5,PVR Cinemas,Chennai 14,Chennai,Tamil Nadu
TH_1790,BR_6,Wave Cinemas,Thane 74,Thane,Maharashtra
TH_1791,BR_1,Carnival Cinemas,Tiruchirappalli 248,Tiruchirappalli,Tamil Nadu
TH_1792,BR_5,PVR Cinemas,Varanasi 475,Varanasi,Uttar Pradesh
TH_1793,BR_3,INOX,Muzaffarpur 271,Muzaffarpur,Bihar
TH_1794,BR_3,INOX,Mumbai 241,Mumbai,Maharashtra
TH_1795,BR_3,INOX,Bhagalpur 297,Bhagalpur,Bihar
TH_1796,BR_2,Cinepolis,Meerut 401,Meerut,Uttar Pradesh
TH_1797,BR_4,Miraj Cinemas,Kanpur 168,Kanpur,Uttar Pradesh
TH_1798,BR_5,PVR Cinemas,Muzaffarpur 445,Muzaffarpur,Bihar
TH_1799,BR_5,PVR Cinemas,Bathinda 325,Bathinda,Punjab
TH_1800,BR_4,Miraj Cinemas,Udaipur 214,Udaipur,Rajasthan
TH_1801,BR_2,Cinepolis,Bhavnagar 397,Bhavnagar,Gujarat
TH_1802,BR_6,Wave Cinemas,Ajmer 105,Ajmer,Rajasthan
TH_1803,BR_3,INOX,Bangalore 248,Bangalore,Karnataka
TH_1804,BR_2,Cinepolis,Meerut 447,Meerut,Uttar Pradesh
TH_1805,BR_3,INOX,Jabalpur 205,Jabalpur,Madhya Pradesh
TH_1806,BR_2,Cinepolis,Gwalior 223,Gwalior,Madhya Pradesh
TH_1807,BR_2,Cinepolis,Tiruchirappalli 385,Tiruchirappalli,Tamil Nadu
TH_1808,BR_3,INOX,Indore 243,Indore,Madhya Pradesh
TH_1809,BR_2,Cinepolis,Purnia 140,Purnia,Bihar
TH_1810,BR_1,Carnival Cinemas,Mumbai 124,Mumbai,Maharashtra
TH_1811,BR_3,INOX,Jabalpur 76,Jabalpur,Madhya Pradesh
TH_1812,BR_5,PVR Cinemas,Hubli 385,Hubli,Karnataka
TH_1813,BR_4,Miraj Cinemas,Bathinda 309,Bathinda,Punjab
TH_1814,BR_6,Wave Cinemas,Howrah 351,Howrah,West Bengal
TH_1815,BR_2,Cinepolis,Ajmer 381,Ajmer,Rajasthan
TH_1816,BR_5,PVR Cinemas,Mangalore 347,Mangalore,Karnataka
TH_1817,BR_5,PVR Cinemas,Muzaffarpur 234,Muzaffarpur,Bihar
TH_1818,BR_3,INOX,Bangalore 288,Bangalore,Karnataka
TH_1819,BR_5,PVR Cinemas,Belgaum 256,Belgaum,Karnataka
TH_1820,BR_4,Miraj Cinemas,Coimbatore 451,Coimbatore,Tamil Nadu
TH_1821,BR_5,PVR Cinemas,Jodhpur 125,Jodhpur,Rajasthan
TH_1822,BR_3,INOX,Ajmer 182,Ajmer,Rajasthan
TH_1823,BR_6,Wave Cinemas,Surat 462,Surat,Gujarat
TH_1824,BR_1,Carnival Cinemas,Howrah 110,Howrah,West Bengal
TH_1825,BR_5,PVR Cinemas,Nashik 225,Nashik,Maharashtra
TH_1826,BR_2,Cinepolis,Jodhpur 246,Jodhpur,Rajasthan
TH_1827,BR_6,Wave Cinemas,Bangalore 359,Bangalore,Karnataka
TH_1828,BR_1,Carnival Cinemas,Nashik 76,Nashik,Maharashtra
TH_1829,BR_1,Carnival Cinemas,Muzaffarpur 19,Muzaffarpur,Bihar
TH_1830,BR_6,Wave Cinemas,Rajkot 156,Rajkot,Gujarat
TH_1831,BR_2,Cinepolis,Belgaum 401,Belgaum,Karnataka
TH_1832,BR_4,Miraj Cinemas,Bhavnagar 422,Bhavnagar,Gujarat
TH_1833,BR_2,Cinepolis,Vadodara 285,Vadodara,Gujarat
TH_1834,BR_4,Miraj Cinemas,Amritsar 428,Amritsar,Punjab
TH_1835,BR_4,Miraj Cinemas,Varanasi 158,Varanasi,Uttar Pradesh
TH_1836,BR_3,INOX,Ajmer 300,Ajmer,Rajasthan
TH_1837,BR_1,Carnival Cinemas,Mysore 92,Mysore,Karnataka
TH_1838,BR_4,Miraj Cinemas,Belgaum 107,Belgaum,Karnataka
TH_1839,BR_4,Miraj Cinemas,Ahmedabad 2,Ahmedabad,Gujarat
TH_1840,BR_3,INOX,Bangalore 170,Bangalore,Karnataka
TH_1841,BR_3,INOX,Patna 156,Patna,Bihar
TH_1842,BR_3,INOX,Bhopal 276,Bhopal,Madhya Pradesh
TH_1843,BR_6,Wave Cinemas,Muzaffarpur 158,Muzaffarpur,Bihar
TH_1844,BR_5,PVR Cinemas,Madurai 348,Madurai,Tamil Nadu
TH_1845,BR_2,Cinepolis,Chennai 22,Chennai,Tamil Nadu
TH_1846,BR_6,Wave Cinemas,Bhagalpur 114,Bhagalpur,Bihar
TH_1847,BR_1,Carnival Cinemas,Bangalore 389,Bangalore,Karnataka
TH_1848,BR_4,Miraj Cinemas,Belgaum 242,Belgaum,Karnataka
TH_1849,BR_6,Wave Cinemas,Gwalior 362,Gwalior,Madhya Pradesh
TH_1850,BR_1,Carnival Cinemas,Kolkata 158,Kolkata,West Bengal
TH_1851,BR_6,Wave Cinemas,Ahmedabad 306,Ahmedabad,Gujarat
TH_1852,BR_4,Miraj Cinemas,Siliguri 402,Siliguri,West Bengal
TH_1853,BR_2,Cinepolis,Amritsar 392,Amritsar,Punjab
TH_1854,BR_6,Wave Cinemas,Pune 194,Pune,Maharashtra
TH_1855,BR_1,Carnival Cinemas,Belgaum 54,Belgaum,Karnataka
TH_1856,BR_5,PVR Cinemas,Udaipur 146,Udaipur,Rajasthan
TH_1857,BR_1,Carnival Cinemas,Mangalore 151,Mangalore,Karnataka
TH_1858,BR_3,INOX,Chennai 408,Chennai,Tamil Nadu
TH_1859,BR_5,PVR Cinemas,Varanasi 411,Varanasi,Uttar Pradesh
TH_1860,BR_3,INOX,Nagpur 260,Nagpur,Maharashtra
TH_1861,BR_5,PVR Cinemas,Agra 172,Agra,Uttar Pradesh
TH_1862,BR_1,Carnival Cinemas,Siliguri 236,Siliguri,West Bengal
TH_1863,BR_2,Cinepolis,Kolkata 220,Kolkata,West Bengal
TH_1864,BR_1,Carnival Cinemas,Lucknow 301,Lucknow,Uttar Pradesh
TH_1865,BR_1,Carnival Cinemas,Agra 339,Agra,Uttar Pradesh
TH_1866,BR_6,Wave Cinemas,Vadodara 95,Vadodara,Gujarat
TH_1867,BR_4,Miraj Cinemas,Bathinda 444,Bathinda,Punjab
TH_1868,BR_6,Wave Cinemas,Kota 155,Kota,Rajasthan
TH_1869,BR_4,Miraj Cinemas,Muzaffarpur 14,Muzaffarpur,Bihar
TH_1870,BR_5,PVR Cinemas,Jaipur 412,Jaipur,Rajasthan
TH_1871,BR_2,Cinepolis,Udaipur 479,Udaipur,Rajasthan
TH_1872,BR_5,PVR Cinemas,Jabalpur 135,Jabalpur,Madhya Pradesh
TH_1873,BR_2,Cinepolis,Indore 50,Indore,Madhya Pradesh
TH_1874,BR_1,Carnival Cinemas,Pune 185,Pune,Maharashtra
TH_1875,BR_2,Cinepolis,Bhopal 123,Bhopal,Madhya Pradesh
TH_1876,BR_3,INOX,Hubli 13,Hubli,Karnataka
TH_1877,BR_4,Miraj Cinemas,Howrah 47,Howrah,West Bengal
TH_1878,BR_3,INOX,Pune 213,Pune,Maharashtra
TH_1879,BR_6,Wave Cinemas,Ludhiana 252,Ludhiana,Punjab
TH_1880,BR_2,Cinepolis,Madurai 95,Madurai,Tamil Nadu
TH_1881,BR_2,Cinepolis,Indore 140,Indore,Madhya Pradesh
TH_1882,BR_4,Miraj Cinemas,Agra 201,Agra,Uttar Pradesh
TH_1883,BR_1,Carnival Cinemas,Gaya 498,Gaya,Bihar
TH_1884,BR_2,Cinepolis,Durgapur 263,Durgapur,West Bengal
TH_1885,BR_5,PVR Cinemas,Mangalore 168,Mangalore,Karnataka
TH_1886,BR_4,Miraj Cinemas,Belgaum 49,Belgaum,Karnataka
TH_1887,BR_3,INOX,Durgapur 297,Durgapur,West Bengal
TH_1888,BR_1,Carnival Cinemas,Ujjain 46,Ujjain,Madhya Pradesh
TH_1889,BR_1,Carnival Cinemas,Belgaum 352,Belgaum,Karnataka
TH_1890,BR_4,Miraj Cinemas,Salem 25,Salem,Tamil Nadu
TH_1891,BR_4,Miraj Cinemas,Surat 325,Surat,Gujarat
TH_1892,BR_4,Miraj Cinemas,Jabalpur 384,Jabalpur,Madhya Pradesh
TH_1893,BR_1,Carnival Cinemas,Muzaffarpur 156,Muzaffarpur,Bihar
TH_1894,BR_2,Cinepolis,Patiala 150,Patiala,Punjab
TH_1895,BR_1,Carnival Cinemas,Bhavnagar 208,Bhavnagar,Gujarat
TH_1896,BR_2,Cinepolis,Ajmer 461,Ajmer,Rajasthan
TH_1897,BR_3,INOX,Bhagalpur 391,Bhagalpur,Bihar
TH_1898,BR_1,Carnival Cinemas,Thane 95,Thane,Maharashtra
TH_1899,BR_1,Carnival Cinemas,Bhavnagar 414,Bhavnagar,Gujarat
TH_1900,BR_3,INOX,Mangalore 163,Mangalore,Karnataka
TH_1901,BR_6,Wave Cinemas,Patna 463,Patna,Bihar
TH_1902,BR_2,Cinepolis,Bhopal 15,Bhopal,Madhya Pradesh
TH_1903,BR_1,Carnival Cinemas,Ahmedabad 63,Ahmedabad,Gujarat
TH_1904,BR_6,Wave Cinemas,Pune 160,Pune,Maharashtra
TH_1905,BR_6,Wave Cinemas,Bathinda 130,Bathinda,Punjab
TH_1906,BR_6,Wave Cinemas,Jaipur 178,Jaipur,Rajasthan
TH_1907,BR_1,Carnival Cinemas,Nagpur 415,Nagpur,Maharashtra
TH_1908,BR_1,Carnival Cinemas,Chennai 44,Chennai,Tamil Nadu
TH_1909,BR_2,Cinepolis,Bangalore 180,Bangalore,Karnataka
TH_1910,BR_5,PVR Cinemas,Kota 177,Kota,Rajasthan
TH_1911,BR_1,Carnival Cinemas,Varanasi 295,Varanasi,Uttar Pradesh
TH_1912,BR_4,Miraj Cinemas,Mysore 394,Mysore,Karnataka
TH_1913,BR_3,INOX,Kolkata 112,Kolkata,West Bengal
TH_1914,BR_3,INOX,Kota 336,Kota,Rajasthan
TH_1915,BR_3,INOX,Surat 113,Surat,Gujarat
TH_1916,BR_4,Miraj Cinemas,Salem 266,Salem,Tamil Nadu
TH_1917,BR_4,Miraj Cinemas,Kolkata 466,Kolkata,West Bengal
TH_1918,BR_6,Wave Cinemas,Pune 131,Pune,Maharashtra
TH_1919,BR_3,INOX,Howrah 391,Howrah,West Bengal
TH_1920,BR_1,Carnival Cinemas,Bathinda 52,Bathinda,Punjab
TH_1921,BR_5,PVR Cinemas,Pune 411,Pune,Maharashtra
TH_1922,BR_2,Cinepolis,Pune 111,Pune,Maharashtra
TH_1923,BR_4,Miraj Cinemas,Purnia 72,Purnia,Bihar
TH_1924,BR_5,PVR Cinemas,Rajkot 88,Rajkot,Gujarat
TH_1925,BR_3,INOX,Asansol 455,Asansol,West Bengal
TH_1926,BR_6,Wave Cinemas,Udaipur 236,Udaipur,Rajasthan
TH_1927,BR_6,Wave Cinemas,Hubli 331,Hubli,Karnataka
TH_1928,BR_5,PVR Cinemas,Bangalore 500,Bangalore,Karnataka
TH_1929,BR_2,Cinepolis,Lucknow 281,Lucknow,Uttar Pradesh
TH_1930,BR_4,Miraj Cinemas,Bhavnagar 441,Bhavnagar,Gujarat
TH_1931,BR_3,INOX,Howrah 397,Howrah,West Bengal
TH_1932,BR_5,PVR Cinemas,Meerut 318,Meerut,Uttar Pradesh
TH_1933,BR_6,Wave Cinemas,Jaipur 420,Jaipur,Rajasthan
TH_1934,BR_6,Wave Cinemas,Lucknow 59,Lucknow,Uttar Pradesh
TH_1935,BR_3,INOX,Vadodara 162,Vadodara,Gujarat
TH_1936,BR_4,Miraj Cinemas,Purnia 106,Purnia,Bihar
TH_1937,BR_3,INOX,Surat 17,Surat,Gujarat
TH_1938,BR_4,Miraj Cinemas,Gwalior 402,Gwalior,Madhya Pradesh
TH_1939,BR_1,Carnival Cinemas,Purnia 103,Purnia,Bihar
TH_1940,BR_5,PVR Cinemas,Bhopal 413,Bhopal,Madhya Pradesh
TH_1941,BR_3,INOX,Belgaum 144,Belgaum,Karnataka
TH_1942,BR_1,Carnival Cinemas,Meerut 360,Meerut,Uttar Pradesh
TH_1943,BR_5,PVR Cinemas,Jaipur 256,Jaipur,Rajasthan
TH_1944,BR_3,INOX,Amritsar 11,Amritsar,Punjab
TH_1945,BR_1,Carnival Cinemas,Bathinda 482,Bathinda,Punjab
TH_1946,BR_4,Miraj Cinemas,Madurai 230,Madurai,Tamil Nadu
TH_1947,BR_5,PVR Cinemas,Mangalore 120,Mangalore,Karnataka
TH_1948,BR_2,Cinepolis,Bhavnagar 259,Bhavnagar,Gujarat
TH_1949,BR_6,Wave Cinemas,Purnia 85,Purnia,Bihar
TH_1950,BR_5,PVR Cinemas,Madurai 428,Madurai,Tamil Nadu
TH_1951,BR_2,Cinepolis,Kota 50,Kota,Rajasthan
TH_1952,BR_2,Cinepolis,Kota 430,Kota,Rajasthan
TH_1953,BR_5,PVR Cinemas,Bathinda 118,Bathinda,Punjab
TH_1954,BR_1,Carnival Cinemas,Durgapur 351,Durgapur,West Bengal
TH_1955,BR_5,PVR Cinemas,Gaya 488,Gaya,Bihar
TH_1956,BR_1,Carnival Cinemas,Jabalpur 452,Jabalpur,Madhya Pradesh
TH_1957,BR_3,INOX,Patiala 160,Patiala,Punjab
TH_1958,BR_1,Carnival Cinemas,Howrah 255,Howrah,West Bengal
TH_1959,BR_6,Wave Cinemas,Meerut 117,Meerut,Uttar Pradesh
TH_1960,BR_6,Wave Cinemas,Asansol 79,Asansol,West Bengal
TH_1961,BR_4,Miraj Cinemas,Surat 205,Surat,Gujarat
TH_1962,BR_6,Wave Cinemas,Nagpur 394,Nagpur,Maharashtra
TH_1963,BR_2,Cinepolis,Ludhiana 455,Ludhiana,Punjab
TH_1964,BR_3,INOX,Muzaffarpur 345,Muzaffarpur,Bihar
TH_1965,BR_5,PVR Cinemas,Thane 403,Thane,Maharashtra
TH_1966,BR_2,Cinepolis,Nashik 156,Nashik,Maharashtra
TH_1967,BR_5,PVR Cinemas,Chennai 215,Chennai,Tamil Nadu
TH_1968,BR_5,PVR Cinemas,Amritsar 203,Amritsar,Punjab
TH_1969,BR_4,Miraj Cinemas,Coimbatore 255,Coimbatore,Tamil Nadu
TH_1970,BR_2,Cinepolis,Ujjain 39,Ujjain,Madhya Pradesh
TH_1971,BR_4,Miraj Cinemas,Ludhiana 429,Ludhiana,Punjab
TH_1972,BR_5,PVR Cinemas,Mysore 347,Mysore,Karnataka
TH_1973,BR_3,INOX,Thane 247,Thane,Maharashtra
TH_1974,BR_6,Wave Cinemas,Belgaum 92,Belgaum,Karnataka
TH_1975,BR_3,INOX,Jaipur 490,Jaipur,Rajasthan
TH_1976,BR_4,Miraj Cinemas,Mysore 242,Mysore,Karnataka
TH_1977,BR_4,Miraj Cinemas,Varanasi 394,Varanasi,Uttar Pradesh
TH_1978,BR_5,PVR Cinemas,Meerut 400,Meerut,Uttar Pradesh
TH_1979,BR_5,PVR Cinemas,Ahmedabad 127,Ahmedabad,Gujarat
TH_1980,BR_5,PVR Cinemas,Jaipur 173,Jaipur,Rajasthan
TH_1981,BR_5,PVR Cinemas,Salem 6,Salem,Tamil Nadu
TH_1982,BR_4,Miraj Cinemas,Hubli 310,Hubli,Karnataka
TH_1983,BR_6,Wave Cinemas,Siliguri 283,Siliguri,West Bengal
TH_1984,BR_3,INOX,Nashik 412,Nashik,Maharashtra
TH_1985,BR_6,Wave Cinemas,Hubli 446,Hubli,Karnataka
TH_1986,BR_2,Cinepolis,Rajkot 292,Rajkot,Gujarat
TH_1987,BR_4,Miraj Cinemas,Nagpur 477,Nagpur,Maharashtra
TH_1988,BR_4,Miraj Cinemas,Kota 337,Kota,Rajasthan
TH_1989,BR_6,Wave Cinemas,Siliguri 185,Siliguri,West Bengal
TH_1990,BR_1,Carnival Cinemas,Salem 489,Salem,Tamil Nadu
TH_1991,BR_5,PVR Cinemas,Mumbai 432,Mumbai,Maharashtra
TH_1992,BR_1,Carnival Cinemas,Coimbatore 483,Coimbatore,Tamil Nadu
TH_1993,BR_6,Wave Cinemas,Mumbai 349,Mumbai,Maharashtra
TH_1994,BR_4,Miraj Cinemas,Amritsar 215,Amritsar,Punjab
TH_1995,BR_3,INOX,Hubli 96,Hubli,Karnataka
TH_1996,BR_2,Cinepolis,Muzaffarpur 307,Muzaffarpur,Bihar
TH_1997,BR_3,INOX,Udaipur 408,Udaipur,Rajasthan
TH_1998,BR_1,Carnival Cinemas,Tiruchirappalli 182,Tiruchirappalli,Tamil Nadu
TH_1999,BR_1,Carnival Cinemas,Thane 127,Thane,Maharashtra
TH_2000,BR_4,Miraj Cinemas,Chennai 85,Chennai,Tamil Nadu
TH_2001,BR_5,PVR Cinemas,Bhopal 274,Bhopal,Madhya Pradesh
TH_2002,BR_1,Carnival Cinemas,Mumbai 393,Mumbai,Maharashtra
TH_2003,BR_2,Cinepolis,Indore 432,Indore,Madhya Pradesh
TH_2004,BR_6,Wave Cinemas,Surat 11,Surat,Gujarat
TH_2005,BR_2,Cinepolis,Salem 52,Salem,Tamil Nadu
TH_2006,BR_3,INOX,Nagpur 31,Nagpur,Maharashtra
TH_2007,BR_2,Cinepolis,Jabalpur 89,Jabalpur,Madhya Pradesh
TH_2008,BR_4,Miraj Cinemas,Varanasi 407,Varanasi,Uttar Pradesh
TH_2009,BR_6,Wave Cinemas,Madurai 190,Madurai,Tamil Nadu
TH_2010,BR_1,Carnival Cinemas,Belgaum 421,Belgaum,Karnataka
TH_2011,BR_2,Cinepolis,Mysore 206,Mysore,Karnataka
TH_2012,BR_4,Miraj Cinemas,Ajmer 237,Ajmer,Rajasthan
TH_2013,BR_4,Miraj Cinemas,Hubli 409,Hubli,Karnataka
TH_2014,BR_6,Wave Cinemas,Bathinda 285,Bathinda,Punjab
TH_2015,BR_5,PVR Cinemas,Indore 67,Indore,Madhya Pradesh
TH_2016,BR_5,PVR Cinemas,Ahmedabad 417,Ahmedabad,Gujarat
TH_2017,BR_5,PVR Cinemas,Bhagalpur 449,Bhagalpur,Bihar
TH_2018,BR_4,Miraj Cinemas,Lucknow 33,Lucknow,Uttar Pradesh
TH_2019,BR_6,Wave Cinemas,Mumbai 133,Mumbai,Maharashtra
TH_2020,BR_4,Miraj Cinemas,Gwalior 399,Gwalior,Madhya Pradesh
TH_2021,BR_4,Miraj Cinemas,Patiala 421,Patiala,Punjab
TH_2022,BR_2,Cinepolis,Udaipur 260,Udaipur,Rajasthan
TH_2023,BR_3,INOX,Ajmer 9,Ajmer,Rajasthan
TH_2024,BR_1,Carnival Cinemas,Nagpur 323,Nagpur,Maharashtra
TH_2025,BR_4,Miraj Cinemas,Jabalpur 34,Jabalpur,Madhya Pradesh
TH_2026,BR_6,Wave Cinemas,Belgaum 288,Belgaum,Karnataka
TH_2027,BR_3,INOX,Jodhpur 128,Jodhpur,Rajasthan
TH_2028,BR_4,Miraj Cinemas,Madurai 142,Madurai,Tamil Nadu
TH_2029,BR_5,PVR Cinemas,Nashik 249,Nashik,Maharashtra
TH_2030,BR_1,Carnival Cinemas,Bangalore 387,Bangalore,Karnataka
TH_2031,BR_1,Carnival Cinemas,Mumbai 457,Mumbai,Maharashtra
TH_2032,BR_5,PVR Cinemas,Bhagalpur 165,Bhagalpur,Bihar
TH_2033,BR_1,Carnival Cinemas,Muzaffarpur 399,Muzaffarpur,Bihar
TH_2034,BR_2,Cinepolis,Howrah 326,Howrah,West Bengal
TH_2035,BR_3,INOX,Thane 109,Thane,Maharashtra
TH_2036,BR_3,INOX,Durgapur 134,Durgapur,West Bengal
TH_2037,BR_6,Wave Cinemas,Kanpur 101,Kanpur,Uttar Pradesh
TH_2038,BR_2,Cinepolis,Ajmer 257,Ajmer,Rajasthan
TH_2039,BR_6,Wave Cinemas,Durgapur 215,Durgapur,West Bengal
TH_2040,BR_2,Cinepolis,Ujjain 102,Ujjain,Madhya Pradesh
TH_2041,BR_3,INOX,Kolkata 397,Kolkata,West Bengal
TH_2042,BR_5,PVR Cinemas,Muzaffarpur 209,Muzaffarpur,Bihar
TH_2043,BR_1,Carnival Cinemas,Rajkot 75,Rajkot,Gujarat
TH_2044,BR_2,Cinepolis,Mangalore 464,Mangalore,Karnataka
TH_2045,BR_3,INOX,Kota 253,Kota,Rajasthan
TH_2046,BR_6,Wave Cinemas,Siliguri 213,Siliguri,West Bengal
TH_2047,BR_1,Carnival Cinemas,Ujjain 311,Ujjain,Madhya Pradesh
TH_2048,BR_6,Wave Cinemas,Meerut 306,Meerut,Uttar Pradesh
TH_2049,BR_4,Miraj Cinemas,Mangalore 18,Mangalore,Karnataka
TH_2050,BR_2,Cinepolis,Gwalior 184,Gwalior,Madhya Pradesh
TH_2051,BR_3,INOX,Ajmer 105,Ajmer,Rajasthan
TH_2052,BR_3,INOX,Bathinda 434,Bathinda,Punjab
TH_2053,BR_3,INOX,Ludhiana 494,Ludhiana,Punjab
TH_2054,BR_2,Cinepolis,Jodhpur 394,Jodhpur,Rajasthan
TH_2055,BR_5,PVR Cinemas,Varanasi 82,Varanasi,Uttar Pradesh
TH_2056,BR_4,Miraj Cinemas,Gwalior 113,Gwalior,Madhya Pradesh
TH_2057,BR_5,PVR Cinemas,Madurai 164,Madurai,Tamil Nadu
TH_2058,BR_1,Carnival Cinemas,Ahmedabad 76,Ahmedabad,Gujarat
TH_2059,BR_1,Carnival Cinemas,Pune 320,Pune,Maharashtra
TH_2060,BR_3,INOX,Jaipur 190,Jaipur,Rajasthan
TH_2061,BR_6,Wave Cinemas,Salem 361,Salem,Tamil Nadu
TH_2062,BR_6,Wave Cinemas,Asansol 464,Asansol,West Bengal
TH_2063,BR_4,Miraj Cinemas,Rajkot 30,Rajkot,Gujarat
TH_2064,BR_4,Miraj Cinemas,Purnia 415,Purnia,Bihar
TH_2065,BR_1,Carnival Cinemas,Ajmer 450,Ajmer,Rajasthan
TH_2066,BR_1,Carnival Cinemas,Thane 119,Thane,Maharashtra
TH_2067,BR_4,Miraj Cinemas,Nashik 454,Nashik,Maharashtra
TH_2068,BR_3,INOX,Gaya 220,Gaya,Bihar
TH_2069,BR_5,PVR Cinemas,Purnia 123,Purnia,Bihar
TH_2070,BR_6,Wave Cinemas,Patiala 241,Patiala,Punjab
TH_2071,BR_2,Cinepolis,Jaipur 241,Jaipur,Rajasthan
TH_2072,BR_5,PVR Cinemas,Bathinda 44,Bathinda,Punjab
TH_2073,BR_1,Carnival Cinemas,Ujjain 120,Ujjain,Madhya Pradesh
TH_2074,BR_4,Miraj Cinemas,Patiala 173,Patiala,Punjab
TH_2075,BR_2,Cinepolis,Gwalior 115,Gwalior,Madhya Pradesh
TH_2076,BR_6,Wave Cinemas,Surat 324,Surat,Gujarat
TH_2077,BR_5,PVR Cinemas,Varanasi 492,Varanasi,Uttar Pradesh
TH_2078,BR_4,Miraj Cinemas,Kanpur 402,Kanpur,Uttar Pradesh
TH_2079,BR_5,PVR Cinemas,Lucknow 470,Lucknow,Uttar Pradesh
TH_2080,BR_3,INOX,Surat 83,Surat,Gujarat
TH_2081,BR_3,INOX,Muzaffarpur 457,Muzaffarpur,Bihar
TH_2082,BR_5,PVR Cinemas,Belgaum 398,Belgaum,Karnataka
TH_2083,BR_2,Cinepolis,Amritsar 239,Amritsar,Punjab
TH_2084,BR_2,Cinepolis,Madurai 260,Madurai,Tamil Nadu
TH_2085,BR_3,INOX,Rajkot 173,Rajkot,Gujarat
TH_2086,BR_2,Cinepolis,Rajkot 34,Rajkot,Gujarat
TH_2087,BR_6,Wave Cinemas,Indore 471,Indore,Madhya Pradesh
TH_2088,BR_3,INOX,Hubli 357,Hubli,Karnataka
TH_2089,BR_4,Miraj Cinemas,Jabalpur 258,Jabalpur,Madhya Pradesh
TH_2090,BR_3,INOX,Udaipur 358,Udaipur,Rajasthan
TH_2091,BR_4,Miraj Cinemas,Jaipur 148,Jaipur,Rajasthan
TH_2092,BR_2,Cinepolis,Patiala 78,Patiala,Punjab
TH_2093,BR_1,Carnival Cinemas,Bhavnagar 418,Bhavnagar,Gujarat
TH_2094,BR_5,PVR Cinemas,Mangalore 271,Mangalore,Karnataka
TH_2095,BR_1,Carnival Cinemas,Vadodara 297,Vadodara,Gujarat
TH_2096,BR_1,Carnival Cinemas,Surat 425,Surat,Gujarat
TH_2097,BR_3,INOX,Nagpur 282,Nagpur,Maharashtra
TH_2098,BR_6,Wave Cinemas,Thane 403,Thane,Maharashtra
TH_2099,BR_6,Wave Cinemas,Ujjain 330,Ujjain,Madhya Pradesh
TH_2100,BR_3,INOX,Jaipur 29,Jaipur,Rajasthan
TH_2101,BR_6,Wave Cinemas,Ajmer 36,Ajmer,Rajasthan
TH_2102,BR_4,Miraj Cinemas,Asansol 85,Asansol,West Bengal
TH_2103,BR_3,INOX,Hubli 73,Hubli,Karnataka
TH_2104,BR_1,Carnival Cinemas,Mysore 26,Mysore,Karnataka
TH_2105,BR_4,Miraj Cinemas,Lucknow 278,Lucknow,Uttar Pradesh
TH_2106,BR_1,Carnival Cinemas,Indore 197,Indore,Madhya Pradesh
TH_2107,BR_6,Wave Cinemas,Jalandhar 136,Jalandhar,Punjab
TH_2108,BR_6,Wave Cinemas,Kota 398,Kota,Rajasthan
TH_2109,BR_4,Miraj Cinemas,Ahmedabad 142,Ahmedabad,Gujarat
TH_2110,BR_5,PVR Cinemas,Chennai 148,Chennai,Tamil Nadu
TH_2111,BR_3,INOX,Ludhiana 389,Ludhiana,Punjab
TH_2112,BR_6,Wave Cinemas,Bangalore 344,Bangalore,Karnataka
TH_2113,BR_1,Carnival Cinemas,Jalandhar 100,Jalandhar,Punjab
TH_2114,BR_2,Cinepolis,Thane 328,Thane,Maharashtra
TH_2115,BR_2,Cinepolis,Pune 182,Pune,Maharashtra
TH_2116,BR_4,Miraj Cinemas,Ahmedabad 459,Ahmedabad,Gujarat
TH_2117,BR_4,Miraj Cinemas,Surat 298,Surat,Gujarat
TH_2118,BR_6,Wave Cinemas,Durgapur 387,Durgapur,West Bengal
TH_2119,BR_4,Miraj Cinemas,Nashik 422,Nashik,Maharashtra
TH_2120,BR_1,Carnival Cinemas,Mangalore 189,Mangalore,Karnataka
TH_2121,BR_4,Miraj Cinemas,Muzaffarpur 413,Muzaffarpur,Bihar
TH_2122,BR_4,Miraj Cinemas,Vadodara 71,Vadodara,Gujarat
TH_2123,BR_3,INOX,Varanasi 331,Varanasi,Uttar Pradesh
TH_2124,BR_4,Miraj Cinemas,Bhavnagar 19,Bhavnagar,Gujarat
TH_2125,BR_2,Cinepolis,Jodhpur 391,Jodhpur,Rajasthan
TH_2126,BR_3,INOX,Madurai 186,Madurai,Tamil Nadu
TH_2127,BR_1,Carnival Cinemas,Mumbai 456,Mumbai,Maharashtra
TH_2128,BR_5,PVR Cinemas,Nashik 159,Nashik,Maharashtra
TH_2129,BR_5,PVR Cinemas,Siliguri 375,Siliguri,West Bengal
TH_2130,BR_4,Miraj Cinemas,Durgapur 111,Durgapur,West Bengal
TH_2131,BR_4,Miraj Cinemas,Mumbai 60,Mumbai,Maharashtra
TH_2132,BR_2,Cinepolis,Gaya 161,Gaya,Bihar
TH_2133,BR_2,Cinepolis,Ujjain 213,Ujjain,Madhya Pradesh
TH_2134,BR_1,Carnival Cinemas,Udaipur 240,Udaipur,Rajasthan
TH_2135,BR_5,PVR Cinemas,Belgaum 323,Belgaum,Karnataka
TH_2136,BR_2,Cinepolis,Kolkata 343,Kolkata,West Bengal
TH_2137,BR_3,INOX,Vadodara 273,Vadodara,Gujarat
TH_2138,BR_4,Miraj Cinemas,Purnia 101,Purnia,Bihar
TH_2139,BR_6,Wave Cinemas,Gwalior 318,Gwalior,Madhya Pradesh
TH_2140,BR_4,Miraj Cinemas,Bathinda 151,Bathinda,Punjab
TH_2141,BR_1,Carnival Cinemas,Madurai 362,Madurai,Tamil Nadu
TH_2142,BR_6,Wave Cinemas,Bangalore 285,Bangalore,Karnataka
TH_2143,BR_1,Carnival Cinemas,Surat 494,Surat,Gujarat
TH_2144,BR_5,PVR Cinemas,Nashik 317,Nashik,Maharashtra
TH_2145,BR_4,Miraj Cinemas,Surat 111,Surat,Gujarat
TH_2146,BR_4,Miraj Cinemas,Patna 156,Patna,Bihar
TH_2147,BR_1,Carnival Cinemas,Mysore 383,Mysore,Karnataka
TH_2148,BR_6,Wave Cinemas,Varanasi 466,Varanasi,Uttar Pradesh
TH_2149,BR_1,Carnival Cinemas,Hubli 45,Hubli,Karnataka
TH_2150,BR_3,INOX,Asansol 481,Asansol,West Bengal
TH_2151,BR_4,Miraj Cinemas,Varanasi 264,Varanasi,Uttar Pradesh
TH_2152,BR_1,Carnival Cinemas,Bhavnagar 101,Bhavnagar,Gujarat
TH_2153,BR_1,Carnival Cinemas,Agra 98,Agra,Uttar Pradesh
TH_2154,BR_3,INOX,Tiruchirappalli 60,Tiruchirappalli,Tamil Nadu
TH_2155,BR_1,Carnival Cinemas,Jabalpur 154,Jabalpur,Madhya Pradesh
TH_2156,BR_1,Carnival Cinemas,Nashik 10,Nashik,Maharashtra
TH_2157,BR_3,INOX,Gwalior 301,Gwalior,Madhya Pradesh
TH_2158,BR_3,INOX,Muzaffarpur 4,Muzaffarpur,Bihar
TH_2159,BR_4,Miraj Cinemas,Pune 189,Pune,Maharashtra
TH_2160,BR_6,Wave Cinemas,Durgapur 411,Durgapur,West Bengal
TH_2161,BR_1,Carnival Cinemas,Ludhiana 195,Ludhiana,Punjab
TH_2162,BR_3,INOX,Bhavnagar 48,Bhavnagar,Gujarat
TH_2163,BR_5,PVR Cinemas,Kolkata 191,Kolkata,West Bengal
TH_2164,BR_1,Carnival Cinemas,Vadodara 43,Vadodara,Gujarat
TH_2165,BR_2,Cinepolis,Jalandhar 399,Jalandhar,Punjab
TH_2166,BR_5,PVR Cinemas,Bhavnagar 79,Bhavnagar,Gujarat
TH_2167,BR_5,PVR Cinemas,Coimbatore 43,Coimbatore,Tamil Nadu
TH_2168,BR_6,Wave Cinemas,Kanpur 246,Kanpur,Uttar Pradesh
TH_2169,BR_5,PVR Cinemas,Purnia 333,Purnia,Bihar
TH_2170,BR_5,PVR Cinemas,Patna 179,Patna,Bihar
TH_2171,BR_6,Wave Cinemas,Bathinda 353,Bathinda,Punjab
TH_2172,BR_1,Carnival Cinemas,Kota 45,Kota,Rajasthan
TH_2173,BR_1,Carnival Cinemas,Madurai 166,Madurai,Tamil Nadu
TH_2174,BR_4,Miraj Cinemas,Pune 452,Pune,Maharashtra
TH_2175,BR_6,Wave Cinemas,Vadodara 402,Vadodara,Gujarat
TH_2176,BR_2,Cinepolis,Gwalior 309,Gwalior,Madhya Pradesh
TH_2177,BR_6,Wave Cinemas,Purnia 140,Purnia,Bihar
TH_2178,BR_4,Miraj Cinemas,Bhopal 199,Bhopal,Madhya Pradesh
TH_2179,BR_6,Wave Cinemas,Lucknow 194,Lucknow,Uttar Pradesh
TH_2180,BR_6,Wave Cinemas,Meerut 140,Meerut,Uttar Pradesh
TH_2181,BR_1,Carnival Cinemas,Mangalore 384,Mangalore,Karnataka
TH_2182,BR_3,INOX,Siliguri 411,Siliguri,West Bengal
TH_2183,BR_3,INOX,Bhagalpur 392,Bhagalpur,Bihar
TH_2184,BR_6,Wave Cinemas,Jodhpur 352,Jodhpur,Rajasthan
TH_2185,BR_3,INOX,Udaipur 97,Udaipur,Rajasthan
TH_2186,BR_1,Carnival Cinemas,Chennai 451,Chennai,Tamil Nadu
TH_2187,BR_5,PVR Cinemas,Lucknow 6,Lucknow,Uttar Pradesh
TH_2188,BR_3,INOX,Belgaum 224,Belgaum,Karnataka
TH_2189,BR_3,INOX,Varanasi 433,Varanasi,Uttar Pradesh
TH_2190,BR_1,Carnival Cinemas,Siliguri 272,Siliguri,West Bengal
TH_2191,BR_3,INOX,Nashik 487,Nashik,Maharashtra
TH_2192,BR_2,Cinepolis,Nashik 158,Nashik,Maharashtra
TH_2193,BR_6,Wave Cinemas,Bangalore 52,Bangalore,Karnataka
TH_2194,BR_3,INOX,Coimbatore 420,Coimbatore,Tamil Nadu
TH_2195,BR_4,Miraj Cinemas,Bathinda 81,Bathinda,Punjab
TH_2196,BR_4,Miraj Cinemas,Nashik 325,Nashik,Maharashtra
TH_2197,BR_6,Wave Cinemas,Kota 236,Kota,Rajasthan
TH_2198,BR_4,Miraj Cinemas,Lucknow 91,Lucknow,Uttar Pradesh
TH_2199,BR_4,Miraj Cinemas,Siliguri 430,Siliguri,West Bengal
TH_2200,BR_6,Wave Cinemas,Kota 223,Kota,Rajasthan
TH_2201,BR_3,INOX,Meerut 431,Meerut,Uttar Pradesh
TH_2202,BR_2,Cinepolis,Gwalior 209,Gwalior,Madhya Pradesh
TH_2203,BR_1,Carnival Cinemas,Bhavnagar 173,Bhavnagar,Gujarat
TH_2204,BR_5,PVR Cinemas,Ajmer 113,Ajmer,Rajasthan
TH_2205,BR_4,Miraj Cinemas,Ujjain 44,Ujjain,Madhya Pradesh
TH_2206,BR_1,Carnival Cinemas,Jabalpur 426,Jabalpur,Madhya Pradesh
TH_2207,BR_2,Cinepolis,Nashik 144,Nashik,Maharashtra
TH_2208,BR_1,Carnival Cinemas,Varanasi 331,Varanasi,Uttar Pradesh
TH_2209,BR_6,Wave Cinemas,Patiala 287,Patiala,Punjab
TH_2210,BR_1,Carnival Cinemas,Siliguri 182,Siliguri,West Bengal
TH_2211,BR_1,Carnival Cinemas,Muzaffarpur 470,Muzaffarpur,Bihar
TH_2212,BR_6,Wave Cinemas,Pune 139,Pune,Maharashtra
TH_2213,BR_2,Cinepolis,Purnia 77,Purnia,Bihar
TH_2214,BR_5,PVR Cinemas,Chennai 74,Chennai,Tamil Nadu
TH_2215,BR_3,INOX,Mumbai 194,Mumbai,Maharashtra
TH_2216,BR_1,Carnival Cinemas,Purnia 449,Purnia,Bihar
TH_2217,BR_2,Cinepolis,Varanasi 351,Varanasi,Uttar Pradesh
TH_2218,BR_2,Cinepolis,Thane 18,Thane,Maharashtra
TH_2219,BR_5,PVR Cinemas,Howrah 440,Howrah,West Bengal
TH_2220,BR_4,Miraj Cinemas,Durgapur 5,Durgapur,West Bengal
TH_2221,BR_2,Cinepolis,Gwalior 292,Gwalior,Madhya Pradesh
TH_2222,BR_3,INOX,Jalandhar 244,Jalandhar,Punjab
TH_2223,BR_4,Miraj Cinemas,Gwalior 398,Gwalior,Madhya Pradesh
TH_2224,BR_6,Wave Cinemas,Ujjain 481,Ujjain,Madhya Pradesh
TH_2225,BR_4,Miraj Cinemas,Thane 343,Thane,Maharashtra
TH_2226,BR_2,Cinepolis,Coimbatore 369,Coimbatore,Tamil Nadu
TH_2227,BR_1,Carnival Cinemas,Salem 107,Salem,Tamil Nadu
TH_2228,BR_5,PVR Cinemas,Agra 220,Agra,Uttar Pradesh
TH_2229,BR_2,Cinepolis,Vadodara 286,Vadodara,Gujarat
TH_2230,BR_2,Cinepolis,Thane 19,Thane,Maharashtra
TH_2231,BR_6,Wave Cinemas,Vadodara 125,Vadodara,Gujarat
TH_2232,BR_6,Wave Cinemas,Chennai 288,Chennai,Tamil Nadu
TH_2233,BR_6,Wave Cinemas,Mumbai 411,Mumbai,Maharashtra
TH_2234,BR_6,Wave Cinemas,Chennai 23,Chennai,Tamil Nadu
TH_2235,BR_1,Carnival Cinemas,Mangalore 90,Mangalore,Karnataka
TH_2236,BR_2,Cinepolis,Nagpur 457,Nagpur,Maharashtra
TH_2237,BR_5,PVR Cinemas,Tiruchirappalli 268,Tiruchirappalli,Tamil Nadu
TH_2238,BR_2,Cinepolis,Asansol 145,Asansol,West Bengal
TH_2239,BR_2,Cinepolis,Purnia 391,Purnia,Bihar
TH_2240,BR_4,Miraj Cinemas,Rajkot 259,Rajkot,Gujarat
TH_2241,BR_1,Carnival Cinemas,Udaipur 339,Udaipur,Rajasthan
TH_2242,BR_4,Miraj Cinemas,Bathinda 269,Bathinda,Punjab
TH_2243,BR_5,PVR Cinemas,Kota 91,Kota,Rajasthan
TH_2244,BR_3,INOX,Tiruchirappalli 291,Tiruchirappalli,Tamil Nadu
TH_2245,BR_5,PVR Cinemas,Udaipur 426,Udaipur,Rajasthan
TH_2246,BR_5,PVR Cinemas,Jaipur 488,Jaipur,Rajasthan
TH_2247,BR_3,INOX,Ahmedabad 488,Ahmedabad,Gujarat
TH_2248,BR_3,INOX,Ahmedabad 186,Ahmedabad,Gujarat
TH_2249,BR_1,Carnival Cinemas,Indore 450,Indore,Madhya Pradesh
TH_2250,BR_4,Miraj Cinemas,Hubli 498,Hubli,Karnataka
TH_2251,BR_6,Wave Cinemas,Siliguri 145,Siliguri,West Bengal
TH_2252,BR_2,Cinepolis,Belgaum 163,Belgaum,Karnataka
TH_2253,BR_2,Cinepolis,Gwalior 307,Gwalior,Madhya Pradesh
TH_2254,BR_3,INOX,Mumbai 85,Mumbai,Maharashtra
TH_2255,BR_2,Cinepolis,Patiala 417,Patiala,Punjab
TH_2256,BR_5,PVR Cinemas,Ludhiana 105,Ludhiana,Punjab
TH_2257,BR_3,INOX,Agra 318,Agra,Uttar Pradesh
TH_2258,BR_5,PVR Cinemas,Bhagalpur 166,Bhagalpur,Bihar
TH_2259,BR_2,Cinepolis,Bhavnagar 446,Bhavnagar,Gujarat
TH_2260,BR_4,Miraj Cinemas,Bhavnagar 176,Bhavnagar,Gujarat
TH_2261,BR_6,Wave Cinemas,Jalandhar 40,Jalandhar,Punjab
TH_2262,BR_4,Miraj Cinemas,Indore 88,Indore,Madhya Pradesh
TH_2263,BR_2,Cinepolis,Ahmedabad 376,Ahmedabad,Gujarat
TH_2264,BR_5,PVR Cinemas,Kota 282,Kota,Rajasthan
TH_2265,BR_4,Miraj Cinemas,Purnia 161,Purnia,Bihar
TH_2266,BR_5,PVR Cinemas,Gwalior 65,Gwalior,Madhya Pradesh
TH_2267,BR_3,INOX,Lucknow 417,Lucknow,Uttar Pradesh
TH_2268,BR_6,Wave Cinemas,Bangalore 47,Bangalore,Karnataka
TH_2269,BR_2,Cinepolis,Ajmer 478,Ajmer,Rajasthan
TH_2270,BR_2,Cinepolis,Belgaum 342,Belgaum,Karnataka
TH_2271,BR_6,Wave Cinemas,Amritsar 393,Amritsar,Punjab
TH_2272,BR_2,Cinepolis,Varanasi 185,Varanasi,Uttar Pradesh
TH_2273,BR_5,PVR Cinemas,Muzaffarpur 329,Muzaffarpur,Bihar
TH_2274,BR_2,Cinepolis,Purnia 189,Purnia,Bihar
TH_2275,BR_3,INOX,Mangalore 20,Mangalore,Karnataka
TH_2276,BR_4,Miraj Cinemas,Bhavnagar 484,Bhavnagar,Gujarat
TH_2277,BR_3,INOX,Ajmer 313,Ajmer,Rajasthan
TH_2278,BR_3,INOX,Mysore 39,Mysore,Karnataka
TH_2279,BR_3,INOX,Mumbai 149,Mumbai,Maharashtra
TH_2280,BR_2,Cinepolis,Amritsar 226,Amritsar,Punjab
TH_2281,BR_4,Miraj Cinemas,Lucknow 492,Lucknow,Uttar Pradesh
TH_2282,BR_2,Cinepolis,Rajkot 427,Rajkot,Gujarat
TH_2283,BR_5,PVR Cinemas,Kolkata 108,Kolkata,West Bengal
TH_2284,BR_3,INOX,Thane 109,Thane,Maharashtra
TH_2285,BR_5,PVR Cinemas,Siliguri 40,Siliguri,West Bengal
TH_2286,BR_3,INOX,Pune 190,Pune,Maharashtra
TH_2287,BR_6,Wave Cinemas,Siliguri 457,Siliguri,West Bengal
TH_2288,BR_2,Cinepolis,Purnia 322,Purnia,Bihar
TH_2289,BR_5,PVR Cinemas,Meerut 482,Meerut,Uttar Pradesh
TH_2290,BR_6,Wave Cinemas,Vadodara 176,Vadodara,Gujarat
TH_2291,BR_1,Carnival Cinemas,Gwalior 244,Gwalior,Madhya Pradesh
TH_2292,BR_5,PVR Cinemas,Udaipur 242,Udaipur,Rajasthan
TH_2293,BR_3,INOX,Udaipur 162,Udaipur,Rajasthan
TH_2294,BR_3,INOX,Agra 43,Agra,Uttar Pradesh
TH_2295,BR_3,INOX,Kota 74,Kota,Rajasthan
TH_2296,BR_2,Cinepolis,Ujjain 488,Ujjain,Madhya Pradesh
TH_2297,BR_4,Miraj Cinemas,Howrah 325,Howrah,West Bengal
TH_2298,BR_5,PVR Cinemas,Indore 230,Indore,Madhya Pradesh
TH_2299,BR_5,PVR Cinemas,Bhopal 148,Bhopal,Madhya Pradesh
TH_2300,BR_4,Miraj Cinemas,Nashik 212,Nashik,Maharashtra
TH_2301,BR_2,Cinepolis,Pune 178,Pune,Maharashtra
TH_2302,BR_6,Wave Cinemas,Gaya 449,Gaya,Bihar
TH_2303,BR_3,INOX,Patiala 244,Patiala,Punjab
TH_2304,BR_2,Cinepolis,Meerut 326,Meerut,Uttar Pradesh
TH_2305,BR_3,INOX,Jabalpur 317,Jabalpur,Madhya Pradesh
TH_2306,BR_2,Cinepolis,Chennai 375,Chennai,Tamil Nadu
TH_2307,BR_2,Cinepolis,Durgapur 180,Durgapur,West Bengal
TH_2308,BR_3,INOX,Rajkot 479,Rajkot,Gujarat
TH_2309,BR_2,Cinepolis,Mysore 164,Mysore,Karnataka
TH_2310,BR_1,Carnival Cinemas,Salem 321,Salem,Tamil Nadu
TH_2311,BR_3,INOX,Jaipur 415,Jaipur,Rajasthan
TH_2312,BR_5,PVR Cinemas,Hubli 222,Hubli,Karnataka
TH_2313,BR_4,Miraj Cinemas,Pune 417,Pune,Maharashtra
TH_2314,BR_6,Wave Cinemas,Purnia 469,Purnia,Bihar
TH_2315,BR_2,Cinepolis,Purnia 347,Purnia,Bihar
TH_2316,BR_5,PVR Cinemas,Durgapur 39,Durgapur,West Bengal
TH_2317,BR_5,PVR Cinemas,Jabalpur 413,Jabalpur,Madhya Pradesh
TH_2318,BR_3,INOX,Siliguri 117,Siliguri,West Bengal
TH_2319,BR_5,PVR Cinemas,Meerut 499,Meerut,Uttar Pradesh
TH_2320,BR_4,Miraj Cinemas,Lucknow 484,Lucknow,Uttar Pradesh
TH_2321,BR_5,PVR Cinemas,Coimbatore 454,Coimbatore,Tamil Nadu
TH_2322,BR_3,INOX,Jabalpur 50,Jabalpur,Madhya Pradesh
TH_2323,BR_6,Wave Cinemas,Indore 77,Indore,Madhya Pradesh
TH_2324,BR_1,Carnival Cinemas,Pune 151,Pune,Maharashtra
TH_2325,BR_5,PVR Cinemas,Meerut 12,Meerut,Uttar Pradesh
TH_2326,BR_2,Cinepolis,Bathinda 469,Bathinda,Punjab
TH_2327,BR_6,Wave Cinemas,Surat 477,Surat,Gujarat
TH_2328,BR_1,Carnival Cinemas,Siliguri 398,Siliguri,West Bengal
TH_2329,BR_1,Carnival Cinemas,Salem 153,Salem,Tamil Nadu
TH_2330,BR_6,Wave Cinemas,Coimbatore 271,Coimbatore,Tamil Nadu
TH_2331,BR_2,Cinepolis,Howrah 125,Howrah,West Bengal
TH_2332,BR_4,Miraj Cinemas,Asansol 355,Asansol,West Bengal
TH_2333,BR_2,Cinepolis,Udaipur 361,Udaipur,Rajasthan
TH_2334,BR_4,Miraj Cinemas,Ahmedabad 409,Ahmedabad,Gujarat
TH_2335,BR_4,Miraj Cinemas,Gwalior 438,Gwalior,Madhya Pradesh
TH_2336,BR_3,INOX,Varanasi 402,Varanasi,Uttar Pradesh
TH_2337,BR_1,Carnival Cinemas,Coimbatore 10,Coimbatore,Tamil Nadu
TH_2338,BR_4,Miraj Cinemas,Jabalpur 122,Jabalpur,Madhya Pradesh
TH_2339,BR_4,Miraj Cinemas,Madurai 345,Madurai,Tamil Nadu
TH_2340,BR_3,INOX,Varanasi 206,Varanasi,Uttar Pradesh
TH_2341,BR_3,INOX,Muzaffarpur 253,Muzaffarpur,Bihar
TH_2342,BR_3,INOX,Gwalior 258,Gwalior,Madhya Pradesh
TH_2343,BR_6,Wave Cinemas,Bhagalpur 73,Bhagalpur,Bihar
TH_2344,BR_5,PVR Cinemas,Purnia 391,Purnia,Bihar
TH_2345,BR_2,Cinepolis,Mumbai 123,Mumbai,Maharashtra
TH_2346,BR_6,Wave Cinemas,Tiruchirappalli 403,Tiruchirappalli,Tamil Nadu
TH_2347,BR_1,Carnival Cinemas,Asansol 481,Asansol,West Bengal
TH_2348,BR_4,Miraj Cinemas,Patiala 304,Patiala,Punjab
TH_2349,BR_6,Wave Cinemas,Patna 220,Patna,Bihar
TH_2350,BR_1,Carnival Cinemas,Gaya 132,Gaya,Bihar
TH_2351,BR_6,Wave Cinemas,Gwalior 86,Gwalior,Madhya Pradesh
TH_2352,BR_4,Miraj Cinemas,Agra 349,Agra,Uttar Pradesh
TH_2353,BR_2,Cinepolis,Belgaum 42,Belgaum,Karnataka
TH_2354,BR_6,Wave Cinemas,Indore 71,Indore,Madhya Pradesh
TH_2355,BR_1,Carnival Cinemas,Hubli 417,Hubli,Karnataka
TH_2356,BR_5,PVR Cinemas,Bhopal 234,Bhopal,Madhya Pradesh
TH_2357,BR_1,Carnival Cinemas,Coimbatore 212,Coimbatore,Tamil Nadu
TH_2358,BR_3,INOX,Meerut 356,Meerut,Uttar Pradesh
TH_2359,BR_5,PVR Cinemas,Gwalior 60,Gwalior,Madhya Pradesh
TH_2360,BR_3,INOX,Mumbai 388,Mumbai,Maharashtra
TH_2361,BR_5,PVR Cinemas,Purnia 84,Purnia,Bihar
TH_2362,BR_1,Carnival Cinemas,Jaipur 396,Jaipur,Rajasthan
TH_2363,BR_2,Cinepolis,Bangalore 414,Bangalore,Karnataka
TH_2364,BR_1,Carnival Cinemas,Udaipur 325,Udaipur,Rajasthan
TH_2365,BR_1,Carnival Cinemas,Howrah 229,Howrah,West Bengal
TH_2366,BR_6,Wave Cinemas,Indore 226,Indore,Madhya Pradesh
TH_2367,BR_4,Miraj Cinemas,Bhavnagar 224,Bhavnagar,Gujarat
TH_2368,BR_6,Wave Cinemas,Varanasi 52,Varanasi,Uttar Pradesh
TH_2369,BR_4,Miraj Cinemas,Nagpur 19,Nagpur,Maharashtra
TH_2370,BR_5,PVR Cinemas,Lucknow 154,Lucknow,Uttar Pradesh
TH_2371,BR_2,Cinepolis,Durgapur 25,Durgapur,West Bengal
TH_2372,BR_5,PVR Cinemas,Asansol 169,Asansol,West Bengal
TH_2373,BR_2,Cinepolis,Kanpur 432,Kanpur,Uttar Pradesh
TH_2374,BR_1,Carnival Cinemas,Amritsar 80,Amritsar,Punjab
TH_2375,BR_2,Cinepolis,Tiruchirappalli 109,Tiruchirappalli,Tamil Nadu
TH_2376,BR_3,INOX,Mangalore 364,Mangalore,Karnataka
TH_2377,BR_4,Miraj Cinemas,Ajmer 114,Ajmer,Rajasthan
TH_2378,BR_3,INOX,Vadodara 278,Vadodara,Gujarat
TH_2379,BR_6,Wave Cinemas,Belgaum 342,Belgaum,Karnataka
TH_2380,BR_2,Cinepolis,Chennai 225,Chennai,Tamil Nadu
TH_2381,BR_2,Cinepolis,Gaya 242,Gaya,Bihar
TH_2382,BR_4,Miraj Cinemas,Agra 35,Agra,Uttar Pradesh
TH_2383,BR_1,Carnival Cinemas,Surat 368,Surat,Gujarat
TH_2384,BR_2,Cinepolis,Jodhpur 27,Jodhpur,Rajasthan
TH_2385,BR_5,PVR Cinemas,Tiruchirappalli 7,Tiruchirappalli,Tamil Nadu
TH_2386,BR_4,Miraj Cinemas,Salem 111,Salem,Tamil Nadu
TH_2387,BR_3,INOX,Patna 496,Patna,Bihar
TH_2388,BR_1,Carnival Cinemas,Belgaum 422,Belgaum,Karnataka
TH_2389,BR_1,Carnival Cinemas,Nashik 197,Nashik,Maharashtra
TH_2390,BR_4,Miraj Cinemas,Siliguri 350,Siliguri,West Bengal
TH_2391,BR_4,Miraj Cinemas,Ujjain 27,Ujjain,Madhya Pradesh
TH_2392,BR_4,Miraj Cinemas,Patna 429,Patna,Bihar
TH_2393,BR_1,Carnival Cinemas,Bathinda 477,Bathinda,Punjab
TH_2394,BR_2,Cinepolis,Amritsar 220,Amritsar,Punjab
TH_2395,BR_1,Carnival Cinemas,Jabalpur 400,Jabalpur,Madhya Pradesh
TH_2396,BR_2,Cinepolis,Varanasi 45,Varanasi,Uttar Pradesh
TH_2397,BR_3,INOX,Ahmedabad 414,Ahmedabad,Gujarat
TH_2398,BR_1,Carnival Cinemas,Thane 111,Thane,Maharashtra
TH_2399,BR_1,Carnival Cinemas,Rajkot 313,Rajkot,Gujarat
TH_2400,BR_3,INOX,Salem 23,Salem,Tamil Nadu
TH_2401,BR_6,Wave Cinemas,Mumbai 416,Mumbai,Maharashtra
TH_2402,BR_2,Cinepolis,Bhopal 71,Bhopal,Madhya Pradesh
TH_2403,BR_1,Carnival Cinemas,Bhavnagar 14,Bhavnagar,Gujarat
TH_2404,BR_6,Wave Cinemas,Salem 454,Salem,Tamil Nadu
TH_2405,BR_6,Wave Cinemas,Coimbatore 237,Coimbatore,Tamil Nadu
TH_2406,BR_6,Wave Cinemas,Belgaum 128,Belgaum,Karnataka
TH_2407,BR_1,Carnival Cinemas,Bhagalpur 459,Bhagalpur,Bihar
TH_2408,BR_1,Carnival Cinemas,Rajkot 344,Rajkot,Gujarat
TH_2409,BR_2,Cinepolis,Vadodara 108,Vadodara,Gujarat
TH_2410,BR_5,PVR Cinemas,Siliguri 271,Siliguri,West Bengal
TH_2411,BR_1,Carnival Cinemas,Udaipur 96,Udaipur,Rajasthan
TH_2412,BR_4,Miraj Cinemas,Mumbai 61,Mumbai,Maharashtra
TH_2413,BR_3,INOX,Salem 3,Salem,Tamil Nadu
TH_2414,BR_3,INOX,Udaipur 388,Udaipur,Rajasthan
TH_2415,BR_3,INOX,Kanpur 221,Kanpur,Uttar Pradesh
TH_2416,BR_4,Miraj Cinemas,Bhavnagar 55,Bhavnagar,Gujarat
TH_2417,BR_4,Miraj Cinemas,Mangalore 108,Mangalore,Karnataka
TH_2418,BR_6,Wave Cinemas,Lucknow 294,Lucknow,Uttar Pradesh
TH_2419,BR_3,INOX,Hubli 433,Hubli,Karnataka
TH_2420,BR_1,Carnival Cinemas,Ajmer 75,Ajmer,Rajasthan
TH_2421,BR_5,PVR Cinemas,Meerut 183,Meerut,Uttar Pradesh
TH_2422,BR_2,Cinepolis,Mumbai 410,Mumbai,Maharashtra
TH_2423,BR_4,Miraj Cinemas,Amritsar 193,Amritsar,Punjab
TH_2424,BR_5,PVR Cinemas,Gwalior 78,Gwalior,Madhya Pradesh
TH_2425,BR_3,INOX,Kota 367,Kota,Rajasthan
TH_2426,BR_6,Wave Cinemas,Jabalpur 235,Jabalpur,Madhya Pradesh
TH_2427,BR_6,Wave Cinemas,Bhopal 476,Bhopal,Madhya Pradesh
TH_2428,BR_5,PVR Cinemas,Durgapur 152,Durgapur,West Bengal
TH_2429,BR_2,Cinepolis,Meerut 87,Meerut,Uttar Pradesh
TH_2430,BR_4,Miraj Cinemas,Mysore 48,Mysore,Karnataka
TH_2431,BR_3,INOX,Salem 332,Salem,Tamil Nadu
TH_2432,BR_5,PVR Cinemas,Salem 124,Salem,Tamil Nadu
TH_2433,BR_6,Wave Cinemas,Kota 22,Kota,Rajasthan
TH_2434,BR_6,Wave Cinemas,Asansol 371,Asansol,West Bengal
TH_2435,BR_3,INOX,Thane 17,Thane,Maharashtra
TH_2436,BR_4,Miraj Cinemas,Ajmer 7,Ajmer,Rajasthan
TH_2437,BR_3,INOX,Kolkata 180,Kolkata,West Bengal
TH_2438,BR_4,Miraj Cinemas,Lucknow 23,Lucknow,Uttar Pradesh
TH_2439,BR_1,Carnival Cinemas,Siliguri 220,Siliguri,West Bengal
TH_2440,BR_5,PVR Cinemas,Gwalior 390,Gwalior,Madhya Pradesh
TH_2441,BR_3,INOX,Ajmer 260,Ajmer,Rajasthan
TH_2442,BR_1,Carnival Cinemas,Bhagalpur 472,Bhagalpur,Bihar
TH_2443,BR_5,PVR Cinemas,Coimbatore 76,Coimbatore,Tamil Nadu
TH_2444,BR_3,INOX,Nashik 138,Nashik,Maharashtra
TH_2445,BR_1,Carnival Cinemas,Thane 134,Thane,Maharashtra
TH_2446,BR_4,Miraj Cinemas,Bangalore 60,Bangalore,Karnataka
TH_2447,BR_5,PVR Cinemas,Muzaffarpur 91,Muzaffarpur,Bihar
TH_2448,BR_2,Cinepolis,Muzaffarpur 35,Muzaffarpur,Bihar
TH_2449,BR_6,Wave Cinemas,Mysore 160,Mysore,Karnataka
TH_2450,BR_5,PVR Cinemas,Gwalior 367,Gwalior,Madhya Pradesh
TH_2451,BR_2,Cinepolis,Coimbatore 460,Coimbatore,Tamil Nadu
TH_2452,BR_2,Cinepolis,Rajkot 373,Rajkot,Gujarat
TH_2453,BR_5,PVR Cinemas,Amritsar 59,Amritsar,Punjab
TH_2454,BR_1,Carnival Cinemas,Varanasi 188,Varanasi,Uttar Pradesh
TH_2455,BR_5,PVR Cinemas,Siliguri 30,Siliguri,West Bengal
TH_2456,BR_1,Carnival Cinemas,Madurai 129,Madurai,Tamil Nadu
TH_2457,BR_3,INOX,Lucknow 133,Lucknow,Uttar Pradesh
TH_2458,BR_1,Carnival Cinemas,Udaipur 130,Udaipur,Rajasthan
TH_2459,BR_6,Wave Cinemas,Nagpur 416,Nagpur,Maharashtra
TH_2460,BR_6,Wave Cinemas,Agra 142,Agra,Uttar Pradesh
TH_2461,BR_4,Miraj Cinemas,Nagpur 490,Nagpur,Maharashtra
TH_2462,BR_6,Wave Cinemas,Hubli 23,Hubli,Karnataka
TH_2463,BR_2,Cinepolis,Jabalpur 422,Jabalpur,Madhya Pradesh
TH_2464,BR_3,INOX,Bangalore 137,Bangalore,Karnataka
TH_2465,BR_5,PVR Cinemas,Hubli 84,Hubli,Karnataka
TH_2466,BR_2,Cinepolis,Rajkot 291,Rajkot,Gujarat
TH_2467,BR_5,PVR Cinemas,Ahmedabad 392,Ahmedabad,Gujarat
TH_2468,BR_5,PVR Cinemas,Kolkata 435,Kolkata,West Bengal
TH_2469,BR_4,Miraj Cinemas,Muzaffarpur 278,Muzaffarpur,Bihar
TH_2470,BR_2,Cinepolis,Ujjain 32,Ujjain,Madhya Pradesh
TH_2471,BR_4,Miraj Cinemas,Bhavnagar 151,Bhavnagar,Gujarat
TH_2472,BR_5,PVR Cinemas,Durgapur 473,Durgapur,West Bengal
TH_2473,BR_3,INOX,Amritsar 477,Amritsar,Punjab
TH_2474,BR_6,Wave Cinemas,Bhagalpur 452,Bhagalpur,Bihar
TH_2475,BR_3,INOX,Mangalore 96,Mangalore,Karnataka
TH_2476,BR_4,Miraj Cinemas,Surat 191,Surat,Gujarat
TH_2477,BR_4,Miraj Cinemas,Amritsar 472,Amritsar,Punjab
TH_2478,BR_5,PVR Cinemas,Surat 139,Surat,Gujarat
TH_2479,BR_5,PVR Cinemas,Muzaffarpur 24,Muzaffarpur,Bihar
TH_2480,BR_5,PVR Cinemas,Mysore 244,Mysore,Karnataka
TH_2481,BR_5,PVR Cinemas,Salem 377,Salem,Tamil Nadu
TH_2482,BR_4,Miraj Cinemas,Gaya 498,Gaya,Bihar
TH_2483,BR_6,Wave Cinemas,Ahmedabad 244,Ahmedabad,Gujarat
TH_2484,BR_3,INOX,Hubli 120,Hubli,Karnataka
TH_2485,BR_6,Wave Cinemas,Bhavnagar 410,Bhavnagar,Gujarat
TH_2486,BR_2,Cinepolis,Ujjain 44,Ujjain,Madhya Pradesh
TH_2487,BR_4,Miraj Cinemas,Patiala 205,Patiala,Punjab
TH_2488,BR_4,Miraj Cinemas,Udaipur 37,Udaipur,Rajasthan
TH_2489,BR_6,Wave Cinemas,Bathinda 343,Bathinda,Punjab
TH_2490,BR_1,Carnival Cinemas,Durgapur 160,Durgapur,West Bengal
TH_2491,BR_5,PVR Cinemas,Varanasi 367,Varanasi,Uttar Pradesh
TH_2492,BR_1,Carnival Cinemas,Kota 194,Kota,Rajasthan
TH_2493,BR_6,Wave Cinemas,Pune 107,Pune,Maharashtra
TH_2494,BR_4,Miraj Cinemas,Udaipur 471,Udaipur,Rajasthan
TH_2495,BR_3,INOX,Tiruchirappalli 458,Tiruchirappalli,Tamil Nadu
TH_2496,BR_2,Cinepolis,Ujjain 298,Ujjain,Madhya Pradesh
TH_2497,BR_3,INOX,Ajmer 110,Ajmer,Rajasthan
TH_2498,BR_1,Carnival Cinemas,Pune 269,Pune,Maharashtra
TH_2499,BR_1,Carnival Cinemas,Tiruchirappalli 89,Tiruchirappalli,Tamil Nadu
TH_2500,BR_4,Miraj Cinemas,Jodhpur 49,Jodhpur,Rajasthan
TH_2501,BR_5,PVR Cinemas,Tiruchirappalli 361,Tiruchirappalli,Tamil Nadu
TH_2502,BR_1,Carnival Cinemas,Ajmer 492,Ajmer,Rajasthan
TH_2503,BR_2,Cinepolis,Muzaffarpur 106,Muzaffarpur,Bihar
TH_2504,BR_6,Wave Cinemas,Salem 170,Salem,Tamil Nadu
TH_2505,BR_2,Cinepolis,Rajkot 212,Rajkot,Gujarat
TH_2506,BR_3,INOX,Vadodara 51,Vadodara,Gujarat
TH_2507,BR_2,Cinepolis,Udaipur 153,Udaipur,Rajasthan
TH_2508,BR_4,Miraj Cinemas,Bhavnagar 322,Bhavnagar,Gujarat
TH_2509,BR_6,Wave Cinemas,Siliguri 347,Siliguri,West Bengal
TH_2510,BR_1,Carnival Cinemas,Kota 14,Kota,Rajasthan
TH_2511,BR_2,Cinepolis,Ujjain 159,Ujjain,Madhya Pradesh
TH_2512,BR_4,Miraj Cinemas,Kota 454,Kota,Rajasthan
TH_2513,BR_4,Miraj Cinemas,Muzaffarpur 364,Muzaffarpur,Bihar
TH_2514,BR_6,Wave Cinemas,Bhavnagar 138,Bhavnagar,Gujarat
TH_2515,BR_5,PVR Cinemas,Meerut 49,Meerut,Uttar Pradesh
TH_2516,BR_5,PVR Cinemas,Patiala 464,Patiala,Punjab
TH_2517,BR_5,PVR Cinemas,Mumbai 294,Mumbai,Maharashtra
TH_2518,BR_4,Miraj Cinemas,Ludhiana 168,Ludhiana,Punjab
TH_2519,BR_6,Wave Cinemas,Bathinda 159,Bathinda,Punjab
TH_2520,BR_4,Miraj Cinemas,Durgapur 359,Durgapur,West Bengal
TH_2521,BR_4,Miraj Cinemas,Varanasi 213,Varanasi,Uttar Pradesh
TH_2522,BR_2,Cinepolis,Kanpur 218,Kanpur,Uttar Pradesh
TH_2523,BR_3,INOX,Ludhiana 44,Ludhiana,Punjab
TH_2524,BR_1,Carnival Cinemas,Belgaum 53,Belgaum,Karnataka
TH_2525,BR_4,Miraj Cinemas,Varanasi 149,Varanasi,Uttar Pradesh
TH_2526,BR_6,Wave Cinemas,Agra 3,Agra,Uttar Pradesh
TH_2527,BR_3,INOX,Mumbai 131,Mumbai,Maharashtra
TH_2528,BR_4,Miraj Cinemas,Nagpur 219,Nagpur,Maharashtra
TH_2529,BR_5,PVR Cinemas,Howrah 212,Howrah,West Bengal
TH_2530,BR_1,Carnival Cinemas,Madurai 474,Madurai,Tamil Nadu
TH_2531,BR_1,Carnival Cinemas,Nagpur 80,Nagpur,Maharashtra
TH_2532,BR_5,PVR Cinemas,Agra 407,Agra,Uttar Pradesh
TH_2533,BR_1,Carnival Cinemas,Ujjain 134,Ujjain,Madhya Pradesh
TH_2534,BR_2,Cinepolis,Vadodara 353,Vadodara,Gujarat
TH_2535,BR_3,INOX,Purnia 133,Purnia,Bihar
TH_2536,BR_3,INOX,Bhopal 156,Bhopal,Madhya Pradesh
TH_2537,BR_6,Wave Cinemas,Amritsar 31,Amritsar,Punjab
TH_2538,BR_2,Cinepolis,Nagpur 428,Nagpur,Maharashtra
TH_2539,BR_6,Wave Cinemas,Muzaffarpur 336,Muzaffarpur,Bihar
TH_2540,BR_2,Cinepolis,Thane 166,Thane,Maharashtra
TH_2541,BR_3,INOX,Varanasi 109,Varanasi,Uttar Pradesh
TH_2542,BR_5,PVR Cinemas,Pune 239,Pune,Maharashtra
TH_2543,BR_1,Carnival Cinemas,Kolkata 268,Kolkata,West Bengal
TH_2544,BR_2,Cinepolis,Ujjain 45,Ujjain,Madhya Pradesh
TH_2545,BR_3,INOX,Surat 459,Surat,Gujarat
TH_2546,BR_6,Wave Cinemas,Gwalior 476,Gwalior,Madhya Pradesh
TH_2547,BR_1,Carnival Cinemas,Belgaum 94,Belgaum,Karnataka
TH_2548,BR_6,Wave Cinemas,Mangalore 232,Mangalore,Karnataka
TH_2549,BR_4,Miraj Cinemas,Mangalore 72,Mangalore,Karnataka
TH_2550,BR_2,Cinepolis,Ujjain 123,Ujjain,Madhya Pradesh
TH_2551,BR_3,INOX,Coimbatore 238,Coimbatore,Tamil Nadu
TH_2552,BR_3,INOX,Indore 6,Indore,Madhya Pradesh
TH_2553,BR_3,INOX,Thane 274,Thane,Maharashtra
TH_2554,BR_2,Cinepolis,Tiruchirappalli 359,Tiruchirappalli,Tamil Nadu
TH_2555,BR_5,PVR Cinemas,Bhopal 296,Bhopal,Madhya Pradesh
TH_2556,BR_4,Miraj Cinemas,Kanpur 42,Kanpur,Uttar Pradesh
TH_2557,BR_5,PVR Cinemas,Amritsar 300,Amritsar,Punjab
TH_2558,BR_1,Carnival Cinemas,Gwalior 240,Gwalior,Madhya Pradesh
TH_2559,BR_1,Carnival Cinemas,Siliguri 488,Siliguri,West Bengal
TH_2560,BR_3,INOX,Mangalore 279,Mangalore,Karnataka
TH_2561,BR_6,Wave Cinemas,Kolkata 191,Kolkata,West Bengal
TH_2562,BR_6,Wave Cinemas,Pune 56,Pune,Maharashtra
TH_2563,BR_4,Miraj Cinemas,Bangalore 112,Bangalore,Karnataka
TH_2564,BR_4,Miraj Cinemas,Asansol 137,Asansol,West Bengal
TH_2565,BR_1,Carnival Cinemas,Gaya 350,Gaya,Bihar
TH_2566,BR_1,Carnival Cinemas,Ahmedabad 61,Ahmedabad,Gujarat
TH_2567,BR_4,Miraj Cinemas,Kanpur 184,Kanpur,Uttar Pradesh
TH_2568,BR_3,INOX,Madurai 163,Madurai,Tamil Nadu
TH_2569,BR_5,PVR Cinemas,Jodhpur 280,Jodhpur,Rajasthan
TH_2570,BR_6,Wave Cinemas,Ujjain 33,Ujjain,Madhya Pradesh
TH_2571,BR_2,Cinepolis,Durgapur 494,Durgapur,West Bengal
TH_2572,BR_5,PVR Cinemas,Gaya 1,Gaya,Bihar
TH_2573,BR_1,Carnival Cinemas,Bhagalpur 324,Bhagalpur,Bihar
TH_2574,BR_4,Miraj Cinemas,Jalandhar 21,Jalandhar,Punjab
TH_2575,BR_2,Cinepolis,Mangalore 81,Mangalore,Karnataka
TH_2576,BR_6,Wave Cinemas,Asansol 498,Asansol,West Bengal
TH_2577,BR_5,PVR Cinemas,Vadodara 15,Vadodara,Gujarat
TH_2578,BR_4,Miraj Cinemas,Belgaum 10,Belgaum,Karnataka
TH_2579,BR_5,PVR Cinemas,Mangalore 89,Mangalore,Karnataka
TH_2580,BR_3,INOX,Howrah 340,Howrah,West Bengal
TH_2581,BR_3,INOX,Kanpur 382,Kanpur,Uttar Pradesh
TH_2582,BR_5,PVR Cinemas,Ludhiana 304,Ludhiana,Punjab
TH_2583,BR_2,Cinepolis,Jalandhar 456,Jalandhar,Punjab
TH_2584,BR_2,Cinepolis,Jalandhar 482,Jalandhar,Punjab
TH_2585,BR_3,INOX,Bathinda 422,Bathinda,Punjab
TH_2586,BR_2,Cinepolis,Bathinda 43,Bathinda,Punjab
TH_2587,BR_6,Wave Cinemas,Kanpur 98,Kanpur,Uttar Pradesh
TH_2588,BR_3,INOX,Mysore 410,Mysore,Karnataka
TH_2589,BR_4,Miraj Cinemas,Lucknow 150,Lucknow,Uttar Pradesh
TH_2590,BR_3,INOX,Jaipur 270,Jaipur,Rajasthan
TH_2591,BR_4,Miraj Cinemas,Mumbai 25,Mumbai,Maharashtra
TH_2592,BR_2,Cinepolis,Kota 160,Kota,Rajasthan
TH_2593,BR_1,Carnival Cinemas,Chennai 319,Chennai,Tamil Nadu
TH_2594,BR_5,PVR Cinemas,Chennai 153,Chennai,Tamil Nadu
TH_2595,BR_1,Carnival Cinemas,Madurai 187,Madurai,Tamil Nadu
TH_2596,BR_1,Carnival Cinemas,Varanasi 238,Varanasi,Uttar Pradesh
TH_2597,BR_3,INOX,Gwalior 52,Gwalior,Madhya Pradesh
TH_2598,BR_6,Wave Cinemas,Jaipur 190,Jaipur,Rajasthan
TH_2599,BR_6,Wave Cinemas,Vadodara 42,Vadodara,Gujarat
TH_2600,BR_3,INOX,Mysore 214,Mysore,Karnataka
TH_2601,BR_6,Wave Cinemas,Vadodara 82,Vadodara,Gujarat
TH_2602,BR_4,Miraj Cinemas,Salem 473,Salem,Tamil Nadu
TH_2603,BR_3,INOX,Coimbatore 477,Coimbatore,Tamil Nadu
TH_2604,BR_1,Carnival Cinemas,Belgaum 476,Belgaum,Karnataka
TH_2605,BR_4,Miraj Cinemas,Udaipur 438,Udaipur,Rajasthan
TH_2606,BR_1,Carnival Cinemas,Jabalpur 322,Jabalpur,Madhya Pradesh
TH_2607,BR_6,Wave Cinemas,Jalandhar 465,Jalandhar,Punjab
TH_2608,BR_6,Wave Cinemas,Varanasi 486,Varanasi,Uttar Pradesh
TH_2609,BR_4,Miraj Cinemas,Gaya 357,Gaya,Bihar
TH_2610,BR_5,PVR Cinemas,Lucknow 1,Lucknow,Uttar Pradesh
TH_2611,BR_3,INOX,Ujjain 406,Ujjain,Madhya Pradesh
TH_2612,BR_6,Wave Cinemas,Mysore 206,Mysore,Karnataka
TH_2613,BR_1,Carnival Cinemas,Patna 214,Patna,Bihar
TH_2614,BR_2,Cinepolis,Indore 55,Indore,Madhya Pradesh
TH_2615,BR_2,Cinepolis,Meerut 418,Meerut,Uttar Pradesh
TH_2616,BR_4,Miraj Cinemas,Bhavnagar 315,Bhavnagar,Gujarat
TH_2617,BR_4,Miraj Cinemas,Patna 45,Patna,Bihar
TH_2618,BR_6,Wave Cinemas,Varanasi 257,Varanasi,Uttar Pradesh
TH_2619,BR_4,Miraj Cinemas,Tiruchirappalli 425,Tiruchirappalli,Tamil Nadu
TH_2620,BR_1,Carnival Cinemas,Thane 158,Thane,Maharashtra
TH_2621,BR_4,Miraj Cinemas,Madurai 438,Madurai,Tamil Nadu
TH_2622,BR_4,Miraj Cinemas,Kolkata 82,Kolkata,West Bengal
TH_2623,BR_3,INOX,Gaya 286,Gaya,Bihar
TH_2624,BR_4,Miraj Cinemas,Madurai 48,Madurai,Tamil Nadu
TH_2625,BR_2,Cinepolis,Ajmer 398,Ajmer,Rajasthan
TH_2626,BR_3,INOX,Surat 490,Surat,Gujarat
TH_2627,BR_1,Carnival Cinemas,Jabalpur 362,Jabalpur,Madhya Pradesh
TH_2628,BR_5,PVR Cinemas,Coimbatore 412,Coimbatore,Tamil Nadu
TH_2629,BR_5,PVR Cinemas,Ujjain 209,Ujjain,Madhya Pradesh
TH_2630,BR_4,Miraj Cinemas,Jalandhar 251,Jalandhar,Punjab
TH_2631,BR_4,Miraj Cinemas,Gwalior 359,Gwalior,Madhya Pradesh
TH_2632,BR_2,Cinepolis,Madurai 463,Madurai,Tamil Nadu
TH_2633,BR_2,Cinepolis,Tiruchirappalli 412,Tiruchirappalli,Tamil Nadu
TH_2634,BR_1,Carnival Cinemas,Ludhiana 91,Ludhiana,Punjab
TH_2635,BR_5,PVR Cinemas,Muzaffarpur 382,Muzaffarpur,Bihar
TH_2636,BR_2,Cinepolis,Chennai 62,Chennai,Tamil Nadu
TH_2637,BR_3,INOX,Patna 251,Patna,Bihar
TH_2638,BR_4,Miraj Cinemas,Vadodara 237,Vadodara,Gujarat
TH_2639,BR_6,Wave Cinemas,Meerut 267,Meerut,Uttar Pradesh
TH_2640,BR_4,Miraj Cinemas,Madurai 244,Madurai,Tamil Nadu
TH_2641,BR_1,Carnival Cinemas,Varanasi 35,Varanasi,Uttar Pradesh
TH_2642,BR_6,Wave Cinemas,Bhopal 325,Bhopal,Madhya Pradesh
TH_2643,BR_1,Carnival Cinemas,Agra 153,Agra,Uttar Pradesh
TH_2644,BR_5,PVR Cinemas,Thane 197,Thane,Maharashtra
TH_2645,BR_4,Miraj Cinemas,Kanpur 187,Kanpur,Uttar Pradesh
TH_2646,BR_4,Miraj Cinemas,Durgapur 117,Durgapur,West Bengal
TH_2647,BR_1,Carnival Cinemas,Thane 473,Thane,Maharashtra
TH_2648,BR_6,Wave Cinemas,Patna 371,Patna,Bihar
TH_2649,BR_1,Carnival Cinemas,Surat 66,Surat,Gujarat
TH_2650,BR_3,INOX,Chennai 375,Chennai,Tamil Nadu
TH_2651,BR_4,Miraj Cinemas,Patiala 236,Patiala,Punjab
TH_2652,BR_1,Carnival Cinemas,Lucknow 356,Lucknow,Uttar Pradesh
TH_2653,BR_1,Carnival Cinemas,Howrah 99,Howrah,West Bengal
TH_2654,BR_3,INOX,Hubli 403,Hubli,Karnataka
TH_2655,BR_1,Carnival Cinemas,Patna 53,Patna,Bihar
TH_2656,BR_1,Carnival Cinemas,Thane 229,Thane,Maharashtra
TH_2657,BR_3,INOX,Ahmedabad 275,Ahmedabad,Gujarat
TH_2658,BR_3,INOX,Kolkata 477,Kolkata,West Bengal
TH_2659,BR_4,Miraj Cinemas,Bangalore 474,Bangalore,Karnataka
TH_2660,BR_6,Wave Cinemas,Jaipur 174,Jaipur,Rajasthan
TH_2661,BR_1,Carnival Cinemas,Gwalior 214,Gwalior,Madhya Pradesh
TH_2662,BR_3,INOX,Jalandhar 242,Jalandhar,Punjab
TH_2663,BR_5,PVR Cinemas,Varanasi 32,Varanasi,Uttar Pradesh
TH_2664,BR_1,Carnival Cinemas,Nashik 21,Nashik,Maharashtra
TH_2665,BR_2,Cinepolis,Ludhiana 349,Ludhiana,Punjab
TH_2666,BR_5,PVR Cinemas,Bathinda 314,Bathinda,Punjab
TH_2667,BR_5,PVR Cinemas,Bangalore 434,Bangalore,Karnataka
TH_2668,BR_6,Wave Cinemas,Jalandhar 338,Jalandhar,Punjab
TH_2669,BR_5,PVR Cinemas,Coimbatore 9,Coimbatore,Tamil Nadu
TH_2670,BR_5,PVR Cinemas,Nagpur 213,Nagpur,Maharashtra
TH_2671,BR_6,Wave Cinemas,Agra 486,Agra,Uttar Pradesh
TH_2672,BR_1,Carnival Cinemas,Vadodara 192,Vadodara,Gujarat
TH_2673,BR_1,Carnival Cinemas,Udaipur 144,Udaipur,Rajasthan
TH_2674,BR_4,Miraj Cinemas,Hubli 193,Hubli,Karnataka
TH_2675,BR_6,Wave Cinemas,Madurai 267,Madurai,Tamil Nadu
TH_2676,BR_2,Cinepolis,Madurai 21,Madurai,Tamil Nadu
TH_2677,BR_6,Wave Cinemas,Howrah 26,Howrah,West Bengal
TH_2678,BR_4,Miraj Cinemas,Nashik 408,Nashik,Maharashtra
TH_2679,BR_6,Wave Cinemas,Jaipur 441,Jaipur,Rajasthan
TH_2680,BR_6,Wave Cinemas,Pune 230,Pune,Maharashtra
TH_2681,BR_1,Carnival Cinemas,Mumbai 486,Mumbai,Maharashtra
TH_2682,BR_3,INOX,Ahmedabad 187,Ahmedabad,Gujarat
TH_2683,BR_3,INOX,Gaya 364,Gaya,Bihar
TH_2684,BR_6,Wave Cinemas,Lucknow 17,Lucknow,Uttar Pradesh
TH_2685,BR_3,INOX,Gwalior 3,Gwalior,Madhya Pradesh
TH_2686,BR_1,Carnival Cinemas,Jabalpur 493,Jabalpur,Madhya Pradesh
TH_2687,BR_5,PVR Cinemas,Lucknow 251,Lucknow,Uttar Pradesh
TH_2688,BR_3,INOX,Muzaffarpur 298,Muzaffarpur,Bihar
TH_2689,BR_3,INOX,Bangalore 210,Bangalore,Karnataka
TH_2690,BR_1,Carnival Cinemas,Belgaum 477,Belgaum,Karnataka
TH_2691,BR_3,INOX,Rajkot 279,Rajkot,Gujarat
TH_2692,BR_2,Cinepolis,Meerut 406,Meerut,Uttar Pradesh
TH_2693,BR_6,Wave Cinemas,Patiala 330,Patiala,Punjab
TH_2694,BR_3,INOX,Varanasi 272,Varanasi,Uttar Pradesh
TH_2695,BR_4,Miraj Cinemas,Mysore 382,Mysore,Karnataka
TH_2696,BR_4,Miraj Cinemas,Thane 370,Thane,Maharashtra
TH_2697,BR_6,Wave Cinemas,Agra 63,Agra,Uttar Pradesh
TH_2698,BR_4,Miraj Cinemas,Bhavnagar 246,Bhavnagar,Gujarat
TH_2699,BR_4,Miraj Cinemas,Patiala 313,Patiala,Punjab
TH_2700,BR_6,Wave Cinemas,Jalandhar 114,Jalandhar,Punjab
TH_2701,BR_3,INOX,Coimbatore 85,Coimbatore,Tamil Nadu
TH_2702,BR_2,Cinepolis,Coimbatore 380,Coimbatore,Tamil Nadu
TH_2703,BR_1,Carnival Cinemas,Vadodara 368,Vadodara,Gujarat
TH_2704,BR_5,PVR Cinemas,Thane 311,Thane,Maharashtra
TH_2705,BR_4,Miraj Cinemas,Ahmedabad 90,Ahmedabad,Gujarat
TH_2706,BR_1,Carnival Cinemas,Vadodara 324,Vadodara,Gujarat
TH_2707,BR_2,Cinepolis,Muzaffarpur 21,Muzaffarpur,Bihar
TH_2708,BR_1,Carnival Cinemas,Nashik 28,Nashik,Maharashtra
TH_2709,BR_6,Wave Cinemas,Chennai 79,Chennai,Tamil Nadu
TH_2710,BR_1,Carnival Cinemas,Howrah 332,Howrah,West Bengal
TH_2711,BR_1,Carnival Cinemas,Muzaffarpur 188,Muzaffarpur,Bihar
TH_2712,BR_6,Wave Cinemas,Kota 197,Kota,Rajasthan
TH_2713,BR_2,Cinepolis,Ahmedabad 442,Ahmedabad,Gujarat
TH_2714,BR_5,PVR Cinemas,Nashik 49,Nashik,Maharashtra
TH_2715,BR_3,INOX,Nagpur 328,Nagpur,Maharashtra
TH_2716,BR_1,Carnival Cinemas,Tiruchirappalli 387,Tiruchirappalli,Tamil Nadu
TH_2717,BR_2,Cinepolis,Belgaum 151,Belgaum,Karnataka
TH_2718,BR_2,Cinepolis,Kanpur 64,Kanpur,Uttar Pradesh
TH_2719,BR_5,PVR Cinemas,Jodhpur 303,Jodhpur,Rajasthan
TH_2720,BR_4,Miraj Cinemas,Madurai 460,Madurai,Tamil Nadu
TH_2721,BR_2,Cinepolis,Coimbatore 467,Coimbatore,Tamil Nadu
TH_2722,BR_3,INOX,Nagpur 72,Nagpur,Maharashtra
TH_2723,BR_4,Miraj Cinemas,Ajmer 38,Ajmer,Rajasthan
TH_2724,BR_6,Wave Cinemas,Asansol 493,Asansol,West Bengal
TH_2725,BR_4,Miraj Cinemas,Kanpur 339,Kanpur,Uttar Pradesh
TH_2726,BR_2,Cinepolis,Varanasi 316,Varanasi,Uttar Pradesh
TH_2727,BR_1,Carnival Cinemas,Kanpur 4,Kanpur,Uttar Pradesh
TH_2728,BR_5,PVR Cinemas,Chennai 454,Chennai,Tamil Nadu
TH_2729,BR_2,Cinepolis,Meerut 15,Meerut,Uttar Pradesh
TH_2730,BR_2,Cinepolis,Kolkata 328,Kolkata,West Bengal
TH_2731,BR_6,Wave Cinemas,Bhopal 303,Bhopal,Madhya Pradesh
TH_2732,BR_6,Wave Cinemas,Agra 102,Agra,Uttar Pradesh
TH_2733,BR_6,Wave Cinemas,Kolkata 198,Kolkata,West Bengal
TH_2734,BR_6,Wave Cinemas,Durgapur 51,Durgapur,West Bengal
TH_2735,BR_1,Carnival Cinemas,Gaya 312,Gaya,Bihar
TH_2736,BR_2,Cinepolis,Varanasi 334,Varanasi,Uttar Pradesh
TH_2737,BR_5,PVR Cinemas,Bhavnagar 486,Bhavnagar,Gujarat
TH_2738,BR_2,Cinepolis,Nashik 35,Nashik,Maharashtra
TH_2739,BR_2,Cinepolis,Amritsar 266,Amritsar,Punjab
TH_2740,BR_4,Miraj Cinemas,Howrah 273,Howrah,West Bengal
TH_2741,BR_1,Carnival Cinemas,Tiruchirappalli 121,Tiruchirappalli,Tamil Nadu
TH_2742,BR_4,Miraj Cinemas,Gwalior 346,Gwalior,Madhya Pradesh
TH_2743,BR_5,PVR Cinemas,Vadodara 426,Vadodara,Gujarat
TH_2744,BR_3,INOX,Ahmedabad 379,Ahmedabad,Gujarat
TH_2745,BR_5,PVR Cinemas,Hubli 268,Hubli,Karnataka
TH_2746,BR_5,PVR Cinemas,Coimbatore 224,Coimbatore,Tamil Nadu
TH_2747,BR_3,INOX,Thane 98,Thane,Maharashtra
TH_2748,BR_3,INOX,Jaipur 92,Jaipur,Rajasthan
TH_2749,BR_1,Carnival Cinemas,Jabalpur 423,Jabalpur,Madhya Pradesh
TH_2750,BR_4,Miraj Cinemas,Patiala 38,Patiala,Punjab
TH_2751,BR_6,Wave Cinemas,Thane 85,Thane,Maharashtra
TH_2752,BR_2,Cinepolis,Ludhiana 7,Ludhiana,Punjab
TH_2753,BR_2,Cinepolis,Lucknow 112,Lucknow,Uttar Pradesh
TH_2754,BR_3,INOX,Hubli 252,Hubli,Karnataka
TH_2755,BR_2,Cinepolis,Siliguri 216,Siliguri,West Bengal
TH_2756,BR_5,PVR Cinemas,Lucknow 150,Lucknow,Uttar Pradesh
TH_2757,BR_3,INOX,Udaipur 323,Udaipur,Rajasthan
TH_2758,BR_5,PVR Cinemas,Durgapur 387,Durgapur,West Bengal
TH_2759,BR_2,Cinepolis,Jaipur 116,Jaipur,Rajasthan
TH_2760,BR_4,Miraj Cinemas,Udaipur 147,Udaipur,Rajasthan
TH_2761,BR_6,Wave Cinemas,Indore 174,Indore,Madhya Pradesh
TH_2762,BR_4,Miraj Cinemas,Durgapur 78,Durgapur,West Bengal
TH_2763,BR_2,Cinepolis,Nashik 15,Nashik,Maharashtra
TH_2764,BR_5,PVR Cinemas,Varanasi 173,Varanasi,Uttar Pradesh
TH_2765,BR_4,Miraj Cinemas,Amritsar 498,Amritsar,Punjab
TH_2766,BR_5,PVR Cinemas,Bhavnagar 48,Bhavnagar,Gujarat
TH_2767,BR_3,INOX,Belgaum 447,Belgaum,Karnataka
TH_2768,BR_6,Wave Cinemas,Amritsar 199,Amritsar,Punjab
TH_2769,BR_2,Cinepolis,Ahmedabad 67,Ahmedabad,Gujarat
TH_2770,BR_2,Cinepolis,Purnia 478,Purnia,Bihar
TH_2771,BR_6,Wave Cinemas,Mumbai 438,Mumbai,Maharashtra
TH_2772,BR_2,Cinepolis,Bhavnagar 457,Bhavnagar,Gujarat
TH_2773,BR_5,PVR Cinemas,Jaipur 24,Jaipur,Rajasthan
TH_2774,BR_2,Cinepolis,Ludhiana 33,Ludhiana,Punjab
TH_2775,BR_3,INOX,Madurai 20,Madurai,Tamil Nadu
TH_2776,BR_4,Miraj Cinemas,Amritsar 439,Amritsar,Punjab
TH_2777,BR_3,INOX,Chennai 446,Chennai,Tamil Nadu
TH_2778,BR_3,INOX,Mysore 477,Mysore,Karnataka
TH_2779,BR_3,INOX,Howrah 43,Howrah,West Bengal
TH_2780,BR_2,Cinepolis,Durgapur 327,Durgapur,West Bengal
TH_2781,BR_4,Miraj Cinemas,Jalandhar 36,Jalandhar,Punjab
TH_2782,BR_2,Cinepolis,Gwalior 348,Gwalior,Madhya Pradesh
TH_2783,BR_5,PVR Cinemas,Agra 313,Agra,Uttar Pradesh
TH_2784,BR_3,INOX,Gwalior 419,Gwalior,Madhya Pradesh
TH_2785,BR_5,PVR Cinemas,Gaya 208,Gaya,Bihar
TH_2786,BR_3,INOX,Tiruchirappalli 21,Tiruchirappalli,Tamil Nadu
TH_2787,BR_6,Wave Cinemas,Bhopal 28,Bhopal,Madhya Pradesh
TH_2788,BR_2,Cinepolis,Agra 37,Agra,Uttar Pradesh
TH_2789,BR_5,PVR Cinemas,Meerut 361,Meerut,Uttar Pradesh
TH_2790,BR_6,Wave Cinemas,Coimbatore 430,Coimbatore,Tamil Nadu
TH_2791,BR_1,Carnival Cinemas,Kolkata 9,Kolkata,West Bengal
TH_2792,BR_5,PVR Cinemas,Bhagalpur 163,Bhagalpur,Bihar
TH_2793,BR_3,INOX,Jaipur 85,Jaipur,Rajasthan
TH_2794,BR_3,INOX,Tiruchirappalli 268,Tiruchirappalli,Tamil Nadu
TH_2795,BR_3,INOX,Jodhpur 86,Jodhpur,Rajasthan
TH_2796,BR_2,Cinepolis,Hubli 492,Hubli,Karnataka
TH_2797,BR_4,Miraj Cinemas,Jaipur 85,Jaipur,Rajasthan
TH_2798,BR_5,PVR Cinemas,Bathinda 422,Bathinda,Punjab
TH_2799,BR_5,PVR Cinemas,Indore 440,Indore,Madhya Pradesh
TH_2800,BR_4,Miraj Cinemas,Coimbatore 335,Coimbatore,Tamil Nadu
TH_2801,BR_2,Cinepolis,Mangalore 277,Mangalore,Karnataka
TH_2802,BR_6,Wave Cinemas,Rajkot 333,Rajkot,Gujarat
TH_2803,BR_3,INOX,Udaipur 376,Udaipur,Rajasthan
TH_2804,BR_2,Cinepolis,Bhagalpur 458,Bhagalpur,Bihar
TH_2805,BR_3,INOX,Ahmedabad 157,Ahmedabad,Gujarat
TH_2806,BR_2,Cinepolis,Tiruchirappalli 111,Tiruchirappalli,Tamil Nadu
TH_2807,BR_2,Cinepolis,Ahmedabad 230,Ahmedabad,Gujarat
TH_2808,BR_3,INOX,Durgapur 172,Durgapur,West Bengal
TH_2809,BR_2,Cinepolis,Lucknow 181,Lucknow,Uttar Pradesh
TH_2810,BR_1,Carnival Cinemas,Jaipur 164,Jaipur,Rajasthan
TH_2811,BR_3,INOX,Jabalpur 487,Jabalpur,Madhya Pradesh
TH_2812,BR_5,PVR Cinemas,Belgaum 463,Belgaum,Karnataka
TH_2813,BR_4,Miraj Cinemas,Hubli 117,Hubli,Karnataka
TH_2814,BR_6,Wave Cinemas,Purnia 420,Purnia,Bihar
TH_2815,BR_2,Cinepolis,Nagpur 338,Nagpur,Maharashtra
TH_2816,BR_5,PVR Cinemas,Chennai 438,Chennai,Tamil Nadu
TH_2817,BR_5,PVR Cinemas,Gaya 495,Gaya,Bihar
TH_2818,BR_3,INOX,Rajkot 91,Rajkot,Gujarat
TH_2819,BR_5,PVR Cinemas,Salem 154,Salem,Tamil Nadu
TH_2820,BR_4,Miraj Cinemas,Rajkot 234,Rajkot,Gujarat
TH_2821,BR_5,PVR Cinemas,Patiala 441,Patiala,Punjab
TH_2822,BR_3,INOX,Nashik 65,Nashik,Maharashtra
TH_2823,BR_6,Wave Cinemas,Muzaffarpur 493,Muzaffarpur,Bihar
TH_2824,BR_1,Carnival Cinemas,Mysore 448,Mysore,Karnataka
TH_2825,BR_5,PVR Cinemas,Madurai 238,Madurai,Tamil Nadu
TH_2826,BR_2,Cinepolis,Nashik 153,Nashik,Maharashtra
TH_2827,BR_6,Wave Cinemas,Hubli 79,Hubli,Karnataka
TH_2828,BR_1,Carnival Cinemas,Purnia 476,Purnia,Bihar
TH_2829,BR_1,Carnival Cinemas,Patna 187,Patna,Bihar
TH_2830,BR_6,Wave Cinemas,Nashik 479,Nashik,Maharashtra
TH_2831,BR_2,Cinepolis,Ajmer 6,Ajmer,Rajasthan
TH_2832,BR_4,Miraj Cinemas,Varanasi 144,Varanasi,Uttar Pradesh
TH_2833,BR_2,Cinepolis,Hubli 402,Hubli,Karnataka
TH_2834,BR_4,Miraj Cinemas,Jabalpur 311,Jabalpur,Madhya Pradesh
TH_2835,BR_4,Miraj Cinemas,Bhagalpur 391,Bhagalpur,Bihar
TH_2836,BR_3,INOX,Mangalore 331,Mangalore,Karnataka
TH_2837,BR_1,Carnival Cinemas,Agra 278,Agra,Uttar Pradesh
TH_2838,BR_4,Miraj Cinemas,Belgaum 5,Belgaum,Karnataka
TH_2839,BR_4,Miraj Cinemas,Bathinda 454,Bathinda,Punjab
TH_2840,BR_3,INOX,Ahmedabad 39,Ahmedabad,Gujarat
TH_2841,BR_3,INOX,Udaipur 170,Udaipur,Rajasthan
TH_2842,BR_3,INOX,Amritsar 138,Amritsar,Punjab
TH_2843,BR_6,Wave Cinemas,Asansol 441,Asansol,West Bengal
TH_2844,BR_5,PVR Cinemas,Durgapur 292,Durgapur,West Bengal
TH_2845,BR_2,Cinepolis,Gwalior 6,Gwalior,Madhya Pradesh
TH_2846,BR_6,Wave Cinemas,Ujjain 399,Ujjain,Madhya Pradesh
TH_2847,BR_1,Carnival Cinemas,Ludhiana 334,Ludhiana,Punjab
TH_2848,BR_4,Miraj Cinemas,Meerut 253,Meerut,Uttar Pradesh
TH_2849,BR_6,Wave Cinemas,Bangalore 397,Bangalore,Karnataka
TH_2850,BR_1,Carnival Cinemas,Nagpur 331,Nagpur,Maharashtra
TH_2851,BR_6,Wave Cinemas,Jodhpur 286,Jodhpur,Rajasthan
TH_2852,BR_4,Miraj Cinemas,Gaya 299,Gaya,Bihar
TH_2853,BR_2,Cinepolis,Hubli 382,Hubli,Karnataka
TH_2854,BR_6,Wave Cinemas,Kanpur 180,Kanpur,Uttar Pradesh
TH_2855,BR_1,Carnival Cinemas,Jabalpur 135,Jabalpur,Madhya Pradesh
TH_2856,BR_5,PVR Cinemas,Ahmedabad 317,Ahmedabad,Gujarat
TH_2857,BR_1,Carnival Cinemas,Gwalior 301,Gwalior,Madhya Pradesh
TH_2858,BR_3,INOX,Agra 165,Agra,Uttar Pradesh
TH_2859,BR_5,PVR Cinemas,Belgaum 327,Belgaum,Karnataka
TH_2860,BR_3,INOX,Lucknow 398,Lucknow,Uttar Pradesh
TH_2861,BR_5,PVR Cinemas,Muzaffarpur 397,Muzaffarpur,Bihar
TH_2862,BR_1,Carnival Cinemas,Mumbai 470,Mumbai,Maharashtra
TH_2863,BR_2,Cinepolis,Bhavnagar 111,Bhavnagar,Gujarat
TH_2864,BR_1,Carnival Cinemas,Madurai 105,Madurai,Tamil Nadu
TH_2865,BR_1,Carnival Cinemas,Ludhiana 319,Ludhiana,Punjab
TH_2866,BR_6,Wave Cinemas,Rajkot 367,Rajkot,Gujarat
TH_2867,BR_4,Miraj Cinemas,Amritsar 214,Amritsar,Punjab
TH_2868,BR_6,Wave Cinemas,Pune 119,Pune,Maharashtra
TH_2869,BR_4,Miraj Cinemas,Belgaum 368,Belgaum,Karnataka
TH_2870,BR_5,PVR Cinemas,Mumbai 298,Mumbai,Maharashtra
TH_2871,BR_2,Cinepolis,Mangalore 289,Mangalore,Karnataka
TH_2872,BR_5,PVR Cinemas,Kota 198,Kota,Rajasthan
TH_2873,BR_2,Cinepolis,Kanpur 48,Kanpur,Uttar Pradesh
TH_2874,BR_1,Carnival Cinemas,Bangalore 24,Bangalore,Karnataka
TH_2875,BR_2,Cinepolis,Patiala 62,Patiala,Punjab
TH_2876,BR_3,INOX,Jodhpur 307,Jodhpur,Rajasthan
TH_2877,BR_4,Miraj Cinemas,Bhopal 285,Bhopal,Madhya Pradesh
TH_2878,BR_3,INOX,Vadodara 466,Vadodara,Gujarat
TH_2879,BR_6,Wave Cinemas,Varanasi 438,Varanasi,Uttar Pradesh
TH_2880,BR_2,Cinepolis,Kolkata 357,Kolkata,West Bengal
TH_2881,BR_2,Cinepolis,Madurai 47,Madurai,Tamil Nadu
TH_2882,BR_4,Miraj Cinemas,Mysore 376,Mysore,Karnataka
TH_2883,BR_1,Carnival Cinemas,Ahmedabad 251,Ahmedabad,Gujarat
TH_2884,BR_2,Cinepolis,Thane 384,Thane,Maharashtra
TH_2885,BR_5,PVR Cinemas,Bhagalpur 225,Bhagalpur,Bihar
TH_2886,BR_4,Miraj Cinemas,Mumbai 473,Mumbai,Maharashtra
TH_2887,BR_3,INOX,Nagpur 299,Nagpur,Maharashtra
TH_2888,BR_1,Carnival Cinemas,Ahmedabad 348,Ahmedabad,Gujarat
TH_2889,BR_1,Carnival Cinemas,Jabalpur 254,Jabalpur,Madhya Pradesh
TH_2890,BR_4,Miraj Cinemas,Vadodara 424,Vadodara,Gujarat
TH_2891,BR_4,Miraj Cinemas,Mumbai 323,Mumbai,Maharashtra
TH_2892,BR_4,Miraj Cinemas,Bhopal 154,Bhopal,Madhya Pradesh
TH_2893,BR_1,Carnival Cinemas,Pune 178,Pune,Maharashtra
TH_2894,BR_2,Cinepolis,Madurai 415,Madurai,Tamil Nadu
TH_2895,BR_1,Carnival Cinemas,Jabalpur 388,Jabalpur,Madhya Pradesh
TH_2896,BR_2,Cinepolis,Gwalior 308,Gwalior,Madhya Pradesh
TH_2897,BR_3,INOX,Howrah 130,Howrah,West Bengal
TH_2898,BR_1,Carnival Cinemas,Mangalore 45,Mangalore,Karnataka
TH_2899,BR_1,Carnival Cinemas,Coimbatore 38,Coimbatore,Tamil Nadu
TH_2900,BR_3,INOX,Howrah 80,Howrah,West Bengal
TH_2901,BR_6,Wave Cinemas,Jaipur 350,Jaipur,Rajasthan
TH_2902,BR_2,Cinepolis,Asansol 256,Asansol,West Bengal
TH_2903,BR_1,Carnival Cinemas,Chennai 159,Chennai,Tamil Nadu
TH_2904,BR_6,Wave Cinemas,Siliguri 346,Siliguri,West Bengal
TH_2905,BR_6,Wave Cinemas,Agra 471,Agra,Uttar Pradesh
TH_2906,BR_6,Wave Cinemas,Belgaum 333,Belgaum,Karnataka
TH_2907,BR_1,Carnival Cinemas,Coimbatore 185,Coimbatore,Tamil Nadu
TH_2908,BR_1,Carnival Cinemas,Mumbai 102,Mumbai,Maharashtra
TH_2909,BR_2,Cinepolis,Nashik 381,Nashik,Maharashtra
TH_2910,BR_5,PVR Cinemas,Jabalpur 402,Jabalpur,Madhya Pradesh
TH_2911,BR_1,Carnival Cinemas,Gaya 235,Gaya,Bihar
TH_2912,BR_4,Miraj Cinemas,Mysore 386,Mysore,Karnataka
TH_2913,BR_3,INOX,Meerut 191,Meerut,Uttar Pradesh
TH_2914,BR_3,INOX,Pune 286,Pune,Maharashtra
TH_2915,BR_3,INOX,Kota 106,Kota,Rajasthan
TH_2916,BR_4,Miraj Cinemas,Madurai 188,Madurai,Tamil Nadu
TH_2917,BR_4,Miraj Cinemas,Bhagalpur 295,Bhagalpur,Bihar
TH_2918,BR_6,Wave Cinemas,Chennai 38,Chennai,Tamil Nadu
TH_2919,BR_3,INOX,Asansol 337,Asansol,West Bengal
TH_2920,BR_1,Carnival Cinemas,Bhavnagar 66,Bhavnagar,Gujarat
TH_2921,BR_5,PVR Cinemas,Rajkot 291,Rajkot,Gujarat
TH_2922,BR_2,Cinepolis,Asansol 406,Asansol,West Bengal
TH_2923,BR_4,Miraj Cinemas,Agra 393,Agra,Uttar Pradesh
TH_2924,BR_5,PVR Cinemas,Durgapur 423,Durgapur,West Bengal
TH_2925,BR_3,INOX,Ajmer 34,Ajmer,Rajasthan
TH_2926,BR_6,Wave Cinemas,Kolkata 372,Kolkata,West Bengal
TH_2927,BR_6,Wave Cinemas,Ajmer 331,Ajmer,Rajasthan
TH_2928,BR_5,PVR Cinemas,Kota 147,Kota,Rajasthan
TH_2929,BR_2,Cinepolis,Ludhiana 25,Ludhiana,Punjab
TH_2930,BR_4,Miraj Cinemas,Bhavnagar 303,Bhavnagar,Gujarat
TH_2931,BR_3,INOX,Gwalior 215,Gwalior,Madhya Pradesh
TH_2932,BR_5,PVR Cinemas,Meerut 204,Meerut,Uttar Pradesh
TH_2933,BR_6,Wave Cinemas,Patiala 78,Patiala,Punjab
TH_2934,BR_6,Wave Cinemas,Mysore 85,Mysore,Karnataka
TH_2935,BR_3,INOX,Jalandhar 157,Jalandhar,Punjab
TH_2936,BR_4,Miraj Cinemas,Asansol 356,Asansol,West Bengal
TH_2937,BR_3,INOX,Gaya 459,Gaya,Bihar
TH_2938,BR_4,Miraj Cinemas,Hubli 378,Hubli,Karnataka
TH_2939,BR_1,Carnival Cinemas,Jaipur 69,Jaipur,Rajasthan
TH_2940,BR_5,PVR Cinemas,Muzaffarpur 232,Muzaffarpur,Bihar
TH_2941,BR_3,INOX,Bhagalpur 202,Bhagalpur,Bihar
TH_2942,BR_1,Carnival Cinemas,Jabalpur 427,Jabalpur,Madhya Pradesh
TH_2943,BR_5,PVR Cinemas,Bhopal 481,Bhopal,Madhya Pradesh
TH_2944,BR_3,INOX,Ujjain 271,Ujjain,Madhya Pradesh
TH_2945,BR_1,Carnival Cinemas,Howrah 44,Howrah,West Bengal
TH_2946,BR_4,Miraj Cinemas,Pune 371,Pune,Maharashtra
TH_2947,BR_5,PVR Cinemas,Belgaum 288,Belgaum,Karnataka
TH_2948,BR_2,Cinepolis,Belgaum 378,Belgaum,Karnataka
TH_2949,BR_6,Wave Cinemas,Tiruchirappalli 78,Tiruchirappalli,Tamil Nadu
TH_2950,BR_5,PVR Cinemas,Durgapur 419,Durgapur,West Bengal
TH_2951,BR_2,Cinepolis,Siliguri 445,Siliguri,West Bengal
TH_2952,BR_2,Cinepolis,Jabalpur 289,Jabalpur,Madhya Pradesh
TH_2953,BR_5,PVR Cinemas,Agra 369,Agra,Uttar Pradesh
TH_2954,BR_1,Carnival Cinemas,Muzaffarpur 367,Muzaffarpur,Bihar
TH_2955,BR_5,PVR Cinemas,Mumbai 304,Mumbai,Maharashtra
TH_2956,BR_1,Carnival Cinemas,Ujjain 440,Ujjain,Madhya Pradesh
TH_2957,BR_3,INOX,Patiala 335,Patiala,Punjab
TH_2958,BR_1,Carnival Cinemas,Siliguri 328,Siliguri,West Bengal
TH_2959,BR_6,Wave Cinemas,Tiruchirappalli 127,Tiruchirappalli,Tamil Nadu
TH_2960,BR_6,Wave Cinemas,Jalandhar 418,Jalandhar,Punjab
TH_2961,BR_4,Miraj Cinemas,Siliguri 99,Siliguri,West Bengal
TH_2962,BR_6,Wave Cinemas,Purnia 100,Purnia,Bihar
TH_2963,BR_2,Cinepolis,Varanasi 156,Varanasi,Uttar Pradesh
TH_2964,BR_3,INOX,Lucknow 177,Lucknow,Uttar Pradesh
TH_2965,BR_5,PVR Cinemas,Bhavnagar 36,Bhavnagar,Gujarat
TH_2966,BR_2,Cinepolis,Bathinda 17,Bathinda,Punjab
TH_2967,BR_5,PVR Cinemas,Ujjain 153,Ujjain,Madhya Pradesh
TH_2968,BR_5,PVR Cinemas,Gwalior 36,Gwalior,Madhya Pradesh
TH_2969,BR_4,Miraj Cinemas,Bathinda 223,Bathinda,Punjab
TH_2970,BR_2,Cinepolis,Nashik 50,Nashik,Maharashtra
TH_2971,BR_4,Miraj Cinemas,Bangalore 382,Bangalore,Karnataka
TH_2972,BR_5,PVR Cinemas,Jabalpur 157,Jabalpur,Madhya Pradesh
TH_2973,BR_3,INOX,Meerut 78,Meerut,Uttar Pradesh
TH_2974,BR_6,Wave Cinemas,Bhavnagar 184,Bhavnagar,Gujarat
TH_2975,BR_3,INOX,Jaipur 130,Jaipur,Rajasthan
TH_2976,BR_4,Miraj Cinemas,Bangalore 37,Bangalore,Karnataka
TH_2977,BR_4,Miraj Cinemas,Coimbatore 428,Coimbatore,Tamil Nadu
TH_2978,BR_5,PVR Cinemas,Purnia 302,Purnia,Bihar
TH_2979,BR_5,PVR Cinemas,Ajmer 104,Ajmer,Rajasthan
TH_2980,BR_5,PVR Cinemas,Indore 335,Indore,Madhya Pradesh
TH_2981,BR_5,PVR Cinemas,Durgapur 215,Durgapur,West Bengal
TH_2982,BR_4,Miraj Cinemas,Patiala 430,Patiala,Punjab
TH_2983,BR_6,Wave Cinemas,Purnia 373,Purnia,Bihar
TH_2984,BR_3,INOX,Jodhpur 216,Jodhpur,Rajasthan
TH_2985,BR_6,Wave Cinemas,Ludhiana 95,Ludhiana,Punjab
TH_2986,BR_2,Cinepolis,Surat 499,Surat,Gujarat
TH_2987,BR_4,Miraj Cinemas,Pune 319,Pune,Maharashtra
TH_2988,BR_4,Miraj Cinemas,Ludhiana 94,Ludhiana,Punjab
TH_2989,BR_6,Wave Cinemas,Howrah 413,Howrah,West Bengal
TH_2990,BR_1,Carnival Cinemas,Siliguri 167,Siliguri,West Bengal
TH_2991,BR_5,PVR Cinemas,Ahmedabad 256,Ahmedabad,Gujarat
TH_2992,BR_1,Carnival Cinemas,Pune 455,Pune,Maharashtra
TH_2993,BR_6,Wave Cinemas,Bangalore 256,Bangalore,Karnataka
TH_2994,BR_4,Miraj Cinemas,Nagpur 81,Nagpur,Maharashtra
TH_2995,BR_3,INOX,Howrah 87,Howrah,West Bengal
TH_2996,BR_2,Cinepolis,Mangalore 99,Mangalore,Karnataka
TH_2997,BR_3,INOX,Durgapur 218,Durgapur,West Bengal
TH_2998,BR_1,Carnival Cinemas,Purnia 315,Purnia,Bihar
TH_2999,BR_1,Carnival Cinemas,Mangalore 217,Mangalore,Karnataka
TH_3000,BR_4,Miraj Cinemas,Lucknow 358,Lucknow,Uttar Pradesh
TH_3001,BR_5,PVR Cinemas,Muzaffarpur 489,Muzaffarpur,Bihar
TH_3002,BR_1,Carnival Cinemas,Ajmer 328,Ajmer,Rajasthan
TH_3003,BR_2,Cinepolis,Madurai 23,Madurai,Tamil Nadu
TH_3004,BR_6,Wave Cinemas,Madurai 111,Madurai,Tamil Nadu
TH_3005,BR_2,Cinepolis,Madurai 363,Madurai,Tamil Nadu
TH_3006,BR_3,INOX,Howrah 105,Howrah,West Bengal
TH_3007,BR_2,Cinepolis,Gaya 389,Gaya,Bihar
TH_3008,BR_4,Miraj Cinemas,Pune 201,Pune,Maharashtra
TH_3009,BR_6,Wave Cinemas,Vadodara 53,Vadodara,Gujarat
TH_3010,BR_1,Carnival Cinemas,Ahmedabad 28,Ahmedabad,Gujarat
TH_3011,BR_2,Cinepolis,Durgapur 56,Durgapur,West Bengal
TH_3012,BR_4,Miraj Cinemas,Mangalore 451,Mangalore,Karnataka
TH_3013,BR_4,Miraj Cinemas,Jodhpur 246,Jodhpur,Rajasthan
TH_3014,BR_6,Wave Cinemas,Rajkot 360,Rajkot,Gujarat
TH_3015,BR_5,PVR Cinemas,Varanasi 202,Varanasi,Uttar Pradesh
TH_3016,BR_5,PVR Cinemas,Patna 345,Patna,Bihar
TH_3017,BR_5,PVR Cinemas,Lucknow 101,Lucknow,Uttar Pradesh
TH_3018,BR_4,Miraj Cinemas,Ajmer 141,Ajmer,Rajasthan
TH_3019,BR_6,Wave Cinemas,Pune 366,Pune,Maharashtra
TH_3020,BR_4,Miraj Cinemas,Durgapur 45,Durgapur,West Bengal
TH_3021,BR_4,Miraj Cinemas,Asansol 465,Asansol,West Bengal
TH_3022,BR_2,Cinepolis,Ujjain 487,Ujjain,Madhya Pradesh
TH_3023,BR_3,INOX,Muzaffarpur 209,Muzaffarpur,Bihar
TH_3024,BR_1,Carnival Cinemas,Mangalore 227,Mangalore,Karnataka
TH_3025,BR_4,Miraj Cinemas,Pune 65,Pune,Maharashtra
TH_3026,BR_6,Wave Cinemas,Rajkot 473,Rajkot,Gujarat
TH_3027,BR_3,INOX,Ludhiana 234,Ludhiana,Punjab
TH_3028,BR_4,Miraj Cinemas,Bhopal 266,Bhopal,Madhya Pradesh
TH_3029,BR_5,PVR Cinemas,Hubli 307,Hubli,Karnataka
TH_3030,BR_1,Carnival Cinemas,Mysore 311,Mysore,Karnataka
TH_3031,BR_1,Carnival Cinemas,Mangalore 468,Mangalore,Karnataka
TH_3032,BR_5,PVR Cinemas,Muzaffarpur 399,Muzaffarpur,Bihar
TH_3033,BR_1,Carnival Cinemas,Muzaffarpur 135,Muzaffarpur,Bihar
TH_3034,BR_2,Cinepolis,Ujjain 484,Ujjain,Madhya Pradesh
TH_3035,BR_3,INOX,Asansol 340,Asansol,West Bengal
TH_3036,BR_3,INOX,Hubli 137,Hubli,Karnataka
TH_3037,BR_6,Wave Cinemas,Asansol 420,Asansol,West Bengal
TH_3038,BR_2,Cinepolis,Surat 257,Surat,Gujarat
TH_3039,BR_6,Wave Cinemas,Kolkata 261,Kolkata,West Bengal
TH_3040,BR_2,Cinepolis,Thane 29,Thane,Maharashtra
TH_3041,BR_3,INOX,Mangalore 95,Mangalore,Karnataka
TH_3042,BR_5,PVR Cinemas,Jabalpur 477,Jabalpur,Madhya Pradesh
TH_3043,BR_1,Carnival Cinemas,Gaya 473,Gaya,Bihar
TH_3044,BR_2,Cinepolis,Patna 154,Patna,Bihar
TH_3045,BR_3,INOX,Udaipur 92,Udaipur,Rajasthan
TH_3046,BR_6,Wave Cinemas,Kota 28,Kota,Rajasthan
TH_3047,BR_1,Carnival Cinemas,Jaipur 216,Jaipur,Rajasthan
TH_3048,BR_6,Wave Cinemas,Ajmer 268,Ajmer,Rajasthan
TH_3049,BR_4,Miraj Cinemas,Ajmer 198,Ajmer,Rajasthan
TH_3050,BR_2,Cinepolis,Lucknow 336,Lucknow,Uttar Pradesh
TH_3051,BR_3,INOX,Salem 406,Salem,Tamil Nadu
TH_3052,BR_3,INOX,Ajmer 414,Ajmer,Rajasthan
TH_3053,BR_3,INOX,Patiala 430,Patiala,Punjab
TH_3054,BR_2,Cinepolis,Mumbai 230,Mumbai,Maharashtra
TH_3055,BR_5,PVR Cinemas,Salem 268,Salem,Tamil Nadu
TH_3056,BR_4,Miraj Cinemas,Ujjain 267,Ujjain,Madhya Pradesh
TH_3057,BR_5,PVR Cinemas,Bangalore 267,Bangalore,Karnataka
TH_3058,BR_1,Carnival Cinemas,Belgaum 199,Belgaum,Karnataka
TH_3059,BR_1,Carnival Cinemas,Salem 52,Salem,Tamil Nadu
TH_3060,BR_3,INOX,Mumbai 177,Mumbai,Maharashtra
TH_3061,BR_6,Wave Cinemas,Ludhiana 59,Ludhiana,Punjab
TH_3062,BR_6,Wave Cinemas,Udaipur 55,Udaipur,Rajasthan
TH_3063,BR_4,Miraj Cinemas,Kolkata 88,Kolkata,West Bengal
TH_3064,BR_4,Miraj Cinemas,Nagpur 256,Nagpur,Maharashtra
TH_3065,BR_1,Carnival Cinemas,Bhagalpur 288,Bhagalpur,Bihar
TH_3066,BR_1,Carnival Cinemas,Kolkata 407,Kolkata,West Bengal
TH_3067,BR_4,Miraj Cinemas,Salem 439,Salem,Tamil Nadu
TH_3068,BR_3,INOX,Lucknow 3,Lucknow,Uttar Pradesh
TH_3069,BR_5,PVR Cinemas,Ujjain 69,Ujjain,Madhya Pradesh
TH_3070,BR_6,Wave Cinemas,Vadodara 282,Vadodara,Gujarat
TH_3071,BR_2,Cinepolis,Tiruchirappalli 268,Tiruchirappalli,Tamil Nadu
TH_3072,BR_5,PVR Cinemas,Kota 484,Kota,Rajasthan
TH_3073,BR_1,Carnival Cinemas,Patiala 43,Patiala,Punjab
TH_3074,BR_4,Miraj Cinemas,Meerut 93,Meerut,Uttar Pradesh
TH_3075,BR_2,Cinepolis,Bhopal 383,Bhopal,Madhya Pradesh
TH_3076,BR_6,Wave Cinemas,Indore 22,Indore,Madhya Pradesh
TH_3077,BR_5,PVR Cinemas,Mangalore 51,Mangalore,Karnataka
TH_3078,BR_4,Miraj Cinemas,Ujjain 453,Ujjain,Madhya Pradesh
TH_3079,BR_5,PVR Cinemas,Bhagalpur 57,Bhagalpur,Bihar
TH_3080,BR_3,INOX,Jabalpur 398,Jabalpur,Madhya Pradesh
TH_3081,BR_3,INOX,Bhagalpur 42,Bhagalpur,Bihar
TH_3082,BR_5,PVR Cinemas,Hubli 287,Hubli,Karnataka
TH_3083,BR_2,Cinepolis,Bangalore 426,Bangalore,Karnataka
TH_3084,BR_2,Cinepolis,Patna 414,Patna,Bihar
TH_3085,BR_3,INOX,Hubli 77,Hubli,Karnataka
TH_3086,BR_2,Cinepolis,Meerut 231,Meerut,Uttar Pradesh
TH_3087,BR_6,Wave Cinemas,Siliguri 198,Siliguri,West Bengal
TH_3088,BR_3,INOX,Siliguri 225,Siliguri,West Bengal
TH_3089,BR_4,Miraj Cinemas,Rajkot 476,Rajkot,Gujarat
TH_3090,BR_3,INOX,Howrah 5,Howrah,West Bengal
TH_3091,BR_4,Miraj Cinemas,Rajkot 132,Rajkot,Gujarat
TH_3092,BR_2,Cinepolis,Nagpur 484,Nagpur,Maharashtra
TH_3093,BR_1,Carnival Cinemas,Varanasi 173,Varanasi,Uttar Pradesh
TH_3094,BR_5,PVR Cinemas,Rajkot 448,Rajkot,Gujarat
TH_3095,BR_1,Carnival Cinemas,Kota 362,Kota,Rajasthan
TH_3096,BR_1,Carnival Cinemas,Udaipur 148,Udaipur,Rajasthan
TH_3097,BR_3,INOX,Surat 182,Surat,Gujarat
TH_3098,BR_6,Wave Cinemas,Jalandhar 321,Jalandhar,Punjab
TH_3099,BR_6,Wave Cinemas,Jodhpur 495,Jodhpur,Rajasthan
TH_3100,BR_3,INOX,Varanasi 355,Varanasi,Uttar Pradesh
TH_3101,BR_6,Wave Cinemas,Meerut 424,Meerut,Uttar Pradesh
TH_3102,BR_4,Miraj Cinemas,Thane 420,Thane,Maharashtra
TH_3103,BR_3,INOX,Belgaum 465,Belgaum,Karnataka
TH_3104,BR_1,Carnival Cinemas,Kanpur 161,Kanpur,Uttar Pradesh
TH_3105,BR_4,Miraj Cinemas,Muzaffarpur 340,Muzaffarpur,Bihar
TH_3106,BR_1,Carnival Cinemas,Belgaum 406,Belgaum,Karnataka
TH_3107,BR_6,Wave Cinemas,Ujjain 399,Ujjain,Madhya Pradesh
TH_3108,BR_6,Wave Cinemas,Pune 128,Pune,Maharashtra
TH_3109,BR_4,Miraj Cinemas,Bangalore 160,Bangalore,Karnataka
TH_3110,BR_5,PVR Cinemas,Belgaum 70,Belgaum,Karnataka
TH_3111,BR_3,INOX,Ludhiana 123,Ludhiana,Punjab
TH_3112,BR_6,Wave Cinemas,Bangalore 103,Bangalore,Karnataka
TH_3113,BR_1,Carnival Cinemas,Varanasi 252,Varanasi,Uttar Pradesh
TH_3114,BR_2,Cinepolis,Howrah 318,Howrah,West Bengal
TH_3115,BR_2,Cinepolis,Hubli 276,Hubli,Karnataka
TH_3116,BR_4,Miraj Cinemas,Surat 330,Surat,Gujarat
TH_3117,BR_4,Miraj Cinemas,Siliguri 201,Siliguri,West Bengal
TH_3118,BR_6,Wave Cinemas,Patiala 378,Patiala,Punjab
TH_3119,BR_4,Miraj Cinemas,Madurai 135,Madurai,Tamil Nadu
TH_3120,BR_1,Carnival Cinemas,Indore 475,Indore,Madhya Pradesh
TH_3121,BR_4,Miraj Cinemas,Bangalore 134,Bangalore,Karnataka
TH_3122,BR_4,Miraj Cinemas,Meerut 398,Meerut,Uttar Pradesh
TH_3123,BR_3,INOX,Jodhpur 441,Jodhpur,Rajasthan
TH_3124,BR_4,Miraj Cinemas,Ajmer 372,Ajmer,Rajasthan
TH_3125,BR_2,Cinepolis,Kanpur 127,Kanpur,Uttar Pradesh
TH_3126,BR_3,INOX,Varanasi 466,Varanasi,Uttar Pradesh
TH_3127,BR_1,Carnival Cinemas,Chennai 136,Chennai,Tamil Nadu
TH_3128,BR_5,PVR Cinemas,Vadodara 181,Vadodara,Gujarat
TH_3129,BR_5,PVR Cinemas,Bhavnagar 492,Bhavnagar,Gujarat
TH_3130,BR_4,Miraj Cinemas,Asansol 23,Asansol,West Bengal
TH_3131,BR_4,Miraj Cinemas,Indore 458,Indore,Madhya Pradesh
TH_3132,BR_2,Cinepolis,Thane 63,Thane,Maharashtra
TH_3133,BR_2,Cinepolis,Jabalpur 72,Jabalpur,Madhya Pradesh
TH_3134,BR_1,Carnival Cinemas,Pune 425,Pune,Maharashtra
TH_3135,BR_5,PVR Cinemas,Asansol 286,Asansol,West Bengal
TH_3136,BR_2,Cinepolis,Kota 96,Kota,Rajasthan
TH_3137,BR_3,INOX,Chennai 74,Chennai,Tamil Nadu
TH_3138,BR_4,Miraj Cinemas,Salem 14,Salem,Tamil Nadu
TH_3139,BR_6,Wave Cinemas,Kanpur 423,Kanpur,Uttar Pradesh
TH_3140,BR_4,Miraj Cinemas,Agra 319,Agra,Uttar Pradesh
TH_3141,BR_1,Carnival Cinemas,Chennai 399,Chennai,Tamil Nadu
TH_3142,BR_6,Wave Cinemas,Surat 480,Surat,Gujarat
TH_3143,BR_1,Carnival Cinemas,Asansol 69,Asansol,West Bengal
TH_3144,BR_5,PVR Cinemas,Jaipur 498,Jaipur,Rajasthan
TH_3145,BR_4,Miraj Cinemas,Udaipur 336,Udaipur,Rajasthan
TH_3146,BR_4,Miraj Cinemas,Bhagalpur 484,Bhagalpur,Bihar
TH_3147,BR_1,Carnival Cinemas,Kanpur 202,Kanpur,Uttar Pradesh
TH_3148,BR_6,Wave Cinemas,Mangalore 365,Mangalore,Karnataka
TH_3149,BR_1,Carnival Cinemas,Kolkata 467,Kolkata,West Bengal
TH_3150,BR_3,INOX,Meerut 259,Meerut,Uttar Pradesh
TH_3151,BR_4,Miraj Cinemas,Bangalore 466,Bangalore,Karnataka
TH_3152,BR_1,Carnival Cinemas,Jodhpur 110,Jodhpur,Rajasthan
TH_3153,BR_1,Carnival Cinemas,Ahmedabad 407,Ahmedabad,Gujarat
TH_3154,BR_3,INOX,Jaipur 335,Jaipur,Rajasthan
TH_3155,BR_1,Carnival Cinemas,Nagpur 473,Nagpur,Maharashtra
TH_3156,BR_1,Carnival Cinemas,Durgapur 407,Durgapur,West Bengal
TH_3157,BR_3,INOX,Chennai 89,Chennai,Tamil Nadu
TH_3158,BR_3,INOX,Indore 5,Indore,Madhya Pradesh
TH_3159,BR_4,Miraj Cinemas,Gwalior 214,Gwalior,Madhya Pradesh
TH_3160,BR_6,Wave Cinemas,Jodhpur 306,Jodhpur,Rajasthan
TH_3161,BR_1,Carnival Cinemas,Gaya 194,Gaya,Bihar
TH_3162,BR_3,INOX,Jodhpur 298,Jodhpur,Rajasthan
TH_3163,BR_5,PVR Cinemas,Bhavnagar 316,Bhavnagar,Gujarat
TH_3164,BR_1,Carnival Cinemas,Siliguri 110,Siliguri,West Bengal
TH_3165,BR_2,Cinepolis,Indore 17,Indore,Madhya Pradesh
TH_3166,BR_5,PVR Cinemas,Ajmer 275,Ajmer,Rajasthan
TH_3167,BR_5,PVR Cinemas,Mangalore 154,Mangalore,Karnataka
TH_3168,BR_6,Wave Cinemas,Chennai 97,Chennai,Tamil Nadu
TH_3169,BR_5,PVR Cinemas,Mumbai 366,Mumbai,Maharashtra
TH_3170,BR_5,PVR Cinemas,Chennai 85,Chennai,Tamil Nadu
TH_3171,BR_6,Wave Cinemas,Mumbai 111,Mumbai,Maharashtra
TH_3172,BR_1,Carnival Cinemas,Gwalior 15,Gwalior,Madhya Pradesh
TH_3173,BR_1,Carnival Cinemas,Jaipur 221,Jaipur,Rajasthan
TH_3174,BR_4,Miraj Cinemas,Jalandhar 470,Jalandhar,Punjab
TH_3175,BR_6,Wave Cinemas,Howrah 69,Howrah,West Bengal
TH_3176,BR_2,Cinepolis,Ujjain 327,Ujjain,Madhya Pradesh
TH_3177,BR_6,Wave Cinemas,Ahmedabad 37,Ahmedabad,Gujarat
TH_3178,BR_4,Miraj Cinemas,Vadodara 242,Vadodara,Gujarat
TH_3179,BR_6,Wave Cinemas,Nashik 150,Nashik,Maharashtra
TH_3180,BR_6,Wave Cinemas,Vadodara 460,Vadodara,Gujarat
TH_3181,BR_1,Carnival Cinemas,Surat 334,Surat,Gujarat
TH_3182,BR_3,INOX,Durgapur 147,Durgapur,West Bengal
TH_3183,BR_3,INOX,Jalandhar 495,Jalandhar,Punjab
TH_3184,BR_6,Wave Cinemas,Nagpur 412,Nagpur,Maharashtra
TH_3185,BR_3,INOX,Surat 113,Surat,Gujarat
TH_3186,BR_1,Carnival Cinemas,Kanpur 97,Kanpur,Uttar Pradesh
TH_3187,BR_5,PVR Cinemas,Kota 53,Kota,Rajasthan
TH_3188,BR_3,INOX,Hubli 479,Hubli,Karnataka
TH_3189,BR_3,INOX,Kolkata 138,Kolkata,West Bengal
TH_3190,BR_1,Carnival Cinemas,Udaipur 212,Udaipur,Rajasthan
TH_3191,BR_3,INOX,Pune 488,Pune,Maharashtra
TH_3192,BR_2,Cinepolis,Surat 141,Surat,Gujarat
TH_3193,BR_6,Wave Cinemas,Vadodara 486,Vadodara,Gujarat
TH_3194,BR_3,INOX,Bathinda 261,Bathinda,Punjab
TH_3195,BR_4,Miraj Cinemas,Purnia 470,Purnia,Bihar
TH_3196,BR_4,Miraj Cinemas,Ajmer 77,Ajmer,Rajasthan
TH_3197,BR_6,Wave Cinemas,Jodhpur 86,Jodhpur,Rajasthan
TH_3198,BR_4,Miraj Cinemas,Bhagalpur 218,Bhagalpur,Bihar
TH_3199,BR_4,Miraj Cinemas,Jaipur 242,Jaipur,Rajasthan
TH_3200,BR_6,Wave Cinemas,Indore 197,Indore,Madhya Pradesh
TH_3201,BR_3,INOX,Coimbatore 71,Coimbatore,Tamil Nadu
TH_3202,BR_2,Cinepolis,Kanpur 421,Kanpur,Uttar Pradesh
TH_3203,BR_1,Carnival Cinemas,Ajmer 89,Ajmer,Rajasthan
TH_3204,BR_5,PVR Cinemas,Indore 105,Indore,Madhya Pradesh
TH_3205,BR_4,Miraj Cinemas,Gaya 260,Gaya,Bihar
TH_3206,BR_1,Carnival Cinemas,Belgaum 161,Belgaum,Karnataka
TH_3207,BR_2,Cinepolis,Patna 357,Patna,Bihar
TH_3208,BR_1,Carnival Cinemas,Tiruchirappalli 304,Tiruchirappalli,Tamil Nadu
TH_3209,BR_6,Wave Cinemas,Bangalore 13,Bangalore,Karnataka
TH_3210,BR_1,Carnival Cinemas,Varanasi 493,Varanasi,Uttar Pradesh
TH_3211,BR_1,Carnival Cinemas,Jodhpur 376,Jodhpur,Rajasthan
TH_3212,BR_6,Wave Cinemas,Mangalore 7,Mangalore,Karnataka
TH_3213,BR_2,Cinepolis,Bhopal 173,Bhopal,Madhya Pradesh
TH_3214,BR_5,PVR Cinemas,Bangalore 389,Bangalore,Karnataka
TH_3215,BR_3,INOX,Jaipur 34,Jaipur,Rajasthan
TH_3216,BR_1,Carnival Cinemas,Kolkata 90,Kolkata,West Bengal
TH_3217,BR_2,Cinepolis,Siliguri 274,Siliguri,West Bengal
TH_3218,BR_2,Cinepolis,Nashik 302,Nashik,Maharashtra
TH_3219,BR_5,PVR Cinemas,Howrah 334,Howrah,West Bengal
TH_3220,BR_4,Miraj Cinemas,Howrah 152,Howrah,West Bengal
TH_3221,BR_2,Cinepolis,Gwalior 256,Gwalior,Madhya Pradesh
TH_3222,BR_3,INOX,Salem 14,Salem,Tamil Nadu
TH_3223,BR_4,Miraj Cinemas,Howrah 127,Howrah,West Bengal
TH_3224,BR_6,Wave Cinemas,Amritsar 100,Amritsar,Punjab
TH_3225,BR_4,Miraj Cinemas,Thane 442,Thane,Maharashtra
TH_3226,BR_2,Cinepolis,Surat 391,Surat,Gujarat
TH_3227,BR_1,Carnival Cinemas,Madurai 437,Madurai,Tamil Nadu
TH_3228,BR_5,PVR Cinemas,Purnia 89,Purnia,Bihar
TH_3229,BR_2,Cinepolis,Patiala 149,Patiala,Punjab
TH_3230,BR_2,Cinepolis,Kota 484,Kota,Rajasthan
TH_3231,BR_6,Wave Cinemas,Durgapur 129,Durgapur,West Bengal
TH_3232,BR_6,Wave Cinemas,Bhagalpur 253,Bhagalpur,Bihar
TH_3233,BR_6,Wave Cinemas,Bhavnagar 278,Bhavnagar,Gujarat
TH_3234,BR_6,Wave Cinemas,Indore 246,Indore,Madhya Pradesh
TH_3235,BR_1,Carnival Cinemas,Rajkot 165,Rajkot,Gujarat
TH_3236,BR_2,Cinepolis,Mumbai 96,Mumbai,Maharashtra
TH_3237,BR_5,PVR Cinemas,Ahmedabad 76,Ahmedabad,Gujarat
TH_3238,BR_2,Cinepolis,Rajkot 389,Rajkot,Gujarat
TH_3239,BR_2,Cinepolis,Jalandhar 90,Jalandhar,Punjab
TH_3240,BR_4,Miraj Cinemas,Meerut 199,Meerut,Uttar Pradesh
TH_3241,BR_1,Carnival Cinemas,Salem 203,Salem,Tamil Nadu
TH_3242,BR_4,Miraj Cinemas,Lucknow 353,Lucknow,Uttar Pradesh
TH_3243,BR_5,PVR Cinemas,Lucknow 226,Lucknow,Uttar Pradesh
TH_3244,BR_3,INOX,Patiala 132,Patiala,Punjab
TH_3245,BR_5,PVR Cinemas,Jaipur 203,Jaipur,Rajasthan
TH_3246,BR_5,PVR Cinemas,Patiala 118,Patiala,Punjab
TH_3247,BR_3,INOX,Nashik 36,Nashik,Maharashtra
TH_3248,BR_3,INOX,Patna 65,Patna,Bihar
TH_3249,BR_1,Carnival Cinemas,Kolkata 211,Kolkata,West Bengal
TH_3250,BR_4,Miraj Cinemas,Mumbai 410,Mumbai,Maharashtra
TH_3251,BR_6,Wave Cinemas,Kolkata 473,Kolkata,West Bengal
TH_3252,BR_2,Cinepolis,Bhopal 213,Bhopal,Madhya Pradesh
TH_3253,BR_2,Cinepolis,Agra 81,Agra,Uttar Pradesh
TH_3254,BR_3,INOX,Hubli 436,Hubli,Karnataka
TH_3255,BR_2,Cinepolis,Ludhiana 108,Ludhiana,Punjab
TH_3256,BR_5,PVR Cinemas,Jodhpur 433,Jodhpur,Rajasthan
TH_3257,BR_3,INOX,Gaya 391,Gaya,Bihar
TH_3258,BR_5,PVR Cinemas,Bhavnagar 446,Bhavnagar,Gujarat
TH_3259,BR_2,Cinepolis,Pune 266,Pune,Maharashtra
TH_3260,BR_4,Miraj Cinemas,Varanasi 21,Varanasi,Uttar Pradesh
TH_3261,BR_6,Wave Cinemas,Purnia 258,Purnia,Bihar
TH_3262,BR_4,Miraj Cinemas,Jaipur 424,Jaipur,Rajasthan
TH_3263,BR_2,Cinepolis,Thane 300,Thane,Maharashtra
TH_3264,BR_5,PVR Cinemas,Mangalore 213,Mangalore,Karnataka
TH_3265,BR_4,Miraj Cinemas,Meerut 337,Meerut,Uttar Pradesh
TH_3266,BR_5,PVR Cinemas,Nagpur 438,Nagpur,Maharashtra
TH_3267,BR_3,INOX,Bhagalpur 365,Bhagalpur,Bihar
TH_3268,BR_6,Wave Cinemas,Chennai 11,Chennai,Tamil Nadu
TH_3269,BR_2,Cinepolis,Chennai 53,Chennai,Tamil Nadu
TH_3270,BR_2,Cinepolis,Muzaffarpur 257,Muzaffarpur,Bihar
TH_3271,BR_6,Wave Cinemas,Thane 305,Thane,Maharashtra
TH_3272,BR_2,Cinepolis,Bhavnagar 457,Bhavnagar,Gujarat
TH_3273,BR_5,PVR Cinemas,Pune 210,Pune,Maharashtra
TH_3274,BR_2,Cinepolis,Ludhiana 15,Ludhiana,Punjab
TH_3275,BR_3,INOX,Patiala 387,Patiala,Punjab
TH_3276,BR_4,Miraj Cinemas,Rajkot 487,Rajkot,Gujarat
TH_3277,BR_3,INOX,Bhopal 185,Bhopal,Madhya Pradesh
TH_3278,BR_3,INOX,Vadodara 275,Vadodara,Gujarat
TH_3279,BR_3,INOX,Gwalior 179,Gwalior,Madhya Pradesh
TH_3280,BR_2,Cinepolis,Gaya 234,Gaya,Bihar
TH_3281,BR_4,Miraj Cinemas,Jaipur 115,Jaipur,Rajasthan
TH_3282,BR_2,Cinepolis,Jabalpur 128,Jabalpur,Madhya Pradesh
TH_3283,BR_5,PVR Cinemas,Ajmer 376,Ajmer,Rajasthan
TH_3284,BR_3,INOX,Ujjain 388,Ujjain,Madhya Pradesh
TH_3285,BR_5,PVR Cinemas,Siliguri 118,Siliguri,West Bengal
TH_3286,BR_3,INOX,Udaipur 333,Udaipur,Rajasthan
TH_3287,BR_6,Wave Cinemas,Hubli 193,Hubli,Karnataka
TH_3288,BR_2,Cinepolis,Amritsar 265,Amritsar,Punjab
TH_3289,BR_5,PVR Cinemas,Salem 125,Salem,Tamil Nadu
TH_3290,BR_6,Wave Cinemas,Ujjain 313,Ujjain,Madhya Pradesh
TH_3291,BR_1,Carnival Cinemas,Madurai 382,Madurai,Tamil Nadu
TH_3292,BR_5,PVR Cinemas,Purnia 290,Purnia,Bihar
TH_3293,BR_3,INOX,Lucknow 98,Lucknow,Uttar Pradesh
TH_3294,BR_3,INOX,Amritsar 36,Amritsar,Punjab
TH_3295,BR_3,INOX,Amritsar 368,Amritsar,Punjab
TH_3296,BR_2,Cinepolis,Thane 254,Thane,Maharashtra
TH_3297,BR_4,Miraj Cinemas,Bhopal 185,Bhopal,Madhya Pradesh
TH_3298,BR_5,PVR Cinemas,Bhavnagar 90,Bhavnagar,Gujarat
TH_3299,BR_5,PVR Cinemas,Asansol 37,Asansol,West Bengal
TH_3300,BR_4,Miraj Cinemas,Thane 57,Thane,Maharashtra
TH_3301,BR_2,Cinepolis,Amritsar 145,Amritsar,Punjab
TH_3302,BR_6,Wave Cinemas,Kanpur 491,Kanpur,Uttar Pradesh
TH_3303,BR_3,INOX,Amritsar 67,Amritsar,Punjab
TH_3304,BR_2,Cinepolis,Patiala 122,Patiala,Punjab
TH_3305,BR_3,INOX,Bhopal 84,Bhopal,Madhya Pradesh
TH_3306,BR_2,Cinepolis,Amritsar 202,Amritsar,Punjab
TH_3307,BR_2,Cinepolis,Ajmer 482,Ajmer,Rajasthan
TH_3308,BR_3,INOX,Ahmedabad 421,Ahmedabad,Gujarat
TH_3309,BR_2,Cinepolis,Kanpur 220,Kanpur,Uttar Pradesh
TH_3310,BR_1,Carnival Cinemas,Patiala 340,Patiala,Punjab
TH_3311,BR_3,INOX,Mumbai 141,Mumbai,Maharashtra
TH_3312,BR_5,PVR Cinemas,Chennai 246,Chennai,Tamil Nadu
TH_3313,BR_4,Miraj Cinemas,Ujjain 457,Ujjain,Madhya Pradesh
TH_3314,BR_6,Wave Cinemas,Indore 9,Indore,Madhya Pradesh
TH_3315,BR_2,Cinepolis,Jodhpur 50,Jodhpur,Rajasthan
TH_3316,BR_5,PVR Cinemas,Ajmer 327,Ajmer,Rajasthan
TH_3317,BR_5,PVR Cinemas,Tiruchirappalli 38,Tiruchirappalli,Tamil Nadu
TH_3318,BR_3,INOX,Tiruchirappalli 397,Tiruchirappalli,Tamil Nadu
TH_3319,BR_5,PVR Cinemas,Patna 241,Patna,Bihar
TH_3320,BR_4,Miraj Cinemas,Gwalior 406,Gwalior,Madhya Pradesh
TH_3321,BR_5,PVR Cinemas,Bhagalpur 490,Bhagalpur,Bihar
TH_3322,BR_3,INOX,Gaya 341,Gaya,Bihar
TH_3323,BR_6,Wave Cinemas,Bhavnagar 98,Bhavnagar,Gujarat
TH_3324,BR_1,Carnival Cinemas,Kolkata 270,Kolkata,West Bengal
TH_3325,BR_5,PVR Cinemas,Muzaffarpur 493,Muzaffarpur,Bihar
TH_3326,BR_2,Cinepolis,Patiala 267,Patiala,Punjab
TH_3327,BR_6,Wave Cinemas,Rajkot 37,Rajkot,Gujarat
TH_3328,BR_1,Carnival Cinemas,Kota 245,Kota,Rajasthan
TH_3329,BR_1,Carnival Cinemas,Mysore 171,Mysore,Karnataka
TH_3330,BR_6,Wave Cinemas,Pune 123,Pune,Maharashtra
TH_3331,BR_2,Cinepolis,Gwalior 123,Gwalior,Madhya Pradesh
TH_3332,BR_4,Miraj Cinemas,Ahmedabad 32,Ahmedabad,Gujarat
TH_3333,BR_2,Cinepolis,Meerut 167,Meerut,Uttar Pradesh
TH_3334,BR_4,Miraj Cinemas,Agra 277,Agra,Uttar Pradesh
TH_3335,BR_4,Miraj Cinemas,Howrah 247,Howrah,West Bengal
TH_3336,BR_3,INOX,Durgapur 460,Durgapur,West Bengal
TH_3337,BR_1,Carnival Cinemas,Bathinda 141,Bathinda,Punjab
TH_3338,BR_4,Miraj Cinemas,Jabalpur 183,Jabalpur,Madhya Pradesh
TH_3339,BR_4,Miraj Cinemas,Purnia 424,Purnia,Bihar
TH_3340,BR_3,INOX,Kanpur 47,Kanpur,Uttar Pradesh
TH_3341,BR_3,INOX,Mumbai 453,Mumbai,Maharashtra
TH_3342,BR_3,INOX,Jaipur 111,Jaipur,Rajasthan
TH_3343,BR_6,Wave Cinemas,Patiala 422,Patiala,Punjab
TH_3344,BR_5,PVR Cinemas,Nagpur 325,Nagpur,Maharashtra
TH_3345,BR_2,Cinepolis,Varanasi 116,Varanasi,Uttar Pradesh
TH_3346,BR_6,Wave Cinemas,Patna 246,Patna,Bihar
TH_3347,BR_1,Carnival Cinemas,Ludhiana 454,Ludhiana,Punjab
TH_3348,BR_4,Miraj Cinemas,Durgapur 107,Durgapur,West Bengal
TH_3349,BR_6,Wave Cinemas,Howrah 98,Howrah,West Bengal
TH_3350,BR_1,Carnival Cinemas,Nagpur 29,Nagpur,Maharashtra
TH_3351,BR_6,Wave Cinemas,Ahmedabad 394,Ahmedabad,Gujarat
TH_3352,BR_4,Miraj Cinemas,Muzaffarpur 275,Muzaffarpur,Bihar
TH_3353,BR_2,Cinepolis,Howrah 85,Howrah,West Bengal
TH_3354,BR_6,Wave Cinemas,Ujjain 184,Ujjain,Madhya Pradesh
TH_3355,BR_1,Carnival Cinemas,Bathinda 123,Bathinda,Punjab
TH_3356,BR_5,PVR Cinemas,Mumbai 76,Mumbai,Maharashtra
TH_3357,BR_1,Carnival Cinemas,Vadodara 331,Vadodara,Gujarat
TH_3358,BR_3,INOX,Coimbatore 421,Coimbatore,Tamil Nadu
TH_3359,BR_5,PVR Cinemas,Coimbatore 301,Coimbatore,Tamil Nadu
TH_3360,BR_3,INOX,Ujjain 116,Ujjain,Madhya Pradesh
TH_3361,BR_5,PVR Cinemas,Bhavnagar 327,Bhavnagar,Gujarat
TH_3362,BR_1,Carnival Cinemas,Madurai 153,Madurai,Tamil Nadu
TH_3363,BR_2,Cinepolis,Howrah 466,Howrah,West Bengal
TH_3364,BR_1,Carnival Cinemas,Salem 339,Salem,Tamil Nadu
TH_3365,BR_1,Carnival Cinemas,Belgaum 415,Belgaum,Karnataka
TH_3366,BR_6,Wave Cinemas,Hubli 321,Hubli,Karnataka
TH_3367,BR_4,Miraj Cinemas,Thane 128,Thane,Maharashtra
TH_3368,BR_6,Wave Cinemas,Chennai 64,Chennai,Tamil Nadu
TH_3369,BR_4,Miraj Cinemas,Gaya 33,Gaya,Bihar
TH_3370,BR_5,PVR Cinemas,Jaipur 440,Jaipur,Rajasthan
TH_3371,BR_2,Cinepolis,Howrah 251,Howrah,West Bengal
TH_3372,BR_5,PVR Cinemas,Coimbatore 447,Coimbatore,Tamil Nadu
TH_3373,BR_2,Cinepolis,Siliguri 381,Siliguri,West Bengal
TH_3374,BR_1,Carnival Cinemas,Indore 384,Indore,Madhya Pradesh
TH_3375,BR_2,Cinepolis,Thane 45,Thane,Maharashtra
TH_3376,BR_3,INOX,Meerut 271,Meerut,Uttar Pradesh
TH_3377,BR_4,Miraj Cinemas,Durgapur 38,Durgapur,West Bengal
TH_3378,BR_3,INOX,Bathinda 141,Bathinda,Punjab
TH_3379,BR_6,Wave Cinemas,Lucknow 181,Lucknow,Uttar Pradesh
TH_3380,BR_2,Cinepolis,Tiruchirappalli 321,Tiruchirappalli,Tamil Nadu
TH_3381,BR_2,Cinepolis,Udaipur 456,Udaipur,Rajasthan
TH_3382,BR_4,Miraj Cinemas,Siliguri 88,Siliguri,West Bengal
TH_3383,BR_1,Carnival Cinemas,Purnia 313,Purnia,Bihar
TH_3384,BR_2,Cinepolis,Lucknow 274,Lucknow,Uttar Pradesh
TH_3385,BR_5,PVR Cinemas,Ahmedabad 24,Ahmedabad,Gujarat
TH_3386,BR_4,Miraj Cinemas,Amritsar 199,Amritsar,Punjab
TH_3387,BR_3,INOX,Muzaffarpur 408,Muzaffarpur,Bihar
TH_3388,BR_1,Carnival Cinemas,Vadodara 272,Vadodara,Gujarat
TH_3389,BR_1,Carnival Cinemas,Udaipur 158,Udaipur,Rajasthan
TH_3390,BR_4,Miraj Cinemas,Bhopal 449,Bhopal,Madhya Pradesh
TH_3391,BR_4,Miraj Cinemas,Thane 16,Thane,Maharashtra
TH_3392,BR_4,Miraj Cinemas,Indore 190,Indore,Madhya Pradesh
TH_3393,BR_1,Carnival Cinemas,Lucknow 207,Lucknow,Uttar Pradesh
TH_3394,BR_2,Cinepolis,Udaipur 483,Udaipur,Rajasthan
TH_3395,BR_1,Carnival Cinemas,Indore 358,Indore,Madhya Pradesh
TH_3396,BR_2,Cinepolis,Varanasi 25,Varanasi,Uttar Pradesh
TH_3397,BR_3,INOX,Ludhiana 116,Ludhiana,Punjab
TH_3398,BR_1,Carnival Cinemas,Ujjain 2,Ujjain,Madhya Pradesh
TH_3399,BR_1,Carnival Cinemas,Vadodara 374,Vadodara,Gujarat
TH_3400,BR_3,INOX,Bangalore 433,Bangalore,Karnataka
TH_3401,BR_6,Wave Cinemas,Kota 290,Kota,Rajasthan
TH_3402,BR_2,Cinepolis,Amritsar 449,Amritsar,Punjab
TH_3403,BR_1,Carnival Cinemas,Gwalior 396,Gwalior,Madhya Pradesh
TH_3404,BR_6,Wave Cinemas,Tiruchirappalli 105,Tiruchirappalli,Tamil Nadu
TH_3405,BR_6,Wave Cinemas,Udaipur 370,Udaipur,Rajasthan
TH_3406,BR_6,Wave Cinemas,Gaya 284,Gaya,Bihar
TH_3407,BR_1,Carnival Cinemas,Salem 177,Salem,Tamil Nadu
TH_3408,BR_1,Carnival Cinemas,Jaipur 333,Jaipur,Rajasthan
TH_3409,BR_2,Cinepolis,Purnia 247,Purnia,Bihar
TH_3410,BR_5,PVR Cinemas,Ujjain 286,Ujjain,Madhya Pradesh
TH_3411,BR_1,Carnival Cinemas,Lucknow 78,Lucknow,Uttar Pradesh
TH_3412,BR_4,Miraj Cinemas,Mumbai 2,Mumbai,Maharashtra
TH_3413,BR_3,INOX,Thane 7,Thane,Maharashtra
TH_3414,BR_3,INOX,Madurai 285,Madurai,Tamil Nadu
TH_3415,BR_3,INOX,Nagpur 165,Nagpur,Maharashtra
TH_3416,BR_4,Miraj Cinemas,Jaipur 128,Jaipur,Rajasthan
TH_3417,BR_4,Miraj Cinemas,Nagpur 254,Nagpur,Maharashtra
TH_3418,BR_6,Wave Cinemas,Muzaffarpur 222,Muzaffarpur,Bihar
TH_3419,BR_3,INOX,Lucknow 21,Lucknow,Uttar Pradesh
TH_3420,BR_1,Carnival Cinemas,Patiala 299,Patiala,Punjab
TH_3421,BR_5,PVR Cinemas,Surat 223,Surat,Gujarat
TH_3422,BR_2,Cinepolis,Chennai 120,Chennai,Tamil Nadu
TH_3423,BR_4,Miraj Cinemas,Tiruchirappalli 448,Tiruchirappalli,Tamil Nadu
TH_3424,BR_5,PVR Cinemas,Bhopal 93,Bhopal,Madhya Pradesh
TH_3425,BR_3,INOX,Lucknow 327,Lucknow,Uttar Pradesh
TH_3426,BR_6,Wave Cinemas,Bangalore 30,Bangalore,Karnataka
TH_3427,BR_6,Wave Cinemas,Kota 163,Kota,Rajasthan
TH_3428,BR_5,PVR Cinemas,Agra 276,Agra,Uttar Pradesh
TH_3429,BR_2,Cinepolis,Hubli 46,Hubli,Karnataka
TH_3430,BR_4,Miraj Cinemas,Pune 208,Pune,Maharashtra
TH_3431,BR_3,INOX,Nagpur 440,Nagpur,Maharashtra
TH_3432,BR_5,PVR Cinemas,Meerut 59,Meerut,Uttar Pradesh
TH_3433,BR_6,Wave Cinemas,Howrah 412,Howrah,West Bengal
TH_3434,BR_6,Wave Cinemas,Mumbai 344,Mumbai,Maharashtra
TH_3435,BR_3,INOX,Gaya 395,Gaya,Bihar
TH_3436,BR_4,Miraj Cinemas,Purnia 177,Purnia,Bihar
TH_3437,BR_3,INOX,Pune 150,Pune,Maharashtra
TH_3438,BR_4,Miraj Cinemas,Bhopal 183,Bhopal,Madhya Pradesh
TH_3439,BR_1,Carnival Cinemas,Tiruchirappalli 120,Tiruchirappalli,Tamil Nadu
TH_3440,BR_5,PVR Cinemas,Patna 463,Patna,Bihar
TH_3441,BR_3,INOX,Ahmedabad 274,Ahmedabad,Gujarat
TH_3442,BR_1,Carnival Cinemas,Nashik 171,Nashik,Maharashtra
TH_3443,BR_5,PVR Cinemas,Asansol 101,Asansol,West Bengal
TH_3444,BR_3,INOX,Meerut 460,Meerut,Uttar Pradesh
TH_3445,BR_1,Carnival Cinemas,Mysore 94,Mysore,Karnataka
TH_3446,BR_4,Miraj Cinemas,Purnia 101,Purnia,Bihar
TH_3447,BR_5,PVR Cinemas,Ajmer 414,Ajmer,Rajasthan
TH_3448,BR_2,Cinepolis,Gaya 485,Gaya,Bihar
TH_3449,BR_6,Wave Cinemas,Jodhpur 222,Jodhpur,Rajasthan
TH_3450,BR_5,PVR Cinemas,Amritsar 477,Amritsar,Punjab
TH_3451,BR_2,Cinepolis,Gaya 151,Gaya,Bihar
TH_3452,BR_2,Cinepolis,Surat 119,Surat,Gujarat
TH_3453,BR_5,PVR Cinemas,Rajkot 407,Rajkot,Gujarat
TH_3454,BR_1,Carnival Cinemas,Jalandhar 205,Jalandhar,Punjab
TH_3455,BR_5,PVR Cinemas,Muzaffarpur 375,Muzaffarpur,Bihar
TH_3456,BR_1,Carnival Cinemas,Siliguri 308,Siliguri,West Bengal
TH_3457,BR_3,INOX,Bangalore 483,Bangalore,Karnataka
TH_3458,BR_1,Carnival Cinemas,Mysore 381,Mysore,Karnataka
TH_3459,BR_6,Wave Cinemas,Jabalpur 336,Jabalpur,Madhya Pradesh
TH_3460,BR_6,Wave Cinemas,Bhavnagar 261,Bhavnagar,Gujarat
TH_3461,BR_4,Miraj Cinemas,Bhagalpur 444,Bhagalpur,Bihar
TH_3462,BR_6,Wave Cinemas,Kota 337,Kota,Rajasthan
TH_3463,BR_2,Cinepolis,Howrah 138,Howrah,West Bengal
TH_3464,BR_3,INOX,Chennai 320,Chennai,Tamil Nadu
TH_3465,BR_5,PVR Cinemas,Salem 15,Salem,Tamil Nadu
TH_3466,BR_2,Cinepolis,Bathinda 369,Bathinda,Punjab
TH_3467,BR_5,PVR Cinemas,Agra 383,Agra,Uttar Pradesh
TH_3468,BR_5,PVR Cinemas,Patiala 410,Patiala,Punjab
TH_3469,BR_4,Miraj Cinemas,Kota 148,Kota,Rajasthan
TH_3470,BR_2,Cinepolis,Jabalpur 252,Jabalpur,Madhya Pradesh
TH_3471,BR_4,Miraj Cinemas,Belgaum 317,Belgaum,Karnataka
TH_3472,BR_5,PVR Cinemas,Mysore 381,Mysore,Karnataka
TH_3473,BR_3,INOX,Jaipur 474,Jaipur,Rajasthan
TH_3474,BR_6,Wave Cinemas,Mumbai 100,Mumbai,Maharashtra
TH_3475,BR_3,INOX,Ajmer 91,Ajmer,Rajasthan
TH_3476,BR_4,Miraj Cinemas,Vadodara 375,Vadodara,Gujarat
TH_3477,BR_4,Miraj Cinemas,Indore 434,Indore,Madhya Pradesh
TH_3478,BR_5,PVR Cinemas,Mysore 75,Mysore,Karnataka
TH_3479,BR_5,PVR Cinemas,Madurai 33,Madurai,Tamil Nadu
TH_3480,BR_5,PVR Cinemas,Varanasi 306,Varanasi,Uttar Pradesh
TH_3481,BR_5,PVR Cinemas,Jalandhar 144,Jalandhar,Punjab
TH_3482,BR_4,Miraj Cinemas,Kota 454,Kota,Rajasthan
TH_3483,BR_6,Wave Cinemas,Gaya 78,Gaya,Bihar
TH_3484,BR_3,INOX,Bhopal 333,Bhopal,Madhya Pradesh
TH_3485,BR_6,Wave Cinemas,Rajkot 71,Rajkot,Gujarat
TH_3486,BR_2,Cinepolis,Thane 244,Thane,Maharashtra
TH_3487,BR_4,Miraj Cinemas,Meerut 116,Meerut,Uttar Pradesh
TH_3488,BR_4,Miraj Cinemas,Indore 268,Indore,Madhya Pradesh
TH_3489,BR_6,Wave Cinemas,Pune 451,Pune,Maharashtra
TH_3490,BR_1,Carnival Cinemas,Bathinda 169,Bathinda,Punjab
TH_3491,BR_5,PVR Cinemas,Varanasi 232,Varanasi,Uttar Pradesh
TH_3492,BR_1,Carnival Cinemas,Agra 403,Agra,Uttar Pradesh
TH_3493,BR_6,Wave Cinemas,Bhagalpur 89,Bhagalpur,Bihar
TH_3494,BR_4,Miraj Cinemas,Surat 396,Surat,Gujarat
TH_3495,BR_3,INOX,Mysore 381,Mysore,Karnataka
TH_3496,BR_2,Cinepolis,Bhavnagar 133,Bhavnagar,Gujarat
TH_3497,BR_3,INOX,Gwalior 464,Gwalior,Madhya Pradesh
TH_3498,BR_1,Carnival Cinemas,Salem 101,Salem,Tamil Nadu
TH_3499,BR_1,Carnival Cinemas,Amritsar 72,Amritsar,Punjab
TH_3500,BR_4,Miraj Cinemas,Bhagalpur 12,Bhagalpur,Bihar
TH_3501,BR_5,PVR Cinemas,Salem 135,Salem,Tamil Nadu
TH_3502,BR_1,Carnival Cinemas,Mangalore 436,Mangalore,Karnataka
TH_3503,BR_2,Cinepolis,Hubli 406,Hubli,Karnataka
TH_3504,BR_6,Wave Cinemas,Gaya 88,Gaya,Bihar
TH_3505,BR_2,Cinepolis,Bhagalpur 31,Bhagalpur,Bihar
TH_3506,BR_3,INOX,Ahmedabad 377,Ahmedabad,Gujarat
TH_3507,BR_2,Cinepolis,Tiruchirappalli 355,Tiruchirappalli,Tamil Nadu
TH_3508,BR_4,Miraj Cinemas,Siliguri 183,Siliguri,West Bengal
TH_3509,BR_6,Wave Cinemas,Rajkot 136,Rajkot,Gujarat
TH_3510,BR_1,Carnival Cinemas,Ludhiana 48,Ludhiana,Punjab
TH_3511,BR_2,Cinepolis,Madurai 297,Madurai,Tamil Nadu
TH_3512,BR_4,Miraj Cinemas,Amritsar 419,Amritsar,Punjab
TH_3513,BR_4,Miraj Cinemas,Udaipur 290,Udaipur,Rajasthan
TH_3514,BR_6,Wave Cinemas,Madurai 240,Madurai,Tamil Nadu
TH_3515,BR_5,PVR Cinemas,Howrah 372,Howrah,West Bengal
TH_3516,BR_5,PVR Cinemas,Jaipur 170,Jaipur,Rajasthan
TH_3517,BR_5,PVR Cinemas,Jodhpur 463,Jodhpur,Rajasthan
TH_3518,BR_4,Miraj Cinemas,Nagpur 122,Nagpur,Maharashtra
TH_3519,BR_6,Wave Cinemas,Gwalior 461,Gwalior,Madhya Pradesh
TH_3520,BR_4,Miraj Cinemas,Tiruchirappalli 138,Tiruchirappalli,Tamil Nadu
TH_3521,BR_4,Miraj Cinemas,Amritsar 176,Amritsar,Punjab
TH_3522,BR_2,Cinepolis,Mumbai 47,Mumbai,Maharashtra
TH_3523,BR_3,INOX,Belgaum 151,Belgaum,Karnataka
TH_3524,BR_1,Carnival Cinemas,Gwalior 385,Gwalior,Madhya Pradesh
TH_3525,BR_4,Miraj Cinemas,Lucknow 497,Lucknow,Uttar Pradesh
TH_3526,BR_6,Wave Cinemas,Nashik 346,Nashik,Maharashtra
TH_3527,BR_3,INOX,Ajmer 389,Ajmer,Rajasthan
TH_3528,BR_4,Miraj Cinemas,Indore 310,Indore,Madhya Pradesh
TH_3529,BR_5,PVR Cinemas,Coimbatore 488,Coimbatore,Tamil Nadu
TH_3530,BR_1,Carnival Cinemas,Jaipur 262,Jaipur,Rajasthan
TH_3531,BR_1,Carnival Cinemas,Udaipur 365,Udaipur,Rajasthan
TH_3532,BR_5,PVR Cinemas,Surat 382,Surat,Gujarat
TH_3533,BR_1,Carnival Cinemas,Jaipur 383,Jaipur,Rajasthan
TH_3534,BR_2,Cinepolis,Kanpur 251,Kanpur,Uttar Pradesh
TH_3535,BR_3,INOX,Kanpur 295,Kanpur,Uttar Pradesh
TH_3536,BR_3,INOX,Kanpur 483,Kanpur,Uttar Pradesh
TH_3537,BR_6,Wave Cinemas,Kota 269,Kota,Rajasthan
TH_3538,BR_2,Cinepolis,Purnia 87,Purnia,Bihar
TH_3539,BR_6,Wave Cinemas,Rajkot 108,Rajkot,Gujarat
TH_3540,BR_2,Cinepolis,Jodhpur 61,Jodhpur,Rajasthan
TH_3541,BR_3,INOX,Muzaffarpur 117,Muzaffarpur,Bihar
TH_3542,BR_5,PVR Cinemas,Jalandhar 26,Jalandhar,Punjab
TH_3543,BR_1,Carnival Cinemas,Bhavnagar 314,Bhavnagar,Gujarat
TH_3544,BR_2,Cinepolis,Kota 6,Kota,Rajasthan
TH_3545,BR_3,INOX,Muzaffarpur 350,Muzaffarpur,Bihar
TH_3546,BR_6,Wave Cinemas,Amritsar 343,Amritsar,Punjab
TH_3547,BR_1,Carnival Cinemas,Agra 122,Agra,Uttar Pradesh
TH_3548,BR_6,Wave Cinemas,Jalandhar 403,Jalandhar,Punjab
TH_3549,BR_4,Miraj Cinemas,Varanasi 394,Varanasi,Uttar Pradesh
TH_3550,BR_2,Cinepolis,Tiruchirappalli 204,Tiruchirappalli,Tamil Nadu
TH_3551,BR_3,INOX,Kota 409,Kota,Rajasthan
TH_3552,BR_3,INOX,Hubli 477,Hubli,Karnataka
TH_3553,BR_3,INOX,Bangalore 148,Bangalore,Karnataka
TH_3554,BR_2,Cinepolis,Kolkata 207,Kolkata,West Bengal
TH_3555,BR_5,PVR Cinemas,Gwalior 313,Gwalior,Madhya Pradesh
TH_3556,BR_4,Miraj Cinemas,Muzaffarpur 362,Muzaffarpur,Bihar
TH_3557,BR_5,PVR Cinemas,Mangalore 21,Mangalore,Karnataka
TH_3558,BR_1,Carnival Cinemas,Bhavnagar 377,Bhavnagar,Gujarat
TH_3559,BR_1,Carnival Cinemas,Ahmedabad 169,Ahmedabad,Gujarat
TH_3560,BR_3,INOX,Hubli 208,Hubli,Karnataka
TH_3561,BR_6,Wave Cinemas,Ahmedabad 492,Ahmedabad,Gujarat
TH_3562,BR_6,Wave Cinemas,Coimbatore 187,Coimbatore,Tamil Nadu
TH_3563,BR_4,Miraj Cinemas,Jodhpur 493,Jodhpur,Rajasthan
TH_3564,BR_4,Miraj Cinemas,Tiruchirappalli 58,Tiruchirappalli,Tamil Nadu
TH_3565,BR_1,Carnival Cinemas,Ahmedabad 411,Ahmedabad,Gujarat
TH_3566,BR_1,Carnival Cinemas,Bhopal 61,Bhopal,Madhya Pradesh
TH_3567,BR_4,Miraj Cinemas,Belgaum 499,Belgaum,Karnataka
TH_3568,BR_3,INOX,Rajkot 387,Rajkot,Gujarat
TH_3569,BR_5,PVR Cinemas,Bangalore 36,Bangalore,Karnataka
TH_3570,BR_6,Wave Cinemas,Ujjain 147,Ujjain,Madhya Pradesh
TH_3571,BR_2,Cinepolis,Jodhpur 144,Jodhpur,Rajasthan
TH_3572,BR_5,PVR Cinemas,Hubli 119,Hubli,Karnataka
TH_3573,BR_1,Carnival Cinemas,Ajmer 396,Ajmer,Rajasthan
TH_3574,BR_4,Miraj Cinemas,Surat 413,Surat,Gujarat
TH_3575,BR_2,Cinepolis,Kota 173,Kota,Rajasthan
TH_3576,BR_6,Wave Cinemas,Jodhpur 282,Jodhpur,Rajasthan
TH_3577,BR_5,PVR Cinemas,Madurai 38,Madurai,Tamil Nadu
TH_3578,BR_4,Miraj Cinemas,Coimbatore 27,Coimbatore,Tamil Nadu
TH_3579,BR_5,PVR Cinemas,Gaya 33,Gaya,Bihar
TH_3580,BR_3,INOX,Howrah 168,Howrah,West Bengal
TH_3581,BR_3,INOX,Pune 438,Pune,Maharashtra
TH_3582,BR_5,PVR Cinemas,Madurai 493,Madurai,Tamil Nadu
TH_3583,BR_2,Cinepolis,Purnia 254,Purnia,Bihar
TH_3584,BR_2,Cinepolis,Varanasi 379,Varanasi,Uttar Pradesh
TH_3585,BR_3,INOX,Rajkot 213,Rajkot,Gujarat
TH_3586,BR_2,Cinepolis,Amritsar 374,Amritsar,Punjab
TH_3587,BR_6,Wave Cinemas,Bathinda 300,Bathinda,Punjab
TH_3588,BR_3,INOX,Ahmedabad 36,Ahmedabad,Gujarat
TH_3589,BR_4,Miraj Cinemas,Bhavnagar 265,Bhavnagar,Gujarat
TH_3590,BR_3,INOX,Gaya 358,Gaya,Bihar
TH_3591,BR_4,Miraj Cinemas,Varanasi 171,Varanasi,Uttar Pradesh
TH_3592,BR_2,Cinepolis,Gaya 471,Gaya,Bihar
TH_3593,BR_1,Carnival Cinemas,Patna 117,Patna,Bihar
TH_3594,BR_5,PVR Cinemas,Rajkot 247,Rajkot,Gujarat
TH_3595,BR_1,Carnival Cinemas,Ahmedabad 423,Ahmedabad,Gujarat
TH_3596,BR_1,Carnival Cinemas,Coimbatore 343,Coimbatore,Tamil Nadu
TH_3597,BR_3,INOX,Kolkata 279,Kolkata,West Bengal
TH_3598,BR_6,Wave Cinemas,Jodhpur 458,Jodhpur,Rajasthan
TH_3599,BR_6,Wave Cinemas,Kanpur 451,Kanpur,Uttar Pradesh
TH_3600,BR_3,INOX,Gwalior 469,Gwalior,Madhya Pradesh
TH_3601,BR_6,Wave Cinemas,Gaya 13,Gaya,Bihar
TH_3602,BR_4,Miraj Cinemas,Agra 445,Agra,Uttar Pradesh
TH_3603,BR_3,INOX,Varanasi 363,Varanasi,Uttar Pradesh
TH_3604,BR_1,Carnival Cinemas,Pune 345,Pune,Maharashtra
TH_3605,BR_4,Miraj Cinemas,Belgaum 427,Belgaum,Karnataka
TH_3606,BR_1,Carnival Cinemas,Rajkot 171,Rajkot,Gujarat
TH_3607,BR_6,Wave Cinemas,Asansol 305,Asansol,West Bengal
TH_3608,BR_6,Wave Cinemas,Rajkot 488,Rajkot,Gujarat
TH_3609,BR_4,Miraj Cinemas,Jodhpur 246,Jodhpur,Rajasthan
TH_3610,BR_5,PVR Cinemas,Nagpur 356,Nagpur,Maharashtra
TH_3611,BR_3,INOX,Bangalore 224,Bangalore,Karnataka
TH_3612,BR_6,Wave Cinemas,Lucknow 123,Lucknow,Uttar Pradesh
TH_3613,BR_1,Carnival Cinemas,Belgaum 107,Belgaum,Karnataka
TH_3614,BR_2,Cinepolis,Nagpur 353,Nagpur,Maharashtra
TH_3615,BR_2,Cinepolis,Bangalore 74,Bangalore,Karnataka
TH_3616,BR_4,Miraj Cinemas,Howrah 225,Howrah,West Bengal
TH_3617,BR_4,Miraj Cinemas,Ujjain 358,Ujjain,Madhya Pradesh
TH_3618,BR_6,Wave Cinemas,Gaya 447,Gaya,Bihar
TH_3619,BR_4,Miraj Cinemas,Bhagalpur 214,Bhagalpur,Bihar
TH_3620,BR_1,Carnival Cinemas,Jodhpur 455,Jodhpur,Rajasthan
TH_3621,BR_4,Miraj Cinemas,Tiruchirappalli 127,Tiruchirappalli,Tamil Nadu
TH_3622,BR_4,Miraj Cinemas,Kota 375,Kota,Rajasthan
TH_3623,BR_3,INOX,Lucknow 235,Lucknow,Uttar Pradesh
TH_3624,BR_4,Miraj Cinemas,Rajkot 42,Rajkot,Gujarat
TH_3625,BR_2,Cinepolis,Chennai 73,Chennai,Tamil Nadu
TH_3626,BR_3,INOX,Purnia 185,Purnia,Bihar
TH_3627,BR_1,Carnival Cinemas,Chennai 366,Chennai,Tamil Nadu
TH_3628,BR_5,PVR Cinemas,Bhavnagar 304,Bhavnagar,Gujarat
TH_3629,BR_5,PVR Cinemas,Patna 419,Patna,Bihar
TH_3630,BR_4,Miraj Cinemas,Purnia 111,Purnia,Bihar
TH_3631,BR_4,Miraj Cinemas,Jaipur 269,Jaipur,Rajasthan
TH_3632,BR_2,Cinepolis,Bhagalpur 51,Bhagalpur,Bihar
TH_3633,BR_2,Cinepolis,Rajkot 270,Rajkot,Gujarat
TH_3634,BR_1,Carnival Cinemas,Ludhiana 346,Ludhiana,Punjab
TH_3635,BR_5,PVR Cinemas,Muzaffarpur 344,Muzaffarpur,Bihar
TH_3636,BR_2,Cinepolis,Gwalior 18,Gwalior,Madhya Pradesh
TH_3637,BR_3,INOX,Siliguri 112,Siliguri,West Bengal
TH_3638,BR_4,Miraj Cinemas,Asansol 299,Asansol,West Bengal
TH_3639,BR_6,Wave Cinemas,Ujjain 222,Ujjain,Madhya Pradesh
TH_3640,BR_4,Miraj Cinemas,Ajmer 309,Ajmer,Rajasthan
TH_3641,BR_1,Carnival Cinemas,Udaipur 478,Udaipur,Rajasthan
TH_3642,BR_6,Wave Cinemas,Jalandhar 486,Jalandhar,Punjab
TH_3643,BR_1,Carnival Cinemas,Bathinda 298,Bathinda,Punjab
TH_3644,BR_5,PVR Cinemas,Jabalpur 303,Jabalpur,Madhya Pradesh
TH_3645,BR_4,Miraj Cinemas,Ahmedabad 115,Ahmedabad,Gujarat
TH_3646,BR_4,Miraj Cinemas,Mangalore 272,Mangalore,Karnataka
TH_3647,BR_1,Carnival Cinemas,Bathinda 210,Bathinda,Punjab
TH_3648,BR_6,Wave Cinemas,Pune 227,Pune,Maharashtra
TH_3649,BR_1,Carnival Cinemas,Meerut 232,Meerut,Uttar Pradesh
TH_3650,BR_3,INOX,Nagpur 126,Nagpur,Maharashtra
TH_3651,BR_4,Miraj Cinemas,Rajkot 25,Rajkot,Gujarat
TH_3652,BR_1,Carnival Cinemas,Ujjain 91,Ujjain,Madhya Pradesh
TH_3653,BR_1,Carnival Cinemas,Patiala 406,Patiala,Punjab
TH_3654,BR_3,INOX,Ujjain 304,Ujjain,Madhya Pradesh
TH_3655,BR_1,Carnival Cinemas,Bhavnagar 304,Bhavnagar,Gujarat
TH_3656,BR_1,Carnival Cinemas,Thane 321,Thane,Maharashtra
TH_3657,BR_3,INOX,Durgapur 409,Durgapur,West Bengal
TH_3658,BR_3,INOX,Kanpur 59,Kanpur,Uttar Pradesh
TH_3659,BR_4,Miraj Cinemas,Hubli 174,Hubli,Karnataka
TH_3660,BR_6,Wave Cinemas,Rajkot 156,Rajkot,Gujarat
TH_3661,BR_1,Carnival Cinemas,Howrah 449,Howrah,West Bengal
TH_3662,BR_3,INOX,Patna 166,Patna,Bihar
TH_3663,BR_5,PVR Cinemas,Belgaum 404,Belgaum,Karnataka
TH_3664,BR_1,Carnival Cinemas,Madurai 447,Madurai,Tamil Nadu
TH_3665,BR_2,Cinepolis,Tiruchirappalli 82,Tiruchirappalli,Tamil Nadu
TH_3666,BR_5,PVR Cinemas,Nashik 165,Nashik,Maharashtra
TH_3667,BR_5,PVR Cinemas,Bangalore 463,Bangalore,Karnataka
TH_3668,BR_6,Wave Cinemas,Gwalior 264,Gwalior,Madhya Pradesh
TH_3669,BR_5,PVR Cinemas,Coimbatore 276,Coimbatore,Tamil Nadu
TH_3670,BR_5,PVR Cinemas,Thane 473,Thane,Maharashtra
TH_3671,BR_6,Wave Cinemas,Bhopal 216,Bhopal,Madhya Pradesh
TH_3672,BR_1,Carnival Cinemas,Varanasi 469,Varanasi,Uttar Pradesh
TH_3673,BR_1,Carnival Cinemas,Muzaffarpur 51,Muzaffarpur,Bihar
TH_3674,BR_4,Miraj Cinemas,Patna 499,Patna,Bihar
TH_3675,BR_6,Wave Cinemas,Jodhpur 164,Jodhpur,Rajasthan
TH_3676,BR_2,Cinepolis,Kanpur 256,Kanpur,Uttar Pradesh
TH_3677,BR_6,Wave Cinemas,Purnia 46,Purnia,Bihar
TH_3678,BR_4,Miraj Cinemas,Chennai 439,Chennai,Tamil Nadu
TH_3679,BR_6,Wave Cinemas,Ludhiana 267,Ludhiana,Punjab
TH_3680,BR_6,Wave Cinemas,Purnia 140,Purnia,Bihar
TH_3681,BR_1,Carnival Cinemas,Gwalior 198,Gwalior,Madhya Pradesh
TH_3682,BR_3,INOX,Bhavnagar 129,Bhavnagar,Gujarat
TH_3683,BR_3,INOX,Vadodara 146,Vadodara,Gujarat
TH_3684,BR_6,Wave Cinemas,Indore 425,Indore,Madhya Pradesh
TH_3685,BR_3,INOX,Ludhiana 70,Ludhiana,Punjab
TH_3686,BR_1,Carnival Cinemas,Indore 210,Indore,Madhya Pradesh
TH_3687,BR_5,PVR Cinemas,Ahmedabad 184,Ahmedabad,Gujarat
TH_3688,BR_3,INOX,Bangalore 424,Bangalore,Karnataka
TH_3689,BR_3,INOX,Amritsar 222,Amritsar,Punjab
TH_3690,BR_1,Carnival Cinemas,Pune 249,Pune,Maharashtra
TH_3691,BR_3,INOX,Udaipur 447,Udaipur,Rajasthan
TH_3692,BR_2,Cinepolis,Nagpur 274,Nagpur,Maharashtra
TH_3693,BR_6,Wave Cinemas,Kolkata 313,Kolkata,West Bengal
TH_3694,BR_3,INOX,Tiruchirappalli 111,Tiruchirappalli,Tamil Nadu
TH_3695,BR_4,Miraj Cinemas,Kota 417,Kota,Rajasthan
TH_3696,BR_4,Miraj Cinemas,Amritsar 146,Amritsar,Punjab
TH_3697,BR_6,Wave Cinemas,Bathinda 281,Bathinda,Punjab
TH_3698,BR_4,Miraj Cinemas,Kolkata 299,Kolkata,West Bengal
TH_3699,BR_4,Miraj Cinemas,Gwalior 7,Gwalior,Madhya Pradesh
TH_3700,BR_6,Wave Cinemas,Vadodara 75,Vadodara,Gujarat
TH_3701,BR_3,INOX,Agra 44,Agra,Uttar Pradesh
TH_3702,BR_2,Cinepolis,Mumbai 338,Mumbai,Maharashtra
TH_3703,BR_1,Carnival Cinemas,Surat 75,Surat,Gujarat
TH_3704,BR_5,PVR Cinemas,Siliguri 457,Siliguri,West Bengal
TH_3705,BR_4,Miraj Cinemas,Jaipur 361,Jaipur,Rajasthan
TH_3706,BR_1,Carnival Cinemas,Jalandhar 410,Jalandhar,Punjab
TH_3707,BR_2,Cinepolis,Mangalore 438,Mangalore,Karnataka
TH_3708,BR_1,Carnival Cinemas,Patiala 292,Patiala,Punjab
TH_3709,BR_6,Wave Cinemas,Mangalore 30,Mangalore,Karnataka
TH_3710,BR_1,Carnival Cinemas,Lucknow 1,Lucknow,Uttar Pradesh
TH_3711,BR_1,Carnival Cinemas,Nagpur 379,Nagpur,Maharashtra
TH_3712,BR_6,Wave Cinemas,Belgaum 321,Belgaum,Karnataka
TH_3713,BR_2,Cinepolis,Muzaffarpur 433,Muzaffarpur,Bihar
TH_3714,BR_5,PVR Cinemas,Agra 80,Agra,Uttar Pradesh
TH_3715,BR_3,INOX,Nagpur 29,Nagpur,Maharashtra
TH_3716,BR_1,Carnival Cinemas,Pune 460,Pune,Maharashtra
TH_3717,BR_2,Cinepolis,Thane 447,Thane,Maharashtra
TH_3718,BR_2,Cinepolis,Mysore 441,Mysore,Karnataka
TH_3719,BR_5,PVR Cinemas,Jodhpur 266,Jodhpur,Rajasthan
TH_3720,BR_4,Miraj Cinemas,Hubli 92,Hubli,Karnataka
TH_3721,BR_2,Cinepolis,Howrah 403,Howrah,West Bengal
TH_3722,BR_3,INOX,Ujjain 489,Ujjain,Madhya Pradesh
TH_3723,BR_4,Miraj Cinemas,Howrah 207,Howrah,West Bengal
TH_3724,BR_6,Wave Cinemas,Kota 217,Kota,Rajasthan
TH_3725,BR_4,Miraj Cinemas,Howrah 278,Howrah,West Bengal
TH_3726,BR_2,Cinepolis,Salem 9,Salem,Tamil Nadu
TH_3727,BR_1,Carnival Cinemas,Udaipur 283,Udaipur,Rajasthan
TH_3728,BR_5,PVR Cinemas,Jabalpur 244,Jabalpur,Madhya Pradesh
TH_3729,BR_2,Cinepolis,Hubli 217,Hubli,Karnataka
TH_3730,BR_2,Cinepolis,Vadodara 382,Vadodara,Gujarat
TH_3731,BR_6,Wave Cinemas,Asansol 286,Asansol,West Bengal
TH_3732,BR_6,Wave Cinemas,Indore 262,Indore,Madhya Pradesh
TH_3733,BR_6,Wave Cinemas,Thane 119,Thane,Maharashtra
TH_3734,BR_6,Wave Cinemas,Ahmedabad 381,Ahmedabad,Gujarat
TH_3735,BR_1,Carnival Cinemas,Belgaum 229,Belgaum,Karnataka
TH_3736,BR_2,Cinepolis,Patna 344,Patna,Bihar
TH_3737,BR_5,PVR Cinemas,Purnia 2,Purnia,Bihar
TH_3738,BR_2,Cinepolis,Mumbai 385,Mumbai,Maharashtra
TH_3739,BR_2,Cinepolis,Mysore 184,Mysore,Karnataka
TH_3740,BR_4,Miraj Cinemas,Lucknow 148,Lucknow,Uttar Pradesh
TH_3741,BR_1,Carnival Cinemas,Tiruchirappalli 153,Tiruchirappalli,Tamil Nadu
TH_3742,BR_4,Miraj Cinemas,Indore 241,Indore,Madhya Pradesh
TH_3743,BR_5,PVR Cinemas,Jodhpur 457,Jodhpur,Rajasthan
TH_3744,BR_3,INOX,Siliguri 165,Siliguri,West Bengal
TH_3745,BR_5,PVR Cinemas,Nagpur 212,Nagpur,Maharashtra
TH_3746,BR_5,PVR Cinemas,Hubli 301,Hubli,Karnataka
TH_3747,BR_3,INOX,Bathinda 201,Bathinda,Punjab
TH_3748,BR_3,INOX,Mangalore 237,Mangalore,Karnataka
TH_3749,BR_1,Carnival Cinemas,Jaipur 442,Jaipur,Rajasthan
TH_3750,BR_4,Miraj Cinemas,Asansol 427,Asansol,West Bengal
TH_3751,BR_6,Wave Cinemas,Mysore 151,Mysore,Karnataka
TH_3752,BR_2,Cinepolis,Asansol 26,Asansol,West Bengal
TH_3753,BR_2,Cinepolis,Siliguri 298,Siliguri,West Bengal
TH_3754,BR_3,INOX,Mysore 440,Mysore,Karnataka
TH_3755,BR_2,Cinepolis,Chennai 481,Chennai,Tamil Nadu
TH_3756,BR_5,PVR Cinemas,Bhavnagar 461,Bhavnagar,Gujarat
TH_3757,BR_3,INOX,Nagpur 94,Nagpur,Maharashtra
TH_3758,BR_5,PVR Cinemas,Kolkata 87,Kolkata,West Bengal
TH_3759,BR_2,Cinepolis,Meerut 229,Meerut,Uttar Pradesh
TH_3760,BR_4,Miraj Cinemas,Agra 452,Agra,Uttar Pradesh
TH_3761,BR_6,Wave Cinemas,Hubli 265,Hubli,Karnataka
TH_3762,BR_4,Miraj Cinemas,Gwalior 197,Gwalior,Madhya Pradesh
TH_3763,BR_2,Cinepolis,Asansol 41,Asansol,West Bengal
TH_3764,BR_5,PVR Cinemas,Salem 171,Salem,Tamil Nadu
TH_3765,BR_4,Miraj Cinemas,Thane 40,Thane,Maharashtra
TH_3766,BR_5,PVR Cinemas,Jalandhar 42,Jalandhar,Punjab
TH_3767,BR_3,INOX,Meerut 249,Meerut,Uttar Pradesh
TH_3768,BR_6,Wave Cinemas,Belgaum 480,Belgaum,Karnataka
TH_3769,BR_2,Cinepolis,Durgapur 419,Durgapur,West Bengal
TH_3770,BR_2,Cinepolis,Jaipur 94,Jaipur,Rajasthan
TH_3771,BR_6,Wave Cinemas,Bathinda 371,Bathinda,Punjab
TH_3772,BR_2,Cinepolis,Ajmer 140,Ajmer,Rajasthan
TH_3773,BR_5,PVR Cinemas,Kolkata 442,Kolkata,West Bengal
TH_3774,BR_2,Cinepolis,Howrah 289,Howrah,West Bengal
TH_3775,BR_3,INOX,Ajmer 106,Ajmer,Rajasthan
TH_3776,BR_4,Miraj Cinemas,Kota 144,Kota,Rajasthan
TH_3777,BR_3,INOX,Durgapur 91,Durgapur,West Bengal
TH_3778,BR_3,INOX,Surat 101,Surat,Gujarat
TH_3779,BR_3,INOX,Tiruchirappalli 487,Tiruchirappalli,Tamil Nadu
TH_3780,BR_2,Cinepolis,Amritsar 274,Amritsar,Punjab
TH_3781,BR_4,Miraj Cinemas,Amritsar 351,Amritsar,Punjab
TH_3782,BR_2,Cinepolis,Hubli 67,Hubli,Karnataka
TH_3783,BR_5,PVR Cinemas,Gaya 362,Gaya,Bihar
TH_3784,BR_3,INOX,Howrah 91,Howrah,West Bengal
TH_3785,BR_5,PVR Cinemas,Muzaffarpur 116,Muzaffarpur,Bihar
TH_3786,BR_3,INOX,Asansol 22,Asansol,West Bengal
TH_3787,BR_6,Wave Cinemas,Agra 338,Agra,Uttar Pradesh
TH_3788,BR_2,Cinepolis,Coimbatore 476,Coimbatore,Tamil Nadu
TH_3789,BR_5,PVR Cinemas,Bathinda 257,Bathinda,Punjab
TH_3790,BR_6,Wave Cinemas,Mumbai 4,Mumbai,Maharashtra
TH_3791,BR_1,Carnival Cinemas,Indore 216,Indore,Madhya Pradesh
TH_3792,BR_5,PVR Cinemas,Jalandhar 305,Jalandhar,Punjab
TH_3793,BR_3,INOX,Patna 66,Patna,Bihar
TH_3794,BR_3,INOX,Thane 388,Thane,Maharashtra
TH_3795,BR_3,INOX,Jodhpur 370,Jodhpur,Rajasthan
TH_3796,BR_2,Cinepolis,Ajmer 308,Ajmer,Rajasthan
TH_3797,BR_4,Miraj Cinemas,Surat 429,Surat,Gujarat
TH_3798,BR_5,PVR Cinemas,Durgapur 219,Durgapur,West Bengal
TH_3799,BR_5,PVR Cinemas,Vadodara 82,Vadodara,Gujarat
TH_3800,BR_4,Miraj Cinemas,Asansol 14,Asansol,West Bengal
TH_3801,BR_2,Cinepolis,Udaipur 143,Udaipur,Rajasthan
TH_3802,BR_6,Wave Cinemas,Asansol 121,Asansol,West Bengal
TH_3803,BR_3,INOX,Thane 34,Thane,Maharashtra
TH_3804,BR_2,Cinepolis,Mangalore 484,Mangalore,Karnataka
TH_3805,BR_3,INOX,Vadodara 344,Vadodara,Gujarat
TH_3806,BR_2,Cinepolis,Coimbatore 265,Coimbatore,Tamil Nadu
TH_3807,BR_2,Cinepolis,Patna 92,Patna,Bihar
TH_3808,BR_3,INOX,Indore 238,Indore,Madhya Pradesh
TH_3809,BR_2,Cinepolis,Tiruchirappalli 476,Tiruchirappalli,Tamil Nadu
TH_3810,BR_1,Carnival Cinemas,Ludhiana 37,Ludhiana,Punjab
TH_3811,BR_3,INOX,Ludhiana 264,Ludhiana,Punjab
TH_3812,BR_5,PVR Cinemas,Muzaffarpur 83,Muzaffarpur,Bihar
TH_3813,BR_4,Miraj Cinemas,Purnia 328,Purnia,Bihar
TH_3814,BR_6,Wave Cinemas,Durgapur 321,Durgapur,West Bengal
TH_3815,BR_2,Cinepolis,Patna 442,Patna,Bihar
TH_3816,BR_5,PVR Cinemas,Pune 231,Pune,Maharashtra
TH_3817,BR_5,PVR Cinemas,Nagpur 313,Nagpur,Maharashtra
TH_3818,BR_3,INOX,Ahmedabad 148,Ahmedabad,Gujarat
TH_3819,BR_5,PVR Cinemas,Patna 478,Patna,Bihar
TH_3820,BR_4,Miraj Cinemas,Mumbai 180,Mumbai,Maharashtra
TH_3821,BR_5,PVR Cinemas,Durgapur 353,Durgapur,West Bengal
TH_3822,BR_3,INOX,Howrah 300,Howrah,West Bengal
TH_3823,BR_6,Wave Cinemas,Durgapur 236,Durgapur,West Bengal
TH_3824,BR_1,Carnival Cinemas,Siliguri 13,Siliguri,West Bengal
TH_3825,BR_5,PVR Cinemas,Bhavnagar 195,Bhavnagar,Gujarat
TH_3826,BR_2,Cinepolis,Asansol 50,Asansol,West Bengal
TH_3827,BR_6,Wave Cinemas,Varanasi 239,Varanasi,Uttar Pradesh
TH_3828,BR_1,Carnival Cinemas,Mysore 338,Mysore,Karnataka
TH_3829,BR_1,Carnival Cinemas,Amritsar 135,Amritsar,Punjab
TH_3830,BR_6,Wave Cinemas,Ahmedabad 351,Ahmedabad,Gujarat
TH_3831,BR_2,Cinepolis,Kolkata 88,Kolkata,West Bengal
TH_3832,BR_4,Miraj Cinemas,Siliguri 326,Siliguri,West Bengal
TH_3833,BR_2,Cinepolis,Jaipur 137,Jaipur,Rajasthan
TH_3834,BR_4,Miraj Cinemas,Thane 305,Thane,Maharashtra
TH_3835,BR_4,Miraj Cinemas,Surat 266,Surat,Gujarat
TH_3836,BR_3,INOX,Lucknow 420,Lucknow,Uttar Pradesh
TH_3837,BR_1,Carnival Cinemas,Salem 144,Salem,Tamil Nadu
TH_3838,BR_4,Miraj Cinemas,Mumbai 196,Mumbai,Maharashtra
TH_3839,BR_4,Miraj Cinemas,Bathinda 15,Bathinda,Punjab
TH_3840,BR_3,INOX,Lucknow 482,Lucknow,Uttar Pradesh
TH_3841,BR_3,INOX,Howrah 341,Howrah,West Bengal
TH_3842,BR_3,INOX,Thane 125,Thane,Maharashtra
TH_3843,BR_6,Wave Cinemas,Amritsar 407,Amritsar,Punjab
TH_3844,BR_5,PVR Cinemas,Thane 251,Thane,Maharashtra
TH_3845,BR_2,Cinepolis,Gwalior 159,Gwalior,Madhya Pradesh
TH_3846,BR_6,Wave Cinemas,Thane 455,Thane,Maharashtra
TH_3847,BR_1,Carnival Cinemas,Bathinda 240,Bathinda,Punjab
TH_3848,BR_4,Miraj Cinemas,Mumbai 334,Mumbai,Maharashtra
TH_3849,BR_6,Wave Cinemas,Varanasi 500,Varanasi,Uttar Pradesh
TH_3850,BR_1,Carnival Cinemas,Belgaum 371,Belgaum,Karnataka
TH_3851,BR_6,Wave Cinemas,Jodhpur 296,Jodhpur,Rajasthan
TH_3852,BR_4,Miraj Cinemas,Jalandhar 329,Jalandhar,Punjab
TH_3853,BR_2,Cinepolis,Madurai 166,Madurai,Tamil Nadu
TH_3854,BR_6,Wave Cinemas,Coimbatore 173,Coimbatore,Tamil Nadu
TH_3855,BR_1,Carnival Cinemas,Coimbatore 331,Coimbatore,Tamil Nadu
TH_3856,BR_5,PVR Cinemas,Kota 218,Kota,Rajasthan
TH_3857,BR_1,Carnival Cinemas,Hubli 307,Hubli,Karnataka
TH_3858,BR_3,INOX,Jabalpur 99,Jabalpur,Madhya Pradesh
TH_3859,BR_5,PVR Cinemas,Udaipur 157,Udaipur,Rajasthan
TH_3860,BR_3,INOX,Meerut 424,Meerut,Uttar Pradesh
TH_3861,BR_5,PVR Cinemas,Varanasi 125,Varanasi,Uttar Pradesh
TH_3862,BR_1,Carnival Cinemas,Jodhpur 453,Jodhpur,Rajasthan
TH_3863,BR_2,Cinepolis,Varanasi 87,Varanasi,Uttar Pradesh
TH_3864,BR_1,Carnival Cinemas,Rajkot 456,Rajkot,Gujarat
TH_3865,BR_1,Carnival Cinemas,Coimbatore 92,Coimbatore,Tamil Nadu
TH_3866,BR_6,Wave Cinemas,Durgapur 144,Durgapur,West Bengal
TH_3867,BR_4,Miraj Cinemas,Muzaffarpur 421,Muzaffarpur,Bihar
TH_3868,BR_6,Wave Cinemas,Siliguri 461,Siliguri,West Bengal
TH_3869,BR_4,Miraj Cinemas,Udaipur 242,Udaipur,Rajasthan
TH_3870,BR_5,PVR Cinemas,Surat 283,Surat,Gujarat
TH_3871,BR_2,Cinepolis,Mangalore 456,Mangalore,Karnataka
TH_3872,BR_5,PVR Cinemas,Bhagalpur 239,Bhagalpur,Bihar
TH_3873,BR_2,Cinepolis,Udaipur 286,Udaipur,Rajasthan
TH_3874,BR_1,Carnival Cinemas,Surat 251,Surat,Gujarat
TH_3875,BR_2,Cinepolis,Amritsar 463,Amritsar,Punjab
TH_3876,BR_3,INOX,Jalandhar 49,Jalandhar,Punjab
TH_3877,BR_4,Miraj Cinemas,Jaipur 61,Jaipur,Rajasthan
TH_3878,BR_3,INOX,Madurai 404,Madurai,Tamil Nadu
TH_3879,BR_6,Wave Cinemas,Kota 382,Kota,Rajasthan
TH_3880,BR_2,Cinepolis,Jalandhar 428,Jalandhar,Punjab
TH_3881,BR_2,Cinepolis,Gaya 441,Gaya,Bihar
TH_3882,BR_4,Miraj Cinemas,Patiala 230,Patiala,Punjab
TH_3883,BR_1,Carnival Cinemas,Meerut 381,Meerut,Uttar Pradesh
TH_3884,BR_2,Cinepolis,Bhagalpur 417,Bhagalpur,Bihar
TH_3885,BR_5,PVR Cinemas,Patiala 363,Patiala,Punjab
TH_3886,BR_4,Miraj Cinemas,Pune 252,Pune,Maharashtra
TH_3887,BR_3,INOX,Surat 448,Surat,Gujarat
TH_3888,BR_1,Carnival Cinemas,Bhopal 309,Bhopal,Madhya Pradesh
TH_3889,BR_1,Carnival Cinemas,Indore 419,Indore,Madhya Pradesh
TH_3890,BR_4,Miraj Cinemas,Jodhpur 473,Jodhpur,Rajasthan
TH_3891,BR_4,Miraj Cinemas,Gwalior 281,Gwalior,Madhya Pradesh
TH_3892,BR_4,Miraj Cinemas,Bathinda 399,Bathinda,Punjab
TH_3893,BR_1,Carnival Cinemas,Surat 365,Surat,Gujarat
TH_3894,BR_2,Cinepolis,Kota 119,Kota,Rajasthan
TH_3895,BR_1,Carnival Cinemas,Jalandhar 430,Jalandhar,Punjab
TH_3896,BR_2,Cinepolis,Tiruchirappalli 104,Tiruchirappalli,Tamil Nadu
TH_3897,BR_3,INOX,Ujjain 395,Ujjain,Madhya Pradesh
TH_3898,BR_1,Carnival Cinemas,Indore 279,Indore,Madhya Pradesh
TH_3899,BR_1,Carnival Cinemas,Asansol 426,Asansol,West Bengal
TH_3900,BR_3,INOX,Ajmer 316,Ajmer,Rajasthan
TH_3901,BR_6,Wave Cinemas,Pune 221,Pune,Maharashtra
TH_3902,BR_2,Cinepolis,Coimbatore 221,Coimbatore,Tamil Nadu
TH_3903,BR_1,Carnival Cinemas,Bhavnagar 12,Bhavnagar,Gujarat
TH_3904,BR_6,Wave Cinemas,Bangalore 304,Bangalore,Karnataka
TH_3905,BR_6,Wave Cinemas,Mangalore 367,Mangalore,Karnataka
TH_3906,BR_6,Wave Cinemas,Lucknow 317,Lucknow,Uttar Pradesh
TH_3907,BR_1,Carnival Cinemas,Jalandhar 336,Jalandhar,Punjab
TH_3908,BR_1,Carnival Cinemas,Nagpur 49,Nagpur,Maharashtra
TH_3909,BR_2,Cinepolis,Purnia 284,Purnia,Bihar
TH_3910,BR_5,PVR Cinemas,Vadodara 230,Vadodara,Gujarat
TH_3911,BR_1,Carnival Cinemas,Amritsar 174,Amritsar,Punjab
TH_3912,BR_4,Miraj Cinemas,Kota 254,Kota,Rajasthan
TH_3913,BR_3,INOX,Mysore 276,Mysore,Karnataka
TH_3914,BR_3,INOX,Tiruchirappalli 247,Tiruchirappalli,Tamil Nadu
TH_3915,BR_3,INOX,Rajkot 342,Rajkot,Gujarat
TH_3916,BR_4,Miraj Cinemas,Meerut 295,Meerut,Uttar Pradesh
TH_3917,BR_4,Miraj Cinemas,Ajmer 408,Ajmer,Rajasthan
TH_3918,BR_6,Wave Cinemas,Jalandhar 249,Jalandhar,Punjab
TH_3919,BR_3,INOX,Gwalior 192,Gwalior,Madhya Pradesh
TH_3920,BR_1,Carnival Cinemas,Mangalore 162,Mangalore,Karnataka
TH_3921,BR_5,PVR Cinemas,Agra 403,Agra,Uttar Pradesh
TH_3922,BR_2,Cinepolis,Salem 252,Salem,Tamil Nadu
TH_3923,BR_4,Miraj Cinemas,Bangalore 48,Bangalore,Karnataka
TH_3924,BR_5,PVR Cinemas,Ahmedabad 453,Ahmedabad,Gujarat
TH_3925,BR_3,INOX,Jaipur 405,Jaipur,Rajasthan
TH_3926,BR_6,Wave Cinemas,Asansol 185,Asansol,West Bengal
TH_3927,BR_6,Wave Cinemas,Howrah 84,Howrah,West Bengal
TH_3928,BR_5,PVR Cinemas,Patna 439,Patna,Bihar
TH_3929,BR_2,Cinepolis,Bangalore 444,Bangalore,Karnataka
TH_3930,BR_4,Miraj Cinemas,Vadodara 385,Vadodara,Gujarat
TH_3931,BR_3,INOX,Kota 84,Kota,Rajasthan
TH_3932,BR_5,PVR Cinemas,Bhopal 62,Bhopal,Madhya Pradesh
TH_3933,BR_6,Wave Cinemas,Thane 442,Thane,Maharashtra
TH_3934,BR_6,Wave Cinemas,Varanasi 235,Varanasi,Uttar Pradesh
TH_3935,BR_3,INOX,Siliguri 150,Siliguri,West Bengal
TH_3936,BR_4,Miraj Cinemas,Salem 8,Salem,Tamil Nadu
TH_3937,BR_3,INOX,Ajmer 208,Ajmer,Rajasthan
TH_3938,BR_4,Miraj Cinemas,Ajmer 265,Ajmer,Rajasthan
TH_3939,BR_1,Carnival Cinemas,Mumbai 141,Mumbai,Maharashtra
TH_3940,BR_5,PVR Cinemas,Howrah 353,Howrah,West Bengal
TH_3941,BR_3,INOX,Patiala 53,Patiala,Punjab
TH_3942,BR_1,Carnival Cinemas,Jalandhar 49,Jalandhar,Punjab
TH_3943,BR_5,PVR Cinemas,Bathinda 119,Bathinda,Punjab
TH_3944,BR_3,INOX,Thane 402,Thane,Maharashtra
TH_3945,BR_1,Carnival Cinemas,Nashik 75,Nashik,Maharashtra
TH_3946,BR_4,Miraj Cinemas,Ujjain 435,Ujjain,Madhya Pradesh
TH_3947,BR_5,PVR Cinemas,Surat 93,Surat,Gujarat
TH_3948,BR_2,Cinepolis,Ludhiana 121,Ludhiana,Punjab
TH_3949,BR_6,Wave Cinemas,Bhagalpur 214,Bhagalpur,Bihar
TH_3950,BR_5,PVR Cinemas,Bhopal 332,Bhopal,Madhya Pradesh
TH_3951,BR_2,Cinepolis,Coimbatore 110,Coimbatore,Tamil Nadu
TH_3952,BR_2,Cinepolis,Bhagalpur 464,Bhagalpur,Bihar
TH_3953,BR_5,PVR Cinemas,Agra 16,Agra,Uttar Pradesh
TH_3954,BR_1,Carnival Cinemas,Thane 169,Thane,Maharashtra
TH_3955,BR_5,PVR Cinemas,Bhopal 169,Bhopal,Madhya Pradesh
TH_3956,BR_1,Carnival Cinemas,Lucknow 76,Lucknow,Uttar Pradesh
TH_3957,BR_3,INOX,Coimbatore 303,Coimbatore,Tamil Nadu
TH_3958,BR_1,Carnival Cinemas,Chennai 80,Chennai,Tamil Nadu
TH_3959,BR_6,Wave Cinemas,Hubli 500,Hubli,Karnataka
TH_3960,BR_6,Wave Cinemas,Ujjain 292,Ujjain,Madhya Pradesh
TH_3961,BR_4,Miraj Cinemas,Jodhpur 307,Jodhpur,Rajasthan
TH_3962,BR_6,Wave Cinemas,Siliguri 182,Siliguri,West Bengal
TH_3963,BR_2,Cinepolis,Howrah 242,Howrah,West Bengal
TH_3964,BR_3,INOX,Howrah 223,Howrah,West Bengal
TH_3965,BR_5,PVR Cinemas,Salem 334,Salem,Tamil Nadu
TH_3966,BR_2,Cinepolis,Kota 275,Kota,Rajasthan
TH_3967,BR_5,PVR Cinemas,Ahmedabad 372,Ahmedabad,Gujarat
TH_3968,BR_5,PVR Cinemas,Indore 351,Indore,Madhya Pradesh
TH_3969,BR_4,Miraj Cinemas,Tiruchirappalli 126,Tiruchirappalli,Tamil Nadu
TH_3970,BR_2,Cinepolis,Varanasi 472,Varanasi,Uttar Pradesh
TH_3971,BR_4,Miraj Cinemas,Howrah 397,Howrah,West Bengal
TH_3972,BR_5,PVR Cinemas,Pune 452,Pune,Maharashtra
TH_3973,BR_3,INOX,Mangalore 460,Mangalore,Karnataka
TH_3974,BR_6,Wave Cinemas,Jaipur 395,Jaipur,Rajasthan
TH_3975,BR_3,INOX,Bangalore 56,Bangalore,Karnataka
TH_3976,BR_4,Miraj Cinemas,Lucknow 396,Lucknow,Uttar Pradesh
TH_3977,BR_4,Miraj Cinemas,Bhavnagar 240,Bhavnagar,Gujarat
TH_3978,BR_5,PVR Cinemas,Howrah 286,Howrah,West Bengal
TH_3979,BR_5,PVR Cinemas,Purnia 482,Purnia,Bihar
TH_3980,BR_5,PVR Cinemas,Salem 457,Salem,Tamil Nadu
TH_3981,BR_5,PVR Cinemas,Ahmedabad 190,Ahmedabad,Gujarat
TH_3982,BR_4,Miraj Cinemas,Varanasi 248,Varanasi,Uttar Pradesh
TH_3983,BR_6,Wave Cinemas,Surat 58,Surat,Gujarat
TH_3984,BR_3,INOX,Siliguri 102,Siliguri,West Bengal
TH_3985,BR_6,Wave Cinemas,Indore 229,Indore,Madhya Pradesh
TH_3986,BR_2,Cinepolis,Agra 43,Agra,Uttar Pradesh
TH_3987,BR_4,Miraj Cinemas,Pune 162,Pune,Maharashtra
TH_3988,BR_4,Miraj Cinemas,Surat 168,Surat,Gujarat
TH_3989,BR_6,Wave Cinemas,Ahmedabad 489,Ahmedabad,Gujarat
TH_3990,BR_1,Carnival Cinemas,Kanpur 491,Kanpur,Uttar Pradesh
TH_3991,BR_5,PVR Cinemas,Mysore 100,Mysore,Karnataka
TH_3992,BR_1,Carnival Cinemas,Tiruchirappalli 165,Tiruchirappalli,Tamil Nadu
TH_3993,BR_6,Wave Cinemas,Ludhiana 263,Ludhiana,Punjab
TH_3994,BR_4,Miraj Cinemas,Kanpur 139,Kanpur,Uttar Pradesh
TH_3995,BR_3,INOX,Rajkot 471,Rajkot,Gujarat
TH_3996,BR_2,Cinepolis,Belgaum 326,Belgaum,Karnataka
TH_3997,BR_3,INOX,Jalandhar 173,Jalandhar,Punjab
TH_3998,BR_1,Carnival Cinemas,Kolkata 278,Kolkata,West Bengal
TH_3999,BR_1,Carnival Cinemas,Jodhpur 286,Jodhpur,Rajasthan
TH_4000,BR_4,Miraj Cinemas,Asansol 335,Asansol,West Bengal
TH_4001,BR_5,PVR Cinemas,Bathinda 50,Bathinda,Punjab
TH_4002,BR_1,Carnival Cinemas,Bangalore 142,Bangalore,Karnataka
TH_4003,BR_2,Cinepolis,Purnia 313,Purnia,Bihar
TH_4004,BR_6,Wave Cinemas,Siliguri 48,Siliguri,West Bengal
TH_4005,BR_2,Cinepolis,Gaya 128,Gaya,Bihar
TH_4006,BR_3,INOX,Kota 414,Kota,Rajasthan
TH_4007,BR_2,Cinepolis,Bhavnagar 480,Bhavnagar,Gujarat
TH_4008,BR_4,Miraj Cinemas,Kolkata 131,Kolkata,West Bengal
TH_4009,BR_6,Wave Cinemas,Hubli 337,Hubli,Karnataka
TH_4010,BR_1,Carnival Cinemas,Chennai 87,Chennai,Tamil Nadu
TH_4011,BR_2,Cinepolis,Jalandhar 399,Jalandhar,Punjab
TH_4012,BR_4,Miraj Cinemas,Rajkot 481,Rajkot,Gujarat
TH_4013,BR_4,Miraj Cinemas,Jodhpur 278,Jodhpur,Rajasthan
TH_4014,BR_6,Wave Cinemas,Coimbatore 168,Coimbatore,Tamil Nadu
TH_4015,BR_5,PVR Cinemas,Kolkata 330,Kolkata,West Bengal
TH_4016,BR_5,PVR Cinemas,Tiruchirappalli 14,Tiruchirappalli,Tamil Nadu
TH_4017,BR_5,PVR Cinemas,Bathinda 118,Bathinda,Punjab
TH_4018,BR_4,Miraj Cinemas,Patna 55,Patna,Bihar
TH_4019,BR_6,Wave Cinemas,Kolkata 65,Kolkata,West Bengal
TH_4020,BR_4,Miraj Cinemas,Patna 231,Patna,Bihar
TH_4021,BR_4,Miraj Cinemas,Jabalpur 141,Jabalpur,Madhya Pradesh
TH_4022,BR_2,Cinepolis,Kolkata 137,Kolkata,West Bengal
TH_4023,BR_3,INOX,Ahmedabad 401,Ahmedabad,Gujarat
TH_4024,BR_1,Carnival Cinemas,Agra 450,Agra,Uttar Pradesh
TH_4025,BR_4,Miraj Cinemas,Tiruchirappalli 96,Tiruchirappalli,Tamil Nadu
TH_4026,BR_6,Wave Cinemas,Jaipur 421,Jaipur,Rajasthan
TH_4027,BR_3,INOX,Nagpur 252,Nagpur,Maharashtra
TH_4028,BR_4,Miraj Cinemas,Madurai 258,Madurai,Tamil Nadu
TH_4029,BR_5,PVR Cinemas,Ajmer 60,Ajmer,Rajasthan
TH_4030,BR_1,Carnival Cinemas,Bhavnagar 450,Bhavnagar,Gujarat
TH_4031,BR_1,Carnival Cinemas,Nashik 155,Nashik,Maharashtra
TH_4032,BR_5,PVR Cinemas,Udaipur 108,Udaipur,Rajasthan
TH_4033,BR_1,Carnival Cinemas,Meerut 386,Meerut,Uttar Pradesh
TH_4034,BR_2,Cinepolis,Bhagalpur 267,Bhagalpur,Bihar
TH_4035,BR_3,INOX,Ujjain 126,Ujjain,Madhya Pradesh
TH_4036,BR_3,INOX,Coimbatore 247,Coimbatore,Tamil Nadu
TH_4037,BR_6,Wave Cinemas,Chennai 419,Chennai,Tamil Nadu
TH_4038,BR_2,Cinepolis,Mumbai 240,Mumbai,Maharashtra
TH_4039,BR_6,Wave Cinemas,Howrah 299,Howrah,West Bengal
TH_4040,BR_2,Cinepolis,Rajkot 163,Rajkot,Gujarat
TH_4041,BR_3,INOX,Mumbai 457,Mumbai,Maharashtra
TH_4042,BR_5,PVR Cinemas,Asansol 362,Asansol,West Bengal
TH_4043,BR_1,Carnival Cinemas,Purnia 85,Purnia,Bihar
TH_4044,BR_2,Cinepolis,Purnia 20,Purnia,Bihar
TH_4045,BR_3,INOX,Ujjain 114,Ujjain,Madhya Pradesh
TH_4046,BR_6,Wave Cinemas,Asansol 442,Asansol,West Bengal
TH_4047,BR_1,Carnival Cinemas,Ahmedabad 149,Ahmedabad,Gujarat
TH_4048,BR_6,Wave Cinemas,Jalandhar 156,Jalandhar,Punjab
TH_4049,BR_4,Miraj Cinemas,Bhagalpur 297,Bhagalpur,Bihar
TH_4050,BR_2,Cinepolis,Jaipur 11,Jaipur,Rajasthan
TH_4051,BR_3,INOX,Ajmer 495,Ajmer,Rajasthan
TH_4052,BR_3,INOX,Patna 32,Patna,Bihar
TH_4053,BR_3,INOX,Pune 474,Pune,Maharashtra
TH_4054,BR_2,Cinepolis,Jaipur 391,Jaipur,Rajasthan
TH_4055,BR_5,PVR Cinemas,Bathinda 189,Bathinda,Punjab
TH_4056,BR_4,Miraj Cinemas,Howrah 495,Howrah,West Bengal
TH_4057,BR_5,PVR Cinemas,Rajkot 48,Rajkot,Gujarat
TH_4058,BR_1,Carnival Cinemas,Ajmer 150,Ajmer,Rajasthan
TH_4059,BR_1,Carnival Cinemas,Mumbai 131,Mumbai,Maharashtra
TH_4060,BR_3,INOX,Mangalore 137,Mangalore,Karnataka
TH_4061,BR_6,Wave Cinemas,Madurai 255,Madurai,Tamil Nadu
TH_4062,BR_6,Wave Cinemas,Asansol 104,Asansol,West Bengal
TH_4063,BR_4,Miraj Cinemas,Gwalior 347,Gwalior,Madhya Pradesh
TH_4064,BR_4,Miraj Cinemas,Durgapur 396,Durgapur,West Bengal
TH_4065,BR_1,Carnival Cinemas,Patiala 52,Patiala,Punjab
TH_4066,BR_1,Carnival Cinemas,Varanasi 284,Varanasi,Uttar Pradesh
TH_4067,BR_4,Miraj Cinemas,Coimbatore 68,Coimbatore,Tamil Nadu
TH_4068,BR_3,INOX,Udaipur 32,Udaipur,Rajasthan
TH_4069,BR_5,PVR Cinemas,Purnia 367,Purnia,Bihar
TH_4070,BR_6,Wave Cinemas,Indore 343,Indore,Madhya Pradesh
TH_4071,BR_2,Cinepolis,Mysore 120,Mysore,Karnataka
TH_4072,BR_5,PVR Cinemas,Mangalore 473,Mangalore,Karnataka
TH_4073,BR_1,Carnival Cinemas,Chennai 60,Chennai,Tamil Nadu
TH_4074,BR_4,Miraj Cinemas,Jabalpur 267,Jabalpur,Madhya Pradesh
TH_4075,BR_2,Cinepolis,Purnia 408,Purnia,Bihar
TH_4076,BR_6,Wave Cinemas,Gwalior 113,Gwalior,Madhya Pradesh
TH_4077,BR_5,PVR Cinemas,Nashik 102,Nashik,Maharashtra
TH_4078,BR_4,Miraj Cinemas,Mysore 228,Mysore,Karnataka
TH_4079,BR_5,PVR Cinemas,Durgapur 185,Durgapur,West Bengal
TH_4080,BR_3,INOX,Madurai 58,Madurai,Tamil Nadu
TH_4081,BR_3,INOX,Varanasi 140,Varanasi,Uttar Pradesh
TH_4082,BR_5,PVR Cinemas,Bhagalpur 218,Bhagalpur,Bihar
TH_4083,BR_2,Cinepolis,Ujjain 385,Ujjain,Madhya Pradesh
TH_4084,BR_2,Cinepolis,Jodhpur 369,Jodhpur,Rajasthan
TH_4085,BR_3,INOX,Mangalore 191,Mangalore,Karnataka
TH_4086,BR_2,Cinepolis,Kota 263,Kota,Rajasthan
TH_4087,BR_6,Wave Cinemas,Coimbatore 345,Coimbatore,Tamil Nadu
TH_4088,BR_3,INOX,Siliguri 350,Siliguri,West Bengal
TH_4089,BR_4,Miraj Cinemas,Ujjain 491,Ujjain,Madhya Pradesh
TH_4090,BR_3,INOX,Patna 338,Patna,Bihar
TH_4091,BR_4,Miraj Cinemas,Indore 154,Indore,Madhya Pradesh
TH_4092,BR_2,Cinepolis,Patna 16,Patna,Bihar
TH_4093,BR_1,Carnival Cinemas,Udaipur 259,Udaipur,Rajasthan
TH_4094,BR_5,PVR Cinemas,Udaipur 97,Udaipur,Rajasthan
TH_4095,BR_1,Carnival Cinemas,Ahmedabad 358,Ahmedabad,Gujarat
TH_4096,BR_1,Carnival Cinemas,Pune 279,Pune,Maharashtra
TH_4097,BR_3,INOX,Mangalore 104,Mangalore,Karnataka
TH_4098,BR_6,Wave Cinemas,Coimbatore 365,Coimbatore,Tamil Nadu
TH_4099,BR_6,Wave Cinemas,Ajmer 360,Ajmer,Rajasthan
TH_4100,BR_3,INOX,Bhavnagar 63,Bhavnagar,Gujarat
TH_4101,BR_6,Wave Cinemas,Jabalpur 129,Jabalpur,Madhya Pradesh
TH_4102,BR_4,Miraj Cinemas,Kolkata 412,Kolkata,West Bengal
TH_4103,BR_3,INOX,Durgapur 479,Durgapur,West Bengal
TH_4104,BR_1,Carnival Cinemas,Lucknow 335,Lucknow,Uttar Pradesh
TH_4105,BR_4,Miraj Cinemas,Indore 221,Indore,Madhya Pradesh
TH_4106,BR_1,Carnival Cinemas,Purnia 48,Purnia,Bihar
TH_4107,BR_6,Wave Cinemas,Bhopal 88,Bhopal,Madhya Pradesh
TH_4108,BR_6,Wave Cinemas,Howrah 336,Howrah,West Bengal
TH_4109,BR_4,Miraj Cinemas,Asansol 110,Asansol,West Bengal
TH_4110,BR_5,PVR Cinemas,Ahmedabad 288,Ahmedabad,Gujarat
TH_4111,BR_3,INOX,Meerut 110,Meerut,Uttar Pradesh
TH_4112,BR_6,Wave Cinemas,Mangalore 438,Mangalore,Karnataka
TH_4113,BR_1,Carnival Cinemas,Chennai 19,Chennai,Tamil Nadu
TH_4114,BR_2,Cinepolis,Kanpur 302,Kanpur,Uttar Pradesh
TH_4115,BR_2,Cinepolis,Salem 500,Salem,Tamil Nadu
TH_4116,BR_4,Miraj Cinemas,Bangalore 290,Bangalore,Karnataka
TH_4117,BR_4,Miraj Cinemas,Surat 278,Surat,Gujarat
TH_4118,BR_6,Wave Cinemas,Surat 437,Surat,Gujarat
TH_4119,BR_4,Miraj Cinemas,Mumbai 424,Mumbai,Maharashtra
TH_4120,BR_1,Carnival Cinemas,Agra 81,Agra,Uttar Pradesh
TH_4121,BR_4,Miraj Cinemas,Jaipur 316,Jaipur,Rajasthan
TH_4122,BR_4,Miraj Cinemas,Hubli 332,Hubli,Karnataka
TH_4123,BR_3,INOX,Belgaum 248,Belgaum,Karnataka
TH_4124,BR_4,Miraj Cinemas,Asansol 394,Asansol,West Bengal
TH_4125,BR_2,Cinepolis,Belgaum 498,Belgaum,Karnataka
TH_4126,BR_3,INOX,Ahmedabad 195,Ahmedabad,Gujarat
TH_4127,BR_1,Carnival Cinemas,Bhopal 128,Bhopal,Madhya Pradesh
TH_4128,BR_5,PVR Cinemas,Hubli 364,Hubli,Karnataka
TH_4129,BR_5,PVR Cinemas,Siliguri 480,Siliguri,West Bengal
TH_4130,BR_4,Miraj Cinemas,Mangalore 299,Mangalore,Karnataka
TH_4131,BR_4,Miraj Cinemas,Mysore 379,Mysore,Karnataka
TH_4132,BR_2,Cinepolis,Muzaffarpur 304,Muzaffarpur,Bihar
TH_4133,BR_2,Cinepolis,Jabalpur 352,Jabalpur,Madhya Pradesh
TH_4134,BR_1,Carnival Cinemas,Kota 353,Kota,Rajasthan
TH_4135,BR_5,PVR Cinemas,Ludhiana 160,Ludhiana,Punjab
TH_4136,BR_2,Cinepolis,Varanasi 120,Varanasi,Uttar Pradesh
TH_4137,BR_3,INOX,Mumbai 155,Mumbai,Maharashtra
TH_4138,BR_4,Miraj Cinemas,Siliguri 127,Siliguri,West Bengal
TH_4139,BR_6,Wave Cinemas,Rajkot 148,Rajkot,Gujarat
TH_4140,BR_4,Miraj Cinemas,Ujjain 382,Ujjain,Madhya Pradesh
TH_4141,BR_1,Carnival Cinemas,Amritsar 250,Amritsar,Punjab
TH_4142,BR_6,Wave Cinemas,Bathinda 286,Bathinda,Punjab
TH_4143,BR_1,Carnival Cinemas,Hubli 397,Hubli,Karnataka
TH_4144,BR_5,PVR Cinemas,Pune 207,Pune,Maharashtra
TH_4145,BR_4,Miraj Cinemas,Meerut 452,Meerut,Uttar Pradesh
TH_4146,BR_4,Miraj Cinemas,Jodhpur 371,Jodhpur,Rajasthan
TH_4147,BR_1,Carnival Cinemas,Bhagalpur 328,Bhagalpur,Bihar
TH_4148,BR_6,Wave Cinemas,Ahmedabad 489,Ahmedabad,Gujarat
TH_4149,BR_1,Carnival Cinemas,Purnia 361,Purnia,Bihar
TH_4150,BR_3,INOX,Nagpur 200,Nagpur,Maharashtra
TH_4151,BR_4,Miraj Cinemas,Jaipur 288,Jaipur,Rajasthan
TH_4152,BR_1,Carnival Cinemas,Ludhiana 488,Ludhiana,Punjab
TH_4153,BR_1,Carnival Cinemas,Indore 221,Indore,Madhya Pradesh
TH_4154,BR_3,INOX,Asansol 82,Asansol,West Bengal
TH_4155,BR_1,Carnival Cinemas,Ludhiana 282,Ludhiana,Punjab
TH_4156,BR_1,Carnival Cinemas,Ujjain 67,Ujjain,Madhya Pradesh
TH_4157,BR_3,INOX,Asansol 421,Asansol,West Bengal
TH_4158,BR_3,INOX,Amritsar 47,Amritsar,Punjab
TH_4159,BR_4,Miraj Cinemas,Salem 447,Salem,Tamil Nadu
TH_4160,BR_6,Wave Cinemas,Chennai 10,Chennai,Tamil Nadu
TH_4161,BR_1,Carnival Cinemas,Gwalior 265,Gwalior,Madhya Pradesh
TH_4162,BR_3,INOX,Agra 253,Agra,Uttar Pradesh
TH_4163,BR_5,PVR Cinemas,Kota 38,Kota,Rajasthan
TH_4164,BR_1,Carnival Cinemas,Nashik 434,Nashik,Maharashtra
TH_4165,BR_2,Cinepolis,Bangalore 402,Bangalore,Karnataka
TH_4166,BR_5,PVR Cinemas,Mysore 217,Mysore,Karnataka
TH_4167,BR_5,PVR Cinemas,Howrah 141,Howrah,West Bengal
TH_4168,BR_6,Wave Cinemas,Gwalior 186,Gwalior,Madhya Pradesh
TH_4169,BR_5,PVR Cinemas,Bhopal 278,Bhopal,Madhya Pradesh
TH_4170,BR_5,PVR Cinemas,Patiala 137,Patiala,Punjab
TH_4171,BR_6,Wave Cinemas,Mumbai 497,Mumbai,Maharashtra
TH_4172,BR_1,Carnival Cinemas,Muzaffarpur 167,Muzaffarpur,Bihar
TH_4173,BR_1,Carnival Cinemas,Belgaum 273,Belgaum,Karnataka
TH_4174,BR_4,Miraj Cinemas,Jodhpur 252,Jodhpur,Rajasthan
TH_4175,BR_6,Wave Cinemas,Bhagalpur 303,Bhagalpur,Bihar
TH_4176,BR_2,Cinepolis,Howrah 416,Howrah,West Bengal
TH_4177,BR_6,Wave Cinemas,Muzaffarpur 49,Muzaffarpur,Bihar
TH_4178,BR_4,Miraj Cinemas,Amritsar 227,Amritsar,Punjab
TH_4179,BR_6,Wave Cinemas,Belgaum 228,Belgaum,Karnataka
TH_4180,BR_6,Wave Cinemas,Bathinda 395,Bathinda,Punjab
TH_4181,BR_1,Carnival Cinemas,Pune 76,Pune,Maharashtra
TH_4182,BR_3,INOX,Bhagalpur 213,Bhagalpur,Bihar
TH_4183,BR_3,INOX,Kolkata 334,Kolkata,West Bengal
TH_4184,BR_6,Wave Cinemas,Nagpur 49,Nagpur,Maharashtra
TH_4185,BR_3,INOX,Jaipur 459,Jaipur,Rajasthan
TH_4186,BR_1,Carnival Cinemas,Bhopal 373,Bhopal,Madhya Pradesh
TH_4187,BR_5,PVR Cinemas,Coimbatore 421,Coimbatore,Tamil Nadu
TH_4188,BR_3,INOX,Gaya 405,Gaya,Bihar
TH_4189,BR_3,INOX,Bhavnagar 33,Bhavnagar,Gujarat
TH_4190,BR_1,Carnival Cinemas,Mangalore 158,Mangalore,Karnataka
TH_4191,BR_3,INOX,Patiala 161,Patiala,Punjab
TH_4192,BR_2,Cinepolis,Ujjain 164,Ujjain,Madhya Pradesh
TH_4193,BR_6,Wave Cinemas,Kanpur 387,Kanpur,Uttar Pradesh
TH_4194,BR_3,INOX,Howrah 197,Howrah,West Bengal
TH_4195,BR_4,Miraj Cinemas,Bhagalpur 211,Bhagalpur,Bihar
TH_4196,BR_4,Miraj Cinemas,Kanpur 299,Kanpur,Uttar Pradesh
TH_4197,BR_6,Wave Cinemas,Jodhpur 366,Jodhpur,Rajasthan
TH_4198,BR_4,Miraj Cinemas,Gwalior 26,Gwalior,Madhya Pradesh
TH_4199,BR_4,Miraj Cinemas,Durgapur 240,Durgapur,West Bengal
TH_4200,BR_6,Wave Cinemas,Gaya 289,Gaya,Bihar
TH_4201,BR_3,INOX,Ahmedabad 28,Ahmedabad,Gujarat
TH_4202,BR_2,Cinepolis,Rajkot 309,Rajkot,Gujarat
TH_4203,BR_1,Carnival Cinemas,Chennai 202,Chennai,Tamil Nadu
TH_4204,BR_5,PVR Cinemas,Belgaum 82,Belgaum,Karnataka
TH_4205,BR_4,Miraj Cinemas,Madurai 77,Madurai,Tamil Nadu
TH_4206,BR_1,Carnival Cinemas,Lucknow 74,Lucknow,Uttar Pradesh
TH_4207,BR_2,Cinepolis,Patiala 492,Patiala,Punjab
TH_4208,BR_1,Carnival Cinemas,Hubli 380,Hubli,Karnataka
TH_4209,BR_6,Wave Cinemas,Patna 293,Patna,Bihar
TH_4210,BR_1,Carnival Cinemas,Siliguri 190,Siliguri,West Bengal
TH_4211,BR_1,Carnival Cinemas,Bangalore 465,Bangalore,Karnataka
TH_4212,BR_6,Wave Cinemas,Bhopal 40,Bhopal,Madhya Pradesh
TH_4213,BR_2,Cinepolis,Meerut 112,Meerut,Uttar Pradesh
TH_4214,BR_5,PVR Cinemas,Kolkata 17,Kolkata,West Bengal
TH_4215,BR_3,INOX,Amritsar 282,Amritsar,Punjab
TH_4216,BR_1,Carnival Cinemas,Kota 443,Kota,Rajasthan
TH_4217,BR_2,Cinepolis,Rajkot 233,Rajkot,Gujarat
TH_4218,BR_2,Cinepolis,Kanpur 421,Kanpur,Uttar Pradesh
TH_4219,BR_5,PVR Cinemas,Ujjain 358,Ujjain,Madhya Pradesh
TH_4220,BR_4,Miraj Cinemas,Mysore 158,Mysore,Karnataka
TH_4221,BR_2,Cinepolis,Patna 96,Patna,Bihar
TH_4222,BR_3,INOX,Salem 31,Salem,Tamil Nadu
TH_4223,BR_4,Miraj Cinemas,Gaya 421,Gaya,Bihar
TH_4224,BR_6,Wave Cinemas,Mumbai 476,Mumbai,Maharashtra
TH_4225,BR_4,Miraj Cinemas,Hubli 411,Hubli,Karnataka
TH_4226,BR_2,Cinepolis,Bhopal 369,Bhopal,Madhya Pradesh
TH_4227,BR_1,Carnival Cinemas,Meerut 176,Meerut,Uttar Pradesh
TH_4228,BR_5,PVR Cinemas,Amritsar 431,Amritsar,Punjab
TH_4229,BR_2,Cinepolis,Surat 155,Surat,Gujarat
TH_4230,BR_2,Cinepolis,Bhavnagar 408,Bhavnagar,Gujarat
TH_4231,BR_6,Wave Cinemas,Hubli 64,Hubli,Karnataka
TH_4232,BR_6,Wave Cinemas,Mysore 210,Mysore,Karnataka
TH_4233,BR_6,Wave Cinemas,Chennai 474,Chennai,Tamil Nadu
TH_4234,BR_6,Wave Cinemas,Jaipur 15,Jaipur,Rajasthan
TH_4235,BR_1,Carnival Cinemas,Madurai 200,Madurai,Tamil Nadu
TH_4236,BR_2,Cinepolis,Udaipur 338,Udaipur,Rajasthan
TH_4237,BR_5,PVR Cinemas,Muzaffarpur 237,Muzaffarpur,Bihar
TH_4238,BR_2,Cinepolis,Ajmer 465,Ajmer,Rajasthan
TH_4239,BR_2,Cinepolis,Patiala 283,Patiala,Punjab
TH_4240,BR_4,Miraj Cinemas,Gaya 132,Gaya,Bihar
TH_4241,BR_1,Carnival Cinemas,Patna 488,Patna,Bihar
TH_4242,BR_4,Miraj Cinemas,Ludhiana 28,Ludhiana,Punjab
TH_4243,BR_5,PVR Cinemas,Bhagalpur 119,Bhagalpur,Bihar
TH_4244,BR_3,INOX,Mysore 69,Mysore,Karnataka
TH_4245,BR_5,PVR Cinemas,Thane 187,Thane,Maharashtra
TH_4246,BR_5,PVR Cinemas,Rajkot 359,Rajkot,Gujarat
TH_4247,BR_3,INOX,Bhagalpur 336,Bhagalpur,Bihar
TH_4248,BR_3,INOX,Meerut 203,Meerut,Uttar Pradesh
TH_4249,BR_1,Carnival Cinemas,Amritsar 266,Amritsar,Punjab
TH_4250,BR_4,Miraj Cinemas,Salem 99,Salem,Tamil Nadu
TH_4251,BR_6,Wave Cinemas,Agra 452,Agra,Uttar Pradesh
TH_4252,BR_2,Cinepolis,Bhavnagar 212,Bhavnagar,Gujarat
TH_4253,BR_2,Cinepolis,Patna 306,Patna,Bihar
TH_4254,BR_3,INOX,Salem 19,Salem,Tamil Nadu
TH_4255,BR_2,Cinepolis,Kota 344,Kota,Rajasthan
TH_4256,BR_5,PVR Cinemas,Rajkot 57,Rajkot,Gujarat
TH_4257,BR_3,INOX,Kota 188,Kota,Rajasthan
TH_4258,BR_5,PVR Cinemas,Ajmer 236,Ajmer,Rajasthan
TH_4259,BR_2,Cinepolis,Patiala 156,Patiala,Punjab
TH_4260,BR_4,Miraj Cinemas,Tiruchirappalli 223,Tiruchirappalli,Tamil Nadu
TH_4261,BR_6,Wave Cinemas,Surat 497,Surat,Gujarat
TH_4262,BR_4,Miraj Cinemas,Kanpur 475,Kanpur,Uttar Pradesh
TH_4263,BR_2,Cinepolis,Siliguri 130,Siliguri,West Bengal
TH_4264,BR_5,PVR Cinemas,Ludhiana 324,Ludhiana,Punjab
TH_4265,BR_4,Miraj Cinemas,Lucknow 80,Lucknow,Uttar Pradesh
TH_4266,BR_5,PVR Cinemas,Surat 127,Surat,Gujarat
TH_4267,BR_3,INOX,Varanasi 23,Varanasi,Uttar Pradesh
TH_4268,BR_6,Wave Cinemas,Lucknow 213,Lucknow,Uttar Pradesh
TH_4269,BR_2,Cinepolis,Gwalior 373,Gwalior,Madhya Pradesh
TH_4270,BR_2,Cinepolis,Bhagalpur 315,Bhagalpur,Bihar
TH_4271,BR_6,Wave Cinemas,Bhavnagar 158,Bhavnagar,Gujarat
TH_4272,BR_2,Cinepolis,Muzaffarpur 316,Muzaffarpur,Bihar
TH_4273,BR_5,PVR Cinemas,Howrah 224,Howrah,West Bengal
TH_4274,BR_2,Cinepolis,Chennai 6,Chennai,Tamil Nadu
TH_4275,BR_3,INOX,Pune 324,Pune,Maharashtra
TH_4276,BR_4,Miraj Cinemas,Ludhiana 189,Ludhiana,Punjab
TH_4277,BR_3,INOX,Gwalior 213,Gwalior,Madhya Pradesh
TH_4278,BR_3,INOX,Surat 37,Surat,Gujarat
TH_4279,BR_3,INOX,Siliguri 473,Siliguri,West Bengal
TH_4280,BR_2,Cinepolis,Ludhiana 308,Ludhiana,Punjab
TH_4281,BR_4,Miraj Cinemas,Kota 111,Kota,Rajasthan
TH_4282,BR_2,Cinepolis,Bhopal 414,Bhopal,Madhya Pradesh
TH_4283,BR_5,PVR Cinemas,Durgapur 302,Durgapur,West Bengal
TH_4284,BR_3,INOX,Udaipur 454,Udaipur,Rajasthan
TH_4285,BR_5,PVR Cinemas,Amritsar 435,Amritsar,Punjab
TH_4286,BR_3,INOX,Kota 286,Kota,Rajasthan
TH_4287,BR_6,Wave Cinemas,Asansol 500,Asansol,West Bengal
TH_4288,BR_2,Cinepolis,Patiala 315,Patiala,Punjab
TH_4289,BR_5,PVR Cinemas,Purnia 417,Purnia,Bihar
TH_4290,BR_6,Wave Cinemas,Belgaum 420,Belgaum,Karnataka
TH_4291,BR_1,Carnival Cinemas,Pune 264,Pune,Maharashtra
TH_4292,BR_5,PVR Cinemas,Patna 204,Patna,Bihar
TH_4293,BR_3,INOX,Coimbatore 434,Coimbatore,Tamil Nadu
TH_4294,BR_3,INOX,Durgapur 148,Durgapur,West Bengal
TH_4295,BR_3,INOX,Kota 141,Kota,Rajasthan
TH_4296,BR_2,Cinepolis,Bhavnagar 430,Bhavnagar,Gujarat
TH_4297,BR_4,Miraj Cinemas,Bathinda 203,Bathinda,Punjab
TH_4298,BR_5,PVR Cinemas,Howrah 420,Howrah,West Bengal
TH_4299,BR_5,PVR Cinemas,Amritsar 274,Amritsar,Punjab
TH_4300,BR_4,Miraj Cinemas,Bhopal 295,Bhopal,Madhya Pradesh
TH_4301,BR_2,Cinepolis,Tiruchirappalli 182,Tiruchirappalli,Tamil Nadu
TH_4302,BR_6,Wave Cinemas,Salem 64,Salem,Tamil Nadu
TH_4303,BR_3,INOX,Varanasi 71,Varanasi,Uttar Pradesh
TH_4304,BR_2,Cinepolis,Agra 102,Agra,Uttar Pradesh
TH_4305,BR_3,INOX,Gaya 160,Gaya,Bihar
TH_4306,BR_2,Cinepolis,Vadodara 69,Vadodara,Gujarat
TH_4307,BR_2,Cinepolis,Madurai 455,Madurai,Tamil Nadu
TH_4308,BR_3,INOX,Tiruchirappalli 92,Tiruchirappalli,Tamil Nadu
TH_4309,BR_2,Cinepolis,Bathinda 467,Bathinda,Punjab
TH_4310,BR_1,Carnival Cinemas,Kota 131,Kota,Rajasthan
TH_4311,BR_3,INOX,Meerut 331,Meerut,Uttar Pradesh
TH_4312,BR_5,PVR Cinemas,Belgaum 60,Belgaum,Karnataka
TH_4313,BR_4,Miraj Cinemas,Ludhiana 161,Ludhiana,Punjab
TH_4314,BR_6,Wave Cinemas,Chennai 96,Chennai,Tamil Nadu
TH_4315,BR_2,Cinepolis,Bhopal 245,Bhopal,Madhya Pradesh
TH_4316,BR_5,PVR Cinemas,Madurai 157,Madurai,Tamil Nadu
TH_4317,BR_5,PVR Cinemas,Mumbai 7,Mumbai,Maharashtra
TH_4318,BR_3,INOX,Indore 131,Indore,Madhya Pradesh
TH_4319,BR_5,PVR Cinemas,Bhavnagar 214,Bhavnagar,Gujarat
TH_4320,BR_4,Miraj Cinemas,Madurai 114,Madurai,Tamil Nadu
TH_4321,BR_5,PVR Cinemas,Ajmer 276,Ajmer,Rajasthan
TH_4322,BR_3,INOX,Salem 99,Salem,Tamil Nadu
TH_4323,BR_6,Wave Cinemas,Nashik 303,Nashik,Maharashtra
TH_4324,BR_1,Carnival Cinemas,Vadodara 250,Vadodara,Gujarat
TH_4325,BR_5,PVR Cinemas,Jodhpur 337,Jodhpur,Rajasthan
TH_4326,BR_2,Cinepolis,Purnia 240,Purnia,Bihar
TH_4327,BR_6,Wave Cinemas,Jaipur 182,Jaipur,Rajasthan
TH_4328,BR_1,Carnival Cinemas,Gwalior 378,Gwalior,Madhya Pradesh
TH_4329,BR_1,Carnival Cinemas,Thane 354,Thane,Maharashtra
TH_4330,BR_6,Wave Cinemas,Belgaum 331,Belgaum,Karnataka
TH_4331,BR_2,Cinepolis,Bathinda 318,Bathinda,Punjab
TH_4332,BR_4,Miraj Cinemas,Jalandhar 201,Jalandhar,Punjab
TH_4333,BR_2,Cinepolis,Madurai 166,Madurai,Tamil Nadu
TH_4334,BR_4,Miraj Cinemas,Kolkata 38,Kolkata,West Bengal
TH_4335,BR_4,Miraj Cinemas,Agra 381,Agra,Uttar Pradesh
TH_4336,BR_3,INOX,Thane 136,Thane,Maharashtra
TH_4337,BR_1,Carnival Cinemas,Howrah 283,Howrah,West Bengal
TH_4338,BR_4,Miraj Cinemas,Kolkata 152,Kolkata,West Bengal
TH_4339,BR_4,Miraj Cinemas,Madurai 275,Madurai,Tamil Nadu
TH_4340,BR_3,INOX,Ujjain 79,Ujjain,Madhya Pradesh
TH_4341,BR_3,INOX,Bhavnagar 352,Bhavnagar,Gujarat
TH_4342,BR_3,INOX,Gwalior 132,Gwalior,Madhya Pradesh
TH_4343,BR_6,Wave Cinemas,Salem 106,Salem,Tamil Nadu
TH_4344,BR_5,PVR Cinemas,Amritsar 442,Amritsar,Punjab
TH_4345,BR_2,Cinepolis,Coimbatore 409,Coimbatore,Tamil Nadu
TH_4346,BR_6,Wave Cinemas,Howrah 275,Howrah,West Bengal
TH_4347,BR_1,Carnival Cinemas,Mysore 139,Mysore,Karnataka
TH_4348,BR_4,Miraj Cinemas,Mangalore 455,Mangalore,Karnataka
TH_4349,BR_6,Wave Cinemas,Coimbatore 466,Coimbatore,Tamil Nadu
TH_4350,BR_1,Carnival Cinemas,Purnia 372,Purnia,Bihar
TH_4351,BR_6,Wave Cinemas,Mysore 76,Mysore,Karnataka
TH_4352,BR_4,Miraj Cinemas,Purnia 96,Purnia,Bihar
TH_4353,BR_2,Cinepolis,Kanpur 159,Kanpur,Uttar Pradesh
TH_4354,BR_6,Wave Cinemas,Ludhiana 197,Ludhiana,Punjab
TH_4355,BR_1,Carnival Cinemas,Varanasi 113,Varanasi,Uttar Pradesh
TH_4356,BR_5,PVR Cinemas,Coimbatore 334,Coimbatore,Tamil Nadu
TH_4357,BR_1,Carnival Cinemas,Indore 203,Indore,Madhya Pradesh
TH_4358,BR_3,INOX,Agra 105,Agra,Uttar Pradesh
TH_4359,BR_5,PVR Cinemas,Ahmedabad 21,Ahmedabad,Gujarat
TH_4360,BR_3,INOX,Bangalore 387,Bangalore,Karnataka
TH_4361,BR_5,PVR Cinemas,Muzaffarpur 139,Muzaffarpur,Bihar
TH_4362,BR_1,Carnival Cinemas,Nagpur 416,Nagpur,Maharashtra
TH_4363,BR_2,Cinepolis,Bathinda 355,Bathinda,Punjab
TH_4364,BR_1,Carnival Cinemas,Gaya 296,Gaya,Bihar
TH_4365,BR_1,Carnival Cinemas,Salem 469,Salem,Tamil Nadu
TH_4366,BR_6,Wave Cinemas,Jabalpur 4,Jabalpur,Madhya Pradesh
TH_4367,BR_4,Miraj Cinemas,Jalandhar 71,Jalandhar,Punjab
TH_4368,BR_6,Wave Cinemas,Siliguri 12,Siliguri,West Bengal
TH_4369,BR_4,Miraj Cinemas,Purnia 441,Purnia,Bihar
TH_4370,BR_5,PVR Cinemas,Bhavnagar 132,Bhavnagar,Gujarat
TH_4371,BR_2,Cinepolis,Mysore 65,Mysore,Karnataka
TH_4372,BR_5,PVR Cinemas,Bhavnagar 309,Bhavnagar,Gujarat
TH_4373,BR_2,Cinepolis,Ahmedabad 338,Ahmedabad,Gujarat
TH_4374,BR_1,Carnival Cinemas,Bhagalpur 382,Bhagalpur,Bihar
TH_4375,BR_2,Cinepolis,Gwalior 39,Gwalior,Madhya Pradesh
TH_4376,BR_3,INOX,Gaya 267,Gaya,Bihar
TH_4377,BR_4,Miraj Cinemas,Agra 130,Agra,Uttar Pradesh
TH_4378,BR_3,INOX,Bhavnagar 7,Bhavnagar,Gujarat
TH_4379,BR_6,Wave Cinemas,Udaipur 177,Udaipur,Rajasthan
TH_4380,BR_2,Cinepolis,Purnia 320,Purnia,Bihar
TH_4381,BR_2,Cinepolis,Siliguri 79,Siliguri,West Bengal
TH_4382,BR_4,Miraj Cinemas,Amritsar 155,Amritsar,Punjab
TH_4383,BR_1,Carnival Cinemas,Jodhpur 129,Jodhpur,Rajasthan
TH_4384,BR_2,Cinepolis,Vadodara 293,Vadodara,Gujarat
TH_4385,BR_5,PVR Cinemas,Bathinda 94,Bathinda,Punjab
TH_4386,BR_4,Miraj Cinemas,Howrah 85,Howrah,West Bengal
TH_4387,BR_3,INOX,Vadodara 96,Vadodara,Gujarat
TH_4388,BR_1,Carnival Cinemas,Bathinda 484,Bathinda,Punjab
TH_4389,BR_1,Carnival Cinemas,Purnia 445,Purnia,Bihar
TH_4390,BR_4,Miraj Cinemas,Patna 490,Patna,Bihar
TH_4391,BR_4,Miraj Cinemas,Patiala 271,Patiala,Punjab
TH_4392,BR_4,Miraj Cinemas,Kanpur 239,Kanpur,Uttar Pradesh
TH_4393,BR_1,Carnival Cinemas,Asansol 247,Asansol,West Bengal
TH_4394,BR_2,Cinepolis,Indore 204,Indore,Madhya Pradesh
TH_4395,BR_1,Carnival Cinemas,Varanasi 183,Varanasi,Uttar Pradesh
TH_4396,BR_2,Cinepolis,Kanpur 455,Kanpur,Uttar Pradesh
TH_4397,BR_3,INOX,Mangalore 313,Mangalore,Karnataka
TH_4398,BR_1,Carnival Cinemas,Howrah 63,Howrah,West Bengal
TH_4399,BR_1,Carnival Cinemas,Bhopal 388,Bhopal,Madhya Pradesh
TH_4400,BR_3,INOX,Pune 450,Pune,Maharashtra
TH_4401,BR_6,Wave Cinemas,Surat 34,Surat,Gujarat
TH_4402,BR_2,Cinepolis,Bhagalpur 172,Bhagalpur,Bihar
TH_4403,BR_1,Carnival Cinemas,Mysore 415,Mysore,Karnataka
TH_4404,BR_6,Wave Cinemas,Coimbatore 322,Coimbatore,Tamil Nadu
TH_4405,BR_6,Wave Cinemas,Jodhpur 421,Jodhpur,Rajasthan
TH_4406,BR_6,Wave Cinemas,Durgapur 122,Durgapur,West Bengal
TH_4407,BR_1,Carnival Cinemas,Surat 43,Surat,Gujarat
TH_4408,BR_1,Carnival Cinemas,Gaya 471,Gaya,Bihar
TH_4409,BR_2,Cinepolis,Chennai 318,Chennai,Tamil Nadu
TH_4410,BR_5,PVR Cinemas,Howrah 65,Howrah,West Bengal
TH_4411,BR_1,Carnival Cinemas,Bathinda 71,Bathinda,Punjab
TH_4412,BR_4,Miraj Cinemas,Jodhpur 135,Jodhpur,Rajasthan
TH_4413,BR_3,INOX,Ajmer 350,Ajmer,Rajasthan
TH_4414,BR_3,INOX,Ludhiana 495,Ludhiana,Punjab
TH_4415,BR_3,INOX,Ahmedabad 236,Ahmedabad,Gujarat
TH_4416,BR_4,Miraj Cinemas,Gwalior 238,Gwalior,Madhya Pradesh
TH_4417,BR_4,Miraj Cinemas,Indore 242,Indore,Madhya Pradesh
TH_4418,BR_6,Wave Cinemas,Hubli 154,Hubli,Karnataka
TH_4419,BR_3,INOX,Agra 32,Agra,Uttar Pradesh
TH_4420,BR_1,Carnival Cinemas,Gwalior 72,Gwalior,Madhya Pradesh
TH_4421,BR_5,PVR Cinemas,Patna 430,Patna,Bihar
TH_4422,BR_2,Cinepolis,Jabalpur 52,Jabalpur,Madhya Pradesh
TH_4423,BR_4,Miraj Cinemas,Indore 116,Indore,Madhya Pradesh
TH_4424,BR_5,PVR Cinemas,Durgapur 424,Durgapur,West Bengal
TH_4425,BR_3,INOX,Muzaffarpur 444,Muzaffarpur,Bihar
TH_4426,BR_6,Wave Cinemas,Jodhpur 341,Jodhpur,Rajasthan
TH_4427,BR_6,Wave Cinemas,Bhagalpur 374,Bhagalpur,Bihar
TH_4428,BR_5,PVR Cinemas,Belgaum 459,Belgaum,Karnataka
TH_4429,BR_2,Cinepolis,Thane 283,Thane,Maharashtra
TH_4430,BR_4,Miraj Cinemas,Patna 257,Patna,Bihar
TH_4431,BR_3,INOX,Gaya 121,Gaya,Bihar
TH_4432,BR_5,PVR Cinemas,Belgaum 415,Belgaum,Karnataka
TH_4433,BR_6,Wave Cinemas,Ahmedabad 1,Ahmedabad,Gujarat
TH_4434,BR_6,Wave Cinemas,Siliguri 416,Siliguri,West Bengal
TH_4435,BR_3,INOX,Mumbai 332,Mumbai,Maharashtra
TH_4436,BR_4,Miraj Cinemas,Bhavnagar 196,Bhavnagar,Gujarat
TH_4437,BR_3,INOX,Jodhpur 3,Jodhpur,Rajasthan
TH_4438,BR_4,Miraj Cinemas,Howrah 32,Howrah,West Bengal
TH_4439,BR_1,Carnival Cinemas,Agra 169,Agra,Uttar Pradesh
TH_4440,BR_5,PVR Cinemas,Surat 68,Surat,Gujarat
TH_4441,BR_3,INOX,Bhagalpur 62,Bhagalpur,Bihar
TH_4442,BR_1,Carnival Cinemas,Jodhpur 30,Jodhpur,Rajasthan
TH_4443,BR_5,PVR Cinemas,Patna 19,Patna,Bihar
TH_4444,BR_3,INOX,Kolkata 47,Kolkata,West Bengal
TH_4445,BR_1,Carnival Cinemas,Kanpur 172,Kanpur,Uttar Pradesh
TH_4446,BR_4,Miraj Cinemas,Howrah 92,Howrah,West Bengal
TH_4447,BR_5,PVR Cinemas,Kolkata 224,Kolkata,West Bengal
TH_4448,BR_2,Cinepolis,Coimbatore 309,Coimbatore,Tamil Nadu
TH_4449,BR_6,Wave Cinemas,Belgaum 149,Belgaum,Karnataka
TH_4450,BR_5,PVR Cinemas,Surat 360,Surat,Gujarat
TH_4451,BR_2,Cinepolis,Jaipur 348,Jaipur,Rajasthan
TH_4452,BR_2,Cinepolis,Thane 362,Thane,Maharashtra
TH_4453,BR_5,PVR Cinemas,Mumbai 148,Mumbai,Maharashtra
TH_4454,BR_1,Carnival Cinemas,Madurai 274,Madurai,Tamil Nadu
TH_4455,BR_5,PVR Cinemas,Salem 250,Salem,Tamil Nadu
TH_4456,BR_1,Carnival Cinemas,Bhopal 458,Bhopal,Madhya Pradesh
TH_4457,BR_3,INOX,Jodhpur 474,Jodhpur,Rajasthan
TH_4458,BR_1,Carnival Cinemas,Jodhpur 379,Jodhpur,Rajasthan
TH_4459,BR_6,Wave Cinemas,Ajmer 254,Ajmer,Rajasthan
TH_4460,BR_6,Wave Cinemas,Belgaum 457,Belgaum,Karnataka
TH_4461,BR_4,Miraj Cinemas,Lucknow 270,Lucknow,Uttar Pradesh
TH_4462,BR_6,Wave Cinemas,Bhopal 53,Bhopal,Madhya Pradesh
TH_4463,BR_2,Cinepolis,Jalandhar 85,Jalandhar,Punjab
TH_4464,BR_3,INOX,Ujjain 206,Ujjain,Madhya Pradesh
TH_4465,BR_5,PVR Cinemas,Belgaum 463,Belgaum,Karnataka
TH_4466,BR_2,Cinepolis,Bathinda 471,Bathinda,Punjab
TH_4467,BR_5,PVR Cinemas,Ujjain 480,Ujjain,Madhya Pradesh
TH_4468,BR_5,PVR Cinemas,Bangalore 325,Bangalore,Karnataka
TH_4469,BR_4,Miraj Cinemas,Muzaffarpur 254,Muzaffarpur,Bihar
TH_4470,BR_2,Cinepolis,Meerut 151,Meerut,Uttar Pradesh
TH_4471,BR_4,Miraj Cinemas,Ahmedabad 319,Ahmedabad,Gujarat
TH_4472,BR_5,PVR Cinemas,Ludhiana 173,Ludhiana,Punjab
TH_4473,BR_3,INOX,Varanasi 402,Varanasi,Uttar Pradesh
TH_4474,BR_6,Wave Cinemas,Gaya 439,Gaya,Bihar
TH_4475,BR_3,INOX,Kota 133,Kota,Rajasthan
TH_4476,BR_4,Miraj Cinemas,Muzaffarpur 464,Muzaffarpur,Bihar
TH_4477,BR_4,Miraj Cinemas,Surat 137,Surat,Gujarat
TH_4478,BR_5,PVR Cinemas,Mysore 270,Mysore,Karnataka
TH_4479,BR_5,PVR Cinemas,Salem 483,Salem,Tamil Nadu
TH_4480,BR_5,PVR Cinemas,Hubli 28,Hubli,Karnataka
TH_4481,BR_5,PVR Cinemas,Kanpur 163,Kanpur,Uttar Pradesh
TH_4482,BR_4,Miraj Cinemas,Nagpur 52,Nagpur,Maharashtra
TH_4483,BR_6,Wave Cinemas,Mysore 407,Mysore,Karnataka
TH_4484,BR_3,INOX,Varanasi 453,Varanasi,Uttar Pradesh
TH_4485,BR_6,Wave Cinemas,Bangalore 258,Bangalore,Karnataka
TH_4486,BR_2,Cinepolis,Kolkata 93,Kolkata,West Bengal
TH_4487,BR_4,Miraj Cinemas,Ahmedabad 218,Ahmedabad,Gujarat
TH_4488,BR_4,Miraj Cinemas,Jodhpur 76,Jodhpur,Rajasthan
TH_4489,BR_6,Wave Cinemas,Meerut 441,Meerut,Uttar Pradesh
TH_4490,BR_1,Carnival Cinemas,Ahmedabad 178,Ahmedabad,Gujarat
TH_4491,BR_5,PVR Cinemas,Vadodara 395,Vadodara,Gujarat
TH_4492,BR_1,Carnival Cinemas,Ujjain 293,Ujjain,Madhya Pradesh
TH_4493,BR_6,Wave Cinemas,Ludhiana 269,Ludhiana,Punjab
TH_4494,BR_4,Miraj Cinemas,Pune 231,Pune,Maharashtra
TH_4495,BR_3,INOX,Bathinda 118,Bathinda,Punjab
TH_4496,BR_2,Cinepolis,Chennai 99,Chennai,Tamil Nadu
TH_4497,BR_3,INOX,Vadodara 118,Vadodara,Gujarat
TH_4498,BR_1,Carnival Cinemas,Kanpur 96,Kanpur,Uttar Pradesh
TH_4499,BR_1,Carnival Cinemas,Meerut 499,Meerut,Uttar Pradesh
TH_4500,BR_4,Miraj Cinemas,Jalandhar 158,Jalandhar,Punjab
TH_4501,BR_5,PVR Cinemas,Jodhpur 426,Jodhpur,Rajasthan
TH_4502,BR_1,Carnival Cinemas,Jaipur 462,Jaipur,Rajasthan
TH_4503,BR_2,Cinepolis,Asansol 18,Asansol,West Bengal
TH_4504,BR_6,Wave Cinemas,Ajmer 449,Ajmer,Rajasthan
TH_4505,BR_2,Cinepolis,Ajmer 111,Ajmer,Rajasthan
TH_4506,BR_3,INOX,Salem 346,Salem,Tamil Nadu
TH_4507,BR_2,Cinepolis,Varanasi 418,Varanasi,Uttar Pradesh
TH_4508,BR_4,Miraj Cinemas,Indore 307,Indore,Madhya Pradesh
TH_4509,BR_6,Wave Cinemas,Ajmer 22,Ajmer,Rajasthan
TH_4510,BR_1,Carnival Cinemas,Jalandhar 482,Jalandhar,Punjab
TH_4511,BR_2,Cinepolis,Nagpur 109,Nagpur,Maharashtra
TH_4512,BR_4,Miraj Cinemas,Bhagalpur 1,Bhagalpur,Bihar
TH_4513,BR_4,Miraj Cinemas,Agra 295,Agra,Uttar Pradesh
TH_4514,BR_6,Wave Cinemas,Varanasi 149,Varanasi,Uttar Pradesh
TH_4515,BR_5,PVR Cinemas,Varanasi 456,Varanasi,Uttar Pradesh
TH_4516,BR_5,PVR Cinemas,Nagpur 371,Nagpur,Maharashtra
TH_4517,BR_5,PVR Cinemas,Pune 32,Pune,Maharashtra
TH_4518,BR_4,Miraj Cinemas,Mangalore 88,Mangalore,Karnataka
TH_4519,BR_6,Wave Cinemas,Udaipur 377,Udaipur,Rajasthan
TH_4520,BR_4,Miraj Cinemas,Varanasi 281,Varanasi,Uttar Pradesh
TH_4521,BR_4,Miraj Cinemas,Pune 119,Pune,Maharashtra
TH_4522,BR_2,Cinepolis,Ahmedabad 333,Ahmedabad,Gujarat
TH_4523,BR_3,INOX,Jabalpur 208,Jabalpur,Madhya Pradesh
TH_4524,BR_1,Carnival Cinemas,Gwalior 43,Gwalior,Madhya Pradesh
TH_4525,BR_4,Miraj Cinemas,Durgapur 3,Durgapur,West Bengal
TH_4526,BR_6,Wave Cinemas,Bathinda 372,Bathinda,Punjab
TH_4527,BR_3,INOX,Kanpur 413,Kanpur,Uttar Pradesh
TH_4528,BR_4,Miraj Cinemas,Bathinda 45,Bathinda,Punjab
TH_4529,BR_5,PVR Cinemas,Belgaum 426,Belgaum,Karnataka
TH_4530,BR_1,Carnival Cinemas,Tiruchirappalli 285,Tiruchirappalli,Tamil Nadu
TH_4531,BR_1,Carnival Cinemas,Jodhpur 133,Jodhpur,Rajasthan
TH_4532,BR_5,PVR Cinemas,Indore 203,Indore,Madhya Pradesh
TH_4533,BR_1,Carnival Cinemas,Ahmedabad 16,Ahmedabad,Gujarat
TH_4534,BR_2,Cinepolis,Rajkot 251,Rajkot,Gujarat
TH_4535,BR_3,INOX,Nashik 317,Nashik,Maharashtra
TH_4536,BR_3,INOX,Lucknow 10,Lucknow,Uttar Pradesh
TH_4537,BR_6,Wave Cinemas,Ahmedabad 145,Ahmedabad,Gujarat
TH_4538,BR_2,Cinepolis,Ujjain 7,Ujjain,Madhya Pradesh
TH_4539,BR_6,Wave Cinemas,Patna 300,Patna,Bihar
TH_4540,BR_2,Cinepolis,Ujjain 21,Ujjain,Madhya Pradesh
TH_4541,BR_3,INOX,Vadodara 169,Vadodara,Gujarat
TH_4542,BR_5,PVR Cinemas,Ahmedabad 197,Ahmedabad,Gujarat
TH_4543,BR_1,Carnival Cinemas,Amritsar 235,Amritsar,Punjab
TH_4544,BR_2,Cinepolis,Nashik 403,Nashik,Maharashtra
TH_4545,BR_3,INOX,Meerut 429,Meerut,Uttar Pradesh
TH_4546,BR_6,Wave Cinemas,Chennai 332,Chennai,Tamil Nadu
TH_4547,BR_1,Carnival Cinemas,Thane 198,Thane,Maharashtra
TH_4548,BR_6,Wave Cinemas,Coimbatore 109,Coimbatore,Tamil Nadu
TH_4549,BR_4,Miraj Cinemas,Siliguri 453,Siliguri,West Bengal
TH_4550,BR_2,Cinepolis,Varanasi 357,Varanasi,Uttar Pradesh
TH_4551,BR_3,INOX,Udaipur 145,Udaipur,Rajasthan
TH_4552,BR_3,INOX,Gwalior 198,Gwalior,Madhya Pradesh
TH_4553,BR_3,INOX,Hubli 414,Hubli,Karnataka
TH_4554,BR_2,Cinepolis,Varanasi 83,Varanasi,Uttar Pradesh
TH_4555,BR_5,PVR Cinemas,Patna 44,Patna,Bihar
TH_4556,BR_4,Miraj Cinemas,Ludhiana 352,Ludhiana,Punjab
TH_4557,BR_5,PVR Cinemas,Udaipur 498,Udaipur,Rajasthan
TH_4558,BR_1,Carnival Cinemas,Lucknow 176,Lucknow,Uttar Pradesh
TH_4559,BR_1,Carnival Cinemas,Purnia 214,Purnia,Bihar
TH_4560,BR_3,INOX,Ahmedabad 244,Ahmedabad,Gujarat
TH_4561,BR_6,Wave Cinemas,Varanasi 302,Varanasi,Uttar Pradesh
TH_4562,BR_6,Wave Cinemas,Bhavnagar 357,Bhavnagar,Gujarat
TH_4563,BR_4,Miraj Cinemas,Mysore 285,Mysore,Karnataka
TH_4564,BR_4,Miraj Cinemas,Indore 13,Indore,Madhya Pradesh
TH_4565,BR_1,Carnival Cinemas,Hubli 433,Hubli,Karnataka
TH_4566,BR_1,Carnival Cinemas,Nashik 41,Nashik,Maharashtra
TH_4567,BR_4,Miraj Cinemas,Ahmedabad 291,Ahmedabad,Gujarat
TH_4568,BR_3,INOX,Hubli 159,Hubli,Karnataka
TH_4569,BR_5,PVR Cinemas,Mysore 148,Mysore,Karnataka
TH_4570,BR_6,Wave Cinemas,Howrah 10,Howrah,West Bengal
TH_4571,BR_2,Cinepolis,Patiala 333,Patiala,Punjab
TH_4572,BR_5,PVR Cinemas,Nagpur 247,Nagpur,Maharashtra
TH_4573,BR_1,Carnival Cinemas,Tiruchirappalli 414,Tiruchirappalli,Tamil Nadu
TH_4574,BR_4,Miraj Cinemas,Varanasi 229,Varanasi,Uttar Pradesh
TH_4575,BR_2,Cinepolis,Jalandhar 349,Jalandhar,Punjab
TH_4576,BR_6,Wave Cinemas,Nagpur 443,Nagpur,Maharashtra
TH_4577,BR_5,PVR Cinemas,Kanpur 272,Kanpur,Uttar Pradesh
TH_4578,BR_4,Miraj Cinemas,Rajkot 53,Rajkot,Gujarat
TH_4579,BR_5,PVR Cinemas,Rajkot 202,Rajkot,Gujarat
TH_4580,BR_3,INOX,Ajmer 349,Ajmer,Rajasthan
TH_4581,BR_3,INOX,Udaipur 23,Udaipur,Rajasthan
TH_4582,BR_5,PVR Cinemas,Jabalpur 22,Jabalpur,Madhya Pradesh
TH_4583,BR_2,Cinepolis,Kanpur 107,Kanpur,Uttar Pradesh
TH_4584,BR_2,Cinepolis,Bhagalpur 112,Bhagalpur,Bihar
TH_4585,BR_3,INOX,Jaipur 142,Jaipur,Rajasthan
TH_4586,BR_2,Cinepolis,Meerut 128,Meerut,Uttar Pradesh
TH_4587,BR_6,Wave Cinemas,Amritsar 201,Amritsar,Punjab
TH_4588,BR_3,INOX,Kanpur 420,Kanpur,Uttar Pradesh
TH_4589,BR_4,Miraj Cinemas,Gaya 149,Gaya,Bihar
TH_4590,BR_3,INOX,Jalandhar 75,Jalandhar,Punjab
TH_4591,BR_4,Miraj Cinemas,Gaya 228,Gaya,Bihar
TH_4592,BR_2,Cinepolis,Bhavnagar 470,Bhavnagar,Gujarat
TH_4593,BR_1,Carnival Cinemas,Nashik 336,Nashik,Maharashtra
TH_4594,BR_5,PVR Cinemas,Lucknow 298,Lucknow,Uttar Pradesh
TH_4595,BR_1,Carnival Cinemas,Rajkot 279,Rajkot,Gujarat
TH_4596,BR_1,Carnival Cinemas,Patiala 287,Patiala,Punjab
TH_4597,BR_3,INOX,Nashik 246,Nashik,Maharashtra
TH_4598,BR_6,Wave Cinemas,Mangalore 279,Mangalore,Karnataka
TH_4599,BR_6,Wave Cinemas,Ajmer 35,Ajmer,Rajasthan
TH_4600,BR_3,INOX,Durgapur 362,Durgapur,West Bengal
TH_4601,BR_6,Wave Cinemas,Bathinda 364,Bathinda,Punjab
TH_4602,BR_4,Miraj Cinemas,Jodhpur 246,Jodhpur,Rajasthan
TH_4603,BR_3,INOX,Patna 402,Patna,Bihar
TH_4604,BR_1,Carnival Cinemas,Muzaffarpur 254,Muzaffarpur,Bihar
TH_4605,BR_4,Miraj Cinemas,Udaipur 80,Udaipur,Rajasthan
TH_4606,BR_1,Carnival Cinemas,Mumbai 149,Mumbai,Maharashtra
TH_4607,BR_6,Wave Cinemas,Gaya 475,Gaya,Bihar
TH_4608,BR_6,Wave Cinemas,Durgapur 313,Durgapur,West Bengal
TH_4609,BR_4,Miraj Cinemas,Nashik 329,Nashik,Maharashtra
TH_4610,BR_5,PVR Cinemas,Vadodara 392,Vadodara,Gujarat
TH_4611,BR_3,INOX,Ludhiana 176,Ludhiana,Punjab
TH_4612,BR_6,Wave Cinemas,Mangalore 195,Mangalore,Karnataka
TH_4613,BR_1,Carnival Cinemas,Durgapur 217,Durgapur,West Bengal
TH_4614,BR_2,Cinepolis,Ahmedabad 154,Ahmedabad,Gujarat
TH_4615,BR_2,Cinepolis,Varanasi 397,Varanasi,Uttar Pradesh
TH_4616,BR_4,Miraj Cinemas,Bathinda 294,Bathinda,Punjab
TH_4617,BR_4,Miraj Cinemas,Bathinda 484,Bathinda,Punjab
TH_4618,BR_6,Wave Cinemas,Purnia 407,Purnia,Bihar
TH_4619,BR_4,Miraj Cinemas,Meerut 399,Meerut,Uttar Pradesh
TH_4620,BR_1,Carnival Cinemas,Jaipur 468,Jaipur,Rajasthan
TH_4621,BR_4,Miraj Cinemas,Howrah 243,Howrah,West Bengal
TH_4622,BR_4,Miraj Cinemas,Ludhiana 130,Ludhiana,Punjab
TH_4623,BR_3,INOX,Gwalior 469,Gwalior,Madhya Pradesh
TH_4624,BR_4,Miraj Cinemas,Surat 268,Surat,Gujarat
TH_4625,BR_2,Cinepolis,Mysore 441,Mysore,Karnataka
TH_4626,BR_3,INOX,Ajmer 473,Ajmer,Rajasthan
TH_4627,BR_1,Carnival Cinemas,Bhavnagar 138,Bhavnagar,Gujarat
TH_4628,BR_5,PVR Cinemas,Siliguri 467,Siliguri,West Bengal
TH_4629,BR_5,PVR Cinemas,Jabalpur 97,Jabalpur,Madhya Pradesh
TH_4630,BR_4,Miraj Cinemas,Kanpur 139,Kanpur,Uttar Pradesh
TH_4631,BR_4,Miraj Cinemas,Jalandhar 453,Jalandhar,Punjab
TH_4632,BR_2,Cinepolis,Bhagalpur 345,Bhagalpur,Bihar
TH_4633,BR_2,Cinepolis,Ujjain 68,Ujjain,Madhya Pradesh
TH_4634,BR_1,Carnival Cinemas,Bhavnagar 120,Bhavnagar,Gujarat
TH_4635,BR_5,PVR Cinemas,Ahmedabad 288,Ahmedabad,Gujarat
TH_4636,BR_2,Cinepolis,Bhopal 436,Bhopal,Madhya Pradesh
TH_4637,BR_3,INOX,Kolkata 283,Kolkata,West Bengal
TH_4638,BR_4,Miraj Cinemas,Belgaum 269,Belgaum,Karnataka
TH_4639,BR_6,Wave Cinemas,Bangalore 466,Bangalore,Karnataka
TH_4640,BR_4,Miraj Cinemas,Jodhpur 389,Jodhpur,Rajasthan
TH_4641,BR_1,Carnival Cinemas,Jabalpur 78,Jabalpur,Madhya Pradesh
TH_4642,BR_6,Wave Cinemas,Nashik 44,Nashik,Maharashtra
TH_4643,BR_1,Carnival Cinemas,Nagpur 451,Nagpur,Maharashtra
TH_4644,BR_5,PVR Cinemas,Salem 203,Salem,Tamil Nadu
TH_4645,BR_4,Miraj Cinemas,Mysore 403,Mysore,Karnataka
TH_4646,BR_4,Miraj Cinemas,Salem 492,Salem,Tamil Nadu
TH_4647,BR_1,Carnival Cinemas,Jabalpur 116,Jabalpur,Madhya Pradesh
TH_4648,BR_6,Wave Cinemas,Meerut 370,Meerut,Uttar Pradesh
TH_4649,BR_1,Carnival Cinemas,Howrah 60,Howrah,West Bengal
TH_4650,BR_3,INOX,Thane 236,Thane,Maharashtra
TH_4651,BR_4,Miraj Cinemas,Indore 17,Indore,Madhya Pradesh
TH_4652,BR_1,Carnival Cinemas,Thane 66,Thane,Maharashtra
TH_4653,BR_1,Carnival Cinemas,Mysore 12,Mysore,Karnataka
TH_4654,BR_3,INOX,Thane 64,Thane,Maharashtra
TH_4655,BR_1,Carnival Cinemas,Indore 330,Indore,Madhya Pradesh
TH_4656,BR_1,Carnival Cinemas,Coimbatore 51,Coimbatore,Tamil Nadu
TH_4657,BR_3,INOX,Bangalore 340,Bangalore,Karnataka
TH_4658,BR_3,INOX,Salem 241,Salem,Tamil Nadu
TH_4659,BR_4,Miraj Cinemas,Siliguri 91,Siliguri,West Bengal
TH_4660,BR_6,Wave Cinemas,Patna 153,Patna,Bihar
TH_4661,BR_1,Carnival Cinemas,Bangalore 457,Bangalore,Karnataka
TH_4662,BR_3,INOX,Tiruchirappalli 463,Tiruchirappalli,Tamil Nadu
TH_4663,BR_5,PVR Cinemas,Mangalore 201,Mangalore,Karnataka
TH_4664,BR_1,Carnival Cinemas,Jaipur 311,Jaipur,Rajasthan
TH_4665,BR_2,Cinepolis,Siliguri 98,Siliguri,West Bengal
TH_4666,BR_5,PVR Cinemas,Durgapur 403,Durgapur,West Bengal
TH_4667,BR_5,PVR Cinemas,Pune 191,Pune,Maharashtra
TH_4668,BR_6,Wave Cinemas,Rajkot 20,Rajkot,Gujarat
TH_4669,BR_5,PVR Cinemas,Durgapur 465,Durgapur,West Bengal
TH_4670,BR_5,PVR Cinemas,Bhopal 121,Bhopal,Madhya Pradesh
TH_4671,BR_6,Wave Cinemas,Coimbatore 26,Coimbatore,Tamil Nadu
TH_4672,BR_1,Carnival Cinemas,Siliguri 55,Siliguri,West Bengal
TH_4673,BR_1,Carnival Cinemas,Ahmedabad 265,Ahmedabad,Gujarat
TH_4674,BR_4,Miraj Cinemas,Ajmer 424,Ajmer,Rajasthan
TH_4675,BR_6,Wave Cinemas,Ajmer 248,Ajmer,Rajasthan
TH_4676,BR_2,Cinepolis,Ajmer 390,Ajmer,Rajasthan
TH_4677,BR_6,Wave Cinemas,Bhavnagar 168,Bhavnagar,Gujarat
TH_4678,BR_4,Miraj Cinemas,Howrah 91,Howrah,West Bengal
TH_4679,BR_6,Wave Cinemas,Bhopal 196,Bhopal,Madhya Pradesh
TH_4680,BR_6,Wave Cinemas,Belgaum 323,Belgaum,Karnataka
TH_4681,BR_1,Carnival Cinemas,Siliguri 432,Siliguri,West Bengal
TH_4682,BR_3,INOX,Bhavnagar 65,Bhavnagar,Gujarat
TH_4683,BR_3,INOX,Howrah 426,Howrah,West Bengal
TH_4684,BR_6,Wave Cinemas,Gaya 454,Gaya,Bihar
TH_4685,BR_3,INOX,Lucknow 296,Lucknow,Uttar Pradesh
TH_4686,BR_1,Carnival Cinemas,Jodhpur 196,Jodhpur,Rajasthan
TH_4687,BR_5,PVR Cinemas,Indore 63,Indore,Madhya Pradesh
TH_4688,BR_3,INOX,Jabalpur 338,Jabalpur,Madhya Pradesh
TH_4689,BR_3,INOX,Asansol 424,Asansol,West Bengal
TH_4690,BR_1,Carnival Cinemas,Coimbatore 382,Coimbatore,Tamil Nadu
TH_4691,BR_3,INOX,Kanpur 26,Kanpur,Uttar Pradesh
TH_4692,BR_2,Cinepolis,Vadodara 384,Vadodara,Gujarat
TH_4693,BR_6,Wave Cinemas,Bhavnagar 453,Bhavnagar,Gujarat
TH_4694,BR_3,INOX,Lucknow 73,Lucknow,Uttar Pradesh
TH_4695,BR_4,Miraj Cinemas,Mangalore 373,Mangalore,Karnataka
TH_4696,BR_4,Miraj Cinemas,Jabalpur 195,Jabalpur,Madhya Pradesh
TH_4697,BR_6,Wave Cinemas,Indore 321,Indore,Madhya Pradesh
TH_4698,BR_4,Miraj Cinemas,Patna 105,Patna,Bihar
TH_4699,BR_4,Miraj Cinemas,Bangalore 110,Bangalore,Karnataka
TH_4700,BR_6,Wave Cinemas,Mysore 424,Mysore,Karnataka
TH_4701,BR_3,INOX,Jabalpur 391,Jabalpur,Madhya Pradesh
TH_4702,BR_2,Cinepolis,Salem 405,Salem,Tamil Nadu
TH_4703,BR_1,Carnival Cinemas,Udaipur 73,Udaipur,Rajasthan
TH_4704,BR_5,PVR Cinemas,Lucknow 181,Lucknow,Uttar Pradesh
TH_4705,BR_4,Miraj Cinemas,Tiruchirappalli 327,Tiruchirappalli,Tamil Nadu
TH_4706,BR_1,Carnival Cinemas,Pune 109,Pune,Maharashtra
TH_4707,BR_2,Cinepolis,Kota 212,Kota,Rajasthan
TH_4708,BR_1,Carnival Cinemas,Lucknow 120,Lucknow,Uttar Pradesh
TH_4709,BR_6,Wave Cinemas,Bhavnagar 81,Bhavnagar,Gujarat
TH_4710,BR_1,Carnival Cinemas,Nagpur 286,Nagpur,Maharashtra
TH_4711,BR_1,Carnival Cinemas,Rajkot 78,Rajkot,Gujarat
TH_4712,BR_6,Wave Cinemas,Mangalore 237,Mangalore,Karnataka
TH_4713,BR_2,Cinepolis,Ludhiana 47,Ludhiana,Punjab
TH_4714,BR_5,PVR Cinemas,Ujjain 282,Ujjain,Madhya Pradesh
TH_4715,BR_3,INOX,Ludhiana 122,Ludhiana,Punjab
TH_4716,BR_1,Carnival Cinemas,Bangalore 139,Bangalore,Karnataka
TH_4717,BR_2,Cinepolis,Bhavnagar 205,Bhavnagar,Gujarat
TH_4718,BR_2,Cinepolis,Bhavnagar 451,Bhavnagar,Gujarat
TH_4719,BR_5,PVR Cinemas,Kolkata 426,Kolkata,West Bengal
TH_4720,BR_4,Miraj Cinemas,Surat 105,Surat,Gujarat
TH_4721,BR_2,Cinepolis,Agra 120,Agra,Uttar Pradesh
TH_4722,BR_3,INOX,Kolkata 161,Kolkata,West Bengal
TH_4723,BR_4,Miraj Cinemas,Mysore 391,Mysore,Karnataka
TH_4724,BR_6,Wave Cinemas,Thane 195,Thane,Maharashtra
TH_4725,BR_4,Miraj Cinemas,Hubli 446,Hubli,Karnataka
TH_4726,BR_2,Cinepolis,Bathinda 428,Bathinda,Punjab
TH_4727,BR_1,Carnival Cinemas,Kolkata 397,Kolkata,West Bengal
TH_4728,BR_5,PVR Cinemas,Belgaum 182,Belgaum,Karnataka
TH_4729,BR_2,Cinepolis,Varanasi 359,Varanasi,Uttar Pradesh
TH_4730,BR_2,Cinepolis,Bhagalpur 92,Bhagalpur,Bihar
TH_4731,BR_6,Wave Cinemas,Varanasi 267,Varanasi,Uttar Pradesh
TH_4732,BR_6,Wave Cinemas,Agra 107,Agra,Uttar Pradesh
TH_4733,BR_6,Wave Cinemas,Jodhpur 20,Jodhpur,Rajasthan
TH_4734,BR_6,Wave Cinemas,Nagpur 133,Nagpur,Maharashtra
TH_4735,BR_1,Carnival Cinemas,Muzaffarpur 472,Muzaffarpur,Bihar
TH_4736,BR_2,Cinepolis,Bangalore 236,Bangalore,Karnataka
TH_4737,BR_5,PVR Cinemas,Mysore 369,Mysore,Karnataka
TH_4738,BR_2,Cinepolis,Kanpur 256,Kanpur,Uttar Pradesh
TH_4739,BR_2,Cinepolis,Bhagalpur 410,Bhagalpur,Bihar
TH_4740,BR_4,Miraj Cinemas,Ludhiana 200,Ludhiana,Punjab
TH_4741,BR_1,Carnival Cinemas,Lucknow 377,Lucknow,Uttar Pradesh
TH_4742,BR_4,Miraj Cinemas,Jaipur 9,Jaipur,Rajasthan
TH_4743,BR_5,PVR Cinemas,Bhavnagar 416,Bhavnagar,Gujarat
TH_4744,BR_3,INOX,Thane 139,Thane,Maharashtra
TH_4745,BR_5,PVR Cinemas,Ahmedabad 203,Ahmedabad,Gujarat
TH_4746,BR_5,PVR Cinemas,Jalandhar 447,Jalandhar,Punjab
TH_4747,BR_3,INOX,Bhagalpur 164,Bhagalpur,Bihar
TH_4748,BR_3,INOX,Hubli 53,Hubli,Karnataka
TH_4749,BR_1,Carnival Cinemas,Agra 201,Agra,Uttar Pradesh
TH_4750,BR_4,Miraj Cinemas,Madurai 461,Madurai,Tamil Nadu
TH_4751,BR_6,Wave Cinemas,Varanasi 5,Varanasi,Uttar Pradesh
TH_4752,BR_2,Cinepolis,Kolkata 236,Kolkata,West Bengal
TH_4753,BR_2,Cinepolis,Muzaffarpur 187,Muzaffarpur,Bihar
TH_4754,BR_3,INOX,Asansol 266,Asansol,West Bengal
TH_4755,BR_2,Cinepolis,Ajmer 11,Ajmer,Rajasthan
TH_4756,BR_5,PVR Cinemas,Jaipur 466,Jaipur,Rajasthan
TH_4757,BR_3,INOX,Nagpur 103,Nagpur,Maharashtra
TH_4758,BR_5,PVR Cinemas,Ahmedabad 307,Ahmedabad,Gujarat
TH_4759,BR_2,Cinepolis,Ujjain 199,Ujjain,Madhya Pradesh
TH_4760,BR_4,Miraj Cinemas,Salem 105,Salem,Tamil Nadu
TH_4761,BR_6,Wave Cinemas,Asansol 379,Asansol,West Bengal
TH_4762,BR_4,Miraj Cinemas,Asansol 500,Asansol,West Bengal
TH_4763,BR_2,Cinepolis,Indore 473,Indore,Madhya Pradesh
TH_4764,BR_5,PVR Cinemas,Bhagalpur 342,Bhagalpur,Bihar
TH_4765,BR_4,Miraj Cinemas,Varanasi 300,Varanasi,Uttar Pradesh
TH_4766,BR_5,PVR Cinemas,Howrah 311,Howrah,West Bengal
TH_4767,BR_3,INOX,Ujjain 379,Ujjain,Madhya Pradesh
TH_4768,BR_6,Wave Cinemas,Thane 104,Thane,Maharashtra
TH_4769,BR_2,Cinepolis,Amritsar 254,Amritsar,Punjab
TH_4770,BR_2,Cinepolis,Ajmer 310,Ajmer,Rajasthan
TH_4771,BR_6,Wave Cinemas,Ahmedabad 457,Ahmedabad,Gujarat
TH_4772,BR_2,Cinepolis,Tiruchirappalli 383,Tiruchirappalli,Tamil Nadu
TH_4773,BR_5,PVR Cinemas,Belgaum 374,Belgaum,Karnataka
TH_4774,BR_2,Cinepolis,Jaipur 241,Jaipur,Rajasthan
TH_4775,BR_3,INOX,Coimbatore 253,Coimbatore,Tamil Nadu
TH_4776,BR_4,Miraj Cinemas,Muzaffarpur 248,Muzaffarpur,Bihar
TH_4777,BR_3,INOX,Ajmer 342,Ajmer,Rajasthan
TH_4778,BR_3,INOX,Belgaum 73,Belgaum,Karnataka
TH_4779,BR_3,INOX,Thane 30,Thane,Maharashtra
TH_4780,BR_2,Cinepolis,Hubli 471,Hubli,Karnataka
TH_4781,BR_4,Miraj Cinemas,Lucknow 168,Lucknow,Uttar Pradesh
TH_4782,BR_2,Cinepolis,Bathinda 168,Bathinda,Punjab
TH_4783,BR_5,PVR Cinemas,Lucknow 135,Lucknow,Uttar Pradesh
TH_4784,BR_3,INOX,Mysore 68,Mysore,Karnataka
TH_4785,BR_5,PVR Cinemas,Gaya 190,Gaya,Bihar
TH_4786,BR_3,INOX,Bangalore 473,Bangalore,Karnataka
TH_4787,BR_6,Wave Cinemas,Udaipur 170,Udaipur,Rajasthan
TH_4788,BR_2,Cinepolis,Ujjain 410,Ujjain,Madhya Pradesh
TH_4789,BR_5,PVR Cinemas,Mumbai 320,Mumbai,Maharashtra
TH_4790,BR_6,Wave Cinemas,Bhavnagar 431,Bhavnagar,Gujarat
TH_4791,BR_1,Carnival Cinemas,Ludhiana 456,Ludhiana,Punjab
TH_4792,BR_5,PVR Cinemas,Howrah 373,Howrah,West Bengal
TH_4793,BR_3,INOX,Ajmer 145,Ajmer,Rajasthan
TH_4794,BR_3,INOX,Belgaum 374,Belgaum,Karnataka
TH_4795,BR_3,INOX,Thane 93,Thane,Maharashtra
TH_4796,BR_2,Cinepolis,Kolkata 280,Kolkata,West Bengal
TH_4797,BR_4,Miraj Cinemas,Jalandhar 383,Jalandhar,Punjab
TH_4798,BR_5,PVR Cinemas,Kolkata 481,Kolkata,West Bengal
TH_4799,BR_5,PVR Cinemas,Bhavnagar 187,Bhavnagar,Gujarat
TH_4800,BR_4,Miraj Cinemas,Meerut 326,Meerut,Uttar Pradesh
TH_4801,BR_2,Cinepolis,Surat 299,Surat,Gujarat
TH_4802,BR_6,Wave Cinemas,Mysore 478,Mysore,Karnataka
TH_4803,BR_3,INOX,Coimbatore 406,Coimbatore,Tamil Nadu
TH_4804,BR_2,Cinepolis,Howrah 55,Howrah,West Bengal
TH_4805,BR_3,INOX,Ajmer 490,Ajmer,Rajasthan
TH_4806,BR_2,Cinepolis,Bhavnagar 144,Bhavnagar,Gujarat
TH_4807,BR_2,Cinepolis,Nagpur 15,Nagpur,Maharashtra
TH_4808,BR_3,INOX,Pune 418,Pune,Maharashtra
TH_4809,BR_2,Cinepolis,Lucknow 33,Lucknow,Uttar Pradesh
TH_4810,BR_1,Carnival Cinemas,Muzaffarpur 14,Muzaffarpur,Bihar
TH_4811,BR_3,INOX,Mysore 428,Mysore,Karnataka
TH_4812,BR_5,PVR Cinemas,Siliguri 303,Siliguri,West Bengal
TH_4813,BR_4,Miraj Cinemas,Jaipur 396,Jaipur,Rajasthan
TH_4814,BR_6,Wave Cinemas,Bhavnagar 300,Bhavnagar,Gujarat
TH_4815,BR_2,Cinepolis,Kanpur 205,Kanpur,Uttar Pradesh
TH_4816,BR_5,PVR Cinemas,Udaipur 283,Udaipur,Rajasthan
TH_4817,BR_5,PVR Cinemas,Ujjain 486,Ujjain,Madhya Pradesh
TH_4818,BR_3,INOX,Chennai 344,Chennai,Tamil Nadu
TH_4819,BR_5,PVR Cinemas,Jaipur 55,Jaipur,Rajasthan
TH_4820,BR_4,Miraj Cinemas,Mangalore 54,Mangalore,Karnataka
TH_4821,BR_5,PVR Cinemas,Hubli 431,Hubli,Karnataka
TH_4822,BR_3,INOX,Mumbai 311,Mumbai,Maharashtra
TH_4823,BR_6,Wave Cinemas,Ajmer 65,Ajmer,Rajasthan
TH_4824,BR_1,Carnival Cinemas,Chennai 111,Chennai,Tamil Nadu
TH_4825,BR_5,PVR Cinemas,Indore 73,Indore,Madhya Pradesh
TH_4826,BR_2,Cinepolis,Purnia 74,Purnia,Bihar
TH_4827,BR_6,Wave Cinemas,Bhopal 254,Bhopal,Madhya Pradesh
TH_4828,BR_1,Carnival Cinemas,Thane 340,Thane,Maharashtra
TH_4829,BR_1,Carnival Cinemas,Bhagalpur 283,Bhagalpur,Bihar
TH_4830,BR_6,Wave Cinemas,Pune 64,Pune,Maharashtra
TH_4831,BR_2,Cinepolis,Agra 434,Agra,Uttar Pradesh
TH_4832,BR_4,Miraj Cinemas,Hubli 259,Hubli,Karnataka
TH_4833,BR_2,Cinepolis,Jabalpur 70,Jabalpur,Madhya Pradesh
TH_4834,BR_4,Miraj Cinemas,Howrah 343,Howrah,West Bengal
TH_4835,BR_4,Miraj Cinemas,Ludhiana 237,Ludhiana,Punjab
TH_4836,BR_3,INOX,Gaya 287,Gaya,Bihar
TH_4837,BR_1,Carnival Cinemas,Pune 194,Pune,Maharashtra
TH_4838,BR_4,Miraj Cinemas,Madurai 189,Madurai,Tamil Nadu
TH_4839,BR_4,Miraj Cinemas,Chennai 23,Chennai,Tamil Nadu
TH_4840,BR_3,INOX,Bhavnagar 355,Bhavnagar,Gujarat
TH_4841,BR_3,INOX,Bhavnagar 180,Bhavnagar,Gujarat
TH_4842,BR_3,INOX,Patiala 188,Patiala,Punjab
TH_4843,BR_6,Wave Cinemas,Bathinda 419,Bathinda,Punjab
TH_4844,BR_5,PVR Cinemas,Mysore 446,Mysore,Karnataka
TH_4845,BR_2,Cinepolis,Coimbatore 197,Coimbatore,Tamil Nadu
TH_4846,BR_6,Wave Cinemas,Gwalior 118,Gwalior,Madhya Pradesh
TH_4847,BR_1,Carnival Cinemas,Howrah 481,Howrah,West Bengal
TH_4848,BR_4,Miraj Cinemas,Muzaffarpur 140,Muzaffarpur,Bihar
TH_4849,BR_6,Wave Cinemas,Jodhpur 273,Jodhpur,Rajasthan
TH_4850,BR_1,Carnival Cinemas,Ludhiana 155,Ludhiana,Punjab
TH_4851,BR_6,Wave Cinemas,Rajkot 476,Rajkot,Gujarat
TH_4852,BR_4,Miraj Cinemas,Siliguri 355,Siliguri,West Bengal
TH_4853,BR_2,Cinepolis,Rajkot 53,Rajkot,Gujarat
TH_4854,BR_6,Wave Cinemas,Jaipur 402,Jaipur,Rajasthan
TH_4855,BR_1,Carnival Cinemas,Kanpur 415,Kanpur,Uttar Pradesh
TH_4856,BR_5,PVR Cinemas,Pune 144,Pune,Maharashtra
TH_4857,BR_1,Carnival Cinemas,Mysore 35,Mysore,Karnataka
TH_4858,BR_3,INOX,Bhagalpur 455,Bhagalpur,Bihar
TH_4859,BR_5,PVR Cinemas,Gwalior 12,Gwalior,Madhya Pradesh
TH_4860,BR_3,INOX,Patna 246,Patna,Bihar
TH_4861,BR_5,PVR Cinemas,Coimbatore 213,Coimbatore,Tamil Nadu
TH_4862,BR_1,Carnival Cinemas,Rajkot 372,Rajkot,Gujarat
TH_4863,BR_2,Cinepolis,Patna 340,Patna,Bihar
TH_4864,BR_1,Carnival Cinemas,Kolkata 25,Kolkata,West Bengal
TH_4865,BR_1,Carnival Cinemas,Gwalior 144,Gwalior,Madhya Pradesh
TH_4866,BR_6,Wave Cinemas,Ujjain 470,Ujjain,Madhya Pradesh
TH_4867,BR_4,Miraj Cinemas,Nashik 166,Nashik,Maharashtra
TH_4868,BR_6,Wave Cinemas,Varanasi 274,Varanasi,Uttar Pradesh
TH_4869,BR_4,Miraj Cinemas,Nashik 159,Nashik,Maharashtra
TH_4870,BR_5,PVR Cinemas,Jaipur 371,Jaipur,Rajasthan
TH_4871,BR_2,Cinepolis,Bangalore 112,Bangalore,Karnataka
TH_4872,BR_5,PVR Cinemas,Asansol 251,Asansol,West Bengal
TH_4873,BR_2,Cinepolis,Varanasi 32,Varanasi,Uttar Pradesh
TH_4874,BR_1,Carnival Cinemas,Siliguri 146,Siliguri,West Bengal
TH_4875,BR_2,Cinepolis,Rajkot 136,Rajkot,Gujarat
TH_4876,BR_3,INOX,Belgaum 400,Belgaum,Karnataka
TH_4877,BR_4,Miraj Cinemas,Ajmer 421,Ajmer,Rajasthan
TH_4878,BR_3,INOX,Asansol 220,Asansol,West Bengal
TH_4879,BR_6,Wave Cinemas,Jabalpur 323,Jabalpur,Madhya Pradesh
TH_4880,BR_2,Cinepolis,Salem 348,Salem,Tamil Nadu
TH_4881,BR_2,Cinepolis,Nagpur 369,Nagpur,Maharashtra
TH_4882,BR_4,Miraj Cinemas,Jalandhar 36,Jalandhar,Punjab
TH_4883,BR_1,Carnival Cinemas,Coimbatore 297,Coimbatore,Tamil Nadu
TH_4884,BR_2,Cinepolis,Tiruchirappalli 478,Tiruchirappalli,Tamil Nadu
TH_4885,BR_5,PVR Cinemas,Indore 340,Indore,Madhya Pradesh
TH_4886,BR_4,Miraj Cinemas,Tiruchirappalli 133,Tiruchirappalli,Tamil Nadu
TH_4887,BR_3,INOX,Vadodara 373,Vadodara,Gujarat
TH_4888,BR_1,Carnival Cinemas,Salem 295,Salem,Tamil Nadu
TH_4889,BR_1,Carnival Cinemas,Tiruchirappalli 23,Tiruchirappalli,Tamil Nadu
TH_4890,BR_4,Miraj Cinemas,Patiala 159,Patiala,Punjab
TH_4891,BR_4,Miraj Cinemas,Varanasi 248,Varanasi,Uttar Pradesh
TH_4892,BR_4,Miraj Cinemas,Patiala 383,Patiala,Punjab
TH_4893,BR_1,Carnival Cinemas,Patiala 170,Patiala,Punjab
TH_4894,BR_2,Cinepolis,Patna 163,Patna,Bihar
TH_4895,BR_1,Carnival Cinemas,Gwalior 54,Gwalior,Madhya Pradesh
TH_4896,BR_2,Cinepolis,Bangalore 281,Bangalore,Karnataka
TH_4897,BR_3,INOX,Durgapur 54,Durgapur,West Bengal
TH_4898,BR_1,Carnival Cinemas,Lucknow 327,Lucknow,Uttar Pradesh
TH_4899,BR_1,Carnival Cinemas,Surat 494,Surat,Gujarat
TH_4900,BR_3,INOX,Jalandhar 396,Jalandhar,Punjab
TH_4901,BR_6,Wave Cinemas,Bangalore 99,Bangalore,Karnataka
TH_4902,BR_2,Cinepolis,Kolkata 231,Kolkata,West Bengal
TH_4903,BR_1,Carnival Cinemas,Kota 373,Kota,Rajasthan
TH_4904,BR_6,Wave Cinemas,Bhopal 69,Bhopal,Madhya Pradesh
TH_4905,BR_6,Wave Cinemas,Gwalior 16,Gwalior,Madhya Pradesh
TH_4906,BR_6,Wave Cinemas,Agra 458,Agra,Uttar Pradesh
TH_4907,BR_1,Carnival Cinemas,Varanasi 405,Varanasi,Uttar Pradesh
TH_4908,BR_1,Carnival Cinemas,Siliguri 99,Siliguri,West Bengal
TH_4909,BR_2,Cinepolis,Lucknow 227,Lucknow,Uttar Pradesh
TH_4910,BR_5,PVR Cinemas,Muzaffarpur 246,Muzaffarpur,Bihar
TH_4911,BR_1,Carnival Cinemas,Udaipur 358,Udaipur,Rajasthan
TH_4912,BR_4,Miraj Cinemas,Durgapur 116,Durgapur,West Bengal
TH_4913,BR_3,INOX,Nagpur 51,Nagpur,Maharashtra
TH_4914,BR_3,INOX,Ujjain 67,Ujjain,Madhya Pradesh
TH_4915,BR_3,INOX,Ahmedabad 14,Ahmedabad,Gujarat
TH_4916,BR_4,Miraj Cinemas,Jabalpur 312,Jabalpur,Madhya Pradesh
TH_4917,BR_4,Miraj Cinemas,Bhagalpur 309,Bhagalpur,Bihar
TH_4918,BR_6,Wave Cinemas,Ludhiana 492,Ludhiana,Punjab
TH_4919,BR_3,INOX,Tiruchirappalli 87,Tiruchirappalli,Tamil Nadu
TH_4920,BR_1,Carnival Cinemas,Indore 170,Indore,Madhya Pradesh
TH_4921,BR_5,PVR Cinemas,Purnia 374,Purnia,Bihar
TH_4922,BR_2,Cinepolis,Bhagalpur 421,Bhagalpur,Bihar
TH_4923,BR_4,Miraj Cinemas,Jodhpur 201,Jodhpur,Rajasthan
TH_4924,BR_5,PVR Cinemas,Jodhpur 142,Jodhpur,Rajasthan
TH_4925,BR_3,INOX,Tiruchirappalli 427,Tiruchirappalli,Tamil Nadu
TH_4926,BR_6,Wave Cinemas,Jabalpur 482,Jabalpur,Madhya Pradesh
TH_4927,BR_6,Wave Cinemas,Bhavnagar 211,Bhavnagar,Gujarat
TH_4928,BR_5,PVR Cinemas,Madurai 382,Madurai,Tamil Nadu
TH_4929,BR_2,Cinepolis,Kota 452,Kota,Rajasthan
TH_4930,BR_4,Miraj Cinemas,Kota 239,Kota,Rajasthan
TH_4931,BR_3,INOX,Amritsar 53,Amritsar,Punjab
TH_4932,BR_5,PVR Cinemas,Gaya 426,Gaya,Bihar
TH_4933,BR_6,Wave Cinemas,Jaipur 290,Jaipur,Rajasthan
TH_4934,BR_6,Wave Cinemas,Chennai 488,Chennai,Tamil Nadu
TH_4935,BR_3,INOX,Bhavnagar 299,Bhavnagar,Gujarat
TH_4936,BR_4,Miraj Cinemas,Patiala 169,Patiala,Punjab
TH_4937,BR_3,INOX,Tiruchirappalli 246,Tiruchirappalli,Tamil Nadu
TH_4938,BR_4,Miraj Cinemas,Purnia 416,Purnia,Bihar
TH_4939,BR_1,Carnival Cinemas,Udaipur 143,Udaipur,Rajasthan
TH_4940,BR_5,PVR Cinemas,Varanasi 133,Varanasi,Uttar Pradesh
TH_4941,BR_3,INOX,Thane 472,Thane,Maharashtra
TH_4942,BR_1,Carnival Cinemas,Lucknow 469,Lucknow,Uttar Pradesh
TH_4943,BR_5,PVR Cinemas,Patiala 392,Patiala,Punjab
TH_4944,BR_3,INOX,Bathinda 424,Bathinda,Punjab
TH_4945,BR_1,Carnival Cinemas,Amritsar 53,Amritsar,Punjab
TH_4946,BR_4,Miraj Cinemas,Kolkata 314,Kolkata,West Bengal
TH_4947,BR_5,PVR Cinemas,Kolkata 22,Kolkata,West Bengal
TH_4948,BR_2,Cinepolis,Bathinda 137,Bathinda,Punjab
TH_4949,BR_6,Wave Cinemas,Indore 455,Indore,Madhya Pradesh
TH_4950,BR_5,PVR Cinemas,Durgapur 458,Durgapur,West Bengal
TH_4951,BR_2,Cinepolis,Chennai 125,Chennai,Tamil Nadu
TH_4952,BR_2,Cinepolis,Patiala 294,Patiala,Punjab
TH_4953,BR_5,PVR Cinemas,Gwalior 223,Gwalior,Madhya Pradesh
TH_4954,BR_1,Carnival Cinemas,Siliguri 58,Siliguri,West Bengal
TH_4955,BR_5,PVR Cinemas,Mumbai 121,Mumbai,Maharashtra
TH_4956,BR_1,Carnival Cinemas,Jalandhar 344,Jalandhar,Punjab
TH_4957,BR_3,INOX,Chennai 470,Chennai,Tamil Nadu
TH_4958,BR_1,Carnival Cinemas,Siliguri 318,Siliguri,West Bengal
TH_4959,BR_6,Wave Cinemas,Mysore 225,Mysore,Karnataka
TH_4960,BR_6,Wave Cinemas,Jabalpur 463,Jabalpur,Madhya Pradesh
TH_4961,BR_4,Miraj Cinemas,Bhavnagar 304,Bhavnagar,Gujarat
TH_4962,BR_6,Wave Cinemas,Agra 291,Agra,Uttar Pradesh
TH_4963,BR_2,Cinepolis,Siliguri 185,Siliguri,West Bengal
TH_4964,BR_3,INOX,Coimbatore 40,Coimbatore,Tamil Nadu
TH_4965,BR_5,PVR Cinemas,Vadodara 369,Vadodara,Gujarat
TH_4966,BR_2,Cinepolis,Purnia 435,Purnia,Bihar
TH_4967,BR_5,PVR Cinemas,Mumbai 338,Mumbai,Maharashtra
TH_4968,BR_5,PVR Cinemas,Belgaum 298,Belgaum,Karnataka
TH_4969,BR_4,Miraj Cinemas,Ajmer 10,Ajmer,Rajasthan
TH_4970,BR_2,Cinepolis,Indore 249,Indore,Madhya Pradesh
TH_4971,BR_4,Miraj Cinemas,Bangalore 406,Bangalore,Karnataka
TH_4972,BR_5,PVR Cinemas,Bhagalpur 176,Bhagalpur,Bihar
TH_4973,BR_3,INOX,Ajmer 418,Ajmer,Rajasthan
TH_4974,BR_6,Wave Cinemas,Patna 355,Patna,Bihar
TH_4975,BR_3,INOX,Jodhpur 1,Jodhpur,Rajasthan
TH_4976,BR_4,Miraj Cinemas,Asansol 169,Asansol,West Bengal
TH_4977,BR_4,Miraj Cinemas,Salem 467,Salem,Tamil Nadu
TH_4978,BR_5,PVR Cinemas,Ludhiana 471,Ludhiana,Punjab
TH_4979,BR_5,PVR Cinemas,Bhavnagar 193,Bhavnagar,Gujarat
TH_4980,BR_5,PVR Cinemas,Ludhiana 449,Ludhiana,Punjab
TH_4981,BR_5,PVR Cinemas,Siliguri 211,Siliguri,West Bengal
TH_4982,BR_4,Miraj Cinemas,Mangalore 143,Mangalore,Karnataka
TH_4983,BR_6,Wave Cinemas,Patiala 20,Patiala,Punjab
TH_4984,BR_3,INOX,Varanasi 198,Varanasi,Uttar Pradesh
TH_4985,BR_6,Wave Cinemas,Pune 484,Pune,Maharashtra
TH_4986,BR_2,Cinepolis,Ajmer 258,Ajmer,Rajasthan
TH_4987,BR_4,Miraj Cinemas,Kolkata 187,Kolkata,West Bengal
TH_4988,BR_4,Miraj Cinemas,Bhavnagar 339,Bhavnagar,Gujarat
TH_4989,BR_6,Wave Cinemas,Bhagalpur 85,Bhagalpur,Bihar
TH_4990,BR_1,Carnival Cinemas,Madurai 122,Madurai,Tamil Nadu
TH_4991,BR_5,PVR Cinemas,Agra 413,Agra,Uttar Pradesh
TH_4992,BR_1,Carnival Cinemas,Purnia 175,Purnia,Bihar
TH_4993,BR_6,Wave Cinemas,Kota 388,Kota,Rajasthan
TH_4994,BR_4,Miraj Cinemas,Madurai 387,Madurai,Tamil Nadu
TH_4995,BR_3,INOX,Ahmedabad 264,Ahmedabad,Gujarat
TH_4996,BR_2,Cinepolis,Bhavnagar 248,Bhavnagar,Gujarat
TH_4997,BR_3,INOX,Jalandhar 415,Jalandhar,Punjab
TH_4998,BR_1,Carnival Cinemas,Nashik 293,Nashik,Maharashtra
TH_4999,BR_1,Carnival Cinemas,Udaipur 409,Udaipur,Rajasthan
TH_5000,BR_4,Miraj Cinemas,Udaipur 289,Udaipur,Rajasthan
TH_5001,BR_5,PVR Cinemas,Bhopal 413,Bhopal,Madhya Pradesh
TH_5002,BR_1,Carnival Cinemas,Vadodara 75,Vadodara,Gujarat
TH_5003,BR_2,Cinepolis,Chennai 165,Chennai,Tamil Nadu
TH_5004,BR_6,Wave Cinemas,Bhagalpur 359,Bhagalpur,Bihar
TH_5005,BR_2,Cinepolis,Gwalior 404,Gwalior,Madhya Pradesh
TH_5006,BR_3,INOX,Asansol 34,Asansol,West Bengal
TH_5007,BR_2,Cinepolis,Kota 251,Kota,Rajasthan
TH_5008,BR_4,Miraj Cinemas,Howrah 82,Howrah,West Bengal
TH_5009,BR_6,Wave Cinemas,Coimbatore 151,Coimbatore,Tamil Nadu
TH_5010,BR_1,Carnival Cinemas,Salem 70,Salem,Tamil Nadu
TH_5011,BR_2,Cinepolis,Pune 499,Pune,Maharashtra
TH_5012,BR_4,Miraj Cinemas,Mangalore 71,Mangalore,Karnataka
TH_5013,BR_4,Miraj Cinemas,Ajmer 296,Ajmer,Rajasthan
TH_5014,BR_6,Wave Cinemas,Kolkata 241,Kolkata,West Bengal
TH_5015,BR_5,PVR Cinemas,Mumbai 126,Mumbai,Maharashtra
TH_5016,BR_5,PVR Cinemas,Rajkot 450,Rajkot,Gujarat
TH_5017,BR_5,PVR Cinemas,Agra 81,Agra,Uttar Pradesh
TH_5018,BR_4,Miraj Cinemas,Thane 198,Thane,Maharashtra
TH_5019,BR_6,Wave Cinemas,Siliguri 441,Siliguri,West Bengal
TH_5020,BR_4,Miraj Cinemas,Kolkata 260,Kolkata,West Bengal
TH_5021,BR_4,Miraj Cinemas,Rajkot 160,Rajkot,Gujarat
TH_5022,BR_2,Cinepolis,Lucknow 325,Lucknow,Uttar Pradesh
TH_5023,BR_3,INOX,Salem 49,Salem,Tamil Nadu
TH_5024,BR_1,Carnival Cinemas,Nagpur 154,Nagpur,Maharashtra
TH_5025,BR_4,Miraj Cinemas,Durgapur 321,Durgapur,West Bengal
TH_5026,BR_6,Wave Cinemas,Belgaum 222,Belgaum,Karnataka
TH_5027,BR_3,INOX,Tiruchirappalli 454,Tiruchirappalli,Tamil Nadu
TH_5028,BR_4,Miraj Cinemas,Bhavnagar 149,Bhavnagar,Gujarat
TH_5029,BR_5,PVR Cinemas,Patna 47,Patna,Bihar
TH_5030,BR_1,Carnival Cinemas,Bhopal 133,Bhopal,Madhya Pradesh
TH_5031,BR_1,Carnival Cinemas,Gaya 417,Gaya,Bihar
TH_5032,BR_5,PVR Cinemas,Tiruchirappalli 322,Tiruchirappalli,Tamil Nadu
TH_5033,BR_1,Carnival Cinemas,Meerut 154,Meerut,Uttar Pradesh
TH_5034,BR_2,Cinepolis,Bathinda 1,Bathinda,Punjab
TH_5035,BR_3,INOX,Bathinda 334,Bathinda,Punjab
TH_5036,BR_3,INOX,Jalandhar 175,Jalandhar,Punjab
TH_5037,BR_6,Wave Cinemas,Jodhpur 402,Jodhpur,Rajasthan
TH_5038,BR_2,Cinepolis,Chennai 461,Chennai,Tamil Nadu
TH_5039,BR_6,Wave Cinemas,Bangalore 461,Bangalore,Karnataka
TH_5040,BR_2,Cinepolis,Vadodara 105,Vadodara,Gujarat
TH_5041,BR_3,INOX,Tiruchirappalli 356,Tiruchirappalli,Tamil Nadu
TH_5042,BR_5,PVR Cinemas,Thane 56,Thane,Maharashtra
TH_5043,BR_1,Carnival Cinemas,Mumbai 103,Mumbai,Maharashtra
TH_5044,BR_2,Cinepolis,Durgapur 52,Durgapur,West Bengal
TH_5045,BR_3,INOX,Asansol 72,Asansol,West Bengal
TH_5046,BR_6,Wave Cinemas,Mysore 178,Mysore,Karnataka
TH_5047,BR_1,Carnival Cinemas,Kanpur 172,Kanpur,Uttar Pradesh
TH_5048,BR_6,Wave Cinemas,Gaya 364,Gaya,Bihar
TH_5049,BR_4,Miraj Cinemas,Kanpur 31,Kanpur,Uttar Pradesh
TH_5050,BR_2,Cinepolis,Lucknow 178,Lucknow,Uttar Pradesh
TH_5051,BR_3,INOX,Kanpur 107,Kanpur,Uttar Pradesh
TH_5052,BR_3,INOX,Kota 90,Kota,Rajasthan
TH_5053,BR_3,INOX,Purnia 155,Purnia,Bihar
TH_5054,BR_2,Cinepolis,Udaipur 35,Udaipur,Rajasthan
TH_5055,BR_5,PVR Cinemas,Mumbai 272,Mumbai,Maharashtra
TH_5056,BR_4,Miraj Cinemas,Vadodara 447,Vadodara,Gujarat
TH_5057,BR_5,PVR Cinemas,Udaipur 386,Udaipur,Rajasthan
TH_5058,BR_1,Carnival Cinemas,Durgapur 142,Durgapur,West Bengal
TH_5059,BR_1,Carnival Cinemas,Amritsar 61,Amritsar,Punjab
TH_5060,BR_3,INOX,Asansol 202,Asansol,West Bengal
TH_5061,BR_6,Wave Cinemas,Belgaum 292,Belgaum,Karnataka
TH_5062,BR_6,Wave Cinemas,Jaipur 194,Jaipur,Rajasthan
TH_5063,BR_4,Miraj Cinemas,Pune 379,Pune,Maharashtra
TH_5064,BR_4,Miraj Cinemas,Bathinda 147,Bathinda,Punjab
TH_5065,BR_1,Carnival Cinemas,Ujjain 358,Ujjain,Madhya Pradesh
TH_5066,BR_1,Carnival Cinemas,Siliguri 343,Siliguri,West Bengal
TH_5067,BR_4,Miraj Cinemas,Coimbatore 292,Coimbatore,Tamil Nadu
TH_5068,BR_3,INOX,Bathinda 97,Bathinda,Punjab
TH_5069,BR_5,PVR Cinemas,Jodhpur 382,Jodhpur,Rajasthan
TH_5070,BR_6,Wave Cinemas,Gwalior 284,Gwalior,Madhya Pradesh
TH_5071,BR_2,Cinepolis,Jaipur 380,Jaipur,Rajasthan
TH_5072,BR_5,PVR Cinemas,Ujjain 309,Ujjain,Madhya Pradesh
TH_5073,BR_1,Carnival Cinemas,Mysore 461,Mysore,Karnataka
TH_5074,BR_4,Miraj Cinemas,Kanpur 128,Kanpur,Uttar Pradesh
TH_5075,BR_2,Cinepolis,Durgapur 313,Durgapur,West Bengal
TH_5076,BR_6,Wave Cinemas,Bhagalpur 402,Bhagalpur,Bihar
TH_5077,BR_5,PVR Cinemas,Asansol 418,Asansol,West Bengal
TH_5078,BR_4,Miraj Cinemas,Bathinda 398,Bathinda,Punjab
TH_5079,BR_5,PVR Cinemas,Bhavnagar 64,Bhavnagar,Gujarat
TH_5080,BR_3,INOX,Belgaum 171,Belgaum,Karnataka
TH_5081,BR_3,INOX,Muzaffarpur 181,Muzaffarpur,Bihar
TH_5082,BR_5,PVR Cinemas,Bangalore 264,Bangalore,Karnataka
TH_5083,BR_2,Cinepolis,Mysore 232,Mysore,Karnataka
TH_5084,BR_2,Cinepolis,Thane 221,Thane,Maharashtra
TH_5085,BR_3,INOX,Varanasi 460,Varanasi,Uttar Pradesh
TH_5086,BR_2,Cinepolis,Siliguri 338,Siliguri,West Bengal
TH_5087,BR_6,Wave Cinemas,Patna 56,Patna,Bihar
TH_5088,BR_3,INOX,Jalandhar 335,Jalandhar,Punjab
TH_5089,BR_4,Miraj Cinemas,Thane 313,Thane,Maharashtra
TH_5090,BR_3,INOX,Mysore 343,Mysore,Karnataka
TH_5091,BR_4,Miraj Cinemas,Agra 395,Agra,Uttar Pradesh
TH_5092,BR_2,Cinepolis,Ajmer 445,Ajmer,Rajasthan
TH_5093,BR_1,Carnival Cinemas,Mumbai 59,Mumbai,Maharashtra
TH_5094,BR_5,PVR Cinemas,Surat 487,Surat,Gujarat
TH_5095,BR_1,Carnival Cinemas,Purnia 373,Purnia,Bihar
TH_5096,BR_1,Carnival Cinemas,Gaya 283,Gaya,Bihar
TH_5097,BR_3,INOX,Mangalore 439,Mangalore,Karnataka
TH_5098,BR_6,Wave Cinemas,Jalandhar 67,Jalandhar,Punjab
TH_5099,BR_6,Wave Cinemas,Thane 419,Thane,Maharashtra
TH_5100,BR_3,INOX,Jodhpur 265,Jodhpur,Rajasthan
TH_5101,BR_6,Wave Cinemas,Patna 177,Patna,Bihar
TH_5102,BR_4,Miraj Cinemas,Kolkata 106,Kolkata,West Bengal
TH_5103,BR_3,INOX,Patiala 24,Patiala,Punjab
TH_5104,BR_1,Carnival Cinemas,Salem 474,Salem,Tamil Nadu
TH_5105,BR_4,Miraj Cinemas,Jalandhar 484,Jalandhar,Punjab
TH_5106,BR_1,Carnival Cinemas,Varanasi 100,Varanasi,Uttar Pradesh
TH_5107,BR_6,Wave Cinemas,Asansol 47,Asansol,West Bengal
TH_5108,BR_6,Wave Cinemas,Rajkot 265,Rajkot,Gujarat
TH_5109,BR_4,Miraj Cinemas,Patiala 106,Patiala,Punjab
TH_5110,BR_5,PVR Cinemas,Hubli 47,Hubli,Karnataka
TH_5111,BR_3,INOX,Surat 180,Surat,Gujarat
TH_5112,BR_6,Wave Cinemas,Bhagalpur 223,Bhagalpur,Bihar
TH_5113,BR_1,Carnival Cinemas,Udaipur 100,Udaipur,Rajasthan
TH_5114,BR_2,Cinepolis,Ajmer 98,Ajmer,Rajasthan
TH_5115,BR_2,Cinepolis,Belgaum 16,Belgaum,Karnataka
TH_5116,BR_4,Miraj Cinemas,Lucknow 288,Lucknow,Uttar Pradesh
TH_5117,BR_4,Miraj Cinemas,Kanpur 295,Kanpur,Uttar Pradesh
TH_5118,BR_6,Wave Cinemas,Chennai 310,Chennai,Tamil Nadu
TH_5119,BR_4,Miraj Cinemas,Varanasi 106,Varanasi,Uttar Pradesh
TH_5120,BR_1,Carnival Cinemas,Durgapur 500,Durgapur,West Bengal
TH_5121,BR_4,Miraj Cinemas,Howrah 267,Howrah,West Bengal
TH_5122,BR_4,Miraj Cinemas,Belgaum 57,Belgaum,Karnataka
TH_5123,BR_3,INOX,Kolkata 171,Kolkata,West Bengal
TH_5124,BR_4,Miraj Cinemas,Jaipur 498,Jaipur,Rajasthan
TH_5125,BR_2,Cinepolis,Patiala 84,Patiala,Punjab
TH_5126,BR_3,INOX,Gaya 59,Gaya,Bihar
TH_5127,BR_1,Carnival Cinemas,Mangalore 482,Mangalore,Karnataka
TH_5128,BR_5,PVR Cinemas,Kota 471,Kota,Rajasthan
TH_5129,BR_5,PVR Cinemas,Udaipur 179,Udaipur,Rajasthan
TH_5130,BR_4,Miraj Cinemas,Jabalpur 30,Jabalpur,Madhya Pradesh
TH_5131,BR_4,Miraj Cinemas,Siliguri 44,Siliguri,West Bengal
TH_5132,BR_2,Cinepolis,Muzaffarpur 31,Muzaffarpur,Bihar
TH_5133,BR_2,Cinepolis,Amritsar 204,Amritsar,Punjab
TH_5134,BR_1,Carnival Cinemas,Asansol 286,Asansol,West Bengal
TH_5135,BR_5,PVR Cinemas,Belgaum 226,Belgaum,Karnataka
TH_5136,BR_2,Cinepolis,Kota 467,Kota,Rajasthan
TH_5137,BR_3,INOX,Rajkot 458,Rajkot,Gujarat
TH_5138,BR_4,Miraj Cinemas,Bathinda 299,Bathinda,Punjab
TH_5139,BR_6,Wave Cinemas,Hubli 467,Hubli,Karnataka
TH_5140,BR_4,Miraj Cinemas,Salem 45,Salem,Tamil Nadu
TH_5141,BR_1,Carnival Cinemas,Belgaum 410,Belgaum,Karnataka
TH_5142,BR_6,Wave Cinemas,Bhagalpur 219,Bhagalpur,Bihar
TH_5143,BR_1,Carnival Cinemas,Nagpur 221,Nagpur,Maharashtra
TH_5144,BR_5,PVR Cinemas,Purnia 258,Purnia,Bihar
TH_5145,BR_4,Miraj Cinemas,Chennai 300,Chennai,Tamil Nadu
TH_5146,BR_4,Miraj Cinemas,Lucknow 173,Lucknow,Uttar Pradesh
TH_5147,BR_1,Carnival Cinemas,Varanasi 80,Varanasi,Uttar Pradesh
TH_5148,BR_6,Wave Cinemas,Nashik 368,Nashik,Maharashtra
TH_5149,BR_1,Carnival Cinemas,Ludhiana 110,Ludhiana,Punjab
TH_5150,BR_3,INOX,Belgaum 84,Belgaum,Karnataka
TH_5151,BR_4,Miraj Cinemas,Udaipur 301,Udaipur,Rajasthan
TH_5152,BR_1,Carnival Cinemas,Siliguri 421,Siliguri,West Bengal
TH_5153,BR_1,Carnival Cinemas,Siliguri 318,Siliguri,West Bengal
TH_5154,BR_3,INOX,Siliguri 170,Siliguri,West Bengal
TH_5155,BR_1,Carnival Cinemas,Varanasi 379,Varanasi,Uttar Pradesh
TH_5156,BR_1,Carnival Cinemas,Salem 128,Salem,Tamil Nadu
TH_5157,BR_3,INOX,Gaya 307,Gaya,Bihar
TH_5158,BR_3,INOX,Bhavnagar 467,Bhavnagar,Gujarat
TH_5159,BR_4,Miraj Cinemas,Ahmedabad 99,Ahmedabad,Gujarat
TH_5160,BR_6,Wave Cinemas,Thane 244,Thane,Maharashtra
TH_5161,BR_1,Carnival Cinemas,Jaipur 209,Jaipur,Rajasthan
TH_5162,BR_3,INOX,Muzaffarpur 66,Muzaffarpur,Bihar
TH_5163,BR_5,PVR Cinemas,Surat 329,Surat,Gujarat
TH_5164,BR_1,Carnival Cinemas,Lucknow 118,Lucknow,Uttar Pradesh
TH_5165,BR_2,Cinepolis,Gwalior 321,Gwalior,Madhya Pradesh
TH_5166,BR_5,PVR Cinemas,Meerut 294,Meerut,Uttar Pradesh
TH_5167,BR_5,PVR Cinemas,Agra 111,Agra,Uttar Pradesh
TH_5168,BR_6,Wave Cinemas,Tiruchirappalli 402,Tiruchirappalli,Tamil Nadu
TH_5169,BR_5,PVR Cinemas,Kolkata 473,Kolkata,West Bengal
TH_5170,BR_5,PVR Cinemas,Kota 107,Kota,Rajasthan
TH_5171,BR_6,Wave Cinemas,Jalandhar 177,Jalandhar,Punjab
TH_5172,BR_1,Carnival Cinemas,Mysore 301,Mysore,Karnataka
TH_5173,BR_1,Carnival Cinemas,Thane 49,Thane,Maharashtra
TH_5174,BR_4,Miraj Cinemas,Patna 226,Patna,Bihar
TH_5175,BR_6,Wave Cinemas,Pune 211,Pune,Maharashtra
TH_5176,BR_2,Cinepolis,Ahmedabad 414,Ahmedabad,Gujarat
TH_5177,BR_6,Wave Cinemas,Patna 67,Patna,Bihar
TH_5178,BR_4,Miraj Cinemas,Lucknow 291,Lucknow,Uttar Pradesh
TH_5179,BR_6,Wave Cinemas,Surat 297,Surat,Gujarat
TH_5180,BR_6,Wave Cinemas,Thane 289,Thane,Maharashtra
TH_5181,BR_1,Carnival Cinemas,Nagpur 495,Nagpur,Maharashtra
TH_5182,BR_3,INOX,Kota 380,Kota,Rajasthan
TH_5183,BR_3,INOX,Kolkata 331,Kolkata,West Bengal
TH_5184,BR_6,Wave Cinemas,Nashik 306,Nashik,Maharashtra
TH_5185,BR_3,INOX,Hubli 434,Hubli,Karnataka
TH_5186,BR_1,Carnival Cinemas,Gaya 346,Gaya,Bihar
TH_5187,BR_5,PVR Cinemas,Patna 461,Patna,Bihar
TH_5188,BR_3,INOX,Kanpur 270,Kanpur,Uttar Pradesh
TH_5189,BR_3,INOX,Gaya 444,Gaya,Bihar
TH_5190,BR_1,Carnival Cinemas,Chennai 424,Chennai,Tamil Nadu
TH_5191,BR_3,INOX,Nagpur 206,Nagpur,Maharashtra
TH_5192,BR_2,Cinepolis,Howrah 211,Howrah,West Bengal
TH_5193,BR_6,Wave Cinemas,Vadodara 163,Vadodara,Gujarat
TH_5194,BR_3,INOX,Patna 299,Patna,Bihar
TH_5195,BR_4,Miraj Cinemas,Ajmer 392,Ajmer,Rajasthan
TH_5196,BR_4,Miraj Cinemas,Mumbai 213,Mumbai,Maharashtra
TH_5197,BR_6,Wave Cinemas,Purnia 28,Purnia,Bihar
TH_5198,BR_4,Miraj Cinemas,Tiruchirappalli 364,Tiruchirappalli,Tamil Nadu
TH_5199,BR_4,Miraj Cinemas,Hubli 479,Hubli,Karnataka
TH_5200,BR_6,Wave Cinemas,Bhavnagar 106,Bhavnagar,Gujarat
TH_5201,BR_3,INOX,Jalandhar 395,Jalandhar,Punjab
TH_5202,BR_2,Cinepolis,Kolkata 377,Kolkata,West Bengal
TH_5203,BR_1,Carnival Cinemas,Salem 162,Salem,Tamil Nadu
TH_5204,BR_5,PVR Cinemas,Ludhiana 183,Ludhiana,Punjab
TH_5205,BR_4,Miraj Cinemas,Meerut 180,Meerut,Uttar Pradesh
TH_5206,BR_1,Carnival Cinemas,Vadodara 167,Vadodara,Gujarat
TH_5207,BR_2,Cinepolis,Bhagalpur 308,Bhagalpur,Bihar
TH_5208,BR_1,Carnival Cinemas,Belgaum 284,Belgaum,Karnataka
TH_5209,BR_6,Wave Cinemas,Indore 34,Indore,Madhya Pradesh
TH_5210,BR_1,Carnival Cinemas,Belgaum 286,Belgaum,Karnataka
TH_5211,BR_1,Carnival Cinemas,Mangalore 367,Mangalore,Karnataka
TH_5212,BR_6,Wave Cinemas,Lucknow 103,Lucknow,Uttar Pradesh
TH_5213,BR_2,Cinepolis,Purnia 289,Purnia,Bihar
TH_5214,BR_5,PVR Cinemas,Amritsar 257,Amritsar,Punjab
TH_5215,BR_3,INOX,Tiruchirappalli 344,Tiruchirappalli,Tamil Nadu
TH_5216,BR_1,Carnival Cinemas,Belgaum 155,Belgaum,Karnataka
TH_5217,BR_2,Cinepolis,Bhavnagar 360,Bhavnagar,Gujarat
TH_5218,BR_2,Cinepolis,Coimbatore 183,Coimbatore,Tamil Nadu
TH_5219,BR_5,PVR Cinemas,Salem 319,Salem,Tamil Nadu
TH_5220,BR_4,Miraj Cinemas,Kanpur 275,Kanpur,Uttar Pradesh
TH_5221,BR_2,Cinepolis,Bhopal 88,Bhopal,Madhya Pradesh
TH_5222,BR_3,INOX,Kota 266,Kota,Rajasthan
TH_5223,BR_4,Miraj Cinemas,Udaipur 75,Udaipur,Rajasthan
TH_5224,BR_6,Wave Cinemas,Purnia 417,Purnia,Bihar
TH_5225,BR_4,Miraj Cinemas,Chennai 33,Chennai,Tamil Nadu
TH_5226,BR_2,Cinepolis,Muzaffarpur 456,Muzaffarpur,Bihar
TH_5227,BR_1,Carnival Cinemas,Amritsar 128,Amritsar,Punjab
TH_5228,BR_5,PVR Cinemas,Durgapur 497,Durgapur,West Bengal
TH_5229,BR_2,Cinepolis,Kolkata 484,Kolkata,West Bengal
TH_5230,BR_2,Cinepolis,Ahmedabad 230,Ahmedabad,Gujarat
TH_5231,BR_6,Wave Cinemas,Nashik 482,Nashik,Maharashtra
TH_5232,BR_6,Wave Cinemas,Ahmedabad 383,Ahmedabad,Gujarat
TH_5233,BR_6,Wave Cinemas,Bangalore 10,Bangalore,Karnataka
TH_5234,BR_6,Wave Cinemas,Chennai 336,Chennai,Tamil Nadu
TH_5235,BR_1,Carnival Cinemas,Pune 8,Pune,Maharashtra
TH_5236,BR_2,Cinepolis,Thane 65,Thane,Maharashtra
TH_5237,BR_5,PVR Cinemas,Gwalior 221,Gwalior,Madhya Pradesh
TH_5238,BR_2,Cinepolis,Kolkata 250,Kolkata,West Bengal
TH_5239,BR_2,Cinepolis,Nagpur 21,Nagpur,Maharashtra
TH_5240,BR_4,Miraj Cinemas,Asansol 389,Asansol,West Bengal
TH_5241,BR_1,Carnival Cinemas,Coimbatore 6,Coimbatore,Tamil Nadu
TH_5242,BR_4,Miraj Cinemas,Gwalior 54,Gwalior,Madhya Pradesh
TH_5243,BR_5,PVR Cinemas,Bhopal 329,Bhopal,Madhya Pradesh
TH_5244,BR_3,INOX,Kolkata 119,Kolkata,West Bengal
TH_5245,BR_5,PVR Cinemas,Mumbai 4,Mumbai,Maharashtra
TH_5246,BR_5,PVR Cinemas,Bhopal 29,Bhopal,Madhya Pradesh
TH_5247,BR_3,INOX,Belgaum 70,Belgaum,Karnataka
TH_5248,BR_3,INOX,Varanasi 414,Varanasi,Uttar Pradesh
TH_5249,BR_1,Carnival Cinemas,Belgaum 54,Belgaum,Karnataka
TH_5250,BR_4,Miraj Cinemas,Mangalore 152,Mangalore,Karnataka
TH_5251,BR_6,Wave Cinemas,Rajkot 47,Rajkot,Gujarat
TH_5252,BR_2,Cinepolis,Indore 151,Indore,Madhya Pradesh
TH_5253,BR_2,Cinepolis,Surat 408,Surat,Gujarat
TH_5254,BR_3,INOX,Durgapur 335,Durgapur,West Bengal
TH_5255,BR_2,Cinepolis,Lucknow 352,Lucknow,Uttar Pradesh
TH_5256,BR_5,PVR Cinemas,Purnia 499,Purnia,Bihar
TH_5257,BR_3,INOX,Ludhiana 451,Ludhiana,Punjab
TH_5258,BR_5,PVR Cinemas,Asansol 3,Asansol,West Bengal
TH_5259,BR_2,Cinepolis,Belgaum 424,Belgaum,Karnataka
TH_5260,BR_4,Miraj Cinemas,Jodhpur 341,Jodhpur,Rajasthan
TH_5261,BR_6,Wave Cinemas,Kota 429,Kota,Rajasthan
TH_5262,BR_4,Miraj Cinemas,Bhavnagar 417,Bhavnagar,Gujarat
TH_5263,BR_2,Cinepolis,Indore 336,Indore,Madhya Pradesh
TH_5264,BR_5,PVR Cinemas,Salem 490,Salem,Tamil Nadu
TH_5265,BR_4,Miraj Cinemas,Mumbai 493,Mumbai,Maharashtra
TH_5266,BR_5,PVR Cinemas,Nashik 353,Nashik,Maharashtra
TH_5267,BR_3,INOX,Salem 104,Salem,Tamil Nadu
TH_5268,BR_6,Wave Cinemas,Meerut 442,Meerut,Uttar Pradesh
TH_5269,BR_2,Cinepolis,Patna 113,Patna,Bihar
TH_5270,BR_2,Cinepolis,Bangalore 38,Bangalore,Karnataka
TH_5271,BR_6,Wave Cinemas,Siliguri 124,Siliguri,West Bengal
TH_5272,BR_2,Cinepolis,Rajkot 156,Rajkot,Gujarat
TH_5273,BR_5,PVR Cinemas,Indore 264,Indore,Madhya Pradesh
TH_5274,BR_2,Cinepolis,Howrah 251,Howrah,West Bengal
TH_5275,BR_3,INOX,Hubli 257,Hubli,Karnataka
TH_5276,BR_4,Miraj Cinemas,Varanasi 336,Varanasi,Uttar Pradesh
TH_5277,BR_3,INOX,Belgaum 314,Belgaum,Karnataka
TH_5278,BR_3,INOX,Jaipur 358,Jaipur,Rajasthan
TH_5279,BR_3,INOX,Gwalior 211,Gwalior,Madhya Pradesh
TH_5280,BR_2,Cinepolis,Vadodara 246,Vadodara,Gujarat
TH_5281,BR_4,Miraj Cinemas,Ajmer 41,Ajmer,Rajasthan
TH_5282,BR_2,Cinepolis,Purnia 132,Purnia,Bihar
TH_5283,BR_5,PVR Cinemas,Vadodara 275,Vadodara,Gujarat
TH_5284,BR_3,INOX,Bangalore 302,Bangalore,Karnataka
TH_5285,BR_5,PVR Cinemas,Nagpur 133,Nagpur,Maharashtra
TH_5286,BR_3,INOX,Durgapur 281,Durgapur,West Bengal
TH_5287,BR_6,Wave Cinemas,Siliguri 217,Siliguri,West Bengal
TH_5288,BR_2,Cinepolis,Bhagalpur 398,Bhagalpur,Bihar
TH_5289,BR_5,PVR Cinemas,Meerut 105,Meerut,Uttar Pradesh
TH_5290,BR_6,Wave Cinemas,Salem 258,Salem,Tamil Nadu
TH_5291,BR_1,Carnival Cinemas,Gwalior 261,Gwalior,Madhya Pradesh
TH_5292,BR_5,PVR Cinemas,Mysore 493,Mysore,Karnataka
TH_5293,BR_3,INOX,Bangalore 161,Bangalore,Karnataka
TH_5294,BR_3,INOX,Howrah 223,Howrah,West Bengal
TH_5295,BR_3,INOX,Chennai 121,Chennai,Tamil Nadu
TH_5296,BR_2,Cinepolis,Meerut 493,Meerut,Uttar Pradesh
TH_5297,BR_4,Miraj Cinemas,Jalandhar 229,Jalandhar,Punjab
TH_5298,BR_5,PVR Cinemas,Coimbatore 468,Coimbatore,Tamil Nadu
TH_5299,BR_5,PVR Cinemas,Bhavnagar 433,Bhavnagar,Gujarat
TH_5300,BR_4,Miraj Cinemas,Hubli 327,Hubli,Karnataka
TH_5301,BR_2,Cinepolis,Jodhpur 279,Jodhpur,Rajasthan
TH_5302,BR_6,Wave Cinemas,Madurai 486,Madurai,Tamil Nadu
TH_5303,BR_3,INOX,Jaipur 181,Jaipur,Rajasthan
TH_5304,BR_2,Cinepolis,Jabalpur 152,Jabalpur,Madhya Pradesh
TH_5305,BR_3,INOX,Lucknow 24,Lucknow,Uttar Pradesh
TH_5306,BR_2,Cinepolis,Belgaum 151,Belgaum,Karnataka
TH_5307,BR_2,Cinepolis,Jabalpur 284,Jabalpur,Madhya Pradesh
TH_5308,BR_3,INOX,Tiruchirappalli 113,Tiruchirappalli,Tamil Nadu
TH_5309,BR_2,Cinepolis,Meerut 354,Meerut,Uttar Pradesh
TH_5310,BR_1,Carnival Cinemas,Nagpur 207,Nagpur,Maharashtra
TH_5311,BR_3,INOX,Pune 136,Pune,Maharashtra
TH_5312,BR_5,PVR Cinemas,Jabalpur 280,Jabalpur,Madhya Pradesh
TH_5313,BR_4,Miraj Cinemas,Gaya 40,Gaya,Bihar
TH_5314,BR_6,Wave Cinemas,Coimbatore 217,Coimbatore,Tamil Nadu
TH_5315,BR_2,Cinepolis,Bangalore 139,Bangalore,Karnataka
TH_5316,BR_5,PVR Cinemas,Purnia 364,Purnia,Bihar
TH_5317,BR_5,PVR Cinemas,Nagpur 398,Nagpur,Maharashtra
TH_5318,BR_3,INOX,Nagpur 248,Nagpur,Maharashtra
TH_5319,BR_5,PVR Cinemas,Thane 314,Thane,Maharashtra
TH_5320,BR_4,Miraj Cinemas,Lucknow 366,Lucknow,Uttar Pradesh
TH_5321,BR_5,PVR Cinemas,Ujjain 362,Ujjain,Madhya Pradesh
TH_5322,BR_3,INOX,Bathinda 149,Bathinda,Punjab
TH_5323,BR_6,Wave Cinemas,Kanpur 75,Kanpur,Uttar Pradesh
TH_5324,BR_1,Carnival Cinemas,Kota 75,Kota,Rajasthan
TH_5325,BR_5,PVR Cinemas,Thane 177,Thane,Maharashtra
TH_5326,BR_2,Cinepolis,Mangalore 484,Mangalore,Karnataka
TH_5327,BR_6,Wave Cinemas,Gwalior 48,Gwalior,Madhya Pradesh
TH_5328,BR_1,Carnival Cinemas,Ajmer 381,Ajmer,Rajasthan
TH_5329,BR_1,Carnival Cinemas,Mysore 219,Mysore,Karnataka
TH_5330,BR_6,Wave Cinemas,Pune 52,Pune,Maharashtra
TH_5331,BR_2,Cinepolis,Jaipur 386,Jaipur,Rajasthan
TH_5332,BR_4,Miraj Cinemas,Jaipur 359,Jaipur,Rajasthan
TH_5333,BR_2,Cinepolis,Gaya 328,Gaya,Bihar
TH_5334,BR_4,Miraj Cinemas,Coimbatore 39,Coimbatore,Tamil Nadu
TH_5335,BR_4,Miraj Cinemas,Jaipur 332,Jaipur,Rajasthan
TH_5336,BR_3,INOX,Jabalpur 477,Jabalpur,Madhya Pradesh
TH_5337,BR_1,Carnival Cinemas,Gwalior 171,Gwalior,Madhya Pradesh
TH_5338,BR_4,Miraj Cinemas,Bangalore 260,Bangalore,Karnataka
TH_5339,BR_4,Miraj Cinemas,Ajmer 256,Ajmer,Rajasthan
TH_5340,BR_3,INOX,Ajmer 278,Ajmer,Rajasthan
TH_5341,BR_3,INOX,Jodhpur 16,Jodhpur,Rajasthan
TH_5342,BR_3,INOX,Vadodara 497,Vadodara,Gujarat
TH_5343,BR_6,Wave Cinemas,Jodhpur 69,Jodhpur,Rajasthan
TH_5344,BR_5,PVR Cinemas,Chennai 496,Chennai,Tamil Nadu
TH_5345,BR_2,Cinepolis,Salem 409,Salem,Tamil Nadu
TH_5346,BR_6,Wave Cinemas,Hubli 119,Hubli,Karnataka
TH_5347,BR_1,Carnival Cinemas,Patna 111,Patna,Bihar
TH_5348,BR_4,Miraj Cinemas,Coimbatore 37,Coimbatore,Tamil Nadu
TH_5349,BR_6,Wave Cinemas,Rajkot 61,Rajkot,Gujarat
TH_5350,BR_1,Carnival Cinemas,Howrah 407,Howrah,West Bengal
TH_5351,BR_6,Wave Cinemas,Mumbai 287,Mumbai,Maharashtra
TH_5352,BR_4,Miraj Cinemas,Bhavnagar 375,Bhavnagar,Gujarat
TH_5353,BR_2,Cinepolis,Mangalore 234,Mangalore,Karnataka
TH_5354,BR_6,Wave Cinemas,Bhagalpur 117,Bhagalpur,Bihar
TH_5355,BR_1,Carnival Cinemas,Bhopal 35,Bhopal,Madhya Pradesh
TH_5356,BR_5,PVR Cinemas,Belgaum 171,Belgaum,Karnataka
TH_5357,BR_1,Carnival Cinemas,Jalandhar 365,Jalandhar,Punjab
TH_5358,BR_3,INOX,Jabalpur 474,Jabalpur,Madhya Pradesh
TH_5359,BR_5,PVR Cinemas,Agra 168,Agra,Uttar Pradesh
TH_5360,BR_3,INOX,Ajmer 200,Ajmer,Rajasthan
TH_5361,BR_5,PVR Cinemas,Coimbatore 475,Coimbatore,Tamil Nadu
TH_5362,BR_1,Carnival Cinemas,Jalandhar 271,Jalandhar,Punjab
TH_5363,BR_2,Cinepolis,Patna 254,Patna,Bihar
TH_5364,BR_1,Carnival Cinemas,Lucknow 141,Lucknow,Uttar Pradesh
TH_5365,BR_1,Carnival Cinemas,Vadodara 95,Vadodara,Gujarat
TH_5366,BR_6,Wave Cinemas,Tiruchirappalli 131,Tiruchirappalli,Tamil Nadu
TH_5367,BR_4,Miraj Cinemas,Pune 427,Pune,Maharashtra
TH_5368,BR_6,Wave Cinemas,Ahmedabad 348,Ahmedabad,Gujarat
TH_5369,BR_4,Miraj Cinemas,Tiruchirappalli 180,Tiruchirappalli,Tamil Nadu
TH_5370,BR_5,PVR Cinemas,Purnia 425,Purnia,Bihar
TH_5371,BR_2,Cinepolis,Madurai 108,Madurai,Tamil Nadu
TH_5372,BR_5,PVR Cinemas,Purnia 352,Purnia,Bihar
TH_5373,BR_2,Cinepolis,Ahmedabad 86,Ahmedabad,Gujarat
TH_5374,BR_1,Carnival Cinemas,Patiala 6,Patiala,Punjab
TH_5375,BR_2,Cinepolis,Asansol 419,Asansol,West Bengal
TH_5376,BR_3,INOX,Mumbai 217,Mumbai,Maharashtra
TH_5377,BR_4,Miraj Cinemas,Patiala 266,Patiala,Punjab
TH_5378,BR_3,INOX,Gaya 159,Gaya,Bihar
TH_5379,BR_6,Wave Cinemas,Ujjain 477,Ujjain,Madhya Pradesh
TH_5380,BR_2,Cinepolis,Chennai 157,Chennai,Tamil Nadu
TH_5381,BR_2,Cinepolis,Thane 80,Thane,Maharashtra
TH_5382,BR_4,Miraj Cinemas,Coimbatore 407,Coimbatore,Tamil Nadu
TH_5383,BR_1,Carnival Cinemas,Ahmedabad 365,Ahmedabad,Gujarat
TH_5384,BR_2,Cinepolis,Kanpur 150,Kanpur,Uttar Pradesh
TH_5385,BR_5,PVR Cinemas,Lucknow 340,Lucknow,Uttar Pradesh
TH_5386,BR_4,Miraj Cinemas,Purnia 33,Purnia,Bihar
TH_5387,BR_3,INOX,Belgaum 261,Belgaum,Karnataka
TH_5388,BR_1,Carnival Cinemas,Jaipur 51,Jaipur,Rajasthan
TH_5389,BR_1,Carnival Cinemas,Bhopal 221,Bhopal,Madhya Pradesh
TH_5390,BR_4,Miraj Cinemas,Mysore 40,Mysore,Karnataka
TH_5391,BR_4,Miraj Cinemas,Salem 28,Salem,Tamil Nadu
TH_5392,BR_4,Miraj Cinemas,Pune 41,Pune,Maharashtra
TH_5393,BR_1,Carnival Cinemas,Ujjain 350,Ujjain,Madhya Pradesh
TH_5394,BR_2,Cinepolis,Mumbai 121,Mumbai,Maharashtra
TH_5395,BR_1,Carnival Cinemas,Jalandhar 181,Jalandhar,Punjab
TH_5396,BR_2,Cinepolis,Kanpur 332,Kanpur,Uttar Pradesh
TH_5397,BR_3,INOX,Chennai 307,Chennai,Tamil Nadu
TH_5398,BR_1,Carnival Cinemas,Lucknow 283,Lucknow,Uttar Pradesh
TH_5399,BR_1,Carnival Cinemas,Howrah 350,Howrah,West Bengal
TH_5400,BR_3,INOX,Purnia 345,Purnia,Bihar
TH_5401,BR_6,Wave Cinemas,Tiruchirappalli 398,Tiruchirappalli,Tamil Nadu
TH_5402,BR_2,Cinepolis,Rajkot 44,Rajkot,Gujarat
TH_5403,BR_1,Carnival Cinemas,Nashik 237,Nashik,Maharashtra
TH_5404,BR_6,Wave Cinemas,Kanpur 271,Kanpur,Uttar Pradesh
TH_5405,BR_6,Wave Cinemas,Gaya 296,Gaya,Bihar
TH_5406,BR_6,Wave Cinemas,Mumbai 380,Mumbai,Maharashtra
TH_5407,BR_1,Carnival Cinemas,Bathinda 25,Bathinda,Punjab
TH_5408,BR_1,Carnival Cinemas,Jalandhar 141,Jalandhar,Punjab
TH_5409,BR_2,Cinepolis,Jalandhar 88,Jalandhar,Punjab
TH_5410,BR_5,PVR Cinemas,Tiruchirappalli 389,Tiruchirappalli,Tamil Nadu
TH_5411,BR_1,Carnival Cinemas,Howrah 422,Howrah,West Bengal
TH_5412,BR_4,Miraj Cinemas,Thane 371,Thane,Maharashtra
TH_5413,BR_3,INOX,Muzaffarpur 279,Muzaffarpur,Bihar
TH_5414,BR_3,INOX,Jaipur 414,Jaipur,Rajasthan
TH_5415,BR_3,INOX,Purnia 25,Purnia,Bihar
TH_5416,BR_4,Miraj Cinemas,Mumbai 396,Mumbai,Maharashtra
TH_5417,BR_4,Miraj Cinemas,Kanpur 291,Kanpur,Uttar Pradesh
TH_5418,BR_6,Wave Cinemas,Bhopal 21,Bhopal,Madhya Pradesh
TH_5419,BR_3,INOX,Patna 422,Patna,Bihar
TH_5420,BR_1,Carnival Cinemas,Nashik 398,Nashik,Maharashtra
TH_5421,BR_5,PVR Cinemas,Ajmer 293,Ajmer,Rajasthan
TH_5422,BR_2,Cinepolis,Belgaum 133,Belgaum,Karnataka
TH_5423,BR_4,Miraj Cinemas,Meerut 119,Meerut,Uttar Pradesh
TH_5424,BR_5,PVR Cinemas,Bhopal 122,Bhopal,Madhya Pradesh
TH_5425,BR_3,INOX,Ludhiana 347,Ludhiana,Punjab
TH_5426,BR_6,Wave Cinemas,Coimbatore 41,Coimbatore,Tamil Nadu
TH_5427,BR_6,Wave Cinemas,Patna 308,Patna,Bihar
TH_5428,BR_5,PVR Cinemas,Nagpur 423,Nagpur,Maharashtra
TH_5429,BR_2,Cinepolis,Nashik 322,Nashik,Maharashtra
TH_5430,BR_4,Miraj Cinemas,Ludhiana 369,Ludhiana,Punjab
TH_5431,BR_3,INOX,Indore 172,Indore,Madhya Pradesh
TH_5432,BR_5,PVR Cinemas,Vadodara 55,Vadodara,Gujarat
TH_5433,BR_6,Wave Cinemas,Salem 54,Salem,Tamil Nadu
TH_5434,BR_6,Wave Cinemas,Madurai 246,Madurai,Tamil Nadu
TH_5435,BR_3,INOX,Varanasi 264,Varanasi,Uttar Pradesh
TH_5436,BR_4,Miraj Cinemas,Ujjain 184,Ujjain,Madhya Pradesh
TH_5437,BR_3,INOX,Madurai 198,Madurai,Tamil Nadu
TH_5438,BR_4,Miraj Cinemas,Asansol 77,Asansol,West Bengal
TH_5439,BR_1,Carnival Cinemas,Muzaffarpur 160,Muzaffarpur,Bihar
TH_5440,BR_5,PVR Cinemas,Varanasi 104,Varanasi,Uttar Pradesh
TH_5441,BR_3,INOX,Rajkot 380,Rajkot,Gujarat
TH_5442,BR_1,Carnival Cinemas,Jaipur 156,Jaipur,Rajasthan
TH_5443,BR_5,PVR Cinemas,Bhagalpur 118,Bhagalpur,Bihar
TH_5444,BR_3,INOX,Ujjain 328,Ujjain,Madhya Pradesh
TH_5445,BR_1,Carnival Cinemas,Rajkot 43,Rajkot,Gujarat
TH_5446,BR_4,Miraj Cinemas,Kanpur 191,Kanpur,Uttar Pradesh
TH_5447,BR_5,PVR Cinemas,Purnia 328,Purnia,Bihar
TH_5448,BR_2,Cinepolis,Muzaffarpur 259,Muzaffarpur,Bihar
TH_5449,BR_6,Wave Cinemas,Surat 247,Surat,Gujarat
TH_5450,BR_5,PVR Cinemas,Ludhiana 334,Ludhiana,Punjab
TH_5451,BR_2,Cinepolis,Bangalore 61,Bangalore,Karnataka
TH_5452,BR_2,Cinepolis,Tiruchirappalli 463,Tiruchirappalli,Tamil Nadu
TH_5453,BR_5,PVR Cinemas,Salem 372,Salem,Tamil Nadu
TH_5454,BR_1,Carnival Cinemas,Mangalore 404,Mangalore,Karnataka
TH_5455,BR_5,PVR Cinemas,Varanasi 86,Varanasi,Uttar Pradesh
TH_5456,BR_1,Carnival Cinemas,Kanpur 428,Kanpur,Uttar Pradesh
TH_5457,BR_3,INOX,Kota 118,Kota,Rajasthan
TH_5458,BR_1,Carnival Cinemas,Thane 483,Thane,Maharashtra
TH_5459,BR_6,Wave Cinemas,Kolkata 440,Kolkata,West Bengal
TH_5460,BR_6,Wave Cinemas,Jabalpur 138,Jabalpur,Madhya Pradesh
TH_5461,BR_4,Miraj Cinemas,Thane 198,Thane,Maharashtra
TH_5462,BR_6,Wave Cinemas,Bhopal 378,Bhopal,Madhya Pradesh
TH_5463,BR_2,Cinepolis,Kota 170,Kota,Rajasthan
TH_5464,BR_3,INOX,Bhopal 115,Bhopal,Madhya Pradesh
TH_5465,BR_5,PVR Cinemas,Surat 434,Surat,Gujarat
TH_5466,BR_2,Cinepolis,Mysore 261,Mysore,Karnataka
TH_5467,BR_5,PVR Cinemas,Belgaum 135,Belgaum,Karnataka
TH_5468,BR_5,PVR Cinemas,Agra 354,Agra,Uttar Pradesh
TH_5469,BR_4,Miraj Cinemas,Bhopal 171,Bhopal,Madhya Pradesh
TH_5470,BR_2,Cinepolis,Mumbai 256,Mumbai,Maharashtra
TH_5471,BR_4,Miraj Cinemas,Rajkot 462,Rajkot,Gujarat
TH_5472,BR_5,PVR Cinemas,Kolkata 427,Kolkata,West Bengal
TH_5473,BR_3,INOX,Lucknow 382,Lucknow,Uttar Pradesh
TH_5474,BR_6,Wave Cinemas,Asansol 137,Asansol,West Bengal
TH_5475,BR_3,INOX,Jabalpur 394,Jabalpur,Madhya Pradesh
TH_5476,BR_4,Miraj Cinemas,Ajmer 26,Ajmer,Rajasthan
TH_5477,BR_4,Miraj Cinemas,Gaya 326,Gaya,Bihar
TH_5478,BR_5,PVR Cinemas,Agra 51,Agra,Uttar Pradesh
TH_5479,BR_5,PVR Cinemas,Surat 281,Surat,Gujarat
TH_5480,BR_5,PVR Cinemas,Jaipur 411,Jaipur,Rajasthan
TH_5481,BR_5,PVR Cinemas,Durgapur 127,Durgapur,West Bengal
TH_5482,BR_4,Miraj Cinemas,Purnia 35,Purnia,Bihar
TH_5483,BR_6,Wave Cinemas,Ludhiana 469,Ludhiana,Punjab
TH_5484,BR_3,INOX,Kanpur 305,Kanpur,Uttar Pradesh
TH_5485,BR_6,Wave Cinemas,Rajkot 388,Rajkot,Gujarat
TH_5486,BR_2,Cinepolis,Varanasi 347,Varanasi,Uttar Pradesh
TH_5487,BR_4,Miraj Cinemas,Howrah 23,Howrah,West Bengal
TH_5488,BR_4,Miraj Cinemas,Ajmer 443,Ajmer,Rajasthan
TH_5489,BR_6,Wave Cinemas,Tiruchirappalli 252,Tiruchirappalli,Tamil Nadu
TH_5490,BR_1,Carnival Cinemas,Agra 104,Agra,Uttar Pradesh
TH_5491,BR_5,PVR Cinemas,Patiala 58,Patiala,Punjab
TH_5492,BR_1,Carnival Cinemas,Jabalpur 159,Jabalpur,Madhya Pradesh
TH_5493,BR_6,Wave Cinemas,Bhavnagar 343,Bhavnagar,Gujarat
TH_5494,BR_4,Miraj Cinemas,Jalandhar 8,Jalandhar,Punjab
TH_5495,BR_3,INOX,Jaipur 203,Jaipur,Rajasthan
TH_5496,BR_2,Cinepolis,Meerut 138,Meerut,Uttar Pradesh
TH_5497,BR_3,INOX,Muzaffarpur 195,Muzaffarpur,Bihar
TH_5498,BR_1,Carnival Cinemas,Coimbatore 371,Coimbatore,Tamil Nadu
TH_5499,BR_1,Carnival Cinemas,Gwalior 411,Gwalior,Madhya Pradesh
TH_5500,BR_4,Miraj Cinemas,Udaipur 97,Udaipur,Rajasthan
TH_5501,BR_5,PVR Cinemas,Patna 335,Patna,Bihar
TH_5502,BR_1,Carnival Cinemas,Chennai 379,Chennai,Tamil Nadu
TH_5503,BR_2,Cinepolis,Muzaffarpur 408,Muzaffarpur,Bihar
TH_5504,BR_6,Wave Cinemas,Nashik 324,Nashik,Maharashtra
TH_5505,BR_2,Cinepolis,Mumbai 205,Mumbai,Maharashtra
TH_5506,BR_3,INOX,Jalandhar 450,Jalandhar,Punjab
TH_5507,BR_2,Cinepolis,Ludhiana 477,Ludhiana,Punjab
TH_5508,BR_4,Miraj Cinemas,Vadodara 16,Vadodara,Gujarat
TH_5509,BR_6,Wave Cinemas,Kolkata 206,Kolkata,West Bengal
TH_5510,BR_1,Carnival Cinemas,Coimbatore 336,Coimbatore,Tamil Nadu
TH_5511,BR_2,Cinepolis,Rajkot 19,Rajkot,Gujarat
TH_5512,BR_4,Miraj Cinemas,Muzaffarpur 294,Muzaffarpur,Bihar
TH_5513,BR_4,Miraj Cinemas,Mangalore 349,Mangalore,Karnataka
TH_5514,BR_6,Wave Cinemas,Udaipur 143,Udaipur,Rajasthan
TH_5515,BR_5,PVR Cinemas,Surat 361,Surat,Gujarat
TH_5516,BR_5,PVR Cinemas,Mangalore 150,Mangalore,Karnataka
TH_5517,BR_5,PVR Cinemas,Mysore 331,Mysore,Karnataka
TH_5518,BR_4,Miraj Cinemas,Bhavnagar 182,Bhavnagar,Gujarat
TH_5519,BR_6,Wave Cinemas,Bhavnagar 233,Bhavnagar,Gujarat
TH_5520,BR_4,Miraj Cinemas,Muzaffarpur 343,Muzaffarpur,Bihar
TH_5521,BR_4,Miraj Cinemas,Udaipur 190,Udaipur,Rajasthan
TH_5522,BR_2,Cinepolis,Hubli 460,Hubli,Karnataka
TH_5523,BR_3,INOX,Bhopal 14,Bhopal,Madhya Pradesh
TH_5524,BR_1,Carnival Cinemas,Ahmedabad 276,Ahmedabad,Gujarat
TH_5525,BR_4,Miraj Cinemas,Varanasi 216,Varanasi,Uttar Pradesh
TH_5526,BR_6,Wave Cinemas,Mangalore 185,Mangalore,Karnataka
TH_5527,BR_3,INOX,Bathinda 100,Bathinda,Punjab
TH_5528,BR_4,Miraj Cinemas,Bhopal 355,Bhopal,Madhya Pradesh
TH_5529,BR_5,PVR Cinemas,Ujjain 467,Ujjain,Madhya Pradesh
TH_5530,BR_1,Carnival Cinemas,Siliguri 353,Siliguri,West Bengal
TH_5531,BR_1,Carnival Cinemas,Mysore 212,Mysore,Karnataka
TH_5532,BR_5,PVR Cinemas,Gaya 51,Gaya,Bihar
TH_5533,BR_1,Carnival Cinemas,Gaya 349,Gaya,Bihar
TH_5534,BR_2,Cinepolis,Hubli 80,Hubli,Karnataka
TH_5535,BR_3,INOX,Purnia 492,Purnia,Bihar
TH_5536,BR_3,INOX,Pune 356,Pune,Maharashtra
TH_5537,BR_6,Wave Cinemas,Bathinda 182,Bathinda,Punjab
TH_5538,BR_2,Cinepolis,Lucknow 74,Lucknow,Uttar Pradesh
TH_5539,BR_6,Wave Cinemas,Bhagalpur 145,Bhagalpur,Bihar
TH_5540,BR_2,Cinepolis,Bathinda 15,Bathinda,Punjab
TH_5541,BR_3,INOX,Surat 370,Surat,Gujarat
TH_5542,BR_5,PVR Cinemas,Nagpur 237,Nagpur,Maharashtra
TH_5543,BR_1,Carnival Cinemas,Indore 43,Indore,Madhya Pradesh
TH_5544,BR_2,Cinepolis,Salem 231,Salem,Tamil Nadu
TH_5545,BR_3,INOX,Udaipur 355,Udaipur,Rajasthan
TH_5546,BR_6,Wave Cinemas,Gwalior 65,Gwalior,Madhya Pradesh
TH_5547,BR_1,Carnival Cinemas,Bhagalpur 466,Bhagalpur,Bihar
TH_5548,BR_6,Wave Cinemas,Mangalore 304,Mangalore,Karnataka
TH_5549,BR_4,Miraj Cinemas,Nashik 34,Nashik,Maharashtra
TH_5550,BR_2,Cinepolis,Howrah 171,Howrah,West Bengal
TH_5551,BR_3,INOX,Bangalore 461,Bangalore,Karnataka
TH_5552,BR_3,INOX,Tiruchirappalli 311,Tiruchirappalli,Tamil Nadu
TH_5553,BR_3,INOX,Jodhpur 70,Jodhpur,Rajasthan
TH_5554,BR_2,Cinepolis,Bhagalpur 18,Bhagalpur,Bihar
TH_5555,BR_5,PVR Cinemas,Bathinda 312,Bathinda,Punjab
TH_5556,BR_4,Miraj Cinemas,Jaipur 442,Jaipur,Rajasthan
TH_5557,BR_5,PVR Cinemas,Bangalore 263,Bangalore,Karnataka
TH_5558,BR_1,Carnival Cinemas,Bangalore 262,Bangalore,Karnataka
TH_5559,BR_1,Carnival Cinemas,Salem 181,Salem,Tamil Nadu
TH_5560,BR_3,INOX,Varanasi 80,Varanasi,Uttar Pradesh
TH_5561,BR_6,Wave Cinemas,Nashik 480,Nashik,Maharashtra
TH_5562,BR_6,Wave Cinemas,Mumbai 134,Mumbai,Maharashtra
TH_5563,BR_4,Miraj Cinemas,Kanpur 311,Kanpur,Uttar Pradesh
TH_5564,BR_4,Miraj Cinemas,Ajmer 9,Ajmer,Rajasthan
TH_5565,BR_1,Carnival Cinemas,Jodhpur 128,Jodhpur,Rajasthan
TH_5566,BR_1,Carnival Cinemas,Bhagalpur 469,Bhagalpur,Bihar
TH_5567,BR_4,Miraj Cinemas,Mysore 367,Mysore,Karnataka
TH_5568,BR_3,INOX,Belgaum 189,Belgaum,Karnataka
TH_5569,BR_5,PVR Cinemas,Kota 160,Kota,Rajasthan
TH_5570,BR_6,Wave Cinemas,Bangalore 120,Bangalore,Karnataka
TH_5571,BR_2,Cinepolis,Kanpur 142,Kanpur,Uttar Pradesh
TH_5572,BR_5,PVR Cinemas,Bhopal 161,Bhopal,Madhya Pradesh
TH_5573,BR_1,Carnival Cinemas,Durgapur 312,Durgapur,West Bengal
TH_5574,BR_4,Miraj Cinemas,Patna 174,Patna,Bihar
TH_5575,BR_2,Cinepolis,Patna 401,Patna,Bihar
TH_5576,BR_6,Wave Cinemas,Varanasi 79,Varanasi,Uttar Pradesh
TH_5577,BR_5,PVR Cinemas,Vadodara 228,Vadodara,Gujarat
TH_5578,BR_4,Miraj Cinemas,Belgaum 84,Belgaum,Karnataka
TH_5579,BR_5,PVR Cinemas,Muzaffarpur 405,Muzaffarpur,Bihar
TH_5580,BR_3,INOX,Hubli 306,Hubli,Karnataka
TH_5581,BR_3,INOX,Purnia 416,Purnia,Bihar
TH_5582,BR_5,PVR Cinemas,Kolkata 322,Kolkata,West Bengal
TH_5583,BR_2,Cinepolis,Durgapur 341,Durgapur,West Bengal
TH_5584,BR_2,Cinepolis,Agra 105,Agra,Uttar Pradesh
TH_5585,BR_3,INOX,Vadodara 229,Vadodara,Gujarat
TH_5586,BR_2,Cinepolis,Patna 473,Patna,Bihar
TH_5587,BR_6,Wave Cinemas,Purnia 144,Purnia,Bihar
TH_5588,BR_3,INOX,Meerut 169,Meerut,Uttar Pradesh
TH_5589,BR_4,Miraj Cinemas,Bhopal 41,Bhopal,Madhya Pradesh
TH_5590,BR_3,INOX,Ahmedabad 500,Ahmedabad,Gujarat
TH_5591,BR_4,Miraj Cinemas,Bathinda 500,Bathinda,Punjab
TH_5592,BR_2,Cinepolis,Agra 346,Agra,Uttar Pradesh
TH_5593,BR_1,Carnival Cinemas,Tiruchirappalli 38,Tiruchirappalli,Tamil Nadu
TH_5594,BR_5,PVR Cinemas,Bhopal 340,Bhopal,Madhya Pradesh
TH_5595,BR_1,Carnival Cinemas,Surat 234,Surat,Gujarat
TH_5596,BR_1,Carnival Cinemas,Patna 131,Patna,Bihar
TH_5597,BR_3,INOX,Nagpur 197,Nagpur,Maharashtra
TH_5598,BR_6,Wave Cinemas,Mangalore 111,Mangalore,Karnataka
TH_5599,BR_6,Wave Cinemas,Nashik 100,Nashik,Maharashtra
TH_5600,BR_3,INOX,Mysore 463,Mysore,Karnataka
TH_5601,BR_6,Wave Cinemas,Ajmer 149,Ajmer,Rajasthan
TH_5602,BR_4,Miraj Cinemas,Patna 88,Patna,Bihar
TH_5603,BR_3,INOX,Jodhpur 158,Jodhpur,Rajasthan
TH_5604,BR_1,Carnival Cinemas,Pune 279,Pune,Maharashtra
TH_5605,BR_4,Miraj Cinemas,Coimbatore 356,Coimbatore,Tamil Nadu
TH_5606,BR_1,Carnival Cinemas,Kolkata 465,Kolkata,West Bengal
TH_5607,BR_6,Wave Cinemas,Bhavnagar 41,Bhavnagar,Gujarat
TH_5608,BR_6,Wave Cinemas,Mangalore 301,Mangalore,Karnataka
TH_5609,BR_4,Miraj Cinemas,Amritsar 131,Amritsar,Punjab
TH_5610,BR_5,PVR Cinemas,Kota 116,Kota,Rajasthan
TH_5611,BR_3,INOX,Nashik 471,Nashik,Maharashtra
TH_5612,BR_6,Wave Cinemas,Ahmedabad 53,Ahmedabad,Gujarat
TH_5613,BR_1,Carnival Cinemas,Ludhiana 109,Ludhiana,Punjab
TH_5614,BR_2,Cinepolis,Patiala 381,Patiala,Punjab
TH_5615,BR_2,Cinepolis,Hubli 271,Hubli,Karnataka
TH_5616,BR_4,Miraj Cinemas,Ajmer 40,Ajmer,Rajasthan
TH_5617,BR_4,Miraj Cinemas,Kota 240,Kota,Rajasthan
TH_5618,BR_6,Wave Cinemas,Madurai 133,Madurai,Tamil Nadu
TH_5619,BR_4,Miraj Cinemas,Nagpur 151,Nagpur,Maharashtra
TH_5620,BR_1,Carnival Cinemas,Durgapur 183,Durgapur,West Bengal
TH_5621,BR_4,Miraj Cinemas,Patna 138,Patna,Bihar
TH_5622,BR_4,Miraj Cinemas,Jaipur 52,Jaipur,Rajasthan
TH_5623,BR_3,INOX,Belgaum 207,Belgaum,Karnataka
TH_5624,BR_4,Miraj Cinemas,Bathinda 214,Bathinda,Punjab
TH_5625,BR_2,Cinepolis,Coimbatore 257,Coimbatore,Tamil Nadu
TH_5626,BR_3,INOX,Rajkot 466,Rajkot,Gujarat
TH_5627,BR_1,Carnival Cinemas,Bhavnagar 306,Bhavnagar,Gujarat
TH_5628,BR_5,PVR Cinemas,Meerut 101,Meerut,Uttar Pradesh
TH_5629,BR_5,PVR Cinemas,Bathinda 340,Bathinda,Punjab
TH_5630,BR_4,Miraj Cinemas,Mumbai 54,Mumbai,Maharashtra
TH_5631,BR_4,Miraj Cinemas,Vadodara 309,Vadodara,Gujarat
TH_5632,BR_2,Cinepolis,Chennai 385,Chennai,Tamil Nadu
TH_5633,BR_2,Cinepolis,Gaya 92,Gaya,Bihar
TH_5634,BR_1,Carnival Cinemas,Agra 388,Agra,Uttar Pradesh
TH_5635,BR_5,PVR Cinemas,Mysore 112,Mysore,Karnataka
TH_5636,BR_2,Cinepolis,Jabalpur 307,Jabalpur,Madhya Pradesh
TH_5637,BR_3,INOX,Amritsar 441,Amritsar,Punjab
TH_5638,BR_4,Miraj Cinemas,Udaipur 31,Udaipur,Rajasthan
TH_5639,BR_6,Wave Cinemas,Bhopal 459,Bhopal,Madhya Pradesh
TH_5640,BR_4,Miraj Cinemas,Indore 353,Indore,Madhya Pradesh
TH_5641,BR_1,Carnival Cinemas,Bhagalpur 86,Bhagalpur,Bihar
TH_5642,BR_6,Wave Cinemas,Mysore 91,Mysore,Karnataka
TH_5643,BR_1,Carnival Cinemas,Gaya 265,Gaya,Bihar
TH_5644,BR_5,PVR Cinemas,Tiruchirappalli 195,Tiruchirappalli,Tamil Nadu
TH_5645,BR_4,Miraj Cinemas,Jalandhar 41,Jalandhar,Punjab
TH_5646,BR_4,Miraj Cinemas,Belgaum 210,Belgaum,Karnataka
TH_5647,BR_1,Carnival Cinemas,Chennai 406,Chennai,Tamil Nadu
TH_5648,BR_6,Wave Cinemas,Coimbatore 148,Coimbatore,Tamil Nadu
TH_5649,BR_1,Carnival Cinemas,Bathinda 336,Bathinda,Punjab
TH_5650,BR_3,INOX,Pune 127,Pune,Maharashtra
TH_5651,BR_4,Miraj Cinemas,Belgaum 416,Belgaum,Karnataka
TH_5652,BR_1,Carnival Cinemas,Purnia 380,Purnia,Bihar
TH_5653,BR_1,Carnival Cinemas,Patiala 400,Patiala,Punjab
TH_5654,BR_3,INOX,Kota 22,Kota,Rajasthan
TH_5655,BR_1,Carnival Cinemas,Udaipur 451,Udaipur,Rajasthan
TH_5656,BR_1,Carnival Cinemas,Patiala 409,Patiala,Punjab
TH_5657,BR_3,INOX,Hubli 347,Hubli,Karnataka
TH_5658,BR_3,INOX,Howrah 484,Howrah,West Bengal
TH_5659,BR_4,Miraj Cinemas,Bhavnagar 142,Bhavnagar,Gujarat
TH_5660,BR_6,Wave Cinemas,Udaipur 149,Udaipur,Rajasthan
TH_5661,BR_1,Carnival Cinemas,Bangalore 171,Bangalore,Karnataka
TH_5662,BR_3,INOX,Vadodara 158,Vadodara,Gujarat
TH_5663,BR_5,PVR Cinemas,Jodhpur 271,Jodhpur,Rajasthan
TH_5664,BR_1,Carnival Cinemas,Howrah 324,Howrah,West Bengal
TH_5665,BR_2,Cinepolis,Kolkata 477,Kolkata,West Bengal
TH_5666,BR_5,PVR Cinemas,Meerut 107,Meerut,Uttar Pradesh
TH_5667,BR_5,PVR Cinemas,Jabalpur 365,Jabalpur,Madhya Pradesh
TH_5668,BR_6,Wave Cinemas,Bhavnagar 285,Bhavnagar,Gujarat
TH_5669,BR_5,PVR Cinemas,Thane 233,Thane,Maharashtra
TH_5670,BR_5,PVR Cinemas,Tiruchirappalli 354,Tiruchirappalli,Tamil Nadu
TH_5671,BR_6,Wave Cinemas,Purnia 56,Purnia,Bihar
TH_5672,BR_1,Carnival Cinemas,Agra 201,Agra,Uttar Pradesh
TH_5673,BR_1,Carnival Cinemas,Kolkata 366,Kolkata,West Bengal
TH_5674,BR_4,Miraj Cinemas,Meerut 221,Meerut,Uttar Pradesh
TH_5675,BR_6,Wave Cinemas,Tiruchirappalli 496,Tiruchirappalli,Tamil Nadu
TH_5676,BR_2,Cinepolis,Howrah 302,Howrah,West Bengal
TH_5677,BR_6,Wave Cinemas,Bhagalpur 295,Bhagalpur,Bihar
TH_5678,BR_4,Miraj Cinemas,Coimbatore 239,Coimbatore,Tamil Nadu
TH_5679,BR_6,Wave Cinemas,Siliguri 282,Siliguri,West Bengal
TH_5680,BR_6,Wave Cinemas,Bhopal 174,Bhopal,Madhya Pradesh
TH_5681,BR_1,Carnival Cinemas,Meerut 214,Meerut,Uttar Pradesh
TH_5682,BR_3,INOX,Varanasi 255,Varanasi,Uttar Pradesh
TH_5683,BR_3,INOX,Jabalpur 404,Jabalpur,Madhya Pradesh
TH_5684,BR_6,Wave Cinemas,Jalandhar 75,Jalandhar,Punjab
TH_5685,BR_3,INOX,Surat 389,Surat,Gujarat
TH_5686,BR_1,Carnival Cinemas,Nagpur 111,Nagpur,Maharashtra
TH_5687,BR_5,PVR Cinemas,Belgaum 400,Belgaum,Karnataka
TH_5688,BR_3,INOX,Ajmer 31,Ajmer,Rajasthan
TH_5689,BR_3,INOX,Indore 453,Indore,Madhya Pradesh
TH_5690,BR_1,Carnival Cinemas,Gwalior 447,Gwalior,Madhya Pradesh
TH_5691,BR_3,INOX,Purnia 331,Purnia,Bihar
TH_5692,BR_2,Cinepolis,Nagpur 473,Nagpur,Maharashtra
TH_5693,BR_6,Wave Cinemas,Ahmedabad 437,Ahmedabad,Gujarat
TH_5694,BR_3,INOX,Salem 359,Salem,Tamil Nadu
TH_5695,BR_4,Miraj Cinemas,Siliguri 247,Siliguri,West Bengal
TH_5696,BR_4,Miraj Cinemas,Thane 13,Thane,Maharashtra
TH_5697,BR_6,Wave Cinemas,Hubli 495,Hubli,Karnataka
TH_5698,BR_4,Miraj Cinemas,Durgapur 384,Durgapur,West Bengal
TH_5699,BR_4,Miraj Cinemas,Rajkot 177,Rajkot,Gujarat
TH_5700,BR_6,Wave Cinemas,Indore 345,Indore,Madhya Pradesh
TH_5701,BR_3,INOX,Kolkata 3,Kolkata,West Bengal
TH_5702,BR_2,Cinepolis,Chennai 84,Chennai,Tamil Nadu
TH_5703,BR_1,Carnival Cinemas,Ludhiana 20,Ludhiana,Punjab
TH_5704,BR_5,PVR Cinemas,Madurai 287,Madurai,Tamil Nadu
TH_5705,BR_4,Miraj Cinemas,Nagpur 79,Nagpur,Maharashtra
TH_5706,BR_1,Carnival Cinemas,Chennai 294,Chennai,Tamil Nadu
TH_5707,BR_2,Cinepolis,Varanasi 147,Varanasi,Uttar Pradesh
TH_5708,BR_1,Carnival Cinemas,Siliguri 161,Siliguri,West Bengal
TH_5709,BR_6,Wave Cinemas,Rajkot 40,Rajkot,Gujarat
TH_5710,BR_1,Carnival Cinemas,Amritsar 389,Amritsar,Punjab
TH_5711,BR_1,Carnival Cinemas,Amritsar 9,Amritsar,Punjab
TH_5712,BR_6,Wave Cinemas,Purnia 48,Purnia,Bihar
TH_5713,BR_2,Cinepolis,Jabalpur 143,Jabalpur,Madhya Pradesh
TH_5714,BR_5,PVR Cinemas,Rajkot 486,Rajkot,Gujarat
TH_5715,BR_3,INOX,Bhagalpur 184,Bhagalpur,Bihar
TH_5716,BR_1,Carnival Cinemas,Ahmedabad 490,Ahmedabad,Gujarat
TH_5717,BR_2,Cinepolis,Gwalior 340,Gwalior,Madhya Pradesh
TH_5718,BR_2,Cinepolis,Durgapur 235,Durgapur,West Bengal
TH_5719,BR_5,PVR Cinemas,Lucknow 411,Lucknow,Uttar Pradesh
TH_5720,BR_4,Miraj Cinemas,Jabalpur 329,Jabalpur,Madhya Pradesh
TH_5721,BR_2,Cinepolis,Rajkot 186,Rajkot,Gujarat
TH_5722,BR_3,INOX,Rajkot 384,Rajkot,Gujarat
TH_5723,BR_4,Miraj Cinemas,Thane 427,Thane,Maharashtra
TH_5724,BR_6,Wave Cinemas,Jabalpur 282,Jabalpur,Madhya Pradesh
TH_5725,BR_4,Miraj Cinemas,Siliguri 219,Siliguri,West Bengal
TH_5726,BR_2,Cinepolis,Ahmedabad 241,Ahmedabad,Gujarat
TH_5727,BR_1,Carnival Cinemas,Indore 104,Indore,Madhya Pradesh
TH_5728,BR_5,PVR Cinemas,Gaya 424,Gaya,Bihar
TH_5729,BR_2,Cinepolis,Durgapur 68,Durgapur,West Bengal
TH_5730,BR_2,Cinepolis,Agra 362,Agra,Uttar Pradesh
TH_5731,BR_6,Wave Cinemas,Salem 442,Salem,Tamil Nadu
TH_5732,BR_6,Wave Cinemas,Gaya 269,Gaya,Bihar
TH_5733,BR_6,Wave Cinemas,Ujjain 334,Ujjain,Madhya Pradesh
TH_5734,BR_6,Wave Cinemas,Lucknow 453,Lucknow,Uttar Pradesh
TH_5735,BR_1,Carnival Cinemas,Tiruchirappalli 25,Tiruchirappalli,Tamil Nadu
TH_5736,BR_2,Cinepolis,Bangalore 241,Bangalore,Karnataka
TH_5737,BR_5,PVR Cinemas,Amritsar 408,Amritsar,Punjab
TH_5738,BR_2,Cinepolis,Siliguri 120,Siliguri,West Bengal
TH_5739,BR_2,Cinepolis,Rajkot 123,Rajkot,Gujarat
TH_5740,BR_4,Miraj Cinemas,Bathinda 105,Bathinda,Punjab
TH_5741,BR_1,Carnival Cinemas,Hubli 466,Hubli,Karnataka
TH_5742,BR_4,Miraj Cinemas,Meerut 338,Meerut,Uttar Pradesh
TH_5743,BR_5,PVR Cinemas,Patna 151,Patna,Bihar
TH_5744,BR_3,INOX,Purnia 64,Purnia,Bihar
TH_5745,BR_5,PVR Cinemas,Amritsar 103,Amritsar,Punjab
TH_5746,BR_5,PVR Cinemas,Jaipur 194,Jaipur,Rajasthan
TH_5747,BR_3,INOX,Agra 246,Agra,Uttar Pradesh
TH_5748,BR_3,INOX,Howrah 288,Howrah,West Bengal
TH_5749,BR_1,Carnival Cinemas,Jaipur 74,Jaipur,Rajasthan
TH_5750,BR_4,Miraj Cinemas,Mangalore 93,Mangalore,Karnataka
TH_5751,BR_6,Wave Cinemas,Bangalore 250,Bangalore,Karnataka
TH_5752,BR_2,Cinepolis,Bhagalpur 3,Bhagalpur,Bihar
TH_5753,BR_2,Cinepolis,Gwalior 11,Gwalior,Madhya Pradesh
TH_5754,BR_3,INOX,Ujjain 409,Ujjain,Madhya Pradesh
TH_5755,BR_2,Cinepolis,Mangalore 26,Mangalore,Karnataka
TH_5756,BR_5,PVR Cinemas,Vadodara 161,Vadodara,Gujarat
TH_5757,BR_3,INOX,Kanpur 61,Kanpur,Uttar Pradesh
TH_5758,BR_5,PVR Cinemas,Rajkot 497,Rajkot,Gujarat
TH_5759,BR_2,Cinepolis,Ujjain 325,Ujjain,Madhya Pradesh
TH_5760,BR_4,Miraj Cinemas,Belgaum 428,Belgaum,Karnataka
TH_5761,BR_6,Wave Cinemas,Nashik 232,Nashik,Maharashtra
TH_5762,BR_4,Miraj Cinemas,Tiruchirappalli 426,Tiruchirappalli,Tamil Nadu
TH_5763,BR_2,Cinepolis,Hubli 29,Hubli,Karnataka
TH_5764,BR_5,PVR Cinemas,Ahmedabad 115,Ahmedabad,Gujarat
TH_5765,BR_4,Miraj Cinemas,Mumbai 6,Mumbai,Maharashtra
TH_5766,BR_5,PVR Cinemas,Coimbatore 213,Coimbatore,Tamil Nadu
TH_5767,BR_3,INOX,Nashik 16,Nashik,Maharashtra
TH_5768,BR_6,Wave Cinemas,Meerut 38,Meerut,Uttar Pradesh
TH_5769,BR_2,Cinepolis,Nashik 5,Nashik,Maharashtra
TH_5770,BR_2,Cinepolis,Bhavnagar 152,Bhavnagar,Gujarat
TH_5771,BR_6,Wave Cinemas,Agra 84,Agra,Uttar Pradesh
TH_5772,BR_2,Cinepolis,Surat 460,Surat,Gujarat
TH_5773,BR_5,PVR Cinemas,Patna 190,Patna,Bihar
TH_5774,BR_2,Cinepolis,Amritsar 14,Amritsar,Punjab
TH_5775,BR_3,INOX,Howrah 6,Howrah,West Bengal
TH_5776,BR_4,Miraj Cinemas,Rajkot 403,Rajkot,Gujarat
TH_5777,BR_3,INOX,Gwalior 481,Gwalior,Madhya Pradesh
TH_5778,BR_3,INOX,Udaipur 243,Udaipur,Rajasthan
TH_5779,BR_3,INOX,Patiala 170,Patiala,Punjab
TH_5780,BR_2,Cinepolis,Patiala 384,Patiala,Punjab
TH_5781,BR_4,Miraj Cinemas,Thane 4,Thane,Maharashtra
TH_5782,BR_2,Cinepolis,Belgaum 499,Belgaum,Karnataka
TH_5783,BR_5,PVR Cinemas,Thane 170,Thane,Maharashtra
TH_5784,BR_3,INOX,Chennai 107,Chennai,Tamil Nadu
TH_5785,BR_5,PVR Cinemas,Siliguri 443,Siliguri,West Bengal
TH_5786,BR_3,INOX,Jalandhar 59,Jalandhar,Punjab
TH_5787,BR_6,Wave Cinemas,Muzaffarpur 409,Muzaffarpur,Bihar
TH_5788,BR_2,Cinepolis,Howrah 34,Howrah,West Bengal
TH_5789,BR_5,PVR Cinemas,Vadodara 402,Vadodara,Gujarat
TH_5790,BR_6,Wave Cinemas,Kota 496,Kota,Rajasthan
TH_5791,BR_1,Carnival Cinemas,Rajkot 476,Rajkot,Gujarat
TH_5792,BR_5,PVR Cinemas,Kanpur 415,Kanpur,Uttar Pradesh
TH_5793,BR_3,INOX,Ludhiana 195,Ludhiana,Punjab
TH_5794,BR_3,INOX,Meerut 449,Meerut,Uttar Pradesh
TH_5795,BR_3,INOX,Bathinda 94,Bathinda,Punjab
TH_5796,BR_2,Cinepolis,Jabalpur 62,Jabalpur,Madhya Pradesh
TH_5797,BR_4,Miraj Cinemas,Udaipur 110,Udaipur,Rajasthan
TH_5798,BR_5,PVR Cinemas,Thane 440,Thane,Maharashtra
TH_5799,BR_5,PVR Cinemas,Durgapur 144,Durgapur,West Bengal
TH_5800,BR_4,Miraj Cinemas,Kota 371,Kota,Rajasthan
TH_5801,BR_2,Cinepolis,Pune 374,Pune,Maharashtra
TH_5802,BR_6,Wave Cinemas,Meerut 436,Meerut,Uttar Pradesh
TH_5803,BR_3,INOX,Salem 54,Salem,Tamil Nadu
TH_5804,BR_2,Cinepolis,Jaipur 393,Jaipur,Rajasthan
TH_5805,BR_3,INOX,Jalandhar 140,Jalandhar,Punjab
TH_5806,BR_2,Cinepolis,Agra 219,Agra,Uttar Pradesh
TH_5807,BR_2,Cinepolis,Jaipur 17,Jaipur,Rajasthan
TH_5808,BR_3,INOX,Mysore 131,Mysore,Karnataka
TH_5809,BR_2,Cinepolis,Coimbatore 448,Coimbatore,Tamil Nadu
TH_5810,BR_1,Carnival Cinemas,Muzaffarpur 183,Muzaffarpur,Bihar
TH_5811,BR_3,INOX,Udaipur 156,Udaipur,Rajasthan
TH_5812,BR_5,PVR Cinemas,Thane 209,Thane,Maharashtra
TH_5813,BR_4,Miraj Cinemas,Agra 404,Agra,Uttar Pradesh
TH_5814,BR_6,Wave Cinemas,Ajmer 381,Ajmer,Rajasthan
TH_5815,BR_2,Cinepolis,Bangalore 306,Bangalore,Karnataka
TH_5816,BR_5,PVR Cinemas,Ahmedabad 127,Ahmedabad,Gujarat
TH_5817,BR_5,PVR Cinemas,Pune 400,Pune,Maharashtra
TH_5818,BR_3,INOX,Patna 246,Patna,Bihar
TH_5819,BR_5,PVR Cinemas,Purnia 264,Purnia,Bihar
TH_5820,BR_4,Miraj Cinemas,Mumbai 383,Mumbai,Maharashtra
TH_5821,BR_5,PVR Cinemas,Rajkot 482,Rajkot,Gujarat
TH_5822,BR_3,INOX,Nagpur 367,Nagpur,Maharashtra
TH_5823,BR_6,Wave Cinemas,Kota 122,Kota,Rajasthan
TH_5824,BR_1,Carnival Cinemas,Indore 224,Indore,Madhya Pradesh
TH_5825,BR_5,PVR Cinemas,Nashik 167,Nashik,Maharashtra
TH_5826,BR_2,Cinepolis,Purnia 237,Purnia,Bihar
TH_5827,BR_6,Wave Cinemas,Surat 48,Surat,Gujarat
TH_5828,BR_1,Carnival Cinemas,Bathinda 295,Bathinda,Punjab
TH_5829,BR_1,Carnival Cinemas,Lucknow 122,Lucknow,Uttar Pradesh
TH_5830,BR_6,Wave Cinemas,Hubli 42,Hubli,Karnataka
TH_5831,BR_2,Cinepolis,Mangalore 67,Mangalore,Karnataka
TH_5832,BR_4,Miraj Cinemas,Thane 64,Thane,Maharashtra
TH_5833,BR_2,Cinepolis,Chennai 88,Chennai,Tamil Nadu
TH_5834,BR_4,Miraj Cinemas,Bhavnagar 261,Bhavnagar,Gujarat
TH_5835,BR_4,Miraj Cinemas,Rajkot 332,Rajkot,Gujarat
TH_5836,BR_3,INOX,Bhavnagar 416,Bhavnagar,Gujarat
TH_5837,BR_1,Carnival Cinemas,Siliguri 286,Siliguri,West Bengal
TH_5838,BR_4,Miraj Cinemas,Ajmer 273,Ajmer,Rajasthan
TH_5839,BR_4,Miraj Cinemas,Coimbatore 138,Coimbatore,Tamil Nadu
TH_5840,BR_3,INOX,Coimbatore 186,Coimbatore,Tamil Nadu
TH_5841,BR_3,INOX,Nashik 350,Nashik,Maharashtra
TH_5842,BR_3,INOX,Jaipur 80,Jaipur,Rajasthan
TH_5843,BR_6,Wave Cinemas,Howrah 123,Howrah,West Bengal
TH_5844,BR_5,PVR Cinemas,Asansol 4,Asansol,West Bengal
TH_5845,BR_2,Cinepolis,Madurai 60,Madurai,Tamil Nadu
TH_5846,BR_6,Wave Cinemas,Nagpur 179,Nagpur,Maharashtra
TH_5847,BR_1,Carnival Cinemas,Bhopal 131,Bhopal,Madhya Pradesh
TH_5848,BR_4,Miraj Cinemas,Indore 5,Indore,Madhya Pradesh
TH_5849,BR_6,Wave Cinemas,Amritsar 35,Amritsar,Punjab
TH_5850,BR_1,Carnival Cinemas,Bhagalpur 4,Bhagalpur,Bihar
TH_5851,BR_6,Wave Cinemas,Siliguri 424,Siliguri,West Bengal
TH_5852,BR_4,Miraj Cinemas,Bhopal 354,Bhopal,Madhya Pradesh
TH_5853,BR_2,Cinepolis,Purnia 110,Purnia,Bihar
TH_5854,BR_6,Wave Cinemas,Siliguri 356,Siliguri,West Bengal
TH_5855,BR_1,Carnival Cinemas,Jodhpur 293,Jodhpur,Rajasthan
TH_5856,BR_5,PVR Cinemas,Bhavnagar 58,Bhavnagar,Gujarat
TH_5857,BR_1,Carnival Cinemas,Pune 80,Pune,Maharashtra
TH_5858,BR_3,INOX,Indore 30,Indore,Madhya Pradesh
TH_5859,BR_5,PVR Cinemas,Surat 443,Surat,Gujarat
TH_5860,BR_3,INOX,Bhavnagar 490,Bhavnagar,Gujarat
TH_5861,BR_5,PVR Cinemas,Nashik 3,Nashik,Maharashtra
TH_5862,BR_1,Carnival Cinemas,Thane 251,Thane,Maharashtra
TH_5863,BR_2,Cinepolis,Thane 465,Thane,Maharashtra
TH_5864,BR_1,Carnival Cinemas,Kanpur 234,Kanpur,Uttar Pradesh
TH_5865,BR_1,Carnival Cinemas,Nagpur 159,Nagpur,Maharashtra
TH_5866,BR_6,Wave Cinemas,Muzaffarpur 111,Muzaffarpur,Bihar
TH_5867,BR_4,Miraj Cinemas,Bangalore 400,Bangalore,Karnataka
TH_5868,BR_6,Wave Cinemas,Patiala 224,Patiala,Punjab
TH_5869,BR_4,Miraj Cinemas,Jalandhar 486,Jalandhar,Punjab
TH_5870,BR_5,PVR Cinemas,Tiruchirappalli 14,Tiruchirappalli,Tamil Nadu
TH_5871,BR_2,Cinepolis,Salem 152,Salem,Tamil Nadu
TH_5872,BR_5,PVR Cinemas,Bangalore 138,Bangalore,Karnataka
TH_5873,BR_2,Cinepolis,Jalandhar 127,Jalandhar,Punjab
TH_5874,BR_1,Carnival Cinemas,Mumbai 61,Mumbai,Maharashtra
TH_5875,BR_2,Cinepolis,Kanpur 219,Kanpur,Uttar Pradesh
TH_5876,BR_3,INOX,Rajkot 311,Rajkot,Gujarat
TH_5877,BR_4,Miraj Cinemas,Lucknow 112,Lucknow,Uttar Pradesh
TH_5878,BR_3,INOX,Madurai 162,Madurai,Tamil Nadu
TH_5879,BR_6,Wave Cinemas,Udaipur 298,Udaipur,Rajasthan
TH_5880,BR_2,Cinepolis,Bhavnagar 109,Bhavnagar,Gujarat
TH_5881,BR_2,Cinepolis,Belgaum 396,Belgaum,Karnataka
TH_5882,BR_4,Miraj Cinemas,Chennai 404,Chennai,Tamil Nadu
TH_5883,BR_1,Carnival Cinemas,Thane 77,Thane,Maharashtra
TH_5884,BR_2,Cinepolis,Bhagalpur 151,Bhagalpur,Bihar
TH_5885,BR_5,PVR Cinemas,Durgapur 50,Durgapur,West Bengal
TH_5886,BR_4,Miraj Cinemas,Howrah 209,Howrah,West Bengal
TH_5887,BR_3,INOX,Patiala 277,Patiala,Punjab
TH_5888,BR_1,Carnival Cinemas,Rajkot 498,Rajkot,Gujarat
TH_5889,BR_1,Carnival Cinemas,Jabalpur 94,Jabalpur,Madhya Pradesh
TH_5890,BR_4,Miraj Cinemas,Howrah 345,Howrah,West Bengal
TH_5891,BR_4,Miraj Cinemas,Udaipur 134,Udaipur,Rajasthan
TH_5892,BR_4,Miraj Cinemas,Gwalior 48,Gwalior,Madhya Pradesh
TH_5893,BR_1,Carnival Cinemas,Agra 35,Agra,Uttar Pradesh
TH_5894,BR_2,Cinepolis,Meerut 454,Meerut,Uttar Pradesh
TH_5895,BR_1,Carnival Cinemas,Udaipur 18,Udaipur,Rajasthan
TH_5896,BR_2,Cinepolis,Agra 14,Agra,Uttar Pradesh
TH_5897,BR_3,INOX,Agra 349,Agra,Uttar Pradesh
TH_5898,BR_1,Carnival Cinemas,Nashik 34,Nashik,Maharashtra
TH_5899,BR_1,Carnival Cinemas,Jabalpur 382,Jabalpur,Madhya Pradesh
TH_5900,BR_3,INOX,Mangalore 181,Mangalore,Karnataka
TH_5901,BR_6,Wave Cinemas,Coimbatore 307,Coimbatore,Tamil Nadu
TH_5902,BR_2,Cinepolis,Agra 204,Agra,Uttar Pradesh
TH_5903,BR_1,Carnival Cinemas,Bathinda 48,Bathinda,Punjab
TH_5904,BR_6,Wave Cinemas,Hubli 14,Hubli,Karnataka
TH_5905,BR_6,Wave Cinemas,Howrah 293,Howrah,West Bengal
TH_5906,BR_6,Wave Cinemas,Madurai 17,Madurai,Tamil Nadu
TH_5907,BR_1,Carnival Cinemas,Hubli 82,Hubli,Karnataka
TH_5908,BR_1,Carnival Cinemas,Gaya 339,Gaya,Bihar
TH_5909,BR_2,Cinepolis,Salem 211,Salem,Tamil Nadu
TH_5910,BR_5,PVR Cinemas,Varanasi 111,Varanasi,Uttar Pradesh
TH_5911,BR_1,Carnival Cinemas,Durgapur 335,Durgapur,West Bengal
TH_5912,BR_4,Miraj Cinemas,Ludhiana 170,Ludhiana,Punjab
TH_5913,BR_3,INOX,Chennai 344,Chennai,Tamil Nadu
TH_5914,BR_3,INOX,Nashik 333,Nashik,Maharashtra
TH_5915,BR_3,INOX,Gaya 308,Gaya,Bihar
TH_5916,BR_4,Miraj Cinemas,Kanpur 439,Kanpur,Uttar Pradesh
TH_5917,BR_4,Miraj Cinemas,Bhopal 37,Bhopal,Madhya Pradesh
TH_5918,BR_6,Wave Cinemas,Bangalore 133,Bangalore,Karnataka
TH_5919,BR_3,INOX,Ludhiana 87,Ludhiana,Punjab
TH_5920,BR_1,Carnival Cinemas,Siliguri 142,Siliguri,West Bengal
TH_5921,BR_5,PVR Cinemas,Nagpur 362,Nagpur,Maharashtra
TH_5922,BR_2,Cinepolis,Jalandhar 457,Jalandhar,Punjab
TH_5923,BR_4,Miraj Cinemas,Bhavnagar 388,Bhavnagar,Gujarat
TH_5924,BR_5,PVR Cinemas,Varanasi 348,Varanasi,Uttar Pradesh
TH_5925,BR_3,INOX,Chennai 235,Chennai,Tamil Nadu
TH_5926,BR_6,Wave Cinemas,Gwalior 105,Gwalior,Madhya Pradesh
TH_5927,BR_6,Wave Cinemas,Siliguri 120,Siliguri,West Bengal
TH_5928,BR_5,PVR Cinemas,Gwalior 325,Gwalior,Madhya Pradesh
TH_5929,BR_2,Cinepolis,Vadodara 174,Vadodara,Gujarat
TH_5930,BR_4,Miraj Cinemas,Coimbatore 127,Coimbatore,Tamil Nadu
TH_5931,BR_3,INOX,Agra 419,Agra,Uttar Pradesh
TH_5932,BR_5,PVR Cinemas,Bangalore 64,Bangalore,Karnataka
TH_5933,BR_6,Wave Cinemas,Lucknow 307,Lucknow,Uttar Pradesh
TH_5934,BR_6,Wave Cinemas,Ludhiana 156,Ludhiana,Punjab
TH_5935,BR_3,INOX,Amritsar 190,Amritsar,Punjab
TH_5936,BR_4,Miraj Cinemas,Kanpur 176,Kanpur,Uttar Pradesh
TH_5937,BR_3,INOX,Hubli 152,Hubli,Karnataka
TH_5938,BR_4,Miraj Cinemas,Gaya 132,Gaya,Bihar
TH_5939,BR_1,Carnival Cinemas,Surat 264,Surat,Gujarat
TH_5940,BR_5,PVR Cinemas,Mysore 338,Mysore,Karnataka
TH_5941,BR_3,INOX,Jaipur 444,Jaipur,Rajasthan
TH_5942,BR_1,Carnival Cinemas,Howrah 497,Howrah,West Bengal
TH_5943,BR_5,PVR Cinemas,Bhopal 130,Bhopal,Madhya Pradesh
TH_5944,BR_3,INOX,Nagpur 32,Nagpur,Maharashtra
TH_5945,BR_1,Carnival Cinemas,Jalandhar 267,Jalandhar,Punjab
TH_5946,BR_4,Miraj Cinemas,Bathinda 327,Bathinda,Punjab
TH_5947,BR_5,PVR Cinemas,Kanpur 459,Kanpur,Uttar Pradesh
TH_5948,BR_2,Cinepolis,Tiruchirappalli 426,Tiruchirappalli,Tamil Nadu
TH_5949,BR_6,Wave Cinemas,Mumbai 484,Mumbai,Maharashtra
TH_5950,BR_5,PVR Cinemas,Mumbai 357,Mumbai,Maharashtra
TH_5951,BR_2,Cinepolis,Mumbai 46,Mumbai,Maharashtra
TH_5952,BR_2,Cinepolis,Varanasi 311,Varanasi,Uttar Pradesh
TH_5953,BR_5,PVR Cinemas,Ajmer 236,Ajmer,Rajasthan
TH_5954,BR_1,Carnival Cinemas,Varanasi 393,Varanasi,Uttar Pradesh
TH_5955,BR_5,PVR Cinemas,Thane 175,Thane,Maharashtra
TH_5956,BR_1,Carnival Cinemas,Patiala 185,Patiala,Punjab
TH_5957,BR_3,INOX,Jodhpur 340,Jodhpur,Rajasthan
TH_5958,BR_1,Carnival Cinemas,Vadodara 328,Vadodara,Gujarat
TH_5959,BR_6,Wave Cinemas,Meerut 168,Meerut,Uttar Pradesh
TH_5960,BR_6,Wave Cinemas,Salem 341,Salem,Tamil Nadu
TH_5961,BR_4,Miraj Cinemas,Bangalore 324,Bangalore,Karnataka
TH_5962,BR_6,Wave Cinemas,Ajmer 376,Ajmer,Rajasthan
TH_5963,BR_2,Cinepolis,Rajkot 285,Rajkot,Gujarat
TH_5964,BR_3,INOX,Belgaum 56,Belgaum,Karnataka
TH_5965,BR_5,PVR Cinemas,Bangalore 315,Bangalore,Karnataka
TH_5966,BR_2,Cinepolis,Kanpur 28,Kanpur,Uttar Pradesh
TH_5967,BR_5,PVR Cinemas,Hubli 388,Hubli,Karnataka
TH_5968,BR_5,PVR Cinemas,Siliguri 264,Siliguri,West Bengal
TH_5969,BR_4,Miraj Cinemas,Belgaum 365,Belgaum,Karnataka
TH_5970,BR_2,Cinepolis,Udaipur 256,Udaipur,Rajasthan
TH_5971,BR_4,Miraj Cinemas,Indore 406,Indore,Madhya Pradesh
TH_5972,BR_5,PVR Cinemas,Salem 459,Salem,Tamil Nadu
TH_5973,BR_3,INOX,Kota 326,Kota,Rajasthan
TH_5974,BR_6,Wave Cinemas,Agra 312,Agra,Uttar Pradesh
TH_5975,BR_3,INOX,Tiruchirappalli 259,Tiruchirappalli,Tamil Nadu
TH_5976,BR_4,Miraj Cinemas,Jodhpur 454,Jodhpur,Rajasthan
TH_5977,BR_4,Miraj Cinemas,Udaipur 52,Udaipur,Rajasthan
TH_5978,BR_5,PVR Cinemas,Coimbatore 447,Coimbatore,Tamil Nadu
TH_5979,BR_5,PVR Cinemas,Thane 98,Thane,Maharashtra
TH_5980,BR_5,PVR Cinemas,Coimbatore 53,Coimbatore,Tamil Nadu
TH_5981,BR_5,PVR Cinemas,Surat 217,Surat,Gujarat
TH_5982,BR_4,Miraj Cinemas,Patiala 95,Patiala,Punjab
TH_5983,BR_6,Wave Cinemas,Vadodara 101,Vadodara,Gujarat
TH_5984,BR_3,INOX,Jodhpur 190,Jodhpur,Rajasthan
TH_5985,BR_6,Wave Cinemas,Bhagalpur 63,Bhagalpur,Bihar
TH_5986,BR_2,Cinepolis,Gaya 187,Gaya,Bihar
TH_5987,BR_4,Miraj Cinemas,Lucknow 15,Lucknow,Uttar Pradesh
TH_5988,BR_4,Miraj Cinemas,Asansol 77,Asansol,West Bengal
TH_5989,BR_6,Wave Cinemas,Udaipur 177,Udaipur,Rajasthan
TH_5990,BR_1,Carnival Cinemas,Agra 151,Agra,Uttar Pradesh
TH_5991,BR_5,PVR Cinemas,Surat 302,Surat,Gujarat
TH_5992,BR_1,Carnival Cinemas,Agra 49,Agra,Uttar Pradesh
TH_5993,BR_6,Wave Cinemas,Bhavnagar 194,Bhavnagar,Gujarat
TH_5994,BR_4,Miraj Cinemas,Durgapur 21,Durgapur,West Bengal
TH_5995,BR_3,INOX,Kota 93,Kota,Rajasthan
TH_5996,BR_2,Cinepolis,Ahmedabad 11,Ahmedabad,Gujarat
TH_5997,BR_3,INOX,Ahmedabad 271,Ahmedabad,Gujarat
TH_5998,BR_1,Carnival Cinemas,Jabalpur 70,Jabalpur,Madhya Pradesh
TH_5999,BR_1,Carnival Cinemas,Indore 275,Indore,Madhya Pradesh
TH_6000,BR_4,Miraj Cinemas,Ludhiana 468,Ludhiana,Punjab
TH_6001,BR_5,PVR Cinemas,Ajmer 478,Ajmer,Rajasthan
TH_6002,BR_1,Carnival Cinemas,Vadodara 325,Vadodara,Gujarat
TH_6003,BR_2,Cinepolis,Bathinda 75,Bathinda,Punjab
TH_6004,BR_6,Wave Cinemas,Gwalior 369,Gwalior,Madhya Pradesh
TH_6005,BR_2,Cinepolis,Coimbatore 423,Coimbatore,Tamil Nadu
TH_6006,BR_3,INOX,Ahmedabad 490,Ahmedabad,Gujarat
TH_6007,BR_2,Cinepolis,Purnia 354,Purnia,Bihar
TH_6008,BR_4,Miraj Cinemas,Mysore 341,Mysore,Karnataka
TH_6009,BR_6,Wave Cinemas,Belgaum 476,Belgaum,Karnataka
TH_6010,BR_1,Carnival Cinemas,Nagpur 347,Nagpur,Maharashtra
TH_6011,BR_2,Cinepolis,Gaya 491,Gaya,Bihar
TH_6012,BR_4,Miraj Cinemas,Ajmer 174,Ajmer,Rajasthan
TH_6013,BR_4,Miraj Cinemas,Purnia 5,Purnia,Bihar
TH_6014,BR_6,Wave Cinemas,Lucknow 370,Lucknow,Uttar Pradesh
TH_6015,BR_5,PVR Cinemas,Purnia 309,Purnia,Bihar
TH_6016,BR_5,PVR Cinemas,Kota 227,Kota,Rajasthan
TH_6017,BR_5,PVR Cinemas,Asansol 163,Asansol,West Bengal
TH_6018,BR_4,Miraj Cinemas,Jodhpur 216,Jodhpur,Rajasthan
TH_6019,BR_6,Wave Cinemas,Thane 57,Thane,Maharashtra
TH_6020,BR_4,Miraj Cinemas,Varanasi 79,Varanasi,Uttar Pradesh
TH_6021,BR_4,Miraj Cinemas,Coimbatore 83,Coimbatore,Tamil Nadu
TH_6022,BR_2,Cinepolis,Nagpur 93,Nagpur,Maharashtra
TH_6023,BR_3,INOX,Jabalpur 133,Jabalpur,Madhya Pradesh
TH_6024,BR_1,Carnival Cinemas,Pune 41,Pune,Maharashtra
TH_6025,BR_4,Miraj Cinemas,Asansol 292,Asansol,West Bengal
TH_6026,BR_6,Wave Cinemas,Meerut 45,Meerut,Uttar Pradesh
TH_6027,BR_3,INOX,Varanasi 239,Varanasi,Uttar Pradesh
TH_6028,BR_4,Miraj Cinemas,Coimbatore 340,Coimbatore,Tamil Nadu
TH_6029,BR_5,PVR Cinemas,Ajmer 324,Ajmer,Rajasthan
TH_6030,BR_1,Carnival Cinemas,Nagpur 383,Nagpur,Maharashtra
TH_6031,BR_1,Carnival Cinemas,Kota 350,Kota,Rajasthan
TH_6032,BR_5,PVR Cinemas,Bathinda 153,Bathinda,Punjab
TH_6033,BR_1,Carnival Cinemas,Bathinda 83,Bathinda,Punjab
TH_6034,BR_2,Cinepolis,Howrah 137,Howrah,West Bengal
TH_6035,BR_3,INOX,Patiala 231,Patiala,Punjab
TH_6036,BR_3,INOX,Patna 146,Patna,Bihar
TH_6037,BR_6,Wave Cinemas,Vadodara 168,Vadodara,Gujarat
TH_6038,BR_2,Cinepolis,Gwalior 141,Gwalior,Madhya Pradesh
TH_6039,BR_6,Wave Cinemas,Kolkata 136,Kolkata,West Bengal
TH_6040,BR_2,Cinepolis,Mysore 45,Mysore,Karnataka
TH_6041,BR_3,INOX,Asansol 136,Asansol,West Bengal
TH_6042,BR_5,PVR Cinemas,Asansol 355,Asansol,West Bengal
TH_6043,BR_1,Carnival Cinemas,Salem 395,Salem,Tamil Nadu
TH_6044,BR_2,Cinepolis,Gaya 480,Gaya,Bihar
TH_6045,BR_3,INOX,Bangalore 499,Bangalore,Karnataka
TH_6046,BR_6,Wave Cinemas,Muzaffarpur 243,Muzaffarpur,Bihar
TH_6047,BR_1,Carnival Cinemas,Indore 469,Indore,Madhya Pradesh
TH_6048,BR_6,Wave Cinemas,Madurai 389,Madurai,Tamil Nadu
TH_6049,BR_4,Miraj Cinemas,Nagpur 110,Nagpur,Maharashtra
TH_6050,BR_2,Cinepolis,Howrah 427,Howrah,West Bengal
TH_6051,BR_3,INOX,Mangalore 9,Mangalore,Karnataka
TH_6052,BR_3,INOX,Agra 362,Agra,Uttar Pradesh
TH_6053,BR_3,INOX,Purnia 433,Purnia,Bihar
TH_6054,BR_2,Cinepolis,Ahmedabad 360,Ahmedabad,Gujarat
TH_6055,BR_5,PVR Cinemas,Pune 353,Pune,Maharashtra
TH_6056,BR_4,Miraj Cinemas,Muzaffarpur 107,Muzaffarpur,Bihar
TH_6057,BR_5,PVR Cinemas,Jaipur 272,Jaipur,Rajasthan
TH_6058,BR_1,Carnival Cinemas,Salem 267,Salem,Tamil Nadu
TH_6059,BR_1,Carnival Cinemas,Nashik 252,Nashik,Maharashtra
TH_6060,BR_3,INOX,Jabalpur 411,Jabalpur,Madhya Pradesh
TH_6061,BR_6,Wave Cinemas,Jodhpur 180,Jodhpur,Rajasthan
TH_6062,BR_6,Wave Cinemas,Bhopal 428,Bhopal,Madhya Pradesh
TH_6063,BR_4,Miraj Cinemas,Surat 120,Surat,Gujarat
TH_6064,BR_4,Miraj Cinemas,Kota 88,Kota,Rajasthan
TH_6065,BR_1,Carnival Cinemas,Rajkot 194,Rajkot,Gujarat
TH_6066,BR_1,Carnival Cinemas,Chennai 30,Chennai,Tamil Nadu
TH_6067,BR_4,Miraj Cinemas,Amritsar 333,Amritsar,Punjab
TH_6068,BR_3,INOX,Bangalore 4,Bangalore,Karnataka
TH_6069,BR_5,PVR Cinemas,Durgapur 251,Durgapur,West Bengal
TH_6070,BR_6,Wave Cinemas,Nashik 346,Nashik,Maharashtra
TH_6071,BR_2,Cinepolis,Hubli 479,Hubli,Karnataka
TH_6072,BR_5,PVR Cinemas,Bhavnagar 65,Bhavnagar,Gujarat
TH_6073,BR_1,Carnival Cinemas,Jalandhar 265,Jalandhar,Punjab
TH_6074,BR_4,Miraj Cinemas,Nashik 381,Nashik,Maharashtra
TH_6075,BR_2,Cinepolis,Madurai 325,Madurai,Tamil Nadu
TH_6076,BR_6,Wave Cinemas,Gwalior 214,Gwalior,Madhya Pradesh
TH_6077,BR_5,PVR Cinemas,Varanasi 285,Varanasi,Uttar Pradesh
TH_6078,BR_4,Miraj Cinemas,Mysore 85,Mysore,Karnataka
TH_6079,BR_5,PVR Cinemas,Jaipur 134,Jaipur,Rajasthan
TH_6080,BR_3,INOX,Ludhiana 306,Ludhiana,Punjab
TH_6081,BR_3,INOX,Siliguri 228,Siliguri,West Bengal
TH_6082,BR_5,PVR Cinemas,Mangalore 283,Mangalore,Karnataka
TH_6083,BR_2,Cinepolis,Bhavnagar 6,Bhavnagar,Gujarat
TH_6084,BR_2,Cinepolis,Jodhpur 351,Jodhpur,Rajasthan
TH_6085,BR_3,INOX,Howrah 113,Howrah,West Bengal
TH_6086,BR_2,Cinepolis,Patiala 443,Patiala,Punjab
TH_6087,BR_6,Wave Cinemas,Agra 213,Agra,Uttar Pradesh
TH_6088,BR_3,INOX,Howrah 84,Howrah,West Bengal
TH_6089,BR_4,Miraj Cinemas,Gwalior 442,Gwalior,Madhya Pradesh
TH_6090,BR_3,INOX,Ajmer 321,Ajmer,Rajasthan
TH_6091,BR_4,Miraj Cinemas,Vadodara 133,Vadodara,Gujarat
TH_6092,BR_2,Cinepolis,Belgaum 37,Belgaum,Karnataka
TH_6093,BR_1,Carnival Cinemas,Bhagalpur 444,Bhagalpur,Bihar
TH_6094,BR_5,PVR Cinemas,Bhagalpur 393,Bhagalpur,Bihar
TH_6095,BR_1,Carnival Cinemas,Jalandhar 219,Jalandhar,Punjab
TH_6096,BR_1,Carnival Cinemas,Gwalior 160,Gwalior,Madhya Pradesh
TH_6097,BR_3,INOX,Jabalpur 302,Jabalpur,Madhya Pradesh
TH_6098,BR_6,Wave Cinemas,Jaipur 460,Jaipur,Rajasthan
TH_6099,BR_6,Wave Cinemas,Bhavnagar 163,Bhavnagar,Gujarat
TH_6100,BR_3,INOX,Jabalpur 188,Jabalpur,Madhya Pradesh
TH_6101,BR_6,Wave Cinemas,Rajkot 247,Rajkot,Gujarat
TH_6102,BR_4,Miraj Cinemas,Bangalore 44,Bangalore,Karnataka
TH_6103,BR_3,INOX,Agra 126,Agra,Uttar Pradesh
TH_6104,BR_1,Carnival Cinemas,Rajkot 440,Rajkot,Gujarat
TH_6105,BR_4,Miraj Cinemas,Gwalior 478,Gwalior,Madhya Pradesh
TH_6106,BR_1,Carnival Cinemas,Vadodara 28,Vadodara,Gujarat
TH_6107,BR_6,Wave Cinemas,Ujjain 29,Ujjain,Madhya Pradesh
TH_6108,BR_6,Wave Cinemas,Amritsar 182,Amritsar,Punjab
TH_6109,BR_4,Miraj Cinemas,Mangalore 222,Mangalore,Karnataka
TH_6110,BR_5,PVR Cinemas,Amritsar 392,Amritsar,Punjab
TH_6111,BR_3,INOX,Varanasi 201,Varanasi,Uttar Pradesh
TH_6112,BR_6,Wave Cinemas,Tiruchirappalli 423,Tiruchirappalli,Tamil Nadu
TH_6113,BR_1,Carnival Cinemas,Howrah 182,Howrah,West Bengal
TH_6114,BR_2,Cinepolis,Tiruchirappalli 21,Tiruchirappalli,Tamil Nadu
TH_6115,BR_2,Cinepolis,Coimbatore 406,Coimbatore,Tamil Nadu
TH_6116,BR_4,Miraj Cinemas,Bangalore 453,Bangalore,Karnataka
TH_6117,BR_4,Miraj Cinemas,Bhavnagar 159,Bhavnagar,Gujarat
TH_6118,BR_6,Wave Cinemas,Bangalore 91,Bangalore,Karnataka
TH_6119,BR_4,Miraj Cinemas,Hubli 450,Hubli,Karnataka
TH_6120,BR_1,Carnival Cinemas,Ahmedabad 107,Ahmedabad,Gujarat
TH_6121,BR_4,Miraj Cinemas,Patna 356,Patna,Bihar
TH_6122,BR_4,Miraj Cinemas,Ajmer 368,Ajmer,Rajasthan
TH_6123,BR_3,INOX,Belgaum 33,Belgaum,Karnataka
TH_6124,BR_4,Miraj Cinemas,Ahmedabad 474,Ahmedabad,Gujarat
TH_6125,BR_2,Cinepolis,Mangalore 150,Mangalore,Karnataka
TH_6126,BR_3,INOX,Siliguri 334,Siliguri,West Bengal
TH_6127,BR_1,Carnival Cinemas,Thane 243,Thane,Maharashtra
TH_6128,BR_5,PVR Cinemas,Thane 328,Thane,Maharashtra
TH_6129,BR_5,PVR Cinemas,Varanasi 212,Varanasi,Uttar Pradesh
TH_6130,BR_4,Miraj Cinemas,Pune 232,Pune,Maharashtra
TH_6131,BR_4,Miraj Cinemas,Muzaffarpur 262,Muzaffarpur,Bihar
TH_6132,BR_2,Cinepolis,Bhagalpur 414,Bhagalpur,Bihar
TH_6133,BR_2,Cinepolis,Pune 255,Pune,Maharashtra
TH_6134,BR_1,Carnival Cinemas,Madurai 163,Madurai,Tamil Nadu
TH_6135,BR_5,PVR Cinemas,Bhopal 203,Bhopal,Madhya Pradesh
TH_6136,BR_2,Cinepolis,Bangalore 498,Bangalore,Karnataka
TH_6137,BR_3,INOX,Kolkata 201,Kolkata,West Bengal
TH_6138,BR_4,Miraj Cinemas,Durgapur 127,Durgapur,West Bengal
TH_6139,BR_6,Wave Cinemas,Siliguri 466,Siliguri,West Bengal
TH_6140,BR_4,Miraj Cinemas,Bhavnagar 20,Bhavnagar,Gujarat
TH_6141,BR_1,Carnival Cinemas,Chennai 260,Chennai,Tamil Nadu
TH_6142,BR_6,Wave Cinemas,Nagpur 82,Nagpur,Maharashtra
TH_6143,BR_1,Carnival Cinemas,Madurai 59,Madurai,Tamil Nadu
TH_6144,BR_5,PVR Cinemas,Gwalior 46,Gwalior,Madhya Pradesh
TH_6145,BR_4,Miraj Cinemas,Purnia 71,Purnia,Bihar
TH_6146,BR_4,Miraj Cinemas,Bangalore 406,Bangalore,Karnataka
TH_6147,BR_1,Carnival Cinemas,Vadodara 117,Vadodara,Gujarat
TH_6148,BR_6,Wave Cinemas,Salem 474,Salem,Tamil Nadu
TH_6149,BR_1,Carnival Cinemas,Howrah 351,Howrah,West Bengal
TH_6150,BR_3,INOX,Vadodara 248,Vadodara,Gujarat
TH_6151,BR_4,Miraj Cinemas,Patna 470,Patna,Bihar
TH_6152,BR_1,Carnival Cinemas,Jabalpur 93,Jabalpur,Madhya Pradesh
TH_6153,BR_1,Carnival Cinemas,Bangalore 458,Bangalore,Karnataka
TH_6154,BR_3,INOX,Chennai 350,Chennai,Tamil Nadu
TH_6155,BR_1,Carnival Cinemas,Surat 2,Surat,Gujarat
TH_6156,BR_1,Carnival Cinemas,Nagpur 335,Nagpur,Maharashtra
TH_6157,BR_3,INOX,Kanpur 491,Kanpur,Uttar Pradesh
TH_6158,BR_3,INOX,Surat 278,Surat,Gujarat
TH_6159,BR_4,Miraj Cinemas,Mumbai 114,Mumbai,Maharashtra
TH_6160,BR_6,Wave Cinemas,Varanasi 279,Varanasi,Uttar Pradesh
TH_6161,BR_1,Carnival Cinemas,Nashik 300,Nashik,Maharashtra
TH_6162,BR_3,INOX,Varanasi 118,Varanasi,Uttar Pradesh
TH_6163,BR_5,PVR Cinemas,Bangalore 180,Bangalore,Karnataka
TH_6164,BR_1,Carnival Cinemas,Howrah 32,Howrah,West Bengal
TH_6165,BR_2,Cinepolis,Coimbatore 258,Coimbatore,Tamil Nadu
TH_6166,BR_5,PVR Cinemas,Amritsar 400,Amritsar,Punjab
TH_6167,BR_5,PVR Cinemas,Durgapur 18,Durgapur,West Bengal
TH_6168,BR_6,Wave Cinemas,Belgaum 149,Belgaum,Karnataka
TH_6169,BR_5,PVR Cinemas,Asansol 364,Asansol,West Bengal
TH_6170,BR_5,PVR Cinemas,Chennai 441,Chennai,Tamil Nadu
TH_6171,BR_6,Wave Cinemas,Rajkot 319,Rajkot,Gujarat
TH_6172,BR_1,Carnival Cinemas,Amritsar 429,Amritsar,Punjab
TH_6173,BR_1,Carnival Cinemas,Siliguri 207,Siliguri,West Bengal
TH_6174,BR_4,Miraj Cinemas,Patiala 226,Patiala,Punjab
TH_6175,BR_6,Wave Cinemas,Amritsar 319,Amritsar,Punjab
TH_6176,BR_2,Cinepolis,Lucknow 444,Lucknow,Uttar Pradesh
TH_6177,BR_6,Wave Cinemas,Udaipur 288,Udaipur,Rajasthan
TH_6178,BR_4,Miraj Cinemas,Nagpur 20,Nagpur,Maharashtra
TH_6179,BR_6,Wave Cinemas,Siliguri 382,Siliguri,West Bengal
TH_6180,BR_6,Wave Cinemas,Nashik 301,Nashik,Maharashtra
TH_6181,BR_1,Carnival Cinemas,Nashik 128,Nashik,Maharashtra
TH_6182,BR_3,INOX,Kolkata 126,Kolkata,West Bengal
TH_6183,BR_3,INOX,Amritsar 396,Amritsar,Punjab
TH_6184,BR_6,Wave Cinemas,Gaya 173,Gaya,Bihar
TH_6185,BR_3,INOX,Mangalore 89,Mangalore,Karnataka
TH_6186,BR_1,Carnival Cinemas,Purnia 217,Purnia,Bihar
TH_6187,BR_5,PVR Cinemas,Chennai 343,Chennai,Tamil Nadu
TH_6188,BR_3,INOX,Agra 332,Agra,Uttar Pradesh
TH_6189,BR_3,INOX,Purnia 30,Purnia,Bihar
TH_6190,BR_1,Carnival Cinemas,Bhagalpur 321,Bhagalpur,Bihar
TH_6191,BR_3,INOX,Belgaum 279,Belgaum,Karnataka
TH_6192,BR_2,Cinepolis,Salem 145,Salem,Tamil Nadu
TH_6193,BR_6,Wave Cinemas,Mysore 367,Mysore,Karnataka
TH_6194,BR_3,INOX,Kota 210,Kota,Rajasthan
TH_6195,BR_4,Miraj Cinemas,Udaipur 379,Udaipur,Rajasthan
TH_6196,BR_4,Miraj Cinemas,Rajkot 20,Rajkot,Gujarat
TH_6197,BR_6,Wave Cinemas,Muzaffarpur 458,Muzaffarpur,Bihar
TH_6198,BR_4,Miraj Cinemas,Jalandhar 24,Jalandhar,Punjab
TH_6199,BR_4,Miraj Cinemas,Jabalpur 37,Jabalpur,Madhya Pradesh
TH_6200,BR_6,Wave Cinemas,Jodhpur 347,Jodhpur,Rajasthan
TH_6201,BR_3,INOX,Bhopal 139,Bhopal,Madhya Pradesh
TH_6202,BR_2,Cinepolis,Salem 303,Salem,Tamil Nadu
TH_6203,BR_1,Carnival Cinemas,Nashik 307,Nashik,Maharashtra
TH_6204,BR_5,PVR Cinemas,Durgapur 71,Durgapur,West Bengal
TH_6205,BR_4,Miraj Cinemas,Howrah 221,Howrah,West Bengal
TH_6206,BR_1,Carnival Cinemas,Bhavnagar 494,Bhavnagar,Gujarat
TH_6207,BR_2,Cinepolis,Kanpur 377,Kanpur,Uttar Pradesh
TH_6208,BR_1,Carnival Cinemas,Gaya 467,Gaya,Bihar
TH_6209,BR_6,Wave Cinemas,Siliguri 423,Siliguri,West Bengal
TH_6210,BR_1,Carnival Cinemas,Ajmer 461,Ajmer,Rajasthan
TH_6211,BR_1,Carnival Cinemas,Howrah 394,Howrah,West Bengal
TH_6212,BR_6,Wave Cinemas,Jalandhar 235,Jalandhar,Punjab
TH_6213,BR_2,Cinepolis,Mumbai 312,Mumbai,Maharashtra
TH_6214,BR_5,PVR Cinemas,Vadodara 499,Vadodara,Gujarat
TH_6215,BR_3,INOX,Siliguri 445,Siliguri,West Bengal
TH_6216,BR_1,Carnival Cinemas,Surat 490,Surat,Gujarat
TH_6217,BR_2,Cinepolis,Jabalpur 147,Jabalpur,Madhya Pradesh
TH_6218,BR_2,Cinepolis,Indore 294,Indore,Madhya Pradesh
TH_6219,BR_5,PVR Cinemas,Nagpur 209,Nagpur,Maharashtra
TH_6220,BR_4,Miraj Cinemas,Howrah 414,Howrah,West Bengal
TH_6221,BR_2,Cinepolis,Ajmer 346,Ajmer,Rajasthan
TH_6222,BR_3,INOX,Siliguri 112,Siliguri,West Bengal
TH_6223,BR_4,Miraj Cinemas,Mysore 178,Mysore,Karnataka
TH_6224,BR_6,Wave Cinemas,Jaipur 97,Jaipur,Rajasthan
TH_6225,BR_4,Miraj Cinemas,Muzaffarpur 255,Muzaffarpur,Bihar
TH_6226,BR_2,Cinepolis,Lucknow 156,Lucknow,Uttar Pradesh
TH_6227,BR_1,Carnival Cinemas,Bhopal 236,Bhopal,Madhya Pradesh
TH_6228,BR_5,PVR Cinemas,Jodhpur 346,Jodhpur,Rajasthan
TH_6229,BR_2,Cinepolis,Salem 370,Salem,Tamil Nadu
TH_6230,BR_2,Cinepolis,Belgaum 284,Belgaum,Karnataka
TH_6231,BR_6,Wave Cinemas,Bangalore 466,Bangalore,Karnataka
TH_6232,BR_6,Wave Cinemas,Howrah 144,Howrah,West Bengal
TH_6233,BR_6,Wave Cinemas,Gaya 104,Gaya,Bihar
TH_6234,BR_6,Wave Cinemas,Varanasi 164,Varanasi,Uttar Pradesh
TH_6235,BR_1,Carnival Cinemas,Pune 331,Pune,Maharashtra
TH_6236,BR_2,Cinepolis,Purnia 125,Purnia,Bihar
TH_6237,BR_5,PVR Cinemas,Mangalore 357,Mangalore,Karnataka
TH_6238,BR_2,Cinepolis,Ujjain 239,Ujjain,Madhya Pradesh
TH_6239,BR_2,Cinepolis,Kanpur 203,Kanpur,Uttar Pradesh
TH_6240,BR_4,Miraj Cinemas,Ajmer 343,Ajmer,Rajasthan
TH_6241,BR_1,Carnival Cinemas,Varanasi 482,Varanasi,Uttar Pradesh
TH_6242,BR_4,Miraj Cinemas,Gwalior 449,Gwalior,Madhya Pradesh
TH_6243,BR_5,PVR Cinemas,Siliguri 235,Siliguri,West Bengal
TH_6244,BR_3,INOX,Durgapur 358,Durgapur,West Bengal
TH_6245,BR_5,PVR Cinemas,Howrah 112,Howrah,West Bengal
TH_6246,BR_5,PVR Cinemas,Agra 499,Agra,Uttar Pradesh
TH_6247,BR_3,INOX,Udaipur 474,Udaipur,Rajasthan
TH_6248,BR_3,INOX,Nagpur 336,Nagpur,Maharashtra
TH_6249,BR_1,Carnival Cinemas,Jabalpur 363,Jabalpur,Madhya Pradesh
TH_6250,BR_4,Miraj Cinemas,Belgaum 120,Belgaum,Karnataka
TH_6251,BR_6,Wave Cinemas,Ahmedabad 253,Ahmedabad,Gujarat
TH_6252,BR_2,Cinepolis,Bathinda 406,Bathinda,Punjab
TH_6253,BR_2,Cinepolis,Lucknow 239,Lucknow,Uttar Pradesh
TH_6254,BR_3,INOX,Purnia 97,Purnia,Bihar
TH_6255,BR_2,Cinepolis,Salem 392,Salem,Tamil Nadu
TH_6256,BR_5,PVR Cinemas,Ujjain 466,Ujjain,Madhya Pradesh
TH_6257,BR_3,INOX,Nashik 420,Nashik,Maharashtra
TH_6258,BR_5,PVR Cinemas,Ludhiana 197,Ludhiana,Punjab
TH_6259,BR_2,Cinepolis,Udaipur 189,Udaipur,Rajasthan
TH_6260,BR_4,Miraj Cinemas,Ujjain 157,Ujjain,Madhya Pradesh
TH_6261,BR_6,Wave Cinemas,Belgaum 433,Belgaum,Karnataka
TH_6262,BR_4,Miraj Cinemas,Jodhpur 82,Jodhpur,Rajasthan
TH_6263,BR_2,Cinepolis,Jalandhar 157,Jalandhar,Punjab
TH_6264,BR_5,PVR Cinemas,Salem 46,Salem,Tamil Nadu
TH_6265,BR_4,Miraj Cinemas,Muzaffarpur 253,Muzaffarpur,Bihar
TH_6266,BR_5,PVR Cinemas,Patiala 178,Patiala,Punjab
TH_6267,BR_3,INOX,Mumbai 228,Mumbai,Maharashtra
TH_6268,BR_6,Wave Cinemas,Muzaffarpur 164,Muzaffarpur,Bihar
TH_6269,BR_2,Cinepolis,Jalandhar 186,Jalandhar,Punjab
TH_6270,BR_2,Cinepolis,Tiruchirappalli 32,Tiruchirappalli,Tamil Nadu
TH_6271,BR_6,Wave Cinemas,Jodhpur 405,Jodhpur,Rajasthan
TH_6272,BR_2,Cinepolis,Thane 247,Thane,Maharashtra
TH_6273,BR_5,PVR Cinemas,Bangalore 191,Bangalore,Karnataka
TH_6274,BR_2,Cinepolis,Howrah 161,Howrah,West Bengal
TH_6275,BR_3,INOX,Nashik 235,Nashik,Maharashtra
TH_6276,BR_4,Miraj Cinemas,Ajmer 197,Ajmer,Rajasthan
TH_6277,BR_3,INOX,Hubli 178,Hubli,Karnataka
TH_6278,BR_3,INOX,Chennai 165,Chennai,Tamil Nadu
TH_6279,BR_3,INOX,Bangalore 231,Bangalore,Karnataka
TH_6280,BR_2,Cinepolis,Asansol 58,Asansol,West Bengal
TH_6281,BR_4,Miraj Cinemas,Kanpur 376,Kanpur,Uttar Pradesh
TH_6282,BR_2,Cinepolis,Bhavnagar 139,Bhavnagar,Gujarat
TH_6283,BR_5,PVR Cinemas,Hubli 25,Hubli,Karnataka
TH_6284,BR_3,INOX,Siliguri 49,Siliguri,West Bengal
TH_6285,BR_5,PVR Cinemas,Thane 42,Thane,Maharashtra
TH_6286,BR_3,INOX,Asansol 293,Asansol,West Bengal
TH_6287,BR_6,Wave Cinemas,Agra 390,Agra,Uttar Pradesh
TH_6288,BR_2,Cinepolis,Nashik 399,Nashik,Maharashtra
TH_6289,BR_5,PVR Cinemas,Ujjain 96,Ujjain,Madhya Pradesh
TH_6290,BR_6,Wave Cinemas,Muzaffarpur 243,Muzaffarpur,Bihar
TH_6291,BR_1,Carnival Cinemas,Jalandhar 307,Jalandhar,Punjab
TH_6292,BR_5,PVR Cinemas,Ujjain 210,Ujjain,Madhya Pradesh
TH_6293,BR_3,INOX,Bhavnagar 195,Bhavnagar,Gujarat
TH_6294,BR_3,INOX,Rajkot 267,Rajkot,Gujarat
TH_6295,BR_3,INOX,Tiruchirappalli 31,Tiruchirappalli,Tamil Nadu
TH_6296,BR_2,Cinepolis,Bhagalpur 480,Bhagalpur,Bihar
TH_6297,BR_4,Miraj Cinemas,Jaipur 239,Jaipur,Rajasthan
TH_6298,BR_5,PVR Cinemas,Udaipur 330,Udaipur,Rajasthan
TH_6299,BR_5,PVR Cinemas,Mumbai 148,Mumbai,Maharashtra
TH_6300,BR_4,Miraj Cinemas,Jodhpur 53,Jodhpur,Rajasthan
TH_6301,BR_2,Cinepolis,Ajmer 117,Ajmer,Rajasthan
TH_6302,BR_6,Wave Cinemas,Ahmedabad 270,Ahmedabad,Gujarat
TH_6303,BR_3,INOX,Bangalore 131,Bangalore,Karnataka
TH_6304,BR_2,Cinepolis,Jalandhar 140,Jalandhar,Punjab
TH_6305,BR_3,INOX,Mumbai 449,Mumbai,Maharashtra
TH_6306,BR_2,Cinepolis,Thane 300,Thane,Maharashtra
TH_6307,BR_2,Cinepolis,Gaya 124,Gaya,Bihar
TH_6308,BR_3,INOX,Vadodara 217,Vadodara,Gujarat
TH_6309,BR_2,Cinepolis,Thane 143,Thane,Maharashtra
TH_6310,BR_1,Carnival Cinemas,Mumbai 184,Mumbai,Maharashtra
TH_6311,BR_3,INOX,Muzaffarpur 118,Muzaffarpur,Bihar
TH_6312,BR_5,PVR Cinemas,Hubli 210,Hubli,Karnataka
TH_6313,BR_4,Miraj Cinemas,Belgaum 217,Belgaum,Karnataka
TH_6314,BR_6,Wave Cinemas,Jaipur 463,Jaipur,Rajasthan
TH_6315,BR_2,Cinepolis,Belgaum 334,Belgaum,Karnataka
TH_6316,BR_5,PVR Cinemas,Rajkot 364,Rajkot,Gujarat
TH_6317,BR_5,PVR Cinemas,Bathinda 140,Bathinda,Punjab
TH_6318,BR_3,INOX,Asansol 188,Asansol,West Bengal
TH_6319,BR_5,PVR Cinemas,Vadodara 354,Vadodara,Gujarat
TH_6320,BR_4,Miraj Cinemas,Chennai 26,Chennai,Tamil Nadu
TH_6321,BR_5,PVR Cinemas,Indore 190,Indore,Madhya Pradesh
TH_6322,BR_3,INOX,Jaipur 455,Jaipur,Rajasthan
TH_6323,BR_6,Wave Cinemas,Bathinda 335,Bathinda,Punjab
TH_6324,BR_1,Carnival Cinemas,Salem 88,Salem,Tamil Nadu
TH_6325,BR_5,PVR Cinemas,Bhopal 467,Bhopal,Madhya Pradesh
TH_6326,BR_2,Cinepolis,Belgaum 39,Belgaum,Karnataka
TH_6327,BR_6,Wave Cinemas,Nagpur 407,Nagpur,Maharashtra
TH_6328,BR_1,Carnival Cinemas,Udaipur 36,Udaipur,Rajasthan
TH_6329,BR_1,Carnival Cinemas,Udaipur 260,Udaipur,Rajasthan
TH_6330,BR_6,Wave Cinemas,Pune 330,Pune,Maharashtra
TH_6331,BR_2,Cinepolis,Surat 128,Surat,Gujarat
TH_6332,BR_4,Miraj Cinemas,Hubli 232,Hubli,Karnataka
TH_6333,BR_2,Cinepolis,Jodhpur 285,Jodhpur,Rajasthan
TH_6334,BR_4,Miraj Cinemas,Durgapur 231,Durgapur,West Bengal
TH_6335,BR_4,Miraj Cinemas,Hubli 37,Hubli,Karnataka
TH_6336,BR_3,INOX,Varanasi 64,Varanasi,Uttar Pradesh
TH_6337,BR_1,Carnival Cinemas,Nagpur 14,Nagpur,Maharashtra
TH_6338,BR_4,Miraj Cinemas,Nagpur 437,Nagpur,Maharashtra
TH_6339,BR_4,Miraj Cinemas,Durgapur 129,Durgapur,West Bengal
TH_6340,BR_3,INOX,Jabalpur 439,Jabalpur,Madhya Pradesh
TH_6341,BR_3,INOX,Agra 361,Agra,Uttar Pradesh
TH_6342,BR_3,INOX,Mangalore 75,Mangalore,Karnataka
TH_6343,BR_6,Wave Cinemas,Meerut 460,Meerut,Uttar Pradesh
TH_6344,BR_5,PVR Cinemas,Agra 208,Agra,Uttar Pradesh
TH_6345,BR_2,Cinepolis,Asansol 321,Asansol,West Bengal
TH_6346,BR_6,Wave Cinemas,Belgaum 265,Belgaum,Karnataka
TH_6347,BR_1,Carnival Cinemas,Mysore 193,Mysore,Karnataka
TH_6348,BR_4,Miraj Cinemas,Jaipur 58,Jaipur,Rajasthan
TH_6349,BR_6,Wave Cinemas,Salem 286,Salem,Tamil Nadu
TH_6350,BR_1,Carnival Cinemas,Amritsar 248,Amritsar,Punjab
TH_6351,BR_6,Wave Cinemas,Muzaffarpur 259,Muzaffarpur,Bihar
TH_6352,BR_4,Miraj Cinemas,Thane 454,Thane,Maharashtra
TH_6353,BR_2,Cinepolis,Gwalior 351,Gwalior,Madhya Pradesh
TH_6354,BR_6,Wave Cinemas,Ahmedabad 191,Ahmedabad,Gujarat
TH_6355,BR_1,Carnival Cinemas,Ahmedabad 342,Ahmedabad,Gujarat
TH_6356,BR_5,PVR Cinemas,Ahmedabad 254,Ahmedabad,Gujarat
TH_6357,BR_1,Carnival Cinemas,Mumbai 395,Mumbai,Maharashtra
TH_6358,BR_3,INOX,Mysore 211,Mysore,Karnataka
TH_6359,BR_5,PVR Cinemas,Patna 428,Patna,Bihar
TH_6360,BR_3,INOX,Varanasi 172,Varanasi,Uttar Pradesh
TH_6361,BR_5,PVR Cinemas,Chennai 373,Chennai,Tamil Nadu
TH_6362,BR_1,Carnival Cinemas,Salem 208,Salem,Tamil Nadu
TH_6363,BR_2,Cinepolis,Lucknow 355,Lucknow,Uttar Pradesh
TH_6364,BR_1,Carnival Cinemas,Asansol 492,Asansol,West Bengal
TH_6365,BR_1,Carnival Cinemas,Ahmedabad 33,Ahmedabad,Gujarat
TH_6366,BR_6,Wave Cinemas,Agra 36,Agra,Uttar Pradesh
TH_6367,BR_4,Miraj Cinemas,Ahmedabad 14,Ahmedabad,Gujarat
TH_6368,BR_6,Wave Cinemas,Agra 205,Agra,Uttar Pradesh
TH_6369,BR_4,Miraj Cinemas,Varanasi 251,Varanasi,Uttar Pradesh
TH_6370,BR_5,PVR Cinemas,Surat 263,Surat,Gujarat
TH_6371,BR_2,Cinepolis,Ajmer 430,Ajmer,Rajasthan
TH_6372,BR_5,PVR Cinemas,Patiala 299,Patiala,Punjab
TH_6373,BR_2,Cinepolis,Ujjain 402,Ujjain,Madhya Pradesh
TH_6374,BR_1,Carnival Cinemas,Indore 324,Indore,Madhya Pradesh
TH_6375,BR_2,Cinepolis,Jaipur 399,Jaipur,Rajasthan
TH_6376,BR_3,INOX,Mumbai 310,Mumbai,Maharashtra
TH_6377,BR_4,Miraj Cinemas,Ludhiana 433,Ludhiana,Punjab
TH_6378,BR_3,INOX,Bhagalpur 267,Bhagalpur,Bihar
TH_6379,BR_6,Wave Cinemas,Patna 295,Patna,Bihar
TH_6380,BR_2,Cinepolis,Bhopal 351,Bhopal,Madhya Pradesh
TH_6381,BR_2,Cinepolis,Durgapur 423,Durgapur,West Bengal
TH_6382,BR_4,Miraj Cinemas,Amritsar 43,Amritsar,Punjab
TH_6383,BR_1,Carnival Cinemas,Nagpur 103,Nagpur,Maharashtra
TH_6384,BR_2,Cinepolis,Pune 24,Pune,Maharashtra
TH_6385,BR_5,PVR Cinemas,Varanasi 273,Varanasi,Uttar Pradesh
TH_6386,BR_4,Miraj Cinemas,Gwalior 32,Gwalior,Madhya Pradesh
TH_6387,BR_3,INOX,Ahmedabad 284,Ahmedabad,Gujarat
TH_6388,BR_1,Carnival Cinemas,Jodhpur 62,Jodhpur,Rajasthan
TH_6389,BR_1,Carnival Cinemas,Kanpur 162,Kanpur,Uttar Pradesh
TH_6390,BR_4,Miraj Cinemas,Ahmedabad 129,Ahmedabad,Gujarat
TH_6391,BR_4,Miraj Cinemas,Bhagalpur 484,Bhagalpur,Bihar
TH_6392,BR_4,Miraj Cinemas,Meerut 116,Meerut,Uttar Pradesh
TH_6393,BR_1,Carnival Cinemas,Belgaum 275,Belgaum,Karnataka
TH_6394,BR_2,Cinepolis,Patiala 157,Patiala,Punjab
TH_6395,BR_1,Carnival Cinemas,Mangalore 229,Mangalore,Karnataka
TH_6396,BR_2,Cinepolis,Siliguri 73,Siliguri,West Bengal
TH_6397,BR_3,INOX,Ludhiana 281,Ludhiana,Punjab
TH_6398,BR_1,Carnival Cinemas,Bhopal 14,Bhopal,Madhya Pradesh
TH_6399,BR_1,Carnival Cinemas,Mangalore 70,Mangalore,Karnataka
TH_6400,BR_3,INOX,Purnia 200,Purnia,Bihar
TH_6401,BR_6,Wave Cinemas,Purnia 250,Purnia,Bihar
TH_6402,BR_2,Cinepolis,Bhagalpur 233,Bhagalpur,Bihar
TH_6403,BR_1,Carnival Cinemas,Madurai 440,Madurai,Tamil Nadu
TH_6404,BR_6,Wave Cinemas,Jaipur 135,Jaipur,Rajasthan
TH_6405,BR_6,Wave Cinemas,Mangalore 385,Mangalore,Karnataka
TH_6406,BR_6,Wave Cinemas,Ujjain 196,Ujjain,Madhya Pradesh
TH_6407,BR_1,Carnival Cinemas,Hubli 178,Hubli,Karnataka
TH_6408,BR_1,Carnival Cinemas,Patna 354,Patna,Bihar
TH_6409,BR_2,Cinepolis,Ludhiana 353,Ludhiana,Punjab
TH_6410,BR_5,PVR Cinemas,Durgapur 96,Durgapur,West Bengal
TH_6411,BR_1,Carnival Cinemas,Muzaffarpur 411,Muzaffarpur,Bihar
TH_6412,BR_4,Miraj Cinemas,Nashik 431,Nashik,Maharashtra
TH_6413,BR_3,INOX,Kolkata 188,Kolkata,West Bengal
TH_6414,BR_3,INOX,Jalandhar 346,Jalandhar,Punjab
TH_6415,BR_3,INOX,Bathinda 151,Bathinda,Punjab
TH_6416,BR_4,Miraj Cinemas,Udaipur 174,Udaipur,Rajasthan
TH_6417,BR_4,Miraj Cinemas,Ajmer 470,Ajmer,Rajasthan
TH_6418,BR_6,Wave Cinemas,Patiala 307,Patiala,Punjab
TH_6419,BR_3,INOX,Agra 364,Agra,Uttar Pradesh
TH_6420,BR_1,Carnival Cinemas,Madurai 240,Madurai,Tamil Nadu
TH_6421,BR_5,PVR Cinemas,Patiala 473,Patiala,Punjab
TH_6422,BR_2,Cinepolis,Howrah 53,Howrah,West Bengal
TH_6423,BR_4,Miraj Cinemas,Amritsar 166,Amritsar,Punjab
TH_6424,BR_5,PVR Cinemas,Indore 1,Indore,Madhya Pradesh
TH_6425,BR_3,INOX,Rajkot 364,Rajkot,Gujarat
TH_6426,BR_6,Wave Cinemas,Patna 112,Patna,Bihar
TH_6427,BR_6,Wave Cinemas,Bangalore 441,Bangalore,Karnataka
TH_6428,BR_5,PVR Cinemas,Ajmer 102,Ajmer,Rajasthan
TH_6429,BR_2,Cinepolis,Durgapur 241,Durgapur,West Bengal
TH_6430,BR_4,Miraj Cinemas,Chennai 197,Chennai,Tamil Nadu
TH_6431,BR_3,INOX,Gwalior 434,Gwalior,Madhya Pradesh
TH_6432,BR_5,PVR Cinemas,Jaipur 361,Jaipur,Rajasthan
TH_6433,BR_6,Wave Cinemas,Varanasi 118,Varanasi,Uttar Pradesh
TH_6434,BR_6,Wave Cinemas,Kota 484,Kota,Rajasthan
TH_6435,BR_3,INOX,Indore 414,Indore,Madhya Pradesh
TH_6436,BR_4,Miraj Cinemas,Bathinda 67,Bathinda,Punjab
TH_6437,BR_3,INOX,Bathinda 469,Bathinda,Punjab
TH_6438,BR_4,Miraj Cinemas,Nagpur 197,Nagpur,Maharashtra
TH_6439,BR_1,Carnival Cinemas,Muzaffarpur 165,Muzaffarpur,Bihar
TH_6440,BR_5,PVR Cinemas,Asansol 136,Asansol,West Bengal
TH_6441,BR_3,INOX,Hubli 159,Hubli,Karnataka
TH_6442,BR_1,Carnival Cinemas,Durgapur 153,Durgapur,West Bengal
TH_6443,BR_5,PVR Cinemas,Tiruchirappalli 252,Tiruchirappalli,Tamil Nadu
TH_6444,BR_3,INOX,Jaipur 120,Jaipur,Rajasthan
TH_6445,BR_1,Carnival Cinemas,Belgaum 365,Belgaum,Karnataka
TH_6446,BR_4,Miraj Cinemas,Madurai 109,Madurai,Tamil Nadu
TH_6447,BR_5,PVR Cinemas,Agra 236,Agra,Uttar Pradesh
TH_6448,BR_2,Cinepolis,Hubli 95,Hubli,Karnataka
TH_6449,BR_6,Wave Cinemas,Belgaum 35,Belgaum,Karnataka
TH_6450,BR_5,PVR Cinemas,Mumbai 84,Mumbai,Maharashtra
TH_6451,BR_2,Cinepolis,Surat 446,Surat,Gujarat
TH_6452,BR_2,Cinepolis,Kota 35,Kota,Rajasthan
TH_6453,BR_5,PVR Cinemas,Ahmedabad 65,Ahmedabad,Gujarat
TH_6454,BR_1,Carnival Cinemas,Jabalpur 392,Jabalpur,Madhya Pradesh
TH_6455,BR_5,PVR Cinemas,Udaipur 407,Udaipur,Rajasthan
TH_6456,BR_1,Carnival Cinemas,Muzaffarpur 131,Muzaffarpur,Bihar
TH_6457,BR_3,INOX,Jaipur 465,Jaipur,Rajasthan
TH_6458,BR_1,Carnival Cinemas,Madurai 29,Madurai,Tamil Nadu
TH_6459,BR_6,Wave Cinemas,Ujjain 488,Ujjain,Madhya Pradesh
TH_6460,BR_6,Wave Cinemas,Udaipur 12,Udaipur,Rajasthan
TH_6461,BR_4,Miraj Cinemas,Hubli 390,Hubli,Karnataka
TH_6462,BR_6,Wave Cinemas,Bhopal 55,Bhopal,Madhya Pradesh
TH_6463,BR_2,Cinepolis,Rajkot 323,Rajkot,Gujarat
TH_6464,BR_3,INOX,Amritsar 66,Amritsar,Punjab
TH_6465,BR_5,PVR Cinemas,Kota 242,Kota,Rajasthan
TH_6466,BR_2,Cinepolis,Gwalior 235,Gwalior,Madhya Pradesh
TH_6467,BR_5,PVR Cinemas,Bhagalpur 383,Bhagalpur,Bihar
TH_6468,BR_5,PVR Cinemas,Ujjain 222,Ujjain,Madhya Pradesh
TH_6469,BR_4,Miraj Cinemas,Nagpur 299,Nagpur,Maharashtra
TH_6470,BR_2,Cinepolis,Surat 246,Surat,Gujarat
TH_6471,BR_4,Miraj Cinemas,Kanpur 10,Kanpur,Uttar Pradesh
TH_6472,BR_5,PVR Cinemas,Bangalore 67,Bangalore,Karnataka
TH_6473,BR_3,INOX,Jabalpur 248,Jabalpur,Madhya Pradesh
TH_6474,BR_6,Wave Cinemas,Tiruchirappalli 42,Tiruchirappalli,Tamil Nadu
TH_6475,BR_3,INOX,Indore 185,Indore,Madhya Pradesh
TH_6476,BR_4,Miraj Cinemas,Amritsar 123,Amritsar,Punjab
TH_6477,BR_4,Miraj Cinemas,Rajkot 148,Rajkot,Gujarat
TH_6478,BR_5,PVR Cinemas,Kanpur 304,Kanpur,Uttar Pradesh
TH_6479,BR_5,PVR Cinemas,Siliguri 26,Siliguri,West Bengal
TH_6480,BR_5,PVR Cinemas,Belgaum 73,Belgaum,Karnataka
TH_6481,BR_5,PVR Cinemas,Bathinda 300,Bathinda,Punjab
TH_6482,BR_4,Miraj Cinemas,Nashik 479,Nashik,Maharashtra
TH_6483,BR_6,Wave Cinemas,Ajmer 329,Ajmer,Rajasthan
TH_6484,BR_3,INOX,Jaipur 372,Jaipur,Rajasthan
TH_6485,BR_6,Wave Cinemas,Ludhiana 449,Ludhiana,Punjab
TH_6486,BR_2,Cinepolis,Patna 137,Patna,Bihar
TH_6487,BR_4,Miraj Cinemas,Belgaum 463,Belgaum,Karnataka
TH_6488,BR_4,Miraj Cinemas,Hubli 314,Hubli,Karnataka
TH_6489,BR_6,Wave Cinemas,Coimbatore 225,Coimbatore,Tamil Nadu
TH_6490,BR_1,Carnival Cinemas,Bhopal 430,Bhopal,Madhya Pradesh
TH_6491,BR_5,PVR Cinemas,Lucknow 141,Lucknow,Uttar Pradesh
TH_6492,BR_1,Carnival Cinemas,Mysore 26,Mysore,Karnataka
TH_6493,BR_6,Wave Cinemas,Ahmedabad 213,Ahmedabad,Gujarat
TH_6494,BR_4,Miraj Cinemas,Mangalore 227,Mangalore,Karnataka
TH_6495,BR_3,INOX,Coimbatore 482,Coimbatore,Tamil Nadu
TH_6496,BR_2,Cinepolis,Purnia 470,Purnia,Bihar
TH_6497,BR_3,INOX,Muzaffarpur 275,Muzaffarpur,Bihar
TH_6498,BR_1,Carnival Cinemas,Salem 416,Salem,Tamil Nadu
TH_6499,BR_1,Carnival Cinemas,Gaya 329,Gaya,Bihar
TH_6500,BR_4,Miraj Cinemas,Nagpur 495,Nagpur,Maharashtra
TH_6501,BR_5,PVR Cinemas,Gaya 117,Gaya,Bihar
TH_6502,BR_1,Carnival Cinemas,Kota 95,Kota,Rajasthan
TH_6503,BR_2,Cinepolis,Rajkot 233,Rajkot,Gujarat
TH_6504,BR_6,Wave Cinemas,Patna 116,Patna,Bihar
TH_6505,BR_2,Cinepolis,Ahmedabad 12,Ahmedabad,Gujarat
TH_6506,BR_3,INOX,Thane 160,Thane,Maharashtra
TH_6507,BR_2,Cinepolis,Vadodara 358,Vadodara,Gujarat
TH_6508,BR_4,Miraj Cinemas,Hubli 21,Hubli,Karnataka
TH_6509,BR_6,Wave Cinemas,Asansol 415,Asansol,West Bengal
TH_6510,BR_1,Carnival Cinemas,Belgaum 350,Belgaum,Karnataka
TH_6511,BR_2,Cinepolis,Agra 467,Agra,Uttar Pradesh
TH_6512,BR_4,Miraj Cinemas,Meerut 222,Meerut,Uttar Pradesh
TH_6513,BR_4,Miraj Cinemas,Bhopal 323,Bhopal,Madhya Pradesh
TH_6514,BR_6,Wave Cinemas,Bangalore 126,Bangalore,Karnataka
TH_6515,BR_5,PVR Cinemas,Asansol 493,Asansol,West Bengal
TH_6516,BR_5,PVR Cinemas,Surat 348,Surat,Gujarat
TH_6517,BR_5,PVR Cinemas,Bhopal 151,Bhopal,Madhya Pradesh
TH_6518,BR_4,Miraj Cinemas,Pune 360,Pune,Maharashtra
TH_6519,BR_6,Wave Cinemas,Mysore 167,Mysore,Karnataka
TH_6520,BR_4,Miraj Cinemas,Bhagalpur 305,Bhagalpur,Bihar
TH_6521,BR_4,Miraj Cinemas,Hubli 140,Hubli,Karnataka
TH_6522,BR_2,Cinepolis,Bhopal 423,Bhopal,Madhya Pradesh
TH_6523,BR_3,INOX,Amritsar 318,Amritsar,Punjab
TH_6524,BR_1,Carnival Cinemas,Bhagalpur 397,Bhagalpur,Bihar
TH_6525,BR_4,Miraj Cinemas,Agra 123,Agra,Uttar Pradesh
TH_6526,BR_6,Wave Cinemas,Purnia 80,Purnia,Bihar
TH_6527,BR_3,INOX,Lucknow 92,Lucknow,Uttar Pradesh
TH_6528,BR_4,Miraj Cinemas,Amritsar 368,Amritsar,Punjab
TH_6529,BR_5,PVR Cinemas,Tiruchirappalli 56,Tiruchirappalli,Tamil Nadu
TH_6530,BR_1,Carnival Cinemas,Kota 76,Kota,Rajasthan
TH_6531,BR_1,Carnival Cinemas,Siliguri 366,Siliguri,West Bengal
TH_6532,BR_5,PVR Cinemas,Jabalpur 47,Jabalpur,Madhya Pradesh
TH_6533,BR_1,Carnival Cinemas,Udaipur 300,Udaipur,Rajasthan
TH_6534,BR_2,Cinepolis,Hubli 309,Hubli,Karnataka
TH_6535,BR_3,INOX,Ajmer 422,Ajmer,Rajasthan
TH_6536,BR_3,INOX,Durgapur 52,Durgapur,West Bengal
TH_6537,BR_6,Wave Cinemas,Bathinda 392,Bathinda,Punjab
TH_6538,BR_2,Cinepolis,Tiruchirappalli 321,Tiruchirappalli,Tamil Nadu
TH_6539,BR_6,Wave Cinemas,Ahmedabad 368,Ahmedabad,Gujarat
TH_6540,BR_2,Cinepolis,Nashik 14,Nashik,Maharashtra
TH_6541,BR_3,INOX,Mysore 479,Mysore,Karnataka
TH_6542,BR_5,PVR Cinemas,Bhagalpur 493,Bhagalpur,Bihar
TH_6543,BR_1,Carnival Cinemas,Bhopal 192,Bhopal,Madhya Pradesh
TH_6544,BR_2,Cinepolis,Jalandhar 391,Jalandhar,Punjab
TH_6545,BR_3,INOX,Ajmer 315,Ajmer,Rajasthan
TH_6546,BR_6,Wave Cinemas,Bathinda 459,Bathinda,Punjab
TH_6547,BR_1,Carnival Cinemas,Varanasi 362,Varanasi,Uttar Pradesh
TH_6548,BR_6,Wave Cinemas,Belgaum 314,Belgaum,Karnataka
TH_6549,BR_4,Miraj Cinemas,Agra 435,Agra,Uttar Pradesh
TH_6550,BR_2,Cinepolis,Gaya 237,Gaya,Bihar
TH_6551,BR_3,INOX,Pune 454,Pune,Maharashtra
TH_6552,BR_3,INOX,Jabalpur 340,Jabalpur,Madhya Pradesh
TH_6553,BR_3,INOX,Amritsar 440,Amritsar,Punjab
TH_6554,BR_2,Cinepolis,Jabalpur 94,Jabalpur,Madhya Pradesh
TH_6555,BR_5,PVR Cinemas,Udaipur 248,Udaipur,Rajasthan
TH_6556,BR_4,Miraj Cinemas,Bhagalpur 41,Bhagalpur,Bihar
TH_6557,BR_5,PVR Cinemas,Meerut 29,Meerut,Uttar Pradesh
TH_6558,BR_1,Carnival Cinemas,Hubli 272,Hubli,Karnataka
TH_6559,BR_1,Carnival Cinemas,Gaya 5,Gaya,Bihar
TH_6560,BR_3,INOX,Kota 455,Kota,Rajasthan
TH_6561,BR_6,Wave Cinemas,Tiruchirappalli 365,Tiruchirappalli,Tamil Nadu
TH_6562,BR_6,Wave Cinemas,Kota 160,Kota,Rajasthan
TH_6563,BR_4,Miraj Cinemas,Bhopal 85,Bhopal,Madhya Pradesh
TH_6564,BR_4,Miraj Cinemas,Kota 484,Kota,Rajasthan
TH_6565,BR_1,Carnival Cinemas,Hubli 118,Hubli,Karnataka
TH_6566,BR_1,Carnival Cinemas,Patna 412,Patna,Bihar
TH_6567,BR_4,Miraj Cinemas,Mangalore 165,Mangalore,Karnataka
TH_6568,BR_3,INOX,Nashik 312,Nashik,Maharashtra
TH_6569,BR_5,PVR Cinemas,Bhopal 347,Bhopal,Madhya Pradesh
TH_6570,BR_6,Wave Cinemas,Mumbai 46,Mumbai,Maharashtra
TH_6571,BR_2,Cinepolis,Bhagalpur 496,Bhagalpur,Bihar
TH_6572,BR_5,PVR Cinemas,Amritsar 67,Amritsar,Punjab
TH_6573,BR_1,Carnival Cinemas,Belgaum 450,Belgaum,Karnataka
TH_6574,BR_4,Miraj Cinemas,Vadodara 394,Vadodara,Gujarat
TH_6575,BR_2,Cinepolis,Patna 129,Patna,Bihar
TH_6576,BR_6,Wave Cinemas,Jalandhar 356,Jalandhar,Punjab
TH_6577,BR_5,PVR Cinemas,Patiala 451,Patiala,Punjab
TH_6578,BR_4,Miraj Cinemas,Mangalore 413,Mangalore,Karnataka
TH_6579,BR_5,PVR Cinemas,Meerut 461,Meerut,Uttar Pradesh
TH_6580,BR_3,INOX,Bathinda 325,Bathinda,Punjab
TH_6581,BR_3,INOX,Durgapur 431,Durgapur,West Bengal
TH_6582,BR_5,PVR Cinemas,Durgapur 114,Durgapur,West Bengal
TH_6583,BR_2,Cinepolis,Durgapur 495,Durgapur,West Bengal
TH_6584,BR_2,Cinepolis,Vadodara 466,Vadodara,Gujarat
TH_6585,BR_3,INOX,Chennai 333,Chennai,Tamil Nadu
TH_6586,BR_2,Cinepolis,Nagpur 177,Nagpur,Maharashtra
TH_6587,BR_6,Wave Cinemas,Varanasi 4,Varanasi,Uttar Pradesh
TH_6588,BR_3,INOX,Purnia 294,Purnia,Bihar
TH_6589,BR_4,Miraj Cinemas,Ahmedabad 185,Ahmedabad,Gujarat
TH_6590,BR_3,INOX,Muzaffarpur 20,Muzaffarpur,Bihar
TH_6591,BR_4,Miraj Cinemas,Bangalore 466,Bangalore,Karnataka
TH_6592,BR_2,Cinepolis,Varanasi 247,Varanasi,Uttar Pradesh
TH_6593,BR_1,Carnival Cinemas,Agra 81,Agra,Uttar Pradesh
TH_6594,BR_5,PVR Cinemas,Bhopal 276,Bhopal,Madhya Pradesh
TH_6595,BR_1,Carnival Cinemas,Jodhpur 100,Jodhpur,Rajasthan
TH_6596,BR_1,Carnival Cinemas,Bhavnagar 370,Bhavnagar,Gujarat
TH_6597,BR_3,INOX,Ujjain 462,Ujjain,Madhya Pradesh
TH_6598,BR_6,Wave Cinemas,Varanasi 186,Varanasi,Uttar Pradesh
TH_6599,BR_6,Wave Cinemas,Vadodara 93,Vadodara,Gujarat
TH_6600,BR_3,INOX,Udaipur 32,Udaipur,Rajasthan
TH_6601,BR_6,Wave Cinemas,Surat 461,Surat,Gujarat
TH_6602,BR_4,Miraj Cinemas,Gaya 253,Gaya,Bihar
TH_6603,BR_3,INOX,Asansol 255,Asansol,West Bengal
TH_6604,BR_1,Carnival Cinemas,Madurai 140,Madurai,Tamil Nadu
TH_6605,BR_4,Miraj Cinemas,Ajmer 359,Ajmer,Rajasthan
TH_6606,BR_1,Carnival Cinemas,Mumbai 281,Mumbai,Maharashtra
TH_6607,BR_6,Wave Cinemas,Ajmer 5,Ajmer,Rajasthan
TH_6608,BR_6,Wave Cinemas,Ahmedabad 82,Ahmedabad,Gujarat
TH_6609,BR_4,Miraj Cinemas,Muzaffarpur 457,Muzaffarpur,Bihar
TH_6610,BR_5,PVR Cinemas,Bhagalpur 158,Bhagalpur,Bihar
TH_6611,BR_3,INOX,Purnia 9,Purnia,Bihar
TH_6612,BR_6,Wave Cinemas,Ludhiana 272,Ludhiana,Punjab
TH_6613,BR_1,Carnival Cinemas,Bathinda 285,Bathinda,Punjab
TH_6614,BR_2,Cinepolis,Agra 261,Agra,Uttar Pradesh
TH_6615,BR_2,Cinepolis,Kolkata 137,Kolkata,West Bengal
TH_6616,BR_4,Miraj Cinemas,Meerut 364,Meerut,Uttar Pradesh
TH_6617,BR_4,Miraj Cinemas,Mysore 222,Mysore,Karnataka
TH_6618,BR_6,Wave Cinemas,Indore 39,Indore,Madhya Pradesh
TH_6619,BR_4,Miraj Cinemas,Surat 190,Surat,Gujarat
TH_6620,BR_1,Carnival Cinemas,Nashik 391,Nashik,Maharashtra
TH_6621,BR_4,Miraj Cinemas,Kota 440,Kota,Rajasthan
TH_6622,BR_4,Miraj Cinemas,Pune 336,Pune,Maharashtra
TH_6623,BR_3,INOX,Bhopal 327,Bhopal,Madhya Pradesh
TH_6624,BR_4,Miraj Cinemas,Lucknow 291,Lucknow,Uttar Pradesh
TH_6625,BR_2,Cinepolis,Tiruchirappalli 2,Tiruchirappalli,Tamil Nadu
TH_6626,BR_3,INOX,Siliguri 160,Siliguri,West Bengal
TH_6627,BR_1,Carnival Cinemas,Belgaum 300,Belgaum,Karnataka
TH_6628,BR_5,PVR Cinemas,Rajkot 162,Rajkot,Gujarat
TH_6629,BR_5,PVR Cinemas,Jaipur 72,Jaipur,Rajasthan
TH_6630,BR_4,Miraj Cinemas,Varanasi 74,Varanasi,Uttar Pradesh
TH_6631,BR_4,Miraj Cinemas,Kanpur 39,Kanpur,Uttar Pradesh
TH_6632,BR_2,Cinepolis,Hubli 252,Hubli,Karnataka
TH_6633,BR_2,Cinepolis,Gwalior 24,Gwalior,Madhya Pradesh
TH_6634,BR_1,Carnival Cinemas,Bhavnagar 395,Bhavnagar,Gujarat
TH_6635,BR_5,PVR Cinemas,Bhopal 128,Bhopal,Madhya Pradesh
TH_6636,BR_2,Cinepolis,Bhagalpur 479,Bhagalpur,Bihar
TH_6637,BR_3,INOX,Mysore 244,Mysore,Karnataka
TH_6638,BR_4,Miraj Cinemas,Bhagalpur 122,Bhagalpur,Bihar
TH_6639,BR_6,Wave Cinemas,Bhopal 459,Bhopal,Madhya Pradesh
TH_6640,BR_4,Miraj Cinemas,Chennai 321,Chennai,Tamil Nadu
TH_6641,BR_1,Carnival Cinemas,Bhagalpur 307,Bhagalpur,Bihar
TH_6642,BR_6,Wave Cinemas,Nashik 217,Nashik,Maharashtra
TH_6643,BR_1,Carnival Cinemas,Bhagalpur 4,Bhagalpur,Bihar
TH_6644,BR_5,PVR Cinemas,Kolkata 360,Kolkata,West Bengal
TH_6645,BR_4,Miraj Cinemas,Gwalior 59,Gwalior,Madhya Pradesh
TH_6646,BR_4,Miraj Cinemas,Udaipur 77,Udaipur,Rajasthan
TH_6647,BR_1,Carnival Cinemas,Varanasi 336,Varanasi,Uttar Pradesh
TH_6648,BR_6,Wave Cinemas,Agra 28,Agra,Uttar Pradesh
TH_6649,BR_1,Carnival Cinemas,Nagpur 349,Nagpur,Maharashtra
TH_6650,BR_3,INOX,Nagpur 156,Nagpur,Maharashtra
TH_6651,BR_4,Miraj Cinemas,Jabalpur 171,Jabalpur,Madhya Pradesh
TH_6652,BR_1,Carnival Cinemas,Thane 17,Thane,Maharashtra
TH_6653,BR_1,Carnival Cinemas,Agra 247,Agra,Uttar Pradesh
TH_6654,BR_3,INOX,Gwalior 348,Gwalior,Madhya Pradesh
TH_6655,BR_1,Carnival Cinemas,Chennai 308,Chennai,Tamil Nadu
TH_6656,BR_1,Carnival Cinemas,Rajkot 14,Rajkot,Gujarat
TH_6657,BR_3,INOX,Muzaffarpur 461,Muzaffarpur,Bihar
TH_6658,BR_3,INOX,Pune 96,Pune,Maharashtra
TH_6659,BR_4,Miraj Cinemas,Patna 18,Patna,Bihar
TH_6660,BR_6,Wave Cinemas,Thane 347,Thane,Maharashtra
TH_6661,BR_1,Carnival Cinemas,Patiala 238,Patiala,Punjab
TH_6662,BR_3,INOX,Mangalore 153,Mangalore,Karnataka
TH_6663,BR_5,PVR Cinemas,Howrah 436,Howrah,West Bengal
TH_6664,BR_1,Carnival Cinemas,Gwalior 432,Gwalior,Madhya Pradesh
TH_6665,BR_2,Cinepolis,Jaipur 423,Jaipur,Rajasthan
TH_6666,BR_5,PVR Cinemas,Rajkot 437,Rajkot,Gujarat
TH_6667,BR_5,PVR Cinemas,Rajkot 278,Rajkot,Gujarat
TH_6668,BR_6,Wave Cinemas,Rajkot 126,Rajkot,Gujarat
TH_6669,BR_5,PVR Cinemas,Thane 471,Thane,Maharashtra
TH_6670,BR_5,PVR Cinemas,Udaipur 224,Udaipur,Rajasthan
TH_6671,BR_6,Wave Cinemas,Varanasi 174,Varanasi,Uttar Pradesh
TH_6672,BR_1,Carnival Cinemas,Indore 68,Indore,Madhya Pradesh
TH_6673,BR_1,Carnival Cinemas,Pune 346,Pune,Maharashtra
TH_6674,BR_4,Miraj Cinemas,Vadodara 331,Vadodara,Gujarat
TH_6675,BR_6,Wave Cinemas,Bathinda 101,Bathinda,Punjab
TH_6676,BR_2,Cinepolis,Muzaffarpur 5,Muzaffarpur,Bihar
TH_6677,BR_6,Wave Cinemas,Agra 316,Agra,Uttar Pradesh
TH_6678,BR_4,Miraj Cinemas,Purnia 339,Purnia,Bihar
TH_6679,BR_6,Wave Cinemas,Nagpur 411,Nagpur,Maharashtra
TH_6680,BR_6,Wave Cinemas,Ludhiana 226,Ludhiana,Punjab
TH_6681,BR_1,Carnival Cinemas,Indore 182,Indore,Madhya Pradesh
TH_6682,BR_3,INOX,Mysore 448,Mysore,Karnataka
TH_6683,BR_3,INOX,Agra 150,Agra,Uttar Pradesh
TH_6684,BR_6,Wave Cinemas,Surat 29,Surat,Gujarat
TH_6685,BR_3,INOX,Siliguri 4,Siliguri,West Bengal
TH_6686,BR_1,Carnival Cinemas,Howrah 267,Howrah,West Bengal
TH_6687,BR_5,PVR Cinemas,Patna 366,Patna,Bihar
TH_6688,BR_3,INOX,Udaipur 286,Udaipur,Rajasthan
TH_6689,BR_3,INOX,Kanpur 252,Kanpur,Uttar Pradesh
TH_6690,BR_1,Carnival Cinemas,Kolkata 423,Kolkata,West Bengal
TH_6691,BR_3,INOX,Thane 359,Thane,Maharashtra
TH_6692,BR_2,Cinepolis,Jodhpur 316,Jodhpur,Rajasthan
TH_6693,BR_6,Wave Cinemas,Mangalore 118,Mangalore,Karnataka
TH_6694,BR_3,INOX,Kota 455,Kota,Rajasthan
TH_6695,BR_4,Miraj Cinemas,Jabalpur 165,Jabalpur,Madhya Pradesh
TH_6696,BR_4,Miraj Cinemas,Agra 180,Agra,Uttar Pradesh
TH_6697,BR_6,Wave Cinemas,Gaya 259,Gaya,Bihar
TH_6698,BR_4,Miraj Cinemas,Meerut 323,Meerut,Uttar Pradesh
TH_6699,BR_4,Miraj Cinemas,Surat 23,Surat,Gujarat
TH_6700,BR_6,Wave Cinemas,Durgapur 439,Durgapur,West Bengal
TH_6701,BR_3,INOX,Ahmedabad 449,Ahmedabad,Gujarat
TH_6702,BR_2,Cinepolis,Mysore 319,Mysore,Karnataka
TH_6703,BR_1,Carnival Cinemas,Lucknow 135,Lucknow,Uttar Pradesh
TH_6704,BR_5,PVR Cinemas,Tiruchirappalli 196,Tiruchirappalli,Tamil Nadu
TH_6705,BR_4,Miraj Cinemas,Nashik 31,Nashik,Maharashtra
TH_6706,BR_1,Carnival Cinemas,Jalandhar 264,Jalandhar,Punjab
TH_6707,BR_2,Cinepolis,Durgapur 14,Durgapur,West Bengal
TH_6708,BR_1,Carnival Cinemas,Agra 397,Agra,Uttar Pradesh
TH_6709,BR_6,Wave Cinemas,Belgaum 482,Belgaum,Karnataka
TH_6710,BR_1,Carnival Cinemas,Surat 495,Surat,Gujarat
TH_6711,BR_1,Carnival Cinemas,Tiruchirappalli 498,Tiruchirappalli,Tamil Nadu
TH_6712,BR_6,Wave Cinemas,Tiruchirappalli 65,Tiruchirappalli,Tamil Nadu
TH_6713,BR_2,Cinepolis,Jabalpur 69,Jabalpur,Madhya Pradesh
TH_6714,BR_5,PVR Cinemas,Indore 157,Indore,Madhya Pradesh
TH_6715,BR_3,INOX,Howrah 228,Howrah,West Bengal
TH_6716,BR_1,Carnival Cinemas,Asansol 328,Asansol,West Bengal
TH_6717,BR_2,Cinepolis,Jalandhar 445,Jalandhar,Punjab
TH_6718,BR_2,Cinepolis,Nashik 237,Nashik,Maharashtra
TH_6719,BR_5,PVR Cinemas,Muzaffarpur 89,Muzaffarpur,Bihar
TH_6720,BR_4,Miraj Cinemas,Gwalior 81,Gwalior,Madhya Pradesh
TH_6721,BR_2,Cinepolis,Jodhpur 429,Jodhpur,Rajasthan
TH_6722,BR_3,INOX,Muzaffarpur 238,Muzaffarpur,Bihar
TH_6723,BR_4,Miraj Cinemas,Kolkata 105,Kolkata,West Bengal
TH_6724,BR_6,Wave Cinemas,Ahmedabad 106,Ahmedabad,Gujarat
TH_6725,BR_4,Miraj Cinemas,Udaipur 357,Udaipur,Rajasthan
TH_6726,BR_2,Cinepolis,Nagpur 247,Nagpur,Maharashtra
TH_6727,BR_1,Carnival Cinemas,Kanpur 375,Kanpur,Uttar Pradesh
TH_6728,BR_5,PVR Cinemas,Muzaffarpur 368,Muzaffarpur,Bihar
TH_6729,BR_2,Cinepolis,Vadodara 309,Vadodara,Gujarat
TH_6730,BR_2,Cinepolis,Patiala 169,Patiala,Punjab
TH_6731,BR_6,Wave Cinemas,Mysore 248,Mysore,Karnataka
TH_6732,BR_6,Wave Cinemas,Siliguri 15,Siliguri,West Bengal
TH_6733,BR_6,Wave Cinemas,Jalandhar 232,Jalandhar,Punjab
TH_6734,BR_6,Wave Cinemas,Belgaum 103,Belgaum,Karnataka
TH_6735,BR_1,Carnival Cinemas,Surat 214,Surat,Gujarat
TH_6736,BR_2,Cinepolis,Gaya 280,Gaya,Bihar
TH_6737,BR_5,PVR Cinemas,Purnia 335,Purnia,Bihar
TH_6738,BR_2,Cinepolis,Nashik 66,Nashik,Maharashtra
TH_6739,BR_2,Cinepolis,Ujjain 25,Ujjain,Madhya Pradesh
TH_6740,BR_4,Miraj Cinemas,Jalandhar 323,Jalandhar,Punjab
TH_6741,BR_1,Carnival Cinemas,Jalandhar 313,Jalandhar,Punjab
TH_6742,BR_4,Miraj Cinemas,Meerut 98,Meerut,Uttar Pradesh
TH_6743,BR_5,PVR Cinemas,Nashik 209,Nashik,Maharashtra
TH_6744,BR_3,INOX,Bhagalpur 367,Bhagalpur,Bihar
TH_6745,BR_5,PVR Cinemas,Belgaum 367,Belgaum,Karnataka
TH_6746,BR_5,PVR Cinemas,Chennai 158,Chennai,Tamil Nadu
TH_6747,BR_3,INOX,Thane 463,Thane,Maharashtra
TH_6748,BR_3,INOX,Belgaum 106,Belgaum,Karnataka
TH_6749,BR_1,Carnival Cinemas,Asansol 466,Asansol,West Bengal
TH_6750,BR_4,Miraj Cinemas,Thane 69,Thane,Maharashtra
TH_6751,BR_6,Wave Cinemas,Hubli 86,Hubli,Karnataka
TH_6752,BR_2,Cinepolis,Surat 438,Surat,Gujarat
TH_6753,BR_2,Cinepolis,Vadodara 429,Vadodara,Gujarat
TH_6754,BR_3,INOX,Amritsar 411,Amritsar,Punjab
TH_6755,BR_2,Cinepolis,Vadodara 110,Vadodara,Gujarat
TH_6756,BR_5,PVR Cinemas,Thane 46,Thane,Maharashtra
TH_6757,BR_3,INOX,Varanasi 273,Varanasi,Uttar Pradesh
TH_6758,BR_5,PVR Cinemas,Jabalpur 58,Jabalpur,Madhya Pradesh
TH_6759,BR_2,Cinepolis,Pune 332,Pune,Maharashtra
TH_6760,BR_4,Miraj Cinemas,Jalandhar 219,Jalandhar,Punjab
TH_6761,BR_6,Wave Cinemas,Ludhiana 273,Ludhiana,Punjab
TH_6762,BR_4,Miraj Cinemas,Tiruchirappalli 177,Tiruchirappalli,Tamil Nadu
TH_6763,BR_2,Cinepolis,Mumbai 307,Mumbai,Maharashtra
TH_6764,BR_5,PVR Cinemas,Bhagalpur 211,Bhagalpur,Bihar
TH_6765,BR_4,Miraj Cinemas,Bhagalpur 157,Bhagalpur,Bihar
TH_6766,BR_5,PVR Cinemas,Rajkot 144,Rajkot,Gujarat
TH_6767,BR_3,INOX,Madurai 348,Madurai,Tamil Nadu
TH_6768,BR_6,Wave Cinemas,Salem 125,Salem,Tamil Nadu
TH_6769,BR_2,Cinepolis,Madurai 262,Madurai,Tamil Nadu
TH_6770,BR_2,Cinepolis,Jodhpur 332,Jodhpur,Rajasthan
TH_6771,BR_6,Wave Cinemas,Bhagalpur 480,Bhagalpur,Bihar
TH_6772,BR_2,Cinepolis,Belgaum 106,Belgaum,Karnataka
TH_6773,BR_5,PVR Cinemas,Vadodara 102,Vadodara,Gujarat
TH_6774,BR_2,Cinepolis,Bangalore 448,Bangalore,Karnataka
TH_6775,BR_3,INOX,Chennai 105,Chennai,Tamil Nadu
TH_6776,BR_4,Miraj Cinemas,Udaipur 173,Udaipur,Rajasthan
TH_6777,BR_3,INOX,Belgaum 63,Belgaum,Karnataka
TH_6778,BR_3,INOX,Bhopal 350,Bhopal,Madhya Pradesh
TH_6779,BR_3,INOX,Hubli 498,Hubli,Karnataka
TH_6780,BR_2,Cinepolis,Chennai 78,Chennai,Tamil Nadu
TH_6781,BR_4,Miraj Cinemas,Ujjain 226,Ujjain,Madhya Pradesh
TH_6782,BR_2,Cinepolis,Bhagalpur 247,Bhagalpur,Bihar
TH_6783,BR_5,PVR Cinemas,Indore 333,Indore,Madhya Pradesh
TH_6784,BR_3,INOX,Tiruchirappalli 348,Tiruchirappalli,Tamil Nadu
TH_6785,BR_5,PVR Cinemas,Kota 82,Kota,Rajasthan
TH_6786,BR_3,INOX,Purnia 37,Purnia,Bihar
TH_6787,BR_6,Wave Cinemas,Coimbatore 405,Coimbatore,Tamil Nadu
TH_6788,BR_2,Cinepolis,Jodhpur 254,Jodhpur,Rajasthan
TH_6789,BR_5,PVR Cinemas,Nashik 90,Nashik,Maharashtra
TH_6790,BR_6,Wave Cinemas,Nashik 421,Nashik,Maharashtra
TH_6791,BR_1,Carnival Cinemas,Pune 61,Pune,Maharashtra
TH_6792,BR_5,PVR Cinemas,Howrah 21,Howrah,West Bengal
TH_6793,BR_3,INOX,Patiala 407,Patiala,Punjab
TH_6794,BR_3,INOX,Gwalior 320,Gwalior,Madhya Pradesh
TH_6795,BR_3,INOX,Jodhpur 11,Jodhpur,Rajasthan
TH_6796,BR_2,Cinepolis,Meerut 20,Meerut,Uttar Pradesh
TH_6797,BR_4,Miraj Cinemas,Kolkata 191,Kolkata,West Bengal
TH_6798,BR_5,PVR Cinemas,Bathinda 69,Bathinda,Punjab
TH_6799,BR_5,PVR Cinemas,Surat 108,Surat,Gujarat
TH_6800,BR_4,Miraj Cinemas,Meerut 20,Meerut,Uttar Pradesh
TH_6801,BR_2,Cinepolis,Indore 259,Indore,Madhya Pradesh
TH_6802,BR_6,Wave Cinemas,Jalandhar 373,Jalandhar,Punjab
TH_6803,BR_3,INOX,Bangalore 24,Bangalore,Karnataka
TH_6804,BR_2,Cinepolis,Gwalior 486,Gwalior,Madhya Pradesh
TH_6805,BR_3,INOX,Agra 229,Agra,Uttar Pradesh
TH_6806,BR_2,Cinepolis,Jalandhar 438,Jalandhar,Punjab
TH_6807,BR_2,Cinepolis,Muzaffarpur 465,Muzaffarpur,Bihar
TH_6808,BR_3,INOX,Patna 420,Patna,Bihar
TH_6809,BR_2,Cinepolis,Surat 292,Surat,Gujarat
TH_6810,BR_1,Carnival Cinemas,Bathinda 140,Bathinda,Punjab
TH_6811,BR_3,INOX,Ludhiana 212,Ludhiana,Punjab
TH_6812,BR_5,PVR Cinemas,Jaipur 239,Jaipur,Rajasthan
TH_6813,BR_4,Miraj Cinemas,Jabalpur 476,Jabalpur,Madhya Pradesh
TH_6814,BR_6,Wave Cinemas,Salem 56,Salem,Tamil Nadu
TH_6815,BR_2,Cinepolis,Kota 435,Kota,Rajasthan
TH_6816,BR_5,PVR Cinemas,Rajkot 446,Rajkot,Gujarat
TH_6817,BR_5,PVR Cinemas,Thane 345,Thane,Maharashtra
TH_6818,BR_3,INOX,Rajkot 101,Rajkot,Gujarat
TH_6819,BR_5,PVR Cinemas,Nagpur 484,Nagpur,Maharashtra
TH_6820,BR_4,Miraj Cinemas,Thane 249,Thane,Maharashtra
TH_6821,BR_5,PVR Cinemas,Muzaffarpur 167,Muzaffarpur,Bihar
TH_6822,BR_3,INOX,Agra 98,Agra,Uttar Pradesh
TH_6823,BR_6,Wave Cinemas,Gaya 282,Gaya,Bihar
TH_6824,BR_1,Carnival Cinemas,Mysore 29,Mysore,Karnataka
TH_6825,BR_5,PVR Cinemas,Belgaum 447,Belgaum,Karnataka
TH_6826,BR_2,Cinepolis,Ajmer 410,Ajmer,Rajasthan
TH_6827,BR_6,Wave Cinemas,Rajkot 59,Rajkot,Gujarat
TH_6828,BR_1,Carnival Cinemas,Mysore 422,Mysore,Karnataka
TH_6829,BR_1,Carnival Cinemas,Siliguri 214,Siliguri,West Bengal
TH_6830,BR_6,Wave Cinemas,Patna 297,Patna,Bihar
TH_6831,BR_2,Cinepolis,Kanpur 161,Kanpur,Uttar Pradesh
TH_6832,BR_4,Miraj Cinemas,Meerut 105,Meerut,Uttar Pradesh
TH_6833,BR_2,Cinepolis,Indore 313,Indore,Madhya Pradesh
TH_6834,BR_4,Miraj Cinemas,Chennai 70,Chennai,Tamil Nadu
TH_6835,BR_4,Miraj Cinemas,Lucknow 107,Lucknow,Uttar Pradesh
TH_6836,BR_3,INOX,Ajmer 246,Ajmer,Rajasthan
TH_6837,BR_1,Carnival Cinemas,Nashik 24,Nashik,Maharashtra
TH_6838,BR_4,Miraj Cinemas,Agra 36,Agra,Uttar Pradesh
TH_6839,BR_4,Miraj Cinemas,Bhavnagar 356,Bhavnagar,Gujarat
TH_6840,BR_3,INOX,Hubli 136,Hubli,Karnataka
TH_6841,BR_3,INOX,Patna 68,Patna,Bihar
TH_6842,BR_3,INOX,Lucknow 161,Lucknow,Uttar Pradesh
TH_6843,BR_6,Wave Cinemas,Lucknow 354,Lucknow,Uttar Pradesh
TH_6844,BR_5,PVR Cinemas,Durgapur 177,Durgapur,West Bengal
TH_6845,BR_2,Cinepolis,Ludhiana 451,Ludhiana,Punjab
TH_6846,BR_6,Wave Cinemas,Rajkot 20,Rajkot,Gujarat
TH_6847,BR_1,Carnival Cinemas,Kanpur 391,Kanpur,Uttar Pradesh
TH_6848,BR_4,Miraj Cinemas,Purnia 418,Purnia,Bihar
TH_6849,BR_6,Wave Cinemas,Chennai 17,Chennai,Tamil Nadu
TH_6850,BR_1,Carnival Cinemas,Mangalore 134,Mangalore,Karnataka
TH_6851,BR_6,Wave Cinemas,Varanasi 22,Varanasi,Uttar Pradesh
TH_6852,BR_4,Miraj Cinemas,Purnia 414,Purnia,Bihar
TH_6853,BR_2,Cinepolis,Patiala 62,Patiala,Punjab
TH_6854,BR_6,Wave Cinemas,Varanasi 320,Varanasi,Uttar Pradesh
TH_6855,BR_1,Carnival Cinemas,Tiruchirappalli 150,Tiruchirappalli,Tamil Nadu
TH_6856,BR_5,PVR Cinemas,Mangalore 60,Mangalore,Karnataka
TH_6857,BR_1,Carnival Cinemas,Mumbai 416,Mumbai,Maharashtra
TH_6858,BR_3,INOX,Ajmer 35,Ajmer,Rajasthan
TH_6859,BR_5,PVR Cinemas,Kolkata 69,Kolkata,West Bengal
TH_6860,BR_3,INOX,Hubli 394,Hubli,Karnataka
TH_6861,BR_5,PVR Cinemas,Pune 151,Pune,Maharashtra
TH_6862,BR_1,Carnival Cinemas,Asansol 235,Asansol,West Bengal
TH_6863,BR_2,Cinepolis,Ahmedabad 199,Ahmedabad,Gujarat
TH_6864,BR_1,Carnival Cinemas,Bangalore 68,Bangalore,Karnataka
TH_6865,BR_1,Carnival Cinemas,Varanasi 90,Varanasi,Uttar Pradesh
TH_6866,BR_6,Wave Cinemas,Hubli 8,Hubli,Karnataka
TH_6867,BR_4,Miraj Cinemas,Kanpur 364,Kanpur,Uttar Pradesh
TH_6868,BR_6,Wave Cinemas,Indore 188,Indore,Madhya Pradesh
TH_6869,BR_4,Miraj Cinemas,Surat 42,Surat,Gujarat
TH_6870,BR_5,PVR Cinemas,Mumbai 155,Mumbai,Maharashtra
TH_6871,BR_2,Cinepolis,Jaipur 457,Jaipur,Rajasthan
TH_6872,BR_5,PVR Cinemas,Kolkata 275,Kolkata,West Bengal
TH_6873,BR_2,Cinepolis,Muzaffarpur 83,Muzaffarpur,Bihar
TH_6874,BR_1,Carnival Cinemas,Ludhiana 347,Ludhiana,Punjab
TH_6875,BR_2,Cinepolis,Bhagalpur 365,Bhagalpur,Bihar
TH_6876,BR_3,INOX,Durgapur 326,Durgapur,West Bengal
TH_6877,BR_4,Miraj Cinemas,Agra 352,Agra,Uttar Pradesh
TH_6878,BR_3,INOX,Ahmedabad 499,Ahmedabad,Gujarat
TH_6879,BR_6,Wave Cinemas,Mangalore 318,Mangalore,Karnataka
TH_6880,BR_2,Cinepolis,Kota 484,Kota,Rajasthan
TH_6881,BR_2,Cinepolis,Surat 338,Surat,Gujarat
TH_6882,BR_4,Miraj Cinemas,Chennai 125,Chennai,Tamil Nadu
TH_6883,BR_1,Carnival Cinemas,Gwalior 346,Gwalior,Madhya Pradesh
TH_6884,BR_2,Cinepolis,Amritsar 396,Amritsar,Punjab
TH_6885,BR_5,PVR Cinemas,Kanpur 27,Kanpur,Uttar Pradesh
TH_6886,BR_4,Miraj Cinemas,Patna 19,Patna,Bihar
TH_6887,BR_3,INOX,Ajmer 346,Ajmer,Rajasthan
TH_6888,BR_1,Carnival Cinemas,Lucknow 336,Lucknow,Uttar Pradesh
TH_6889,BR_1,Carnival Cinemas,Pune 262,Pune,Maharashtra
TH_6890,BR_4,Miraj Cinemas,Gaya 392,Gaya,Bihar
TH_6891,BR_4,Miraj Cinemas,Gaya 184,Gaya,Bihar
TH_6892,BR_4,Miraj Cinemas,Jodhpur 225,Jodhpur,Rajasthan
TH_6893,BR_1,Carnival Cinemas,Muzaffarpur 21,Muzaffarpur,Bihar
TH_6894,BR_2,Cinepolis,Udaipur 385,Udaipur,Rajasthan
TH_6895,BR_1,Carnival Cinemas,Madurai 73,Madurai,Tamil Nadu
TH_6896,BR_2,Cinepolis,Bathinda 490,Bathinda,Punjab
TH_6897,BR_3,INOX,Kota 459,Kota,Rajasthan
TH_6898,BR_1,Carnival Cinemas,Lucknow 420,Lucknow,Uttar Pradesh
TH_6899,BR_1,Carnival Cinemas,Bathinda 133,Bathinda,Punjab
TH_6900,BR_3,INOX,Ahmedabad 402,Ahmedabad,Gujarat
TH_6901,BR_6,Wave Cinemas,Bhagalpur 218,Bhagalpur,Bihar
TH_6902,BR_2,Cinepolis,Bhavnagar 131,Bhavnagar,Gujarat
TH_6903,BR_1,Carnival Cinemas,Jaipur 142,Jaipur,Rajasthan
TH_6904,BR_6,Wave Cinemas,Lucknow 209,Lucknow,Uttar Pradesh
TH_6905,BR_6,Wave Cinemas,Madurai 143,Madurai,Tamil Nadu
TH_6906,BR_6,Wave Cinemas,Kota 135,Kota,Rajasthan
TH_6907,BR_1,Carnival Cinemas,Patna 393,Patna,Bihar
TH_6908,BR_1,Carnival Cinemas,Belgaum 334,Belgaum,Karnataka
TH_6909,BR_2,Cinepolis,Jaipur 49,Jaipur,Rajasthan
TH_6910,BR_5,PVR Cinemas,Gwalior 460,Gwalior,Madhya Pradesh
TH_6911,BR_1,Carnival Cinemas,Vadodara 173,Vadodara,Gujarat
TH_6912,BR_4,Miraj Cinemas,Bangalore 25,Bangalore,Karnataka
TH_6913,BR_3,INOX,Siliguri 66,Siliguri,West Bengal
TH_6914,BR_3,INOX,Purnia 321,Purnia,Bihar
TH_6915,BR_3,INOX,Varanasi 285,Varanasi,Uttar Pradesh
TH_6916,BR_4,Miraj Cinemas,Purnia 18,Purnia,Bihar
TH_6917,BR_4,Miraj Cinemas,Amritsar 102,Amritsar,Punjab
TH_6918,BR_6,Wave Cinemas,Bangalore 101,Bangalore,Karnataka
TH_6919,BR_3,INOX,Patiala 297,Patiala,Punjab
TH_6920,BR_1,Carnival Cinemas,Purnia 281,Purnia,Bihar
TH_6921,BR_5,PVR Cinemas,Jodhpur 222,Jodhpur,Rajasthan
TH_6922,BR_2,Cinepolis,Bhagalpur 278,Bhagalpur,Bihar
TH_6923,BR_4,Miraj Cinemas,Mysore 218,Mysore,Karnataka
TH_6924,BR_5,PVR Cinemas,Gaya 182,Gaya,Bihar
TH_6925,BR_3,INOX,Nagpur 141,Nagpur,Maharashtra
TH_6926,BR_6,Wave Cinemas,Chennai 26,Chennai,Tamil Nadu
TH_6927,BR_6,Wave Cinemas,Agra 301,Agra,Uttar Pradesh
TH_6928,BR_5,PVR Cinemas,Jabalpur 228,Jabalpur,Madhya Pradesh
TH_6929,BR_2,Cinepolis,Vadodara 196,Vadodara,Gujarat
TH_6930,BR_4,Miraj Cinemas,Indore 154,Indore,Madhya Pradesh
TH_6931,BR_3,INOX,Kanpur 217,Kanpur,Uttar Pradesh
TH_6932,BR_5,PVR Cinemas,Patiala 258,Patiala,Punjab
TH_6933,BR_6,Wave Cinemas,Muzaffarpur 259,Muzaffarpur,Bihar
TH_6934,BR_6,Wave Cinemas,Madurai 385,Madurai,Tamil Nadu
TH_6935,BR_3,INOX,Bangalore 195,Bangalore,Karnataka
TH_6936,BR_4,Miraj Cinemas,Mumbai 29,Mumbai,Maharashtra
TH_6937,BR_3,INOX,Chennai 405,Chennai,Tamil Nadu
TH_6938,BR_4,Miraj Cinemas,Asansol 172,Asansol,West Bengal
TH_6939,BR_1,Carnival Cinemas,Udaipur 89,Udaipur,Rajasthan
TH_6940,BR_5,PVR Cinemas,Varanasi 299,Varanasi,Uttar Pradesh
TH_6941,BR_3,INOX,Durgapur 42,Durgapur,West Bengal
TH_6942,BR_1,Carnival Cinemas,Jaipur 191,Jaipur,Rajasthan
TH_6943,BR_5,PVR Cinemas,Ajmer 27,Ajmer,Rajasthan
TH_6944,BR_3,INOX,Amritsar 149,Amritsar,Punjab
TH_6945,BR_1,Carnival Cinemas,Madurai 144,Madurai,Tamil Nadu
TH_6946,BR_4,Miraj Cinemas,Thane 23,Thane,Maharashtra
TH_6947,BR_5,PVR Cinemas,Belgaum 341,Belgaum,Karnataka
TH_6948,BR_2,Cinepolis,Bhopal 172,Bhopal,Madhya Pradesh
TH_6949,BR_6,Wave Cinemas,Madurai 157,Madurai,Tamil Nadu
TH_6950,BR_5,PVR Cinemas,Agra 295,Agra,Uttar Pradesh
TH_6951,BR_2,Cinepolis,Mangalore 105,Mangalore,Karnataka
TH_6952,BR_2,Cinepolis,Nagpur 325,Nagpur,Maharashtra
TH_6953,BR_5,PVR Cinemas,Howrah 213,Howrah,West Bengal
TH_6954,BR_1,Carnival Cinemas,Kolkata 486,Kolkata,West Bengal
TH_6955,BR_5,PVR Cinemas,Pune 41,Pune,Maharashtra
TH_6956,BR_1,Carnival Cinemas,Bathinda 165,Bathinda,Punjab
TH_6957,BR_3,INOX,Pune 290,Pune,Maharashtra
TH_6958,BR_1,Carnival Cinemas,Jodhpur 229,Jodhpur,Rajasthan
TH_6959,BR_6,Wave Cinemas,Jalandhar 390,Jalandhar,Punjab
TH_6960,BR_6,Wave Cinemas,Thane 360,Thane,Maharashtra
TH_6961,BR_4,Miraj Cinemas,Hubli 30,Hubli,Karnataka
TH_6962,BR_6,Wave Cinemas,Thane 365,Thane,Maharashtra
TH_6963,BR_2,Cinepolis,Jodhpur 109,Jodhpur,Rajasthan
TH_6964,BR_3,INOX,Ahmedabad 381,Ahmedabad,Gujarat
TH_6965,BR_5,PVR Cinemas,Bangalore 320,Bangalore,Karnataka
TH_6966,BR_2,Cinepolis,Gaya 350,Gaya,Bihar
TH_6967,BR_5,PVR Cinemas,Udaipur 329,Udaipur,Rajasthan
TH_6968,BR_5,PVR Cinemas,Belgaum 229,Belgaum,Karnataka
TH_6969,BR_4,Miraj Cinemas,Udaipur 211,Udaipur,Rajasthan
TH_6970,BR_2,Cinepolis,Muzaffarpur 253,Muzaffarpur,Bihar
TH_6971,BR_4,Miraj Cinemas,Ajmer 1,Ajmer,Rajasthan
TH_6972,BR_5,PVR Cinemas,Siliguri 186,Siliguri,West Bengal
TH_6973,BR_3,INOX,Thane 184,Thane,Maharashtra
TH_6974,BR_6,Wave Cinemas,Ahmedabad 487,Ahmedabad,Gujarat
TH_6975,BR_3,INOX,Udaipur 136,Udaipur,Rajasthan
TH_6976,BR_4,Miraj Cinemas,Gaya 478,Gaya,Bihar
TH_6977,BR_4,Miraj Cinemas,Patna 254,Patna,Bihar
TH_6978,BR_5,PVR Cinemas,Coimbatore 313,Coimbatore,Tamil Nadu
TH_6979,BR_5,PVR Cinemas,Purnia 294,Purnia,Bihar
TH_6980,BR_5,PVR Cinemas,Udaipur 94,Udaipur,Rajasthan
TH_6981,BR_5,PVR Cinemas,Asansol 5,Asansol,West Bengal
TH_6982,BR_4,Miraj Cinemas,Madurai 135,Madurai,Tamil Nadu
TH_6983,BR_6,Wave Cinemas,Kanpur 75,Kanpur,Uttar Pradesh
TH_6984,BR_3,INOX,Nagpur 80,Nagpur,Maharashtra
TH_6985,BR_6,Wave Cinemas,Indore 159,Indore,Madhya Pradesh
TH_6986,BR_2,Cinepolis,Durgapur 156,Durgapur,West Bengal
TH_6987,BR_4,Miraj Cinemas,Kolkata 89,Kolkata,West Bengal
TH_6988,BR_4,Miraj Cinemas,Bathinda 209,Bathinda,Punjab
TH_6989,BR_6,Wave Cinemas,Kota 488,Kota,Rajasthan
TH_6990,BR_1,Carnival Cinemas,Bangalore 135,Bangalore,Karnataka
TH_6991,BR_5,PVR Cinemas,Asansol 21,Asansol,West Bengal
TH_6992,BR_1,Carnival Cinemas,Jodhpur 283,Jodhpur,Rajasthan
TH_6993,BR_6,Wave Cinemas,Howrah 60,Howrah,West Bengal
TH_6994,BR_4,Miraj Cinemas,Ahmedabad 312,Ahmedabad,Gujarat
TH_6995,BR_3,INOX,Ludhiana 419,Ludhiana,Punjab
TH_6996,BR_2,Cinepolis,Meerut 101,Meerut,Uttar Pradesh
TH_6997,BR_3,INOX,Jalandhar 162,Jalandhar,Punjab
TH_6998,BR_1,Carnival Cinemas,Nashik 378,Nashik,Maharashtra
TH_6999,BR_1,Carnival Cinemas,Jalandhar 197,Jalandhar,Punjab
TH_7000,BR_4,Miraj Cinemas,Jodhpur 158,Jodhpur,Rajasthan
TH_7001,BR_5,PVR Cinemas,Vadodara 81,Vadodara,Gujarat
TH_7002,BR_1,Carnival Cinemas,Amritsar 249,Amritsar,Punjab
TH_7003,BR_2,Cinepolis,Amritsar 70,Amritsar,Punjab
TH_7004,BR_6,Wave Cinemas,Bangalore 198,Bangalore,Karnataka
TH_7005,BR_2,Cinepolis,Mumbai 4,Mumbai,Maharashtra
TH_7006,BR_3,INOX,Kolkata 281,Kolkata,West Bengal
TH_7007,BR_2,Cinepolis,Indore 455,Indore,Madhya Pradesh
TH_7008,BR_4,Miraj Cinemas,Coimbatore 281,Coimbatore,Tamil Nadu
TH_7009,BR_6,Wave Cinemas,Gwalior 269,Gwalior,Madhya Pradesh
TH_7010,BR_1,Carnival Cinemas,Gaya 290,Gaya,Bihar
TH_7011,BR_2,Cinepolis,Tiruchirappalli 310,Tiruchirappalli,Tamil Nadu
TH_7012,BR_4,Miraj Cinemas,Jabalpur 216,Jabalpur,Madhya Pradesh
TH_7013,BR_4,Miraj Cinemas,Vadodara 25,Vadodara,Gujarat
TH_7014,BR_6,Wave Cinemas,Madurai 97,Madurai,Tamil Nadu
TH_7015,BR_5,PVR Cinemas,Pune 239,Pune,Maharashtra
TH_7016,BR_5,PVR Cinemas,Jalandhar 160,Jalandhar,Punjab
TH_7017,BR_5,PVR Cinemas,Siliguri 495,Siliguri,West Bengal
TH_7018,BR_4,Miraj Cinemas,Patiala 133,Patiala,Punjab
TH_7019,BR_6,Wave Cinemas,Howrah 116,Howrah,West Bengal
TH_7020,BR_4,Miraj Cinemas,Bhopal 349,Bhopal,Madhya Pradesh
TH_7021,BR_4,Miraj Cinemas,Amritsar 175,Amritsar,Punjab
TH_7022,BR_2,Cinepolis,Bhopal 125,Bhopal,Madhya Pradesh
TH_7023,BR_3,INOX,Ujjain 172,Ujjain,Madhya Pradesh
TH_7024,BR_1,Carnival Cinemas,Asansol 377,Asansol,West Bengal
TH_7025,BR_4,Miraj Cinemas,Patna 160,Patna,Bihar
TH_7026,BR_6,Wave Cinemas,Ujjain 103,Ujjain,Madhya Pradesh
TH_7027,BR_3,INOX,Salem 151,Salem,Tamil Nadu
TH_7028,BR_4,Miraj Cinemas,Pune 191,Pune,Maharashtra
TH_7029,BR_5,PVR Cinemas,Bathinda 431,Bathinda,Punjab
TH_7030,BR_1,Carnival Cinemas,Jodhpur 162,Jodhpur,Rajasthan
TH_7031,BR_1,Carnival Cinemas,Vadodara 200,Vadodara,Gujarat
TH_7032,BR_5,PVR Cinemas,Ahmedabad 11,Ahmedabad,Gujarat
TH_7033,BR_1,Carnival Cinemas,Thane 86,Thane,Maharashtra
TH_7034,BR_2,Cinepolis,Ludhiana 290,Ludhiana,Punjab
TH_7035,BR_3,INOX,Tiruchirappalli 154,Tiruchirappalli,Tamil Nadu
TH_7036,BR_3,INOX,Gaya 290,Gaya,Bihar
TH_7037,BR_6,Wave Cinemas,Howrah 231,Howrah,West Bengal
TH_7038,BR_2,Cinepolis,Purnia 105,Purnia,Bihar
TH_7039,BR_6,Wave Cinemas,Jabalpur 355,Jabalpur,Madhya Pradesh
TH_7040,BR_2,Cinepolis,Chennai 401,Chennai,Tamil Nadu
TH_7041,BR_3,INOX,Ludhiana 228,Ludhiana,Punjab
TH_7042,BR_5,PVR Cinemas,Asansol 187,Asansol,West Bengal
TH_7043,BR_1,Carnival Cinemas,Amritsar 7,Amritsar,Punjab
TH_7044,BR_2,Cinepolis,Coimbatore 288,Coimbatore,Tamil Nadu
TH_7045,BR_3,INOX,Bhopal 57,Bhopal,Madhya Pradesh
TH_7046,BR_6,Wave Cinemas,Siliguri 460,Siliguri,West Bengal
TH_7047,BR_1,Carnival Cinemas,Ludhiana 101,Ludhiana,Punjab
TH_7048,BR_6,Wave Cinemas,Patiala 17,Patiala,Punjab
TH_7049,BR_4,Miraj Cinemas,Gaya 93,Gaya,Bihar
TH_7050,BR_2,Cinepolis,Udaipur 111,Udaipur,Rajasthan
TH_7051,BR_3,INOX,Bathinda 366,Bathinda,Punjab
TH_7052,BR_3,INOX,Jalandhar 451,Jalandhar,Punjab
TH_7053,BR_3,INOX,Ludhiana 226,Ludhiana,Punjab
TH_7054,BR_2,Cinepolis,Pune 49,Pune,Maharashtra
TH_7055,BR_5,PVR Cinemas,Asansol 478,Asansol,West Bengal
TH_7056,BR_4,Miraj Cinemas,Jabalpur 123,Jabalpur,Madhya Pradesh
TH_7057,BR_5,PVR Cinemas,Salem 367,Salem,Tamil Nadu
TH_7058,BR_1,Carnival Cinemas,Indore 364,Indore,Madhya Pradesh
TH_7059,BR_1,Carnival Cinemas,Meerut 176,Meerut,Uttar Pradesh
TH_7060,BR_3,INOX,Jaipur 28,Jaipur,Rajasthan
TH_7061,BR_6,Wave Cinemas,Kanpur 100,Kanpur,Uttar Pradesh
TH_7062,BR_6,Wave Cinemas,Kanpur 311,Kanpur,Uttar Pradesh
TH_7063,BR_4,Miraj Cinemas,Siliguri 171,Siliguri,West Bengal
TH_7064,BR_4,Miraj Cinemas,Surat 250,Surat,Gujarat
TH_7065,BR_1,Carnival Cinemas,Ahmedabad 56,Ahmedabad,Gujarat
TH_7066,BR_1,Carnival Cinemas,Salem 446,Salem,Tamil Nadu
TH_7067,BR_4,Miraj Cinemas,Bhopal 127,Bhopal,Madhya Pradesh
TH_7068,BR_3,INOX,Thane 6,Thane,Maharashtra
TH_7069,BR_5,PVR Cinemas,Bangalore 148,Bangalore,Karnataka
TH_7070,BR_6,Wave Cinemas,Asansol 146,Asansol,West Bengal
TH_7071,BR_2,Cinepolis,Vadodara 60,Vadodara,Gujarat
TH_7072,BR_5,PVR Cinemas,Varanasi 348,Varanasi,Uttar Pradesh
TH_7073,BR_1,Carnival Cinemas,Jodhpur 78,Jodhpur,Rajasthan
TH_7074,BR_4,Miraj Cinemas,Mysore 7,Mysore,Karnataka
TH_7075,BR_2,Cinepolis,Purnia 193,Purnia,Bihar
TH_7076,BR_6,Wave Cinemas,Jabalpur 420,Jabalpur,Madhya Pradesh
TH_7077,BR_5,PVR Cinemas,Gaya 248,Gaya,Bihar
TH_7078,BR_4,Miraj Cinemas,Jabalpur 117,Jabalpur,Madhya Pradesh
TH_7079,BR_5,PVR Cinemas,Muzaffarpur 393,Muzaffarpur,Bihar
TH_7080,BR_3,INOX,Indore 310,Indore,Madhya Pradesh
TH_7081,BR_3,INOX,Udaipur 222,Udaipur,Rajasthan
TH_7082,BR_5,PVR Cinemas,Thane 500,Thane,Maharashtra
TH_7083,BR_2,Cinepolis,Purnia 1,Purnia,Bihar
TH_7084,BR_2,Cinepolis,Jodhpur 310,Jodhpur,Rajasthan
TH_7085,BR_3,INOX,Bangalore 173,Bangalore,Karnataka
TH_7086,BR_2,Cinepolis,Kota 374,Kota,Rajasthan
TH_7087,BR_6,Wave Cinemas,Nashik 313,Nashik,Maharashtra
TH_7088,BR_3,INOX,Patiala 8,Patiala,Punjab
TH_7089,BR_4,Miraj Cinemas,Purnia 75,Purnia,Bihar
TH_7090,BR_3,INOX,Patna 165,Patna,Bihar
TH_7091,BR_4,Miraj Cinemas,Durgapur 180,Durgapur,West Bengal
TH_7092,BR_2,Cinepolis,Kota 330,Kota,Rajasthan
TH_7093,BR_1,Carnival Cinemas,Varanasi 53,Varanasi,Uttar Pradesh
TH_7094,BR_5,PVR Cinemas,Mumbai 89,Mumbai,Maharashtra
TH_7095,BR_1,Carnival Cinemas,Chennai 255,Chennai,Tamil Nadu
TH_7096,BR_1,Carnival Cinemas,Jalandhar 133,Jalandhar,Punjab
TH_7097,BR_3,INOX,Lucknow 272,Lucknow,Uttar Pradesh
TH_7098,BR_6,Wave Cinemas,Tiruchirappalli 445,Tiruchirappalli,Tamil Nadu
TH_7099,BR_6,Wave Cinemas,Bhagalpur 269,Bhagalpur,Bihar
TH_7100,BR_3,INOX,Agra 236,Agra,Uttar Pradesh
TH_7101,BR_6,Wave Cinemas,Pune 410,Pune,Maharashtra
TH_7102,BR_4,Miraj Cinemas,Pune 334,Pune,Maharashtra
TH_7103,BR_3,INOX,Udaipur 221,Udaipur,Rajasthan
TH_7104,BR_1,Carnival Cinemas,Purnia 366,Purnia,Bihar
TH_7105,BR_4,Miraj Cinemas,Lucknow 225,Lucknow,Uttar Pradesh
TH_7106,BR_1,Carnival Cinemas,Kanpur 324,Kanpur,Uttar Pradesh
TH_7107,BR_6,Wave Cinemas,Mangalore 208,Mangalore,Karnataka
TH_7108,BR_6,Wave Cinemas,Jaipur 348,Jaipur,Rajasthan
TH_7109,BR_4,Miraj Cinemas,Amritsar 384,Amritsar,Punjab
TH_7110,BR_5,PVR Cinemas,Belgaum 33,Belgaum,Karnataka
TH_7111,BR_3,INOX,Mangalore 198,Mangalore,Karnataka
TH_7112,BR_6,Wave Cinemas,Bangalore 248,Bangalore,Karnataka
TH_7113,BR_1,Carnival Cinemas,Muzaffarpur 272,Muzaffarpur,Bihar
TH_7114,BR_2,Cinepolis,Kota 332,Kota,Rajasthan
TH_7115,BR_2,Cinepolis,Gaya 95,Gaya,Bihar
TH_7116,BR_4,Miraj Cinemas,Surat 56,Surat,Gujarat
TH_7117,BR_4,Miraj Cinemas,Mangalore 393,Mangalore,Karnataka
TH_7118,BR_6,Wave Cinemas,Chennai 26,Chennai,Tamil Nadu
TH_7119,BR_4,Miraj Cinemas,Ujjain 193,Ujjain,Madhya Pradesh
TH_7120,BR_1,Carnival Cinemas,Surat 334,Surat,Gujarat
TH_7121,BR_4,Miraj Cinemas,Udaipur 148,Udaipur,Rajasthan
TH_7122,BR_4,Miraj Cinemas,Lucknow 52,Lucknow,Uttar Pradesh
TH_7123,BR_3,INOX,Varanasi 409,Varanasi,Uttar Pradesh
TH_7124,BR_4,Miraj Cinemas,Agra 340,Agra,Uttar Pradesh
TH_7125,BR_2,Cinepolis,Kota 173,Kota,Rajasthan
TH_7126,BR_3,INOX,Tiruchirappalli 256,Tiruchirappalli,Tamil Nadu
TH_7127,BR_1,Carnival Cinemas,Mangalore 182,Mangalore,Karnataka
TH_7128,BR_5,PVR Cinemas,Mumbai 18,Mumbai,Maharashtra
TH_7129,BR_5,PVR Cinemas,Nashik 155,Nashik,Maharashtra
TH_7130,BR_4,Miraj Cinemas,Howrah 110,Howrah,West Bengal
TH_7131,BR_4,Miraj Cinemas,Kanpur 223,Kanpur,Uttar Pradesh
TH_7132,BR_2,Cinepolis,Kanpur 190,Kanpur,Uttar Pradesh
TH_7133,BR_2,Cinepolis,Purnia 257,Purnia,Bihar
TH_7134,BR_1,Carnival Cinemas,Jalandhar 300,Jalandhar,Punjab
TH_7135,BR_5,PVR Cinemas,Udaipur 94,Udaipur,Rajasthan
TH_7136,BR_2,Cinepolis,Kolkata 324,Kolkata,West Bengal
TH_7137,BR_3,INOX,Muzaffarpur 185,Muzaffarpur,Bihar
TH_7138,BR_4,Miraj Cinemas,Ludhiana 284,Ludhiana,Punjab
TH_7139,BR_6,Wave Cinemas,Kolkata 22,Kolkata,West Bengal
TH_7140,BR_4,Miraj Cinemas,Howrah 234,Howrah,West Bengal
TH_7141,BR_1,Carnival Cinemas,Bhopal 152,Bhopal,Madhya Pradesh
TH_7142,BR_6,Wave Cinemas,Mangalore 420,Mangalore,Karnataka
TH_7143,BR_1,Carnival Cinemas,Kanpur 398,Kanpur,Uttar Pradesh
TH_7144,BR_5,PVR Cinemas,Jalandhar 87,Jalandhar,Punjab
TH_7145,BR_4,Miraj Cinemas,Mumbai 401,Mumbai,Maharashtra
TH_7146,BR_4,Miraj Cinemas,Bhagalpur 111,Bhagalpur,Bihar
TH_7147,BR_1,Carnival Cinemas,Mumbai 388,Mumbai,Maharashtra
TH_7148,BR_6,Wave Cinemas,Chennai 5,Chennai,Tamil Nadu
TH_7149,BR_1,Carnival Cinemas,Jodhpur 208,Jodhpur,Rajasthan
TH_7150,BR_3,INOX,Kanpur 485,Kanpur,Uttar Pradesh
TH_7151,BR_4,Miraj Cinemas,Thane 277,Thane,Maharashtra
TH_7152,BR_1,Carnival Cinemas,Mysore 41,Mysore,Karnataka
TH_7153,BR_1,Carnival Cinemas,Mumbai 61,Mumbai,Maharashtra
TH_7154,BR_3,INOX,Salem 468,Salem,Tamil Nadu
TH_7155,BR_1,Carnival Cinemas,Gwalior 252,Gwalior,Madhya Pradesh
TH_7156,BR_1,Carnival Cinemas,Gaya 403,Gaya,Bihar
TH_7157,BR_3,INOX,Varanasi 311,Varanasi,Uttar Pradesh
TH_7158,BR_3,INOX,Howrah 363,Howrah,West Bengal
TH_7159,BR_4,Miraj Cinemas,Howrah 453,Howrah,West Bengal
TH_7160,BR_6,Wave Cinemas,Rajkot 478,Rajkot,Gujarat
TH_7161,BR_1,Carnival Cinemas,Varanasi 347,Varanasi,Uttar Pradesh
TH_7162,BR_3,INOX,Asansol 306,Asansol,West Bengal
TH_7163,BR_5,PVR Cinemas,Ujjain 337,Ujjain,Madhya Pradesh
TH_7164,BR_1,Carnival Cinemas,Coimbatore 420,Coimbatore,Tamil Nadu
TH_7165,BR_2,Cinepolis,Patna 367,Patna,Bihar
TH_7166,BR_5,PVR Cinemas,Nashik 290,Nashik,Maharashtra
TH_7167,BR_5,PVR Cinemas,Surat 320,Surat,Gujarat
TH_7168,BR_6,Wave Cinemas,Pune 407,Pune,Maharashtra
TH_7169,BR_5,PVR Cinemas,Vadodara 177,Vadodara,Gujarat
TH_7170,BR_5,PVR Cinemas,Nagpur 145,Nagpur,Maharashtra
TH_7171,BR_6,Wave Cinemas,Patna 221,Patna,Bihar
TH_7172,BR_1,Carnival Cinemas,Meerut 294,Meerut,Uttar Pradesh
TH_7173,BR_1,Carnival Cinemas,Jalandhar 328,Jalandhar,Punjab
TH_7174,BR_4,Miraj Cinemas,Vadodara 403,Vadodara,Gujarat
TH_7175,BR_6,Wave Cinemas,Jodhpur 462,Jodhpur,Rajasthan
TH_7176,BR_2,Cinepolis,Kanpur 463,Kanpur,Uttar Pradesh
TH_7177,BR_6,Wave Cinemas,Kanpur 98,Kanpur,Uttar Pradesh
TH_7178,BR_4,Miraj Cinemas,Salem 252,Salem,Tamil Nadu
TH_7179,BR_6,Wave Cinemas,Tiruchirappalli 392,Tiruchirappalli,Tamil Nadu
TH_7180,BR_6,Wave Cinemas,Ujjain 78,Ujjain,Madhya Pradesh
TH_7181,BR_1,Carnival Cinemas,Bathinda 85,Bathinda,Punjab
TH_7182,BR_3,INOX,Surat 266,Surat,Gujarat
TH_7183,BR_3,INOX,Gaya 318,Gaya,Bihar
TH_7184,BR_6,Wave Cinemas,Bhagalpur 392,Bhagalpur,Bihar
TH_7185,BR_3,INOX,Surat 369,Surat,Gujarat
TH_7186,BR_1,Carnival Cinemas,Purnia 3,Purnia,Bihar
TH_7187,BR_5,PVR Cinemas,Bathinda 18,Bathinda,Punjab
TH_7188,BR_3,INOX,Bhavnagar 6,Bhavnagar,Gujarat
TH_7189,BR_3,INOX,Bhagalpur 89,Bhagalpur,Bihar
TH_7190,BR_1,Carnival Cinemas,Kanpur 423,Kanpur,Uttar Pradesh
TH_7191,BR_3,INOX,Bhavnagar 413,Bhavnagar,Gujarat
TH_7192,BR_2,Cinepolis,Bangalore 13,Bangalore,Karnataka
TH_7193,BR_6,Wave Cinemas,Mumbai 321,Mumbai,Maharashtra
TH_7194,BR_3,INOX,Bhopal 164,Bhopal,Madhya Pradesh
TH_7195,BR_4,Miraj Cinemas,Kota 218,Kota,Rajasthan
TH_7196,BR_4,Miraj Cinemas,Lucknow 157,Lucknow,Uttar Pradesh
TH_7197,BR_6,Wave Cinemas,Mangalore 365,Mangalore,Karnataka
TH_7198,BR_4,Miraj Cinemas,Gaya 261,Gaya,Bihar
TH_7199,BR_4,Miraj Cinemas,Gwalior 16,Gwalior,Madhya Pradesh
TH_7200,BR_6,Wave Cinemas,Udaipur 177,Udaipur,Rajasthan
TH_7201,BR_3,INOX,Chennai 417,Chennai,Tamil Nadu
TH_7202,BR_2,Cinepolis,Rajkot 89,Rajkot,Gujarat
TH_7203,BR_1,Carnival Cinemas,Jodhpur 44,Jodhpur,Rajasthan
TH_7204,BR_5,PVR Cinemas,Mysore 384,Mysore,Karnataka
TH_7205,BR_4,Miraj Cinemas,Vadodara 415,Vadodara,Gujarat
TH_7206,BR_1,Carnival Cinemas,Muzaffarpur 426,Muzaffarpur,Bihar
TH_7207,BR_2,Cinepolis,Chennai 133,Chennai,Tamil Nadu
TH_7208,BR_1,Carnival Cinemas,Madurai 112,Madurai,Tamil Nadu
TH_7209,BR_6,Wave Cinemas,Indore 405,Indore,Madhya Pradesh
TH_7210,BR_1,Carnival Cinemas,Kanpur 121,Kanpur,Uttar Pradesh
TH_7211,BR_1,Carnival Cinemas,Belgaum 36,Belgaum,Karnataka
TH_7212,BR_6,Wave Cinemas,Thane 371,Thane,Maharashtra
TH_7213,BR_2,Cinepolis,Udaipur 267,Udaipur,Rajasthan
TH_7214,BR_5,PVR Cinemas,Patiala 12,Patiala,Punjab
TH_7215,BR_3,INOX,Lucknow 436,Lucknow,Uttar Pradesh
TH_7216,BR_1,Carnival Cinemas,Thane 452,Thane,Maharashtra
TH_7217,BR_2,Cinepolis,Indore 103,Indore,Madhya Pradesh
TH_7218,BR_2,Cinepolis,Thane 122,Thane,Maharashtra
TH_7219,BR_5,PVR Cinemas,Patiala 405,Patiala,Punjab
TH_7220,BR_4,Miraj Cinemas,Ahmedabad 356,Ahmedabad,Gujarat
TH_7221,BR_2,Cinepolis,Durgapur 137,Durgapur,West Bengal
TH_7222,BR_3,INOX,Nagpur 77,Nagpur,Maharashtra
TH_7223,BR_4,Miraj Cinemas,Tiruchirappalli 331,Tiruchirappalli,Tamil Nadu
TH_7224,BR_6,Wave Cinemas,Bhopal 471,Bhopal,Madhya Pradesh
TH_7225,BR_4,Miraj Cinemas,Gaya 263,Gaya,Bihar
TH_7226,BR_2,Cinepolis,Ludhiana 411,Ludhiana,Punjab
TH_7227,BR_1,Carnival Cinemas,Kanpur 58,Kanpur,Uttar Pradesh
TH_7228,BR_5,PVR Cinemas,Belgaum 264,Belgaum,Karnataka
TH_7229,BR_2,Cinepolis,Mysore 266,Mysore,Karnataka
TH_7230,BR_2,Cinepolis,Bhagalpur 224,Bhagalpur,Bihar
TH_7231,BR_6,Wave Cinemas,Ujjain 126,Ujjain,Madhya Pradesh
TH_7232,BR_6,Wave Cinemas,Ludhiana 375,Ludhiana,Punjab
TH_7233,BR_6,Wave Cinemas,Nagpur 313,Nagpur,Maharashtra
TH_7234,BR_6,Wave Cinemas,Meerut 135,Meerut,Uttar Pradesh
TH_7235,BR_1,Carnival Cinemas,Varanasi 278,Varanasi,Uttar Pradesh
TH_7236,BR_2,Cinepolis,Udaipur 174,Udaipur,Rajasthan
TH_7237,BR_5,PVR Cinemas,Kota 472,Kota,Rajasthan
TH_7238,BR_2,Cinepolis,Madurai 468,Madurai,Tamil Nadu
TH_7239,BR_2,Cinepolis,Purnia 471,Purnia,Bihar
TH_7240,BR_4,Miraj Cinemas,Bhavnagar 364,Bhavnagar,Gujarat
TH_7241,BR_1,Carnival Cinemas,Kanpur 490,Kanpur,Uttar Pradesh
TH_7242,BR_4,Miraj Cinemas,Ahmedabad 493,Ahmedabad,Gujarat
TH_7243,BR_5,PVR Cinemas,Madurai 333,Madurai,Tamil Nadu
TH_7244,BR_3,INOX,Madurai 242,Madurai,Tamil Nadu
TH_7245,BR_5,PVR Cinemas,Mysore 410,Mysore,Karnataka
TH_7246,BR_5,PVR Cinemas,Kolkata 290,Kolkata,West Bengal
TH_7247,BR_3,INOX,Kanpur 203,Kanpur,Uttar Pradesh
TH_7248,BR_3,INOX,Mumbai 182,Mumbai,Maharashtra
TH_7249,BR_1,Carnival Cinemas,Muzaffarpur 408,Muzaffarpur,Bihar
TH_7250,BR_4,Miraj Cinemas,Kanpur 251,Kanpur,Uttar Pradesh
TH_7251,BR_6,Wave Cinemas,Nagpur 178,Nagpur,Maharashtra
TH_7252,BR_2,Cinepolis,Bhavnagar 233,Bhavnagar,Gujarat
TH_7253,BR_2,Cinepolis,Surat 185,Surat,Gujarat
TH_7254,BR_3,INOX,Indore 370,Indore,Madhya Pradesh
TH_7255,BR_2,Cinepolis,Bathinda 100,Bathinda,Punjab
TH_7256,BR_5,PVR Cinemas,Mumbai 46,Mumbai,Maharashtra
TH_7257,BR_3,INOX,Patiala 470,Patiala,Punjab
TH_7258,BR_5,PVR Cinemas,Udaipur 200,Udaipur,Rajasthan
TH_7259,BR_2,Cinepolis,Purnia 176,Purnia,Bihar
TH_7260,BR_4,Miraj Cinemas,Asansol 212,Asansol,West Bengal
TH_7261,BR_6,Wave Cinemas,Coimbatore 30,Coimbatore,Tamil Nadu
TH_7262,BR_4,Miraj Cinemas,Meerut 117,Meerut,Uttar Pradesh
TH_7263,BR_2,Cinepolis,Belgaum 316,Belgaum,Karnataka
TH_7264,BR_5,PVR Cinemas,Salem 466,Salem,Tamil Nadu
TH_7265,BR_4,Miraj Cinemas,Jalandhar 103,Jalandhar,Punjab
TH_7266,BR_5,PVR Cinemas,Mumbai 48,Mumbai,Maharashtra
TH_7267,BR_3,INOX,Bathinda 85,Bathinda,Punjab
TH_7268,BR_6,Wave Cinemas,Vadodara 420,Vadodara,Gujarat
TH_7269,BR_2,Cinepolis,Belgaum 429,Belgaum,Karnataka
TH_7270,BR_2,Cinepolis,Belgaum 465,Belgaum,Karnataka
TH_7271,BR_6,Wave Cinemas,Nagpur 189,Nagpur,Maharashtra
TH_7272,BR_2,Cinepolis,Vadodara 285,Vadodara,Gujarat
TH_7273,BR_5,PVR Cinemas,Howrah 381,Howrah,West Bengal
TH_7274,BR_2,Cinepolis,Patna 485,Patna,Bihar
TH_7275,BR_3,INOX,Udaipur 209,Udaipur,Rajasthan
TH_7276,BR_4,Miraj Cinemas,Salem 278,Salem,Tamil Nadu
TH_7277,BR_3,INOX,Bangalore 5,Bangalore,Karnataka
TH_7278,BR_3,INOX,Mangalore 371,Mangalore,Karnataka
TH_7279,BR_3,INOX,Rajkot 233,Rajkot,Gujarat
TH_7280,BR_2,Cinepolis,Mysore 361,Mysore,Karnataka
TH_7281,BR_4,Miraj Cinemas,Bhavnagar 62,Bhavnagar,Gujarat
TH_7282,BR_2,Cinepolis,Bhavnagar 306,Bhavnagar,Gujarat
TH_7283,BR_5,PVR Cinemas,Bhopal 61,Bhopal,Madhya Pradesh
TH_7284,BR_3,INOX,Varanasi 80,Varanasi,Uttar Pradesh
TH_7285,BR_5,PVR Cinemas,Pune 485,Pune,Maharashtra
TH_7286,BR_3,INOX,Patna 81,Patna,Bihar
TH_7287,BR_6,Wave Cinemas,Jalandhar 218,Jalandhar,Punjab
TH_7288,BR_2,Cinepolis,Gwalior 105,Gwalior,Madhya Pradesh
TH_7289,BR_5,PVR Cinemas,Ludhiana 337,Ludhiana,Punjab
TH_7290,BR_6,Wave Cinemas,Asansol 48,Asansol,West Bengal
TH_7291,BR_1,Carnival Cinemas,Mumbai 311,Mumbai,Maharashtra
TH_7292,BR_5,PVR Cinemas,Varanasi 108,Varanasi,Uttar Pradesh
TH_7293,BR_3,INOX,Purnia 168,Purnia,Bihar
TH_7294,BR_3,INOX,Meerut 495,Meerut,Uttar Pradesh
TH_7295,BR_3,INOX,Indore 342,Indore,Madhya Pradesh
TH_7296,BR_2,Cinepolis,Durgapur 300,Durgapur,West Bengal
TH_7297,BR_4,Miraj Cinemas,Ahmedabad 53,Ahmedabad,Gujarat
TH_7298,BR_5,PVR Cinemas,Kota 277,Kota,Rajasthan
TH_7299,BR_5,PVR Cinemas,Salem 90,Salem,Tamil Nadu
TH_7300,BR_4,Miraj Cinemas,Udaipur 363,Udaipur,Rajasthan
TH_7301,BR_2,Cinepolis,Bathinda 447,Bathinda,Punjab
TH_7302,BR_6,Wave Cinemas,Howrah 251,Howrah,West Bengal
TH_7303,BR_3,INOX,Indore 282,Indore,Madhya Pradesh
TH_7304,BR_2,Cinepolis,Patiala 374,Patiala,Punjab
TH_7305,BR_3,INOX,Patna 138,Patna,Bihar
TH_7306,BR_2,Cinepolis,Mumbai 393,Mumbai,Maharashtra
TH_7307,BR_2,Cinepolis,Ahmedabad 106,Ahmedabad,Gujarat
TH_7308,BR_3,INOX,Bhopal 413,Bhopal,Madhya Pradesh
TH_7309,BR_2,Cinepolis,Ludhiana 312,Ludhiana,Punjab
TH_7310,BR_1,Carnival Cinemas,Bathinda 35,Bathinda,Punjab
TH_7311,BR_3,INOX,Siliguri 265,Siliguri,West Bengal
TH_7312,BR_5,PVR Cinemas,Durgapur 188,Durgapur,West Bengal
TH_7313,BR_4,Miraj Cinemas,Meerut 373,Meerut,Uttar Pradesh
TH_7314,BR_6,Wave Cinemas,Kota 218,Kota,Rajasthan
TH_7315,BR_2,Cinepolis,Kolkata 28,Kolkata,West Bengal
TH_7316,BR_5,PVR Cinemas,Patiala 68,Patiala,Punjab
TH_7317,BR_5,PVR Cinemas,Agra 223,Agra,Uttar Pradesh
TH_7318,BR_3,INOX,Siliguri 205,Siliguri,West Bengal
TH_7319,BR_5,PVR Cinemas,Bhavnagar 55,Bhavnagar,Gujarat
TH_7320,BR_4,Miraj Cinemas,Thane 409,Thane,Maharashtra
TH_7321,BR_5,PVR Cinemas,Bhavnagar 28,Bhavnagar,Gujarat
TH_7322,BR_3,INOX,Varanasi 205,Varanasi,Uttar Pradesh
TH_7323,BR_6,Wave Cinemas,Jaipur 440,Jaipur,Rajasthan
TH_7324,BR_1,Carnival Cinemas,Kanpur 281,Kanpur,Uttar Pradesh
TH_7325,BR_5,PVR Cinemas,Mumbai 371,Mumbai,Maharashtra
TH_7326,BR_2,Cinepolis,Surat 128,Surat,Gujarat
TH_7327,BR_6,Wave Cinemas,Udaipur 37,Udaipur,Rajasthan
TH_7328,BR_1,Carnival Cinemas,Mumbai 211,Mumbai,Maharashtra
TH_7329,BR_1,Carnival Cinemas,Surat 126,Surat,Gujarat
TH_7330,BR_6,Wave Cinemas,Mysore 58,Mysore,Karnataka
TH_7331,BR_2,Cinepolis,Siliguri 485,Siliguri,West Bengal
TH_7332,BR_4,Miraj Cinemas,Jabalpur 423,Jabalpur,Madhya Pradesh
TH_7333,BR_2,Cinepolis,Pune 167,Pune,Maharashtra
TH_7334,BR_4,Miraj Cinemas,Nashik 457,Nashik,Maharashtra
TH_7335,BR_4,Miraj Cinemas,Mumbai 481,Mumbai,Maharashtra
TH_7336,BR_3,INOX,Belgaum 210,Belgaum,Karnataka
TH_7337,BR_1,Carnival Cinemas,Thane 428,Thane,Maharashtra
TH_7338,BR_4,Miraj Cinemas,Kanpur 479,Kanpur,Uttar Pradesh
TH_7339,BR_4,Miraj Cinemas,Kota 451,Kota,Rajasthan
TH_7340,BR_3,INOX,Surat 74,Surat,Gujarat
TH_7341,BR_3,INOX,Chennai 162,Chennai,Tamil Nadu
TH_7342,BR_3,INOX,Udaipur 172,Udaipur,Rajasthan
TH_7343,BR_6,Wave Cinemas,Mysore 124,Mysore,Karnataka
TH_7344,BR_5,PVR Cinemas,Asansol 155,Asansol,West Bengal
TH_7345,BR_2,Cinepolis,Belgaum 402,Belgaum,Karnataka
TH_7346,BR_6,Wave Cinemas,Bhagalpur 371,Bhagalpur,Bihar
TH_7347,BR_1,Carnival Cinemas,Madurai 181,Madurai,Tamil Nadu
TH_7348,BR_4,Miraj Cinemas,Muzaffarpur 94,Muzaffarpur,Bihar
TH_7349,BR_6,Wave Cinemas,Ludhiana 318,Ludhiana,Punjab
TH_7350,BR_1,Carnival Cinemas,Mumbai 266,Mumbai,Maharashtra
TH_7351,BR_6,Wave Cinemas,Nashik 426,Nashik,Maharashtra
TH_7352,BR_4,Miraj Cinemas,Mumbai 197,Mumbai,Maharashtra
TH_7353,BR_2,Cinepolis,Coimbatore 268,Coimbatore,Tamil Nadu
TH_7354,BR_6,Wave Cinemas,Jaipur 358,Jaipur,Rajasthan
TH_7355,BR_1,Carnival Cinemas,Madurai 246,Madurai,Tamil Nadu
TH_7356,BR_5,PVR Cinemas,Mangalore 198,Mangalore,Karnataka
TH_7357,BR_1,Carnival Cinemas,Udaipur 54,Udaipur,Rajasthan
TH_7358,BR_3,INOX,Amritsar 190,Amritsar,Punjab
TH_7359,BR_5,PVR Cinemas,Jabalpur 440,Jabalpur,Madhya Pradesh
TH_7360,BR_3,INOX,Nagpur 25,Nagpur,Maharashtra
TH_7361,BR_5,PVR Cinemas,Mumbai 456,Mumbai,Maharashtra
TH_7362,BR_1,Carnival Cinemas,Thane 89,Thane,Maharashtra
TH_7363,BR_2,Cinepolis,Hubli 227,Hubli,Karnataka
TH_7364,BR_1,Carnival Cinemas,Salem 112,Salem,Tamil Nadu
TH_7365,BR_1,Carnival Cinemas,Purnia 103,Purnia,Bihar
TH_7366,BR_6,Wave Cinemas,Mumbai 245,Mumbai,Maharashtra
TH_7367,BR_4,Miraj Cinemas,Lucknow 366,Lucknow,Uttar Pradesh
TH_7368,BR_6,Wave Cinemas,Jalandhar 75,Jalandhar,Punjab
TH_7369,BR_4,Miraj Cinemas,Jabalpur 349,Jabalpur,Madhya Pradesh
TH_7370,BR_5,PVR Cinemas,Purnia 206,Purnia,Bihar
TH_7371,BR_2,Cinepolis,Bangalore 260,Bangalore,Karnataka
TH_7372,BR_5,PVR Cinemas,Bhagalpur 24,Bhagalpur,Bihar
TH_7373,BR_2,Cinepolis,Mysore 285,Mysore,Karnataka
TH_7374,BR_1,Carnival Cinemas,Durgapur 270,Durgapur,West Bengal
TH_7375,BR_2,Cinepolis,Jaipur 447,Jaipur,Rajasthan
TH_7376,BR_3,INOX,Jodhpur 463,Jodhpur,Rajasthan
TH_7377,BR_4,Miraj Cinemas,Ujjain 306,Ujjain,Madhya Pradesh
TH_7378,BR_3,INOX,Bhagalpur 173,Bhagalpur,Bihar
TH_7379,BR_6,Wave Cinemas,Coimbatore 327,Coimbatore,Tamil Nadu
TH_7380,BR_2,Cinepolis,Jalandhar 415,Jalandhar,Punjab
TH_7381,BR_2,Cinepolis,Jalandhar 55,Jalandhar,Punjab
TH_7382,BR_4,Miraj Cinemas,Meerut 459,Meerut,Uttar Pradesh
TH_7383,BR_1,Carnival Cinemas,Jalandhar 439,Jalandhar,Punjab
TH_7384,BR_2,Cinepolis,Purnia 360,Purnia,Bihar
TH_7385,BR_5,PVR Cinemas,Agra 425,Agra,Uttar Pradesh
TH_7386,BR_4,Miraj Cinemas,Hubli 1,Hubli,Karnataka
TH_7387,BR_3,INOX,Muzaffarpur 23,Muzaffarpur,Bihar
TH_7388,BR_1,Carnival Cinemas,Coimbatore 73,Coimbatore,Tamil Nadu
TH_7389,BR_1,Carnival Cinemas,Udaipur 166,Udaipur,Rajasthan
TH_7390,BR_4,Miraj Cinemas,Ajmer 309,Ajmer,Rajasthan
TH_7391,BR_4,Miraj Cinemas,Purnia 247,Purnia,Bihar
TH_7392,BR_4,Miraj Cinemas,Pune 201,Pune,Maharashtra
TH_7393,BR_1,Carnival Cinemas,Meerut 63,Meerut,Uttar Pradesh
TH_7394,BR_2,Cinepolis,Jabalpur 187,Jabalpur,Madhya Pradesh
TH_7395,BR_1,Carnival Cinemas,Surat 479,Surat,Gujarat
TH_7396,BR_2,Cinepolis,Mumbai 442,Mumbai,Maharashtra
TH_7397,BR_3,INOX,Jodhpur 94,Jodhpur,Rajasthan
TH_7398,BR_1,Carnival Cinemas,Gwalior 202,Gwalior,Madhya Pradesh
TH_7399,BR_1,Carnival Cinemas,Bhagalpur 128,Bhagalpur,Bihar
TH_7400,BR_3,INOX,Nashik 214,Nashik,Maharashtra
TH_7401,BR_6,Wave Cinemas,Bathinda 401,Bathinda,Punjab
TH_7402,BR_2,Cinepolis,Jalandhar 226,Jalandhar,Punjab
TH_7403,BR_1,Carnival Cinemas,Bhagalpur 128,Bhagalpur,Bihar
TH_7404,BR_6,Wave Cinemas,Kota 81,Kota,Rajasthan
TH_7405,BR_6,Wave Cinemas,Patiala 262,Patiala,Punjab
TH_7406,BR_6,Wave Cinemas,Agra 135,Agra,Uttar Pradesh
TH_7407,BR_1,Carnival Cinemas,Kanpur 217,Kanpur,Uttar Pradesh
TH_7408,BR_1,Carnival Cinemas,Purnia 10,Purnia,Bihar
TH_7409,BR_2,Cinepolis,Thane 226,Thane,Maharashtra
TH_7410,BR_5,PVR Cinemas,Patna 392,Patna,Bihar
TH_7411,BR_1,Carnival Cinemas,Udaipur 97,Udaipur,Rajasthan
TH_7412,BR_4,Miraj Cinemas,Ahmedabad 139,Ahmedabad,Gujarat
TH_7413,BR_3,INOX,Pune 242,Pune,Maharashtra
TH_7414,BR_3,INOX,Patna 377,Patna,Bihar
TH_7415,BR_3,INOX,Bathinda 284,Bathinda,Punjab
TH_7416,BR_4,Miraj Cinemas,Patna 414,Patna,Bihar
TH_7417,BR_4,Miraj Cinemas,Agra 390,Agra,Uttar Pradesh
TH_7418,BR_6,Wave Cinemas,Patna 240,Patna,Bihar
TH_7419,BR_3,INOX,Belgaum 185,Belgaum,Karnataka
TH_7420,BR_1,Carnival Cinemas,Ujjain 125,Ujjain,Madhya Pradesh
TH_7421,BR_5,PVR Cinemas,Lucknow 70,Lucknow,Uttar Pradesh
TH_7422,BR_2,Cinepolis,Pune 31,Pune,Maharashtra
TH_7423,BR_4,Miraj Cinemas,Madurai 440,Madurai,Tamil Nadu
TH_7424,BR_5,PVR Cinemas,Mangalore 40,Mangalore,Karnataka
TH_7425,BR_3,INOX,Pune 317,Pune,Maharashtra
TH_7426,BR_6,Wave Cinemas,Siliguri 59,Siliguri,West Bengal
TH_7427,BR_6,Wave Cinemas,Agra 184,Agra,Uttar Pradesh
TH_7428,BR_5,PVR Cinemas,Jalandhar 418,Jalandhar,Punjab
TH_7429,BR_2,Cinepolis,Coimbatore 401,Coimbatore,Tamil Nadu
TH_7430,BR_4,Miraj Cinemas,Varanasi 302,Varanasi,Uttar Pradesh
TH_7431,BR_3,INOX,Coimbatore 289,Coimbatore,Tamil Nadu
TH_7432,BR_5,PVR Cinemas,Mumbai 172,Mumbai,Maharashtra
TH_7433,BR_6,Wave Cinemas,Bhavnagar 187,Bhavnagar,Gujarat
TH_7434,BR_6,Wave Cinemas,Salem 373,Salem,Tamil Nadu
TH_7435,BR_3,INOX,Nagpur 450,Nagpur,Maharashtra
TH_7436,BR_4,Miraj Cinemas,Lucknow 78,Lucknow,Uttar Pradesh
TH_7437,BR_3,INOX,Durgapur 467,Durgapur,West Bengal
TH_7438,BR_4,Miraj Cinemas,Chennai 61,Chennai,Tamil Nadu
TH_7439,BR_1,Carnival Cinemas,Meerut 208,Meerut,Uttar Pradesh
TH_7440,BR_5,PVR Cinemas,Belgaum 27,Belgaum,Karnataka
TH_7441,BR_3,INOX,Muzaffarpur 15,Muzaffarpur,Bihar
TH_7442,BR_1,Carnival Cinemas,Ludhiana 382,Ludhiana,Punjab
TH_7443,BR_5,PVR Cinemas,Asansol 176,Asansol,West Bengal
TH_7444,BR_3,INOX,Udaipur 340,Udaipur,Rajasthan
TH_7445,BR_1,Carnival Cinemas,Jodhpur 442,Jodhpur,Rajasthan
TH_7446,BR_4,Miraj Cinemas,Kolkata 482,Kolkata,West Bengal
TH_7447,BR_5,PVR Cinemas,Durgapur 363,Durgapur,West Bengal
TH_7448,BR_2,Cinepolis,Hubli 219,Hubli,Karnataka
TH_7449,BR_6,Wave Cinemas,Bhagalpur 189,Bhagalpur,Bihar
TH_7450,BR_5,PVR Cinemas,Durgapur 155,Durgapur,West Bengal
TH_7451,BR_2,Cinepolis,Muzaffarpur 230,Muzaffarpur,Bihar
TH_7452,BR_2,Cinepolis,Gwalior 319,Gwalior,Madhya Pradesh
TH_7453,BR_5,PVR Cinemas,Ahmedabad 288,Ahmedabad,Gujarat
TH_7454,BR_1,Carnival Cinemas,Howrah 370,Howrah,West Bengal
TH_7455,BR_5,PVR Cinemas,Siliguri 240,Siliguri,West Bengal
TH_7456,BR_1,Carnival Cinemas,Ahmedabad 89,Ahmedabad,Gujarat
TH_7457,BR_3,INOX,Patna 42,Patna,Bihar
TH_7458,BR_1,Carnival Cinemas,Lucknow 289,Lucknow,Uttar Pradesh
TH_7459,BR_6,Wave Cinemas,Bhopal 137,Bhopal,Madhya Pradesh
TH_7460,BR_6,Wave Cinemas,Ludhiana 489,Ludhiana,Punjab
TH_7461,BR_4,Miraj Cinemas,Indore 49,Indore,Madhya Pradesh
TH_7462,BR_6,Wave Cinemas,Jalandhar 208,Jalandhar,Punjab
TH_7463,BR_2,Cinepolis,Surat 88,Surat,Gujarat
TH_7464,BR_3,INOX,Salem 71,Salem,Tamil Nadu
TH_7465,BR_5,PVR Cinemas,Tiruchirappalli 346,Tiruchirappalli,Tamil Nadu
TH_7466,BR_2,Cinepolis,Surat 462,Surat,Gujarat
TH_7467,BR_5,PVR Cinemas,Madurai 337,Madurai,Tamil Nadu
TH_7468,BR_5,PVR Cinemas,Tiruchirappalli 382,Tiruchirappalli,Tamil Nadu
TH_7469,BR_4,Miraj Cinemas,Salem 216,Salem,Tamil Nadu
TH_7470,BR_2,Cinepolis,Mangalore 5,Mangalore,Karnataka
TH_7471,BR_4,Miraj Cinemas,Kolkata 35,Kolkata,West Bengal
TH_7472,BR_5,PVR Cinemas,Jodhpur 116,Jodhpur,Rajasthan
TH_7473,BR_3,INOX,Hubli 438,Hubli,Karnataka
TH_7474,BR_6,Wave Cinemas,Kanpur 8,Kanpur,Uttar Pradesh
TH_7475,BR_3,INOX,Siliguri 359,Siliguri,West Bengal
TH_7476,BR_4,Miraj Cinemas,Kolkata 462,Kolkata,West Bengal
TH_7477,BR_4,Miraj Cinemas,Madurai 377,Madurai,Tamil Nadu
TH_7478,BR_5,PVR Cinemas,Bhagalpur 292,Bhagalpur,Bihar
TH_7479,BR_5,PVR Cinemas,Tiruchirappalli 177,Tiruchirappalli,Tamil Nadu
TH_7480,BR_5,PVR Cinemas,Patiala 339,Patiala,Punjab
TH_7481,BR_5,PVR Cinemas,Surat 244,Surat,Gujarat
TH_7482,BR_4,Miraj Cinemas,Pune 270,Pune,Maharashtra
TH_7483,BR_6,Wave Cinemas,Siliguri 24,Siliguri,West Bengal
TH_7484,BR_3,INOX,Tiruchirappalli 79,Tiruchirappalli,Tamil Nadu
TH_7485,BR_6,Wave Cinemas,Mangalore 225,Mangalore,Karnataka
TH_7486,BR_2,Cinepolis,Agra 156,Agra,Uttar Pradesh
TH_7487,BR_4,Miraj Cinemas,Bhopal 241,Bhopal,Madhya Pradesh
TH_7488,BR_4,Miraj Cinemas,Salem 451,Salem,Tamil Nadu
TH_7489,BR_6,Wave Cinemas,Vadodara 440,Vadodara,Gujarat
TH_7490,BR_1,Carnival Cinemas,Nashik 136,Nashik,Maharashtra
TH_7491,BR_5,PVR Cinemas,Bhagalpur 495,Bhagalpur,Bihar
TH_7492,BR_1,Carnival Cinemas,Udaipur 434,Udaipur,Rajasthan
TH_7493,BR_6,Wave Cinemas,Ujjain 3,Ujjain,Madhya Pradesh
TH_7494,BR_4,Miraj Cinemas,Indore 177,Indore,Madhya Pradesh
TH_7495,BR_3,INOX,Durgapur 500,Durgapur,West Bengal
TH_7496,BR_2,Cinepolis,Asansol 92,Asansol,West Bengal
TH_7497,BR_3,INOX,Jalandhar 192,Jalandhar,Punjab
TH_7498,BR_1,Carnival Cinemas,Nagpur 279,Nagpur,Maharashtra
TH_7499,BR_1,Carnival Cinemas,Agra 467,Agra,Uttar Pradesh
TH_7500,BR_4,Miraj Cinemas,Vadodara 417,Vadodara,Gujarat
TH_7501,BR_5,PVR Cinemas,Hubli 240,Hubli,Karnataka
TH_7502,BR_1,Carnival Cinemas,Bhavnagar 239,Bhavnagar,Gujarat
TH_7503,BR_2,Cinepolis,Bhagalpur 249,Bhagalpur,Bihar
TH_7504,BR_6,Wave Cinemas,Thane 466,Thane,Maharashtra
TH_7505,BR_2,Cinepolis,Gaya 404,Gaya,Bihar
TH_7506,BR_3,INOX,Kanpur 215,Kanpur,Uttar Pradesh
TH_7507,BR_2,Cinepolis,Surat 293,Surat,Gujarat
TH_7508,BR_4,Miraj Cinemas,Kolkata 188,Kolkata,West Bengal
TH_7509,BR_6,Wave Cinemas,Ajmer 32,Ajmer,Rajasthan
TH_7510,BR_1,Carnival Cinemas,Tiruchirappalli 101,Tiruchirappalli,Tamil Nadu
TH_7511,BR_2,Cinepolis,Lucknow 49,Lucknow,Uttar Pradesh
TH_7512,BR_4,Miraj Cinemas,Bangalore 399,Bangalore,Karnataka
TH_7513,BR_4,Miraj Cinemas,Coimbatore 159,Coimbatore,Tamil Nadu
TH_7514,BR_6,Wave Cinemas,Agra 356,Agra,Uttar Pradesh
TH_7515,BR_5,PVR Cinemas,Pune 125,Pune,Maharashtra
TH_7516,BR_5,PVR Cinemas,Patna 384,Patna,Bihar
TH_7517,BR_5,PVR Cinemas,Varanasi 381,Varanasi,Uttar Pradesh
TH_7518,BR_4,Miraj Cinemas,Jabalpur 380,Jabalpur,Madhya Pradesh
TH_7519,BR_6,Wave Cinemas,Vadodara 19,Vadodara,Gujarat
TH_7520,BR_4,Miraj Cinemas,Hubli 9,Hubli,Karnataka
TH_7521,BR_4,Miraj Cinemas,Ajmer 32,Ajmer,Rajasthan
TH_7522,BR_2,Cinepolis,Pune 156,Pune,Maharashtra
TH_7523,BR_3,INOX,Tiruchirappalli 486,Tiruchirappalli,Tamil Nadu
TH_7524,BR_1,Carnival Cinemas,Surat 97,Surat,Gujarat
TH_7525,BR_4,Miraj Cinemas,Jaipur 161,Jaipur,Rajasthan
TH_7526,BR_6,Wave Cinemas,Asansol 406,Asansol,West Bengal
TH_7527,BR_3,INOX,Mangalore 162,Mangalore,Karnataka
TH_7528,BR_4,Miraj Cinemas,Kanpur 12,Kanpur,Uttar Pradesh
TH_7529,BR_5,PVR Cinemas,Vadodara 89,Vadodara,Gujarat
TH_7530,BR_1,Carnival Cinemas,Gaya 387,Gaya,Bihar
TH_7531,BR_1,Carnival Cinemas,Hubli 327,Hubli,Karnataka
TH_7532,BR_5,PVR Cinemas,Bhavnagar 367,Bhavnagar,Gujarat
TH_7533,BR_1,Carnival Cinemas,Bhopal 380,Bhopal,Madhya Pradesh
TH_7534,BR_2,Cinepolis,Jabalpur 79,Jabalpur,Madhya Pradesh
TH_7535,BR_3,INOX,Bangalore 305,Bangalore,Karnataka
TH_7536,BR_3,INOX,Ludhiana 402,Ludhiana,Punjab
TH_7537,BR_6,Wave Cinemas,Nagpur 196,Nagpur,Maharashtra
TH_7538,BR_2,Cinepolis,Agra 29,Agra,Uttar Pradesh
TH_7539,BR_6,Wave Cinemas,Asansol 160,Asansol,West Bengal
TH_7540,BR_2,Cinepolis,Ludhiana 6,Ludhiana,Punjab
TH_7541,BR_3,INOX,Pune 382,Pune,Maharashtra
TH_7542,BR_5,PVR Cinemas,Howrah 83,Howrah,West Bengal
TH_7543,BR_1,Carnival Cinemas,Agra 398,Agra,Uttar Pradesh
TH_7544,BR_2,Cinepolis,Kanpur 55,Kanpur,Uttar Pradesh
TH_7545,BR_3,INOX,Bhopal 276,Bhopal,Madhya Pradesh
TH_7546,BR_6,Wave Cinemas,Coimbatore 377,Coimbatore,Tamil Nadu
TH_7547,BR_1,Carnival Cinemas,Mangalore 137,Mangalore,Karnataka
TH_7548,BR_6,Wave Cinemas,Mangalore 167,Mangalore,Karnataka
TH_7549,BR_4,Miraj Cinemas,Varanasi 128,Varanasi,Uttar Pradesh
TH_7550,BR_2,Cinepolis,Chennai 139,Chennai,Tamil Nadu
TH_7551,BR_3,INOX,Coimbatore 452,Coimbatore,Tamil Nadu
TH_7552,BR_3,INOX,Nagpur 160,Nagpur,Maharashtra
TH_7553,BR_3,INOX,Kota 389,Kota,Rajasthan
TH_7554,BR_2,Cinepolis,Hubli 216,Hubli,Karnataka
TH_7555,BR_5,PVR Cinemas,Patna 394,Patna,Bihar
TH_7556,BR_4,Miraj Cinemas,Mangalore 186,Mangalore,Karnataka
TH_7557,BR_5,PVR Cinemas,Nagpur 171,Nagpur,Maharashtra
TH_7558,BR_1,Carnival Cinemas,Hubli 96,Hubli,Karnataka
TH_7559,BR_1,Carnival Cinemas,Jaipur 71,Jaipur,Rajasthan
TH_7560,BR_3,INOX,Purnia 3,Purnia,Bihar
TH_7561,BR_6,Wave Cinemas,Bhagalpur 400,Bhagalpur,Bihar
TH_7562,BR_6,Wave Cinemas,Ahmedabad 65,Ahmedabad,Gujarat
TH_7563,BR_4,Miraj Cinemas,Jaipur 100,Jaipur,Rajasthan
TH_7564,BR_4,Miraj Cinemas,Vadodara 254,Vadodara,Gujarat
TH_7565,BR_1,Carnival Cinemas,Bangalore 109,Bangalore,Karnataka
TH_7566,BR_1,Carnival Cinemas,Howrah 236,Howrah,West Bengal
TH_7567,BR_4,Miraj Cinemas,Ludhiana 243,Ludhiana,Punjab
TH_7568,BR_3,INOX,Asansol 395,Asansol,West Bengal
TH_7569,BR_5,PVR Cinemas,Indore 282,Indore,Madhya Pradesh
TH_7570,BR_6,Wave Cinemas,Belgaum 349,Belgaum,Karnataka
TH_7571,BR_2,Cinepolis,Patiala 225,Patiala,Punjab
TH_7572,BR_5,PVR Cinemas,Lucknow 298,Lucknow,Uttar Pradesh
TH_7573,BR_1,Carnival Cinemas,Varanasi 58,Varanasi,Uttar Pradesh
TH_7574,BR_4,Miraj Cinemas,Rajkot 223,Rajkot,Gujarat
TH_7575,BR_2,Cinepolis,Jaipur 413,Jaipur,Rajasthan
TH_7576,BR_6,Wave Cinemas,Madurai 17,Madurai,Tamil Nadu
TH_7577,BR_5,PVR Cinemas,Kolkata 79,Kolkata,West Bengal
TH_7578,BR_4,Miraj Cinemas,Mangalore 177,Mangalore,Karnataka
TH_7579,BR_5,PVR Cinemas,Rajkot 462,Rajkot,Gujarat
TH_7580,BR_3,INOX,Indore 455,Indore,Madhya Pradesh
TH_7581,BR_3,INOX,Ahmedabad 477,Ahmedabad,Gujarat
TH_7582,BR_5,PVR Cinemas,Kota 356,Kota,Rajasthan
TH_7583,BR_2,Cinepolis,Hubli 324,Hubli,Karnataka
TH_7584,BR_2,Cinepolis,Coimbatore 165,Coimbatore,Tamil Nadu
TH_7585,BR_3,INOX,Ujjain 190,Ujjain,Madhya Pradesh
TH_7586,BR_2,Cinepolis,Udaipur 298,Udaipur,Rajasthan
TH_7587,BR_6,Wave Cinemas,Mysore 363,Mysore,Karnataka
TH_7588,BR_3,INOX,Ahmedabad 215,Ahmedabad,Gujarat
TH_7589,BR_4,Miraj Cinemas,Bangalore 222,Bangalore,Karnataka
TH_7590,BR_3,INOX,Ajmer 143,Ajmer,Rajasthan
TH_7591,BR_4,Miraj Cinemas,Howrah 278,Howrah,West Bengal
TH_7592,BR_2,Cinepolis,Gwalior 299,Gwalior,Madhya Pradesh
TH_7593,BR_1,Carnival Cinemas,Ajmer 110,Ajmer,Rajasthan
TH_7594,BR_5,PVR Cinemas,Thane 325,Thane,Maharashtra
TH_7595,BR_1,Carnival Cinemas,Ahmedabad 474,Ahmedabad,Gujarat
TH_7596,BR_1,Carnival Cinemas,Jabalpur 234,Jabalpur,Madhya Pradesh
TH_7597,BR_3,INOX,Mangalore 166,Mangalore,Karnataka
TH_7598,BR_6,Wave Cinemas,Gaya 491,Gaya,Bihar
TH_7599,BR_6,Wave Cinemas,Mysore 256,Mysore,Karnataka
TH_7600,BR_3,INOX,Varanasi 292,Varanasi,Uttar Pradesh
TH_7601,BR_6,Wave Cinemas,Tiruchirappalli 446,Tiruchirappalli,Tamil Nadu
TH_7602,BR_4,Miraj Cinemas,Meerut 492,Meerut,Uttar Pradesh
TH_7603,BR_3,INOX,Patna 370,Patna,Bihar
TH_7604,BR_1,Carnival Cinemas,Varanasi 21,Varanasi,Uttar Pradesh
TH_7605,BR_4,Miraj Cinemas,Vadodara 230,Vadodara,Gujarat
TH_7606,BR_1,Carnival Cinemas,Ahmedabad 491,Ahmedabad,Gujarat
TH_7607,BR_6,Wave Cinemas,Siliguri 82,Siliguri,West Bengal
TH_7608,BR_6,Wave Cinemas,Purnia 191,Purnia,Bihar
TH_7609,BR_4,Miraj Cinemas,Coimbatore 285,Coimbatore,Tamil Nadu
TH_7610,BR_5,PVR Cinemas,Purnia 461,Purnia,Bihar
TH_7611,BR_3,INOX,Muzaffarpur 372,Muzaffarpur,Bihar
TH_7612,BR_6,Wave Cinemas,Siliguri 446,Siliguri,West Bengal
TH_7613,BR_1,Carnival Cinemas,Kanpur 388,Kanpur,Uttar Pradesh
TH_7614,BR_2,Cinepolis,Kanpur 81,Kanpur,Uttar Pradesh
TH_7615,BR_2,Cinepolis,Asansol 54,Asansol,West Bengal
TH_7616,BR_4,Miraj Cinemas,Chennai 334,Chennai,Tamil Nadu
TH_7617,BR_4,Miraj Cinemas,Ahmedabad 458,Ahmedabad,Gujarat
TH_7618,BR_6,Wave Cinemas,Gaya 43,Gaya,Bihar
TH_7619,BR_4,Miraj Cinemas,Coimbatore 38,Coimbatore,Tamil Nadu
TH_7620,BR_1,Carnival Cinemas,Chennai 206,Chennai,Tamil Nadu
TH_7621,BR_4,Miraj Cinemas,Bhopal 267,Bhopal,Madhya Pradesh
TH_7622,BR_4,Miraj Cinemas,Ajmer 26,Ajmer,Rajasthan
TH_7623,BR_3,INOX,Jalandhar 232,Jalandhar,Punjab
TH_7624,BR_4,Miraj Cinemas,Agra 278,Agra,Uttar Pradesh
TH_7625,BR_2,Cinepolis,Kanpur 497,Kanpur,Uttar Pradesh
TH_7626,BR_3,INOX,Gwalior 184,Gwalior,Madhya Pradesh
TH_7627,BR_1,Carnival Cinemas,Patiala 391,Patiala,Punjab
TH_7628,BR_5,PVR Cinemas,Ujjain 488,Ujjain,Madhya Pradesh
TH_7629,BR_5,PVR Cinemas,Patna 26,Patna,Bihar
TH_7630,BR_4,Miraj Cinemas,Mumbai 275,Mumbai,Maharashtra
TH_7631,BR_4,Miraj Cinemas,Indore 230,Indore,Madhya Pradesh
TH_7632,BR_2,Cinepolis,Chennai 232,Chennai,Tamil Nadu
TH_7633,BR_2,Cinepolis,Gaya 230,Gaya,Bihar
TH_7634,BR_1,Carnival Cinemas,Madurai 243,Madurai,Tamil Nadu
TH_7635,BR_5,PVR Cinemas,Muzaffarpur 180,Muzaffarpur,Bihar
TH_7636,BR_2,Cinepolis,Tiruchirappalli 335,Tiruchirappalli,Tamil Nadu
TH_7637,BR_3,INOX,Jodhpur 226,Jodhpur,Rajasthan
TH_7638,BR_4,Miraj Cinemas,Ludhiana 62,Ludhiana,Punjab
TH_7639,BR_6,Wave Cinemas,Purnia 140,Purnia,Bihar
TH_7640,BR_4,Miraj Cinemas,Rajkot 220,Rajkot,Gujarat
TH_7641,BR_1,Carnival Cinemas,Purnia 347,Purnia,Bihar
TH_7642,BR_6,Wave Cinemas,Kota 404,Kota,Rajasthan
TH_7643,BR_1,Carnival Cinemas,Varanasi 398,Varanasi,Uttar Pradesh
TH_7644,BR_5,PVR Cinemas,Gaya 49,Gaya,Bihar
TH_7645,BR_4,Miraj Cinemas,Bhavnagar 252,Bhavnagar,Gujarat
TH_7646,BR_4,Miraj Cinemas,Jalandhar 233,Jalandhar,Punjab
TH_7647,BR_1,Carnival Cinemas,Ahmedabad 146,Ahmedabad,Gujarat
TH_7648,BR_6,Wave Cinemas,Chennai 393,Chennai,Tamil Nadu
TH_7649,BR_1,Carnival Cinemas,Ujjain 251,Ujjain,Madhya Pradesh
TH_7650,BR_3,INOX,Muzaffarpur 34,Muzaffarpur,Bihar
TH_7651,BR_4,Miraj Cinemas,Pune 305,Pune,Maharashtra
TH_7652,BR_1,Carnival Cinemas,Salem 134,Salem,Tamil Nadu
TH_7653,BR_1,Carnival Cinemas,Vadodara 210,Vadodara,Gujarat
TH_7654,BR_3,INOX,Madurai 438,Madurai,Tamil Nadu
TH_7655,BR_1,Carnival Cinemas,Bangalore 137,Bangalore,Karnataka
TH_7656,BR_1,Carnival Cinemas,Agra 304,Agra,Uttar Pradesh
TH_7657,BR_3,INOX,Ajmer 323,Ajmer,Rajasthan
TH_7658,BR_3,INOX,Coimbatore 284,Coimbatore,Tamil Nadu
TH_7659,BR_4,Miraj Cinemas,Ahmedabad 418,Ahmedabad,Gujarat
TH_7660,BR_6,Wave Cinemas,Thane 380,Thane,Maharashtra
TH_7661,BR_1,Carnival Cinemas,Ajmer 330,Ajmer,Rajasthan
TH_7662,BR_3,INOX,Jodhpur 31,Jodhpur,Rajasthan
TH_7663,BR_5,PVR Cinemas,Bhavnagar 69,Bhavnagar,Gujarat
TH_7664,BR_1,Carnival Cinemas,Patna 29,Patna,Bihar
TH_7665,BR_2,Cinepolis,Gwalior 122,Gwalior,Madhya Pradesh
TH_7666,BR_5,PVR Cinemas,Asansol 229,Asansol,West Bengal
TH_7667,BR_5,PVR Cinemas,Bathinda 210,Bathinda,Punjab
TH_7668,BR_6,Wave Cinemas,Surat 450,Surat,Gujarat
TH_7669,BR_5,PVR Cinemas,Surat 158,Surat,Gujarat
TH_7670,BR_5,PVR Cinemas,Bangalore 98,Bangalore,Karnataka
TH_7671,BR_6,Wave Cinemas,Bhagalpur 214,Bhagalpur,Bihar
TH_7672,BR_1,Carnival Cinemas,Purnia 397,Purnia,Bihar
TH_7673,BR_1,Carnival Cinemas,Asansol 341,Asansol,West Bengal
TH_7674,BR_4,Miraj Cinemas,Pune 250,Pune,Maharashtra
TH_7675,BR_6,Wave Cinemas,Bangalore 397,Bangalore,Karnataka
TH_7676,BR_2,Cinepolis,Amritsar 203,Amritsar,Punjab
TH_7677,BR_6,Wave Cinemas,Tiruchirappalli 229,Tiruchirappalli,Tamil Nadu
TH_7678,BR_4,Miraj Cinemas,Kota 309,Kota,Rajasthan
TH_7679,BR_6,Wave Cinemas,Tiruchirappalli 375,Tiruchirappalli,Tamil Nadu
TH_7680,BR_6,Wave Cinemas,Lucknow 168,Lucknow,Uttar Pradesh
TH_7681,BR_1,Carnival Cinemas,Nagpur 87,Nagpur,Maharashtra
TH_7682,BR_3,INOX,Hubli 223,Hubli,Karnataka
TH_7683,BR_3,INOX,Durgapur 345,Durgapur,West Bengal
TH_7684,BR_6,Wave Cinemas,Ajmer 457,Ajmer,Rajasthan
TH_7685,BR_3,INOX,Madurai 170,Madurai,Tamil Nadu
TH_7686,BR_1,Carnival Cinemas,Mumbai 450,Mumbai,Maharashtra
TH_7687,BR_5,PVR Cinemas,Bhagalpur 132,Bhagalpur,Bihar
TH_7688,BR_3,INOX,Bhavnagar 335,Bhavnagar,Gujarat
TH_7689,BR_3,INOX,Belgaum 456,Belgaum,Karnataka
TH_7690,BR_1,Carnival Cinemas,Pune 184,Pune,Maharashtra
TH_7691,BR_3,INOX,Kolkata 114,Kolkata,West Bengal
TH_7692,BR_2,Cinepolis,Gwalior 485,Gwalior,Madhya Pradesh
TH_7693,BR_6,Wave Cinemas,Agra 246,Agra,Uttar Pradesh
TH_7694,BR_3,INOX,Chennai 268,Chennai,Tamil Nadu
TH_7695,BR_4,Miraj Cinemas,Muzaffarpur 257,Muzaffarpur,Bihar
TH_7696,BR_4,Miraj Cinemas,Hubli 443,Hubli,Karnataka
TH_7697,BR_6,Wave Cinemas,Kolkata 98,Kolkata,West Bengal
TH_7698,BR_4,Miraj Cinemas,Jaipur 467,Jaipur,Rajasthan
TH_7699,BR_4,Miraj Cinemas,Nashik 106,Nashik,Maharashtra
TH_7700,BR_6,Wave Cinemas,Purnia 36,Purnia,Bihar
TH_7701,BR_3,INOX,Kanpur 484,Kanpur,Uttar Pradesh
TH_7702,BR_2,Cinepolis,Tiruchirappalli 446,Tiruchirappalli,Tamil Nadu
TH_7703,BR_1,Carnival Cinemas,Jodhpur 417,Jodhpur,Rajasthan
TH_7704,BR_5,PVR Cinemas,Salem 388,Salem,Tamil Nadu
TH_7705,BR_4,Miraj Cinemas,Bangalore 53,Bangalore,Karnataka
TH_7706,BR_1,Carnival Cinemas,Ahmedabad 109,Ahmedabad,Gujarat
TH_7707,BR_2,Cinepolis,Rajkot 363,Rajkot,Gujarat
TH_7708,BR_1,Carnival Cinemas,Salem 55,Salem,Tamil Nadu
TH_7709,BR_6,Wave Cinemas,Lucknow 265,Lucknow,Uttar Pradesh
TH_7710,BR_1,Carnival Cinemas,Durgapur 3,Durgapur,West Bengal
TH_7711,BR_1,Carnival Cinemas,Varanasi 149,Varanasi,Uttar Pradesh
TH_7712,BR_6,Wave Cinemas,Agra 189,Agra,Uttar Pradesh
TH_7713,BR_2,Cinepolis,Bhagalpur 272,Bhagalpur,Bihar
TH_7714,BR_5,PVR Cinemas,Gaya 468,Gaya,Bihar
TH_7715,BR_3,INOX,Bathinda 246,Bathinda,Punjab
TH_7716,BR_1,Carnival Cinemas,Madurai 206,Madurai,Tamil Nadu
TH_7717,BR_2,Cinepolis,Jalandhar 414,Jalandhar,Punjab
TH_7718,BR_2,Cinepolis,Jaipur 215,Jaipur,Rajasthan
TH_7719,BR_5,PVR Cinemas,Ujjain 417,Ujjain,Madhya Pradesh
TH_7720,BR_4,Miraj Cinemas,Nashik 397,Nashik,Maharashtra
TH_7721,BR_2,Cinepolis,Gaya 53,Gaya,Bihar
TH_7722,BR_3,INOX,Chennai 65,Chennai,Tamil Nadu
TH_7723,BR_4,Miraj Cinemas,Meerut 51,Meerut,Uttar Pradesh
TH_7724,BR_6,Wave Cinemas,Madurai 491,Madurai,Tamil Nadu
TH_7725,BR_4,Miraj Cinemas,Tiruchirappalli 89,Tiruchirappalli,Tamil Nadu
TH_7726,BR_2,Cinepolis,Indore 178,Indore,Madhya Pradesh
TH_7727,BR_1,Carnival Cinemas,Salem 387,Salem,Tamil Nadu
TH_7728,BR_5,PVR Cinemas,Patna 403,Patna,Bihar
TH_7729,BR_2,Cinepolis,Mumbai 153,Mumbai,Maharashtra
TH_7730,BR_2,Cinepolis,Indore 268,Indore,Madhya Pradesh
TH_7731,BR_6,Wave Cinemas,Kota 58,Kota,Rajasthan
TH_7732,BR_6,Wave Cinemas,Mysore 161,Mysore,Karnataka
TH_7733,BR_6,Wave Cinemas,Madurai 146,Madurai,Tamil Nadu
TH_7734,BR_6,Wave Cinemas,Udaipur 85,Udaipur,Rajasthan
TH_7735,BR_1,Carnival Cinemas,Asansol 172,Asansol,West Bengal
TH_7736,BR_2,Cinepolis,Siliguri 352,Siliguri,West Bengal
TH_7737,BR_5,PVR Cinemas,Jalandhar 118,Jalandhar,Punjab
TH_7738,BR_2,Cinepolis,Rajkot 387,Rajkot,Gujarat
TH_7739,BR_2,Cinepolis,Tiruchirappalli 130,Tiruchirappalli,Tamil Nadu
TH_7740,BR_4,Miraj Cinemas,Udaipur 289,Udaipur,Rajasthan
TH_7741,BR_1,Carnival Cinemas,Gaya 171,Gaya,Bihar
TH_7742,BR_4,Miraj Cinemas,Bathinda 496,Bathinda,Punjab
TH_7743,BR_5,PVR Cinemas,Ujjain 490,Ujjain,Madhya Pradesh
TH_7744,BR_3,INOX,Jodhpur 115,Jodhpur,Rajasthan
TH_7745,BR_5,PVR Cinemas,Jabalpur 150,Jabalpur,Madhya Pradesh
TH_7746,BR_5,PVR Cinemas,Kota 281,Kota,Rajasthan
TH_7747,BR_3,INOX,Bhagalpur 218,Bhagalpur,Bihar
TH_7748,BR_3,INOX,Lucknow 66,Lucknow,Uttar Pradesh
TH_7749,BR_1,Carnival Cinemas,Indore 319,Indore,Madhya Pradesh
TH_7750,BR_4,Miraj Cinemas,Ajmer 253,Ajmer,Rajasthan
TH_7751,BR_6,Wave Cinemas,Ahmedabad 230,Ahmedabad,Gujarat
TH_7752,BR_2,Cinepolis,Rajkot 485,Rajkot,Gujarat
TH_7753,BR_2,Cinepolis,Belgaum 462,Belgaum,Karnataka
TH_7754,BR_3,INOX,Vadodara 277,Vadodara,Gujarat
TH_7755,BR_2,Cinepolis,Vadodara 40,Vadodara,Gujarat
TH_7756,BR_5,PVR Cinemas,Thane 207,Thane,Maharashtra
TH_7757,BR_3,INOX,Bhagalpur 475,Bhagalpur,Bihar
TH_7758,BR_5,PVR Cinemas,Hubli 396,Hubli,Karnataka
TH_7759,BR_2,Cinepolis,Tiruchirappalli 49,Tiruchirappalli,Tamil Nadu
TH_7760,BR_4,Miraj Cinemas,Surat 421,Surat,Gujarat
TH_7761,BR_6,Wave Cinemas,Asansol 158,Asansol,West Bengal
TH_7762,BR_4,Miraj Cinemas,Muzaffarpur 267,Muzaffarpur,Bihar
TH_7763,BR_2,Cinepolis,Salem 493,Salem,Tamil Nadu
TH_7764,BR_5,PVR Cinemas,Thane 78,Thane,Maharashtra
TH_7765,BR_4,Miraj Cinemas,Ujjain 325,Ujjain,Madhya Pradesh
TH_7766,BR_5,PVR Cinemas,Hubli 377,Hubli,Karnataka
TH_7767,BR_3,INOX,Ajmer 23,Ajmer,Rajasthan
TH_7768,BR_6,Wave Cinemas,Gaya 494,Gaya,Bihar
TH_7769,BR_2,Cinepolis,Rajkot 60,Rajkot,Gujarat
TH_7770,BR_2,Cinepolis,Udaipur 433,Udaipur,Rajasthan
TH_7771,BR_6,Wave Cinemas,Mysore 99,Mysore,Karnataka
TH_7772,BR_2,Cinepolis,Salem 405,Salem,Tamil Nadu
TH_7773,BR_5,PVR Cinemas,Howrah 270,Howrah,West Bengal
TH_7774,BR_2,Cinepolis,Agra 446,Agra,Uttar Pradesh
TH_7775,BR_3,INOX,Chennai 107,Chennai,Tamil Nadu
TH_7776,BR_4,Miraj Cinemas,Patiala 232,Patiala,Punjab
TH_7777,BR_3,INOX,Bangalore 83,Bangalore,Karnataka
TH_7778,BR_3,INOX,Hubli 65,Hubli,Karnataka
TH_7779,BR_3,INOX,Bhagalpur 388,Bhagalpur,Bihar
TH_7780,BR_2,Cinepolis,Vadodara 301,Vadodara,Gujarat
TH_7781,BR_4,Miraj Cinemas,Amritsar 485,Amritsar,Punjab
TH_7782,BR_2,Cinepolis,Jabalpur 400,Jabalpur,Madhya Pradesh
TH_7783,BR_5,PVR Cinemas,Indore 357,Indore,Madhya Pradesh
TH_7784,BR_3,INOX,Hubli 252,Hubli,Karnataka
TH_7785,BR_5,PVR Cinemas,Ludhiana 131,Ludhiana,Punjab
TH_7786,BR_3,INOX,Surat 251,Surat,Gujarat
TH_7787,BR_6,Wave Cinemas,Lucknow 285,Lucknow,Uttar Pradesh
TH_7788,BR_2,Cinepolis,Surat 416,Surat,Gujarat
TH_7789,BR_5,PVR Cinemas,Ahmedabad 336,Ahmedabad,Gujarat
TH_7790,BR_6,Wave Cinemas,Bathinda 390,Bathinda,Punjab
TH_7791,BR_1,Carnival Cinemas,Lucknow 105,Lucknow,Uttar Pradesh
TH_7792,BR_5,PVR Cinemas,Bangalore 346,Bangalore,Karnataka
TH_7793,BR_3,INOX,Hubli 275,Hubli,Karnataka
TH_7794,BR_3,INOX,Indore 225,Indore,Madhya Pradesh
TH_7795,BR_3,INOX,Vadodara 321,Vadodara,Gujarat
TH_7796,BR_2,Cinepolis,Kolkata 60,Kolkata,West Bengal
TH_7797,BR_4,Miraj Cinemas,Siliguri 459,Siliguri,West Bengal
TH_7798,BR_5,PVR Cinemas,Mangalore 281,Mangalore,Karnataka
TH_7799,BR_5,PVR Cinemas,Gaya 493,Gaya,Bihar
TH_7800,BR_4,Miraj Cinemas,Udaipur 452,Udaipur,Rajasthan
TH_7801,BR_2,Cinepolis,Mysore 442,Mysore,Karnataka
TH_7802,BR_6,Wave Cinemas,Nashik 5,Nashik,Maharashtra
TH_7803,BR_3,INOX,Mangalore 469,Mangalore,Karnataka
TH_7804,BR_2,Cinepolis,Ahmedabad 21,Ahmedabad,Gujarat
TH_7805,BR_3,INOX,Bhavnagar 430,Bhavnagar,Gujarat
TH_7806,BR_2,Cinepolis,Lucknow 175,Lucknow,Uttar Pradesh
TH_7807,BR_2,Cinepolis,Muzaffarpur 248,Muzaffarpur,Bihar
TH_7808,BR_3,INOX,Bathinda 131,Bathinda,Punjab
TH_7809,BR_2,Cinepolis,Thane 205,Thane,Maharashtra
TH_7810,BR_1,Carnival Cinemas,Belgaum 24,Belgaum,Karnataka
TH_7811,BR_3,INOX,Belgaum 366,Belgaum,Karnataka
TH_7812,BR_5,PVR Cinemas,Mysore 286,Mysore,Karnataka
TH_7813,BR_4,Miraj Cinemas,Bhavnagar 257,Bhavnagar,Gujarat
TH_7814,BR_6,Wave Cinemas,Gaya 167,Gaya,Bihar
TH_7815,BR_2,Cinepolis,Patna 466,Patna,Bihar
TH_7816,BR_5,PVR Cinemas,Asansol 191,Asansol,West Bengal
TH_7817,BR_5,PVR Cinemas,Howrah 108,Howrah,West Bengal
TH_7818,BR_3,INOX,Jalandhar 344,Jalandhar,Punjab
TH_7819,BR_5,PVR Cinemas,Mumbai 24,Mumbai,Maharashtra
TH_7820,BR_4,Miraj Cinemas,Udaipur 309,Udaipur,Rajasthan
TH_7821,BR_5,PVR Cinemas,Ajmer 209,Ajmer,Rajasthan
TH_7822,BR_3,INOX,Ujjain 28,Ujjain,Madhya Pradesh
TH_7823,BR_6,Wave Cinemas,Mumbai 298,Mumbai,Maharashtra
TH_7824,BR_1,Carnival Cinemas,Mangalore 33,Mangalore,Karnataka
TH_7825,BR_5,PVR Cinemas,Belgaum 307,Belgaum,Karnataka
TH_7826,BR_2,Cinepolis,Tiruchirappalli 354,Tiruchirappalli,Tamil Nadu
TH_7827,BR_6,Wave Cinemas,Pune 318,Pune,Maharashtra
TH_7828,BR_1,Carnival Cinemas,Nashik 77,Nashik,Maharashtra
TH_7829,BR_1,Carnival Cinemas,Mumbai 58,Mumbai,Maharashtra
TH_7830,BR_6,Wave Cinemas,Nagpur 34,Nagpur,Maharashtra
TH_7831,BR_2,Cinepolis,Rajkot 347,Rajkot,Gujarat
TH_7832,BR_4,Miraj Cinemas,Udaipur 84,Udaipur,Rajasthan
TH_7833,BR_2,Cinepolis,Patiala 330,Patiala,Punjab
TH_7834,BR_4,Miraj Cinemas,Bhopal 51,Bhopal,Madhya Pradesh
TH_7835,BR_4,Miraj Cinemas,Pune 213,Pune,Maharashtra
TH_7836,BR_3,INOX,Rajkot 113,Rajkot,Gujarat
TH_7837,BR_1,Carnival Cinemas,Coimbatore 480,Coimbatore,Tamil Nadu
TH_7838,BR_4,Miraj Cinemas,Mangalore 308,Mangalore,Karnataka
TH_7839,BR_4,Miraj Cinemas,Jalandhar 306,Jalandhar,Punjab
TH_7840,BR_3,INOX,Kanpur 109,Kanpur,Uttar Pradesh
TH_7841,BR_3,INOX,Howrah 366,Howrah,West Bengal
TH_7842,BR_3,INOX,Siliguri 142,Siliguri,West Bengal
TH_7843,BR_6,Wave Cinemas,Agra 351,Agra,Uttar Pradesh
TH_7844,BR_5,PVR Cinemas,Gaya 432,Gaya,Bihar
TH_7845,BR_2,Cinepolis,Jabalpur 20,Jabalpur,Madhya Pradesh
TH_7846,BR_6,Wave Cinemas,Mangalore 151,Mangalore,Karnataka
TH_7847,BR_1,Carnival Cinemas,Surat 448,Surat,Gujarat
TH_7848,BR_4,Miraj Cinemas,Thane 153,Thane,Maharashtra
TH_7849,BR_6,Wave Cinemas,Rajkot 427,Rajkot,Gujarat
TH_7850,BR_1,Carnival Cinemas,Kanpur 259,Kanpur,Uttar Pradesh
TH_7851,BR_6,Wave Cinemas,Udaipur 182,Udaipur,Rajasthan
TH_7852,BR_4,Miraj Cinemas,Ahmedabad 336,Ahmedabad,Gujarat
TH_7853,BR_2,Cinepolis,Bhopal 86,Bhopal,Madhya Pradesh
TH_7854,BR_6,Wave Cinemas,Bhopal 209,Bhopal,Madhya Pradesh
TH_7855,BR_1,Carnival Cinemas,Ujjain 388,Ujjain,Madhya Pradesh
TH_7856,BR_5,PVR Cinemas,Gaya 253,Gaya,Bihar
TH_7857,BR_1,Carnival Cinemas,Varanasi 430,Varanasi,Uttar Pradesh
TH_7858,BR_3,INOX,Jabalpur 70,Jabalpur,Madhya Pradesh
TH_7859,BR_5,PVR Cinemas,Siliguri 368,Siliguri,West Bengal
TH_7860,BR_3,INOX,Surat 377,Surat,Gujarat
TH_7861,BR_5,PVR Cinemas,Coimbatore 500,Coimbatore,Tamil Nadu
TH_7862,BR_1,Carnival Cinemas,Hubli 314,Hubli,Karnataka
TH_7863,BR_2,Cinepolis,Jabalpur 338,Jabalpur,Madhya Pradesh
TH_7864,BR_1,Carnival Cinemas,Vadodara 316,Vadodara,Gujarat
TH_7865,BR_1,Carnival Cinemas,Durgapur 4,Durgapur,West Bengal
TH_7866,BR_6,Wave Cinemas,Indore 18,Indore,Madhya Pradesh
TH_7867,BR_4,Miraj Cinemas,Purnia 67,Purnia,Bihar
TH_7868,BR_6,Wave Cinemas,Gaya 7,Gaya,Bihar
TH_7869,BR_4,Miraj Cinemas,Tiruchirappalli 94,Tiruchirappalli,Tamil Nadu
TH_7870,BR_5,PVR Cinemas,Kolkata 216,Kolkata,West Bengal
TH_7871,BR_2,Cinepolis,Indore 39,Indore,Madhya Pradesh
TH_7872,BR_5,PVR Cinemas,Pune 171,Pune,Maharashtra
TH_7873,BR_2,Cinepolis,Agra 52,Agra,Uttar Pradesh
TH_7874,BR_1,Carnival Cinemas,Jodhpur 232,Jodhpur,Rajasthan
TH_7875,BR_2,Cinepolis,Belgaum 49,Belgaum,Karnataka
TH_7876,BR_3,INOX,Ujjain 66,Ujjain,Madhya Pradesh
TH_7877,BR_4,Miraj Cinemas,Nagpur 486,Nagpur,Maharashtra
TH_7878,BR_3,INOX,Patiala 387,Patiala,Punjab
TH_7879,BR_6,Wave Cinemas,Siliguri 336,Siliguri,West Bengal
TH_7880,BR_2,Cinepolis,Ujjain 132,Ujjain,Madhya Pradesh
TH_7881,BR_2,Cinepolis,Bhopal 38,Bhopal,Madhya Pradesh
TH_7882,BR_4,Miraj Cinemas,Meerut 484,Meerut,Uttar Pradesh
TH_7883,BR_1,Carnival Cinemas,Ajmer 298,Ajmer,Rajasthan
TH_7884,BR_2,Cinepolis,Jodhpur 379,Jodhpur,Rajasthan
TH_7885,BR_5,PVR Cinemas,Patiala 470,Patiala,Punjab
TH_7886,BR_4,Miraj Cinemas,Indore 123,Indore,Madhya Pradesh
TH_7887,BR_3,INOX,Meerut 472,Meerut,Uttar Pradesh
TH_7888,BR_1,Carnival Cinemas,Kota 418,Kota,Rajasthan
TH_7889,BR_1,Carnival Cinemas,Asansol 197,Asansol,West Bengal
TH_7890,BR_4,Miraj Cinemas,Ahmedabad 22,Ahmedabad,Gujarat
TH_7891,BR_4,Miraj Cinemas,Madurai 406,Madurai,Tamil Nadu
TH_7892,BR_4,Miraj Cinemas,Salem 453,Salem,Tamil Nadu
TH_7893,BR_1,Carnival Cinemas,Indore 490,Indore,Madhya Pradesh
TH_7894,BR_2,Cinepolis,Bhagalpur 243,Bhagalpur,Bihar
TH_7895,BR_1,Carnival Cinemas,Udaipur 461,Udaipur,Rajasthan
TH_7896,BR_2,Cinepolis,Kanpur 409,Kanpur,Uttar Pradesh
TH_7897,BR_3,INOX,Meerut 187,Meerut,Uttar Pradesh
TH_7898,BR_1,Carnival Cinemas,Jabalpur 494,Jabalpur,Madhya Pradesh
TH_7899,BR_1,Carnival Cinemas,Chennai 135,Chennai,Tamil Nadu
TH_7900,BR_3,INOX,Lucknow 87,Lucknow,Uttar Pradesh
TH_7901,BR_6,Wave Cinemas,Vadodara 495,Vadodara,Gujarat
TH_7902,BR_2,Cinepolis,Kota 74,Kota,Rajasthan
TH_7903,BR_1,Carnival Cinemas,Belgaum 302,Belgaum,Karnataka
TH_7904,BR_6,Wave Cinemas,Ahmedabad 500,Ahmedabad,Gujarat
TH_7905,BR_6,Wave Cinemas,Jaipur 10,Jaipur,Rajasthan
TH_7906,BR_6,Wave Cinemas,Ludhiana 428,Ludhiana,Punjab
TH_7907,BR_1,Carnival Cinemas,Bangalore 258,Bangalore,Karnataka
TH_7908,BR_1,Carnival Cinemas,Durgapur 298,Durgapur,West Bengal
TH_7909,BR_2,Cinepolis,Bhavnagar 251,Bhavnagar,Gujarat
TH_7910,BR_5,PVR Cinemas,Bathinda 31,Bathinda,Punjab
TH_7911,BR_1,Carnival Cinemas,Ujjain 451,Ujjain,Madhya Pradesh
TH_7912,BR_4,Miraj Cinemas,Jabalpur 235,Jabalpur,Madhya Pradesh
TH_7913,BR_3,INOX,Kota 490,Kota,Rajasthan
TH_7914,BR_3,INOX,Purnia 362,Purnia,Bihar
TH_7915,BR_3,INOX,Jabalpur 144,Jabalpur,Madhya Pradesh
TH_7916,BR_4,Miraj Cinemas,Nagpur 265,Nagpur,Maharashtra
TH_7917,BR_4,Miraj Cinemas,Patna 170,Patna,Bihar
TH_7918,BR_6,Wave Cinemas,Pune 34,Pune,Maharashtra
TH_7919,BR_3,INOX,Nagpur 143,Nagpur,Maharashtra
TH_7920,BR_1,Carnival Cinemas,Surat 366,Surat,Gujarat
TH_7921,BR_5,PVR Cinemas,Gaya 154,Gaya,Bihar
TH_7922,BR_2,Cinepolis,Kanpur 150,Kanpur,Uttar Pradesh
TH_7923,BR_4,Miraj Cinemas,Jabalpur 78,Jabalpur,Madhya Pradesh
TH_7924,BR_5,PVR Cinemas,Bhagalpur 472,Bhagalpur,Bihar
TH_7925,BR_3,INOX,Nagpur 59,Nagpur,Maharashtra
TH_7926,BR_6,Wave Cinemas,Ujjain 475,Ujjain,Madhya Pradesh
TH_7927,BR_6,Wave Cinemas,Rajkot 65,Rajkot,Gujarat
TH_7928,BR_5,PVR Cinemas,Kota 303,Kota,Rajasthan
TH_7929,BR_2,Cinepolis,Chennai 284,Chennai,Tamil Nadu
TH_7930,BR_4,Miraj Cinemas,Udaipur 217,Udaipur,Rajasthan
TH_7931,BR_3,INOX,Ahmedabad 131,Ahmedabad,Gujarat
TH_7932,BR_5,PVR Cinemas,Durgapur 134,Durgapur,West Bengal
TH_7933,BR_6,Wave Cinemas,Jodhpur 380,Jodhpur,Rajasthan
TH_7934,BR_6,Wave Cinemas,Madurai 74,Madurai,Tamil Nadu
TH_7935,BR_3,INOX,Patna 418,Patna,Bihar
TH_7936,BR_4,Miraj Cinemas,Bhavnagar 438,Bhavnagar,Gujarat
TH_7937,BR_3,INOX,Amritsar 488,Amritsar,Punjab
TH_7938,BR_4,Miraj Cinemas,Meerut 457,Meerut,Uttar Pradesh
TH_7939,BR_1,Carnival Cinemas,Jaipur 254,Jaipur,Rajasthan
TH_7940,BR_5,PVR Cinemas,Rajkot 396,Rajkot,Gujarat
TH_7941,BR_3,INOX,Bhopal 470,Bhopal,Madhya Pradesh
TH_7942,BR_1,Carnival Cinemas,Surat 273,Surat,Gujarat
TH_7943,BR_5,PVR Cinemas,Ujjain 238,Ujjain,Madhya Pradesh
TH_7944,BR_3,INOX,Vadodara 498,Vadodara,Gujarat
TH_7945,BR_1,Carnival Cinemas,Kanpur 207,Kanpur,Uttar Pradesh
TH_7946,BR_4,Miraj Cinemas,Bhagalpur 112,Bhagalpur,Bihar
TH_7947,BR_5,PVR Cinemas,Ludhiana 222,Ludhiana,Punjab
TH_7948,BR_2,Cinepolis,Asansol 92,Asansol,West Bengal
TH_7949,BR_6,Wave Cinemas,Mysore 116,Mysore,Karnataka
TH_7950,BR_5,PVR Cinemas,Chennai 146,Chennai,Tamil Nadu
TH_7951,BR_2,Cinepolis,Kanpur 49,Kanpur,Uttar Pradesh
TH_7952,BR_2,Cinepolis,Patna 162,Patna,Bihar
TH_7953,BR_5,PVR Cinemas,Tiruchirappalli 309,Tiruchirappalli,Tamil Nadu
TH_7954,BR_1,Carnival Cinemas,Surat 137,Surat,Gujarat
TH_7955,BR_5,PVR Cinemas,Gaya 20,Gaya,Bihar
TH_7956,BR_1,Carnival Cinemas,Surat 239,Surat,Gujarat
TH_7957,BR_3,INOX,Madurai 26,Madurai,Tamil Nadu
TH_7958,BR_1,Carnival Cinemas,Lucknow 67,Lucknow,Uttar Pradesh
TH_7959,BR_6,Wave Cinemas,Patna 332,Patna,Bihar
TH_7960,BR_6,Wave Cinemas,Tiruchirappalli 332,Tiruchirappalli,Tamil Nadu
TH_7961,BR_4,Miraj Cinemas,Madurai 114,Madurai,Tamil Nadu
TH_7962,BR_6,Wave Cinemas,Udaipur 294,Udaipur,Rajasthan
TH_7963,BR_2,Cinepolis,Udaipur 36,Udaipur,Rajasthan
TH_7964,BR_3,INOX,Gwalior 56,Gwalior,Madhya Pradesh
TH_7965,BR_5,PVR Cinemas,Ahmedabad 299,Ahmedabad,Gujarat
TH_7966,BR_2,Cinepolis,Surat 237,Surat,Gujarat
TH_7967,BR_5,PVR Cinemas,Indore 183,Indore,Madhya Pradesh
TH_7968,BR_5,PVR Cinemas,Meerut 43,Meerut,Uttar Pradesh
TH_7969,BR_4,Miraj Cinemas,Jabalpur 54,Jabalpur,Madhya Pradesh
TH_7970,BR_2,Cinepolis,Surat 372,Surat,Gujarat
TH_7971,BR_4,Miraj Cinemas,Ajmer 134,Ajmer,Rajasthan
TH_7972,BR_5,PVR Cinemas,Belgaum 82,Belgaum,Karnataka
TH_7973,BR_3,INOX,Kota 478,Kota,Rajasthan
TH_7974,BR_6,Wave Cinemas,Ujjain 143,Ujjain,Madhya Pradesh
TH_7975,BR_3,INOX,Udaipur 311,Udaipur,Rajasthan
TH_7976,BR_4,Miraj Cinemas,Durgapur 449,Durgapur,West Bengal
TH_7977,BR_4,Miraj Cinemas,Patiala 418,Patiala,Punjab
TH_7978,BR_5,PVR Cinemas,Varanasi 449,Varanasi,Uttar Pradesh
TH_7979,BR_5,PVR Cinemas,Mangalore 455,Mangalore,Karnataka
TH_7980,BR_5,PVR Cinemas,Vadodara 220,Vadodara,Gujarat
TH_7981,BR_5,PVR Cinemas,Ludhiana 340,Ludhiana,Punjab
TH_7982,BR_4,Miraj Cinemas,Muzaffarpur 437,Muzaffarpur,Bihar
TH_7983,BR_6,Wave Cinemas,Coimbatore 263,Coimbatore,Tamil Nadu
TH_7984,BR_3,INOX,Ahmedabad 201,Ahmedabad,Gujarat
TH_7985,BR_6,Wave Cinemas,Vadodara 239,Vadodara,Gujarat
TH_7986,BR_2,Cinepolis,Kanpur 372,Kanpur,Uttar Pradesh
TH_7987,BR_4,Miraj Cinemas,Jodhpur 370,Jodhpur,Rajasthan
TH_7988,BR_4,Miraj Cinemas,Patiala 39,Patiala,Punjab
TH_7989,BR_6,Wave Cinemas,Asansol 159,Asansol,West Bengal
TH_7990,BR_1,Carnival Cinemas,Lucknow 2,Lucknow,Uttar Pradesh
TH_7991,BR_5,PVR Cinemas,Patiala 35,Patiala,Punjab
TH_7992,BR_1,Carnival Cinemas,Hubli 2,Hubli,Karnataka
TH_7993,BR_6,Wave Cinemas,Patiala 377,Patiala,Punjab
TH_7994,BR_4,Miraj Cinemas,Jaipur 305,Jaipur,Rajasthan
TH_7995,BR_3,INOX,Jalandhar 233,Jalandhar,Punjab
TH_7996,BR_2,Cinepolis,Bathinda 163,Bathinda,Punjab
TH_7997,BR_3,INOX,Jaipur 37,Jaipur,Rajasthan
TH_7998,BR_1,Carnival Cinemas,Udaipur 107,Udaipur,Rajasthan
TH_7999,BR_1,Carnival Cinemas,Patiala 153,Patiala,Punjab
TH_8000,BR_4,Miraj Cinemas,Vadodara 264,Vadodara,Gujarat
TH_8001,BR_5,PVR Cinemas,Muzaffarpur 60,Muzaffarpur,Bihar
TH_8002,BR_1,Carnival Cinemas,Nashik 164,Nashik,Maharashtra
TH_8003,BR_2,Cinepolis,Nagpur 197,Nagpur,Maharashtra
TH_8004,BR_6,Wave Cinemas,Jalandhar 77,Jalandhar,Punjab
TH_8005,BR_2,Cinepolis,Bhopal 429,Bhopal,Madhya Pradesh
TH_8006,BR_3,INOX,Vadodara 341,Vadodara,Gujarat
TH_8007,BR_2,Cinepolis,Amritsar 387,Amritsar,Punjab
TH_8008,BR_4,Miraj Cinemas,Thane 419,Thane,Maharashtra
TH_8009,BR_6,Wave Cinemas,Durgapur 308,Durgapur,West Bengal
TH_8010,BR_1,Carnival Cinemas,Jaipur 478,Jaipur,Rajasthan
TH_8011,BR_2,Cinepolis,Hubli 248,Hubli,Karnataka
TH_8012,BR_4,Miraj Cinemas,Bhagalpur 181,Bhagalpur,Bihar
TH_8013,BR_4,Miraj Cinemas,Jabalpur 174,Jabalpur,Madhya Pradesh
TH_8014,BR_6,Wave Cinemas,Hubli 367,Hubli,Karnataka
TH_8015,BR_5,PVR Cinemas,Mysore 77,Mysore,Karnataka
TH_8016,BR_5,PVR Cinemas,Jabalpur 158,Jabalpur,Madhya Pradesh
TH_8017,BR_5,PVR Cinemas,Bhagalpur 382,Bhagalpur,Bihar
TH_8018,BR_4,Miraj Cinemas,Ujjain 386,Ujjain,Madhya Pradesh
TH_8019,BR_6,Wave Cinemas,Varanasi 489,Varanasi,Uttar Pradesh
TH_8020,BR_4,Miraj Cinemas,Bathinda 490,Bathinda,Punjab
TH_8021,BR_4,Miraj Cinemas,Vadodara 36,Vadodara,Gujarat
TH_8022,BR_2,Cinepolis,Bhopal 456,Bhopal,Madhya Pradesh
TH_8023,BR_3,INOX,Mangalore 382,Mangalore,Karnataka
TH_8024,BR_1,Carnival Cinemas,Agra 276,Agra,Uttar Pradesh
TH_8025,BR_4,Miraj Cinemas,Bhopal 412,Bhopal,Madhya Pradesh
TH_8026,BR_6,Wave Cinemas,Muzaffarpur 225,Muzaffarpur,Bihar
TH_8027,BR_3,INOX,Purnia 21,Purnia,Bihar
TH_8028,BR_4,Miraj Cinemas,Bhopal 238,Bhopal,Madhya Pradesh
TH_8029,BR_5,PVR Cinemas,Amritsar 346,Amritsar,Punjab
TH_8030,BR_1,Carnival Cinemas,Jodhpur 215,Jodhpur,Rajasthan
TH_8031,BR_1,Carnival Cinemas,Mangalore 366,Mangalore,Karnataka
TH_8032,BR_5,PVR Cinemas,Belgaum 210,Belgaum,Karnataka
TH_8033,BR_1,Carnival Cinemas,Bhopal 389,Bhopal,Madhya Pradesh
TH_8034,BR_2,Cinepolis,Kanpur 132,Kanpur,Uttar Pradesh
TH_8035,BR_3,INOX,Durgapur 465,Durgapur,West Bengal
TH_8036,BR_3,INOX,Belgaum 238,Belgaum,Karnataka
TH_8037,BR_6,Wave Cinemas,Salem 137,Salem,Tamil Nadu
TH_8038,BR_2,Cinepolis,Vadodara 175,Vadodara,Gujarat
TH_8039,BR_6,Wave Cinemas,Amritsar 497,Amritsar,Punjab
TH_8040,BR_2,Cinepolis,Chennai 178,Chennai,Tamil Nadu
TH_8041,BR_3,INOX,Gaya 51,Gaya,Bihar
TH_8042,BR_5,PVR Cinemas,Varanasi 81,Varanasi,Uttar Pradesh
TH_8043,BR_1,Carnival Cinemas,Vadodara 64,Vadodara,Gujarat
TH_8044,BR_2,Cinepolis,Mumbai 415,Mumbai,Maharashtra
TH_8045,BR_3,INOX,Madurai 103,Madurai,Tamil Nadu
TH_8046,BR_6,Wave Cinemas,Purnia 423,Purnia,Bihar
TH_8047,BR_1,Carnival Cinemas,Lucknow 175,Lucknow,Uttar Pradesh
TH_8048,BR_6,Wave Cinemas,Howrah 438,Howrah,West Bengal
TH_8049,BR_4,Miraj Cinemas,Bathinda 33,Bathinda,Punjab
TH_8050,BR_2,Cinepolis,Patiala 495,Patiala,Punjab
TH_8051,BR_3,INOX,Kanpur 233,Kanpur,Uttar Pradesh
TH_8052,BR_3,INOX,Asansol 39,Asansol,West Bengal
TH_8053,BR_3,INOX,Gaya 402,Gaya,Bihar
TH_8054,BR_2,Cinepolis,Coimbatore 349,Coimbatore,Tamil Nadu
TH_8055,BR_5,PVR Cinemas,Amritsar 50,Amritsar,Punjab
TH_8056,BR_4,Miraj Cinemas,Bangalore 238,Bangalore,Karnataka
TH_8057,BR_5,PVR Cinemas,Patiala 209,Patiala,Punjab
TH_8058,BR_1,Carnival Cinemas,Patna 344,Patna,Bihar
TH_8059,BR_1,Carnival Cinemas,Howrah 281,Howrah,West Bengal
TH_8060,BR_3,INOX,Mysore 349,Mysore,Karnataka
TH_8061,BR_6,Wave Cinemas,Lucknow 344,Lucknow,Uttar Pradesh
TH_8062,BR_6,Wave Cinemas,Tiruchirappalli 32,Tiruchirappalli,Tamil Nadu
TH_8063,BR_4,Miraj Cinemas,Nashik 191,Nashik,Maharashtra
TH_8064,BR_4,Miraj Cinemas,Madurai 194,Madurai,Tamil Nadu
TH_8065,BR_1,Carnival Cinemas,Ahmedabad 450,Ahmedabad,Gujarat
TH_8066,BR_1,Carnival Cinemas,Asansol 77,Asansol,West Bengal
TH_8067,BR_4,Miraj Cinemas,Surat 121,Surat,Gujarat
TH_8068,BR_3,INOX,Jalandhar 442,Jalandhar,Punjab
TH_8069,BR_5,PVR Cinemas,Nagpur 356,Nagpur,Maharashtra
TH_8070,BR_6,Wave Cinemas,Kolkata 401,Kolkata,West Bengal
TH_8071,BR_2,Cinepolis,Indore 247,Indore,Madhya Pradesh
TH_8072,BR_5,PVR Cinemas,Bathinda 125,Bathinda,Punjab
TH_8073,BR_1,Carnival Cinemas,Chennai 90,Chennai,Tamil Nadu
TH_8074,BR_4,Miraj Cinemas,Belgaum 138,Belgaum,Karnataka
TH_8075,BR_2,Cinepolis,Tiruchirappalli 190,Tiruchirappalli,Tamil Nadu
TH_8076,BR_6,Wave Cinemas,Bangalore 308,Bangalore,Karnataka
TH_8077,BR_5,PVR Cinemas,Salem 438,Salem,Tamil Nadu
TH_8078,BR_4,Miraj Cinemas,Nagpur 24,Nagpur,Maharashtra
TH_8079,BR_5,PVR Cinemas,Purnia 423,Purnia,Bihar
TH_8080,BR_3,INOX,Muzaffarpur 140,Muzaffarpur,Bihar
TH_8081,BR_3,INOX,Ludhiana 253,Ludhiana,Punjab
TH_8082,BR_5,PVR Cinemas,Bathinda 65,Bathinda,Punjab
TH_8083,BR_2,Cinepolis,Surat 317,Surat,Gujarat
TH_8084,BR_2,Cinepolis,Bangalore 52,Bangalore,Karnataka
TH_8085,BR_3,INOX,Gaya 370,Gaya,Bihar
TH_8086,BR_2,Cinepolis,Tiruchirappalli 463,Tiruchirappalli,Tamil Nadu
TH_8087,BR_6,Wave Cinemas,Nashik 59,Nashik,Maharashtra
TH_8088,BR_3,INOX,Nagpur 418,Nagpur,Maharashtra
TH_8089,BR_4,Miraj Cinemas,Kota 468,Kota,Rajasthan
TH_8090,BR_3,INOX,Salem 182,Salem,Tamil Nadu
TH_8091,BR_4,Miraj Cinemas,Patna 469,Patna,Bihar
TH_8092,BR_2,Cinepolis,Bhopal 170,Bhopal,Madhya Pradesh
TH_8093,BR_1,Carnival Cinemas,Ahmedabad 257,Ahmedabad,Gujarat
TH_8094,BR_5,PVR Cinemas,Howrah 477,Howrah,West Bengal
TH_8095,BR_1,Carnival Cinemas,Bhagalpur 112,Bhagalpur,Bihar
TH_8096,BR_1,Carnival Cinemas,Ajmer 261,Ajmer,Rajasthan
TH_8097,BR_3,INOX,Patiala 167,Patiala,Punjab
TH_8098,BR_6,Wave Cinemas,Purnia 84,Purnia,Bihar
TH_8099,BR_6,Wave Cinemas,Bhavnagar 270,Bhavnagar,Gujarat
TH_8100,BR_3,INOX,Bangalore 29,Bangalore,Karnataka
TH_8101,BR_6,Wave Cinemas,Agra 387,Agra,Uttar Pradesh
TH_8102,BR_4,Miraj Cinemas,Asansol 297,Asansol,West Bengal
TH_8103,BR_3,INOX,Bangalore 38,Bangalore,Karnataka
TH_8104,BR_1,Carnival Cinemas,Thane 330,Thane,Maharashtra
TH_8105,BR_4,Miraj Cinemas,Varanasi 118,Varanasi,Uttar Pradesh
TH_8106,BR_1,Carnival Cinemas,Udaipur 181,Udaipur,Rajasthan
TH_8107,BR_6,Wave Cinemas,Thane 309,Thane,Maharashtra
TH_8108,BR_6,Wave Cinemas,Coimbatore 396,Coimbatore,Tamil Nadu
TH_8109,BR_4,Miraj Cinemas,Udaipur 323,Udaipur,Rajasthan
TH_8110,BR_5,PVR Cinemas,Agra 224,Agra,Uttar Pradesh
TH_8111,BR_3,INOX,Muzaffarpur 349,Muzaffarpur,Bihar
TH_8112,BR_6,Wave Cinemas,Mumbai 148,Mumbai,Maharashtra
TH_8113,BR_1,Carnival Cinemas,Salem 293,Salem,Tamil Nadu
TH_8114,BR_2,Cinepolis,Udaipur 107,Udaipur,Rajasthan
TH_8115,BR_2,Cinepolis,Jalandhar 94,Jalandhar,Punjab
TH_8116,BR_4,Miraj Cinemas,Hubli 5,Hubli,Karnataka
TH_8117,BR_4,Miraj Cinemas,Bangalore 463,Bangalore,Karnataka
TH_8118,BR_6,Wave Cinemas,Tiruchirappalli 87,Tiruchirappalli,Tamil Nadu
TH_8119,BR_4,Miraj Cinemas,Coimbatore 399,Coimbatore,Tamil Nadu
TH_8120,BR_1,Carnival Cinemas,Mumbai 12,Mumbai,Maharashtra
TH_8121,BR_4,Miraj Cinemas,Belgaum 200,Belgaum,Karnataka
TH_8122,BR_4,Miraj Cinemas,Varanasi 54,Varanasi,Uttar Pradesh
TH_8123,BR_3,INOX,Mumbai 462,Mumbai,Maharashtra
TH_8124,BR_4,Miraj Cinemas,Jaipur 198,Jaipur,Rajasthan
TH_8125,BR_2,Cinepolis,Siliguri 369,Siliguri,West Bengal
TH_8126,BR_3,INOX,Ludhiana 462,Ludhiana,Punjab
TH_8127,BR_1,Carnival Cinemas,Madurai 112,Madurai,Tamil Nadu
TH_8128,BR_5,PVR Cinemas,Bangalore 384,Bangalore,Karnataka
TH_8129,BR_5,PVR Cinemas,Bangalore 407,Bangalore,Karnataka
TH_8130,BR_4,Miraj Cinemas,Ajmer 249,Ajmer,Rajasthan
TH_8131,BR_4,Miraj Cinemas,Chennai 235,Chennai,Tamil Nadu
TH_8132,BR_2,Cinepolis,Bathinda 156,Bathinda,Punjab
TH_8133,BR_2,Cinepolis,Coimbatore 275,Coimbatore,Tamil Nadu
TH_8134,BR_1,Carnival Cinemas,Ludhiana 300,Ludhiana,Punjab
TH_8135,BR_5,PVR Cinemas,Gaya 384,Gaya,Bihar
TH_8136,BR_2,Cinepolis,Bhavnagar 393,Bhavnagar,Gujarat
TH_8137,BR_3,INOX,Jaipur 9,Jaipur,Rajasthan
TH_8138,BR_4,Miraj Cinemas,Salem 459,Salem,Tamil Nadu
TH_8139,BR_6,Wave Cinemas,Meerut 52,Meerut,Uttar Pradesh
TH_8140,BR_4,Miraj Cinemas,Durgapur 302,Durgapur,West Bengal
TH_8141,BR_1,Carnival Cinemas,Siliguri 265,Siliguri,West Bengal
TH_8142,BR_6,Wave Cinemas,Vadodara 377,Vadodara,Gujarat
TH_8143,BR_1,Carnival Cinemas,Mangalore 202,Mangalore,Karnataka
TH_8144,BR_5,PVR Cinemas,Hubli 406,Hubli,Karnataka
TH_8145,BR_4,Miraj Cinemas,Thane 214,Thane,Maharashtra
TH_8146,BR_4,Miraj Cinemas,Durgapur 382,Durgapur,West Bengal
TH_8147,BR_1,Carnival Cinemas,Belgaum 352,Belgaum,Karnataka
TH_8148,BR_6,Wave Cinemas,Siliguri 414,Siliguri,West Bengal
TH_8149,BR_1,Carnival Cinemas,Jaipur 215,Jaipur,Rajasthan
TH_8150,BR_3,INOX,Gaya 500,Gaya,Bihar
TH_8151,BR_4,Miraj Cinemas,Hubli 75,Hubli,Karnataka
TH_8152,BR_1,Carnival Cinemas,Muzaffarpur 188,Muzaffarpur,Bihar
TH_8153,BR_1,Carnival Cinemas,Siliguri 13,Siliguri,West Bengal
TH_8154,BR_3,INOX,Purnia 20,Purnia,Bihar
TH_8155,BR_1,Carnival Cinemas,Siliguri 56,Siliguri,West Bengal
TH_8156,BR_1,Carnival Cinemas,Ajmer 7,Ajmer,Rajasthan
TH_8157,BR_3,INOX,Mumbai 436,Mumbai,Maharashtra
TH_8158,BR_3,INOX,Lucknow 223,Lucknow,Uttar Pradesh
TH_8159,BR_4,Miraj Cinemas,Jalandhar 462,Jalandhar,Punjab
TH_8160,BR_6,Wave Cinemas,Kanpur 394,Kanpur,Uttar Pradesh
TH_8161,BR_1,Carnival Cinemas,Indore 215,Indore,Madhya Pradesh
TH_8162,BR_3,INOX,Patna 375,Patna,Bihar
TH_8163,BR_5,PVR Cinemas,Lucknow 229,Lucknow,Uttar Pradesh
TH_8164,BR_1,Carnival Cinemas,Udaipur 311,Udaipur,Rajasthan
TH_8165,BR_2,Cinepolis,Bhopal 84,Bhopal,Madhya Pradesh
TH_8166,BR_5,PVR Cinemas,Thane 103,Thane,Maharashtra
TH_8167,BR_5,PVR Cinemas,Madurai 425,Madurai,Tamil Nadu
TH_8168,BR_6,Wave Cinemas,Surat 36,Surat,Gujarat
TH_8169,BR_5,PVR Cinemas,Amritsar 103,Amritsar,Punjab
TH_8170,BR_5,PVR Cinemas,Surat 346,Surat,Gujarat
TH_8171,BR_6,Wave Cinemas,Bhagalpur 83,Bhagalpur,Bihar
TH_8172,BR_1,Carnival Cinemas,Ahmedabad 330,Ahmedabad,Gujarat
TH_8173,BR_1,Carnival Cinemas,Bhavnagar 445,Bhavnagar,Gujarat
TH_8174,BR_4,Miraj Cinemas,Salem 324,Salem,Tamil Nadu
TH_8175,BR_6,Wave Cinemas,Jodhpur 236,Jodhpur,Rajasthan
TH_8176,BR_2,Cinepolis,Rajkot 199,Rajkot,Gujarat
TH_8177,BR_6,Wave Cinemas,Ajmer 119,Ajmer,Rajasthan
TH_8178,BR_4,Miraj Cinemas,Jaipur 123,Jaipur,Rajasthan
TH_8179,BR_6,Wave Cinemas,Howrah 44,Howrah,West Bengal
TH_8180,BR_6,Wave Cinemas,Bathinda 127,Bathinda,Punjab
TH_8181,BR_1,Carnival Cinemas,Patna 140,Patna,Bihar
TH_8182,BR_3,INOX,Udaipur 389,Udaipur,Rajasthan
TH_8183,BR_3,INOX,Amritsar 65,Amritsar,Punjab
TH_8184,BR_6,Wave Cinemas,Jalandhar 49,Jalandhar,Punjab
TH_8185,BR_3,INOX,Siliguri 142,Siliguri,West Bengal
TH_8186,BR_1,Carnival Cinemas,Hubli 121,Hubli,Karnataka
TH_8187,BR_5,PVR Cinemas,Patiala 274,Patiala,Punjab
TH_8188,BR_3,INOX,Gaya 321,Gaya,Bihar
TH_8189,BR_3,INOX,Rajkot 216,Rajkot,Gujarat
TH_8190,BR_1,Carnival Cinemas,Salem 238,Salem,Tamil Nadu
TH_8191,BR_3,INOX,Patna 54,Patna,Bihar
TH_8192,BR_2,Cinepolis,Ajmer 232,Ajmer,Rajasthan
TH_8193,BR_6,Wave Cinemas,Jaipur 353,Jaipur,Rajasthan
TH_8194,BR_3,INOX,Belgaum 365,Belgaum,Karnataka
TH_8195,BR_4,Miraj Cinemas,Ajmer 323,Ajmer,Rajasthan
TH_8196,BR_4,Miraj Cinemas,Belgaum 257,Belgaum,Karnataka
TH_8197,BR_6,Wave Cinemas,Bhagalpur 52,Bhagalpur,Bihar
TH_8198,BR_4,Miraj Cinemas,Kolkata 240,Kolkata,West Bengal
TH_8199,BR_4,Miraj Cinemas,Jalandhar 12,Jalandhar,Punjab
TH_8200,BR_6,Wave Cinemas,Chennai 335,Chennai,Tamil Nadu
TH_8201,BR_3,INOX,Hubli 165,Hubli,Karnataka
TH_8202,BR_2,Cinepolis,Salem 239,Salem,Tamil Nadu
TH_8203,BR_1,Carnival Cinemas,Indore 176,Indore,Madhya Pradesh
TH_8204,BR_5,PVR Cinemas,Patiala 228,Patiala,Punjab
TH_8205,BR_4,Miraj Cinemas,Udaipur 442,Udaipur,Rajasthan
TH_8206,BR_1,Carnival Cinemas,Lucknow 167,Lucknow,Uttar Pradesh
TH_8207,BR_2,Cinepolis,Tiruchirappalli 92,Tiruchirappalli,Tamil Nadu
TH_8208,BR_1,Carnival Cinemas,Mangalore 454,Mangalore,Karnataka
TH_8209,BR_6,Wave Cinemas,Patna 348,Patna,Bihar
TH_8210,BR_1,Carnival Cinemas,Siliguri 204,Siliguri,West Bengal
TH_8211,BR_1,Carnival Cinemas,Kanpur 357,Kanpur,Uttar Pradesh
TH_8212,BR_6,Wave Cinemas,Chennai 428,Chennai,Tamil Nadu
TH_8213,BR_2,Cinepolis,Siliguri 103,Siliguri,West Bengal
TH_8214,BR_5,PVR Cinemas,Nashik 154,Nashik,Maharashtra
TH_8215,BR_3,INOX,Ahmedabad 180,Ahmedabad,Gujarat
TH_8216,BR_1,Carnival Cinemas,Amritsar 187,Amritsar,Punjab
TH_8217,BR_2,Cinepolis,Jaipur 492,Jaipur,Rajasthan
TH_8218,BR_2,Cinepolis,Nagpur 425,Nagpur,Maharashtra
TH_8219,BR_5,PVR Cinemas,Coimbatore 480,Coimbatore,Tamil Nadu
TH_8220,BR_4,Miraj Cinemas,Chennai 346,Chennai,Tamil Nadu
TH_8221,BR_2,Cinepolis,Bhavnagar 402,Bhavnagar,Gujarat
TH_8222,BR_3,INOX,Mumbai 50,Mumbai,Maharashtra
TH_8223,BR_4,Miraj Cinemas,Durgapur 499,Durgapur,West Bengal
TH_8224,BR_6,Wave Cinemas,Patiala 467,Patiala,Punjab
TH_8225,BR_4,Miraj Cinemas,Madurai 201,Madurai,Tamil Nadu
TH_8226,BR_2,Cinepolis,Kota 267,Kota,Rajasthan
TH_8227,BR_1,Carnival Cinemas,Pune 132,Pune,Maharashtra
TH_8228,BR_5,PVR Cinemas,Ludhiana 459,Ludhiana,Punjab
TH_8229,BR_2,Cinepolis,Ahmedabad 477,Ahmedabad,Gujarat
TH_8230,BR_2,Cinepolis,Surat 309,Surat,Gujarat
TH_8231,BR_6,Wave Cinemas,Ajmer 485,Ajmer,Rajasthan
TH_8232,BR_6,Wave Cinemas,Mangalore 191,Mangalore,Karnataka
TH_8233,BR_6,Wave Cinemas,Durgapur 249,Durgapur,West Bengal
TH_8234,BR_6,Wave Cinemas,Udaipur 292,Udaipur,Rajasthan
TH_8235,BR_1,Carnival Cinemas,Pune 479,Pune,Maharashtra
TH_8236,BR_2,Cinepolis,Mysore 257,Mysore,Karnataka
TH_8237,BR_5,PVR Cinemas,Gwalior 112,Gwalior,Madhya Pradesh
TH_8238,BR_2,Cinepolis,Varanasi 187,Varanasi,Uttar Pradesh
TH_8239,BR_2,Cinepolis,Hubli 72,Hubli,Karnataka
TH_8240,BR_4,Miraj Cinemas,Nagpur 321,Nagpur,Maharashtra
TH_8241,BR_1,Carnival Cinemas,Kolkata 142,Kolkata,West Bengal
TH_8242,BR_4,Miraj Cinemas,Hubli 81,Hubli,Karnataka
TH_8243,BR_5,PVR Cinemas,Siliguri 68,Siliguri,West Bengal
TH_8244,BR_3,INOX,Bhavnagar 441,Bhavnagar,Gujarat
TH_8245,BR_5,PVR Cinemas,Purnia 243,Purnia,Bihar
TH_8246,BR_5,PVR Cinemas,Thane 78,Thane,Maharashtra
TH_8247,BR_3,INOX,Nagpur 489,Nagpur,Maharashtra
TH_8248,BR_3,INOX,Madurai 480,Madurai,Tamil Nadu
TH_8249,BR_1,Carnival Cinemas,Bhopal 459,Bhopal,Madhya Pradesh
TH_8250,BR_4,Miraj Cinemas,Jabalpur 244,Jabalpur,Madhya Pradesh
TH_8251,BR_6,Wave Cinemas,Thane 307,Thane,Maharashtra
TH_8252,BR_2,Cinepolis,Bathinda 469,Bathinda,Punjab
TH_8253,BR_2,Cinepolis,Meerut 277,Meerut,Uttar Pradesh
TH_8254,BR_3,INOX,Asansol 227,Asansol,West Bengal
TH_8255,BR_2,Cinepolis,Ajmer 385,Ajmer,Rajasthan
TH_8256,BR_5,PVR Cinemas,Belgaum 156,Belgaum,Karnataka
TH_8257,BR_3,INOX,Nagpur 255,Nagpur,Maharashtra
TH_8258,BR_5,PVR Cinemas,Patna 208,Patna,Bihar
TH_8259,BR_2,Cinepolis,Kanpur 109,Kanpur,Uttar Pradesh
TH_8260,BR_4,Miraj Cinemas,Ludhiana 17,Ludhiana,Punjab
TH_8261,BR_6,Wave Cinemas,Asansol 38,Asansol,West Bengal
TH_8262,BR_4,Miraj Cinemas,Jodhpur 122,Jodhpur,Rajasthan
TH_8263,BR_2,Cinepolis,Kota 235,Kota,Rajasthan
TH_8264,BR_5,PVR Cinemas,Udaipur 33,Udaipur,Rajasthan
TH_8265,BR_4,Miraj Cinemas,Thane 434,Thane,Maharashtra
TH_8266,BR_5,PVR Cinemas,Muzaffarpur 116,Muzaffarpur,Bihar
TH_8267,BR_3,INOX,Nashik 344,Nashik,Maharashtra
TH_8268,BR_6,Wave Cinemas,Udaipur 379,Udaipur,Rajasthan
TH_8269,BR_2,Cinepolis,Bathinda 194,Bathinda,Punjab
TH_8270,BR_2,Cinepolis,Varanasi 272,Varanasi,Uttar Pradesh
TH_8271,BR_6,Wave Cinemas,Ludhiana 330,Ludhiana,Punjab
TH_8272,BR_2,Cinepolis,Amritsar 312,Amritsar,Punjab
TH_8273,BR_5,PVR Cinemas,Tiruchirappalli 419,Tiruchirappalli,Tamil Nadu
TH_8274,BR_2,Cinepolis,Asansol 174,Asansol,West Bengal
TH_8275,BR_3,INOX,Vadodara 209,Vadodara,Gujarat
TH_8276,BR_4,Miraj Cinemas,Patiala 165,Patiala,Punjab
TH_8277,BR_3,INOX,Meerut 152,Meerut,Uttar Pradesh
TH_8278,BR_3,INOX,Siliguri 487,Siliguri,West Bengal
TH_8279,BR_3,INOX,Jaipur 291,Jaipur,Rajasthan
TH_8280,BR_2,Cinepolis,Belgaum 238,Belgaum,Karnataka
TH_8281,BR_4,Miraj Cinemas,Varanasi 28,Varanasi,Uttar Pradesh
TH_8282,BR_2,Cinepolis,Kolkata 436,Kolkata,West Bengal
TH_8283,BR_5,PVR Cinemas,Jalandhar 338,Jalandhar,Punjab
TH_8284,BR_3,INOX,Patna 52,Patna,Bihar
TH_8285,BR_5,PVR Cinemas,Ujjain 262,Ujjain,Madhya Pradesh
TH_8286,BR_3,INOX,Varanasi 89,Varanasi,Uttar Pradesh
TH_8287,BR_6,Wave Cinemas,Nashik 70,Nashik,Maharashtra
TH_8288,BR_2,Cinepolis,Siliguri 335,Siliguri,West Bengal
TH_8289,BR_5,PVR Cinemas,Ahmedabad 324,Ahmedabad,Gujarat
TH_8290,BR_6,Wave Cinemas,Surat 428,Surat,Gujarat
TH_8291,BR_1,Carnival Cinemas,Kota 169,Kota,Rajasthan
TH_8292,BR_5,PVR Cinemas,Madurai 59,Madurai,Tamil Nadu
TH_8293,BR_3,INOX,Ahmedabad 321,Ahmedabad,Gujarat
TH_8294,BR_3,INOX,Vadodara 293,Vadodara,Gujarat
TH_8295,BR_3,INOX,Bhavnagar 27,Bhavnagar,Gujarat
TH_8296,BR_2,Cinepolis,Jabalpur 145,Jabalpur,Madhya Pradesh
TH_8297,BR_4,Miraj Cinemas,Nashik 404,Nashik,Maharashtra
TH_8298,BR_5,PVR Cinemas,Coimbatore 94,Coimbatore,Tamil Nadu
TH_8299,BR_5,PVR Cinemas,Bathinda 57,Bathinda,Punjab
TH_8300,BR_4,Miraj Cinemas,Patna 75,Patna,Bihar
TH_8301,BR_2,Cinepolis,Asansol 168,Asansol,West Bengal
TH_8302,BR_6,Wave Cinemas,Ajmer 32,Ajmer,Rajasthan
TH_8303,BR_3,INOX,Bhagalpur 391,Bhagalpur,Bihar
TH_8304,BR_2,Cinepolis,Thane 191,Thane,Maharashtra
TH_8305,BR_3,INOX,Ajmer 491,Ajmer,Rajasthan
TH_8306,BR_2,Cinepolis,Bhavnagar 66,Bhavnagar,Gujarat
TH_8307,BR_2,Cinepolis,Rajkot 173,Rajkot,Gujarat
TH_8308,BR_3,INOX,Surat 24,Surat,Gujarat
TH_8309,BR_2,Cinepolis,Udaipur 120,Udaipur,Rajasthan
TH_8310,BR_1,Carnival Cinemas,Indore 49,Indore,Madhya Pradesh
TH_8311,BR_3,INOX,Nagpur 240,Nagpur,Maharashtra
TH_8312,BR_5,PVR Cinemas,Kota 400,Kota,Rajasthan
TH_8313,BR_4,Miraj Cinemas,Surat 75,Surat,Gujarat
TH_8314,BR_6,Wave Cinemas,Agra 191,Agra,Uttar Pradesh
TH_8315,BR_2,Cinepolis,Ujjain 362,Ujjain,Madhya Pradesh
TH_8316,BR_5,PVR Cinemas,Bangalore 414,Bangalore,Karnataka
TH_8317,BR_5,PVR Cinemas,Chennai 56,Chennai,Tamil Nadu
TH_8318,BR_3,INOX,Amritsar 27,Amritsar,Punjab
TH_8319,BR_5,PVR Cinemas,Coimbatore 422,Coimbatore,Tamil Nadu
TH_8320,BR_4,Miraj Cinemas,Ajmer 181,Ajmer,Rajasthan
TH_8321,BR_5,PVR Cinemas,Bathinda 120,Bathinda,Punjab
TH_8322,BR_3,INOX,Bhopal 316,Bhopal,Madhya Pradesh
TH_8323,BR_6,Wave Cinemas,Ahmedabad 321,Ahmedabad,Gujarat
TH_8324,BR_1,Carnival Cinemas,Ludhiana 295,Ludhiana,Punjab
TH_8325,BR_5,PVR Cinemas,Bangalore 381,Bangalore,Karnataka
TH_8326,BR_2,Cinepolis,Tiruchirappalli 458,Tiruchirappalli,Tamil Nadu
TH_8327,BR_6,Wave Cinemas,Nashik 300,Nashik,Maharashtra
TH_8328,BR_1,Carnival Cinemas,Bathinda 355,Bathinda,Punjab
TH_8329,BR_1,Carnival Cinemas,Thane 248,Thane,Maharashtra
TH_8330,BR_6,Wave Cinemas,Durgapur 202,Durgapur,West Bengal
TH_8331,BR_2,Cinepolis,Bhavnagar 46,Bhavnagar,Gujarat
TH_8332,BR_4,Miraj Cinemas,Mumbai 374,Mumbai,Maharashtra
TH_8333,BR_2,Cinepolis,Ahmedabad 439,Ahmedabad,Gujarat
TH_8334,BR_4,Miraj Cinemas,Mangalore 394,Mangalore,Karnataka
TH_8335,BR_4,Miraj Cinemas,Bathinda 215,Bathinda,Punjab
TH_8336,BR_3,INOX,Howrah 250,Howrah,West Bengal
TH_8337,BR_1,Carnival Cinemas,Nashik 445,Nashik,Maharashtra
TH_8338,BR_4,Miraj Cinemas,Jaipur 237,Jaipur,Rajasthan
TH_8339,BR_4,Miraj Cinemas,Muzaffarpur 444,Muzaffarpur,Bihar
TH_8340,BR_3,INOX,Udaipur 247,Udaipur,Rajasthan
TH_8341,BR_3,INOX,Bathinda 324,Bathinda,Punjab
TH_8342,BR_3,INOX,Siliguri 121,Siliguri,West Bengal
TH_8343,BR_6,Wave Cinemas,Udaipur 421,Udaipur,Rajasthan
TH_8344,BR_5,PVR Cinemas,Ahmedabad 154,Ahmedabad,Gujarat
TH_8345,BR_2,Cinepolis,Surat 228,Surat,Gujarat
TH_8346,BR_6,Wave Cinemas,Jalandhar 247,Jalandhar,Punjab
TH_8347,BR_1,Carnival Cinemas,Gwalior 177,Gwalior,Madhya Pradesh
TH_8348,BR_4,Miraj Cinemas,Bhavnagar 96,Bhavnagar,Gujarat
TH_8349,BR_6,Wave Cinemas,Muzaffarpur 92,Muzaffarpur,Bihar
TH_8350,BR_1,Carnival Cinemas,Ludhiana 489,Ludhiana,Punjab
TH_8351,BR_6,Wave Cinemas,Belgaum 105,Belgaum,Karnataka
TH_8352,BR_4,Miraj Cinemas,Ujjain 342,Ujjain,Madhya Pradesh
TH_8353,BR_2,Cinepolis,Asansol 64,Asansol,West Bengal
TH_8354,BR_6,Wave Cinemas,Vadodara 457,Vadodara,Gujarat
TH_8355,BR_1,Carnival Cinemas,Bhavnagar 237,Bhavnagar,Gujarat
TH_8356,BR_5,PVR Cinemas,Chennai 267,Chennai,Tamil Nadu
TH_8357,BR_1,Carnival Cinemas,Purnia 185,Purnia,Bihar
TH_8358,BR_3,INOX,Ahmedabad 253,Ahmedabad,Gujarat
TH_8359,BR_5,PVR Cinemas,Nashik 439,Nashik,Maharashtra
TH_8360,BR_3,INOX,Ajmer 23,Ajmer,Rajasthan
TH_8361,BR_5,PVR Cinemas,Purnia 340,Purnia,Bihar
TH_8362,BR_1,Carnival Cinemas,Coimbatore 48,Coimbatore,Tamil Nadu
TH_8363,BR_2,Cinepolis,Durgapur 367,Durgapur,West Bengal
TH_8364,BR_1,Carnival Cinemas,Siliguri 296,Siliguri,West Bengal
TH_8365,BR_1,Carnival Cinemas,Salem 245,Salem,Tamil Nadu
TH_8366,BR_6,Wave Cinemas,Kota 500,Kota,Rajasthan
TH_8367,BR_4,Miraj Cinemas,Ahmedabad 16,Ahmedabad,Gujarat
TH_8368,BR_6,Wave Cinemas,Meerut 474,Meerut,Uttar Pradesh
TH_8369,BR_4,Miraj Cinemas,Rajkot 386,Rajkot,Gujarat
TH_8370,BR_5,PVR Cinemas,Gwalior 175,Gwalior,Madhya Pradesh
TH_8371,BR_2,Cinepolis,Amritsar 3,Amritsar,Punjab
TH_8372,BR_5,PVR Cinemas,Hubli 148,Hubli,Karnataka
TH_8373,BR_2,Cinepolis,Ahmedabad 248,Ahmedabad,Gujarat
TH_8374,BR_1,Carnival Cinemas,Kolkata 119,Kolkata,West Bengal
TH_8375,BR_2,Cinepolis,Durgapur 50,Durgapur,West Bengal
TH_8376,BR_3,INOX,Ludhiana 482,Ludhiana,Punjab
TH_8377,BR_4,Miraj Cinemas,Thane 301,Thane,Maharashtra
TH_8378,BR_3,INOX,Bhavnagar 95,Bhavnagar,Gujarat
TH_8379,BR_6,Wave Cinemas,Ajmer 335,Ajmer,Rajasthan
TH_8380,BR_2,Cinepolis,Jodhpur 127,Jodhpur,Rajasthan
TH_8381,BR_2,Cinepolis,Nagpur 60,Nagpur,Maharashtra
TH_8382,BR_4,Miraj Cinemas,Gwalior 246,Gwalior,Madhya Pradesh
TH_8383,BR_1,Carnival Cinemas,Jalandhar 17,Jalandhar,Punjab
TH_8384,BR_2,Cinepolis,Chennai 260,Chennai,Tamil Nadu
TH_8385,BR_5,PVR Cinemas,Surat 369,Surat,Gujarat
TH_8386,BR_4,Miraj Cinemas,Pune 88,Pune,Maharashtra
TH_8387,BR_3,INOX,Indore 82,Indore,Madhya Pradesh
TH_8388,BR_1,Carnival Cinemas,Salem 369,Salem,Tamil Nadu
TH_8389,BR_1,Carnival Cinemas,Ajmer 352,Ajmer,Rajasthan
TH_8390,BR_4,Miraj Cinemas,Belgaum 368,Belgaum,Karnataka
TH_8391,BR_4,Miraj Cinemas,Bathinda 202,Bathinda,Punjab
TH_8392,BR_4,Miraj Cinemas,Mysore 414,Mysore,Karnataka
TH_8393,BR_1,Carnival Cinemas,Pune 73,Pune,Maharashtra
TH_8394,BR_2,Cinepolis,Pune 469,Pune,Maharashtra
TH_8395,BR_1,Carnival Cinemas,Gwalior 461,Gwalior,Madhya Pradesh
TH_8396,BR_2,Cinepolis,Bhavnagar 12,Bhavnagar,Gujarat
TH_8397,BR_3,INOX,Jabalpur 157,Jabalpur,Madhya Pradesh
TH_8398,BR_1,Carnival Cinemas,Coimbatore 354,Coimbatore,Tamil Nadu
TH_8399,BR_1,Carnival Cinemas,Siliguri 37,Siliguri,West Bengal
TH_8400,BR_3,INOX,Bhavnagar 339,Bhavnagar,Gujarat
TH_8401,BR_6,Wave Cinemas,Mangalore 115,Mangalore,Karnataka
TH_8402,BR_2,Cinepolis,Bhopal 158,Bhopal,Madhya Pradesh
TH_8403,BR_1,Carnival Cinemas,Durgapur 426,Durgapur,West Bengal
TH_8404,BR_6,Wave Cinemas,Amritsar 312,Amritsar,Punjab
TH_8405,BR_6,Wave Cinemas,Kolkata 252,Kolkata,West Bengal
TH_8406,BR_6,Wave Cinemas,Hubli 107,Hubli,Karnataka
TH_8407,BR_1,Carnival Cinemas,Vadodara 293,Vadodara,Gujarat
TH_8408,BR_1,Carnival Cinemas,Kota 381,Kota,Rajasthan
TH_8409,BR_2,Cinepolis,Udaipur 32,Udaipur,Rajasthan
TH_8410,BR_5,PVR Cinemas,Mangalore 102,Mangalore,Karnataka
TH_8411,BR_1,Carnival Cinemas,Salem 337,Salem,Tamil Nadu
TH_8412,BR_4,Miraj Cinemas,Pune 61,Pune,Maharashtra
TH_8413,BR_3,INOX,Ujjain 49,Ujjain,Madhya Pradesh
TH_8414,BR_3,INOX,Bhopal 128,Bhopal,Madhya Pradesh
TH_8415,BR_3,INOX,Jalandhar 160,Jalandhar,Punjab
TH_8416,BR_4,Miraj Cinemas,Gaya 441,Gaya,Bihar
TH_8417,BR_4,Miraj Cinemas,Lucknow 361,Lucknow,Uttar Pradesh
TH_8418,BR_6,Wave Cinemas,Madurai 280,Madurai,Tamil Nadu
TH_8419,BR_3,INOX,Muzaffarpur 442,Muzaffarpur,Bihar
TH_8420,BR_1,Carnival Cinemas,Ujjain 410,Ujjain,Madhya Pradesh
TH_8421,BR_5,PVR Cinemas,Jodhpur 223,Jodhpur,Rajasthan
TH_8422,BR_2,Cinepolis,Chennai 182,Chennai,Tamil Nadu
TH_8423,BR_4,Miraj Cinemas,Patna 379,Patna,Bihar
TH_8424,BR_5,PVR Cinemas,Vadodara 92,Vadodara,Gujarat
TH_8425,BR_3,INOX,Bathinda 497,Bathinda,Punjab
TH_8426,BR_6,Wave Cinemas,Ludhiana 450,Ludhiana,Punjab
TH_8427,BR_6,Wave Cinemas,Bhopal 401,Bhopal,Madhya Pradesh
TH_8428,BR_5,PVR Cinemas,Agra 191,Agra,Uttar Pradesh
TH_8429,BR_2,Cinepolis,Patiala 391,Patiala,Punjab
TH_8430,BR_4,Miraj Cinemas,Asansol 333,Asansol,West Bengal
TH_8431,BR_3,INOX,Ahmedabad 193,Ahmedabad,Gujarat
TH_8432,BR_5,PVR Cinemas,Hubli 424,Hubli,Karnataka
TH_8433,BR_6,Wave Cinemas,Salem 219,Salem,Tamil Nadu
TH_8434,BR_6,Wave Cinemas,Muzaffarpur 123,Muzaffarpur,Bihar
TH_8435,BR_3,INOX,Amritsar 488,Amritsar,Punjab
TH_8436,BR_4,Miraj Cinemas,Gwalior 241,Gwalior,Madhya Pradesh
TH_8437,BR_3,INOX,Nagpur 377,Nagpur,Maharashtra
TH_8438,BR_4,Miraj Cinemas,Kota 146,Kota,Rajasthan
TH_8439,BR_1,Carnival Cinemas,Siliguri 340,Siliguri,West Bengal
TH_8440,BR_5,PVR Cinemas,Kota 279,Kota,Rajasthan
TH_8441,BR_3,INOX,Thane 213,Thane,Maharashtra
TH_8442,BR_1,Carnival Cinemas,Chennai 207,Chennai,Tamil Nadu
TH_8443,BR_5,PVR Cinemas,Bhopal 277,Bhopal,Madhya Pradesh
TH_8444,BR_3,INOX,Nagpur 491,Nagpur,Maharashtra
TH_8445,BR_1,Carnival Cinemas,Coimbatore 159,Coimbatore,Tamil Nadu
TH_8446,BR_4,Miraj Cinemas,Gwalior 357,Gwalior,Madhya Pradesh
TH_8447,BR_5,PVR Cinemas,Rajkot 270,Rajkot,Gujarat
TH_8448,BR_2,Cinepolis,Salem 305,Salem,Tamil Nadu
TH_8449,BR_6,Wave Cinemas,Indore 399,Indore,Madhya Pradesh
TH_8450,BR_5,PVR Cinemas,Mangalore 240,Mangalore,Karnataka
TH_8451,BR_2,Cinepolis,Ahmedabad 340,Ahmedabad,Gujarat
TH_8452,BR_2,Cinepolis,Kota 32,Kota,Rajasthan
TH_8453,BR_5,PVR Cinemas,Agra 489,Agra,Uttar Pradesh
TH_8454,BR_1,Carnival Cinemas,Hubli 436,Hubli,Karnataka
TH_8455,BR_5,PVR Cinemas,Ahmedabad 447,Ahmedabad,Gujarat
TH_8456,BR_1,Carnival Cinemas,Vadodara 411,Vadodara,Gujarat
TH_8457,BR_3,INOX,Madurai 306,Madurai,Tamil Nadu
TH_8458,BR_1,Carnival Cinemas,Jodhpur 396,Jodhpur,Rajasthan
TH_8459,BR_6,Wave Cinemas,Tiruchirappalli 163,Tiruchirappalli,Tamil Nadu
TH_8460,BR_6,Wave Cinemas,Meerut 287,Meerut,Uttar Pradesh
TH_8461,BR_4,Miraj Cinemas,Mysore 364,Mysore,Karnataka
TH_8462,BR_6,Wave Cinemas,Salem 190,Salem,Tamil Nadu
TH_8463,BR_2,Cinepolis,Ludhiana 53,Ludhiana,Punjab
TH_8464,BR_3,INOX,Muzaffarpur 51,Muzaffarpur,Bihar
TH_8465,BR_5,PVR Cinemas,Mysore 492,Mysore,Karnataka
TH_8466,BR_2,Cinepolis,Ludhiana 326,Ludhiana,Punjab
TH_8467,BR_5,PVR Cinemas,Jabalpur 93,Jabalpur,Madhya Pradesh
TH_8468,BR_5,PVR Cinemas,Belgaum 176,Belgaum,Karnataka
TH_8469,BR_4,Miraj Cinemas,Pune 476,Pune,Maharashtra
TH_8470,BR_2,Cinepolis,Gwalior 254,Gwalior,Madhya Pradesh
TH_8471,BR_4,Miraj Cinemas,Jalandhar 169,Jalandhar,Punjab
TH_8472,BR_5,PVR Cinemas,Mangalore 400,Mangalore,Karnataka
TH_8473,BR_3,INOX,Agra 423,Agra,Uttar Pradesh
TH_8474,BR_6,Wave Cinemas,Udaipur 357,Udaipur,Rajasthan
TH_8475,BR_3,INOX,Mumbai 304,Mumbai,Maharashtra
TH_8476,BR_4,Miraj Cinemas,Bathinda 338,Bathinda,Punjab
TH_8477,BR_4,Miraj Cinemas,Hubli 159,Hubli,Karnataka
TH_8478,BR_5,PVR Cinemas,Mumbai 437,Mumbai,Maharashtra
TH_8479,BR_5,PVR Cinemas,Tiruchirappalli 155,Tiruchirappalli,Tamil Nadu
TH_8480,BR_5,PVR Cinemas,Jaipur 500,Jaipur,Rajasthan
TH_8481,BR_5,PVR Cinemas,Ajmer 398,Ajmer,Rajasthan
TH_8482,BR_4,Miraj Cinemas,Jalandhar 411,Jalandhar,Punjab
TH_8483,BR_6,Wave Cinemas,Kanpur 398,Kanpur,Uttar Pradesh
TH_8484,BR_3,INOX,Agra 73,Agra,Uttar Pradesh
TH_8485,BR_6,Wave Cinemas,Bhagalpur 94,Bhagalpur,Bihar
TH_8486,BR_2,Cinepolis,Purnia 235,Purnia,Bihar
TH_8487,BR_4,Miraj Cinemas,Ludhiana 351,Ludhiana,Punjab
TH_8488,BR_4,Miraj Cinemas,Purnia 228,Purnia,Bihar
TH_8489,BR_6,Wave Cinemas,Muzaffarpur 411,Muzaffarpur,Bihar
TH_8490,BR_1,Carnival Cinemas,Howrah 295,Howrah,West Bengal
TH_8491,BR_5,PVR Cinemas,Salem 208,Salem,Tamil Nadu
TH_8492,BR_1,Carnival Cinemas,Coimbatore 40,Coimbatore,Tamil Nadu
TH_8493,BR_6,Wave Cinemas,Bhagalpur 209,Bhagalpur,Bihar
TH_8494,BR_4,Miraj Cinemas,Howrah 60,Howrah,West Bengal
TH_8495,BR_3,INOX,Pune 130,Pune,Maharashtra
TH_8496,BR_2,Cinepolis,Bathinda 360,Bathinda,Punjab
TH_8497,BR_3,INOX,Rajkot 360,Rajkot,Gujarat
TH_8498,BR_1,Carnival Cinemas,Coimbatore 495,Coimbatore,Tamil Nadu
TH_8499,BR_1,Carnival Cinemas,Kolkata 104,Kolkata,West Bengal
TH_8500,BR_4,Miraj Cinemas,Salem 479,Salem,Tamil Nadu
TH_8501,BR_5,PVR Cinemas,Nagpur 133,Nagpur,Maharashtra
TH_8502,BR_1,Carnival Cinemas,Gaya 58,Gaya,Bihar
TH_8503,BR_2,Cinepolis,Kanpur 422,Kanpur,Uttar Pradesh
TH_8504,BR_6,Wave Cinemas,Amritsar 396,Amritsar,Punjab
TH_8505,BR_2,Cinepolis,Kota 250,Kota,Rajasthan
TH_8506,BR_3,INOX,Belgaum 491,Belgaum,Karnataka
TH_8507,BR_2,Cinepolis,Siliguri 8,Siliguri,West Bengal
TH_8508,BR_4,Miraj Cinemas,Jalandhar 402,Jalandhar,Punjab
TH_8509,BR_6,Wave Cinemas,Vadodara 78,Vadodara,Gujarat
TH_8510,BR_1,Carnival Cinemas,Kanpur 27,Kanpur,Uttar Pradesh
TH_8511,BR_2,Cinepolis,Jodhpur 354,Jodhpur,Rajasthan
TH_8512,BR_4,Miraj Cinemas,Chennai 358,Chennai,Tamil Nadu
TH_8513,BR_4,Miraj Cinemas,Rajkot 99,Rajkot,Gujarat
TH_8514,BR_6,Wave Cinemas,Meerut 5,Meerut,Uttar Pradesh
TH_8515,BR_5,PVR Cinemas,Jodhpur 254,Jodhpur,Rajasthan
TH_8516,BR_5,PVR Cinemas,Belgaum 31,Belgaum,Karnataka
TH_8517,BR_5,PVR Cinemas,Varanasi 124,Varanasi,Uttar Pradesh
TH_8518,BR_4,Miraj Cinemas,Asansol 158,Asansol,West Bengal
TH_8519,BR_6,Wave Cinemas,Chennai 120,Chennai,Tamil Nadu
TH_8520,BR_4,Miraj Cinemas,Muzaffarpur 319,Muzaffarpur,Bihar
TH_8521,BR_4,Miraj Cinemas,Siliguri 454,Siliguri,West Bengal
TH_8522,BR_2,Cinepolis,Bathinda 375,Bathinda,Punjab
TH_8523,BR_3,INOX,Patiala 488,Patiala,Punjab
TH_8524,BR_1,Carnival Cinemas,Lucknow 328,Lucknow,Uttar Pradesh
TH_8525,BR_4,Miraj Cinemas,Jodhpur 81,Jodhpur,Rajasthan
TH_8526,BR_6,Wave Cinemas,Kota 322,Kota,Rajasthan
TH_8527,BR_3,INOX,Hubli 12,Hubli,Karnataka
TH_8528,BR_4,Miraj Cinemas,Jabalpur 376,Jabalpur,Madhya Pradesh
TH_8529,BR_5,PVR Cinemas,Siliguri 229,Siliguri,West Bengal
TH_8530,BR_1,Carnival Cinemas,Vadodara 198,Vadodara,Gujarat
TH_8531,BR_1,Carnival Cinemas,Jodhpur 438,Jodhpur,Rajasthan
TH_8532,BR_5,PVR Cinemas,Purnia 428,Purnia,Bihar
TH_8533,BR_1,Carnival Cinemas,Gaya 200,Gaya,Bihar
TH_8534,BR_2,Cinepolis,Lucknow 320,Lucknow,Uttar Pradesh
TH_8535,BR_3,INOX,Ujjain 311,Ujjain,Madhya Pradesh
TH_8536,BR_3,INOX,Gaya 162,Gaya,Bihar
TH_8537,BR_6,Wave Cinemas,Bhopal 48,Bhopal,Madhya Pradesh
TH_8538,BR_2,Cinepolis,Salem 213,Salem,Tamil Nadu
TH_8539,BR_6,Wave Cinemas,Purnia 83,Purnia,Bihar
TH_8540,BR_2,Cinepolis,Gwalior 340,Gwalior,Madhya Pradesh
TH_8541,BR_3,INOX,Bhopal 263,Bhopal,Madhya Pradesh
TH_8542,BR_5,PVR Cinemas,Nagpur 139,Nagpur,Maharashtra
TH_8543,BR_1,Carnival Cinemas,Ahmedabad 135,Ahmedabad,Gujarat
TH_8544,BR_2,Cinepolis,Ujjain 37,Ujjain,Madhya Pradesh
TH_8545,BR_3,INOX,Salem 123,Salem,Tamil Nadu
TH_8546,BR_6,Wave Cinemas,Bhavnagar 397,Bhavnagar,Gujarat
TH_8547,BR_1,Carnival Cinemas,Jaipur 451,Jaipur,Rajasthan
TH_8548,BR_6,Wave Cinemas,Salem 234,Salem,Tamil Nadu
TH_8549,BR_4,Miraj Cinemas,Salem 386,Salem,Tamil Nadu
TH_8550,BR_2,Cinepolis,Agra 211,Agra,Uttar Pradesh
TH_8551,BR_3,INOX,Gaya 98,Gaya,Bihar
TH_8552,BR_3,INOX,Surat 38,Surat,Gujarat
TH_8553,BR_3,INOX,Bathinda 294,Bathinda,Punjab
TH_8554,BR_2,Cinepolis,Bathinda 441,Bathinda,Punjab
TH_8555,BR_5,PVR Cinemas,Rajkot 473,Rajkot,Gujarat
TH_8556,BR_4,Miraj Cinemas,Siliguri 238,Siliguri,West Bengal
TH_8557,BR_5,PVR Cinemas,Howrah 303,Howrah,West Bengal
TH_8558,BR_1,Carnival Cinemas,Ludhiana 210,Ludhiana,Punjab
TH_8559,BR_1,Carnival Cinemas,Agra 189,Agra,Uttar Pradesh
TH_8560,BR_3,INOX,Purnia 108,Purnia,Bihar
TH_8561,BR_6,Wave Cinemas,Bathinda 134,Bathinda,Punjab
TH_8562,BR_6,Wave Cinemas,Bhagalpur 235,Bhagalpur,Bihar
TH_8563,BR_4,Miraj Cinemas,Kota 153,Kota,Rajasthan
TH_8564,BR_4,Miraj Cinemas,Udaipur 395,Udaipur,Rajasthan
TH_8565,BR_1,Carnival Cinemas,Kanpur 7,Kanpur,Uttar Pradesh
TH_8566,BR_1,Carnival Cinemas,Bangalore 223,Bangalore,Karnataka
TH_8567,BR_4,Miraj Cinemas,Kota 180,Kota,Rajasthan
TH_8568,BR_3,INOX,Gaya 185,Gaya,Bihar
TH_8569,BR_5,PVR Cinemas,Surat 123,Surat,Gujarat
TH_8570,BR_6,Wave Cinemas,Indore 33,Indore,Madhya Pradesh
TH_8571,BR_2,Cinepolis,Rajkot 63,Rajkot,Gujarat
TH_8572,BR_5,PVR Cinemas,Agra 390,Agra,Uttar Pradesh
TH_8573,BR_1,Carnival Cinemas,Ajmer 237,Ajmer,Rajasthan
TH_8574,BR_4,Miraj Cinemas,Bathinda 435,Bathinda,Punjab
TH_8575,BR_2,Cinepolis,Siliguri 250,Siliguri,West Bengal
TH_8576,BR_6,Wave Cinemas,Purnia 30,Purnia,Bihar
TH_8577,BR_5,PVR Cinemas,Hubli 87,Hubli,Karnataka
TH_8578,BR_4,Miraj Cinemas,Mumbai 408,Mumbai,Maharashtra
TH_8579,BR_5,PVR Cinemas,Amritsar 291,Amritsar,Punjab
TH_8580,BR_3,INOX,Nagpur 444,Nagpur,Maharashtra
TH_8581,BR_3,INOX,Jodhpur 67,Jodhpur,Rajasthan
TH_8582,BR_5,PVR Cinemas,Amritsar 248,Amritsar,Punjab
TH_8583,BR_2,Cinepolis,Madurai 215,Madurai,Tamil Nadu
TH_8584,BR_2,Cinepolis,Jabalpur 59,Jabalpur,Madhya Pradesh
TH_8585,BR_3,INOX,Bathinda 382,Bathinda,Punjab
TH_8586,BR_2,Cinepolis,Hubli 127,Hubli,Karnataka
TH_8587,BR_6,Wave Cinemas,Mysore 301,Mysore,Karnataka
TH_8588,BR_3,INOX,Lucknow 89,Lucknow,Uttar Pradesh
TH_8589,BR_4,Miraj Cinemas,Bhavnagar 46,Bhavnagar,Gujarat
TH_8590,BR_3,INOX,Jodhpur 56,Jodhpur,Rajasthan
TH_8591,BR_4,Miraj Cinemas,Purnia 445,Purnia,Bihar
TH_8592,BR_2,Cinepolis,Mumbai 356,Mumbai,Maharashtra
TH_8593,BR_1,Carnival Cinemas,Belgaum 132,Belgaum,Karnataka
TH_8594,BR_5,PVR Cinemas,Udaipur 396,Udaipur,Rajasthan
TH_8595,BR_1,Carnival Cinemas,Pune 76,Pune,Maharashtra
TH_8596,BR_1,Carnival Cinemas,Amritsar 146,Amritsar,Punjab
TH_8597,BR_3,INOX,Ludhiana 256,Ludhiana,Punjab
TH_8598,BR_6,Wave Cinemas,Patna 268,Patna,Bihar
TH_8599,BR_6,Wave Cinemas,Patna 253,Patna,Bihar
TH_8600,BR_3,INOX,Pune 19,Pune,Maharashtra
TH_8601,BR_6,Wave Cinemas,Bangalore 121,Bangalore,Karnataka
TH_8602,BR_4,Miraj Cinemas,Jalandhar 79,Jalandhar,Punjab
TH_8603,BR_3,INOX,Gaya 189,Gaya,Bihar
TH_8604,BR_1,Carnival Cinemas,Mysore 378,Mysore,Karnataka
TH_8605,BR_4,Miraj Cinemas,Thane 193,Thane,Maharashtra
TH_8606,BR_1,Carnival Cinemas,Udaipur 213,Udaipur,Rajasthan
TH_8607,BR_6,Wave Cinemas,Chennai 67,Chennai,Tamil Nadu
TH_8608,BR_6,Wave Cinemas,Patna 382,Patna,Bihar
TH_8609,BR_4,Miraj Cinemas,Amritsar 114,Amritsar,Punjab
TH_8610,BR_5,PVR Cinemas,Howrah 46,Howrah,West Bengal
TH_8611,BR_3,INOX,Durgapur 194,Durgapur,West Bengal
TH_8612,BR_6,Wave Cinemas,Agra 472,Agra,Uttar Pradesh
TH_8613,BR_1,Carnival Cinemas,Howrah 295,Howrah,West Bengal
TH_8614,BR_2,Cinepolis,Bathinda 256,Bathinda,Punjab
TH_8615,BR_2,Cinepolis,Gwalior 244,Gwalior,Madhya Pradesh
TH_8616,BR_4,Miraj Cinemas,Amritsar 485,Amritsar,Punjab
TH_8617,BR_4,Miraj Cinemas,Bathinda 366,Bathinda,Punjab
TH_8618,BR_6,Wave Cinemas,Tiruchirappalli 485,Tiruchirappalli,Tamil Nadu
TH_8619,BR_4,Miraj Cinemas,Bhavnagar 251,Bhavnagar,Gujarat
TH_8620,BR_1,Carnival Cinemas,Nagpur 150,Nagpur,Maharashtra
TH_8621,BR_4,Miraj Cinemas,Bhagalpur 375,Bhagalpur,Bihar
TH_8622,BR_4,Miraj Cinemas,Jaipur 198,Jaipur,Rajasthan
TH_8623,BR_3,INOX,Jalandhar 302,Jalandhar,Punjab
TH_8624,BR_4,Miraj Cinemas,Ujjain 219,Ujjain,Madhya Pradesh
TH_8625,BR_2,Cinepolis,Bhavnagar 367,Bhavnagar,Gujarat
TH_8626,BR_3,INOX,Salem 269,Salem,Tamil Nadu
TH_8627,BR_1,Carnival Cinemas,Salem 45,Salem,Tamil Nadu
TH_8628,BR_5,PVR Cinemas,Agra 327,Agra,Uttar Pradesh
TH_8629,BR_5,PVR Cinemas,Mysore 51,Mysore,Karnataka
TH_8630,BR_4,Miraj Cinemas,Jodhpur 313,Jodhpur,Rajasthan
TH_8631,BR_4,Miraj Cinemas,Jalandhar 8,Jalandhar,Punjab
TH_8632,BR_2,Cinepolis,Kanpur 382,Kanpur,Uttar Pradesh
TH_8633,BR_2,Cinepolis,Gwalior 175,Gwalior,Madhya Pradesh
TH_8634,BR_1,Carnival Cinemas,Mangalore 57,Mangalore,Karnataka
TH_8635,BR_5,PVR Cinemas,Mysore 379,Mysore,Karnataka
TH_8636,BR_2,Cinepolis,Amritsar 491,Amritsar,Punjab
TH_8637,BR_3,INOX,Kolkata 415,Kolkata,West Bengal
TH_8638,BR_4,Miraj Cinemas,Howrah 90,Howrah,West Bengal
TH_8639,BR_6,Wave Cinemas,Varanasi 277,Varanasi,Uttar Pradesh
TH_8640,BR_4,Miraj Cinemas,Mysore 216,Mysore,Karnataka
TH_8641,BR_1,Carnival Cinemas,Kolkata 343,Kolkata,West Bengal
TH_8642,BR_6,Wave Cinemas,Bhavnagar 95,Bhavnagar,Gujarat
TH_8643,BR_1,Carnival Cinemas,Nagpur 183,Nagpur,Maharashtra
TH_8644,BR_5,PVR Cinemas,Vadodara 321,Vadodara,Gujarat
TH_8645,BR_4,Miraj Cinemas,Bhavnagar 491,Bhavnagar,Gujarat
TH_8646,BR_4,Miraj Cinemas,Ahmedabad 125,Ahmedabad,Gujarat
TH_8647,BR_1,Carnival Cinemas,Amritsar 36,Amritsar,Punjab
TH_8648,BR_6,Wave Cinemas,Kolkata 356,Kolkata,West Bengal
TH_8649,BR_1,Carnival Cinemas,Jodhpur 203,Jodhpur,Rajasthan
TH_8650,BR_3,INOX,Madurai 264,Madurai,Tamil Nadu
TH_8651,BR_4,Miraj Cinemas,Ujjain 418,Ujjain,Madhya Pradesh
TH_8652,BR_1,Carnival Cinemas,Thane 221,Thane,Maharashtra
TH_8653,BR_1,Carnival Cinemas,Rajkot 46,Rajkot,Gujarat
TH_8654,BR_3,INOX,Purnia 192,Purnia,Bihar
TH_8655,BR_1,Carnival Cinemas,Jodhpur 255,Jodhpur,Rajasthan
TH_8656,BR_1,Carnival Cinemas,Mysore 97,Mysore,Karnataka
TH_8657,BR_3,INOX,Bhagalpur 8,Bhagalpur,Bihar
TH_8658,BR_3,INOX,Jodhpur 273,Jodhpur,Rajasthan
TH_8659,BR_4,Miraj Cinemas,Jodhpur 356,Jodhpur,Rajasthan
TH_8660,BR_6,Wave Cinemas,Muzaffarpur 231,Muzaffarpur,Bihar
TH_8661,BR_1,Carnival Cinemas,Mysore 14,Mysore,Karnataka
TH_8662,BR_3,INOX,Chennai 293,Chennai,Tamil Nadu
TH_8663,BR_5,PVR Cinemas,Indore 153,Indore,Madhya Pradesh
TH_8664,BR_1,Carnival Cinemas,Vadodara 103,Vadodara,Gujarat
TH_8665,BR_2,Cinepolis,Mangalore 358,Mangalore,Karnataka
TH_8666,BR_5,PVR Cinemas,Meerut 181,Meerut,Uttar Pradesh
TH_8667,BR_5,PVR Cinemas,Hubli 382,Hubli,Karnataka
TH_8668,BR_6,Wave Cinemas,Varanasi 369,Varanasi,Uttar Pradesh
TH_8669,BR_5,PVR Cinemas,Ahmedabad 112,Ahmedabad,Gujarat
TH_8670,BR_5,PVR Cinemas,Ludhiana 86,Ludhiana,Punjab
TH_8671,BR_6,Wave Cinemas,Indore 71,Indore,Madhya Pradesh
TH_8672,BR_1,Carnival Cinemas,Muzaffarpur 490,Muzaffarpur,Bihar
TH_8673,BR_1,Carnival Cinemas,Belgaum 102,Belgaum,Karnataka
TH_8674,BR_4,Miraj Cinemas,Salem 109,Salem,Tamil Nadu
TH_8675,BR_6,Wave Cinemas,Vadodara 10,Vadodara,Gujarat
TH_8676,BR_2,Cinepolis,Madurai 47,Madurai,Tamil Nadu
TH_8677,BR_6,Wave Cinemas,Meerut 157,Meerut,Uttar Pradesh
TH_8678,BR_4,Miraj Cinemas,Thane 267,Thane,Maharashtra
TH_8679,BR_6,Wave Cinemas,Gwalior 144,Gwalior,Madhya Pradesh
TH_8680,BR_6,Wave Cinemas,Purnia 48,Purnia,Bihar
TH_8681,BR_1,Carnival Cinemas,Amritsar 192,Amritsar,Punjab
TH_8682,BR_3,INOX,Coimbatore 152,Coimbatore,Tamil Nadu
TH_8683,BR_3,INOX,Nagpur 84,Nagpur,Maharashtra
TH_8684,BR_6,Wave Cinemas,Rajkot 227,Rajkot,Gujarat
TH_8685,BR_3,INOX,Belgaum 101,Belgaum,Karnataka
TH_8686,BR_1,Carnival Cinemas,Vadodara 344,Vadodara,Gujarat
TH_8687,BR_5,PVR Cinemas,Ludhiana 213,Ludhiana,Punjab
TH_8688,BR_3,INOX,Salem 76,Salem,Tamil Nadu
TH_8689,BR_3,INOX,Nashik 111,Nashik,Maharashtra
TH_8690,BR_1,Carnival Cinemas,Pune 223,Pune,Maharashtra
TH_8691,BR_3,INOX,Coimbatore 34,Coimbatore,Tamil Nadu
TH_8692,BR_2,Cinepolis,Vadodara 211,Vadodara,Gujarat
TH_8693,BR_6,Wave Cinemas,Howrah 381,Howrah,West Bengal
TH_8694,BR_3,INOX,Jabalpur 262,Jabalpur,Madhya Pradesh
TH_8695,BR_4,Miraj Cinemas,Rajkot 424,Rajkot,Gujarat
TH_8696,BR_4,Miraj Cinemas,Jabalpur 186,Jabalpur,Madhya Pradesh
TH_8697,BR_6,Wave Cinemas,Siliguri 356,Siliguri,West Bengal
TH_8698,BR_4,Miraj Cinemas,Bangalore 463,Bangalore,Karnataka
TH_8699,BR_4,Miraj Cinemas,Patna 299,Patna,Bihar
TH_8700,BR_6,Wave Cinemas,Kolkata 297,Kolkata,West Bengal
TH_8701,BR_3,INOX,Muzaffarpur 220,Muzaffarpur,Bihar
TH_8702,BR_2,Cinepolis,Lucknow 117,Lucknow,Uttar Pradesh
TH_8703,BR_1,Carnival Cinemas,Indore 389,Indore,Madhya Pradesh
TH_8704,BR_5,PVR Cinemas,Thane 277,Thane,Maharashtra
TH_8705,BR_4,Miraj Cinemas,Bangalore 459,Bangalore,Karnataka
TH_8706,BR_1,Carnival Cinemas,Madurai 60,Madurai,Tamil Nadu
TH_8707,BR_2,Cinepolis,Belgaum 401,Belgaum,Karnataka
TH_8708,BR_1,Carnival Cinemas,Muzaffarpur 292,Muzaffarpur,Bihar
TH_8709,BR_6,Wave Cinemas,Patiala 241,Patiala,Punjab
TH_8710,BR_1,Carnival Cinemas,Coimbatore 150,Coimbatore,Tamil Nadu
TH_8711,BR_1,Carnival Cinemas,Nagpur 354,Nagpur,Maharashtra
TH_8712,BR_6,Wave Cinemas,Kolkata 490,Kolkata,West Bengal
TH_8713,BR_2,Cinepolis,Ludhiana 286,Ludhiana,Punjab
TH_8714,BR_5,PVR Cinemas,Patiala 127,Patiala,Punjab
TH_8715,BR_3,INOX,Bathinda 92,Bathinda,Punjab
TH_8716,BR_1,Carnival Cinemas,Ludhiana 457,Ludhiana,Punjab
TH_8717,BR_2,Cinepolis,Muzaffarpur 336,Muzaffarpur,Bihar
TH_8718,BR_2,Cinepolis,Udaipur 345,Udaipur,Rajasthan
TH_8719,BR_5,PVR Cinemas,Ajmer 275,Ajmer,Rajasthan
TH_8720,BR_4,Miraj Cinemas,Mysore 119,Mysore,Karnataka
TH_8721,BR_2,Cinepolis,Pune 264,Pune,Maharashtra
TH_8722,BR_3,INOX,Patna 458,Patna,Bihar
TH_8723,BR_4,Miraj Cinemas,Patna 372,Patna,Bihar
TH_8724,BR_6,Wave Cinemas,Gaya 451,Gaya,Bihar
TH_8725,BR_4,Miraj Cinemas,Bangalore 140,Bangalore,Karnataka
TH_8726,BR_2,Cinepolis,Rajkot 389,Rajkot,Gujarat
TH_8727,BR_1,Carnival Cinemas,Coimbatore 489,Coimbatore,Tamil Nadu
TH_8728,BR_5,PVR Cinemas,Jodhpur 16,Jodhpur,Rajasthan
TH_8729,BR_2,Cinepolis,Jabalpur 308,Jabalpur,Madhya Pradesh
TH_8730,BR_2,Cinepolis,Tiruchirappalli 493,Tiruchirappalli,Tamil Nadu
TH_8731,BR_6,Wave Cinemas,Vadodara 122,Vadodara,Gujarat
TH_8732,BR_6,Wave Cinemas,Bathinda 52,Bathinda,Punjab
TH_8733,BR_6,Wave Cinemas,Siliguri 228,Siliguri,West Bengal
TH_8734,BR_6,Wave Cinemas,Jodhpur 373,Jodhpur,Rajasthan
TH_8735,BR_1,Carnival Cinemas,Chennai 462,Chennai,Tamil Nadu
TH_8736,BR_2,Cinepolis,Nagpur 469,Nagpur,Maharashtra
TH_8737,BR_5,PVR Cinemas,Asansol 339,Asansol,West Bengal
TH_8738,BR_2,Cinepolis,Jodhpur 470,Jodhpur,Rajasthan
TH_8739,BR_2,Cinepolis,Ujjain 379,Ujjain,Madhya Pradesh
TH_8740,BR_4,Miraj Cinemas,Muzaffarpur 457,Muzaffarpur,Bihar
TH_8741,BR_1,Carnival Cinemas,Ujjain 118,Ujjain,Madhya Pradesh
TH_8742,BR_4,Miraj Cinemas,Kota 100,Kota,Rajasthan
TH_8743,BR_5,PVR Cinemas,Mangalore 216,Mangalore,Karnataka
TH_8744,BR_3,INOX,Durgapur 228,Durgapur,West Bengal
TH_8745,BR_5,PVR Cinemas,Vadodara 474,Vadodara,Gujarat
TH_8746,BR_5,PVR Cinemas,Meerut 184,Meerut,Uttar Pradesh
TH_8747,BR_3,INOX,Varanasi 260,Varanasi,Uttar Pradesh
TH_8748,BR_3,INOX,Surat 411,Surat,Gujarat
TH_8749,BR_1,Carnival Cinemas,Asansol 288,Asansol,West Bengal
TH_8750,BR_4,Miraj Cinemas,Kota 29,Kota,Rajasthan
TH_8751,BR_6,Wave Cinemas,Kolkata 14,Kolkata,West Bengal
TH_8752,BR_2,Cinepolis,Vadodara 352,Vadodara,Gujarat
TH_8753,BR_2,Cinepolis,Bhopal 76,Bhopal,Madhya Pradesh
TH_8754,BR_3,INOX,Pune 101,Pune,Maharashtra
TH_8755,BR_2,Cinepolis,Udaipur 428,Udaipur,Rajasthan
TH_8756,BR_5,PVR Cinemas,Chennai 353,Chennai,Tamil Nadu
TH_8757,BR_3,INOX,Siliguri 82,Siliguri,West Bengal
TH_8758,BR_5,PVR Cinemas,Madurai 344,Madurai,Tamil Nadu
TH_8759,BR_2,Cinepolis,Jaipur 147,Jaipur,Rajasthan
TH_8760,BR_4,Miraj Cinemas,Gaya 289,Gaya,Bihar
TH_8761,BR_6,Wave Cinemas,Bhopal 449,Bhopal,Madhya Pradesh
TH_8762,BR_4,Miraj Cinemas,Nagpur 362,Nagpur,Maharashtra
TH_8763,BR_2,Cinepolis,Mumbai 256,Mumbai,Maharashtra
TH_8764,BR_5,PVR Cinemas,Mangalore 265,Mangalore,Karnataka
TH_8765,BR_4,Miraj Cinemas,Jaipur 294,Jaipur,Rajasthan
TH_8766,BR_5,PVR Cinemas,Nashik 24,Nashik,Maharashtra
TH_8767,BR_3,INOX,Asansol 475,Asansol,West Bengal
TH_8768,BR_6,Wave Cinemas,Purnia 59,Purnia,Bihar
TH_8769,BR_2,Cinepolis,Agra 373,Agra,Uttar Pradesh
TH_8770,BR_2,Cinepolis,Belgaum 353,Belgaum,Karnataka
TH_8771,BR_6,Wave Cinemas,Indore 231,Indore,Madhya Pradesh
TH_8772,BR_2,Cinepolis,Purnia 52,Purnia,Bihar
TH_8773,BR_5,PVR Cinemas,Mangalore 450,Mangalore,Karnataka
TH_8774,BR_2,Cinepolis,Ludhiana 379,Ludhiana,Punjab
TH_8775,BR_3,INOX,Patiala 202,Patiala,Punjab
TH_8776,BR_4,Miraj Cinemas,Lucknow 114,Lucknow,Uttar Pradesh
TH_8777,BR_3,INOX,Surat 254,Surat,Gujarat
TH_8778,BR_3,INOX,Chennai 148,Chennai,Tamil Nadu
TH_8779,BR_3,INOX,Lucknow 212,Lucknow,Uttar Pradesh
TH_8780,BR_2,Cinepolis,Gaya 430,Gaya,Bihar
TH_8781,BR_4,Miraj Cinemas,Jaipur 385,Jaipur,Rajasthan
TH_8782,BR_2,Cinepolis,Gaya 332,Gaya,Bihar
TH_8783,BR_5,PVR Cinemas,Lucknow 390,Lucknow,Uttar Pradesh
TH_8784,BR_3,INOX,Rajkot 183,Rajkot,Gujarat
TH_8785,BR_5,PVR Cinemas,Howrah 22,Howrah,West Bengal
TH_8786,BR_3,INOX,Jalandhar 144,Jalandhar,Punjab
TH_8787,BR_6,Wave Cinemas,Tiruchirappalli 41,Tiruchirappalli,Tamil Nadu
TH_8788,BR_2,Cinepolis,Jabalpur 448,Jabalpur,Madhya Pradesh
TH_8789,BR_5,PVR Cinemas,Surat 212,Surat,Gujarat
TH_8790,BR_6,Wave Cinemas,Bhagalpur 355,Bhagalpur,Bihar
TH_8791,BR_1,Carnival Cinemas,Muzaffarpur 60,Muzaffarpur,Bihar
TH_8792,BR_5,PVR Cinemas,Meerut 440,Meerut,Uttar Pradesh
TH_8793,BR_3,INOX,Nashik 326,Nashik,Maharashtra
TH_8794,BR_3,INOX,Hubli 204,Hubli,Karnataka
TH_8795,BR_3,INOX,Belgaum 467,Belgaum,Karnataka
TH_8796,BR_2,Cinepolis,Kota 12,Kota,Rajasthan
TH_8797,BR_4,Miraj Cinemas,Ludhiana 217,Ludhiana,Punjab
TH_8798,BR_5,PVR Cinemas,Kanpur 50,Kanpur,Uttar Pradesh
TH_8799,BR_5,PVR Cinemas,Amritsar 246,Amritsar,Punjab
TH_8800,BR_4,Miraj Cinemas,Jaipur 206,Jaipur,Rajasthan
TH_8801,BR_2,Cinepolis,Surat 149,Surat,Gujarat
TH_8802,BR_6,Wave Cinemas,Tiruchirappalli 210,Tiruchirappalli,Tamil Nadu
TH_8803,BR_3,INOX,Rajkot 20,Rajkot,Gujarat
TH_8804,BR_2,Cinepolis,Amritsar 312,Amritsar,Punjab
TH_8805,BR_3,INOX,Tiruchirappalli 231,Tiruchirappalli,Tamil Nadu
TH_8806,BR_2,Cinepolis,Rajkot 156,Rajkot,Gujarat
TH_8807,BR_2,Cinepolis,Agra 63,Agra,Uttar Pradesh
TH_8808,BR_3,INOX,Jabalpur 246,Jabalpur,Madhya Pradesh
TH_8809,BR_2,Cinepolis,Mysore 132,Mysore,Karnataka
TH_8810,BR_1,Carnival Cinemas,Ajmer 311,Ajmer,Rajasthan
TH_8811,BR_3,INOX,Hubli 380,Hubli,Karnataka
TH_8812,BR_5,PVR Cinemas,Durgapur 44,Durgapur,West Bengal
TH_8813,BR_4,Miraj Cinemas,Indore 149,Indore,Madhya Pradesh
TH_8814,BR_6,Wave Cinemas,Coimbatore 124,Coimbatore,Tamil Nadu
TH_8815,BR_2,Cinepolis,Pune 306,Pune,Maharashtra
TH_8816,BR_5,PVR Cinemas,Kota 236,Kota,Rajasthan
TH_8817,BR_5,PVR Cinemas,Jodhpur 397,Jodhpur,Rajasthan
TH_8818,BR_3,INOX,Bhagalpur 48,Bhagalpur,Bihar
TH_8819,BR_5,PVR Cinemas,Ahmedabad 92,Ahmedabad,Gujarat
TH_8820,BR_4,Miraj Cinemas,Gwalior 39,Gwalior,Madhya Pradesh
TH_8821,BR_5,PVR Cinemas,Udaipur 364,Udaipur,Rajasthan
TH_8822,BR_3,INOX,Howrah 398,Howrah,West Bengal
TH_8823,BR_6,Wave Cinemas,Ujjain 361,Ujjain,Madhya Pradesh
TH_8824,BR_1,Carnival Cinemas,Purnia 78,Purnia,Bihar
TH_8825,BR_5,PVR Cinemas,Mangalore 236,Mangalore,Karnataka
TH_8826,BR_2,Cinepolis,Patiala 366,Patiala,Punjab
TH_8827,BR_6,Wave Cinemas,Durgapur 382,Durgapur,West Bengal
TH_8828,BR_1,Carnival Cinemas,Kanpur 111,Kanpur,Uttar Pradesh
TH_8829,BR_1,Carnival Cinemas,Rajkot 186,Rajkot,Gujarat
TH_8830,BR_6,Wave Cinemas,Kolkata 388,Kolkata,West Bengal
TH_8831,BR_2,Cinepolis,Vadodara 426,Vadodara,Gujarat
TH_8832,BR_4,Miraj Cinemas,Kota 310,Kota,Rajasthan
TH_8833,BR_2,Cinepolis,Bathinda 85,Bathinda,Punjab
TH_8834,BR_4,Miraj Cinemas,Bhavnagar 71,Bhavnagar,Gujarat
TH_8835,BR_4,Miraj Cinemas,Jalandhar 458,Jalandhar,Punjab
TH_8836,BR_3,INOX,Bhopal 8,Bhopal,Madhya Pradesh
TH_8837,BR_1,Carnival Cinemas,Varanasi 178,Varanasi,Uttar Pradesh
TH_8838,BR_4,Miraj Cinemas,Ajmer 112,Ajmer,Rajasthan
TH_8839,BR_4,Miraj Cinemas,Kanpur 273,Kanpur,Uttar Pradesh
TH_8840,BR_3,INOX,Ahmedabad 248,Ahmedabad,Gujarat
TH_8841,BR_3,INOX,Muzaffarpur 231,Muzaffarpur,Bihar
TH_8842,BR_3,INOX,Muzaffarpur 242,Muzaffarpur,Bihar
TH_8843,BR_6,Wave Cinemas,Bangalore 291,Bangalore,Karnataka
TH_8844,BR_5,PVR Cinemas,Salem 153,Salem,Tamil Nadu
TH_8845,BR_2,Cinepolis,Mumbai 68,Mumbai,Maharashtra
TH_8846,BR_6,Wave Cinemas,Kanpur 301,Kanpur,Uttar Pradesh
TH_8847,BR_1,Carnival Cinemas,Ahmedabad 237,Ahmedabad,Gujarat
TH_8848,BR_4,Miraj Cinemas,Gwalior 423,Gwalior,Madhya Pradesh
TH_8849,BR_6,Wave Cinemas,Gwalior 286,Gwalior,Madhya Pradesh
TH_8850,BR_1,Carnival Cinemas,Ajmer 315,Ajmer,Rajasthan
TH_8851,BR_6,Wave Cinemas,Gwalior 259,Gwalior,Madhya Pradesh
TH_8852,BR_4,Miraj Cinemas,Patiala 481,Patiala,Punjab
TH_8853,BR_2,Cinepolis,Jaipur 157,Jaipur,Rajasthan
TH_8854,BR_6,Wave Cinemas,Jodhpur 431,Jodhpur,Rajasthan
TH_8855,BR_1,Carnival Cinemas,Belgaum 321,Belgaum,Karnataka
TH_8856,BR_5,PVR Cinemas,Chennai 38,Chennai,Tamil Nadu
TH_8857,BR_1,Carnival Cinemas,Tiruchirappalli 79,Tiruchirappalli,Tamil Nadu
TH_8858,BR_3,INOX,Durgapur 108,Durgapur,West Bengal
TH_8859,BR_5,PVR Cinemas,Nagpur 390,Nagpur,Maharashtra
TH_8860,BR_3,INOX,Jalandhar 442,Jalandhar,Punjab
TH_8861,BR_5,PVR Cinemas,Indore 25,Indore,Madhya Pradesh
TH_8862,BR_1,Carnival Cinemas,Kota 363,Kota,Rajasthan
TH_8863,BR_2,Cinepolis,Howrah 350,Howrah,West Bengal
TH_8864,BR_1,Carnival Cinemas,Patna 456,Patna,Bihar
TH_8865,BR_1,Carnival Cinemas,Surat 55,Surat,Gujarat
TH_8866,BR_6,Wave Cinemas,Hubli 150,Hubli,Karnataka
TH_8867,BR_4,Miraj Cinemas,Patna 419,Patna,Bihar
TH_8868,BR_6,Wave Cinemas,Indore 83,Indore,Madhya Pradesh
TH_8869,BR_4,Miraj Cinemas,Ajmer 179,Ajmer,Rajasthan
TH_8870,BR_5,PVR Cinemas,Tiruchirappalli 53,Tiruchirappalli,Tamil Nadu
TH_8871,BR_2,Cinepolis,Bathinda 434,Bathinda,Punjab
TH_8872,BR_5,PVR Cinemas,Coimbatore 499,Coimbatore,Tamil Nadu
TH_8873,BR_2,Cinepolis,Jalandhar 330,Jalandhar,Punjab
TH_8874,BR_1,Carnival Cinemas,Jodhpur 128,Jodhpur,Rajasthan
TH_8875,BR_2,Cinepolis,Gwalior 406,Gwalior,Madhya Pradesh
TH_8876,BR_3,INOX,Agra 89,Agra,Uttar Pradesh
TH_8877,BR_4,Miraj Cinemas,Mangalore 132,Mangalore,Karnataka
TH_8878,BR_3,INOX,Nashik 197,Nashik,Maharashtra
TH_8879,BR_6,Wave Cinemas,Kota 175,Kota,Rajasthan
TH_8880,BR_2,Cinepolis,Jaipur 214,Jaipur,Rajasthan
TH_8881,BR_2,Cinepolis,Nagpur 203,Nagpur,Maharashtra
TH_8882,BR_4,Miraj Cinemas,Madurai 215,Madurai,Tamil Nadu
TH_8883,BR_1,Carnival Cinemas,Bathinda 146,Bathinda,Punjab
TH_8884,BR_2,Cinepolis,Belgaum 336,Belgaum,Karnataka
TH_8885,BR_5,PVR Cinemas,Bhavnagar 276,Bhavnagar,Gujarat
TH_8886,BR_4,Miraj Cinemas,Ujjain 63,Ujjain,Madhya Pradesh
TH_8887,BR_3,INOX,Jalandhar 319,Jalandhar,Punjab
TH_8888,BR_1,Carnival Cinemas,Nagpur 390,Nagpur,Maharashtra
TH_8889,BR_1,Carnival Cinemas,Coimbatore 311,Coimbatore,Tamil Nadu
TH_8890,BR_4,Miraj Cinemas,Purnia 168,Purnia,Bihar
TH_8891,BR_4,Miraj Cinemas,Howrah 302,Howrah,West Bengal
TH_8892,BR_4,Miraj Cinemas,Ahmedabad 140,Ahmedabad,Gujarat
TH_8893,BR_1,Carnival Cinemas,Durgapur 146,Durgapur,West Bengal
TH_8894,BR_2,Cinepolis,Indore 186,Indore,Madhya Pradesh
TH_8895,BR_1,Carnival Cinemas,Mysore 186,Mysore,Karnataka
TH_8896,BR_2,Cinepolis,Jodhpur 336,Jodhpur,Rajasthan
TH_8897,BR_3,INOX,Rajkot 326,Rajkot,Gujarat
TH_8898,BR_1,Carnival Cinemas,Jabalpur 54,Jabalpur,Madhya Pradesh
TH_8899,BR_1,Carnival Cinemas,Howrah 276,Howrah,West Bengal
TH_8900,BR_3,INOX,Kanpur 14,Kanpur,Uttar Pradesh
TH_8901,BR_6,Wave Cinemas,Purnia 230,Purnia,Bihar
TH_8902,BR_2,Cinepolis,Howrah 279,Howrah,West Bengal
TH_8903,BR_1,Carnival Cinemas,Ahmedabad 366,Ahmedabad,Gujarat
TH_8904,BR_6,Wave Cinemas,Indore 131,Indore,Madhya Pradesh
TH_8905,BR_6,Wave Cinemas,Kanpur 270,Kanpur,Uttar Pradesh
TH_8906,BR_6,Wave Cinemas,Mangalore 349,Mangalore,Karnataka
TH_8907,BR_1,Carnival Cinemas,Patiala 16,Patiala,Punjab
TH_8908,BR_1,Carnival Cinemas,Jodhpur 360,Jodhpur,Rajasthan
TH_8909,BR_2,Cinepolis,Udaipur 122,Udaipur,Rajasthan
TH_8910,BR_5,PVR Cinemas,Gaya 222,Gaya,Bihar
TH_8911,BR_1,Carnival Cinemas,Jabalpur 150,Jabalpur,Madhya Pradesh
TH_8912,BR_4,Miraj Cinemas,Nagpur 364,Nagpur,Maharashtra
TH_8913,BR_3,INOX,Pune 237,Pune,Maharashtra
TH_8914,BR_3,INOX,Bangalore 209,Bangalore,Karnataka
TH_8915,BR_3,INOX,Madurai 255,Madurai,Tamil Nadu
TH_8916,BR_4,Miraj Cinemas,Jaipur 480,Jaipur,Rajasthan
TH_8917,BR_4,Miraj Cinemas,Jalandhar 385,Jalandhar,Punjab
TH_8918,BR_6,Wave Cinemas,Bhavnagar 78,Bhavnagar,Gujarat
TH_8919,BR_3,INOX,Bangalore 417,Bangalore,Karnataka
TH_8920,BR_1,Carnival Cinemas,Patna 342,Patna,Bihar
TH_8921,BR_5,PVR Cinemas,Bhagalpur 79,Bhagalpur,Bihar
TH_8922,BR_2,Cinepolis,Thane 196,Thane,Maharashtra
TH_8923,BR_4,Miraj Cinemas,Nashik 230,Nashik,Maharashtra
TH_8924,BR_5,PVR Cinemas,Lucknow 110,Lucknow,Uttar Pradesh
TH_8925,BR_3,INOX,Kota 44,Kota,Rajasthan
TH_8926,BR_6,Wave Cinemas,Salem 137,Salem,Tamil Nadu
TH_8927,BR_6,Wave Cinemas,Gaya 442,Gaya,Bihar
TH_8928,BR_5,PVR Cinemas,Kota 200,Kota,Rajasthan
TH_8929,BR_2,Cinepolis,Indore 330,Indore,Madhya Pradesh
TH_8930,BR_4,Miraj Cinemas,Chennai 316,Chennai,Tamil Nadu
TH_8931,BR_3,INOX,Nashik 219,Nashik,Maharashtra
TH_8932,BR_5,PVR Cinemas,Nashik 492,Nashik,Maharashtra
TH_8933,BR_6,Wave Cinemas,Jabalpur 31,Jabalpur,Madhya Pradesh
TH_8934,BR_6,Wave Cinemas,Gaya 351,Gaya,Bihar
TH_8935,BR_3,INOX,Ajmer 300,Ajmer,Rajasthan
TH_8936,BR_4,Miraj Cinemas,Ludhiana 228,Ludhiana,Punjab
TH_8937,BR_3,INOX,Tiruchirappalli 199,Tiruchirappalli,Tamil Nadu
TH_8938,BR_4,Miraj Cinemas,Patna 463,Patna,Bihar
TH_8939,BR_1,Carnival Cinemas,Varanasi 265,Varanasi,Uttar Pradesh
TH_8940,BR_5,PVR Cinemas,Udaipur 407,Udaipur,Rajasthan
TH_8941,BR_3,INOX,Mangalore 143,Mangalore,Karnataka
TH_8942,BR_1,Carnival Cinemas,Belgaum 234,Belgaum,Karnataka
TH_8943,BR_5,PVR Cinemas,Pune 243,Pune,Maharashtra
TH_8944,BR_3,INOX,Nashik 245,Nashik,Maharashtra
TH_8945,BR_1,Carnival Cinemas,Surat 339,Surat,Gujarat
TH_8946,BR_4,Miraj Cinemas,Nashik 479,Nashik,Maharashtra
TH_8947,BR_5,PVR Cinemas,Chennai 44,Chennai,Tamil Nadu
TH_8948,BR_2,Cinepolis,Ajmer 120,Ajmer,Rajasthan
TH_8949,BR_6,Wave Cinemas,Bangalore 142,Bangalore,Karnataka
TH_8950,BR_5,PVR Cinemas,Meerut 8,Meerut,Uttar Pradesh
TH_8951,BR_2,Cinepolis,Mangalore 37,Mangalore,Karnataka
TH_8952,BR_2,Cinepolis,Nagpur 320,Nagpur,Maharashtra
TH_8953,BR_5,PVR Cinemas,Bhagalpur 227,Bhagalpur,Bihar
TH_8954,BR_1,Carnival Cinemas,Ludhiana 193,Ludhiana,Punjab
TH_8955,BR_5,PVR Cinemas,Indore 408,Indore,Madhya Pradesh
TH_8956,BR_1,Carnival Cinemas,Udaipur 241,Udaipur,Rajasthan
TH_8957,BR_3,INOX,Ajmer 382,Ajmer,Rajasthan
TH_8958,BR_1,Carnival Cinemas,Surat 97,Surat,Gujarat
TH_8959,BR_6,Wave Cinemas,Patna 86,Patna,Bihar
TH_8960,BR_6,Wave Cinemas,Jabalpur 101,Jabalpur,Madhya Pradesh
TH_8961,BR_4,Miraj Cinemas,Belgaum 172,Belgaum,Karnataka
TH_8962,BR_6,Wave Cinemas,Durgapur 271,Durgapur,West Bengal
TH_8963,BR_2,Cinepolis,Varanasi 431,Varanasi,Uttar Pradesh
TH_8964,BR_3,INOX,Jabalpur 268,Jabalpur,Madhya Pradesh
TH_8965,BR_5,PVR Cinemas,Kanpur 298,Kanpur,Uttar Pradesh
TH_8966,BR_2,Cinepolis,Ludhiana 255,Ludhiana,Punjab
TH_8967,BR_5,PVR Cinemas,Kolkata 242,Kolkata,West Bengal
TH_8968,BR_5,PVR Cinemas,Amritsar 125,Amritsar,Punjab
TH_8969,BR_4,Miraj Cinemas,Pune 274,Pune,Maharashtra
TH_8970,BR_2,Cinepolis,Kolkata 88,Kolkata,West Bengal
TH_8971,BR_4,Miraj Cinemas,Nagpur 4,Nagpur,Maharashtra
TH_8972,BR_5,PVR Cinemas,Patna 495,Patna,Bihar
TH_8973,BR_3,INOX,Jaipur 495,Jaipur,Rajasthan
TH_8974,BR_6,Wave Cinemas,Bangalore 391,Bangalore,Karnataka
TH_8975,BR_3,INOX,Salem 346,Salem,Tamil Nadu
TH_8976,BR_4,Miraj Cinemas,Surat 336,Surat,Gujarat
TH_8977,BR_4,Miraj Cinemas,Salem 101,Salem,Tamil Nadu
TH_8978,BR_5,PVR Cinemas,Ajmer 203,Ajmer,Rajasthan
TH_8979,BR_5,PVR Cinemas,Asansol 317,Asansol,West Bengal
TH_8980,BR_5,PVR Cinemas,Jaipur 90,Jaipur,Rajasthan
TH_8981,BR_5,PVR Cinemas,Patna 441,Patna,Bihar
TH_8982,BR_4,Miraj Cinemas,Hubli 181,Hubli,Karnataka
TH_8983,BR_6,Wave Cinemas,Bangalore 404,Bangalore,Karnataka
TH_8984,BR_3,INOX,Ahmedabad 90,Ahmedabad,Gujarat
TH_8985,BR_6,Wave Cinemas,Ludhiana 277,Ludhiana,Punjab
TH_8986,BR_2,Cinepolis,Ujjain 202,Ujjain,Madhya Pradesh
TH_8987,BR_4,Miraj Cinemas,Durgapur 335,Durgapur,West Bengal
TH_8988,BR_4,Miraj Cinemas,Patna 396,Patna,Bihar
TH_8989,BR_6,Wave Cinemas,Belgaum 62,Belgaum,Karnataka
TH_8990,BR_1,Carnival Cinemas,Jalandhar 1,Jalandhar,Punjab
TH_8991,BR_5,PVR Cinemas,Gwalior 79,Gwalior,Madhya Pradesh
TH_8992,BR_1,Carnival Cinemas,Bhopal 122,Bhopal,Madhya Pradesh
TH_8993,BR_6,Wave Cinemas,Ajmer 198,Ajmer,Rajasthan
TH_8994,BR_4,Miraj Cinemas,Kolkata 53,Kolkata,West Bengal
TH_8995,BR_3,INOX,Chennai 20,Chennai,Tamil Nadu
TH_8996,BR_2,Cinepolis,Madurai 137,Madurai,Tamil Nadu
TH_8997,BR_3,INOX,Bhopal 139,Bhopal,Madhya Pradesh
TH_8998,BR_1,Carnival Cinemas,Ujjain 215,Ujjain,Madhya Pradesh
TH_8999,BR_1,Carnival Cinemas,Kanpur 320,Kanpur,Uttar Pradesh
TH_9000,BR_4,Miraj Cinemas,Coimbatore 75,Coimbatore,Tamil Nadu
TH_9001,BR_5,PVR Cinemas,Amritsar 475,Amritsar,Punjab
TH_9002,BR_1,Carnival Cinemas,Bathinda 369,Bathinda,Punjab
TH_9003,BR_2,Cinepolis,Agra 177,Agra,Uttar Pradesh
TH_9004,BR_6,Wave Cinemas,Belgaum 174,Belgaum,Karnataka
TH_9005,BR_2,Cinepolis,Mangalore 226,Mangalore,Karnataka
TH_9006,BR_3,INOX,Chennai 276,Chennai,Tamil Nadu
TH_9007,BR_2,Cinepolis,Bhopal 354,Bhopal,Madhya Pradesh
TH_9008,BR_4,Miraj Cinemas,Udaipur 314,Udaipur,Rajasthan
TH_9009,BR_6,Wave Cinemas,Patna 233,Patna,Bihar
TH_9010,BR_1,Carnival Cinemas,Bhagalpur 265,Bhagalpur,Bihar
TH_9011,BR_2,Cinepolis,Vadodara 4,Vadodara,Gujarat
TH_9012,BR_4,Miraj Cinemas,Asansol 403,Asansol,West Bengal
TH_9013,BR_4,Miraj Cinemas,Asansol 354,Asansol,West Bengal
TH_9014,BR_6,Wave Cinemas,Mysore 234,Mysore,Karnataka
TH_9015,BR_5,PVR Cinemas,Meerut 432,Meerut,Uttar Pradesh
TH_9016,BR_5,PVR Cinemas,Siliguri 105,Siliguri,West Bengal
TH_9017,BR_5,PVR Cinemas,Madurai 414,Madurai,Tamil Nadu
TH_9018,BR_4,Miraj Cinemas,Amritsar 365,Amritsar,Punjab
TH_9019,BR_6,Wave Cinemas,Madurai 183,Madurai,Tamil Nadu
TH_9020,BR_4,Miraj Cinemas,Patna 326,Patna,Bihar
TH_9021,BR_4,Miraj Cinemas,Udaipur 200,Udaipur,Rajasthan
TH_9022,BR_2,Cinepolis,Purnia 88,Purnia,Bihar
TH_9023,BR_3,INOX,Vadodara 44,Vadodara,Gujarat
TH_9024,BR_1,Carnival Cinemas,Agra 151,Agra,Uttar Pradesh
TH_9025,BR_4,Miraj Cinemas,Agra 206,Agra,Uttar Pradesh
TH_9026,BR_6,Wave Cinemas,Jabalpur 22,Jabalpur,Madhya Pradesh
TH_9027,BR_3,INOX,Varanasi 323,Varanasi,Uttar Pradesh
TH_9028,BR_4,Miraj Cinemas,Lucknow 154,Lucknow,Uttar Pradesh
TH_9029,BR_5,PVR Cinemas,Nagpur 344,Nagpur,Maharashtra
TH_9030,BR_1,Carnival Cinemas,Bangalore 248,Bangalore,Karnataka
TH_9031,BR_1,Carnival Cinemas,Patna 48,Patna,Bihar
TH_9032,BR_5,PVR Cinemas,Bathinda 96,Bathinda,Punjab
TH_9033,BR_1,Carnival Cinemas,Mumbai 99,Mumbai,Maharashtra
TH_9034,BR_2,Cinepolis,Kanpur 88,Kanpur,Uttar Pradesh
TH_9035,BR_3,INOX,Jodhpur 127,Jodhpur,Rajasthan
TH_9036,BR_3,INOX,Asansol 65,Asansol,West Bengal
TH_9037,BR_6,Wave Cinemas,Gwalior 427,Gwalior,Madhya Pradesh
TH_9038,BR_2,Cinepolis,Udaipur 414,Udaipur,Rajasthan
TH_9039,BR_6,Wave Cinemas,Gwalior 59,Gwalior,Madhya Pradesh
TH_9040,BR_2,Cinepolis,Gaya 29,Gaya,Bihar
TH_9041,BR_3,INOX,Howrah 80,Howrah,West Bengal
TH_9042,BR_5,PVR Cinemas,Patiala 425,Patiala,Punjab
TH_9043,BR_1,Carnival Cinemas,Asansol 167,Asansol,West Bengal
TH_9044,BR_2,Cinepolis,Varanasi 248,Varanasi,Uttar Pradesh
TH_9045,BR_3,INOX,Ajmer 338,Ajmer,Rajasthan
TH_9046,BR_6,Wave Cinemas,Vadodara 159,Vadodara,Gujarat
TH_9047,BR_1,Carnival Cinemas,Kanpur 393,Kanpur,Uttar Pradesh
TH_9048,BR_6,Wave Cinemas,Jodhpur 267,Jodhpur,Rajasthan
TH_9049,BR_4,Miraj Cinemas,Agra 66,Agra,Uttar Pradesh
TH_9050,BR_2,Cinepolis,Meerut 322,Meerut,Uttar Pradesh
TH_9051,BR_3,INOX,Patiala 97,Patiala,Punjab
TH_9052,BR_3,INOX,Asansol 173,Asansol,West Bengal
TH_9053,BR_3,INOX,Mangalore 361,Mangalore,Karnataka
TH_9054,BR_2,Cinepolis,Mangalore 146,Mangalore,Karnataka
TH_9055,BR_5,PVR Cinemas,Pune 285,Pune,Maharashtra
TH_9056,BR_4,Miraj Cinemas,Patiala 333,Patiala,Punjab
TH_9057,BR_5,PVR Cinemas,Bhavnagar 112,Bhavnagar,Gujarat
TH_9058,BR_1,Carnival Cinemas,Patna 249,Patna,Bihar
TH_9059,BR_1,Carnival Cinemas,Vadodara 10,Vadodara,Gujarat
TH_9060,BR_3,INOX,Indore 236,Indore,Madhya Pradesh
TH_9061,BR_6,Wave Cinemas,Lucknow 461,Lucknow,Uttar Pradesh
TH_9062,BR_6,Wave Cinemas,Siliguri 218,Siliguri,West Bengal
TH_9063,BR_4,Miraj Cinemas,Mysore 354,Mysore,Karnataka
TH_9064,BR_4,Miraj Cinemas,Salem 219,Salem,Tamil Nadu
TH_9065,BR_1,Carnival Cinemas,Jaipur 157,Jaipur,Rajasthan
TH_9066,BR_1,Carnival Cinemas,Thane 297,Thane,Maharashtra
TH_9067,BR_4,Miraj Cinemas,Ajmer 1,Ajmer,Rajasthan
TH_9068,BR_3,INOX,Surat 205,Surat,Gujarat
TH_9069,BR_5,PVR Cinemas,Varanasi 18,Varanasi,Uttar Pradesh
TH_9070,BR_6,Wave Cinemas,Bangalore 58,Bangalore,Karnataka
TH_9071,BR_2,Cinepolis,Indore 339,Indore,Madhya Pradesh
TH_9072,BR_5,PVR Cinemas,Salem 98,Salem,Tamil Nadu
TH_9073,BR_1,Carnival Cinemas,Madurai 208,Madurai,Tamil Nadu
TH_9074,BR_4,Miraj Cinemas,Nagpur 229,Nagpur,Maharashtra
TH_9075,BR_2,Cinepolis,Agra 123,Agra,Uttar Pradesh
TH_9076,BR_6,Wave Cinemas,Nagpur 446,Nagpur,Maharashtra
TH_9077,BR_5,PVR Cinemas,Bangalore 245,Bangalore,Karnataka
TH_9078,BR_4,Miraj Cinemas,Jalandhar 374,Jalandhar,Punjab
TH_9079,BR_5,PVR Cinemas,Jabalpur 274,Jabalpur,Madhya Pradesh
TH_9080,BR_3,INOX,Thane 190,Thane,Maharashtra
TH_9081,BR_3,INOX,Salem 232,Salem,Tamil Nadu
TH_9082,BR_5,PVR Cinemas,Indore 53,Indore,Madhya Pradesh
TH_9083,BR_2,Cinepolis,Belgaum 52,Belgaum,Karnataka
TH_9084,BR_2,Cinepolis,Muzaffarpur 160,Muzaffarpur,Bihar
TH_9085,BR_3,INOX,Patna 476,Patna,Bihar
TH_9086,BR_2,Cinepolis,Siliguri 363,Siliguri,West Bengal
TH_9087,BR_6,Wave Cinemas,Madurai 274,Madurai,Tamil Nadu
TH_9088,BR_3,INOX,Mysore 151,Mysore,Karnataka
TH_9089,BR_4,Miraj Cinemas,Rajkot 32,Rajkot,Gujarat
TH_9090,BR_3,INOX,Howrah 78,Howrah,West Bengal
TH_9091,BR_4,Miraj Cinemas,Jalandhar 149,Jalandhar,Punjab
TH_9092,BR_2,Cinepolis,Patna 296,Patna,Bihar
TH_9093,BR_1,Carnival Cinemas,Jabalpur 411,Jabalpur,Madhya Pradesh
TH_9094,BR_5,PVR Cinemas,Ludhiana 260,Ludhiana,Punjab
TH_9095,BR_1,Carnival Cinemas,Jabalpur 107,Jabalpur,Madhya Pradesh
TH_9096,BR_1,Carnival Cinemas,Durgapur 307,Durgapur,West Bengal
TH_9097,BR_3,INOX,Surat 84,Surat,Gujarat
TH_9098,BR_6,Wave Cinemas,Gaya 312,Gaya,Bihar
TH_9099,BR_6,Wave Cinemas,Meerut 343,Meerut,Uttar Pradesh
TH_9100,BR_3,INOX,Gaya 321,Gaya,Bihar
TH_9101,BR_6,Wave Cinemas,Vadodara 442,Vadodara,Gujarat
TH_9102,BR_4,Miraj Cinemas,Agra 143,Agra,Uttar Pradesh
TH_9103,BR_3,INOX,Salem 208,Salem,Tamil Nadu
TH_9104,BR_1,Carnival Cinemas,Amritsar 204,Amritsar,Punjab
TH_9105,BR_4,Miraj Cinemas,Mysore 397,Mysore,Karnataka
TH_9106,BR_1,Carnival Cinemas,Bangalore 497,Bangalore,Karnataka
TH_9107,BR_6,Wave Cinemas,Belgaum 47,Belgaum,Karnataka
TH_9108,BR_6,Wave Cinemas,Bathinda 306,Bathinda,Punjab
TH_9109,BR_4,Miraj Cinemas,Belgaum 174,Belgaum,Karnataka
TH_9110,BR_5,PVR Cinemas,Hubli 248,Hubli,Karnataka
TH_9111,BR_3,INOX,Durgapur 249,Durgapur,West Bengal
TH_9112,BR_6,Wave Cinemas,Ujjain 25,Ujjain,Madhya Pradesh
TH_9113,BR_1,Carnival Cinemas,Gaya 21,Gaya,Bihar
TH_9114,BR_2,Cinepolis,Bhopal 97,Bhopal,Madhya Pradesh
TH_9115,BR_2,Cinepolis,Ujjain 308,Ujjain,Madhya Pradesh
TH_9116,BR_4,Miraj Cinemas,Kanpur 167,Kanpur,Uttar Pradesh
TH_9117,BR_4,Miraj Cinemas,Meerut 10,Meerut,Uttar Pradesh
TH_9118,BR_6,Wave Cinemas,Salem 207,Salem,Tamil Nadu
TH_9119,BR_4,Miraj Cinemas,Ujjain 492,Ujjain,Madhya Pradesh
TH_9120,BR_1,Carnival Cinemas,Jabalpur 28,Jabalpur,Madhya Pradesh
TH_9121,BR_4,Miraj Cinemas,Patna 190,Patna,Bihar
TH_9122,BR_4,Miraj Cinemas,Lucknow 495,Lucknow,Uttar Pradesh
TH_9123,BR_3,INOX,Amritsar 133,Amritsar,Punjab
TH_9124,BR_4,Miraj Cinemas,Salem 295,Salem,Tamil Nadu
TH_9125,BR_2,Cinepolis,Patna 359,Patna,Bihar
TH_9126,BR_3,INOX,Surat 413,Surat,Gujarat
TH_9127,BR_1,Carnival Cinemas,Mumbai 299,Mumbai,Maharashtra
TH_9128,BR_5,PVR Cinemas,Ajmer 420,Ajmer,Rajasthan
TH_9129,BR_5,PVR Cinemas,Siliguri 336,Siliguri,West Bengal
TH_9130,BR_4,Miraj Cinemas,Jabalpur 394,Jabalpur,Madhya Pradesh
TH_9131,BR_4,Miraj Cinemas,Udaipur 145,Udaipur,Rajasthan
TH_9132,BR_2,Cinepolis,Nashik 105,Nashik,Maharashtra
TH_9133,BR_2,Cinepolis,Asansol 489,Asansol,West Bengal
TH_9134,BR_1,Carnival Cinemas,Durgapur 399,Durgapur,West Bengal
TH_9135,BR_5,PVR Cinemas,Asansol 488,Asansol,West Bengal
TH_9136,BR_2,Cinepolis,Bhagalpur 120,Bhagalpur,Bihar
TH_9137,BR_3,INOX,Agra 113,Agra,Uttar Pradesh
TH_9138,BR_4,Miraj Cinemas,Gaya 4,Gaya,Bihar
TH_9139,BR_6,Wave Cinemas,Mysore 10,Mysore,Karnataka
TH_9140,BR_4,Miraj Cinemas,Hubli 145,Hubli,Karnataka
TH_9141,BR_1,Carnival Cinemas,Ahmedabad 423,Ahmedabad,Gujarat
TH_9142,BR_6,Wave Cinemas,Thane 476,Thane,Maharashtra
TH_9143,BR_1,Carnival Cinemas,Nashik 257,Nashik,Maharashtra
TH_9144,BR_5,PVR Cinemas,Ludhiana 9,Ludhiana,Punjab
TH_9145,BR_4,Miraj Cinemas,Madurai 118,Madurai,Tamil Nadu
TH_9146,BR_4,Miraj Cinemas,Gwalior 252,Gwalior,Madhya Pradesh
TH_9147,BR_1,Carnival Cinemas,Coimbatore 394,Coimbatore,Tamil Nadu
TH_9148,BR_6,Wave Cinemas,Mysore 402,Mysore,Karnataka
TH_9149,BR_1,Carnival Cinemas,Siliguri 408,Siliguri,West Bengal
TH_9150,BR_3,INOX,Coimbatore 389,Coimbatore,Tamil Nadu
TH_9151,BR_4,Miraj Cinemas,Tiruchirappalli 133,Tiruchirappalli,Tamil Nadu
TH_9152,BR_1,Carnival Cinemas,Rajkot 426,Rajkot,Gujarat
TH_9153,BR_1,Carnival Cinemas,Siliguri 464,Siliguri,West Bengal
TH_9154,BR_3,INOX,Patna 224,Patna,Bihar
TH_9155,BR_1,Carnival Cinemas,Mysore 77,Mysore,Karnataka
TH_9156,BR_1,Carnival Cinemas,Ujjain 183,Ujjain,Madhya Pradesh
TH_9157,BR_3,INOX,Muzaffarpur 320,Muzaffarpur,Bihar
TH_9158,BR_3,INOX,Purnia 218,Purnia,Bihar
TH_9159,BR_4,Miraj Cinemas,Vadodara 379,Vadodara,Gujarat
TH_9160,BR_6,Wave Cinemas,Bangalore 387,Bangalore,Karnataka
TH_9161,BR_1,Carnival Cinemas,Ludhiana 9,Ludhiana,Punjab
TH_9162,BR_3,INOX,Bangalore 236,Bangalore,Karnataka
TH_9163,BR_5,PVR Cinemas,Ahmedabad 235,Ahmedabad,Gujarat
TH_9164,BR_1,Carnival Cinemas,Jaipur 239,Jaipur,Rajasthan
TH_9165,BR_2,Cinepolis,Gaya 65,Gaya,Bihar
TH_9166,BR_5,PVR Cinemas,Bhavnagar 188,Bhavnagar,Gujarat
TH_9167,BR_5,PVR Cinemas,Tiruchirappalli 61,Tiruchirappalli,Tamil Nadu
TH_9168,BR_6,Wave Cinemas,Patna 165,Patna,Bihar
TH_9169,BR_5,PVR Cinemas,Meerut 13,Meerut,Uttar Pradesh
TH_9170,BR_5,PVR Cinemas,Vadodara 345,Vadodara,Gujarat
TH_9171,BR_6,Wave Cinemas,Patna 191,Patna,Bihar
TH_9172,BR_1,Carnival Cinemas,Vadodara 247,Vadodara,Gujarat
TH_9173,BR_1,Carnival Cinemas,Ujjain 371,Ujjain,Madhya Pradesh
TH_9174,BR_4,Miraj Cinemas,Jaipur 177,Jaipur,Rajasthan
TH_9175,BR_6,Wave Cinemas,Jalandhar 27,Jalandhar,Punjab
TH_9176,BR_2,Cinepolis,Vadodara 85,Vadodara,Gujarat
TH_9177,BR_6,Wave Cinemas,Amritsar 476,Amritsar,Punjab
TH_9178,BR_4,Miraj Cinemas,Indore 396,Indore,Madhya Pradesh
TH_9179,BR_6,Wave Cinemas,Bhopal 457,Bhopal,Madhya Pradesh
TH_9180,BR_6,Wave Cinemas,Muzaffarpur 151,Muzaffarpur,Bihar
TH_9181,BR_1,Carnival Cinemas,Durgapur 437,Durgapur,West Bengal
TH_9182,BR_3,INOX,Madurai 128,Madurai,Tamil Nadu
TH_9183,BR_3,INOX,Howrah 245,Howrah,West Bengal
TH_9184,BR_6,Wave Cinemas,Madurai 411,Madurai,Tamil Nadu
TH_9185,BR_3,INOX,Thane 303,Thane,Maharashtra
TH_9186,BR_1,Carnival Cinemas,Jaipur 74,Jaipur,Rajasthan
TH_9187,BR_5,PVR Cinemas,Bangalore 386,Bangalore,Karnataka
TH_9188,BR_3,INOX,Mysore 44,Mysore,Karnataka
TH_9189,BR_3,INOX,Mangalore 420,Mangalore,Karnataka
TH_9190,BR_1,Carnival Cinemas,Kolkata 280,Kolkata,West Bengal
TH_9191,BR_3,INOX,Mumbai 216,Mumbai,Maharashtra
TH_9192,BR_2,Cinepolis,Kolkata 179,Kolkata,West Bengal
TH_9193,BR_6,Wave Cinemas,Madurai 378,Madurai,Tamil Nadu
TH_9194,BR_3,INOX,Mumbai 495,Mumbai,Maharashtra
TH_9195,BR_4,Miraj Cinemas,Ludhiana 387,Ludhiana,Punjab
TH_9196,BR_4,Miraj Cinemas,Jalandhar 380,Jalandhar,Punjab
TH_9197,BR_6,Wave Cinemas,Salem 178,Salem,Tamil Nadu
TH_9198,BR_4,Miraj Cinemas,Indore 99,Indore,Madhya Pradesh
TH_9199,BR_4,Miraj Cinemas,Durgapur 481,Durgapur,West Bengal
TH_9200,BR_6,Wave Cinemas,Rajkot 282,Rajkot,Gujarat
TH_9201,BR_3,INOX,Kanpur 153,Kanpur,Uttar Pradesh
TH_9202,BR_2,Cinepolis,Tiruchirappalli 387,Tiruchirappalli,Tamil Nadu
TH_9203,BR_1,Carnival Cinemas,Kolkata 321,Kolkata,West Bengal
TH_9204,BR_5,PVR Cinemas,Kolkata 363,Kolkata,West Bengal
TH_9205,BR_4,Miraj Cinemas,Bathinda 308,Bathinda,Punjab
TH_9206,BR_1,Carnival Cinemas,Varanasi 407,Varanasi,Uttar Pradesh
TH_9207,BR_2,Cinepolis,Varanasi 60,Varanasi,Uttar Pradesh
TH_9208,BR_1,Carnival Cinemas,Bhavnagar 165,Bhavnagar,Gujarat
TH_9209,BR_6,Wave Cinemas,Muzaffarpur 373,Muzaffarpur,Bihar
TH_9210,BR_1,Carnival Cinemas,Nashik 364,Nashik,Maharashtra
TH_9211,BR_1,Carnival Cinemas,Agra 184,Agra,Uttar Pradesh
TH_9212,BR_6,Wave Cinemas,Nagpur 193,Nagpur,Maharashtra
TH_9213,BR_2,Cinepolis,Nashik 151,Nashik,Maharashtra
TH_9214,BR_5,PVR Cinemas,Meerut 194,Meerut,Uttar Pradesh
TH_9215,BR_3,INOX,Amritsar 146,Amritsar,Punjab
TH_9216,BR_1,Carnival Cinemas,Tiruchirappalli 436,Tiruchirappalli,Tamil Nadu
TH_9217,BR_2,Cinepolis,Muzaffarpur 289,Muzaffarpur,Bihar
TH_9218,BR_2,Cinepolis,Chennai 1,Chennai,Tamil Nadu
TH_9219,BR_5,PVR Cinemas,Surat 132,Surat,Gujarat
TH_9220,BR_4,Miraj Cinemas,Agra 83,Agra,Uttar Pradesh
TH_9221,BR_2,Cinepolis,Mysore 403,Mysore,Karnataka
TH_9222,BR_3,INOX,Nagpur 174,Nagpur,Maharashtra
TH_9223,BR_4,Miraj Cinemas,Ludhiana 406,Ludhiana,Punjab
TH_9224,BR_6,Wave Cinemas,Nagpur 219,Nagpur,Maharashtra
TH_9225,BR_4,Miraj Cinemas,Gwalior 243,Gwalior,Madhya Pradesh
TH_9226,BR_2,Cinepolis,Agra 429,Agra,Uttar Pradesh
TH_9227,BR_1,Carnival Cinemas,Mysore 217,Mysore,Karnataka
TH_9228,BR_5,PVR Cinemas,Gaya 89,Gaya,Bihar
TH_9229,BR_2,Cinepolis,Indore 99,Indore,Madhya Pradesh
TH_9230,BR_2,Cinepolis,Jaipur 181,Jaipur,Rajasthan
TH_9231,BR_6,Wave Cinemas,Durgapur 81,Durgapur,West Bengal
TH_9232,BR_6,Wave Cinemas,Patna 399,Patna,Bihar
TH_9233,BR_6,Wave Cinemas,Rajkot 152,Rajkot,Gujarat
TH_9234,BR_6,Wave Cinemas,Jalandhar 419,Jalandhar,Punjab
TH_9235,BR_1,Carnival Cinemas,Asansol 237,Asansol,West Bengal
TH_9236,BR_2,Cinepolis,Mangalore 282,Mangalore,Karnataka
TH_9237,BR_5,PVR Cinemas,Mysore 317,Mysore,Karnataka
TH_9238,BR_2,Cinepolis,Bhavnagar 307,Bhavnagar,Gujarat
TH_9239,BR_2,Cinepolis,Patiala 27,Patiala,Punjab
TH_9240,BR_4,Miraj Cinemas,Kanpur 234,Kanpur,Uttar Pradesh
TH_9241,BR_1,Carnival Cinemas,Mysore 387,Mysore,Karnataka
TH_9242,BR_4,Miraj Cinemas,Purnia 119,Purnia,Bihar
TH_9243,BR_5,PVR Cinemas,Chennai 21,Chennai,Tamil Nadu
TH_9244,BR_3,INOX,Madurai 352,Madurai,Tamil Nadu
TH_9245,BR_5,PVR Cinemas,Jalandhar 307,Jalandhar,Punjab
TH_9246,BR_5,PVR Cinemas,Bhagalpur 282,Bhagalpur,Bihar
TH_9247,BR_3,INOX,Indore 247,Indore,Madhya Pradesh
TH_9248,BR_3,INOX,Coimbatore 128,Coimbatore,Tamil Nadu
TH_9249,BR_1,Carnival Cinemas,Bhagalpur 380,Bhagalpur,Bihar
TH_9250,BR_4,Miraj Cinemas,Belgaum 62,Belgaum,Karnataka
TH_9251,BR_6,Wave Cinemas,Madurai 50,Madurai,Tamil Nadu
TH_9252,BR_2,Cinepolis,Patiala 498,Patiala,Punjab
TH_9253,BR_2,Cinepolis,Ajmer 220,Ajmer,Rajasthan
TH_9254,BR_3,INOX,Jaipur 321,Jaipur,Rajasthan
TH_9255,BR_2,Cinepolis,Jaipur 460,Jaipur,Rajasthan
TH_9256,BR_5,PVR Cinemas,Asansol 317,Asansol,West Bengal
TH_9257,BR_3,INOX,Gaya 407,Gaya,Bihar
TH_9258,BR_5,PVR Cinemas,Jabalpur 97,Jabalpur,Madhya Pradesh
TH_9259,BR_2,Cinepolis,Bhagalpur 100,Bhagalpur,Bihar
TH_9260,BR_4,Miraj Cinemas,Ahmedabad 220,Ahmedabad,Gujarat
TH_9261,BR_6,Wave Cinemas,Mumbai 152,Mumbai,Maharashtra
TH_9262,BR_4,Miraj Cinemas,Tiruchirappalli 183,Tiruchirappalli,Tamil Nadu
TH_9263,BR_2,Cinepolis,Chennai 16,Chennai,Tamil Nadu
TH_9264,BR_5,PVR Cinemas,Jabalpur 148,Jabalpur,Madhya Pradesh
TH_9265,BR_4,Miraj Cinemas,Ludhiana 288,Ludhiana,Punjab
TH_9266,BR_5,PVR Cinemas,Jabalpur 1,Jabalpur,Madhya Pradesh
TH_9267,BR_3,INOX,Ahmedabad 133,Ahmedabad,Gujarat
TH_9268,BR_6,Wave Cinemas,Ajmer 428,Ajmer,Rajasthan
TH_9269,BR_2,Cinepolis,Belgaum 7,Belgaum,Karnataka
TH_9270,BR_2,Cinepolis,Asansol 311,Asansol,West Bengal
TH_9271,BR_6,Wave Cinemas,Ujjain 377,Ujjain,Madhya Pradesh
TH_9272,BR_2,Cinepolis,Mysore 146,Mysore,Karnataka
TH_9273,BR_5,PVR Cinemas,Jodhpur 496,Jodhpur,Rajasthan
TH_9274,BR_2,Cinepolis,Coimbatore 32,Coimbatore,Tamil Nadu
TH_9275,BR_3,INOX,Tiruchirappalli 305,Tiruchirappalli,Tamil Nadu
TH_9276,BR_4,Miraj Cinemas,Durgapur 449,Durgapur,West Bengal
TH_9277,BR_3,INOX,Bathinda 66,Bathinda,Punjab
TH_9278,BR_3,INOX,Nagpur 229,Nagpur,Maharashtra
TH_9279,BR_3,INOX,Amritsar 337,Amritsar,Punjab
TH_9280,BR_2,Cinepolis,Bhagalpur 444,Bhagalpur,Bihar
TH_9281,BR_4,Miraj Cinemas,Hubli 303,Hubli,Karnataka
TH_9282,BR_2,Cinepolis,Ludhiana 289,Ludhiana,Punjab
TH_9283,BR_5,PVR Cinemas,Ujjain 482,Ujjain,Madhya Pradesh
TH_9284,BR_3,INOX,Ajmer 461,Ajmer,Rajasthan
TH_9285,BR_5,PVR Cinemas,Muzaffarpur 298,Muzaffarpur,Bihar
TH_9286,BR_3,INOX,Bathinda 336,Bathinda,Punjab
TH_9287,BR_6,Wave Cinemas,Gaya 231,Gaya,Bihar
TH_9288,BR_2,Cinepolis,Mangalore 152,Mangalore,Karnataka
TH_9289,BR_5,PVR Cinemas,Tiruchirappalli 346,Tiruchirappalli,Tamil Nadu
TH_9290,BR_6,Wave Cinemas,Mangalore 278,Mangalore,Karnataka
TH_9291,BR_1,Carnival Cinemas,Chennai 84,Chennai,Tamil Nadu
TH_9292,BR_5,PVR Cinemas,Patna 33,Patna,Bihar
TH_9293,BR_3,INOX,Hubli 69,Hubli,Karnataka
TH_9294,BR_3,INOX,Ujjain 282,Ujjain,Madhya Pradesh
TH_9295,BR_3,INOX,Madurai 294,Madurai,Tamil Nadu
TH_9296,BR_2,Cinepolis,Siliguri 347,Siliguri,West Bengal
TH_9297,BR_4,Miraj Cinemas,Coimbatore 31,Coimbatore,Tamil Nadu
TH_9298,BR_5,PVR Cinemas,Surat 8,Surat,Gujarat
TH_9299,BR_5,PVR Cinemas,Gwalior 314,Gwalior,Madhya Pradesh
TH_9300,BR_4,Miraj Cinemas,Jaipur 278,Jaipur,Rajasthan
TH_9301,BR_2,Cinepolis,Surat 429,Surat,Gujarat
TH_9302,BR_6,Wave Cinemas,Ahmedabad 87,Ahmedabad,Gujarat
TH_9303,BR_3,INOX,Vadodara 26,Vadodara,Gujarat
TH_9304,BR_2,Cinepolis,Patna 138,Patna,Bihar
TH_9305,BR_3,INOX,Rajkot 205,Rajkot,Gujarat
TH_9306,BR_2,Cinepolis,Bhavnagar 352,Bhavnagar,Gujarat
TH_9307,BR_2,Cinepolis,Pune 39,Pune,Maharashtra
TH_9308,BR_3,INOX,Ajmer 243,Ajmer,Rajasthan
TH_9309,BR_2,Cinepolis,Muzaffarpur 125,Muzaffarpur,Bihar
TH_9310,BR_1,Carnival Cinemas,Bhagalpur 444,Bhagalpur,Bihar
TH_9311,BR_3,INOX,Jodhpur 247,Jodhpur,Rajasthan
TH_9312,BR_5,PVR Cinemas,Howrah 376,Howrah,West Bengal
TH_9313,BR_4,Miraj Cinemas,Mysore 162,Mysore,Karnataka
TH_9314,BR_6,Wave Cinemas,Amritsar 124,Amritsar,Punjab
TH_9315,BR_2,Cinepolis,Purnia 80,Purnia,Bihar
TH_9316,BR_5,PVR Cinemas,Ajmer 440,Ajmer,Rajasthan
TH_9317,BR_5,PVR Cinemas,Nagpur 361,Nagpur,Maharashtra
TH_9318,BR_3,INOX,Siliguri 405,Siliguri,West Bengal
TH_9319,BR_5,PVR Cinemas,Kolkata 245,Kolkata,West Bengal
TH_9320,BR_4,Miraj Cinemas,Kota 116,Kota,Rajasthan
TH_9321,BR_5,PVR Cinemas,Durgapur 276,Durgapur,West Bengal
TH_9322,BR_3,INOX,Siliguri 214,Siliguri,West Bengal
TH_9323,BR_6,Wave Cinemas,Kota 137,Kota,Rajasthan
TH_9324,BR_1,Carnival Cinemas,Tiruchirappalli 365,Tiruchirappalli,Tamil Nadu
TH_9325,BR_5,PVR Cinemas,Madurai 134,Madurai,Tamil Nadu
TH_9326,BR_2,Cinepolis,Jodhpur 101,Jodhpur,Rajasthan
TH_9327,BR_6,Wave Cinemas,Siliguri 54,Siliguri,West Bengal
TH_9328,BR_1,Carnival Cinemas,Mumbai 492,Mumbai,Maharashtra
TH_9329,BR_1,Carnival Cinemas,Gaya 386,Gaya,Bihar
TH_9330,BR_6,Wave Cinemas,Asansol 215,Asansol,West Bengal
TH_9331,BR_2,Cinepolis,Udaipur 385,Udaipur,Rajasthan
TH_9332,BR_4,Miraj Cinemas,Gaya 34,Gaya,Bihar
TH_9333,BR_2,Cinepolis,Pune 118,Pune,Maharashtra
TH_9334,BR_4,Miraj Cinemas,Jalandhar 209,Jalandhar,Punjab
TH_9335,BR_4,Miraj Cinemas,Thane 251,Thane,Maharashtra
TH_9336,BR_3,INOX,Thane 438,Thane,Maharashtra
TH_9337,BR_1,Carnival Cinemas,Muzaffarpur 291,Muzaffarpur,Bihar
TH_9338,BR_4,Miraj Cinemas,Bhavnagar 287,Bhavnagar,Gujarat
TH_9339,BR_4,Miraj Cinemas,Patna 374,Patna,Bihar
TH_9340,BR_3,INOX,Muzaffarpur 82,Muzaffarpur,Bihar
TH_9341,BR_3,INOX,Lucknow 219,Lucknow,Uttar Pradesh
TH_9342,BR_3,INOX,Bhavnagar 402,Bhavnagar,Gujarat
TH_9343,BR_6,Wave Cinemas,Agra 463,Agra,Uttar Pradesh
TH_9344,BR_5,PVR Cinemas,Patna 341,Patna,Bihar
TH_9345,BR_2,Cinepolis,Mangalore 114,Mangalore,Karnataka
TH_9346,BR_6,Wave Cinemas,Jodhpur 72,Jodhpur,Rajasthan
TH_9347,BR_1,Carnival Cinemas,Chennai 269,Chennai,Tamil Nadu
TH_9348,BR_4,Miraj Cinemas,Tiruchirappalli 437,Tiruchirappalli,Tamil Nadu
TH_9349,BR_6,Wave Cinemas,Mangalore 188,Mangalore,Karnataka
TH_9350,BR_1,Carnival Cinemas,Ludhiana 344,Ludhiana,Punjab
TH_9351,BR_6,Wave Cinemas,Ajmer 473,Ajmer,Rajasthan
TH_9352,BR_4,Miraj Cinemas,Udaipur 377,Udaipur,Rajasthan
TH_9353,BR_2,Cinepolis,Patiala 489,Patiala,Punjab
TH_9354,BR_6,Wave Cinemas,Tiruchirappalli 192,Tiruchirappalli,Tamil Nadu
TH_9355,BR_1,Carnival Cinemas,Jalandhar 259,Jalandhar,Punjab
TH_9356,BR_5,PVR Cinemas,Udaipur 471,Udaipur,Rajasthan
TH_9357,BR_1,Carnival Cinemas,Mysore 241,Mysore,Karnataka
TH_9358,BR_3,INOX,Kolkata 223,Kolkata,West Bengal
TH_9359,BR_5,PVR Cinemas,Chennai 160,Chennai,Tamil Nadu
TH_9360,BR_3,INOX,Mangalore 294,Mangalore,Karnataka
TH_9361,BR_5,PVR Cinemas,Patna 386,Patna,Bihar
TH_9362,BR_1,Carnival Cinemas,Coimbatore 227,Coimbatore,Tamil Nadu
TH_9363,BR_2,Cinepolis,Nashik 80,Nashik,Maharashtra
TH_9364,BR_1,Carnival Cinemas,Agra 368,Agra,Uttar Pradesh
TH_9365,BR_1,Carnival Cinemas,Durgapur 195,Durgapur,West Bengal
TH_9366,BR_6,Wave Cinemas,Pune 349,Pune,Maharashtra
TH_9367,BR_4,Miraj Cinemas,Agra 316,Agra,Uttar Pradesh
TH_9368,BR_6,Wave Cinemas,Hubli 189,Hubli,Karnataka
TH_9369,BR_4,Miraj Cinemas,Surat 487,Surat,Gujarat
TH_9370,BR_5,PVR Cinemas,Bathinda 67,Bathinda,Punjab
TH_9371,BR_2,Cinepolis,Bathinda 282,Bathinda,Punjab
TH_9372,BR_5,PVR Cinemas,Gaya 76,Gaya,Bihar
TH_9373,BR_2,Cinepolis,Ajmer 304,Ajmer,Rajasthan
TH_9374,BR_1,Carnival Cinemas,Surat 50,Surat,Gujarat
TH_9375,BR_2,Cinepolis,Jodhpur 370,Jodhpur,Rajasthan
TH_9376,BR_3,INOX,Udaipur 370,Udaipur,Rajasthan
TH_9377,BR_4,Miraj Cinemas,Belgaum 97,Belgaum,Karnataka
TH_9378,BR_3,INOX,Jabalpur 303,Jabalpur,Madhya Pradesh
TH_9379,BR_6,Wave Cinemas,Tiruchirappalli 201,Tiruchirappalli,Tamil Nadu
TH_9380,BR_2,Cinepolis,Pune 170,Pune,Maharashtra
TH_9381,BR_2,Cinepolis,Nagpur 385,Nagpur,Maharashtra
TH_9382,BR_4,Miraj Cinemas,Kanpur 220,Kanpur,Uttar Pradesh
TH_9383,BR_1,Carnival Cinemas,Purnia 245,Purnia,Bihar
TH_9384,BR_2,Cinepolis,Gwalior 330,Gwalior,Madhya Pradesh
TH_9385,BR_5,PVR Cinemas,Ludhiana 124,Ludhiana,Punjab
TH_9386,BR_4,Miraj Cinemas,Pune 70,Pune,Maharashtra
TH_9387,BR_3,INOX,Salem 57,Salem,Tamil Nadu
TH_9388,BR_1,Carnival Cinemas,Bhagalpur 406,Bhagalpur,Bihar
TH_9389,BR_1,Carnival Cinemas,Bhavnagar 171,Bhavnagar,Gujarat
TH_9390,BR_4,Miraj Cinemas,Mysore 406,Mysore,Karnataka
TH_9391,BR_4,Miraj Cinemas,Jaipur 385,Jaipur,Rajasthan
TH_9392,BR_4,Miraj Cinemas,Purnia 62,Purnia,Bihar
TH_9393,BR_1,Carnival Cinemas,Jabalpur 74,Jabalpur,Madhya Pradesh
TH_9394,BR_2,Cinepolis,Salem 308,Salem,Tamil Nadu
TH_9395,BR_1,Carnival Cinemas,Udaipur 214,Udaipur,Rajasthan
TH_9396,BR_2,Cinepolis,Jaipur 443,Jaipur,Rajasthan
TH_9397,BR_3,INOX,Agra 5,Agra,Uttar Pradesh
TH_9398,BR_1,Carnival Cinemas,Mumbai 136,Mumbai,Maharashtra
TH_9399,BR_1,Carnival Cinemas,Meerut 89,Meerut,Uttar Pradesh
TH_9400,BR_3,INOX,Kota 465,Kota,Rajasthan
TH_9401,BR_6,Wave Cinemas,Surat 232,Surat,Gujarat
TH_9402,BR_2,Cinepolis,Salem 112,Salem,Tamil Nadu
TH_9403,BR_1,Carnival Cinemas,Varanasi 182,Varanasi,Uttar Pradesh
TH_9404,BR_6,Wave Cinemas,Nagpur 468,Nagpur,Maharashtra
TH_9405,BR_6,Wave Cinemas,Gwalior 289,Gwalior,Madhya Pradesh
TH_9406,BR_6,Wave Cinemas,Hubli 61,Hubli,Karnataka
TH_9407,BR_1,Carnival Cinemas,Nagpur 364,Nagpur,Maharashtra
TH_9408,BR_1,Carnival Cinemas,Asansol 271,Asansol,West Bengal
TH_9409,BR_2,Cinepolis,Coimbatore 336,Coimbatore,Tamil Nadu
TH_9410,BR_5,PVR Cinemas,Kolkata 177,Kolkata,West Bengal
TH_9411,BR_1,Carnival Cinemas,Mumbai 121,Mumbai,Maharashtra
TH_9412,BR_4,Miraj Cinemas,Indore 125,Indore,Madhya Pradesh
TH_9413,BR_3,INOX,Varanasi 286,Varanasi,Uttar Pradesh
TH_9414,BR_3,INOX,Indore 452,Indore,Madhya Pradesh
TH_9415,BR_3,INOX,Salem 322,Salem,Tamil Nadu
TH_9416,BR_4,Miraj Cinemas,Mangalore 424,Mangalore,Karnataka
TH_9417,BR_4,Miraj Cinemas,Kolkata 250,Kolkata,West Bengal
TH_9418,BR_6,Wave Cinemas,Salem 431,Salem,Tamil Nadu
TH_9419,BR_3,INOX,Bhagalpur 164,Bhagalpur,Bihar
TH_9420,BR_1,Carnival Cinemas,Ahmedabad 430,Ahmedabad,Gujarat
TH_9421,BR_5,PVR Cinemas,Rajkot 436,Rajkot,Gujarat
TH_9422,BR_2,Cinepolis,Gwalior 99,Gwalior,Madhya Pradesh
TH_9423,BR_4,Miraj Cinemas,Jalandhar 301,Jalandhar,Punjab
TH_9424,BR_5,PVR Cinemas,Madurai 222,Madurai,Tamil Nadu
TH_9425,BR_3,INOX,Muzaffarpur 354,Muzaffarpur,Bihar
TH_9426,BR_6,Wave Cinemas,Tiruchirappalli 312,Tiruchirappalli,Tamil Nadu
TH_9427,BR_6,Wave Cinemas,Howrah 131,Howrah,West Bengal
TH_9428,BR_5,PVR Cinemas,Asansol 298,Asansol,West Bengal
TH_9429,BR_2,Cinepolis,Kolkata 325,Kolkata,West Bengal
TH_9430,BR_4,Miraj Cinemas,Kolkata 334,Kolkata,West Bengal
TH_9431,BR_3,INOX,Hubli 430,Hubli,Karnataka
TH_9432,BR_5,PVR Cinemas,Agra 251,Agra,Uttar Pradesh
TH_9433,BR_6,Wave Cinemas,Muzaffarpur 61,Muzaffarpur,Bihar
TH_9434,BR_6,Wave Cinemas,Chennai 89,Chennai,Tamil Nadu
TH_9435,BR_3,INOX,Mangalore 35,Mangalore,Karnataka
TH_9436,BR_4,Miraj Cinemas,Meerut 416,Meerut,Uttar Pradesh
TH_9437,BR_3,INOX,Mumbai 14,Mumbai,Maharashtra
TH_9438,BR_4,Miraj Cinemas,Ajmer 358,Ajmer,Rajasthan
TH_9439,BR_1,Carnival Cinemas,Hubli 113,Hubli,Karnataka
TH_9440,BR_5,PVR Cinemas,Udaipur 337,Udaipur,Rajasthan
TH_9441,BR_3,INOX,Ajmer 7,Ajmer,Rajasthan
TH_9442,BR_1,Carnival Cinemas,Hubli 189,Hubli,Karnataka
TH_9443,BR_5,PVR Cinemas,Indore 468,Indore,Madhya Pradesh
TH_9444,BR_3,INOX,Jaipur 77,Jaipur,Rajasthan
TH_9445,BR_1,Carnival Cinemas,Jaipur 327,Jaipur,Rajasthan
TH_9446,BR_4,Miraj Cinemas,Salem 244,Salem,Tamil Nadu
TH_9447,BR_5,PVR Cinemas,Amritsar 101,Amritsar,Punjab
TH_9448,BR_2,Cinepolis,Jodhpur 167,Jodhpur,Rajasthan
TH_9449,BR_6,Wave Cinemas,Nagpur 426,Nagpur,Maharashtra
TH_9450,BR_5,PVR Cinemas,Bhavnagar 273,Bhavnagar,Gujarat
TH_9451,BR_2,Cinepolis,Belgaum 145,Belgaum,Karnataka
TH_9452,BR_2,Cinepolis,Siliguri 364,Siliguri,West Bengal
TH_9453,BR_5,PVR Cinemas,Vadodara 248,Vadodara,Gujarat
TH_9454,BR_1,Carnival Cinemas,Jaipur 425,Jaipur,Rajasthan
TH_9455,BR_5,PVR Cinemas,Amritsar 156,Amritsar,Punjab
TH_9456,BR_1,Carnival Cinemas,Mumbai 221,Mumbai,Maharashtra
TH_9457,BR_3,INOX,Tiruchirappalli 490,Tiruchirappalli,Tamil Nadu
TH_9458,BR_1,Carnival Cinemas,Nashik 3,Nashik,Maharashtra
TH_9459,BR_6,Wave Cinemas,Patna 406,Patna,Bihar
TH_9460,BR_6,Wave Cinemas,Ujjain 259,Ujjain,Madhya Pradesh
TH_9461,BR_4,Miraj Cinemas,Meerut 57,Meerut,Uttar Pradesh
TH_9462,BR_6,Wave Cinemas,Asansol 236,Asansol,West Bengal
TH_9463,BR_2,Cinepolis,Howrah 294,Howrah,West Bengal
TH_9464,BR_3,INOX,Madurai 210,Madurai,Tamil Nadu
TH_9465,BR_5,PVR Cinemas,Coimbatore 154,Coimbatore,Tamil Nadu
TH_9466,BR_2,Cinepolis,Patiala 404,Patiala,Punjab
TH_9467,BR_5,PVR Cinemas,Kota 357,Kota,Rajasthan
TH_9468,BR_5,PVR Cinemas,Gaya 161,Gaya,Bihar
TH_9469,BR_4,Miraj Cinemas,Ahmedabad 430,Ahmedabad,Gujarat
TH_9470,BR_2,Cinepolis,Kota 297,Kota,Rajasthan
TH_9471,BR_4,Miraj Cinemas,Tiruchirappalli 192,Tiruchirappalli,Tamil Nadu
TH_9472,BR_5,PVR Cinemas,Bangalore 257,Bangalore,Karnataka
TH_9473,BR_3,INOX,Indore 171,Indore,Madhya Pradesh
TH_9474,BR_6,Wave Cinemas,Bangalore 392,Bangalore,Karnataka
TH_9475,BR_3,INOX,Bhavnagar 245,Bhavnagar,Gujarat
TH_9476,BR_4,Miraj Cinemas,Ludhiana 118,Ludhiana,Punjab
TH_9477,BR_4,Miraj Cinemas,Bhopal 444,Bhopal,Madhya Pradesh
TH_9478,BR_5,PVR Cinemas,Meerut 69,Meerut,Uttar Pradesh
TH_9479,BR_5,PVR Cinemas,Coimbatore 167,Coimbatore,Tamil Nadu
TH_9480,BR_5,PVR Cinemas,Chennai 487,Chennai,Tamil Nadu
TH_9481,BR_5,PVR Cinemas,Meerut 72,Meerut,Uttar Pradesh
TH_9482,BR_4,Miraj Cinemas,Indore 44,Indore,Madhya Pradesh
TH_9483,BR_6,Wave Cinemas,Varanasi 78,Varanasi,Uttar Pradesh
TH_9484,BR_3,INOX,Mangalore 225,Mangalore,Karnataka
TH_9485,BR_6,Wave Cinemas,Meerut 387,Meerut,Uttar Pradesh
TH_9486,BR_2,Cinepolis,Vadodara 142,Vadodara,Gujarat
TH_9487,BR_4,Miraj Cinemas,Bhavnagar 225,Bhavnagar,Gujarat
TH_9488,BR_4,Miraj Cinemas,Chennai 95,Chennai,Tamil Nadu
TH_9489,BR_6,Wave Cinemas,Kanpur 211,Kanpur,Uttar Pradesh
TH_9490,BR_1,Carnival Cinemas,Pune 466,Pune,Maharashtra
TH_9491,BR_5,PVR Cinemas,Agra 451,Agra,Uttar Pradesh
TH_9492,BR_1,Carnival Cinemas,Nashik 315,Nashik,Maharashtra
TH_9493,BR_6,Wave Cinemas,Ahmedabad 38,Ahmedabad,Gujarat
TH_9494,BR_4,Miraj Cinemas,Patna 8,Patna,Bihar
TH_9495,BR_3,INOX,Kota 191,Kota,Rajasthan
TH_9496,BR_2,Cinepolis,Kota 336,Kota,Rajasthan
TH_9497,BR_3,INOX,Ujjain 173,Ujjain,Madhya Pradesh
TH_9498,BR_1,Carnival Cinemas,Coimbatore 284,Coimbatore,Tamil Nadu
TH_9499,BR_1,Carnival Cinemas,Indore 172,Indore,Madhya Pradesh
TH_9500,BR_4,Miraj Cinemas,Purnia 16,Purnia,Bihar
TH_9501,BR_5,PVR Cinemas,Udaipur 435,Udaipur,Rajasthan
TH_9502,BR_1,Carnival Cinemas,Gwalior 122,Gwalior,Madhya Pradesh
TH_9503,BR_2,Cinepolis,Patiala 16,Patiala,Punjab
TH_9504,BR_6,Wave Cinemas,Patna 382,Patna,Bihar
TH_9505,BR_2,Cinepolis,Patna 331,Patna,Bihar
TH_9506,BR_3,INOX,Bangalore 442,Bangalore,Karnataka
TH_9507,BR_2,Cinepolis,Ajmer 89,Ajmer,Rajasthan
TH_9508,BR_4,Miraj Cinemas,Siliguri 164,Siliguri,West Bengal
TH_9509,BR_6,Wave Cinemas,Ludhiana 429,Ludhiana,Punjab
TH_9510,BR_1,Carnival Cinemas,Asansol 220,Asansol,West Bengal
TH_9511,BR_2,Cinepolis,Purnia 108,Purnia,Bihar
TH_9512,BR_4,Miraj Cinemas,Thane 141,Thane,Maharashtra
TH_9513,BR_4,Miraj Cinemas,Udaipur 177,Udaipur,Rajasthan
TH_9514,BR_6,Wave Cinemas,Siliguri 61,Siliguri,West Bengal
TH_9515,BR_5,PVR Cinemas,Kanpur 217,Kanpur,Uttar Pradesh
TH_9516,BR_5,PVR Cinemas,Bhopal 127,Bhopal,Madhya Pradesh
TH_9517,BR_5,PVR Cinemas,Jalandhar 111,Jalandhar,Punjab
TH_9518,BR_4,Miraj Cinemas,Ludhiana 500,Ludhiana,Punjab
TH_9519,BR_6,Wave Cinemas,Thane 157,Thane,Maharashtra
TH_9520,BR_4,Miraj Cinemas,Jabalpur 315,Jabalpur,Madhya Pradesh
TH_9521,BR_4,Miraj Cinemas,Kota 327,Kota,Rajasthan
TH_9522,BR_2,Cinepolis,Bathinda 309,Bathinda,Punjab
TH_9523,BR_3,INOX,Pune 167,Pune,Maharashtra
TH_9524,BR_1,Carnival Cinemas,Nashik 480,Nashik,Maharashtra
TH_9525,BR_4,Miraj Cinemas,Jodhpur 299,Jodhpur,Rajasthan
TH_9526,BR_6,Wave Cinemas,Durgapur 422,Durgapur,West Bengal
TH_9527,BR_3,INOX,Meerut 485,Meerut,Uttar Pradesh
TH_9528,BR_4,Miraj Cinemas,Jaipur 236,Jaipur,Rajasthan
TH_9529,BR_5,PVR Cinemas,Jaipur 169,Jaipur,Rajasthan
TH_9530,BR_1,Carnival Cinemas,Rajkot 426,Rajkot,Gujarat
TH_9531,BR_1,Carnival Cinemas,Belgaum 278,Belgaum,Karnataka
TH_9532,BR_5,PVR Cinemas,Coimbatore 445,Coimbatore,Tamil Nadu
TH_9533,BR_1,Carnival Cinemas,Rajkot 255,Rajkot,Gujarat
TH_9534,BR_2,Cinepolis,Bathinda 237,Bathinda,Punjab
TH_9535,BR_3,INOX,Ajmer 117,Ajmer,Rajasthan
TH_9536,BR_3,INOX,Mumbai 355,Mumbai,Maharashtra
TH_9537,BR_6,Wave Cinemas,Gwalior 370,Gwalior,Madhya Pradesh
TH_9538,BR_2,Cinepolis,Chennai 175,Chennai,Tamil Nadu
TH_9539,BR_6,Wave Cinemas,Jabalpur 347,Jabalpur,Madhya Pradesh
TH_9540,BR_2,Cinepolis,Kota 285,Kota,Rajasthan
TH_9541,BR_3,INOX,Udaipur 100,Udaipur,Rajasthan
TH_9542,BR_5,PVR Cinemas,Gwalior 125,Gwalior,Madhya Pradesh
TH_9543,BR_1,Carnival Cinemas,Tiruchirappalli 435,Tiruchirappalli,Tamil Nadu
TH_9544,BR_2,Cinepolis,Hubli 239,Hubli,Karnataka
TH_9545,BR_3,INOX,Patiala 193,Patiala,Punjab
TH_9546,BR_6,Wave Cinemas,Udaipur 174,Udaipur,Rajasthan
TH_9547,BR_1,Carnival Cinemas,Agra 38,Agra,Uttar Pradesh
TH_9548,BR_6,Wave Cinemas,Siliguri 304,Siliguri,West Bengal
TH_9549,BR_4,Miraj Cinemas,Purnia 62,Purnia,Bihar
TH_9550,BR_2,Cinepolis,Bangalore 153,Bangalore,Karnataka
TH_9551,BR_3,INOX,Indore 440,Indore,Madhya Pradesh
TH_9552,BR_3,INOX,Jalandhar 37,Jalandhar,Punjab
TH_9553,BR_3,INOX,Mysore 416,Mysore,Karnataka
TH_9554,BR_2,Cinepolis,Madurai 129,Madurai,Tamil Nadu
TH_9555,BR_5,PVR Cinemas,Patiala 415,Patiala,Punjab
TH_9556,BR_4,Miraj Cinemas,Tiruchirappalli 299,Tiruchirappalli,Tamil Nadu
TH_9557,BR_5,PVR Cinemas,Durgapur 309,Durgapur,West Bengal
TH_9558,BR_1,Carnival Cinemas,Purnia 227,Purnia,Bihar
TH_9559,BR_1,Carnival Cinemas,Jalandhar 70,Jalandhar,Punjab
TH_9560,BR_3,INOX,Meerut 11,Meerut,Uttar Pradesh
TH_9561,BR_6,Wave Cinemas,Asansol 358,Asansol,West Bengal
TH_9562,BR_6,Wave Cinemas,Patna 127,Patna,Bihar
TH_9563,BR_4,Miraj Cinemas,Lucknow 437,Lucknow,Uttar Pradesh
TH_9564,BR_4,Miraj Cinemas,Bhopal 410,Bhopal,Madhya Pradesh
TH_9565,BR_1,Carnival Cinemas,Jaipur 482,Jaipur,Rajasthan
TH_9566,BR_1,Carnival Cinemas,Thane 68,Thane,Maharashtra
TH_9567,BR_4,Miraj Cinemas,Kolkata 209,Kolkata,West Bengal
TH_9568,BR_3,INOX,Indore 248,Indore,Madhya Pradesh
TH_9569,BR_5,PVR Cinemas,Asansol 50,Asansol,West Bengal
TH_9570,BR_6,Wave Cinemas,Lucknow 329,Lucknow,Uttar Pradesh
TH_9571,BR_2,Cinepolis,Indore 427,Indore,Madhya Pradesh
TH_9572,BR_5,PVR Cinemas,Pune 351,Pune,Maharashtra
TH_9573,BR_1,Carnival Cinemas,Mumbai 157,Mumbai,Maharashtra
TH_9574,BR_4,Miraj Cinemas,Kolkata 285,Kolkata,West Bengal
TH_9575,BR_2,Cinepolis,Lucknow 263,Lucknow,Uttar Pradesh
TH_9576,BR_6,Wave Cinemas,Kanpur 422,Kanpur,Uttar Pradesh
TH_9577,BR_5,PVR Cinemas,Ahmedabad 124,Ahmedabad,Gujarat
TH_9578,BR_4,Miraj Cinemas,Salem 124,Salem,Tamil Nadu
TH_9579,BR_5,PVR Cinemas,Vadodara 299,Vadodara,Gujarat
TH_9580,BR_3,INOX,Coimbatore 21,Coimbatore,Tamil Nadu
TH_9581,BR_3,INOX,Kanpur 122,Kanpur,Uttar Pradesh
TH_9582,BR_5,PVR Cinemas,Patiala 339,Patiala,Punjab
TH_9583,BR_2,Cinepolis,Indore 202,Indore,Madhya Pradesh
TH_9584,BR_2,Cinepolis,Ajmer 333,Ajmer,Rajasthan
TH_9585,BR_3,INOX,Howrah 400,Howrah,West Bengal
TH_9586,BR_2,Cinepolis,Patna 415,Patna,Bihar
TH_9587,BR_6,Wave Cinemas,Meerut 66,Meerut,Uttar Pradesh
TH_9588,BR_3,INOX,Agra 345,Agra,Uttar Pradesh
TH_9589,BR_4,Miraj Cinemas,Ahmedabad 359,Ahmedabad,Gujarat
TH_9590,BR_3,INOX,Belgaum 424,Belgaum,Karnataka
TH_9591,BR_4,Miraj Cinemas,Vadodara 39,Vadodara,Gujarat
TH_9592,BR_2,Cinepolis,Bhagalpur 321,Bhagalpur,Bihar
TH_9593,BR_1,Carnival Cinemas,Lucknow 377,Lucknow,Uttar Pradesh
TH_9594,BR_5,PVR Cinemas,Mumbai 116,Mumbai,Maharashtra
TH_9595,BR_1,Carnival Cinemas,Varanasi 379,Varanasi,Uttar Pradesh
TH_9596,BR_1,Carnival Cinemas,Indore 474,Indore,Madhya Pradesh
TH_9597,BR_3,INOX,Mumbai 426,Mumbai,Maharashtra
TH_9598,BR_6,Wave Cinemas,Mangalore 467,Mangalore,Karnataka
TH_9599,BR_6,Wave Cinemas,Varanasi 123,Varanasi,Uttar Pradesh
TH_9600,BR_3,INOX,Indore 183,Indore,Madhya Pradesh
TH_9601,BR_6,Wave Cinemas,Indore 185,Indore,Madhya Pradesh
TH_9602,BR_4,Miraj Cinemas,Howrah 420,Howrah,West Bengal
TH_9603,BR_3,INOX,Vadodara 439,Vadodara,Gujarat
TH_9604,BR_1,Carnival Cinemas,Jalandhar 45,Jalandhar,Punjab
TH_9605,BR_4,Miraj Cinemas,Lucknow 143,Lucknow,Uttar Pradesh
TH_9606,BR_1,Carnival Cinemas,Muzaffarpur 495,Muzaffarpur,Bihar
TH_9607,BR_6,Wave Cinemas,Jaipur 225,Jaipur,Rajasthan
TH_9608,BR_6,Wave Cinemas,Salem 353,Salem,Tamil Nadu
TH_9609,BR_4,Miraj Cinemas,Varanasi 372,Varanasi,Uttar Pradesh
TH_9610,BR_5,PVR Cinemas,Lucknow 257,Lucknow,Uttar Pradesh
TH_9611,BR_3,INOX,Madurai 464,Madurai,Tamil Nadu
TH_9612,BR_6,Wave Cinemas,Lucknow 373,Lucknow,Uttar Pradesh
TH_9613,BR_1,Carnival Cinemas,Tiruchirappalli 122,Tiruchirappalli,Tamil Nadu
TH_9614,BR_2,Cinepolis,Pune 233,Pune,Maharashtra
TH_9615,BR_2,Cinepolis,Mangalore 345,Mangalore,Karnataka
TH_9616,BR_4,Miraj Cinemas,Jaipur 442,Jaipur,Rajasthan
TH_9617,BR_4,Miraj Cinemas,Lucknow 270,Lucknow,Uttar Pradesh
TH_9618,BR_6,Wave Cinemas,Ahmedabad 206,Ahmedabad,Gujarat
TH_9619,BR_4,Miraj Cinemas,Gwalior 456,Gwalior,Madhya Pradesh
TH_9620,BR_1,Carnival Cinemas,Coimbatore 39,Coimbatore,Tamil Nadu
TH_9621,BR_4,Miraj Cinemas,Salem 270,Salem,Tamil Nadu
TH_9622,BR_4,Miraj Cinemas,Kolkata 221,Kolkata,West Bengal
TH_9623,BR_3,INOX,Lucknow 153,Lucknow,Uttar Pradesh
TH_9624,BR_4,Miraj Cinemas,Salem 491,Salem,Tamil Nadu
TH_9625,BR_2,Cinepolis,Patna 235,Patna,Bihar
TH_9626,BR_3,INOX,Amritsar 407,Amritsar,Punjab
TH_9627,BR_1,Carnival Cinemas,Jalandhar 401,Jalandhar,Punjab
TH_9628,BR_5,PVR Cinemas,Pune 222,Pune,Maharashtra
TH_9629,BR_5,PVR Cinemas,Coimbatore 179,Coimbatore,Tamil Nadu
TH_9630,BR_4,Miraj Cinemas,Vadodara 68,Vadodara,Gujarat
TH_9631,BR_4,Miraj Cinemas,Agra 167,Agra,Uttar Pradesh
TH_9632,BR_2,Cinepolis,Belgaum 394,Belgaum,Karnataka
TH_9633,BR_2,Cinepolis,Ujjain 415,Ujjain,Madhya Pradesh
TH_9634,BR_1,Carnival Cinemas,Varanasi 185,Varanasi,Uttar Pradesh
TH_9635,BR_5,PVR Cinemas,Coimbatore 311,Coimbatore,Tamil Nadu
TH_9636,BR_2,Cinepolis,Rajkot 266,Rajkot,Gujarat
TH_9637,BR_3,INOX,Bhopal 470,Bhopal,Madhya Pradesh
TH_9638,BR_4,Miraj Cinemas,Amritsar 272,Amritsar,Punjab
TH_9639,BR_6,Wave Cinemas,Ahmedabad 302,Ahmedabad,Gujarat
TH_9640,BR_4,Miraj Cinemas,Patiala 377,Patiala,Punjab
TH_9641,BR_1,Carnival Cinemas,Tiruchirappalli 443,Tiruchirappalli,Tamil Nadu
TH_9642,BR_6,Wave Cinemas,Patna 106,Patna,Bihar
TH_9643,BR_1,Carnival Cinemas,Jodhpur 193,Jodhpur,Rajasthan
TH_9644,BR_5,PVR Cinemas,Surat 467,Surat,Gujarat
TH_9645,BR_4,Miraj Cinemas,Jodhpur 262,Jodhpur,Rajasthan
TH_9646,BR_4,Miraj Cinemas,Coimbatore 314,Coimbatore,Tamil Nadu
TH_9647,BR_1,Carnival Cinemas,Muzaffarpur 68,Muzaffarpur,Bihar
TH_9648,BR_6,Wave Cinemas,Pune 112,Pune,Maharashtra
TH_9649,BR_1,Carnival Cinemas,Meerut 162,Meerut,Uttar Pradesh
TH_9650,BR_3,INOX,Belgaum 17,Belgaum,Karnataka
TH_9651,BR_4,Miraj Cinemas,Jalandhar 59,Jalandhar,Punjab
TH_9652,BR_1,Carnival Cinemas,Jodhpur 358,Jodhpur,Rajasthan
TH_9653,BR_1,Carnival Cinemas,Chennai 245,Chennai,Tamil Nadu
TH_9654,BR_3,INOX,Thane 248,Thane,Maharashtra
TH_9655,BR_1,Carnival Cinemas,Agra 152,Agra,Uttar Pradesh
TH_9656,BR_1,Carnival Cinemas,Bangalore 380,Bangalore,Karnataka
TH_9657,BR_3,INOX,Coimbatore 112,Coimbatore,Tamil Nadu
TH_9658,BR_3,INOX,Bhagalpur 35,Bhagalpur,Bihar
TH_9659,BR_4,Miraj Cinemas,Muzaffarpur 454,Muzaffarpur,Bihar
TH_9660,BR_6,Wave Cinemas,Vadodara 294,Vadodara,Gujarat
TH_9661,BR_1,Carnival Cinemas,Ludhiana 458,Ludhiana,Punjab
TH_9662,BR_3,INOX,Nagpur 63,Nagpur,Maharashtra
TH_9663,BR_5,PVR Cinemas,Pune 58,Pune,Maharashtra
TH_9664,BR_1,Carnival Cinemas,Purnia 306,Purnia,Bihar
TH_9665,BR_2,Cinepolis,Jodhpur 9,Jodhpur,Rajasthan
TH_9666,BR_5,PVR Cinemas,Bhopal 99,Bhopal,Madhya Pradesh
TH_9667,BR_5,PVR Cinemas,Coimbatore 452,Coimbatore,Tamil Nadu
TH_9668,BR_6,Wave Cinemas,Jaipur 151,Jaipur,Rajasthan
TH_9669,BR_5,PVR Cinemas,Muzaffarpur 288,Muzaffarpur,Bihar
TH_9670,BR_5,PVR Cinemas,Mumbai 336,Mumbai,Maharashtra
TH_9671,BR_6,Wave Cinemas,Meerut 213,Meerut,Uttar Pradesh
TH_9672,BR_1,Carnival Cinemas,Indore 496,Indore,Madhya Pradesh
TH_9673,BR_1,Carnival Cinemas,Jaipur 69,Jaipur,Rajasthan
TH_9674,BR_4,Miraj Cinemas,Indore 117,Indore,Madhya Pradesh
TH_9675,BR_6,Wave Cinemas,Udaipur 397,Udaipur,Rajasthan
TH_9676,BR_2,Cinepolis,Durgapur 373,Durgapur,West Bengal
TH_9677,BR_6,Wave Cinemas,Bhavnagar 349,Bhavnagar,Gujarat
TH_9678,BR_4,Miraj Cinemas,Varanasi 427,Varanasi,Uttar Pradesh
TH_9679,BR_6,Wave Cinemas,Pune 60,Pune,Maharashtra
TH_9680,BR_6,Wave Cinemas,Bhopal 476,Bhopal,Madhya Pradesh
TH_9681,BR_1,Carnival Cinemas,Kanpur 337,Kanpur,Uttar Pradesh
TH_9682,BR_3,INOX,Agra 90,Agra,Uttar Pradesh
TH_9683,BR_3,INOX,Amritsar 388,Amritsar,Punjab
TH_9684,BR_6,Wave Cinemas,Vadodara 45,Vadodara,Gujarat
TH_9685,BR_3,INOX,Amritsar 468,Amritsar,Punjab
TH_9686,BR_1,Carnival Cinemas,Bhopal 13,Bhopal,Madhya Pradesh
TH_9687,BR_5,PVR Cinemas,Belgaum 243,Belgaum,Karnataka
TH_9688,BR_3,INOX,Agra 62,Agra,Uttar Pradesh
TH_9689,BR_3,INOX,Asansol 5,Asansol,West Bengal
TH_9690,BR_1,Carnival Cinemas,Patna 340,Patna,Bihar
TH_9691,BR_3,INOX,Ajmer 275,Ajmer,Rajasthan
TH_9692,BR_2,Cinepolis,Lucknow 455,Lucknow,Uttar Pradesh
TH_9693,BR_6,Wave Cinemas,Belgaum 308,Belgaum,Karnataka
TH_9694,BR_3,INOX,Mangalore 456,Mangalore,Karnataka
TH_9695,BR_4,Miraj Cinemas,Bhavnagar 439,Bhavnagar,Gujarat
TH_9696,BR_4,Miraj Cinemas,Hubli 294,Hubli,Karnataka
TH_9697,BR_6,Wave Cinemas,Patiala 490,Patiala,Punjab
TH_9698,BR_4,Miraj Cinemas,Muzaffarpur 291,Muzaffarpur,Bihar
TH_9699,BR_4,Miraj Cinemas,Varanasi 403,Varanasi,Uttar Pradesh
TH_9700,BR_6,Wave Cinemas,Gaya 396,Gaya,Bihar
TH_9701,BR_3,INOX,Indore 205,Indore,Madhya Pradesh
TH_9702,BR_2,Cinepolis,Bhavnagar 336,Bhavnagar,Gujarat
TH_9703,BR_1,Carnival Cinemas,Howrah 212,Howrah,West Bengal
TH_9704,BR_5,PVR Cinemas,Surat 63,Surat,Gujarat
TH_9705,BR_4,Miraj Cinemas,Siliguri 108,Siliguri,West Bengal
TH_9706,BR_1,Carnival Cinemas,Bhavnagar 127,Bhavnagar,Gujarat
TH_9707,BR_2,Cinepolis,Mumbai 383,Mumbai,Maharashtra
TH_9708,BR_1,Carnival Cinemas,Pune 294,Pune,Maharashtra
TH_9709,BR_6,Wave Cinemas,Muzaffarpur 486,Muzaffarpur,Bihar
TH_9710,BR_1,Carnival Cinemas,Indore 127,Indore,Madhya Pradesh
TH_9711,BR_1,Carnival Cinemas,Udaipur 283,Udaipur,Rajasthan
TH_9712,BR_6,Wave Cinemas,Ajmer 384,Ajmer,Rajasthan
TH_9713,BR_2,Cinepolis,Coimbatore 338,Coimbatore,Tamil Nadu
TH_9714,BR_5,PVR Cinemas,Jabalpur 171,Jabalpur,Madhya Pradesh
TH_9715,BR_3,INOX,Ujjain 431,Ujjain,Madhya Pradesh
TH_9716,BR_1,Carnival Cinemas,Jalandhar 21,Jalandhar,Punjab
TH_9717,BR_2,Cinepolis,Udaipur 89,Udaipur,Rajasthan
TH_9718,BR_2,Cinepolis,Ahmedabad 336,Ahmedabad,Gujarat
TH_9719,BR_5,PVR Cinemas,Chennai 128,Chennai,Tamil Nadu
TH_9720,BR_4,Miraj Cinemas,Pune 229,Pune,Maharashtra
TH_9721,BR_2,Cinepolis,Patna 220,Patna,Bihar
TH_9722,BR_3,INOX,Purnia 87,Purnia,Bihar
TH_9723,BR_4,Miraj Cinemas,Agra 135,Agra,Uttar Pradesh
TH_9724,BR_6,Wave Cinemas,Mysore 406,Mysore,Karnataka
TH_9725,BR_4,Miraj Cinemas,Kolkata 299,Kolkata,West Bengal
TH_9726,BR_2,Cinepolis,Nashik 183,Nashik,Maharashtra
TH_9727,BR_1,Carnival Cinemas,Kota 447,Kota,Rajasthan
TH_9728,BR_5,PVR Cinemas,Nagpur 307,Nagpur,Maharashtra
TH_9729,BR_2,Cinepolis,Patna 338,Patna,Bihar
TH_9730,BR_2,Cinepolis,Mysore 345,Mysore,Karnataka
TH_9731,BR_6,Wave Cinemas,Agra 350,Agra,Uttar Pradesh
TH_9732,BR_6,Wave Cinemas,Jabalpur 39,Jabalpur,Madhya Pradesh
TH_9733,BR_6,Wave Cinemas,Jalandhar 374,Jalandhar,Punjab
TH_9734,BR_6,Wave Cinemas,Chennai 433,Chennai,Tamil Nadu
TH_9735,BR_1,Carnival Cinemas,Amritsar 166,Amritsar,Punjab
TH_9736,BR_2,Cinepolis,Coimbatore 147,Coimbatore,Tamil Nadu
TH_9737,BR_5,PVR Cinemas,Mysore 16,Mysore,Karnataka
TH_9738,BR_2,Cinepolis,Hubli 172,Hubli,Karnataka
TH_9739,BR_2,Cinepolis,Belgaum 40,Belgaum,Karnataka
TH_9740,BR_4,Miraj Cinemas,Jalandhar 111,Jalandhar,Punjab
TH_9741,BR_1,Carnival Cinemas,Amritsar 168,Amritsar,Punjab
TH_9742,BR_4,Miraj Cinemas,Jabalpur 484,Jabalpur,Madhya Pradesh
TH_9743,BR_5,PVR Cinemas,Kolkata 383,Kolkata,West Bengal
TH_9744,BR_3,INOX,Udaipur 336,Udaipur,Rajasthan
TH_9745,BR_5,PVR Cinemas,Purnia 464,Purnia,Bihar
TH_9746,BR_5,PVR Cinemas,Varanasi 482,Varanasi,Uttar Pradesh
TH_9747,BR_3,INOX,Ludhiana 393,Ludhiana,Punjab
TH_9748,BR_3,INOX,Gaya 446,Gaya,Bihar
TH_9749,BR_1,Carnival Cinemas,Hubli 112,Hubli,Karnataka
TH_9750,BR_4,Miraj Cinemas,Asansol 347,Asansol,West Bengal
TH_9751,BR_6,Wave Cinemas,Gaya 120,Gaya,Bihar
TH_9752,BR_2,Cinepolis,Kanpur 273,Kanpur,Uttar Pradesh
TH_9753,BR_2,Cinepolis,Hubli 496,Hubli,Karnataka
TH_9754,BR_3,INOX,Jalandhar 184,Jalandhar,Punjab
TH_9755,BR_2,Cinepolis,Thane 352,Thane,Maharashtra
TH_9756,BR_5,PVR Cinemas,Mysore 85,Mysore,Karnataka
TH_9757,BR_3,INOX,Gaya 468,Gaya,Bihar
TH_9758,BR_5,PVR Cinemas,Thane 203,Thane,Maharashtra
TH_9759,BR_2,Cinepolis,Pune 302,Pune,Maharashtra
TH_9760,BR_4,Miraj Cinemas,Patna 375,Patna,Bihar
TH_9761,BR_6,Wave Cinemas,Belgaum 428,Belgaum,Karnataka
TH_9762,BR_4,Miraj Cinemas,Kanpur 115,Kanpur,Uttar Pradesh
TH_9763,BR_2,Cinepolis,Asansol 423,Asansol,West Bengal
TH_9764,BR_5,PVR Cinemas,Belgaum 302,Belgaum,Karnataka
TH_9765,BR_4,Miraj Cinemas,Muzaffarpur 94,Muzaffarpur,Bihar
TH_9766,BR_5,PVR Cinemas,Kolkata 18,Kolkata,West Bengal
TH_9767,BR_3,INOX,Jabalpur 325,Jabalpur,Madhya Pradesh
TH_9768,BR_6,Wave Cinemas,Ludhiana 82,Ludhiana,Punjab
TH_9769,BR_2,Cinepolis,Pune 475,Pune,Maharashtra
TH_9770,BR_2,Cinepolis,Bathinda 205,Bathinda,Punjab
TH_9771,BR_6,Wave Cinemas,Ahmedabad 288,Ahmedabad,Gujarat
TH_9772,BR_2,Cinepolis,Madurai 410,Madurai,Tamil Nadu
TH_9773,BR_5,PVR Cinemas,Udaipur 441,Udaipur,Rajasthan
TH_9774,BR_2,Cinepolis,Jodhpur 274,Jodhpur,Rajasthan
TH_9775,BR_3,INOX,Bhavnagar 439,Bhavnagar,Gujarat
TH_9776,BR_4,Miraj Cinemas,Thane 162,Thane,Maharashtra
TH_9777,BR_3,INOX,Meerut 69,Meerut,Uttar Pradesh
TH_9778,BR_3,INOX,Siliguri 201,Siliguri,West Bengal
TH_9779,BR_3,INOX,Bathinda 334,Bathinda,Punjab
TH_9780,BR_2,Cinepolis,Lucknow 338,Lucknow,Uttar Pradesh
TH_9781,BR_4,Miraj Cinemas,Nashik 218,Nashik,Maharashtra
TH_9782,BR_2,Cinepolis,Chennai 366,Chennai,Tamil Nadu
TH_9783,BR_5,PVR Cinemas,Jabalpur 101,Jabalpur,Madhya Pradesh
TH_9784,BR_3,INOX,Kolkata 414,Kolkata,West Bengal
TH_9785,BR_5,PVR Cinemas,Jodhpur 235,Jodhpur,Rajasthan
TH_9786,BR_3,INOX,Howrah 275,Howrah,West Bengal
TH_9787,BR_6,Wave Cinemas,Nashik 180,Nashik,Maharashtra
TH_9788,BR_2,Cinepolis,Tiruchirappalli 347,Tiruchirappalli,Tamil Nadu
TH_9789,BR_5,PVR Cinemas,Bathinda 137,Bathinda,Punjab
TH_9790,BR_6,Wave Cinemas,Jabalpur 340,Jabalpur,Madhya Pradesh
TH_9791,BR_1,Carnival Cinemas,Madurai 449,Madurai,Tamil Nadu
TH_9792,BR_5,PVR Cinemas,Mangalore 282,Mangalore,Karnataka
TH_9793,BR_3,INOX,Kota 375,Kota,Rajasthan
TH_9794,BR_3,INOX,Nagpur 356,Nagpur,Maharashtra
TH_9795,BR_3,INOX,Jabalpur 151,Jabalpur,Madhya Pradesh
TH_9796,BR_2,Cinepolis,Durgapur 74,Durgapur,West Bengal
TH_9797,BR_4,Miraj Cinemas,Surat 299,Surat,Gujarat
TH_9798,BR_5,PVR Cinemas,Rajkot 437,Rajkot,Gujarat
TH_9799,BR_5,PVR Cinemas,Madurai 53,Madurai,Tamil Nadu
TH_9800,BR_4,Miraj Cinemas,Agra 118,Agra,Uttar Pradesh
TH_9801,BR_2,Cinepolis,Nashik 314,Nashik,Maharashtra
TH_9802,BR_6,Wave Cinemas,Hubli 108,Hubli,Karnataka
TH_9803,BR_3,INOX,Jabalpur 108,Jabalpur,Madhya Pradesh
TH_9804,BR_2,Cinepolis,Mysore 374,Mysore,Karnataka
TH_9805,BR_3,INOX,Amritsar 112,Amritsar,Punjab
TH_9806,BR_2,Cinepolis,Thane 347,Thane,Maharashtra
TH_9807,BR_2,Cinepolis,Ahmedabad 329,Ahmedabad,Gujarat
TH_9808,BR_3,INOX,Muzaffarpur 382,Muzaffarpur,Bihar
TH_9809,BR_2,Cinepolis,Kolkata 493,Kolkata,West Bengal
TH_9810,BR_1,Carnival Cinemas,Vadodara 305,Vadodara,Gujarat
TH_9811,BR_3,INOX,Patna 419,Patna,Bihar
TH_9812,BR_5,PVR Cinemas,Jodhpur 211,Jodhpur,Rajasthan
TH_9813,BR_4,Miraj Cinemas,Udaipur 444,Udaipur,Rajasthan
TH_9814,BR_6,Wave Cinemas,Belgaum 53,Belgaum,Karnataka
TH_9815,BR_2,Cinepolis,Bhagalpur 37,Bhagalpur,Bihar
TH_9816,BR_5,PVR Cinemas,Jalandhar 98,Jalandhar,Punjab
TH_9817,BR_5,PVR Cinemas,Mangalore 394,Mangalore,Karnataka
TH_9818,BR_3,INOX,Madurai 450,Madurai,Tamil Nadu
TH_9819,BR_5,PVR Cinemas,Rajkot 132,Rajkot,Gujarat
TH_9820,BR_4,Miraj Cinemas,Chennai 343,Chennai,Tamil Nadu
TH_9821,BR_5,PVR Cinemas,Mumbai 46,Mumbai,Maharashtra
TH_9822,BR_3,INOX,Pune 62,Pune,Maharashtra
TH_9823,BR_6,Wave Cinemas,Vadodara 231,Vadodara,Gujarat
TH_9824,BR_1,Carnival Cinemas,Patna 477,Patna,Bihar
TH_9825,BR_5,PVR Cinemas,Kota 16,Kota,Rajasthan
TH_9826,BR_2,Cinepolis,Patna 34,Patna,Bihar
TH_9827,BR_6,Wave Cinemas,Rajkot 468,Rajkot,Gujarat
TH_9828,BR_1,Carnival Cinemas,Varanasi 106,Varanasi,Uttar Pradesh
TH_9829,BR_1,Carnival Cinemas,Siliguri 111,Siliguri,West Bengal
TH_9830,BR_6,Wave Cinemas,Bhavnagar 235,Bhavnagar,Gujarat
TH_9831,BR_2,Cinepolis,Bhopal 153,Bhopal,Madhya Pradesh
TH_9832,BR_4,Miraj Cinemas,Mumbai 285,Mumbai,Maharashtra
TH_9833,BR_2,Cinepolis,Siliguri 172,Siliguri,West Bengal
TH_9834,BR_4,Miraj Cinemas,Kanpur 7,Kanpur,Uttar Pradesh
TH_9835,BR_4,Miraj Cinemas,Ahmedabad 234,Ahmedabad,Gujarat
TH_9836,BR_3,INOX,Ahmedabad 164,Ahmedabad,Gujarat
TH_9837,BR_1,Carnival Cinemas,Jalandhar 5,Jalandhar,Punjab
TH_9838,BR_4,Miraj Cinemas,Howrah 26,Howrah,West Bengal
TH_9839,BR_4,Miraj Cinemas,Muzaffarpur 113,Muzaffarpur,Bihar
TH_9840,BR_3,INOX,Purnia 179,Purnia,Bihar
TH_9841,BR_3,INOX,Ahmedabad 100,Ahmedabad,Gujarat
TH_9842,BR_3,INOX,Meerut 151,Meerut,Uttar Pradesh
TH_9843,BR_6,Wave Cinemas,Ajmer 5,Ajmer,Rajasthan
TH_9844,BR_5,PVR Cinemas,Madurai 450,Madurai,Tamil Nadu
TH_9845,BR_2,Cinepolis,Patiala 410,Patiala,Punjab
TH_9846,BR_6,Wave Cinemas,Jaipur 185,Jaipur,Rajasthan
TH_9847,BR_1,Carnival Cinemas,Meerut 307,Meerut,Uttar Pradesh
TH_9848,BR_4,Miraj Cinemas,Pune 216,Pune,Maharashtra
TH_9849,BR_6,Wave Cinemas,Salem 417,Salem,Tamil Nadu
TH_9850,BR_1,Carnival Cinemas,Ajmer 449,Ajmer,Rajasthan
TH_9851,BR_6,Wave Cinemas,Bhagalpur 370,Bhagalpur,Bihar
TH_9852,BR_4,Miraj Cinemas,Gaya 393,Gaya,Bihar
TH_9853,BR_2,Cinepolis,Purnia 357,Purnia,Bihar
TH_9854,BR_6,Wave Cinemas,Vadodara 201,Vadodara,Gujarat
TH_9855,BR_1,Carnival Cinemas,Gaya 377,Gaya,Bihar
TH_9856,BR_5,PVR Cinemas,Siliguri 250,Siliguri,West Bengal
TH_9857,BR_1,Carnival Cinemas,Kolkata 488,Kolkata,West Bengal
TH_9858,BR_3,INOX,Bhagalpur 227,Bhagalpur,Bihar
TH_9859,BR_5,PVR Cinemas,Mumbai 409,Mumbai,Maharashtra
TH_9860,BR_3,INOX,Rajkot 479,Rajkot,Gujarat
TH_9861,BR_5,PVR Cinemas,Bhopal 57,Bhopal,Madhya Pradesh
TH_9862,BR_1,Carnival Cinemas,Pune 19,Pune,Maharashtra
TH_9863,BR_2,Cinepolis,Ludhiana 332,Ludhiana,Punjab
TH_9864,BR_1,Carnival Cinemas,Bathinda 186,Bathinda,Punjab
TH_9865,BR_1,Carnival Cinemas,Bangalore 476,Bangalore,Karnataka
TH_9866,BR_6,Wave Cinemas,Nagpur 406,Nagpur,Maharashtra
TH_9867,BR_4,Miraj Cinemas,Salem 238,Salem,Tamil Nadu
TH_9868,BR_6,Wave Cinemas,Chennai 451,Chennai,Tamil Nadu
TH_9869,BR_4,Miraj Cinemas,Howrah 484,Howrah,West Bengal
TH_9870,BR_5,PVR Cinemas,Kolkata 64,Kolkata,West Bengal
TH_9871,BR_2,Cinepolis,Howrah 442,Howrah,West Bengal
TH_9872,BR_5,PVR Cinemas,Mysore 159,Mysore,Karnataka
TH_9873,BR_2,Cinepolis,Ludhiana 80,Ludhiana,Punjab
TH_9874,BR_1,Carnival Cinemas,Asansol 293,Asansol,West Bengal
TH_9875,BR_2,Cinepolis,Ujjain 357,Ujjain,Madhya Pradesh
TH_9876,BR_3,INOX,Patiala 494,Patiala,Punjab
TH_9877,BR_4,Miraj Cinemas,Ahmedabad 322,Ahmedabad,Gujarat
TH_9878,BR_3,INOX,Kolkata 425,Kolkata,West Bengal
TH_9879,BR_6,Wave Cinemas,Purnia 68,Purnia,Bihar
TH_9880,BR_2,Cinepolis,Nagpur 192,Nagpur,Maharashtra
TH_9881,BR_2,Cinepolis,Agra 224,Agra,Uttar Pradesh
TH_9882,BR_4,Miraj Cinemas,Ujjain 227,Ujjain,Madhya Pradesh
TH_9883,BR_1,Carnival Cinemas,Kolkata 198,Kolkata,West Bengal
TH_9884,BR_2,Cinepolis,Pune 66,Pune,Maharashtra
TH_9885,BR_5,PVR Cinemas,Pune 467,Pune,Maharashtra
TH_9886,BR_4,Miraj Cinemas,Ujjain 258,Ujjain,Madhya Pradesh
TH_9887,BR_3,INOX,Patiala 343,Patiala,Punjab
TH_9888,BR_1,Carnival Cinemas,Ujjain 61,Ujjain,Madhya Pradesh
TH_9889,BR_1,Carnival Cinemas,Lucknow 343,Lucknow,Uttar Pradesh
TH_9890,BR_4,Miraj Cinemas,Coimbatore 445,Coimbatore,Tamil Nadu
TH_9891,BR_4,Miraj Cinemas,Ludhiana 367,Ludhiana,Punjab
TH_9892,BR_4,Miraj Cinemas,Belgaum 367,Belgaum,Karnataka
TH_9893,BR_1,Carnival Cinemas,Madurai 453,Madurai,Tamil Nadu
TH_9894,BR_2,Cinepolis,Hubli 465,Hubli,Karnataka
TH_9895,BR_1,Carnival Cinemas,Gaya 485,Gaya,Bihar
TH_9896,BR_2,Cinepolis,Indore 208,Indore,Madhya Pradesh
TH_9897,BR_3,INOX,Pune 163,Pune,Maharashtra
TH_9898,BR_1,Carnival Cinemas,Agra 352,Agra,Uttar Pradesh
TH_9899,BR_1,Carnival Cinemas,Gwalior 303,Gwalior,Madhya Pradesh
TH_9900,BR_3,INOX,Jalandhar 495,Jalandhar,Punjab
TH_9901,BR_6,Wave Cinemas,Tiruchirappalli 458,Tiruchirappalli,Tamil Nadu
TH_9902,BR_2,Cinepolis,Belgaum 88,Belgaum,Karnataka
TH_9903,BR_1,Carnival Cinemas,Ujjain 68,Ujjain,Madhya Pradesh
TH_9904,BR_6,Wave Cinemas,Jalandhar 196,Jalandhar,Punjab
TH_9905,BR_6,Wave Cinemas,Rajkot 317,Rajkot,Gujarat
TH_9906,BR_6,Wave Cinemas,Udaipur 441,Udaipur,Rajasthan
TH_9907,BR_1,Carnival Cinemas,Asansol 243,Asansol,West Bengal
TH_9908,BR_1,Carnival Cinemas,Thane 413,Thane,Maharashtra
TH_9909,BR_2,Cinepolis,Lucknow 429,Lucknow,Uttar Pradesh
TH_9910,BR_5,PVR Cinemas,Muzaffarpur 81,Muzaffarpur,Bihar
TH_9911,BR_1,Carnival Cinemas,Surat 198,Surat,Gujarat
TH_9912,BR_4,Miraj Cinemas,Coimbatore 44,Coimbatore,Tamil Nadu
TH_9913,BR_3,INOX,Rajkot 157,Rajkot,Gujarat
TH_9914,BR_3,INOX,Jabalpur 98,Jabalpur,Madhya Pradesh
TH_9915,BR_3,INOX,Indore 160,Indore,Madhya Pradesh
TH_9916,BR_4,Miraj Cinemas,Siliguri 306,Siliguri,West Bengal
TH_9917,BR_4,Miraj Cinemas,Ujjain 449,Ujjain,Madhya Pradesh
TH_9918,BR_6,Wave Cinemas,Kota 115,Kota,Rajasthan
TH_9919,BR_3,INOX,Indore 161,Indore,Madhya Pradesh
TH_9920,BR_1,Carnival Cinemas,Rajkot 457,Rajkot,Gujarat
TH_9921,BR_5,PVR Cinemas,Muzaffarpur 252,Muzaffarpur,Bihar
TH_9922,BR_2,Cinepolis,Jalandhar 286,Jalandhar,Punjab
TH_9923,BR_4,Miraj Cinemas,Bangalore 30,Bangalore,Karnataka
TH_9924,BR_5,PVR Cinemas,Vadodara 253,Vadodara,Gujarat
TH_9925,BR_3,INOX,Ujjain 231,Ujjain,Madhya Pradesh
TH_9926,BR_6,Wave Cinemas,Purnia 9,Purnia,Bihar
TH_9927,BR_6,Wave Cinemas,Rajkot 436,Rajkot,Gujarat
TH_9928,BR_5,PVR Cinemas,Thane 306,Thane,Maharashtra
TH_9929,BR_2,Cinepolis,Asansol 352,Asansol,West Bengal
TH_9930,BR_4,Miraj Cinemas,Siliguri 255,Siliguri,West Bengal
TH_9931,BR_3,INOX,Amritsar 478,Amritsar,Punjab
TH_9932,BR_5,PVR Cinemas,Mangalore 269,Mangalore,Karnataka
TH_9933,BR_6,Wave Cinemas,Durgapur 448,Durgapur,West Bengal
TH_9934,BR_6,Wave Cinemas,Pune 160,Pune,Maharashtra
TH_9935,BR_3,INOX,Patna 132,Patna,Bihar
TH_9936,BR_4,Miraj Cinemas,Tiruchirappalli 135,Tiruchirappalli,Tamil Nadu
TH_9937,BR_3,INOX,Bhavnagar 93,Bhavnagar,Gujarat
TH_9938,BR_4,Miraj Cinemas,Hubli 438,Hubli,Karnataka
TH_9939,BR_1,Carnival Cinemas,Siliguri 20,Siliguri,West Bengal
TH_9940,BR_5,PVR Cinemas,Ahmedabad 295,Ahmedabad,Gujarat
TH_9941,BR_3,INOX,Durgapur 402,Durgapur,West Bengal
TH_9942,BR_1,Carnival Cinemas,Asansol 125,Asansol,West Bengal
TH_9943,BR_5,PVR Cinemas,Mysore 341,Mysore,Karnataka
TH_9944,BR_3,INOX,Meerut 101,Meerut,Uttar Pradesh
TH_9945,BR_1,Carnival Cinemas,Bhavnagar 385,Bhavnagar,Gujarat
TH_9946,BR_4,Miraj Cinemas,Coimbatore 265,Coimbatore,Tamil Nadu
TH_9947,BR_5,PVR Cinemas,Nagpur 101,Nagpur,Maharashtra
TH_9948,BR_2,Cinepolis,Ludhiana 435,Ludhiana,Punjab
TH_9949,BR_6,Wave Cinemas,Jalandhar 3,Jalandhar,Punjab
TH_9950,BR_5,PVR Cinemas,Jabalpur 312,Jabalpur,Madhya Pradesh
TH_9951,BR_2,Cinepolis,Varanasi 117,Varanasi,Uttar Pradesh
TH_9952,BR_2,Cinepolis,Nagpur 396,Nagpur,Maharashtra
TH_9953,BR_5,PVR Cinemas,Rajkot 445,Rajkot,Gujarat
TH_9954,BR_1,Carnival Cinemas,Gwalior 92,Gwalior,Madhya Pradesh
TH_9955,BR_5,PVR Cinemas,Varanasi 61,Varanasi,Uttar Pradesh
TH_9956,BR_1,Carnival Cinemas,Jodhpur 99,Jodhpur,Rajasthan
TH_9957,BR_3,INOX,Gwalior 130,Gwalior,Madhya Pradesh
TH_9958,BR_1,Carnival Cinemas,Tiruchirappalli 324,Tiruchirappalli,Tamil Nadu
TH_9959,BR_6,Wave Cinemas,Coimbatore 302,Coimbatore,Tamil Nadu
TH_9960,BR_6,Wave Cinemas,Surat 19,Surat,Gujarat
TH_9961,BR_4,Miraj Cinemas,Chennai 190,Chennai,Tamil Nadu
TH_9962,BR_6,Wave Cinemas,Ahmedabad 10,Ahmedabad,Gujarat
TH_9963,BR_2,Cinepolis,Bangalore 148,Bangalore,Karnataka
TH_9964,BR_3,INOX,Surat 363,Surat,Gujarat
TH_9965,BR_5,PVR Cinemas,Muzaffarpur 23,Muzaffarpur,Bihar
TH_9966,BR_2,Cinepolis,Patiala 461,Patiala,Punjab
TH_9967,BR_5,PVR Cinemas,Vadodara 445,Vadodara,Gujarat
TH_9968,BR_5,PVR Cinemas,Hubli 321,Hubli,Karnataka
TH_9969,BR_4,Miraj Cinemas,Asansol 350,Asansol,West Bengal
TH_9970,BR_2,Cinepolis,Rajkot 181,Rajkot,Gujarat
TH_9971,BR_4,Miraj Cinemas,Lucknow 473,Lucknow,Uttar Pradesh
TH_9972,BR_5,PVR Cinemas,Mangalore 149,Mangalore,Karnataka
TH_9973,BR_3,INOX,Coimbatore 84,Coimbatore,Tamil Nadu
TH_9974,BR_6,Wave Cinemas,Durgapur 281,Durgapur,West Bengal
TH_9975,BR_3,INOX,Kolkata 314,Kolkata,West Bengal
TH_9976,BR_4,Miraj Cinemas,Agra 454,Agra,Uttar Pradesh
TH_9977,BR_4,Miraj Cinemas,Salem 80,Salem,Tamil Nadu
TH_9978,BR_5,PVR Cinemas,Jaipur 128,Jaipur,Rajasthan
TH_9979,BR_5,PVR Cinemas,Ahmedabad 180,Ahmedabad,Gujarat
TH_9980,BR_5,PVR Cinemas,Rajkot 484,Rajkot,Gujarat
TH_9981,BR_5,PVR Cinemas,Varanasi 225,Varanasi,Uttar Pradesh
TH_9982,BR_4,Miraj Cinemas,Bhopal 316,Bhopal,Madhya Pradesh
TH_9983,BR_6,Wave Cinemas,Purnia 223,Purnia,Bihar
TH_9984,BR_3,INOX,Patna 175,Patna,Bihar
TH_9985,BR_6,Wave Cinemas,Gwalior 93,Gwalior,Madhya Pradesh
TH_9986,BR_2,Cinepolis,Mysore 265,Mysore,Karnataka
TH_9987,BR_4,Miraj Cinemas,Udaipur 210,Udaipur,Rajasthan
TH_9988,BR_4,Miraj Cinemas,Ujjain 116,Ujjain,Madhya Pradesh
TH_9989,BR_6,Wave Cinemas,Chennai 70,Chennai,Tamil Nadu
TH_9990,BR_1,Carnival Cinemas,Pune 227,Pune,Maharashtra
TH_9991,BR_5,PVR Cinemas,Purnia 171,Purnia,Bihar
TH_9992,BR_1,Carnival Cinemas,Jalandhar 137,Jalandhar,Punjab
TH_9993,BR_6,Wave Cinemas,Varanasi 490,Varanasi,Uttar Pradesh
TH_9994,BR_4,Miraj Cinemas,Ajmer 15,Ajmer,Rajasthan
TH_9995,BR_3,INOX,Jodhpur 322,Jodhpur,Rajasthan
TH_9996,BR_2,Cinepolis,Jodhpur 266,Jodhpur,Rajasthan
TH_9997,BR_3,INOX,Bhavnagar 422,Bhavnagar,Gujarat
TH_9998,BR_1,Carnival Cinemas,Mumbai 70,Mumbai,Maharashtra
TH_9999,BR_1,Carnival Cinemas,Hubli 322,Hubli,Karnataka
TH_10000,BR_4,Miraj Cinemas,Tiruchirappalli 342,Tiruchirappalli,Tamil Nadu
